2025-12-13 20:04:03  [start] range 2025-10-07..2025-12-13  resume='2025-10-09'  checkpoint=/Users/jerrystrain/Projects/proppadia/backend/nhl/.range_runner_checkpoint.txt
2025-12-13 20:04:03  [day] 2025-10-09 begin
2025-12-13 20:04:03  [run] 2025-10-09 attempt 1/3
              now              
-------------------------------
 2025-12-14 04:04:04.551447+00
(1 row)

[import_schedule_today] WARNING: no teams found in schedule payload
✅ Staged & merged 14 games for 2025-10-09 (ET)
↪︎ SKIP_PLAYERS=1: will not write nhl.players or nhl.player_external_ids
↪︎ SKIP_ROSTER_STATUS=1: importer will not write nhl.roster_status
🔧 Upserted/confirmed 0 players in nhl.players
🔄 Seeded 0 mappings in nhl.player_external_ids (provider='nhl')
✅ roster_status rows present for 2025-10-09: 667
Traceback (most recent call last):
  File "/Users/jerrystrain/Projects/proppadia/backend/nhl/scripts/refresh_players_and_roster_today.py", line 498, in <module>
    main()
  File "/Users/jerrystrain/Projects/proppadia/backend/nhl/scripts/refresh_players_and_roster_today.py", line 439, in main
    _backfill_missing_names(players_stage)
  File "/Users/jerrystrain/Projects/proppadia/backend/nhl/scripts/refresh_players_and_roster_today.py", line 148, in _backfill_missing_names
    nm = fetch_player_name_strict(pid)
         ^^^^^^^^^^^^^^^^^^^^^^^^^^^^^
  File "/Users/jerrystrain/Projects/proppadia/backend/nhl/scripts/refresh_players_and_roster_today.py", line 123, in fetch_player_name_strict
    resp = S.get(f"{BASE}/player/{nhl_pid}/landing", timeout=8)
           ^^^^^^^^^^^^^^^^^^^^^^^^^^^^^^^^^^^^^^^^^^^^^^^^^^^^
  File "/Users/jerrystrain/Projects/proppadia/.venv/lib/python3.11/site-packages/requests/sessions.py", line 602, in get
    return self.request("GET", url, **kwargs)
           ^^^^^^^^^^^^^^^^^^^^^^^^^^^^^^^^^^
  File "/Users/jerrystrain/Projects/proppadia/.venv/lib/python3.11/site-packages/requests/sessions.py", line 589, in request
    resp = self.send(prep, **send_kwargs)
           ^^^^^^^^^^^^^^^^^^^^^^^^^^^^^^
  File "/Users/jerrystrain/Projects/proppadia/.venv/lib/python3.11/site-packages/requests/sessions.py", line 703, in send
    r = adapter.send(request, **kwargs)
        ^^^^^^^^^^^^^^^^^^^^^^^^^^^^^^^
  File "/Users/jerrystrain/Projects/proppadia/.venv/lib/python3.11/site-packages/requests/adapters.py", line 644, in send
    resp = conn.urlopen(
           ^^^^^^^^^^^^^
  File "/Users/jerrystrain/Projects/proppadia/.venv/lib/python3.11/site-packages/urllib3/connectionpool.py", line 787, in urlopen
    response = self._make_request(
               ^^^^^^^^^^^^^^^^^^^
  File "/Users/jerrystrain/Projects/proppadia/.venv/lib/python3.11/site-packages/urllib3/connectionpool.py", line 534, in _make_request
    response = conn.getresponse()
               ^^^^^^^^^^^^^^^^^^
  File "/Users/jerrystrain/Projects/proppadia/.venv/lib/python3.11/site-packages/urllib3/connection.py", line 565, in getresponse
    httplib_response = super().getresponse()
                       ^^^^^^^^^^^^^^^^^^^^^
  File "/opt/homebrew/Cellar/python@3.11/3.11.13/Frameworks/Python.framework/Versions/3.11/lib/python3.11/http/client.py", line 1395, in getresponse
    response.begin()
  File "/opt/homebrew/Cellar/python@3.11/3.11.13/Frameworks/Python.framework/Versions/3.11/lib/python3.11/http/client.py", line 325, in begin
    version, status, reason = self._read_status()
                              ^^^^^^^^^^^^^^^^^^^
  File "/opt/homebrew/Cellar/python@3.11/3.11.13/Frameworks/Python.framework/Versions/3.11/lib/python3.11/http/client.py", line 286, in _read_status
    line = str(self.fp.readline(_MAXLINE + 1), "iso-8859-1")
               ^^^^^^^^^^^^^^^^^^^^^^^^^^^^^^
  File "/opt/homebrew/Cellar/python@3.11/3.11.13/Frameworks/Python.framework/Versions/3.11/lib/python3.11/socket.py", line 718, in readinto
    return self._sock.recv_into(b)
           ^^^^^^^^^^^^^^^^^^^^^^^
  File "/opt/homebrew/Cellar/python@3.11/3.11.13/Frameworks/Python.framework/Versions/3.11/lib/python3.11/ssl.py", line 1314, in recv_into
    return self.read(nbytes, buffer)
           ^^^^^^^^^^^^^^^^^^^^^^^^^
  File "/opt/homebrew/Cellar/python@3.11/3.11.13/Frameworks/Python.framework/Versions/3.11/lib/python3.11/ssl.py", line 1166, in read
    return self._sslobj.read(len, buffer)
           ^^^^^^^^^^^^^^^^^^^^^^^^^^^^^^
KeyboardInterrupt
SLATE_DATE (ET): 2025-10-09
YDAY       (ET): 2025-10-09
▶ psql postgresql://postgres.cnwwhhmpashijqbspvhf:q7ycpbcoCuItSgLr@aws-0-us-west-1.pooler.supabase.com:5432/postgres?sslmode=require&gssencmode=disable -v ON_ERROR_STOP=1 -c SELECT now();
▶ /Users/jerrystrain/Projects/proppadia/.venv/bin/python /Users/jerrystrain/Projects/proppadia/backend/nhl/scripts/import_schedule_today.py
▶ /Users/jerrystrain/Projects/proppadia/.venv/bin/python /Users/jerrystrain/Projects/proppadia/backend/nhl/scripts/import_roster_today.py
▶ /Users/jerrystrain/Projects/proppadia/.venv/bin/python /Users/jerrystrain/Projects/proppadia/backend/nhl/scripts/refresh_players_and_roster_today.py
Traceback (most recent call last):
  File "/Users/jerrystrain/Projects/proppadia/backend/nhl/cli.py", line 778, in <module>
    main()
  File "/Users/jerrystrain/Projects/proppadia/backend/nhl/cli.py", line 765, in main
    cmd_daily(with_odds=args.with_odds)
  File "/Users/jerrystrain/Projects/proppadia/backend/nhl/cli.py", line 498, in cmd_daily
    run(
  File "/Users/jerrystrain/Projects/proppadia/backend/nhl/cli.py", line 104, in run
    return sp.run(cmd, cwd=str(cwd), env=e, check=check)
           ^^^^^^^^^^^^^^^^^^^^^^^^^^^^^^^^^^^^^^^^^^^^^
  File "/opt/homebrew/Cellar/python@3.11/3.11.13/Frameworks/Python.framework/Versions/3.11/lib/python3.11/subprocess.py", line 550, in run
    stdout, stderr = process.communicate(input, timeout=timeout)
                     ^^^^^^^^^^^^^^^^^^^^^^^^^^^^^^^^^^^^^^^^^^^
  File "/opt/homebrew/Cellar/python@3.11/3.11.13/Frameworks/Python.framework/Versions/3.11/lib/python3.11/subprocess.py", line 1201, in communicate
    self.wait()
  File "/opt/homebrew/Cellar/python@3.11/3.11.13/Frameworks/Python.framework/Versions/3.11/lib/python3.11/subprocess.py", line 1264, in wait
    return self._wait(timeout=timeout)
           ^^^^^^^^^^^^^^^^^^^^^^^^^^^
  File "/opt/homebrew/Cellar/python@3.11/3.11.13/Frameworks/Python.framework/Versions/3.11/lib/python3.11/subprocess.py", line 2053, in _wait
    (pid, sts) = self._try_wait(0)
                 ^^^^^^^^^^^^^^^^^
  File "/opt/homebrew/Cellar/python@3.11/3.11.13/Frameworks/Python.framework/Versions/3.11/lib/python3.11/subprocess.py", line 2011, in _try_wait
    (pid, sts) = os.waitpid(self.pid, wait_flags)
                 ^^^^^^^^^^^^^^^^^^^^^^^^^^^^^^^^
KeyboardInterrupt
Traceback (most recent call last):
  File "/Users/jerrystrain/Projects/proppadia/backend/nhl/range_runner.py", line 178, in <module>
    main()
  File "/Users/jerrystrain/Projects/proppadia/backend/nhl/range_runner.py", line 160, in main
    run_cli_for_day(ds, attempts=args.attempts)
  File "/Users/jerrystrain/Projects/proppadia/backend/nhl/range_runner.py", line 107, in run_cli_for_day
    subprocess.run([sys.executable, str(CLI_PATH), "daily"], check=True, cwd=str(REPO_ROOT), env=env)
  File "/opt/homebrew/Cellar/python@3.11/3.11.13/Frameworks/Python.framework/Versions/3.11/lib/python3.11/subprocess.py", line 550, in run
    stdout, stderr = process.communicate(input, timeout=timeout)
                     ^^^^^^^^^^^^^^^^^^^^^^^^^^^^^^^^^^^^^^^^^^^
  File "/opt/homebrew/Cellar/python@3.11/3.11.13/Frameworks/Python.framework/Versions/3.11/lib/python3.11/subprocess.py", line 1201, in communicate
    self.wait()
  File "/opt/homebrew/Cellar/python@3.11/3.11.13/Frameworks/Python.framework/Versions/3.11/lib/python3.11/subprocess.py", line 1264, in wait
    return self._wait(timeout=timeout)
           ^^^^^^^^^^^^^^^^^^^^^^^^^^^
  File "/opt/homebrew/Cellar/python@3.11/3.11.13/Frameworks/Python.framework/Versions/3.11/lib/python3.11/subprocess.py", line 2053, in _wait
    (pid, sts) = self._try_wait(0)
                 ^^^^^^^^^^^^^^^^^
  File "/opt/homebrew/Cellar/python@3.11/3.11.13/Frameworks/Python.framework/Versions/3.11/lib/python3.11/subprocess.py", line 2011, in _try_wait
    (pid, sts) = os.waitpid(self.pid, wait_flags)
                 ^^^^^^^^^^^^^^^^^^^^^^^^^^^^^^^^
KeyboardInterrupt
2025-12-13 22:11:37  [start] range 2025-10-07..2025-12-13  resume='2025-10-09'  checkpoint=/Users/jerrystrain/Projects/proppadia/backend/nhl/.range_runner_checkpoint.txt
2025-12-13 22:11:37  [day] 2025-10-09 begin
2025-12-13 22:11:38  [run] 2025-10-09 attempt 1/3
              now              
-------------------------------
 2025-12-14 06:11:38.874442+00
(1 row)

[import_schedule_today] WARNING: no teams found in schedule payload
✅ Staged & merged 14 games for 2025-10-09 (ET)
↪︎ SKIP_PLAYERS=1: will not write nhl.players or nhl.player_external_ids
↪︎ SKIP_ROSTER_STATUS=1: importer will not write nhl.roster_status
🔧 Upserted/confirmed 0 players in nhl.players
🔄 Seeded 0 mappings in nhl.player_external_ids (provider='nhl')
✅ roster_status rows present for 2025-10-09: 667
Traceback (most recent call last):
  File "/Users/jerrystrain/Projects/proppadia/backend/nhl/scripts/refresh_players_and_roster_today.py", line 498, in <module>
    main()
  File "/Users/jerrystrain/Projects/proppadia/backend/nhl/scripts/refresh_players_and_roster_today.py", line 439, in main
    _backfill_missing_names(players_stage)
  File "/Users/jerrystrain/Projects/proppadia/backend/nhl/scripts/refresh_players_and_roster_today.py", line 148, in _backfill_missing_names
    nm = fetch_player_name_strict(pid)
         ^^^^^^^^^^^^^^^^^^^^^^^^^^^^^
  File "/Users/jerrystrain/Projects/proppadia/backend/nhl/scripts/refresh_players_and_roster_today.py", line 123, in fetch_player_name_strict
    resp = S.get(f"{BASE}/player/{nhl_pid}/landing", timeout=8)
           ^^^^^^^^^^^^^^^^^^^^^^^^^^^^^^^^^^^^^^^^^^^^^^^^^^^^
  File "/Users/jerrystrain/Projects/proppadia/.venv/lib/python3.11/site-packages/requests/sessions.py", line 602, in get
    return self.request("GET", url, **kwargs)
           ^^^^^^^^^^^^^^^^^^^^^^^^^^^^^^^^^^
  File "/Users/jerrystrain/Projects/proppadia/.venv/lib/python3.11/site-packages/requests/sessions.py", line 589, in request
    resp = self.send(prep, **send_kwargs)
           ^^^^^^^^^^^^^^^^^^^^^^^^^^^^^^
  File "/Users/jerrystrain/Projects/proppadia/.venv/lib/python3.11/site-packages/requests/sessions.py", line 703, in send
    r = adapter.send(request, **kwargs)
        ^^^^^^^^^^^^^^^^^^^^^^^^^^^^^^^
  File "/Users/jerrystrain/Projects/proppadia/.venv/lib/python3.11/site-packages/requests/adapters.py", line 644, in send
    resp = conn.urlopen(
           ^^^^^^^^^^^^^
  File "/Users/jerrystrain/Projects/proppadia/.venv/lib/python3.11/site-packages/urllib3/connectionpool.py", line 787, in urlopen
    response = self._make_request(
               ^^^^^^^^^^^^^^^^^^^
  File "/Users/jerrystrain/Projects/proppadia/.venv/lib/python3.11/site-packages/urllib3/connectionpool.py", line 534, in _make_request
    response = conn.getresponse()
               ^^^^^^^^^^^^^^^^^^
  File "/Users/jerrystrain/Projects/proppadia/.venv/lib/python3.11/site-packages/urllib3/connection.py", line 565, in getresponse
    httplib_response = super().getresponse()
                       ^^^^^^^^^^^^^^^^^^^^^
  File "/opt/homebrew/Cellar/python@3.11/3.11.13/Frameworks/Python.framework/Versions/3.11/lib/python3.11/http/client.py", line 1395, in getresponse
    response.begin()
  File "/opt/homebrew/Cellar/python@3.11/3.11.13/Frameworks/Python.framework/Versions/3.11/lib/python3.11/http/client.py", line 325, in begin
    version, status, reason = self._read_status()
                              ^^^^^^^^^^^^^^^^^^^
  File "/opt/homebrew/Cellar/python@3.11/3.11.13/Frameworks/Python.framework/Versions/3.11/lib/python3.11/http/client.py", line 286, in _read_status
    line = str(self.fp.readline(_MAXLINE + 1), "iso-8859-1")
               ^^^^^^^^^^^^^^^^^^^^^^^^^^^^^^
  File "/opt/homebrew/Cellar/python@3.11/3.11.13/Frameworks/Python.framework/Versions/3.11/lib/python3.11/socket.py", line 718, in readinto
    return self._sock.recv_into(b)
           ^^^^^^^^^^^^^^^^^^^^^^^
  File "/opt/homebrew/Cellar/python@3.11/3.11.13/Frameworks/Python.framework/Versions/3.11/lib/python3.11/ssl.py", line 1314, in recv_into
    return self.read(nbytes, buffer)
           ^^^^^^^^^^^^^^^^^^^^^^^^^
  File "/opt/homebrew/Cellar/python@3.11/3.11.13/Frameworks/Python.framework/Versions/3.11/lib/python3.11/ssl.py", line 1166, in read
    return self._sslobj.read(len, buffer)
           ^^^^^^^^^^^^^^^^^^^^^^^^^^^^^^
KeyboardInterrupt
SLATE_DATE (ET): 2025-10-09
YDAY       (ET): 2025-10-09
▶ psql postgresql://postgres.cnwwhhmpashijqbspvhf:q7ycpbcoCuItSgLr@aws-0-us-west-1.pooler.supabase.com:5432/postgres?sslmode=require&gssencmode=disable -v ON_ERROR_STOP=1 -c SELECT now();
▶ /Users/jerrystrain/Projects/proppadia/.venv/bin/python /Users/jerrystrain/Projects/proppadia/backend/nhl/scripts/import_schedule_today.py
▶ /Users/jerrystrain/Projects/proppadia/.venv/bin/python /Users/jerrystrain/Projects/proppadia/backend/nhl/scripts/import_roster_today.py
▶ /Users/jerrystrain/Projects/proppadia/.venv/bin/python /Users/jerrystrain/Projects/proppadia/backend/nhl/scripts/refresh_players_and_roster_today.py
Traceback (most recent call last):
  File "/Users/jerrystrain/Projects/proppadia/backend/nhl/cli.py", line 778, in <module>
    main()
  File "/Users/jerrystrain/Projects/proppadia/backend/nhl/cli.py", line 765, in main
    cmd_daily(with_odds=args.with_odds)
  File "/Users/jerrystrain/Projects/proppadia/backend/nhl/cli.py", line 498, in cmd_daily
    run(
  File "/Users/jerrystrain/Projects/proppadia/backend/nhl/cli.py", line 104, in run
    return sp.run(cmd, cwd=str(cwd), env=e, check=check)
           ^^^^^^^^^^^^^^^^^^^^^^^^^^^^^^^^^^^^^^^^^^^^^
  File "/opt/homebrew/Cellar/python@3.11/3.11.13/Frameworks/Python.framework/Versions/3.11/lib/python3.11/subprocess.py", line 550, in run
    stdout, stderr = process.communicate(input, timeout=timeout)
                     ^^^^^^^^^^^^^^^^^^^^^^^^^^^^^^^^^^^^^^^^^^^
  File "/opt/homebrew/Cellar/python@3.11/3.11.13/Frameworks/Python.framework/Versions/3.11/lib/python3.11/subprocess.py", line 1201, in communicate
    self.wait()
  File "/opt/homebrew/Cellar/python@3.11/3.11.13/Frameworks/Python.framework/Versions/3.11/lib/python3.11/subprocess.py", line 1264, in wait
    return self._wait(timeout=timeout)
           ^^^^^^^^^^^^^^^^^^^^^^^^^^^
  File "/opt/homebrew/Cellar/python@3.11/3.11.13/Frameworks/Python.framework/Versions/3.11/lib/python3.11/subprocess.py", line 2053, in _wait
    (pid, sts) = self._try_wait(0)
                 ^^^^^^^^^^^^^^^^^
  File "/opt/homebrew/Cellar/python@3.11/3.11.13/Frameworks/Python.framework/Versions/3.11/lib/python3.11/subprocess.py", line 2011, in _try_wait
    (pid, sts) = os.waitpid(self.pid, wait_flags)
                 ^^^^^^^^^^^^^^^^^^^^^^^^^^^^^^^^
KeyboardInterrupt
Traceback (most recent call last):
  File "/Users/jerrystrain/Projects/proppadia/backend/nhl/range_runner.py", line 178, in <module>
    main()
  File "/Users/jerrystrain/Projects/proppadia/backend/nhl/range_runner.py", line 160, in main
    run_cli_for_day(ds, attempts=args.attempts)
  File "/Users/jerrystrain/Projects/proppadia/backend/nhl/range_runner.py", line 107, in run_cli_for_day
    subprocess.run([sys.executable, str(CLI_PATH), "daily"], check=True, cwd=str(REPO_ROOT), env=env)
  File "/opt/homebrew/Cellar/python@3.11/3.11.13/Frameworks/Python.framework/Versions/3.11/lib/python3.11/subprocess.py", line 550, in run
    stdout, stderr = process.communicate(input, timeout=timeout)
                     ^^^^^^^^^^^^^^^^^^^^^^^^^^^^^^^^^^^^^^^^^^^
  File "/opt/homebrew/Cellar/python@3.11/3.11.13/Frameworks/Python.framework/Versions/3.11/lib/python3.11/subprocess.py", line 1201, in communicate
    self.wait()
  File "/opt/homebrew/Cellar/python@3.11/3.11.13/Frameworks/Python.framework/Versions/3.11/lib/python3.11/subprocess.py", line 1264, in wait
    return self._wait(timeout=timeout)
           ^^^^^^^^^^^^^^^^^^^^^^^^^^^
  File "/opt/homebrew/Cellar/python@3.11/3.11.13/Frameworks/Python.framework/Versions/3.11/lib/python3.11/subprocess.py", line 2053, in _wait
    (pid, sts) = self._try_wait(0)
                 ^^^^^^^^^^^^^^^^^
  File "/opt/homebrew/Cellar/python@3.11/3.11.13/Frameworks/Python.framework/Versions/3.11/lib/python3.11/subprocess.py", line 2011, in _try_wait
    (pid, sts) = os.waitpid(self.pid, wait_flags)
                 ^^^^^^^^^^^^^^^^^^^^^^^^^^^^^^^^
KeyboardInterrupt
2025-12-14 07:01:34  [start] range 2025-10-07..2025-12-13  resume='2025-10-09'  checkpoint=/Users/jerrystrain/Projects/proppadia/backend/nhl/.range_runner_checkpoint.txt
2025-12-14 07:01:34  [day] 2025-10-09 begin
2025-12-14 07:01:35  [run] 2025-10-09 attempt 1/3
              now              
-------------------------------
 2025-12-14 15:01:35.827628+00
(1 row)

[import_schedule_today] WARNING: no teams found in schedule payload
✅ Staged & merged 14 games for 2025-10-09 (ET)
↪︎ SKIP_PLAYERS=1: will not write nhl.players or nhl.player_external_ids
↪︎ SKIP_ROSTER_STATUS=1: importer will not write nhl.roster_status
🔧 Upserted/confirmed 0 players in nhl.players
🔄 Seeded 0 mappings in nhl.player_external_ids (provider='nhl')
✅ roster_status rows present for 2025-10-09: 667
Refreshed players & roster_status for 2025-10-09 (source=API)
✅ roster_status rows present for 2025-10-09: 667
seed_sog_features_for_slate: upserted rows for slate_date= '2025-10-09'
   626

psql:/Users/jerrystrain/Projects/proppadia/backend/nhl/sql/seed_goalie_features_for_slate.sql:29: NOTICE:  column "start_prob" of relation "training_features_goalie_saves_v2" already exists, skipping
 shots_faced

 saves

 toi_minutes

seed_goalie_features_for_slate: upserted rows for slate_date= '2025-10-09'
    67

BEGIN
UPDATE 1047
COMMIT
/Users/jerrystrain/Projects/proppadia/backend/nhl/scripts/score_sog_player_denali.py:73: FutureWarning: Downcasting behavior in `replace` is deprecated and will be removed in a future version. To retain the old behavior, explicitly call `result.infer_objects(copy=False)`. To opt-in to the future behavior, set `pd.set_option('future.no_silent_downcasting', True)`
  .replace(
✅ Scored SOG Denali for line 0.5 on 626 rows.
   Models: /Users/jerrystrain/Projects/proppadia/backend/nhl/models/latest/shots_on_goal/sog_player_denali/0_5
   Output: /Users/jerrystrain/Projects/proppadia/backend/nhl/data/processed/sog_predictions_0_5.csv
/Users/jerrystrain/Projects/proppadia/backend/nhl/scripts/score_sog_player_denali.py:73: FutureWarning: Downcasting behavior in `replace` is deprecated and will be removed in a future version. To retain the old behavior, explicitly call `result.infer_objects(copy=False)`. To opt-in to the future behavior, set `pd.set_option('future.no_silent_downcasting', True)`
  .replace(
✅ Scored SOG Denali for line 1.5 on 626 rows.
   Models: /Users/jerrystrain/Projects/proppadia/backend/nhl/models/latest/shots_on_goal/sog_player_denali/1_5
   Output: /Users/jerrystrain/Projects/proppadia/backend/nhl/data/processed/sog_predictions_1_5.csv
/Users/jerrystrain/Projects/proppadia/backend/nhl/scripts/score_sog_player_denali.py:73: FutureWarning: Downcasting behavior in `replace` is deprecated and will be removed in a future version. To retain the old behavior, explicitly call `result.infer_objects(copy=False)`. To opt-in to the future behavior, set `pd.set_option('future.no_silent_downcasting', True)`
  .replace(
✅ Scored SOG Denali for line 2.5 on 626 rows.
   Models: /Users/jerrystrain/Projects/proppadia/backend/nhl/models/latest/shots_on_goal/sog_player_denali/2_5
   Output: /Users/jerrystrain/Projects/proppadia/backend/nhl/data/processed/sog_predictions_2_5.csv
/Users/jerrystrain/Projects/proppadia/backend/nhl/scripts/score_sog_player_denali.py:73: FutureWarning: Downcasting behavior in `replace` is deprecated and will be removed in a future version. To retain the old behavior, explicitly call `result.infer_objects(copy=False)`. To opt-in to the future behavior, set `pd.set_option('future.no_silent_downcasting', True)`
  .replace(
✅ Scored SOG Denali for line 3.5 on 626 rows.
   Models: /Users/jerrystrain/Projects/proppadia/backend/nhl/models/latest/shots_on_goal/sog_player_denali/3_5
   Output: /Users/jerrystrain/Projects/proppadia/backend/nhl/data/processed/sog_predictions_3_5.csv
▶ Loading calibration training data from /Users/jerrystrain/Projects/proppadia/backend/nhl/data/processed/sog_calibration_training_denali.csv ...
  → Loaded 90148 training rows.
Per-line summary from training:
 line     n    avg_p  hit_rate
  0.5 22537 0.425975  0.869637
  1.5 22537 0.635902  0.522918
  2.5 22537 0.628931  0.273240
  3.5 22537 0.379612  0.128988
✅ Fitted isotonic calibration for line 0.5: rows=22537, blend_alpha=0.5
✅ Fitted isotonic calibration for line 1.5: rows=22537, blend_alpha=0.5
✅ Fitted isotonic calibration for line 2.5: rows=22537, blend_alpha=0.5
✅ Fitted isotonic calibration for line 3.5: rows=22537, blend_alpha=0.5

▶ Loading wide predictions from /Users/jerrystrain/Projects/proppadia/backend/nhl/data/processed/sog_predictions.csv ...
  → Found 4 p_over_* blend columns to calibrate: ['p_over_0_5', 'p_over_1_5', 'p_over_2_5', 'p_over_3_5']
  ✅ Calibrated column p_over_0_5 for line 0.5 (non-null rows: 626)
  ✅ Calibrated column p_over_1_5 for line 1.5 (non-null rows: 626)
  ✅ Calibrated column p_over_2_5 for line 2.5 (non-null rows: 626)
  ✅ Calibrated column p_over_3_5 for line 3.5 (non-null rows: 626)

✅ Wrote calibrated wide predictions → /Users/jerrystrain/Projects/proppadia/backend/nhl/data/processed/sog_predictions_wide_calibrated.csv
   Columns preserved: 18; final columns: 18
✅ Wrote calibration curves metadata → backend/nhl/data/processed/sog_denali_calibration_curves.json
→ Loading 2504 SOG predictions into nhl.predictions
✅ Load complete.
Feature check:
  family: poisson
  date_col: game_date
  expected (model): 9
  provided (meta): 15
  missing_in_csv: []
  extra_in_csv (ignored): ['full_name', 'player_id', 'game_id', 'team_id', 'game_date', 'd10_shots_faced_per60', 'd10_save_pct', 'team_d10_sf_per_game', 'opp_d10_sf_allowed_per_game', 'pace_index', 'opp_d10_sf_per60', 'team_d10_sa_per60', 'pace_matchup_index', 'd20_saves_per60', 'team_d10_sf_per60', 'opp_d10_sa_per60'] 
  note: metadata includes features not used by this model: ['d20_saves_per60', 'team_d10_sf_per60', 'team_d10_sa_per60', 'opp_d10_sf_per60', 'opp_d10_sa_per60', 'pace_matchup_index']
✅ Wrote predictions to: /Users/jerrystrain/Projects/proppadia/backend/nhl/data/processed/saves_predictions.csv
ℹ️ Applied calibration for lines: 24.5
SLATE_DATE (ET): 2025-10-09
YDAY       (ET): 2025-10-09
▶ psql postgresql://postgres.cnwwhhmpashijqbspvhf:q7ycpbcoCuItSgLr@aws-0-us-west-1.pooler.supabase.com:5432/postgres?sslmode=require&gssencmode=disable -v ON_ERROR_STOP=1 -c SELECT now();
▶ /Users/jerrystrain/Projects/proppadia/.venv/bin/python /Users/jerrystrain/Projects/proppadia/backend/nhl/scripts/import_schedule_today.py
▶ /Users/jerrystrain/Projects/proppadia/.venv/bin/python /Users/jerrystrain/Projects/proppadia/backend/nhl/scripts/import_roster_today.py
▶ /Users/jerrystrain/Projects/proppadia/.venv/bin/python /Users/jerrystrain/Projects/proppadia/backend/nhl/scripts/refresh_players_and_roster_today.py
▶ psql --no-psqlrc -v ON_ERROR_STOP=1 postgresql://postgres.cnwwhhmpashijqbspvhf:q7ycpbcoCuItSgLr@aws-0-us-west-1.pooler.supabase.com:5432/postgres?sslmode=require&gssencmode=disable -v slate_date=2025-10-09 -f /Users/jerrystrain/Projects/proppadia/backend/nhl/sql/seed_sog_features_for_slate.sql
▶ psql --no-psqlrc -v ON_ERROR_STOP=1 postgresql://postgres.cnwwhhmpashijqbspvhf:q7ycpbcoCuItSgLr@aws-0-us-west-1.pooler.supabase.com:5432/postgres?sslmode=require&gssencmode=disable -v slate_date=2025-10-09 -f /Users/jerrystrain/Projects/proppadia/backend/nhl/sql/seed_goalie_features_for_slate.sql
↻ Refreshing SOG rollups in-table for 2025-01-22..2025-10-09 ...
▶ psql postgresql://postgres.cnwwhhmpashijqbspvhf:q7ycpbcoCuItSgLr@aws-0-us-west-1.pooler.supabase.com:5432/postgres?sslmode=require&gssencmode=disable --no-psqlrc -v ON_ERROR_STOP=1 -c 
    BEGIN;

    WITH params AS (
      SELECT DATE '2025-01-22' AS start_date, DATE '2025-10-09' AS end_date
    ),
    realized AS (
      SELECT
        l.player_id::bigint AS player_id,
        g.game_id::bigint   AS game_id,
        g.game_date::date   AS game_date,

        -- safe numeric casts (handle '' and NULL)
        COALESCE(NULLIF(BTRIM(l.shots_on_goal::text), ''), '0')::numeric AS sog,
        COALESCE(NULLIF(BTRIM(l.shot_attempts::text), ''), '0')::numeric AS attempts,

        NULLIF(COALESCE(NULLIF(BTRIM(l.toi_minutes::text), ''), '0')::numeric, 0) AS toi_min
      FROM nhl.skater_game_logs_raw l
      JOIN nhl.games g USING (game_id)
      JOIN params p ON TRUE
      -- include enough history before start_date so rolling windows at start_date aren't empty
      WHERE g.game_date BETWEEN (p.start_date - INTERVAL '260 days') AND p.end_date
    ),
    rolls AS (
      SELECT
        r.player_id,
        r.game_id,
        r.game_date,

        SUM(r.sog)      OVER w5  AS sog_5,
        SUM(r.toi_min)  OVER w5  AS toi_5,

        SUM(r.sog)      OVER w10 AS sog_10,
        SUM(r.attempts) OVER w10 AS att_10,
        SUM(r.toi_min)  OVER w10 AS toi_10,

        SUM(r.sog)      OVER w20 AS sog_20,
        SUM(r.toi_min)  OVER w20 AS toi_20

      FROM realized r
      WINDOW
        w5  AS (PARTITION BY r.player_id ORDER BY r.game_date, r.game_id ROWS BETWEEN 4  PRECEDING AND CURRENT ROW),
        w10 AS (PARTITION BY r.player_id ORDER BY r.game_date, r.game_id ROWS BETWEEN 9  PRECEDING AND CURRENT ROW),
        w20 AS (PARTITION BY r.player_id ORDER BY r.game_date, r.game_id ROWS BETWEEN 19 PRECEDING AND CURRENT ROW)
    ),
    rollups AS (
      SELECT
        player_id,
        game_id,
        game_date,

        CASE WHEN toi_5  IS NULL OR toi_5  <= 0 THEN NULL ELSE (sog_5  / toi_5 ) * 60 END AS d5_sog_per60,
        CASE WHEN toi_10 IS NULL OR toi_10 <= 0 THEN NULL ELSE (sog_10 / toi_10) * 60 END AS d10_sog_per60,
        CASE WHEN toi_20 IS NULL OR toi_20 <= 0 THEN NULL ELSE (sog_20 / toi_20) * 60 END AS d20_sog_per60,
        CASE WHEN toi_10 IS NULL OR toi_10 <= 0 THEN NULL ELSE (att_10 / toi_10) * 60 END AS attempts_d10_per60
      FROM rolls
    )
    UPDATE nhl.training_features_nhl_sog_enriched_pregame_v2 t
    SET
      d5_sog_per60       = r.d5_sog_per60,
      d10_sog_per60      = r.d10_sog_per60,
      d20_sog_per60      = r.d20_sog_per60,
      attempts_d10_per60 = r.attempts_d10_per60
    FROM rollups r, params p
    WHERE
      t.player_id = r.player_id
      AND t.game_id = r.game_id
      AND t.game_date = r.game_date
      AND t.game_date BETWEEN p.start_date AND p.end_date;

    COMMIT;
    
✅ SOG rollups refreshed.
[export_names_csv] wrote names CSV → /Users/jerrystrain/Projects/proppadia/backend/nhl/exports/names_2025-10-09.csv
✅ Exported SOG Denali features for 2025-10-09 → /Users/jerrystrain/Projects/proppadia/backend/nhl/exports/sog_features_2025-10-09_denali.csv
exports → sog_features_{slate}_denali.csv, train_goalie_saves_v2.csv, train_nhl_points_v2.csv
▶ /Users/jerrystrain/Projects/proppadia/.venv/bin/python /Users/jerrystrain/Projects/proppadia/backend/nhl/scripts/score_sog_player_denali.py --features-csv /Users/jerrystrain/Projects/proppadia/backend/nhl/exports/sog_features_2025-10-09_denali.csv --line 0.5 --models-root /Users/jerrystrain/Projects/proppadia/backend/nhl/models/latest/shots_on_goal/sog_player_denali --out-csv /Users/jerrystrain/Projects/proppadia/backend/nhl/data/processed/sog_predictions_0_5.csv
▶ /Users/jerrystrain/Projects/proppadia/.venv/bin/python /Users/jerrystrain/Projects/proppadia/backend/nhl/scripts/score_sog_player_denali.py --features-csv /Users/jerrystrain/Projects/proppadia/backend/nhl/exports/sog_features_2025-10-09_denali.csv --line 1.5 --models-root /Users/jerrystrain/Projects/proppadia/backend/nhl/models/latest/shots_on_goal/sog_player_denali --out-csv /Users/jerrystrain/Projects/proppadia/backend/nhl/data/processed/sog_predictions_1_5.csv
▶ /Users/jerrystrain/Projects/proppadia/.venv/bin/python /Users/jerrystrain/Projects/proppadia/backend/nhl/scripts/score_sog_player_denali.py --features-csv /Users/jerrystrain/Projects/proppadia/backend/nhl/exports/sog_features_2025-10-09_denali.csv --line 2.5 --models-root /Users/jerrystrain/Projects/proppadia/backend/nhl/models/latest/shots_on_goal/sog_player_denali --out-csv /Users/jerrystrain/Projects/proppadia/backend/nhl/data/processed/sog_predictions_2_5.csv
▶ /Users/jerrystrain/Projects/proppadia/.venv/bin/python /Users/jerrystrain/Projects/proppadia/backend/nhl/scripts/score_sog_player_denali.py --features-csv /Users/jerrystrain/Projects/proppadia/backend/nhl/exports/sog_features_2025-10-09_denali.csv --line 3.5 --models-root /Users/jerrystrain/Projects/proppadia/backend/nhl/models/latest/shots_on_goal/sog_player_denali --out-csv /Users/jerrystrain/Projects/proppadia/backend/nhl/data/processed/sog_predictions_3_5.csv
✅ Wrote merged SOG predictions → /Users/jerrystrain/Projects/proppadia/backend/nhl/data/processed/sog_predictions.csv
▶ /Users/jerrystrain/Projects/proppadia/.venv/bin/python /Users/jerrystrain/Projects/proppadia/backend/nhl/scripts/calibrate_sog_denali.py --train /Users/jerrystrain/Projects/proppadia/backend/nhl/data/processed/sog_calibration_training_denali.csv --wide-in /Users/jerrystrain/Projects/proppadia/backend/nhl/data/processed/sog_predictions.csv --wide-out /Users/jerrystrain/Projects/proppadia/backend/nhl/data/processed/sog_predictions_wide_calibrated.csv
▶ /Users/jerrystrain/Projects/proppadia/.venv/bin/python /Users/jerrystrain/Projects/proppadia/backend/nhl/scripts/load_sog_predictions_denali.py --pred-csv /Users/jerrystrain/Projects/proppadia/backend/nhl/data/processed/sog_predictions_wide_calibrated.csv --project nhl --prop-type shots_on_goal --slate-date 2025-10-09
▶ /Users/jerrystrain/Projects/proppadia/.venv/bin/python /Users/jerrystrain/Projects/proppadia/backend/nhl/scripts/score_nhl_props.py --model-dir /Users/jerrystrain/Projects/proppadia/backend/nhl/models/latest/goalie_saves --csv /Users/jerrystrain/Projects/proppadia/backend/nhl/exports/train_goalie_saves_v2.csv --feature-json backend/nhl/features/feature_metadata_nhl.json --feature-key goalie_saves --line 18.5,19.5,20.5,21.5,22.5,23.5,24.5,25.5,26.5,27.5,28.5,29.5,30.5 --out /Users/jerrystrain/Projects/proppadia/backend/nhl/data/processed/saves_predictions.csv
▶ /Users/jerrystrain/Projects/proppadia/.venv/bin/python /Users/jerrystrain/Projects/proppadia/backend/nhl/scripts/score_points_phoenix.py --features-csv /Users/jerrystrain/Projects/proppadia/backend/nhl/exports/train_nhl_points_v2.csv --model-root /Users/jerrystrain/Projects/proppadia/backend/nhl/models/latest/points --out /Users/jerrystrain/Projects/proppadia/backend/nhl/data/processed/points_predictions.csv✅ wrote 2001 point-prop predictions to /Users/jerrystrain/Projects/proppadia/backend/nhl/data/processed/points_predictions.csv
[calibrate_points_phoenix] line=0.5 threshold=1 games=82137 hits=30979 base_rate=0.3772
[calibrate_points_phoenix] line=1.5 threshold=2 games=82137 hits=8189 base_rate=0.0997
[calibrate_points_phoenix] line=2.5 threshold=3 games=82137 hits=1796 base_rate=0.0219
[calibrate_points_phoenix] base_rates=0.5: 0.3772, 1.5: 0.0997, 2.5: 0.0219
[calibrate_points_phoenix] wrote calibrated predictions to backend/nhl/data/processed/points_predictions.csv (rows=2001, lines=[0.5, 1.5, 2.5], blend_w=0.35)
[sog_with_market] SLATE_DATE (ET) = 2025-10-09
[sog_with_market] rows: 2504 | matched price: 80/2504
[sog_with_market] Lines present: [0.5, 1.5, 2.5, 3.5]
[sog_with_market] ✅ Wrote: /Users/jerrystrain/Projects/proppadia/nhl/site/data/sog_with_market.csv
[sog_with_market] Wrote unmatched to: /Users/jerrystrain/Projects/proppadia/nhl/site/data/unmatched_sog.csv  rows=2424
[saves_with_market] filter SLATE_DATE=2025-10-09: kept 793
[saves_with_market] rows=793  matched_prices=0/793
[saves_with_market] lines present: [18.5, 19.5, 20.5, 21.5, 22.5, 23.5, 24.5, 25.5, 26.5, 27.5, 28.5, 29.5, 30.5]
[saves_with_market] ✅ wrote: /Users/jerrystrain/Projects/proppadia/nhl/site/data/saves_with_market.csv
[saves_with_market]     unmatched: /Users/jerrystrain/Projects/proppadia/nhl/site/data/unmatched_saves.csv  rows=793
[points_with_market] slate=2025-10-09 rows=2001 matched_prices=82/2001
[2025020008] upserted 4 goalie rows; skipped_no_map_so_far=0
[2025020009] upserted 4 goalie rows; skipped_no_map_so_far=0
[2025020010] upserted 4 goalie rows; skipped_no_map_so_far=0
[2025020011] upserted 4 goalie rows; skipped_no_map_so_far=0
[2025020012] upserted 4 goalie rows; skipped_no_map_so_far=0
[2025020013] upserted 4 goalie rows; skipped_no_map_so_far=0
[2025020014] upserted 4 goalie rows; skipped_no_map_so_far=0
[2025020015] upserted 4 goalie rows; skipped_no_map_so_far=0
[2025020016] upserted 4 goalie rows; skipped_no_map_so_far=0
[2025020017] upserted 4 goalie rows; skipped_no_map_so_far=0
[2025020018] upserted 4 goalie rows; skipped_no_map_so_far=0
[2025020019] upserted 4 goalie rows; skipped_no_map_so_far=0
[2025020020] upserted 4 goalie rows; skipped_no_map_so_far=0
[2025020021] upserted 4 goalie rows; skipped_no_map_so_far=0
Done. Upserted total 56 goalie rows for 2025-10-09; skipped_no_map=0
Refreshed players & roster_status for 2025-10-09 (source=API)
✅ roster_status rows present for 2025-10-09: 667
[2025020008] roster refresh: already in sync (36 skaters).
[2025020008] upserted 36 skater rows; skipped_no_map=0
[2025020009] roster refresh: already in sync (36 skaters).
[2025020009] upserted 36 skater rows; skipped_no_map=0
[2025020010] roster refresh: already in sync (36 skaters).
[2025020010] upserted 36 skater rows; skipped_no_map=0
[2025020011] roster refresh: already in sync (36 skaters).
[2025020011] upserted 36 skater rows; skipped_no_map=0
[2025020012] roster refresh: already in sync (36 skaters).
[2025020012] upserted 36 skater rows; skipped_no_map=0
[2025020013] roster refresh: already in sync (35 skaters).
[2025020013] upserted 35 skater rows; skipped_no_map=1
[2025020014] roster refresh: already in sync (36 skaters).
[2025020014] upserted 36 skater rows; skipped_no_map=0
[2025020015] roster refresh: already in sync (36 skaters).
[2025020015] upserted 36 skater rows; skipped_no_map=0
[2025020016] roster refresh: already in sync (36 skaters).
[2025020016] upserted 36 skater rows; skipped_no_map=0
[2025020017] roster refresh: already in sync (36 skaters).
[2025020017] upserted 36 skater rows; skipped_no_map=0
[2025020018] roster refresh: already in sync (36 skaters).
[2025020018] upserted 36 skater rows; skipped_no_map=0
[2025020019] roster refresh: already in sync (36 skaters).
[2025020019] upserted 36 skater rows; skipped_no_map=0
[2025020020] roster refresh: already in sync (36 skaters).
[2025020020] upserted 36 skater rows; skipped_no_map=0
[2025020021] roster refresh: already in sync (35 skaters).
[2025020021] upserted 35 skater rows; skipped_no_map=1
Done. Upserted total 502 skater rows for 2025-10-09; skipped_no_map=2
INSERT 0 501
       which       | count 
-------------------+-------
 games_today       |    14
 roster_rows_today |   667
 preds_sog         |  2504
 preds_saves       |     0
 preds_points      |     0
 predictions_total |  2504
(6 rows)


▶ /Users/jerrystrain/Projects/proppadia/.venv/bin/python /Users/jerrystrain/Projects/proppadia/backend/nhl/scripts/calibrate_points_phoenix.py
[export_names_csv] wrote names CSV → /Users/jerrystrain/Projects/proppadia/backend/nhl/exports/names_2025-10-09.csv
▶ /Users/jerrystrain/Projects/proppadia/.venv/bin/python /Users/jerrystrain/Projects/proppadia/backend/nhl/scripts/build_sog_with_market.py --pred /Users/jerrystrain/Projects/proppadia/backend/nhl/data/processed/sog_predictions.csv --names /Users/jerrystrain/Projects/proppadia/backend/nhl/exports/names_2025-10-09.csv --odds-json /Users/jerrystrain/Projects/proppadia/nhl/site/data/odds_latest.json --out /Users/jerrystrain/Projects/proppadia/nhl/site/data/sog_with_market.csv --unmatched /Users/jerrystrain/Projects/proppadia/nhl/site/data/unmatched_sog.csv
▶ /Users/jerrystrain/Projects/proppadia/.venv/bin/python /Users/jerrystrain/Projects/proppadia/backend/nhl/scripts/build_saves_with_market.py --pred /Users/jerrystrain/Projects/proppadia/backend/nhl/data/processed/saves_predictions.csv --names /Users/jerrystrain/Projects/proppadia/backend/nhl/exports/names_2025-10-09.csv --odds-json /Users/jerrystrain/Projects/proppadia/nhl/site/data/odds_latest.json --out /Users/jerrystrain/Projects/proppadia/nhl/site/data/saves_with_market.csv --unmatched /Users/jerrystrain/Projects/proppadia/nhl/site/data/unmatched_saves.csv
▶ /Users/jerrystrain/Projects/proppadia/.venv/bin/python /Users/jerrystrain/Projects/proppadia/backend/nhl/scripts/build_points_with_market.py --odds-json /Users/jerrystrain/Projects/proppadia/nhl/site/data/odds_latest.json --events-json /Users/jerrystrain/Projects/proppadia/nhl/site/data/events_today.json --out /Users/jerrystrain/Projects/proppadia/nhl/site/data/points_with_market.csv --unmatched /Users/jerrystrain/Projects/proppadia/nhl/site/data/unmatched_points.csv --pred /Users/jerrystrain/Projects/proppadia/backend/nhl/data/processed/points_predictions.csv --names /Users/jerrystrain/Projects/proppadia/backend/nhl/exports/names_2025-10-09.csv
▶ /Users/jerrystrain/Projects/proppadia/.venv/bin/python /Users/jerrystrain/Projects/proppadia/backend/nhl/scripts/seed_goalie_logs_for_date.py
▶ /Users/jerrystrain/Projects/proppadia/.venv/bin/python /Users/jerrystrain/Projects/proppadia/backend/nhl/scripts/refresh_players_and_roster_today.py
▶ /Users/jerrystrain/Projects/proppadia/.venv/bin/python /Users/jerrystrain/Projects/proppadia/backend/nhl/scripts/seed_skater_logs_for_date.py
▶ psql postgresql://postgres.cnwwhhmpashijqbspvhf:q7ycpbcoCuItSgLr@aws-0-us-west-1.pooler.supabase.com:5432/postgres?sslmode=require&gssencmode=disable -v ON_ERROR_STOP=1 -c 
    WITH src AS (
      SELECT DISTINCT
        s.player_id, s.game_id, s.game_date,
        s.shots_on_goal, s.shot_attempts, s.toi_minutes, s.pp_toi_minutes
      FROM nhl.import_skater_logs_stage s
      WHERE s.game_date = DATE '2025-10-09'
    ),
    rs AS (
      SELECT DISTINCT game_id, team_id, player_id
      FROM nhl.roster_status
      WHERE game_id IN (SELECT game_id FROM nhl.games WHERE game_date = DATE '2025-10-09')
    ),
    g AS (
      SELECT game_id, home_team_id, away_team_id
      FROM nhl.games
      WHERE game_date = DATE '2025-10-09'
    ),
    joined AS (
      SELECT
        src.player_id,
        src.game_id,
        rs.team_id,
        CASE
          WHEN rs.team_id = g.home_team_id THEN g.away_team_id
          WHEN rs.team_id = g.away_team_id THEN g.home_team_id
          ELSE NULL
        END AS opponent_id,
        (rs.team_id = g.home_team_id) AS is_home,
        src.game_date,
        src.shots_on_goal,
        src.shot_attempts,
        src.toi_minutes,
        src.pp_toi_minutes
      FROM src
      JOIN rs ON rs.game_id = src.game_id AND rs.player_id = src.player_id
      JOIN g  ON g.game_id  = src.game_id
    )
    INSERT INTO nhl.skater_game_logs_raw
      (player_id, game_id, team_id, opponent_id, is_home, game_date,
       shots_on_goal, shot_attempts, toi_minutes, pp_toi_minutes)
    SELECT
      player_id, game_id, team_id, opponent_id, is_home, game_date,
      shots_on_goal, shot_attempts, toi_minutes, pp_toi_minutes
    FROM joined
    WHERE opponent_id IS NOT NULL
    ON CONFLICT (player_id, game_id) DO UPDATE SET
      team_id        = EXCLUDED.team_id,
      opponent_id    = EXCLUDED.opponent_id,
      is_home        = EXCLUDED.is_home,
      game_date      = EXCLUDED.game_date,
      shots_on_goal  = EXCLUDED.shots_on_goal,
      shot_attempts  = COALESCE(EXCLUDED.shot_attempts, nhl.skater_game_logs_raw.shot_attempts),
      toi_minutes    = EXCLUDED.toi_minutes,
      pp_toi_minutes = EXCLUDED.pp_toi_minutes;
    
▶ psql postgresql://postgres.cnwwhhmpashijqbspvhf:q7ycpbcoCuItSgLr@aws-0-us-west-1.pooler.supabase.com:5432/postgres?sslmode=require&gssencmode=disable -v ON_ERROR_STOP=1 -c 
    WITH g AS (SELECT game_id FROM nhl.games WHERE game_date = DATE '2025-10-09')
    SELECT 'games_today'            AS which, COUNT(*) FROM nhl.games         WHERE game_date = DATE '2025-10-09'
    UNION ALL SELECT 'roster_rows_today', COUNT(*) FROM nhl.roster_status r   WHERE r.game_id IN (SELECT game_id FROM g)
    UNION ALL SELECT 'preds_sog',         COUNT(*) FROM nhl.predictions p     WHERE p.game_id IN (SELECT game_id FROM g) AND p.prop = 'shots_on_goal'
    UNION ALL SELECT 'preds_saves',       COUNT(*) FROM nhl.predictions p     WHERE p.game_id IN (SELECT game_id FROM g) AND p.prop = 'goalie_saves'
    UNION ALL SELECT 'preds_points',      COUNT(*) FROM nhl.predictions p     WHERE p.game_id IN (SELECT game_id FROM g) AND p.prop = 'player_points'
    UNION ALL SELECT 'predictions_total', COUNT(*) FROM nhl.predictions p     WHERE p.game_id IN (SELECT game_id FROM g);
    

✅ Daily pipeline complete. Site data in nhl/site/data/.
2025-12-14 07:07:11  [post] 2025-10-09 games=14 sk_toi=501 sk_sog=381 gk_toi=0
2025-12-14 07:07:11  [day] 2025-10-10 begin
2025-12-14 07:07:11  [skip] 2025-10-10 no games
2025-12-14 07:07:11  [day] 2025-10-11 begin
2025-12-14 07:07:12  [skip] 2025-10-11 no games
2025-12-14 07:07:12  [day] 2025-10-12 begin
2025-12-14 07:07:12  [skip] 2025-10-12 no games
2025-12-14 07:07:12  [day] 2025-10-13 begin
2025-12-14 07:07:12  [skip] 2025-10-13 no games
2025-12-14 07:07:12  [day] 2025-10-14 begin
2025-12-14 07:07:12  [skip] 2025-10-14 no games
2025-12-14 07:07:12  [day] 2025-10-15 begin
2025-12-14 07:07:12  [skip] 2025-10-15 no games
2025-12-14 07:07:12  [day] 2025-10-16 begin
2025-12-14 07:07:12  [skip] 2025-10-16 no games
2025-12-14 07:07:12  [day] 2025-10-17 begin
2025-12-14 07:07:12  [skip] 2025-10-17 no games
2025-12-14 07:07:12  [day] 2025-10-18 begin
2025-12-14 07:07:13  [skip] 2025-10-18 no games
2025-12-14 07:07:13  [day] 2025-10-19 begin
2025-12-14 07:07:13  [skip] 2025-10-19 no games
2025-12-14 07:07:13  [day] 2025-10-20 begin
2025-12-14 07:07:13  [skip] 2025-10-20 no games
2025-12-14 07:07:13  [day] 2025-10-21 begin
2025-12-14 07:07:13  [skip] 2025-10-21 no games
2025-12-14 07:07:13  [day] 2025-10-22 begin
2025-12-14 07:07:13  [skip] 2025-10-22 no games
2025-12-14 07:07:13  [day] 2025-10-23 begin
2025-12-14 07:07:13  [skip] 2025-10-23 no games
2025-12-14 07:07:13  [day] 2025-10-24 begin
2025-12-14 07:07:13  [skip] 2025-10-24 no games
2025-12-14 07:07:13  [day] 2025-10-25 begin
2025-12-14 07:07:14  [skip] 2025-10-25 no games
2025-12-14 07:07:14  [day] 2025-10-26 begin
2025-12-14 07:07:14  [skip] 2025-10-26 no games
2025-12-14 07:07:14  [day] 2025-10-27 begin
2025-12-14 07:07:14  [skip] 2025-10-27 no games
2025-12-14 07:07:14  [day] 2025-10-28 begin
2025-12-14 07:07:14  [skip] 2025-10-28 no games
2025-12-14 07:07:14  [day] 2025-10-29 begin
2025-12-14 07:07:14  [skip] 2025-10-29 no games
2025-12-14 07:07:14  [day] 2025-10-30 begin
2025-12-14 07:07:14  [skip] 2025-10-30 no games
2025-12-14 07:07:14  [day] 2025-10-31 begin
2025-12-14 07:07:14  [skip] 2025-10-31 no games
2025-12-14 07:07:14  [day] 2025-11-01 begin
2025-12-14 07:07:15  [skip] 2025-11-01 no games
2025-12-14 07:07:15  [day] 2025-11-02 begin
2025-12-14 07:07:15  [skip] 2025-11-02 no games
2025-12-14 07:07:15  [day] 2025-11-03 begin
2025-12-14 07:07:15  [skip] 2025-11-03 no games
2025-12-14 07:07:15  [day] 2025-11-04 begin
2025-12-14 07:07:15  [skip] 2025-11-04 no games
2025-12-14 07:07:15  [day] 2025-11-05 begin
2025-12-14 07:07:15  [skip] 2025-11-05 no games
2025-12-14 07:07:15  [day] 2025-11-06 begin
2025-12-14 07:07:15  [skip] 2025-11-06 no games
2025-12-14 07:07:15  [day] 2025-11-07 begin
2025-12-14 07:07:15  [skip] 2025-11-07 no games
2025-12-14 07:07:15  [day] 2025-11-08 begin
2025-12-14 07:07:16  [skip] 2025-11-08 no games
2025-12-14 07:07:16  [day] 2025-11-09 begin
2025-12-14 07:07:16  [skip] 2025-11-09 no games
2025-12-14 07:07:16  [day] 2025-11-10 begin
2025-12-14 07:07:16  [skip] 2025-11-10 no games
2025-12-14 07:07:16  [day] 2025-11-11 begin
2025-12-14 07:07:16  [skip] 2025-11-11 no games
2025-12-14 07:07:16  [day] 2025-11-12 begin
2025-12-14 07:07:16  [skip] 2025-11-12 no games
2025-12-14 07:07:16  [day] 2025-11-13 begin
2025-12-14 07:07:16  [skip] 2025-11-13 no games
2025-12-14 07:07:16  [day] 2025-11-14 begin
2025-12-14 07:07:16  [skip] 2025-11-14 no games
2025-12-14 07:07:16  [day] 2025-11-15 begin
2025-12-14 07:07:17  [skip] 2025-11-15 no games
2025-12-14 07:07:17  [day] 2025-11-16 begin
2025-12-14 07:07:17  [skip] 2025-11-16 no games
2025-12-14 07:07:17  [day] 2025-11-17 begin
2025-12-14 07:07:17  [skip] 2025-11-17 no games
2025-12-14 07:07:17  [day] 2025-11-18 begin
2025-12-14 07:07:17  [skip] 2025-11-18 no games
2025-12-14 07:07:17  [day] 2025-11-19 begin
2025-12-14 07:07:17  [skip] 2025-11-19 no games
2025-12-14 07:07:17  [day] 2025-11-20 begin
2025-12-14 07:07:17  [skip] 2025-11-20 no games
2025-12-14 07:07:17  [day] 2025-11-21 begin
2025-12-14 07:07:17  [skip] 2025-11-21 no games
2025-12-14 07:07:17  [day] 2025-11-22 begin
2025-12-14 07:07:17  [skip] 2025-11-22 no games
2025-12-14 07:07:17  [day] 2025-11-23 begin
2025-12-14 07:07:18  [skip] 2025-11-23 no games
2025-12-14 07:07:18  [day] 2025-11-24 begin
2025-12-14 07:07:18  [skip] 2025-11-24 no games
2025-12-14 07:07:18  [day] 2025-11-25 begin
2025-12-14 07:07:18  [skip] 2025-11-25 no games
2025-12-14 07:07:18  [day] 2025-11-26 begin
2025-12-14 07:07:18  [skip] 2025-11-26 no games
2025-12-14 07:07:18  [day] 2025-11-27 begin
2025-12-14 07:07:18  [skip] 2025-11-27 no games
2025-12-14 07:07:18  [day] 2025-11-28 begin
2025-12-14 07:07:18  [skip] 2025-11-28 no games
2025-12-14 07:07:18  [day] 2025-11-29 begin
2025-12-14 07:07:18  [skip] 2025-11-29 no games
2025-12-14 07:07:18  [day] 2025-11-30 begin
2025-12-14 07:07:19  [skip] 2025-11-30 no games
2025-12-14 07:07:19  [day] 2025-12-01 begin
2025-12-14 07:07:19  [run] 2025-12-01 attempt 1/3
             now              
------------------------------
 2025-12-14 15:07:20.32966+00
(1 row)

[import_schedule_today] WARNING: no teams found in schedule payload
✅ Staged & merged 5 games for 2025-12-01 (ET)
↪︎ SKIP_PLAYERS=1: will not write nhl.players or nhl.player_external_ids
↪︎ SKIP_ROSTER_STATUS=1: importer will not write nhl.roster_status
🔧 Upserted/confirmed 0 players in nhl.players
🔄 Seeded 0 mappings in nhl.player_external_ids (provider='nhl')
✅ roster_status rows present for 2025-12-01: 244
Refreshed players & roster_status for 2025-12-01 (source=API)
✅ roster_status rows present for 2025-12-01: 244
seed_sog_features_for_slate: upserted rows for slate_date= '2025-12-01'
   221

psql:/Users/jerrystrain/Projects/proppadia/backend/nhl/sql/seed_goalie_features_for_slate.sql:29: NOTICE:  column "start_prob" of relation "training_features_goalie_saves_v2" already exists, skipping
 shots_faced

 saves

 toi_minutes

seed_goalie_features_for_slate: upserted rows for slate_date= '2025-12-01'
    22

BEGIN
UPDATE 897
COMMIT
/Users/jerrystrain/Projects/proppadia/backend/nhl/scripts/score_sog_player_denali.py:73: FutureWarning: Downcasting behavior in `replace` is deprecated and will be removed in a future version. To retain the old behavior, explicitly call `result.infer_objects(copy=False)`. To opt-in to the future behavior, set `pd.set_option('future.no_silent_downcasting', True)`
  .replace(
✅ Scored SOG Denali for line 0.5 on 221 rows.
   Models: /Users/jerrystrain/Projects/proppadia/backend/nhl/models/latest/shots_on_goal/sog_player_denali/0_5
   Output: /Users/jerrystrain/Projects/proppadia/backend/nhl/data/processed/sog_predictions_0_5.csv
/Users/jerrystrain/Projects/proppadia/backend/nhl/scripts/score_sog_player_denali.py:73: FutureWarning: Downcasting behavior in `replace` is deprecated and will be removed in a future version. To retain the old behavior, explicitly call `result.infer_objects(copy=False)`. To opt-in to the future behavior, set `pd.set_option('future.no_silent_downcasting', True)`
  .replace(
✅ Scored SOG Denali for line 1.5 on 221 rows.
   Models: /Users/jerrystrain/Projects/proppadia/backend/nhl/models/latest/shots_on_goal/sog_player_denali/1_5
   Output: /Users/jerrystrain/Projects/proppadia/backend/nhl/data/processed/sog_predictions_1_5.csv
/Users/jerrystrain/Projects/proppadia/backend/nhl/scripts/score_sog_player_denali.py:73: FutureWarning: Downcasting behavior in `replace` is deprecated and will be removed in a future version. To retain the old behavior, explicitly call `result.infer_objects(copy=False)`. To opt-in to the future behavior, set `pd.set_option('future.no_silent_downcasting', True)`
  .replace(
✅ Scored SOG Denali for line 2.5 on 221 rows.
   Models: /Users/jerrystrain/Projects/proppadia/backend/nhl/models/latest/shots_on_goal/sog_player_denali/2_5
   Output: /Users/jerrystrain/Projects/proppadia/backend/nhl/data/processed/sog_predictions_2_5.csv
/Users/jerrystrain/Projects/proppadia/backend/nhl/scripts/score_sog_player_denali.py:73: FutureWarning: Downcasting behavior in `replace` is deprecated and will be removed in a future version. To retain the old behavior, explicitly call `result.infer_objects(copy=False)`. To opt-in to the future behavior, set `pd.set_option('future.no_silent_downcasting', True)`
  .replace(
✅ Scored SOG Denali for line 3.5 on 221 rows.
   Models: /Users/jerrystrain/Projects/proppadia/backend/nhl/models/latest/shots_on_goal/sog_player_denali/3_5
   Output: /Users/jerrystrain/Projects/proppadia/backend/nhl/data/processed/sog_predictions_3_5.csv
▶ Loading calibration training data from /Users/jerrystrain/Projects/proppadia/backend/nhl/data/processed/sog_calibration_training_denali.csv ...
  → Loaded 90148 training rows.
Per-line summary from training:
 line     n    avg_p  hit_rate
  0.5 22537 0.425975  0.869637
  1.5 22537 0.635902  0.522918
  2.5 22537 0.628931  0.273240
  3.5 22537 0.379612  0.128988
✅ Fitted isotonic calibration for line 0.5: rows=22537, blend_alpha=0.5
✅ Fitted isotonic calibration for line 1.5: rows=22537, blend_alpha=0.5
✅ Fitted isotonic calibration for line 2.5: rows=22537, blend_alpha=0.5
✅ Fitted isotonic calibration for line 3.5: rows=22537, blend_alpha=0.5

▶ Loading wide predictions from /Users/jerrystrain/Projects/proppadia/backend/nhl/data/processed/sog_predictions.csv ...
  → Found 4 p_over_* blend columns to calibrate: ['p_over_0_5', 'p_over_1_5', 'p_over_2_5', 'p_over_3_5']
  ✅ Calibrated column p_over_0_5 for line 0.5 (non-null rows: 221)
  ✅ Calibrated column p_over_1_5 for line 1.5 (non-null rows: 221)
  ✅ Calibrated column p_over_2_5 for line 2.5 (non-null rows: 221)
  ✅ Calibrated column p_over_3_5 for line 3.5 (non-null rows: 221)

✅ Wrote calibrated wide predictions → /Users/jerrystrain/Projects/proppadia/backend/nhl/data/processed/sog_predictions_wide_calibrated.csv
   Columns preserved: 18; final columns: 18
✅ Wrote calibration curves metadata → backend/nhl/data/processed/sog_denali_calibration_curves.json
→ Loading 884 SOG predictions into nhl.predictions
✅ Load complete.
Feature check:
  family: poisson
  date_col: game_date
  expected (model): 9
  provided (meta): 15
  missing_in_csv: []
  extra_in_csv (ignored): ['full_name', 'player_id', 'game_id', 'team_id', 'game_date', 'd10_shots_faced_per60', 'd10_save_pct', 'team_d10_sf_per_game', 'opp_d10_sf_allowed_per_game', 'pace_index', 'opp_d10_sf_per60', 'team_d10_sa_per60', 'pace_matchup_index', 'd20_saves_per60', 'team_d10_sf_per60', 'opp_d10_sa_per60'] 
  note: metadata includes features not used by this model: ['d20_saves_per60', 'team_d10_sf_per60', 'team_d10_sa_per60', 'opp_d10_sf_per60', 'opp_d10_sa_per60', 'pace_matchup_index']
✅ Wrote predictions to: /Users/jerrystrain/Projects/proppadia/backend/nhl/data/processed/saves_predictions.csv
ℹ️ Applied calibration for lines: 24.5
SLATE_DATE (ET): 2025-12-01
YDAY       (ET): 2025-12-01
▶ psql postgresql://postgres.cnwwhhmpashijqbspvhf:q7ycpbcoCuItSgLr@aws-0-us-west-1.pooler.supabase.com:5432/postgres?sslmode=require&gssencmode=disable -v ON_ERROR_STOP=1 -c SELECT now();
▶ /Users/jerrystrain/Projects/proppadia/.venv/bin/python /Users/jerrystrain/Projects/proppadia/backend/nhl/scripts/import_schedule_today.py
▶ /Users/jerrystrain/Projects/proppadia/.venv/bin/python /Users/jerrystrain/Projects/proppadia/backend/nhl/scripts/import_roster_today.py
▶ /Users/jerrystrain/Projects/proppadia/.venv/bin/python /Users/jerrystrain/Projects/proppadia/backend/nhl/scripts/refresh_players_and_roster_today.py
▶ psql --no-psqlrc -v ON_ERROR_STOP=1 postgresql://postgres.cnwwhhmpashijqbspvhf:q7ycpbcoCuItSgLr@aws-0-us-west-1.pooler.supabase.com:5432/postgres?sslmode=require&gssencmode=disable -v slate_date=2025-12-01 -f /Users/jerrystrain/Projects/proppadia/backend/nhl/sql/seed_sog_features_for_slate.sql
▶ psql --no-psqlrc -v ON_ERROR_STOP=1 postgresql://postgres.cnwwhhmpashijqbspvhf:q7ycpbcoCuItSgLr@aws-0-us-west-1.pooler.supabase.com:5432/postgres?sslmode=require&gssencmode=disable -v slate_date=2025-12-01 -f /Users/jerrystrain/Projects/proppadia/backend/nhl/sql/seed_goalie_features_for_slate.sql
↻ Refreshing SOG rollups in-table for 2025-03-16..2025-12-01 ...
▶ psql postgresql://postgres.cnwwhhmpashijqbspvhf:q7ycpbcoCuItSgLr@aws-0-us-west-1.pooler.supabase.com:5432/postgres?sslmode=require&gssencmode=disable --no-psqlrc -v ON_ERROR_STOP=1 -c 
    BEGIN;

    WITH params AS (
      SELECT DATE '2025-03-16' AS start_date, DATE '2025-12-01' AS end_date
    ),
    realized AS (
      SELECT
        l.player_id::bigint AS player_id,
        g.game_id::bigint   AS game_id,
        g.game_date::date   AS game_date,

        -- safe numeric casts (handle '' and NULL)
        COALESCE(NULLIF(BTRIM(l.shots_on_goal::text), ''), '0')::numeric AS sog,
        COALESCE(NULLIF(BTRIM(l.shot_attempts::text), ''), '0')::numeric AS attempts,

        NULLIF(COALESCE(NULLIF(BTRIM(l.toi_minutes::text), ''), '0')::numeric, 0) AS toi_min
      FROM nhl.skater_game_logs_raw l
      JOIN nhl.games g USING (game_id)
      JOIN params p ON TRUE
      -- include enough history before start_date so rolling windows at start_date aren't empty
      WHERE g.game_date BETWEEN (p.start_date - INTERVAL '260 days') AND p.end_date
    ),
    rolls AS (
      SELECT
        r.player_id,
        r.game_id,
        r.game_date,

        SUM(r.sog)      OVER w5  AS sog_5,
        SUM(r.toi_min)  OVER w5  AS toi_5,

        SUM(r.sog)      OVER w10 AS sog_10,
        SUM(r.attempts) OVER w10 AS att_10,
        SUM(r.toi_min)  OVER w10 AS toi_10,

        SUM(r.sog)      OVER w20 AS sog_20,
        SUM(r.toi_min)  OVER w20 AS toi_20

      FROM realized r
      WINDOW
        w5  AS (PARTITION BY r.player_id ORDER BY r.game_date, r.game_id ROWS BETWEEN 4  PRECEDING AND CURRENT ROW),
        w10 AS (PARTITION BY r.player_id ORDER BY r.game_date, r.game_id ROWS BETWEEN 9  PRECEDING AND CURRENT ROW),
        w20 AS (PARTITION BY r.player_id ORDER BY r.game_date, r.game_id ROWS BETWEEN 19 PRECEDING AND CURRENT ROW)
    ),
    rollups AS (
      SELECT
        player_id,
        game_id,
        game_date,

        CASE WHEN toi_5  IS NULL OR toi_5  <= 0 THEN NULL ELSE (sog_5  / toi_5 ) * 60 END AS d5_sog_per60,
        CASE WHEN toi_10 IS NULL OR toi_10 <= 0 THEN NULL ELSE (sog_10 / toi_10) * 60 END AS d10_sog_per60,
        CASE WHEN toi_20 IS NULL OR toi_20 <= 0 THEN NULL ELSE (sog_20 / toi_20) * 60 END AS d20_sog_per60,
        CASE WHEN toi_10 IS NULL OR toi_10 <= 0 THEN NULL ELSE (att_10 / toi_10) * 60 END AS attempts_d10_per60
      FROM rolls
    )
    UPDATE nhl.training_features_nhl_sog_enriched_pregame_v2 t
    SET
      d5_sog_per60       = r.d5_sog_per60,
      d10_sog_per60      = r.d10_sog_per60,
      d20_sog_per60      = r.d20_sog_per60,
      attempts_d10_per60 = r.attempts_d10_per60
    FROM rollups r, params p
    WHERE
      t.player_id = r.player_id
      AND t.game_id = r.game_id
      AND t.game_date = r.game_date
      AND t.game_date BETWEEN p.start_date AND p.end_date;

    COMMIT;
    
✅ SOG rollups refreshed.
[export_names_csv] wrote names CSV → /Users/jerrystrain/Projects/proppadia/backend/nhl/exports/names_2025-12-01.csv
✅ Exported SOG Denali features for 2025-12-01 → /Users/jerrystrain/Projects/proppadia/backend/nhl/exports/sog_features_2025-12-01_denali.csv
exports → sog_features_{slate}_denali.csv, train_goalie_saves_v2.csv, train_nhl_points_v2.csv
▶ /Users/jerrystrain/Projects/proppadia/.venv/bin/python /Users/jerrystrain/Projects/proppadia/backend/nhl/scripts/score_sog_player_denali.py --features-csv /Users/jerrystrain/Projects/proppadia/backend/nhl/exports/sog_features_2025-12-01_denali.csv --line 0.5 --models-root /Users/jerrystrain/Projects/proppadia/backend/nhl/models/latest/shots_on_goal/sog_player_denali --out-csv /Users/jerrystrain/Projects/proppadia/backend/nhl/data/processed/sog_predictions_0_5.csv
▶ /Users/jerrystrain/Projects/proppadia/.venv/bin/python /Users/jerrystrain/Projects/proppadia/backend/nhl/scripts/score_sog_player_denali.py --features-csv /Users/jerrystrain/Projects/proppadia/backend/nhl/exports/sog_features_2025-12-01_denali.csv --line 1.5 --models-root /Users/jerrystrain/Projects/proppadia/backend/nhl/models/latest/shots_on_goal/sog_player_denali --out-csv /Users/jerrystrain/Projects/proppadia/backend/nhl/data/processed/sog_predictions_1_5.csv
▶ /Users/jerrystrain/Projects/proppadia/.venv/bin/python /Users/jerrystrain/Projects/proppadia/backend/nhl/scripts/score_sog_player_denali.py --features-csv /Users/jerrystrain/Projects/proppadia/backend/nhl/exports/sog_features_2025-12-01_denali.csv --line 2.5 --models-root /Users/jerrystrain/Projects/proppadia/backend/nhl/models/latest/shots_on_goal/sog_player_denali --out-csv /Users/jerrystrain/Projects/proppadia/backend/nhl/data/processed/sog_predictions_2_5.csv
▶ /Users/jerrystrain/Projects/proppadia/.venv/bin/python /Users/jerrystrain/Projects/proppadia/backend/nhl/scripts/score_sog_player_denali.py --features-csv /Users/jerrystrain/Projects/proppadia/backend/nhl/exports/sog_features_2025-12-01_denali.csv --line 3.5 --models-root /Users/jerrystrain/Projects/proppadia/backend/nhl/models/latest/shots_on_goal/sog_player_denali --out-csv /Users/jerrystrain/Projects/proppadia/backend/nhl/data/processed/sog_predictions_3_5.csv
✅ Wrote merged SOG predictions → /Users/jerrystrain/Projects/proppadia/backend/nhl/data/processed/sog_predictions.csv
▶ /Users/jerrystrain/Projects/proppadia/.venv/bin/python /Users/jerrystrain/Projects/proppadia/backend/nhl/scripts/calibrate_sog_denali.py --train /Users/jerrystrain/Projects/proppadia/backend/nhl/data/processed/sog_calibration_training_denali.csv --wide-in /Users/jerrystrain/Projects/proppadia/backend/nhl/data/processed/sog_predictions.csv --wide-out /Users/jerrystrain/Projects/proppadia/backend/nhl/data/processed/sog_predictions_wide_calibrated.csv
▶ /Users/jerrystrain/Projects/proppadia/.venv/bin/python /Users/jerrystrain/Projects/proppadia/backend/nhl/scripts/load_sog_predictions_denali.py --pred-csv /Users/jerrystrain/Projects/proppadia/backend/nhl/data/processed/sog_predictions_wide_calibrated.csv --project nhl --prop-type shots_on_goal --slate-date 2025-12-01
▶ /Users/jerrystrain/Projects/proppadia/.venv/bin/python /Users/jerrystrain/Projects/proppadia/backend/nhl/scripts/score_nhl_props.py --model-dir /Users/jerrystrain/Projects/proppadia/backend/nhl/models/latest/goalie_saves --csv /Users/jerrystrain/Projects/proppadia/backend/nhl/exports/train_goalie_saves_v2.csv --feature-json backend/nhl/features/feature_metadata_nhl.json --feature-key goalie_saves --line 18.5,19.5,20.5,21.5,22.5,23.5,24.5,25.5,26.5,27.5,28.5,29.5,30.5 --out /Users/jerrystrain/Projects/proppadia/backend/nhl/data/processed/saves_predictions.csv
▶ /Users/jerrystrain/Projects/proppadia/.venv/bin/python /Users/jerrystrain/Projects/proppadia/backend/nhl/scripts/score_points_phoenix.py --features-csv /Users/jerrystrain/Projects/proppadia/backend/nhl/exports/train_nhl_points_v2.csv --model-root /Users/jerrystrain/Projects/proppadia/backend/nhl/models/latest/points --out /Users/jerrystrain/Projects/proppadia/backend/nhl/data/processed/points_predictions.csv✅ wrote 732 point-prop predictions to /Users/jerrystrain/Projects/proppadia/backend/nhl/data/processed/points_predictions.csv
[calibrate_points_phoenix] line=0.5 threshold=1 games=82137 hits=30979 base_rate=0.3772
[calibrate_points_phoenix] line=1.5 threshold=2 games=82137 hits=8189 base_rate=0.0997
[calibrate_points_phoenix] line=2.5 threshold=3 games=82137 hits=1796 base_rate=0.0219
[calibrate_points_phoenix] base_rates=0.5: 0.3772, 1.5: 0.0997, 2.5: 0.0219
[calibrate_points_phoenix] wrote calibrated predictions to backend/nhl/data/processed/points_predictions.csv (rows=732, lines=[0.5, 1.5, 2.5], blend_w=0.35)
[sog_with_market] SLATE_DATE (ET) = 2025-12-01
[sog_with_market] rows: 884 | matched price: 39/884
[sog_with_market] Lines present: [0.5, 1.5, 2.5, 3.5]
[sog_with_market] ✅ Wrote: /Users/jerrystrain/Projects/proppadia/nhl/site/data/sog_with_market.csv
[sog_with_market] Wrote unmatched to: /Users/jerrystrain/Projects/proppadia/nhl/site/data/unmatched_sog.csv  rows=845
[saves_with_market] filter SLATE_DATE=2025-12-01: kept 273
[saves_with_market] rows=273  matched_prices=0/273
[saves_with_market] lines present: [18.5, 19.5, 20.5, 21.5, 22.5, 23.5, 24.5, 25.5, 26.5, 27.5, 28.5, 29.5, 30.5]
[saves_with_market] ✅ wrote: /Users/jerrystrain/Projects/proppadia/nhl/site/data/saves_with_market.csv
[saves_with_market]     unmatched: /Users/jerrystrain/Projects/proppadia/nhl/site/data/unmatched_saves.csv  rows=273
[points_with_market] slate=2025-12-01 rows=732 matched_prices=37/732
[2025020406] upserted 4 goalie rows; skipped_no_map_so_far=0
[2025020407] upserted 4 goalie rows; skipped_no_map_so_far=0
[2025020408] upserted 3 goalie rows; skipped_no_map_so_far=1
[2025020409] upserted 3 goalie rows; skipped_no_map_so_far=2
[2025020410] upserted 4 goalie rows; skipped_no_map_so_far=2
Done. Upserted total 18 goalie rows for 2025-12-01; skipped_no_map=2
Refreshed players & roster_status for 2025-12-01 (source=API)
✅ roster_status rows present for 2025-12-01: 244
[2025020406] roster refresh: already in sync (36 skaters).
[2025020406] upserted 36 skater rows; skipped_no_map=0
[2025020407] roster refresh: already in sync (36 skaters).
[2025020407] upserted 36 skater rows; skipped_no_map=0
[2025020408] roster refresh: already in sync (36 skaters).
[2025020408] upserted 36 skater rows; skipped_no_map=0
[2025020409] roster refresh: already in sync (36 skaters).
[2025020409] upserted 36 skater rows; skipped_no_map=0
[2025020410] roster refresh: already in sync (36 skaters).
[2025020410] upserted 36 skater rows; skipped_no_map=0
Done. Upserted total 180 skater rows for 2025-12-01; skipped_no_map=0
INSERT 0 180
       which       | count 
-------------------+-------
 games_today       |     5
 roster_rows_today |   244
 preds_sog         |   884
 preds_saves       |     0
 preds_points      |     0
 predictions_total |   884
(6 rows)


▶ /Users/jerrystrain/Projects/proppadia/.venv/bin/python /Users/jerrystrain/Projects/proppadia/backend/nhl/scripts/calibrate_points_phoenix.py
[export_names_csv] wrote names CSV → /Users/jerrystrain/Projects/proppadia/backend/nhl/exports/names_2025-12-01.csv
▶ /Users/jerrystrain/Projects/proppadia/.venv/bin/python /Users/jerrystrain/Projects/proppadia/backend/nhl/scripts/build_sog_with_market.py --pred /Users/jerrystrain/Projects/proppadia/backend/nhl/data/processed/sog_predictions.csv --names /Users/jerrystrain/Projects/proppadia/backend/nhl/exports/names_2025-12-01.csv --odds-json /Users/jerrystrain/Projects/proppadia/nhl/site/data/odds_latest.json --out /Users/jerrystrain/Projects/proppadia/nhl/site/data/sog_with_market.csv --unmatched /Users/jerrystrain/Projects/proppadia/nhl/site/data/unmatched_sog.csv
▶ /Users/jerrystrain/Projects/proppadia/.venv/bin/python /Users/jerrystrain/Projects/proppadia/backend/nhl/scripts/build_saves_with_market.py --pred /Users/jerrystrain/Projects/proppadia/backend/nhl/data/processed/saves_predictions.csv --names /Users/jerrystrain/Projects/proppadia/backend/nhl/exports/names_2025-12-01.csv --odds-json /Users/jerrystrain/Projects/proppadia/nhl/site/data/odds_latest.json --out /Users/jerrystrain/Projects/proppadia/nhl/site/data/saves_with_market.csv --unmatched /Users/jerrystrain/Projects/proppadia/nhl/site/data/unmatched_saves.csv
▶ /Users/jerrystrain/Projects/proppadia/.venv/bin/python /Users/jerrystrain/Projects/proppadia/backend/nhl/scripts/build_points_with_market.py --odds-json /Users/jerrystrain/Projects/proppadia/nhl/site/data/odds_latest.json --events-json /Users/jerrystrain/Projects/proppadia/nhl/site/data/events_today.json --out /Users/jerrystrain/Projects/proppadia/nhl/site/data/points_with_market.csv --unmatched /Users/jerrystrain/Projects/proppadia/nhl/site/data/unmatched_points.csv --pred /Users/jerrystrain/Projects/proppadia/backend/nhl/data/processed/points_predictions.csv --names /Users/jerrystrain/Projects/proppadia/backend/nhl/exports/names_2025-12-01.csv
▶ /Users/jerrystrain/Projects/proppadia/.venv/bin/python /Users/jerrystrain/Projects/proppadia/backend/nhl/scripts/seed_goalie_logs_for_date.py
▶ /Users/jerrystrain/Projects/proppadia/.venv/bin/python /Users/jerrystrain/Projects/proppadia/backend/nhl/scripts/refresh_players_and_roster_today.py
▶ /Users/jerrystrain/Projects/proppadia/.venv/bin/python /Users/jerrystrain/Projects/proppadia/backend/nhl/scripts/seed_skater_logs_for_date.py
▶ psql postgresql://postgres.cnwwhhmpashijqbspvhf:q7ycpbcoCuItSgLr@aws-0-us-west-1.pooler.supabase.com:5432/postgres?sslmode=require&gssencmode=disable -v ON_ERROR_STOP=1 -c 
    WITH src AS (
      SELECT DISTINCT
        s.player_id, s.game_id, s.game_date,
        s.shots_on_goal, s.shot_attempts, s.toi_minutes, s.pp_toi_minutes
      FROM nhl.import_skater_logs_stage s
      WHERE s.game_date = DATE '2025-12-01'
    ),
    rs AS (
      SELECT DISTINCT game_id, team_id, player_id
      FROM nhl.roster_status
      WHERE game_id IN (SELECT game_id FROM nhl.games WHERE game_date = DATE '2025-12-01')
    ),
    g AS (
      SELECT game_id, home_team_id, away_team_id
      FROM nhl.games
      WHERE game_date = DATE '2025-12-01'
    ),
    joined AS (
      SELECT
        src.player_id,
        src.game_id,
        rs.team_id,
        CASE
          WHEN rs.team_id = g.home_team_id THEN g.away_team_id
          WHEN rs.team_id = g.away_team_id THEN g.home_team_id
          ELSE NULL
        END AS opponent_id,
        (rs.team_id = g.home_team_id) AS is_home,
        src.game_date,
        src.shots_on_goal,
        src.shot_attempts,
        src.toi_minutes,
        src.pp_toi_minutes
      FROM src
      JOIN rs ON rs.game_id = src.game_id AND rs.player_id = src.player_id
      JOIN g  ON g.game_id  = src.game_id
    )
    INSERT INTO nhl.skater_game_logs_raw
      (player_id, game_id, team_id, opponent_id, is_home, game_date,
       shots_on_goal, shot_attempts, toi_minutes, pp_toi_minutes)
    SELECT
      player_id, game_id, team_id, opponent_id, is_home, game_date,
      shots_on_goal, shot_attempts, toi_minutes, pp_toi_minutes
    FROM joined
    WHERE opponent_id IS NOT NULL
    ON CONFLICT (player_id, game_id) DO UPDATE SET
      team_id        = EXCLUDED.team_id,
      opponent_id    = EXCLUDED.opponent_id,
      is_home        = EXCLUDED.is_home,
      game_date      = EXCLUDED.game_date,
      shots_on_goal  = EXCLUDED.shots_on_goal,
      shot_attempts  = COALESCE(EXCLUDED.shot_attempts, nhl.skater_game_logs_raw.shot_attempts),
      toi_minutes    = EXCLUDED.toi_minutes,
      pp_toi_minutes = EXCLUDED.pp_toi_minutes;
    
▶ psql postgresql://postgres.cnwwhhmpashijqbspvhf:q7ycpbcoCuItSgLr@aws-0-us-west-1.pooler.supabase.com:5432/postgres?sslmode=require&gssencmode=disable -v ON_ERROR_STOP=1 -c 
    WITH g AS (SELECT game_id FROM nhl.games WHERE game_date = DATE '2025-12-01')
    SELECT 'games_today'            AS which, COUNT(*) FROM nhl.games         WHERE game_date = DATE '2025-12-01'
    UNION ALL SELECT 'roster_rows_today', COUNT(*) FROM nhl.roster_status r   WHERE r.game_id IN (SELECT game_id FROM g)
    UNION ALL SELECT 'preds_sog',         COUNT(*) FROM nhl.predictions p     WHERE p.game_id IN (SELECT game_id FROM g) AND p.prop = 'shots_on_goal'
    UNION ALL SELECT 'preds_saves',       COUNT(*) FROM nhl.predictions p     WHERE p.game_id IN (SELECT game_id FROM g) AND p.prop = 'goalie_saves'
    UNION ALL SELECT 'preds_points',      COUNT(*) FROM nhl.predictions p     WHERE p.game_id IN (SELECT game_id FROM g) AND p.prop = 'player_points'
    UNION ALL SELECT 'predictions_total', COUNT(*) FROM nhl.predictions p     WHERE p.game_id IN (SELECT game_id FROM g);
    

✅ Daily pipeline complete. Site data in nhl/site/data/.
2025-12-14 07:10:12  [post] 2025-12-01 games=5 sk_toi=180 sk_sog=140 gk_toi=0
2025-12-14 07:10:12  [day] 2025-12-02 begin
2025-12-14 07:10:12  [skip] 2025-12-02 no games
2025-12-14 07:10:12  [day] 2025-12-03 begin
2025-12-14 07:10:13  [run] 2025-12-03 attempt 1/3
              now              
-------------------------------
 2025-12-14 15:10:14.014452+00
(1 row)

[import_schedule_today] WARNING: no teams found in schedule payload
✅ Staged & merged 5 games for 2025-12-03 (ET)
↪︎ SKIP_PLAYERS=1: will not write nhl.players or nhl.player_external_ids
↪︎ SKIP_ROSTER_STATUS=1: importer will not write nhl.roster_status
🔧 Upserted/confirmed 0 players in nhl.players
🔄 Seeded 0 mappings in nhl.player_external_ids (provider='nhl')
✅ roster_status rows present for 2025-12-03: 228
Refreshed players & roster_status for 2025-12-03 (source=API)
✅ roster_status rows present for 2025-12-03: 232
seed_sog_features_for_slate: upserted rows for slate_date= '2025-12-03'
   210

psql:/Users/jerrystrain/Projects/proppadia/backend/nhl/sql/seed_goalie_features_for_slate.sql:29: NOTICE:  column "start_prob" of relation "training_features_goalie_saves_v2" already exists, skipping
 shots_faced

 saves

 toi_minutes

seed_goalie_features_for_slate: upserted rows for slate_date= '2025-12-03'
    22

BEGIN
UPDATE 1108
COMMIT
/Users/jerrystrain/Projects/proppadia/backend/nhl/scripts/score_sog_player_denali.py:73: FutureWarning: Downcasting behavior in `replace` is deprecated and will be removed in a future version. To retain the old behavior, explicitly call `result.infer_objects(copy=False)`. To opt-in to the future behavior, set `pd.set_option('future.no_silent_downcasting', True)`
  .replace(
✅ Scored SOG Denali for line 0.5 on 210 rows.
   Models: /Users/jerrystrain/Projects/proppadia/backend/nhl/models/latest/shots_on_goal/sog_player_denali/0_5
   Output: /Users/jerrystrain/Projects/proppadia/backend/nhl/data/processed/sog_predictions_0_5.csv
/Users/jerrystrain/Projects/proppadia/backend/nhl/scripts/score_sog_player_denali.py:73: FutureWarning: Downcasting behavior in `replace` is deprecated and will be removed in a future version. To retain the old behavior, explicitly call `result.infer_objects(copy=False)`. To opt-in to the future behavior, set `pd.set_option('future.no_silent_downcasting', True)`
  .replace(
✅ Scored SOG Denali for line 1.5 on 210 rows.
   Models: /Users/jerrystrain/Projects/proppadia/backend/nhl/models/latest/shots_on_goal/sog_player_denali/1_5
   Output: /Users/jerrystrain/Projects/proppadia/backend/nhl/data/processed/sog_predictions_1_5.csv
/Users/jerrystrain/Projects/proppadia/backend/nhl/scripts/score_sog_player_denali.py:73: FutureWarning: Downcasting behavior in `replace` is deprecated and will be removed in a future version. To retain the old behavior, explicitly call `result.infer_objects(copy=False)`. To opt-in to the future behavior, set `pd.set_option('future.no_silent_downcasting', True)`
  .replace(
✅ Scored SOG Denali for line 2.5 on 210 rows.
   Models: /Users/jerrystrain/Projects/proppadia/backend/nhl/models/latest/shots_on_goal/sog_player_denali/2_5
   Output: /Users/jerrystrain/Projects/proppadia/backend/nhl/data/processed/sog_predictions_2_5.csv
/Users/jerrystrain/Projects/proppadia/backend/nhl/scripts/score_sog_player_denali.py:73: FutureWarning: Downcasting behavior in `replace` is deprecated and will be removed in a future version. To retain the old behavior, explicitly call `result.infer_objects(copy=False)`. To opt-in to the future behavior, set `pd.set_option('future.no_silent_downcasting', True)`
  .replace(
✅ Scored SOG Denali for line 3.5 on 210 rows.
   Models: /Users/jerrystrain/Projects/proppadia/backend/nhl/models/latest/shots_on_goal/sog_player_denali/3_5
   Output: /Users/jerrystrain/Projects/proppadia/backend/nhl/data/processed/sog_predictions_3_5.csv
▶ Loading calibration training data from /Users/jerrystrain/Projects/proppadia/backend/nhl/data/processed/sog_calibration_training_denali.csv ...
  → Loaded 90148 training rows.
Per-line summary from training:
 line     n    avg_p  hit_rate
  0.5 22537 0.425975  0.869637
  1.5 22537 0.635902  0.522918
  2.5 22537 0.628931  0.273240
  3.5 22537 0.379612  0.128988
✅ Fitted isotonic calibration for line 0.5: rows=22537, blend_alpha=0.5
✅ Fitted isotonic calibration for line 1.5: rows=22537, blend_alpha=0.5
✅ Fitted isotonic calibration for line 2.5: rows=22537, blend_alpha=0.5
✅ Fitted isotonic calibration for line 3.5: rows=22537, blend_alpha=0.5

▶ Loading wide predictions from /Users/jerrystrain/Projects/proppadia/backend/nhl/data/processed/sog_predictions.csv ...
  → Found 4 p_over_* blend columns to calibrate: ['p_over_0_5', 'p_over_1_5', 'p_over_2_5', 'p_over_3_5']
  ✅ Calibrated column p_over_0_5 for line 0.5 (non-null rows: 210)
  ✅ Calibrated column p_over_1_5 for line 1.5 (non-null rows: 210)
  ✅ Calibrated column p_over_2_5 for line 2.5 (non-null rows: 210)
  ✅ Calibrated column p_over_3_5 for line 3.5 (non-null rows: 210)

✅ Wrote calibrated wide predictions → /Users/jerrystrain/Projects/proppadia/backend/nhl/data/processed/sog_predictions_wide_calibrated.csv
   Columns preserved: 18; final columns: 18
✅ Wrote calibration curves metadata → backend/nhl/data/processed/sog_denali_calibration_curves.json
→ Loading 840 SOG predictions into nhl.predictions
✅ Load complete.
Feature check:
  family: poisson
  date_col: game_date
  expected (model): 9
  provided (meta): 15
  missing_in_csv: []
  extra_in_csv (ignored): ['full_name', 'player_id', 'game_id', 'team_id', 'game_date', 'd10_shots_faced_per60', 'd10_save_pct', 'team_d10_sf_per_game', 'opp_d10_sf_allowed_per_game', 'pace_index', 'opp_d10_sf_per60', 'team_d10_sa_per60', 'pace_matchup_index', 'd20_saves_per60', 'team_d10_sf_per60', 'opp_d10_sa_per60'] 
  note: metadata includes features not used by this model: ['d20_saves_per60', 'team_d10_sf_per60', 'team_d10_sa_per60', 'opp_d10_sf_per60', 'opp_d10_sa_per60', 'pace_matchup_index']
✅ Wrote predictions to: /Users/jerrystrain/Projects/proppadia/backend/nhl/data/processed/saves_predictions.csv
ℹ️ Applied calibration for lines: 24.5
SLATE_DATE (ET): 2025-12-03
YDAY       (ET): 2025-12-03
▶ psql postgresql://postgres.cnwwhhmpashijqbspvhf:q7ycpbcoCuItSgLr@aws-0-us-west-1.pooler.supabase.com:5432/postgres?sslmode=require&gssencmode=disable -v ON_ERROR_STOP=1 -c SELECT now();
▶ /Users/jerrystrain/Projects/proppadia/.venv/bin/python /Users/jerrystrain/Projects/proppadia/backend/nhl/scripts/import_schedule_today.py
▶ /Users/jerrystrain/Projects/proppadia/.venv/bin/python /Users/jerrystrain/Projects/proppadia/backend/nhl/scripts/import_roster_today.py
▶ /Users/jerrystrain/Projects/proppadia/.venv/bin/python /Users/jerrystrain/Projects/proppadia/backend/nhl/scripts/refresh_players_and_roster_today.py
▶ psql --no-psqlrc -v ON_ERROR_STOP=1 postgresql://postgres.cnwwhhmpashijqbspvhf:q7ycpbcoCuItSgLr@aws-0-us-west-1.pooler.supabase.com:5432/postgres?sslmode=require&gssencmode=disable -v slate_date=2025-12-03 -f /Users/jerrystrain/Projects/proppadia/backend/nhl/sql/seed_sog_features_for_slate.sql
▶ psql --no-psqlrc -v ON_ERROR_STOP=1 postgresql://postgres.cnwwhhmpashijqbspvhf:q7ycpbcoCuItSgLr@aws-0-us-west-1.pooler.supabase.com:5432/postgres?sslmode=require&gssencmode=disable -v slate_date=2025-12-03 -f /Users/jerrystrain/Projects/proppadia/backend/nhl/sql/seed_goalie_features_for_slate.sql
↻ Refreshing SOG rollups in-table for 2025-03-18..2025-12-03 ...
▶ psql postgresql://postgres.cnwwhhmpashijqbspvhf:q7ycpbcoCuItSgLr@aws-0-us-west-1.pooler.supabase.com:5432/postgres?sslmode=require&gssencmode=disable --no-psqlrc -v ON_ERROR_STOP=1 -c 
    BEGIN;

    WITH params AS (
      SELECT DATE '2025-03-18' AS start_date, DATE '2025-12-03' AS end_date
    ),
    realized AS (
      SELECT
        l.player_id::bigint AS player_id,
        g.game_id::bigint   AS game_id,
        g.game_date::date   AS game_date,

        -- safe numeric casts (handle '' and NULL)
        COALESCE(NULLIF(BTRIM(l.shots_on_goal::text), ''), '0')::numeric AS sog,
        COALESCE(NULLIF(BTRIM(l.shot_attempts::text), ''), '0')::numeric AS attempts,

        NULLIF(COALESCE(NULLIF(BTRIM(l.toi_minutes::text), ''), '0')::numeric, 0) AS toi_min
      FROM nhl.skater_game_logs_raw l
      JOIN nhl.games g USING (game_id)
      JOIN params p ON TRUE
      -- include enough history before start_date so rolling windows at start_date aren't empty
      WHERE g.game_date BETWEEN (p.start_date - INTERVAL '260 days') AND p.end_date
    ),
    rolls AS (
      SELECT
        r.player_id,
        r.game_id,
        r.game_date,

        SUM(r.sog)      OVER w5  AS sog_5,
        SUM(r.toi_min)  OVER w5  AS toi_5,

        SUM(r.sog)      OVER w10 AS sog_10,
        SUM(r.attempts) OVER w10 AS att_10,
        SUM(r.toi_min)  OVER w10 AS toi_10,

        SUM(r.sog)      OVER w20 AS sog_20,
        SUM(r.toi_min)  OVER w20 AS toi_20

      FROM realized r
      WINDOW
        w5  AS (PARTITION BY r.player_id ORDER BY r.game_date, r.game_id ROWS BETWEEN 4  PRECEDING AND CURRENT ROW),
        w10 AS (PARTITION BY r.player_id ORDER BY r.game_date, r.game_id ROWS BETWEEN 9  PRECEDING AND CURRENT ROW),
        w20 AS (PARTITION BY r.player_id ORDER BY r.game_date, r.game_id ROWS BETWEEN 19 PRECEDING AND CURRENT ROW)
    ),
    rollups AS (
      SELECT
        player_id,
        game_id,
        game_date,

        CASE WHEN toi_5  IS NULL OR toi_5  <= 0 THEN NULL ELSE (sog_5  / toi_5 ) * 60 END AS d5_sog_per60,
        CASE WHEN toi_10 IS NULL OR toi_10 <= 0 THEN NULL ELSE (sog_10 / toi_10) * 60 END AS d10_sog_per60,
        CASE WHEN toi_20 IS NULL OR toi_20 <= 0 THEN NULL ELSE (sog_20 / toi_20) * 60 END AS d20_sog_per60,
        CASE WHEN toi_10 IS NULL OR toi_10 <= 0 THEN NULL ELSE (att_10 / toi_10) * 60 END AS attempts_d10_per60
      FROM rolls
    )
    UPDATE nhl.training_features_nhl_sog_enriched_pregame_v2 t
    SET
      d5_sog_per60       = r.d5_sog_per60,
      d10_sog_per60      = r.d10_sog_per60,
      d20_sog_per60      = r.d20_sog_per60,
      attempts_d10_per60 = r.attempts_d10_per60
    FROM rollups r, params p
    WHERE
      t.player_id = r.player_id
      AND t.game_id = r.game_id
      AND t.game_date = r.game_date
      AND t.game_date BETWEEN p.start_date AND p.end_date;

    COMMIT;
    
✅ SOG rollups refreshed.
[export_names_csv] wrote names CSV → /Users/jerrystrain/Projects/proppadia/backend/nhl/exports/names_2025-12-03.csv
✅ Exported SOG Denali features for 2025-12-03 → /Users/jerrystrain/Projects/proppadia/backend/nhl/exports/sog_features_2025-12-03_denali.csv
exports → sog_features_{slate}_denali.csv, train_goalie_saves_v2.csv, train_nhl_points_v2.csv
▶ /Users/jerrystrain/Projects/proppadia/.venv/bin/python /Users/jerrystrain/Projects/proppadia/backend/nhl/scripts/score_sog_player_denali.py --features-csv /Users/jerrystrain/Projects/proppadia/backend/nhl/exports/sog_features_2025-12-03_denali.csv --line 0.5 --models-root /Users/jerrystrain/Projects/proppadia/backend/nhl/models/latest/shots_on_goal/sog_player_denali --out-csv /Users/jerrystrain/Projects/proppadia/backend/nhl/data/processed/sog_predictions_0_5.csv
▶ /Users/jerrystrain/Projects/proppadia/.venv/bin/python /Users/jerrystrain/Projects/proppadia/backend/nhl/scripts/score_sog_player_denali.py --features-csv /Users/jerrystrain/Projects/proppadia/backend/nhl/exports/sog_features_2025-12-03_denali.csv --line 1.5 --models-root /Users/jerrystrain/Projects/proppadia/backend/nhl/models/latest/shots_on_goal/sog_player_denali --out-csv /Users/jerrystrain/Projects/proppadia/backend/nhl/data/processed/sog_predictions_1_5.csv
▶ /Users/jerrystrain/Projects/proppadia/.venv/bin/python /Users/jerrystrain/Projects/proppadia/backend/nhl/scripts/score_sog_player_denali.py --features-csv /Users/jerrystrain/Projects/proppadia/backend/nhl/exports/sog_features_2025-12-03_denali.csv --line 2.5 --models-root /Users/jerrystrain/Projects/proppadia/backend/nhl/models/latest/shots_on_goal/sog_player_denali --out-csv /Users/jerrystrain/Projects/proppadia/backend/nhl/data/processed/sog_predictions_2_5.csv
▶ /Users/jerrystrain/Projects/proppadia/.venv/bin/python /Users/jerrystrain/Projects/proppadia/backend/nhl/scripts/score_sog_player_denali.py --features-csv /Users/jerrystrain/Projects/proppadia/backend/nhl/exports/sog_features_2025-12-03_denali.csv --line 3.5 --models-root /Users/jerrystrain/Projects/proppadia/backend/nhl/models/latest/shots_on_goal/sog_player_denali --out-csv /Users/jerrystrain/Projects/proppadia/backend/nhl/data/processed/sog_predictions_3_5.csv
✅ Wrote merged SOG predictions → /Users/jerrystrain/Projects/proppadia/backend/nhl/data/processed/sog_predictions.csv
▶ /Users/jerrystrain/Projects/proppadia/.venv/bin/python /Users/jerrystrain/Projects/proppadia/backend/nhl/scripts/calibrate_sog_denali.py --train /Users/jerrystrain/Projects/proppadia/backend/nhl/data/processed/sog_calibration_training_denali.csv --wide-in /Users/jerrystrain/Projects/proppadia/backend/nhl/data/processed/sog_predictions.csv --wide-out /Users/jerrystrain/Projects/proppadia/backend/nhl/data/processed/sog_predictions_wide_calibrated.csv
▶ /Users/jerrystrain/Projects/proppadia/.venv/bin/python /Users/jerrystrain/Projects/proppadia/backend/nhl/scripts/load_sog_predictions_denali.py --pred-csv /Users/jerrystrain/Projects/proppadia/backend/nhl/data/processed/sog_predictions_wide_calibrated.csv --project nhl --prop-type shots_on_goal --slate-date 2025-12-03
▶ /Users/jerrystrain/Projects/proppadia/.venv/bin/python /Users/jerrystrain/Projects/proppadia/backend/nhl/scripts/score_nhl_props.py --model-dir /Users/jerrystrain/Projects/proppadia/backend/nhl/models/latest/goalie_saves --csv /Users/jerrystrain/Projects/proppadia/backend/nhl/exports/train_goalie_saves_v2.csv --feature-json backend/nhl/features/feature_metadata_nhl.json --feature-key goalie_saves --line 18.5,19.5,20.5,21.5,22.5,23.5,24.5,25.5,26.5,27.5,28.5,29.5,30.5 --out /Users/jerrystrain/Projects/proppadia/backend/nhl/data/processed/saves_predictions.csv
▶ /Users/jerrystrain/Projects/proppadia/.venv/bin/python /Users/jerrystrain/Projects/proppadia/backend/nhl/scripts/score_points_phoenix.py --features-csv /Users/jerrystrain/Projects/proppadia/backend/nhl/exports/train_nhl_points_v2.csv --model-root /Users/jerrystrain/Projects/proppadia/backend/nhl/models/latest/points --out /Users/jerrystrain/Projects/proppadia/backend/nhl/data/processed/points_predictions.csv✅ wrote 696 point-prop predictions to /Users/jerrystrain/Projects/proppadia/backend/nhl/data/processed/points_predictions.csv
[calibrate_points_phoenix] line=0.5 threshold=1 games=82137 hits=30979 base_rate=0.3772
[calibrate_points_phoenix] line=1.5 threshold=2 games=82137 hits=8189 base_rate=0.0997
[calibrate_points_phoenix] line=2.5 threshold=3 games=82137 hits=1796 base_rate=0.0219
[calibrate_points_phoenix] base_rates=0.5: 0.3772, 1.5: 0.0997, 2.5: 0.0219
[calibrate_points_phoenix] wrote calibrated predictions to backend/nhl/data/processed/points_predictions.csv (rows=696, lines=[0.5, 1.5, 2.5], blend_w=0.35)
[sog_with_market] SLATE_DATE (ET) = 2025-12-03
[sog_with_market] rows: 840 | matched price: 39/840
[sog_with_market] Lines present: [0.5, 1.5, 2.5, 3.5]
[sog_with_market] ✅ Wrote: /Users/jerrystrain/Projects/proppadia/nhl/site/data/sog_with_market.csv
[sog_with_market] Wrote unmatched to: /Users/jerrystrain/Projects/proppadia/nhl/site/data/unmatched_sog.csv  rows=801
[saves_with_market] filter SLATE_DATE=2025-12-03: kept 273
[saves_with_market] rows=273  matched_prices=0/273
[saves_with_market] lines present: [18.5, 19.5, 20.5, 21.5, 22.5, 23.5, 24.5, 25.5, 26.5, 27.5, 28.5, 29.5, 30.5]
[saves_with_market] ✅ wrote: /Users/jerrystrain/Projects/proppadia/nhl/site/data/saves_with_market.csv
[saves_with_market]     unmatched: /Users/jerrystrain/Projects/proppadia/nhl/site/data/unmatched_saves.csv  rows=273
[points_with_market] slate=2025-12-03 rows=696 matched_prices=39/696
[2025020421] upserted 4 goalie rows; skipped_no_map_so_far=0
[2025020422] upserted 3 goalie rows; skipped_no_map_so_far=1
[2025020423] upserted 4 goalie rows; skipped_no_map_so_far=1
[2025020424] upserted 3 goalie rows; skipped_no_map_so_far=2
[2025020425] upserted 4 goalie rows; skipped_no_map_so_far=2
Done. Upserted total 18 goalie rows for 2025-12-03; skipped_no_map=2
Refreshed players & roster_status for 2025-12-03 (source=API)
✅ roster_status rows present for 2025-12-03: 232
[2025020421] roster refresh: already in sync (35 skaters).
[2025020421] upserted 35 skater rows; skipped_no_map=1
[2025020422] roster refresh: already in sync (34 skaters).
[seed_skater_logs] warn: ensure_player_exists failed for nhl_id=8483728: Refusing to insert placeholder/empty name for nhl_id=8483728: ''
[2025020422] upserted 34 skater rows; skipped_no_map=2
[2025020423] roster refresh: already in sync (36 skaters).
[2025020423] upserted 36 skater rows; skipped_no_map=0
[2025020424] roster refresh: already in sync (35 skaters).
[seed_skater_logs] warn: ensure_player_exists failed for nhl_id=8483472: Refusing to insert placeholder/empty name for nhl_id=8483472: ''
[2025020424] upserted 35 skater rows; skipped_no_map=1
[2025020425] roster refresh: already in sync (35 skaters).
[2025020425] upserted 35 skater rows; skipped_no_map=1
Done. Upserted total 175 skater rows for 2025-12-03; skipped_no_map=5
INSERT 0 175
       which       | count 
-------------------+-------
 games_today       |     5
 roster_rows_today |   232
 preds_sog         |   840
 preds_saves       |     0
 preds_points      |     0
 predictions_total |   840
(6 rows)


▶ /Users/jerrystrain/Projects/proppadia/.venv/bin/python /Users/jerrystrain/Projects/proppadia/backend/nhl/scripts/calibrate_points_phoenix.py
[export_names_csv] wrote names CSV → /Users/jerrystrain/Projects/proppadia/backend/nhl/exports/names_2025-12-03.csv
▶ /Users/jerrystrain/Projects/proppadia/.venv/bin/python /Users/jerrystrain/Projects/proppadia/backend/nhl/scripts/build_sog_with_market.py --pred /Users/jerrystrain/Projects/proppadia/backend/nhl/data/processed/sog_predictions.csv --names /Users/jerrystrain/Projects/proppadia/backend/nhl/exports/names_2025-12-03.csv --odds-json /Users/jerrystrain/Projects/proppadia/nhl/site/data/odds_latest.json --out /Users/jerrystrain/Projects/proppadia/nhl/site/data/sog_with_market.csv --unmatched /Users/jerrystrain/Projects/proppadia/nhl/site/data/unmatched_sog.csv
▶ /Users/jerrystrain/Projects/proppadia/.venv/bin/python /Users/jerrystrain/Projects/proppadia/backend/nhl/scripts/build_saves_with_market.py --pred /Users/jerrystrain/Projects/proppadia/backend/nhl/data/processed/saves_predictions.csv --names /Users/jerrystrain/Projects/proppadia/backend/nhl/exports/names_2025-12-03.csv --odds-json /Users/jerrystrain/Projects/proppadia/nhl/site/data/odds_latest.json --out /Users/jerrystrain/Projects/proppadia/nhl/site/data/saves_with_market.csv --unmatched /Users/jerrystrain/Projects/proppadia/nhl/site/data/unmatched_saves.csv
▶ /Users/jerrystrain/Projects/proppadia/.venv/bin/python /Users/jerrystrain/Projects/proppadia/backend/nhl/scripts/build_points_with_market.py --odds-json /Users/jerrystrain/Projects/proppadia/nhl/site/data/odds_latest.json --events-json /Users/jerrystrain/Projects/proppadia/nhl/site/data/events_today.json --out /Users/jerrystrain/Projects/proppadia/nhl/site/data/points_with_market.csv --unmatched /Users/jerrystrain/Projects/proppadia/nhl/site/data/unmatched_points.csv --pred /Users/jerrystrain/Projects/proppadia/backend/nhl/data/processed/points_predictions.csv --names /Users/jerrystrain/Projects/proppadia/backend/nhl/exports/names_2025-12-03.csv
▶ /Users/jerrystrain/Projects/proppadia/.venv/bin/python /Users/jerrystrain/Projects/proppadia/backend/nhl/scripts/seed_goalie_logs_for_date.py
▶ /Users/jerrystrain/Projects/proppadia/.venv/bin/python /Users/jerrystrain/Projects/proppadia/backend/nhl/scripts/refresh_players_and_roster_today.py
▶ /Users/jerrystrain/Projects/proppadia/.venv/bin/python /Users/jerrystrain/Projects/proppadia/backend/nhl/scripts/seed_skater_logs_for_date.py
▶ psql postgresql://postgres.cnwwhhmpashijqbspvhf:q7ycpbcoCuItSgLr@aws-0-us-west-1.pooler.supabase.com:5432/postgres?sslmode=require&gssencmode=disable -v ON_ERROR_STOP=1 -c 
    WITH src AS (
      SELECT DISTINCT
        s.player_id, s.game_id, s.game_date,
        s.shots_on_goal, s.shot_attempts, s.toi_minutes, s.pp_toi_minutes
      FROM nhl.import_skater_logs_stage s
      WHERE s.game_date = DATE '2025-12-03'
    ),
    rs AS (
      SELECT DISTINCT game_id, team_id, player_id
      FROM nhl.roster_status
      WHERE game_id IN (SELECT game_id FROM nhl.games WHERE game_date = DATE '2025-12-03')
    ),
    g AS (
      SELECT game_id, home_team_id, away_team_id
      FROM nhl.games
      WHERE game_date = DATE '2025-12-03'
    ),
    joined AS (
      SELECT
        src.player_id,
        src.game_id,
        rs.team_id,
        CASE
          WHEN rs.team_id = g.home_team_id THEN g.away_team_id
          WHEN rs.team_id = g.away_team_id THEN g.home_team_id
          ELSE NULL
        END AS opponent_id,
        (rs.team_id = g.home_team_id) AS is_home,
        src.game_date,
        src.shots_on_goal,
        src.shot_attempts,
        src.toi_minutes,
        src.pp_toi_minutes
      FROM src
      JOIN rs ON rs.game_id = src.game_id AND rs.player_id = src.player_id
      JOIN g  ON g.game_id  = src.game_id
    )
    INSERT INTO nhl.skater_game_logs_raw
      (player_id, game_id, team_id, opponent_id, is_home, game_date,
       shots_on_goal, shot_attempts, toi_minutes, pp_toi_minutes)
    SELECT
      player_id, game_id, team_id, opponent_id, is_home, game_date,
      shots_on_goal, shot_attempts, toi_minutes, pp_toi_minutes
    FROM joined
    WHERE opponent_id IS NOT NULL
    ON CONFLICT (player_id, game_id) DO UPDATE SET
      team_id        = EXCLUDED.team_id,
      opponent_id    = EXCLUDED.opponent_id,
      is_home        = EXCLUDED.is_home,
      game_date      = EXCLUDED.game_date,
      shots_on_goal  = EXCLUDED.shots_on_goal,
      shot_attempts  = COALESCE(EXCLUDED.shot_attempts, nhl.skater_game_logs_raw.shot_attempts),
      toi_minutes    = EXCLUDED.toi_minutes,
      pp_toi_minutes = EXCLUDED.pp_toi_minutes;
    
▶ psql postgresql://postgres.cnwwhhmpashijqbspvhf:q7ycpbcoCuItSgLr@aws-0-us-west-1.pooler.supabase.com:5432/postgres?sslmode=require&gssencmode=disable -v ON_ERROR_STOP=1 -c 
    WITH g AS (SELECT game_id FROM nhl.games WHERE game_date = DATE '2025-12-03')
    SELECT 'games_today'            AS which, COUNT(*) FROM nhl.games         WHERE game_date = DATE '2025-12-03'
    UNION ALL SELECT 'roster_rows_today', COUNT(*) FROM nhl.roster_status r   WHERE r.game_id IN (SELECT game_id FROM g)
    UNION ALL SELECT 'preds_sog',         COUNT(*) FROM nhl.predictions p     WHERE p.game_id IN (SELECT game_id FROM g) AND p.prop = 'shots_on_goal'
    UNION ALL SELECT 'preds_saves',       COUNT(*) FROM nhl.predictions p     WHERE p.game_id IN (SELECT game_id FROM g) AND p.prop = 'goalie_saves'
    UNION ALL SELECT 'preds_points',      COUNT(*) FROM nhl.predictions p     WHERE p.game_id IN (SELECT game_id FROM g) AND p.prop = 'player_points'
    UNION ALL SELECT 'predictions_total', COUNT(*) FROM nhl.predictions p     WHERE p.game_id IN (SELECT game_id FROM g);
    

✅ Daily pipeline complete. Site data in nhl/site/data/.
2025-12-14 07:13:05  [post] 2025-12-03 games=5 sk_toi=175 sk_sog=146 gk_toi=0
2025-12-14 07:13:05  [day] 2025-12-04 begin
2025-12-14 07:13:05  [run] 2025-12-04 attempt 1/3
             now             
-----------------------------
 2025-12-14 15:13:06.3612+00
(1 row)

[import_schedule_today] WARNING: no teams found in schedule payload
✅ Staged & merged 10 games for 2025-12-04 (ET)
↪︎ SKIP_PLAYERS=1: will not write nhl.players or nhl.player_external_ids
↪︎ SKIP_ROSTER_STATUS=1: importer will not write nhl.roster_status
🔧 Upserted/confirmed 0 players in nhl.players
🔄 Seeded 0 mappings in nhl.player_external_ids (provider='nhl')
✅ roster_status rows present for 2025-12-04: 455
Refreshed players & roster_status for 2025-12-04 (source=API)
✅ roster_status rows present for 2025-12-04: 469
seed_sog_features_for_slate: upserted rows for slate_date= '2025-12-04'
   419

psql:/Users/jerrystrain/Projects/proppadia/backend/nhl/sql/seed_goalie_features_for_slate.sql:29: NOTICE:  column "start_prob" of relation "training_features_goalie_saves_v2" already exists, skipping
 shots_faced

 saves

 toi_minutes

seed_goalie_features_for_slate: upserted rows for slate_date= '2025-12-04'
    47

BEGIN
UPDATE 1459
COMMIT
/Users/jerrystrain/Projects/proppadia/backend/nhl/scripts/score_sog_player_denali.py:73: FutureWarning: Downcasting behavior in `replace` is deprecated and will be removed in a future version. To retain the old behavior, explicitly call `result.infer_objects(copy=False)`. To opt-in to the future behavior, set `pd.set_option('future.no_silent_downcasting', True)`
  .replace(
✅ Scored SOG Denali for line 0.5 on 419 rows.
   Models: /Users/jerrystrain/Projects/proppadia/backend/nhl/models/latest/shots_on_goal/sog_player_denali/0_5
   Output: /Users/jerrystrain/Projects/proppadia/backend/nhl/data/processed/sog_predictions_0_5.csv
/Users/jerrystrain/Projects/proppadia/backend/nhl/scripts/score_sog_player_denali.py:73: FutureWarning: Downcasting behavior in `replace` is deprecated and will be removed in a future version. To retain the old behavior, explicitly call `result.infer_objects(copy=False)`. To opt-in to the future behavior, set `pd.set_option('future.no_silent_downcasting', True)`
  .replace(
✅ Scored SOG Denali for line 1.5 on 419 rows.
   Models: /Users/jerrystrain/Projects/proppadia/backend/nhl/models/latest/shots_on_goal/sog_player_denali/1_5
   Output: /Users/jerrystrain/Projects/proppadia/backend/nhl/data/processed/sog_predictions_1_5.csv
/Users/jerrystrain/Projects/proppadia/backend/nhl/scripts/score_sog_player_denali.py:73: FutureWarning: Downcasting behavior in `replace` is deprecated and will be removed in a future version. To retain the old behavior, explicitly call `result.infer_objects(copy=False)`. To opt-in to the future behavior, set `pd.set_option('future.no_silent_downcasting', True)`
  .replace(
✅ Scored SOG Denali for line 2.5 on 419 rows.
   Models: /Users/jerrystrain/Projects/proppadia/backend/nhl/models/latest/shots_on_goal/sog_player_denali/2_5
   Output: /Users/jerrystrain/Projects/proppadia/backend/nhl/data/processed/sog_predictions_2_5.csv
/Users/jerrystrain/Projects/proppadia/backend/nhl/scripts/score_sog_player_denali.py:73: FutureWarning: Downcasting behavior in `replace` is deprecated and will be removed in a future version. To retain the old behavior, explicitly call `result.infer_objects(copy=False)`. To opt-in to the future behavior, set `pd.set_option('future.no_silent_downcasting', True)`
  .replace(
✅ Scored SOG Denali for line 3.5 on 419 rows.
   Models: /Users/jerrystrain/Projects/proppadia/backend/nhl/models/latest/shots_on_goal/sog_player_denali/3_5
   Output: /Users/jerrystrain/Projects/proppadia/backend/nhl/data/processed/sog_predictions_3_5.csv
▶ Loading calibration training data from /Users/jerrystrain/Projects/proppadia/backend/nhl/data/processed/sog_calibration_training_denali.csv ...
  → Loaded 90148 training rows.
Per-line summary from training:
 line     n    avg_p  hit_rate
  0.5 22537 0.425975  0.869637
  1.5 22537 0.635902  0.522918
  2.5 22537 0.628931  0.273240
  3.5 22537 0.379612  0.128988
✅ Fitted isotonic calibration for line 0.5: rows=22537, blend_alpha=0.5
✅ Fitted isotonic calibration for line 1.5: rows=22537, blend_alpha=0.5
✅ Fitted isotonic calibration for line 2.5: rows=22537, blend_alpha=0.5
✅ Fitted isotonic calibration for line 3.5: rows=22537, blend_alpha=0.5

▶ Loading wide predictions from /Users/jerrystrain/Projects/proppadia/backend/nhl/data/processed/sog_predictions.csv ...
  → Found 4 p_over_* blend columns to calibrate: ['p_over_0_5', 'p_over_1_5', 'p_over_2_5', 'p_over_3_5']
  ✅ Calibrated column p_over_0_5 for line 0.5 (non-null rows: 419)
  ✅ Calibrated column p_over_1_5 for line 1.5 (non-null rows: 419)
  ✅ Calibrated column p_over_2_5 for line 2.5 (non-null rows: 419)
  ✅ Calibrated column p_over_3_5 for line 3.5 (non-null rows: 419)

✅ Wrote calibrated wide predictions → /Users/jerrystrain/Projects/proppadia/backend/nhl/data/processed/sog_predictions_wide_calibrated.csv
   Columns preserved: 18; final columns: 18
✅ Wrote calibration curves metadata → backend/nhl/data/processed/sog_denali_calibration_curves.json
→ Loading 1676 SOG predictions into nhl.predictions
✅ Load complete.
Feature check:
  family: poisson
  date_col: game_date
  expected (model): 9
  provided (meta): 15
  missing_in_csv: []
  extra_in_csv (ignored): ['full_name', 'player_id', 'game_id', 'team_id', 'game_date', 'd10_shots_faced_per60', 'd10_save_pct', 'team_d10_sf_per_game', 'opp_d10_sf_allowed_per_game', 'pace_index', 'opp_d10_sf_per60', 'team_d10_sa_per60', 'pace_matchup_index', 'd20_saves_per60', 'team_d10_sf_per60', 'opp_d10_sa_per60'] 
  note: metadata includes features not used by this model: ['d20_saves_per60', 'team_d10_sf_per60', 'team_d10_sa_per60', 'opp_d10_sf_per60', 'opp_d10_sa_per60', 'pace_matchup_index']
✅ Wrote predictions to: /Users/jerrystrain/Projects/proppadia/backend/nhl/data/processed/saves_predictions.csv
ℹ️ Applied calibration for lines: 24.5
SLATE_DATE (ET): 2025-12-04
YDAY       (ET): 2025-12-04
▶ psql postgresql://postgres.cnwwhhmpashijqbspvhf:q7ycpbcoCuItSgLr@aws-0-us-west-1.pooler.supabase.com:5432/postgres?sslmode=require&gssencmode=disable -v ON_ERROR_STOP=1 -c SELECT now();
▶ /Users/jerrystrain/Projects/proppadia/.venv/bin/python /Users/jerrystrain/Projects/proppadia/backend/nhl/scripts/import_schedule_today.py
▶ /Users/jerrystrain/Projects/proppadia/.venv/bin/python /Users/jerrystrain/Projects/proppadia/backend/nhl/scripts/import_roster_today.py
▶ /Users/jerrystrain/Projects/proppadia/.venv/bin/python /Users/jerrystrain/Projects/proppadia/backend/nhl/scripts/refresh_players_and_roster_today.py
▶ psql --no-psqlrc -v ON_ERROR_STOP=1 postgresql://postgres.cnwwhhmpashijqbspvhf:q7ycpbcoCuItSgLr@aws-0-us-west-1.pooler.supabase.com:5432/postgres?sslmode=require&gssencmode=disable -v slate_date=2025-12-04 -f /Users/jerrystrain/Projects/proppadia/backend/nhl/sql/seed_sog_features_for_slate.sql
▶ psql --no-psqlrc -v ON_ERROR_STOP=1 postgresql://postgres.cnwwhhmpashijqbspvhf:q7ycpbcoCuItSgLr@aws-0-us-west-1.pooler.supabase.com:5432/postgres?sslmode=require&gssencmode=disable -v slate_date=2025-12-04 -f /Users/jerrystrain/Projects/proppadia/backend/nhl/sql/seed_goalie_features_for_slate.sql
↻ Refreshing SOG rollups in-table for 2025-03-19..2025-12-04 ...
▶ psql postgresql://postgres.cnwwhhmpashijqbspvhf:q7ycpbcoCuItSgLr@aws-0-us-west-1.pooler.supabase.com:5432/postgres?sslmode=require&gssencmode=disable --no-psqlrc -v ON_ERROR_STOP=1 -c 
    BEGIN;

    WITH params AS (
      SELECT DATE '2025-03-19' AS start_date, DATE '2025-12-04' AS end_date
    ),
    realized AS (
      SELECT
        l.player_id::bigint AS player_id,
        g.game_id::bigint   AS game_id,
        g.game_date::date   AS game_date,

        -- safe numeric casts (handle '' and NULL)
        COALESCE(NULLIF(BTRIM(l.shots_on_goal::text), ''), '0')::numeric AS sog,
        COALESCE(NULLIF(BTRIM(l.shot_attempts::text), ''), '0')::numeric AS attempts,

        NULLIF(COALESCE(NULLIF(BTRIM(l.toi_minutes::text), ''), '0')::numeric, 0) AS toi_min
      FROM nhl.skater_game_logs_raw l
      JOIN nhl.games g USING (game_id)
      JOIN params p ON TRUE
      -- include enough history before start_date so rolling windows at start_date aren't empty
      WHERE g.game_date BETWEEN (p.start_date - INTERVAL '260 days') AND p.end_date
    ),
    rolls AS (
      SELECT
        r.player_id,
        r.game_id,
        r.game_date,

        SUM(r.sog)      OVER w5  AS sog_5,
        SUM(r.toi_min)  OVER w5  AS toi_5,

        SUM(r.sog)      OVER w10 AS sog_10,
        SUM(r.attempts) OVER w10 AS att_10,
        SUM(r.toi_min)  OVER w10 AS toi_10,

        SUM(r.sog)      OVER w20 AS sog_20,
        SUM(r.toi_min)  OVER w20 AS toi_20

      FROM realized r
      WINDOW
        w5  AS (PARTITION BY r.player_id ORDER BY r.game_date, r.game_id ROWS BETWEEN 4  PRECEDING AND CURRENT ROW),
        w10 AS (PARTITION BY r.player_id ORDER BY r.game_date, r.game_id ROWS BETWEEN 9  PRECEDING AND CURRENT ROW),
        w20 AS (PARTITION BY r.player_id ORDER BY r.game_date, r.game_id ROWS BETWEEN 19 PRECEDING AND CURRENT ROW)
    ),
    rollups AS (
      SELECT
        player_id,
        game_id,
        game_date,

        CASE WHEN toi_5  IS NULL OR toi_5  <= 0 THEN NULL ELSE (sog_5  / toi_5 ) * 60 END AS d5_sog_per60,
        CASE WHEN toi_10 IS NULL OR toi_10 <= 0 THEN NULL ELSE (sog_10 / toi_10) * 60 END AS d10_sog_per60,
        CASE WHEN toi_20 IS NULL OR toi_20 <= 0 THEN NULL ELSE (sog_20 / toi_20) * 60 END AS d20_sog_per60,
        CASE WHEN toi_10 IS NULL OR toi_10 <= 0 THEN NULL ELSE (att_10 / toi_10) * 60 END AS attempts_d10_per60
      FROM rolls
    )
    UPDATE nhl.training_features_nhl_sog_enriched_pregame_v2 t
    SET
      d5_sog_per60       = r.d5_sog_per60,
      d10_sog_per60      = r.d10_sog_per60,
      d20_sog_per60      = r.d20_sog_per60,
      attempts_d10_per60 = r.attempts_d10_per60
    FROM rollups r, params p
    WHERE
      t.player_id = r.player_id
      AND t.game_id = r.game_id
      AND t.game_date = r.game_date
      AND t.game_date BETWEEN p.start_date AND p.end_date;

    COMMIT;
    
✅ SOG rollups refreshed.
[export_names_csv] wrote names CSV → /Users/jerrystrain/Projects/proppadia/backend/nhl/exports/names_2025-12-04.csv
✅ Exported SOG Denali features for 2025-12-04 → /Users/jerrystrain/Projects/proppadia/backend/nhl/exports/sog_features_2025-12-04_denali.csv
exports → sog_features_{slate}_denali.csv, train_goalie_saves_v2.csv, train_nhl_points_v2.csv
▶ /Users/jerrystrain/Projects/proppadia/.venv/bin/python /Users/jerrystrain/Projects/proppadia/backend/nhl/scripts/score_sog_player_denali.py --features-csv /Users/jerrystrain/Projects/proppadia/backend/nhl/exports/sog_features_2025-12-04_denali.csv --line 0.5 --models-root /Users/jerrystrain/Projects/proppadia/backend/nhl/models/latest/shots_on_goal/sog_player_denali --out-csv /Users/jerrystrain/Projects/proppadia/backend/nhl/data/processed/sog_predictions_0_5.csv
▶ /Users/jerrystrain/Projects/proppadia/.venv/bin/python /Users/jerrystrain/Projects/proppadia/backend/nhl/scripts/score_sog_player_denali.py --features-csv /Users/jerrystrain/Projects/proppadia/backend/nhl/exports/sog_features_2025-12-04_denali.csv --line 1.5 --models-root /Users/jerrystrain/Projects/proppadia/backend/nhl/models/latest/shots_on_goal/sog_player_denali --out-csv /Users/jerrystrain/Projects/proppadia/backend/nhl/data/processed/sog_predictions_1_5.csv
▶ /Users/jerrystrain/Projects/proppadia/.venv/bin/python /Users/jerrystrain/Projects/proppadia/backend/nhl/scripts/score_sog_player_denali.py --features-csv /Users/jerrystrain/Projects/proppadia/backend/nhl/exports/sog_features_2025-12-04_denali.csv --line 2.5 --models-root /Users/jerrystrain/Projects/proppadia/backend/nhl/models/latest/shots_on_goal/sog_player_denali --out-csv /Users/jerrystrain/Projects/proppadia/backend/nhl/data/processed/sog_predictions_2_5.csv
▶ /Users/jerrystrain/Projects/proppadia/.venv/bin/python /Users/jerrystrain/Projects/proppadia/backend/nhl/scripts/score_sog_player_denali.py --features-csv /Users/jerrystrain/Projects/proppadia/backend/nhl/exports/sog_features_2025-12-04_denali.csv --line 3.5 --models-root /Users/jerrystrain/Projects/proppadia/backend/nhl/models/latest/shots_on_goal/sog_player_denali --out-csv /Users/jerrystrain/Projects/proppadia/backend/nhl/data/processed/sog_predictions_3_5.csv
✅ Wrote merged SOG predictions → /Users/jerrystrain/Projects/proppadia/backend/nhl/data/processed/sog_predictions.csv
▶ /Users/jerrystrain/Projects/proppadia/.venv/bin/python /Users/jerrystrain/Projects/proppadia/backend/nhl/scripts/calibrate_sog_denali.py --train /Users/jerrystrain/Projects/proppadia/backend/nhl/data/processed/sog_calibration_training_denali.csv --wide-in /Users/jerrystrain/Projects/proppadia/backend/nhl/data/processed/sog_predictions.csv --wide-out /Users/jerrystrain/Projects/proppadia/backend/nhl/data/processed/sog_predictions_wide_calibrated.csv
▶ /Users/jerrystrain/Projects/proppadia/.venv/bin/python /Users/jerrystrain/Projects/proppadia/backend/nhl/scripts/load_sog_predictions_denali.py --pred-csv /Users/jerrystrain/Projects/proppadia/backend/nhl/data/processed/sog_predictions_wide_calibrated.csv --project nhl --prop-type shots_on_goal --slate-date 2025-12-04
▶ /Users/jerrystrain/Projects/proppadia/.venv/bin/python /Users/jerrystrain/Projects/proppadia/backend/nhl/scripts/score_nhl_props.py --model-dir /Users/jerrystrain/Projects/proppadia/backend/nhl/models/latest/goalie_saves --csv /Users/jerrystrain/Projects/proppadia/backend/nhl/exports/train_goalie_saves_v2.csv --feature-json backend/nhl/features/feature_metadata_nhl.json --feature-key goalie_saves --line 18.5,19.5,20.5,21.5,22.5,23.5,24.5,25.5,26.5,27.5,28.5,29.5,30.5 --out /Users/jerrystrain/Projects/proppadia/backend/nhl/data/processed/saves_predictions.csv
▶ /Users/jerrystrain/Projects/proppadia/.venv/bin/python /Users/jerrystrain/Projects/proppadia/backend/nhl/scripts/score_points_phoenix.py --features-csv /Users/jerrystrain/Projects/proppadia/backend/nhl/exports/train_nhl_points_v2.csv --model-root /Users/jerrystrain/Projects/proppadia/backend/nhl/models/latest/points --out /Users/jerrystrain/Projects/proppadia/backend/nhl/data/processed/points_predictions.csv✅ wrote 1407 point-prop predictions to /Users/jerrystrain/Projects/proppadia/backend/nhl/data/processed/points_predictions.csv
[calibrate_points_phoenix] line=0.5 threshold=1 games=82137 hits=30979 base_rate=0.3772
[calibrate_points_phoenix] line=1.5 threshold=2 games=82137 hits=8189 base_rate=0.0997
[calibrate_points_phoenix] line=2.5 threshold=3 games=82137 hits=1796 base_rate=0.0219
[calibrate_points_phoenix] base_rates=0.5: 0.3772, 1.5: 0.0997, 2.5: 0.0219
[calibrate_points_phoenix] wrote calibrated predictions to backend/nhl/data/processed/points_predictions.csv (rows=1407, lines=[0.5, 1.5, 2.5], blend_w=0.35)
[sog_with_market] SLATE_DATE (ET) = 2025-12-04
[sog_with_market] rows: 1676 | matched price: 42/1676
[sog_with_market] Lines present: [0.5, 1.5, 2.5, 3.5]
[sog_with_market] ✅ Wrote: /Users/jerrystrain/Projects/proppadia/nhl/site/data/sog_with_market.csv
[sog_with_market] Wrote unmatched to: /Users/jerrystrain/Projects/proppadia/nhl/site/data/unmatched_sog.csv  rows=1634
[saves_with_market] filter SLATE_DATE=2025-12-04: kept 624
[saves_with_market] rows=624  matched_prices=0/624
[saves_with_market] lines present: [18.5, 19.5, 20.5, 21.5, 22.5, 23.5, 24.5, 25.5, 26.5, 27.5, 28.5, 29.5, 30.5]
[saves_with_market] ✅ wrote: /Users/jerrystrain/Projects/proppadia/nhl/site/data/saves_with_market.csv
[saves_with_market]     unmatched: /Users/jerrystrain/Projects/proppadia/nhl/site/data/unmatched_saves.csv  rows=624
[points_with_market] slate=2025-12-04 rows=1407 matched_prices=40/1407
[2025020426] upserted 4 goalie rows; skipped_no_map_so_far=0
[2025020427] upserted 3 goalie rows; skipped_no_map_so_far=1
[2025020428] upserted 4 goalie rows; skipped_no_map_so_far=1
[2025020429] upserted 4 goalie rows; skipped_no_map_so_far=1
[2025020430] upserted 4 goalie rows; skipped_no_map_so_far=1
[2025020431] upserted 4 goalie rows; skipped_no_map_so_far=1
[2025020432] upserted 4 goalie rows; skipped_no_map_so_far=1
[2025020433] upserted 4 goalie rows; skipped_no_map_so_far=1
[2025020434] upserted 4 goalie rows; skipped_no_map_so_far=1
[2025020435] upserted 4 goalie rows; skipped_no_map_so_far=1
Done. Upserted total 39 goalie rows for 2025-12-04; skipped_no_map=1
Refreshed players & roster_status for 2025-12-04 (source=API)
✅ roster_status rows present for 2025-12-04: 469
[2025020426] roster refresh: already in sync (35 skaters).
[2025020426] upserted 35 skater rows; skipped_no_map=1
[2025020427] roster refresh: already in sync (35 skaters).
[2025020427] upserted 35 skater rows; skipped_no_map=1
[2025020428] roster refresh: already in sync (36 skaters).
[2025020428] upserted 36 skater rows; skipped_no_map=0
[2025020429] roster refresh: already in sync (35 skaters).
[seed_skater_logs] warn: ensure_player_exists failed for nhl_id=8483513: Refusing to insert placeholder/empty name for nhl_id=8483513: ''
[2025020429] upserted 35 skater rows; skipped_no_map=1
[2025020430] roster refresh: already in sync (34 skaters).
[seed_skater_logs] warn: ensure_player_exists failed for nhl_id=8484262: Refusing to insert placeholder/empty name for nhl_id=8484262: ''
[2025020430] upserted 34 skater rows; skipped_no_map=2
[2025020431] roster refresh: already in sync (35 skaters).
[2025020431] upserted 35 skater rows; skipped_no_map=1
[2025020432] roster refresh: already in sync (36 skaters).
[2025020432] upserted 36 skater rows; skipped_no_map=0
[2025020433] roster refresh: already in sync (35 skaters).
[2025020433] upserted 35 skater rows; skipped_no_map=1
[2025020434] roster refresh: already in sync (34 skaters).
[2025020434] upserted 34 skater rows; skipped_no_map=2
[2025020435] roster refresh: already in sync (36 skaters).
[2025020435] upserted 36 skater rows; skipped_no_map=0
Done. Upserted total 351 skater rows for 2025-12-04; skipped_no_map=9
INSERT 0 351
       which       | count 
-------------------+-------
 games_today       |    10
 roster_rows_today |   469
 preds_sog         |  1676
 preds_saves       |     0
 preds_points      |     0
 predictions_total |  1676
(6 rows)


▶ /Users/jerrystrain/Projects/proppadia/.venv/bin/python /Users/jerrystrain/Projects/proppadia/backend/nhl/scripts/calibrate_points_phoenix.py
[export_names_csv] wrote names CSV → /Users/jerrystrain/Projects/proppadia/backend/nhl/exports/names_2025-12-04.csv
▶ /Users/jerrystrain/Projects/proppadia/.venv/bin/python /Users/jerrystrain/Projects/proppadia/backend/nhl/scripts/build_sog_with_market.py --pred /Users/jerrystrain/Projects/proppadia/backend/nhl/data/processed/sog_predictions.csv --names /Users/jerrystrain/Projects/proppadia/backend/nhl/exports/names_2025-12-04.csv --odds-json /Users/jerrystrain/Projects/proppadia/nhl/site/data/odds_latest.json --out /Users/jerrystrain/Projects/proppadia/nhl/site/data/sog_with_market.csv --unmatched /Users/jerrystrain/Projects/proppadia/nhl/site/data/unmatched_sog.csv
▶ /Users/jerrystrain/Projects/proppadia/.venv/bin/python /Users/jerrystrain/Projects/proppadia/backend/nhl/scripts/build_saves_with_market.py --pred /Users/jerrystrain/Projects/proppadia/backend/nhl/data/processed/saves_predictions.csv --names /Users/jerrystrain/Projects/proppadia/backend/nhl/exports/names_2025-12-04.csv --odds-json /Users/jerrystrain/Projects/proppadia/nhl/site/data/odds_latest.json --out /Users/jerrystrain/Projects/proppadia/nhl/site/data/saves_with_market.csv --unmatched /Users/jerrystrain/Projects/proppadia/nhl/site/data/unmatched_saves.csv
▶ /Users/jerrystrain/Projects/proppadia/.venv/bin/python /Users/jerrystrain/Projects/proppadia/backend/nhl/scripts/build_points_with_market.py --odds-json /Users/jerrystrain/Projects/proppadia/nhl/site/data/odds_latest.json --events-json /Users/jerrystrain/Projects/proppadia/nhl/site/data/events_today.json --out /Users/jerrystrain/Projects/proppadia/nhl/site/data/points_with_market.csv --unmatched /Users/jerrystrain/Projects/proppadia/nhl/site/data/unmatched_points.csv --pred /Users/jerrystrain/Projects/proppadia/backend/nhl/data/processed/points_predictions.csv --names /Users/jerrystrain/Projects/proppadia/backend/nhl/exports/names_2025-12-04.csv
▶ /Users/jerrystrain/Projects/proppadia/.venv/bin/python /Users/jerrystrain/Projects/proppadia/backend/nhl/scripts/seed_goalie_logs_for_date.py
▶ /Users/jerrystrain/Projects/proppadia/.venv/bin/python /Users/jerrystrain/Projects/proppadia/backend/nhl/scripts/refresh_players_and_roster_today.py
▶ /Users/jerrystrain/Projects/proppadia/.venv/bin/python /Users/jerrystrain/Projects/proppadia/backend/nhl/scripts/seed_skater_logs_for_date.py
▶ psql postgresql://postgres.cnwwhhmpashijqbspvhf:q7ycpbcoCuItSgLr@aws-0-us-west-1.pooler.supabase.com:5432/postgres?sslmode=require&gssencmode=disable -v ON_ERROR_STOP=1 -c 
    WITH src AS (
      SELECT DISTINCT
        s.player_id, s.game_id, s.game_date,
        s.shots_on_goal, s.shot_attempts, s.toi_minutes, s.pp_toi_minutes
      FROM nhl.import_skater_logs_stage s
      WHERE s.game_date = DATE '2025-12-04'
    ),
    rs AS (
      SELECT DISTINCT game_id, team_id, player_id
      FROM nhl.roster_status
      WHERE game_id IN (SELECT game_id FROM nhl.games WHERE game_date = DATE '2025-12-04')
    ),
    g AS (
      SELECT game_id, home_team_id, away_team_id
      FROM nhl.games
      WHERE game_date = DATE '2025-12-04'
    ),
    joined AS (
      SELECT
        src.player_id,
        src.game_id,
        rs.team_id,
        CASE
          WHEN rs.team_id = g.home_team_id THEN g.away_team_id
          WHEN rs.team_id = g.away_team_id THEN g.home_team_id
          ELSE NULL
        END AS opponent_id,
        (rs.team_id = g.home_team_id) AS is_home,
        src.game_date,
        src.shots_on_goal,
        src.shot_attempts,
        src.toi_minutes,
        src.pp_toi_minutes
      FROM src
      JOIN rs ON rs.game_id = src.game_id AND rs.player_id = src.player_id
      JOIN g  ON g.game_id  = src.game_id
    )
    INSERT INTO nhl.skater_game_logs_raw
      (player_id, game_id, team_id, opponent_id, is_home, game_date,
       shots_on_goal, shot_attempts, toi_minutes, pp_toi_minutes)
    SELECT
      player_id, game_id, team_id, opponent_id, is_home, game_date,
      shots_on_goal, shot_attempts, toi_minutes, pp_toi_minutes
    FROM joined
    WHERE opponent_id IS NOT NULL
    ON CONFLICT (player_id, game_id) DO UPDATE SET
      team_id        = EXCLUDED.team_id,
      opponent_id    = EXCLUDED.opponent_id,
      is_home        = EXCLUDED.is_home,
      game_date      = EXCLUDED.game_date,
      shots_on_goal  = EXCLUDED.shots_on_goal,
      shot_attempts  = COALESCE(EXCLUDED.shot_attempts, nhl.skater_game_logs_raw.shot_attempts),
      toi_minutes    = EXCLUDED.toi_minutes,
      pp_toi_minutes = EXCLUDED.pp_toi_minutes;
    
▶ psql postgresql://postgres.cnwwhhmpashijqbspvhf:q7ycpbcoCuItSgLr@aws-0-us-west-1.pooler.supabase.com:5432/postgres?sslmode=require&gssencmode=disable -v ON_ERROR_STOP=1 -c 
    WITH g AS (SELECT game_id FROM nhl.games WHERE game_date = DATE '2025-12-04')
    SELECT 'games_today'            AS which, COUNT(*) FROM nhl.games         WHERE game_date = DATE '2025-12-04'
    UNION ALL SELECT 'roster_rows_today', COUNT(*) FROM nhl.roster_status r   WHERE r.game_id IN (SELECT game_id FROM g)
    UNION ALL SELECT 'preds_sog',         COUNT(*) FROM nhl.predictions p     WHERE p.game_id IN (SELECT game_id FROM g) AND p.prop = 'shots_on_goal'
    UNION ALL SELECT 'preds_saves',       COUNT(*) FROM nhl.predictions p     WHERE p.game_id IN (SELECT game_id FROM g) AND p.prop = 'goalie_saves'
    UNION ALL SELECT 'preds_points',      COUNT(*) FROM nhl.predictions p     WHERE p.game_id IN (SELECT game_id FROM g) AND p.prop = 'player_points'
    UNION ALL SELECT 'predictions_total', COUNT(*) FROM nhl.predictions p     WHERE p.game_id IN (SELECT game_id FROM g);
    

✅ Daily pipeline complete. Site data in nhl/site/data/.
2025-12-14 07:17:58  [post] 2025-12-04 games=10 sk_toi=351 sk_sog=271 gk_toi=0
2025-12-14 07:17:58  [day] 2025-12-05 begin
2025-12-14 07:17:59  [run] 2025-12-05 attempt 1/3
              now              
-------------------------------
 2025-12-14 15:17:59.572554+00
(1 row)

[import_schedule_today] WARNING: no teams found in schedule payload
✅ Staged & merged 5 games for 2025-12-05 (ET)
↪︎ SKIP_PLAYERS=1: will not write nhl.players or nhl.player_external_ids
↪︎ SKIP_ROSTER_STATUS=1: importer will not write nhl.roster_status
🔧 Upserted/confirmed 0 players in nhl.players
🔄 Seeded 0 mappings in nhl.player_external_ids (provider='nhl')
✅ roster_status rows present for 2025-12-05: 232
Refreshed players & roster_status for 2025-12-05 (source=API)
✅ roster_status rows present for 2025-12-05: 237
seed_sog_features_for_slate: upserted rows for slate_date= '2025-12-05'
   213

psql:/Users/jerrystrain/Projects/proppadia/backend/nhl/sql/seed_goalie_features_for_slate.sql:29: NOTICE:  column "start_prob" of relation "training_features_goalie_saves_v2" already exists, skipping
 shots_faced

 saves

 toi_minutes

seed_goalie_features_for_slate: upserted rows for slate_date= '2025-12-05'
    24

BEGIN
UPDATE 1634
COMMIT
/Users/jerrystrain/Projects/proppadia/backend/nhl/scripts/score_sog_player_denali.py:73: FutureWarning: Downcasting behavior in `replace` is deprecated and will be removed in a future version. To retain the old behavior, explicitly call `result.infer_objects(copy=False)`. To opt-in to the future behavior, set `pd.set_option('future.no_silent_downcasting', True)`
  .replace(
✅ Scored SOG Denali for line 0.5 on 213 rows.
   Models: /Users/jerrystrain/Projects/proppadia/backend/nhl/models/latest/shots_on_goal/sog_player_denali/0_5
   Output: /Users/jerrystrain/Projects/proppadia/backend/nhl/data/processed/sog_predictions_0_5.csv
/Users/jerrystrain/Projects/proppadia/backend/nhl/scripts/score_sog_player_denali.py:73: FutureWarning: Downcasting behavior in `replace` is deprecated and will be removed in a future version. To retain the old behavior, explicitly call `result.infer_objects(copy=False)`. To opt-in to the future behavior, set `pd.set_option('future.no_silent_downcasting', True)`
  .replace(
✅ Scored SOG Denali for line 1.5 on 213 rows.
   Models: /Users/jerrystrain/Projects/proppadia/backend/nhl/models/latest/shots_on_goal/sog_player_denali/1_5
   Output: /Users/jerrystrain/Projects/proppadia/backend/nhl/data/processed/sog_predictions_1_5.csv
/Users/jerrystrain/Projects/proppadia/backend/nhl/scripts/score_sog_player_denali.py:73: FutureWarning: Downcasting behavior in `replace` is deprecated and will be removed in a future version. To retain the old behavior, explicitly call `result.infer_objects(copy=False)`. To opt-in to the future behavior, set `pd.set_option('future.no_silent_downcasting', True)`
  .replace(
✅ Scored SOG Denali for line 2.5 on 213 rows.
   Models: /Users/jerrystrain/Projects/proppadia/backend/nhl/models/latest/shots_on_goal/sog_player_denali/2_5
   Output: /Users/jerrystrain/Projects/proppadia/backend/nhl/data/processed/sog_predictions_2_5.csv
/Users/jerrystrain/Projects/proppadia/backend/nhl/scripts/score_sog_player_denali.py:73: FutureWarning: Downcasting behavior in `replace` is deprecated and will be removed in a future version. To retain the old behavior, explicitly call `result.infer_objects(copy=False)`. To opt-in to the future behavior, set `pd.set_option('future.no_silent_downcasting', True)`
  .replace(
✅ Scored SOG Denali for line 3.5 on 213 rows.
   Models: /Users/jerrystrain/Projects/proppadia/backend/nhl/models/latest/shots_on_goal/sog_player_denali/3_5
   Output: /Users/jerrystrain/Projects/proppadia/backend/nhl/data/processed/sog_predictions_3_5.csv
▶ Loading calibration training data from /Users/jerrystrain/Projects/proppadia/backend/nhl/data/processed/sog_calibration_training_denali.csv ...
  → Loaded 90148 training rows.
Per-line summary from training:
 line     n    avg_p  hit_rate
  0.5 22537 0.425975  0.869637
  1.5 22537 0.635902  0.522918
  2.5 22537 0.628931  0.273240
  3.5 22537 0.379612  0.128988
✅ Fitted isotonic calibration for line 0.5: rows=22537, blend_alpha=0.5
✅ Fitted isotonic calibration for line 1.5: rows=22537, blend_alpha=0.5
✅ Fitted isotonic calibration for line 2.5: rows=22537, blend_alpha=0.5
✅ Fitted isotonic calibration for line 3.5: rows=22537, blend_alpha=0.5

▶ Loading wide predictions from /Users/jerrystrain/Projects/proppadia/backend/nhl/data/processed/sog_predictions.csv ...
  → Found 4 p_over_* blend columns to calibrate: ['p_over_0_5', 'p_over_1_5', 'p_over_2_5', 'p_over_3_5']
  ✅ Calibrated column p_over_0_5 for line 0.5 (non-null rows: 213)
  ✅ Calibrated column p_over_1_5 for line 1.5 (non-null rows: 213)
  ✅ Calibrated column p_over_2_5 for line 2.5 (non-null rows: 213)
  ✅ Calibrated column p_over_3_5 for line 3.5 (non-null rows: 213)

✅ Wrote calibrated wide predictions → /Users/jerrystrain/Projects/proppadia/backend/nhl/data/processed/sog_predictions_wide_calibrated.csv
   Columns preserved: 18; final columns: 18
✅ Wrote calibration curves metadata → backend/nhl/data/processed/sog_denali_calibration_curves.json
→ Loading 852 SOG predictions into nhl.predictions
✅ Load complete.
Feature check:
  family: poisson
  date_col: game_date
  expected (model): 9
  provided (meta): 15
  missing_in_csv: []
  extra_in_csv (ignored): ['full_name', 'player_id', 'game_id', 'team_id', 'game_date', 'd10_shots_faced_per60', 'd10_save_pct', 'team_d10_sf_per_game', 'opp_d10_sf_allowed_per_game', 'pace_index', 'opp_d10_sf_per60', 'team_d10_sa_per60', 'pace_matchup_index', 'd20_saves_per60', 'team_d10_sf_per60', 'opp_d10_sa_per60'] 
  note: metadata includes features not used by this model: ['d20_saves_per60', 'team_d10_sf_per60', 'team_d10_sa_per60', 'opp_d10_sf_per60', 'opp_d10_sa_per60', 'pace_matchup_index']
✅ Wrote predictions to: /Users/jerrystrain/Projects/proppadia/backend/nhl/data/processed/saves_predictions.csv
ℹ️ Applied calibration for lines: 24.5
SLATE_DATE (ET): 2025-12-05
YDAY       (ET): 2025-12-05
▶ psql postgresql://postgres.cnwwhhmpashijqbspvhf:q7ycpbcoCuItSgLr@aws-0-us-west-1.pooler.supabase.com:5432/postgres?sslmode=require&gssencmode=disable -v ON_ERROR_STOP=1 -c SELECT now();
▶ /Users/jerrystrain/Projects/proppadia/.venv/bin/python /Users/jerrystrain/Projects/proppadia/backend/nhl/scripts/import_schedule_today.py
▶ /Users/jerrystrain/Projects/proppadia/.venv/bin/python /Users/jerrystrain/Projects/proppadia/backend/nhl/scripts/import_roster_today.py
▶ /Users/jerrystrain/Projects/proppadia/.venv/bin/python /Users/jerrystrain/Projects/proppadia/backend/nhl/scripts/refresh_players_and_roster_today.py
▶ psql --no-psqlrc -v ON_ERROR_STOP=1 postgresql://postgres.cnwwhhmpashijqbspvhf:q7ycpbcoCuItSgLr@aws-0-us-west-1.pooler.supabase.com:5432/postgres?sslmode=require&gssencmode=disable -v slate_date=2025-12-05 -f /Users/jerrystrain/Projects/proppadia/backend/nhl/sql/seed_sog_features_for_slate.sql
▶ psql --no-psqlrc -v ON_ERROR_STOP=1 postgresql://postgres.cnwwhhmpashijqbspvhf:q7ycpbcoCuItSgLr@aws-0-us-west-1.pooler.supabase.com:5432/postgres?sslmode=require&gssencmode=disable -v slate_date=2025-12-05 -f /Users/jerrystrain/Projects/proppadia/backend/nhl/sql/seed_goalie_features_for_slate.sql
↻ Refreshing SOG rollups in-table for 2025-03-20..2025-12-05 ...
▶ psql postgresql://postgres.cnwwhhmpashijqbspvhf:q7ycpbcoCuItSgLr@aws-0-us-west-1.pooler.supabase.com:5432/postgres?sslmode=require&gssencmode=disable --no-psqlrc -v ON_ERROR_STOP=1 -c 
    BEGIN;

    WITH params AS (
      SELECT DATE '2025-03-20' AS start_date, DATE '2025-12-05' AS end_date
    ),
    realized AS (
      SELECT
        l.player_id::bigint AS player_id,
        g.game_id::bigint   AS game_id,
        g.game_date::date   AS game_date,

        -- safe numeric casts (handle '' and NULL)
        COALESCE(NULLIF(BTRIM(l.shots_on_goal::text), ''), '0')::numeric AS sog,
        COALESCE(NULLIF(BTRIM(l.shot_attempts::text), ''), '0')::numeric AS attempts,

        NULLIF(COALESCE(NULLIF(BTRIM(l.toi_minutes::text), ''), '0')::numeric, 0) AS toi_min
      FROM nhl.skater_game_logs_raw l
      JOIN nhl.games g USING (game_id)
      JOIN params p ON TRUE
      -- include enough history before start_date so rolling windows at start_date aren't empty
      WHERE g.game_date BETWEEN (p.start_date - INTERVAL '260 days') AND p.end_date
    ),
    rolls AS (
      SELECT
        r.player_id,
        r.game_id,
        r.game_date,

        SUM(r.sog)      OVER w5  AS sog_5,
        SUM(r.toi_min)  OVER w5  AS toi_5,

        SUM(r.sog)      OVER w10 AS sog_10,
        SUM(r.attempts) OVER w10 AS att_10,
        SUM(r.toi_min)  OVER w10 AS toi_10,

        SUM(r.sog)      OVER w20 AS sog_20,
        SUM(r.toi_min)  OVER w20 AS toi_20

      FROM realized r
      WINDOW
        w5  AS (PARTITION BY r.player_id ORDER BY r.game_date, r.game_id ROWS BETWEEN 4  PRECEDING AND CURRENT ROW),
        w10 AS (PARTITION BY r.player_id ORDER BY r.game_date, r.game_id ROWS BETWEEN 9  PRECEDING AND CURRENT ROW),
        w20 AS (PARTITION BY r.player_id ORDER BY r.game_date, r.game_id ROWS BETWEEN 19 PRECEDING AND CURRENT ROW)
    ),
    rollups AS (
      SELECT
        player_id,
        game_id,
        game_date,

        CASE WHEN toi_5  IS NULL OR toi_5  <= 0 THEN NULL ELSE (sog_5  / toi_5 ) * 60 END AS d5_sog_per60,
        CASE WHEN toi_10 IS NULL OR toi_10 <= 0 THEN NULL ELSE (sog_10 / toi_10) * 60 END AS d10_sog_per60,
        CASE WHEN toi_20 IS NULL OR toi_20 <= 0 THEN NULL ELSE (sog_20 / toi_20) * 60 END AS d20_sog_per60,
        CASE WHEN toi_10 IS NULL OR toi_10 <= 0 THEN NULL ELSE (att_10 / toi_10) * 60 END AS attempts_d10_per60
      FROM rolls
    )
    UPDATE nhl.training_features_nhl_sog_enriched_pregame_v2 t
    SET
      d5_sog_per60       = r.d5_sog_per60,
      d10_sog_per60      = r.d10_sog_per60,
      d20_sog_per60      = r.d20_sog_per60,
      attempts_d10_per60 = r.attempts_d10_per60
    FROM rollups r, params p
    WHERE
      t.player_id = r.player_id
      AND t.game_id = r.game_id
      AND t.game_date = r.game_date
      AND t.game_date BETWEEN p.start_date AND p.end_date;

    COMMIT;
    
✅ SOG rollups refreshed.
[export_names_csv] wrote names CSV → /Users/jerrystrain/Projects/proppadia/backend/nhl/exports/names_2025-12-05.csv
✅ Exported SOG Denali features for 2025-12-05 → /Users/jerrystrain/Projects/proppadia/backend/nhl/exports/sog_features_2025-12-05_denali.csv
exports → sog_features_{slate}_denali.csv, train_goalie_saves_v2.csv, train_nhl_points_v2.csv
▶ /Users/jerrystrain/Projects/proppadia/.venv/bin/python /Users/jerrystrain/Projects/proppadia/backend/nhl/scripts/score_sog_player_denali.py --features-csv /Users/jerrystrain/Projects/proppadia/backend/nhl/exports/sog_features_2025-12-05_denali.csv --line 0.5 --models-root /Users/jerrystrain/Projects/proppadia/backend/nhl/models/latest/shots_on_goal/sog_player_denali --out-csv /Users/jerrystrain/Projects/proppadia/backend/nhl/data/processed/sog_predictions_0_5.csv
▶ /Users/jerrystrain/Projects/proppadia/.venv/bin/python /Users/jerrystrain/Projects/proppadia/backend/nhl/scripts/score_sog_player_denali.py --features-csv /Users/jerrystrain/Projects/proppadia/backend/nhl/exports/sog_features_2025-12-05_denali.csv --line 1.5 --models-root /Users/jerrystrain/Projects/proppadia/backend/nhl/models/latest/shots_on_goal/sog_player_denali --out-csv /Users/jerrystrain/Projects/proppadia/backend/nhl/data/processed/sog_predictions_1_5.csv
▶ /Users/jerrystrain/Projects/proppadia/.venv/bin/python /Users/jerrystrain/Projects/proppadia/backend/nhl/scripts/score_sog_player_denali.py --features-csv /Users/jerrystrain/Projects/proppadia/backend/nhl/exports/sog_features_2025-12-05_denali.csv --line 2.5 --models-root /Users/jerrystrain/Projects/proppadia/backend/nhl/models/latest/shots_on_goal/sog_player_denali --out-csv /Users/jerrystrain/Projects/proppadia/backend/nhl/data/processed/sog_predictions_2_5.csv
▶ /Users/jerrystrain/Projects/proppadia/.venv/bin/python /Users/jerrystrain/Projects/proppadia/backend/nhl/scripts/score_sog_player_denali.py --features-csv /Users/jerrystrain/Projects/proppadia/backend/nhl/exports/sog_features_2025-12-05_denali.csv --line 3.5 --models-root /Users/jerrystrain/Projects/proppadia/backend/nhl/models/latest/shots_on_goal/sog_player_denali --out-csv /Users/jerrystrain/Projects/proppadia/backend/nhl/data/processed/sog_predictions_3_5.csv
✅ Wrote merged SOG predictions → /Users/jerrystrain/Projects/proppadia/backend/nhl/data/processed/sog_predictions.csv
▶ /Users/jerrystrain/Projects/proppadia/.venv/bin/python /Users/jerrystrain/Projects/proppadia/backend/nhl/scripts/calibrate_sog_denali.py --train /Users/jerrystrain/Projects/proppadia/backend/nhl/data/processed/sog_calibration_training_denali.csv --wide-in /Users/jerrystrain/Projects/proppadia/backend/nhl/data/processed/sog_predictions.csv --wide-out /Users/jerrystrain/Projects/proppadia/backend/nhl/data/processed/sog_predictions_wide_calibrated.csv
▶ /Users/jerrystrain/Projects/proppadia/.venv/bin/python /Users/jerrystrain/Projects/proppadia/backend/nhl/scripts/load_sog_predictions_denali.py --pred-csv /Users/jerrystrain/Projects/proppadia/backend/nhl/data/processed/sog_predictions_wide_calibrated.csv --project nhl --prop-type shots_on_goal --slate-date 2025-12-05
▶ /Users/jerrystrain/Projects/proppadia/.venv/bin/python /Users/jerrystrain/Projects/proppadia/backend/nhl/scripts/score_nhl_props.py --model-dir /Users/jerrystrain/Projects/proppadia/backend/nhl/models/latest/goalie_saves --csv /Users/jerrystrain/Projects/proppadia/backend/nhl/exports/train_goalie_saves_v2.csv --feature-json backend/nhl/features/feature_metadata_nhl.json --feature-key goalie_saves --line 18.5,19.5,20.5,21.5,22.5,23.5,24.5,25.5,26.5,27.5,28.5,29.5,30.5 --out /Users/jerrystrain/Projects/proppadia/backend/nhl/data/processed/saves_predictions.csv
▶ /Users/jerrystrain/Projects/proppadia/.venv/bin/python /Users/jerrystrain/Projects/proppadia/backend/nhl/scripts/score_points_phoenix.py --features-csv /Users/jerrystrain/Projects/proppadia/backend/nhl/exports/train_nhl_points_v2.csv --model-root /Users/jerrystrain/Projects/proppadia/backend/nhl/models/latest/points --out /Users/jerrystrain/Projects/proppadia/backend/nhl/data/processed/points_predictions.csv✅ wrote 711 point-prop predictions to /Users/jerrystrain/Projects/proppadia/backend/nhl/data/processed/points_predictions.csv
[calibrate_points_phoenix] line=0.5 threshold=1 games=82137 hits=30979 base_rate=0.3772
[calibrate_points_phoenix] line=1.5 threshold=2 games=82137 hits=8189 base_rate=0.0997
[calibrate_points_phoenix] line=2.5 threshold=3 games=82137 hits=1796 base_rate=0.0219
[calibrate_points_phoenix] base_rates=0.5: 0.3772, 1.5: 0.0997, 2.5: 0.0219
[calibrate_points_phoenix] wrote calibrated predictions to backend/nhl/data/processed/points_predictions.csv (rows=711, lines=[0.5, 1.5, 2.5], blend_w=0.35)
[sog_with_market] SLATE_DATE (ET) = 2025-12-05
[sog_with_market] rows: 852 | matched price: 30/852
[sog_with_market] Lines present: [0.5, 1.5, 2.5, 3.5]
[sog_with_market] ✅ Wrote: /Users/jerrystrain/Projects/proppadia/nhl/site/data/sog_with_market.csv
[sog_with_market] Wrote unmatched to: /Users/jerrystrain/Projects/proppadia/nhl/site/data/unmatched_sog.csv  rows=822
[saves_with_market] filter SLATE_DATE=2025-12-05: kept 299
[saves_with_market] rows=299  matched_prices=0/299
[saves_with_market] lines present: [18.5, 19.5, 20.5, 21.5, 22.5, 23.5, 24.5, 25.5, 26.5, 27.5, 28.5, 29.5, 30.5]
[saves_with_market] ✅ wrote: /Users/jerrystrain/Projects/proppadia/nhl/site/data/saves_with_market.csv
[saves_with_market]     unmatched: /Users/jerrystrain/Projects/proppadia/nhl/site/data/unmatched_saves.csv  rows=299
[points_with_market] slate=2025-12-05 rows=711 matched_prices=30/711
[2025020436] upserted 3 goalie rows; skipped_no_map_so_far=1
[2025020437] upserted 3 goalie rows; skipped_no_map_so_far=2
[2025020438] upserted 4 goalie rows; skipped_no_map_so_far=2
[2025020439] upserted 4 goalie rows; skipped_no_map_so_far=2
[2025020440] upserted 2 goalie rows; skipped_no_map_so_far=4
Done. Upserted total 16 goalie rows for 2025-12-05; skipped_no_map=4
Refreshed players & roster_status for 2025-12-05 (source=API)
✅ roster_status rows present for 2025-12-05: 237
[2025020436] roster refresh: already in sync (35 skaters).
[seed_skater_logs] warn: ensure_player_exists failed for nhl_id=8483890: Refusing to insert placeholder/empty name for nhl_id=8483890: ''
[2025020436] upserted 35 skater rows; skipped_no_map=1
[2025020437] roster refresh: already in sync (35 skaters).
[2025020437] upserted 35 skater rows; skipped_no_map=1
[2025020438] roster refresh: already in sync (35 skaters).
[2025020438] upserted 35 skater rows; skipped_no_map=1
[2025020439] roster refresh: already in sync (35 skaters).
[seed_skater_logs] warn: ensure_player_exists failed for nhl_id=8483472: Refusing to insert placeholder/empty name for nhl_id=8483472: ''
[2025020439] upserted 35 skater rows; skipped_no_map=1
[2025020440] roster refresh: already in sync (36 skaters).
[2025020440] upserted 36 skater rows; skipped_no_map=0
Done. Upserted total 176 skater rows for 2025-12-05; skipped_no_map=4
INSERT 0 175
       which       | count 
-------------------+-------
 games_today       |     5
 roster_rows_today |   237
 preds_sog         |   852
 preds_saves       |     0
 preds_points      |     0
 predictions_total |   852
(6 rows)


▶ /Users/jerrystrain/Projects/proppadia/.venv/bin/python /Users/jerrystrain/Projects/proppadia/backend/nhl/scripts/calibrate_points_phoenix.py
[export_names_csv] wrote names CSV → /Users/jerrystrain/Projects/proppadia/backend/nhl/exports/names_2025-12-05.csv
▶ /Users/jerrystrain/Projects/proppadia/.venv/bin/python /Users/jerrystrain/Projects/proppadia/backend/nhl/scripts/build_sog_with_market.py --pred /Users/jerrystrain/Projects/proppadia/backend/nhl/data/processed/sog_predictions.csv --names /Users/jerrystrain/Projects/proppadia/backend/nhl/exports/names_2025-12-05.csv --odds-json /Users/jerrystrain/Projects/proppadia/nhl/site/data/odds_latest.json --out /Users/jerrystrain/Projects/proppadia/nhl/site/data/sog_with_market.csv --unmatched /Users/jerrystrain/Projects/proppadia/nhl/site/data/unmatched_sog.csv
▶ /Users/jerrystrain/Projects/proppadia/.venv/bin/python /Users/jerrystrain/Projects/proppadia/backend/nhl/scripts/build_saves_with_market.py --pred /Users/jerrystrain/Projects/proppadia/backend/nhl/data/processed/saves_predictions.csv --names /Users/jerrystrain/Projects/proppadia/backend/nhl/exports/names_2025-12-05.csv --odds-json /Users/jerrystrain/Projects/proppadia/nhl/site/data/odds_latest.json --out /Users/jerrystrain/Projects/proppadia/nhl/site/data/saves_with_market.csv --unmatched /Users/jerrystrain/Projects/proppadia/nhl/site/data/unmatched_saves.csv
▶ /Users/jerrystrain/Projects/proppadia/.venv/bin/python /Users/jerrystrain/Projects/proppadia/backend/nhl/scripts/build_points_with_market.py --odds-json /Users/jerrystrain/Projects/proppadia/nhl/site/data/odds_latest.json --events-json /Users/jerrystrain/Projects/proppadia/nhl/site/data/events_today.json --out /Users/jerrystrain/Projects/proppadia/nhl/site/data/points_with_market.csv --unmatched /Users/jerrystrain/Projects/proppadia/nhl/site/data/unmatched_points.csv --pred /Users/jerrystrain/Projects/proppadia/backend/nhl/data/processed/points_predictions.csv --names /Users/jerrystrain/Projects/proppadia/backend/nhl/exports/names_2025-12-05.csv
▶ /Users/jerrystrain/Projects/proppadia/.venv/bin/python /Users/jerrystrain/Projects/proppadia/backend/nhl/scripts/seed_goalie_logs_for_date.py
▶ /Users/jerrystrain/Projects/proppadia/.venv/bin/python /Users/jerrystrain/Projects/proppadia/backend/nhl/scripts/refresh_players_and_roster_today.py
▶ /Users/jerrystrain/Projects/proppadia/.venv/bin/python /Users/jerrystrain/Projects/proppadia/backend/nhl/scripts/seed_skater_logs_for_date.py
▶ psql postgresql://postgres.cnwwhhmpashijqbspvhf:q7ycpbcoCuItSgLr@aws-0-us-west-1.pooler.supabase.com:5432/postgres?sslmode=require&gssencmode=disable -v ON_ERROR_STOP=1 -c 
    WITH src AS (
      SELECT DISTINCT
        s.player_id, s.game_id, s.game_date,
        s.shots_on_goal, s.shot_attempts, s.toi_minutes, s.pp_toi_minutes
      FROM nhl.import_skater_logs_stage s
      WHERE s.game_date = DATE '2025-12-05'
    ),
    rs AS (
      SELECT DISTINCT game_id, team_id, player_id
      FROM nhl.roster_status
      WHERE game_id IN (SELECT game_id FROM nhl.games WHERE game_date = DATE '2025-12-05')
    ),
    g AS (
      SELECT game_id, home_team_id, away_team_id
      FROM nhl.games
      WHERE game_date = DATE '2025-12-05'
    ),
    joined AS (
      SELECT
        src.player_id,
        src.game_id,
        rs.team_id,
        CASE
          WHEN rs.team_id = g.home_team_id THEN g.away_team_id
          WHEN rs.team_id = g.away_team_id THEN g.home_team_id
          ELSE NULL
        END AS opponent_id,
        (rs.team_id = g.home_team_id) AS is_home,
        src.game_date,
        src.shots_on_goal,
        src.shot_attempts,
        src.toi_minutes,
        src.pp_toi_minutes
      FROM src
      JOIN rs ON rs.game_id = src.game_id AND rs.player_id = src.player_id
      JOIN g  ON g.game_id  = src.game_id
    )
    INSERT INTO nhl.skater_game_logs_raw
      (player_id, game_id, team_id, opponent_id, is_home, game_date,
       shots_on_goal, shot_attempts, toi_minutes, pp_toi_minutes)
    SELECT
      player_id, game_id, team_id, opponent_id, is_home, game_date,
      shots_on_goal, shot_attempts, toi_minutes, pp_toi_minutes
    FROM joined
    WHERE opponent_id IS NOT NULL
    ON CONFLICT (player_id, game_id) DO UPDATE SET
      team_id        = EXCLUDED.team_id,
      opponent_id    = EXCLUDED.opponent_id,
      is_home        = EXCLUDED.is_home,
      game_date      = EXCLUDED.game_date,
      shots_on_goal  = EXCLUDED.shots_on_goal,
      shot_attempts  = COALESCE(EXCLUDED.shot_attempts, nhl.skater_game_logs_raw.shot_attempts),
      toi_minutes    = EXCLUDED.toi_minutes,
      pp_toi_minutes = EXCLUDED.pp_toi_minutes;
    
▶ psql postgresql://postgres.cnwwhhmpashijqbspvhf:q7ycpbcoCuItSgLr@aws-0-us-west-1.pooler.supabase.com:5432/postgres?sslmode=require&gssencmode=disable -v ON_ERROR_STOP=1 -c 
    WITH g AS (SELECT game_id FROM nhl.games WHERE game_date = DATE '2025-12-05')
    SELECT 'games_today'            AS which, COUNT(*) FROM nhl.games         WHERE game_date = DATE '2025-12-05'
    UNION ALL SELECT 'roster_rows_today', COUNT(*) FROM nhl.roster_status r   WHERE r.game_id IN (SELECT game_id FROM g)
    UNION ALL SELECT 'preds_sog',         COUNT(*) FROM nhl.predictions p     WHERE p.game_id IN (SELECT game_id FROM g) AND p.prop = 'shots_on_goal'
    UNION ALL SELECT 'preds_saves',       COUNT(*) FROM nhl.predictions p     WHERE p.game_id IN (SELECT game_id FROM g) AND p.prop = 'goalie_saves'
    UNION ALL SELECT 'preds_points',      COUNT(*) FROM nhl.predictions p     WHERE p.game_id IN (SELECT game_id FROM g) AND p.prop = 'player_points'
    UNION ALL SELECT 'predictions_total', COUNT(*) FROM nhl.predictions p     WHERE p.game_id IN (SELECT game_id FROM g);
    

✅ Daily pipeline complete. Site data in nhl/site/data/.
2025-12-14 07:21:00  [post] 2025-12-05 games=5 sk_toi=175 sk_sog=121 gk_toi=0
2025-12-14 07:21:00  [day] 2025-12-06 begin
2025-12-14 07:21:01  [run] 2025-12-06 attempt 1/3
              now              
-------------------------------
 2025-12-14 15:21:01.518875+00
(1 row)

[import_schedule_today] WARNING: no teams found in schedule payload
✅ Staged & merged 12 games for 2025-12-06 (ET)
↪︎ SKIP_PLAYERS=1: will not write nhl.players or nhl.player_external_ids
↪︎ SKIP_ROSTER_STATUS=1: importer will not write nhl.roster_status
🔧 Upserted/confirmed 0 players in nhl.players
🔄 Seeded 0 mappings in nhl.player_external_ids (provider='nhl')
✅ roster_status rows present for 2025-12-06: 551
Refreshed players & roster_status for 2025-12-06 (source=API)
✅ roster_status rows present for 2025-12-06: 566
seed_sog_features_for_slate: upserted rows for slate_date= '2025-12-06'
   506

psql:/Users/jerrystrain/Projects/proppadia/backend/nhl/sql/seed_goalie_features_for_slate.sql:29: NOTICE:  column "start_prob" of relation "training_features_goalie_saves_v2" already exists, skipping
 shots_faced

 saves

 toi_minutes

seed_goalie_features_for_slate: upserted rows for slate_date= '2025-12-06'
    56

BEGIN
UPDATE 2056
COMMIT
/Users/jerrystrain/Projects/proppadia/backend/nhl/scripts/score_sog_player_denali.py:73: FutureWarning: Downcasting behavior in `replace` is deprecated and will be removed in a future version. To retain the old behavior, explicitly call `result.infer_objects(copy=False)`. To opt-in to the future behavior, set `pd.set_option('future.no_silent_downcasting', True)`
  .replace(
✅ Scored SOG Denali for line 0.5 on 506 rows.
   Models: /Users/jerrystrain/Projects/proppadia/backend/nhl/models/latest/shots_on_goal/sog_player_denali/0_5
   Output: /Users/jerrystrain/Projects/proppadia/backend/nhl/data/processed/sog_predictions_0_5.csv
/Users/jerrystrain/Projects/proppadia/backend/nhl/scripts/score_sog_player_denali.py:73: FutureWarning: Downcasting behavior in `replace` is deprecated and will be removed in a future version. To retain the old behavior, explicitly call `result.infer_objects(copy=False)`. To opt-in to the future behavior, set `pd.set_option('future.no_silent_downcasting', True)`
  .replace(
✅ Scored SOG Denali for line 1.5 on 506 rows.
   Models: /Users/jerrystrain/Projects/proppadia/backend/nhl/models/latest/shots_on_goal/sog_player_denali/1_5
   Output: /Users/jerrystrain/Projects/proppadia/backend/nhl/data/processed/sog_predictions_1_5.csv
/Users/jerrystrain/Projects/proppadia/backend/nhl/scripts/score_sog_player_denali.py:73: FutureWarning: Downcasting behavior in `replace` is deprecated and will be removed in a future version. To retain the old behavior, explicitly call `result.infer_objects(copy=False)`. To opt-in to the future behavior, set `pd.set_option('future.no_silent_downcasting', True)`
  .replace(
✅ Scored SOG Denali for line 2.5 on 506 rows.
   Models: /Users/jerrystrain/Projects/proppadia/backend/nhl/models/latest/shots_on_goal/sog_player_denali/2_5
   Output: /Users/jerrystrain/Projects/proppadia/backend/nhl/data/processed/sog_predictions_2_5.csv
/Users/jerrystrain/Projects/proppadia/backend/nhl/scripts/score_sog_player_denali.py:73: FutureWarning: Downcasting behavior in `replace` is deprecated and will be removed in a future version. To retain the old behavior, explicitly call `result.infer_objects(copy=False)`. To opt-in to the future behavior, set `pd.set_option('future.no_silent_downcasting', True)`
  .replace(
✅ Scored SOG Denali for line 3.5 on 506 rows.
   Models: /Users/jerrystrain/Projects/proppadia/backend/nhl/models/latest/shots_on_goal/sog_player_denali/3_5
   Output: /Users/jerrystrain/Projects/proppadia/backend/nhl/data/processed/sog_predictions_3_5.csv
▶ Loading calibration training data from /Users/jerrystrain/Projects/proppadia/backend/nhl/data/processed/sog_calibration_training_denali.csv ...
  → Loaded 90148 training rows.
Per-line summary from training:
 line     n    avg_p  hit_rate
  0.5 22537 0.425975  0.869637
  1.5 22537 0.635902  0.522918
  2.5 22537 0.628931  0.273240
  3.5 22537 0.379612  0.128988
✅ Fitted isotonic calibration for line 0.5: rows=22537, blend_alpha=0.5
✅ Fitted isotonic calibration for line 1.5: rows=22537, blend_alpha=0.5
✅ Fitted isotonic calibration for line 2.5: rows=22537, blend_alpha=0.5
✅ Fitted isotonic calibration for line 3.5: rows=22537, blend_alpha=0.5

▶ Loading wide predictions from /Users/jerrystrain/Projects/proppadia/backend/nhl/data/processed/sog_predictions.csv ...
  → Found 4 p_over_* blend columns to calibrate: ['p_over_0_5', 'p_over_1_5', 'p_over_2_5', 'p_over_3_5']
  ✅ Calibrated column p_over_0_5 for line 0.5 (non-null rows: 506)
  ✅ Calibrated column p_over_1_5 for line 1.5 (non-null rows: 506)
  ✅ Calibrated column p_over_2_5 for line 2.5 (non-null rows: 506)
  ✅ Calibrated column p_over_3_5 for line 3.5 (non-null rows: 506)

✅ Wrote calibrated wide predictions → /Users/jerrystrain/Projects/proppadia/backend/nhl/data/processed/sog_predictions_wide_calibrated.csv
   Columns preserved: 18; final columns: 18
✅ Wrote calibration curves metadata → backend/nhl/data/processed/sog_denali_calibration_curves.json
→ Loading 2024 SOG predictions into nhl.predictions
✅ Load complete.
Feature check:
  family: poisson
  date_col: game_date
  expected (model): 9
  provided (meta): 15
  missing_in_csv: []
  extra_in_csv (ignored): ['full_name', 'player_id', 'game_id', 'team_id', 'game_date', 'd10_shots_faced_per60', 'd10_save_pct', 'team_d10_sf_per_game', 'opp_d10_sf_allowed_per_game', 'pace_index', 'opp_d10_sf_per60', 'team_d10_sa_per60', 'pace_matchup_index', 'd20_saves_per60', 'team_d10_sf_per60', 'opp_d10_sa_per60'] 
  note: metadata includes features not used by this model: ['d20_saves_per60', 'team_d10_sf_per60', 'team_d10_sa_per60', 'opp_d10_sf_per60', 'opp_d10_sa_per60', 'pace_matchup_index']
✅ Wrote predictions to: /Users/jerrystrain/Projects/proppadia/backend/nhl/data/processed/saves_predictions.csv
ℹ️ Applied calibration for lines: 24.5
SLATE_DATE (ET): 2025-12-06
YDAY       (ET): 2025-12-06
▶ psql postgresql://postgres.cnwwhhmpashijqbspvhf:q7ycpbcoCuItSgLr@aws-0-us-west-1.pooler.supabase.com:5432/postgres?sslmode=require&gssencmode=disable -v ON_ERROR_STOP=1 -c SELECT now();
▶ /Users/jerrystrain/Projects/proppadia/.venv/bin/python /Users/jerrystrain/Projects/proppadia/backend/nhl/scripts/import_schedule_today.py
▶ /Users/jerrystrain/Projects/proppadia/.venv/bin/python /Users/jerrystrain/Projects/proppadia/backend/nhl/scripts/import_roster_today.py
▶ /Users/jerrystrain/Projects/proppadia/.venv/bin/python /Users/jerrystrain/Projects/proppadia/backend/nhl/scripts/refresh_players_and_roster_today.py
▶ psql --no-psqlrc -v ON_ERROR_STOP=1 postgresql://postgres.cnwwhhmpashijqbspvhf:q7ycpbcoCuItSgLr@aws-0-us-west-1.pooler.supabase.com:5432/postgres?sslmode=require&gssencmode=disable -v slate_date=2025-12-06 -f /Users/jerrystrain/Projects/proppadia/backend/nhl/sql/seed_sog_features_for_slate.sql
▶ psql --no-psqlrc -v ON_ERROR_STOP=1 postgresql://postgres.cnwwhhmpashijqbspvhf:q7ycpbcoCuItSgLr@aws-0-us-west-1.pooler.supabase.com:5432/postgres?sslmode=require&gssencmode=disable -v slate_date=2025-12-06 -f /Users/jerrystrain/Projects/proppadia/backend/nhl/sql/seed_goalie_features_for_slate.sql
↻ Refreshing SOG rollups in-table for 2025-03-21..2025-12-06 ...
▶ psql postgresql://postgres.cnwwhhmpashijqbspvhf:q7ycpbcoCuItSgLr@aws-0-us-west-1.pooler.supabase.com:5432/postgres?sslmode=require&gssencmode=disable --no-psqlrc -v ON_ERROR_STOP=1 -c 
    BEGIN;

    WITH params AS (
      SELECT DATE '2025-03-21' AS start_date, DATE '2025-12-06' AS end_date
    ),
    realized AS (
      SELECT
        l.player_id::bigint AS player_id,
        g.game_id::bigint   AS game_id,
        g.game_date::date   AS game_date,

        -- safe numeric casts (handle '' and NULL)
        COALESCE(NULLIF(BTRIM(l.shots_on_goal::text), ''), '0')::numeric AS sog,
        COALESCE(NULLIF(BTRIM(l.shot_attempts::text), ''), '0')::numeric AS attempts,

        NULLIF(COALESCE(NULLIF(BTRIM(l.toi_minutes::text), ''), '0')::numeric, 0) AS toi_min
      FROM nhl.skater_game_logs_raw l
      JOIN nhl.games g USING (game_id)
      JOIN params p ON TRUE
      -- include enough history before start_date so rolling windows at start_date aren't empty
      WHERE g.game_date BETWEEN (p.start_date - INTERVAL '260 days') AND p.end_date
    ),
    rolls AS (
      SELECT
        r.player_id,
        r.game_id,
        r.game_date,

        SUM(r.sog)      OVER w5  AS sog_5,
        SUM(r.toi_min)  OVER w5  AS toi_5,

        SUM(r.sog)      OVER w10 AS sog_10,
        SUM(r.attempts) OVER w10 AS att_10,
        SUM(r.toi_min)  OVER w10 AS toi_10,

        SUM(r.sog)      OVER w20 AS sog_20,
        SUM(r.toi_min)  OVER w20 AS toi_20

      FROM realized r
      WINDOW
        w5  AS (PARTITION BY r.player_id ORDER BY r.game_date, r.game_id ROWS BETWEEN 4  PRECEDING AND CURRENT ROW),
        w10 AS (PARTITION BY r.player_id ORDER BY r.game_date, r.game_id ROWS BETWEEN 9  PRECEDING AND CURRENT ROW),
        w20 AS (PARTITION BY r.player_id ORDER BY r.game_date, r.game_id ROWS BETWEEN 19 PRECEDING AND CURRENT ROW)
    ),
    rollups AS (
      SELECT
        player_id,
        game_id,
        game_date,

        CASE WHEN toi_5  IS NULL OR toi_5  <= 0 THEN NULL ELSE (sog_5  / toi_5 ) * 60 END AS d5_sog_per60,
        CASE WHEN toi_10 IS NULL OR toi_10 <= 0 THEN NULL ELSE (sog_10 / toi_10) * 60 END AS d10_sog_per60,
        CASE WHEN toi_20 IS NULL OR toi_20 <= 0 THEN NULL ELSE (sog_20 / toi_20) * 60 END AS d20_sog_per60,
        CASE WHEN toi_10 IS NULL OR toi_10 <= 0 THEN NULL ELSE (att_10 / toi_10) * 60 END AS attempts_d10_per60
      FROM rolls
    )
    UPDATE nhl.training_features_nhl_sog_enriched_pregame_v2 t
    SET
      d5_sog_per60       = r.d5_sog_per60,
      d10_sog_per60      = r.d10_sog_per60,
      d20_sog_per60      = r.d20_sog_per60,
      attempts_d10_per60 = r.attempts_d10_per60
    FROM rollups r, params p
    WHERE
      t.player_id = r.player_id
      AND t.game_id = r.game_id
      AND t.game_date = r.game_date
      AND t.game_date BETWEEN p.start_date AND p.end_date;

    COMMIT;
    
✅ SOG rollups refreshed.
[export_names_csv] wrote names CSV → /Users/jerrystrain/Projects/proppadia/backend/nhl/exports/names_2025-12-06.csv
✅ Exported SOG Denali features for 2025-12-06 → /Users/jerrystrain/Projects/proppadia/backend/nhl/exports/sog_features_2025-12-06_denali.csv
exports → sog_features_{slate}_denali.csv, train_goalie_saves_v2.csv, train_nhl_points_v2.csv
▶ /Users/jerrystrain/Projects/proppadia/.venv/bin/python /Users/jerrystrain/Projects/proppadia/backend/nhl/scripts/score_sog_player_denali.py --features-csv /Users/jerrystrain/Projects/proppadia/backend/nhl/exports/sog_features_2025-12-06_denali.csv --line 0.5 --models-root /Users/jerrystrain/Projects/proppadia/backend/nhl/models/latest/shots_on_goal/sog_player_denali --out-csv /Users/jerrystrain/Projects/proppadia/backend/nhl/data/processed/sog_predictions_0_5.csv
▶ /Users/jerrystrain/Projects/proppadia/.venv/bin/python /Users/jerrystrain/Projects/proppadia/backend/nhl/scripts/score_sog_player_denali.py --features-csv /Users/jerrystrain/Projects/proppadia/backend/nhl/exports/sog_features_2025-12-06_denali.csv --line 1.5 --models-root /Users/jerrystrain/Projects/proppadia/backend/nhl/models/latest/shots_on_goal/sog_player_denali --out-csv /Users/jerrystrain/Projects/proppadia/backend/nhl/data/processed/sog_predictions_1_5.csv
▶ /Users/jerrystrain/Projects/proppadia/.venv/bin/python /Users/jerrystrain/Projects/proppadia/backend/nhl/scripts/score_sog_player_denali.py --features-csv /Users/jerrystrain/Projects/proppadia/backend/nhl/exports/sog_features_2025-12-06_denali.csv --line 2.5 --models-root /Users/jerrystrain/Projects/proppadia/backend/nhl/models/latest/shots_on_goal/sog_player_denali --out-csv /Users/jerrystrain/Projects/proppadia/backend/nhl/data/processed/sog_predictions_2_5.csv
▶ /Users/jerrystrain/Projects/proppadia/.venv/bin/python /Users/jerrystrain/Projects/proppadia/backend/nhl/scripts/score_sog_player_denali.py --features-csv /Users/jerrystrain/Projects/proppadia/backend/nhl/exports/sog_features_2025-12-06_denali.csv --line 3.5 --models-root /Users/jerrystrain/Projects/proppadia/backend/nhl/models/latest/shots_on_goal/sog_player_denali --out-csv /Users/jerrystrain/Projects/proppadia/backend/nhl/data/processed/sog_predictions_3_5.csv
✅ Wrote merged SOG predictions → /Users/jerrystrain/Projects/proppadia/backend/nhl/data/processed/sog_predictions.csv
▶ /Users/jerrystrain/Projects/proppadia/.venv/bin/python /Users/jerrystrain/Projects/proppadia/backend/nhl/scripts/calibrate_sog_denali.py --train /Users/jerrystrain/Projects/proppadia/backend/nhl/data/processed/sog_calibration_training_denali.csv --wide-in /Users/jerrystrain/Projects/proppadia/backend/nhl/data/processed/sog_predictions.csv --wide-out /Users/jerrystrain/Projects/proppadia/backend/nhl/data/processed/sog_predictions_wide_calibrated.csv
▶ /Users/jerrystrain/Projects/proppadia/.venv/bin/python /Users/jerrystrain/Projects/proppadia/backend/nhl/scripts/load_sog_predictions_denali.py --pred-csv /Users/jerrystrain/Projects/proppadia/backend/nhl/data/processed/sog_predictions_wide_calibrated.csv --project nhl --prop-type shots_on_goal --slate-date 2025-12-06
▶ /Users/jerrystrain/Projects/proppadia/.venv/bin/python /Users/jerrystrain/Projects/proppadia/backend/nhl/scripts/score_nhl_props.py --model-dir /Users/jerrystrain/Projects/proppadia/backend/nhl/models/latest/goalie_saves --csv /Users/jerrystrain/Projects/proppadia/backend/nhl/exports/train_goalie_saves_v2.csv --feature-json backend/nhl/features/feature_metadata_nhl.json --feature-key goalie_saves --line 18.5,19.5,20.5,21.5,22.5,23.5,24.5,25.5,26.5,27.5,28.5,29.5,30.5 --out /Users/jerrystrain/Projects/proppadia/backend/nhl/data/processed/saves_predictions.csv
▶ /Users/jerrystrain/Projects/proppadia/.venv/bin/python /Users/jerrystrain/Projects/proppadia/backend/nhl/scripts/score_points_phoenix.py --features-csv /Users/jerrystrain/Projects/proppadia/backend/nhl/exports/train_nhl_points_v2.csv --model-root /Users/jerrystrain/Projects/proppadia/backend/nhl/models/latest/points --out /Users/jerrystrain/Projects/proppadia/backend/nhl/data/processed/points_predictions.csv✅ wrote 1698 point-prop predictions to /Users/jerrystrain/Projects/proppadia/backend/nhl/data/processed/points_predictions.csv
[calibrate_points_phoenix] line=0.5 threshold=1 games=82137 hits=30979 base_rate=0.3772
[calibrate_points_phoenix] line=1.5 threshold=2 games=82137 hits=8189 base_rate=0.0997
[calibrate_points_phoenix] line=2.5 threshold=3 games=82137 hits=1796 base_rate=0.0219
[calibrate_points_phoenix] base_rates=0.5: 0.3772, 1.5: 0.0997, 2.5: 0.0219
[calibrate_points_phoenix] wrote calibrated predictions to backend/nhl/data/processed/points_predictions.csv (rows=1698, lines=[0.5, 1.5, 2.5], blend_w=0.35)
[sog_with_market] SLATE_DATE (ET) = 2025-12-06
[sog_with_market] rows: 2032 | matched price: 65/2032
[sog_with_market] Lines present: [0.5, 1.5, 2.5, 3.5]
[sog_with_market] ✅ Wrote: /Users/jerrystrain/Projects/proppadia/nhl/site/data/sog_with_market.csv
[sog_with_market] Wrote unmatched to: /Users/jerrystrain/Projects/proppadia/nhl/site/data/unmatched_sog.csv  rows=1967
[saves_with_market] filter SLATE_DATE=2025-12-06: kept 741
[saves_with_market] rows=741  matched_prices=0/741
[saves_with_market] lines present: [18.5, 19.5, 20.5, 21.5, 22.5, 23.5, 24.5, 25.5, 26.5, 27.5, 28.5, 29.5, 30.5]
[saves_with_market] ✅ wrote: /Users/jerrystrain/Projects/proppadia/nhl/site/data/saves_with_market.csv
[saves_with_market]     unmatched: /Users/jerrystrain/Projects/proppadia/nhl/site/data/unmatched_saves.csv  rows=741
[points_with_market] slate=2025-12-06 rows=1698 matched_prices=64/1698
[2025020441] upserted 4 goalie rows; skipped_no_map_so_far=0
[2025020442] upserted 4 goalie rows; skipped_no_map_so_far=0
[2025020443] upserted 4 goalie rows; skipped_no_map_so_far=0
[2025020444] upserted 3 goalie rows; skipped_no_map_so_far=1
[2025020445] upserted 4 goalie rows; skipped_no_map_so_far=1
[2025020446] upserted 4 goalie rows; skipped_no_map_so_far=1
[2025020447] upserted 4 goalie rows; skipped_no_map_so_far=1
[2025020448] upserted 4 goalie rows; skipped_no_map_so_far=1
[2025020449] upserted 4 goalie rows; skipped_no_map_so_far=1
[2025020450] upserted 3 goalie rows; skipped_no_map_so_far=2
[2025020451] upserted 4 goalie rows; skipped_no_map_so_far=2
[2025020452] upserted 4 goalie rows; skipped_no_map_so_far=2
Done. Upserted total 46 goalie rows for 2025-12-06; skipped_no_map=2
Refreshed players & roster_status for 2025-12-06 (source=API)
✅ roster_status rows present for 2025-12-06: 566
[2025020441] roster refresh: already in sync (35 skaters).
[2025020441] upserted 35 skater rows; skipped_no_map=1
[2025020442] roster refresh: already in sync (36 skaters).
[2025020442] upserted 36 skater rows; skipped_no_map=0
[2025020443] roster refresh: already in sync (35 skaters).
[2025020443] upserted 35 skater rows; skipped_no_map=1
[2025020444] roster refresh: already in sync (35 skaters).
[seed_skater_logs] warn: ensure_player_exists failed for nhl_id=8483728: Refusing to insert placeholder/empty name for nhl_id=8483728: ''
[2025020444] upserted 35 skater rows; skipped_no_map=1
[2025020445] roster refresh: already in sync (36 skaters).
[2025020445] upserted 36 skater rows; skipped_no_map=0
[2025020446] roster refresh: already in sync (35 skaters).
[2025020446] upserted 35 skater rows; skipped_no_map=1
[2025020447] roster refresh: already in sync (34 skaters).
[seed_skater_logs] warn: ensure_player_exists failed for nhl_id=8483513: Refusing to insert placeholder/empty name for nhl_id=8483513: ''
[2025020447] upserted 34 skater rows; skipped_no_map=2
[2025020448] roster refresh: already in sync (34 skaters).
[seed_skater_logs] warn: ensure_player_exists failed for nhl_id=8483472: Refusing to insert placeholder/empty name for nhl_id=8483472: ''
[2025020448] upserted 34 skater rows; skipped_no_map=2
[2025020449] roster refresh: already in sync (36 skaters).
[2025020449] upserted 36 skater rows; skipped_no_map=0
[2025020450] roster refresh: already in sync (36 skaters).
[2025020450] upserted 36 skater rows; skipped_no_map=0
[2025020451] roster refresh: already in sync (36 skaters).
[2025020451] upserted 36 skater rows; skipped_no_map=0
[2025020452] roster refresh: already in sync (34 skaters).
[2025020452] upserted 34 skater rows; skipped_no_map=2
Done. Upserted total 422 skater rows for 2025-12-06; skipped_no_map=10
ERROR:  ON CONFLICT DO UPDATE command cannot affect row a second time
HINT:  Ensure that no rows proposed for insertion within the same command have duplicate constrained values.

▶ /Users/jerrystrain/Projects/proppadia/.venv/bin/python /Users/jerrystrain/Projects/proppadia/backend/nhl/scripts/calibrate_points_phoenix.py
[export_names_csv] wrote names CSV → /Users/jerrystrain/Projects/proppadia/backend/nhl/exports/names_2025-12-06.csv
▶ /Users/jerrystrain/Projects/proppadia/.venv/bin/python /Users/jerrystrain/Projects/proppadia/backend/nhl/scripts/build_sog_with_market.py --pred /Users/jerrystrain/Projects/proppadia/backend/nhl/data/processed/sog_predictions.csv --names /Users/jerrystrain/Projects/proppadia/backend/nhl/exports/names_2025-12-06.csv --odds-json /Users/jerrystrain/Projects/proppadia/nhl/site/data/odds_latest.json --out /Users/jerrystrain/Projects/proppadia/nhl/site/data/sog_with_market.csv --unmatched /Users/jerrystrain/Projects/proppadia/nhl/site/data/unmatched_sog.csv
▶ /Users/jerrystrain/Projects/proppadia/.venv/bin/python /Users/jerrystrain/Projects/proppadia/backend/nhl/scripts/build_saves_with_market.py --pred /Users/jerrystrain/Projects/proppadia/backend/nhl/data/processed/saves_predictions.csv --names /Users/jerrystrain/Projects/proppadia/backend/nhl/exports/names_2025-12-06.csv --odds-json /Users/jerrystrain/Projects/proppadia/nhl/site/data/odds_latest.json --out /Users/jerrystrain/Projects/proppadia/nhl/site/data/saves_with_market.csv --unmatched /Users/jerrystrain/Projects/proppadia/nhl/site/data/unmatched_saves.csv
▶ /Users/jerrystrain/Projects/proppadia/.venv/bin/python /Users/jerrystrain/Projects/proppadia/backend/nhl/scripts/build_points_with_market.py --odds-json /Users/jerrystrain/Projects/proppadia/nhl/site/data/odds_latest.json --events-json /Users/jerrystrain/Projects/proppadia/nhl/site/data/events_today.json --out /Users/jerrystrain/Projects/proppadia/nhl/site/data/points_with_market.csv --unmatched /Users/jerrystrain/Projects/proppadia/nhl/site/data/unmatched_points.csv --pred /Users/jerrystrain/Projects/proppadia/backend/nhl/data/processed/points_predictions.csv --names /Users/jerrystrain/Projects/proppadia/backend/nhl/exports/names_2025-12-06.csv
▶ /Users/jerrystrain/Projects/proppadia/.venv/bin/python /Users/jerrystrain/Projects/proppadia/backend/nhl/scripts/seed_goalie_logs_for_date.py
▶ /Users/jerrystrain/Projects/proppadia/.venv/bin/python /Users/jerrystrain/Projects/proppadia/backend/nhl/scripts/refresh_players_and_roster_today.py
▶ /Users/jerrystrain/Projects/proppadia/.venv/bin/python /Users/jerrystrain/Projects/proppadia/backend/nhl/scripts/seed_skater_logs_for_date.py
▶ psql postgresql://postgres.cnwwhhmpashijqbspvhf:q7ycpbcoCuItSgLr@aws-0-us-west-1.pooler.supabase.com:5432/postgres?sslmode=require&gssencmode=disable -v ON_ERROR_STOP=1 -c 
    WITH src AS (
      SELECT DISTINCT
        s.player_id, s.game_id, s.game_date,
        s.shots_on_goal, s.shot_attempts, s.toi_minutes, s.pp_toi_minutes
      FROM nhl.import_skater_logs_stage s
      WHERE s.game_date = DATE '2025-12-06'
    ),
    rs AS (
      SELECT DISTINCT game_id, team_id, player_id
      FROM nhl.roster_status
      WHERE game_id IN (SELECT game_id FROM nhl.games WHERE game_date = DATE '2025-12-06')
    ),
    g AS (
      SELECT game_id, home_team_id, away_team_id
      FROM nhl.games
      WHERE game_date = DATE '2025-12-06'
    ),
    joined AS (
      SELECT
        src.player_id,
        src.game_id,
        rs.team_id,
        CASE
          WHEN rs.team_id = g.home_team_id THEN g.away_team_id
          WHEN rs.team_id = g.away_team_id THEN g.home_team_id
          ELSE NULL
        END AS opponent_id,
        (rs.team_id = g.home_team_id) AS is_home,
        src.game_date,
        src.shots_on_goal,
        src.shot_attempts,
        src.toi_minutes,
        src.pp_toi_minutes
      FROM src
      JOIN rs ON rs.game_id = src.game_id AND rs.player_id = src.player_id
      JOIN g  ON g.game_id  = src.game_id
    )
    INSERT INTO nhl.skater_game_logs_raw
      (player_id, game_id, team_id, opponent_id, is_home, game_date,
       shots_on_goal, shot_attempts, toi_minutes, pp_toi_minutes)
    SELECT
      player_id, game_id, team_id, opponent_id, is_home, game_date,
      shots_on_goal, shot_attempts, toi_minutes, pp_toi_minutes
    FROM joined
    WHERE opponent_id IS NOT NULL
    ON CONFLICT (player_id, game_id) DO UPDATE SET
      team_id        = EXCLUDED.team_id,
      opponent_id    = EXCLUDED.opponent_id,
      is_home        = EXCLUDED.is_home,
      game_date      = EXCLUDED.game_date,
      shots_on_goal  = EXCLUDED.shots_on_goal,
      shot_attempts  = COALESCE(EXCLUDED.shot_attempts, nhl.skater_game_logs_raw.shot_attempts),
      toi_minutes    = EXCLUDED.toi_minutes,
      pp_toi_minutes = EXCLUDED.pp_toi_minutes;
    
Traceback (most recent call last):
  File "/Users/jerrystrain/Projects/proppadia/backend/nhl/cli.py", line 778, in <module>
    main()
  File "/Users/jerrystrain/Projects/proppadia/backend/nhl/cli.py", line 765, in main
    cmd_daily(with_odds=args.with_odds)
  File "/Users/jerrystrain/Projects/proppadia/backend/nhl/cli.py", line 720, in cmd_daily
    run(["psql", db, "-v", "ON_ERROR_STOP=1", "-c", promote_sql])
  File "/Users/jerrystrain/Projects/proppadia/backend/nhl/cli.py", line 104, in run
    return sp.run(cmd, cwd=str(cwd), env=e, check=check)
           ^^^^^^^^^^^^^^^^^^^^^^^^^^^^^^^^^^^^^^^^^^^^^
  File "/opt/homebrew/Cellar/python@3.11/3.11.13/Frameworks/Python.framework/Versions/3.11/lib/python3.11/subprocess.py", line 571, in run
    raise CalledProcessError(retcode, process.args,
subprocess.CalledProcessError: Command '['psql', 'postgresql://postgres.cnwwhhmpashijqbspvhf:q7ycpbcoCuItSgLr@aws-0-us-west-1.pooler.supabase.com:5432/postgres?sslmode=require&gssencmode=disable', '-v', 'ON_ERROR_STOP=1', '-c', "\n    WITH src AS (\n      SELECT DISTINCT\n        s.player_id, s.game_id, s.game_date,\n        s.shots_on_goal, s.shot_attempts, s.toi_minutes, s.pp_toi_minutes\n      FROM nhl.import_skater_logs_stage s\n      WHERE s.game_date = DATE '2025-12-06'\n    ),\n    rs AS (\n      SELECT DISTINCT game_id, team_id, player_id\n      FROM nhl.roster_status\n      WHERE game_id IN (SELECT game_id FROM nhl.games WHERE game_date = DATE '2025-12-06')\n    ),\n    g AS (\n      SELECT game_id, home_team_id, away_team_id\n      FROM nhl.games\n      WHERE game_date = DATE '2025-12-06'\n    ),\n    joined AS (\n      SELECT\n        src.player_id,\n        src.game_id,\n        rs.team_id,\n        CASE\n          WHEN rs.team_id = g.home_team_id THEN g.away_team_id\n          WHEN rs.team_id = g.away_team_id THEN g.home_team_id\n          ELSE NULL\n        END AS opponent_id,\n        (rs.team_id = g.home_team_id) AS is_home,\n        src.game_date,\n        src.shots_on_goal,\n        src.shot_attempts,\n        src.toi_minutes,\n        src.pp_toi_minutes\n      FROM src\n      JOIN rs ON rs.game_id = src.game_id AND rs.player_id = src.player_id\n      JOIN g  ON g.game_id  = src.game_id\n    )\n    INSERT INTO nhl.skater_game_logs_raw\n      (player_id, game_id, team_id, opponent_id, is_home, game_date,\n       shots_on_goal, shot_attempts, toi_minutes, pp_toi_minutes)\n    SELECT\n      player_id, game_id, team_id, opponent_id, is_home, game_date,\n      shots_on_goal, shot_attempts, toi_minutes, pp_toi_minutes\n    FROM joined\n    WHERE opponent_id IS NOT NULL\n    ON CONFLICT (player_id, game_id) DO UPDATE SET\n      team_id        = EXCLUDED.team_id,\n      opponent_id    = EXCLUDED.opponent_id,\n      is_home        = EXCLUDED.is_home,\n      game_date      = EXCLUDED.game_date,\n      shots_on_goal  = EXCLUDED.shots_on_goal,\n      shot_attempts  = COALESCE(EXCLUDED.shot_attempts, nhl.skater_game_logs_raw.shot_attempts),\n      toi_minutes    = EXCLUDED.toi_minutes,\n      pp_toi_minutes = EXCLUDED.pp_toi_minutes;\n    "]' returned non-zero exit status 1.
2025-12-14 07:26:10  [warn] 2025-12-06 attempt 1 failed: CalledProcessError: Command '['/Users/jerrystrain/Projects/proppadia/.venv/bin/python', '/Users/jerrystrain/Projects/proppadia/backend/nhl/cli.py', 'daily']' returned non-zero exit status 1.
2025-12-14 07:26:25  [run] 2025-12-06 attempt 2/3
              now              
-------------------------------
 2025-12-14 15:26:25.650395+00
(1 row)

[import_schedule_today] WARNING: no teams found in schedule payload
✅ Staged & merged 12 games for 2025-12-06 (ET)
↪︎ SKIP_PLAYERS=1: will not write nhl.players or nhl.player_external_ids
↪︎ SKIP_ROSTER_STATUS=1: importer will not write nhl.roster_status
🔧 Upserted/confirmed 0 players in nhl.players
🔄 Seeded 0 mappings in nhl.player_external_ids (provider='nhl')
✅ roster_status rows present for 2025-12-06: 566
Refreshed players & roster_status for 2025-12-06 (source=API)
✅ roster_status rows present for 2025-12-06: 566
seed_sog_features_for_slate: upserted rows for slate_date= '2025-12-06'
   506

psql:/Users/jerrystrain/Projects/proppadia/backend/nhl/sql/seed_goalie_features_for_slate.sql:29: NOTICE:  column "start_prob" of relation "training_features_goalie_saves_v2" already exists, skipping
 shots_faced

 saves

 toi_minutes

seed_goalie_features_for_slate: upserted rows for slate_date= '2025-12-06'
    56

BEGIN
UPDATE 2056
COMMIT
/Users/jerrystrain/Projects/proppadia/backend/nhl/scripts/score_sog_player_denali.py:73: FutureWarning: Downcasting behavior in `replace` is deprecated and will be removed in a future version. To retain the old behavior, explicitly call `result.infer_objects(copy=False)`. To opt-in to the future behavior, set `pd.set_option('future.no_silent_downcasting', True)`
  .replace(
✅ Scored SOG Denali for line 0.5 on 506 rows.
   Models: /Users/jerrystrain/Projects/proppadia/backend/nhl/models/latest/shots_on_goal/sog_player_denali/0_5
   Output: /Users/jerrystrain/Projects/proppadia/backend/nhl/data/processed/sog_predictions_0_5.csv
/Users/jerrystrain/Projects/proppadia/backend/nhl/scripts/score_sog_player_denali.py:73: FutureWarning: Downcasting behavior in `replace` is deprecated and will be removed in a future version. To retain the old behavior, explicitly call `result.infer_objects(copy=False)`. To opt-in to the future behavior, set `pd.set_option('future.no_silent_downcasting', True)`
  .replace(
✅ Scored SOG Denali for line 1.5 on 506 rows.
   Models: /Users/jerrystrain/Projects/proppadia/backend/nhl/models/latest/shots_on_goal/sog_player_denali/1_5
   Output: /Users/jerrystrain/Projects/proppadia/backend/nhl/data/processed/sog_predictions_1_5.csv
/Users/jerrystrain/Projects/proppadia/backend/nhl/scripts/score_sog_player_denali.py:73: FutureWarning: Downcasting behavior in `replace` is deprecated and will be removed in a future version. To retain the old behavior, explicitly call `result.infer_objects(copy=False)`. To opt-in to the future behavior, set `pd.set_option('future.no_silent_downcasting', True)`
  .replace(
✅ Scored SOG Denali for line 2.5 on 506 rows.
   Models: /Users/jerrystrain/Projects/proppadia/backend/nhl/models/latest/shots_on_goal/sog_player_denali/2_5
   Output: /Users/jerrystrain/Projects/proppadia/backend/nhl/data/processed/sog_predictions_2_5.csv
/Users/jerrystrain/Projects/proppadia/backend/nhl/scripts/score_sog_player_denali.py:73: FutureWarning: Downcasting behavior in `replace` is deprecated and will be removed in a future version. To retain the old behavior, explicitly call `result.infer_objects(copy=False)`. To opt-in to the future behavior, set `pd.set_option('future.no_silent_downcasting', True)`
  .replace(
✅ Scored SOG Denali for line 3.5 on 506 rows.
   Models: /Users/jerrystrain/Projects/proppadia/backend/nhl/models/latest/shots_on_goal/sog_player_denali/3_5
   Output: /Users/jerrystrain/Projects/proppadia/backend/nhl/data/processed/sog_predictions_3_5.csv
▶ Loading calibration training data from /Users/jerrystrain/Projects/proppadia/backend/nhl/data/processed/sog_calibration_training_denali.csv ...
  → Loaded 90148 training rows.
Per-line summary from training:
 line     n    avg_p  hit_rate
  0.5 22537 0.425975  0.869637
  1.5 22537 0.635902  0.522918
  2.5 22537 0.628931  0.273240
  3.5 22537 0.379612  0.128988
✅ Fitted isotonic calibration for line 0.5: rows=22537, blend_alpha=0.5
✅ Fitted isotonic calibration for line 1.5: rows=22537, blend_alpha=0.5
✅ Fitted isotonic calibration for line 2.5: rows=22537, blend_alpha=0.5
✅ Fitted isotonic calibration for line 3.5: rows=22537, blend_alpha=0.5

▶ Loading wide predictions from /Users/jerrystrain/Projects/proppadia/backend/nhl/data/processed/sog_predictions.csv ...
  → Found 4 p_over_* blend columns to calibrate: ['p_over_0_5', 'p_over_1_5', 'p_over_2_5', 'p_over_3_5']
  ✅ Calibrated column p_over_0_5 for line 0.5 (non-null rows: 506)
  ✅ Calibrated column p_over_1_5 for line 1.5 (non-null rows: 506)
  ✅ Calibrated column p_over_2_5 for line 2.5 (non-null rows: 506)
  ✅ Calibrated column p_over_3_5 for line 3.5 (non-null rows: 506)

✅ Wrote calibrated wide predictions → /Users/jerrystrain/Projects/proppadia/backend/nhl/data/processed/sog_predictions_wide_calibrated.csv
   Columns preserved: 18; final columns: 18
✅ Wrote calibration curves metadata → backend/nhl/data/processed/sog_denali_calibration_curves.json
→ Loading 2024 SOG predictions into nhl.predictions
✅ Load complete.
Feature check:
  family: poisson
  date_col: game_date
  expected (model): 9
  provided (meta): 15
  missing_in_csv: []
  extra_in_csv (ignored): ['full_name', 'player_id', 'game_id', 'team_id', 'game_date', 'd10_shots_faced_per60', 'd10_save_pct', 'team_d10_sf_per_game', 'opp_d10_sf_allowed_per_game', 'pace_index', 'opp_d10_sf_per60', 'team_d10_sa_per60', 'pace_matchup_index', 'd20_saves_per60', 'team_d10_sf_per60', 'opp_d10_sa_per60'] 
  note: metadata includes features not used by this model: ['d20_saves_per60', 'team_d10_sf_per60', 'team_d10_sa_per60', 'opp_d10_sf_per60', 'opp_d10_sa_per60', 'pace_matchup_index']
✅ Wrote predictions to: /Users/jerrystrain/Projects/proppadia/backend/nhl/data/processed/saves_predictions.csv
ℹ️ Applied calibration for lines: 24.5
SLATE_DATE (ET): 2025-12-06
YDAY       (ET): 2025-12-06
▶ psql postgresql://postgres.cnwwhhmpashijqbspvhf:q7ycpbcoCuItSgLr@aws-0-us-west-1.pooler.supabase.com:5432/postgres?sslmode=require&gssencmode=disable -v ON_ERROR_STOP=1 -c SELECT now();
▶ /Users/jerrystrain/Projects/proppadia/.venv/bin/python /Users/jerrystrain/Projects/proppadia/backend/nhl/scripts/import_schedule_today.py
▶ /Users/jerrystrain/Projects/proppadia/.venv/bin/python /Users/jerrystrain/Projects/proppadia/backend/nhl/scripts/import_roster_today.py
▶ /Users/jerrystrain/Projects/proppadia/.venv/bin/python /Users/jerrystrain/Projects/proppadia/backend/nhl/scripts/refresh_players_and_roster_today.py
▶ psql --no-psqlrc -v ON_ERROR_STOP=1 postgresql://postgres.cnwwhhmpashijqbspvhf:q7ycpbcoCuItSgLr@aws-0-us-west-1.pooler.supabase.com:5432/postgres?sslmode=require&gssencmode=disable -v slate_date=2025-12-06 -f /Users/jerrystrain/Projects/proppadia/backend/nhl/sql/seed_sog_features_for_slate.sql
▶ psql --no-psqlrc -v ON_ERROR_STOP=1 postgresql://postgres.cnwwhhmpashijqbspvhf:q7ycpbcoCuItSgLr@aws-0-us-west-1.pooler.supabase.com:5432/postgres?sslmode=require&gssencmode=disable -v slate_date=2025-12-06 -f /Users/jerrystrain/Projects/proppadia/backend/nhl/sql/seed_goalie_features_for_slate.sql
↻ Refreshing SOG rollups in-table for 2025-03-21..2025-12-06 ...
▶ psql postgresql://postgres.cnwwhhmpashijqbspvhf:q7ycpbcoCuItSgLr@aws-0-us-west-1.pooler.supabase.com:5432/postgres?sslmode=require&gssencmode=disable --no-psqlrc -v ON_ERROR_STOP=1 -c 
    BEGIN;

    WITH params AS (
      SELECT DATE '2025-03-21' AS start_date, DATE '2025-12-06' AS end_date
    ),
    realized AS (
      SELECT
        l.player_id::bigint AS player_id,
        g.game_id::bigint   AS game_id,
        g.game_date::date   AS game_date,

        -- safe numeric casts (handle '' and NULL)
        COALESCE(NULLIF(BTRIM(l.shots_on_goal::text), ''), '0')::numeric AS sog,
        COALESCE(NULLIF(BTRIM(l.shot_attempts::text), ''), '0')::numeric AS attempts,

        NULLIF(COALESCE(NULLIF(BTRIM(l.toi_minutes::text), ''), '0')::numeric, 0) AS toi_min
      FROM nhl.skater_game_logs_raw l
      JOIN nhl.games g USING (game_id)
      JOIN params p ON TRUE
      -- include enough history before start_date so rolling windows at start_date aren't empty
      WHERE g.game_date BETWEEN (p.start_date - INTERVAL '260 days') AND p.end_date
    ),
    rolls AS (
      SELECT
        r.player_id,
        r.game_id,
        r.game_date,

        SUM(r.sog)      OVER w5  AS sog_5,
        SUM(r.toi_min)  OVER w5  AS toi_5,

        SUM(r.sog)      OVER w10 AS sog_10,
        SUM(r.attempts) OVER w10 AS att_10,
        SUM(r.toi_min)  OVER w10 AS toi_10,

        SUM(r.sog)      OVER w20 AS sog_20,
        SUM(r.toi_min)  OVER w20 AS toi_20

      FROM realized r
      WINDOW
        w5  AS (PARTITION BY r.player_id ORDER BY r.game_date, r.game_id ROWS BETWEEN 4  PRECEDING AND CURRENT ROW),
        w10 AS (PARTITION BY r.player_id ORDER BY r.game_date, r.game_id ROWS BETWEEN 9  PRECEDING AND CURRENT ROW),
        w20 AS (PARTITION BY r.player_id ORDER BY r.game_date, r.game_id ROWS BETWEEN 19 PRECEDING AND CURRENT ROW)
    ),
    rollups AS (
      SELECT
        player_id,
        game_id,
        game_date,

        CASE WHEN toi_5  IS NULL OR toi_5  <= 0 THEN NULL ELSE (sog_5  / toi_5 ) * 60 END AS d5_sog_per60,
        CASE WHEN toi_10 IS NULL OR toi_10 <= 0 THEN NULL ELSE (sog_10 / toi_10) * 60 END AS d10_sog_per60,
        CASE WHEN toi_20 IS NULL OR toi_20 <= 0 THEN NULL ELSE (sog_20 / toi_20) * 60 END AS d20_sog_per60,
        CASE WHEN toi_10 IS NULL OR toi_10 <= 0 THEN NULL ELSE (att_10 / toi_10) * 60 END AS attempts_d10_per60
      FROM rolls
    )
    UPDATE nhl.training_features_nhl_sog_enriched_pregame_v2 t
    SET
      d5_sog_per60       = r.d5_sog_per60,
      d10_sog_per60      = r.d10_sog_per60,
      d20_sog_per60      = r.d20_sog_per60,
      attempts_d10_per60 = r.attempts_d10_per60
    FROM rollups r, params p
    WHERE
      t.player_id = r.player_id
      AND t.game_id = r.game_id
      AND t.game_date = r.game_date
      AND t.game_date BETWEEN p.start_date AND p.end_date;

    COMMIT;
    
✅ SOG rollups refreshed.
[export_names_csv] wrote names CSV → /Users/jerrystrain/Projects/proppadia/backend/nhl/exports/names_2025-12-06.csv
✅ Exported SOG Denali features for 2025-12-06 → /Users/jerrystrain/Projects/proppadia/backend/nhl/exports/sog_features_2025-12-06_denali.csv
exports → sog_features_{slate}_denali.csv, train_goalie_saves_v2.csv, train_nhl_points_v2.csv
▶ /Users/jerrystrain/Projects/proppadia/.venv/bin/python /Users/jerrystrain/Projects/proppadia/backend/nhl/scripts/score_sog_player_denali.py --features-csv /Users/jerrystrain/Projects/proppadia/backend/nhl/exports/sog_features_2025-12-06_denali.csv --line 0.5 --models-root /Users/jerrystrain/Projects/proppadia/backend/nhl/models/latest/shots_on_goal/sog_player_denali --out-csv /Users/jerrystrain/Projects/proppadia/backend/nhl/data/processed/sog_predictions_0_5.csv
▶ /Users/jerrystrain/Projects/proppadia/.venv/bin/python /Users/jerrystrain/Projects/proppadia/backend/nhl/scripts/score_sog_player_denali.py --features-csv /Users/jerrystrain/Projects/proppadia/backend/nhl/exports/sog_features_2025-12-06_denali.csv --line 1.5 --models-root /Users/jerrystrain/Projects/proppadia/backend/nhl/models/latest/shots_on_goal/sog_player_denali --out-csv /Users/jerrystrain/Projects/proppadia/backend/nhl/data/processed/sog_predictions_1_5.csv
▶ /Users/jerrystrain/Projects/proppadia/.venv/bin/python /Users/jerrystrain/Projects/proppadia/backend/nhl/scripts/score_sog_player_denali.py --features-csv /Users/jerrystrain/Projects/proppadia/backend/nhl/exports/sog_features_2025-12-06_denali.csv --line 2.5 --models-root /Users/jerrystrain/Projects/proppadia/backend/nhl/models/latest/shots_on_goal/sog_player_denali --out-csv /Users/jerrystrain/Projects/proppadia/backend/nhl/data/processed/sog_predictions_2_5.csv
▶ /Users/jerrystrain/Projects/proppadia/.venv/bin/python /Users/jerrystrain/Projects/proppadia/backend/nhl/scripts/score_sog_player_denali.py --features-csv /Users/jerrystrain/Projects/proppadia/backend/nhl/exports/sog_features_2025-12-06_denali.csv --line 3.5 --models-root /Users/jerrystrain/Projects/proppadia/backend/nhl/models/latest/shots_on_goal/sog_player_denali --out-csv /Users/jerrystrain/Projects/proppadia/backend/nhl/data/processed/sog_predictions_3_5.csv
✅ Wrote merged SOG predictions → /Users/jerrystrain/Projects/proppadia/backend/nhl/data/processed/sog_predictions.csv
▶ /Users/jerrystrain/Projects/proppadia/.venv/bin/python /Users/jerrystrain/Projects/proppadia/backend/nhl/scripts/calibrate_sog_denali.py --train /Users/jerrystrain/Projects/proppadia/backend/nhl/data/processed/sog_calibration_training_denali.csv --wide-in /Users/jerrystrain/Projects/proppadia/backend/nhl/data/processed/sog_predictions.csv --wide-out /Users/jerrystrain/Projects/proppadia/backend/nhl/data/processed/sog_predictions_wide_calibrated.csv
▶ /Users/jerrystrain/Projects/proppadia/.venv/bin/python /Users/jerrystrain/Projects/proppadia/backend/nhl/scripts/load_sog_predictions_denali.py --pred-csv /Users/jerrystrain/Projects/proppadia/backend/nhl/data/processed/sog_predictions_wide_calibrated.csv --project nhl --prop-type shots_on_goal --slate-date 2025-12-06
▶ /Users/jerrystrain/Projects/proppadia/.venv/bin/python /Users/jerrystrain/Projects/proppadia/backend/nhl/scripts/score_nhl_props.py --model-dir /Users/jerrystrain/Projects/proppadia/backend/nhl/models/latest/goalie_saves --csv /Users/jerrystrain/Projects/proppadia/backend/nhl/exports/train_goalie_saves_v2.csv --feature-json backend/nhl/features/feature_metadata_nhl.json --feature-key goalie_saves --line 18.5,19.5,20.5,21.5,22.5,23.5,24.5,25.5,26.5,27.5,28.5,29.5,30.5 --out /Users/jerrystrain/Projects/proppadia/backend/nhl/data/processed/saves_predictions.csv
▶ /Users/jerrystrain/Projects/proppadia/.venv/bin/python /Users/jerrystrain/Projects/proppadia/backend/nhl/scripts/score_points_phoenix.py --features-csv /Users/jerrystrain/Projects/proppadia/backend/nhl/exports/train_nhl_points_v2.csv --model-root /Users/jerrystrain/Projects/proppadia/backend/nhl/models/latest/points --out /Users/jerrystrain/Projects/proppadia/backend/nhl/data/processed/points_predictions.csv✅ wrote 1698 point-prop predictions to /Users/jerrystrain/Projects/proppadia/backend/nhl/data/processed/points_predictions.csv
[calibrate_points_phoenix] line=0.5 threshold=1 games=82137 hits=30979 base_rate=0.3772
[calibrate_points_phoenix] line=1.5 threshold=2 games=82137 hits=8189 base_rate=0.0997
[calibrate_points_phoenix] line=2.5 threshold=3 games=82137 hits=1796 base_rate=0.0219
[calibrate_points_phoenix] base_rates=0.5: 0.3772, 1.5: 0.0997, 2.5: 0.0219
[calibrate_points_phoenix] wrote calibrated predictions to backend/nhl/data/processed/points_predictions.csv (rows=1698, lines=[0.5, 1.5, 2.5], blend_w=0.35)
[sog_with_market] SLATE_DATE (ET) = 2025-12-06
[sog_with_market] rows: 2032 | matched price: 65/2032
[sog_with_market] Lines present: [0.5, 1.5, 2.5, 3.5]
[sog_with_market] ✅ Wrote: /Users/jerrystrain/Projects/proppadia/nhl/site/data/sog_with_market.csv
[sog_with_market] Wrote unmatched to: /Users/jerrystrain/Projects/proppadia/nhl/site/data/unmatched_sog.csv  rows=1967
[saves_with_market] filter SLATE_DATE=2025-12-06: kept 741
[saves_with_market] rows=741  matched_prices=0/741
[saves_with_market] lines present: [18.5, 19.5, 20.5, 21.5, 22.5, 23.5, 24.5, 25.5, 26.5, 27.5, 28.5, 29.5, 30.5]
[saves_with_market] ✅ wrote: /Users/jerrystrain/Projects/proppadia/nhl/site/data/saves_with_market.csv
[saves_with_market]     unmatched: /Users/jerrystrain/Projects/proppadia/nhl/site/data/unmatched_saves.csv  rows=741
[points_with_market] slate=2025-12-06 rows=1698 matched_prices=64/1698
[2025020441] upserted 4 goalie rows; skipped_no_map_so_far=0
[2025020442] upserted 4 goalie rows; skipped_no_map_so_far=0
[2025020443] upserted 4 goalie rows; skipped_no_map_so_far=0
[2025020444] upserted 3 goalie rows; skipped_no_map_so_far=1
[2025020445] upserted 4 goalie rows; skipped_no_map_so_far=1
[2025020446] upserted 4 goalie rows; skipped_no_map_so_far=1
[2025020447] upserted 4 goalie rows; skipped_no_map_so_far=1
[2025020448] upserted 4 goalie rows; skipped_no_map_so_far=1
[2025020449] upserted 4 goalie rows; skipped_no_map_so_far=1
[2025020450] upserted 3 goalie rows; skipped_no_map_so_far=2
[2025020451] upserted 4 goalie rows; skipped_no_map_so_far=2
[2025020452] upserted 4 goalie rows; skipped_no_map_so_far=2
Done. Upserted total 46 goalie rows for 2025-12-06; skipped_no_map=2
Refreshed players & roster_status for 2025-12-06 (source=API)
✅ roster_status rows present for 2025-12-06: 566
[2025020441] roster refresh: already in sync (35 skaters).
[2025020441] upserted 35 skater rows; skipped_no_map=1
[2025020442] roster refresh: already in sync (36 skaters).
[2025020442] upserted 36 skater rows; skipped_no_map=0
[2025020443] roster refresh: already in sync (35 skaters).
[2025020443] upserted 35 skater rows; skipped_no_map=1
[2025020444] roster refresh: already in sync (35 skaters).
[seed_skater_logs] warn: ensure_player_exists failed for nhl_id=8483728: Refusing to insert placeholder/empty name for nhl_id=8483728: ''
[2025020444] upserted 35 skater rows; skipped_no_map=1
[2025020445] roster refresh: already in sync (36 skaters).
[2025020445] upserted 36 skater rows; skipped_no_map=0
[2025020446] roster refresh: already in sync (35 skaters).
[2025020446] upserted 35 skater rows; skipped_no_map=1
[2025020447] roster refresh: already in sync (34 skaters).
[seed_skater_logs] warn: ensure_player_exists failed for nhl_id=8483513: Refusing to insert placeholder/empty name for nhl_id=8483513: ''
[2025020447] upserted 34 skater rows; skipped_no_map=2
[2025020448] roster refresh: already in sync (34 skaters).
[seed_skater_logs] warn: ensure_player_exists failed for nhl_id=8483472: Refusing to insert placeholder/empty name for nhl_id=8483472: ''
[2025020448] upserted 34 skater rows; skipped_no_map=2
[2025020449] roster refresh: already in sync (36 skaters).
[2025020449] upserted 36 skater rows; skipped_no_map=0
[2025020450] roster refresh: already in sync (36 skaters).
[2025020450] upserted 36 skater rows; skipped_no_map=0
[2025020451] roster refresh: already in sync (36 skaters).
[2025020451] upserted 36 skater rows; skipped_no_map=0
[2025020452] roster refresh: already in sync (34 skaters).
[2025020452] upserted 34 skater rows; skipped_no_map=2
Done. Upserted total 422 skater rows for 2025-12-06; skipped_no_map=10
ERROR:  ON CONFLICT DO UPDATE command cannot affect row a second time
HINT:  Ensure that no rows proposed for insertion within the same command have duplicate constrained values.

▶ /Users/jerrystrain/Projects/proppadia/.venv/bin/python /Users/jerrystrain/Projects/proppadia/backend/nhl/scripts/calibrate_points_phoenix.py
[export_names_csv] wrote names CSV → /Users/jerrystrain/Projects/proppadia/backend/nhl/exports/names_2025-12-06.csv
▶ /Users/jerrystrain/Projects/proppadia/.venv/bin/python /Users/jerrystrain/Projects/proppadia/backend/nhl/scripts/build_sog_with_market.py --pred /Users/jerrystrain/Projects/proppadia/backend/nhl/data/processed/sog_predictions.csv --names /Users/jerrystrain/Projects/proppadia/backend/nhl/exports/names_2025-12-06.csv --odds-json /Users/jerrystrain/Projects/proppadia/nhl/site/data/odds_latest.json --out /Users/jerrystrain/Projects/proppadia/nhl/site/data/sog_with_market.csv --unmatched /Users/jerrystrain/Projects/proppadia/nhl/site/data/unmatched_sog.csv
▶ /Users/jerrystrain/Projects/proppadia/.venv/bin/python /Users/jerrystrain/Projects/proppadia/backend/nhl/scripts/build_saves_with_market.py --pred /Users/jerrystrain/Projects/proppadia/backend/nhl/data/processed/saves_predictions.csv --names /Users/jerrystrain/Projects/proppadia/backend/nhl/exports/names_2025-12-06.csv --odds-json /Users/jerrystrain/Projects/proppadia/nhl/site/data/odds_latest.json --out /Users/jerrystrain/Projects/proppadia/nhl/site/data/saves_with_market.csv --unmatched /Users/jerrystrain/Projects/proppadia/nhl/site/data/unmatched_saves.csv
▶ /Users/jerrystrain/Projects/proppadia/.venv/bin/python /Users/jerrystrain/Projects/proppadia/backend/nhl/scripts/build_points_with_market.py --odds-json /Users/jerrystrain/Projects/proppadia/nhl/site/data/odds_latest.json --events-json /Users/jerrystrain/Projects/proppadia/nhl/site/data/events_today.json --out /Users/jerrystrain/Projects/proppadia/nhl/site/data/points_with_market.csv --unmatched /Users/jerrystrain/Projects/proppadia/nhl/site/data/unmatched_points.csv --pred /Users/jerrystrain/Projects/proppadia/backend/nhl/data/processed/points_predictions.csv --names /Users/jerrystrain/Projects/proppadia/backend/nhl/exports/names_2025-12-06.csv
▶ /Users/jerrystrain/Projects/proppadia/.venv/bin/python /Users/jerrystrain/Projects/proppadia/backend/nhl/scripts/seed_goalie_logs_for_date.py
▶ /Users/jerrystrain/Projects/proppadia/.venv/bin/python /Users/jerrystrain/Projects/proppadia/backend/nhl/scripts/refresh_players_and_roster_today.py
▶ /Users/jerrystrain/Projects/proppadia/.venv/bin/python /Users/jerrystrain/Projects/proppadia/backend/nhl/scripts/seed_skater_logs_for_date.py
▶ psql postgresql://postgres.cnwwhhmpashijqbspvhf:q7ycpbcoCuItSgLr@aws-0-us-west-1.pooler.supabase.com:5432/postgres?sslmode=require&gssencmode=disable -v ON_ERROR_STOP=1 -c 
    WITH src AS (
      SELECT DISTINCT
        s.player_id, s.game_id, s.game_date,
        s.shots_on_goal, s.shot_attempts, s.toi_minutes, s.pp_toi_minutes
      FROM nhl.import_skater_logs_stage s
      WHERE s.game_date = DATE '2025-12-06'
    ),
    rs AS (
      SELECT DISTINCT game_id, team_id, player_id
      FROM nhl.roster_status
      WHERE game_id IN (SELECT game_id FROM nhl.games WHERE game_date = DATE '2025-12-06')
    ),
    g AS (
      SELECT game_id, home_team_id, away_team_id
      FROM nhl.games
      WHERE game_date = DATE '2025-12-06'
    ),
    joined AS (
      SELECT
        src.player_id,
        src.game_id,
        rs.team_id,
        CASE
          WHEN rs.team_id = g.home_team_id THEN g.away_team_id
          WHEN rs.team_id = g.away_team_id THEN g.home_team_id
          ELSE NULL
        END AS opponent_id,
        (rs.team_id = g.home_team_id) AS is_home,
        src.game_date,
        src.shots_on_goal,
        src.shot_attempts,
        src.toi_minutes,
        src.pp_toi_minutes
      FROM src
      JOIN rs ON rs.game_id = src.game_id AND rs.player_id = src.player_id
      JOIN g  ON g.game_id  = src.game_id
    )
    INSERT INTO nhl.skater_game_logs_raw
      (player_id, game_id, team_id, opponent_id, is_home, game_date,
       shots_on_goal, shot_attempts, toi_minutes, pp_toi_minutes)
    SELECT
      player_id, game_id, team_id, opponent_id, is_home, game_date,
      shots_on_goal, shot_attempts, toi_minutes, pp_toi_minutes
    FROM joined
    WHERE opponent_id IS NOT NULL
    ON CONFLICT (player_id, game_id) DO UPDATE SET
      team_id        = EXCLUDED.team_id,
      opponent_id    = EXCLUDED.opponent_id,
      is_home        = EXCLUDED.is_home,
      game_date      = EXCLUDED.game_date,
      shots_on_goal  = EXCLUDED.shots_on_goal,
      shot_attempts  = COALESCE(EXCLUDED.shot_attempts, nhl.skater_game_logs_raw.shot_attempts),
      toi_minutes    = EXCLUDED.toi_minutes,
      pp_toi_minutes = EXCLUDED.pp_toi_minutes;
    
Traceback (most recent call last):
  File "/Users/jerrystrain/Projects/proppadia/backend/nhl/cli.py", line 778, in <module>
    main()
  File "/Users/jerrystrain/Projects/proppadia/backend/nhl/cli.py", line 765, in main
    cmd_daily(with_odds=args.with_odds)
  File "/Users/jerrystrain/Projects/proppadia/backend/nhl/cli.py", line 720, in cmd_daily
    run(["psql", db, "-v", "ON_ERROR_STOP=1", "-c", promote_sql])
  File "/Users/jerrystrain/Projects/proppadia/backend/nhl/cli.py", line 104, in run
    return sp.run(cmd, cwd=str(cwd), env=e, check=check)
           ^^^^^^^^^^^^^^^^^^^^^^^^^^^^^^^^^^^^^^^^^^^^^
  File "/opt/homebrew/Cellar/python@3.11/3.11.13/Frameworks/Python.framework/Versions/3.11/lib/python3.11/subprocess.py", line 571, in run
    raise CalledProcessError(retcode, process.args,
subprocess.CalledProcessError: Command '['psql', 'postgresql://postgres.cnwwhhmpashijqbspvhf:q7ycpbcoCuItSgLr@aws-0-us-west-1.pooler.supabase.com:5432/postgres?sslmode=require&gssencmode=disable', '-v', 'ON_ERROR_STOP=1', '-c', "\n    WITH src AS (\n      SELECT DISTINCT\n        s.player_id, s.game_id, s.game_date,\n        s.shots_on_goal, s.shot_attempts, s.toi_minutes, s.pp_toi_minutes\n      FROM nhl.import_skater_logs_stage s\n      WHERE s.game_date = DATE '2025-12-06'\n    ),\n    rs AS (\n      SELECT DISTINCT game_id, team_id, player_id\n      FROM nhl.roster_status\n      WHERE game_id IN (SELECT game_id FROM nhl.games WHERE game_date = DATE '2025-12-06')\n    ),\n    g AS (\n      SELECT game_id, home_team_id, away_team_id\n      FROM nhl.games\n      WHERE game_date = DATE '2025-12-06'\n    ),\n    joined AS (\n      SELECT\n        src.player_id,\n        src.game_id,\n        rs.team_id,\n        CASE\n          WHEN rs.team_id = g.home_team_id THEN g.away_team_id\n          WHEN rs.team_id = g.away_team_id THEN g.home_team_id\n          ELSE NULL\n        END AS opponent_id,\n        (rs.team_id = g.home_team_id) AS is_home,\n        src.game_date,\n        src.shots_on_goal,\n        src.shot_attempts,\n        src.toi_minutes,\n        src.pp_toi_minutes\n      FROM src\n      JOIN rs ON rs.game_id = src.game_id AND rs.player_id = src.player_id\n      JOIN g  ON g.game_id  = src.game_id\n    )\n    INSERT INTO nhl.skater_game_logs_raw\n      (player_id, game_id, team_id, opponent_id, is_home, game_date,\n       shots_on_goal, shot_attempts, toi_minutes, pp_toi_minutes)\n    SELECT\n      player_id, game_id, team_id, opponent_id, is_home, game_date,\n      shots_on_goal, shot_attempts, toi_minutes, pp_toi_minutes\n    FROM joined\n    WHERE opponent_id IS NOT NULL\n    ON CONFLICT (player_id, game_id) DO UPDATE SET\n      team_id        = EXCLUDED.team_id,\n      opponent_id    = EXCLUDED.opponent_id,\n      is_home        = EXCLUDED.is_home,\n      game_date      = EXCLUDED.game_date,\n      shots_on_goal  = EXCLUDED.shots_on_goal,\n      shot_attempts  = COALESCE(EXCLUDED.shot_attempts, nhl.skater_game_logs_raw.shot_attempts),\n      toi_minutes    = EXCLUDED.toi_minutes,\n      pp_toi_minutes = EXCLUDED.pp_toi_minutes;\n    "]' returned non-zero exit status 1.
2025-12-14 07:31:36  [warn] 2025-12-06 attempt 2 failed: CalledProcessError: Command '['/Users/jerrystrain/Projects/proppadia/.venv/bin/python', '/Users/jerrystrain/Projects/proppadia/backend/nhl/cli.py', 'daily']' returned non-zero exit status 1.
2025-12-14 07:31:51  [run] 2025-12-06 attempt 3/3
              now              
-------------------------------
 2025-12-14 15:31:51.541501+00
(1 row)

[import_schedule_today] WARNING: no teams found in schedule payload
✅ Staged & merged 12 games for 2025-12-06 (ET)
↪︎ SKIP_PLAYERS=1: will not write nhl.players or nhl.player_external_ids
↪︎ SKIP_ROSTER_STATUS=1: importer will not write nhl.roster_status
🔧 Upserted/confirmed 0 players in nhl.players
🔄 Seeded 0 mappings in nhl.player_external_ids (provider='nhl')
✅ roster_status rows present for 2025-12-06: 566
Refreshed players & roster_status for 2025-12-06 (source=API)
✅ roster_status rows present for 2025-12-06: 566
seed_sog_features_for_slate: upserted rows for slate_date= '2025-12-06'
   506

psql:/Users/jerrystrain/Projects/proppadia/backend/nhl/sql/seed_goalie_features_for_slate.sql:29: NOTICE:  column "start_prob" of relation "training_features_goalie_saves_v2" already exists, skipping
 shots_faced

 saves

 toi_minutes

seed_goalie_features_for_slate: upserted rows for slate_date= '2025-12-06'
    56

BEGIN
UPDATE 2056
COMMIT
/Users/jerrystrain/Projects/proppadia/backend/nhl/scripts/score_sog_player_denali.py:73: FutureWarning: Downcasting behavior in `replace` is deprecated and will be removed in a future version. To retain the old behavior, explicitly call `result.infer_objects(copy=False)`. To opt-in to the future behavior, set `pd.set_option('future.no_silent_downcasting', True)`
  .replace(
✅ Scored SOG Denali for line 0.5 on 506 rows.
   Models: /Users/jerrystrain/Projects/proppadia/backend/nhl/models/latest/shots_on_goal/sog_player_denali/0_5
   Output: /Users/jerrystrain/Projects/proppadia/backend/nhl/data/processed/sog_predictions_0_5.csv
/Users/jerrystrain/Projects/proppadia/backend/nhl/scripts/score_sog_player_denali.py:73: FutureWarning: Downcasting behavior in `replace` is deprecated and will be removed in a future version. To retain the old behavior, explicitly call `result.infer_objects(copy=False)`. To opt-in to the future behavior, set `pd.set_option('future.no_silent_downcasting', True)`
  .replace(
✅ Scored SOG Denali for line 1.5 on 506 rows.
   Models: /Users/jerrystrain/Projects/proppadia/backend/nhl/models/latest/shots_on_goal/sog_player_denali/1_5
   Output: /Users/jerrystrain/Projects/proppadia/backend/nhl/data/processed/sog_predictions_1_5.csv
/Users/jerrystrain/Projects/proppadia/backend/nhl/scripts/score_sog_player_denali.py:73: FutureWarning: Downcasting behavior in `replace` is deprecated and will be removed in a future version. To retain the old behavior, explicitly call `result.infer_objects(copy=False)`. To opt-in to the future behavior, set `pd.set_option('future.no_silent_downcasting', True)`
  .replace(
✅ Scored SOG Denali for line 2.5 on 506 rows.
   Models: /Users/jerrystrain/Projects/proppadia/backend/nhl/models/latest/shots_on_goal/sog_player_denali/2_5
   Output: /Users/jerrystrain/Projects/proppadia/backend/nhl/data/processed/sog_predictions_2_5.csv
/Users/jerrystrain/Projects/proppadia/backend/nhl/scripts/score_sog_player_denali.py:73: FutureWarning: Downcasting behavior in `replace` is deprecated and will be removed in a future version. To retain the old behavior, explicitly call `result.infer_objects(copy=False)`. To opt-in to the future behavior, set `pd.set_option('future.no_silent_downcasting', True)`
  .replace(
✅ Scored SOG Denali for line 3.5 on 506 rows.
   Models: /Users/jerrystrain/Projects/proppadia/backend/nhl/models/latest/shots_on_goal/sog_player_denali/3_5
   Output: /Users/jerrystrain/Projects/proppadia/backend/nhl/data/processed/sog_predictions_3_5.csv
▶ Loading calibration training data from /Users/jerrystrain/Projects/proppadia/backend/nhl/data/processed/sog_calibration_training_denali.csv ...
  → Loaded 90148 training rows.
Per-line summary from training:
 line     n    avg_p  hit_rate
  0.5 22537 0.425975  0.869637
  1.5 22537 0.635902  0.522918
  2.5 22537 0.628931  0.273240
  3.5 22537 0.379612  0.128988
✅ Fitted isotonic calibration for line 0.5: rows=22537, blend_alpha=0.5
✅ Fitted isotonic calibration for line 1.5: rows=22537, blend_alpha=0.5
✅ Fitted isotonic calibration for line 2.5: rows=22537, blend_alpha=0.5
✅ Fitted isotonic calibration for line 3.5: rows=22537, blend_alpha=0.5

▶ Loading wide predictions from /Users/jerrystrain/Projects/proppadia/backend/nhl/data/processed/sog_predictions.csv ...
  → Found 4 p_over_* blend columns to calibrate: ['p_over_0_5', 'p_over_1_5', 'p_over_2_5', 'p_over_3_5']
  ✅ Calibrated column p_over_0_5 for line 0.5 (non-null rows: 506)
  ✅ Calibrated column p_over_1_5 for line 1.5 (non-null rows: 506)
  ✅ Calibrated column p_over_2_5 for line 2.5 (non-null rows: 506)
  ✅ Calibrated column p_over_3_5 for line 3.5 (non-null rows: 506)

✅ Wrote calibrated wide predictions → /Users/jerrystrain/Projects/proppadia/backend/nhl/data/processed/sog_predictions_wide_calibrated.csv
   Columns preserved: 18; final columns: 18
✅ Wrote calibration curves metadata → backend/nhl/data/processed/sog_denali_calibration_curves.json
→ Loading 2024 SOG predictions into nhl.predictions
✅ Load complete.
Feature check:
  family: poisson
  date_col: game_date
  expected (model): 9
  provided (meta): 15
  missing_in_csv: []
  extra_in_csv (ignored): ['full_name', 'player_id', 'game_id', 'team_id', 'game_date', 'd10_shots_faced_per60', 'd10_save_pct', 'team_d10_sf_per_game', 'opp_d10_sf_allowed_per_game', 'pace_index', 'opp_d10_sf_per60', 'team_d10_sa_per60', 'pace_matchup_index', 'd20_saves_per60', 'team_d10_sf_per60', 'opp_d10_sa_per60'] 
  note: metadata includes features not used by this model: ['d20_saves_per60', 'team_d10_sf_per60', 'team_d10_sa_per60', 'opp_d10_sf_per60', 'opp_d10_sa_per60', 'pace_matchup_index']
✅ Wrote predictions to: /Users/jerrystrain/Projects/proppadia/backend/nhl/data/processed/saves_predictions.csv
ℹ️ Applied calibration for lines: 24.5
SLATE_DATE (ET): 2025-12-06
YDAY       (ET): 2025-12-06
▶ psql postgresql://postgres.cnwwhhmpashijqbspvhf:q7ycpbcoCuItSgLr@aws-0-us-west-1.pooler.supabase.com:5432/postgres?sslmode=require&gssencmode=disable -v ON_ERROR_STOP=1 -c SELECT now();
▶ /Users/jerrystrain/Projects/proppadia/.venv/bin/python /Users/jerrystrain/Projects/proppadia/backend/nhl/scripts/import_schedule_today.py
▶ /Users/jerrystrain/Projects/proppadia/.venv/bin/python /Users/jerrystrain/Projects/proppadia/backend/nhl/scripts/import_roster_today.py
▶ /Users/jerrystrain/Projects/proppadia/.venv/bin/python /Users/jerrystrain/Projects/proppadia/backend/nhl/scripts/refresh_players_and_roster_today.py
▶ psql --no-psqlrc -v ON_ERROR_STOP=1 postgresql://postgres.cnwwhhmpashijqbspvhf:q7ycpbcoCuItSgLr@aws-0-us-west-1.pooler.supabase.com:5432/postgres?sslmode=require&gssencmode=disable -v slate_date=2025-12-06 -f /Users/jerrystrain/Projects/proppadia/backend/nhl/sql/seed_sog_features_for_slate.sql
▶ psql --no-psqlrc -v ON_ERROR_STOP=1 postgresql://postgres.cnwwhhmpashijqbspvhf:q7ycpbcoCuItSgLr@aws-0-us-west-1.pooler.supabase.com:5432/postgres?sslmode=require&gssencmode=disable -v slate_date=2025-12-06 -f /Users/jerrystrain/Projects/proppadia/backend/nhl/sql/seed_goalie_features_for_slate.sql
↻ Refreshing SOG rollups in-table for 2025-03-21..2025-12-06 ...
▶ psql postgresql://postgres.cnwwhhmpashijqbspvhf:q7ycpbcoCuItSgLr@aws-0-us-west-1.pooler.supabase.com:5432/postgres?sslmode=require&gssencmode=disable --no-psqlrc -v ON_ERROR_STOP=1 -c 
    BEGIN;

    WITH params AS (
      SELECT DATE '2025-03-21' AS start_date, DATE '2025-12-06' AS end_date
    ),
    realized AS (
      SELECT
        l.player_id::bigint AS player_id,
        g.game_id::bigint   AS game_id,
        g.game_date::date   AS game_date,

        -- safe numeric casts (handle '' and NULL)
        COALESCE(NULLIF(BTRIM(l.shots_on_goal::text), ''), '0')::numeric AS sog,
        COALESCE(NULLIF(BTRIM(l.shot_attempts::text), ''), '0')::numeric AS attempts,

        NULLIF(COALESCE(NULLIF(BTRIM(l.toi_minutes::text), ''), '0')::numeric, 0) AS toi_min
      FROM nhl.skater_game_logs_raw l
      JOIN nhl.games g USING (game_id)
      JOIN params p ON TRUE
      -- include enough history before start_date so rolling windows at start_date aren't empty
      WHERE g.game_date BETWEEN (p.start_date - INTERVAL '260 days') AND p.end_date
    ),
    rolls AS (
      SELECT
        r.player_id,
        r.game_id,
        r.game_date,

        SUM(r.sog)      OVER w5  AS sog_5,
        SUM(r.toi_min)  OVER w5  AS toi_5,

        SUM(r.sog)      OVER w10 AS sog_10,
        SUM(r.attempts) OVER w10 AS att_10,
        SUM(r.toi_min)  OVER w10 AS toi_10,

        SUM(r.sog)      OVER w20 AS sog_20,
        SUM(r.toi_min)  OVER w20 AS toi_20

      FROM realized r
      WINDOW
        w5  AS (PARTITION BY r.player_id ORDER BY r.game_date, r.game_id ROWS BETWEEN 4  PRECEDING AND CURRENT ROW),
        w10 AS (PARTITION BY r.player_id ORDER BY r.game_date, r.game_id ROWS BETWEEN 9  PRECEDING AND CURRENT ROW),
        w20 AS (PARTITION BY r.player_id ORDER BY r.game_date, r.game_id ROWS BETWEEN 19 PRECEDING AND CURRENT ROW)
    ),
    rollups AS (
      SELECT
        player_id,
        game_id,
        game_date,

        CASE WHEN toi_5  IS NULL OR toi_5  <= 0 THEN NULL ELSE (sog_5  / toi_5 ) * 60 END AS d5_sog_per60,
        CASE WHEN toi_10 IS NULL OR toi_10 <= 0 THEN NULL ELSE (sog_10 / toi_10) * 60 END AS d10_sog_per60,
        CASE WHEN toi_20 IS NULL OR toi_20 <= 0 THEN NULL ELSE (sog_20 / toi_20) * 60 END AS d20_sog_per60,
        CASE WHEN toi_10 IS NULL OR toi_10 <= 0 THEN NULL ELSE (att_10 / toi_10) * 60 END AS attempts_d10_per60
      FROM rolls
    )
    UPDATE nhl.training_features_nhl_sog_enriched_pregame_v2 t
    SET
      d5_sog_per60       = r.d5_sog_per60,
      d10_sog_per60      = r.d10_sog_per60,
      d20_sog_per60      = r.d20_sog_per60,
      attempts_d10_per60 = r.attempts_d10_per60
    FROM rollups r, params p
    WHERE
      t.player_id = r.player_id
      AND t.game_id = r.game_id
      AND t.game_date = r.game_date
      AND t.game_date BETWEEN p.start_date AND p.end_date;

    COMMIT;
    
✅ SOG rollups refreshed.
[export_names_csv] wrote names CSV → /Users/jerrystrain/Projects/proppadia/backend/nhl/exports/names_2025-12-06.csv
✅ Exported SOG Denali features for 2025-12-06 → /Users/jerrystrain/Projects/proppadia/backend/nhl/exports/sog_features_2025-12-06_denali.csv
exports → sog_features_{slate}_denali.csv, train_goalie_saves_v2.csv, train_nhl_points_v2.csv
▶ /Users/jerrystrain/Projects/proppadia/.venv/bin/python /Users/jerrystrain/Projects/proppadia/backend/nhl/scripts/score_sog_player_denali.py --features-csv /Users/jerrystrain/Projects/proppadia/backend/nhl/exports/sog_features_2025-12-06_denali.csv --line 0.5 --models-root /Users/jerrystrain/Projects/proppadia/backend/nhl/models/latest/shots_on_goal/sog_player_denali --out-csv /Users/jerrystrain/Projects/proppadia/backend/nhl/data/processed/sog_predictions_0_5.csv
▶ /Users/jerrystrain/Projects/proppadia/.venv/bin/python /Users/jerrystrain/Projects/proppadia/backend/nhl/scripts/score_sog_player_denali.py --features-csv /Users/jerrystrain/Projects/proppadia/backend/nhl/exports/sog_features_2025-12-06_denali.csv --line 1.5 --models-root /Users/jerrystrain/Projects/proppadia/backend/nhl/models/latest/shots_on_goal/sog_player_denali --out-csv /Users/jerrystrain/Projects/proppadia/backend/nhl/data/processed/sog_predictions_1_5.csv
▶ /Users/jerrystrain/Projects/proppadia/.venv/bin/python /Users/jerrystrain/Projects/proppadia/backend/nhl/scripts/score_sog_player_denali.py --features-csv /Users/jerrystrain/Projects/proppadia/backend/nhl/exports/sog_features_2025-12-06_denali.csv --line 2.5 --models-root /Users/jerrystrain/Projects/proppadia/backend/nhl/models/latest/shots_on_goal/sog_player_denali --out-csv /Users/jerrystrain/Projects/proppadia/backend/nhl/data/processed/sog_predictions_2_5.csv
▶ /Users/jerrystrain/Projects/proppadia/.venv/bin/python /Users/jerrystrain/Projects/proppadia/backend/nhl/scripts/score_sog_player_denali.py --features-csv /Users/jerrystrain/Projects/proppadia/backend/nhl/exports/sog_features_2025-12-06_denali.csv --line 3.5 --models-root /Users/jerrystrain/Projects/proppadia/backend/nhl/models/latest/shots_on_goal/sog_player_denali --out-csv /Users/jerrystrain/Projects/proppadia/backend/nhl/data/processed/sog_predictions_3_5.csv
✅ Wrote merged SOG predictions → /Users/jerrystrain/Projects/proppadia/backend/nhl/data/processed/sog_predictions.csv
▶ /Users/jerrystrain/Projects/proppadia/.venv/bin/python /Users/jerrystrain/Projects/proppadia/backend/nhl/scripts/calibrate_sog_denali.py --train /Users/jerrystrain/Projects/proppadia/backend/nhl/data/processed/sog_calibration_training_denali.csv --wide-in /Users/jerrystrain/Projects/proppadia/backend/nhl/data/processed/sog_predictions.csv --wide-out /Users/jerrystrain/Projects/proppadia/backend/nhl/data/processed/sog_predictions_wide_calibrated.csv
▶ /Users/jerrystrain/Projects/proppadia/.venv/bin/python /Users/jerrystrain/Projects/proppadia/backend/nhl/scripts/load_sog_predictions_denali.py --pred-csv /Users/jerrystrain/Projects/proppadia/backend/nhl/data/processed/sog_predictions_wide_calibrated.csv --project nhl --prop-type shots_on_goal --slate-date 2025-12-06
▶ /Users/jerrystrain/Projects/proppadia/.venv/bin/python /Users/jerrystrain/Projects/proppadia/backend/nhl/scripts/score_nhl_props.py --model-dir /Users/jerrystrain/Projects/proppadia/backend/nhl/models/latest/goalie_saves --csv /Users/jerrystrain/Projects/proppadia/backend/nhl/exports/train_goalie_saves_v2.csv --feature-json backend/nhl/features/feature_metadata_nhl.json --feature-key goalie_saves --line 18.5,19.5,20.5,21.5,22.5,23.5,24.5,25.5,26.5,27.5,28.5,29.5,30.5 --out /Users/jerrystrain/Projects/proppadia/backend/nhl/data/processed/saves_predictions.csv
▶ /Users/jerrystrain/Projects/proppadia/.venv/bin/python /Users/jerrystrain/Projects/proppadia/backend/nhl/scripts/score_points_phoenix.py --features-csv /Users/jerrystrain/Projects/proppadia/backend/nhl/exports/train_nhl_points_v2.csv --model-root /Users/jerrystrain/Projects/proppadia/backend/nhl/models/latest/points --out /Users/jerrystrain/Projects/proppadia/backend/nhl/data/processed/points_predictions.csv✅ wrote 1698 point-prop predictions to /Users/jerrystrain/Projects/proppadia/backend/nhl/data/processed/points_predictions.csv
[calibrate_points_phoenix] line=0.5 threshold=1 games=82137 hits=30979 base_rate=0.3772
[calibrate_points_phoenix] line=1.5 threshold=2 games=82137 hits=8189 base_rate=0.0997
[calibrate_points_phoenix] line=2.5 threshold=3 games=82137 hits=1796 base_rate=0.0219
[calibrate_points_phoenix] base_rates=0.5: 0.3772, 1.5: 0.0997, 2.5: 0.0219
[calibrate_points_phoenix] wrote calibrated predictions to backend/nhl/data/processed/points_predictions.csv (rows=1698, lines=[0.5, 1.5, 2.5], blend_w=0.35)
[sog_with_market] SLATE_DATE (ET) = 2025-12-06
[sog_with_market] rows: 2032 | matched price: 65/2032
[sog_with_market] Lines present: [0.5, 1.5, 2.5, 3.5]
[sog_with_market] ✅ Wrote: /Users/jerrystrain/Projects/proppadia/nhl/site/data/sog_with_market.csv
[sog_with_market] Wrote unmatched to: /Users/jerrystrain/Projects/proppadia/nhl/site/data/unmatched_sog.csv  rows=1967
[saves_with_market] filter SLATE_DATE=2025-12-06: kept 741
[saves_with_market] rows=741  matched_prices=0/741
[saves_with_market] lines present: [18.5, 19.5, 20.5, 21.5, 22.5, 23.5, 24.5, 25.5, 26.5, 27.5, 28.5, 29.5, 30.5]
[saves_with_market] ✅ wrote: /Users/jerrystrain/Projects/proppadia/nhl/site/data/saves_with_market.csv
[saves_with_market]     unmatched: /Users/jerrystrain/Projects/proppadia/nhl/site/data/unmatched_saves.csv  rows=741
[points_with_market] slate=2025-12-06 rows=1698 matched_prices=64/1698
[2025020441] upserted 4 goalie rows; skipped_no_map_so_far=0
[2025020442] upserted 4 goalie rows; skipped_no_map_so_far=0
[2025020443] upserted 4 goalie rows; skipped_no_map_so_far=0
[2025020444] upserted 3 goalie rows; skipped_no_map_so_far=1
[2025020445] upserted 4 goalie rows; skipped_no_map_so_far=1
[2025020446] upserted 4 goalie rows; skipped_no_map_so_far=1
[2025020447] upserted 4 goalie rows; skipped_no_map_so_far=1
[2025020448] upserted 4 goalie rows; skipped_no_map_so_far=1
[2025020449] upserted 4 goalie rows; skipped_no_map_so_far=1
[2025020450] upserted 3 goalie rows; skipped_no_map_so_far=2
[2025020451] upserted 4 goalie rows; skipped_no_map_so_far=2
[2025020452] upserted 4 goalie rows; skipped_no_map_so_far=2
Done. Upserted total 46 goalie rows for 2025-12-06; skipped_no_map=2
Refreshed players & roster_status for 2025-12-06 (source=API)
✅ roster_status rows present for 2025-12-06: 566
[2025020441] roster refresh: already in sync (35 skaters).
[2025020441] upserted 35 skater rows; skipped_no_map=1
[2025020442] roster refresh: already in sync (36 skaters).
[2025020442] upserted 36 skater rows; skipped_no_map=0
[2025020443] roster refresh: already in sync (35 skaters).
[2025020443] upserted 35 skater rows; skipped_no_map=1
[2025020444] roster refresh: already in sync (35 skaters).
[seed_skater_logs] warn: ensure_player_exists failed for nhl_id=8483728: Refusing to insert placeholder/empty name for nhl_id=8483728: ''
[2025020444] upserted 35 skater rows; skipped_no_map=1
[2025020445] roster refresh: already in sync (36 skaters).
[2025020445] upserted 36 skater rows; skipped_no_map=0
[2025020446] roster refresh: already in sync (35 skaters).
[2025020446] upserted 35 skater rows; skipped_no_map=1
[2025020447] roster refresh: already in sync (34 skaters).
[seed_skater_logs] warn: ensure_player_exists failed for nhl_id=8483513: Refusing to insert placeholder/empty name for nhl_id=8483513: ''
[2025020447] upserted 34 skater rows; skipped_no_map=2
[2025020448] roster refresh: already in sync (34 skaters).
[seed_skater_logs] warn: ensure_player_exists failed for nhl_id=8483472: Refusing to insert placeholder/empty name for nhl_id=8483472: ''
[2025020448] upserted 34 skater rows; skipped_no_map=2
[2025020449] roster refresh: already in sync (36 skaters).
[2025020449] upserted 36 skater rows; skipped_no_map=0
[2025020450] roster refresh: already in sync (36 skaters).
[2025020450] upserted 36 skater rows; skipped_no_map=0
[2025020451] roster refresh: already in sync (36 skaters).
[2025020451] upserted 36 skater rows; skipped_no_map=0
[2025020452] roster refresh: already in sync (34 skaters).
[2025020452] upserted 34 skater rows; skipped_no_map=2
Done. Upserted total 422 skater rows for 2025-12-06; skipped_no_map=10
ERROR:  ON CONFLICT DO UPDATE command cannot affect row a second time
HINT:  Ensure that no rows proposed for insertion within the same command have duplicate constrained values.

▶ /Users/jerrystrain/Projects/proppadia/.venv/bin/python /Users/jerrystrain/Projects/proppadia/backend/nhl/scripts/calibrate_points_phoenix.py
[export_names_csv] wrote names CSV → /Users/jerrystrain/Projects/proppadia/backend/nhl/exports/names_2025-12-06.csv
▶ /Users/jerrystrain/Projects/proppadia/.venv/bin/python /Users/jerrystrain/Projects/proppadia/backend/nhl/scripts/build_sog_with_market.py --pred /Users/jerrystrain/Projects/proppadia/backend/nhl/data/processed/sog_predictions.csv --names /Users/jerrystrain/Projects/proppadia/backend/nhl/exports/names_2025-12-06.csv --odds-json /Users/jerrystrain/Projects/proppadia/nhl/site/data/odds_latest.json --out /Users/jerrystrain/Projects/proppadia/nhl/site/data/sog_with_market.csv --unmatched /Users/jerrystrain/Projects/proppadia/nhl/site/data/unmatched_sog.csv
▶ /Users/jerrystrain/Projects/proppadia/.venv/bin/python /Users/jerrystrain/Projects/proppadia/backend/nhl/scripts/build_saves_with_market.py --pred /Users/jerrystrain/Projects/proppadia/backend/nhl/data/processed/saves_predictions.csv --names /Users/jerrystrain/Projects/proppadia/backend/nhl/exports/names_2025-12-06.csv --odds-json /Users/jerrystrain/Projects/proppadia/nhl/site/data/odds_latest.json --out /Users/jerrystrain/Projects/proppadia/nhl/site/data/saves_with_market.csv --unmatched /Users/jerrystrain/Projects/proppadia/nhl/site/data/unmatched_saves.csv
▶ /Users/jerrystrain/Projects/proppadia/.venv/bin/python /Users/jerrystrain/Projects/proppadia/backend/nhl/scripts/build_points_with_market.py --odds-json /Users/jerrystrain/Projects/proppadia/nhl/site/data/odds_latest.json --events-json /Users/jerrystrain/Projects/proppadia/nhl/site/data/events_today.json --out /Users/jerrystrain/Projects/proppadia/nhl/site/data/points_with_market.csv --unmatched /Users/jerrystrain/Projects/proppadia/nhl/site/data/unmatched_points.csv --pred /Users/jerrystrain/Projects/proppadia/backend/nhl/data/processed/points_predictions.csv --names /Users/jerrystrain/Projects/proppadia/backend/nhl/exports/names_2025-12-06.csv
▶ /Users/jerrystrain/Projects/proppadia/.venv/bin/python /Users/jerrystrain/Projects/proppadia/backend/nhl/scripts/seed_goalie_logs_for_date.py
▶ /Users/jerrystrain/Projects/proppadia/.venv/bin/python /Users/jerrystrain/Projects/proppadia/backend/nhl/scripts/refresh_players_and_roster_today.py
▶ /Users/jerrystrain/Projects/proppadia/.venv/bin/python /Users/jerrystrain/Projects/proppadia/backend/nhl/scripts/seed_skater_logs_for_date.py
▶ psql postgresql://postgres.cnwwhhmpashijqbspvhf:q7ycpbcoCuItSgLr@aws-0-us-west-1.pooler.supabase.com:5432/postgres?sslmode=require&gssencmode=disable -v ON_ERROR_STOP=1 -c 
    WITH src AS (
      SELECT DISTINCT
        s.player_id, s.game_id, s.game_date,
        s.shots_on_goal, s.shot_attempts, s.toi_minutes, s.pp_toi_minutes
      FROM nhl.import_skater_logs_stage s
      WHERE s.game_date = DATE '2025-12-06'
    ),
    rs AS (
      SELECT DISTINCT game_id, team_id, player_id
      FROM nhl.roster_status
      WHERE game_id IN (SELECT game_id FROM nhl.games WHERE game_date = DATE '2025-12-06')
    ),
    g AS (
      SELECT game_id, home_team_id, away_team_id
      FROM nhl.games
      WHERE game_date = DATE '2025-12-06'
    ),
    joined AS (
      SELECT
        src.player_id,
        src.game_id,
        rs.team_id,
        CASE
          WHEN rs.team_id = g.home_team_id THEN g.away_team_id
          WHEN rs.team_id = g.away_team_id THEN g.home_team_id
          ELSE NULL
        END AS opponent_id,
        (rs.team_id = g.home_team_id) AS is_home,
        src.game_date,
        src.shots_on_goal,
        src.shot_attempts,
        src.toi_minutes,
        src.pp_toi_minutes
      FROM src
      JOIN rs ON rs.game_id = src.game_id AND rs.player_id = src.player_id
      JOIN g  ON g.game_id  = src.game_id
    )
    INSERT INTO nhl.skater_game_logs_raw
      (player_id, game_id, team_id, opponent_id, is_home, game_date,
       shots_on_goal, shot_attempts, toi_minutes, pp_toi_minutes)
    SELECT
      player_id, game_id, team_id, opponent_id, is_home, game_date,
      shots_on_goal, shot_attempts, toi_minutes, pp_toi_minutes
    FROM joined
    WHERE opponent_id IS NOT NULL
    ON CONFLICT (player_id, game_id) DO UPDATE SET
      team_id        = EXCLUDED.team_id,
      opponent_id    = EXCLUDED.opponent_id,
      is_home        = EXCLUDED.is_home,
      game_date      = EXCLUDED.game_date,
      shots_on_goal  = EXCLUDED.shots_on_goal,
      shot_attempts  = COALESCE(EXCLUDED.shot_attempts, nhl.skater_game_logs_raw.shot_attempts),
      toi_minutes    = EXCLUDED.toi_minutes,
      pp_toi_minutes = EXCLUDED.pp_toi_minutes;
    
Traceback (most recent call last):
  File "/Users/jerrystrain/Projects/proppadia/backend/nhl/cli.py", line 778, in <module>
    main()
  File "/Users/jerrystrain/Projects/proppadia/backend/nhl/cli.py", line 765, in main
    cmd_daily(with_odds=args.with_odds)
  File "/Users/jerrystrain/Projects/proppadia/backend/nhl/cli.py", line 720, in cmd_daily
    run(["psql", db, "-v", "ON_ERROR_STOP=1", "-c", promote_sql])
  File "/Users/jerrystrain/Projects/proppadia/backend/nhl/cli.py", line 104, in run
    return sp.run(cmd, cwd=str(cwd), env=e, check=check)
           ^^^^^^^^^^^^^^^^^^^^^^^^^^^^^^^^^^^^^^^^^^^^^
  File "/opt/homebrew/Cellar/python@3.11/3.11.13/Frameworks/Python.framework/Versions/3.11/lib/python3.11/subprocess.py", line 571, in run
    raise CalledProcessError(retcode, process.args,
subprocess.CalledProcessError: Command '['psql', 'postgresql://postgres.cnwwhhmpashijqbspvhf:q7ycpbcoCuItSgLr@aws-0-us-west-1.pooler.supabase.com:5432/postgres?sslmode=require&gssencmode=disable', '-v', 'ON_ERROR_STOP=1', '-c', "\n    WITH src AS (\n      SELECT DISTINCT\n        s.player_id, s.game_id, s.game_date,\n        s.shots_on_goal, s.shot_attempts, s.toi_minutes, s.pp_toi_minutes\n      FROM nhl.import_skater_logs_stage s\n      WHERE s.game_date = DATE '2025-12-06'\n    ),\n    rs AS (\n      SELECT DISTINCT game_id, team_id, player_id\n      FROM nhl.roster_status\n      WHERE game_id IN (SELECT game_id FROM nhl.games WHERE game_date = DATE '2025-12-06')\n    ),\n    g AS (\n      SELECT game_id, home_team_id, away_team_id\n      FROM nhl.games\n      WHERE game_date = DATE '2025-12-06'\n    ),\n    joined AS (\n      SELECT\n        src.player_id,\n        src.game_id,\n        rs.team_id,\n        CASE\n          WHEN rs.team_id = g.home_team_id THEN g.away_team_id\n          WHEN rs.team_id = g.away_team_id THEN g.home_team_id\n          ELSE NULL\n        END AS opponent_id,\n        (rs.team_id = g.home_team_id) AS is_home,\n        src.game_date,\n        src.shots_on_goal,\n        src.shot_attempts,\n        src.toi_minutes,\n        src.pp_toi_minutes\n      FROM src\n      JOIN rs ON rs.game_id = src.game_id AND rs.player_id = src.player_id\n      JOIN g  ON g.game_id  = src.game_id\n    )\n    INSERT INTO nhl.skater_game_logs_raw\n      (player_id, game_id, team_id, opponent_id, is_home, game_date,\n       shots_on_goal, shot_attempts, toi_minutes, pp_toi_minutes)\n    SELECT\n      player_id, game_id, team_id, opponent_id, is_home, game_date,\n      shots_on_goal, shot_attempts, toi_minutes, pp_toi_minutes\n    FROM joined\n    WHERE opponent_id IS NOT NULL\n    ON CONFLICT (player_id, game_id) DO UPDATE SET\n      team_id        = EXCLUDED.team_id,\n      opponent_id    = EXCLUDED.opponent_id,\n      is_home        = EXCLUDED.is_home,\n      game_date      = EXCLUDED.game_date,\n      shots_on_goal  = EXCLUDED.shots_on_goal,\n      shot_attempts  = COALESCE(EXCLUDED.shot_attempts, nhl.skater_game_logs_raw.shot_attempts),\n      toi_minutes    = EXCLUDED.toi_minutes,\n      pp_toi_minutes = EXCLUDED.pp_toi_minutes;\n    "]' returned non-zero exit status 1.
2025-12-14 07:36:48  [warn] 2025-12-06 attempt 3 failed: CalledProcessError: Command '['/Users/jerrystrain/Projects/proppadia/.venv/bin/python', '/Users/jerrystrain/Projects/proppadia/backend/nhl/cli.py', 'daily']' returned non-zero exit status 1.
Traceback (most recent call last):
  File "/Users/jerrystrain/Projects/proppadia/backend/nhl/range_runner.py", line 178, in <module>
    main()
  File "/Users/jerrystrain/Projects/proppadia/backend/nhl/range_runner.py", line 160, in main
    run_cli_for_day(ds, attempts=args.attempts)
  File "/Users/jerrystrain/Projects/proppadia/backend/nhl/range_runner.py", line 107, in run_cli_for_day
    subprocess.run([sys.executable, str(CLI_PATH), "daily"], check=True, cwd=str(REPO_ROOT), env=env)
  File "/opt/homebrew/Cellar/python@3.11/3.11.13/Frameworks/Python.framework/Versions/3.11/lib/python3.11/subprocess.py", line 571, in run
    raise CalledProcessError(retcode, process.args,
subprocess.CalledProcessError: Command '['/Users/jerrystrain/Projects/proppadia/.venv/bin/python', '/Users/jerrystrain/Projects/proppadia/backend/nhl/cli.py', 'daily']' returned non-zero exit status 1.
2025-12-14 07:48:36  [start] range 2025-10-07..2025-12-13  resume='2025-10-08'  checkpoint=/Users/jerrystrain/Projects/proppadia/backend/nhl/.range_runner_checkpoint.txt
2025-12-14 07:48:36  [day] 2025-10-08 begin
2025-12-14 07:48:37  [skip] 2025-10-08 already present: games=4 sk_toi=144 sk_sog=111 gk_toi=8
2025-12-14 07:48:37  [day] 2025-10-09 begin
2025-12-14 07:48:38  [skip] 2025-10-09 already present: games=14 sk_toi=501 sk_sog=381 gk_toi=0
2025-12-14 07:48:38  [day] 2025-10-10 begin
2025-12-14 07:48:38  [skip] 2025-10-10 no games
2025-12-14 07:48:38  [day] 2025-10-11 begin
2025-12-14 07:48:38  [skip] 2025-10-11 no games
2025-12-14 07:48:38  [day] 2025-10-12 begin
2025-12-14 07:48:38  [skip] 2025-10-12 no games
2025-12-14 07:48:38  [day] 2025-10-13 begin
2025-12-14 07:48:38  [skip] 2025-10-13 no games
2025-12-14 07:48:38  [day] 2025-10-14 begin
2025-12-14 07:48:39  [skip] 2025-10-14 no games
2025-12-14 07:48:39  [day] 2025-10-15 begin
2025-12-14 07:48:39  [skip] 2025-10-15 no games
2025-12-14 07:48:39  [day] 2025-10-16 begin
2025-12-14 07:48:39  [skip] 2025-10-16 no games
2025-12-14 07:48:39  [day] 2025-10-17 begin
2025-12-14 07:48:39  [skip] 2025-10-17 no games
2025-12-14 07:48:39  [day] 2025-10-18 begin
2025-12-14 07:48:39  [skip] 2025-10-18 no games
2025-12-14 07:48:39  [day] 2025-10-19 begin
2025-12-14 07:48:39  [skip] 2025-10-19 no games
2025-12-14 07:48:39  [day] 2025-10-20 begin
2025-12-14 07:48:39  [skip] 2025-10-20 no games
2025-12-14 07:48:39  [day] 2025-10-21 begin
2025-12-14 07:48:39  [skip] 2025-10-21 no games
2025-12-14 07:48:39  [day] 2025-10-22 begin
2025-12-14 07:48:40  [skip] 2025-10-22 no games
2025-12-14 07:48:40  [day] 2025-10-23 begin
2025-12-14 07:48:40  [skip] 2025-10-23 no games
2025-12-14 07:48:40  [day] 2025-10-24 begin
2025-12-14 07:48:40  [skip] 2025-10-24 no games
2025-12-14 07:48:40  [day] 2025-10-25 begin
2025-12-14 07:48:40  [skip] 2025-10-25 no games
2025-12-14 07:48:40  [day] 2025-10-26 begin
2025-12-14 07:48:40  [skip] 2025-10-26 no games
2025-12-14 07:48:40  [day] 2025-10-27 begin
2025-12-14 07:48:40  [skip] 2025-10-27 no games
2025-12-14 07:48:40  [day] 2025-10-28 begin
2025-12-14 07:48:40  [skip] 2025-10-28 no games
2025-12-14 07:48:40  [day] 2025-10-29 begin
2025-12-14 07:48:41  [skip] 2025-10-29 no games
2025-12-14 07:48:41  [day] 2025-10-30 begin
2025-12-14 07:48:41  [skip] 2025-10-30 no games
2025-12-14 07:48:41  [day] 2025-10-31 begin
2025-12-14 07:48:41  [skip] 2025-10-31 no games
2025-12-14 07:48:41  [day] 2025-11-01 begin
2025-12-14 07:48:41  [skip] 2025-11-01 no games
2025-12-14 07:48:41  [day] 2025-11-02 begin
2025-12-14 07:48:41  [skip] 2025-11-02 no games
2025-12-14 07:48:41  [day] 2025-11-03 begin
2025-12-14 07:48:41  [skip] 2025-11-03 no games
2025-12-14 07:48:41  [day] 2025-11-04 begin
2025-12-14 07:48:41  [skip] 2025-11-04 no games
2025-12-14 07:48:41  [day] 2025-11-05 begin
2025-12-14 07:48:42  [skip] 2025-11-05 no games
2025-12-14 07:48:42  [day] 2025-11-06 begin
2025-12-14 07:48:42  [skip] 2025-11-06 no games
2025-12-14 07:48:42  [day] 2025-11-07 begin
2025-12-14 07:48:42  [skip] 2025-11-07 no games
2025-12-14 07:48:42  [day] 2025-11-08 begin
2025-12-14 07:48:42  [skip] 2025-11-08 no games
2025-12-14 07:48:42  [day] 2025-11-09 begin
2025-12-14 07:48:42  [skip] 2025-11-09 no games
2025-12-14 07:48:42  [day] 2025-11-10 begin
2025-12-14 07:48:42  [skip] 2025-11-10 no games
2025-12-14 07:48:42  [day] 2025-11-11 begin
2025-12-14 07:48:42  [skip] 2025-11-11 no games
2025-12-14 07:48:42  [day] 2025-11-12 begin
2025-12-14 07:48:43  [skip] 2025-11-12 no games
2025-12-14 07:48:43  [day] 2025-11-13 begin
2025-12-14 07:48:43  [skip] 2025-11-13 no games
2025-12-14 07:48:43  [day] 2025-11-14 begin
2025-12-14 07:48:43  [skip] 2025-11-14 no games
2025-12-14 07:48:43  [day] 2025-11-15 begin
2025-12-14 07:48:43  [skip] 2025-11-15 no games
2025-12-14 07:48:43  [day] 2025-11-16 begin
2025-12-14 07:48:43  [skip] 2025-11-16 no games
2025-12-14 07:48:43  [day] 2025-11-17 begin
2025-12-14 07:48:43  [skip] 2025-11-17 no games
2025-12-14 07:48:43  [day] 2025-11-18 begin
2025-12-14 07:48:43  [skip] 2025-11-18 no games
2025-12-14 07:48:43  [day] 2025-11-19 begin
2025-12-14 07:48:44  [skip] 2025-11-19 no games
2025-12-14 07:48:44  [day] 2025-11-20 begin
2025-12-14 07:48:44  [skip] 2025-11-20 no games
2025-12-14 07:48:44  [day] 2025-11-21 begin
2025-12-14 07:48:44  [skip] 2025-11-21 no games
2025-12-14 07:48:44  [day] 2025-11-22 begin
2025-12-14 07:48:44  [skip] 2025-11-22 no games
2025-12-14 07:48:44  [day] 2025-11-23 begin
2025-12-14 07:48:44  [skip] 2025-11-23 no games
2025-12-14 07:48:44  [day] 2025-11-24 begin
2025-12-14 07:48:44  [skip] 2025-11-24 no games
2025-12-14 07:48:44  [day] 2025-11-25 begin
2025-12-14 07:48:44  [skip] 2025-11-25 no games
2025-12-14 07:48:44  [day] 2025-11-26 begin
2025-12-14 07:48:45  [skip] 2025-11-26 no games
2025-12-14 07:48:45  [day] 2025-11-27 begin
2025-12-14 07:48:45  [skip] 2025-11-27 no games
2025-12-14 07:48:45  [day] 2025-11-28 begin
2025-12-14 07:48:45  [skip] 2025-11-28 no games
2025-12-14 07:48:45  [day] 2025-11-29 begin
2025-12-14 07:48:45  [skip] 2025-11-29 no games
2025-12-14 07:48:45  [day] 2025-11-30 begin
2025-12-14 07:48:45  [skip] 2025-11-30 no games
2025-12-14 07:48:45  [day] 2025-12-01 begin
2025-12-14 07:48:46  [skip] 2025-12-01 already present: games=5 sk_toi=180 sk_sog=140 gk_toi=0
2025-12-14 07:48:46  [day] 2025-12-02 begin
2025-12-14 07:48:46  [skip] 2025-12-02 no games
2025-12-14 07:48:46  [day] 2025-12-03 begin
2025-12-14 07:48:47  [skip] 2025-12-03 already present: games=5 sk_toi=175 sk_sog=146 gk_toi=0
2025-12-14 07:48:47  [day] 2025-12-04 begin
2025-12-14 07:48:47  [skip] 2025-12-04 already present: games=10 sk_toi=351 sk_sog=271 gk_toi=0
2025-12-14 07:48:47  [day] 2025-12-05 begin
2025-12-14 07:48:48  [skip] 2025-12-05 already present: games=5 sk_toi=175 sk_sog=121 gk_toi=0
2025-12-14 07:48:48  [day] 2025-12-06 begin
2025-12-14 07:48:49  [run] 2025-12-06 attempt 1/3
              now              
-------------------------------
 2025-12-14 15:48:49.917191+00
(1 row)

[import_schedule_today] WARNING: no teams found in schedule payload
✅ Staged & merged 12 games for 2025-12-06 (ET)
↪︎ SKIP_PLAYERS=1: will not write nhl.players or nhl.player_external_ids
↪︎ SKIP_ROSTER_STATUS=1: importer will not write nhl.roster_status
🔧 Upserted/confirmed 0 players in nhl.players
🔄 Seeded 0 mappings in nhl.player_external_ids (provider='nhl')
✅ roster_status rows present for 2025-12-06: 566
Traceback (most recent call last):
  File "/Users/jerrystrain/Projects/proppadia/backend/nhl/scripts/refresh_players_and_roster_today.py", line 498, in <module>
    main()
  File "/Users/jerrystrain/Projects/proppadia/backend/nhl/scripts/refresh_players_and_roster_today.py", line 398, in main
    roster = fetch_roster(tri, SLATE_DATE) or []
             ^^^^^^^^^^^^^^^^^^^^^^^^^^^^^
  File "/Users/jerrystrain/Projects/proppadia/backend/nhl/scripts/refresh_players_and_roster_today.py", line 336, in fetch_roster
    resp = S.get(url, timeout=20)
           ^^^^^^^^^^^^^^^^^^^^^^
  File "/Users/jerrystrain/Projects/proppadia/.venv/lib/python3.11/site-packages/requests/sessions.py", line 602, in get
    return self.request("GET", url, **kwargs)
           ^^^^^^^^^^^^^^^^^^^^^^^^^^^^^^^^^^
  File "/Users/jerrystrain/Projects/proppadia/.venv/lib/python3.11/site-packages/requests/sessions.py", line 589, in request
    resp = self.send(prep, **send_kwargs)
           ^^^^^^^^^^^^^^^^^^^^^^^^^^^^^^
  File "/Users/jerrystrain/Projects/proppadia/.venv/lib/python3.11/site-packages/requests/sessions.py", line 703, in send
    r = adapter.send(request, **kwargs)
        ^^^^^^^^^^^^^^^^^^^^^^^^^^^^^^^
  File "/Users/jerrystrain/Projects/proppadia/.venv/lib/python3.11/site-packages/requests/adapters.py", line 644, in send
    resp = conn.urlopen(
           ^^^^^^^^^^^^^
  File "/Users/jerrystrain/Projects/proppadia/.venv/lib/python3.11/site-packages/urllib3/connectionpool.py", line 787, in urlopen
    response = self._make_request(
               ^^^^^^^^^^^^^^^^^^^
  File "/Users/jerrystrain/Projects/proppadia/.venv/lib/python3.11/site-packages/urllib3/connectionpool.py", line 534, in _make_request
    response = conn.getresponse()
               ^^^^^^^^^^^^^^^^^^
  File "/Users/jerrystrain/Projects/proppadia/.venv/lib/python3.11/site-packages/urllib3/connection.py", line 565, in getresponse
    httplib_response = super().getresponse()
                       ^^^^^^^^^^^^^^^^^^^^^
  File "/opt/homebrew/Cellar/python@3.11/3.11.13/Frameworks/Python.framework/Versions/3.11/lib/python3.11/http/client.py", line 1395, in getresponse
    response.begin()
  File "/opt/homebrew/Cellar/python@3.11/3.11.13/Frameworks/Python.framework/Versions/3.11/lib/python3.11/http/client.py", line 325, in begin
    version, status, reason = self._read_status()
                              ^^^^^^^^^^^^^^^^^^^
  File "/opt/homebrew/Cellar/python@3.11/3.11.13/Frameworks/Python.framework/Versions/3.11/lib/python3.11/http/client.py", line 286, in _read_status
    line = str(self.fp.readline(_MAXLINE + 1), "iso-8859-1")
               ^^^^^^^^^^^^^^^^^^^^^^^^^^^^^^
  File "/opt/homebrew/Cellar/python@3.11/3.11.13/Frameworks/Python.framework/Versions/3.11/lib/python3.11/socket.py", line 718, in readinto
    return self._sock.recv_into(b)
           ^^^^^^^^^^^^^^^^^^^^^^^
  File "/opt/homebrew/Cellar/python@3.11/3.11.13/Frameworks/Python.framework/Versions/3.11/lib/python3.11/ssl.py", line 1314, in recv_into
    return self.read(nbytes, buffer)
           ^^^^^^^^^^^^^^^^^^^^^^^^^
  File "/opt/homebrew/Cellar/python@3.11/3.11.13/Frameworks/Python.framework/Versions/3.11/lib/python3.11/ssl.py", line 1166, in read
    return self._sslobj.read(len, buffer)
           ^^^^^^^^^^^^^^^^^^^^^^^^^^^^^^
KeyboardInterrupt
SLATE_DATE (ET): 2025-12-06
YDAY       (ET): 2025-12-06
▶ psql postgresql://postgres.cnwwhhmpashijqbspvhf:q7ycpbcoCuItSgLr@aws-0-us-west-1.pooler.supabase.com:5432/postgres?sslmode=require&gssencmode=disable -v ON_ERROR_STOP=1 -c SELECT now();
▶ /Users/jerrystrain/Projects/proppadia/.venv/bin/python /Users/jerrystrain/Projects/proppadia/backend/nhl/scripts/import_schedule_today.py
▶ /Users/jerrystrain/Projects/proppadia/.venv/bin/python /Users/jerrystrain/Projects/proppadia/backend/nhl/scripts/import_roster_today.py
▶ /Users/jerrystrain/Projects/proppadia/.venv/bin/python /Users/jerrystrain/Projects/proppadia/backend/nhl/scripts/refresh_players_and_roster_today.py
Traceback (most recent call last):
  File "/Users/jerrystrain/Projects/proppadia/backend/nhl/cli.py", line 778, in <module>
    main()
  File "/Users/jerrystrain/Projects/proppadia/backend/nhl/cli.py", line 765, in main
    cmd_daily(with_odds=args.with_odds)
  File "/Users/jerrystrain/Projects/proppadia/backend/nhl/cli.py", line 498, in cmd_daily
    run(
  File "/Users/jerrystrain/Projects/proppadia/backend/nhl/cli.py", line 104, in run
    return sp.run(cmd, cwd=str(cwd), env=e, check=check)
           ^^^^^^^^^^^^^^^^^^^^^^^^^^^^^^^^^^^^^^^^^^^^^
  File "/opt/homebrew/Cellar/python@3.11/3.11.13/Frameworks/Python.framework/Versions/3.11/lib/python3.11/subprocess.py", line 550, in run
    stdout, stderr = process.communicate(input, timeout=timeout)
                     ^^^^^^^^^^^^^^^^^^^^^^^^^^^^^^^^^^^^^^^^^^^
  File "/opt/homebrew/Cellar/python@3.11/3.11.13/Frameworks/Python.framework/Versions/3.11/lib/python3.11/subprocess.py", line 1201, in communicate
    self.wait()
  File "/opt/homebrew/Cellar/python@3.11/3.11.13/Frameworks/Python.framework/Versions/3.11/lib/python3.11/subprocess.py", line 1264, in wait
    return self._wait(timeout=timeout)
           ^^^^^^^^^^^^^^^^^^^^^^^^^^^
  File "/opt/homebrew/Cellar/python@3.11/3.11.13/Frameworks/Python.framework/Versions/3.11/lib/python3.11/subprocess.py", line 2053, in _wait
    (pid, sts) = self._try_wait(0)
                 ^^^^^^^^^^^^^^^^^
  File "/opt/homebrew/Cellar/python@3.11/3.11.13/Frameworks/Python.framework/Versions/3.11/lib/python3.11/subprocess.py", line 2011, in _try_wait
    (pid, sts) = os.waitpid(self.pid, wait_flags)
                 ^^^^^^^^^^^^^^^^^^^^^^^^^^^^^^^^
KeyboardInterrupt
Traceback (most recent call last):
  File "/Users/jerrystrain/Projects/proppadia/backend/nhl/range_runner.py", line 178, in <module>
    main()
  File "/Users/jerrystrain/Projects/proppadia/backend/nhl/range_runner.py", line 160, in main
    run_cli_for_day(ds, attempts=args.attempts)
  File "/Users/jerrystrain/Projects/proppadia/backend/nhl/range_runner.py", line 107, in run_cli_for_day
    subprocess.run([sys.executable, str(CLI_PATH), "daily"], check=True, cwd=str(REPO_ROOT), env=env)
  File "/opt/homebrew/Cellar/python@3.11/3.11.13/Frameworks/Python.framework/Versions/3.11/lib/python3.11/subprocess.py", line 550, in run
    stdout, stderr = process.communicate(input, timeout=timeout)
                     ^^^^^^^^^^^^^^^^^^^^^^^^^^^^^^^^^^^^^^^^^^^
  File "/opt/homebrew/Cellar/python@3.11/3.11.13/Frameworks/Python.framework/Versions/3.11/lib/python3.11/subprocess.py", line 1201, in communicate
    self.wait()
  File "/opt/homebrew/Cellar/python@3.11/3.11.13/Frameworks/Python.framework/Versions/3.11/lib/python3.11/subprocess.py", line 1264, in wait
    return self._wait(timeout=timeout)
           ^^^^^^^^^^^^^^^^^^^^^^^^^^^
  File "/opt/homebrew/Cellar/python@3.11/3.11.13/Frameworks/Python.framework/Versions/3.11/lib/python3.11/subprocess.py", line 2053, in _wait
    (pid, sts) = self._try_wait(0)
                 ^^^^^^^^^^^^^^^^^
  File "/opt/homebrew/Cellar/python@3.11/3.11.13/Frameworks/Python.framework/Versions/3.11/lib/python3.11/subprocess.py", line 2011, in _try_wait
    (pid, sts) = os.waitpid(self.pid, wait_flags)
                 ^^^^^^^^^^^^^^^^^^^^^^^^^^^^^^^^
KeyboardInterrupt
2025-12-14 07:51:49  [start] range 2025-10-10..2025-12-13  resume='2025-10-08'  checkpoint=/Users/jerrystrain/Projects/proppadia/backend/nhl/.range_runner_checkpoint.txt
2025-12-14 07:51:49  [day] 2025-10-08 begin
2025-12-14 07:51:50  [skip] 2025-10-08 already present: games=4 sk_toi=144 sk_sog=111 gk_toi=8
2025-12-14 07:51:50  [day] 2025-10-09 begin
2025-12-14 07:51:51  [skip] 2025-10-09 already present: games=14 sk_toi=501 sk_sog=381 gk_toi=0
2025-12-14 07:51:51  [day] 2025-10-10 begin
2025-12-14 07:51:51  [skip] 2025-10-10 no games
2025-12-14 07:51:51  [day] 2025-10-11 begin
2025-12-14 07:51:51  [skip] 2025-10-11 no games
2025-12-14 07:51:51  [day] 2025-10-12 begin
2025-12-14 07:51:51  [skip] 2025-10-12 no games
2025-12-14 07:51:51  [day] 2025-10-13 begin
2025-12-14 07:51:51  [skip] 2025-10-13 no games
2025-12-14 07:51:51  [day] 2025-10-14 begin
2025-12-14 07:51:51  [skip] 2025-10-14 no games
2025-12-14 07:51:51  [day] 2025-10-15 begin
2025-12-14 07:51:52  [skip] 2025-10-15 no games
2025-12-14 07:51:52  [day] 2025-10-16 begin
2025-12-14 07:51:52  [skip] 2025-10-16 no games
2025-12-14 07:51:52  [day] 2025-10-17 begin
2025-12-14 07:51:52  [skip] 2025-10-17 no games
2025-12-14 07:51:52  [day] 2025-10-18 begin
2025-12-14 07:51:52  [skip] 2025-10-18 no games
2025-12-14 07:51:52  [day] 2025-10-19 begin
2025-12-14 07:51:52  [skip] 2025-10-19 no games
2025-12-14 07:51:52  [day] 2025-10-20 begin
2025-12-14 07:51:52  [skip] 2025-10-20 no games
2025-12-14 07:51:52  [day] 2025-10-21 begin
2025-12-14 07:51:52  [skip] 2025-10-21 no games
2025-12-14 07:51:52  [day] 2025-10-22 begin
2025-12-14 07:51:53  [skip] 2025-10-22 no games
2025-12-14 07:51:53  [day] 2025-10-23 begin
2025-12-14 07:51:53  [skip] 2025-10-23 no games
2025-12-14 07:51:53  [day] 2025-10-24 begin
2025-12-14 07:51:53  [skip] 2025-10-24 no games
2025-12-14 07:51:53  [day] 2025-10-25 begin
2025-12-14 07:51:53  [skip] 2025-10-25 no games
2025-12-14 07:51:53  [day] 2025-10-26 begin
2025-12-14 07:51:53  [skip] 2025-10-26 no games
2025-12-14 07:51:53  [day] 2025-10-27 begin
2025-12-14 07:51:53  [skip] 2025-10-27 no games
2025-12-14 07:51:53  [day] 2025-10-28 begin
2025-12-14 07:51:53  [skip] 2025-10-28 no games
2025-12-14 07:51:53  [day] 2025-10-29 begin
2025-12-14 07:51:54  [skip] 2025-10-29 no games
2025-12-14 07:51:54  [day] 2025-10-30 begin
2025-12-14 07:51:54  [skip] 2025-10-30 no games
2025-12-14 07:51:54  [day] 2025-10-31 begin
2025-12-14 07:51:54  [skip] 2025-10-31 no games
2025-12-14 07:51:54  [day] 2025-11-01 begin
2025-12-14 07:51:54  [skip] 2025-11-01 no games
2025-12-14 07:51:54  [day] 2025-11-02 begin
2025-12-14 07:51:54  [skip] 2025-11-02 no games
2025-12-14 07:51:54  [day] 2025-11-03 begin
2025-12-14 07:51:54  [skip] 2025-11-03 no games
2025-12-14 07:51:54  [day] 2025-11-04 begin
2025-12-14 07:51:54  [skip] 2025-11-04 no games
2025-12-14 07:51:54  [day] 2025-11-05 begin
2025-12-14 07:51:54  [skip] 2025-11-05 no games
2025-12-14 07:51:54  [day] 2025-11-06 begin
2025-12-14 07:51:55  [skip] 2025-11-06 no games
2025-12-14 07:51:55  [day] 2025-11-07 begin
2025-12-14 07:51:55  [skip] 2025-11-07 no games
2025-12-14 07:51:55  [day] 2025-11-08 begin
2025-12-14 07:51:55  [skip] 2025-11-08 no games
2025-12-14 07:51:55  [day] 2025-11-09 begin
2025-12-14 07:51:55  [skip] 2025-11-09 no games
2025-12-14 07:51:55  [day] 2025-11-10 begin
2025-12-14 07:51:55  [skip] 2025-11-10 no games
2025-12-14 07:51:55  [day] 2025-11-11 begin
2025-12-14 07:51:55  [skip] 2025-11-11 no games
2025-12-14 07:51:55  [day] 2025-11-12 begin
2025-12-14 07:51:55  [skip] 2025-11-12 no games
2025-12-14 07:51:55  [day] 2025-11-13 begin
2025-12-14 07:51:56  [skip] 2025-11-13 no games
2025-12-14 07:51:56  [day] 2025-11-14 begin
2025-12-14 07:51:56  [skip] 2025-11-14 no games
2025-12-14 07:51:56  [day] 2025-11-15 begin
2025-12-14 07:51:56  [skip] 2025-11-15 no games
2025-12-14 07:51:56  [day] 2025-11-16 begin
2025-12-14 07:51:56  [skip] 2025-11-16 no games
2025-12-14 07:51:56  [day] 2025-11-17 begin
2025-12-14 07:51:56  [skip] 2025-11-17 no games
2025-12-14 07:51:56  [day] 2025-11-18 begin
2025-12-14 07:51:56  [skip] 2025-11-18 no games
2025-12-14 07:51:56  [day] 2025-11-19 begin
2025-12-14 07:51:56  [skip] 2025-11-19 no games
2025-12-14 07:51:56  [day] 2025-11-20 begin
2025-12-14 07:51:57  [skip] 2025-11-20 no games
2025-12-14 07:51:57  [day] 2025-11-21 begin
2025-12-14 07:51:57  [skip] 2025-11-21 no games
2025-12-14 07:51:57  [day] 2025-11-22 begin
2025-12-14 07:51:57  [skip] 2025-11-22 no games
2025-12-14 07:51:57  [day] 2025-11-23 begin
2025-12-14 07:51:57  [skip] 2025-11-23 no games
2025-12-14 07:51:57  [day] 2025-11-24 begin
2025-12-14 07:51:57  [skip] 2025-11-24 no games
2025-12-14 07:51:57  [day] 2025-11-25 begin
2025-12-14 07:51:57  [skip] 2025-11-25 no games
2025-12-14 07:51:57  [day] 2025-11-26 begin
2025-12-14 07:51:57  [skip] 2025-11-26 no games
2025-12-14 07:51:57  [day] 2025-11-27 begin
2025-12-14 07:51:58  [skip] 2025-11-27 no games
2025-12-14 07:51:58  [day] 2025-11-28 begin
2025-12-14 07:51:58  [skip] 2025-11-28 no games
2025-12-14 07:51:58  [day] 2025-11-29 begin
2025-12-14 07:51:58  [skip] 2025-11-29 no games
2025-12-14 07:51:58  [day] 2025-11-30 begin
2025-12-14 07:51:58  [skip] 2025-11-30 no games
2025-12-14 07:51:58  [day] 2025-12-01 begin
2025-12-14 07:51:59  [skip] 2025-12-01 already present: games=5 sk_toi=180 sk_sog=140 gk_toi=0
2025-12-14 07:51:59  [day] 2025-12-02 begin
2025-12-14 07:51:59  [skip] 2025-12-02 no games
2025-12-14 07:51:59  [day] 2025-12-03 begin
2025-12-14 07:51:59  [skip] 2025-12-03 already present: games=5 sk_toi=175 sk_sog=146 gk_toi=0
2025-12-14 07:51:59  [day] 2025-12-04 begin
2025-12-14 07:52:00  [skip] 2025-12-04 already present: games=10 sk_toi=351 sk_sog=271 gk_toi=0
2025-12-14 07:52:00  [day] 2025-12-05 begin
2025-12-14 07:52:01  [skip] 2025-12-05 already present: games=5 sk_toi=175 sk_sog=121 gk_toi=0
2025-12-14 07:52:01  [day] 2025-12-06 begin
2025-12-14 07:52:02  [run] 2025-12-06 attempt 1/3
              now              
-------------------------------
 2025-12-14 15:52:02.771382+00
(1 row)

[import_schedule_today] WARNING: no teams found in schedule payload
✅ Staged & merged 12 games for 2025-12-06 (ET)
↪︎ SKIP_PLAYERS=1: will not write nhl.players or nhl.player_external_ids
↪︎ SKIP_ROSTER_STATUS=1: importer will not write nhl.roster_status
🔧 Upserted/confirmed 0 players in nhl.players
🔄 Seeded 0 mappings in nhl.player_external_ids (provider='nhl')
✅ roster_status rows present for 2025-12-06: 566
Refreshed players & roster_status for 2025-12-06 (source=API)
✅ roster_status rows present for 2025-12-06: 566
seed_sog_features_for_slate: upserted rows for slate_date= '2025-12-06'
   506

psql:/Users/jerrystrain/Projects/proppadia/backend/nhl/sql/seed_goalie_features_for_slate.sql:29: NOTICE:  column "start_prob" of relation "training_features_goalie_saves_v2" already exists, skipping
 shots_faced

 saves

 toi_minutes

seed_goalie_features_for_slate: upserted rows for slate_date= '2025-12-06'
    56

BEGIN
UPDATE 2056
COMMIT
SLATE_DATE (ET): 2025-12-06
YDAY       (ET): 2025-12-06
▶ psql postgresql://postgres.cnwwhhmpashijqbspvhf:q7ycpbcoCuItSgLr@aws-0-us-west-1.pooler.supabase.com:5432/postgres?sslmode=require&gssencmode=disable -v ON_ERROR_STOP=1 -c SELECT now();
▶ /Users/jerrystrain/Projects/proppadia/.venv/bin/python /Users/jerrystrain/Projects/proppadia/backend/nhl/scripts/import_schedule_today.py
▶ /Users/jerrystrain/Projects/proppadia/.venv/bin/python /Users/jerrystrain/Projects/proppadia/backend/nhl/scripts/import_roster_today.py
▶ /Users/jerrystrain/Projects/proppadia/.venv/bin/python /Users/jerrystrain/Projects/proppadia/backend/nhl/scripts/refresh_players_and_roster_today.py
▶ psql --no-psqlrc -v ON_ERROR_STOP=1 postgresql://postgres.cnwwhhmpashijqbspvhf:q7ycpbcoCuItSgLr@aws-0-us-west-1.pooler.supabase.com:5432/postgres?sslmode=require&gssencmode=disable -v slate_date=2025-12-06 -f /Users/jerrystrain/Projects/proppadia/backend/nhl/sql/seed_sog_features_for_slate.sql
▶ psql --no-psqlrc -v ON_ERROR_STOP=1 postgresql://postgres.cnwwhhmpashijqbspvhf:q7ycpbcoCuItSgLr@aws-0-us-west-1.pooler.supabase.com:5432/postgres?sslmode=require&gssencmode=disable -v slate_date=2025-12-06 -f /Users/jerrystrain/Projects/proppadia/backend/nhl/sql/seed_goalie_features_for_slate.sql
↻ Refreshing SOG rollups in-table for 2025-03-21..2025-12-06 ...
▶ psql postgresql://postgres.cnwwhhmpashijqbspvhf:q7ycpbcoCuItSgLr@aws-0-us-west-1.pooler.supabase.com:5432/postgres?sslmode=require&gssencmode=disable --no-psqlrc -v ON_ERROR_STOP=1 -c 
    BEGIN;

    WITH params AS (
      SELECT DATE '2025-03-21' AS start_date, DATE '2025-12-06' AS end_date
    ),
    realized AS (
      SELECT
        l.player_id::bigint AS player_id,
        g.game_id::bigint   AS game_id,
        g.game_date::date   AS game_date,

        -- safe numeric casts (handle '' and NULL)
        COALESCE(NULLIF(BTRIM(l.shots_on_goal::text), ''), '0')::numeric AS sog,
        COALESCE(NULLIF(BTRIM(l.shot_attempts::text), ''), '0')::numeric AS attempts,

        NULLIF(COALESCE(NULLIF(BTRIM(l.toi_minutes::text), ''), '0')::numeric, 0) AS toi_min
      FROM nhl.skater_game_logs_raw l
      JOIN nhl.games g USING (game_id)
      JOIN params p ON TRUE
      -- include enough history before start_date so rolling windows at start_date aren't empty
      WHERE g.game_date BETWEEN (p.start_date - INTERVAL '260 days') AND p.end_date
    ),
    rolls AS (
      SELECT
        r.player_id,
        r.game_id,
        r.game_date,

        SUM(r.sog)      OVER w5  AS sog_5,
        SUM(r.toi_min)  OVER w5  AS toi_5,

        SUM(r.sog)      OVER w10 AS sog_10,
        SUM(r.attempts) OVER w10 AS att_10,
        SUM(r.toi_min)  OVER w10 AS toi_10,

        SUM(r.sog)      OVER w20 AS sog_20,
        SUM(r.toi_min)  OVER w20 AS toi_20

      FROM realized r
      WINDOW
        w5  AS (PARTITION BY r.player_id ORDER BY r.game_date, r.game_id ROWS BETWEEN 4  PRECEDING AND CURRENT ROW),
        w10 AS (PARTITION BY r.player_id ORDER BY r.game_date, r.game_id ROWS BETWEEN 9  PRECEDING AND CURRENT ROW),
        w20 AS (PARTITION BY r.player_id ORDER BY r.game_date, r.game_id ROWS BETWEEN 19 PRECEDING AND CURRENT ROW)
    ),
    rollups AS (
      SELECT
        player_id,
        game_id,
        game_date,

        CASE WHEN toi_5  IS NULL OR toi_5  <= 0 THEN NULL ELSE (sog_5  / toi_5 ) * 60 END AS d5_sog_per60,
        CASE WHEN toi_10 IS NULL OR toi_10 <= 0 THEN NULL ELSE (sog_10 / toi_10) * 60 END AS d10_sog_per60,
        CASE WHEN toi_20 IS NULL OR toi_20 <= 0 THEN NULL ELSE (sog_20 / toi_20) * 60 END AS d20_sog_per60,
        CASE WHEN toi_10 IS NULL OR toi_10 <= 0 THEN NULL ELSE (att_10 / toi_10) * 60 END AS attempts_d10_per60
      FROM rolls
    )
    UPDATE nhl.training_features_nhl_sog_enriched_pregame_v2 t
    SET
      d5_sog_per60       = r.d5_sog_per60,
      d10_sog_per60      = r.d10_sog_per60,
      d20_sog_per60      = r.d20_sog_per60,
      attempts_d10_per60 = r.attempts_d10_per60
    FROM rollups r, params p
    WHERE
      t.player_id = r.player_id
      AND t.game_id = r.game_id
      AND t.game_date = r.game_date
      AND t.game_date BETWEEN p.start_date AND p.end_date;

    COMMIT;
    
✅ SOG rollups refreshed.
[export_names_csv] wrote names CSV → /Users/jerrystrain/Projects/proppadia/backend/nhl/exports/names_2025-12-06.csv
✅ Exported SOG Denali features for 2025-12-06 → /Users/jerrystrain/Projects/proppadia/backend/nhl/exports/sog_features_2025-12-06_denali.csv
Traceback (most recent call last):
  File "/Users/jerrystrain/Projects/proppadia/backend/nhl/cli.py", line 778, in <module>
    main()
  File "/Users/jerrystrain/Projects/proppadia/backend/nhl/cli.py", line 765, in main
    cmd_daily(with_odds=args.with_odds)
  File "/Users/jerrystrain/Projects/proppadia/backend/nhl/cli.py", line 528, in cmd_daily
    points_csv = psql_stdout(SQL_DIR / "export_points.sql",           vars={"slate_date": slate})
                 ^^^^^^^^^^^^^^^^^^^^^^^^^^^^^^^^^^^^^^^^^^^^^^^^^^^^^^^^^^^^^^^^^^^^^^^^^^^^^^^^
  File "/Users/jerrystrain/Projects/proppadia/backend/nhl/cli.py", line 130, in psql_stdout
    res = sp.run(cmd, cwd=str(ROOT), env=os.environ, check=True, capture_output=True)
          ^^^^^^^^^^^^^^^^^^^^^^^^^^^^^^^^^^^^^^^^^^^^^^^^^^^^^^^^^^^^^^^^^^^^^^^^^^^
  File "/opt/homebrew/Cellar/python@3.11/3.11.13/Frameworks/Python.framework/Versions/3.11/lib/python3.11/subprocess.py", line 550, in run
    stdout, stderr = process.communicate(input, timeout=timeout)
                     ^^^^^^^^^^^^^^^^^^^^^^^^^^^^^^^^^^^^^^^^^^^
  File "/opt/homebrew/Cellar/python@3.11/3.11.13/Frameworks/Python.framework/Versions/3.11/lib/python3.11/subprocess.py", line 1209, in communicate
    stdout, stderr = self._communicate(input, endtime, timeout)
                     ^^^^^^^^^^^^^^^^^^^^^^^^^^^^^^^^^^^^^^^^^^
  File "/opt/homebrew/Cellar/python@3.11/3.11.13/Frameworks/Python.framework/Versions/3.11/lib/python3.11/subprocess.py", line 2115, in _communicate
    ready = selector.select(timeout)
            ^^^^^^^^^^^^^^^^^^^^^^^^
  File "/opt/homebrew/Cellar/python@3.11/3.11.13/Frameworks/Python.framework/Versions/3.11/lib/python3.11/selectors.py", line 415, in select
    fd_event_list = self._selector.poll(timeout)
                    ^^^^^^^^^^^^^^^^^^^^^^^^^^^^
KeyboardInterrupt
Traceback (most recent call last):
  File "/Users/jerrystrain/Projects/proppadia/backend/nhl/range_runner.py", line 178, in <module>
    main()
  File "/Users/jerrystrain/Projects/proppadia/backend/nhl/range_runner.py", line 160, in main
    run_cli_for_day(ds, attempts=args.attempts)
  File "/Users/jerrystrain/Projects/proppadia/backend/nhl/range_runner.py", line 107, in run_cli_for_day
    subprocess.run([sys.executable, str(CLI_PATH), "daily"], check=True, cwd=str(REPO_ROOT), env=env)
  File "/opt/homebrew/Cellar/python@3.11/3.11.13/Frameworks/Python.framework/Versions/3.11/lib/python3.11/subprocess.py", line 550, in run
    stdout, stderr = process.communicate(input, timeout=timeout)
                     ^^^^^^^^^^^^^^^^^^^^^^^^^^^^^^^^^^^^^^^^^^^
  File "/opt/homebrew/Cellar/python@3.11/3.11.13/Frameworks/Python.framework/Versions/3.11/lib/python3.11/subprocess.py", line 1201, in communicate
    self.wait()
  File "/opt/homebrew/Cellar/python@3.11/3.11.13/Frameworks/Python.framework/Versions/3.11/lib/python3.11/subprocess.py", line 1264, in wait
    return self._wait(timeout=timeout)
           ^^^^^^^^^^^^^^^^^^^^^^^^^^^
  File "/opt/homebrew/Cellar/python@3.11/3.11.13/Frameworks/Python.framework/Versions/3.11/lib/python3.11/subprocess.py", line 2053, in _wait
    (pid, sts) = self._try_wait(0)
                 ^^^^^^^^^^^^^^^^^
  File "/opt/homebrew/Cellar/python@3.11/3.11.13/Frameworks/Python.framework/Versions/3.11/lib/python3.11/subprocess.py", line 2011, in _try_wait
    (pid, sts) = os.waitpid(self.pid, wait_flags)
                 ^^^^^^^^^^^^^^^^^^^^^^^^^^^^^^^^
KeyboardInterrupt
