artifact_path,bytes,artifact_kind,lineage_classification,available_lineage,evidence_limit
models_out/archive/20260218T234938Z/doubles.joblib,67277406,MODEL_BINARY,INPUT_MEMBERSHIP_UNPROVABLE,artifact plus occasional MODEL_INDEX aggregate metadata,no immutable exact-gamePk input manifest bound to artifact
models_out/archive/20260218T234938Z/earned_runs.joblib,6120970,MODEL_BINARY,INPUT_MEMBERSHIP_UNPROVABLE,artifact plus occasional MODEL_INDEX aggregate metadata,no immutable exact-gamePk input manifest bound to artifact
models_out/archive/20260218T234938Z/hits.joblib,93779124,MODEL_BINARY,INPUT_MEMBERSHIP_UNPROVABLE,artifact plus occasional MODEL_INDEX aggregate metadata,no immutable exact-gamePk input manifest bound to artifact
models_out/archive/20260218T234938Z/hits_allowed.joblib,6252251,MODEL_BINARY,INPUT_MEMBERSHIP_UNPROVABLE,artifact plus occasional MODEL_INDEX aggregate metadata,no immutable exact-gamePk input manifest bound to artifact
models_out/archive/20260218T234938Z/hits_runs_rbis.joblib,20016620,MODEL_BINARY,INPUT_MEMBERSHIP_UNPROVABLE,artifact plus occasional MODEL_INDEX aggregate metadata,no immutable exact-gamePk input manifest bound to artifact
models_out/archive/20260218T234938Z/runs_rbis.joblib,25214007,MODEL_BINARY,INPUT_MEMBERSHIP_UNPROVABLE,artifact plus occasional MODEL_INDEX aggregate metadata,no immutable exact-gamePk input manifest bound to artifact
models_out/archive/20260218T234938Z/runs_scored.joblib,85359916,MODEL_BINARY,INPUT_MEMBERSHIP_UNPROVABLE,artifact plus occasional MODEL_INDEX aggregate metadata,no immutable exact-gamePk input manifest bound to artifact
models_out/archive/20260218T234938Z/strikeouts_batting.joblib,25719009,MODEL_BINARY,INPUT_MEMBERSHIP_UNPROVABLE,artifact plus occasional MODEL_INDEX aggregate metadata,no immutable exact-gamePk input manifest bound to artifact
models_out/archive/20260218T234938Z/strikeouts_pitching.joblib,6372832,MODEL_BINARY,INPUT_MEMBERSHIP_UNPROVABLE,artifact plus occasional MODEL_INDEX aggregate metadata,no immutable exact-gamePk input manifest bound to artifact
models_out/archive/20260218T234938Z/total_bases.joblib,23938634,MODEL_BINARY,INPUT_MEMBERSHIP_UNPROVABLE,artifact plus occasional MODEL_INDEX aggregate metadata,no immutable exact-gamePk input manifest bound to artifact
models_out/archive/20260218T234938Z/walks.joblib,20799398,MODEL_BINARY,INPUT_MEMBERSHIP_UNPROVABLE,artifact plus occasional MODEL_INDEX aggregate metadata,no immutable exact-gamePk input manifest bound to artifact
models_out/archive/20260218T234938Z/walks_allowed.joblib,22959129,MODEL_BINARY,INPUT_MEMBERSHIP_UNPROVABLE,artifact plus occasional MODEL_INDEX aggregate metadata,no immutable exact-gamePk input manifest bound to artifact
models_out/archive/doubles/doubles-20260218T162421Z.joblib,106753525,MODEL_BINARY,INPUT_MEMBERSHIP_UNPROVABLE,artifact plus occasional MODEL_INDEX aggregate metadata,no immutable exact-gamePk input manifest bound to artifact
models_out/archive/doubles/doubles-20260218T205444Z.joblib,67277406,MODEL_BINARY,INPUT_MEMBERSHIP_UNPROVABLE,artifact plus occasional MODEL_INDEX aggregate metadata,no immutable exact-gamePk input manifest bound to artifact
models_out/archive/doubles/doubles-20260329T050705Z.joblib,83438623,MODEL_BINARY,INPUT_MEMBERSHIP_UNPROVABLE,artifact plus occasional MODEL_INDEX aggregate metadata,no immutable exact-gamePk input manifest bound to artifact
models_out/archive/doubles/doubles-20260329T060951Z.joblib,83438622,MODEL_BINARY,INPUT_MEMBERSHIP_UNPROVABLE,artifact plus occasional MODEL_INDEX aggregate metadata,no immutable exact-gamePk input manifest bound to artifact
models_out/archive/doubles/doubles-20260329T151320Z.joblib,83438622,MODEL_BINARY,INPUT_MEMBERSHIP_UNPROVABLE,artifact plus occasional MODEL_INDEX aggregate metadata,no immutable exact-gamePk input manifest bound to artifact
models_out/archive/doubles/doubles-20260329T180454Z.joblib,83438622,MODEL_BINARY,INPUT_MEMBERSHIP_UNPROVABLE,artifact plus occasional MODEL_INDEX aggregate metadata,no immutable exact-gamePk input manifest bound to artifact
models_out/archive/doubles/doubles-20260329T190112Z.joblib,83438623,MODEL_BINARY,INPUT_MEMBERSHIP_UNPROVABLE,artifact plus occasional MODEL_INDEX aggregate metadata,no immutable exact-gamePk input manifest bound to artifact
models_out/archive/doubles/doubles-20260329T200855Z.joblib,83438622,MODEL_BINARY,INPUT_MEMBERSHIP_UNPROVABLE,artifact plus occasional MODEL_INDEX aggregate metadata,no immutable exact-gamePk input manifest bound to artifact
models_out/archive/doubles/doubles-20260329T235250Z.joblib,83438623,MODEL_BINARY,INPUT_MEMBERSHIP_UNPROVABLE,artifact plus occasional MODEL_INDEX aggregate metadata,no immutable exact-gamePk input manifest bound to artifact
models_out/archive/doubles/doubles-20260330T021532Z.joblib,83438622,MODEL_BINARY,INPUT_MEMBERSHIP_UNPROVABLE,artifact plus occasional MODEL_INDEX aggregate metadata,no immutable exact-gamePk input manifest bound to artifact
models_out/archive/doubles/doubles-20260330T135801Z.joblib,83438622,MODEL_BINARY,INPUT_MEMBERSHIP_UNPROVABLE,artifact plus occasional MODEL_INDEX aggregate metadata,no immutable exact-gamePk input manifest bound to artifact
models_out/archive/doubles/doubles-20260330T150822Z.joblib,83438622,MODEL_BINARY,INPUT_MEMBERSHIP_UNPROVABLE,artifact plus occasional MODEL_INDEX aggregate metadata,no immutable exact-gamePk input manifest bound to artifact
models_out/archive/doubles/doubles-20260330T163200Z.joblib,87240910,MODEL_BINARY,INPUT_MEMBERSHIP_UNPROVABLE,artifact plus occasional MODEL_INDEX aggregate metadata,no immutable exact-gamePk input manifest bound to artifact
models_out/archive/doubles/doubles-20260330T180339Z.joblib,87240910,MODEL_BINARY,INPUT_MEMBERSHIP_UNPROVABLE,artifact plus occasional MODEL_INDEX aggregate metadata,no immutable exact-gamePk input manifest bound to artifact
models_out/archive/doubles/doubles-20260406T142159Z.joblib,92126001,MODEL_BINARY,INPUT_MEMBERSHIP_UNPROVABLE,artifact plus occasional MODEL_INDEX aggregate metadata,no immutable exact-gamePk input manifest bound to artifact
models_out/archive/doubles/doubles-20260408T223510Z.joblib,94626909,MODEL_BINARY,INPUT_MEMBERSHIP_UNPROVABLE,artifact plus occasional MODEL_INDEX aggregate metadata,no immutable exact-gamePk input manifest bound to artifact
models_out/archive/doubles/doubles-20260409T065822Z.joblib,94626909,MODEL_BINARY,INPUT_MEMBERSHIP_UNPROVABLE,artifact plus occasional MODEL_INDEX aggregate metadata,no immutable exact-gamePk input manifest bound to artifact
models_out/archive/doubles/doubles-20260425T152638Z.joblib,62074514,MODEL_BINARY,INPUT_MEMBERSHIP_UNPROVABLE,artifact plus occasional MODEL_INDEX aggregate metadata,no immutable exact-gamePk input manifest bound to artifact
models_out/archive/doubles/doubles-20260425T171635Z.joblib,62074514,MODEL_BINARY,INPUT_MEMBERSHIP_UNPROVABLE,artifact plus occasional MODEL_INDEX aggregate metadata,no immutable exact-gamePk input manifest bound to artifact
models_out/archive/doubles/doubles-20260425T200221Z.joblib,62075151,MODEL_BINARY,INPUT_MEMBERSHIP_UNPROVABLE,artifact plus occasional MODEL_INDEX aggregate metadata,no immutable exact-gamePk input manifest bound to artifact
models_out/archive/doubles/doubles-20260425T205706Z.joblib,62075152,MODEL_BINARY,INPUT_MEMBERSHIP_UNPROVABLE,artifact plus occasional MODEL_INDEX aggregate metadata,no immutable exact-gamePk input manifest bound to artifact
models_out/archive/doubles/doubles-20260426T002059Z.joblib,62075153,MODEL_BINARY,INPUT_MEMBERSHIP_UNPROVABLE,artifact plus occasional MODEL_INDEX aggregate metadata,no immutable exact-gamePk input manifest bound to artifact
models_out/archive/doubles/doubles-20260507T101617Z.joblib,64183730,MODEL_BINARY,INPUT_MEMBERSHIP_UNPROVABLE,artifact plus occasional MODEL_INDEX aggregate metadata,no immutable exact-gamePk input manifest bound to artifact
models_out/archive/doubles/doubles-20260528T072308Z.joblib,67795463,MODEL_BINARY,INPUT_MEMBERSHIP_UNPROVABLE,artifact plus occasional MODEL_INDEX aggregate metadata,no immutable exact-gamePk input manifest bound to artifact
models_out/archive/doubles/doubles-20260604T064002Z.joblib,70037951,MODEL_BINARY,INPUT_MEMBERSHIP_UNPROVABLE,artifact plus occasional MODEL_INDEX aggregate metadata,no immutable exact-gamePk input manifest bound to artifact
models_out/archive/doubles/doubles-20260611T065638Z.joblib,68203838,MODEL_BINARY,INPUT_MEMBERSHIP_UNPROVABLE,artifact plus occasional MODEL_INDEX aggregate metadata,no immutable exact-gamePk input manifest bound to artifact
models_out/archive/doubles/doubles-20260709T090321Z.joblib,87445667,MODEL_BINARY,INPUT_MEMBERSHIP_UNPROVABLE,artifact plus occasional MODEL_INDEX aggregate metadata,no immutable exact-gamePk input manifest bound to artifact
models_out/archive/earned_runs/earned_runs-20260218T162352Z.joblib,5992180,MODEL_BINARY,INPUT_MEMBERSHIP_UNPROVABLE,artifact plus occasional MODEL_INDEX aggregate metadata,no immutable exact-gamePk input manifest bound to artifact
models_out/archive/earned_runs/earned_runs-20260218T205322Z.joblib,6120970,MODEL_BINARY,INPUT_MEMBERSHIP_UNPROVABLE,artifact plus occasional MODEL_INDEX aggregate metadata,no immutable exact-gamePk input manifest bound to artifact
models_out/archive/earned_runs/earned_runs-20260329T050543Z.joblib,15175531,MODEL_BINARY,INPUT_MEMBERSHIP_UNPROVABLE,artifact plus occasional MODEL_INDEX aggregate metadata,no immutable exact-gamePk input manifest bound to artifact
models_out/archive/earned_runs/earned_runs-20260329T060831Z.joblib,15175530,MODEL_BINARY,INPUT_MEMBERSHIP_UNPROVABLE,artifact plus occasional MODEL_INDEX aggregate metadata,no immutable exact-gamePk input manifest bound to artifact
models_out/archive/earned_runs/earned_runs-20260329T151220Z.joblib,15175530,MODEL_BINARY,INPUT_MEMBERSHIP_UNPROVABLE,artifact plus occasional MODEL_INDEX aggregate metadata,no immutable exact-gamePk input manifest bound to artifact
models_out/archive/earned_runs/earned_runs-20260329T180321Z.joblib,15175531,MODEL_BINARY,INPUT_MEMBERSHIP_UNPROVABLE,artifact plus occasional MODEL_INDEX aggregate metadata,no immutable exact-gamePk input manifest bound to artifact
models_out/archive/earned_runs/earned_runs-20260329T185937Z.joblib,15175531,MODEL_BINARY,INPUT_MEMBERSHIP_UNPROVABLE,artifact plus occasional MODEL_INDEX aggregate metadata,no immutable exact-gamePk input manifest bound to artifact
models_out/archive/earned_runs/earned_runs-20260329T200720Z.joblib,15175530,MODEL_BINARY,INPUT_MEMBERSHIP_UNPROVABLE,artifact plus occasional MODEL_INDEX aggregate metadata,no immutable exact-gamePk input manifest bound to artifact
models_out/archive/earned_runs/earned_runs-20260329T235127Z.joblib,15175529,MODEL_BINARY,INPUT_MEMBERSHIP_UNPROVABLE,artifact plus occasional MODEL_INDEX aggregate metadata,no immutable exact-gamePk input manifest bound to artifact
models_out/archive/earned_runs/earned_runs-20260330T021348Z.joblib,15175529,MODEL_BINARY,INPUT_MEMBERSHIP_UNPROVABLE,artifact plus occasional MODEL_INDEX aggregate metadata,no immutable exact-gamePk input manifest bound to artifact
models_out/archive/earned_runs/earned_runs-20260330T135627Z.joblib,15175530,MODEL_BINARY,INPUT_MEMBERSHIP_UNPROVABLE,artifact plus occasional MODEL_INDEX aggregate metadata,no immutable exact-gamePk input manifest bound to artifact
models_out/archive/earned_runs/earned_runs-20260330T150640Z.joblib,15175530,MODEL_BINARY,INPUT_MEMBERSHIP_UNPROVABLE,artifact plus occasional MODEL_INDEX aggregate metadata,no immutable exact-gamePk input manifest bound to artifact
models_out/archive/earned_runs/earned_runs-20260330T163018Z.joblib,15381979,MODEL_BINARY,INPUT_MEMBERSHIP_UNPROVABLE,artifact plus occasional MODEL_INDEX aggregate metadata,no immutable exact-gamePk input manifest bound to artifact
models_out/archive/earned_runs/earned_runs-20260330T180206Z.joblib,15381979,MODEL_BINARY,INPUT_MEMBERSHIP_UNPROVABLE,artifact plus occasional MODEL_INDEX aggregate metadata,no immutable exact-gamePk input manifest bound to artifact
models_out/archive/earned_runs/earned_runs-20260406T141939Z.joblib,17122132,MODEL_BINARY,INPUT_MEMBERSHIP_UNPROVABLE,artifact plus occasional MODEL_INDEX aggregate metadata,no immutable exact-gamePk input manifest bound to artifact
models_out/archive/earned_runs/earned_runs-20260408T223226Z.joblib,17137451,MODEL_BINARY,INPUT_MEMBERSHIP_UNPROVABLE,artifact plus occasional MODEL_INDEX aggregate metadata,no immutable exact-gamePk input manifest bound to artifact
models_out/archive/earned_runs/earned_runs-20260409T065546Z.joblib,17137451,MODEL_BINARY,INPUT_MEMBERSHIP_UNPROVABLE,artifact plus occasional MODEL_INDEX aggregate metadata,no immutable exact-gamePk input manifest bound to artifact
models_out/archive/earned_runs/earned_runs-20260425T152442Z.joblib,12670339,MODEL_BINARY,INPUT_MEMBERSHIP_UNPROVABLE,artifact plus occasional MODEL_INDEX aggregate metadata,no immutable exact-gamePk input manifest bound to artifact
models_out/archive/earned_runs/earned_runs-20260425T171429Z.joblib,12670339,MODEL_BINARY,INPUT_MEMBERSHIP_UNPROVABLE,artifact plus occasional MODEL_INDEX aggregate metadata,no immutable exact-gamePk input manifest bound to artifact
models_out/archive/earned_runs/earned_runs-20260425T183752Z.joblib,12670338,MODEL_BINARY,INPUT_MEMBERSHIP_UNPROVABLE,artifact plus occasional MODEL_INDEX aggregate metadata,no immutable exact-gamePk input manifest bound to artifact
models_out/archive/earned_runs/earned_runs-20260425T200029Z.joblib,12670338,MODEL_BINARY,INPUT_MEMBERSHIP_UNPROVABLE,artifact plus occasional MODEL_INDEX aggregate metadata,no immutable exact-gamePk input manifest bound to artifact
models_out/archive/earned_runs/earned_runs-20260425T205427Z.joblib,12670338,MODEL_BINARY,INPUT_MEMBERSHIP_UNPROVABLE,artifact plus occasional MODEL_INDEX aggregate metadata,no immutable exact-gamePk input manifest bound to artifact
models_out/archive/earned_runs/earned_runs-20260426T001828Z.joblib,12670338,MODEL_BINARY,INPUT_MEMBERSHIP_UNPROVABLE,artifact plus occasional MODEL_INDEX aggregate metadata,no immutable exact-gamePk input manifest bound to artifact
models_out/archive/earned_runs/earned_runs-20260507T101234Z.joblib,13166443,MODEL_BINARY,INPUT_MEMBERSHIP_UNPROVABLE,artifact plus occasional MODEL_INDEX aggregate metadata,no immutable exact-gamePk input manifest bound to artifact
models_out/archive/earned_runs/earned_runs-20260528T071916Z.joblib,10819087,MODEL_BINARY,INPUT_MEMBERSHIP_UNPROVABLE,artifact plus occasional MODEL_INDEX aggregate metadata,no immutable exact-gamePk input manifest bound to artifact
models_out/archive/earned_runs/earned_runs-20260604T063849Z.joblib,10859146,MODEL_BINARY,INPUT_MEMBERSHIP_UNPROVABLE,artifact plus occasional MODEL_INDEX aggregate metadata,no immutable exact-gamePk input manifest bound to artifact
models_out/archive/earned_runs/earned_runs-20260611T065512Z.joblib,11237080,MODEL_BINARY,INPUT_MEMBERSHIP_UNPROVABLE,artifact plus occasional MODEL_INDEX aggregate metadata,no immutable exact-gamePk input manifest bound to artifact
models_out/archive/earned_runs/earned_runs-20260709T090207Z.joblib,12544026,MODEL_BINARY,INPUT_MEMBERSHIP_UNPROVABLE,artifact plus occasional MODEL_INDEX aggregate metadata,no immutable exact-gamePk input manifest bound to artifact
models_out/archive/hits/hits-20260218T162207Z.joblib,103896019,MODEL_BINARY,INPUT_MEMBERSHIP_UNPROVABLE,artifact plus occasional MODEL_INDEX aggregate metadata,no immutable exact-gamePk input manifest bound to artifact
models_out/archive/hits/hits-20260218T162300Z.joblib,103896019,MODEL_BINARY,INPUT_MEMBERSHIP_UNPROVABLE,artifact plus occasional MODEL_INDEX aggregate metadata,no immutable exact-gamePk input manifest bound to artifact
models_out/archive/hits/hits-20260218T203433Z.joblib,93779124,MODEL_BINARY,INPUT_MEMBERSHIP_UNPROVABLE,artifact plus occasional MODEL_INDEX aggregate metadata,no immutable exact-gamePk input manifest bound to artifact
models_out/archive/hits/hits-20260329T045055Z.joblib,219665650,MODEL_BINARY,INPUT_MEMBERSHIP_UNPROVABLE,artifact plus occasional MODEL_INDEX aggregate metadata,no immutable exact-gamePk input manifest bound to artifact
models_out/archive/hits/hits-20260329T053941Z.joblib,219665650,MODEL_BINARY,INPUT_MEMBERSHIP_UNPROVABLE,artifact plus occasional MODEL_INDEX aggregate metadata,no immutable exact-gamePk input manifest bound to artifact
models_out/archive/hits/hits-20260329T055320Z.joblib,219665650,MODEL_BINARY,INPUT_MEMBERSHIP_UNPROVABLE,artifact plus occasional MODEL_INDEX aggregate metadata,no immutable exact-gamePk input manifest bound to artifact
models_out/archive/hits/hits-20260329T150150Z.joblib,219665650,MODEL_BINARY,INPUT_MEMBERSHIP_UNPROVABLE,artifact plus occasional MODEL_INDEX aggregate metadata,no immutable exact-gamePk input manifest bound to artifact
models_out/archive/hits/hits-20260329T174613Z.joblib,219665650,MODEL_BINARY,INPUT_MEMBERSHIP_UNPROVABLE,artifact plus occasional MODEL_INDEX aggregate metadata,no immutable exact-gamePk input manifest bound to artifact
models_out/archive/hits/hits-20260329T184148Z.joblib,219665651,MODEL_BINARY,INPUT_MEMBERSHIP_UNPROVABLE,artifact plus occasional MODEL_INDEX aggregate metadata,no immutable exact-gamePk input manifest bound to artifact
models_out/archive/hits/hits-20260329T194859Z.joblib,219665650,MODEL_BINARY,INPUT_MEMBERSHIP_UNPROVABLE,artifact plus occasional MODEL_INDEX aggregate metadata,no immutable exact-gamePk input manifest bound to artifact
models_out/archive/hits/hits-20260329T232327Z.joblib,219665650,MODEL_BINARY,INPUT_MEMBERSHIP_UNPROVABLE,artifact plus occasional MODEL_INDEX aggregate metadata,no immutable exact-gamePk input manifest bound to artifact
models_out/archive/hits/hits-20260329T233506Z.joblib,219665650,MODEL_BINARY,INPUT_MEMBERSHIP_UNPROVABLE,artifact plus occasional MODEL_INDEX aggregate metadata,no immutable exact-gamePk input manifest bound to artifact
models_out/archive/hits/hits-20260330T015619Z.joblib,219665651,MODEL_BINARY,INPUT_MEMBERSHIP_UNPROVABLE,artifact plus occasional MODEL_INDEX aggregate metadata,no immutable exact-gamePk input manifest bound to artifact
models_out/archive/hits/hits-20260330T134002Z.joblib,219665650,MODEL_BINARY,INPUT_MEMBERSHIP_UNPROVABLE,artifact plus occasional MODEL_INDEX aggregate metadata,no immutable exact-gamePk input manifest bound to artifact
models_out/archive/hits/hits-20260330T144857Z.joblib,219665651,MODEL_BINARY,INPUT_MEMBERSHIP_UNPROVABLE,artifact plus occasional MODEL_INDEX aggregate metadata,no immutable exact-gamePk input manifest bound to artifact
models_out/archive/hits/hits-20260330T161251Z.joblib,218999465,MODEL_BINARY,INPUT_MEMBERSHIP_UNPROVABLE,artifact plus occasional MODEL_INDEX aggregate metadata,no immutable exact-gamePk input manifest bound to artifact
models_out/archive/hits/hits-20260330T174502Z.joblib,218999465,MODEL_BINARY,INPUT_MEMBERSHIP_UNPROVABLE,artifact plus occasional MODEL_INDEX aggregate metadata,no immutable exact-gamePk input manifest bound to artifact
models_out/archive/hits/hits-20260406T134020Z.joblib,227727277,MODEL_BINARY,INPUT_MEMBERSHIP_UNPROVABLE,artifact plus occasional MODEL_INDEX aggregate metadata,no immutable exact-gamePk input manifest bound to artifact
models_out/archive/hits/hits-20260408T214907Z.joblib,233370567,MODEL_BINARY,INPUT_MEMBERSHIP_UNPROVABLE,artifact plus occasional MODEL_INDEX aggregate metadata,no immutable exact-gamePk input manifest bound to artifact
models_out/archive/hits/hits-20260409T061544Z.joblib,233370566,MODEL_BINARY,INPUT_MEMBERSHIP_UNPROVABLE,artifact plus occasional MODEL_INDEX aggregate metadata,no immutable exact-gamePk input manifest bound to artifact
models_out/archive/hits/hits-20260416T061446Z.joblib,237626177,MODEL_BINARY,INPUT_MEMBERSHIP_UNPROVABLE,artifact plus occasional MODEL_INDEX aggregate metadata,no immutable exact-gamePk input manifest bound to artifact
models_out/archive/hits/hits-20260418T193548Z.joblib,170782512,MODEL_BINARY,INPUT_MEMBERSHIP_UNPROVABLE,artifact plus occasional MODEL_INDEX aggregate metadata,no immutable exact-gamePk input manifest bound to artifact
models_out/archive/hits/hits-20260418T195911Z.joblib,468789,MODEL_BINARY,INPUT_MEMBERSHIP_UNPROVABLE,artifact plus occasional MODEL_INDEX aggregate metadata,no immutable exact-gamePk input manifest bound to artifact
models_out/archive/hits/hits-20260418T205421Z.joblib,665549,MODEL_BINARY,INPUT_MEMBERSHIP_UNPROVABLE,artifact plus occasional MODEL_INDEX aggregate metadata,no immutable exact-gamePk input manifest bound to artifact
models_out/archive/hits/hits-20260418T205446Z.joblib,665549,MODEL_BINARY,INPUT_MEMBERSHIP_UNPROVABLE,artifact plus occasional MODEL_INDEX aggregate metadata,no immutable exact-gamePk input manifest bound to artifact
models_out/archive/hits/hits-20260418T205719Z.joblib,3693776,MODEL_BINARY,INPUT_MEMBERSHIP_UNPROVABLE,artifact plus occasional MODEL_INDEX aggregate metadata,no immutable exact-gamePk input manifest bound to artifact
models_out/archive/hits/hits-20260418T205827Z.joblib,3693776,MODEL_BINARY,INPUT_MEMBERSHIP_UNPROVABLE,artifact plus occasional MODEL_INDEX aggregate metadata,no immutable exact-gamePk input manifest bound to artifact
models_out/archive/hits/hits-20260418T205951Z.joblib,3693778,MODEL_BINARY,INPUT_MEMBERSHIP_UNPROVABLE,artifact plus occasional MODEL_INDEX aggregate metadata,no immutable exact-gamePk input manifest bound to artifact
models_out/archive/hits/hits-20260423T060948Z.joblib,174273960,MODEL_BINARY,INPUT_MEMBERSHIP_UNPROVABLE,artifact plus occasional MODEL_INDEX aggregate metadata,no immutable exact-gamePk input manifest bound to artifact
models_out/archive/hits/hits-20260423T150939Z.joblib,175613595,MODEL_BINARY,INPUT_MEMBERSHIP_UNPROVABLE,artifact plus occasional MODEL_INDEX aggregate metadata,no immutable exact-gamePk input manifest bound to artifact
models_out/archive/hits/hits-20260425T150902Z.joblib,174516835,MODEL_BINARY,INPUT_MEMBERSHIP_UNPROVABLE,artifact plus occasional MODEL_INDEX aggregate metadata,no immutable exact-gamePk input manifest bound to artifact
models_out/archive/hits/hits-20260425T165921Z.joblib,174516835,MODEL_BINARY,INPUT_MEMBERSHIP_UNPROVABLE,artifact plus occasional MODEL_INDEX aggregate metadata,no immutable exact-gamePk input manifest bound to artifact
models_out/archive/hits/hits-20260425T193744Z.joblib,174517356,MODEL_BINARY,INPUT_MEMBERSHIP_UNPROVABLE,artifact plus occasional MODEL_INDEX aggregate metadata,no immutable exact-gamePk input manifest bound to artifact
models_out/archive/hits/hits-20260425T194519Z.joblib,174517357,MODEL_BINARY,INPUT_MEMBERSHIP_UNPROVABLE,artifact plus occasional MODEL_INDEX aggregate metadata,no immutable exact-gamePk input manifest bound to artifact
models_out/archive/hits/hits-20260425T203932Z.joblib,174517356,MODEL_BINARY,INPUT_MEMBERSHIP_UNPROVABLE,artifact plus occasional MODEL_INDEX aggregate metadata,no immutable exact-gamePk input manifest bound to artifact
models_out/archive/hits/hits-20260426T000351Z.joblib,174517358,MODEL_BINARY,INPUT_MEMBERSHIP_UNPROVABLE,artifact plus occasional MODEL_INDEX aggregate metadata,no immutable exact-gamePk input manifest bound to artifact
models_out/archive/hits/hits-20260521T061119Z.joblib,134840857,MODEL_BINARY,INPUT_MEMBERSHIP_UNPROVABLE,artifact plus occasional MODEL_INDEX aggregate metadata,no immutable exact-gamePk input manifest bound to artifact
models_out/archive/hits/hits-20260528T061234Z.joblib,136495358,MODEL_BINARY,INPUT_MEMBERSHIP_UNPROVABLE,artifact plus occasional MODEL_INDEX aggregate metadata,no immutable exact-gamePk input manifest bound to artifact
models_out/archive/hits/hits-20260604T060815Z.joblib,140772097,MODEL_BINARY,INPUT_MEMBERSHIP_UNPROVABLE,artifact plus occasional MODEL_INDEX aggregate metadata,no immutable exact-gamePk input manifest bound to artifact
models_out/archive/hits/hits-20260611T060831Z.joblib,139716284,MODEL_BINARY,INPUT_MEMBERSHIP_UNPROVABLE,artifact plus occasional MODEL_INDEX aggregate metadata,no immutable exact-gamePk input manifest bound to artifact
models_out/archive/hits/hits-20260709T061129Z.joblib,164348163,MODEL_BINARY,INPUT_MEMBERSHIP_UNPROVABLE,artifact plus occasional MODEL_INDEX aggregate metadata,no immutable exact-gamePk input manifest bound to artifact
models_out/archive/hits_allowed/hits_allowed-20260218T162426Z.joblib,6179272,MODEL_BINARY,INPUT_MEMBERSHIP_UNPROVABLE,artifact plus occasional MODEL_INDEX aggregate metadata,no immutable exact-gamePk input manifest bound to artifact
models_out/archive/hits_allowed/hits_allowed-20260218T205557Z.joblib,6252251,MODEL_BINARY,INPUT_MEMBERSHIP_UNPROVABLE,artifact plus occasional MODEL_INDEX aggregate metadata,no immutable exact-gamePk input manifest bound to artifact
models_out/archive/hits_allowed/hits_allowed-20260329T051118Z.joblib,12902135,MODEL_BINARY,INPUT_MEMBERSHIP_UNPROVABLE,artifact plus occasional MODEL_INDEX aggregate metadata,no immutable exact-gamePk input manifest bound to artifact
models_out/archive/hits_allowed/hits_allowed-20260329T061410Z.joblib,12902134,MODEL_BINARY,INPUT_MEMBERSHIP_UNPROVABLE,artifact plus occasional MODEL_INDEX aggregate metadata,no immutable exact-gamePk input manifest bound to artifact
models_out/archive/hits_allowed/hits_allowed-20260329T151656Z.joblib,12902135,MODEL_BINARY,INPUT_MEMBERSHIP_UNPROVABLE,artifact plus occasional MODEL_INDEX aggregate metadata,no immutable exact-gamePk input manifest bound to artifact
models_out/archive/hits_allowed/hits_allowed-20260329T180918Z.joblib,12902135,MODEL_BINARY,INPUT_MEMBERSHIP_UNPROVABLE,artifact plus occasional MODEL_INDEX aggregate metadata,no immutable exact-gamePk input manifest bound to artifact
models_out/archive/hits_allowed/hits_allowed-20260329T190556Z.joblib,12902135,MODEL_BINARY,INPUT_MEMBERSHIP_UNPROVABLE,artifact plus occasional MODEL_INDEX aggregate metadata,no immutable exact-gamePk input manifest bound to artifact
models_out/archive/hits_allowed/hits_allowed-20260329T201326Z.joblib,12902134,MODEL_BINARY,INPUT_MEMBERSHIP_UNPROVABLE,artifact plus occasional MODEL_INDEX aggregate metadata,no immutable exact-gamePk input manifest bound to artifact
models_out/archive/hits_allowed/hits_allowed-20260329T235655Z.joblib,12902134,MODEL_BINARY,INPUT_MEMBERSHIP_UNPROVABLE,artifact plus occasional MODEL_INDEX aggregate metadata,no immutable exact-gamePk input manifest bound to artifact
models_out/archive/hits_allowed/hits_allowed-20260330T022058Z.joblib,12902134,MODEL_BINARY,INPUT_MEMBERSHIP_UNPROVABLE,artifact plus occasional MODEL_INDEX aggregate metadata,no immutable exact-gamePk input manifest bound to artifact
models_out/archive/hits_allowed/hits_allowed-20260330T140314Z.joblib,12902134,MODEL_BINARY,INPUT_MEMBERSHIP_UNPROVABLE,artifact plus occasional MODEL_INDEX aggregate metadata,no immutable exact-gamePk input manifest bound to artifact
models_out/archive/hits_allowed/hits_allowed-20260330T151345Z.joblib,12902135,MODEL_BINARY,INPUT_MEMBERSHIP_UNPROVABLE,artifact plus occasional MODEL_INDEX aggregate metadata,no immutable exact-gamePk input manifest bound to artifact
models_out/archive/hits_allowed/hits_allowed-20260408T224955Z.joblib,16159686,MODEL_BINARY,INPUT_MEMBERSHIP_UNPROVABLE,artifact plus occasional MODEL_INDEX aggregate metadata,no immutable exact-gamePk input manifest bound to artifact
models_out/archive/hits_allowed/hits_allowed-20260409T071243Z.joblib,16159686,MODEL_BINARY,INPUT_MEMBERSHIP_UNPROVABLE,artifact plus occasional MODEL_INDEX aggregate metadata,no immutable exact-gamePk input manifest bound to artifact
models_out/archive/hits_allowed/hits_allowed-20260425T153249Z.joblib,11145464,MODEL_BINARY,INPUT_MEMBERSHIP_UNPROVABLE,artifact plus occasional MODEL_INDEX aggregate metadata,no immutable exact-gamePk input manifest bound to artifact
models_out/archive/hits_allowed/hits_allowed-20260425T172302Z.joblib,11145464,MODEL_BINARY,INPUT_MEMBERSHIP_UNPROVABLE,artifact plus occasional MODEL_INDEX aggregate metadata,no immutable exact-gamePk input manifest bound to artifact
models_out/archive/hits_allowed/hits_allowed-20260425T184703Z.joblib,11145464,MODEL_BINARY,INPUT_MEMBERSHIP_UNPROVABLE,artifact plus occasional MODEL_INDEX aggregate metadata,no immutable exact-gamePk input manifest bound to artifact
models_out/archive/hits_allowed/hits_allowed-20260425T200829Z.joblib,11145464,MODEL_BINARY,INPUT_MEMBERSHIP_UNPROVABLE,artifact plus occasional MODEL_INDEX aggregate metadata,no immutable exact-gamePk input manifest bound to artifact
models_out/archive/hits_allowed/hits_allowed-20260425T210353Z.joblib,11145463,MODEL_BINARY,INPUT_MEMBERSHIP_UNPROVABLE,artifact plus occasional MODEL_INDEX aggregate metadata,no immutable exact-gamePk input manifest bound to artifact
models_out/archive/hits_allowed/hits_allowed-20260426T002741Z.joblib,11145464,MODEL_BINARY,INPUT_MEMBERSHIP_UNPROVABLE,artifact plus occasional MODEL_INDEX aggregate metadata,no immutable exact-gamePk input manifest bound to artifact
models_out/archive/hits_allowed/hits_allowed-20260507T111239Z.joblib,11898679,MODEL_BINARY,INPUT_MEMBERSHIP_UNPROVABLE,artifact plus occasional MODEL_INDEX aggregate metadata,no immutable exact-gamePk input manifest bound to artifact
models_out/archive/hits_allowed/hits_allowed-20260528T073420Z.joblib,11363343,MODEL_BINARY,INPUT_MEMBERSHIP_UNPROVABLE,artifact plus occasional MODEL_INDEX aggregate metadata,no immutable exact-gamePk input manifest bound to artifact
models_out/archive/hits_allowed/hits_allowed-20260604T064925Z.joblib,11061030,MODEL_BINARY,INPUT_MEMBERSHIP_UNPROVABLE,artifact plus occasional MODEL_INDEX aggregate metadata,no immutable exact-gamePk input manifest bound to artifact
models_out/archive/hits_allowed/hits_allowed-20260611T072319Z.joblib,11579092,MODEL_BINARY,INPUT_MEMBERSHIP_UNPROVABLE,artifact plus occasional MODEL_INDEX aggregate metadata,no immutable exact-gamePk input manifest bound to artifact
models_out/archive/hits_allowed/hits_allowed-20260709T091249Z.joblib,12804803,MODEL_BINARY,INPUT_MEMBERSHIP_UNPROVABLE,artifact plus occasional MODEL_INDEX aggregate metadata,no immutable exact-gamePk input manifest bound to artifact
models_out/archive/hits_runs_rbis/hits_runs_rbis-20260218T162455Z.joblib,19389561,MODEL_BINARY,INPUT_MEMBERSHIP_UNPROVABLE,artifact plus occasional MODEL_INDEX aggregate metadata,no immutable exact-gamePk input manifest bound to artifact
models_out/archive/hits_runs_rbis/hits_runs_rbis-20260218T170653Z.joblib,19125788,MODEL_BINARY,INPUT_MEMBERSHIP_UNPROVABLE,artifact plus occasional MODEL_INDEX aggregate metadata,no immutable exact-gamePk input manifest bound to artifact
models_out/archive/hits_runs_rbis/hits_runs_rbis-20260218T173906Z.joblib,19125850,MODEL_BINARY,INPUT_MEMBERSHIP_UNPROVABLE,artifact plus occasional MODEL_INDEX aggregate metadata,no immutable exact-gamePk input manifest bound to artifact
models_out/archive/hits_runs_rbis/hits_runs_rbis-20260218T175316Z.joblib,19367339,MODEL_BINARY,INPUT_MEMBERSHIP_UNPROVABLE,artifact plus occasional MODEL_INDEX aggregate metadata,no immutable exact-gamePk input manifest bound to artifact
models_out/archive/hits_runs_rbis/hits_runs_rbis-20260218T182511Z.joblib,19125850,MODEL_BINARY,INPUT_MEMBERSHIP_UNPROVABLE,artifact plus occasional MODEL_INDEX aggregate metadata,no immutable exact-gamePk input manifest bound to artifact
models_out/archive/hits_runs_rbis/hits_runs_rbis-20260218T182836Z.joblib,19125851,MODEL_BINARY,INPUT_MEMBERSHIP_UNPROVABLE,artifact plus occasional MODEL_INDEX aggregate metadata,no immutable exact-gamePk input manifest bound to artifact
models_out/archive/hits_runs_rbis/hits_runs_rbis-20260218T190528Z.joblib,19125851,MODEL_BINARY,INPUT_MEMBERSHIP_UNPROVABLE,artifact plus occasional MODEL_INDEX aggregate metadata,no immutable exact-gamePk input manifest bound to artifact
models_out/archive/hits_runs_rbis/hits_runs_rbis-20260218T200541Z.joblib,20016620,MODEL_BINARY,INPUT_MEMBERSHIP_UNPROVABLE,artifact plus occasional MODEL_INDEX aggregate metadata,no immutable exact-gamePk input manifest bound to artifact
models_out/archive/hits_runs_rbis/hits_runs_rbis-20260218T200929Z.joblib,20016620,MODEL_BINARY,INPUT_MEMBERSHIP_UNPROVABLE,artifact plus occasional MODEL_INDEX aggregate metadata,no immutable exact-gamePk input manifest bound to artifact
models_out/archive/hits_runs_rbis/hits_runs_rbis-20260329T051951Z.joblib,176210691,MODEL_BINARY,INPUT_MEMBERSHIP_UNPROVABLE,artifact plus occasional MODEL_INDEX aggregate metadata,no immutable exact-gamePk input manifest bound to artifact
models_out/archive/hits_runs_rbis/hits_runs_rbis-20260329T152244Z.joblib,176210691,MODEL_BINARY,INPUT_MEMBERSHIP_UNPROVABLE,artifact plus occasional MODEL_INDEX aggregate metadata,no immutable exact-gamePk input manifest bound to artifact
models_out/archive/hits_runs_rbis/hits_runs_rbis-20260329T181902Z.joblib,176210689,MODEL_BINARY,INPUT_MEMBERSHIP_UNPROVABLE,artifact plus occasional MODEL_INDEX aggregate metadata,no immutable exact-gamePk input manifest bound to artifact
models_out/archive/hits_runs_rbis/hits_runs_rbis-20260329T191549Z.joblib,176210691,MODEL_BINARY,INPUT_MEMBERSHIP_UNPROVABLE,artifact plus occasional MODEL_INDEX aggregate metadata,no immutable exact-gamePk input manifest bound to artifact
models_out/archive/hits_runs_rbis/hits_runs_rbis-20260329T202315Z.joblib,176210691,MODEL_BINARY,INPUT_MEMBERSHIP_UNPROVABLE,artifact plus occasional MODEL_INDEX aggregate metadata,no immutable exact-gamePk input manifest bound to artifact
models_out/archive/hits_runs_rbis/hits_runs_rbis-20260330T000521Z.joblib,176210691,MODEL_BINARY,INPUT_MEMBERSHIP_UNPROVABLE,artifact plus occasional MODEL_INDEX aggregate metadata,no immutable exact-gamePk input manifest bound to artifact
models_out/archive/hits_runs_rbis/hits_runs_rbis-20260330T023022Z.joblib,176210691,MODEL_BINARY,INPUT_MEMBERSHIP_UNPROVABLE,artifact plus occasional MODEL_INDEX aggregate metadata,no immutable exact-gamePk input manifest bound to artifact
models_out/archive/hits_runs_rbis/hits_runs_rbis-20260330T141149Z.joblib,176210691,MODEL_BINARY,INPUT_MEMBERSHIP_UNPROVABLE,artifact plus occasional MODEL_INDEX aggregate metadata,no immutable exact-gamePk input manifest bound to artifact
models_out/archive/hits_runs_rbis/hits_runs_rbis-20260330T152307Z.joblib,176210691,MODEL_BINARY,INPUT_MEMBERSHIP_UNPROVABLE,artifact plus occasional MODEL_INDEX aggregate metadata,no immutable exact-gamePk input manifest bound to artifact
models_out/archive/hits_runs_rbis/hits_runs_rbis-20260330T164615Z.joblib,175885667,MODEL_BINARY,INPUT_MEMBERSHIP_UNPROVABLE,artifact plus occasional MODEL_INDEX aggregate metadata,no immutable exact-gamePk input manifest bound to artifact
models_out/archive/hits_runs_rbis/hits_runs_rbis-20260330T181739Z.joblib,175885667,MODEL_BINARY,INPUT_MEMBERSHIP_UNPROVABLE,artifact plus occasional MODEL_INDEX aggregate metadata,no immutable exact-gamePk input manifest bound to artifact
models_out/archive/hits_runs_rbis/hits_runs_rbis-20260406T145000Z.joblib,182340508,MODEL_BINARY,INPUT_MEMBERSHIP_UNPROVABLE,artifact plus occasional MODEL_INDEX aggregate metadata,no immutable exact-gamePk input manifest bound to artifact
models_out/archive/hits_runs_rbis/hits_runs_rbis-20260408T230626Z.joblib,187397537,MODEL_BINARY,INPUT_MEMBERSHIP_UNPROVABLE,artifact plus occasional MODEL_INDEX aggregate metadata,no immutable exact-gamePk input manifest bound to artifact
models_out/archive/hits_runs_rbis/hits_runs_rbis-20260409T004822Z.joblib,187397538,MODEL_BINARY,INPUT_MEMBERSHIP_UNPROVABLE,artifact plus occasional MODEL_INDEX aggregate metadata,no immutable exact-gamePk input manifest bound to artifact
models_out/archive/hits_runs_rbis/hits_runs_rbis-20260409T072747Z.joblib,187397538,MODEL_BINARY,INPUT_MEMBERSHIP_UNPROVABLE,artifact plus occasional MODEL_INDEX aggregate metadata,no immutable exact-gamePk input manifest bound to artifact
models_out/archive/hits_runs_rbis/hits_runs_rbis-20260425T154035Z.joblib,126986647,MODEL_BINARY,INPUT_MEMBERSHIP_UNPROVABLE,artifact plus occasional MODEL_INDEX aggregate metadata,no immutable exact-gamePk input manifest bound to artifact
models_out/archive/hits_runs_rbis/hits_runs_rbis-20260425T173026Z.joblib,126986646,MODEL_BINARY,INPUT_MEMBERSHIP_UNPROVABLE,artifact plus occasional MODEL_INDEX aggregate metadata,no immutable exact-gamePk input manifest bound to artifact
models_out/archive/hits_runs_rbis/hits_runs_rbis-20260425T201647Z.joblib,126985774,MODEL_BINARY,INPUT_MEMBERSHIP_UNPROVABLE,artifact plus occasional MODEL_INDEX aggregate metadata,no immutable exact-gamePk input manifest bound to artifact
models_out/archive/hits_runs_rbis/hits_runs_rbis-20260425T211141Z.joblib,126985774,MODEL_BINARY,INPUT_MEMBERSHIP_UNPROVABLE,artifact plus occasional MODEL_INDEX aggregate metadata,no immutable exact-gamePk input manifest bound to artifact
models_out/archive/hits_runs_rbis/hits_runs_rbis-20260426T003553Z.joblib,126985773,MODEL_BINARY,INPUT_MEMBERSHIP_UNPROVABLE,artifact plus occasional MODEL_INDEX aggregate metadata,no immutable exact-gamePk input manifest bound to artifact
models_out/archive/hits_runs_rbis/hits_runs_rbis-20260507T113625Z.joblib,145722413,MODEL_BINARY,INPUT_MEMBERSHIP_UNPROVABLE,artifact plus occasional MODEL_INDEX aggregate metadata,no immutable exact-gamePk input manifest bound to artifact
models_out/archive/hits_runs_rbis/hits_runs_rbis-20260521T070115Z.joblib,114100864,MODEL_BINARY,INPUT_MEMBERSHIP_UNPROVABLE,artifact plus occasional MODEL_INDEX aggregate metadata,no immutable exact-gamePk input manifest bound to artifact
models_out/archive/hits_runs_rbis/hits_runs_rbis-20260528T074709Z.joblib,115918345,MODEL_BINARY,INPUT_MEMBERSHIP_UNPROVABLE,artifact plus occasional MODEL_INDEX aggregate metadata,no immutable exact-gamePk input manifest bound to artifact
models_out/archive/hits_runs_rbis/hits_runs_rbis-20260604T065450Z.joblib,114393674,MODEL_BINARY,INPUT_MEMBERSHIP_UNPROVABLE,artifact plus occasional MODEL_INDEX aggregate metadata,no immutable exact-gamePk input manifest bound to artifact
models_out/archive/hits_runs_rbis/hits_runs_rbis-20260611T072837Z.joblib,118698277,MODEL_BINARY,INPUT_MEMBERSHIP_UNPROVABLE,artifact plus occasional MODEL_INDEX aggregate metadata,no immutable exact-gamePk input manifest bound to artifact
models_out/archive/hits_runs_rbis/hits_runs_rbis-20260709T091823Z.joblib,141600311,MODEL_BINARY,INPUT_MEMBERSHIP_UNPROVABLE,artifact plus occasional MODEL_INDEX aggregate metadata,no immutable exact-gamePk input manifest bound to artifact
models_out/archive/rbis/rbis-20260429T204800Z.joblib,4875676,MODEL_BINARY,INPUT_MEMBERSHIP_UNPROVABLE,artifact plus occasional MODEL_INDEX aggregate metadata,no immutable exact-gamePk input manifest bound to artifact
models_out/archive/rbis/rbis-20260507T122358Z.joblib,7504594,MODEL_BINARY,INPUT_MEMBERSHIP_UNPROVABLE,artifact plus occasional MODEL_INDEX aggregate metadata,no immutable exact-gamePk input manifest bound to artifact
models_out/archive/rbis/rbis-20260521T072515Z.joblib,9599954,MODEL_BINARY,INPUT_MEMBERSHIP_UNPROVABLE,artifact plus occasional MODEL_INDEX aggregate metadata,no immutable exact-gamePk input manifest bound to artifact
models_out/archive/rbis/rbis-20260528T082835Z.joblib,10987838,MODEL_BINARY,INPUT_MEMBERSHIP_UNPROVABLE,artifact plus occasional MODEL_INDEX aggregate metadata,no immutable exact-gamePk input manifest bound to artifact
models_out/archive/rbis/rbis-20260604T071444Z.joblib,12204920,MODEL_BINARY,INPUT_MEMBERSHIP_UNPROVABLE,artifact plus occasional MODEL_INDEX aggregate metadata,no immutable exact-gamePk input manifest bound to artifact
models_out/archive/rbis/rbis-20260611T080448Z.joblib,13139442,MODEL_BINARY,INPUT_MEMBERSHIP_UNPROVABLE,artifact plus occasional MODEL_INDEX aggregate metadata,no immutable exact-gamePk input manifest bound to artifact
models_out/archive/rbis/rbis-20260709T093829Z.joblib,22106555,MODEL_BINARY,INPUT_MEMBERSHIP_UNPROVABLE,artifact plus occasional MODEL_INDEX aggregate metadata,no immutable exact-gamePk input manifest bound to artifact
models_out/archive/runs_rbis/runs_rbis-20260218T162614Z.joblib,40721186,MODEL_BINARY,INPUT_MEMBERSHIP_UNPROVABLE,artifact plus occasional MODEL_INDEX aggregate metadata,no immutable exact-gamePk input manifest bound to artifact
models_out/archive/runs_rbis/runs_rbis-20260218T170644Z.joblib,40060637,MODEL_BINARY,INPUT_MEMBERSHIP_UNPROVABLE,artifact plus occasional MODEL_INDEX aggregate metadata,no immutable exact-gamePk input manifest bound to artifact
models_out/archive/runs_rbis/runs_rbis-20260218T171957Z.joblib,12283767,MODEL_BINARY,INPUT_MEMBERSHIP_UNPROVABLE,artifact plus occasional MODEL_INDEX aggregate metadata,no immutable exact-gamePk input manifest bound to artifact
models_out/archive/runs_rbis/runs_rbis-20260218T172411Z.joblib,12283767,MODEL_BINARY,INPUT_MEMBERSHIP_UNPROVABLE,artifact plus occasional MODEL_INDEX aggregate metadata,no immutable exact-gamePk input manifest bound to artifact
models_out/archive/runs_rbis/runs_rbis-20260218T182553Z.joblib,23933396,MODEL_BINARY,INPUT_MEMBERSHIP_UNPROVABLE,artifact plus occasional MODEL_INDEX aggregate metadata,no immutable exact-gamePk input manifest bound to artifact
models_out/archive/runs_rbis/runs_rbis-20260218T182918Z.joblib,40176037,MODEL_BINARY,INPUT_MEMBERSHIP_UNPROVABLE,artifact plus occasional MODEL_INDEX aggregate metadata,no immutable exact-gamePk input manifest bound to artifact
models_out/archive/runs_rbis/runs_rbis-20260218T190536Z.joblib,23933396,MODEL_BINARY,INPUT_MEMBERSHIP_UNPROVABLE,artifact plus occasional MODEL_INDEX aggregate metadata,no immutable exact-gamePk input manifest bound to artifact
models_out/archive/runs_rbis/runs_rbis-20260218T201035Z.joblib,25214007,MODEL_BINARY,INPUT_MEMBERSHIP_UNPROVABLE,artifact plus occasional MODEL_INDEX aggregate metadata,no immutable exact-gamePk input manifest bound to artifact
models_out/archive/runs_rbis/runs_rbis-20260330T002420Z.joblib,42230342,MODEL_BINARY,INPUT_MEMBERSHIP_UNPROVABLE,artifact plus occasional MODEL_INDEX aggregate metadata,no immutable exact-gamePk input manifest bound to artifact
models_out/archive/runs_rbis/runs_rbis-20260330T024436Z.joblib,39710775,MODEL_BINARY,INPUT_MEMBERSHIP_UNPROVABLE,artifact plus occasional MODEL_INDEX aggregate metadata,no immutable exact-gamePk input manifest bound to artifact
models_out/archive/runs_rbis/runs_rbis-20260330T142504Z.joblib,39710774,MODEL_BINARY,INPUT_MEMBERSHIP_UNPROVABLE,artifact plus occasional MODEL_INDEX aggregate metadata,no immutable exact-gamePk input manifest bound to artifact
models_out/archive/runs_rbis/runs_rbis-20260330T153734Z.joblib,39710775,MODEL_BINARY,INPUT_MEMBERSHIP_UNPROVABLE,artifact plus occasional MODEL_INDEX aggregate metadata,no immutable exact-gamePk input manifest bound to artifact
models_out/archive/runs_rbis/runs_rbis-20260330T165833Z.joblib,39710775,MODEL_BINARY,INPUT_MEMBERSHIP_UNPROVABLE,artifact plus occasional MODEL_INDEX aggregate metadata,no immutable exact-gamePk input manifest bound to artifact
models_out/archive/runs_rbis/runs_rbis-20260330T183045Z.joblib,39710775,MODEL_BINARY,INPUT_MEMBERSHIP_UNPROVABLE,artifact plus occasional MODEL_INDEX aggregate metadata,no immutable exact-gamePk input manifest bound to artifact
models_out/archive/runs_rbis/runs_rbis-20260409T012115Z.joblib,135717965,MODEL_BINARY,INPUT_MEMBERSHIP_UNPROVABLE,artifact plus occasional MODEL_INDEX aggregate metadata,no immutable exact-gamePk input manifest bound to artifact
models_out/archive/runs_rbis/runs_rbis-20260409T080148Z.joblib,135717966,MODEL_BINARY,INPUT_MEMBERSHIP_UNPROVABLE,artifact plus occasional MODEL_INDEX aggregate metadata,no immutable exact-gamePk input manifest bound to artifact
models_out/archive/runs_scored/runs_scored-20260218T162528Z.joblib,96271378,MODEL_BINARY,INPUT_MEMBERSHIP_UNPROVABLE,artifact plus occasional MODEL_INDEX aggregate metadata,no immutable exact-gamePk input manifest bound to artifact
models_out/archive/runs_scored/runs_scored-20260218T174027Z.joblib,289344580,MODEL_BINARY,INPUT_MEMBERSHIP_UNPROVABLE,artifact plus occasional MODEL_INDEX aggregate metadata,no immutable exact-gamePk input manifest bound to artifact
models_out/archive/runs_scored/runs_scored-20260218T182652Z.joblib,84252796,MODEL_BINARY,INPUT_MEMBERSHIP_UNPROVABLE,artifact plus occasional MODEL_INDEX aggregate metadata,no immutable exact-gamePk input manifest bound to artifact
models_out/archive/runs_scored/runs_scored-20260218T183046Z.joblib,173524148,MODEL_BINARY,INPUT_MEMBERSHIP_UNPROVABLE,artifact plus occasional MODEL_INDEX aggregate metadata,no immutable exact-gamePk input manifest bound to artifact
models_out/archive/runs_scored/runs_scored-20260218T190601Z.joblib,84252797,MODEL_BINARY,INPUT_MEMBERSHIP_UNPROVABLE,artifact plus occasional MODEL_INDEX aggregate metadata,no immutable exact-gamePk input manifest bound to artifact
models_out/archive/runs_scored/runs_scored-20260218T201202Z.joblib,85359916,MODEL_BINARY,INPUT_MEMBERSHIP_UNPROVABLE,artifact plus occasional MODEL_INDEX aggregate metadata,no immutable exact-gamePk input manifest bound to artifact
models_out/archive/runs_scored/runs_scored-20260329T052918Z.joblib,140820771,MODEL_BINARY,INPUT_MEMBERSHIP_UNPROVABLE,artifact plus occasional MODEL_INDEX aggregate metadata,no immutable exact-gamePk input manifest bound to artifact
models_out/archive/runs_scored/runs_scored-20260329T192242Z.joblib,140820771,MODEL_BINARY,INPUT_MEMBERSHIP_UNPROVABLE,artifact plus occasional MODEL_INDEX aggregate metadata,no immutable exact-gamePk input manifest bound to artifact
models_out/archive/runs_scored/runs_scored-20260329T203032Z.joblib,140820771,MODEL_BINARY,INPUT_MEMBERSHIP_UNPROVABLE,artifact plus occasional MODEL_INDEX aggregate metadata,no immutable exact-gamePk input manifest bound to artifact
models_out/archive/runs_scored/runs_scored-20260330T001110Z.joblib,140820771,MODEL_BINARY,INPUT_MEMBERSHIP_UNPROVABLE,artifact plus occasional MODEL_INDEX aggregate metadata,no immutable exact-gamePk input manifest bound to artifact
models_out/archive/runs_scored/runs_scored-20260330T023751Z.joblib,140820771,MODEL_BINARY,INPUT_MEMBERSHIP_UNPROVABLE,artifact plus occasional MODEL_INDEX aggregate metadata,no immutable exact-gamePk input manifest bound to artifact
models_out/archive/runs_scored/runs_scored-20260330T141847Z.joblib,140820771,MODEL_BINARY,INPUT_MEMBERSHIP_UNPROVABLE,artifact plus occasional MODEL_INDEX aggregate metadata,no immutable exact-gamePk input manifest bound to artifact
models_out/archive/runs_scored/runs_scored-20260330T153037Z.joblib,140820771,MODEL_BINARY,INPUT_MEMBERSHIP_UNPROVABLE,artifact plus occasional MODEL_INDEX aggregate metadata,no immutable exact-gamePk input manifest bound to artifact
models_out/archive/runs_scored/runs_scored-20260330T165241Z.joblib,138309052,MODEL_BINARY,INPUT_MEMBERSHIP_UNPROVABLE,artifact plus occasional MODEL_INDEX aggregate metadata,no immutable exact-gamePk input manifest bound to artifact
models_out/archive/runs_scored/runs_scored-20260330T182455Z.joblib,138309052,MODEL_BINARY,INPUT_MEMBERSHIP_UNPROVABLE,artifact plus occasional MODEL_INDEX aggregate metadata,no immutable exact-gamePk input manifest bound to artifact
models_out/archive/runs_scored/runs_scored-20260409T010431Z.joblib,149602248,MODEL_BINARY,INPUT_MEMBERSHIP_UNPROVABLE,artifact plus occasional MODEL_INDEX aggregate metadata,no immutable exact-gamePk input manifest bound to artifact
models_out/archive/runs_scored/runs_scored-20260409T074420Z.joblib,149602248,MODEL_BINARY,INPUT_MEMBERSHIP_UNPROVABLE,artifact plus occasional MODEL_INDEX aggregate metadata,no immutable exact-gamePk input manifest bound to artifact
models_out/archive/runs_scored/runs_scored-20260425T154729Z.joblib,100679705,MODEL_BINARY,INPUT_MEMBERSHIP_UNPROVABLE,artifact plus occasional MODEL_INDEX aggregate metadata,no immutable exact-gamePk input manifest bound to artifact
models_out/archive/runs_scored/runs_scored-20260425T173714Z.joblib,100679704,MODEL_BINARY,INPUT_MEMBERSHIP_UNPROVABLE,artifact plus occasional MODEL_INDEX aggregate metadata,no immutable exact-gamePk input manifest bound to artifact
models_out/archive/runs_scored/runs_scored-20260425T202338Z.joblib,100678993,MODEL_BINARY,INPUT_MEMBERSHIP_UNPROVABLE,artifact plus occasional MODEL_INDEX aggregate metadata,no immutable exact-gamePk input manifest bound to artifact
models_out/archive/runs_scored/runs_scored-20260425T211841Z.joblib,100678992,MODEL_BINARY,INPUT_MEMBERSHIP_UNPROVABLE,artifact plus occasional MODEL_INDEX aggregate metadata,no immutable exact-gamePk input manifest bound to artifact
models_out/archive/runs_scored/runs_scored-20260426T004258Z.joblib,100678992,MODEL_BINARY,INPUT_MEMBERSHIP_UNPROVABLE,artifact plus occasional MODEL_INDEX aggregate metadata,no immutable exact-gamePk input manifest bound to artifact
models_out/archive/runs_scored/runs_scored-20260427T143911Z.joblib,31028563,MODEL_BINARY,INPUT_MEMBERSHIP_UNPROVABLE,artifact plus occasional MODEL_INDEX aggregate metadata,no immutable exact-gamePk input manifest bound to artifact
models_out/archive/runs_scored/runs_scored-20260507T115500Z.joblib,108010498,MODEL_BINARY,INPUT_MEMBERSHIP_UNPROVABLE,artifact plus occasional MODEL_INDEX aggregate metadata,no immutable exact-gamePk input manifest bound to artifact
models_out/archive/runs_scored/runs_scored-20260521T071258Z.joblib,92199371,MODEL_BINARY,INPUT_MEMBERSHIP_UNPROVABLE,artifact plus occasional MODEL_INDEX aggregate metadata,no immutable exact-gamePk input manifest bound to artifact
models_out/archive/runs_scored/runs_scored-20260528T080018Z.joblib,95437267,MODEL_BINARY,INPUT_MEMBERSHIP_UNPROVABLE,artifact plus occasional MODEL_INDEX aggregate metadata,no immutable exact-gamePk input manifest bound to artifact
models_out/archive/runs_scored/runs_scored-20260604T070435Z.joblib,98161099,MODEL_BINARY,INPUT_MEMBERSHIP_UNPROVABLE,artifact plus occasional MODEL_INDEX aggregate metadata,no immutable exact-gamePk input manifest bound to artifact
models_out/archive/runs_scored/runs_scored-20260611T073835Z.joblib,97676923,MODEL_BINARY,INPUT_MEMBERSHIP_UNPROVABLE,artifact plus occasional MODEL_INDEX aggregate metadata,no immutable exact-gamePk input manifest bound to artifact
models_out/archive/runs_scored/runs_scored-20260709T092812Z.joblib,115859109,MODEL_BINARY,INPUT_MEMBERSHIP_UNPROVABLE,artifact plus occasional MODEL_INDEX aggregate metadata,no immutable exact-gamePk input manifest bound to artifact
models_out/archive/singles/singles-20260507T094319Z.joblib,5890512,MODEL_BINARY,INPUT_MEMBERSHIP_UNPROVABLE,artifact plus occasional MODEL_INDEX aggregate metadata,no immutable exact-gamePk input manifest bound to artifact
models_out/archive/singles/singles-20260521T062106Z.joblib,4866043,MODEL_BINARY,INPUT_MEMBERSHIP_UNPROVABLE,artifact plus occasional MODEL_INDEX aggregate metadata,no immutable exact-gamePk input manifest bound to artifact
models_out/archive/singles/singles-20260528T063829Z.joblib,4866044,MODEL_BINARY,INPUT_MEMBERSHIP_UNPROVABLE,artifact plus occasional MODEL_INDEX aggregate metadata,no immutable exact-gamePk input manifest bound to artifact
models_out/archive/singles/singles-20260604T061747Z.joblib,4866042,MODEL_BINARY,INPUT_MEMBERSHIP_UNPROVABLE,artifact plus occasional MODEL_INDEX aggregate metadata,no immutable exact-gamePk input manifest bound to artifact
models_out/archive/singles/singles-20260611T063424Z.joblib,4866042,MODEL_BINARY,INPUT_MEMBERSHIP_UNPROVABLE,artifact plus occasional MODEL_INDEX aggregate metadata,no immutable exact-gamePk input manifest bound to artifact
models_out/archive/singles/singles-20260709T062125Z.joblib,5870889,MODEL_BINARY,INPUT_MEMBERSHIP_UNPROVABLE,artifact plus occasional MODEL_INDEX aggregate metadata,no immutable exact-gamePk input manifest bound to artifact
models_out/archive/strikeouts_batting/strikeouts_batting-20260218T162344Z.joblib,128249876,MODEL_BINARY,INPUT_MEMBERSHIP_UNPROVABLE,artifact plus occasional MODEL_INDEX aggregate metadata,no immutable exact-gamePk input manifest bound to artifact
models_out/archive/strikeouts_batting/strikeouts_batting-20260218T205240Z.joblib,22442574,MODEL_BINARY,INPUT_MEMBERSHIP_UNPROVABLE,artifact plus occasional MODEL_INDEX aggregate metadata,no immutable exact-gamePk input manifest bound to artifact
models_out/archive/strikeouts_batting/strikeouts_batting-20260218T215245Z.joblib,21393103,MODEL_BINARY,INPUT_MEMBERSHIP_UNPROVABLE,artifact plus occasional MODEL_INDEX aggregate metadata,no immutable exact-gamePk input manifest bound to artifact
models_out/archive/strikeouts_batting/strikeouts_batting-20260218T215317Z.joblib,21393103,MODEL_BINARY,INPUT_MEMBERSHIP_UNPROVABLE,artifact plus occasional MODEL_INDEX aggregate metadata,no immutable exact-gamePk input manifest bound to artifact
models_out/archive/strikeouts_batting/strikeouts_batting-20260218T215350Z.joblib,21393103,MODEL_BINARY,INPUT_MEMBERSHIP_UNPROVABLE,artifact plus occasional MODEL_INDEX aggregate metadata,no immutable exact-gamePk input manifest bound to artifact
models_out/archive/strikeouts_batting/strikeouts_batting-20260218T215425Z.joblib,22442574,MODEL_BINARY,INPUT_MEMBERSHIP_UNPROVABLE,artifact plus occasional MODEL_INDEX aggregate metadata,no immutable exact-gamePk input manifest bound to artifact
models_out/archive/strikeouts_batting/strikeouts_batting-20260218T215459Z.joblib,22542949,MODEL_BINARY,INPUT_MEMBERSHIP_UNPROVABLE,artifact plus occasional MODEL_INDEX aggregate metadata,no immutable exact-gamePk input manifest bound to artifact
models_out/archive/strikeouts_batting/strikeouts_batting-20260218T215534Z.joblib,24689479,MODEL_BINARY,INPUT_MEMBERSHIP_UNPROVABLE,artifact plus occasional MODEL_INDEX aggregate metadata,no immutable exact-gamePk input manifest bound to artifact
models_out/archive/strikeouts_batting/strikeouts_batting-20260329T050339Z.joblib,53317073,MODEL_BINARY,INPUT_MEMBERSHIP_UNPROVABLE,artifact plus occasional MODEL_INDEX aggregate metadata,no immutable exact-gamePk input manifest bound to artifact
models_out/archive/strikeouts_batting/strikeouts_batting-20260329T060628Z.joblib,53317074,MODEL_BINARY,INPUT_MEMBERSHIP_UNPROVABLE,artifact plus occasional MODEL_INDEX aggregate metadata,no immutable exact-gamePk input manifest bound to artifact
models_out/archive/strikeouts_batting/strikeouts_batting-20260329T151049Z.joblib,53317074,MODEL_BINARY,INPUT_MEMBERSHIP_UNPROVABLE,artifact plus occasional MODEL_INDEX aggregate metadata,no immutable exact-gamePk input manifest bound to artifact
models_out/archive/strikeouts_batting/strikeouts_batting-20260329T180109Z.joblib,53317073,MODEL_BINARY,INPUT_MEMBERSHIP_UNPROVABLE,artifact plus occasional MODEL_INDEX aggregate metadata,no immutable exact-gamePk input manifest bound to artifact
models_out/archive/strikeouts_batting/strikeouts_batting-20260329T185736Z.joblib,53317073,MODEL_BINARY,INPUT_MEMBERSHIP_UNPROVABLE,artifact plus occasional MODEL_INDEX aggregate metadata,no immutable exact-gamePk input manifest bound to artifact
models_out/archive/strikeouts_batting/strikeouts_batting-20260329T200509Z.joblib,53317073,MODEL_BINARY,INPUT_MEMBERSHIP_UNPROVABLE,artifact plus occasional MODEL_INDEX aggregate metadata,no immutable exact-gamePk input manifest bound to artifact
models_out/archive/strikeouts_batting/strikeouts_batting-20260329T234936Z.joblib,53317074,MODEL_BINARY,INPUT_MEMBERSHIP_UNPROVABLE,artifact plus occasional MODEL_INDEX aggregate metadata,no immutable exact-gamePk input manifest bound to artifact
models_out/archive/strikeouts_batting/strikeouts_batting-20260330T021115Z.joblib,53317073,MODEL_BINARY,INPUT_MEMBERSHIP_UNPROVABLE,artifact plus occasional MODEL_INDEX aggregate metadata,no immutable exact-gamePk input manifest bound to artifact
models_out/archive/strikeouts_batting/strikeouts_batting-20260330T135355Z.joblib,53317073,MODEL_BINARY,INPUT_MEMBERSHIP_UNPROVABLE,artifact plus occasional MODEL_INDEX aggregate metadata,no immutable exact-gamePk input manifest bound to artifact
models_out/archive/strikeouts_batting/strikeouts_batting-20260330T150408Z.joblib,53317073,MODEL_BINARY,INPUT_MEMBERSHIP_UNPROVABLE,artifact plus occasional MODEL_INDEX aggregate metadata,no immutable exact-gamePk input manifest bound to artifact
models_out/archive/strikeouts_batting/strikeouts_batting-20260330T162758Z.joblib,53317074,MODEL_BINARY,INPUT_MEMBERSHIP_UNPROVABLE,artifact plus occasional MODEL_INDEX aggregate metadata,no immutable exact-gamePk input manifest bound to artifact
models_out/archive/strikeouts_batting/strikeouts_batting-20260330T175936Z.joblib,53317073,MODEL_BINARY,INPUT_MEMBERSHIP_UNPROVABLE,artifact plus occasional MODEL_INDEX aggregate metadata,no immutable exact-gamePk input manifest bound to artifact
models_out/archive/strikeouts_batting/strikeouts_batting-20260406T141113Z.joblib,54278968,MODEL_BINARY,INPUT_MEMBERSHIP_UNPROVABLE,artifact plus occasional MODEL_INDEX aggregate metadata,no immutable exact-gamePk input manifest bound to artifact
models_out/archive/strikeouts_batting/strikeouts_batting-20260408T222244Z.joblib,54281086,MODEL_BINARY,INPUT_MEMBERSHIP_UNPROVABLE,artifact plus occasional MODEL_INDEX aggregate metadata,no immutable exact-gamePk input manifest bound to artifact
models_out/archive/strikeouts_batting/strikeouts_batting-20260409T064622Z.joblib,54281086,MODEL_BINARY,INPUT_MEMBERSHIP_UNPROVABLE,artifact plus occasional MODEL_INDEX aggregate metadata,no immutable exact-gamePk input manifest bound to artifact
models_out/archive/strikeouts_batting/strikeouts_batting-20260425T152020Z.joblib,36761889,MODEL_BINARY,INPUT_MEMBERSHIP_UNPROVABLE,artifact plus occasional MODEL_INDEX aggregate metadata,no immutable exact-gamePk input manifest bound to artifact
models_out/archive/strikeouts_batting/strikeouts_batting-20260425T171036Z.joblib,37878330,MODEL_BINARY,INPUT_MEMBERSHIP_UNPROVABLE,artifact plus occasional MODEL_INDEX aggregate metadata,no immutable exact-gamePk input manifest bound to artifact
models_out/archive/strikeouts_batting/strikeouts_batting-20260425T195618Z.joblib,37879134,MODEL_BINARY,INPUT_MEMBERSHIP_UNPROVABLE,artifact plus occasional MODEL_INDEX aggregate metadata,no immutable exact-gamePk input manifest bound to artifact
models_out/archive/strikeouts_batting/strikeouts_batting-20260425T205015Z.joblib,37879133,MODEL_BINARY,INPUT_MEMBERSHIP_UNPROVABLE,artifact plus occasional MODEL_INDEX aggregate metadata,no immutable exact-gamePk input manifest bound to artifact
models_out/archive/strikeouts_batting/strikeouts_batting-20260426T001442Z.joblib,37879133,MODEL_BINARY,INPUT_MEMBERSHIP_UNPROVABLE,artifact plus occasional MODEL_INDEX aggregate metadata,no immutable exact-gamePk input manifest bound to artifact
models_out/archive/strikeouts_batting/strikeouts_batting-20260507T100308Z.joblib,41650080,MODEL_BINARY,INPUT_MEMBERSHIP_UNPROVABLE,artifact plus occasional MODEL_INDEX aggregate metadata,no immutable exact-gamePk input manifest bound to artifact
models_out/archive/strikeouts_batting/strikeouts_batting-20260528T065631Z.joblib,1482400,MODEL_BINARY,INPUT_MEMBERSHIP_UNPROVABLE,artifact plus occasional MODEL_INDEX aggregate metadata,no immutable exact-gamePk input manifest bound to artifact
models_out/archive/strikeouts_batting/strikeouts_batting-20260604T063318Z.joblib,1482399,MODEL_BINARY,INPUT_MEMBERSHIP_UNPROVABLE,artifact plus occasional MODEL_INDEX aggregate metadata,no immutable exact-gamePk input manifest bound to artifact
models_out/archive/strikeouts_batting/strikeouts_batting-20260611T064943Z.joblib,1482400,MODEL_BINARY,INPUT_MEMBERSHIP_UNPROVABLE,artifact plus occasional MODEL_INDEX aggregate metadata,no immutable exact-gamePk input manifest bound to artifact
models_out/archive/strikeouts_batting/strikeouts_batting-20260709T085655Z.joblib,1633507,MODEL_BINARY,INPUT_MEMBERSHIP_UNPROVABLE,artifact plus occasional MODEL_INDEX aggregate metadata,no immutable exact-gamePk input manifest bound to artifact
models_out/archive/strikeouts_pitching/strikeouts_pitching-20260218T162433Z.joblib,6248421,MODEL_BINARY,INPUT_MEMBERSHIP_UNPROVABLE,artifact plus occasional MODEL_INDEX aggregate metadata,no immutable exact-gamePk input manifest bound to artifact
models_out/archive/strikeouts_pitching/strikeouts_pitching-20260218T171230Z.joblib,6147092,MODEL_BINARY,INPUT_MEMBERSHIP_UNPROVABLE,artifact plus occasional MODEL_INDEX aggregate metadata,no immutable exact-gamePk input manifest bound to artifact
models_out/archive/strikeouts_pitching/strikeouts_pitching-20260218T205701Z.joblib,6372832,MODEL_BINARY,INPUT_MEMBERSHIP_UNPROVABLE,artifact plus occasional MODEL_INDEX aggregate metadata,no immutable exact-gamePk input manifest bound to artifact
models_out/archive/strikeouts_pitching/strikeouts_pitching-20260329T051238Z.joblib,24687123,MODEL_BINARY,INPUT_MEMBERSHIP_UNPROVABLE,artifact plus occasional MODEL_INDEX aggregate metadata,no immutable exact-gamePk input manifest bound to artifact
models_out/archive/strikeouts_pitching/strikeouts_pitching-20260329T061522Z.joblib,24687123,MODEL_BINARY,INPUT_MEMBERSHIP_UNPROVABLE,artifact plus occasional MODEL_INDEX aggregate metadata,no immutable exact-gamePk input manifest bound to artifact
models_out/archive/strikeouts_pitching/strikeouts_pitching-20260329T151806Z.joblib,24687124,MODEL_BINARY,INPUT_MEMBERSHIP_UNPROVABLE,artifact plus occasional MODEL_INDEX aggregate metadata,no immutable exact-gamePk input manifest bound to artifact
models_out/archive/strikeouts_pitching/strikeouts_pitching-20260329T181038Z.joblib,24687123,MODEL_BINARY,INPUT_MEMBERSHIP_UNPROVABLE,artifact plus occasional MODEL_INDEX aggregate metadata,no immutable exact-gamePk input manifest bound to artifact
models_out/archive/strikeouts_pitching/strikeouts_pitching-20260329T190724Z.joblib,24687123,MODEL_BINARY,INPUT_MEMBERSHIP_UNPROVABLE,artifact plus occasional MODEL_INDEX aggregate metadata,no immutable exact-gamePk input manifest bound to artifact
models_out/archive/strikeouts_pitching/strikeouts_pitching-20260329T201457Z.joblib,24687123,MODEL_BINARY,INPUT_MEMBERSHIP_UNPROVABLE,artifact plus occasional MODEL_INDEX aggregate metadata,no immutable exact-gamePk input manifest bound to artifact
models_out/archive/strikeouts_pitching/strikeouts_pitching-20260329T235813Z.joblib,24687123,MODEL_BINARY,INPUT_MEMBERSHIP_UNPROVABLE,artifact plus occasional MODEL_INDEX aggregate metadata,no immutable exact-gamePk input manifest bound to artifact
models_out/archive/strikeouts_pitching/strikeouts_pitching-20260330T022231Z.joblib,24687123,MODEL_BINARY,INPUT_MEMBERSHIP_UNPROVABLE,artifact plus occasional MODEL_INDEX aggregate metadata,no immutable exact-gamePk input manifest bound to artifact
models_out/archive/strikeouts_pitching/strikeouts_pitching-20260330T140440Z.joblib,24687123,MODEL_BINARY,INPUT_MEMBERSHIP_UNPROVABLE,artifact plus occasional MODEL_INDEX aggregate metadata,no immutable exact-gamePk input manifest bound to artifact
models_out/archive/strikeouts_pitching/strikeouts_pitching-20260330T151520Z.joblib,24687123,MODEL_BINARY,INPUT_MEMBERSHIP_UNPROVABLE,artifact plus occasional MODEL_INDEX aggregate metadata,no immutable exact-gamePk input manifest bound to artifact
models_out/archive/strikeouts_pitching/strikeouts_pitching-20260330T163812Z.joblib,24805175,MODEL_BINARY,INPUT_MEMBERSHIP_UNPROVABLE,artifact plus occasional MODEL_INDEX aggregate metadata,no immutable exact-gamePk input manifest bound to artifact
models_out/archive/strikeouts_pitching/strikeouts_pitching-20260330T181007Z.joblib,24805175,MODEL_BINARY,INPUT_MEMBERSHIP_UNPROVABLE,artifact plus occasional MODEL_INDEX aggregate metadata,no immutable exact-gamePk input manifest bound to artifact
models_out/archive/strikeouts_pitching/strikeouts_pitching-20260406T143752Z.joblib,31627110,MODEL_BINARY,INPUT_MEMBERSHIP_UNPROVABLE,artifact plus occasional MODEL_INDEX aggregate metadata,no immutable exact-gamePk input manifest bound to artifact
models_out/archive/strikeouts_pitching/strikeouts_pitching-20260408T225223Z.joblib,32016272,MODEL_BINARY,INPUT_MEMBERSHIP_UNPROVABLE,artifact plus occasional MODEL_INDEX aggregate metadata,no immutable exact-gamePk input manifest bound to artifact
models_out/archive/strikeouts_pitching/strikeouts_pitching-20260409T071529Z.joblib,32016273,MODEL_BINARY,INPUT_MEMBERSHIP_UNPROVABLE,artifact plus occasional MODEL_INDEX aggregate metadata,no immutable exact-gamePk input manifest bound to artifact
models_out/archive/strikeouts_pitching/strikeouts_pitching-20260425T153504Z.joblib,26565368,MODEL_BINARY,INPUT_MEMBERSHIP_UNPROVABLE,artifact plus occasional MODEL_INDEX aggregate metadata,no immutable exact-gamePk input manifest bound to artifact
models_out/archive/strikeouts_pitching/strikeouts_pitching-20260425T172432Z.joblib,26565368,MODEL_BINARY,INPUT_MEMBERSHIP_UNPROVABLE,artifact plus occasional MODEL_INDEX aggregate metadata,no immutable exact-gamePk input manifest bound to artifact
models_out/archive/strikeouts_pitching/strikeouts_pitching-20260425T184917Z.joblib,26565368,MODEL_BINARY,INPUT_MEMBERSHIP_UNPROVABLE,artifact plus occasional MODEL_INDEX aggregate metadata,no immutable exact-gamePk input manifest bound to artifact
models_out/archive/strikeouts_pitching/strikeouts_pitching-20260425T201003Z.joblib,26565367,MODEL_BINARY,INPUT_MEMBERSHIP_UNPROVABLE,artifact plus occasional MODEL_INDEX aggregate metadata,no immutable exact-gamePk input manifest bound to artifact
models_out/archive/strikeouts_pitching/strikeouts_pitching-20260425T210554Z.joblib,26565368,MODEL_BINARY,INPUT_MEMBERSHIP_UNPROVABLE,artifact plus occasional MODEL_INDEX aggregate metadata,no immutable exact-gamePk input manifest bound to artifact
models_out/archive/strikeouts_pitching/strikeouts_pitching-20260426T002930Z.joblib,26565367,MODEL_BINARY,INPUT_MEMBERSHIP_UNPROVABLE,artifact plus occasional MODEL_INDEX aggregate metadata,no immutable exact-gamePk input manifest bound to artifact
models_out/archive/strikeouts_pitching/strikeouts_pitching-20260507T112438Z.joblib,26785191,MODEL_BINARY,INPUT_MEMBERSHIP_UNPROVABLE,artifact plus occasional MODEL_INDEX aggregate metadata,no immutable exact-gamePk input manifest bound to artifact
models_out/archive/strikeouts_pitching/strikeouts_pitching-20260521T065143Z.joblib,22692287,MODEL_BINARY,INPUT_MEMBERSHIP_UNPROVABLE,artifact plus occasional MODEL_INDEX aggregate metadata,no immutable exact-gamePk input manifest bound to artifact
models_out/archive/strikeouts_pitching/strikeouts_pitching-20260528T073754Z.joblib,23242502,MODEL_BINARY,INPUT_MEMBERSHIP_UNPROVABLE,artifact plus occasional MODEL_INDEX aggregate metadata,no immutable exact-gamePk input manifest bound to artifact
models_out/archive/strikeouts_pitching/strikeouts_pitching-20260604T065028Z.joblib,23610283,MODEL_BINARY,INPUT_MEMBERSHIP_UNPROVABLE,artifact plus occasional MODEL_INDEX aggregate metadata,no immutable exact-gamePk input manifest bound to artifact
models_out/archive/strikeouts_pitching/strikeouts_pitching-20260611T072422Z.joblib,23523644,MODEL_BINARY,INPUT_MEMBERSHIP_UNPROVABLE,artifact plus occasional MODEL_INDEX aggregate metadata,no immutable exact-gamePk input manifest bound to artifact
models_out/archive/strikeouts_pitching/strikeouts_pitching-20260709T091351Z.joblib,24973397,MODEL_BINARY,INPUT_MEMBERSHIP_UNPROVABLE,artifact plus occasional MODEL_INDEX aggregate metadata,no immutable exact-gamePk input manifest bound to artifact
models_out/archive/total_bases/total_bases-20260218T162646Z.joblib,21586551,MODEL_BINARY,INPUT_MEMBERSHIP_UNPROVABLE,artifact plus occasional MODEL_INDEX aggregate metadata,no immutable exact-gamePk input manifest bound to artifact
models_out/archive/total_bases/total_bases-20260218T203546Z.joblib,22469851,MODEL_BINARY,INPUT_MEMBERSHIP_UNPROVABLE,artifact plus occasional MODEL_INDEX aggregate metadata,no immutable exact-gamePk input manifest bound to artifact
models_out/archive/total_bases/total_bases-20260218T214751Z.joblib,22326782,MODEL_BINARY,INPUT_MEMBERSHIP_UNPROVABLE,artifact plus occasional MODEL_INDEX aggregate metadata,no immutable exact-gamePk input manifest bound to artifact
models_out/archive/total_bases/total_bases-20260218T214852Z.joblib,22326782,MODEL_BINARY,INPUT_MEMBERSHIP_UNPROVABLE,artifact plus occasional MODEL_INDEX aggregate metadata,no immutable exact-gamePk input manifest bound to artifact
models_out/archive/total_bases/total_bases-20260218T214915Z.joblib,22326782,MODEL_BINARY,INPUT_MEMBERSHIP_UNPROVABLE,artifact plus occasional MODEL_INDEX aggregate metadata,no immutable exact-gamePk input manifest bound to artifact
models_out/archive/total_bases/total_bases-20260218T214950Z.joblib,22326781,MODEL_BINARY,INPUT_MEMBERSHIP_UNPROVABLE,artifact plus occasional MODEL_INDEX aggregate metadata,no immutable exact-gamePk input manifest bound to artifact
models_out/archive/total_bases/total_bases-20260218T215024Z.joblib,22326782,MODEL_BINARY,INPUT_MEMBERSHIP_UNPROVABLE,artifact plus occasional MODEL_INDEX aggregate metadata,no immutable exact-gamePk input manifest bound to artifact
models_out/archive/total_bases/total_bases-20260218T215059Z.joblib,22469851,MODEL_BINARY,INPUT_MEMBERSHIP_UNPROVABLE,artifact plus occasional MODEL_INDEX aggregate metadata,no immutable exact-gamePk input manifest bound to artifact
models_out/archive/total_bases/total_bases-20260218T215134Z.joblib,22633550,MODEL_BINARY,INPUT_MEMBERSHIP_UNPROVABLE,artifact plus occasional MODEL_INDEX aggregate metadata,no immutable exact-gamePk input manifest bound to artifact
models_out/archive/total_bases/total_bases-20260218T215210Z.joblib,22469851,MODEL_BINARY,INPUT_MEMBERSHIP_UNPROVABLE,artifact plus occasional MODEL_INDEX aggregate metadata,no immutable exact-gamePk input manifest bound to artifact
models_out/archive/total_bases/total_bases-20260329T050122Z.joblib,219704029,MODEL_BINARY,INPUT_MEMBERSHIP_UNPROVABLE,artifact plus occasional MODEL_INDEX aggregate metadata,no immutable exact-gamePk input manifest bound to artifact
models_out/archive/total_bases/total_bases-20260329T060407Z.joblib,219704029,MODEL_BINARY,INPUT_MEMBERSHIP_UNPROVABLE,artifact plus occasional MODEL_INDEX aggregate metadata,no immutable exact-gamePk input manifest bound to artifact
models_out/archive/total_bases/total_bases-20260329T150900Z.joblib,219704029,MODEL_BINARY,INPUT_MEMBERSHIP_UNPROVABLE,artifact plus occasional MODEL_INDEX aggregate metadata,no immutable exact-gamePk input manifest bound to artifact
models_out/archive/total_bases/total_bases-20260329T175848Z.joblib,219704029,MODEL_BINARY,INPUT_MEMBERSHIP_UNPROVABLE,artifact plus occasional MODEL_INDEX aggregate metadata,no immutable exact-gamePk input manifest bound to artifact
models_out/archive/total_bases/total_bases-20260329T185509Z.joblib,219704029,MODEL_BINARY,INPUT_MEMBERSHIP_UNPROVABLE,artifact plus occasional MODEL_INDEX aggregate metadata,no immutable exact-gamePk input manifest bound to artifact
models_out/archive/total_bases/total_bases-20260329T200242Z.joblib,219704028,MODEL_BINARY,INPUT_MEMBERSHIP_UNPROVABLE,artifact plus occasional MODEL_INDEX aggregate metadata,no immutable exact-gamePk input manifest bound to artifact
models_out/archive/total_bases/total_bases-20260329T234726Z.joblib,219704028,MODEL_BINARY,INPUT_MEMBERSHIP_UNPROVABLE,artifact plus occasional MODEL_INDEX aggregate metadata,no immutable exact-gamePk input manifest bound to artifact
models_out/archive/total_bases/total_bases-20260330T020844Z.joblib,219704029,MODEL_BINARY,INPUT_MEMBERSHIP_UNPROVABLE,artifact plus occasional MODEL_INDEX aggregate metadata,no immutable exact-gamePk input manifest bound to artifact
models_out/archive/total_bases/total_bases-20260330T135114Z.joblib,219704028,MODEL_BINARY,INPUT_MEMBERSHIP_UNPROVABLE,artifact plus occasional MODEL_INDEX aggregate metadata,no immutable exact-gamePk input manifest bound to artifact
models_out/archive/total_bases/total_bases-20260330T150126Z.joblib,219704029,MODEL_BINARY,INPUT_MEMBERSHIP_UNPROVABLE,artifact plus occasional MODEL_INDEX aggregate metadata,no immutable exact-gamePk input manifest bound to artifact
models_out/archive/total_bases/total_bases-20260330T162529Z.joblib,222063620,MODEL_BINARY,INPUT_MEMBERSHIP_UNPROVABLE,artifact plus occasional MODEL_INDEX aggregate metadata,no immutable exact-gamePk input manifest bound to artifact
models_out/archive/total_bases/total_bases-20260330T175701Z.joblib,222063621,MODEL_BINARY,INPUT_MEMBERSHIP_UNPROVABLE,artifact plus occasional MODEL_INDEX aggregate metadata,no immutable exact-gamePk input manifest bound to artifact
models_out/archive/total_bases/total_bases-20260406T140232Z.joblib,228483754,MODEL_BINARY,INPUT_MEMBERSHIP_UNPROVABLE,artifact plus occasional MODEL_INDEX aggregate metadata,no immutable exact-gamePk input manifest bound to artifact
models_out/archive/total_bases/total_bases-20260408T221251Z.joblib,229176184,MODEL_BINARY,INPUT_MEMBERSHIP_UNPROVABLE,artifact plus occasional MODEL_INDEX aggregate metadata,no immutable exact-gamePk input manifest bound to artifact
models_out/archive/total_bases/total_bases-20260409T063655Z.joblib,229176184,MODEL_BINARY,INPUT_MEMBERSHIP_UNPROVABLE,artifact plus occasional MODEL_INDEX aggregate metadata,no immutable exact-gamePk input manifest bound to artifact
models_out/archive/total_bases/total_bases-20260418T205723Z.joblib,948266,MODEL_BINARY,INPUT_MEMBERSHIP_UNPROVABLE,artifact plus occasional MODEL_INDEX aggregate metadata,no immutable exact-gamePk input manifest bound to artifact
models_out/archive/total_bases/total_bases-20260418T205831Z.joblib,948265,MODEL_BINARY,INPUT_MEMBERSHIP_UNPROVABLE,artifact plus occasional MODEL_INDEX aggregate metadata,no immutable exact-gamePk input manifest bound to artifact
models_out/archive/total_bases/total_bases-20260418T205956Z.joblib,948265,MODEL_BINARY,INPUT_MEMBERSHIP_UNPROVABLE,artifact plus occasional MODEL_INDEX aggregate metadata,no immutable exact-gamePk input manifest bound to artifact
models_out/archive/total_bases/total_bases-20260425T151557Z.joblib,153187724,MODEL_BINARY,INPUT_MEMBERSHIP_UNPROVABLE,artifact plus occasional MODEL_INDEX aggregate metadata,no immutable exact-gamePk input manifest bound to artifact
models_out/archive/total_bases/total_bases-20260425T170636Z.joblib,153187724,MODEL_BINARY,INPUT_MEMBERSHIP_UNPROVABLE,artifact plus occasional MODEL_INDEX aggregate metadata,no immutable exact-gamePk input manifest bound to artifact
models_out/archive/total_bases/total_bases-20260425T194431Z.joblib,153188586,MODEL_BINARY,INPUT_MEMBERSHIP_UNPROVABLE,artifact plus occasional MODEL_INDEX aggregate metadata,no immutable exact-gamePk input manifest bound to artifact
models_out/archive/total_bases/total_bases-20260425T195249Z.joblib,153188586,MODEL_BINARY,INPUT_MEMBERSHIP_UNPROVABLE,artifact plus occasional MODEL_INDEX aggregate metadata,no immutable exact-gamePk input manifest bound to artifact
models_out/archive/total_bases/total_bases-20260425T204635Z.joblib,153188586,MODEL_BINARY,INPUT_MEMBERSHIP_UNPROVABLE,artifact plus occasional MODEL_INDEX aggregate metadata,no immutable exact-gamePk input manifest bound to artifact
models_out/archive/total_bases/total_bases-20260426T001039Z.joblib,153188586,MODEL_BINARY,INPUT_MEMBERSHIP_UNPROVABLE,artifact plus occasional MODEL_INDEX aggregate metadata,no immutable exact-gamePk input manifest bound to artifact
models_out/archive/total_bases/total_bases-20260507T095536Z.joblib,171278262,MODEL_BINARY,INPUT_MEMBERSHIP_UNPROVABLE,artifact plus occasional MODEL_INDEX aggregate metadata,no immutable exact-gamePk input manifest bound to artifact
models_out/archive/total_bases/total_bases-20260521T064916Z.joblib,137699274,MODEL_BINARY,INPUT_MEMBERSHIP_UNPROVABLE,artifact plus occasional MODEL_INDEX aggregate metadata,no immutable exact-gamePk input manifest bound to artifact
models_out/archive/total_bases/total_bases-20260528T065045Z.joblib,133389673,MODEL_BINARY,INPUT_MEMBERSHIP_UNPROVABLE,artifact plus occasional MODEL_INDEX aggregate metadata,no immutable exact-gamePk input manifest bound to artifact
models_out/archive/total_bases/total_bases-20260604T062809Z.joblib,141225818,MODEL_BINARY,INPUT_MEMBERSHIP_UNPROVABLE,artifact plus occasional MODEL_INDEX aggregate metadata,no immutable exact-gamePk input manifest bound to artifact
models_out/archive/total_bases/total_bases-20260611T064433Z.joblib,143465770,MODEL_BINARY,INPUT_MEMBERSHIP_UNPROVABLE,artifact plus occasional MODEL_INDEX aggregate metadata,no immutable exact-gamePk input manifest bound to artifact
models_out/archive/total_bases/total_bases-20260709T082018Z.joblib,168504678,MODEL_BINARY,INPUT_MEMBERSHIP_UNPROVABLE,artifact plus occasional MODEL_INDEX aggregate metadata,no immutable exact-gamePk input manifest bound to artifact
models_out/archive/walks/walks-20260218T162710Z.joblib,20886845,MODEL_BINARY,INPUT_MEMBERSHIP_UNPROVABLE,artifact plus occasional MODEL_INDEX aggregate metadata,no immutable exact-gamePk input manifest bound to artifact
models_out/archive/walks/walks-20260218T174715Z.joblib,20450833,MODEL_BINARY,INPUT_MEMBERSHIP_UNPROVABLE,artifact plus occasional MODEL_INDEX aggregate metadata,no immutable exact-gamePk input manifest bound to artifact
models_out/archive/walks/walks-20260218T205807Z.joblib,20799398,MODEL_BINARY,INPUT_MEMBERSHIP_UNPROVABLE,artifact plus occasional MODEL_INDEX aggregate metadata,no immutable exact-gamePk input manifest bound to artifact
models_out/archive/walks/walks-20260329T051412Z.joblib,106961604,MODEL_BINARY,INPUT_MEMBERSHIP_UNPROVABLE,artifact plus occasional MODEL_INDEX aggregate metadata,no immutable exact-gamePk input manifest bound to artifact
models_out/archive/walks/walks-20260329T151916Z.joblib,106961604,MODEL_BINARY,INPUT_MEMBERSHIP_UNPROVABLE,artifact plus occasional MODEL_INDEX aggregate metadata,no immutable exact-gamePk input manifest bound to artifact
models_out/archive/walks/walks-20260329T181224Z.joblib,106961604,MODEL_BINARY,INPUT_MEMBERSHIP_UNPROVABLE,artifact plus occasional MODEL_INDEX aggregate metadata,no immutable exact-gamePk input manifest bound to artifact
models_out/archive/walks/walks-20260329T190909Z.joblib,106961605,MODEL_BINARY,INPUT_MEMBERSHIP_UNPROVABLE,artifact plus occasional MODEL_INDEX aggregate metadata,no immutable exact-gamePk input manifest bound to artifact
models_out/archive/walks/walks-20260329T201645Z.joblib,106961604,MODEL_BINARY,INPUT_MEMBERSHIP_UNPROVABLE,artifact plus occasional MODEL_INDEX aggregate metadata,no immutable exact-gamePk input manifest bound to artifact
models_out/archive/walks/walks-20260329T235946Z.joblib,106961604,MODEL_BINARY,INPUT_MEMBERSHIP_UNPROVABLE,artifact plus occasional MODEL_INDEX aggregate metadata,no immutable exact-gamePk input manifest bound to artifact
models_out/archive/walks/walks-20260330T022429Z.joblib,106961603,MODEL_BINARY,INPUT_MEMBERSHIP_UNPROVABLE,artifact plus occasional MODEL_INDEX aggregate metadata,no immutable exact-gamePk input manifest bound to artifact
models_out/archive/walks/walks-20260330T140630Z.joblib,106961604,MODEL_BINARY,INPUT_MEMBERSHIP_UNPROVABLE,artifact plus occasional MODEL_INDEX aggregate metadata,no immutable exact-gamePk input manifest bound to artifact
models_out/archive/walks/walks-20260330T151718Z.joblib,106961605,MODEL_BINARY,INPUT_MEMBERSHIP_UNPROVABLE,artifact plus occasional MODEL_INDEX aggregate metadata,no immutable exact-gamePk input manifest bound to artifact
models_out/archive/walks/walks-20260330T164014Z.joblib,111305125,MODEL_BINARY,INPUT_MEMBERSHIP_UNPROVABLE,artifact plus occasional MODEL_INDEX aggregate metadata,no immutable exact-gamePk input manifest bound to artifact
models_out/archive/walks/walks-20260330T181201Z.joblib,111305125,MODEL_BINARY,INPUT_MEMBERSHIP_UNPROVABLE,artifact plus occasional MODEL_INDEX aggregate metadata,no immutable exact-gamePk input manifest bound to artifact
models_out/archive/walks/walks-20260406T144019Z.joblib,113305075,MODEL_BINARY,INPUT_MEMBERSHIP_UNPROVABLE,artifact plus occasional MODEL_INDEX aggregate metadata,no immutable exact-gamePk input manifest bound to artifact
models_out/archive/walks/walks-20260408T225504Z.joblib,115734418,MODEL_BINARY,INPUT_MEMBERSHIP_UNPROVABLE,artifact plus occasional MODEL_INDEX aggregate metadata,no immutable exact-gamePk input manifest bound to artifact
models_out/archive/walks/walks-20260409T071811Z.joblib,115734419,MODEL_BINARY,INPUT_MEMBERSHIP_UNPROVABLE,artifact plus occasional MODEL_INDEX aggregate metadata,no immutable exact-gamePk input manifest bound to artifact
models_out/archive/walks/walks-20260425T153710Z.joblib,71751535,MODEL_BINARY,INPUT_MEMBERSHIP_UNPROVABLE,artifact plus occasional MODEL_INDEX aggregate metadata,no immutable exact-gamePk input manifest bound to artifact
models_out/archive/walks/walks-20260425T172650Z.joblib,75313444,MODEL_BINARY,INPUT_MEMBERSHIP_UNPROVABLE,artifact plus occasional MODEL_INDEX aggregate metadata,no immutable exact-gamePk input manifest bound to artifact
models_out/archive/walks/walks-20260425T201246Z.joblib,75312781,MODEL_BINARY,INPUT_MEMBERSHIP_UNPROVABLE,artifact plus occasional MODEL_INDEX aggregate metadata,no immutable exact-gamePk input manifest bound to artifact
models_out/archive/walks/walks-20260425T210758Z.joblib,75312783,MODEL_BINARY,INPUT_MEMBERSHIP_UNPROVABLE,artifact plus occasional MODEL_INDEX aggregate metadata,no immutable exact-gamePk input manifest bound to artifact
models_out/archive/walks/walks-20260426T003149Z.joblib,75312781,MODEL_BINARY,INPUT_MEMBERSHIP_UNPROVABLE,artifact plus occasional MODEL_INDEX aggregate metadata,no immutable exact-gamePk input manifest bound to artifact
models_out/archive/walks/walks-20260507T112844Z.joblib,85191703,MODEL_BINARY,INPUT_MEMBERSHIP_UNPROVABLE,artifact plus occasional MODEL_INDEX aggregate metadata,no immutable exact-gamePk input manifest bound to artifact
models_out/archive/walks/walks-20260521T065509Z.joblib,77699248,MODEL_BINARY,INPUT_MEMBERSHIP_UNPROVABLE,artifact plus occasional MODEL_INDEX aggregate metadata,no immutable exact-gamePk input manifest bound to artifact
models_out/archive/walks/walks-20260528T074059Z.joblib,79509327,MODEL_BINARY,INPUT_MEMBERSHIP_UNPROVABLE,artifact plus occasional MODEL_INDEX aggregate metadata,no immutable exact-gamePk input manifest bound to artifact
models_out/archive/walks/walks-20260604T065148Z.joblib,81955108,MODEL_BINARY,INPUT_MEMBERSHIP_UNPROVABLE,artifact plus occasional MODEL_INDEX aggregate metadata,no immutable exact-gamePk input manifest bound to artifact
models_out/archive/walks/walks-20260611T072543Z.joblib,82993601,MODEL_BINARY,INPUT_MEMBERSHIP_UNPROVABLE,artifact plus occasional MODEL_INDEX aggregate metadata,no immutable exact-gamePk input manifest bound to artifact
models_out/archive/walks/walks-20260709T091513Z.joblib,110501478,MODEL_BINARY,INPUT_MEMBERSHIP_UNPROVABLE,artifact plus occasional MODEL_INDEX aggregate metadata,no immutable exact-gamePk input manifest bound to artifact
models_out/archive/walks_allowed/walks_allowed-20260218T162556Z.joblib,33672560,MODEL_BINARY,INPUT_MEMBERSHIP_UNPROVABLE,artifact plus occasional MODEL_INDEX aggregate metadata,no immutable exact-gamePk input manifest bound to artifact
models_out/archive/walks_allowed/walks_allowed-20260218T174105Z.joblib,33727597,MODEL_BINARY,INPUT_MEMBERSHIP_UNPROVABLE,artifact plus occasional MODEL_INDEX aggregate metadata,no immutable exact-gamePk input manifest bound to artifact
models_out/archive/walks_allowed/walks_allowed-20260218T182738Z.joblib,13344842,MODEL_BINARY,INPUT_MEMBERSHIP_UNPROVABLE,artifact plus occasional MODEL_INDEX aggregate metadata,no immutable exact-gamePk input manifest bound to artifact
models_out/archive/walks_allowed/walks_allowed-20260218T183144Z.joblib,22898542,MODEL_BINARY,INPUT_MEMBERSHIP_UNPROVABLE,artifact plus occasional MODEL_INDEX aggregate metadata,no immutable exact-gamePk input manifest bound to artifact
models_out/archive/walks_allowed/walks_allowed-20260218T190620Z.joblib,22898542,MODEL_BINARY,INPUT_MEMBERSHIP_UNPROVABLE,artifact plus occasional MODEL_INDEX aggregate metadata,no immutable exact-gamePk input manifest bound to artifact
models_out/archive/walks_allowed/walks_allowed-20260218T201329Z.joblib,22959129,MODEL_BINARY,INPUT_MEMBERSHIP_UNPROVABLE,artifact plus occasional MODEL_INDEX aggregate metadata,no immutable exact-gamePk input manifest bound to artifact
models_out/archive/walks_allowed/walks_allowed-20260329T053311Z.joblib,12338393,MODEL_BINARY,INPUT_MEMBERSHIP_UNPROVABLE,artifact plus occasional MODEL_INDEX aggregate metadata,no immutable exact-gamePk input manifest bound to artifact
models_out/archive/walks_allowed/walks_allowed-20260329T192724Z.joblib,12338392,MODEL_BINARY,INPUT_MEMBERSHIP_UNPROVABLE,artifact plus occasional MODEL_INDEX aggregate metadata,no immutable exact-gamePk input manifest bound to artifact
models_out/archive/walks_allowed/walks_allowed-20260329T203544Z.joblib,12338392,MODEL_BINARY,INPUT_MEMBERSHIP_UNPROVABLE,artifact plus occasional MODEL_INDEX aggregate metadata,no immutable exact-gamePk input manifest bound to artifact
models_out/archive/walks_allowed/walks_allowed-20260330T001540Z.joblib,12338392,MODEL_BINARY,INPUT_MEMBERSHIP_UNPROVABLE,artifact plus occasional MODEL_INDEX aggregate metadata,no immutable exact-gamePk input manifest bound to artifact
models_out/archive/walks_allowed/walks_allowed-20260330T024325Z.joblib,12338392,MODEL_BINARY,INPUT_MEMBERSHIP_UNPROVABLE,artifact plus occasional MODEL_INDEX aggregate metadata,no immutable exact-gamePk input manifest bound to artifact
models_out/archive/walks_allowed/walks_allowed-20260330T142400Z.joblib,12338392,MODEL_BINARY,INPUT_MEMBERSHIP_UNPROVABLE,artifact plus occasional MODEL_INDEX aggregate metadata,no immutable exact-gamePk input manifest bound to artifact
models_out/archive/walks_allowed/walks_allowed-20260330T153621Z.joblib,12338392,MODEL_BINARY,INPUT_MEMBERSHIP_UNPROVABLE,artifact plus occasional MODEL_INDEX aggregate metadata,no immutable exact-gamePk input manifest bound to artifact
models_out/archive/walks_allowed/walks_allowed-20260330T165733Z.joblib,12241115,MODEL_BINARY,INPUT_MEMBERSHIP_UNPROVABLE,artifact plus occasional MODEL_INDEX aggregate metadata,no immutable exact-gamePk input manifest bound to artifact
models_out/archive/walks_allowed/walks_allowed-20260330T182943Z.joblib,12241114,MODEL_BINARY,INPUT_MEMBERSHIP_UNPROVABLE,artifact plus occasional MODEL_INDEX aggregate metadata,no immutable exact-gamePk input manifest bound to artifact
models_out/archive/walks_allowed/walks_allowed-20260409T011736Z.joblib,14775333,MODEL_BINARY,INPUT_MEMBERSHIP_UNPROVABLE,artifact plus occasional MODEL_INDEX aggregate metadata,no immutable exact-gamePk input manifest bound to artifact
models_out/archive/walks_allowed/walks_allowed-20260409T075847Z.joblib,14775332,MODEL_BINARY,INPUT_MEMBERSHIP_UNPROVABLE,artifact plus occasional MODEL_INDEX aggregate metadata,no immutable exact-gamePk input manifest bound to artifact
models_out/archive/walks_allowed/walks_allowed-20260425T155343Z.joblib,10265550,MODEL_BINARY,INPUT_MEMBERSHIP_UNPROVABLE,artifact plus occasional MODEL_INDEX aggregate metadata,no immutable exact-gamePk input manifest bound to artifact
models_out/archive/walks_allowed/walks_allowed-20260425T174354Z.joblib,10265550,MODEL_BINARY,INPUT_MEMBERSHIP_UNPROVABLE,artifact plus occasional MODEL_INDEX aggregate metadata,no immutable exact-gamePk input manifest bound to artifact
models_out/archive/walks_allowed/walks_allowed-20260425T190810Z.joblib,10265549,MODEL_BINARY,INPUT_MEMBERSHIP_UNPROVABLE,artifact plus occasional MODEL_INDEX aggregate metadata,no immutable exact-gamePk input manifest bound to artifact
models_out/archive/walks_allowed/walks_allowed-20260425T202934Z.joblib,10265549,MODEL_BINARY,INPUT_MEMBERSHIP_UNPROVABLE,artifact plus occasional MODEL_INDEX aggregate metadata,no immutable exact-gamePk input manifest bound to artifact
models_out/archive/walks_allowed/walks_allowed-20260425T212444Z.joblib,10265549,MODEL_BINARY,INPUT_MEMBERSHIP_UNPROVABLE,artifact plus occasional MODEL_INDEX aggregate metadata,no immutable exact-gamePk input manifest bound to artifact
models_out/archive/walks_allowed/walks_allowed-20260426T004845Z.joblib,10265550,MODEL_BINARY,INPUT_MEMBERSHIP_UNPROVABLE,artifact plus occasional MODEL_INDEX aggregate metadata,no immutable exact-gamePk input manifest bound to artifact
models_out/archive/walks_allowed/walks_allowed-20260507T122251Z.joblib,11389327,MODEL_BINARY,INPUT_MEMBERSHIP_UNPROVABLE,artifact plus occasional MODEL_INDEX aggregate metadata,no immutable exact-gamePk input manifest bound to artifact
models_out/archive/walks_allowed/walks_allowed-20260521T072348Z.joblib,9908184,MODEL_BINARY,INPUT_MEMBERSHIP_UNPROVABLE,artifact plus occasional MODEL_INDEX aggregate metadata,no immutable exact-gamePk input manifest bound to artifact
models_out/archive/walks_allowed/walks_allowed-20260528T082724Z.joblib,10217701,MODEL_BINARY,INPUT_MEMBERSHIP_UNPROVABLE,artifact plus occasional MODEL_INDEX aggregate metadata,no immutable exact-gamePk input manifest bound to artifact
models_out/archive/walks_allowed/walks_allowed-20260604T071354Z.joblib,10595715,MODEL_BINARY,INPUT_MEMBERSHIP_UNPROVABLE,artifact plus occasional MODEL_INDEX aggregate metadata,no immutable exact-gamePk input manifest bound to artifact
models_out/archive/walks_allowed/walks_allowed-20260611T080356Z.joblib,10561122,MODEL_BINARY,INPUT_MEMBERSHIP_UNPROVABLE,artifact plus occasional MODEL_INDEX aggregate metadata,no immutable exact-gamePk input manifest bound to artifact
models_out/archive/walks_allowed/walks_allowed-20260709T093737Z.joblib,11582634,MODEL_BINARY,INPUT_MEMBERSHIP_UNPROVABLE,artifact plus occasional MODEL_INDEX aggregate metadata,no immutable exact-gamePk input manifest bound to artifact
models_out/latest/doubles.joblib,87445667,MODEL_BINARY,INPUT_MEMBERSHIP_UNPROVABLE,artifact plus occasional MODEL_INDEX aggregate metadata,no immutable exact-gamePk input manifest bound to artifact
models_out/latest/dummy.joblib,1,MODEL_BINARY,NOT_APPLICABLE,sentinel/dummy artifact,not a trained governed model population
models_out/latest/earned_runs.joblib,12544026,MODEL_BINARY,INPUT_MEMBERSHIP_UNPROVABLE,artifact plus occasional MODEL_INDEX aggregate metadata,no immutable exact-gamePk input manifest bound to artifact
models_out/latest/hits.joblib,164348163,MODEL_BINARY,INPUT_MEMBERSHIP_UNPROVABLE,artifact plus occasional MODEL_INDEX aggregate metadata,no immutable exact-gamePk input manifest bound to artifact
models_out/latest/hits_05_full_spine.joblib,10331,MODEL_BINARY,NOT_APPLICABLE,strict-prior player_stats/game_info metadata,different source spine; outside model_training_props correction
models_out/latest/hits_allowed.joblib,12804803,MODEL_BINARY,INPUT_MEMBERSHIP_UNPROVABLE,artifact plus occasional MODEL_INDEX aggregate metadata,no immutable exact-gamePk input manifest bound to artifact
models_out/latest/hits_runs_rbis.joblib,141600311,MODEL_BINARY,INPUT_MEMBERSHIP_UNPROVABLE,artifact plus occasional MODEL_INDEX aggregate metadata,no immutable exact-gamePk input manifest bound to artifact
models_out/latest/rbis.joblib,22106555,MODEL_BINARY,INPUT_MEMBERSHIP_UNPROVABLE,artifact plus occasional MODEL_INDEX aggregate metadata,no immutable exact-gamePk input manifest bound to artifact
models_out/latest/runs_rbis.joblib,135717966,MODEL_BINARY,INPUT_MEMBERSHIP_UNPROVABLE,artifact plus occasional MODEL_INDEX aggregate metadata,no immutable exact-gamePk input manifest bound to artifact
models_out/latest/runs_scored.joblib,115859109,MODEL_BINARY,INPUT_MEMBERSHIP_UNPROVABLE,artifact plus occasional MODEL_INDEX aggregate metadata,no immutable exact-gamePk input manifest bound to artifact
models_out/latest/singles.joblib,5870889,MODEL_BINARY,INPUT_MEMBERSHIP_UNPROVABLE,artifact plus occasional MODEL_INDEX aggregate metadata,no immutable exact-gamePk input manifest bound to artifact
models_out/latest/strikeouts_batting.joblib,1633507,MODEL_BINARY,INPUT_MEMBERSHIP_UNPROVABLE,artifact plus occasional MODEL_INDEX aggregate metadata,no immutable exact-gamePk input manifest bound to artifact
models_out/latest/strikeouts_pitching.joblib,24973397,MODEL_BINARY,INPUT_MEMBERSHIP_UNPROVABLE,artifact plus occasional MODEL_INDEX aggregate metadata,no immutable exact-gamePk input manifest bound to artifact
models_out/latest/total_bases.joblib,168504678,MODEL_BINARY,INPUT_MEMBERSHIP_UNPROVABLE,artifact plus occasional MODEL_INDEX aggregate metadata,no immutable exact-gamePk input manifest bound to artifact
models_out/latest/walks.joblib,110501478,MODEL_BINARY,INPUT_MEMBERSHIP_UNPROVABLE,artifact plus occasional MODEL_INDEX aggregate metadata,no immutable exact-gamePk input manifest bound to artifact
models_out/latest/walks_allowed.joblib,11582634,MODEL_BINARY,INPUT_MEMBERSHIP_UNPROVABLE,artifact plus occasional MODEL_INDEX aggregate metadata,no immutable exact-gamePk input manifest bound to artifact
models_out/latest.prev.20260218T234939Z/doubles.joblib,67277406,MODEL_BINARY,INPUT_MEMBERSHIP_UNPROVABLE,artifact plus occasional MODEL_INDEX aggregate metadata,no immutable exact-gamePk input manifest bound to artifact
models_out/latest.prev.20260218T234939Z/earned_runs.joblib,6120970,MODEL_BINARY,INPUT_MEMBERSHIP_UNPROVABLE,artifact plus occasional MODEL_INDEX aggregate metadata,no immutable exact-gamePk input manifest bound to artifact
models_out/latest.prev.20260218T234939Z/hits.joblib,93779124,MODEL_BINARY,INPUT_MEMBERSHIP_UNPROVABLE,artifact plus occasional MODEL_INDEX aggregate metadata,no immutable exact-gamePk input manifest bound to artifact
models_out/latest.prev.20260218T234939Z/hits_allowed.joblib,6252251,MODEL_BINARY,INPUT_MEMBERSHIP_UNPROVABLE,artifact plus occasional MODEL_INDEX aggregate metadata,no immutable exact-gamePk input manifest bound to artifact
models_out/latest.prev.20260218T234939Z/hits_runs_rbis.joblib,20016620,MODEL_BINARY,INPUT_MEMBERSHIP_UNPROVABLE,artifact plus occasional MODEL_INDEX aggregate metadata,no immutable exact-gamePk input manifest bound to artifact
models_out/latest.prev.20260218T234939Z/runs_rbis.joblib,25214007,MODEL_BINARY,INPUT_MEMBERSHIP_UNPROVABLE,artifact plus occasional MODEL_INDEX aggregate metadata,no immutable exact-gamePk input manifest bound to artifact
models_out/latest.prev.20260218T234939Z/runs_scored.joblib,85359916,MODEL_BINARY,INPUT_MEMBERSHIP_UNPROVABLE,artifact plus occasional MODEL_INDEX aggregate metadata,no immutable exact-gamePk input manifest bound to artifact
models_out/latest.prev.20260218T234939Z/strikeouts_batting.joblib,25719009,MODEL_BINARY,INPUT_MEMBERSHIP_UNPROVABLE,artifact plus occasional MODEL_INDEX aggregate metadata,no immutable exact-gamePk input manifest bound to artifact
models_out/latest.prev.20260218T234939Z/strikeouts_pitching.joblib,6372832,MODEL_BINARY,INPUT_MEMBERSHIP_UNPROVABLE,artifact plus occasional MODEL_INDEX aggregate metadata,no immutable exact-gamePk input manifest bound to artifact
models_out/latest.prev.20260218T234939Z/total_bases.joblib,23938634,MODEL_BINARY,INPUT_MEMBERSHIP_UNPROVABLE,artifact plus occasional MODEL_INDEX aggregate metadata,no immutable exact-gamePk input manifest bound to artifact
models_out/latest.prev.20260218T234939Z/walks.joblib,20799398,MODEL_BINARY,INPUT_MEMBERSHIP_UNPROVABLE,artifact plus occasional MODEL_INDEX aggregate metadata,no immutable exact-gamePk input manifest bound to artifact
models_out/latest.prev.20260218T234939Z/walks_allowed.joblib,22959129,MODEL_BINARY,INPUT_MEMBERSHIP_UNPROVABLE,artifact plus occasional MODEL_INDEX aggregate metadata,no immutable exact-gamePk input manifest bound to artifact
models_out/overlays/weighted540_hl90_full/archive/hits/hits-20260427T145744Z.joblib,271842840,MODEL_BINARY,INPUT_MEMBERSHIP_UNPROVABLE,artifact plus occasional MODEL_INDEX aggregate metadata,no immutable exact-gamePk input manifest bound to artifact
models_out/overlays/weighted540_hl90_full/latest/doubles.joblib,62075153,MODEL_BINARY,INPUT_MEMBERSHIP_UNPROVABLE,artifact plus occasional MODEL_INDEX aggregate metadata,no immutable exact-gamePk input manifest bound to artifact
models_out/overlays/weighted540_hl90_full/latest/dummy.joblib,1,MODEL_BINARY,NOT_APPLICABLE,sentinel/dummy artifact,not a trained governed model population
models_out/overlays/weighted540_hl90_full/latest/earned_runs.joblib,12670338,MODEL_BINARY,INPUT_MEMBERSHIP_UNPROVABLE,artifact plus occasional MODEL_INDEX aggregate metadata,no immutable exact-gamePk input manifest bound to artifact
models_out/overlays/weighted540_hl90_full/latest/hits.joblib,271842840,MODEL_BINARY,INPUT_MEMBERSHIP_UNPROVABLE,artifact plus occasional MODEL_INDEX aggregate metadata,no immutable exact-gamePk input manifest bound to artifact
models_out/overlays/weighted540_hl90_full/latest/hits_allowed.joblib,11145464,MODEL_BINARY,INPUT_MEMBERSHIP_UNPROVABLE,artifact plus occasional MODEL_INDEX aggregate metadata,no immutable exact-gamePk input manifest bound to artifact
models_out/overlays/weighted540_hl90_full/latest/hits_runs_rbis.joblib,126985773,MODEL_BINARY,INPUT_MEMBERSHIP_UNPROVABLE,artifact plus occasional MODEL_INDEX aggregate metadata,no immutable exact-gamePk input manifest bound to artifact
models_out/overlays/weighted540_hl90_full/latest/runs_rbis.joblib,135717966,MODEL_BINARY,INPUT_MEMBERSHIP_UNPROVABLE,artifact plus occasional MODEL_INDEX aggregate metadata,no immutable exact-gamePk input manifest bound to artifact
models_out/overlays/weighted540_hl90_full/latest/runs_scored.joblib,31028563,MODEL_BINARY,INPUT_MEMBERSHIP_UNPROVABLE,artifact plus occasional MODEL_INDEX aggregate metadata,no immutable exact-gamePk input manifest bound to artifact
models_out/overlays/weighted540_hl90_full/latest/strikeouts_batting.joblib,37879133,MODEL_BINARY,INPUT_MEMBERSHIP_UNPROVABLE,artifact plus occasional MODEL_INDEX aggregate metadata,no immutable exact-gamePk input manifest bound to artifact
models_out/overlays/weighted540_hl90_full/latest/strikeouts_pitching.joblib,26565367,MODEL_BINARY,INPUT_MEMBERSHIP_UNPROVABLE,artifact plus occasional MODEL_INDEX aggregate metadata,no immutable exact-gamePk input manifest bound to artifact
models_out/overlays/weighted540_hl90_full/latest/total_bases.joblib,153188586,MODEL_BINARY,INPUT_MEMBERSHIP_UNPROVABLE,artifact plus occasional MODEL_INDEX aggregate metadata,no immutable exact-gamePk input manifest bound to artifact
models_out/overlays/weighted540_hl90_full/latest/walks.joblib,75312781,MODEL_BINARY,INPUT_MEMBERSHIP_UNPROVABLE,artifact plus occasional MODEL_INDEX aggregate metadata,no immutable exact-gamePk input manifest bound to artifact
models_out/overlays/weighted540_hl90_full/latest/walks_allowed.joblib,10265550,MODEL_BINARY,INPUT_MEMBERSHIP_UNPROVABLE,artifact plus occasional MODEL_INDEX aggregate metadata,no immutable exact-gamePk input manifest bound to artifact
artifacts/mlb_models_bundle/archive/doubles/doubles-20250817T004518Z.joblib,2301199,MODEL_BINARY,INPUT_MEMBERSHIP_UNPROVABLE,legacy bundle plus MODEL_INDEX aggregate metadata,no immutable exact-gamePk input manifest bound to artifact
artifacts/mlb_models_bundle/archive/doubles/doubles-20250817T012716Z.joblib,1267,MODEL_BINARY,INPUT_MEMBERSHIP_UNPROVABLE,legacy bundle plus MODEL_INDEX aggregate metadata,no immutable exact-gamePk input manifest bound to artifact
artifacts/mlb_models_bundle/archive/earned_runs/earned_runs-20250817T012716Z.joblib,1301,MODEL_BINARY,INPUT_MEMBERSHIP_UNPROVABLE,legacy bundle plus MODEL_INDEX aggregate metadata,no immutable exact-gamePk input manifest bound to artifact
artifacts/mlb_models_bundle/archive/hits/hits-20250817T012717Z.joblib,1295,MODEL_BINARY,INPUT_MEMBERSHIP_UNPROVABLE,legacy bundle plus MODEL_INDEX aggregate metadata,no immutable exact-gamePk input manifest bound to artifact
artifacts/mlb_models_bundle/archive/hits/hits-20250817T022509Z.joblib,1290,MODEL_BINARY,INPUT_MEMBERSHIP_UNPROVABLE,legacy bundle plus MODEL_INDEX aggregate metadata,no immutable exact-gamePk input manifest bound to artifact
artifacts/mlb_models_bundle/archive/hits_allowed/hits_allowed-20250817T012718Z.joblib,1301,MODEL_BINARY,INPUT_MEMBERSHIP_UNPROVABLE,legacy bundle plus MODEL_INDEX aggregate metadata,no immutable exact-gamePk input manifest bound to artifact
artifacts/mlb_models_bundle/archive/hits_runs_rbis/hits_runs_rbis-20250817T012719Z.joblib,1302,MODEL_BINARY,INPUT_MEMBERSHIP_UNPROVABLE,legacy bundle plus MODEL_INDEX aggregate metadata,no immutable exact-gamePk input manifest bound to artifact
artifacts/mlb_models_bundle/archive/home_runs/home_runs-20250817T012720Z.joblib,1277,MODEL_BINARY,INPUT_MEMBERSHIP_UNPROVABLE,legacy bundle plus MODEL_INDEX aggregate metadata,no immutable exact-gamePk input manifest bound to artifact
artifacts/mlb_models_bundle/archive/outs_recorded/outs_recorded-20250817T012724Z.joblib,1287,MODEL_BINARY,INPUT_MEMBERSHIP_UNPROVABLE,legacy bundle plus MODEL_INDEX aggregate metadata,no immutable exact-gamePk input manifest bound to artifact
artifacts/mlb_models_bundle/archive/rbis/rbis-20250817T012724Z.joblib,1293,MODEL_BINARY,INPUT_MEMBERSHIP_UNPROVABLE,legacy bundle plus MODEL_INDEX aggregate metadata,no immutable exact-gamePk input manifest bound to artifact
artifacts/mlb_models_bundle/archive/runs_rbis/runs_rbis-20250817T012725Z.joblib,1285,MODEL_BINARY,INPUT_MEMBERSHIP_UNPROVABLE,legacy bundle plus MODEL_INDEX aggregate metadata,no immutable exact-gamePk input manifest bound to artifact
artifacts/mlb_models_bundle/archive/runs_scored/runs_scored-20250817T012726Z.joblib,1298,MODEL_BINARY,INPUT_MEMBERSHIP_UNPROVABLE,legacy bundle plus MODEL_INDEX aggregate metadata,no immutable exact-gamePk input manifest bound to artifact
artifacts/mlb_models_bundle/archive/singles/singles-20250817T012726Z.joblib,1294,MODEL_BINARY,INPUT_MEMBERSHIP_UNPROVABLE,legacy bundle plus MODEL_INDEX aggregate metadata,no immutable exact-gamePk input manifest bound to artifact
artifacts/mlb_models_bundle/archive/stolen_bases/stolen_bases-20250817T012727Z.joblib,1267,MODEL_BINARY,INPUT_MEMBERSHIP_UNPROVABLE,legacy bundle plus MODEL_INDEX aggregate metadata,no immutable exact-gamePk input manifest bound to artifact
artifacts/mlb_models_bundle/archive/strikeouts_batting/strikeouts_batting-20250817T012727Z.joblib,1301,MODEL_BINARY,INPUT_MEMBERSHIP_UNPROVABLE,legacy bundle plus MODEL_INDEX aggregate metadata,no immutable exact-gamePk input manifest bound to artifact
artifacts/mlb_models_bundle/archive/strikeouts_pitching/strikeouts_pitching-20250817T012728Z.joblib,1303,MODEL_BINARY,INPUT_MEMBERSHIP_UNPROVABLE,legacy bundle plus MODEL_INDEX aggregate metadata,no immutable exact-gamePk input manifest bound to artifact
artifacts/mlb_models_bundle/archive/total_bases/total_bases-20250817T012729Z.joblib,1297,MODEL_BINARY,INPUT_MEMBERSHIP_UNPROVABLE,legacy bundle plus MODEL_INDEX aggregate metadata,no immutable exact-gamePk input manifest bound to artifact
artifacts/mlb_models_bundle/archive/triples/triples-20250817T012218Z.joblib,1268,MODEL_BINARY,INPUT_MEMBERSHIP_UNPROVABLE,legacy bundle plus MODEL_INDEX aggregate metadata,no immutable exact-gamePk input manifest bound to artifact
artifacts/mlb_models_bundle/archive/triples/triples-20250817T012729Z.joblib,1268,MODEL_BINARY,INPUT_MEMBERSHIP_UNPROVABLE,legacy bundle plus MODEL_INDEX aggregate metadata,no immutable exact-gamePk input manifest bound to artifact
artifacts/mlb_models_bundle/archive/walks/walks-20250817T012730Z.joblib,1289,MODEL_BINARY,INPUT_MEMBERSHIP_UNPROVABLE,legacy bundle plus MODEL_INDEX aggregate metadata,no immutable exact-gamePk input manifest bound to artifact
artifacts/mlb_models_bundle/archive/walks_allowed/walks_allowed-20250817T012730Z.joblib,1302,MODEL_BINARY,INPUT_MEMBERSHIP_UNPROVABLE,legacy bundle plus MODEL_INDEX aggregate metadata,no immutable exact-gamePk input manifest bound to artifact
artifacts/mlb_models_bundle/latest/doubles.joblib,1267,MODEL_BINARY,INPUT_MEMBERSHIP_UNPROVABLE,legacy bundle plus MODEL_INDEX aggregate metadata,no immutable exact-gamePk input manifest bound to artifact
artifacts/mlb_models_bundle/latest/earned_runs.joblib,1301,MODEL_BINARY,INPUT_MEMBERSHIP_UNPROVABLE,legacy bundle plus MODEL_INDEX aggregate metadata,no immutable exact-gamePk input manifest bound to artifact
artifacts/mlb_models_bundle/latest/hits.joblib,1290,MODEL_BINARY,INPUT_MEMBERSHIP_UNPROVABLE,legacy bundle plus MODEL_INDEX aggregate metadata,no immutable exact-gamePk input manifest bound to artifact
artifacts/mlb_models_bundle/latest/hits_allowed.joblib,1301,MODEL_BINARY,INPUT_MEMBERSHIP_UNPROVABLE,legacy bundle plus MODEL_INDEX aggregate metadata,no immutable exact-gamePk input manifest bound to artifact
artifacts/mlb_models_bundle/latest/hits_runs_rbis.joblib,1302,MODEL_BINARY,INPUT_MEMBERSHIP_UNPROVABLE,legacy bundle plus MODEL_INDEX aggregate metadata,no immutable exact-gamePk input manifest bound to artifact
artifacts/mlb_models_bundle/latest/home_runs.joblib,1277,MODEL_BINARY,INPUT_MEMBERSHIP_UNPROVABLE,legacy bundle plus MODEL_INDEX aggregate metadata,no immutable exact-gamePk input manifest bound to artifact
artifacts/mlb_models_bundle/latest/outs_recorded.joblib,1287,MODEL_BINARY,INPUT_MEMBERSHIP_UNPROVABLE,legacy bundle plus MODEL_INDEX aggregate metadata,no immutable exact-gamePk input manifest bound to artifact
artifacts/mlb_models_bundle/latest/rbis.joblib,1293,MODEL_BINARY,INPUT_MEMBERSHIP_UNPROVABLE,legacy bundle plus MODEL_INDEX aggregate metadata,no immutable exact-gamePk input manifest bound to artifact
artifacts/mlb_models_bundle/latest/runs_rbis.joblib,1285,MODEL_BINARY,INPUT_MEMBERSHIP_UNPROVABLE,legacy bundle plus MODEL_INDEX aggregate metadata,no immutable exact-gamePk input manifest bound to artifact
artifacts/mlb_models_bundle/latest/runs_scored.joblib,1298,MODEL_BINARY,INPUT_MEMBERSHIP_UNPROVABLE,legacy bundle plus MODEL_INDEX aggregate metadata,no immutable exact-gamePk input manifest bound to artifact
artifacts/mlb_models_bundle/latest/singles.joblib,1294,MODEL_BINARY,INPUT_MEMBERSHIP_UNPROVABLE,legacy bundle plus MODEL_INDEX aggregate metadata,no immutable exact-gamePk input manifest bound to artifact
artifacts/mlb_models_bundle/latest/stolen_bases.joblib,1267,MODEL_BINARY,INPUT_MEMBERSHIP_UNPROVABLE,legacy bundle plus MODEL_INDEX aggregate metadata,no immutable exact-gamePk input manifest bound to artifact
artifacts/mlb_models_bundle/latest/strikeouts_batting.joblib,1301,MODEL_BINARY,INPUT_MEMBERSHIP_UNPROVABLE,legacy bundle plus MODEL_INDEX aggregate metadata,no immutable exact-gamePk input manifest bound to artifact
artifacts/mlb_models_bundle/latest/strikeouts_pitching.joblib,1303,MODEL_BINARY,INPUT_MEMBERSHIP_UNPROVABLE,legacy bundle plus MODEL_INDEX aggregate metadata,no immutable exact-gamePk input manifest bound to artifact
artifacts/mlb_models_bundle/latest/total_bases.joblib,1297,MODEL_BINARY,INPUT_MEMBERSHIP_UNPROVABLE,legacy bundle plus MODEL_INDEX aggregate metadata,no immutable exact-gamePk input manifest bound to artifact
artifacts/mlb_models_bundle/latest/triples.joblib,1268,MODEL_BINARY,INPUT_MEMBERSHIP_UNPROVABLE,legacy bundle plus MODEL_INDEX aggregate metadata,no immutable exact-gamePk input manifest bound to artifact
artifacts/mlb_models_bundle/latest/walks.joblib,1289,MODEL_BINARY,INPUT_MEMBERSHIP_UNPROVABLE,legacy bundle plus MODEL_INDEX aggregate metadata,no immutable exact-gamePk input manifest bound to artifact
artifacts/mlb_models_bundle/latest/walks_allowed.joblib,1302,MODEL_BINARY,INPUT_MEMBERSHIP_UNPROVABLE,legacy bundle plus MODEL_INDEX aggregate metadata,no immutable exact-gamePk input manifest bound to artifact
backend/mlb/exports/model_v2/ranking/hits_residual_ranker.joblib,989409,MODEL_BINARY,RECONSTRUCTABLE_BUT_UNBOUND,229610-row retained exact-game-id feature audit and training diagnostics,input/model not bound by immutable run manifest; current authority does not cover 2024-2025
artifacts/analysis/model_development/mlb_cc_0001_execution_2026-07-10/model_artifacts/mlb_cc_0001_control.joblib,4879,RESEARCH_MODEL_BINARY,INPUT_MEMBERSHIP_UNPROVABLE,retained research artifact with heterogeneous nearby evidence,no immutable run binding proves exact authoritative regular-season input membership
artifacts/analysis/model_development/mlb_cc_0001_execution_2026-07-10/model_artifacts/mlb_cc_0001_pa_challenger.joblib,5003,RESEARCH_MODEL_BINARY,INPUT_MEMBERSHIP_UNPROVABLE,retained research artifact with heterogeneous nearby evidence,no immutable run binding proves exact authoritative regular-season input membership
artifacts/analysis/model_development/mlb_cc_0001_prepared_vector_reconstruction/2026-07-10/model_replay_dirs/hits_20260611/latest/hits.joblib,139716284,RESEARCH_MODEL_BINARY,INPUT_MEMBERSHIP_UNPROVABLE,retained research artifact with heterogeneous nearby evidence,no immutable run binding proves exact authoritative regular-season input membership
artifacts/analysis/model_development/mlb_cc_0001_prepared_vector_reconstruction/2026-07-10/model_replay_dirs/hits_20260709/latest/hits.joblib,164348163,RESEARCH_MODEL_BINARY,INPUT_MEMBERSHIP_UNPROVABLE,retained research artifact with heterogeneous nearby evidence,no immutable run binding proves exact authoritative regular-season input membership
artifacts/analysis/model_development/mlb_collective_bundle_v1_bounded_offline_process_validation/2026-07-13/deterministic_replay/fitted_artifacts/variant_a/variant_a_logistic_regression_NON_PRODUCTION_PROCESS_VALIDATION.joblib,1083,RESEARCH_MODEL_BINARY,INPUT_MEMBERSHIP_UNPROVABLE,retained research artifact with heterogeneous nearby evidence,no immutable run binding proves exact authoritative regular-season input membership
artifacts/analysis/model_development/mlb_collective_bundle_v1_bounded_offline_process_validation/2026-07-13/deterministic_replay/fitted_artifacts/variant_a/variant_a_preprocessing_state.pkl,408,RESEARCH_MODEL_BINARY,INPUT_MEMBERSHIP_UNPROVABLE,retained research artifact with heterogeneous nearby evidence,no immutable run binding proves exact authoritative regular-season input membership
artifacts/analysis/model_development/mlb_collective_bundle_v1_bounded_offline_process_validation/2026-07-13/deterministic_replay/fitted_artifacts/variant_a/variant_a_preprocessor_NON_PRODUCTION_PROCESS_VALIDATION.joblib,5859,RESEARCH_MODEL_BINARY,INPUT_MEMBERSHIP_UNPROVABLE,retained research artifact with heterogeneous nearby evidence,no immutable run binding proves exact authoritative regular-season input membership
artifacts/analysis/model_development/mlb_collective_bundle_v1_bounded_offline_process_validation/2026-07-13/deterministic_replay/fitted_artifacts/variant_d/variant_d_logistic_regression_NON_PRODUCTION_PROCESS_VALIDATION.joblib,971,RESEARCH_MODEL_BINARY,INPUT_MEMBERSHIP_UNPROVABLE,retained research artifact with heterogeneous nearby evidence,no immutable run binding proves exact authoritative regular-season input membership
artifacts/analysis/model_development/mlb_collective_bundle_v1_bounded_offline_process_validation/2026-07-13/deterministic_replay/fitted_artifacts/variant_d/variant_d_preprocessing_state.pkl,294,RESEARCH_MODEL_BINARY,INPUT_MEMBERSHIP_UNPROVABLE,retained research artifact with heterogeneous nearby evidence,no immutable run binding proves exact authoritative regular-season input membership
artifacts/analysis/model_development/mlb_collective_bundle_v1_bounded_offline_process_validation/2026-07-13/deterministic_replay/fitted_artifacts/variant_d/variant_d_preprocessor_NON_PRODUCTION_PROCESS_VALIDATION.joblib,4450,RESEARCH_MODEL_BINARY,INPUT_MEMBERSHIP_UNPROVABLE,retained research artifact with heterogeneous nearby evidence,no immutable run binding proves exact authoritative regular-season input membership
artifacts/analysis/model_development/mlb_collective_bundle_v1_bounded_offline_process_validation/2026-07-13/fitted_artifacts/variant_a/variant_a_logistic_regression_NON_PRODUCTION_PROCESS_VALIDATION.joblib,1083,RESEARCH_MODEL_BINARY,INPUT_MEMBERSHIP_UNPROVABLE,retained research artifact with heterogeneous nearby evidence,no immutable run binding proves exact authoritative regular-season input membership
artifacts/analysis/model_development/mlb_collective_bundle_v1_bounded_offline_process_validation/2026-07-13/fitted_artifacts/variant_a/variant_a_preprocessing_state.pkl,408,RESEARCH_MODEL_BINARY,INPUT_MEMBERSHIP_UNPROVABLE,retained research artifact with heterogeneous nearby evidence,no immutable run binding proves exact authoritative regular-season input membership
artifacts/analysis/model_development/mlb_collective_bundle_v1_bounded_offline_process_validation/2026-07-13/fitted_artifacts/variant_a/variant_a_preprocessor_NON_PRODUCTION_PROCESS_VALIDATION.joblib,5859,RESEARCH_MODEL_BINARY,INPUT_MEMBERSHIP_UNPROVABLE,retained research artifact with heterogeneous nearby evidence,no immutable run binding proves exact authoritative regular-season input membership
artifacts/analysis/model_development/mlb_collective_bundle_v1_bounded_offline_process_validation/2026-07-13/fitted_artifacts/variant_d/variant_d_logistic_regression_NON_PRODUCTION_PROCESS_VALIDATION.joblib,971,RESEARCH_MODEL_BINARY,INPUT_MEMBERSHIP_UNPROVABLE,retained research artifact with heterogeneous nearby evidence,no immutable run binding proves exact authoritative regular-season input membership
artifacts/analysis/model_development/mlb_collective_bundle_v1_bounded_offline_process_validation/2026-07-13/fitted_artifacts/variant_d/variant_d_preprocessing_state.pkl,294,RESEARCH_MODEL_BINARY,INPUT_MEMBERSHIP_UNPROVABLE,retained research artifact with heterogeneous nearby evidence,no immutable run binding proves exact authoritative regular-season input membership
artifacts/analysis/model_development/mlb_collective_bundle_v1_bounded_offline_process_validation/2026-07-13/fitted_artifacts/variant_d/variant_d_preprocessor_NON_PRODUCTION_PROCESS_VALIDATION.joblib,4450,RESEARCH_MODEL_BINARY,INPUT_MEMBERSHIP_UNPROVABLE,retained research artifact with heterogeneous nearby evidence,no immutable run binding proves exact authoritative regular-season input membership
artifacts/analysis/model_development/mlb_dh_forward_scorer_passage_2d1/2026-08-04/immutable_forward_scorer.joblib,25024,RESEARCH_MODEL_BINARY,INPUT_MEMBERSHIP_UNPROVABLE,retained research artifact with heterogeneous nearby evidence,no immutable run binding proves exact authoritative regular-season input membership
artifacts/analysis/model_development/mlb_historical_bundle_no_promotion_training_dry_run/2026-07-13/model_artifacts/variant_a_process_validation_model_2026-07-13.joblib,63932,RESEARCH_MODEL_BINARY,INPUT_MEMBERSHIP_UNPROVABLE,retained research artifact with heterogeneous nearby evidence,no immutable run binding proves exact authoritative regular-season input membership
artifacts/analysis/model_development/mlb_historical_bundle_no_promotion_training_dry_run/2026-07-13/model_artifacts/variant_b_process_validation_model_2026-07-13.joblib,65124,RESEARCH_MODEL_BINARY,INPUT_MEMBERSHIP_UNPROVABLE,retained research artifact with heterogeneous nearby evidence,no immutable run binding proves exact authoritative regular-season input membership
artifacts/analysis/model_development/mlb_historical_bundle_no_promotion_training_dry_run/2026-07-13/model_artifacts/variant_c_process_validation_model_2026-07-13.joblib,67881,RESEARCH_MODEL_BINARY,INPUT_MEMBERSHIP_UNPROVABLE,retained research artifact with heterogeneous nearby evidence,no immutable run binding proves exact authoritative regular-season input membership
artifacts/analysis/model_development/mlb_historical_bundle_no_promotion_training_dry_run/2026-07-13/model_artifacts/variant_d_process_validation_model_2026-07-13.joblib,61189,RESEARCH_MODEL_BINARY,INPUT_MEMBERSHIP_UNPROVABLE,retained research artifact with heterogeneous nearby evidence,no immutable run binding proves exact authoritative regular-season input membership
artifacts/analysis/model_development/mlb_historical_selected_proposition_abd_no_promotion_training_dry_run/2026-07-14/model_artifacts/variant_a_process_validation_model_2026-07-14.joblib,26650,RESEARCH_MODEL_BINARY,INPUT_MEMBERSHIP_UNPROVABLE,retained research artifact with heterogeneous nearby evidence,no immutable run binding proves exact authoritative regular-season input membership
artifacts/analysis/model_development/mlb_historical_selected_proposition_abd_no_promotion_training_dry_run/2026-07-14/model_artifacts/variant_b_process_validation_model_2026-07-14.joblib,27618,RESEARCH_MODEL_BINARY,INPUT_MEMBERSHIP_UNPROVABLE,retained research artifact with heterogeneous nearby evidence,no immutable run binding proves exact authoritative regular-season input membership
artifacts/analysis/model_development/mlb_historical_selected_proposition_abd_no_promotion_training_dry_run/2026-07-14/model_artifacts/variant_d_process_validation_model_2026-07-14.joblib,24067,RESEARCH_MODEL_BINARY,INPUT_MEMBERSHIP_UNPROVABLE,retained research artifact with heterogeneous nearby evidence,no immutable run binding proves exact authoritative regular-season input membership
artifacts/analysis/model_development/mlb_hits05_2026_first_principles_season_rebuild_v1/2026-08-14/fitted_models/FIT_20260325.joblib,120620908,RESEARCH_MODEL_BINARY,INPUT_MEMBERSHIP_UNPROVABLE,retained research artifact with heterogeneous nearby evidence,no immutable run binding proves exact authoritative regular-season input membership
artifacts/analysis/model_development/mlb_hits05_2026_first_principles_season_rebuild_v1/2026-08-14/fitted_models/FIT_20260330.joblib,127775338,RESEARCH_MODEL_BINARY,INPUT_MEMBERSHIP_UNPROVABLE,retained research artifact with heterogeneous nearby evidence,no immutable run binding proves exact authoritative regular-season input membership
artifacts/analysis/model_development/mlb_hits05_2026_first_principles_season_rebuild_v1/2026-08-14/fitted_models/FIT_20260406.joblib,129415414,RESEARCH_MODEL_BINARY,INPUT_MEMBERSHIP_UNPROVABLE,retained research artifact with heterogeneous nearby evidence,no immutable run binding proves exact authoritative regular-season input membership
artifacts/analysis/model_development/mlb_hits05_2026_first_principles_season_rebuild_v1/2026-08-14/fitted_models/FIT_20260413.joblib,137763838,RESEARCH_MODEL_BINARY,INPUT_MEMBERSHIP_UNPROVABLE,retained research artifact with heterogeneous nearby evidence,no immutable run binding proves exact authoritative regular-season input membership
artifacts/analysis/model_development/mlb_hits05_2026_first_principles_season_rebuild_v1/2026-08-14/fitted_models/FIT_20260420.joblib,142875525,RESEARCH_MODEL_BINARY,INPUT_MEMBERSHIP_UNPROVABLE,retained research artifact with heterogeneous nearby evidence,no immutable run binding proves exact authoritative regular-season input membership
artifacts/analysis/model_development/mlb_hits05_2026_first_principles_season_rebuild_v1/2026-08-14/fitted_models/FIT_20260427.joblib,151169630,RESEARCH_MODEL_BINARY,INPUT_MEMBERSHIP_UNPROVABLE,retained research artifact with heterogeneous nearby evidence,no immutable run binding proves exact authoritative regular-season input membership
artifacts/analysis/model_development/mlb_hits05_2026_first_principles_season_rebuild_v1/2026-08-14/fitted_models/FIT_20260504.joblib,152204003,RESEARCH_MODEL_BINARY,INPUT_MEMBERSHIP_UNPROVABLE,retained research artifact with heterogeneous nearby evidence,no immutable run binding proves exact authoritative regular-season input membership
artifacts/analysis/model_development/mlb_hits05_2026_first_principles_season_rebuild_v1/2026-08-14/fitted_models/FIT_20260511.joblib,160085470,RESEARCH_MODEL_BINARY,INPUT_MEMBERSHIP_UNPROVABLE,retained research artifact with heterogeneous nearby evidence,no immutable run binding proves exact authoritative regular-season input membership
artifacts/analysis/model_development/mlb_hits05_2026_first_principles_season_rebuild_v1/2026-08-14/fitted_models/FIT_20260518.joblib,165680156,RESEARCH_MODEL_BINARY,INPUT_MEMBERSHIP_UNPROVABLE,retained research artifact with heterogeneous nearby evidence,no immutable run binding proves exact authoritative regular-season input membership
artifacts/analysis/model_development/mlb_hits05_2026_first_principles_season_rebuild_v1/2026-08-14/fitted_models/FIT_20260525.joblib,168498845,RESEARCH_MODEL_BINARY,INPUT_MEMBERSHIP_UNPROVABLE,retained research artifact with heterogeneous nearby evidence,no immutable run binding proves exact authoritative regular-season input membership
artifacts/analysis/model_development/mlb_hits05_2026_first_principles_season_rebuild_v1/2026-08-14/fitted_models/FIT_20260601.joblib,175413943,RESEARCH_MODEL_BINARY,INPUT_MEMBERSHIP_UNPROVABLE,retained research artifact with heterogeneous nearby evidence,no immutable run binding proves exact authoritative regular-season input membership
artifacts/analysis/model_development/mlb_hits05_2026_first_principles_season_rebuild_v1/2026-08-14/fitted_models/FIT_20260608.joblib,181645118,RESEARCH_MODEL_BINARY,INPUT_MEMBERSHIP_UNPROVABLE,retained research artifact with heterogeneous nearby evidence,no immutable run binding proves exact authoritative regular-season input membership
artifacts/analysis/model_development/mlb_hits05_2026_first_principles_season_rebuild_v1/2026-08-14/fitted_models/FIT_20260615.joblib,187007791,RESEARCH_MODEL_BINARY,INPUT_MEMBERSHIP_UNPROVABLE,retained research artifact with heterogeneous nearby evidence,no immutable run binding proves exact authoritative regular-season input membership
artifacts/analysis/model_development/mlb_hits05_2026_first_principles_season_rebuild_v1/2026-08-14/fitted_models/FIT_20260622.joblib,185504358,RESEARCH_MODEL_BINARY,INPUT_MEMBERSHIP_UNPROVABLE,retained research artifact with heterogeneous nearby evidence,no immutable run binding proves exact authoritative regular-season input membership
artifacts/analysis/model_development/mlb_hits05_2026_first_principles_season_rebuild_v1/2026-08-14/fitted_models/FIT_20260629.joblib,199958540,RESEARCH_MODEL_BINARY,INPUT_MEMBERSHIP_UNPROVABLE,retained research artifact with heterogeneous nearby evidence,no immutable run binding proves exact authoritative regular-season input membership
artifacts/analysis/model_development/mlb_hits05_2026_first_principles_season_rebuild_v1/2026-08-14/fitted_models/FIT_20260706.joblib,201750068,RESEARCH_MODEL_BINARY,INPUT_MEMBERSHIP_UNPROVABLE,retained research artifact with heterogeneous nearby evidence,no immutable run binding proves exact authoritative regular-season input membership
artifacts/analysis/model_development/mlb_hits05_2026_first_principles_season_rebuild_v1/2026-08-14/fitted_models/FIT_20260720.joblib,211469569,RESEARCH_MODEL_BINARY,INPUT_MEMBERSHIP_UNPROVABLE,retained research artifact with heterogeneous nearby evidence,no immutable run binding proves exact authoritative regular-season input membership
artifacts/analysis/model_development/mlb_hits05_2026_first_principles_season_rebuild_v1/2026-08-14/fitted_models/FIT_20260727.joblib,217206412,RESEARCH_MODEL_BINARY,INPUT_MEMBERSHIP_UNPROVABLE,retained research artifact with heterogeneous nearby evidence,no immutable run binding proves exact authoritative regular-season input membership
artifacts/analysis/model_development/mlb_hits05_2026_first_principles_season_rebuild_v1/2026-08-14/fitted_models/FIT_20260803.joblib,222785270,RESEARCH_MODEL_BINARY,INPUT_MEMBERSHIP_UNPROVABLE,retained research artifact with heterogeneous nearby evidence,no immutable run binding proves exact authoritative regular-season input membership
artifacts/analysis/model_development/mlb_hits05_2026_first_principles_season_rebuild_v1/2026-08-14/fitted_models/FIT_20260810.joblib,225855057,RESEARCH_MODEL_BINARY,INPUT_MEMBERSHIP_UNPROVABLE,retained research artifact with heterogeneous nearby evidence,no immutable run binding proves exact authoritative regular-season input membership
artifacts/analysis/model_development/mlb_hits05_event_process_architecture_v1/2026-07-21/hit_b_per_pa_hit_component.joblib,2609,RESEARCH_MODEL_BINARY,INPUT_MEMBERSHIP_UNPROVABLE,retained research artifact with heterogeneous nearby evidence,no immutable run binding proves exact authoritative regular-season input membership
artifacts/analysis/model_development/mlb_hits05_event_process_architecture_v1/2026-07-21/hit_c_per_pa_hit_component.joblib,3377,RESEARCH_MODEL_BINARY,INPUT_MEMBERSHIP_UNPROVABLE,retained research artifact with heterogeneous nearby evidence,no immutable run binding proves exact authoritative regular-season input membership
artifacts/analysis/model_development/mlb_hits05_event_process_architecture_v1/2026-07-21/hit_e_per_pa_hit_component.joblib,3777,RESEARCH_MODEL_BINARY,INPUT_MEMBERSHIP_UNPROVABLE,retained research artifact with heterogeneous nearby evidence,no immutable run binding proves exact authoritative regular-season input membership
artifacts/analysis/model_development/mlb_hits05_event_process_architecture_v1/2026-07-21/pa_distribution_component.joblib,3521,RESEARCH_MODEL_BINARY,INPUT_MEMBERSHIP_UNPROVABLE,retained research artifact with heterogeneous nearby evidence,no immutable run binding proves exact authoritative regular-season input membership
artifacts/analysis/model_development/mlb_hits05_event_process_architecture_v2/2026-07-21/event_process_v2_specification.joblib,1091,RESEARCH_MODEL_BINARY,INPUT_MEMBERSHIP_UNPROVABLE,retained research artifact with heterogeneous nearby evidence,no immutable run binding proves exact authoritative regular-season input membership
artifacts/analysis/model_development/mlb_hits05_full_spine_replacement_candidate/2026-07-19/HITS05_FULL_SPINE_O05_CALIBRATOR_RESEARCH_ONLY.joblib,1197,RESEARCH_MODEL_BINARY,INPUT_MEMBERSHIP_UNPROVABLE,retained research artifact with heterogeneous nearby evidence,no immutable run binding proves exact authoritative regular-season input membership
artifacts/analysis/model_development/mlb_hits05_full_spine_replacement_candidate/2026-07-19/HITS05_FULL_SPINE_REPLACEMENT_CANDIDATE_RESEARCH_ONLY.joblib,12131,RESEARCH_MODEL_BINARY,INPUT_MEMBERSHIP_UNPROVABLE,retained research artifact with heterogeneous nearby evidence,no immutable run binding proves exact authoritative regular-season input membership
artifacts/analysis/model_development/mlb_hits_15_direct_pa_champion_challenger_pilot/2026-07-17/research_only_model_artifacts/research_only_control_process_logistic_2026-07-17.joblib,1969,RESEARCH_MODEL_BINARY,INPUT_MEMBERSHIP_UNPROVABLE,retained research artifact with heterogeneous nearby evidence,no immutable run binding proves exact authoritative regular-season input membership
artifacts/analysis/model_development/mlb_hits_15_direct_pa_champion_challenger_pilot/2026-07-17/research_only_model_artifacts/research_only_pa_challenger_logistic_2026-07-17.joblib,6762,RESEARCH_MODEL_BINARY,INPUT_MEMBERSHIP_UNPROVABLE,retained research artifact with heterogeneous nearby evidence,no immutable run binding proves exact authoritative regular-season input membership
artifacts/analysis/model_development/mlb_hits_full_nonmarket_spine_model_reconstruction/2026-07-19/candidate_a_poisson_count_research_only.joblib,10331,RESEARCH_MODEL_BINARY,INPUT_MEMBERSHIP_UNPROVABLE,retained research artifact with heterogeneous nearby evidence,no immutable run binding proves exact authoritative regular-season input membership
artifacts/analysis/model_development/mlb_hits_full_nonmarket_spine_model_reconstruction/2026-07-19/candidate_b_overdispersed_count_research_only.joblib,10345,RESEARCH_MODEL_BINARY,INPUT_MEMBERSHIP_UNPROVABLE,retained research artifact with heterogeneous nearby evidence,no immutable run binding proves exact authoritative regular-season input membership
artifacts/analysis/model_development/mlb_hits_full_nonmarket_spine_model_reconstruction/2026-07-19/candidate_c_ordinal_cumulative_research_only.joblib,25444,RESEARCH_MODEL_BINARY,INPUT_MEMBERSHIP_UNPROVABLE,retained research artifact with heterogeneous nearby evidence,no immutable run binding proves exact authoritative regular-season input membership
artifacts/analysis/model_development/mlb_hits_full_nonmarket_spine_model_reconstruction/2026-07-19/candidate_d_fixed_multiclass_research_only.joblib,11627,RESEARCH_MODEL_BINARY,INPUT_MEMBERSHIP_UNPROVABLE,retained research artifact with heterogeneous nearby evidence,no immutable run binding proves exact authoritative regular-season input membership
artifacts/analysis/model_development/mlb_hits_market_independent_reconstruction/2026-07-18/candidate_a_multiclass_hgb_artifact.joblib,2303611,RESEARCH_MODEL_BINARY,INPUT_MEMBERSHIP_UNPROVABLE,retained research artifact with heterogeneous nearby evidence,no immutable run binding proves exact authoritative regular-season input membership
artifacts/analysis/model_development/mlb_hits_market_independent_reconstruction/2026-07-18/candidate_b_ordinal_hgb_artifact.joblib,1797084,RESEARCH_MODEL_BINARY,INPUT_MEMBERSHIP_UNPROVABLE,retained research artifact with heterogeneous nearby evidence,no immutable run binding proves exact authoritative regular-season input membership
artifacts/analysis/model_development/mlb_hits_market_independent_reconstruction/2026-07-18/candidate_c_poisson_artifact.joblib,15061,RESEARCH_MODEL_BINARY,INPUT_MEMBERSHIP_UNPROVABLE,retained research artifact with heterogeneous nearby evidence,no immutable run binding proves exact authoritative regular-season input membership
artifacts/analysis/model_development/mlb_hits_production_model_reconstruction/2026-07-18/HITS_REBUILD_V1_O05_artifact.joblib,690923,RESEARCH_MODEL_BINARY,INPUT_MEMBERSHIP_UNPROVABLE,retained research artifact with heterogeneous nearby evidence,no immutable run binding proves exact authoritative regular-season input membership
artifacts/analysis/model_development/mlb_hits_production_model_reconstruction/2026-07-18/HITS_REBUILD_V1_O15_BASEBALL_ONLY_artifact.joblib,166539,RESEARCH_MODEL_BINARY,INPUT_MEMBERSHIP_UNPROVABLE,retained research artifact with heterogeneous nearby evidence,no immutable run binding proves exact authoritative regular-season input membership
artifacts/analysis/model_development/mlb_hits_production_model_reconstruction/2026-07-18/HITS_REBUILD_V1_O15_MARKET_ANCHORED_artifact.joblib,170907,RESEARCH_MODEL_BINARY,INPUT_MEMBERSHIP_UNPROVABLE,retained research artifact with heterogeneous nearby evidence,no immutable run binding proves exact authoritative regular-season input membership
artifacts/analysis/model_development/mlb_hits_total_bases_research_archive/total_bases/tb15/ubo5/mlb_ubo5_total_bases_15_production_activation/2026-07-23/fault_fixture_bad_feature_order.joblib,7127,RESEARCH_MODEL_BINARY,INPUT_MEMBERSHIP_UNPROVABLE,retained research artifact with heterogeneous nearby evidence,no immutable run binding proves exact authoritative regular-season input membership
artifacts/analysis/model_development/mlb_hits_total_bases_research_archive/total_bases/tb15/ubo5/mlb_ubo5_total_bases_15_production_activation/2026-07-23/fault_fixture_invalid_probability.joblib,752,RESEARCH_MODEL_BINARY,INPUT_MEMBERSHIP_UNPROVABLE,retained research artifact with heterogeneous nearby evidence,no immutable run binding proves exact authoritative regular-season input membership
artifacts/analysis/model_development/mlb_ubo5_total_bases_15_artifact_live_contract_recovery/2026-07-23/original_ubo5_total_bases_multinomial.joblib,4798,RESEARCH_MODEL_BINARY,INPUT_MEMBERSHIP_UNPROVABLE,retained research artifact with heterogeneous nearby evidence,no immutable run binding proves exact authoritative regular-season input membership
artifacts/analysis/model_development/mlb_unified_batter_outcome_v1_coherent_revision/2026-07-23/final_artifacts/coherent_terminal_model.joblib,7177,RESEARCH_MODEL_BINARY,INPUT_MEMBERSHIP_UNPROVABLE,retained research artifact with heterogeneous nearby evidence,no immutable run binding proves exact authoritative regular-season input membership
artifacts/analysis/model_development/mlb_unified_batter_outcome_v1_coherent_revision/2026-07-23/final_artifacts/pa_opportunity_model.joblib,2825,RESEARCH_MODEL_BINARY,INPUT_MEMBERSHIP_UNPROVABLE,retained research artifact with heterogeneous nearby evidence,no immutable run binding proves exact authoritative regular-season input membership
artifacts/analysis/model_development/mlb_unified_batter_outcome_v1_coherent_revision/2026-07-23/stage_a_freeze/selected_pa_model_stage_a.joblib,2825,RESEARCH_MODEL_BINARY,INPUT_MEMBERSHIP_UNPROVABLE,retained research artifact with heterogeneous nearby evidence,no immutable run binding proves exact authoritative regular-season input membership
artifacts/analysis/model_development/mlb_unified_batter_outcome_v1_coherent_revision/2026-07-23/stage_a_freeze/selected_terminal_model_stage_a.joblib,7177,RESEARCH_MODEL_BINARY,INPUT_MEMBERSHIP_UNPROVABLE,retained research artifact with heterogeneous nearby evidence,no immutable run binding proves exact authoritative regular-season input membership
tmp/mlb_base_vs_market_rows_anybook_full.csv,26563809,RESULT_INPUT_ARTIFACT,RECONSTRUCTABLE_BUT_UNBOUND,retained exact gamePk predictions outcomes prices and source hash,regular-only derivative not yet created or bound
tmp/mlb_base_vs_market_rows_anybook_one_sided_rows.csv,185680148,RESULT_INPUT_ARTIFACT,RECONSTRUCTABLE_BUT_UNBOUND,retained exact gamePk predictions outcomes prices and source hash,regular-only derivative not yet created or bound
artifacts/analysis/model_development/mlb_hits_standalone_prediction_evidence_review_stage1/2026-08-14/frozen_hits_review_population.csv,3037636,RESULT_INPUT_ARTIFACT,PROVEN_REGULAR_INPUT,7564 rows and 651 gamePks bound to verified authority in frozen pilot,classification applies only to frozen tested cohort
backend/mlb/config/semantic_models/manifests/MLB_HITS_SEMANTIC_V1_2e7377b2cdcb.json,5429,SEMANTIC_REGISTRATION,INPUT_MEMBERSHIP_UNPROVABLE,model artifact hash code commit feature schema and prospective registration,registration explicitly says historical input not recovered; no exact training population
backend/mlb/config/semantic_models/manifests/MLB_STRIKEOUTS_PITCHING_SEMANTIC_V1_a3ee2428e5d0.json,3958,SEMANTIC_REGISTRATION,INPUT_MEMBERSHIP_UNPROVABLE,model artifact hash code commit feature schema and prospective registration,registration explicitly says historical input not recovered; no exact training population
backend/mlb/config/semantic_models/manifests/MLB_TOTAL_BASES_SEMANTIC_V1_b6cdb5379aa9.json,6606,SEMANTIC_REGISTRATION,INPUT_MEMBERSHIP_UNPROVABLE,model artifact hash code commit feature schema and prospective registration,registration explicitly says historical input not recovered; no exact training population
