slate_date,game_pk,player_mlb_id,player,governing_capture,market_timestamp,settlement_side,final_odds,outcome,risk,gross_winning_profit,net_result,decision
2026-07-29,822702,543807,George Springer,cleanroom_20260729T162627Z,2026-07-29T16:25:51+00:00,Over,112,LOSS,5.00,0,-5.0,SETTLEMENT_CERTIFIED
2026-07-29,822702,543807,George Springer,cleanroom_20260729T162627Z,2026-07-29T16:25:51+00:00,Under,-145,WIN,5.00,3.4482758620689653,3.4482758620689653,SETTLEMENT_CERTIFIED
2026-07-29,822702,649966,Luis Urías,cleanroom_20260729T135332Z,2026-07-29T13:53:53+00:00,Over,190,LOSS,5.00,,,NO_ACTION
2026-07-29,822702,649966,Luis Urías,cleanroom_20260729T135332Z,2026-07-29T13:53:53+00:00,Under,-256,WIN,5.00,,,NO_ACTION
2026-07-29,822702,660688,Keibert Ruiz,cleanroom_20260729T135332Z,2026-07-29T13:53:53+00:00,Over,171,LOSS,5.00,,,NO_ACTION
2026-07-29,822702,660688,Keibert Ruiz,cleanroom_20260729T135332Z,2026-07-29T13:53:53+00:00,Under,-227,WIN,5.00,,,NO_ACTION
2026-07-29,822702,662139,Daulton Varsho,cleanroom_20260729T162627Z,2026-07-29T16:25:51+00:00,Over,122,WIN,5.00,6.1,6.1,SETTLEMENT_CERTIFIED
2026-07-29,822702,662139,Daulton Varsho,cleanroom_20260729T162627Z,2026-07-29T16:25:51+00:00,Under,-159,LOSS,5.00,0,-5.0,SETTLEMENT_CERTIFIED
2026-07-29,822702,664770,Nathan Lukes,cleanroom_20260729T162627Z,2026-07-29T16:25:51+00:00,Over,109,LOSS,5.00,0,-5.0,SETTLEMENT_CERTIFIED
2026-07-29,822702,664770,Nathan Lukes,cleanroom_20260729T162627Z,2026-07-29T16:25:51+00:00,Under,-141,WIN,5.00,3.5460992907801416,3.5460992907801416,SETTLEMENT_CERTIFIED
2026-07-29,822702,665926,Andrés Giménez,cleanroom_20260729T162627Z,2026-07-29T16:25:51+00:00,Over,152,LOSS,5.00,0,-5.0,SETTLEMENT_CERTIFIED
2026-07-29,822702,665926,Andrés Giménez,cleanroom_20260729T162627Z,2026-07-29T16:25:51+00:00,Under,-200,WIN,5.00,2.5,2.5,SETTLEMENT_CERTIFIED
2026-07-29,822702,671277,Luis García Jr.,cleanroom_20260729T162627Z,2026-07-29T16:25:51+00:00,Over,110,LOSS,5.00,0,-5.0,SETTLEMENT_CERTIFIED
2026-07-29,822702,671277,Luis García Jr.,cleanroom_20260729T162627Z,2026-07-29T16:25:51+00:00,Under,-143,WIN,5.00,3.4965034965034967,3.4965034965034967,SETTLEMENT_CERTIFIED
2026-07-29,822702,672386,Alejandro Kirk,cleanroom_20260729T162627Z,2026-07-29T16:25:51+00:00,Over,136,WIN,5.00,6.8,6.8,SETTLEMENT_CERTIFIED
2026-07-29,822702,672386,Alejandro Kirk,cleanroom_20260729T162627Z,2026-07-29T16:25:51+00:00,Under,-179,LOSS,5.00,0,-5.0,SETTLEMENT_CERTIFIED
2026-07-29,822702,672960,Kazuma Okamoto,cleanroom_20260729T162627Z,2026-07-29T16:25:51+00:00,Over,107,WIN,5.00,5.35,5.35,SETTLEMENT_CERTIFIED
2026-07-29,822702,672960,Kazuma Okamoto,cleanroom_20260729T162627Z,2026-07-29T16:25:51+00:00,Under,-139,LOSS,5.00,0,-5.0,SETTLEMENT_CERTIFIED
2026-07-29,822702,676391,Ernie Clement,cleanroom_20260729T162627Z,2026-07-29T16:25:51+00:00,Over,124,WIN,5.00,6.2,6.2,SETTLEMENT_CERTIFIED
2026-07-29,822702,676391,Ernie Clement,cleanroom_20260729T162627Z,2026-07-29T16:25:51+00:00,Under,-161,LOSS,5.00,0,-5.0,SETTLEMENT_CERTIFIED
2026-07-29,822702,676914,Davis Schneider,cleanroom_20260729T162627Z,2026-07-29T16:25:51+00:00,Over,152,WIN,5.00,7.6,7.6,SETTLEMENT_CERTIFIED
2026-07-29,822702,676914,Davis Schneider,cleanroom_20260729T162627Z,2026-07-29T16:25:51+00:00,Under,-200,LOSS,5.00,0,-5.0,SETTLEMENT_CERTIFIED
2026-07-29,822702,677588,José Tena,cleanroom_20260729T135332Z,2026-07-29T13:53:53+00:00,Over,158,LOSS,5.00,0,-5.0,SETTLEMENT_CERTIFIED
2026-07-29,822702,677588,José Tena,cleanroom_20260729T135332Z,2026-07-29T13:53:53+00:00,Under,-208,WIN,5.00,2.4038461538461537,2.4038461538461537,SETTLEMENT_CERTIFIED
2026-07-29,822702,682818,Yohendrick Piñango,cleanroom_20260729T162627Z,2026-07-29T16:25:51+00:00,Over,122,WIN,5.00,6.1,6.1,SETTLEMENT_CERTIFIED
2026-07-29,822702,682818,Yohendrick Piñango,cleanroom_20260729T162627Z,2026-07-29T16:25:51+00:00,Under,-159,LOSS,5.00,0,-5.0,SETTLEMENT_CERTIFIED
2026-07-29,822702,682928,CJ Abrams,cleanroom_20260729T162627Z,2026-07-29T16:25:51+00:00,Over,122,LOSS,5.00,0,-5.0,SETTLEMENT_CERTIFIED
2026-07-29,822702,682928,CJ Abrams,cleanroom_20260729T162627Z,2026-07-29T16:25:51+00:00,Under,-159,WIN,5.00,3.1446540880503147,3.1446540880503147,SETTLEMENT_CERTIFIED
2026-07-29,822702,686611,Dylan Crews,cleanroom_20260729T135332Z,2026-07-29T13:53:53+00:00,Over,164,LOSS,5.00,,,NO_ACTION
2026-07-29,822702,686611,Dylan Crews,cleanroom_20260729T135332Z,2026-07-29T13:53:53+00:00,Under,-217,WIN,5.00,,,NO_ACTION
2026-07-29,822702,691781,Brady House,cleanroom_20260729T162627Z,2026-07-29T16:25:51+00:00,Over,149,LOSS,5.00,0,-5.0,SETTLEMENT_CERTIFIED
2026-07-29,822702,691781,Brady House,cleanroom_20260729T162627Z,2026-07-29T16:25:51+00:00,Under,-196,WIN,5.00,2.5510204081632653,2.5510204081632653,SETTLEMENT_CERTIFIED
2026-07-29,822702,695578,James Wood,cleanroom_20260729T162627Z,2026-07-29T16:25:51+00:00,Over,120,WIN,5.00,6.0,6.0,SETTLEMENT_CERTIFIED
2026-07-29,822702,695578,James Wood,cleanroom_20260729T162627Z,2026-07-29T16:25:51+00:00,Under,-156,LOSS,5.00,0,-5.0,SETTLEMENT_CERTIFIED
2026-07-29,822702,695734,Daylen Lile,cleanroom_20260729T162627Z,2026-07-29T16:25:51+00:00,Over,134,LOSS,5.00,0,-5.0,SETTLEMENT_CERTIFIED
2026-07-29,822702,695734,Daylen Lile,cleanroom_20260729T162627Z,2026-07-29T16:25:51+00:00,Under,-175,WIN,5.00,2.857142857142857,2.857142857142857,SETTLEMENT_CERTIFIED
2026-07-29,822947,607043,Brandon Nimmo,cleanroom_20260729T194916Z,2026-07-29T19:49:18+00:00,Over,155,WIN,5.00,7.75,7.75,SETTLEMENT_CERTIFIED
2026-07-29,822947,607043,Brandon Nimmo,cleanroom_20260729T194916Z,2026-07-29T19:49:18+00:00,Under,-204,LOSS,5.00,0,-5.0,SETTLEMENT_CERTIFIED
2026-07-29,822947,650490,Yandy Díaz,cleanroom_20260729T194916Z,2026-07-29T19:49:18+00:00,Over,107,WIN,5.00,5.35,5.35,SETTLEMENT_CERTIFIED
2026-07-29,822947,650490,Yandy Díaz,cleanroom_20260729T194916Z,2026-07-29T19:49:18+00:00,Under,-139,LOSS,5.00,0,-5.0,SETTLEMENT_CERTIFIED
2026-07-29,822947,666018,Jonathan Aranda,cleanroom_20260729T194916Z,2026-07-29T19:49:18+00:00,Over,146,WIN,5.00,7.3,7.3,SETTLEMENT_CERTIFIED
2026-07-29,822947,666018,Jonathan Aranda,cleanroom_20260729T194916Z,2026-07-29T19:49:18+00:00,Under,-192,LOSS,5.00,0,-5.0,SETTLEMENT_CERTIFIED
2026-07-29,822947,668723,Ryan Vilade,cleanroom_20260729T175530Z,2026-07-29T17:55:52+00:00,Over,171,WIN,5.00,8.55,8.55,SETTLEMENT_CERTIFIED
2026-07-29,822947,668723,Ryan Vilade,cleanroom_20260729T175530Z,2026-07-29T17:55:52+00:00,Under,-227,LOSS,5.00,0,-5.0,SETTLEMENT_CERTIFIED
2026-07-29,822947,669394,Jake Burger,cleanroom_20260729T194916Z,2026-07-29T19:49:18+00:00,Over,136,WIN,5.00,6.8,6.8,SETTLEMENT_CERTIFIED
2026-07-29,822947,669394,Jake Burger,cleanroom_20260729T194916Z,2026-07-29T19:49:18+00:00,Under,-179,LOSS,5.00,0,-5.0,SETTLEMENT_CERTIFIED
2026-07-29,822947,676356,Jonny DeLuca,cleanroom_20260729T194916Z,2026-07-29T19:49:18+00:00,Over,178,LOSS,5.00,0,-5.0,SETTLEMENT_CERTIFIED
2026-07-29,822947,676356,Jonny DeLuca,cleanroom_20260729T194916Z,2026-07-29T19:49:18+00:00,Under,-238,WIN,5.00,2.100840336134454,2.100840336134454,SETTLEMENT_CERTIFIED
2026-07-29,822947,677649,Ezequiel Duran,cleanroom_20260729T194916Z,2026-07-29T19:49:18+00:00,Over,152,LOSS,5.00,0,-5.0,SETTLEMENT_CERTIFIED
2026-07-29,822947,677649,Ezequiel Duran,cleanroom_20260729T194916Z,2026-07-29T19:49:18+00:00,Under,-200,WIN,5.00,2.5,2.5,SETTLEMENT_CERTIFIED
2026-07-29,822947,691406,Junior Caminero,cleanroom_20260729T194916Z,2026-07-29T19:49:18+00:00,Over,100,LOSS,5.00,0,-5.0,SETTLEMENT_CERTIFIED
2026-07-29,822947,691406,Junior Caminero,cleanroom_20260729T194916Z,2026-07-29T19:49:18+00:00,Under,-130,WIN,5.00,3.8461538461538463,3.8461538461538463,SETTLEMENT_CERTIFIED
2026-07-29,822947,694671,Wyatt Langford,cleanroom_20260729T194916Z,2026-07-29T19:49:18+00:00,Over,128,LOSS,5.00,0,-5.0,SETTLEMENT_CERTIFIED
2026-07-29,822947,694671,Wyatt Langford,cleanroom_20260729T194916Z,2026-07-29T19:49:18+00:00,Under,-167,WIN,5.00,2.9940119760479043,2.9940119760479043,SETTLEMENT_CERTIFIED
2026-07-29,822947,802415,Chandler Simpson,cleanroom_20260729T194916Z,2026-07-29T19:49:18+00:00,Over,161,LOSS,5.00,0,-5.0,SETTLEMENT_CERTIFIED
2026-07-29,822947,802415,Chandler Simpson,cleanroom_20260729T194916Z,2026-07-29T19:49:18+00:00,Under,-213,WIN,5.00,2.347417840375587,2.347417840375587,SETTLEMENT_CERTIFIED
2026-07-29,823022,608324,Alex Bregman,cleanroom_20260729T233728Z,2026-07-29T23:37:30+00:00,Over,164,WIN,5.00,8.2,8.2,SETTLEMENT_CERTIFIED
2026-07-29,823022,608324,Alex Bregman,cleanroom_20260729T233728Z,2026-07-29T23:37:30+00:00,Under,-217,LOSS,5.00,0,-5.0,SETTLEMENT_CERTIFIED
2026-07-29,823022,608348,Carson Kelly,cleanroom_20260729T233728Z,2026-07-29T23:37:30+00:00,Over,190,LOSS,5.00,,,NO_ACTION
2026-07-29,823022,608348,Carson Kelly,cleanroom_20260729T233728Z,2026-07-29T23:37:30+00:00,Under,-256,WIN,5.00,,,NO_ACTION
2026-07-29,823022,621020,Dansby Swanson,cleanroom_20260729T233728Z,2026-07-29T23:37:30+00:00,Over,171,LOSS,5.00,0,-5.0,SETTLEMENT_CERTIFIED
2026-07-29,823022,621020,Dansby Swanson,cleanroom_20260729T233728Z,2026-07-29T23:37:30+00:00,Under,-227,WIN,5.00,2.202643171806167,2.202643171806167,SETTLEMENT_CERTIFIED
2026-07-29,823022,663538,Nico Hoerner,cleanroom_20260729T194916Z,2026-07-29T19:49:38+00:00,Over,161,LOSS,5.00,0,-5.0,SETTLEMENT_CERTIFIED
2026-07-29,823022,663538,Nico Hoerner,cleanroom_20260729T194916Z,2026-07-29T19:49:38+00:00,Under,-213,WIN,5.00,2.347417840375587,2.347417840375587,SETTLEMENT_CERTIFIED
2026-07-29,823022,664023,Ian Happ,cleanroom_20260729T233728Z,2026-07-29T23:37:30+00:00,Over,171,LOSS,5.00,0,-5.0,SETTLEMENT_CERTIFIED
2026-07-29,823022,664023,Ian Happ,cleanroom_20260729T233728Z,2026-07-29T23:37:30+00:00,Under,-227,WIN,5.00,2.202643171806167,2.202643171806167,SETTLEMENT_CERTIFIED
2026-07-29,823022,665877,José Fermín,cleanroom_20260729T230547Z,2026-07-29T23:05:38+00:00,Over,182,LOSS,5.00,0,-5.0,SETTLEMENT_CERTIFIED
2026-07-29,823022,665877,José Fermín,cleanroom_20260729T230547Z,2026-07-29T23:05:38+00:00,Under,-244,WIN,5.00,2.0491803278688523,2.0491803278688523,SETTLEMENT_CERTIFIED
2026-07-29,823022,671056,Iván Herrera,cleanroom_20260729T233728Z,2026-07-29T23:37:30+00:00,Over,134,WIN,5.00,6.7,6.7,SETTLEMENT_CERTIFIED
2026-07-29,823022,671056,Iván Herrera,cleanroom_20260729T233728Z,2026-07-29T23:37:30+00:00,Under,-175,LOSS,5.00,0,-5.0,SETTLEMENT_CERTIFIED
2026-07-29,823022,673548,Seiya Suzuki,cleanroom_20260729T233728Z,2026-07-29T23:37:30+00:00,Over,144,LOSS,5.00,0,-5.0,SETTLEMENT_CERTIFIED
2026-07-29,823022,673548,Seiya Suzuki,cleanroom_20260729T233728Z,2026-07-29T23:37:30+00:00,Under,-189,WIN,5.00,2.6455026455026456,2.6455026455026456,SETTLEMENT_CERTIFIED
2026-07-29,823022,676369,Nelson Velázquez,cleanroom_20260729T194916Z,2026-07-29T19:49:38+00:00,Over,149,LOSS,5.00,,,NO_ACTION
2026-07-29,823022,676369,Nelson Velázquez,cleanroom_20260729T194916Z,2026-07-29T19:49:38+00:00,Under,-196,WIN,5.00,,,NO_ACTION
2026-07-29,823022,676475,Alec Burleson,cleanroom_20260729T233728Z,2026-07-29T23:37:30+00:00,Over,146,LOSS,5.00,0,-5.0,SETTLEMENT_CERTIFIED
2026-07-29,823022,676475,Alec Burleson,cleanroom_20260729T233728Z,2026-07-29T23:37:30+00:00,Under,-192,WIN,5.00,2.6041666666666665,2.6041666666666665,SETTLEMENT_CERTIFIED
2026-07-29,823022,683737,Michael Busch,cleanroom_20260729T233728Z,2026-07-29T23:37:30+00:00,Over,158,LOSS,5.00,0,-5.0,SETTLEMENT_CERTIFIED
2026-07-29,823022,683737,Michael Busch,cleanroom_20260729T233728Z,2026-07-29T23:37:30+00:00,Under,-208,WIN,5.00,2.4038461538461537,2.4038461538461537,SETTLEMENT_CERTIFIED
2026-07-29,823022,691023,Jordan Walker,cleanroom_20260729T233728Z,2026-07-29T23:37:30+00:00,Over,102,LOSS,5.00,0,-5.0,SETTLEMENT_CERTIFIED
2026-07-29,823022,691023,Jordan Walker,cleanroom_20260729T233728Z,2026-07-29T23:37:30+00:00,Under,-132,WIN,5.00,3.787878787878788,3.787878787878788,SETTLEMENT_CERTIFIED
2026-07-29,823022,691026,Masyn Winn,cleanroom_20260729T233728Z,2026-07-29T23:37:30+00:00,Over,158,LOSS,5.00,0,-5.0,SETTLEMENT_CERTIFIED
2026-07-29,823022,691026,Masyn Winn,cleanroom_20260729T233728Z,2026-07-29T23:37:30+00:00,Under,-208,WIN,5.00,2.4038461538461537,2.4038461538461537,SETTLEMENT_CERTIFIED
2026-07-29,823022,691458,Blaze Jordan,cleanroom_20260729T233728Z,2026-07-29T23:37:30+00:00,Over,171,WIN,5.00,8.55,8.55,SETTLEMENT_CERTIFIED
2026-07-29,823022,691458,Blaze Jordan,cleanroom_20260729T233728Z,2026-07-29T23:37:30+00:00,Under,-227,LOSS,5.00,0,-5.0,SETTLEMENT_CERTIFIED
2026-07-29,823022,691718,Pete Crow-Armstrong,cleanroom_20260729T233728Z,2026-07-29T23:37:30+00:00,Over,110,WIN,5.00,5.5,5.5,SETTLEMENT_CERTIFIED
2026-07-29,823022,691718,Pete Crow-Armstrong,cleanroom_20260729T233728Z,2026-07-29T23:37:30+00:00,Under,-143,LOSS,5.00,0,-5.0,SETTLEMENT_CERTIFIED
2026-07-29,823022,699393,Pedro Ramírez,cleanroom_20260729T233728Z,2026-07-29T23:37:30+00:00,Over,155,LOSS,5.00,0,-5.0,SETTLEMENT_CERTIFIED
2026-07-29,823022,699393,Pedro Ramírez,cleanroom_20260729T233728Z,2026-07-29T23:37:30+00:00,Under,-204,WIN,5.00,2.450980392156863,2.450980392156863,SETTLEMENT_CERTIFIED
2026-07-29,823022,802139,JJ Wetherholt,cleanroom_20260729T233728Z,2026-07-29T23:37:30+00:00,Over,155,LOSS,5.00,0,-5.0,SETTLEMENT_CERTIFIED
2026-07-29,823022,802139,JJ Wetherholt,cleanroom_20260729T233728Z,2026-07-29T23:37:30+00:00,Under,-204,WIN,5.00,2.450980392156863,2.450980392156863,SETTLEMENT_CERTIFIED
2026-07-29,823192,592885,Christian Yelich,cleanroom_20260729T175530Z,2026-07-29T17:55:01+00:00,Over,161,LOSS,5.00,0,-5.0,SETTLEMENT_CERTIFIED
2026-07-29,823192,592885,Christian Yelich,cleanroom_20260729T175530Z,2026-07-29T17:55:01+00:00,Under,-213,WIN,5.00,2.347417840375587,2.347417840375587,SETTLEMENT_CERTIFIED
2026-07-29,823192,641343,Jake Bauers,cleanroom_20260729T175530Z,2026-07-29T17:55:01+00:00,Over,161,WIN,5.00,8.05,8.05,SETTLEMENT_CERTIFIED
2026-07-29,823192,641343,Jake Bauers,cleanroom_20260729T175530Z,2026-07-29T17:55:01+00:00,Under,-213,LOSS,5.00,0,-5.0,SETTLEMENT_CERTIFIED
2026-07-29,823192,642715,Willy Adames,cleanroom_20260729T162627Z,2026-07-29T16:24:37+00:00,Over,178,LOSS,5.00,0,-5.0,SETTLEMENT_CERTIFIED
2026-07-29,823192,642715,Willy Adames,cleanroom_20260729T162627Z,2026-07-29T16:24:37+00:00,Under,-238,WIN,5.00,2.100840336134454,2.100840336134454,SETTLEMENT_CERTIFIED
2026-07-29,823192,646240,Rafael Devers,cleanroom_20260729T175530Z,2026-07-29T17:55:01+00:00,Over,152,LOSS,5.00,0,-5.0,SETTLEMENT_CERTIFIED
2026-07-29,823192,646240,Rafael Devers,cleanroom_20260729T175530Z,2026-07-29T17:55:01+00:00,Under,-200,WIN,5.00,2.5,2.5,SETTLEMENT_CERTIFIED
2026-07-29,823192,650333,Luis Arraez,cleanroom_20260729T175530Z,2026-07-29T17:55:01+00:00,Over,113,WIN,5.00,5.65,5.65,SETTLEMENT_CERTIFIED
2026-07-29,823192,650333,Luis Arraez,cleanroom_20260729T175530Z,2026-07-29T17:55:01+00:00,Under,-147,LOSS,5.00,0,-5.0,SETTLEMENT_CERTIFIED
2026-07-29,823192,661388,William Contreras,cleanroom_20260729T162627Z,2026-07-29T16:24:37+00:00,Over,134,LOSS,5.00,,,NO_ACTION
2026-07-29,823192,661388,William Contreras,cleanroom_20260729T162627Z,2026-07-29T16:24:37+00:00,Under,-175,WIN,5.00,,,NO_ACTION
2026-07-29,823192,668930,Brice Turang,cleanroom_20260729T175530Z,2026-07-29T17:55:01+00:00,Over,124,WIN,5.00,6.2,6.2,SETTLEMENT_CERTIFIED
2026-07-29,823192,668930,Brice Turang,cleanroom_20260729T175530Z,2026-07-29T17:55:01+00:00,Under,-161,LOSS,5.00,0,-5.0,SETTLEMENT_CERTIFIED
2026-07-29,823192,669003,Garrett Mitchell,cleanroom_20260729T175530Z,2026-07-29T17:55:01+00:00,Over,178,LOSS,5.00,0,-5.0,SETTLEMENT_CERTIFIED
2026-07-29,823192,669003,Garrett Mitchell,cleanroom_20260729T175530Z,2026-07-29T17:55:01+00:00,Under,-238,WIN,5.00,2.100840336134454,2.100840336134454,SETTLEMENT_CERTIFIED
2026-07-29,823192,671218,Heliot Ramos,cleanroom_20260729T175530Z,2026-07-29T17:55:01+00:00,Over,117,WIN,5.00,5.85,5.85,SETTLEMENT_CERTIFIED
2026-07-29,823192,671218,Heliot Ramos,cleanroom_20260729T175530Z,2026-07-29T17:55:01+00:00,Under,-152,LOSS,5.00,0,-5.0,SETTLEMENT_CERTIFIED
2026-07-29,823192,683734,Andrew Vaughn,cleanroom_20260729T162627Z,2026-07-29T16:24:37+00:00,Over,164,LOSS,5.00,0,-5.0,SETTLEMENT_CERTIFIED
2026-07-29,823192,683734,Andrew Vaughn,cleanroom_20260729T162627Z,2026-07-29T16:24:37+00:00,Under,-217,WIN,5.00,2.304147465437788,2.304147465437788,SETTLEMENT_CERTIFIED
2026-07-29,823192,694192,Jackson Chourio,cleanroom_20260729T175530Z,2026-07-29T17:55:01+00:00,Over,115,LOSS,5.00,0,-5.0,SETTLEMENT_CERTIFIED
2026-07-29,823192,694192,Jackson Chourio,cleanroom_20260729T175530Z,2026-07-29T17:55:01+00:00,Under,-149,WIN,5.00,3.3557046979865772,3.3557046979865772,SETTLEMENT_CERTIFIED
2026-07-29,823192,805811,Bryce Eldridge,cleanroom_20260729T175530Z,2026-07-29T17:55:01+00:00,Over,164,LOSS,5.00,0,-5.0,SETTLEMENT_CERTIFIED
2026-07-29,823192,805811,Bryce Eldridge,cleanroom_20260729T175530Z,2026-07-29T17:55:01+00:00,Under,-217,WIN,5.00,2.304147465437788,2.304147465437788,SETTLEMENT_CERTIFIED
2026-07-29,823192,806198,Cooper Pratt,cleanroom_20260729T162627Z,2026-07-29T16:24:37+00:00,Over,178,LOSS,5.00,0,-5.0,SETTLEMENT_CERTIFIED
2026-07-29,823192,806198,Cooper Pratt,cleanroom_20260729T162627Z,2026-07-29T16:24:37+00:00,Under,-238,WIN,5.00,2.100840336134454,2.100840336134454,SETTLEMENT_CERTIFIED
2026-07-29,823192,808982,Jung Hoo Lee,cleanroom_20260729T175530Z,2026-07-29T17:55:01+00:00,Over,144,WIN,5.00,7.2,7.2,SETTLEMENT_CERTIFIED
2026-07-29,823192,808982,Jung Hoo Lee,cleanroom_20260729T175530Z,2026-07-29T17:55:01+00:00,Under,-189,LOSS,5.00,0,-5.0,SETTLEMENT_CERTIFIED
2026-07-29,823273,592518,Manny Machado,cleanroom_20260729T194916Z,2026-07-29T19:49:37+00:00,Over,109,LOSS,5.00,0,-5.0,SETTLEMENT_CERTIFIED
2026-07-29,823273,592518,Manny Machado,cleanroom_20260729T194916Z,2026-07-29T19:49:37+00:00,Under,-141,WIN,5.00,3.5460992907801416,3.5460992907801416,SETTLEMENT_CERTIFIED
2026-07-29,823273,593428,Xander Bogaerts,cleanroom_20260729T194916Z,2026-07-29T19:49:37+00:00,Over,158,LOSS,5.00,0,-5.0,SETTLEMENT_CERTIFIED
2026-07-29,823273,593428,Xander Bogaerts,cleanroom_20260729T194916Z,2026-07-29T19:49:37+00:00,Under,-208,WIN,5.00,2.4038461538461537,2.4038461538461537,SETTLEMENT_CERTIFIED
2026-07-29,823273,630105,Jake Cronenworth,cleanroom_20260729T194916Z,2026-07-29T19:49:37+00:00,Over,134,LOSS,5.00,0,-5.0,SETTLEMENT_CERTIFIED
2026-07-29,823273,630105,Jake Cronenworth,cleanroom_20260729T194916Z,2026-07-29T19:49:37+00:00,Under,-175,WIN,5.00,2.857142857142857,2.857142857142857,SETTLEMENT_CERTIFIED
2026-07-29,823273,650859,Luis Rengifo,cleanroom_20260729T194916Z,2026-07-29T19:49:37+00:00,Over,167,LOSS,5.00,0,-5.0,SETTLEMENT_CERTIFIED
2026-07-29,823273,650859,Luis Rengifo,cleanroom_20260729T194916Z,2026-07-29T19:49:37+00:00,Under,-222,WIN,5.00,2.2522522522522523,2.2522522522522523,SETTLEMENT_CERTIFIED
2026-07-29,823273,657757,Gavin Sheets,cleanroom_20260729T194916Z,2026-07-29T19:49:37+00:00,Over,161,LOSS,5.00,0,-5.0,SETTLEMENT_CERTIFIED
2026-07-29,823273,657757,Gavin Sheets,cleanroom_20260729T194916Z,2026-07-29T19:49:37+00:00,Under,-213,WIN,5.00,2.347417840375587,2.347417840375587,SETTLEMENT_CERTIFIED
2026-07-29,823273,664034,Ty France,cleanroom_20260729T194916Z,2026-07-29T19:49:37+00:00,Over,124,LOSS,5.00,0,-5.0,SETTLEMENT_CERTIFIED
2026-07-29,823273,664034,Ty France,cleanroom_20260729T194916Z,2026-07-29T19:49:37+00:00,Under,-161,WIN,5.00,3.1055900621118013,3.1055900621118013,SETTLEMENT_CERTIFIED
2026-07-29,823273,664983,Jake McCarthy,cleanroom_20260729T194916Z,2026-07-29T19:49:37+00:00,Over,144,LOSS,5.00,0,-5.0,SETTLEMENT_CERTIFIED
2026-07-29,823273,664983,Jake McCarthy,cleanroom_20260729T194916Z,2026-07-29T19:49:37+00:00,Under,-189,WIN,5.00,2.6455026455026456,2.6455026455026456,SETTLEMENT_CERTIFIED
2026-07-29,823273,665487,Fernando Tatis Jr.,cleanroom_20260729T194916Z,2026-07-29T19:49:37+00:00,Over,-102,WIN,5.00,4.901960784313726,4.901960784313726,SETTLEMENT_CERTIFIED
2026-07-29,823273,665487,Fernando Tatis Jr.,cleanroom_20260729T194916Z,2026-07-29T19:49:37+00:00,Under,-127,LOSS,5.00,0,-5.0,SETTLEMENT_CERTIFIED
2026-07-29,823273,666160,Mickey Moniak,cleanroom_20260729T194916Z,2026-07-29T19:49:37+00:00,Over,146,LOSS,5.00,0,-5.0,SETTLEMENT_CERTIFIED
2026-07-29,823273,666160,Mickey Moniak,cleanroom_20260729T194916Z,2026-07-29T19:49:37+00:00,Under,-192,WIN,5.00,2.6041666666666665,2.6041666666666665,SETTLEMENT_CERTIFIED
2026-07-29,823273,681198,TJ Rumfield,cleanroom_20260729T194916Z,2026-07-29T19:49:37+00:00,Over,182,LOSS,5.00,0,-5.0,SETTLEMENT_CERTIFIED
2026-07-29,823273,681198,TJ Rumfield,cleanroom_20260729T194916Z,2026-07-29T19:49:37+00:00,Under,-244,WIN,5.00,2.0491803278688523,2.0491803278688523,SETTLEMENT_CERTIFIED
2026-07-29,823273,694249,Cole Carrigg,cleanroom_20260729T194916Z,2026-07-29T19:49:37+00:00,Over,158,LOSS,5.00,0,-5.0,SETTLEMENT_CERTIFIED
2026-07-29,823273,694249,Cole Carrigg,cleanroom_20260729T194916Z,2026-07-29T19:49:37+00:00,Under,-208,WIN,5.00,2.4038461538461537,2.4038461538461537,SETTLEMENT_CERTIFIED
2026-07-29,823273,696100,Hunter Goodman,cleanroom_20260729T194916Z,2026-07-29T19:49:37+00:00,Over,126,LOSS,5.00,0,-5.0,SETTLEMENT_CERTIFIED
2026-07-29,823273,696100,Hunter Goodman,cleanroom_20260729T194916Z,2026-07-29T19:49:37+00:00,Under,-164,WIN,5.00,3.048780487804878,3.048780487804878,SETTLEMENT_CERTIFIED
2026-07-29,823273,701538,Jackson Merrill,cleanroom_20260729T194916Z,2026-07-29T19:49:37+00:00,Over,117,LOSS,5.00,0,-5.0,SETTLEMENT_CERTIFIED
2026-07-29,823273,701538,Jackson Merrill,cleanroom_20260729T194916Z,2026-07-29T19:49:37+00:00,Under,-152,WIN,5.00,3.289473684210526,3.289473684210526,SETTLEMENT_CERTIFIED
2026-07-29,823351,545121,Ildemaro Vargas,cleanroom_20260729T162627Z,2026-07-29T16:26:25+00:00,Over,186,WIN,5.00,9.3,9.3,SETTLEMENT_CERTIFIED
2026-07-29,823351,545121,Ildemaro Vargas,cleanroom_20260729T162627Z,2026-07-29T16:26:25+00:00,Under,-250,LOSS,5.00,0,-5.0,SETTLEMENT_CERTIFIED
2026-07-29,823351,571448,Nolan Arenado,cleanroom_20260729T162627Z,2026-07-29T16:26:25+00:00,Over,158,LOSS,5.00,0,-5.0,SETTLEMENT_CERTIFIED
2026-07-29,823351,571448,Nolan Arenado,cleanroom_20260729T162627Z,2026-07-29T16:26:25+00:00,Under,-208,WIN,5.00,2.4038461538461537,2.4038461538461537,SETTLEMENT_CERTIFIED
2026-07-29,823351,596146,Max Kepler,cleanroom_20260729T162627Z,2026-07-29T16:26:25+00:00,Over,146,WIN,5.00,7.3,7.3,SETTLEMENT_CERTIFIED
2026-07-29,823351,596146,Max Kepler,cleanroom_20260729T162627Z,2026-07-29T16:26:25+00:00,Under,-192,LOSS,5.00,0,-5.0,SETTLEMENT_CERTIFIED
2026-07-29,823351,606466,Ketel Marte,cleanroom_20260729T162627Z,2026-07-29T16:26:25+00:00,Over,115,LOSS,5.00,0,-5.0,SETTLEMENT_CERTIFIED
2026-07-29,823351,606466,Ketel Marte,cleanroom_20260729T162627Z,2026-07-29T16:26:25+00:00,Under,-149,WIN,5.00,3.3557046979865772,3.3557046979865772,SETTLEMENT_CERTIFIED
2026-07-29,823351,656811,Ryan O'Hearn,cleanroom_20260729T162627Z,2026-07-29T16:26:25+00:00,Over,144,LOSS,5.00,0,-5.0,SETTLEMENT_CERTIFIED
2026-07-29,823351,656811,Ryan O'Hearn,cleanroom_20260729T162627Z,2026-07-29T16:26:25+00:00,Under,-189,WIN,5.00,2.6455026455026456,2.6455026455026456,SETTLEMENT_CERTIFIED
2026-07-29,823351,663968,Jake Mangum,cleanroom_20260729T162627Z,2026-07-29T16:26:25+00:00,Over,105,LOSS,5.00,,,NO_ACTION
2026-07-29,823351,663968,Jake Mangum,cleanroom_20260729T162627Z,2026-07-29T16:26:25+00:00,Under,-135,WIN,5.00,,,NO_ACTION
2026-07-29,823351,664040,Brandon Lowe,cleanroom_20260729T162627Z,2026-07-29T16:26:25+00:00,Over,126,LOSS,5.00,0,-5.0,SETTLEMENT_CERTIFIED
2026-07-29,823351,664040,Brandon Lowe,cleanroom_20260729T162627Z,2026-07-29T16:26:25+00:00,Under,-164,WIN,5.00,3.048780487804878,3.048780487804878,SETTLEMENT_CERTIFIED
2026-07-29,823351,668804,Bryan Reynolds,cleanroom_20260729T162627Z,2026-07-29T16:26:25+00:00,Over,118,LOSS,5.00,0,-5.0,SETTLEMENT_CERTIFIED
2026-07-29,823351,668804,Bryan Reynolds,cleanroom_20260729T162627Z,2026-07-29T16:26:25+00:00,Under,-154,WIN,5.00,3.2467532467532467,3.2467532467532467,SETTLEMENT_CERTIFIED
2026-07-29,823351,672515,Gabriel Moreno,cleanroom_20260729T162627Z,2026-07-29T16:26:25+00:00,Over,132,WIN,5.00,6.6,6.6,SETTLEMENT_CERTIFIED
2026-07-29,823351,672515,Gabriel Moreno,cleanroom_20260729T162627Z,2026-07-29T16:26:25+00:00,Under,-172,LOSS,5.00,0,-5.0,SETTLEMENT_CERTIFIED
2026-07-29,823351,672695,Geraldo Perdomo,cleanroom_20260729T162627Z,2026-07-29T16:26:25+00:00,Over,149,LOSS,5.00,0,-5.0,SETTLEMENT_CERTIFIED
2026-07-29,823351,672695,Geraldo Perdomo,cleanroom_20260729T162627Z,2026-07-29T16:26:25+00:00,Under,-196,WIN,5.00,2.5510204081632653,2.5510204081632653,SETTLEMENT_CERTIFIED
2026-07-29,823351,682998,Corbin Carroll,cleanroom_20260729T162627Z,2026-07-29T16:26:25+00:00,Over,110,WIN,5.00,5.5,5.5,SETTLEMENT_CERTIFIED
2026-07-29,823351,682998,Corbin Carroll,cleanroom_20260729T162627Z,2026-07-29T16:26:25+00:00,Under,-143,LOSS,5.00,0,-5.0,SETTLEMENT_CERTIFIED
2026-07-29,823351,693304,Nick Gonzales,cleanroom_20260729T162627Z,2026-07-29T16:26:25+00:00,Over,104,LOSS,5.00,0,-5.0,SETTLEMENT_CERTIFIED
2026-07-29,823351,693304,Nick Gonzales,cleanroom_20260729T162627Z,2026-07-29T16:26:25+00:00,Under,-135,WIN,5.00,3.7037037037037037,3.7037037037037037,SETTLEMENT_CERTIFIED
2026-07-29,823351,699013,Esmerlyn Valdez,cleanroom_20260729T162627Z,2026-07-29T16:26:25+00:00,Over,122,LOSS,5.00,0,-5.0,SETTLEMENT_CERTIFIED
2026-07-29,823351,699013,Esmerlyn Valdez,cleanroom_20260729T162627Z,2026-07-29T16:26:25+00:00,Under,-159,WIN,5.00,3.1446540880503147,3.1446540880503147,SETTLEMENT_CERTIFIED
2026-07-29,823596,593871,Jorge Polanco,cleanroom_20260729T135332Z,2026-07-29T13:53:10+00:00,Over,204,LOSS,5.00,0,-5.0,SETTLEMENT_CERTIFIED
2026-07-29,823596,593871,Jorge Polanco,cleanroom_20260729T135332Z,2026-07-29T13:53:10+00:00,Under,-278,WIN,5.00,1.7985611510791366,1.7985611510791366,SETTLEMENT_CERTIFIED
2026-07-29,823596,596019,Francisco Lindor,cleanroom_20260729T162627Z,2026-07-29T16:26:49+00:00,Over,124,LOSS,5.00,0,-5.0,SETTLEMENT_CERTIFIED
2026-07-29,823596,596019,Francisco Lindor,cleanroom_20260729T162627Z,2026-07-29T16:26:49+00:00,Under,-161,WIN,5.00,3.1055900621118013,3.1055900621118013,SETTLEMENT_CERTIFIED
2026-07-29,823596,621566,Matt Olson,cleanroom_20260729T162627Z,2026-07-29T16:26:49+00:00,Over,128,WIN,5.00,6.4,6.4,SETTLEMENT_CERTIFIED
2026-07-29,823596,621566,Matt Olson,cleanroom_20260729T162627Z,2026-07-29T16:26:49+00:00,Under,-167,LOSS,5.00,0,-5.0,SETTLEMENT_CERTIFIED
2026-07-29,823596,642201,Eli White,cleanroom_20260729T162627Z,2026-07-29T16:26:49+00:00,Over,199,WIN,5.00,9.95,9.95,SETTLEMENT_CERTIFIED
2026-07-29,823596,642201,Eli White,cleanroom_20260729T162627Z,2026-07-29T16:26:49+00:00,Under,-270,LOSS,5.00,0,-5.0,SETTLEMENT_CERTIFIED
2026-07-29,823596,643289,Mauricio Dubón,cleanroom_20260729T162627Z,2026-07-29T16:26:49+00:00,Over,178,LOSS,5.00,0,-5.0,SETTLEMENT_CERTIFIED
2026-07-29,823596,643289,Mauricio Dubón,cleanroom_20260729T162627Z,2026-07-29T16:26:49+00:00,Under,-238,WIN,5.00,2.100840336134454,2.100840336134454,SETTLEMENT_CERTIFIED
2026-07-29,823596,645277,Ozzie Albies,cleanroom_20260729T162627Z,2026-07-29T16:26:49+00:00,Over,118,LOSS,5.00,0,-5.0,SETTLEMENT_CERTIFIED
2026-07-29,823596,645277,Ozzie Albies,cleanroom_20260729T162627Z,2026-07-29T16:26:49+00:00,Under,-154,WIN,5.00,3.2467532467532467,3.2467532467532467,SETTLEMENT_CERTIFIED
2026-07-29,823596,660670,Ronald Acuña Jr.,cleanroom_20260729T162627Z,2026-07-29T16:26:49+00:00,Over,122,LOSS,5.00,0,-5.0,SETTLEMENT_CERTIFIED
2026-07-29,823596,660670,Ronald Acuña Jr.,cleanroom_20260729T162627Z,2026-07-29T16:26:49+00:00,Under,-159,WIN,5.00,3.1446540880503147,3.1446540880503147,SETTLEMENT_CERTIFIED
2026-07-29,823596,663586,Austin Riley,cleanroom_20260729T155216Z,2026-07-29T15:52:47+00:00,Over,171,LOSS,5.00,0,-5.0,SETTLEMENT_CERTIFIED
2026-07-29,823596,663586,Austin Riley,cleanroom_20260729T155216Z,2026-07-29T15:52:47+00:00,Under,-227,WIN,5.00,2.202643171806167,2.202643171806167,SETTLEMENT_CERTIFIED
2026-07-29,823596,666182,Bo Bichette,cleanroom_20260729T162627Z,2026-07-29T16:26:49+00:00,Over,139,LOSS,5.00,0,-5.0,SETTLEMENT_CERTIFIED
2026-07-29,823596,666182,Bo Bichette,cleanroom_20260729T162627Z,2026-07-29T16:26:49+00:00,Under,-182,WIN,5.00,2.7472527472527473,2.7472527472527473,SETTLEMENT_CERTIFIED
2026-07-29,823596,671739,Michael Harris II,cleanroom_20260729T162627Z,2026-07-29T16:26:49+00:00,Over,132,LOSS,5.00,0,-5.0,SETTLEMENT_CERTIFIED
2026-07-29,823596,671739,Michael Harris II,cleanroom_20260729T162627Z,2026-07-29T16:26:49+00:00,Under,-172,WIN,5.00,2.9069767441860463,2.9069767441860463,SETTLEMENT_CERTIFIED
2026-07-29,823596,673357,Luis Robert Jr.,cleanroom_20260729T162627Z,2026-07-29T16:26:49+00:00,Over,171,LOSS,5.00,,,NO_ACTION
2026-07-29,823596,673357,Luis Robert Jr.,cleanroom_20260729T162627Z,2026-07-29T16:26:49+00:00,Under,-227,WIN,5.00,,,NO_ACTION
2026-07-29,823596,676724,Jared Young,cleanroom_20260729T153807Z,2026-07-29T15:37:55+00:00,Over,171,LOSS,5.00,0,-5.0,SETTLEMENT_CERTIFIED
2026-07-29,823596,676724,Jared Young,cleanroom_20260729T153807Z,2026-07-29T15:37:55+00:00,Under,-227,WIN,5.00,2.202643171806167,2.202643171806167,SETTLEMENT_CERTIFIED
2026-07-29,823596,682626,Francisco Alvarez,cleanroom_20260729T162627Z,2026-07-29T16:26:49+00:00,Over,178,WIN,5.00,8.9,8.9,SETTLEMENT_CERTIFIED
2026-07-29,823596,682626,Francisco Alvarez,cleanroom_20260729T162627Z,2026-07-29T16:26:49+00:00,Under,-238,LOSS,5.00,0,-5.0,SETTLEMENT_CERTIFIED
2026-07-29,823596,686948,Drake Baldwin,cleanroom_20260729T162627Z,2026-07-29T16:26:49+00:00,Over,132,WIN,5.00,6.6,6.6,SETTLEMENT_CERTIFIED
2026-07-29,823596,686948,Drake Baldwin,cleanroom_20260729T162627Z,2026-07-29T16:26:49+00:00,Under,-172,LOSS,5.00,0,-5.0,SETTLEMENT_CERTIFIED
2026-07-29,823596,701807,Carson Benge,cleanroom_20260729T162627Z,2026-07-29T16:26:49+00:00,Over,164,WIN,5.00,8.2,8.2,SETTLEMENT_CERTIFIED
2026-07-29,823596,701807,Carson Benge,cleanroom_20260729T162627Z,2026-07-29T16:26:49+00:00,Under,-217,LOSS,5.00,0,-5.0,SETTLEMENT_CERTIFIED
2026-07-29,823596,805999,A.J. Ewing,cleanroom_20260729T162627Z,2026-07-29T16:26:49+00:00,Over,146,LOSS,5.00,0,-5.0,SETTLEMENT_CERTIFIED
2026-07-29,823596,805999,A.J. Ewing,cleanroom_20260729T162627Z,2026-07-29T16:26:49+00:00,Under,-192,WIN,5.00,2.6041666666666665,2.6041666666666665,SETTLEMENT_CERTIFIED
2026-07-29,823598,596019,Francisco Lindor,cleanroom_20260729T230547Z,2026-07-29T23:05:49+00:00,Over,134,LOSS,5.00,0,-5.0,SETTLEMENT_CERTIFIED
2026-07-29,823598,596019,Francisco Lindor,cleanroom_20260729T230547Z,2026-07-29T23:05:49+00:00,Under,-175,WIN,5.00,2.857142857142857,2.857142857142857,SETTLEMENT_CERTIFIED
2026-07-29,823598,621566,Matt Olson,cleanroom_20260729T230547Z,2026-07-29T23:05:49+00:00,Over,124,LOSS,5.00,0,-5.0,SETTLEMENT_CERTIFIED
2026-07-29,823598,621566,Matt Olson,cleanroom_20260729T230547Z,2026-07-29T23:05:49+00:00,Under,-161,WIN,5.00,3.1055900621118013,3.1055900621118013,SETTLEMENT_CERTIFIED
2026-07-29,823598,645277,Ozzie Albies,cleanroom_20260729T230547Z,2026-07-29T23:05:49+00:00,Over,149,LOSS,5.00,0,-5.0,SETTLEMENT_CERTIFIED
2026-07-29,823598,645277,Ozzie Albies,cleanroom_20260729T230547Z,2026-07-29T23:05:49+00:00,Under,-196,WIN,5.00,2.5510204081632653,2.5510204081632653,SETTLEMENT_CERTIFIED
2026-07-29,823598,660670,Ronald Acuña Jr.,cleanroom_20260729T230547Z,2026-07-29T23:05:49+00:00,Over,136,LOSS,5.00,0,-5.0,SETTLEMENT_CERTIFIED
2026-07-29,823598,660670,Ronald Acuña Jr.,cleanroom_20260729T230547Z,2026-07-29T23:05:49+00:00,Under,-179,WIN,5.00,2.793296089385475,2.793296089385475,SETTLEMENT_CERTIFIED
2026-07-29,823598,666182,Bo Bichette,cleanroom_20260729T230547Z,2026-07-29T23:05:49+00:00,Over,149,LOSS,5.00,0,-5.0,SETTLEMENT_CERTIFIED
2026-07-29,823598,666182,Bo Bichette,cleanroom_20260729T230547Z,2026-07-29T23:05:49+00:00,Under,-196,WIN,5.00,2.5510204081632653,2.5510204081632653,SETTLEMENT_CERTIFIED
2026-07-29,823598,671739,Michael Harris II,cleanroom_20260729T230547Z,2026-07-29T23:05:49+00:00,Over,110,LOSS,5.00,0,-5.0,SETTLEMENT_CERTIFIED
2026-07-29,823598,671739,Michael Harris II,cleanroom_20260729T230547Z,2026-07-29T23:05:49+00:00,Under,-143,WIN,5.00,3.4965034965034967,3.4965034965034967,SETTLEMENT_CERTIFIED
2026-07-29,823598,673357,Luis Robert Jr.,cleanroom_20260729T230547Z,2026-07-29T23:05:49+00:00,Over,171,LOSS,5.00,0,-5.0,SETTLEMENT_CERTIFIED
2026-07-29,823598,673357,Luis Robert Jr.,cleanroom_20260729T230547Z,2026-07-29T23:05:49+00:00,Under,-227,WIN,5.00,2.202643171806167,2.202643171806167,SETTLEMENT_CERTIFIED
2026-07-29,823598,686948,Drake Baldwin,cleanroom_20260729T230547Z,2026-07-29T23:05:49+00:00,Over,122,WIN,5.00,6.1,6.1,SETTLEMENT_CERTIFIED
2026-07-29,823598,686948,Drake Baldwin,cleanroom_20260729T230547Z,2026-07-29T23:05:49+00:00,Under,-159,LOSS,5.00,0,-5.0,SETTLEMENT_CERTIFIED
2026-07-29,823677,521692,Salvador Perez,cleanroom_20260729T233728Z,2026-07-29T23:37:09+00:00,Over,141,WIN,5.00,7.05,7.05,SETTLEMENT_CERTIFIED
2026-07-29,823677,521692,Salvador Perez,cleanroom_20260729T233728Z,2026-07-29T23:37:09+00:00,Under,-185,LOSS,5.00,0,-5.0,SETTLEMENT_CERTIFIED
2026-07-29,823677,605137,Josh Bell,cleanroom_20260729T233728Z,2026-07-29T23:37:09+00:00,Over,110,LOSS,5.00,0,-5.0,SETTLEMENT_CERTIFIED
2026-07-29,823677,605137,Josh Bell,cleanroom_20260729T233728Z,2026-07-29T23:37:09+00:00,Under,-143,WIN,5.00,3.4965034965034967,3.4965034965034967,SETTLEMENT_CERTIFIED
2026-07-29,823677,605170,Victor Caratini,cleanroom_20260729T233728Z,2026-07-29T23:37:09+00:00,Over,146,LOSS,5.00,0,-5.0,SETTLEMENT_CERTIFIED
2026-07-29,823677,605170,Victor Caratini,cleanroom_20260729T233728Z,2026-07-29T23:37:09+00:00,Under,-192,WIN,5.00,2.6041666666666665,2.6041666666666665,SETTLEMENT_CERTIFIED
2026-07-29,823677,657041,Lane Thomas,cleanroom_20260729T233728Z,2026-07-29T23:37:09+00:00,Over,152,LOSS,5.00,0,-5.0,SETTLEMENT_CERTIFIED
2026-07-29,823677,657041,Lane Thomas,cleanroom_20260729T233728Z,2026-07-29T23:37:09+00:00,Under,-200,WIN,5.00,2.5,2.5,SETTLEMENT_CERTIFIED
2026-07-29,823677,663616,Trevor Larnach,cleanroom_20260729T233728Z,2026-07-29T23:37:09+00:00,Over,110,LOSS,5.00,0,-5.0,SETTLEMENT_CERTIFIED
2026-07-29,823677,663616,Trevor Larnach,cleanroom_20260729T233728Z,2026-07-29T23:37:09+00:00,Under,-143,WIN,5.00,3.4965034965034967,3.4965034965034967,SETTLEMENT_CERTIFIED
2026-07-29,823677,665019,Kody Clemens,cleanroom_20260729T233728Z,2026-07-29T23:37:09+00:00,Over,-111,LOSS,5.00,0,-5.0,SETTLEMENT_CERTIFIED
2026-07-29,823677,665019,Kody Clemens,cleanroom_20260729T233728Z,2026-07-29T23:37:09+00:00,Under,-116,WIN,5.00,4.310344827586207,4.310344827586207,SETTLEMENT_CERTIFIED
2026-07-29,823677,668904,Royce Lewis,cleanroom_20260729T233728Z,2026-07-29T23:37:09+00:00,Over,118,LOSS,5.00,0,-5.0,SETTLEMENT_CERTIFIED
2026-07-29,823677,668904,Royce Lewis,cleanroom_20260729T233728Z,2026-07-29T23:37:09+00:00,Under,-154,WIN,5.00,3.2467532467532467,3.2467532467532467,SETTLEMENT_CERTIFIED
2026-07-29,823677,679845,Nick Loftin,cleanroom_20260729T175530Z,2026-07-29T17:55:22+00:00,Over,171,WIN,5.00,8.55,8.55,SETTLEMENT_CERTIFIED
2026-07-29,823677,679845,Nick Loftin,cleanroom_20260729T175530Z,2026-07-29T17:55:22+00:00,Under,-227,LOSS,5.00,0,-5.0,SETTLEMENT_CERTIFIED
2026-07-29,823677,680777,Ryan Jeffers,cleanroom_20260729T233728Z,2026-07-29T23:37:09+00:00,Over,117,LOSS,5.00,,,NO_ACTION
2026-07-29,823677,680777,Ryan Jeffers,cleanroom_20260729T233728Z,2026-07-29T23:37:09+00:00,Under,-152,WIN,5.00,,,NO_ACTION
2026-07-29,823677,686469,Vinnie Pasquantino,cleanroom_20260729T194916Z,2026-07-29T19:49:07+00:00,Over,136,LOSS,5.00,,,NO_ACTION
2026-07-29,823677,686469,Vinnie Pasquantino,cleanroom_20260729T194916Z,2026-07-29T19:49:07+00:00,Under,-179,WIN,5.00,,,NO_ACTION
2026-07-29,823677,686681,Michael Massey,cleanroom_20260729T233728Z,2026-07-29T23:37:09+00:00,Over,164,LOSS,5.00,0,-5.0,SETTLEMENT_CERTIFIED
2026-07-29,823677,686681,Michael Massey,cleanroom_20260729T233728Z,2026-07-29T23:37:09+00:00,Under,-217,WIN,5.00,2.304147465437788,2.304147465437788,SETTLEMENT_CERTIFIED
2026-07-29,823677,686797,Brooks Lee,cleanroom_20260729T233728Z,2026-07-29T23:37:09+00:00,Over,112,LOSS,5.00,0,-5.0,SETTLEMENT_CERTIFIED
2026-07-29,823677,686797,Brooks Lee,cleanroom_20260729T233728Z,2026-07-29T23:37:09+00:00,Under,-145,WIN,5.00,3.4482758620689653,3.4482758620689653,SETTLEMENT_CERTIFIED
2026-07-29,823677,695506,Jac Caglianone,cleanroom_20260729T233728Z,2026-07-29T23:37:09+00:00,Over,109,WIN,5.00,5.45,5.45,SETTLEMENT_CERTIFIED
2026-07-29,823677,695506,Jac Caglianone,cleanroom_20260729T233728Z,2026-07-29T23:37:09+00:00,Under,-141,LOSS,5.00,0,-5.0,SETTLEMENT_CERTIFIED
2026-07-29,823677,695600,Carter Jensen,cleanroom_20260729T233728Z,2026-07-29T23:37:09+00:00,Over,130,WIN,5.00,6.5,6.5,SETTLEMENT_CERTIFIED
2026-07-29,823677,695600,Carter Jensen,cleanroom_20260729T233728Z,2026-07-29T23:37:09+00:00,Under,-169,LOSS,5.00,0,-5.0,SETTLEMENT_CERTIFIED
2026-07-29,823677,702176,Alan Roden,cleanroom_20260729T233728Z,2026-07-29T23:37:09+00:00,Over,178,LOSS,5.00,0,-5.0,SETTLEMENT_CERTIFIED
2026-07-29,823677,702176,Alan Roden,cleanroom_20260729T233728Z,2026-07-29T23:37:09+00:00,Under,-238,WIN,5.00,2.100840336134454,2.100840336134454,SETTLEMENT_CERTIFIED
2026-07-29,823677,807712,Luke Keaschall,cleanroom_20260729T233728Z,2026-07-29T23:37:09+00:00,Over,167,LOSS,5.00,0,-5.0,SETTLEMENT_CERTIFIED
2026-07-29,823677,807712,Luke Keaschall,cleanroom_20260729T233728Z,2026-07-29T23:37:09+00:00,Under,-222,WIN,5.00,2.2522522522522523,2.2522522522522523,SETTLEMENT_CERTIFIED
2026-07-29,823837,547180,Bryce Harper,cleanroom_20260729T155216Z,2026-07-29T15:51:27+00:00,Over,110,WIN,5.00,5.5,5.5,SETTLEMENT_CERTIFIED
2026-07-29,823837,547180,Bryce Harper,cleanroom_20260729T155216Z,2026-07-29T15:51:27+00:00,Under,-143,LOSS,5.00,0,-5.0,SETTLEMENT_CERTIFIED
2026-07-29,823837,592663,J.T. Realmuto,cleanroom_20260729T155216Z,2026-07-29T15:51:27+00:00,Over,149,LOSS,5.00,0,-5.0,SETTLEMENT_CERTIFIED
2026-07-29,823837,592663,J.T. Realmuto,cleanroom_20260729T155216Z,2026-07-29T15:51:27+00:00,Under,-196,WIN,5.00,2.5510204081632653,2.5510204081632653,SETTLEMENT_CERTIFIED
2026-07-29,823837,607208,Trea Turner,cleanroom_20260729T155216Z,2026-07-29T15:51:27+00:00,Over,115,WIN,5.00,5.75,5.75,SETTLEMENT_CERTIFIED
2026-07-29,823837,607208,Trea Turner,cleanroom_20260729T155216Z,2026-07-29T15:51:27+00:00,Under,-149,LOSS,5.00,0,-5.0,SETTLEMENT_CERTIFIED
2026-07-29,823837,624641,Edmundo Sosa,cleanroom_20260729T135332Z,2026-07-29T13:53:31+00:00,Over,190,LOSS,5.00,0,-5.0,SETTLEMENT_CERTIFIED
2026-07-29,823837,624641,Edmundo Sosa,cleanroom_20260729T135332Z,2026-07-29T13:53:31+00:00,Under,-256,WIN,5.00,1.953125,1.953125,SETTLEMENT_CERTIFIED
2026-07-29,823837,650559,Bryan De La Cruz,cleanroom_20260729T155216Z,2026-07-29T15:51:27+00:00,Over,171,LOSS,5.00,0,-5.0,SETTLEMENT_CERTIFIED
2026-07-29,823837,650559,Bryan De La Cruz,cleanroom_20260729T155216Z,2026-07-29T15:51:27+00:00,Under,-227,WIN,5.00,2.202643171806167,2.202643171806167,SETTLEMENT_CERTIFIED
2026-07-29,823837,656941,Kyle Schwarber,cleanroom_20260729T155216Z,2026-07-29T15:51:27+00:00,Over,110,LOSS,5.00,,,NO_ACTION
2026-07-29,823837,656941,Kyle Schwarber,cleanroom_20260729T155216Z,2026-07-29T15:51:27+00:00,Under,-143,WIN,5.00,,,NO_ACTION
2026-07-29,823837,664761,Alec Bohm,cleanroom_20260729T155216Z,2026-07-29T15:51:27+00:00,Over,128,LOSS,5.00,0,-5.0,SETTLEMENT_CERTIFIED
2026-07-29,823837,664761,Alec Bohm,cleanroom_20260729T155216Z,2026-07-29T15:51:27+00:00,Under,-167,WIN,5.00,2.9940119760479043,2.9940119760479043,SETTLEMENT_CERTIFIED
2026-07-29,823837,669016,Brandon Marsh,cleanroom_20260729T155216Z,2026-07-29T15:51:27+00:00,Over,126,LOSS,5.00,0,-5.0,SETTLEMENT_CERTIFIED
2026-07-29,823837,669016,Brandon Marsh,cleanroom_20260729T155216Z,2026-07-29T15:51:27+00:00,Under,-164,WIN,5.00,3.048780487804878,3.048780487804878,SETTLEMENT_CERTIFIED
2026-07-29,823837,669364,Xavier Edwards,cleanroom_20260729T155216Z,2026-07-29T15:51:27+00:00,Over,182,LOSS,5.00,0,-5.0,SETTLEMENT_CERTIFIED
2026-07-29,823837,669364,Xavier Edwards,cleanroom_20260729T155216Z,2026-07-29T15:51:27+00:00,Under,-244,WIN,5.00,2.0491803278688523,2.0491803278688523,SETTLEMENT_CERTIFIED
2026-07-29,823837,672640,Otto Lopez,cleanroom_20260729T155216Z,2026-07-29T15:51:27+00:00,Over,139,WIN,5.00,6.95,6.95,SETTLEMENT_CERTIFIED
2026-07-29,823837,672640,Otto Lopez,cleanroom_20260729T155216Z,2026-07-29T15:51:27+00:00,Under,-182,LOSS,5.00,0,-5.0,SETTLEMENT_CERTIFIED
2026-07-29,823837,681082,Bryson Stott,cleanroom_20260729T155216Z,2026-07-29T15:51:27+00:00,Over,118,WIN,5.00,5.9,5.9,SETTLEMENT_CERTIFIED
2026-07-29,823837,681082,Bryson Stott,cleanroom_20260729T155216Z,2026-07-29T15:51:27+00:00,Under,-154,LOSS,5.00,0,-5.0,SETTLEMENT_CERTIFIED
2026-07-29,823837,681715,Heriberto Hernández,cleanroom_20260729T155216Z,2026-07-29T15:51:27+00:00,Over,164,WIN,5.00,8.2,8.2,SETTLEMENT_CERTIFIED
2026-07-29,823837,681715,Heriberto Hernández,cleanroom_20260729T155216Z,2026-07-29T15:51:27+00:00,Under,-217,LOSS,5.00,0,-5.0,SETTLEMENT_CERTIFIED
2026-07-29,823837,687282,Gabriel Rincones Jr.,cleanroom_20260729T155216Z,2026-07-29T15:51:27+00:00,Over,204,LOSS,5.00,,,NO_ACTION
2026-07-29,823837,687282,Gabriel Rincones Jr.,cleanroom_20260729T155216Z,2026-07-29T15:51:27+00:00,Under,-278,WIN,5.00,,,NO_ACTION
2026-07-29,823837,691594,Javier Sanoja,cleanroom_20260729T155216Z,2026-07-29T15:51:27+00:00,Over,174,WIN,5.00,8.7,8.7,SETTLEMENT_CERTIFIED
2026-07-29,823837,691594,Javier Sanoja,cleanroom_20260729T155216Z,2026-07-29T15:51:27+00:00,Under,-233,LOSS,5.00,0,-5.0,SETTLEMENT_CERTIFIED
2026-07-29,823837,702222,Justin Crawford,cleanroom_20260729T155216Z,2026-07-29T15:51:27+00:00,Over,152,WIN,5.00,7.6,7.6,SETTLEMENT_CERTIFIED
2026-07-29,823837,702222,Justin Crawford,cleanroom_20260729T155216Z,2026-07-29T15:51:27+00:00,Under,-200,LOSS,5.00,0,-5.0,SETTLEMENT_CERTIFIED
2026-07-29,823924,518692,Freddie Freeman,cleanroom_20260730T011042Z,2026-07-30T01:10:54+00:00,Over,-102,WIN,5.00,4.901960784313726,4.901960784313726,SETTLEMENT_CERTIFIED
2026-07-29,823924,518692,Freddie Freeman,cleanroom_20260730T011042Z,2026-07-30T01:10:54+00:00,Under,-127,LOSS,5.00,0,-5.0,SETTLEMENT_CERTIFIED
2026-07-29,823924,571970,Max Muncy,cleanroom_20260730T011042Z,2026-07-30T01:10:54+00:00,Over,118,LOSS,5.00,0,-5.0,SETTLEMENT_CERTIFIED
2026-07-29,823924,571970,Max Muncy,cleanroom_20260730T011042Z,2026-07-30T01:10:54+00:00,Under,-154,WIN,5.00,3.2467532467532467,3.2467532467532467,SETTLEMENT_CERTIFIED
2026-07-29,823924,605141,Mookie Betts,cleanroom_20260730T011042Z,2026-07-30T01:10:54+00:00,Over,130,LOSS,5.00,0,-5.0,SETTLEMENT_CERTIFIED
2026-07-29,823924,605141,Mookie Betts,cleanroom_20260730T011042Z,2026-07-30T01:10:54+00:00,Under,-169,WIN,5.00,2.9585798816568047,2.9585798816568047,SETTLEMENT_CERTIFIED
2026-07-29,823924,606192,Teoscar Hernández,cleanroom_20260730T011042Z,2026-07-30T01:10:54+00:00,Over,144,WIN,5.00,7.2,7.2,SETTLEMENT_CERTIFIED
2026-07-29,823924,606192,Teoscar Hernández,cleanroom_20260730T011042Z,2026-07-30T01:10:54+00:00,Under,-189,LOSS,5.00,0,-5.0,SETTLEMENT_CERTIFIED
2026-07-29,823924,608701,Rob Refsnyder,cleanroom_20260730T011042Z,2026-07-30T01:10:54+00:00,Over,171,LOSS,5.00,0,-5.0,SETTLEMENT_CERTIFIED
2026-07-29,823924,608701,Rob Refsnyder,cleanroom_20260730T011042Z,2026-07-30T01:10:54+00:00,Under,-227,WIN,5.00,2.202643171806167,2.202643171806167,SETTLEMENT_CERTIFIED
2026-07-29,823924,647304,Josh Naylor,cleanroom_20260730T011042Z,2026-07-30T01:10:54+00:00,Over,155,WIN,5.00,7.75,7.75,SETTLEMENT_CERTIFIED
2026-07-29,823924,647304,Josh Naylor,cleanroom_20260730T011042Z,2026-07-30T01:10:54+00:00,Under,-204,LOSS,5.00,0,-5.0,SETTLEMENT_CERTIFIED
2026-07-29,823924,660271,Shohei Ohtani,cleanroom_20260730T011042Z,2026-07-30T01:10:54+00:00,Over,-118,WIN,5.00,4.237288135593221,4.237288135593221,SETTLEMENT_CERTIFIED
2026-07-29,823924,660271,Shohei Ohtani,cleanroom_20260730T011042Z,2026-07-30T01:10:54+00:00,Under,-110,LOSS,5.00,0,-5.0,SETTLEMENT_CERTIFIED
2026-07-29,823924,663656,Kyle Tucker,cleanroom_20260730T011042Z,2026-07-30T01:10:54+00:00,Over,149,LOSS,5.00,0,-5.0,SETTLEMENT_CERTIFIED
2026-07-29,823924,663656,Kyle Tucker,cleanroom_20260730T011042Z,2026-07-30T01:10:54+00:00,Under,-196,WIN,5.00,2.5510204081632653,2.5510204081632653,SETTLEMENT_CERTIFIED
2026-07-29,823924,663728,Cal Raleigh,cleanroom_20260730T011042Z,2026-07-30T01:10:54+00:00,Over,124,LOSS,5.00,0,-5.0,SETTLEMENT_CERTIFIED
2026-07-29,823924,663728,Cal Raleigh,cleanroom_20260730T011042Z,2026-07-30T01:10:54+00:00,Under,-161,WIN,5.00,3.1055900621118013,3.1055900621118013,SETTLEMENT_CERTIFIED
2026-07-29,823924,668227,Randy Arozarena,cleanroom_20260730T011042Z,2026-07-30T01:10:54+00:00,Over,118,LOSS,5.00,0,-5.0,SETTLEMENT_CERTIFIED
2026-07-29,823924,668227,Randy Arozarena,cleanroom_20260730T011042Z,2026-07-30T01:10:54+00:00,Under,-154,WIN,5.00,3.2467532467532467,3.2467532467532467,SETTLEMENT_CERTIFIED
2026-07-29,823924,669242,Tommy Edman,cleanroom_20260730T011042Z,2026-07-30T01:10:54+00:00,Over,126,LOSS,5.00,0,-5.0,SETTLEMENT_CERTIFIED
2026-07-29,823924,669242,Tommy Edman,cleanroom_20260730T011042Z,2026-07-30T01:10:54+00:00,Under,-164,WIN,5.00,3.048780487804878,3.048780487804878,SETTLEMENT_CERTIFIED
2026-07-29,823924,670042,Luke Raley,cleanroom_20260730T011042Z,2026-07-30T01:10:54+00:00,Over,171,LOSS,5.00,0,-5.0,SETTLEMENT_CERTIFIED
2026-07-29,823924,670042,Luke Raley,cleanroom_20260730T011042Z,2026-07-30T01:10:54+00:00,Under,-227,WIN,5.00,2.202643171806167,2.202643171806167,SETTLEMENT_CERTIFIED
2026-07-29,823924,677594,Julio Rodríguez,cleanroom_20260730T011042Z,2026-07-30T01:10:54+00:00,Over,100,LOSS,5.00,0,-5.0,SETTLEMENT_CERTIFIED
2026-07-29,823924,677594,Julio Rodríguez,cleanroom_20260730T011042Z,2026-07-30T01:10:54+00:00,Under,-130,WIN,5.00,3.8461538461538463,3.8461538461538463,SETTLEMENT_CERTIFIED
2026-07-29,823924,681624,Andy Pages,cleanroom_20260730T011042Z,2026-07-30T01:10:54+00:00,Over,117,WIN,5.00,5.85,5.85,SETTLEMENT_CERTIFIED
2026-07-29,823924,681624,Andy Pages,cleanroom_20260730T011042Z,2026-07-30T01:10:54+00:00,Under,-152,LOSS,5.00,0,-5.0,SETTLEMENT_CERTIFIED
2026-07-29,823924,686527,Dominic Canzone,cleanroom_20260730T011042Z,2026-07-30T01:10:54+00:00,Over,132,WIN,5.00,6.6,6.6,SETTLEMENT_CERTIFIED
2026-07-29,823924,686527,Dominic Canzone,cleanroom_20260730T011042Z,2026-07-30T01:10:54+00:00,Under,-172,LOSS,5.00,0,-5.0,SETTLEMENT_CERTIFIED
2026-07-29,823924,687221,Dalton Rushing,cleanroom_20260730T011042Z,2026-07-30T01:10:54+00:00,Over,164,LOSS,5.00,0,-5.0,SETTLEMENT_CERTIFIED
2026-07-29,823924,687221,Dalton Rushing,cleanroom_20260730T011042Z,2026-07-30T01:10:54+00:00,Under,-217,WIN,5.00,2.304147465437788,2.304147465437788,SETTLEMENT_CERTIFIED
2026-07-29,823924,702284,Cole Young,cleanroom_20260730T011042Z,2026-07-30T01:10:54+00:00,Over,141,WIN,5.00,7.05,7.05,SETTLEMENT_CERTIFIED
2026-07-29,823924,702284,Cole Young,cleanroom_20260730T011042Z,2026-07-30T01:10:54+00:00,Under,-185,LOSS,5.00,0,-5.0,SETTLEMENT_CERTIFIED
2026-07-29,824002,514888,Jose Altuve,cleanroom_20260730T011042Z,2026-07-30T01:11:17+00:00,Over,136,WIN,5.00,6.8,6.8,SETTLEMENT_CERTIFIED
2026-07-29,824002,514888,Jose Altuve,cleanroom_20260730T011042Z,2026-07-30T01:11:17+00:00,Under,-179,LOSS,5.00,0,-5.0,SETTLEMENT_CERTIFIED
2026-07-29,824002,545361,Mike Trout,cleanroom_20260730T011042Z,2026-07-30T01:11:17+00:00,Over,122,WIN,5.00,6.1,6.1,SETTLEMENT_CERTIFIED
2026-07-29,824002,545361,Mike Trout,cleanroom_20260730T011042Z,2026-07-30T01:11:17+00:00,Under,-159,LOSS,5.00,0,-5.0,SETTLEMENT_CERTIFIED
2026-07-29,824002,572233,Christian Walker,cleanroom_20260730T011042Z,2026-07-30T01:11:17+00:00,Over,120,LOSS,5.00,0,-5.0,SETTLEMENT_CERTIFIED
2026-07-29,824002,572233,Christian Walker,cleanroom_20260730T011042Z,2026-07-30T01:11:17+00:00,Under,-156,WIN,5.00,3.2051282051282053,3.2051282051282053,SETTLEMENT_CERTIFIED
2026-07-29,824002,624585,Jorge Soler,cleanroom_20260729T194916Z,2026-07-29T19:49:44+00:00,Over,155,LOSS,5.00,,,NO_ACTION
2026-07-29,824002,624585,Jorge Soler,cleanroom_20260729T194916Z,2026-07-29T19:49:44+00:00,Under,-204,WIN,5.00,,,NO_ACTION
2026-07-29,824002,665161,Jeremy Peña,cleanroom_20260730T011042Z,2026-07-30T01:11:17+00:00,Over,-101,WIN,5.00,4.9504950495049505,4.9504950495049505,SETTLEMENT_CERTIFIED
2026-07-29,824002,665161,Jeremy Peña,cleanroom_20260730T011042Z,2026-07-30T01:11:17+00:00,Under,-128,LOSS,5.00,0,-5.0,SETTLEMENT_CERTIFIED
2026-07-29,824002,666139,Josh Lowe,cleanroom_20260729T194916Z,2026-07-29T19:49:44+00:00,Over,171,LOSS,5.00,0,-5.0,SETTLEMENT_CERTIFIED
2026-07-29,824002,666139,Josh Lowe,cleanroom_20260729T194916Z,2026-07-29T19:49:44+00:00,Under,-227,WIN,5.00,2.202643171806167,2.202643171806167,SETTLEMENT_CERTIFIED
2026-07-29,824002,666176,Jo Adell,cleanroom_20260730T011042Z,2026-07-30T01:11:17+00:00,Over,132,WIN,5.00,6.6,6.6,SETTLEMENT_CERTIFIED
2026-07-29,824002,666176,Jo Adell,cleanroom_20260730T011042Z,2026-07-30T01:11:17+00:00,Under,-172,LOSS,5.00,0,-5.0,SETTLEMENT_CERTIFIED
2026-07-29,824002,666211,Taylor Trammell,cleanroom_20260730T011042Z,2026-07-30T01:11:17+00:00,Over,161,LOSS,5.00,0,-5.0,SETTLEMENT_CERTIFIED
2026-07-29,824002,666211,Taylor Trammell,cleanroom_20260730T011042Z,2026-07-30T01:11:17+00:00,Under,-213,WIN,5.00,2.347417840375587,2.347417840375587,SETTLEMENT_CERTIFIED
2026-07-29,824002,670541,Yordan Alvarez,cleanroom_20260730T011042Z,2026-07-30T01:11:17+00:00,Over,-135,LOSS,5.00,0,-5.0,SETTLEMENT_CERTIFIED
2026-07-29,824002,670541,Yordan Alvarez,cleanroom_20260730T011042Z,2026-07-30T01:11:17+00:00,Under,105,WIN,5.00,5.25,5.25,SETTLEMENT_CERTIFIED
2026-07-29,824002,670623,Isaac Paredes,cleanroom_20260730T011042Z,2026-07-30T01:11:17+00:00,Over,118,LOSS,5.00,0,-5.0,SETTLEMENT_CERTIFIED
2026-07-29,824002,670623,Isaac Paredes,cleanroom_20260730T011042Z,2026-07-30T01:11:17+00:00,Under,-154,WIN,5.00,3.2467532467532467,3.2467532467532467,SETTLEMENT_CERTIFIED
2026-07-29,824002,673237,Yainer Diaz,cleanroom_20260730T011042Z,2026-07-30T01:11:17+00:00,Over,126,WIN,5.00,6.3,6.3,SETTLEMENT_CERTIFIED
2026-07-29,824002,673237,Yainer Diaz,cleanroom_20260730T011042Z,2026-07-30T01:11:17+00:00,Under,-164,LOSS,5.00,0,-5.0,SETTLEMENT_CERTIFIED
2026-07-29,824002,687093,Vaughn Grissom,cleanroom_20260730T011042Z,2026-07-30T01:11:17+00:00,Over,130,WIN,5.00,6.5,6.5,SETTLEMENT_CERTIFIED
2026-07-29,824002,687093,Vaughn Grissom,cleanroom_20260730T011042Z,2026-07-30T01:11:17+00:00,Under,-169,LOSS,5.00,0,-5.0,SETTLEMENT_CERTIFIED
2026-07-29,824002,687263,Zach Neto,cleanroom_20260730T011042Z,2026-07-30T01:11:17+00:00,Over,117,LOSS,5.00,0,-5.0,SETTLEMENT_CERTIFIED
2026-07-29,824002,687263,Zach Neto,cleanroom_20260730T011042Z,2026-07-30T01:11:17+00:00,Under,-152,WIN,5.00,3.289473684210526,3.289473684210526,SETTLEMENT_CERTIFIED
2026-07-29,824002,694203,Denzer Guzman,cleanroom_20260730T011042Z,2026-07-30T01:11:17+00:00,Over,161,LOSS,5.00,0,-5.0,SETTLEMENT_CERTIFIED
2026-07-29,824002,694203,Denzer Guzman,cleanroom_20260730T011042Z,2026-07-30T01:11:17+00:00,Under,-213,WIN,5.00,2.347417840375587,2.347417840375587,SETTLEMENT_CERTIFIED
2026-07-29,824002,694384,Nolan Schanuel,cleanroom_20260730T011042Z,2026-07-30T01:11:17+00:00,Over,136,WIN,5.00,6.8,6.8,SETTLEMENT_CERTIFIED
2026-07-29,824002,694384,Nolan Schanuel,cleanroom_20260730T011042Z,2026-07-30T01:11:17+00:00,Under,-179,LOSS,5.00,0,-5.0,SETTLEMENT_CERTIFIED
2026-07-29,824002,701358,Cam Smith,cleanroom_20260730T011042Z,2026-07-30T01:11:17+00:00,Over,146,WIN,5.00,7.3,7.3,SETTLEMENT_CERTIFIED
2026-07-29,824002,701358,Cam Smith,cleanroom_20260730T011042Z,2026-07-30T01:11:17+00:00,Under,-192,LOSS,5.00,0,-5.0,SETTLEMENT_CERTIFIED
2026-07-29,824002,828599,Lucas Spence,cleanroom_20260730T011042Z,2026-07-30T01:11:17+00:00,Over,178,LOSS,5.00,0,-5.0,SETTLEMENT_CERTIFIED
2026-07-29,824002,828599,Lucas Spence,cleanroom_20260730T011042Z,2026-07-30T01:11:17+00:00,Under,-238,WIN,5.00,2.100840336134454,2.100840336134454,SETTLEMENT_CERTIFIED
2026-07-29,824242,595879,Javier Báez,cleanroom_20260729T135332Z,2026-07-29T13:53:20+00:00,Over,167,WIN,5.00,8.35,8.35,SETTLEMENT_CERTIFIED
2026-07-29,824242,595879,Javier Báez,cleanroom_20260729T135332Z,2026-07-29T13:53:20+00:00,Under,-222,LOSS,5.00,0,-5.0,SETTLEMENT_CERTIFIED
2026-07-29,824242,621493,Taylor Ward,cleanroom_20260729T162627Z,2026-07-29T16:25:59+00:00,Over,171,LOSS,5.00,0,-5.0,SETTLEMENT_CERTIFIED
2026-07-29,824242,621493,Taylor Ward,cleanroom_20260729T162627Z,2026-07-29T16:25:59+00:00,Under,-227,WIN,5.00,2.202643171806167,2.202643171806167,SETTLEMENT_CERTIFIED
2026-07-29,824242,624413,Pete Alonso,cleanroom_20260729T162627Z,2026-07-29T16:25:59+00:00,Over,146,LOSS,5.00,0,-5.0,SETTLEMENT_CERTIFIED
2026-07-29,824242,624413,Pete Alonso,cleanroom_20260729T162627Z,2026-07-29T16:25:59+00:00,Under,-192,WIN,5.00,2.6041666666666665,2.6041666666666665,SETTLEMENT_CERTIFIED
2026-07-29,824242,641933,Tyler O'Neill,cleanroom_20260729T162627Z,2026-07-29T16:25:59+00:00,Over,171,LOSS,5.00,0,-5.0,SETTLEMENT_CERTIFIED
2026-07-29,824242,641933,Tyler O'Neill,cleanroom_20260729T162627Z,2026-07-29T16:25:59+00:00,Under,-227,WIN,5.00,2.202643171806167,2.202643171806167,SETTLEMENT_CERTIFIED
2026-07-29,824242,650402,Gleyber Torres,cleanroom_20260729T162627Z,2026-07-29T16:25:59+00:00,Over,134,WIN,5.00,6.7,6.7,SETTLEMENT_CERTIFIED
2026-07-29,824242,650402,Gleyber Torres,cleanroom_20260729T162627Z,2026-07-29T16:25:59+00:00,Under,-175,LOSS,5.00,0,-5.0,SETTLEMENT_CERTIFIED
2026-07-29,824242,663837,Matt Vierling,cleanroom_20260729T162627Z,2026-07-29T16:25:59+00:00,Over,145,WIN,5.00,7.25,7.25,SETTLEMENT_CERTIFIED
2026-07-29,824242,663837,Matt Vierling,cleanroom_20260729T162627Z,2026-07-29T16:25:59+00:00,Under,-192,LOSS,5.00,0,-5.0,SETTLEMENT_CERTIFIED
2026-07-29,824242,679529,Spencer Torkelson,cleanroom_20260729T162627Z,2026-07-29T16:25:59+00:00,Over,152,WIN,5.00,7.6,7.6,SETTLEMENT_CERTIFIED
2026-07-29,824242,679529,Spencer Torkelson,cleanroom_20260729T162627Z,2026-07-29T16:25:59+00:00,Under,-200,LOSS,5.00,0,-5.0,SETTLEMENT_CERTIFIED
2026-07-29,824242,680664,Eduardo Valencia,cleanroom_20260729T162627Z,2026-07-29T16:25:59+00:00,Over,158,LOSS,5.00,0,-5.0,SETTLEMENT_CERTIFIED
2026-07-29,824242,680664,Eduardo Valencia,cleanroom_20260729T162627Z,2026-07-29T16:25:59+00:00,Under,-208,WIN,5.00,2.4038461538461537,2.4038461538461537,SETTLEMENT_CERTIFIED
2026-07-29,824242,682985,Riley Greene,cleanroom_20260729T162627Z,2026-07-29T16:25:59+00:00,Over,155,LOSS,5.00,0,-5.0,SETTLEMENT_CERTIFIED
2026-07-29,824242,682985,Riley Greene,cleanroom_20260729T162627Z,2026-07-29T16:25:59+00:00,Under,-204,WIN,5.00,2.450980392156863,2.450980392156863,SETTLEMENT_CERTIFIED
2026-07-29,824242,683002,Gunnar Henderson,cleanroom_20260729T162627Z,2026-07-29T16:25:59+00:00,Over,161,LOSS,5.00,0,-5.0,SETTLEMENT_CERTIFIED
2026-07-29,824242,683002,Gunnar Henderson,cleanroom_20260729T162627Z,2026-07-29T16:25:59+00:00,Under,-213,WIN,5.00,2.347417840375587,2.347417840375587,SETTLEMENT_CERTIFIED
2026-07-29,824242,687952,Christian Encarnacion-Strand,cleanroom_20260729T162627Z,2026-07-29T16:25:59+00:00,Over,171,LOSS,5.00,0,-5.0,SETTLEMENT_CERTIFIED
2026-07-29,824242,687952,Christian Encarnacion-Strand,cleanroom_20260729T162627Z,2026-07-29T16:25:59+00:00,Under,-227,WIN,5.00,2.202643171806167,2.202643171806167,SETTLEMENT_CERTIFIED
2026-07-29,824242,693307,Dillon Dingler,cleanroom_20260729T162627Z,2026-07-29T16:25:59+00:00,Over,118,LOSS,5.00,0,-5.0,SETTLEMENT_CERTIFIED
2026-07-29,824242,693307,Dillon Dingler,cleanroom_20260729T162627Z,2026-07-29T16:25:59+00:00,Under,-154,WIN,5.00,3.2467532467532467,3.2467532467532467,SETTLEMENT_CERTIFIED
2026-07-29,824242,701678,Hao-Yu Lee,cleanroom_20260729T162627Z,2026-07-29T16:25:59+00:00,Over,139,LOSS,5.00,0,-5.0,SETTLEMENT_CERTIFIED
2026-07-29,824242,701678,Hao-Yu Lee,cleanroom_20260729T162627Z,2026-07-29T16:25:59+00:00,Under,-182,WIN,5.00,2.7472527472527473,2.7472527472527473,SETTLEMENT_CERTIFIED
2026-07-29,824242,805808,Kevin McGonigle,cleanroom_20260729T162627Z,2026-07-29T16:25:59+00:00,Over,146,LOSS,5.00,0,-5.0,SETTLEMENT_CERTIFIED
2026-07-29,824242,805808,Kevin McGonigle,cleanroom_20260729T162627Z,2026-07-29T16:25:59+00:00,Under,-192,WIN,5.00,2.6041666666666665,2.6041666666666665,SETTLEMENT_CERTIFIED
2026-07-29,824487,553993,Eugenio Suárez,cleanroom_20260729T230547Z,2026-07-29T23:05:41+00:00,Over,186,LOSS,5.00,0,-5.0,SETTLEMENT_CERTIFIED
2026-07-29,824487,553993,Eugenio Suárez,cleanroom_20260729T230547Z,2026-07-29T23:05:41+00:00,Under,-250,WIN,5.00,2.0,2.0,SETTLEMENT_CERTIFIED
2026-07-29,824487,608070,José Ramírez,cleanroom_20260729T230547Z,2026-07-29T23:05:41+00:00,Over,-101,WIN,5.00,4.9504950495049505,4.9504950495049505,SETTLEMENT_CERTIFIED
2026-07-29,824487,608070,José Ramírez,cleanroom_20260729T230547Z,2026-07-29T23:05:41+00:00,Under,-128,LOSS,5.00,0,-5.0,SETTLEMENT_CERTIFIED
2026-07-29,824487,663886,Tyler Stephenson,cleanroom_20260729T194916Z,2026-07-29T19:48:57+00:00,Over,178,LOSS,5.00,0,-5.0,SETTLEMENT_CERTIFIED
2026-07-29,824487,663886,Tyler Stephenson,cleanroom_20260729T194916Z,2026-07-29T19:48:57+00:00,Under,-238,WIN,5.00,2.100840336134454,2.100840336134454,SETTLEMENT_CERTIFIED
2026-07-29,824487,668709,JJ Bleday,cleanroom_20260729T175530Z,2026-07-29T17:55:21+00:00,Over,164,LOSS,5.00,0,-5.0,SETTLEMENT_CERTIFIED
2026-07-29,824487,668709,JJ Bleday,cleanroom_20260729T175530Z,2026-07-29T17:55:21+00:00,Under,-217,WIN,5.00,2.304147465437788,2.304147465437788,SETTLEMENT_CERTIFIED
2026-07-29,824487,672275,Patrick Bailey,cleanroom_20260729T230547Z,2026-07-29T23:05:41+00:00,Over,171,LOSS,5.00,0,-5.0,SETTLEMENT_CERTIFIED
2026-07-29,824487,672275,Patrick Bailey,cleanroom_20260729T230547Z,2026-07-29T23:05:41+00:00,Under,-227,WIN,5.00,2.202643171806167,2.202643171806167,SETTLEMENT_CERTIFIED
2026-07-29,824487,672356,Gabriel Arias,cleanroom_20260729T230547Z,2026-07-29T23:05:41+00:00,Over,174,WIN,5.00,8.7,8.7,SETTLEMENT_CERTIFIED
2026-07-29,824487,672356,Gabriel Arias,cleanroom_20260729T230547Z,2026-07-29T23:05:41+00:00,Under,-233,LOSS,5.00,0,-5.0,SETTLEMENT_CERTIFIED
2026-07-29,824487,677587,Brayan Rocchio,cleanroom_20260729T230547Z,2026-07-29T23:05:41+00:00,Over,146,WIN,5.00,7.3,7.3,SETTLEMENT_CERTIFIED
2026-07-29,824487,677587,Brayan Rocchio,cleanroom_20260729T230547Z,2026-07-29T23:05:41+00:00,Under,-192,LOSS,5.00,0,-5.0,SETTLEMENT_CERTIFIED
2026-07-29,824487,680757,Steven Kwan,cleanroom_20260729T230547Z,2026-07-29T23:05:41+00:00,Over,134,WIN,5.00,6.7,6.7,SETTLEMENT_CERTIFIED
2026-07-29,824487,680757,Steven Kwan,cleanroom_20260729T230547Z,2026-07-29T23:05:41+00:00,Under,-175,LOSS,5.00,0,-5.0,SETTLEMENT_CERTIFIED
2026-07-29,824487,682657,Angel Martínez,cleanroom_20260729T230547Z,2026-07-29T23:05:41+00:00,Over,136,LOSS,5.00,,,NO_ACTION
2026-07-29,824487,682657,Angel Martínez,cleanroom_20260729T230547Z,2026-07-29T23:05:41+00:00,Under,-179,WIN,5.00,,,NO_ACTION
2026-07-29,824487,682829,Elly De La Cruz,cleanroom_20260729T230547Z,2026-07-29T23:05:41+00:00,Over,134,LOSS,5.00,0,-5.0,SETTLEMENT_CERTIFIED
2026-07-29,824487,682829,Elly De La Cruz,cleanroom_20260729T230547Z,2026-07-29T23:05:41+00:00,Under,-175,WIN,5.00,2.857142857142857,2.857142857142857,SETTLEMENT_CERTIFIED
2026-07-29,824487,683953,Travis Bazzana,cleanroom_20260729T230547Z,2026-07-29T23:05:41+00:00,Over,130,WIN,5.00,6.5,6.5,SETTLEMENT_CERTIFIED
2026-07-29,824487,683953,Travis Bazzana,cleanroom_20260729T230547Z,2026-07-29T23:05:41+00:00,Under,-169,LOSS,5.00,0,-5.0,SETTLEMENT_CERTIFIED
2026-07-29,824487,690984,Petey Halpin,cleanroom_20260729T135332Z,2026-07-29T13:52:55+00:00,Over,186,LOSS,5.00,0,-5.0,SETTLEMENT_CERTIFIED
2026-07-29,824487,690984,Petey Halpin,cleanroom_20260729T135332Z,2026-07-29T13:52:55+00:00,Under,-250,WIN,5.00,2.0,2.0,SETTLEMENT_CERTIFIED
2026-07-29,824487,700932,Kyle Manzardo,cleanroom_20260729T230547Z,2026-07-29T23:05:41+00:00,Over,141,WIN,5.00,7.05,7.05,SETTLEMENT_CERTIFIED
2026-07-29,824487,700932,Kyle Manzardo,cleanroom_20260729T230547Z,2026-07-29T23:05:41+00:00,Under,-185,LOSS,5.00,0,-5.0,SETTLEMENT_CERTIFIED
2026-07-29,824487,701398,Sal Stewart,cleanroom_20260729T230547Z,2026-07-29T23:05:41+00:00,Over,130,LOSS,5.00,0,-5.0,SETTLEMENT_CERTIFIED
2026-07-29,824487,701398,Sal Stewart,cleanroom_20260729T230547Z,2026-07-29T23:05:41+00:00,Under,-169,WIN,5.00,2.9585798816568047,2.9585798816568047,SETTLEMENT_CERTIFIED
2026-07-29,824487,800050,Chase DeLauter,cleanroom_20260729T230547Z,2026-07-29T23:05:41+00:00,Over,105,LOSS,5.00,0,-5.0,SETTLEMENT_CERTIFIED
2026-07-29,824487,800050,Chase DeLauter,cleanroom_20260729T230547Z,2026-07-29T23:05:41+00:00,Under,-135,WIN,5.00,3.7037037037037037,3.7037037037037037,SETTLEMENT_CERTIFIED
2026-07-29,824567,502671,Paul Goldschmidt,cleanroom_20260729T233728Z,2026-07-29T23:37:41+00:00,Over,152,WIN,5.00,7.6,7.6,SETTLEMENT_CERTIFIED
2026-07-29,824567,502671,Paul Goldschmidt,cleanroom_20260729T233728Z,2026-07-29T23:37:41+00:00,Under,-200,LOSS,5.00,0,-5.0,SETTLEMENT_CERTIFIED
2026-07-29,824567,641857,Ryan McMahon,cleanroom_20260729T135332Z,2026-07-29T13:53:46+00:00,Over,186,LOSS,5.00,0,-5.0,SETTLEMENT_CERTIFIED
2026-07-29,824567,641857,Ryan McMahon,cleanroom_20260729T135332Z,2026-07-29T13:53:46+00:00,Under,-250,WIN,5.00,2.0,2.0,SETTLEMENT_CERTIFIED
2026-07-29,824567,663757,Trent Grisham,cleanroom_20260729T233728Z,2026-07-29T23:37:41+00:00,Over,136,LOSS,5.00,0,-5.0,SETTLEMENT_CERTIFIED
2026-07-29,824567,663757,Trent Grisham,cleanroom_20260729T233728Z,2026-07-29T23:37:41+00:00,Under,-179,WIN,5.00,2.793296089385475,2.793296089385475,SETTLEMENT_CERTIFIED
2026-07-29,824567,665862,Jazz Chisholm Jr.,cleanroom_20260729T233728Z,2026-07-29T23:37:41+00:00,Over,174,LOSS,5.00,0,-5.0,SETTLEMENT_CERTIFIED
2026-07-29,824567,665862,Jazz Chisholm Jr.,cleanroom_20260729T233728Z,2026-07-29T23:37:41+00:00,Under,-233,WIN,5.00,2.1459227467811157,2.1459227467811157,SETTLEMENT_CERTIFIED
2026-07-29,824567,678246,Miguel Vargas,cleanroom_20260729T233728Z,2026-07-29T23:37:41+00:00,Over,139,LOSS,5.00,0,-5.0,SETTLEMENT_CERTIFIED
2026-07-29,824567,678246,Miguel Vargas,cleanroom_20260729T233728Z,2026-07-29T23:37:41+00:00,Under,-182,WIN,5.00,2.7472527472527473,2.7472527472527473,SETTLEMENT_CERTIFIED
2026-07-29,824567,682987,Spencer Jones,cleanroom_20260729T233728Z,2026-07-29T23:37:41+00:00,Over,178,WIN,5.00,8.9,8.9,SETTLEMENT_CERTIFIED
2026-07-29,824567,682987,Spencer Jones,cleanroom_20260729T233728Z,2026-07-29T23:37:41+00:00,Under,-238,LOSS,5.00,0,-5.0,SETTLEMENT_CERTIFIED
2026-07-29,824567,691176,Jasson Domínguez,cleanroom_20260729T233728Z,2026-07-29T23:37:41+00:00,Over,132,LOSS,5.00,0,-5.0,SETTLEMENT_CERTIFIED
2026-07-29,824567,691176,Jasson Domínguez,cleanroom_20260729T233728Z,2026-07-29T23:37:41+00:00,Under,-172,WIN,5.00,2.9069767441860463,2.9069767441860463,SETTLEMENT_CERTIFIED
2026-07-29,824567,695657,Colson Montgomery,cleanroom_20260729T233728Z,2026-07-29T23:37:41+00:00,Over,152,LOSS,5.00,0,-5.0,SETTLEMENT_CERTIFIED
2026-07-29,824567,695657,Colson Montgomery,cleanroom_20260729T233728Z,2026-07-29T23:37:41+00:00,Under,-200,WIN,5.00,2.5,2.5,SETTLEMENT_CERTIFIED
2026-07-29,824567,700250,Ben Rice,cleanroom_20260729T233728Z,2026-07-29T23:37:41+00:00,Over,113,WIN,5.00,5.65,5.65,SETTLEMENT_CERTIFIED
2026-07-29,824567,700250,Ben Rice,cleanroom_20260729T233728Z,2026-07-29T23:37:41+00:00,Under,-147,LOSS,5.00,0,-5.0,SETTLEMENT_CERTIFIED
2026-07-29,824567,803011,Sam Antonacci,cleanroom_20260729T233728Z,2026-07-29T23:37:41+00:00,Over,164,WIN,5.00,8.2,8.2,SETTLEMENT_CERTIFIED
2026-07-29,824567,803011,Sam Antonacci,cleanroom_20260729T233728Z,2026-07-29T23:37:41+00:00,Under,-217,LOSS,5.00,0,-5.0,SETTLEMENT_CERTIFIED
2026-07-29,824567,808959,Munetaka Murakami,cleanroom_20260729T233728Z,2026-07-29T23:37:41+00:00,Over,171,WIN,5.00,8.55,8.55,SETTLEMENT_CERTIFIED
2026-07-29,824567,808959,Munetaka Murakami,cleanroom_20260729T233728Z,2026-07-29T23:37:41+00:00,Under,-227,LOSS,5.00,0,-5.0,SETTLEMENT_CERTIFIED
2026-07-29,824973,575929,Willson Contreras,cleanroom_20260730T011042Z,2026-07-30T01:11:16+00:00,Over,-116,LOSS,5.00,0,-5.0,SETTLEMENT_CERTIFIED
2026-07-29,824973,575929,Willson Contreras,cleanroom_20260730T011042Z,2026-07-30T01:11:16+00:00,Under,-111,WIN,5.00,4.504504504504505,4.504504504504505,SETTLEMENT_CERTIFIED
2026-07-29,824973,641680,Jonah Heim,cleanroom_20260730T011042Z,2026-07-30T01:11:16+00:00,Over,128,WIN,5.00,6.4,6.4,SETTLEMENT_CERTIFIED
2026-07-29,824973,641680,Jonah Heim,cleanroom_20260730T011042Z,2026-07-30T01:11:16+00:00,Under,-167,LOSS,5.00,0,-5.0,SETTLEMENT_CERTIFIED
2026-07-29,824973,643446,Jeff McNeil,cleanroom_20260730T011042Z,2026-07-30T01:11:16+00:00,Over,174,WIN,5.00,8.7,8.7,SETTLEMENT_CERTIFIED
2026-07-29,824973,643446,Jeff McNeil,cleanroom_20260730T011042Z,2026-07-30T01:11:16+00:00,Under,-233,LOSS,5.00,0,-5.0,SETTLEMENT_CERTIFIED
2026-07-29,824973,655316,Andruw Monasterio,cleanroom_20260730T011042Z,2026-07-30T01:11:16+00:00,Over,126,WIN,5.00,6.3,6.3,SETTLEMENT_CERTIFIED
2026-07-29,824973,655316,Andruw Monasterio,cleanroom_20260730T011042Z,2026-07-30T01:11:16+00:00,Under,-164,LOSS,5.00,0,-5.0,SETTLEMENT_CERTIFIED
2026-07-29,824973,657136,Connor Wong,cleanroom_20260730T011042Z,2026-07-30T01:11:16+00:00,Over,158,LOSS,5.00,0,-5.0,SETTLEMENT_CERTIFIED
2026-07-29,824973,657136,Connor Wong,cleanroom_20260730T011042Z,2026-07-30T01:11:16+00:00,Under,-208,WIN,5.00,2.4038461538461537,2.4038461538461537,SETTLEMENT_CERTIFIED
2026-07-29,824973,663853,Romy Gonzalez,cleanroom_20260730T011042Z,2026-07-30T01:11:16+00:00,Over,100,LOSS,5.00,0,-5.0,SETTLEMENT_CERTIFIED
2026-07-29,824973,663853,Romy Gonzalez,cleanroom_20260730T011042Z,2026-07-30T01:11:16+00:00,Under,-130,WIN,5.00,3.8461538461538463,3.8461538461538463,SETTLEMENT_CERTIFIED
2026-07-29,824973,665966,Carlos Narváez,cleanroom_20260730T011042Z,2026-07-30T01:11:16+00:00,Over,161,LOSS,5.00,0,-5.0,SETTLEMENT_CERTIFIED
2026-07-29,824973,665966,Carlos Narváez,cleanroom_20260730T011042Z,2026-07-30T01:11:16+00:00,Under,-213,WIN,5.00,2.347417840375587,2.347417840375587,SETTLEMENT_CERTIFIED
2026-07-29,824973,677800,Wilyer Abreu,cleanroom_20260730T011042Z,2026-07-30T01:11:16+00:00,Over,107,LOSS,5.00,0,-5.0,SETTLEMENT_CERTIFIED
2026-07-29,824973,677800,Wilyer Abreu,cleanroom_20260730T011042Z,2026-07-30T01:11:16+00:00,Under,-139,WIN,5.00,3.597122302158273,3.597122302158273,SETTLEMENT_CERTIFIED
2026-07-29,824973,678882,Ceddanne Rafaela,cleanroom_20260730T011042Z,2026-07-30T01:11:16+00:00,Over,-114,WIN,5.00,4.385964912280702,4.385964912280702,SETTLEMENT_CERTIFIED
2026-07-29,824973,678882,Ceddanne Rafaela,cleanroom_20260730T011042Z,2026-07-30T01:11:16+00:00,Under,-114,LOSS,5.00,0,-5.0,SETTLEMENT_CERTIFIED
2026-07-29,824973,680776,Jarren Duran,cleanroom_20260730T011042Z,2026-07-30T01:11:16+00:00,Over,155,LOSS,5.00,0,-5.0,SETTLEMENT_CERTIFIED
2026-07-29,824973,680776,Jarren Duran,cleanroom_20260730T011042Z,2026-07-30T01:11:16+00:00,Under,-204,WIN,5.00,2.450980392156863,2.450980392156863,SETTLEMENT_CERTIFIED
2026-07-29,824973,686765,Nick Sogard,cleanroom_20260730T011042Z,2026-07-30T01:11:16+00:00,Over,171,WIN,5.00,8.55,8.55,SETTLEMENT_CERTIFIED
2026-07-29,824973,686765,Nick Sogard,cleanroom_20260730T011042Z,2026-07-30T01:11:16+00:00,Under,-227,LOSS,5.00,0,-5.0,SETTLEMENT_CERTIFIED
2026-07-29,824973,687515,Colby Thomas,cleanroom_20260730T011042Z,2026-07-30T01:11:16+00:00,Over,161,LOSS,5.00,0,-5.0,SETTLEMENT_CERTIFIED
2026-07-29,824973,687515,Colby Thomas,cleanroom_20260730T011042Z,2026-07-30T01:11:16+00:00,Under,-213,WIN,5.00,2.347417840375587,2.347417840375587,SETTLEMENT_CERTIFIED
2026-07-29,824973,691016,Tyler Soderstrom,cleanroom_20260730T011042Z,2026-07-30T01:11:16+00:00,Over,122,LOSS,5.00,0,-5.0,SETTLEMENT_CERTIFIED
2026-07-29,824973,691016,Tyler Soderstrom,cleanroom_20260730T011042Z,2026-07-30T01:11:16+00:00,Under,-159,WIN,5.00,3.1446540880503147,3.1446540880503147,SETTLEMENT_CERTIFIED
2026-07-29,824973,695720,Tommy White,cleanroom_20260730T011042Z,2026-07-30T01:11:16+00:00,Over,122,LOSS,5.00,0,-5.0,SETTLEMENT_CERTIFIED
2026-07-29,824973,695720,Tommy White,cleanroom_20260730T011042Z,2026-07-30T01:11:16+00:00,Under,-159,WIN,5.00,3.1446540880503147,3.1446540880503147,SETTLEMENT_CERTIFIED
2026-07-29,824973,701762,Nick Kurtz,cleanroom_20260730T011042Z,2026-07-30T01:11:16+00:00,Over,120,LOSS,5.00,0,-5.0,SETTLEMENT_CERTIFIED
2026-07-29,824973,701762,Nick Kurtz,cleanroom_20260730T011042Z,2026-07-30T01:11:16+00:00,Under,-156,WIN,5.00,3.2051282051282053,3.2051282051282053,SETTLEMENT_CERTIFIED
2026-07-29,824973,702332,Caleb Durbin,cleanroom_20260730T011042Z,2026-07-30T01:11:16+00:00,Over,115,WIN,5.00,5.75,5.75,SETTLEMENT_CERTIFIED
2026-07-29,824973,702332,Caleb Durbin,cleanroom_20260730T011042Z,2026-07-30T01:11:16+00:00,Under,-149,LOSS,5.00,0,-5.0,SETTLEMENT_CERTIFIED
2026-07-29,824973,703607,Henry Bolte,cleanroom_20260730T011042Z,2026-07-30T01:11:16+00:00,Over,158,LOSS,5.00,0,-5.0,SETTLEMENT_CERTIFIED
2026-07-29,824973,703607,Henry Bolte,cleanroom_20260730T011042Z,2026-07-30T01:11:16+00:00,Under,-208,WIN,5.00,2.4038461538461537,2.4038461538461537,SETTLEMENT_CERTIFIED
2026-07-29,824973,805779,Jacob Wilson,cleanroom_20260730T011042Z,2026-07-30T01:11:16+00:00,Over,-111,LOSS,5.00,0,-5.0,SETTLEMENT_CERTIFIED
2026-07-29,824973,805779,Jacob Wilson,cleanroom_20260730T011042Z,2026-07-30T01:11:16+00:00,Under,-116,WIN,5.00,4.310344827586207,4.310344827586207,SETTLEMENT_CERTIFIED
2026-07-30,822946,607043,Brandon Nimmo,cleanroom_20260730T152752Z,2026-07-30T15:27:29+00:00,Over,141,LOSS,5.00,0,-5.0,SETTLEMENT_CERTIFIED
2026-07-30,822946,607043,Brandon Nimmo,cleanroom_20260730T152752Z,2026-07-30T15:27:29+00:00,Under,-185,WIN,5.00,2.7027027027027026,2.7027027027027026,SETTLEMENT_CERTIFIED
2026-07-30,822946,650490,Yandy Díaz,cleanroom_20260730T152752Z,2026-07-30T15:27:29+00:00,Over,113,WIN,5.00,5.65,5.65,SETTLEMENT_CERTIFIED
2026-07-30,822946,650490,Yandy Díaz,cleanroom_20260730T152752Z,2026-07-30T15:27:29+00:00,Under,-147,LOSS,5.00,0,-5.0,SETTLEMENT_CERTIFIED
2026-07-30,822946,656775,Cedric Mullins,cleanroom_20260730T152752Z,2026-07-30T15:27:29+00:00,Over,158,WIN,5.00,7.9,7.9,SETTLEMENT_CERTIFIED
2026-07-30,822946,656775,Cedric Mullins,cleanroom_20260730T152752Z,2026-07-30T15:27:29+00:00,Under,-208,LOSS,5.00,0,-5.0,SETTLEMENT_CERTIFIED
2026-07-30,822946,666018,Jonathan Aranda,cleanroom_20260730T152752Z,2026-07-30T15:27:29+00:00,Over,122,LOSS,5.00,0,-5.0,SETTLEMENT_CERTIFIED
2026-07-30,822946,666018,Jonathan Aranda,cleanroom_20260730T152752Z,2026-07-30T15:27:29+00:00,Under,-159,WIN,5.00,3.1446540880503147,3.1446540880503147,SETTLEMENT_CERTIFIED
2026-07-30,822946,669394,Jake Burger,cleanroom_20260730T152752Z,2026-07-30T15:27:29+00:00,Over,158,LOSS,5.00,0,-5.0,SETTLEMENT_CERTIFIED
2026-07-30,822946,669394,Jake Burger,cleanroom_20260730T152752Z,2026-07-30T15:27:29+00:00,Under,-208,WIN,5.00,2.4038461538461537,2.4038461538461537,SETTLEMENT_CERTIFIED
2026-07-30,822946,676356,Jonny DeLuca,cleanroom_20260730T152752Z,2026-07-30T15:27:29+00:00,Over,182,WIN,5.00,9.1,9.1,SETTLEMENT_CERTIFIED
2026-07-30,822946,676356,Jonny DeLuca,cleanroom_20260730T152752Z,2026-07-30T15:27:29+00:00,Under,-244,LOSS,5.00,0,-5.0,SETTLEMENT_CERTIFIED
2026-07-30,822946,677649,Ezequiel Duran,cleanroom_20260730T152752Z,2026-07-30T15:27:29+00:00,Over,155,LOSS,5.00,0,-5.0,SETTLEMENT_CERTIFIED
2026-07-30,822946,677649,Ezequiel Duran,cleanroom_20260730T152752Z,2026-07-30T15:27:29+00:00,Under,-204,WIN,5.00,2.450980392156863,2.450980392156863,SETTLEMENT_CERTIFIED
2026-07-30,822946,683748,Victor Mesa Jr.,cleanroom_20260730T152752Z,2026-07-30T15:27:29+00:00,Over,158,LOSS,5.00,0,-5.0,SETTLEMENT_CERTIFIED
2026-07-30,822946,683748,Victor Mesa Jr.,cleanroom_20260730T152752Z,2026-07-30T15:27:29+00:00,Under,-208,WIN,5.00,2.4038461538461537,2.4038461538461537,SETTLEMENT_CERTIFIED
2026-07-30,822946,691406,Junior Caminero,cleanroom_20260730T152752Z,2026-07-30T15:27:29+00:00,Over,102,LOSS,5.00,0,-5.0,SETTLEMENT_CERTIFIED
2026-07-30,822946,691406,Junior Caminero,cleanroom_20260730T152752Z,2026-07-30T15:27:29+00:00,Under,-132,WIN,5.00,3.787878787878788,3.787878787878788,SETTLEMENT_CERTIFIED
2026-07-30,822946,694671,Wyatt Langford,cleanroom_20260730T152752Z,2026-07-30T15:27:29+00:00,Over,130,WIN,5.00,6.5,6.5,SETTLEMENT_CERTIFIED
2026-07-30,822946,694671,Wyatt Langford,cleanroom_20260730T152752Z,2026-07-30T15:27:29+00:00,Under,-169,LOSS,5.00,0,-5.0,SETTLEMENT_CERTIFIED
2026-07-30,822946,802415,Chandler Simpson,cleanroom_20260730T152752Z,2026-07-30T15:27:29+00:00,Over,152,LOSS,5.00,,,NO_ACTION
2026-07-30,822946,802415,Chandler Simpson,cleanroom_20260730T152752Z,2026-07-30T15:27:29+00:00,Under,-200,WIN,5.00,,,NO_ACTION
2026-07-30,822946,810938,Ben Williamson,cleanroom_20260730T152752Z,2026-07-30T15:27:29+00:00,Over,186,LOSS,5.00,0,-5.0,SETTLEMENT_CERTIFIED
2026-07-30,822946,810938,Ben Williamson,cleanroom_20260730T152752Z,2026-07-30T15:27:29+00:00,Under,-250,WIN,5.00,2.0,2.0,SETTLEMENT_CERTIFIED
2026-07-30,823023,608324,Alex Bregman,cleanroom_20260730T152752Z,2026-07-30T15:28:20+00:00,Over,158,WIN,5.00,7.9,7.9,SETTLEMENT_CERTIFIED
2026-07-30,823023,608324,Alex Bregman,cleanroom_20260730T152752Z,2026-07-30T15:28:20+00:00,Under,-208,LOSS,5.00,0,-5.0,SETTLEMENT_CERTIFIED
2026-07-30,823023,663457,Lars Nootbaar,cleanroom_20260730T152752Z,2026-07-30T15:28:20+00:00,Over,134,LOSS,5.00,0,-5.0,SETTLEMENT_CERTIFIED
2026-07-30,823023,663457,Lars Nootbaar,cleanroom_20260730T152752Z,2026-07-30T15:28:20+00:00,Under,-175,WIN,5.00,2.857142857142857,2.857142857142857,SETTLEMENT_CERTIFIED
2026-07-30,823023,663538,Nico Hoerner,cleanroom_20260730T152752Z,2026-07-30T15:28:20+00:00,Over,152,WIN,5.00,7.6,7.6,SETTLEMENT_CERTIFIED
2026-07-30,823023,663538,Nico Hoerner,cleanroom_20260730T152752Z,2026-07-30T15:28:20+00:00,Under,-200,LOSS,5.00,0,-5.0,SETTLEMENT_CERTIFIED
2026-07-30,823023,664023,Ian Happ,cleanroom_20260730T152752Z,2026-07-30T15:28:20+00:00,Over,178,WIN,5.00,8.9,8.9,SETTLEMENT_CERTIFIED
2026-07-30,823023,664023,Ian Happ,cleanroom_20260730T152752Z,2026-07-30T15:28:20+00:00,Under,-238,LOSS,5.00,0,-5.0,SETTLEMENT_CERTIFIED
2026-07-30,823023,671056,Iván Herrera,cleanroom_20260730T152752Z,2026-07-30T15:28:20+00:00,Over,146,LOSS,5.00,0,-5.0,SETTLEMENT_CERTIFIED
2026-07-30,823023,671056,Iván Herrera,cleanroom_20260730T152752Z,2026-07-30T15:28:20+00:00,Under,-192,WIN,5.00,2.6041666666666665,2.6041666666666665,SETTLEMENT_CERTIFIED
2026-07-30,823023,673548,Seiya Suzuki,cleanroom_20260730T152752Z,2026-07-30T15:28:20+00:00,Over,126,LOSS,5.00,0,-5.0,SETTLEMENT_CERTIFIED
2026-07-30,823023,673548,Seiya Suzuki,cleanroom_20260730T152752Z,2026-07-30T15:28:20+00:00,Under,-164,WIN,5.00,3.048780487804878,3.048780487804878,SETTLEMENT_CERTIFIED
2026-07-30,823023,676475,Alec Burleson,cleanroom_20260730T152752Z,2026-07-30T15:28:20+00:00,Over,107,LOSS,5.00,0,-5.0,SETTLEMENT_CERTIFIED
2026-07-30,823023,676475,Alec Burleson,cleanroom_20260730T152752Z,2026-07-30T15:28:20+00:00,Under,-139,WIN,5.00,3.597122302158273,3.597122302158273,SETTLEMENT_CERTIFIED
2026-07-30,823023,683737,Michael Busch,cleanroom_20260730T152752Z,2026-07-30T15:28:20+00:00,Over,130,WIN,5.00,6.5,6.5,SETTLEMENT_CERTIFIED
2026-07-30,823023,683737,Michael Busch,cleanroom_20260730T152752Z,2026-07-30T15:28:20+00:00,Under,-169,LOSS,5.00,0,-5.0,SETTLEMENT_CERTIFIED
2026-07-30,823023,691023,Jordan Walker,cleanroom_20260730T152752Z,2026-07-30T15:28:20+00:00,Over,102,LOSS,5.00,0,-5.0,SETTLEMENT_CERTIFIED
2026-07-30,823023,691023,Jordan Walker,cleanroom_20260730T152752Z,2026-07-30T15:28:20+00:00,Under,-132,WIN,5.00,3.787878787878788,3.787878787878788,SETTLEMENT_CERTIFIED
2026-07-30,823023,691026,Masyn Winn,cleanroom_20260730T152752Z,2026-07-30T15:28:20+00:00,Over,164,LOSS,5.00,0,-5.0,SETTLEMENT_CERTIFIED
2026-07-30,823023,691026,Masyn Winn,cleanroom_20260730T152752Z,2026-07-30T15:28:20+00:00,Under,-217,WIN,5.00,2.304147465437788,2.304147465437788,SETTLEMENT_CERTIFIED
2026-07-30,823023,691458,Blaze Jordan,cleanroom_20260730T152752Z,2026-07-30T15:28:20+00:00,Over,164,LOSS,5.00,0,-5.0,SETTLEMENT_CERTIFIED
2026-07-30,823023,691458,Blaze Jordan,cleanroom_20260730T152752Z,2026-07-30T15:28:20+00:00,Under,-217,WIN,5.00,2.304147465437788,2.304147465437788,SETTLEMENT_CERTIFIED
2026-07-30,823023,691718,Pete Crow-Armstrong,cleanroom_20260730T152752Z,2026-07-30T15:28:20+00:00,Over,109,WIN,5.00,5.45,5.45,SETTLEMENT_CERTIFIED
2026-07-30,823023,691718,Pete Crow-Armstrong,cleanroom_20260730T152752Z,2026-07-30T15:28:20+00:00,Under,-141,LOSS,5.00,0,-5.0,SETTLEMENT_CERTIFIED
2026-07-30,823023,699393,Pedro Ramírez,cleanroom_20260730T152752Z,2026-07-30T15:28:20+00:00,Over,164,LOSS,5.00,0,-5.0,SETTLEMENT_CERTIFIED
2026-07-30,823023,699393,Pedro Ramírez,cleanroom_20260730T152752Z,2026-07-30T15:28:20+00:00,Under,-217,WIN,5.00,2.304147465437788,2.304147465437788,SETTLEMENT_CERTIFIED
2026-07-30,823023,701675,Nathan Church,cleanroom_20260730T152752Z,2026-07-30T15:28:20+00:00,Over,178,LOSS,5.00,0,-5.0,SETTLEMENT_CERTIFIED
2026-07-30,823023,701675,Nathan Church,cleanroom_20260730T152752Z,2026-07-30T15:28:20+00:00,Under,-238,WIN,5.00,2.100840336134454,2.100840336134454,SETTLEMENT_CERTIFIED
2026-07-30,823023,802139,JJ Wetherholt,cleanroom_20260730T152752Z,2026-07-30T15:28:20+00:00,Over,126,WIN,5.00,6.3,6.3,SETTLEMENT_CERTIFIED
2026-07-30,823023,802139,JJ Wetherholt,cleanroom_20260730T152752Z,2026-07-30T15:28:20+00:00,Under,-164,LOSS,5.00,0,-5.0,SETTLEMENT_CERTIFIED
2026-07-30,823271,592518,Manny Machado,cleanroom_20260731T004346Z,2026-07-31T00:44:00+00:00,Over,113,LOSS,5.00,0,-5.0,SETTLEMENT_CERTIFIED
2026-07-30,823271,592518,Manny Machado,cleanroom_20260731T004346Z,2026-07-31T00:44:00+00:00,Under,-147,WIN,5.00,3.401360544217687,3.401360544217687,SETTLEMENT_CERTIFIED
2026-07-30,823271,593428,Xander Bogaerts,cleanroom_20260731T004346Z,2026-07-31T00:44:00+00:00,Over,174,LOSS,5.00,0,-5.0,SETTLEMENT_CERTIFIED
2026-07-30,823271,593428,Xander Bogaerts,cleanroom_20260731T004346Z,2026-07-31T00:44:00+00:00,Under,-233,WIN,5.00,2.1459227467811157,2.1459227467811157,SETTLEMENT_CERTIFIED
2026-07-30,823271,642715,Willy Adames,cleanroom_20260731T004346Z,2026-07-31T00:44:00+00:00,Over,171,LOSS,5.00,0,-5.0,SETTLEMENT_CERTIFIED
2026-07-30,823271,642715,Willy Adames,cleanroom_20260731T004346Z,2026-07-31T00:44:00+00:00,Under,-227,WIN,5.00,2.202643171806167,2.202643171806167,SETTLEMENT_CERTIFIED
2026-07-30,823271,646240,Rafael Devers,cleanroom_20260731T004346Z,2026-07-31T00:44:00+00:00,Over,155,WIN,5.00,7.75,7.75,SETTLEMENT_CERTIFIED
2026-07-30,823271,646240,Rafael Devers,cleanroom_20260731T004346Z,2026-07-31T00:44:00+00:00,Under,-204,LOSS,5.00,0,-5.0,SETTLEMENT_CERTIFIED
2026-07-30,823271,650333,Luis Arraez,cleanroom_20260731T004346Z,2026-07-31T00:44:00+00:00,Over,128,LOSS,5.00,0,-5.0,SETTLEMENT_CERTIFIED
2026-07-30,823271,650333,Luis Arraez,cleanroom_20260731T004346Z,2026-07-31T00:44:00+00:00,Under,-167,WIN,5.00,2.9940119760479043,2.9940119760479043,SETTLEMENT_CERTIFIED
2026-07-30,823271,650859,Luis Rengifo,cleanroom_20260731T004346Z,2026-07-31T00:44:00+00:00,Over,139,WIN,5.00,6.95,6.95,SETTLEMENT_CERTIFIED
2026-07-30,823271,650859,Luis Rengifo,cleanroom_20260731T004346Z,2026-07-31T00:44:00+00:00,Under,-182,LOSS,5.00,0,-5.0,SETTLEMENT_CERTIFIED
2026-07-30,823271,664034,Ty France,cleanroom_20260731T004346Z,2026-07-31T00:44:00+00:00,Over,139,LOSS,5.00,0,-5.0,SETTLEMENT_CERTIFIED
2026-07-30,823271,664034,Ty France,cleanroom_20260731T004346Z,2026-07-31T00:44:00+00:00,Under,-182,WIN,5.00,2.7472527472527473,2.7472527472527473,SETTLEMENT_CERTIFIED
2026-07-30,823271,665487,Fernando Tatis Jr.,cleanroom_20260731T004346Z,2026-07-31T00:44:00+00:00,Over,120,LOSS,5.00,0,-5.0,SETTLEMENT_CERTIFIED
2026-07-30,823271,665487,Fernando Tatis Jr.,cleanroom_20260731T004346Z,2026-07-31T00:44:00+00:00,Under,-156,WIN,5.00,3.2051282051282053,3.2051282051282053,SETTLEMENT_CERTIFIED
2026-07-30,823271,671218,Heliot Ramos,cleanroom_20260731T004346Z,2026-07-31T00:44:00+00:00,Over,120,LOSS,5.00,0,-5.0,SETTLEMENT_CERTIFIED
2026-07-30,823271,671218,Heliot Ramos,cleanroom_20260731T004346Z,2026-07-31T00:44:00+00:00,Under,-156,WIN,5.00,3.2051282051282053,3.2051282051282053,SETTLEMENT_CERTIFIED
2026-07-30,823271,701538,Jackson Merrill,cleanroom_20260731T004346Z,2026-07-31T00:44:00+00:00,Over,141,LOSS,5.00,0,-5.0,SETTLEMENT_CERTIFIED
2026-07-30,823271,701538,Jackson Merrill,cleanroom_20260731T004346Z,2026-07-31T00:44:00+00:00,Under,-185,WIN,5.00,2.7027027027027026,2.7027027027027026,SETTLEMENT_CERTIFIED
2026-07-30,823271,805811,Bryce Eldridge,cleanroom_20260731T004346Z,2026-07-31T00:44:00+00:00,Over,152,WIN,5.00,7.6,7.6,SETTLEMENT_CERTIFIED
2026-07-30,823271,805811,Bryce Eldridge,cleanroom_20260731T004346Z,2026-07-31T00:44:00+00:00,Under,-200,LOSS,5.00,0,-5.0,SETTLEMENT_CERTIFIED
2026-07-30,823271,808982,Jung Hoo Lee,cleanroom_20260731T004346Z,2026-07-31T00:44:00+00:00,Over,158,WIN,5.00,7.9,7.9,SETTLEMENT_CERTIFIED
2026-07-30,823271,808982,Jung Hoo Lee,cleanroom_20260731T004346Z,2026-07-31T00:44:00+00:00,Under,-208,LOSS,5.00,0,-5.0,SETTLEMENT_CERTIFIED
2026-07-30,823595,596019,Francisco Lindor,cleanroom_20260730T152752Z,2026-07-30T15:27:26+00:00,Over,149,LOSS,5.00,0,-5.0,SETTLEMENT_CERTIFIED
2026-07-30,823595,596019,Francisco Lindor,cleanroom_20260730T152752Z,2026-07-30T15:27:26+00:00,Under,-196,WIN,5.00,2.5510204081632653,2.5510204081632653,SETTLEMENT_CERTIFIED
2026-07-30,823595,666182,Bo Bichette,cleanroom_20260730T152752Z,2026-07-30T15:27:26+00:00,Over,144,WIN,5.00,7.2,7.2,SETTLEMENT_CERTIFIED
2026-07-30,823595,666182,Bo Bichette,cleanroom_20260730T152752Z,2026-07-30T15:27:26+00:00,Under,-189,LOSS,5.00,0,-5.0,SETTLEMENT_CERTIFIED
2026-07-30,823595,669065,Kyle Stowers,cleanroom_20260730T152752Z,2026-07-30T15:27:26+00:00,Over,174,WIN,5.00,8.7,8.7,SETTLEMENT_CERTIFIED
2026-07-30,823595,669065,Kyle Stowers,cleanroom_20260730T152752Z,2026-07-30T15:27:26+00:00,Under,-233,LOSS,5.00,0,-5.0,SETTLEMENT_CERTIFIED
2026-07-30,823595,672640,Otto Lopez,cleanroom_20260730T152752Z,2026-07-30T15:27:26+00:00,Over,134,LOSS,5.00,0,-5.0,SETTLEMENT_CERTIFIED
2026-07-30,823595,672640,Otto Lopez,cleanroom_20260730T152752Z,2026-07-30T15:27:26+00:00,Under,-175,WIN,5.00,2.857142857142857,2.857142857142857,SETTLEMENT_CERTIFIED
2026-07-30,823595,681715,Heriberto Hernández,cleanroom_20260730T152752Z,2026-07-30T15:27:26+00:00,Over,164,LOSS,5.00,0,-5.0,SETTLEMENT_CERTIFIED
2026-07-30,823595,681715,Heriberto Hernández,cleanroom_20260730T152752Z,2026-07-30T15:27:26+00:00,Under,-217,WIN,5.00,2.304147465437788,2.304147465437788,SETTLEMENT_CERTIFIED
2026-07-30,823674,521692,Salvador Perez,cleanroom_20260730T152752Z,2026-07-30T15:27:45+00:00,Over,122,LOSS,5.00,0,-5.0,SETTLEMENT_CERTIFIED
2026-07-30,823674,521692,Salvador Perez,cleanroom_20260730T152752Z,2026-07-30T15:27:45+00:00,Under,-159,WIN,5.00,3.1446540880503147,3.1446540880503147,SETTLEMENT_CERTIFIED
2026-07-30,823674,605137,Josh Bell,cleanroom_20260730T152752Z,2026-07-30T15:27:45+00:00,Over,126,LOSS,5.00,0,-5.0,SETTLEMENT_CERTIFIED
2026-07-30,823674,605137,Josh Bell,cleanroom_20260730T152752Z,2026-07-30T15:27:45+00:00,Under,-164,WIN,5.00,3.048780487804878,3.048780487804878,SETTLEMENT_CERTIFIED
2026-07-30,823674,605170,Victor Caratini,cleanroom_20260730T152503Z,2026-07-30T15:25:29+00:00,Over,146,LOSS,5.00,0,-5.0,SETTLEMENT_CERTIFIED
2026-07-30,823674,605170,Victor Caratini,cleanroom_20260730T152503Z,2026-07-30T15:25:29+00:00,Under,-192,WIN,5.00,2.6041666666666665,2.6041666666666665,SETTLEMENT_CERTIFIED
2026-07-30,823674,657041,Lane Thomas,cleanroom_20260730T152503Z,2026-07-30T15:25:29+00:00,Over,122,LOSS,5.00,0,-5.0,SETTLEMENT_CERTIFIED
2026-07-30,823674,657041,Lane Thomas,cleanroom_20260730T152503Z,2026-07-30T15:25:29+00:00,Under,-159,WIN,5.00,3.1446540880503147,3.1446540880503147,SETTLEMENT_CERTIFIED
2026-07-30,823674,665019,Kody Clemens,cleanroom_20260730T152752Z,2026-07-30T15:27:45+00:00,Over,117,WIN,5.00,5.85,5.85,SETTLEMENT_CERTIFIED
2026-07-30,823674,665019,Kody Clemens,cleanroom_20260730T152752Z,2026-07-30T15:27:45+00:00,Under,-152,LOSS,5.00,0,-5.0,SETTLEMENT_CERTIFIED
2026-07-30,823674,668885,Austin Martin,cleanroom_20260730T152752Z,2026-07-30T15:27:45+00:00,Over,141,LOSS,5.00,0,-5.0,SETTLEMENT_CERTIFIED
2026-07-30,823674,668885,Austin Martin,cleanroom_20260730T152752Z,2026-07-30T15:27:45+00:00,Under,-185,WIN,5.00,2.7027027027027026,2.7027027027027026,SETTLEMENT_CERTIFIED
2026-07-30,823674,668904,Royce Lewis,cleanroom_20260730T152752Z,2026-07-30T15:27:45+00:00,Over,113,LOSS,5.00,0,-5.0,SETTLEMENT_CERTIFIED
2026-07-30,823674,668904,Royce Lewis,cleanroom_20260730T152752Z,2026-07-30T15:27:45+00:00,Under,-147,WIN,5.00,3.401360544217687,3.401360544217687,SETTLEMENT_CERTIFIED
2026-07-30,823674,670231,John Rave,cleanroom_20260730T152752Z,2026-07-30T15:27:45+00:00,Over,144,WIN,5.00,7.2,7.2,SETTLEMENT_CERTIFIED
2026-07-30,823674,670231,John Rave,cleanroom_20260730T152752Z,2026-07-30T15:27:45+00:00,Under,-189,LOSS,5.00,0,-5.0,SETTLEMENT_CERTIFIED
2026-07-30,823674,679845,Nick Loftin,cleanroom_20260730T152752Z,2026-07-30T15:27:45+00:00,Over,158,LOSS,5.00,0,-5.0,SETTLEMENT_CERTIFIED
2026-07-30,823674,679845,Nick Loftin,cleanroom_20260730T152752Z,2026-07-30T15:27:45+00:00,Under,-208,WIN,5.00,2.4038461538461537,2.4038461538461537,SETTLEMENT_CERTIFIED
2026-07-30,823674,680777,Ryan Jeffers,cleanroom_20260730T152752Z,2026-07-30T15:27:45+00:00,Over,117,LOSS,5.00,0,-5.0,SETTLEMENT_CERTIFIED
2026-07-30,823674,680777,Ryan Jeffers,cleanroom_20260730T152752Z,2026-07-30T15:27:45+00:00,Under,-152,WIN,5.00,3.289473684210526,3.289473684210526,SETTLEMENT_CERTIFIED
2026-07-30,823674,686555,Isaac Collins,cleanroom_20260730T152752Z,2026-07-30T15:27:45+00:00,Over,178,WIN,5.00,8.9,8.9,SETTLEMENT_CERTIFIED
2026-07-30,823674,686555,Isaac Collins,cleanroom_20260730T152752Z,2026-07-30T15:27:45+00:00,Under,-238,LOSS,5.00,0,-5.0,SETTLEMENT_CERTIFIED
2026-07-30,823674,686681,Michael Massey,cleanroom_20260730T152752Z,2026-07-30T15:27:45+00:00,Over,128,LOSS,5.00,0,-5.0,SETTLEMENT_CERTIFIED
2026-07-30,823674,686681,Michael Massey,cleanroom_20260730T152752Z,2026-07-30T15:27:45+00:00,Under,-167,WIN,5.00,2.9940119760479043,2.9940119760479043,SETTLEMENT_CERTIFIED
2026-07-30,823674,686797,Brooks Lee,cleanroom_20260730T152752Z,2026-07-30T15:27:45+00:00,Over,149,LOSS,5.00,0,-5.0,SETTLEMENT_CERTIFIED
2026-07-30,823674,686797,Brooks Lee,cleanroom_20260730T152752Z,2026-07-30T15:27:45+00:00,Under,-196,WIN,5.00,2.5510204081632653,2.5510204081632653,SETTLEMENT_CERTIFIED
2026-07-30,823674,695506,Jac Caglianone,cleanroom_20260730T152752Z,2026-07-30T15:27:45+00:00,Over,-101,WIN,5.00,4.9504950495049505,4.9504950495049505,SETTLEMENT_CERTIFIED
2026-07-30,823674,695506,Jac Caglianone,cleanroom_20260730T152752Z,2026-07-30T15:27:45+00:00,Under,-128,LOSS,5.00,0,-5.0,SETTLEMENT_CERTIFIED
2026-07-30,823674,695600,Carter Jensen,cleanroom_20260730T152752Z,2026-07-30T15:27:45+00:00,Over,112,LOSS,5.00,0,-5.0,SETTLEMENT_CERTIFIED
2026-07-30,823674,695600,Carter Jensen,cleanroom_20260730T152752Z,2026-07-30T15:27:45+00:00,Under,-145,WIN,5.00,3.4482758620689653,3.4482758620689653,SETTLEMENT_CERTIFIED
2026-07-30,823674,807712,Luke Keaschall,cleanroom_20260730T152752Z,2026-07-30T15:27:45+00:00,Over,155,LOSS,5.00,0,-5.0,SETTLEMENT_CERTIFIED
2026-07-30,823674,807712,Luke Keaschall,cleanroom_20260730T152752Z,2026-07-30T15:27:45+00:00,Under,-204,WIN,5.00,2.450980392156863,2.450980392156863,SETTLEMENT_CERTIFIED
2026-07-30,823921,518692,Freddie Freeman,cleanroom_20260731T004346Z,2026-07-31T00:43:24+00:00,Over,107,LOSS,5.00,0,-5.0,SETTLEMENT_CERTIFIED
2026-07-30,823921,518692,Freddie Freeman,cleanroom_20260731T004346Z,2026-07-31T00:43:24+00:00,Under,-139,WIN,5.00,3.597122302158273,3.597122302158273,SETTLEMENT_CERTIFIED
2026-07-30,823921,571970,Max Muncy,cleanroom_20260731T004346Z,2026-07-31T00:43:24+00:00,Over,126,LOSS,5.00,0,-5.0,SETTLEMENT_CERTIFIED
2026-07-30,823921,571970,Max Muncy,cleanroom_20260731T004346Z,2026-07-31T00:43:24+00:00,Under,-164,WIN,5.00,3.048780487804878,3.048780487804878,SETTLEMENT_CERTIFIED
2026-07-30,823921,605141,Mookie Betts,cleanroom_20260731T004346Z,2026-07-31T00:43:24+00:00,Over,132,WIN,5.00,6.6,6.6,SETTLEMENT_CERTIFIED
2026-07-30,823921,605141,Mookie Betts,cleanroom_20260731T004346Z,2026-07-31T00:43:24+00:00,Under,-172,LOSS,5.00,0,-5.0,SETTLEMENT_CERTIFIED
2026-07-30,823921,606192,Teoscar Hernández,cleanroom_20260731T004346Z,2026-07-31T00:43:24+00:00,Over,158,WIN,5.00,7.9,7.9,SETTLEMENT_CERTIFIED
2026-07-30,823921,606192,Teoscar Hernández,cleanroom_20260731T004346Z,2026-07-31T00:43:24+00:00,Under,-208,LOSS,5.00,0,-5.0,SETTLEMENT_CERTIFIED
2026-07-30,823921,647304,Josh Naylor,cleanroom_20260731T004346Z,2026-07-31T00:43:24+00:00,Over,158,WIN,5.00,7.9,7.9,SETTLEMENT_CERTIFIED
2026-07-30,823921,647304,Josh Naylor,cleanroom_20260731T004346Z,2026-07-31T00:43:24+00:00,Under,-208,LOSS,5.00,0,-5.0,SETTLEMENT_CERTIFIED
2026-07-30,823921,660271,Shohei Ohtani,cleanroom_20260730T152752Z,2026-07-30T15:27:41+00:00,Over,-110,LOSS,5.00,,,NO_ACTION
2026-07-30,823921,660271,Shohei Ohtani,cleanroom_20260730T152752Z,2026-07-30T15:27:41+00:00,Under,-118,WIN,5.00,,,NO_ACTION
2026-07-30,823921,663656,Kyle Tucker,cleanroom_20260731T004346Z,2026-07-31T00:43:24+00:00,Over,146,LOSS,5.00,0,-5.0,SETTLEMENT_CERTIFIED
2026-07-30,823921,663656,Kyle Tucker,cleanroom_20260731T004346Z,2026-07-31T00:43:24+00:00,Under,-192,WIN,5.00,2.6041666666666665,2.6041666666666665,SETTLEMENT_CERTIFIED
2026-07-30,823921,663728,Cal Raleigh,cleanroom_20260731T004346Z,2026-07-31T00:43:24+00:00,Over,171,LOSS,5.00,0,-5.0,SETTLEMENT_CERTIFIED
2026-07-30,823921,663728,Cal Raleigh,cleanroom_20260731T004346Z,2026-07-31T00:43:24+00:00,Under,-227,WIN,5.00,2.202643171806167,2.202643171806167,SETTLEMENT_CERTIFIED
2026-07-30,823921,668227,Randy Arozarena,cleanroom_20260731T004346Z,2026-07-31T00:43:24+00:00,Over,139,WIN,5.00,6.95,6.95,SETTLEMENT_CERTIFIED
2026-07-30,823921,668227,Randy Arozarena,cleanroom_20260731T004346Z,2026-07-31T00:43:24+00:00,Under,-182,LOSS,5.00,0,-5.0,SETTLEMENT_CERTIFIED
2026-07-30,823921,669242,Tommy Edman,cleanroom_20260731T004346Z,2026-07-31T00:43:24+00:00,Over,124,LOSS,5.00,0,-5.0,SETTLEMENT_CERTIFIED
2026-07-30,823921,669242,Tommy Edman,cleanroom_20260731T004346Z,2026-07-31T00:43:24+00:00,Under,-161,WIN,5.00,3.1055900621118013,3.1055900621118013,SETTLEMENT_CERTIFIED
2026-07-30,823921,677594,Julio Rodríguez,cleanroom_20260731T004346Z,2026-07-31T00:43:24+00:00,Over,136,LOSS,5.00,0,-5.0,SETTLEMENT_CERTIFIED
2026-07-30,823921,677594,Julio Rodríguez,cleanroom_20260731T004346Z,2026-07-31T00:43:24+00:00,Under,-179,WIN,5.00,2.793296089385475,2.793296089385475,SETTLEMENT_CERTIFIED
2026-07-30,823921,681624,Andy Pages,cleanroom_20260731T004346Z,2026-07-31T00:43:24+00:00,Over,126,WIN,5.00,6.3,6.3,SETTLEMENT_CERTIFIED
2026-07-30,823921,681624,Andy Pages,cleanroom_20260731T004346Z,2026-07-31T00:43:24+00:00,Under,-164,LOSS,5.00,0,-5.0,SETTLEMENT_CERTIFIED
2026-07-30,823921,686527,Dominic Canzone,cleanroom_20260731T004346Z,2026-07-31T00:43:24+00:00,Over,134,LOSS,5.00,0,-5.0,SETTLEMENT_CERTIFIED
2026-07-30,823921,686527,Dominic Canzone,cleanroom_20260731T004346Z,2026-07-31T00:43:24+00:00,Under,-175,WIN,5.00,2.857142857142857,2.857142857142857,SETTLEMENT_CERTIFIED
2026-07-30,823921,687221,Dalton Rushing,cleanroom_20260731T004346Z,2026-07-31T00:43:24+00:00,Over,158,WIN,5.00,7.9,7.9,SETTLEMENT_CERTIFIED
2026-07-30,823921,687221,Dalton Rushing,cleanroom_20260731T004346Z,2026-07-31T00:43:24+00:00,Under,-208,LOSS,5.00,0,-5.0,SETTLEMENT_CERTIFIED
2026-07-30,823921,702284,Cole Young,cleanroom_20260731T004346Z,2026-07-31T00:43:24+00:00,Over,146,WIN,5.00,7.3,7.3,SETTLEMENT_CERTIFIED
2026-07-30,823921,702284,Cole Young,cleanroom_20260731T004346Z,2026-07-31T00:43:24+00:00,Under,-192,LOSS,5.00,0,-5.0,SETTLEMENT_CERTIFIED
2026-07-30,824488,553993,Eugenio Suárez,cleanroom_20260730T152752Z,2026-07-30T15:28:00+00:00,Over,158,LOSS,5.00,0,-5.0,SETTLEMENT_CERTIFIED
2026-07-30,824488,553993,Eugenio Suárez,cleanroom_20260730T152752Z,2026-07-30T15:28:00+00:00,Under,-208,WIN,5.00,2.4038461538461537,2.4038461538461537,SETTLEMENT_CERTIFIED
2026-07-30,824488,656811,Ryan O'Hearn,cleanroom_20260730T152752Z,2026-07-30T15:28:00+00:00,Over,118,LOSS,5.00,0,-5.0,SETTLEMENT_CERTIFIED
2026-07-30,824488,656811,Ryan O'Hearn,cleanroom_20260730T152752Z,2026-07-30T15:28:00+00:00,Under,-154,WIN,5.00,3.2467532467532467,3.2467532467532467,SETTLEMENT_CERTIFIED
2026-07-30,824488,663886,Tyler Stephenson,cleanroom_20260730T152752Z,2026-07-30T15:28:00+00:00,Over,152,LOSS,5.00,0,-5.0,SETTLEMENT_CERTIFIED
2026-07-30,824488,663886,Tyler Stephenson,cleanroom_20260730T152752Z,2026-07-30T15:28:00+00:00,Under,-200,WIN,5.00,2.5,2.5,SETTLEMENT_CERTIFIED
2026-07-30,824488,663968,Jake Mangum,cleanroom_20260730T152752Z,2026-07-30T15:28:00+00:00,Over,103,LOSS,5.00,0,-5.0,SETTLEMENT_CERTIFIED
2026-07-30,824488,663968,Jake Mangum,cleanroom_20260730T152752Z,2026-07-30T15:28:00+00:00,Under,-133,WIN,5.00,3.7593984962406015,3.7593984962406015,SETTLEMENT_CERTIFIED
2026-07-30,824488,663993,Nathaniel Lowe,cleanroom_20260730T152752Z,2026-07-30T15:28:00+00:00,Over,161,WIN,5.00,8.05,8.05,SETTLEMENT_CERTIFIED
2026-07-30,824488,663993,Nathaniel Lowe,cleanroom_20260730T152752Z,2026-07-30T15:28:00+00:00,Under,-213,LOSS,5.00,0,-5.0,SETTLEMENT_CERTIFIED
2026-07-30,824488,664040,Brandon Lowe,cleanroom_20260730T152752Z,2026-07-30T15:28:00+00:00,Over,106,WIN,5.00,5.3,5.3,SETTLEMENT_CERTIFIED
2026-07-30,824488,664040,Brandon Lowe,cleanroom_20260730T152752Z,2026-07-30T15:28:00+00:00,Under,-137,LOSS,5.00,0,-5.0,SETTLEMENT_CERTIFIED
2026-07-30,824488,668709,JJ Bleday,cleanroom_20260730T152752Z,2026-07-30T15:28:00+00:00,Over,136,LOSS,5.00,0,-5.0,SETTLEMENT_CERTIFIED
2026-07-30,824488,668709,JJ Bleday,cleanroom_20260730T152752Z,2026-07-30T15:28:00+00:00,Under,-179,WIN,5.00,2.793296089385475,2.793296089385475,SETTLEMENT_CERTIFIED
2026-07-30,824488,668804,Bryan Reynolds,cleanroom_20260730T152752Z,2026-07-30T15:28:00+00:00,Over,109,LOSS,5.00,0,-5.0,SETTLEMENT_CERTIFIED
2026-07-30,824488,668804,Bryan Reynolds,cleanroom_20260730T152752Z,2026-07-30T15:28:00+00:00,Under,-141,WIN,5.00,3.5460992907801416,3.5460992907801416,SETTLEMENT_CERTIFIED
2026-07-30,824488,682622,Noelvi Marte,cleanroom_20260730T152752Z,2026-07-30T15:28:00+00:00,Over,178,LOSS,5.00,0,-5.0,SETTLEMENT_CERTIFIED
2026-07-30,824488,682622,Noelvi Marte,cleanroom_20260730T152752Z,2026-07-30T15:28:00+00:00,Under,-238,WIN,5.00,2.100840336134454,2.100840336134454,SETTLEMENT_CERTIFIED
2026-07-30,824488,682829,Elly De La Cruz,cleanroom_20260730T152752Z,2026-07-30T15:28:00+00:00,Over,122,WIN,5.00,6.1,6.1,SETTLEMENT_CERTIFIED
2026-07-30,824488,682829,Elly De La Cruz,cleanroom_20260730T152752Z,2026-07-30T15:28:00+00:00,Under,-159,LOSS,5.00,0,-5.0,SETTLEMENT_CERTIFIED
2026-07-30,824488,682848,Endy Rodríguez,cleanroom_20260730T152752Z,2026-07-30T15:28:00+00:00,Over,141,LOSS,5.00,0,-5.0,SETTLEMENT_CERTIFIED
2026-07-30,824488,682848,Endy Rodríguez,cleanroom_20260730T152752Z,2026-07-30T15:28:00+00:00,Under,-185,WIN,5.00,2.7027027027027026,2.7027027027027026,SETTLEMENT_CERTIFIED
2026-07-30,824488,693304,Nick Gonzales,cleanroom_20260730T152752Z,2026-07-30T15:28:00+00:00,Over,115,WIN,5.00,5.75,5.75,SETTLEMENT_CERTIFIED
2026-07-30,824488,693304,Nick Gonzales,cleanroom_20260730T152752Z,2026-07-30T15:28:00+00:00,Under,-149,LOSS,5.00,0,-5.0,SETTLEMENT_CERTIFIED
2026-07-30,824488,699013,Esmerlyn Valdez,cleanroom_20260730T152752Z,2026-07-30T15:28:00+00:00,Over,122,WIN,5.00,6.1,6.1,SETTLEMENT_CERTIFIED
2026-07-30,824488,699013,Esmerlyn Valdez,cleanroom_20260730T152752Z,2026-07-30T15:28:00+00:00,Under,-159,LOSS,5.00,0,-5.0,SETTLEMENT_CERTIFIED
2026-07-30,824488,701398,Sal Stewart,cleanroom_20260730T152752Z,2026-07-30T15:28:00+00:00,Over,118,LOSS,5.00,0,-5.0,SETTLEMENT_CERTIFIED
2026-07-30,824488,701398,Sal Stewart,cleanroom_20260730T152752Z,2026-07-30T15:28:00+00:00,Under,-154,WIN,5.00,3.2467532467532467,3.2467532467532467,SETTLEMENT_CERTIFIED
2026-07-30,824568,502671,Paul Goldschmidt,cleanroom_20260730T152752Z,2026-07-30T15:27:37+00:00,Over,152,LOSS,5.00,0,-5.0,SETTLEMENT_CERTIFIED
2026-07-30,824568,502671,Paul Goldschmidt,cleanroom_20260730T152752Z,2026-07-30T15:27:37+00:00,Under,-200,WIN,5.00,2.5,2.5,SETTLEMENT_CERTIFIED
2026-07-30,824568,545341,Randal Grichuk,cleanroom_20260730T152752Z,2026-07-30T15:27:37+00:00,Over,146,WIN,5.00,7.3,7.3,SETTLEMENT_CERTIFIED
2026-07-30,824568,545341,Randal Grichuk,cleanroom_20260730T152752Z,2026-07-30T15:27:37+00:00,Under,-192,LOSS,5.00,0,-5.0,SETTLEMENT_CERTIFIED
2026-07-30,824568,663757,Trent Grisham,cleanroom_20260730T152752Z,2026-07-30T15:27:37+00:00,Over,164,WIN,5.00,8.2,8.2,SETTLEMENT_CERTIFIED
2026-07-30,824568,663757,Trent Grisham,cleanroom_20260730T152752Z,2026-07-30T15:27:37+00:00,Under,-217,LOSS,5.00,0,-5.0,SETTLEMENT_CERTIFIED
2026-07-30,824568,678246,Miguel Vargas,cleanroom_20260730T152752Z,2026-07-30T15:27:37+00:00,Over,120,LOSS,5.00,0,-5.0,SETTLEMENT_CERTIFIED
2026-07-30,824568,678246,Miguel Vargas,cleanroom_20260730T152752Z,2026-07-30T15:27:37+00:00,Under,-156,WIN,5.00,3.2051282051282053,3.2051282051282053,SETTLEMENT_CERTIFIED
2026-07-30,824568,691176,Jasson Domínguez,cleanroom_20260730T152752Z,2026-07-30T15:27:37+00:00,Over,152,WIN,5.00,7.6,7.6,SETTLEMENT_CERTIFIED
2026-07-30,824568,691176,Jasson Domínguez,cleanroom_20260730T152752Z,2026-07-30T15:27:37+00:00,Under,-200,LOSS,5.00,0,-5.0,SETTLEMENT_CERTIFIED
2026-07-30,824568,695657,Colson Montgomery,cleanroom_20260730T152752Z,2026-07-30T15:27:37+00:00,Over,161,LOSS,5.00,0,-5.0,SETTLEMENT_CERTIFIED
2026-07-30,824568,695657,Colson Montgomery,cleanroom_20260730T152752Z,2026-07-30T15:27:37+00:00,Under,-213,WIN,5.00,2.347417840375587,2.347417840375587,SETTLEMENT_CERTIFIED
2026-07-30,824568,700250,Ben Rice,cleanroom_20260730T152752Z,2026-07-30T15:27:37+00:00,Over,126,LOSS,5.00,0,-5.0,SETTLEMENT_CERTIFIED
2026-07-30,824568,700250,Ben Rice,cleanroom_20260730T152752Z,2026-07-30T15:27:37+00:00,Under,-164,WIN,5.00,3.048780487804878,3.048780487804878,SETTLEMENT_CERTIFIED
2026-07-30,824568,805367,Chase Meidroth,cleanroom_20260730T152752Z,2026-07-30T15:27:37+00:00,Over,158,LOSS,5.00,0,-5.0,SETTLEMENT_CERTIFIED
2026-07-30,824568,805367,Chase Meidroth,cleanroom_20260730T152752Z,2026-07-30T15:27:37+00:00,Under,-208,WIN,5.00,2.4038461538461537,2.4038461538461537,SETTLEMENT_CERTIFIED
2026-07-30,824568,808959,Munetaka Murakami,cleanroom_20260730T152752Z,2026-07-30T15:27:37+00:00,Over,171,LOSS,5.00,0,-5.0,SETTLEMENT_CERTIFIED
2026-07-30,824568,808959,Munetaka Murakami,cleanroom_20260730T152752Z,2026-07-30T15:27:37+00:00,Under,-227,WIN,5.00,2.202643171806167,2.202643171806167,SETTLEMENT_CERTIFIED
2026-07-30,824894,621566,Matt Olson,cleanroom_20260730T152752Z,2026-07-30T15:28:07+00:00,Over,104,LOSS,5.00,0,-5.0,SETTLEMENT_CERTIFIED
2026-07-30,824894,621566,Matt Olson,cleanroom_20260730T152752Z,2026-07-30T15:28:07+00:00,Under,-135,WIN,5.00,3.7037037037037037,3.7037037037037037,SETTLEMENT_CERTIFIED
2026-07-30,824894,643289,Mauricio Dubón,cleanroom_20260730T152752Z,2026-07-30T15:28:07+00:00,Over,152,LOSS,5.00,0,-5.0,SETTLEMENT_CERTIFIED
2026-07-30,824894,643289,Mauricio Dubón,cleanroom_20260730T152752Z,2026-07-30T15:28:07+00:00,Under,-200,WIN,5.00,2.5,2.5,SETTLEMENT_CERTIFIED
2026-07-30,824894,645277,Ozzie Albies,cleanroom_20260730T152752Z,2026-07-30T15:28:07+00:00,Over,128,LOSS,5.00,0,-5.0,SETTLEMENT_CERTIFIED
2026-07-30,824894,645277,Ozzie Albies,cleanroom_20260730T152752Z,2026-07-30T15:28:07+00:00,Under,-167,WIN,5.00,2.9940119760479043,2.9940119760479043,SETTLEMENT_CERTIFIED
2026-07-30,824894,660670,Ronald Acuña Jr.,cleanroom_20260730T152752Z,2026-07-30T15:28:07+00:00,Over,109,WIN,5.00,5.45,5.45,SETTLEMENT_CERTIFIED
2026-07-30,824894,660670,Ronald Acuña Jr.,cleanroom_20260730T152752Z,2026-07-30T15:28:07+00:00,Under,-141,LOSS,5.00,0,-5.0,SETTLEMENT_CERTIFIED
2026-07-30,824894,660688,Keibert Ruiz,cleanroom_20260730T152752Z,2026-07-30T15:28:07+00:00,Over,136,LOSS,5.00,0,-5.0,SETTLEMENT_CERTIFIED
2026-07-30,824894,660688,Keibert Ruiz,cleanroom_20260730T152752Z,2026-07-30T15:28:07+00:00,Under,-179,WIN,5.00,2.793296089385475,2.793296089385475,SETTLEMENT_CERTIFIED
2026-07-30,824894,663586,Austin Riley,cleanroom_20260730T152752Z,2026-07-30T15:28:07+00:00,Over,136,LOSS,5.00,,,NO_ACTION
2026-07-30,824894,663586,Austin Riley,cleanroom_20260730T152752Z,2026-07-30T15:28:07+00:00,Under,-179,WIN,5.00,,,NO_ACTION
2026-07-30,824894,671277,Luis García Jr.,cleanroom_20260730T152752Z,2026-07-30T15:28:07+00:00,Over,102,WIN,5.00,5.1,5.1,SETTLEMENT_CERTIFIED
2026-07-30,824894,671277,Luis García Jr.,cleanroom_20260730T152752Z,2026-07-30T15:28:07+00:00,Under,-132,LOSS,5.00,0,-5.0,SETTLEMENT_CERTIFIED
2026-07-30,824894,671739,Michael Harris II,cleanroom_20260730T152752Z,2026-07-30T15:28:07+00:00,Over,-106,LOSS,5.00,0,-5.0,SETTLEMENT_CERTIFIED
2026-07-30,824894,671739,Michael Harris II,cleanroom_20260730T152752Z,2026-07-30T15:28:07+00:00,Under,-122,WIN,5.00,4.098360655737705,4.098360655737705,SETTLEMENT_CERTIFIED
2026-07-30,824894,682928,CJ Abrams,cleanroom_20260730T152752Z,2026-07-30T15:28:07+00:00,Over,113,LOSS,5.00,0,-5.0,SETTLEMENT_CERTIFIED
2026-07-30,824894,682928,CJ Abrams,cleanroom_20260730T152752Z,2026-07-30T15:28:07+00:00,Under,-147,WIN,5.00,3.401360544217687,3.401360544217687,SETTLEMENT_CERTIFIED
2026-07-30,824894,686611,Dylan Crews,cleanroom_20260730T152752Z,2026-07-30T15:28:07+00:00,Over,132,LOSS,5.00,0,-5.0,SETTLEMENT_CERTIFIED
2026-07-30,824894,686611,Dylan Crews,cleanroom_20260730T152752Z,2026-07-30T15:28:07+00:00,Under,-172,WIN,5.00,2.9069767441860463,2.9069767441860463,SETTLEMENT_CERTIFIED
2026-07-30,824894,686948,Drake Baldwin,cleanroom_20260730T152752Z,2026-07-30T15:28:07+00:00,Over,100,LOSS,5.00,0,-5.0,SETTLEMENT_CERTIFIED
2026-07-30,824894,686948,Drake Baldwin,cleanroom_20260730T152752Z,2026-07-30T15:28:07+00:00,Under,-130,WIN,5.00,3.8461538461538463,3.8461538461538463,SETTLEMENT_CERTIFIED
2026-07-30,824894,695578,James Wood,cleanroom_20260730T152752Z,2026-07-30T15:28:07+00:00,Over,106,LOSS,5.00,0,-5.0,SETTLEMENT_CERTIFIED
2026-07-30,824894,695578,James Wood,cleanroom_20260730T152752Z,2026-07-30T15:28:07+00:00,Under,-137,WIN,5.00,3.6496350364963503,3.6496350364963503,SETTLEMENT_CERTIFIED
2026-07-30,824894,695734,Daylen Lile,cleanroom_20260730T152752Z,2026-07-30T15:28:07+00:00,Over,124,WIN,5.00,6.2,6.2,SETTLEMENT_CERTIFIED
2026-07-30,824894,695734,Daylen Lile,cleanroom_20260730T152752Z,2026-07-30T15:28:07+00:00,Under,-161,LOSS,5.00,0,-5.0,SETTLEMENT_CERTIFIED
2026-07-30,824974,575929,Willson Contreras,cleanroom_20260731T004346Z,2026-07-31T00:43:51+00:00,Over,-108,WIN,5.00,4.62962962962963,4.62962962962963,SETTLEMENT_CERTIFIED
2026-07-30,824974,575929,Willson Contreras,cleanroom_20260731T004346Z,2026-07-31T00:43:51+00:00,Under,-120,LOSS,5.00,0,-5.0,SETTLEMENT_CERTIFIED
2026-07-30,824974,622268,Donovan Walton,cleanroom_20260730T152752Z,2026-07-30T15:27:23+00:00,Over,174,LOSS,5.00,0,-5.0,SETTLEMENT_CERTIFIED
2026-07-30,824974,622268,Donovan Walton,cleanroom_20260730T152752Z,2026-07-30T15:27:23+00:00,Under,-233,WIN,5.00,2.1459227467811157,2.1459227467811157,SETTLEMENT_CERTIFIED
2026-07-30,824974,641680,Jonah Heim,cleanroom_20260731T004346Z,2026-07-31T00:43:51+00:00,Over,171,WIN,5.00,8.55,8.55,SETTLEMENT_CERTIFIED
2026-07-30,824974,641680,Jonah Heim,cleanroom_20260731T004346Z,2026-07-31T00:43:51+00:00,Under,-227,LOSS,5.00,0,-5.0,SETTLEMENT_CERTIFIED
2026-07-30,824974,643446,Jeff McNeil,cleanroom_20260730T152752Z,2026-07-30T15:27:23+00:00,Over,164,LOSS,5.00,0,-5.0,SETTLEMENT_CERTIFIED
2026-07-30,824974,643446,Jeff McNeil,cleanroom_20260730T152752Z,2026-07-30T15:27:23+00:00,Under,-217,WIN,5.00,2.304147465437788,2.304147465437788,SETTLEMENT_CERTIFIED
2026-07-30,824974,655316,Andruw Monasterio,cleanroom_20260731T004346Z,2026-07-31T00:43:51+00:00,Over,128,LOSS,5.00,0,-5.0,SETTLEMENT_CERTIFIED
2026-07-30,824974,655316,Andruw Monasterio,cleanroom_20260731T004346Z,2026-07-31T00:43:51+00:00,Under,-167,WIN,5.00,2.9940119760479043,2.9940119760479043,SETTLEMENT_CERTIFIED
2026-07-30,824974,657136,Connor Wong,cleanroom_20260731T004346Z,2026-07-31T00:43:51+00:00,Over,164,LOSS,5.00,0,-5.0,SETTLEMENT_CERTIFIED
2026-07-30,824974,657136,Connor Wong,cleanroom_20260731T004346Z,2026-07-31T00:43:51+00:00,Under,-217,WIN,5.00,2.304147465437788,2.304147465437788,SETTLEMENT_CERTIFIED
2026-07-30,824974,666126,Carlos Cortes,cleanroom_20260731T004346Z,2026-07-31T00:43:51+00:00,Over,174,LOSS,5.00,0,-5.0,SETTLEMENT_CERTIFIED
2026-07-30,824974,666126,Carlos Cortes,cleanroom_20260731T004346Z,2026-07-31T00:43:51+00:00,Under,-233,WIN,5.00,2.1459227467811157,2.1459227467811157,SETTLEMENT_CERTIFIED
2026-07-30,824974,671732,Lawrence Butler,cleanroom_20260731T004346Z,2026-07-31T00:43:51+00:00,Over,182,WIN,5.00,9.1,9.1,SETTLEMENT_CERTIFIED
2026-07-30,824974,671732,Lawrence Butler,cleanroom_20260731T004346Z,2026-07-31T00:43:51+00:00,Under,-244,LOSS,5.00,0,-5.0,SETTLEMENT_CERTIFIED
2026-07-30,824974,677800,Wilyer Abreu,cleanroom_20260731T004346Z,2026-07-31T00:43:51+00:00,Over,-111,WIN,5.00,4.504504504504505,4.504504504504505,SETTLEMENT_CERTIFIED
2026-07-30,824974,677800,Wilyer Abreu,cleanroom_20260731T004346Z,2026-07-31T00:43:51+00:00,Under,-116,LOSS,5.00,0,-5.0,SETTLEMENT_CERTIFIED
2026-07-30,824974,678011,Anthony Seigler,cleanroom_20260731T004346Z,2026-07-31T00:43:51+00:00,Over,113,LOSS,5.00,0,-5.0,SETTLEMENT_CERTIFIED
2026-07-30,824974,678011,Anthony Seigler,cleanroom_20260731T004346Z,2026-07-31T00:43:51+00:00,Under,-147,WIN,5.00,3.401360544217687,3.401360544217687,SETTLEMENT_CERTIFIED
2026-07-30,824974,678882,Ceddanne Rafaela,cleanroom_20260731T004346Z,2026-07-31T00:43:51+00:00,Over,-111,WIN,5.00,4.504504504504505,4.504504504504505,SETTLEMENT_CERTIFIED
2026-07-30,824974,678882,Ceddanne Rafaela,cleanroom_20260731T004346Z,2026-07-31T00:43:51+00:00,Under,-116,LOSS,5.00,0,-5.0,SETTLEMENT_CERTIFIED
2026-07-30,824974,680776,Jarren Duran,cleanroom_20260731T004346Z,2026-07-31T00:43:51+00:00,Over,120,LOSS,5.00,0,-5.0,SETTLEMENT_CERTIFIED
2026-07-30,824974,680776,Jarren Duran,cleanroom_20260731T004346Z,2026-07-31T00:43:51+00:00,Under,-156,WIN,5.00,3.2051282051282053,3.2051282051282053,SETTLEMENT_CERTIFIED
2026-07-30,824974,691016,Tyler Soderstrom,cleanroom_20260731T004346Z,2026-07-31T00:43:51+00:00,Over,124,LOSS,5.00,0,-5.0,SETTLEMENT_CERTIFIED
2026-07-30,824974,691016,Tyler Soderstrom,cleanroom_20260731T004346Z,2026-07-31T00:43:51+00:00,Under,-161,WIN,5.00,3.1055900621118013,3.1055900621118013,SETTLEMENT_CERTIFIED
2026-07-30,824974,695720,Tommy White,cleanroom_20260731T004346Z,2026-07-31T00:43:51+00:00,Over,146,LOSS,5.00,0,-5.0,SETTLEMENT_CERTIFIED
2026-07-30,824974,695720,Tommy White,cleanroom_20260731T004346Z,2026-07-31T00:43:51+00:00,Under,-192,WIN,5.00,2.6041666666666665,2.6041666666666665,SETTLEMENT_CERTIFIED
2026-07-30,824974,701762,Nick Kurtz,cleanroom_20260731T004346Z,2026-07-31T00:43:51+00:00,Over,104,LOSS,5.00,0,-5.0,SETTLEMENT_CERTIFIED
2026-07-30,824974,701762,Nick Kurtz,cleanroom_20260731T004346Z,2026-07-31T00:43:51+00:00,Under,-135,WIN,5.00,3.7037037037037037,3.7037037037037037,SETTLEMENT_CERTIFIED
2026-07-30,824974,702332,Caleb Durbin,cleanroom_20260731T004346Z,2026-07-31T00:43:51+00:00,Over,115,LOSS,5.00,0,-5.0,SETTLEMENT_CERTIFIED
2026-07-30,824974,702332,Caleb Durbin,cleanroom_20260731T004346Z,2026-07-31T00:43:51+00:00,Under,-149,WIN,5.00,3.3557046979865772,3.3557046979865772,SETTLEMENT_CERTIFIED
2026-07-30,824974,805779,Jacob Wilson,cleanroom_20260731T004346Z,2026-07-31T00:43:51+00:00,Over,107,WIN,5.00,5.35,5.35,SETTLEMENT_CERTIFIED
2026-07-30,824974,805779,Jacob Wilson,cleanroom_20260731T004346Z,2026-07-31T00:43:51+00:00,Under,-139,LOSS,5.00,0,-5.0,SETTLEMENT_CERTIFIED
2026-07-30,824974,807799,Masataka Yoshida,cleanroom_20260731T004346Z,2026-07-31T00:43:51+00:00,Over,115,LOSS,5.00,0,-5.0,SETTLEMENT_CERTIFIED
2026-07-30,824974,807799,Masataka Yoshida,cleanroom_20260731T004346Z,2026-07-31T00:43:51+00:00,Under,-149,WIN,5.00,3.3557046979865772,3.3557046979865772,SETTLEMENT_CERTIFIED
