target_slate_date,player_id,target_game_id,contributing_game_id,contributing_game_date,game_sog,game_toi,game_rate,window_age,lifecycle_position,extreme_class,target_d10
2026-10-03,8470613,2026020032,2026020007,2026-09-30,0,15.38,0.0,1,MOST_RECENT,LOW_RATE,6.324110671936759
2026-10-03,8470613,2026020032,2025021298,2026-04-14,0,20.48,0.0,4,AGES_2_5,LOW_RATE,6.324110671936759
2026-10-03,8470621,2026020034,2025021282,2026-04-13,0,13.48,0.0,2,AGES_2_5,LOW_RATE,6.554818571985954
2026-10-03,8470621,2026020034,2025021261,2026-04-11,3,9.17,19.629225736095965,3,AGES_2_5,HIGH_RATE,6.554818571985954
2026-10-03,8470621,2026020034,2025021248,2026-04-09,0,13.28,0.0,4,AGES_2_5,LOW_RATE,6.554818571985954
2026-10-03,8470621,2026020034,2025021180,2026-03-31,0,9.83,0.0,9,AGES_6_9,LOW_RATE,6.554818571985954
2026-10-03,8471214,2026020024,2025021263,2026-04-11,7,14.98,28.037383177570092,4,AGES_2_5,HIGH_RATE,11.987649088817582
2026-10-03,8471215,2026020026,2025021211,2026-04-04,6,18.87,19.07790143084261,7,AGES_6_9,HIGH_RATE,8.2436455232425
2026-10-03,8471215,2026020026,2025021183,2026-03-31,5,17.53,17.113519680547633,9,AGES_6_9,HIGH_RATE,8.2436455232425
2026-10-03,8471215,2026020026,2025021112,2026-03-22,0,16.08,0.0,10,ABOUT_TO_EXIT,LOW_RATE,8.2436455232425
2026-10-03,8471675,2026020026,2025021251,2026-04-09,4,14.72,16.304347826086957,5,AGES_2_5,HIGH_RATE,7.514088916718848
2026-10-03,8471675,2026020026,2025021211,2026-04-04,0,17.53,0.0,7,AGES_6_9,LOW_RATE,7.514088916718848
2026-10-03,8471675,2026020026,2025021192,2026-04-02,0,19.72,0.0,8,AGES_6_9,LOW_RATE,7.514088916718848
2026-10-03,8471724,2026020026,2026010055,2026-09-26,0,17.08,0.0,2,AGES_2_5,LOW_RATE,1.891153603698256
2026-10-03,8471724,2026020026,2026010016,2026-09-21,0,20.82,0.0,3,AGES_2_5,LOW_RATE,1.891153603698256
2026-10-03,8471724,2026020026,2025021276,2026-04-12,0,17.65,0.0,4,AGES_2_5,LOW_RATE,1.891153603698256
2026-10-03,8471724,2026020026,2025021251,2026-04-09,0,20.25,0.0,5,AGES_2_5,LOW_RATE,1.891153603698256
2026-10-03,8471724,2026020026,2025021192,2026-04-02,0,20.07,0.0,8,AGES_6_9,LOW_RATE,1.891153603698256
2026-10-03,8471724,2026020026,2025021183,2026-03-31,0,19.32,0.0,9,AGES_6_9,LOW_RATE,1.891153603698256
2026-10-03,8471724,2026020026,2025021173,2026-03-30,0,19.72,0.0,10,ABOUT_TO_EXIT,LOW_RATE,1.891153603698256
2026-10-03,8473422,2026020031,2026010004,2026-09-19,0,16.55,0.0,3,AGES_2_5,LOW_RATE,4.475941812756434
2026-10-03,8473422,2026020031,2025021296,2026-04-14,0,15.8,0.0,4,AGES_2_5,LOW_RATE,4.475941812756434
2026-10-03,8473422,2026020031,2025021254,2026-04-09,0,10.13,0.0,7,AGES_6_9,LOW_RATE,4.475941812756434
2026-10-03,8473422,2026020031,2025021222,2026-04-05,0,12.07,0.0,8,AGES_6_9,LOW_RATE,4.475941812756434
2026-10-03,8473422,2026020031,2025021208,2026-04-04,0,12.47,0.0,9,AGES_6_9,LOW_RATE,4.475941812756434
2026-10-03,8473512,2026020023,2025021304,2026-04-15,6,17.2,20.930232558139537,3,AGES_2_5,HIGH_RATE,8.939560795491351
2026-10-03,8473533,2026020025,2026020001,2026-09-29,0,17.28,0.0,2,AGES_2_5,LOW_RATE,5.784526391901663
2026-10-03,8473533,2026020025,2026010053,2026-09-26,0,13.37,0.0,3,AGES_2_5,LOW_RATE,5.784526391901663
2026-10-03,8473994,2026020030,2026020020,2026-10-02,0,10.05,0.0,1,MOST_RECENT,LOW_RATE,3.2616292614739457
2026-10-03,8473994,2026020030,2026010050,2026-09-25,0,12.68,0.0,2,AGES_2_5,LOW_RATE,3.2616292614739457
2026-10-03,8473994,2026020030,2026010034,2026-09-23,5,18.33,16.366612111292966,3,AGES_2_5,HIGH_RATE,3.2616292614739457
2026-10-03,8473994,2026020030,2025021301,2026-04-15,0,13.77,0.0,4,AGES_2_5,LOW_RATE,3.2616292614739457
2026-10-03,8473994,2026020030,2025021268,2026-04-11,0,10.52,0.0,6,AGES_6_9,LOW_RATE,3.2616292614739457
2026-10-03,8473994,2026020030,2025021254,2026-04-09,0,12.92,0.0,7,AGES_6_9,LOW_RATE,3.2616292614739457
2026-10-03,8473994,2026020030,2025021239,2026-04-07,0,13.78,0.0,8,AGES_6_9,LOW_RATE,3.2616292614739457
2026-10-03,8473994,2026020030,2025021209,2026-04-04,0,14.4,0.0,9,AGES_6_9,LOW_RATE,3.2616292614739457
2026-10-03,8474013,2026020022,2026020013,2026-10-01,0,14.87,0.0,1,MOST_RECENT,LOW_RATE,2.0714655618850335
2026-10-03,8474013,2026020022,2026020005,2026-09-29,0,12.67,0.0,2,AGES_2_5,LOW_RATE,2.0714655618850335
2026-10-03,8474013,2026020022,2026010018,2026-09-21,0,16.77,0.0,4,AGES_2_5,LOW_RATE,2.0714655618850335
2026-10-03,8474013,2026020022,2025021216,2026-04-04,0,17.45,0.0,10,ABOUT_TO_EXIT,LOW_RATE,2.0714655618850335
2026-10-03,8474141,2026020022,2026020013,2026-10-01,0,19.32,0.0,1,MOST_RECENT,LOW_RATE,6.592371684194004
2026-10-03,8474141,2026020022,2025021222,2026-04-05,5,19.15,15.66579634464752,9,AGES_6_9,HIGH_RATE,6.592371684194004
2026-10-03,8474150,2026020033,2026010031,2026-09-22,0,16.63,0.0,3,AGES_2_5,LOW_RATE,5.988688033714095
2026-10-03,8474150,2026020033,2025021273,2026-04-11,5,15.27,19.646365422396855,6,AGES_6_9,HIGH_RATE,5.988688033714095
2026-10-03,8474150,2026020033,2025021201,2026-04-02,0,20.33,0.0,10,ABOUT_TO_EXIT,LOW_RATE,5.988688033714095
2026-10-03,8474151,2026020024,2026010011,2026-09-20,0,17.92,0.0,3,AGES_2_5,LOW_RATE,2.6276892757431436
2026-10-03,8474151,2026020024,2025021234,2026-04-07,0,18.08,0.0,7,AGES_6_9,LOW_RATE,2.6276892757431436
2026-10-03,8474151,2026020024,2025021229,2026-04-06,0,16.73,0.0,8,AGES_6_9,LOW_RATE,2.6276892757431436
2026-10-03,8474151,2026020024,2025021210,2026-04-04,0,17.13,0.0,9,AGES_6_9,LOW_RATE,2.6276892757431436
2026-10-03,8474563,2026020034,2025021291,2026-04-13,0,22.52,0.0,5,AGES_2_5,LOW_RATE,3.0850972662610334
2026-10-03,8474564,2026020030,2026010029,2026-09-22,0,19.48,0.0,3,AGES_2_5,LOW_RATE,8.651073373918615
2026-10-03,8474564,2026020030,2025021287,2026-04-13,9,22.83,23.653088042049937,4,AGES_2_5,HIGH_RATE,8.651073373918615
2026-10-03,8474567,2026020031,2026010050,2026-09-25,0,16.17,0.0,2,AGES_2_5,LOW_RATE,2.213532059322659
2026-10-03,8474567,2026020031,2025021208,2026-04-04,0,14.13,0.0,3,AGES_2_5,LOW_RATE,2.213532059322659
2026-10-03,8474567,2026020031,2025021155,2026-03-28,0,14.5,0.0,5,AGES_2_5,LOW_RATE,2.213532059322659
2026-10-03,8474567,2026020031,2025021127,2026-03-24,0,11.87,0.0,6,AGES_6_9,LOW_RATE,2.213532059322659
2026-10-03,8474567,2026020031,2025021101,2026-03-21,0,10.0,0.0,7,AGES_6_9,LOW_RATE,2.213532059322659
2026-10-03,8474568,2026020033,2026020015,2026-10-01,0,14.03,0.0,1,MOST_RECENT,LOW_RATE,2.589555459646094
2026-10-03,8474568,2026020033,2026010056,2026-09-26,0,16.52,0.0,3,AGES_2_5,LOW_RATE,2.589555459646094
2026-10-03,8474568,2026020033,2026010037,2026-09-24,0,14.83,0.0,4,AGES_2_5,LOW_RATE,2.589555459646094
2026-10-03,8474568,2026020033,2025021229,2026-04-06,0,12.9,0.0,6,AGES_6_9,LOW_RATE,2.589555459646094
2026-10-03,8474568,2026020033,2025021028,2026-03-12,0,14.52,0.0,8,AGES_6_9,LOW_RATE,2.589555459646094
2026-10-03,8474568,2026020033,2025020964,2026-03-03,0,14.87,0.0,9,AGES_6_9,LOW_RATE,2.589555459646094
2026-10-03,8474574,2026020030,2026010050,2026-09-25,0,14.82,0.0,2,AGES_2_5,LOW_RATE,1.998112893378476
2026-10-03,8474574,2026020030,2026010034,2026-09-23,0,19.97,0.0,3,AGES_2_5,LOW_RATE,1.998112893378476
2026-10-03,8474574,2026020030,2025021268,2026-04-11,0,20.93,0.0,6,AGES_6_9,LOW_RATE,1.998112893378476
2026-10-03,8474574,2026020030,2025021254,2026-04-09,0,22.63,0.0,7,AGES_6_9,LOW_RATE,1.998112893378476
2026-10-03,8474574,2026020030,2025021172,2026-03-29,0,15.55,0.0,9,AGES_6_9,LOW_RATE,1.998112893378476
2026-10-03,8474574,2026020030,2025021156,2026-03-28,0,16.28,0.0,10,ABOUT_TO_EXIT,LOW_RATE,1.998112893378476
2026-10-03,8474578,2026020026,2026010055,2026-09-26,0,18.77,0.0,2,AGES_2_5,LOW_RATE,5.322377328540081
2026-10-03,8474578,2026020026,2025021276,2026-04-12,0,19.93,0.0,3,AGES_2_5,LOW_RATE,5.322377328540081
2026-10-03,8474586,2026020028,2026010056,2026-09-26,0,16.58,0.0,2,AGES_2_5,LOW_RATE,5.404796757121946
2026-10-03,8474586,2026020028,2025021306,2026-04-15,0,15.02,0.0,4,AGES_2_5,LOW_RATE,5.404796757121946
2026-10-03,8474586,2026020028,2025021240,2026-04-07,0,18.43,0.0,8,AGES_6_9,LOW_RATE,5.404796757121946
2026-10-03,8474590,2026020024,2025021243,2026-04-07,0,25.07,0.0,7,AGES_6_9,LOW_RATE,6.891271056661562
2026-10-03,8474590,2026020024,2025021219,2026-04-04,6,23.87,15.08169250104734,8,AGES_6_9,HIGH_RATE,6.891271056661562
2026-10-03,8474716,2026020031,2025021254,2026-04-09,0,17.37,0.0,4,AGES_2_5,LOW_RATE,3.7340876944837342
2026-10-03,8474716,2026020031,2025021222,2026-04-05,0,17.0,0.0,6,AGES_6_9,LOW_RATE,3.7340876944837342
2026-10-03,8474716,2026020031,2025021199,2026-04-02,0,17.37,0.0,8,AGES_6_9,LOW_RATE,3.7340876944837342
2026-10-03,8474716,2026020031,2025021127,2026-03-24,0,19.8,0.0,10,ABOUT_TO_EXIT,LOW_RATE,3.7340876944837342
2026-10-03,8475151,2026020029,2025020381,2025-11-28,0,9.42,0.0,4,AGES_2_5,LOW_RATE,8.167265599477295
2026-10-03,8475151,2026020029,2025020365,2025-11-26,6,22.47,16.021361815754343,5,AGES_2_5,HIGH_RATE,8.167265599477295
2026-10-03,8475158,2026020030,2026010029,2026-09-22,0,19.15,0.0,3,AGES_2_5,LOW_RATE,5.737508964857757
2026-10-03,8475166,2026020023,2026010035,2026-09-23,5,14.97,20.04008016032064,3,AGES_2_5,HIGH_RATE,6.764374295377678
2026-10-03,8475166,2026020023,2025021304,2026-04-15,0,20.08,0.0,5,AGES_2_5,LOW_RATE,6.764374295377678
2026-10-03,8475167,2026020024,2026010011,2026-09-20,0,19.22,0.0,3,AGES_2_5,LOW_RATE,4.690117252931323
2026-10-03,8475167,2026020024,2025021076,2026-03-17,0,17.23,0.0,5,AGES_2_5,LOW_RATE,4.690117252931323
2026-10-03,8475170,2026020029,2025021214,2026-04-04,0,17.18,0.0,7,AGES_6_9,LOW_RATE,4.08696145768292
2026-10-03,8475170,2026020029,2025021205,2026-04-03,0,14.85,0.0,8,AGES_6_9,LOW_RATE,4.08696145768292
2026-10-03,8475171,2026020023,2026010007,2026-09-19,0,23.88,0.0,4,AGES_2_5,LOW_RATE,2.59361322742746
2026-10-03,8475171,2026020023,2025021285,2026-04-13,0,22.5,0.0,6,AGES_6_9,LOW_RATE,2.59361322742746
2026-10-03,8475171,2026020023,2025021202,2026-04-02,0,7.05,0.0,10,ABOUT_TO_EXIT,LOW_RATE,2.59361322742746
2026-10-03,8475172,2026020032,2025021238,2026-04-07,0,6.15,0.0,4,AGES_2_5,LOW_RATE,8.128507838203987
2026-10-03,8475172,2026020032,2025021174,2026-03-30,5,19.13,15.682174594877155,8,AGES_6_9,HIGH_RATE,8.128507838203987
2026-10-03,8475172,2026020032,2025021162,2026-03-28,0,14.47,0.0,9,AGES_6_9,LOW_RATE,8.128507838203987
2026-10-03,8475184,2026020026,2025021206,2026-04-03,0,15.78,0.0,8,AGES_6_9,LOW_RATE,6.8501382045427235
2026-10-03,8475200,2026020034,2025021275,2026-04-11,0,20.73,0.0,6,AGES_6_9,LOW_RATE,5.005889281507656
2026-10-03,8475200,2026020034,2025021246,2026-04-08,0,21.63,0.0,8,AGES_6_9,LOW_RATE,5.005889281507656
2026-10-03,8475208,2026020034,2026010033,2026-09-23,0,20.82,0.0,3,AGES_2_5,LOW_RATE,1.3945380592678676
2026-10-03,8475208,2026020034,2025021300,2026-04-14,0,17.25,0.0,4,AGES_2_5,LOW_RATE,1.3945380592678676
2026-10-03,8475208,2026020034,2025021291,2026-04-13,0,18.42,0.0,5,AGES_2_5,LOW_RATE,1.3945380592678676
2026-10-03,8475208,2026020034,2025021264,2026-04-11,0,15.92,0.0,6,AGES_6_9,LOW_RATE,1.3945380592678676
2026-10-03,8475208,2026020034,2025021260,2026-04-09,0,17.45,0.0,7,AGES_6_9,LOW_RATE,1.3945380592678676
2026-10-03,8475208,2026020034,2025021232,2026-04-06,0,16.05,0.0,8,AGES_6_9,LOW_RATE,1.3945380592678676
2026-10-03,8475208,2026020034,2025021204,2026-04-02,0,17.55,0.0,10,ABOUT_TO_EXIT,LOW_RATE,1.3945380592678676
2026-10-03,8475218,2026020028,2026020015,2026-10-01,0,20.7,0.0,1,MOST_RECENT,LOW_RATE,2.1358828315703824
2026-10-03,8475218,2026020028,2026010060,2026-09-26,0,20.27,0.0,3,AGES_2_5,LOW_RATE,2.1358828315703824
2026-10-03,8475218,2026020028,2025021246,2026-04-08,0,17.65,0.0,6,AGES_6_9,LOW_RATE,2.1358828315703824
2026-10-03,8475218,2026020028,2025021200,2026-04-02,0,14.82,0.0,9,AGES_6_9,LOW_RATE,2.1358828315703824
2026-10-03,8475220,2026020031,2025021208,2026-04-04,0,12.15,0.0,7,AGES_6_9,LOW_RATE,5.963720699080593
2026-10-03,8475220,2026020031,2025021199,2026-04-02,0,13.1,0.0,8,AGES_6_9,LOW_RATE,5.963720699080593
2026-10-03,8475231,2026020029,2026020008,2026-09-30,0,9.48,0.0,1,MOST_RECENT,LOW_RATE,5.722915507511327
2026-10-03,8475231,2026020029,2026010062,2026-09-26,0,14.07,0.0,2,AGES_2_5,LOW_RATE,5.722915507511327
2026-10-03,8475231,2026020029,2026010027,2026-09-22,0,12.82,0.0,3,AGES_2_5,LOW_RATE,5.722915507511327
2026-10-03,8475231,2026020029,2025021262,2026-04-11,6,13.48,26.706231454005938,6,AGES_6_9,HIGH_RATE,5.722915507511327
2026-10-03,8475231,2026020029,2025021214,2026-04-04,0,14.47,0.0,8,AGES_6_9,LOW_RATE,5.722915507511327
2026-10-03,8475231,2026020029,2025021205,2026-04-03,0,12.07,0.0,9,AGES_6_9,LOW_RATE,5.722915507511327
2026-10-03,8475287,2026020034,2025021267,2026-04-11,0,15.13,0.0,5,AGES_2_5,LOW_RATE,7.4710496824803885
2026-10-03,8475287,2026020034,2025021257,2026-04-09,4,14.92,16.0857908847185,6,AGES_6_9,HIGH_RATE,7.4710496824803885
2026-10-03,8475314,2026020027,2026020013,2026-10-01,4,12.12,19.8019801980198,1,MOST_RECENT,HIGH_RATE,11.047543894259222
2026-10-03,8475455,2026020029,2026020009,2026-10-01,0,14.8,0.0,1,MOST_RECENT,LOW_RATE,2.6401188053462405
2026-10-03,8475455,2026020029,2025021279,2026-04-12,0,20.97,0.0,5,AGES_2_5,LOW_RATE,2.6401188053462405
2026-10-03,8475455,2026020029,2025021251,2026-04-09,0,21.4,0.0,7,AGES_6_9,LOW_RATE,2.6401188053462405
2026-10-03,8475455,2026020029,2025021226,2026-04-05,0,14.12,0.0,9,AGES_6_9,LOW_RATE,2.6401188053462405
2026-10-03,8475455,2026020029,2025021212,2026-04-04,0,15.25,0.0,10,ABOUT_TO_EXIT,LOW_RATE,2.6401188053462405
2026-10-03,8475690,2026020023,2026020008,2026-09-30,0,20.65,0.0,1,MOST_RECENT,LOW_RATE,2.3600809170600137
2026-10-03,8475690,2026020023,2026010006,2026-09-19,0,18.38,0.0,4,AGES_2_5,LOW_RATE,2.3600809170600137
2026-10-03,8475690,2026020023,2025020590,2025-12-27,0,21.45,0.0,6,AGES_6_9,LOW_RATE,2.3600809170600137
2026-10-03,8475690,2026020023,2025020188,2025-11-01,0,14.83,0.0,8,AGES_6_9,LOW_RATE,2.3600809170600137
2026-10-03,8475690,2026020023,2025020098,2025-10-21,0,5.95,0.0,9,AGES_6_9,LOW_RATE,2.3600809170600137
2026-10-03,8475692,2026020034,2026020007,2026-09-30,0,17.98,0.0,1,MOST_RECENT,LOW_RATE,5.117707267144319
2026-10-03,8475692,2026020034,2025021222,2026-04-05,0,18.18,0.0,5,AGES_2_5,LOW_RATE,5.117707267144319
2026-10-03,8475726,2026020034,2025021305,2026-04-15,0,14.12,0.0,4,AGES_2_5,LOW_RATE,7.024116132053384
2026-10-03,8475726,2026020034,2025021275,2026-04-11,4,12.07,19.884009942004973,6,AGES_6_9,HIGH_RATE,7.024116132053384
2026-10-03,8475745,2026020027,2026020011,2026-10-01,0,19.07,0.0,1,MOST_RECENT,LOW_RATE,5.324424492352665
2026-10-03,8475745,2026020027,2026010046,2026-09-24,0,15.7,0.0,3,AGES_2_5,LOW_RATE,5.324424492352665
2026-10-03,8475745,2026020027,2025021271,2026-04-11,6,21.88,16.453382084095065,6,AGES_6_9,HIGH_RATE,5.324424492352665
2026-10-03,8475745,2026020027,2025021247,2026-04-09,0,23.07,0.0,7,AGES_6_9,LOW_RATE,5.324424492352665
2026-10-03,8475745,2026020027,2025021197,2026-04-02,0,18.67,0.0,10,ABOUT_TO_EXIT,LOW_RATE,5.324424492352665
2026-10-03,8475754,2026020032,2025021289,2026-04-13,0,19.18,0.0,4,AGES_2_5,LOW_RATE,5.015411942949689
2026-10-03,8475754,2026020032,2025021228,2026-04-05,0,21.42,0.0,8,AGES_6_9,LOW_RATE,5.015411942949689
2026-10-03,8475764,2026020032,2025021253,2026-04-09,0,16.78,0.0,7,AGES_6_9,LOW_RATE,2.9154518950437316
2026-10-03,8475764,2026020032,2025021238,2026-04-07,0,18.78,0.0,8,AGES_6_9,LOW_RATE,2.9154518950437316
2026-10-03,8475764,2026020032,2025021228,2026-04-05,0,21.83,0.0,9,AGES_6_9,LOW_RATE,2.9154518950437316
2026-10-03,8475764,2026020032,2025021206,2026-04-03,0,20.32,0.0,10,ABOUT_TO_EXIT,LOW_RATE,2.9154518950437316
2026-10-03,8475768,2026020032,2026010012,2026-09-20,0,14.42,0.0,3,AGES_2_5,LOW_RATE,3.997601439136518
2026-10-03,8475768,2026020032,2025021273,2026-04-11,0,13.9,0.0,5,AGES_2_5,LOW_RATE,3.997601439136518
2026-10-03,8475768,2026020032,2025021259,2026-04-09,0,17.32,0.0,6,AGES_6_9,LOW_RATE,3.997601439136518
2026-10-03,8475768,2026020032,2025021230,2026-04-06,0,15.63,0.0,8,AGES_6_9,LOW_RATE,3.997601439136518
2026-10-03,8475790,2026020027,2026020011,2026-10-01,0,17.73,0.0,1,MOST_RECENT,LOW_RATE,2.7737648078590005
2026-10-03,8475790,2026020027,2026010046,2026-09-24,0,18.53,0.0,3,AGES_2_5,LOW_RATE,2.7737648078590005
2026-10-03,8475790,2026020027,2025021247,2026-04-09,0,15.77,0.0,7,AGES_6_9,LOW_RATE,2.7737648078590005
2026-10-03,8475790,2026020027,2025021235,2026-04-07,0,16.6,0.0,8,AGES_6_9,LOW_RATE,2.7737648078590005
2026-10-03,8475794,2026020030,2026020020,2026-10-02,4,14.92,16.0857908847185,1,MOST_RECENT,HIGH_RATE,3.6273258547726206
2026-10-03,8475794,2026020030,2026010050,2026-09-25,0,13.95,0.0,2,AGES_2_5,LOW_RATE,3.6273258547726206
2026-10-03,8475794,2026020030,2025020415,2025-12-02,1,1.2,50.0,3,AGES_2_5,HIGH_RATE,3.6273258547726206
2026-10-03,8475794,2026020030,2025020390,2025-11-28,0,18.25,0.0,5,AGES_2_5,LOW_RATE,3.6273258547726206
2026-10-03,8475794,2026020030,2025020360,2025-11-25,0,17.1,0.0,7,AGES_6_9,LOW_RATE,3.6273258547726206
2026-10-03,8475794,2026020030,2025020310,2025-11-18,0,17.35,0.0,10,ABOUT_TO_EXIT,LOW_RATE,3.6273258547726206
2026-10-03,8475842,2026020022,2026020011,2026-10-01,0,7.72,0.0,1,MOST_RECENT,LOW_RATE,7.183643396573955
2026-10-03,8475842,2026020022,2026010024,2026-09-22,0,11.52,0.0,3,AGES_2_5,LOW_RATE,7.183643396573955
2026-10-03,8475842,2026020022,2025021150,2026-03-27,0,6.77,0.0,6,AGES_6_9,LOW_RATE,7.183643396573955
2026-10-03,8475842,2026020022,2025021135,2026-03-25,0,10.43,0.0,7,AGES_6_9,LOW_RATE,7.183643396573955
2026-10-03,8475848,2026020033,2026020015,2026-10-01,0,11.13,0.0,1,MOST_RECENT,LOW_RATE,6.162464985994398
2026-10-03,8475848,2026020033,2026010056,2026-09-26,3,11.7,15.384615384615389,3,AGES_2_5,HIGH_RATE,6.162464985994398
2026-10-03,8475848,2026020033,2026010037,2026-09-24,0,12.05,0.0,4,AGES_2_5,LOW_RATE,6.162464985994398
2026-10-03,8475848,2026020033,2025021226,2026-04-05,0,11.37,0.0,6,AGES_6_9,LOW_RATE,6.162464985994398
2026-10-03,8475848,2026020033,2025021212,2026-04-04,4,9.8,24.489795918367346,7,AGES_6_9,HIGH_RATE,6.162464985994398
2026-10-03,8475848,2026020033,2025021180,2026-03-31,0,8.3,0.0,9,AGES_6_9,LOW_RATE,6.162464985994398
2026-10-03,8475848,2026020033,2025021169,2026-03-29,0,11.45,0.0,10,ABOUT_TO_EXIT,LOW_RATE,6.162464985994398
2026-10-03,8476278,2026020030,2025021285,2026-04-13,0,12.57,0.0,1,MOST_RECENT,LOW_RATE,3.2946344524631317
2026-10-03,8476278,2026020030,2025021268,2026-04-11,0,13.72,0.0,2,AGES_2_5,LOW_RATE,3.2946344524631317
2026-10-03,8476278,2026020030,2025021239,2026-04-07,0,13.42,0.0,4,AGES_2_5,LOW_RATE,3.2946344524631317
2026-10-03,8476278,2026020030,2025021209,2026-04-04,0,12.02,0.0,5,AGES_2_5,LOW_RATE,3.2946344524631317
2026-10-03,8476278,2026020030,2025021198,2026-04-02,0,10.58,0.0,6,AGES_6_9,LOW_RATE,3.2946344524631317
2026-10-03,8476278,2026020030,2025021172,2026-03-29,0,13.42,0.0,8,AGES_6_9,LOW_RATE,3.2946344524631317
2026-10-03,8476278,2026020030,2025021141,2026-03-26,0,12.85,0.0,10,ABOUT_TO_EXIT,LOW_RATE,3.2946344524631317
2026-10-03,8476292,2026020029,2026010062,2026-09-26,0,14.97,0.0,2,AGES_2_5,LOW_RATE,3.529708378855366
2026-10-03,8476292,2026020029,2025021293,2026-04-14,0,11.8,0.0,4,AGES_2_5,LOW_RATE,3.529708378855366
2026-10-03,8476292,2026020029,2025021262,2026-04-11,0,10.6,0.0,5,AGES_2_5,LOW_RATE,3.529708378855366
2026-10-03,8476292,2026020029,2025021252,2026-04-09,0,10.68,0.0,6,AGES_6_9,LOW_RATE,3.529708378855366
2026-10-03,8476292,2026020029,2025021205,2026-04-03,0,9.82,0.0,8,AGES_6_9,LOW_RATE,3.529708378855366
2026-10-03,8476312,2026020032,2025021274,2026-04-11,3,11.77,15.293118096856414,4,AGES_2_5,HIGH_RATE,7.191370355573312
2026-10-03,8476372,2026020025,2026020006,2026-09-30,0,19.9,0.0,2,AGES_2_5,LOW_RATE,2.793296089385475
2026-10-03,8476372,2026020025,2026010028,2026-09-22,0,21.5,0.0,4,AGES_2_5,LOW_RATE,2.793296089385475
2026-10-03,8476372,2026020025,2025021250,2026-04-09,0,15.33,0.0,8,AGES_6_9,LOW_RATE,2.793296089385475
2026-10-03,8476372,2026020025,2025021224,2026-04-05,0,13.93,0.0,10,ABOUT_TO_EXIT,LOW_RATE,2.793296089385475
2026-10-03,8476374,2026020031,2026010013,2026-09-20,0,15.6,0.0,4,AGES_2_5,LOW_RATE,5.29567519858782
2026-10-03,8476374,2026020031,2025021261,2026-04-11,0,13.03,0.0,7,AGES_6_9,LOW_RATE,5.29567519858782
2026-10-03,8476374,2026020031,2025021210,2026-04-04,0,12.07,0.0,10,ABOUT_TO_EXIT,LOW_RATE,5.29567519858782
2026-10-03,8476389,2026020027,2025021302,2026-04-15,0,20.32,0.0,4,AGES_2_5,LOW_RATE,4.8159246575342465
2026-10-03,8476389,2026020027,2025021244,2026-04-08,0,18.8,0.0,7,AGES_6_9,LOW_RATE,4.8159246575342465
2026-10-03,8476389,2026020027,2025021207,2026-04-04,0,17.73,0.0,9,AGES_6_9,LOW_RATE,4.8159246575342465
2026-10-03,8476393,2026020023,2025021262,2026-04-11,0,10.92,0.0,6,AGES_6_9,LOW_RATE,5.676931016686737
2026-10-03,8476393,2026020023,2025021249,2026-04-09,0,14.52,0.0,7,AGES_6_9,LOW_RATE,5.676931016686737
2026-10-03,8476393,2026020023,2025021208,2026-04-04,0,13.08,0.0,10,ABOUT_TO_EXIT,LOW_RATE,5.676931016686737
2026-10-03,8476399,2026020031,2025021174,2026-03-30,6,16.4,21.951219512195124,9,AGES_6_9,HIGH_RATE,9.835528113217856
2026-10-03,8476419,2026020029,2026010062,2026-09-26,0,15.28,0.0,2,AGES_2_5,LOW_RATE,4.170089088266885
2026-10-03,8476419,2026020029,2025021293,2026-04-14,0,14.93,0.0,4,AGES_2_5,LOW_RATE,4.170089088266885
2026-10-03,8476422,2026020025,2025021284,2026-04-13,0,12.22,0.0,4,AGES_2_5,LOW_RATE,5.567707297673493
2026-10-03,8476432,2026020024,2025021295,2026-04-14,4,14.2,16.901408450704228,4,AGES_2_5,HIGH_RATE,9.79776409998744
2026-10-03,8476441,2026020034,2025021291,2026-04-13,0,16.65,0.0,4,AGES_2_5,LOW_RATE,5.243036592026215
2026-10-03,8476441,2026020034,2025021189,2026-04-01,0,19.92,0.0,10,ABOUT_TO_EXIT,LOW_RATE,5.243036592026215
2026-10-03,8476455,2026020032,2025021298,2026-04-14,5,16.95,17.699115044247787,4,AGES_2_5,HIGH_RATE,7.208506037123806
2026-10-03,8476455,2026020032,2025021228,2026-04-05,0,15.03,0.0,9,AGES_6_9,LOW_RATE,7.208506037123806
2026-10-03,8476457,2026020028,2026010056,2026-09-26,0,18.82,0.0,2,AGES_2_5,LOW_RATE,5.395413898186542
2026-10-03,8476457,2026020028,2025021273,2026-04-11,0,17.25,0.0,6,AGES_6_9,LOW_RATE,5.395413898186542
2026-10-03,8476458,2026020033,2026020014,2026-10-01,4,16.02,14.9812734082397,1,MOST_RECENT,HIGH_RATE,7.448275862068965
2026-10-03,8476458,2026020033,2025021273,2026-04-11,0,12.57,0.0,5,AGES_2_5,LOW_RATE,7.448275862068965
2026-10-03,8476458,2026020033,2025021239,2026-04-07,0,13.17,0.0,6,AGES_6_9,LOW_RATE,7.448275862068965
2026-10-03,8476461,2026020025,2026020006,2026-09-30,0,15.07,0.0,2,AGES_2_5,LOW_RATE,4.5584045584045585
2026-10-03,8476461,2026020025,2026010040,2026-09-24,0,16.83,0.0,4,AGES_2_5,LOW_RATE,4.5584045584045585
2026-10-03,8476461,2026020025,2025021250,2026-04-09,0,13.08,0.0,7,AGES_6_9,LOW_RATE,4.5584045584045585
2026-10-03,8476462,2026020029,2026020009,2026-10-01,6,21.53,16.72085462145843,1,MOST_RECENT,HIGH_RATE,6.829175756426065
2026-10-03,8476462,2026020029,2025021226,2026-04-05,0,20.85,0.0,9,AGES_6_9,LOW_RATE,6.829175756426065
2026-10-03,8476463,2026020031,2026020012,2026-10-01,0,20.47,0.0,1,MOST_RECENT,LOW_RATE,4.008016032064128
2026-10-03,8476463,2026020031,2026010050,2026-09-25,0,19.9,0.0,2,AGES_2_5,LOW_RATE,4.008016032064128
2026-10-03,8476463,2026020031,2025021254,2026-04-09,0,16.58,0.0,5,AGES_2_5,LOW_RATE,4.008016032064128
2026-10-03,8476467,2026020033,2026020004,2026-09-29,0,23.63,0.0,2,AGES_2_5,LOW_RATE,3.220439053190918
2026-10-03,8476467,2026020033,2026010056,2026-09-26,0,19.95,0.0,3,AGES_2_5,LOW_RATE,3.220439053190918
2026-10-03,8476467,2026020033,2026010037,2026-09-24,0,17.03,0.0,4,AGES_2_5,LOW_RATE,3.220439053190918
2026-10-03,8476467,2026020033,2025021273,2026-04-11,0,18.77,0.0,7,AGES_6_9,LOW_RATE,3.220439053190918
2026-10-03,8476469,2026020034,2025021300,2026-04-14,4,13.45,17.843866171003718,4,AGES_2_5,HIGH_RATE,8.1702859600086
2026-10-03,8476469,2026020034,2025021291,2026-04-13,0,13.73,0.0,5,AGES_2_5,LOW_RATE,8.1702859600086
2026-10-03,8476469,2026020034,2025021204,2026-04-02,4,13.13,18.27875095201828,10,ABOUT_TO_EXIT,HIGH_RATE,8.1702859600086
2026-10-03,8476473,2026020028,2025021264,2026-04-11,0,21.52,0.0,6,AGES_6_9,LOW_RATE,3.065632402805518
2026-10-03,8476473,2026020028,2025021241,2026-04-07,0,23.73,0.0,8,AGES_6_9,LOW_RATE,3.065632402805518
2026-10-03,8476473,2026020028,2025021200,2026-04-02,0,20.23,0.0,10,ABOUT_TO_EXIT,LOW_RATE,3.065632402805518
2026-10-03,8476474,2026020029,2026020009,2026-10-01,0,6.0,0.0,1,MOST_RECENT,LOW_RATE,7.969538652262464
2026-10-03,8476474,2026020029,2026010019,2026-09-21,3,11.88,15.151515151515149,3,AGES_2_5,HIGH_RATE,7.969538652262464
2026-10-03,8476474,2026020029,2025020687,2026-01-08,0,8.27,0.0,4,AGES_2_5,LOW_RATE,7.969538652262464
2026-10-03,8476474,2026020029,2025020660,2026-01-04,0,11.45,0.0,6,AGES_6_9,LOW_RATE,7.969538652262464
2026-10-03,8476474,2026020029,2025020627,2025-12-31,2,6.88,17.44186046511628,8,AGES_6_9,HIGH_RATE,7.969538652262464
2026-10-03,8476479,2026020026,2026020002,2026-09-29,0,15.62,0.0,1,MOST_RECENT,LOW_RATE,7.019475603881357
2026-10-03,8476479,2026020026,2025021271,2026-04-11,0,12.75,0.0,5,AGES_2_5,LOW_RATE,7.019475603881357
2026-10-03,8476479,2026020026,2025021226,2026-04-05,0,14.2,0.0,8,AGES_6_9,LOW_RATE,7.019475603881357
2026-10-03,8476483,2026020026,2025021251,2026-04-09,8,18.1,26.519337016574585,6,AGES_6_9,HIGH_RATE,10.412001791312136
2026-10-03,8476483,2026020026,2025021211,2026-04-04,5,17.32,17.321016166281755,8,AGES_6_9,HIGH_RATE,10.412001791312136
2026-10-03,8476539,2026020030,2026020012,2026-10-01,0,17.33,0.0,1,MOST_RECENT,LOW_RATE,6.203955021326095
2026-10-03,8476539,2026020030,2026010053,2026-09-26,0,16.57,0.0,2,AGES_2_5,LOW_RATE,6.203955021326095
2026-10-03,8476539,2026020030,2025021287,2026-04-13,0,18.48,0.0,4,AGES_2_5,LOW_RATE,6.203955021326095
2026-10-03,8476624,2026020034,2026020016,2026-10-01,0,14.15,0.0,1,MOST_RECENT,LOW_RATE,1.501626762325853
2026-10-03,8476624,2026020034,2026010063,2026-09-26,0,15.3,0.0,2,AGES_2_5,LOW_RATE,1.501626762325853
2026-10-03,8476624,2026020034,2026010039,2026-09-24,0,13.13,0.0,3,AGES_2_5,LOW_RATE,1.501626762325853
2026-10-03,8476624,2026020034,2025021305,2026-04-15,0,10.18,0.0,4,AGES_2_5,LOW_RATE,1.501626762325853
2026-10-03,8476624,2026020034,2025021275,2026-04-11,0,13.43,0.0,6,AGES_6_9,LOW_RATE,1.501626762325853
2026-10-03,8476624,2026020034,2025021246,2026-04-08,0,10.78,0.0,8,AGES_6_9,LOW_RATE,1.501626762325853
2026-10-03,8476624,2026020034,2025021231,2026-04-06,0,10.13,0.0,9,AGES_6_9,LOW_RATE,1.501626762325853
2026-10-03,8476624,2026020034,2025021220,2026-04-04,0,10.82,0.0,10,ABOUT_TO_EXIT,LOW_RATE,1.501626762325853
2026-10-03,8476853,2026020023,2025021217,2026-04-04,0,22.3,0.0,9,AGES_6_9,LOW_RATE,4.061502756019728
2026-10-03,8476853,2026020023,2025021202,2026-04-02,0,22.93,0.0,10,ABOUT_TO_EXIT,LOW_RATE,4.061502756019728
2026-10-03,8476854,2026020031,2026020003,2026-09-29,0,18.62,0.0,2,AGES_2_5,LOW_RATE,3.502456584131926
2026-10-03,8476854,2026020031,2026010028,2026-09-22,0,21.42,0.0,4,AGES_2_5,LOW_RATE,3.502456584131926
2026-10-03,8476854,2026020031,2025021261,2026-04-11,0,21.38,0.0,6,AGES_6_9,LOW_RATE,3.502456584131926
2026-10-03,8476869,2026020030,2026020012,2026-10-01,0,20.88,0.0,1,MOST_RECENT,LOW_RATE,2.916611427813867
2026-10-03,8476869,2026020030,2025021287,2026-04-13,0,23.03,0.0,4,AGES_2_5,LOW_RATE,2.916611427813867
2026-10-03,8476869,2026020030,2025021257,2026-04-09,0,22.78,0.0,6,AGES_6_9,LOW_RATE,2.916611427813867
2026-10-03,8476872,2026020034,2025021264,2026-04-11,0,14.42,0.0,6,AGES_6_9,LOW_RATE,8.168529664660362
2026-10-03,8476872,2026020034,2025021260,2026-04-09,0,14.17,0.0,7,AGES_6_9,LOW_RATE,8.168529664660362
2026-10-03,8476872,2026020034,2025021232,2026-04-06,5,15.08,19.893899204244033,8,AGES_6_9,HIGH_RATE,8.168529664660362
2026-10-03,8476873,2026020025,2026020018,2026-10-02,0,12.58,0.0,1,MOST_RECENT,LOW_RATE,4.4352454169130695
2026-10-03,8476873,2026020025,2026020001,2026-09-29,0,13.22,0.0,2,AGES_2_5,LOW_RATE,4.4352454169130695
2026-10-03,8476873,2026020025,2025021237,2026-04-07,0,8.08,0.0,8,AGES_6_9,LOW_RATE,4.4352454169130695
2026-10-03,8476873,2026020025,2025021214,2026-04-04,0,9.97,0.0,10,ABOUT_TO_EXIT,LOW_RATE,4.4352454169130695
2026-10-03,8476874,2026020031,2026020012,2026-10-01,0,21.57,0.0,1,MOST_RECENT,LOW_RATE,1.062934585234067
2026-10-03,8476874,2026020031,2026010050,2026-09-25,0,20.27,0.0,2,AGES_2_5,LOW_RATE,1.062934585234067
2026-10-03,8476874,2026020031,2026010004,2026-09-19,0,21.22,0.0,3,AGES_2_5,LOW_RATE,1.062934585234067
2026-10-03,8476874,2026020031,2025021281,2026-04-12,0,23.13,0.0,5,AGES_2_5,LOW_RATE,1.062934585234067
2026-10-03,8476874,2026020031,2025021273,2026-04-11,0,23.1,0.0,6,AGES_6_9,LOW_RATE,1.062934585234067
2026-10-03,8476874,2026020031,2025021239,2026-04-07,0,30.0,0.0,8,AGES_6_9,LOW_RATE,1.062934585234067
2026-10-03,8476875,2026020026,2025021248,2026-04-09,0,25.65,0.0,6,AGES_6_9,LOW_RATE,4.095039030840763
2026-10-03,8476875,2026020026,2025021212,2026-04-04,0,24.02,0.0,9,AGES_6_9,LOW_RATE,4.095039030840763
2026-10-03,8476875,2026020026,2025021195,2026-04-02,0,23.37,0.0,10,ABOUT_TO_EXIT,LOW_RATE,4.095039030840763
2026-10-03,8476878,2026020024,2026020010,2026-10-01,0,7.65,0.0,1,MOST_RECENT,LOW_RATE,1.2706480304955527
2026-10-03,8476878,2026020024,2026010029,2026-09-22,0,16.72,0.0,3,AGES_2_5,LOW_RATE,1.2706480304955527
2026-10-03,8476878,2026020024,2025021302,2026-04-15,0,17.72,0.0,4,AGES_2_5,LOW_RATE,1.2706480304955527
2026-10-03,8476878,2026020024,2025021282,2026-04-13,0,15.9,0.0,5,AGES_2_5,LOW_RATE,1.2706480304955527
2026-10-03,8476878,2026020024,2025021248,2026-04-09,0,12.42,0.0,6,AGES_6_9,LOW_RATE,1.2706480304955527
2026-10-03,8476878,2026020024,2025021229,2026-04-06,0,11.48,0.0,8,AGES_6_9,LOW_RATE,1.2706480304955527
2026-10-03,8476878,2026020024,2025021210,2026-04-04,0,14.77,0.0,9,AGES_6_9,LOW_RATE,1.2706480304955527
2026-10-03,8476879,2026020034,2026010052,2026-09-26,0,20.55,0.0,2,AGES_2_5,LOW_RATE,1.6776646907504753
2026-10-03,8476879,2026020034,2026010030,2026-09-22,0,16.48,0.0,3,AGES_2_5,LOW_RATE,1.6776646907504753
2026-10-03,8476879,2026020034,2025021260,2026-04-09,0,18.05,0.0,7,AGES_6_9,LOW_RATE,1.6776646907504753
2026-10-03,8476879,2026020034,2025021232,2026-04-06,0,17.75,0.0,8,AGES_6_9,LOW_RATE,1.6776646907504753
2026-10-03,8476879,2026020034,2025021204,2026-04-02,0,17.53,0.0,10,ABOUT_TO_EXIT,LOW_RATE,1.6776646907504753
2026-10-03,8476880,2026020024,2026020018,2026-10-02,0,16.62,0.0,1,MOST_RECENT,LOW_RATE,6.806395851339672
2026-10-03,8476880,2026020024,2026010049,2026-09-25,5,18.12,16.556291390728475,2,AGES_2_5,HIGH_RATE,6.806395851339672
2026-10-03,8476880,2026020024,2025021245,2026-04-08,0,18.85,0.0,7,AGES_6_9,LOW_RATE,6.806395851339672
2026-10-03,8476882,2026020022,2026010018,2026-09-21,0,16.0,0.0,3,AGES_2_5,LOW_RATE,4.555808656036446
2026-10-03,8476885,2026020034,2025021280,2026-04-12,0,28.53,0.0,5,AGES_2_5,LOW_RATE,5.35437508806538
2026-10-03,8476887,2026020030,2026010029,2026-09-22,5,19.92,15.06024096385542,3,AGES_2_5,HIGH_RATE,6.765414381630875
2026-10-03,8476887,2026020030,2025021257,2026-04-09,0,18.02,0.0,6,AGES_6_9,LOW_RATE,6.765414381630875
2026-10-03,8476889,2026020030,2025020899,2026-02-04,0,15.17,0.0,6,AGES_6_9,LOW_RATE,4.939491232403062
2026-10-03,8476889,2026020030,2025020882,2026-02-02,0,8.32,0.0,7,AGES_6_9,LOW_RATE,4.939491232403062
2026-10-03,8476889,2026020030,2025020870,2026-01-31,0,11.2,0.0,8,AGES_6_9,LOW_RATE,4.939491232403062
2026-10-03,8476892,2026020032,2025021238,2026-04-07,0,20.85,0.0,8,AGES_6_9,LOW_RATE,3.969941868708351
2026-10-03,8476902,2026020030,2026010050,2026-09-25,0,19.15,0.0,2,AGES_2_5,LOW_RATE,3.6933566930252377
2026-10-03,8476902,2026020030,2025021285,2026-04-13,0,21.37,0.0,5,AGES_2_5,LOW_RATE,3.6933566930252377
2026-10-03,8476902,2026020030,2025021239,2026-04-07,0,20.6,0.0,8,AGES_6_9,LOW_RATE,3.6933566930252377
2026-10-03,8476902,2026020030,2025021209,2026-04-04,0,19.17,0.0,9,AGES_6_9,LOW_RATE,3.6933566930252377
2026-10-03,8476905,2026020028,2026010038,2026-09-24,0,15.98,0.0,3,AGES_2_5,LOW_RATE,2.375296912114014
2026-10-03,8476905,2026020028,2025021306,2026-04-15,0,18.28,0.0,4,AGES_2_5,LOW_RATE,2.375296912114014
2026-10-03,8476905,2026020028,2025021240,2026-04-07,0,16.03,0.0,8,AGES_6_9,LOW_RATE,2.375296912114014
2026-10-03,8476905,2026020028,2025021230,2026-04-06,0,18.05,0.0,9,AGES_6_9,LOW_RATE,2.375296912114014
2026-10-03,8476905,2026020028,2025021221,2026-04-04,0,17.6,0.0,10,ABOUT_TO_EXIT,LOW_RATE,2.375296912114014
2026-10-03,8476906,2026020025,2026020018,2026-10-02,0,22.67,0.0,1,MOST_RECENT,LOW_RATE,4.0519480519480515
2026-10-03,8476906,2026020025,2026010053,2026-09-26,0,20.13,0.0,3,AGES_2_5,LOW_RATE,4.0519480519480515
2026-10-03,8476906,2026020025,2025021293,2026-04-14,0,19.28,0.0,4,AGES_2_5,LOW_RATE,4.0519480519480515
2026-10-03,8476917,2026020029,2026020008,2026-09-30,0,19.85,0.0,1,MOST_RECENT,LOW_RATE,4.096208381472534
2026-10-03,8476917,2026020029,2026010062,2026-09-26,0,16.45,0.0,2,AGES_2_5,LOW_RATE,4.096208381472534
2026-10-03,8476917,2026020029,2025021277,2026-04-12,0,19.5,0.0,5,AGES_2_5,LOW_RATE,4.096208381472534
2026-10-03,8476921,2026020025,2026020001,2026-09-29,0,13.83,0.0,2,AGES_2_5,LOW_RATE,5.194459243473628
2026-10-03,8476921,2026020025,2025021269,2026-04-11,0,17.8,0.0,6,AGES_6_9,LOW_RATE,5.194459243473628
2026-10-03,8476921,2026020025,2025021237,2026-04-07,0,14.82,0.0,7,AGES_6_9,LOW_RATE,5.194459243473628
2026-10-03,8476925,2026020023,2026020002,2026-09-29,0,14.97,0.0,2,AGES_2_5,LOW_RATE,4.004805766920304
2026-10-03,8476925,2026020023,2025021274,2026-04-11,0,13.75,0.0,7,AGES_6_9,LOW_RATE,4.004805766920304
2026-10-03,8476925,2026020023,2025021259,2026-04-09,0,14.53,0.0,8,AGES_6_9,LOW_RATE,4.004805766920304
2026-10-03,8476927,2026020023,2026020008,2026-09-30,0,12.53,0.0,1,MOST_RECENT,LOW_RATE,4.437869822485207
2026-10-03,8476927,2026020023,2025021280,2026-04-12,0,14.72,0.0,6,AGES_6_9,LOW_RATE,4.437869822485207
2026-10-03,8476927,2026020023,2025021242,2026-04-07,0,14.63,0.0,9,AGES_6_9,LOW_RATE,4.437869822485207
2026-10-03,8476931,2026020023,2025021252,2026-04-09,0,25.1,0.0,8,AGES_6_9,LOW_RATE,3.5573122529644268
2026-10-03,8476931,2026020023,2025021245,2026-04-08,0,22.13,0.0,9,AGES_6_9,LOW_RATE,3.5573122529644268
2026-10-03,8476958,2026020025,2026010010,2026-09-20,0,13.77,0.0,4,AGES_2_5,LOW_RATE,4.182225541448842
2026-10-03,8476958,2026020025,2025021255,2026-04-09,0,15.97,0.0,6,AGES_6_9,LOW_RATE,4.182225541448842
2026-10-03,8476958,2026020025,2025021197,2026-04-02,0,20.62,0.0,10,ABOUT_TO_EXIT,LOW_RATE,4.182225541448842
2026-10-03,8476967,2026020032,2026020007,2026-09-30,0,19.73,0.0,1,MOST_RECENT,LOW_RATE,3.936085469284476
2026-10-03,8476967,2026020032,2025021298,2026-04-14,0,21.2,0.0,4,AGES_2_5,LOW_RATE,3.936085469284476
2026-10-03,8476967,2026020032,2025021209,2026-04-04,0,20.68,0.0,10,ABOUT_TO_EXIT,LOW_RATE,3.936085469284476
2026-10-03,8476979,2026020034,2024021081,2025-03-18,0,13.57,0.0,5,AGES_2_5,LOW_RATE,4.350716055350777
2026-10-03,8476979,2026020034,2024021036,2025-03-12,0,19.02,0.0,8,AGES_6_9,LOW_RATE,4.350716055350777
2026-10-03,8476979,2026020034,2024020998,2025-03-07,0,19.65,0.0,10,ABOUT_TO_EXIT,LOW_RATE,4.350716055350777
2026-10-03,8476981,2026020026,2026010006,2026-09-19,0,17.63,0.0,3,AGES_2_5,LOW_RATE,4.264695429668064
2026-10-03,8476981,2026020026,2025021277,2026-04-12,0,15.68,0.0,4,AGES_2_5,LOW_RATE,4.264695429668064
2026-10-03,8476981,2026020026,2025021226,2026-04-05,0,11.52,0.0,8,AGES_6_9,LOW_RATE,4.264695429668064
2026-10-03,8476981,2026020026,2025021212,2026-04-04,0,14.5,0.0,9,AGES_6_9,LOW_RATE,4.264695429668064
2026-10-03,8477021,2026020030,2025021281,2026-04-12,0,15.02,0.0,5,AGES_2_5,LOW_RATE,3.841502454293235
2026-10-03,8477021,2026020030,2025021269,2026-04-11,0,15.6,0.0,6,AGES_6_9,LOW_RATE,3.841502454293235
2026-10-03,8477021,2026020030,2025021257,2026-04-09,0,15.78,0.0,7,AGES_6_9,LOW_RATE,3.841502454293235
2026-10-03,8477021,2026020030,2025021216,2026-04-04,0,16.0,0.0,9,AGES_6_9,LOW_RATE,3.841502454293235
2026-10-03,8477220,2026020027,2026020013,2026-10-01,0,18.93,0.0,1,MOST_RECENT,LOW_RATE,1.959503592423253
2026-10-03,8477220,2026020027,2025021269,2026-04-11,0,15.67,0.0,6,AGES_6_9,LOW_RATE,1.959503592423253
2026-10-03,8477220,2026020027,2025021257,2026-04-09,0,18.15,0.0,7,AGES_6_9,LOW_RATE,1.959503592423253
2026-10-03,8477220,2026020027,2025021241,2026-04-07,0,17.22,0.0,8,AGES_6_9,LOW_RATE,1.959503592423253
2026-10-03,8477220,2026020027,2025021203,2026-04-02,0,19.83,0.0,10,ABOUT_TO_EXIT,LOW_RATE,1.959503592423253
2026-10-03,8477346,2026020027,2025021297,2026-04-14,0,18.88,0.0,4,AGES_2_5,LOW_RATE,6.025306286402892
2026-10-03,8477365,2026020031,2025021223,2026-04-05,0,17.52,0.0,8,AGES_6_9,LOW_RATE,3.928085813567004
2026-10-03,8477365,2026020031,2025021211,2026-04-04,0,17.97,0.0,9,AGES_6_9,LOW_RATE,3.928085813567004
2026-10-03,8477369,2026020027,2025021277,2026-04-12,0,12.67,0.0,5,AGES_2_5,LOW_RATE,2.6048127015628877
2026-10-03,8477369,2026020027,2025021262,2026-04-11,0,14.33,0.0,6,AGES_6_9,LOW_RATE,2.6048127015628877
2026-10-03,8477369,2026020027,2025021252,2026-04-09,0,14.03,0.0,7,AGES_6_9,LOW_RATE,2.6048127015628877
2026-10-03,8477369,2026020027,2025021214,2026-04-04,0,19.35,0.0,8,AGES_6_9,LOW_RATE,2.6048127015628877
2026-10-03,8477369,2026020027,2025021179,2026-03-31,0,19.37,0.0,10,ABOUT_TO_EXIT,LOW_RATE,2.6048127015628877
2026-10-03,8477402,2026020032,2026020020,2026-10-02,0,17.18,0.0,1,MOST_RECENT,LOW_RATE,4.329524954900782
2026-10-03,8477402,2026020032,2025021253,2026-04-09,0,16.98,0.0,7,AGES_6_9,LOW_RATE,4.329524954900782
2026-10-03,8477404,2026020024,2025021192,2026-04-02,7,21.4,19.626168224299068,10,ABOUT_TO_EXIT,HIGH_RATE,8.77233060720976
2026-10-03,8477407,2026020029,2026020008,2026-09-30,4,12.28,19.54397394136808,1,MOST_RECENT,HIGH_RATE,6.048387096774194
2026-10-03,8477407,2026020029,2025021179,2026-03-31,0,11.48,0.0,5,AGES_2_5,LOW_RATE,6.048387096774194
2026-10-03,8477407,2026020029,2025021068,2026-03-17,0,13.6,0.0,8,AGES_6_9,LOW_RATE,6.048387096774194
2026-10-03,8477407,2026020029,2025020999,2026-03-07,0,8.87,0.0,10,ABOUT_TO_EXIT,LOW_RATE,6.048387096774194
2026-10-03,8477426,2026020023,2026020002,2026-09-29,0,15.53,0.0,2,AGES_2_5,LOW_RATE,6.0471679096956255
2026-10-03,8477426,2026020023,2025021248,2026-04-09,0,7.63,0.0,8,AGES_6_9,LOW_RATE,6.0471679096956255
2026-10-03,8477446,2026020031,2026020012,2026-10-01,4,13.4,17.91044776119403,1,MOST_RECENT,HIGH_RATE,8.217993079584774
2026-10-03,8477446,2026020031,2025021222,2026-04-05,0,12.47,0.0,9,AGES_6_9,LOW_RATE,8.217993079584774
2026-10-03,8477451,2026020031,2026020012,2026-10-01,0,12.9,0.0,1,MOST_RECENT,LOW_RATE,8.407457048860728
2026-10-03,8477451,2026020031,2025021199,2026-04-02,5,18.5,16.216216216216218,8,AGES_6_9,HIGH_RATE,8.407457048860728
2026-10-03,8477451,2026020031,2025021140,2026-03-26,4,14.83,16.183412002697235,10,ABOUT_TO_EXIT,HIGH_RATE,8.407457048860728
2026-10-03,8477476,2026020032,2026010048,2026-09-25,0,13.8,0.0,2,AGES_2_5,LOW_RATE,4.309154190376223
2026-10-03,8477476,2026020032,2026010012,2026-09-20,0,18.57,0.0,3,AGES_2_5,LOW_RATE,4.309154190376223
2026-10-03,8477476,2026020032,2025021228,2026-04-05,0,16.88,0.0,8,AGES_6_9,LOW_RATE,4.309154190376223
2026-10-03,8477478,2026020025,2026020001,2026-09-29,0,6.77,0.0,2,AGES_2_5,LOW_RATE,5.209840810419681
2026-10-03,8477478,2026020025,2025021255,2026-04-09,0,10.67,0.0,6,AGES_6_9,LOW_RATE,5.209840810419681
2026-10-03,8477478,2026020025,2025021237,2026-04-07,3,6.65,27.06766917293233,7,AGES_6_9,HIGH_RATE,5.209840810419681
2026-10-03,8477478,2026020025,2025021225,2026-04-05,0,12.12,0.0,8,AGES_6_9,LOW_RATE,5.209840810419681
2026-10-03,8477478,2026020025,2025021197,2026-04-02,0,10.97,0.0,10,ABOUT_TO_EXIT,LOW_RATE,5.209840810419681
2026-10-03,8477479,2026020022,2026020005,2026-09-29,0,16.85,0.0,2,AGES_2_5,LOW_RATE,3.8914711923035346
2026-10-03,8477479,2026020022,2026010058,2026-09-26,0,19.82,0.0,3,AGES_2_5,LOW_RATE,3.8914711923035346
2026-10-03,8477479,2026020022,2026010018,2026-09-21,0,16.43,0.0,4,AGES_2_5,LOW_RATE,3.8914711923035346
2026-10-03,8477488,2026020029,2026020009,2026-10-01,0,19.53,0.0,1,MOST_RECENT,LOW_RATE,1.835330104511853
2026-10-03,8477488,2026020029,2026010062,2026-09-26,0,19.55,0.0,2,AGES_2_5,LOW_RATE,1.835330104511853
2026-10-03,8477488,2026020029,2026010019,2026-09-21,0,19.75,0.0,3,AGES_2_5,LOW_RATE,1.835330104511853
2026-10-03,8477488,2026020029,2025020922,2026-02-26,0,19.88,0.0,6,AGES_6_9,LOW_RATE,1.835330104511853
2026-10-03,8477488,2026020029,2025020905,2026-02-05,0,19.73,0.0,8,AGES_6_9,LOW_RATE,1.835330104511853
2026-10-03,8477488,2026020029,2025020866,2026-01-31,0,18.48,0.0,10,ABOUT_TO_EXIT,LOW_RATE,1.835330104511853
2026-10-03,8477492,2026020032,2026020007,2026-09-30,8,17.73,27.072758037225043,1,MOST_RECENT,HIGH_RATE,11.701337295690935
2026-10-03,8477492,2026020032,2025021274,2026-04-11,6,21.63,16.643550624133148,5,AGES_2_5,HIGH_RATE,11.701337295690935
2026-10-03,8477492,2026020032,2025021256,2026-04-09,6,22.38,16.0857908847185,6,AGES_6_9,HIGH_RATE,11.701337295690935
2026-10-03,8477492,2026020032,2025021238,2026-04-07,0,21.13,0.0,7,AGES_6_9,LOW_RATE,11.701337295690935
2026-10-03,8477492,2026020032,2025021188,2026-04-01,7,24.35,17.248459958932237,10,ABOUT_TO_EXIT,HIGH_RATE,11.701337295690935
2026-10-03,8477496,2026020031,2026020019,2026-10-02,5,15.88,18.89168765743073,1,MOST_RECENT,HIGH_RATE,4.5021645021645025
2026-10-03,8477496,2026020031,2026020003,2026-09-29,0,15.98,0.0,2,AGES_2_5,LOW_RATE,4.5021645021645025
2026-10-03,8477496,2026020031,2025021292,2026-04-14,0,16.77,0.0,5,AGES_2_5,LOW_RATE,4.5021645021645025
2026-10-03,8477496,2026020031,2025021278,2026-04-12,0,16.85,0.0,6,AGES_6_9,LOW_RATE,4.5021645021645025
2026-10-03,8477496,2026020031,2025021224,2026-04-05,0,19.1,0.0,9,AGES_6_9,LOW_RATE,4.5021645021645025
2026-10-03,8477497,2026020027,2026010046,2026-09-24,0,16.1,0.0,3,AGES_2_5,LOW_RATE,4.656577415599535
2026-10-03,8477497,2026020027,2025021271,2026-04-11,4,15.38,15.604681404421324,6,AGES_6_9,HIGH_RATE,4.656577415599535
2026-10-03,8477497,2026020027,2025021215,2026-04-04,0,18.08,0.0,9,AGES_6_9,LOW_RATE,4.656577415599535
2026-10-03,8477497,2026020027,2025021197,2026-04-02,0,12.63,0.0,10,ABOUT_TO_EXIT,LOW_RATE,4.656577415599535
2026-10-03,8477498,2026020034,2026020016,2026-10-01,0,17.12,0.0,1,MOST_RECENT,LOW_RATE,5.602240896358543
2026-10-03,8477499,2026020025,2026020006,2026-09-30,0,17.67,0.0,2,AGES_2_5,LOW_RATE,3.630270874057526
2026-10-03,8477499,2026020025,2025021284,2026-04-13,0,23.23,0.0,5,AGES_2_5,LOW_RATE,3.630270874057526
2026-10-03,8477499,2026020025,2025021236,2026-04-07,0,23.57,0.0,8,AGES_6_9,LOW_RATE,3.630270874057526
2026-10-03,8477499,2026020025,2025021205,2026-04-03,0,22.03,0.0,10,ABOUT_TO_EXIT,LOW_RATE,3.630270874057526
2026-10-03,8477500,2026020029,2026010062,2026-09-26,0,17.6,0.0,2,AGES_2_5,LOW_RATE,6.3473744950952105
2026-10-03,8477501,2026020027,2026020011,2026-10-01,0,15.75,0.0,1,MOST_RECENT,LOW_RATE,8.63201351097767
2026-10-03,8477501,2026020027,2026010061,2026-09-26,5,17.38,17.26121979286536,2,AGES_2_5,HIGH_RATE,8.63201351097767
2026-10-03,8477501,2026020027,2025021238,2026-04-07,6,15.75,22.857142857142858,8,AGES_6_9,HIGH_RATE,8.63201351097767
2026-10-03,8477501,2026020027,2025021209,2026-04-04,0,16.72,0.0,9,AGES_6_9,LOW_RATE,8.63201351097767
2026-10-03,8477505,2026020034,2025021305,2026-04-15,0,19.87,0.0,4,AGES_2_5,LOW_RATE,3.3150836305188607
2026-10-03,8477505,2026020034,2025021287,2026-04-13,0,20.9,0.0,5,AGES_2_5,LOW_RATE,3.3150836305188607
2026-10-03,8477505,2026020034,2025021246,2026-04-08,0,20.87,0.0,8,AGES_6_9,LOW_RATE,3.3150836305188607
2026-10-03,8477506,2026020029,2026020008,2026-09-30,0,16.45,0.0,1,MOST_RECENT,LOW_RATE,2.573036719378183
2026-10-03,8477506,2026020029,2026010062,2026-09-26,0,17.68,0.0,2,AGES_2_5,LOW_RATE,2.573036719378183
2026-10-03,8477506,2026020029,2026010051,2026-09-25,0,18.48,0.0,3,AGES_2_5,LOW_RATE,2.573036719378183
2026-10-03,8477506,2026020029,2025021262,2026-04-11,0,16.55,0.0,5,AGES_2_5,LOW_RATE,2.573036719378183
2026-10-03,8477506,2026020029,2025021252,2026-04-09,0,21.27,0.0,6,AGES_6_9,LOW_RATE,2.573036719378183
2026-10-03,8477506,2026020029,2025021214,2026-04-04,0,19.6,0.0,7,AGES_6_9,LOW_RATE,2.573036719378183
2026-10-03,8477507,2026020031,2026020019,2026-10-02,0,20.9,0.0,1,MOST_RECENT,LOW_RATE,2.892123782897908
2026-10-03,8477507,2026020031,2026010049,2026-09-25,0,19.18,0.0,3,AGES_2_5,LOW_RATE,2.892123782897908
2026-10-03,8477507,2026020031,2025021278,2026-04-12,0,23.45,0.0,6,AGES_6_9,LOW_RATE,2.892123782897908
2026-10-03,8477507,2026020031,2025021261,2026-04-11,0,19.48,0.0,7,AGES_6_9,LOW_RATE,2.892123782897908
2026-10-03,8477511,2026020029,2026010062,2026-09-26,0,12.55,0.0,2,AGES_2_5,LOW_RATE,5.948053664661952
2026-10-03,8477511,2026020029,2026010019,2026-09-21,0,15.55,0.0,3,AGES_2_5,LOW_RATE,5.948053664661952
2026-10-03,8477511,2026020029,2025021223,2026-04-05,0,11.75,0.0,7,AGES_6_9,LOW_RATE,5.948053664661952
2026-10-03,8477810,2026020033,2026010038,2026-09-24,0,20.18,0.0,1,MOST_RECENT,LOW_RATE,2.9660755113390596
2026-10-03,8477810,2026020033,2026010014,2026-09-20,0,18.63,0.0,2,AGES_2_5,LOW_RATE,2.9660755113390596
2026-10-03,8477810,2026020033,2025021147,2026-03-26,0,15.47,0.0,3,AGES_2_5,LOW_RATE,2.9660755113390596
2026-10-03,8477810,2026020033,2025021133,2026-03-24,0,14.25,0.0,4,AGES_2_5,LOW_RATE,2.9660755113390596
2026-10-03,8477810,2026020033,2025021063,2026-03-16,0,17.02,0.0,8,AGES_6_9,LOW_RATE,2.9660755113390596
2026-10-03,8477810,2026020033,2025021051,2026-03-14,0,13.97,0.0,9,AGES_6_9,LOW_RATE,2.9660755113390596
2026-10-03,8477845,2026020026,2026020006,2026-09-30,0,20.7,0.0,1,MOST_RECENT,LOW_RATE,2.528311825125099
2026-10-03,8477845,2026020026,2025021295,2026-04-14,0,20.05,0.0,4,AGES_2_5,LOW_RATE,2.528311825125099
2026-10-03,8477845,2026020026,2025021276,2026-04-12,5,18.98,15.806111696522656,5,AGES_2_5,HIGH_RATE,2.528311825125099
2026-10-03,8477845,2026020026,2025021263,2026-04-11,0,20.0,0.0,6,AGES_6_9,LOW_RATE,2.528311825125099
2026-10-03,8477845,2026020026,2025021245,2026-04-08,0,19.42,0.0,7,AGES_6_9,LOW_RATE,2.528311825125099
2026-10-03,8477845,2026020026,2025021213,2026-04-04,0,16.18,0.0,9,AGES_6_9,LOW_RATE,2.528311825125099
2026-10-03,8477845,2026020026,2025021194,2026-04-02,0,18.57,0.0,10,ABOUT_TO_EXIT,LOW_RATE,2.528311825125099
2026-10-03,8477919,2026020028,2025021306,2026-04-15,0,14.62,0.0,4,AGES_2_5,LOW_RATE,6.139677666922487
2026-10-03,8477919,2026020028,2025021273,2026-04-11,4,15.27,15.717092337917489,6,AGES_6_9,HIGH_RATE,6.139677666922487
2026-10-03,8477919,2026020028,2025021259,2026-04-09,0,15.1,0.0,7,AGES_6_9,LOW_RATE,6.139677666922487
2026-10-03,8477919,2026020028,2025021240,2026-04-07,0,16.73,0.0,8,AGES_6_9,LOW_RATE,6.139677666922487
2026-10-03,8477934,2026020028,2025021061,2026-03-15,2,3.2,37.5,5,AGES_2_5,HIGH_RATE,8.025682182985554
2026-10-03,8477934,2026020028,2025021034,2026-03-12,0,17.6,0.0,7,AGES_6_9,LOW_RATE,8.025682182985554
2026-10-03,8477934,2026020028,2025020986,2026-03-06,0,21.45,0.0,10,ABOUT_TO_EXIT,LOW_RATE,8.025682182985554
2026-10-03,8477939,2026020023,2026020002,2026-09-29,5,18.92,15.856236786469344,2,AGES_2_5,HIGH_RATE,8.482425778774436
2026-10-03,8477939,2026020023,2025021270,2026-04-11,5,19.8,15.151515151515152,7,AGES_6_9,HIGH_RATE,8.482425778774436
2026-10-03,8477940,2026020025,2025021293,2026-04-14,5,15.03,19.960079840319363,4,AGES_2_5,HIGH_RATE,10.07979840403192
2026-10-03,8477940,2026020025,2025021284,2026-04-13,6,16.42,21.924482338611448,5,AGES_2_5,HIGH_RATE,10.07979840403192
2026-10-03,8477940,2026020025,2025021255,2026-04-09,0,11.73,0.0,7,AGES_6_9,LOW_RATE,10.07979840403192
2026-10-03,8477948,2026020025,2025021236,2026-04-07,0,24.75,0.0,8,AGES_6_9,LOW_RATE,5.017141901496781
2026-10-03,8477949,2026020024,2026010049,2026-09-25,4,14.9,16.107382550335572,2,AGES_2_5,HIGH_RATE,8.649687650168188
2026-10-03,8477949,2026020024,2025021229,2026-04-06,6,17.98,20.022246941045605,8,AGES_6_9,HIGH_RATE,8.649687650168188
2026-10-03,8477949,2026020024,2025021213,2026-04-04,5,16.33,18.37109614206981,9,AGES_6_9,HIGH_RATE,8.649687650168188
2026-10-03,8477950,2026020029,2026020008,2026-09-30,0,17.23,0.0,1,MOST_RECENT,LOW_RATE,4.742583126943142
2026-10-03,8477950,2026020029,2026010051,2026-09-25,0,21.18,0.0,2,AGES_2_5,LOW_RATE,4.742583126943142
2026-10-03,8477950,2026020029,2025021124,2026-03-24,0,6.15,0.0,8,AGES_6_9,LOW_RATE,4.742583126943142
2026-10-03,8477951,2026020027,2025021297,2026-04-14,8,21.35,22.482435597189692,4,AGES_2_5,HIGH_RATE,9.97430859906302
2026-10-03,8477955,2026020028,2025021221,2026-04-04,0,18.5,0.0,8,AGES_6_9,LOW_RATE,6.813880126182966
2026-10-03,8477955,2026020028,2025021203,2026-04-02,0,16.65,0.0,9,AGES_6_9,LOW_RATE,6.813880126182966
2026-10-03,8477960,2026020034,2025021291,2026-04-13,5,17.3,17.341040462427742,5,AGES_2_5,HIGH_RATE,10.20513349139264
2026-10-03,8477960,2026020034,2025021232,2026-04-06,0,19.35,0.0,8,AGES_6_9,LOW_RATE,10.20513349139264
2026-10-03,8477960,2026020034,2025021217,2026-04-04,7,20.03,20.96854717923115,9,AGES_6_9,HIGH_RATE,10.20513349139264
2026-10-03,8477987,2026020022,2026020013,2026-10-01,0,11.9,0.0,1,MOST_RECENT,LOW_RATE,7.323523428493931
2026-10-03,8477987,2026020022,2026010058,2026-09-26,0,14.52,0.0,3,AGES_2_5,LOW_RATE,7.323523428493931
2026-10-03,8477987,2026020022,2026010018,2026-09-21,0,14.72,0.0,4,AGES_2_5,LOW_RATE,7.323523428493931
2026-10-03,8477987,2026020022,2025021305,2026-04-15,5,16.05,18.69158878504673,5,AGES_2_5,HIGH_RATE,7.323523428493931
2026-10-03,8477987,2026020022,2025021288,2026-04-13,0,13.82,0.0,6,AGES_6_9,LOW_RATE,7.323523428493931
2026-10-03,8477987,2026020022,2025021255,2026-04-09,0,15.88,0.0,8,AGES_6_9,LOW_RATE,7.323523428493931
2026-10-03,8477987,2026020022,2025021221,2026-04-04,6,15.2,23.68421052631579,10,ABOUT_TO_EXIT,HIGH_RATE,7.323523428493931
2026-10-03,8477989,2026020025,2026010057,2026-09-26,0,12.57,0.0,3,AGES_2_5,LOW_RATE,5.938518863530508
2026-10-03,8477989,2026020025,2025021284,2026-04-13,0,17.53,0.0,5,AGES_2_5,LOW_RATE,5.938518863530508
2026-10-03,8477998,2026020023,2025021234,2026-04-07,0,8.38,0.0,5,AGES_2_5,LOW_RATE,6.595636732623034
2026-10-03,8477998,2026020023,2025021191,2026-04-02,0,9.7,0.0,8,AGES_6_9,LOW_RATE,6.595636732623034
2026-10-03,8478010,2026020024,2025021210,2026-04-04,0,16.93,0.0,9,AGES_6_9,LOW_RATE,5.32804011700794
2026-10-03,8478013,2026020028,2025021289,2026-04-13,0,13.83,0.0,5,AGES_2_5,LOW_RATE,4.585537918871252
2026-10-03,8478013,2026020028,2025021246,2026-04-08,0,18.23,0.0,7,AGES_6_9,LOW_RATE,4.585537918871252
2026-10-03,8478020,2026020023,2025021225,2026-04-05,0,16.85,0.0,8,AGES_6_9,LOW_RATE,3.5112816177904937
2026-10-03,8478020,2026020023,2025021191,2026-04-02,0,18.88,0.0,10,ABOUT_TO_EXIT,LOW_RATE,3.5112816177904937
2026-10-03,8478038,2026020032,2026020007,2026-09-30,0,20.07,0.0,1,MOST_RECENT,LOW_RATE,2.9785297646134117
2026-10-03,8478038,2026020032,2025021228,2026-04-05,0,25.25,0.0,8,AGES_6_9,LOW_RATE,2.9785297646134117
2026-10-03,8478038,2026020032,2025021209,2026-04-04,0,23.88,0.0,9,AGES_6_9,LOW_RATE,2.9785297646134117
2026-10-03,8478046,2026020027,2025021278,2026-04-12,0,13.78,0.0,5,AGES_2_5,LOW_RATE,5.250596658711217
2026-10-03,8478046,2026020027,2025021271,2026-04-11,0,10.2,0.0,6,AGES_6_9,LOW_RATE,5.250596658711217
2026-10-03,8478046,2026020027,2025021197,2026-04-02,0,13.62,0.0,10,ABOUT_TO_EXIT,LOW_RATE,5.250596658711217
2026-10-03,8478133,2026020026,2025021294,2026-04-14,3,11.25,16.0,4,AGES_2_5,HIGH_RATE,5.4272195936543275
2026-10-03,8478133,2026020026,2025021271,2026-04-11,0,14.77,0.0,6,AGES_6_9,LOW_RATE,5.4272195936543275
2026-10-03,8478133,2026020026,2025021233,2026-04-07,0,15.62,0.0,8,AGES_6_9,LOW_RATE,5.4272195936543275
2026-10-03,8478133,2026020026,2025021226,2026-04-05,0,13.98,0.0,9,AGES_6_9,LOW_RATE,5.4272195936543275
2026-10-03,8478136,2026020033,2026010060,2026-09-26,0,15.08,0.0,2,AGES_2_5,LOW_RATE,2.397533965064505
2026-10-03,8478136,2026020033,2026010031,2026-09-22,0,17.05,0.0,3,AGES_2_5,LOW_RATE,2.397533965064505
2026-10-03,8478136,2026020033,2025021296,2026-04-14,0,18.72,0.0,4,AGES_2_5,LOW_RATE,2.397533965064505
2026-10-03,8478136,2026020033,2025021240,2026-04-07,0,17.5,0.0,8,AGES_6_9,LOW_RATE,2.397533965064505
2026-10-03,8478136,2026020033,2025021222,2026-04-05,0,18.25,0.0,9,AGES_6_9,LOW_RATE,2.397533965064505
2026-10-03,8478173,2026020023,2026010035,2026-09-23,0,9.88,0.0,2,AGES_2_5,LOW_RATE,5.334123573862795
2026-10-03,8478173,2026020023,2025020445,2025-12-06,1,1.88,31.91489361702128,5,AGES_2_5,HIGH_RATE,5.334123573862795
2026-10-03,8478173,2026020023,2025020382,2025-11-28,0,8.0,0.0,6,AGES_6_9,LOW_RATE,5.334123573862795
2026-10-03,8478173,2026020023,2025020373,2025-11-26,0,8.63,0.0,7,AGES_6_9,LOW_RATE,5.334123573862795
2026-10-03,8478173,2026020023,2025020359,2025-11-24,2,5.73,20.94240837696335,8,AGES_6_9,HIGH_RATE,5.334123573862795
2026-10-03,8478173,2026020023,2025020342,2025-11-22,0,3.22,0.0,9,AGES_6_9,LOW_RATE,5.334123573862795
2026-10-03,8478173,2026020023,2025020329,2025-11-20,0,7.23,0.0,10,ABOUT_TO_EXIT,LOW_RATE,5.334123573862795
2026-10-03,8478178,2026020023,2025021302,2026-04-15,5,18.85,15.915119363395224,5,AGES_2_5,HIGH_RATE,8.247618144759919
2026-10-03,8478178,2026020023,2025021248,2026-04-09,5,13.98,21.459227467811157,6,AGES_6_9,HIGH_RATE,8.247618144759919
2026-10-03,8478399,2026020029,2026020009,2026-10-01,0,20.67,0.0,1,MOST_RECENT,LOW_RATE,1.484119916889285
2026-10-03,8478399,2026020029,2026010019,2026-09-21,0,21.18,0.0,3,AGES_2_5,LOW_RATE,1.484119916889285
2026-10-03,8478399,2026020029,2025021279,2026-04-12,0,20.23,0.0,5,AGES_2_5,LOW_RATE,1.484119916889285
2026-10-03,8478399,2026020029,2025021265,2026-04-11,0,22.6,0.0,6,AGES_6_9,LOW_RATE,1.484119916889285
2026-10-03,8478399,2026020029,2025021236,2026-04-07,0,17.25,0.0,8,AGES_6_9,LOW_RATE,1.484119916889285
2026-10-03,8478399,2026020029,2025021226,2026-04-05,0,23.68,0.0,9,AGES_6_9,LOW_RATE,1.484119916889285
2026-10-03,8478399,2026020029,2025021212,2026-04-04,0,18.92,0.0,10,ABOUT_TO_EXIT,LOW_RATE,1.484119916889285
2026-10-03,8478401,2026020031,2026010028,2026-09-22,0,16.57,0.0,4,AGES_2_5,LOW_RATE,5.692239580039213
2026-10-03,8478401,2026020031,2025021292,2026-04-14,0,4.97,0.0,5,AGES_2_5,LOW_RATE,5.692239580039213
2026-10-03,8478402,2026020028,2026020004,2026-09-29,0,22.85,0.0,2,AGES_2_5,LOW_RATE,11.604905710141106
2026-10-03,8478402,2026020028,2026010060,2026-09-26,6,19.55,18.414322250639387,3,AGES_2_5,HIGH_RATE,11.604905710141106
2026-10-03,8478402,2026020028,2025021246,2026-04-08,8,21.17,22.67359470949457,7,AGES_6_9,HIGH_RATE,11.604905710141106
2026-10-03,8478402,2026020028,2025021200,2026-04-02,8,22.4,21.42857142857143,10,ABOUT_TO_EXIT,HIGH_RATE,11.604905710141106
2026-10-03,8478407,2026020028,2025021291,2026-04-13,5,15.73,19.071837253655435,5,AGES_2_5,HIGH_RATE,5.979669124975085
2026-10-03,8478413,2026020022,2026020005,2026-09-29,5,14.13,21.231422505307854,2,AGES_2_5,HIGH_RATE,4.661280298321939
2026-10-03,8478413,2026020022,2025021301,2026-04-15,0,16.05,0.0,4,AGES_2_5,LOW_RATE,4.661280298321939
2026-10-03,8478413,2026020022,2025021247,2026-04-09,0,12.0,0.0,6,AGES_6_9,LOW_RATE,4.661280298321939
2026-10-03,8478413,2026020022,2025021191,2026-04-02,0,11.65,0.0,9,AGES_6_9,LOW_RATE,4.661280298321939
2026-10-03,8478413,2026020022,2025021179,2026-03-31,0,11.22,0.0,10,ABOUT_TO_EXIT,LOW_RATE,4.661280298321939
2026-10-03,8478414,2026020029,2025021292,2026-04-14,0,15.75,0.0,4,AGES_2_5,LOW_RATE,10.328800137717336
2026-10-03,8478414,2026020029,2025021212,2026-04-04,7,20.1,20.8955223880597,10,ABOUT_TO_EXIT,HIGH_RATE,10.328800137717336
2026-10-03,8478416,2026020024,2025021261,2026-04-11,0,13.62,0.0,6,AGES_6_9,LOW_RATE,3.5614649492491246
2026-10-03,8478420,2026020030,2026010050,2026-09-25,0,20.58,0.0,2,AGES_2_5,LOW_RATE,3.0037546933667083
2026-10-03,8478420,2026020030,2025021209,2026-04-04,0,21.75,0.0,9,AGES_6_9,LOW_RATE,3.0037546933667083
2026-10-03,8478420,2026020030,2025021198,2026-04-02,0,20.52,0.0,10,ABOUT_TO_EXIT,LOW_RATE,3.0037546933667083
2026-10-03,8478427,2026020025,2025021269,2026-04-11,5,18.55,16.172506738544474,4,AGES_2_5,HIGH_RATE,9.277525993068515
2026-10-03,8478427,2026020025,2025021214,2026-04-04,7,18.8,22.340425531914892,7,AGES_6_9,HIGH_RATE,9.277525993068515
2026-10-03,8478438,2026020026,2026020006,2026-09-30,0,16.07,0.0,1,MOST_RECENT,LOW_RATE,5.9405940594059405
2026-10-03,8478438,2026020026,2026010055,2026-09-26,0,16.48,0.0,2,AGES_2_5,LOW_RATE,5.9405940594059405
2026-10-03,8478438,2026020026,2025021263,2026-04-11,0,14.53,0.0,6,AGES_6_9,LOW_RATE,5.9405940594059405
2026-10-03,8478439,2026020025,2026010040,2026-09-24,0,15.1,0.0,4,AGES_2_5,LOW_RATE,4.4801194698525295
2026-10-03,8478439,2026020025,2025021272,2026-04-11,0,14.75,0.0,6,AGES_6_9,LOW_RATE,4.4801194698525295
2026-10-03,8478439,2026020025,2025021236,2026-04-07,0,16.23,0.0,8,AGES_6_9,LOW_RATE,4.4801194698525295
2026-10-03,8478440,2026020024,2025021276,2026-04-12,0,14.53,0.0,5,AGES_2_5,LOW_RATE,6.60338423442014
2026-10-03,8478440,2026020024,2025021227,2026-04-05,0,13.58,0.0,8,AGES_6_9,LOW_RATE,6.60338423442014
2026-10-03,8478440,2026020024,2025021194,2026-04-02,0,17.2,0.0,10,ABOUT_TO_EXIT,LOW_RATE,6.60338423442014
2026-10-03,8478443,2026020032,2026020020,2026-10-02,0,15.45,0.0,1,MOST_RECENT,LOW_RATE,2.658396101019052
2026-10-03,8478443,2026020032,2026010058,2026-09-26,0,18.4,0.0,2,AGES_2_5,LOW_RATE,2.658396101019052
2026-10-03,8478443,2026020032,2026010042,2026-09-24,0,15.53,0.0,3,AGES_2_5,LOW_RATE,2.658396101019052
2026-10-03,8478444,2026020033,2025021242,2026-04-07,0,19.98,0.0,9,AGES_6_9,LOW_RATE,6.13591041570793
2026-10-03,8478449,2026020030,2026020020,2026-10-02,0,16.95,0.0,1,MOST_RECENT,LOW_RATE,6.876998250588164
2026-10-03,8478449,2026020030,2025020899,2026-02-04,5,15.13,19.82815598149372,5,AGES_2_5,HIGH_RATE,6.876998250588164
2026-10-03,8478454,2026020032,2026020007,2026-09-30,0,11.25,0.0,1,MOST_RECENT,LOW_RATE,1.7321016166281755
2026-10-03,8478454,2026020032,2026010048,2026-09-25,0,15.42,0.0,2,AGES_2_5,LOW_RATE,1.7321016166281755
2026-10-03,8478454,2026020032,2026010015,2026-09-21,0,18.17,0.0,3,AGES_2_5,LOW_RATE,1.7321016166281755
2026-10-03,8478454,2026020032,2025021294,2026-04-14,0,21.75,0.0,4,AGES_2_5,LOW_RATE,1.7321016166281755
2026-10-03,8478454,2026020032,2025021205,2026-04-03,0,10.12,0.0,5,AGES_2_5,LOW_RATE,1.7321016166281755
2026-10-03,8478454,2026020032,2025021125,2026-03-24,0,12.97,0.0,6,AGES_6_9,LOW_RATE,1.7321016166281755
2026-10-03,8478454,2026020032,2025021103,2026-03-21,0,8.88,0.0,7,AGES_6_9,LOW_RATE,1.7321016166281755
2026-10-03,8478454,2026020032,2025021026,2026-03-11,0,11.25,0.0,9,AGES_6_9,LOW_RATE,1.7321016166281755
2026-10-03,8478458,2026020023,2026010035,2026-09-23,4,15.53,15.453960077269802,3,AGES_2_5,HIGH_RATE,8.649168118205298
2026-10-03,8478458,2026020023,2025021241,2026-04-07,0,17.2,0.0,8,AGES_6_9,LOW_RATE,8.649168118205298
2026-10-03,8478458,2026020023,2025021200,2026-04-02,4,14.63,16.40464798359535,10,ABOUT_TO_EXIT,HIGH_RATE,8.649168118205298
2026-10-03,8478460,2026020027,2026010061,2026-09-26,0,23.05,0.0,2,AGES_2_5,LOW_RATE,6.669878089450476
2026-10-03,8478460,2026020027,2025021278,2026-04-12,8,30.45,15.763546798029555,5,AGES_2_5,HIGH_RATE,6.669878089450476
2026-10-03,8478460,2026020027,2025021215,2026-04-04,0,27.45,0.0,9,AGES_6_9,LOW_RATE,6.669878089450476
2026-10-03,8478460,2026020027,2025021197,2026-04-02,0,22.2,0.0,10,ABOUT_TO_EXIT,LOW_RATE,6.669878089450476
2026-10-03,8478462,2026020032,2025021298,2026-04-14,0,16.3,0.0,4,AGES_2_5,LOW_RATE,6.037952846463485
2026-10-03,8478462,2026020032,2025021274,2026-04-11,0,13.63,0.0,6,AGES_6_9,LOW_RATE,6.037952846463485
2026-10-03,8478463,2026020024,2025021245,2026-04-08,0,17.23,0.0,7,AGES_6_9,LOW_RATE,5.6771588973695835
2026-10-03,8478463,2026020024,2025021227,2026-04-05,0,12.77,0.0,8,AGES_6_9,LOW_RATE,5.6771588973695835
2026-10-03,8478469,2026020023,2025021058,2026-03-15,0,28.48,0.0,8,AGES_6_9,LOW_RATE,4.269449715370019
2026-10-03,8478472,2026020028,2026020004,2026-09-29,0,14.95,0.0,2,AGES_2_5,LOW_RATE,2.2964309635441587
2026-10-03,8478472,2026020028,2026010060,2026-09-26,0,12.32,0.0,3,AGES_2_5,LOW_RATE,2.2964309635441587
2026-10-03,8478472,2026020028,2026010003,2026-09-19,0,15.6,0.0,4,AGES_2_5,LOW_RATE,2.2964309635441587
2026-10-03,8478472,2026020028,2025021291,2026-04-13,0,8.5,0.0,6,AGES_6_9,LOW_RATE,2.2964309635441587
2026-10-03,8478472,2026020028,2025021264,2026-04-11,0,6.77,0.0,7,AGES_6_9,LOW_RATE,2.2964309635441587
2026-10-03,8478472,2026020028,2025021189,2026-04-01,0,8.53,0.0,9,AGES_6_9,LOW_RATE,2.2964309635441587
2026-10-03,8478472,2026020028,2025021164,2026-03-28,0,9.57,0.0,10,ABOUT_TO_EXIT,LOW_RATE,2.2964309635441587
2026-10-03,8478493,2026020031,2025021254,2026-04-09,6,18.17,19.812878370941107,3,AGES_2_5,HIGH_RATE,8.418925745074928
2026-10-03,8478493,2026020031,2025021222,2026-04-05,0,19.18,0.0,5,AGES_2_5,LOW_RATE,8.418925745074928
2026-10-03,8478493,2026020031,2025021155,2026-03-28,0,19.97,0.0,8,AGES_6_9,LOW_RATE,8.418925745074928
2026-10-03,8478493,2026020031,2025021140,2026-03-26,5,14.42,20.804438280166437,9,AGES_6_9,HIGH_RATE,8.418925745074928
2026-10-03,8478507,2026020027,2025021297,2026-04-14,0,18.67,0.0,4,AGES_2_5,LOW_RATE,1.836453604040198
2026-10-03,8478507,2026020027,2025021257,2026-04-09,0,18.47,0.0,5,AGES_2_5,LOW_RATE,1.836453604040198
2026-10-03,8478507,2026020027,2025021216,2026-04-04,0,20.03,0.0,7,AGES_6_9,LOW_RATE,1.836453604040198
2026-10-03,8478507,2026020027,2025021203,2026-04-02,0,17.65,0.0,8,AGES_6_9,LOW_RATE,1.836453604040198
2026-10-03,8478507,2026020027,2025021164,2026-03-28,0,18.28,0.0,9,AGES_6_9,LOW_RATE,1.836453604040198
2026-10-03,8478507,2026020027,2025021146,2026-03-26,0,17.88,0.0,10,ABOUT_TO_EXIT,LOW_RATE,1.836453604040198
2026-10-03,8478508,2026020031,2026020012,2026-10-01,0,12.73,0.0,1,MOST_RECENT,LOW_RATE,4.598982649292732
2026-10-03,8478508,2026020031,2025021296,2026-04-14,0,15.82,0.0,4,AGES_2_5,LOW_RATE,4.598982649292732
2026-10-03,8478508,2026020031,2025021267,2026-04-11,0,13.38,0.0,6,AGES_6_9,LOW_RATE,4.598982649292732
2026-10-03,8478542,2026020029,2025021140,2026-03-26,0,0.82,0.0,4,AGES_2_5,LOW_RATE,6.433453960595094
2026-10-03,8478542,2026020029,2025021016,2026-03-10,0,16.35,0.0,10,ABOUT_TO_EXIT,LOW_RATE,6.433453960595094
2026-10-03,8478550,2026020034,2025021291,2026-04-13,0,16.45,0.0,5,AGES_2_5,LOW_RATE,7.354022650389763
2026-10-03,8478569,2026020025,2026020009,2026-10-01,0,16.6,0.0,1,MOST_RECENT,LOW_RATE,3.646677471636953
2026-10-03,8478569,2026020025,2025021299,2026-04-14,0,14.08,0.0,5,AGES_2_5,LOW_RATE,3.646677471636953
2026-10-03,8478569,2026020025,2025021251,2026-04-09,0,14.85,0.0,7,AGES_6_9,LOW_RATE,3.646677471636953
2026-10-03,8478569,2026020025,2025021192,2026-04-02,0,12.35,0.0,10,ABOUT_TO_EXIT,LOW_RATE,3.646677471636953
2026-10-03,8478831,2026020027,2026020013,2026-10-01,0,12.97,0.0,1,MOST_RECENT,LOW_RATE,3.067484662576687
2026-10-03,8478831,2026020027,2026010047,2026-09-24,0,16.27,0.0,3,AGES_2_5,LOW_RATE,3.067484662576687
2026-10-03,8478831,2026020027,2025021297,2026-04-14,0,13.87,0.0,4,AGES_2_5,LOW_RATE,3.067484662576687
2026-10-03,8478831,2026020027,2025021269,2026-04-11,0,13.2,0.0,6,AGES_6_9,LOW_RATE,3.067484662576687
2026-10-03,8478831,2026020027,2025021216,2026-04-04,0,15.88,0.0,9,AGES_6_9,LOW_RATE,3.067484662576687
2026-10-03,8478840,2026020031,2026020019,2026-10-02,0,19.53,0.0,1,MOST_RECENT,LOW_RATE,1.6760712888988212
2026-10-03,8478840,2026020031,2025021302,2026-04-15,0,16.28,0.0,5,AGES_2_5,LOW_RATE,1.6760712888988212
2026-10-03,8478840,2026020031,2025021283,2026-04-13,0,17.58,0.0,6,AGES_6_9,LOW_RATE,1.6760712888988212
2026-10-03,8478840,2026020031,2025021244,2026-04-08,0,15.4,0.0,8,AGES_6_9,LOW_RATE,1.6760712888988212
2026-10-03,8478840,2026020031,2025021227,2026-04-05,0,17.4,0.0,9,AGES_6_9,LOW_RATE,1.6760712888988212
2026-10-03,8478840,2026020031,2025021207,2026-04-04,0,18.73,0.0,10,ABOUT_TO_EXIT,LOW_RATE,1.6760712888988212
2026-10-03,8478851,2026020026,2025021169,2026-03-29,0,19.08,0.0,4,AGES_2_5,LOW_RATE,1.5164535206995906
2026-10-03,8478851,2026020026,2025021161,2026-03-28,0,19.25,0.0,5,AGES_2_5,LOW_RATE,1.5164535206995906
2026-10-03,8478851,2026020026,2025021137,2026-03-26,0,17.3,0.0,6,AGES_6_9,LOW_RATE,1.5164535206995906
2026-10-03,8478851,2026020026,2025021121,2026-03-24,0,19.3,0.0,7,AGES_6_9,LOW_RATE,1.5164535206995906
2026-10-03,8478851,2026020026,2025021105,2026-03-21,0,20.62,0.0,8,AGES_6_9,LOW_RATE,1.5164535206995906
2026-10-03,8478851,2026020026,2025021085,2026-03-19,0,20.25,0.0,9,AGES_6_9,LOW_RATE,1.5164535206995906
2026-10-03,8478851,2026020026,2025021069,2026-03-17,0,18.32,0.0,10,ABOUT_TO_EXIT,LOW_RATE,1.5164535206995906
2026-10-03,8478854,2026020028,2026020004,2026-09-29,0,22.68,0.0,2,AGES_2_5,LOW_RATE,2.621104747111931
2026-10-03,8478854,2026020028,2025021263,2026-04-11,0,25.2,0.0,6,AGES_6_9,LOW_RATE,2.621104747111931
2026-10-03,8478854,2026020028,2025021223,2026-04-05,0,18.8,0.0,8,AGES_6_9,LOW_RATE,2.621104747111931
2026-10-03,8478856,2026020027,2026020011,2026-10-01,0,12.15,0.0,1,MOST_RECENT,LOW_RATE,5.143591941705958
2026-10-03,8478856,2026020027,2025021295,2026-04-14,0,13.6,0.0,4,AGES_2_5,LOW_RATE,5.143591941705958
2026-10-03,8478856,2026020027,2025021247,2026-04-09,4,12.65,18.972332015810277,7,AGES_6_9,HIGH_RATE,5.143591941705958
2026-10-03,8478856,2026020027,2025021197,2026-04-02,0,14.5,0.0,10,ABOUT_TO_EXIT,LOW_RATE,5.143591941705958
2026-10-03,8478864,2026020031,2025021267,2026-04-11,0,20.68,0.0,3,AGES_2_5,LOW_RATE,9.057515221657525
2026-10-03,8478864,2026020031,2025021222,2026-04-05,5,19.88,15.090543259557348,6,AGES_6_9,HIGH_RATE,9.057515221657525
2026-10-03,8478864,2026020031,2025021199,2026-04-02,5,19.75,15.18987341772152,8,AGES_6_9,HIGH_RATE,9.057515221657525
2026-10-03,8478911,2026020024,2026020018,2026-10-02,0,22.48,0.0,1,MOST_RECENT,LOW_RATE,2.3833167825223436
2026-10-03,8478911,2026020024,2025021295,2026-04-14,0,19.97,0.0,4,AGES_2_5,LOW_RATE,2.3833167825223436
2026-10-03,8478911,2026020024,2025021276,2026-04-12,0,19.68,0.0,5,AGES_2_5,LOW_RATE,2.3833167825223436
2026-10-03,8478911,2026020024,2025021245,2026-04-08,0,19.22,0.0,7,AGES_6_9,LOW_RATE,2.3833167825223436
2026-10-03,8478911,2026020024,2025021227,2026-04-05,0,18.0,0.0,8,AGES_6_9,LOW_RATE,2.3833167825223436
2026-10-03,8478970,2026020025,2026020018,2026-10-02,0,17.55,0.0,1,MOST_RECENT,LOW_RATE,3.154076644062451
2026-10-03,8478970,2026020025,2026020001,2026-09-29,0,19.2,0.0,2,AGES_2_5,LOW_RATE,3.154076644062451
2026-10-03,8478970,2026020025,2025021237,2026-04-07,0,13.9,0.0,5,AGES_2_5,LOW_RATE,3.154076644062451
2026-10-03,8478970,2026020025,2025021197,2026-04-02,0,20.73,0.0,8,AGES_6_9,LOW_RATE,3.154076644062451
2026-10-03,8478975,2026020034,2026020016,2026-10-01,4,12.73,18.853102906520032,1,MOST_RECENT,HIGH_RATE,7.203745947892904
2026-10-03,8478975,2026020034,2026010039,2026-09-24,3,11.8,15.254237288135592,3,AGES_2_5,HIGH_RATE,7.203745947892904
2026-10-03,8478975,2026020034,2025021271,2026-04-11,0,15.27,0.0,6,AGES_6_9,LOW_RATE,7.203745947892904
2026-10-03,8478975,2026020034,2025021185,2026-03-31,0,17.37,0.0,10,ABOUT_TO_EXIT,LOW_RATE,7.203745947892904
2026-10-03,8479066,2026020027,2026020011,2026-10-01,0,9.35,0.0,1,MOST_RECENT,LOW_RATE,3.4598750600672754
2026-10-03,8479066,2026020027,2026010061,2026-09-26,0,11.23,0.0,2,AGES_2_5,LOW_RATE,3.4598750600672754
2026-10-03,8479066,2026020027,2025021133,2026-03-24,0,8.43,0.0,4,AGES_2_5,LOW_RATE,3.4598750600672754
2026-10-03,8479066,2026020027,2025020981,2026-03-05,0,8.67,0.0,8,AGES_6_9,LOW_RATE,3.4598750600672754
2026-10-03,8479066,2026020027,2025020965,2026-03-03,0,13.07,0.0,9,AGES_6_9,LOW_RATE,3.4598750600672754
2026-10-03,8479066,2026020027,2025020952,2026-03-01,0,9.95,0.0,10,ABOUT_TO_EXIT,LOW_RATE,3.4598750600672754
2026-10-03,8479318,2026020023,2026010006,2026-09-19,6,21.33,16.87763713080169,4,AGES_2_5,HIGH_RATE,12.111890800730558
2026-10-03,8479318,2026020023,2025020994,2026-03-07,6,19.28,18.67219917012448,7,AGES_6_9,HIGH_RATE,12.111890800730558
2026-10-03,8479318,2026020023,2025020954,2026-03-02,8,26.1,18.39080459770115,10,ABOUT_TO_EXIT,HIGH_RATE,12.111890800730558
2026-10-03,8479324,2026020028,2026020014,2026-10-01,0,14.47,0.0,1,MOST_RECENT,LOW_RATE,1.7113519680547633
2026-10-03,8479324,2026020028,2026010005,2026-09-19,0,20.22,0.0,3,AGES_2_5,LOW_RATE,1.7113519680547633
2026-10-03,8479324,2026020028,2025021273,2026-04-11,0,19.6,0.0,5,AGES_2_5,LOW_RATE,1.7113519680547633
2026-10-03,8479324,2026020028,2025021240,2026-04-07,0,15.23,0.0,6,AGES_6_9,LOW_RATE,1.7113519680547633
2026-10-03,8479324,2026020028,2025021230,2026-04-06,0,19.18,0.0,7,AGES_6_9,LOW_RATE,1.7113519680547633
2026-10-03,8479324,2026020028,2025021187,2026-03-31,0,16.33,0.0,10,ABOUT_TO_EXIT,LOW_RATE,1.7113519680547633
2026-10-03,8479336,2026020025,2025021196,2026-04-02,0,9.97,0.0,7,AGES_6_9,LOW_RATE,8.052147239263803
2026-10-03,8479336,2026020025,2025021172,2026-03-29,4,12.3,19.51219512195122,9,AGES_6_9,HIGH_RATE,8.052147239263803
2026-10-03,8479343,2026020027,2025021269,2026-04-11,0,22.13,0.0,6,AGES_6_9,LOW_RATE,7.553900225567854
2026-10-03,8479345,2026020024,2025021263,2026-04-11,0,23.15,0.0,6,AGES_6_9,LOW_RATE,4.600811907983762
2026-10-03,8479346,2026020032,2026010021,2026-09-21,0,14.15,0.0,2,AGES_2_5,LOW_RATE,4.197481511093344
2026-10-03,8479346,2026020032,2023020697,2024-01-18,0,5.58,0.0,3,AGES_2_5,LOW_RATE,4.197481511093344
2026-10-03,8479346,2026020032,2023020687,2024-01-16,0,11.08,0.0,4,AGES_2_5,LOW_RATE,4.197481511093344
2026-10-03,8479346,2026020032,2023020649,2024-01-11,0,12.25,0.0,6,AGES_6_9,LOW_RATE,4.197481511093344
2026-10-03,8479346,2026020032,2023020617,2024-01-07,0,7.2,0.0,7,AGES_6_9,LOW_RATE,4.197481511093344
2026-10-03,8479346,2026020032,2023020595,2024-01-04,0,7.33,0.0,9,AGES_6_9,LOW_RATE,4.197481511093344
2026-10-03,8479351,2026020030,2026020020,2026-10-02,3,11.32,15.901060070671376,1,MOST_RECENT,HIGH_RATE,4.368257330068171
2026-10-03,8479351,2026020030,2026010034,2026-09-23,0,18.02,0.0,3,AGES_2_5,LOW_RATE,4.368257330068171
2026-10-03,8479351,2026020030,2025021301,2026-04-15,0,15.72,0.0,4,AGES_2_5,LOW_RATE,4.368257330068171
2026-10-03,8479351,2026020030,2025021130,2026-03-24,0,17.05,0.0,6,AGES_6_9,LOW_RATE,4.368257330068171
2026-10-03,8479351,2026020030,2025021101,2026-03-21,0,12.75,0.0,8,AGES_6_9,LOW_RATE,4.368257330068171
2026-10-03,8479351,2026020030,2025021080,2026-03-18,0,16.53,0.0,9,AGES_6_9,LOW_RATE,4.368257330068171
2026-10-03,8479359,2026020022,2026010055,2026-09-26,0,12.13,0.0,2,AGES_2_5,LOW_RATE,2.6162030173541466
2026-10-03,8479359,2026020022,2026010024,2026-09-22,0,11.22,0.0,3,AGES_2_5,LOW_RATE,2.6162030173541466
2026-10-03,8479359,2026020022,2025021301,2026-04-15,0,14.98,0.0,4,AGES_2_5,LOW_RATE,2.6162030173541466
2026-10-03,8479359,2026020022,2025021247,2026-04-09,0,11.5,0.0,6,AGES_6_9,LOW_RATE,2.6162030173541466
2026-10-03,8479359,2026020022,2025021244,2026-04-08,0,10.25,0.0,7,AGES_6_9,LOW_RATE,2.6162030173541466
2026-10-03,8479359,2026020022,2025021191,2026-04-02,0,9.55,0.0,10,ABOUT_TO_EXIT,LOW_RATE,2.6162030173541466
2026-10-03,8479365,2026020028,2026010060,2026-09-26,0,10.35,0.0,3,AGES_2_5,LOW_RATE,7.4332171893147505
2026-10-03,8479368,2026020028,2026010003,2026-09-19,0,11.6,0.0,4,AGES_2_5,LOW_RATE,4.638129287853899
2026-10-03,8479368,2026020028,2025021264,2026-04-11,0,2.12,0.0,5,AGES_2_5,LOW_RATE,4.638129287853899
2026-10-03,8479368,2026020028,2025021246,2026-04-08,0,10.37,0.0,6,AGES_6_9,LOW_RATE,4.638129287853899
2026-10-03,8479368,2026020028,2025021241,2026-04-07,0,7.43,0.0,7,AGES_6_9,LOW_RATE,4.638129287853899
2026-10-03,8479368,2026020028,2025021218,2026-04-04,0,11.0,0.0,8,AGES_6_9,LOW_RATE,4.638129287853899
2026-10-03,8479368,2026020028,2025021200,2026-04-02,3,10.03,17.94616151545364,9,AGES_6_9,HIGH_RATE,4.638129287853899
2026-10-03,8479369,2026020027,2026020013,2026-10-01,0,17.08,0.0,1,MOST_RECENT,LOW_RATE,2.583423035522067
2026-10-03,8479369,2026020027,2025021237,2026-04-07,0,18.92,0.0,7,AGES_6_9,LOW_RATE,2.583423035522067
2026-10-03,8479369,2026020027,2025021224,2026-04-05,0,20.95,0.0,8,AGES_6_9,LOW_RATE,2.583423035522067
2026-10-03,8479369,2026020027,2025021210,2026-04-04,0,17.87,0.0,9,AGES_6_9,LOW_RATE,2.583423035522067
2026-10-03,8479378,2026020029,2026020008,2026-09-30,0,15.1,0.0,1,MOST_RECENT,LOW_RATE,4.964147821290679
2026-10-03,8479378,2026020029,2025021288,2026-04-13,0,15.62,0.0,3,AGES_2_5,LOW_RATE,4.964147821290679
2026-10-03,8479378,2026020029,2025021150,2026-03-27,0,12.08,0.0,10,ABOUT_TO_EXIT,LOW_RATE,4.964147821290679
2026-10-03,8479385,2026020024,2025021206,2026-04-03,5,13.1,22.900763358778622,10,ABOUT_TO_EXIT,HIGH_RATE,9.619054889686236
2026-10-03,8479398,2026020026,2025021276,2026-04-12,0,17.0,0.0,4,AGES_2_5,LOW_RATE,3.119800332778702
2026-10-03,8479398,2026020026,2025021263,2026-04-11,0,20.72,0.0,5,AGES_2_5,LOW_RATE,3.119800332778702
2026-10-03,8479398,2026020026,2025021251,2026-04-09,0,18.83,0.0,6,AGES_6_9,LOW_RATE,3.119800332778702
2026-10-03,8479398,2026020026,2025021223,2026-04-05,0,17.28,0.0,7,AGES_6_9,LOW_RATE,3.119800332778702
2026-10-03,8479400,2026020024,2025021263,2026-04-11,0,7.03,0.0,5,AGES_2_5,LOW_RATE,5.194805194805195
2026-10-03,8479400,2026020024,2025021184,2026-03-31,0,17.3,0.0,10,ABOUT_TO_EXIT,LOW_RATE,5.194805194805195
2026-10-03,8479407,2026020029,2026020009,2026-10-01,6,21.27,16.925246826516222,1,MOST_RECENT,HIGH_RATE,8.45345182616235
2026-10-03,8479407,2026020029,2025021292,2026-04-14,0,19.38,0.0,4,AGES_2_5,LOW_RATE,8.45345182616235
2026-10-03,8479407,2026020029,2025021279,2026-04-12,6,19.57,18.395503321410324,5,AGES_2_5,HIGH_RATE,8.45345182616235
2026-10-03,8479407,2026020029,2025021251,2026-04-09,0,17.68,0.0,7,AGES_6_9,LOW_RATE,8.45345182616235
2026-10-03,8479410,2026020027,2025021257,2026-04-09,0,24.17,0.0,7,AGES_6_9,LOW_RATE,6.387421692666749
2026-10-03,8479420,2026020022,2026010024,2026-09-22,7,17.0,24.705882352941178,3,AGES_2_5,HIGH_RATE,10.491177873152122
2026-10-03,8479420,2026020022,2025021288,2026-04-13,6,17.52,20.54794520547945,4,AGES_2_5,HIGH_RATE,10.491177873152122
2026-10-03,8479420,2026020022,2025021213,2026-04-04,5,19.33,15.519917227108122,8,AGES_6_9,HIGH_RATE,10.491177873152122
2026-10-03,8479425,2026020033,2026010056,2026-09-26,0,23.65,0.0,3,AGES_2_5,LOW_RATE,5.3337456035249105
2026-10-03,8479425,2026020033,2026010037,2026-09-24,0,24.37,0.0,4,AGES_2_5,LOW_RATE,5.3337456035249105
2026-10-03,8479442,2026020023,2026020008,2026-09-30,0,16.08,0.0,1,MOST_RECENT,LOW_RATE,2.1494370522006143
2026-10-03,8479442,2026020023,2026020002,2026-09-29,0,19.08,0.0,2,AGES_2_5,LOW_RATE,2.1494370522006143
2026-10-03,8479442,2026020023,2025021270,2026-04-11,0,19.77,0.0,7,AGES_6_9,LOW_RATE,2.1494370522006143
2026-10-03,8479442,2026020023,2025021252,2026-04-09,0,20.95,0.0,8,AGES_6_9,LOW_RATE,2.1494370522006143
2026-10-03,8479442,2026020023,2025021217,2026-04-04,0,21.17,0.0,9,AGES_6_9,LOW_RATE,2.1494370522006143
2026-10-03,8479442,2026020023,2025021176,2026-03-30,0,20.1,0.0,10,ABOUT_TO_EXIT,LOW_RATE,2.1494370522006143
2026-10-03,8479520,2026020023,2026020002,2026-09-29,0,9.07,0.0,2,AGES_2_5,LOW_RATE,4.301417874780946
2026-10-03,8479520,2026020023,2026010007,2026-09-19,0,18.67,0.0,4,AGES_2_5,LOW_RATE,4.301417874780946
2026-10-03,8479520,2026020023,2025021245,2026-04-08,0,10.1,0.0,8,AGES_6_9,LOW_RATE,4.301417874780946
2026-10-03,8479520,2026020023,2025021213,2026-04-04,0,11.72,0.0,10,ABOUT_TO_EXIT,LOW_RATE,4.301417874780946
2026-10-03,8479525,2026020030,2026010053,2026-09-26,0,12.23,0.0,2,AGES_2_5,LOW_RATE,7.892340382474957
2026-10-03,8479525,2026020030,2025021298,2026-04-14,0,11.8,0.0,4,AGES_2_5,LOW_RATE,7.892340382474957
2026-10-03,8479525,2026020030,2025021289,2026-04-13,0,12.8,0.0,5,AGES_2_5,LOW_RATE,7.892340382474957
2026-10-03,8479525,2026020030,2025021256,2026-04-09,3,8.88,20.27027027027027,7,AGES_6_9,HIGH_RATE,7.892340382474957
2026-10-03,8479525,2026020030,2025021228,2026-04-05,4,11.93,20.117351215423305,9,AGES_6_9,HIGH_RATE,7.892340382474957
2026-10-03,8479576,2026020024,2026020018,2026-10-02,0,21.25,0.0,1,MOST_RECENT,LOW_RATE,2.0430002918571843
2026-10-03,8479576,2026020024,2026010013,2026-09-20,0,18.32,0.0,3,AGES_2_5,LOW_RATE,2.0430002918571843
2026-10-03,8479576,2026020024,2025021305,2026-04-15,0,20.75,0.0,4,AGES_2_5,LOW_RATE,2.0430002918571843
2026-10-03,8479576,2026020024,2025021287,2026-04-13,0,19.93,0.0,5,AGES_2_5,LOW_RATE,2.0430002918571843
2026-10-03,8479576,2026020024,2025021275,2026-04-11,0,22.72,0.0,6,AGES_6_9,LOW_RATE,2.0430002918571843
2026-10-03,8479619,2026020027,2025021297,2026-04-14,0,14.47,0.0,4,AGES_2_5,LOW_RATE,6.547835576573299
2026-10-03,8479661,2026020031,2026020019,2026-10-02,0,10.25,0.0,1,MOST_RECENT,LOW_RATE,1.996173999833652
2026-10-03,8479661,2026020031,2026020003,2026-09-29,0,13.22,0.0,2,AGES_2_5,LOW_RATE,1.996173999833652
2026-10-03,8479661,2026020031,2026010049,2026-09-25,0,11.03,0.0,3,AGES_2_5,LOW_RATE,1.996173999833652
2026-10-03,8479661,2026020031,2025021261,2026-04-11,0,11.42,0.0,6,AGES_6_9,LOW_RATE,1.996173999833652
2026-10-03,8479661,2026020031,2025021237,2026-04-07,0,9.9,0.0,7,AGES_6_9,LOW_RATE,1.996173999833652
2026-10-03,8479661,2026020031,2025021224,2026-04-05,0,9.87,0.0,8,AGES_6_9,LOW_RATE,1.996173999833652
2026-10-03,8479661,2026020031,2025021210,2026-04-04,0,11.47,0.0,9,AGES_6_9,LOW_RATE,1.996173999833652
2026-10-03,8479671,2026020027,2026010017,2026-09-21,0,18.28,0.0,3,AGES_2_5,LOW_RATE,8.3363802559415
2026-10-03,8479671,2026020027,2025021170,2026-03-29,1,3.1,19.35483870967742,4,AGES_2_5,HIGH_RATE,8.3363802559415
2026-10-03,8479671,2026020027,2025021125,2026-03-24,5,16.73,17.931858936043035,7,AGES_6_9,HIGH_RATE,8.3363802559415
2026-10-03,8479675,2026020034,2025021260,2026-04-09,5,18.3,16.39344262295082,7,AGES_6_9,HIGH_RATE,7.380527707731103
2026-10-03,8479675,2026020034,2025021232,2026-04-06,0,17.72,0.0,8,AGES_6_9,LOW_RATE,7.380527707731103
2026-10-03,8479705,2026020024,2025021296,2026-04-14,0,11.27,0.0,4,AGES_2_5,LOW_RATE,6.832515767344079
2026-10-03,8479705,2026020024,2025021258,2026-04-09,0,12.72,0.0,6,AGES_6_9,LOW_RATE,6.832515767344079
2026-10-03,8479705,2026020024,2025021243,2026-04-07,3,8.82,20.40816326530612,7,AGES_6_9,HIGH_RATE,6.832515767344079
2026-10-03,8479705,2026020024,2025021190,2026-04-01,0,13.4,0.0,10,ABOUT_TO_EXIT,LOW_RATE,6.832515767344079
2026-10-03,8479980,2026020030,2026020012,2026-10-01,0,15.38,0.0,1,MOST_RECENT,LOW_RATE,4.15748031496063
2026-10-03,8479980,2026020030,2026010053,2026-09-26,0,18.77,0.0,2,AGES_2_5,LOW_RATE,4.15748031496063
2026-10-03,8479980,2026020030,2025021220,2026-04-04,0,2.57,0.0,4,AGES_2_5,LOW_RATE,4.15748031496063
2026-10-03,8479985,2026020028,2025021230,2026-04-06,0,18.87,0.0,3,AGES_2_5,LOW_RATE,3.296250515039143
2026-10-03,8479985,2026020028,2025021139,2026-03-26,0,6.93,0.0,4,AGES_2_5,LOW_RATE,3.296250515039143
2026-10-03,8479985,2026020028,2025021123,2026-03-24,0,7.9,0.0,5,AGES_2_5,LOW_RATE,3.296250515039143
2026-10-03,8479985,2026020028,2025021000,2026-03-07,0,15.5,0.0,6,AGES_6_9,LOW_RATE,3.296250515039143
2026-10-03,8479987,2026020031,2026020019,2026-10-02,0,18.88,0.0,1,MOST_RECENT,LOW_RATE,6.239168110918544
2026-10-03,8479996,2026020029,2026020009,2026-10-01,3,8.43,21.352313167259787,1,MOST_RECENT,HIGH_RATE,5.31051777548311
2026-10-03,8479996,2026020029,2026010008,2026-09-20,0,20.37,0.0,3,AGES_2_5,LOW_RATE,5.31051777548311
2026-10-03,8479996,2026020029,2025021279,2026-04-12,0,13.63,0.0,5,AGES_2_5,LOW_RATE,5.31051777548311
2026-10-03,8479996,2026020029,2025021251,2026-04-09,0,14.55,0.0,7,AGES_6_9,LOW_RATE,5.31051777548311
2026-10-03,8479998,2026020034,2026010052,2026-09-26,0,23.08,0.0,2,AGES_2_5,LOW_RATE,1.6545638385881056
2026-10-03,8479998,2026020034,2026010030,2026-09-22,0,19.97,0.0,3,AGES_2_5,LOW_RATE,1.6545638385881056
2026-10-03,8479998,2026020034,2025021300,2026-04-14,0,19.83,0.0,4,AGES_2_5,LOW_RATE,1.6545638385881056
2026-10-03,8479998,2026020034,2025021291,2026-04-13,0,22.28,0.0,5,AGES_2_5,LOW_RATE,1.6545638385881056
2026-10-03,8479998,2026020034,2025021264,2026-04-11,0,22.8,0.0,6,AGES_6_9,LOW_RATE,1.6545638385881056
2026-10-03,8479999,2026020031,2026010049,2026-09-25,0,14.33,0.0,3,AGES_2_5,LOW_RATE,3.960657469139877
2026-10-03,8479999,2026020031,2026010028,2026-09-22,0,15.65,0.0,4,AGES_2_5,LOW_RATE,3.960657469139877
2026-10-03,8479999,2026020031,2025021193,2026-04-02,0,14.1,0.0,10,ABOUT_TO_EXIT,LOW_RATE,3.960657469139877
2026-10-03,8480002,2026020029,2025021292,2026-04-14,0,17.78,0.0,4,AGES_2_5,LOW_RATE,7.948639559767655
2026-10-03,8480002,2026020029,2025021251,2026-04-09,0,18.1,0.0,7,AGES_6_9,LOW_RATE,7.948639559767655
2026-10-03,8480012,2026020033,2026010037,2026-09-24,0,20.8,0.0,4,AGES_2_5,LOW_RATE,3.286230693394676
2026-10-03,8480012,2026020033,2025020838,2026-01-27,0,18.17,0.0,7,AGES_6_9,LOW_RATE,3.286230693394676
2026-10-03,8480012,2026020033,2025020807,2026-01-23,0,14.3,0.0,9,AGES_6_9,LOW_RATE,3.286230693394676
2026-10-03,8480015,2026020025,2026020006,2026-09-30,4,14.18,16.925246826516222,2,AGES_2_5,HIGH_RATE,7.817832102748651
2026-10-03,8480015,2026020025,2025021250,2026-04-09,0,16.78,0.0,7,AGES_6_9,LOW_RATE,7.817832102748651
2026-10-03,8480023,2026020032,2026020020,2026-10-02,0,22.98,0.0,1,MOST_RECENT,LOW_RATE,4.376793269464573
2026-10-03,8480023,2026020032,2026010058,2026-09-26,0,24.78,0.0,2,AGES_2_5,LOW_RATE,4.376793269464573
2026-10-03,8480027,2026020030,2025021285,2026-04-13,5,19.43,15.440041173443127,5,AGES_2_5,HIGH_RATE,8.839127872716558
2026-10-03,8480028,2026020033,2025021281,2026-04-12,5,16.83,17.825311942959,5,AGES_2_5,HIGH_RATE,7.846067625630488
2026-10-03,8480028,2026020033,2025021273,2026-04-11,0,17.68,0.0,6,AGES_6_9,LOW_RATE,7.846067625630488
2026-10-03,8480028,2026020033,2025021219,2026-04-04,5,15.53,19.31745009658725,9,AGES_6_9,HIGH_RATE,7.846067625630488
2026-10-03,8480029,2026020028,2026020015,2026-10-01,0,16.25,0.0,1,MOST_RECENT,LOW_RATE,7.881773399014779
2026-10-03,8480036,2026020030,2025021254,2026-04-09,0,5.75,0.0,4,AGES_2_5,LOW_RATE,2.579203026264884
2026-10-03,8480036,2026020030,2025021178,2026-03-31,0,25.05,0.0,8,AGES_6_9,LOW_RATE,2.579203026264884
2026-10-03,8480036,2026020030,2025021172,2026-03-29,0,24.12,0.0,9,AGES_6_9,LOW_RATE,2.579203026264884
2026-10-03,8480039,2026020032,2026010012,2026-09-20,0,15.42,0.0,3,AGES_2_5,LOW_RATE,9.419152276295131
2026-10-03,8480043,2026020024,2026020018,2026-10-02,0,18.8,0.0,1,MOST_RECENT,LOW_RATE,4.534861749700825
2026-10-03,8480064,2026020022,2025021213,2026-04-04,4,15.8,15.189873417721516,9,AGES_6_9,HIGH_RATE,7.041335245794758
2026-10-03,8480069,2026020032,2025021145,2026-03-26,0,28.87,0.0,6,AGES_6_9,LOW_RATE,6.400955876077494
2026-10-03,8480074,2026020026,2026020002,2026-09-29,0,12.22,0.0,1,MOST_RECENT,LOW_RATE,5.517471994649724
2026-10-03,8480074,2026020026,2025021294,2026-04-14,0,16.9,0.0,5,AGES_2_5,LOW_RATE,5.517471994649724
2026-10-03,8480074,2026020026,2025021121,2026-03-24,0,13.9,0.0,10,ABOUT_TO_EXIT,LOW_RATE,5.517471994649724
2026-10-03,8480188,2026020023,2026010064,2026-09-26,0,12.7,0.0,1,MOST_RECENT,LOW_RATE,7.03146128188948
2026-10-03,8480188,2026020023,2025021225,2026-04-05,0,12.72,0.0,9,AGES_6_9,LOW_RATE,7.03146128188948
2026-10-03,8480208,2026020023,2026010035,2026-09-23,0,18.85,0.0,2,AGES_2_5,LOW_RATE,6.117870980898648
2026-10-03,8480208,2026020023,2025021234,2026-04-07,0,17.28,0.0,8,AGES_6_9,LOW_RATE,6.117870980898648
2026-10-03,8480220,2026020025,2026010057,2026-09-26,4,14.78,16.238159675236805,3,AGES_2_5,HIGH_RATE,9.618595952174203
2026-10-03,8480220,2026020025,2025021224,2026-04-05,4,13.58,17.673048600883654,10,ABOUT_TO_EXIT,HIGH_RATE,9.618595952174203
2026-10-03,8480246,2026020030,2026020012,2026-10-01,0,18.07,0.0,1,MOST_RECENT,LOW_RATE,2.4692809688988184
2026-10-03,8480246,2026020030,2026010011,2026-09-20,0,19.33,0.0,3,AGES_2_5,LOW_RATE,2.4692809688988184
2026-10-03,8480246,2026020030,2025021287,2026-04-13,0,16.25,0.0,4,AGES_2_5,LOW_RATE,2.4692809688988184
2026-10-03,8480336,2026020025,2025021214,2026-04-04,0,18.85,0.0,9,AGES_6_9,LOW_RATE,6.002000666888963
2026-10-03,8480355,2026020031,2025021292,2026-04-14,4,13.78,17.41654571843251,5,AGES_2_5,HIGH_RATE,7.644610549562558
2026-10-03,8480355,2026020031,2025021237,2026-04-07,0,6.33,0.0,8,AGES_6_9,LOW_RATE,7.644610549562558
2026-10-03,8480355,2026020031,2025021210,2026-04-04,0,11.02,0.0,10,ABOUT_TO_EXIT,LOW_RATE,7.644610549562558
2026-10-03,8480426,2026020024,2026020010,2026-10-01,0,19.12,0.0,1,MOST_RECENT,LOW_RATE,4.957585105210973
2026-10-03,8480426,2026020024,2025021248,2026-04-09,0,9.2,0.0,7,AGES_6_9,LOW_RATE,4.957585105210973
2026-10-03,8480448,2026020032,2026010015,2026-09-21,0,16.53,0.0,3,AGES_2_5,LOW_RATE,4.7062514707035845
2026-10-03,8480448,2026020032,2025021209,2026-04-04,0,13.53,0.0,10,ABOUT_TO_EXIT,LOW_RATE,4.7062514707035845
2026-10-03,8480459,2026020032,2026020020,2026-10-02,4,14.42,16.643550624133148,1,MOST_RECENT,HIGH_RATE,4.518381597864038
2026-10-03,8480459,2026020032,2025021299,2026-04-14,0,16.0,0.0,4,AGES_2_5,LOW_RATE,4.518381597864038
2026-10-03,8480459,2026020032,2025021266,2026-04-11,0,14.82,0.0,6,AGES_6_9,LOW_RATE,4.518381597864038
2026-10-03,8480459,2026020032,2025021189,2026-04-01,0,13.67,0.0,10,ABOUT_TO_EXIT,LOW_RATE,4.518381597864038
2026-10-03,8480727,2026020033,2026020014,2026-10-01,0,19.23,0.0,1,MOST_RECENT,LOW_RATE,1.618996222342148
2026-10-03,8480727,2026020033,2025021298,2026-04-14,0,14.6,0.0,4,AGES_2_5,LOW_RATE,1.618996222342148
2026-10-03,8480727,2026020033,2025021281,2026-04-12,0,22.68,0.0,5,AGES_2_5,LOW_RATE,1.618996222342148
2026-10-03,8480727,2026020033,2025021256,2026-04-09,0,23.52,0.0,7,AGES_6_9,LOW_RATE,1.618996222342148
2026-10-03,8480748,2026020034,2026010063,2026-09-26,0,13.83,0.0,2,AGES_2_5,LOW_RATE,4.09657997641363
2026-10-03,8480748,2026020034,2026010039,2026-09-24,0,18.08,0.0,3,AGES_2_5,LOW_RATE,4.09657997641363
2026-10-03,8480748,2026020034,2025021305,2026-04-15,0,18.28,0.0,4,AGES_2_5,LOW_RATE,4.09657997641363
2026-10-03,8480762,2026020025,2026020018,2026-10-02,0,11.73,0.0,1,MOST_RECENT,LOW_RATE,4.588910133843212
2026-10-03,8480762,2026020025,2026020001,2026-09-29,0,13.0,0.0,2,AGES_2_5,LOW_RATE,4.588910133843212
2026-10-03,8480762,2026020025,2025021197,2026-04-02,0,12.2,0.0,10,ABOUT_TO_EXIT,LOW_RATE,4.588910133843212
2026-10-03,8480796,2026020024,2025021276,2026-04-12,0,18.83,0.0,5,AGES_2_5,LOW_RATE,2.4989587671803415
2026-10-03,8480796,2026020024,2025021213,2026-04-04,0,21.17,0.0,9,AGES_6_9,LOW_RATE,2.4989587671803415
2026-10-03,8480796,2026020024,2025021194,2026-04-02,0,16.52,0.0,10,ABOUT_TO_EXIT,LOW_RATE,2.4989587671803415
2026-10-03,8480797,2026020033,2025021281,2026-04-12,0,17.33,0.0,5,AGES_2_5,LOW_RATE,5.701389713742725
2026-10-03,8480800,2026020031,2025021267,2026-04-11,0,29.97,0.0,3,AGES_2_5,LOW_RATE,5.509844255069057
2026-10-03,8480802,2026020022,2026020011,2026-10-01,0,16.68,0.0,1,MOST_RECENT,LOW_RATE,3.8524398785897738
2026-10-03,8480802,2026020022,2025021247,2026-04-09,0,15.88,0.0,5,AGES_2_5,LOW_RATE,3.8524398785897738
2026-10-03,8480802,2026020022,2025021229,2026-04-06,0,17.52,0.0,7,AGES_6_9,LOW_RATE,3.8524398785897738
2026-10-03,8480802,2026020022,2025021213,2026-04-04,0,16.88,0.0,8,AGES_6_9,LOW_RATE,3.8524398785897738
2026-10-03,8480803,2026020028,2025021246,2026-04-08,0,22.53,0.0,7,AGES_6_9,LOW_RATE,6.503412284223203
2026-10-03,8480803,2026020028,2025021241,2026-04-07,0,22.55,0.0,8,AGES_6_9,LOW_RATE,6.503412284223203
2026-10-03,8480807,2026020022,2025021288,2026-04-13,0,18.98,0.0,3,AGES_2_5,LOW_RATE,4.182433778131847
2026-10-03,8480807,2026020022,2025021244,2026-04-08,0,20.65,0.0,5,AGES_2_5,LOW_RATE,4.182433778131847
2026-10-03,8480817,2026020025,2026020018,2026-10-02,0,22.18,0.0,1,MOST_RECENT,LOW_RATE,3.595298455865407
2026-10-03,8480817,2026020025,2026020001,2026-09-29,0,25.25,0.0,2,AGES_2_5,LOW_RATE,3.595298455865407
2026-10-03,8480817,2026020025,2026010053,2026-09-26,0,21.62,0.0,3,AGES_2_5,LOW_RATE,3.595298455865407
2026-10-03,8480817,2026020025,2025021237,2026-04-07,6,19.53,18.433179723502302,6,AGES_6_9,HIGH_RATE,3.595298455865407
2026-10-03,8480817,2026020025,2025021197,2026-04-02,0,21.75,0.0,9,AGES_6_9,LOW_RATE,3.595298455865407
2026-10-03,8480829,2026020025,2026010010,2026-09-20,0,16.25,0.0,2,AGES_2_5,LOW_RATE,3.633532312483779
2026-10-03,8480829,2026020025,2025021225,2026-04-05,0,14.07,0.0,7,AGES_6_9,LOW_RATE,3.633532312483779
2026-10-03,8480829,2026020025,2025020972,2026-03-04,0,10.48,0.0,8,AGES_6_9,LOW_RATE,3.633532312483779
2026-10-03,8480829,2026020025,2025020906,2026-02-05,0,9.57,0.0,9,AGES_6_9,LOW_RATE,3.633532312483779
2026-10-03,8480829,2026020025,2025020890,2026-02-03,0,8.57,0.0,10,ABOUT_TO_EXIT,LOW_RATE,3.633532312483779
2026-10-03,8480830,2026020025,2026020018,2026-10-02,6,19.85,18.1360201511335,1,MOST_RECENT,HIGH_RATE,11.142395015874918
2026-10-03,8480830,2026020025,2025021269,2026-04-11,5,16.62,18.050541516245485,4,AGES_2_5,HIGH_RATE,11.142395015874918
2026-10-03,8480830,2026020025,2025021237,2026-04-07,5,15.28,19.633507853403145,5,AGES_2_5,HIGH_RATE,11.142395015874918
2026-10-03,8480834,2026020028,2026010037,2026-09-24,0,26.3,0.0,1,MOST_RECENT,LOW_RATE,1.5562183893139672
2026-10-03,8480834,2026020028,2025021289,2026-04-13,0,10.37,0.0,3,AGES_2_5,LOW_RATE,1.5562183893139672
2026-10-03,8480834,2026020028,2025021264,2026-04-11,0,10.97,0.0,4,AGES_2_5,LOW_RATE,1.5562183893139672
2026-10-03,8480834,2026020028,2025021200,2026-04-02,0,16.43,0.0,8,AGES_6_9,LOW_RATE,1.5562183893139672
2026-10-03,8480834,2026020028,2025021187,2026-03-31,0,16.27,0.0,9,AGES_6_9,LOW_RATE,1.5562183893139672
2026-10-03,8480834,2026020028,2025021154,2026-03-28,0,10.48,0.0,10,ABOUT_TO_EXIT,LOW_RATE,1.5562183893139672
2026-10-03,8480835,2026020030,2026020012,2026-10-01,0,12.83,0.0,1,MOST_RECENT,LOW_RATE,6.097560975609756
2026-10-03,8480835,2026020030,2025021289,2026-04-13,3,9.93,18.12688821752266,5,AGES_2_5,HIGH_RATE,6.097560975609756
2026-10-03,8480835,2026020030,2025021238,2026-04-07,0,13.35,0.0,8,AGES_6_9,LOW_RATE,6.097560975609756
2026-10-03,8480835,2026020030,2025021228,2026-04-05,0,15.65,0.0,9,AGES_6_9,LOW_RATE,6.097560975609756
2026-10-03,8480835,2026020030,2025021209,2026-04-04,0,10.25,0.0,10,ABOUT_TO_EXIT,LOW_RATE,6.097560975609756
2026-10-03,8480839,2026020022,2025021288,2026-04-13,0,20.98,0.0,4,AGES_2_5,LOW_RATE,5.690145702215708
2026-10-03,8480840,2026020030,2026020020,2026-10-02,0,12.05,0.0,1,MOST_RECENT,LOW_RATE,2.183088342308252
2026-10-03,8480840,2026020030,2026010050,2026-09-25,0,11.65,0.0,2,AGES_2_5,LOW_RATE,2.183088342308252
2026-10-03,8480840,2026020030,2026010034,2026-09-23,0,13.93,0.0,3,AGES_2_5,LOW_RATE,2.183088342308252
2026-10-03,8480840,2026020030,2025021268,2026-04-11,0,11.6,0.0,6,AGES_6_9,LOW_RATE,2.183088342308252
2026-10-03,8480840,2026020030,2025021239,2026-04-07,0,13.88,0.0,8,AGES_6_9,LOW_RATE,2.183088342308252
2026-10-03,8480840,2026020030,2025021198,2026-04-02,0,16.28,0.0,10,ABOUT_TO_EXIT,LOW_RATE,2.183088342308252
2026-10-03,8480842,2026020026,2026020006,2026-09-30,3,10.92,16.483516483516485,1,MOST_RECENT,HIGH_RATE,8.611262985237834
2026-10-03,8480842,2026020026,2026010055,2026-09-26,0,14.28,0.0,2,AGES_2_5,LOW_RATE,8.611262985237834
2026-10-03,8480842,2026020026,2026010016,2026-09-21,5,14.23,21.082220660576247,4,AGES_2_5,HIGH_RATE,8.611262985237834
2026-10-03,8480842,2026020026,2025020199,2025-11-03,0,12.4,0.0,5,AGES_2_5,LOW_RATE,8.611262985237834
2026-10-03,8480842,2026020026,2025020182,2025-11-01,4,13.22,18.15431164901664,6,AGES_6_9,HIGH_RATE,8.611262985237834
2026-10-03,8480849,2026020027,2026020013,2026-10-01,4,13.82,17.36613603473227,1,MOST_RECENT,HIGH_RATE,5.994005994005994
2026-10-03,8480849,2026020027,2026010047,2026-09-24,0,17.53,0.0,3,AGES_2_5,LOW_RATE,5.994005994005994
2026-10-03,8480849,2026020027,2025021132,2026-03-24,0,0.28,0.0,4,AGES_2_5,LOW_RATE,5.994005994005994
2026-10-03,8480849,2026020027,2025021118,2026-03-22,0,17.48,0.0,5,AGES_2_5,LOW_RATE,5.994005994005994
2026-10-03,8480849,2026020027,2025021037,2026-03-12,0,15.93,0.0,10,ABOUT_TO_EXIT,LOW_RATE,5.994005994005994
2026-10-03,8480855,2026020027,2026020013,2026-10-01,0,13.43,0.0,1,MOST_RECENT,LOW_RATE,4.123711340206185
2026-10-03,8480855,2026020027,2025021203,2026-04-02,0,9.0,0.0,4,AGES_2_5,LOW_RATE,4.123711340206185
2026-10-03,8480855,2026020027,2025021146,2026-03-26,0,10.08,0.0,6,AGES_6_9,LOW_RATE,4.123711340206185
2026-10-03,8480855,2026020027,2025021132,2026-03-24,0,16.5,0.0,7,AGES_6_9,LOW_RATE,4.123711340206185
2026-10-03,8480855,2026020027,2025021098,2026-03-20,0,10.65,0.0,9,AGES_6_9,LOW_RATE,4.123711340206185
2026-10-03,8480860,2026020033,2026010060,2026-09-26,0,21.0,0.0,2,AGES_2_5,LOW_RATE,0.8718818115766529
2026-10-03,8480860,2026020033,2025021239,2026-04-07,0,1.25,0.0,4,AGES_2_5,LOW_RATE,0.8718818115766529
2026-10-03,8480860,2026020033,2025021219,2026-04-04,0,24.28,0.0,5,AGES_2_5,LOW_RATE,0.8718818115766529
2026-10-03,8480860,2026020033,2025021201,2026-04-02,0,23.08,0.0,6,AGES_6_9,LOW_RATE,0.8718818115766529
2026-10-03,8480860,2026020033,2025021174,2026-03-30,0,23.17,0.0,7,AGES_6_9,LOW_RATE,0.8718818115766529
2026-10-03,8480860,2026020033,2025021165,2026-03-28,0,22.2,0.0,8,AGES_6_9,LOW_RATE,0.8718818115766529
2026-10-03,8480860,2026020033,2025021147,2026-03-26,0,26.1,0.0,9,AGES_6_9,LOW_RATE,0.8718818115766529
2026-10-03,8480860,2026020033,2025021133,2026-03-24,0,22.68,0.0,10,ABOUT_TO_EXIT,LOW_RATE,0.8718818115766529
2026-10-03,8480865,2026020026,2025021271,2026-04-11,0,12.95,0.0,5,AGES_2_5,LOW_RATE,3.8773176915046976
2026-10-03,8480865,2026020026,2025021212,2026-04-04,0,22.13,0.0,9,AGES_6_9,LOW_RATE,3.8773176915046976
2026-10-03,8480870,2026020023,2026010006,2026-09-19,0,14.28,0.0,3,AGES_2_5,LOW_RATE,2.8694404591104736
2026-10-03,8480870,2026020023,2025021245,2026-04-08,0,13.97,0.0,4,AGES_2_5,LOW_RATE,2.8694404591104736
2026-10-03,8480870,2026020023,2025021202,2026-04-02,0,15.18,0.0,6,AGES_6_9,LOW_RATE,2.8694404591104736
2026-10-03,8480870,2026020023,2025021136,2026-03-25,0,13.93,0.0,8,AGES_6_9,LOW_RATE,2.8694404591104736
2026-10-03,8480878,2026020030,2025021301,2026-04-15,0,20.43,0.0,4,AGES_2_5,LOW_RATE,1.8005041411595246
2026-10-03,8480878,2026020030,2025021239,2026-04-07,0,14.0,0.0,5,AGES_2_5,LOW_RATE,1.8005041411595246
2026-10-03,8480878,2026020030,2025021209,2026-04-04,0,13.72,0.0,6,AGES_6_9,LOW_RATE,1.8005041411595246
2026-10-03,8480878,2026020030,2025021198,2026-04-02,0,15.65,0.0,7,AGES_6_9,LOW_RATE,1.8005041411595246
2026-10-03,8480878,2026020030,2025021172,2026-03-29,0,17.93,0.0,9,AGES_6_9,LOW_RATE,1.8005041411595246
2026-10-03,8480878,2026020030,2025021156,2026-03-28,0,14.78,0.0,10,ABOUT_TO_EXIT,LOW_RATE,1.8005041411595246
2026-10-03,8480891,2026020034,2025021301,2026-04-15,0,15.05,0.0,4,AGES_2_5,LOW_RATE,6.268282490597576
2026-10-03,8480891,2026020034,2025021244,2026-04-08,3,10.62,16.949152542372882,5,AGES_2_5,HIGH_RATE,6.268282490597576
2026-10-03,8480891,2026020034,2025020960,2026-03-03,3,11.32,15.901060070671376,10,ABOUT_TO_EXIT,HIGH_RATE,6.268282490597576
2026-10-03,8480893,2026020023,2026010061,2026-09-26,0,14.05,0.0,3,AGES_2_5,LOW_RATE,8.151747922871923
2026-10-03,8480893,2026020023,2025021215,2026-04-04,0,16.23,0.0,10,ABOUT_TO_EXIT,LOW_RATE,8.151747922871923
2026-10-03,8480980,2026020026,2026020006,2026-09-30,0,14.85,0.0,1,MOST_RECENT,LOW_RATE,3.4606511150986927
2026-10-03,8480980,2026020026,2025021192,2026-04-02,0,13.18,0.0,6,AGES_6_9,LOW_RATE,3.4606511150986927
2026-10-03,8480980,2026020026,2025021156,2026-03-28,0,15.58,0.0,9,AGES_6_9,LOW_RATE,3.4606511150986927
2026-10-03,8480990,2026020029,2026010062,2026-09-26,0,16.8,0.0,2,AGES_2_5,LOW_RATE,3.026590761692008
2026-10-03,8480990,2026020029,2025021009,2026-03-09,0,13.98,0.0,4,AGES_2_5,LOW_RATE,3.026590761692008
2026-10-03,8480990,2026020029,2025020990,2026-03-07,0,11.63,0.0,5,AGES_2_5,LOW_RATE,3.026590761692008
2026-10-03,8480990,2026020029,2025020931,2026-02-27,0,10.98,0.0,7,AGES_6_9,LOW_RATE,3.026590761692008
2026-10-03,8480990,2026020029,2025020911,2026-02-25,0,15.13,0.0,8,AGES_6_9,LOW_RATE,3.026590761692008
2026-10-03,8480995,2026020024,2025021229,2026-04-06,0,8.35,0.0,4,AGES_2_5,LOW_RATE,8.443818976372121
2026-10-03,8480995,2026020024,2025021180,2026-03-31,3,11.25,16.0,7,AGES_6_9,HIGH_RATE,8.443818976372121
2026-10-03,8480995,2026020024,2025021152,2026-03-28,0,16.08,0.0,9,AGES_6_9,LOW_RATE,8.443818976372121
2026-10-03,8480995,2026020024,2025021139,2026-03-26,4,12.82,18.7207488299532,10,ABOUT_TO_EXIT,HIGH_RATE,8.443818976372121
2026-10-03,8481013,2026020032,2026020020,2026-10-02,0,13.75,0.0,1,MOST_RECENT,LOW_RATE,5.810334094210417
2026-10-03,8481013,2026020032,2026010058,2026-09-26,3,11.38,15.817223198594023,2,AGES_2_5,HIGH_RATE,5.810334094210417
2026-10-03,8481013,2026020032,2025021238,2026-04-07,0,16.78,0.0,6,AGES_6_9,LOW_RATE,5.810334094210417
2026-10-03,8481013,2026020032,2025021189,2026-04-01,0,17.12,0.0,9,AGES_6_9,LOW_RATE,5.810334094210417
2026-10-03,8481014,2026020029,2025020277,2025-11-13,0,20.62,0.0,7,AGES_6_9,LOW_RATE,4.282218597063622
2026-10-03,8481014,2026020029,2025020228,2025-11-07,0,16.63,0.0,10,ABOUT_TO_EXIT,LOW_RATE,4.282218597063622
2026-10-03,8481024,2026020033,2025021280,2026-04-12,0,15.95,0.0,6,AGES_6_9,LOW_RATE,7.757212847033206
2026-10-03,8481024,2026020033,2025021260,2026-04-09,0,14.93,0.0,8,AGES_6_9,LOW_RATE,7.757212847033206
2026-10-03,8481028,2026020033,2025021273,2026-04-11,0,9.98,0.0,4,AGES_2_5,LOW_RATE,4.023373886387585
2026-10-03,8481028,2026020033,2025021239,2026-04-07,0,7.97,0.0,5,AGES_2_5,LOW_RATE,4.023373886387585
2026-10-03,8481028,2026020033,2025021219,2026-04-04,0,12.77,0.0,6,AGES_6_9,LOW_RATE,4.023373886387585
2026-10-03,8481028,2026020033,2025021133,2026-03-24,0,9.2,0.0,9,AGES_6_9,LOW_RATE,4.023373886387585
2026-10-03,8481032,2026020033,2026020004,2026-09-29,3,11.85,15.18987341772152,2,AGES_2_5,HIGH_RATE,5.332385353714895
2026-10-03,8481032,2026020033,2026010056,2026-09-26,0,10.65,0.0,3,AGES_2_5,LOW_RATE,5.332385353714895
2026-10-03,8481032,2026020033,2025021292,2026-04-14,4,12.52,19.169329073482427,5,AGES_2_5,HIGH_RATE,5.332385353714895
2026-10-03,8481032,2026020033,2025021279,2026-04-12,0,10.38,0.0,6,AGES_6_9,LOW_RATE,5.332385353714895
2026-10-03,8481032,2026020033,2025021265,2026-04-11,0,8.9,0.0,7,AGES_6_9,LOW_RATE,5.332385353714895
2026-10-03,8481032,2026020033,2025021236,2026-04-07,0,11.92,0.0,9,AGES_6_9,LOW_RATE,5.332385353714895
2026-10-03,8481032,2026020033,2025021226,2026-04-05,0,7.23,0.0,10,ABOUT_TO_EXIT,LOW_RATE,5.332385353714895
2026-10-03,8481068,2026020033,2025021281,2026-04-12,0,13.65,0.0,5,AGES_2_5,LOW_RATE,5.0410392296258
2026-10-03,8481068,2026020033,2025021219,2026-04-04,0,13.42,0.0,9,AGES_6_9,LOW_RATE,5.0410392296258
2026-10-03,8481161,2026020027,2026020011,2026-10-01,0,7.08,0.0,1,MOST_RECENT,LOW_RATE,3.39622641509434
2026-10-03,8481161,2026020027,2025021271,2026-04-11,0,4.3,0.0,5,AGES_2_5,LOW_RATE,3.39622641509434
2026-10-03,8481161,2026020027,2025021215,2026-04-04,0,9.63,0.0,7,AGES_6_9,LOW_RATE,3.39622641509434
2026-10-03,8481161,2026020027,2025021158,2026-03-28,0,9.72,0.0,8,AGES_6_9,LOW_RATE,3.39622641509434
2026-10-03,8481219,2026020031,2026020003,2026-09-29,0,17.22,0.0,2,AGES_2_5,LOW_RATE,4.223121590709132
2026-10-03,8481219,2026020031,2026010049,2026-09-25,0,15.32,0.0,3,AGES_2_5,LOW_RATE,4.223121590709132
2026-10-03,8481219,2026020031,2026010040,2026-09-24,0,15.95,0.0,4,AGES_2_5,LOW_RATE,4.223121590709132
2026-10-03,8481481,2026020026,2026020006,2026-09-30,4,13.22,18.15431164901664,1,MOST_RECENT,HIGH_RATE,4.572853876532945
2026-10-03,8481481,2026020026,2025021039,2026-03-12,0,10.35,0.0,3,AGES_2_5,LOW_RATE,4.572853876532945
2026-10-03,8481481,2026020026,2025021018,2026-03-10,0,14.2,0.0,4,AGES_2_5,LOW_RATE,4.572853876532945
2026-10-03,8481481,2026020026,2025020993,2026-03-07,0,15.03,0.0,6,AGES_6_9,LOW_RATE,4.572853876532945
2026-10-03,8481481,2026020026,2025020947,2026-03-01,0,14.13,0.0,8,AGES_6_9,LOW_RATE,4.572853876532945
2026-10-03,8481481,2026020026,2025020934,2026-02-28,0,14.48,0.0,9,AGES_6_9,LOW_RATE,4.572853876532945
2026-10-03,8481522,2026020022,2026020011,2026-10-01,0,14.97,0.0,1,MOST_RECENT,LOW_RATE,6.661115736885928
2026-10-03,8481523,2026020026,2025021294,2026-04-14,0,11.13,0.0,5,AGES_2_5,LOW_RATE,4.211265134234076
2026-10-03,8481523,2026020026,2025021248,2026-04-09,0,14.63,0.0,8,AGES_6_9,LOW_RATE,4.211265134234076
2026-10-03,8481523,2026020026,2025021233,2026-04-07,0,13.85,0.0,9,AGES_6_9,LOW_RATE,4.211265134234076
2026-10-03,8481523,2026020026,2025021059,2026-03-15,0,1.22,0.0,10,ABOUT_TO_EXIT,LOW_RATE,4.211265134234076
2026-10-03,8481527,2026020026,2026010055,2026-09-26,0,20.75,0.0,2,AGES_2_5,LOW_RATE,3.649141775915664
2026-10-03,8481527,2026020026,2025021218,2026-04-04,0,11.92,0.0,7,AGES_6_9,LOW_RATE,3.649141775915664
2026-10-03,8481527,2026020026,2025021201,2026-04-02,0,13.75,0.0,8,AGES_6_9,LOW_RATE,3.649141775915664
2026-10-03,8481527,2026020026,2025021148,2026-03-26,0,8.35,0.0,10,ABOUT_TO_EXIT,LOW_RATE,3.649141775915664
2026-10-03,8481532,2026020034,2025021189,2026-04-01,0,6.63,0.0,4,AGES_2_5,LOW_RATE,5.797101449275362
2026-10-03,8481532,2026020034,2025021065,2026-03-16,0,10.27,0.0,7,AGES_6_9,LOW_RATE,5.797101449275362
2026-10-03,8481532,2026020034,2025021041,2026-03-13,0,12.25,0.0,8,AGES_6_9,LOW_RATE,5.797101449275362
2026-10-03,8481532,2026020034,2025021012,2026-03-10,0,9.7,0.0,9,AGES_6_9,LOW_RATE,5.797101449275362
2026-10-03,8481533,2026020025,2026010040,2026-09-24,0,18.5,0.0,4,AGES_2_5,LOW_RATE,5.2551675814550975
2026-10-03,8481533,2026020025,2025021272,2026-04-11,0,16.2,0.0,6,AGES_6_9,LOW_RATE,5.2551675814550975
2026-10-03,8481533,2026020025,2025021205,2026-04-03,0,11.05,0.0,10,ABOUT_TO_EXIT,LOW_RATE,5.2551675814550975
2026-10-03,8481535,2026020030,2026020012,2026-10-01,0,10.53,0.0,1,MOST_RECENT,LOW_RATE,4.443712969058591
2026-10-03,8481535,2026020030,2026010053,2026-09-26,0,13.67,0.0,2,AGES_2_5,LOW_RATE,4.443712969058591
2026-10-03,8481535,2026020030,2025021242,2026-04-07,0,12.27,0.0,8,AGES_6_9,LOW_RATE,4.443712969058591
2026-10-03,8481540,2026020026,2025021294,2026-04-14,10,21.35,28.10304449648712,5,AGES_2_5,HIGH_RATE,12.450411962160512
2026-10-03,8481540,2026020026,2025021248,2026-04-09,5,17.93,16.731734523145565,8,AGES_6_9,HIGH_RATE,12.450411962160512
2026-10-03,8481546,2026020025,2025021284,2026-04-13,0,23.9,0.0,5,AGES_2_5,LOW_RATE,1.6187778227438283
2026-10-03,8481546,2026020025,2025021272,2026-04-11,0,21.63,0.0,6,AGES_6_9,LOW_RATE,1.6187778227438283
2026-10-03,8481546,2026020025,2025021250,2026-04-09,0,21.75,0.0,7,AGES_6_9,LOW_RATE,1.6187778227438283
2026-10-03,8481546,2026020025,2025021236,2026-04-07,0,21.75,0.0,8,AGES_6_9,LOW_RATE,1.6187778227438283
2026-10-03,8481546,2026020025,2025021205,2026-04-03,0,23.18,0.0,10,ABOUT_TO_EXIT,LOW_RATE,1.6187778227438283
2026-10-03,8481553,2026020031,2025021267,2026-04-11,0,12.73,0.0,6,AGES_6_9,LOW_RATE,5.505752805816334
2026-10-03,8481553,2026020031,2025021240,2026-04-07,0,12.48,0.0,7,AGES_6_9,LOW_RATE,5.505752805816334
2026-10-03,8481553,2026020031,2025021199,2026-04-02,0,13.15,0.0,8,AGES_6_9,LOW_RATE,5.505752805816334
2026-10-03,8481554,2026020028,2025021306,2026-04-15,0,14.03,0.0,4,AGES_2_5,LOW_RATE,1.6403526758253024
2026-10-03,8481554,2026020028,2025021291,2026-04-13,0,14.12,0.0,5,AGES_2_5,LOW_RATE,1.6403526758253024
2026-10-03,8481554,2026020028,2025021273,2026-04-11,0,13.2,0.0,6,AGES_6_9,LOW_RATE,1.6403526758253024
2026-10-03,8481554,2026020028,2025021259,2026-04-09,0,18.15,0.0,7,AGES_6_9,LOW_RATE,1.6403526758253024
2026-10-03,8481554,2026020028,2025021240,2026-04-07,0,14.68,0.0,8,AGES_6_9,LOW_RATE,1.6403526758253024
2026-10-03,8481554,2026020028,2025021230,2026-04-06,0,12.43,0.0,9,AGES_6_9,LOW_RATE,1.6403526758253024
2026-10-03,8481557,2026020031,2025021267,2026-04-11,5,19.58,15.321756894790605,3,AGES_2_5,HIGH_RATE,11.027027027027026
2026-10-03,8481557,2026020031,2025021199,2026-04-02,6,15.75,22.857142857142858,8,AGES_6_9,HIGH_RATE,11.027027027027026
2026-10-03,8481559,2026020029,2025021226,2026-04-05,6,21.68,16.605166051660518,9,AGES_6_9,HIGH_RATE,10.919514081623367
2026-10-03,8481568,2026020022,2026020005,2026-09-29,0,20.02,0.0,2,AGES_2_5,LOW_RATE,3.570188922497149
2026-10-03,8481568,2026020022,2025021288,2026-04-13,0,19.72,0.0,6,AGES_6_9,LOW_RATE,3.570188922497149
2026-10-03,8481568,2026020022,2025021221,2026-04-04,0,22.45,0.0,10,ABOUT_TO_EXIT,LOW_RATE,3.570188922497149
2026-10-03,8481580,2026020032,2026010042,2026-09-24,0,18.4,0.0,3,AGES_2_5,LOW_RATE,4.898574389248258
2026-10-03,8481580,2026020032,2025021295,2026-04-14,0,16.43,0.0,4,AGES_2_5,LOW_RATE,4.898574389248258
2026-10-03,8481580,2026020032,2025021263,2026-04-11,0,15.03,0.0,6,AGES_6_9,LOW_RATE,4.898574389248258
2026-10-03,8481580,2026020032,2025021213,2026-04-04,5,16.05,18.69158878504673,9,AGES_6_9,HIGH_RATE,4.898574389248258
2026-10-03,8481582,2026020026,2026020006,2026-09-30,4,15.03,15.968063872255492,1,MOST_RECENT,HIGH_RATE,8.666137069401314
2026-10-03,8481582,2026020026,2025021304,2026-04-15,0,13.05,0.0,4,AGES_2_5,LOW_RATE,8.666137069401314
2026-10-03,8481582,2026020026,2025021285,2026-04-13,6,14.53,24.77632484514797,5,AGES_2_5,HIGH_RATE,8.666137069401314
2026-10-03,8481582,2026020026,2025021252,2026-04-09,0,11.32,0.0,7,AGES_6_9,LOW_RATE,8.666137069401314
2026-10-03,8481593,2026020026,2026020002,2026-09-29,0,11.03,0.0,1,MOST_RECENT,LOW_RATE,3.561535417491096
2026-10-03,8481593,2026020026,2026010064,2026-09-26,0,20.83,0.0,2,AGES_2_5,LOW_RATE,3.561535417491096
2026-10-03,8481593,2026020026,2026010007,2026-09-19,0,20.85,0.0,4,AGES_2_5,LOW_RATE,3.561535417491096
2026-10-03,8481593,2026020026,2025021248,2026-04-09,0,11.15,0.0,8,AGES_6_9,LOW_RATE,3.561535417491096
2026-10-03,8481596,2026020023,2025021262,2026-04-11,0,19.85,0.0,5,AGES_2_5,LOW_RATE,6.559766763848397
2026-10-03,8481596,2026020023,2025021249,2026-04-09,0,15.15,0.0,6,AGES_6_9,LOW_RATE,6.559766763848397
2026-10-03,8481598,2026020032,2025021266,2026-04-11,0,20.87,0.0,6,AGES_6_9,LOW_RATE,4.063664070436844
2026-10-03,8481598,2026020032,2025021228,2026-04-05,0,22.32,0.0,9,AGES_6_9,LOW_RATE,4.063664070436844
2026-10-03,8481601,2026020029,2026020008,2026-09-30,0,20.28,0.0,1,MOST_RECENT,LOW_RATE,3.3986631924776254
2026-10-03,8481601,2026020029,2026010027,2026-09-22,0,14.73,0.0,3,AGES_2_5,LOW_RATE,3.3986631924776254
2026-10-03,8481601,2026020029,2025021262,2026-04-11,0,18.68,0.0,6,AGES_6_9,LOW_RATE,3.3986631924776254
2026-10-03,8481601,2026020029,2025021214,2026-04-04,0,15.97,0.0,8,AGES_6_9,LOW_RATE,3.3986631924776254
2026-10-03,8481601,2026020029,2025021173,2026-03-30,0,15.05,0.0,10,ABOUT_TO_EXIT,LOW_RATE,3.3986631924776254
2026-10-03,8481606,2026020023,2026010064,2026-09-26,0,20.18,0.0,1,MOST_RECENT,LOW_RATE,4.404639553663192
2026-10-03,8481606,2026020023,2025021249,2026-04-09,0,19.38,0.0,6,AGES_6_9,LOW_RATE,4.404639553663192
2026-10-03,8481617,2026020028,2026020004,2026-09-29,7,18.33,22.91325695581015,2,AGES_2_5,HIGH_RATE,11.72221893315967
2026-10-03,8481617,2026020028,2026010003,2026-09-19,6,18.27,19.704433497536947,4,AGES_2_5,HIGH_RATE,11.72221893315967
2026-10-03,8481618,2026020026,2026010006,2026-09-19,0,18.77,0.0,4,AGES_2_5,LOW_RATE,4.63743676222597
2026-10-03,8481618,2026020026,2025021233,2026-04-07,0,17.25,0.0,9,AGES_6_9,LOW_RATE,4.63743676222597
2026-10-03,8481624,2026020024,2026020010,2026-10-01,0,10.93,0.0,1,MOST_RECENT,LOW_RATE,4.8085814684668025
2026-10-03,8481624,2026020024,2026010043,2026-09-24,0,13.98,0.0,2,AGES_2_5,LOW_RATE,4.8085814684668025
2026-10-03,8481624,2026020024,2025021288,2026-04-13,0,15.65,0.0,5,AGES_2_5,LOW_RATE,4.8085814684668025
2026-10-03,8481624,2026020024,2025021255,2026-04-09,0,17.22,0.0,7,AGES_6_9,LOW_RATE,4.8085814684668025
2026-10-03,8481711,2026020029,2026010062,2026-09-26,0,18.03,0.0,2,AGES_2_5,LOW_RATE,3.1845020898294965
2026-10-03,8481711,2026020029,2025021285,2026-04-13,0,11.85,0.0,5,AGES_2_5,LOW_RATE,3.1845020898294965
2026-10-03,8481711,2026020029,2025021270,2026-04-11,0,16.93,0.0,6,AGES_6_9,LOW_RATE,3.1845020898294965
2026-10-03,8481711,2026020029,2025021252,2026-04-09,0,11.28,0.0,7,AGES_6_9,LOW_RATE,3.1845020898294965
2026-10-03,8481711,2026020029,2025021202,2026-04-02,0,13.87,0.0,10,ABOUT_TO_EXIT,LOW_RATE,3.1845020898294965
2026-10-03,8481716,2026020027,2026020011,2026-10-01,0,10.73,0.0,1,MOST_RECENT,LOW_RATE,4.528301886792453
2026-10-03,8481716,2026020027,2026010046,2026-09-24,0,15.28,0.0,2,AGES_2_5,LOW_RATE,4.528301886792453
2026-10-03,8481716,2026020027,2025021158,2026-03-28,0,4.05,0.0,4,AGES_2_5,LOW_RATE,4.528301886792453
2026-10-03,8481716,2026020027,2025021031,2026-03-12,0,10.3,0.0,5,AGES_2_5,LOW_RATE,4.528301886792453
2026-10-03,8481716,2026020027,2025020963,2026-03-03,0,8.65,0.0,7,AGES_6_9,LOW_RATE,4.528301886792453
2026-10-03,8481716,2026020027,2025020937,2026-02-28,0,8.52,0.0,9,AGES_6_9,LOW_RATE,4.528301886792453
2026-10-03,8481721,2026020029,2025021095,2026-03-20,5,15.15,19.8019801980198,5,AGES_2_5,HIGH_RATE,10.219456272518832
2026-10-03,8481721,2026020029,2025021050,2026-03-14,5,15.88,18.89168765743073,8,AGES_6_9,HIGH_RATE,10.219456272518832
2026-10-03,8481726,2026020030,2025021119,2026-03-23,0,5.1,0.0,4,AGES_2_5,LOW_RATE,7.281553398058253
2026-10-03,8481726,2026020030,2025021110,2026-03-22,0,7.2,0.0,5,AGES_2_5,LOW_RATE,7.281553398058253
2026-10-03,8481726,2026020030,2025021065,2026-03-16,0,10.7,0.0,8,AGES_6_9,LOW_RATE,7.281553398058253
2026-10-03,8481806,2026020022,2025021255,2026-04-09,0,17.2,0.0,7,AGES_6_9,LOW_RATE,4.760393525864805
2026-10-03,8481806,2026020022,2025021231,2026-04-06,0,20.42,0.0,8,AGES_6_9,LOW_RATE,4.760393525864805
2026-10-03,8482055,2026020033,2026020015,2026-10-01,0,13.38,0.0,1,MOST_RECENT,LOW_RATE,6.524102935846321
2026-10-03,8482055,2026020033,2025021216,2026-04-04,0,15.97,0.0,10,ABOUT_TO_EXIT,LOW_RATE,6.524102935846321
2026-10-03,8482062,2026020022,2026010018,2026-09-21,0,11.43,0.0,4,AGES_2_5,LOW_RATE,5.071422534020793
2026-10-03,8482062,2026020022,2025021306,2026-04-15,0,11.13,0.0,5,AGES_2_5,LOW_RATE,5.071422534020793
2026-10-03,8482062,2026020022,2025021259,2026-04-09,0,12.08,0.0,8,AGES_6_9,LOW_RATE,5.071422534020793
2026-10-03,8482062,2026020022,2025021218,2026-04-04,3,11.28,15.95744680851064,10,ABOUT_TO_EXIT,HIGH_RATE,5.071422534020793
2026-10-03,8482072,2026020030,2026010053,2026-09-26,0,16.35,0.0,1,MOST_RECENT,LOW_RATE,5.253940455341506
2026-10-03,8482072,2026020030,2025020789,2026-01-21,0,11.53,0.0,8,AGES_6_9,LOW_RATE,5.253940455341506
2026-10-03,8482072,2026020030,2025020250,2025-11-09,0,11.27,0.0,10,ABOUT_TO_EXIT,LOW_RATE,5.253940455341506
2026-10-03,8482077,2026020032,2026010058,2026-09-26,7,23.22,18.087855297157624,2,AGES_2_5,HIGH_RATE,11.092851273623666
2026-10-03,8482077,2026020032,2025021299,2026-04-14,5,19.03,15.764582238570677,4,AGES_2_5,HIGH_RATE,11.092851273623666
2026-10-03,8482079,2026020033,2026020015,2026-10-01,4,15.27,15.717092337917489,1,MOST_RECENT,HIGH_RATE,5.927475592747559
2026-10-03,8482079,2026020033,2025021260,2026-04-09,0,16.83,0.0,8,AGES_6_9,LOW_RATE,5.927475592747559
2026-10-03,8482088,2026020024,2026020018,2026-10-02,0,13.0,0.0,1,MOST_RECENT,LOW_RATE,1.937483854301214
2026-10-03,8482088,2026020024,2026010049,2026-09-25,0,13.02,0.0,2,AGES_2_5,LOW_RATE,1.937483854301214
2026-10-03,8482088,2026020024,2025021295,2026-04-14,0,16.08,0.0,4,AGES_2_5,LOW_RATE,1.937483854301214
2026-10-03,8482088,2026020024,2025021263,2026-04-11,0,17.9,0.0,6,AGES_6_9,LOW_RATE,1.937483854301214
2026-10-03,8482088,2026020024,2025021213,2026-04-04,0,15.42,0.0,9,AGES_6_9,LOW_RATE,1.937483854301214
2026-10-03,8482088,2026020024,2025021194,2026-04-02,0,15.37,0.0,10,ABOUT_TO_EXIT,LOW_RATE,1.937483854301214
2026-10-03,8482089,2026020032,2026010058,2026-09-26,0,12.3,0.0,2,AGES_2_5,LOW_RATE,5.302515295717199
2026-10-03,8482089,2026020032,2025021253,2026-04-09,4,15.85,15.141955835962143,7,AGES_6_9,HIGH_RATE,5.302515295717199
2026-10-03,8482089,2026020032,2025021228,2026-04-05,0,14.93,0.0,9,AGES_6_9,LOW_RATE,5.302515295717199
2026-10-03,8482094,2026020031,2026020012,2026-10-01,0,10.1,0.0,1,MOST_RECENT,LOW_RATE,2.5670802518183486
2026-10-03,8482094,2026020031,2026010034,2026-09-23,0,21.52,0.0,2,AGES_2_5,LOW_RATE,2.5670802518183486
2026-10-03,8482094,2026020031,2026010018,2026-09-21,0,20.98,0.0,3,AGES_2_5,LOW_RATE,2.5670802518183486
2026-10-03,8482094,2026020031,2025021296,2026-04-14,0,21.02,0.0,5,AGES_2_5,LOW_RATE,2.5670802518183486
2026-10-03,8482094,2026020031,2025020951,2026-03-01,0,13.43,0.0,8,AGES_6_9,LOW_RATE,2.5670802518183486
2026-10-03,8482094,2026020031,2025020927,2026-02-26,0,9.12,0.0,10,ABOUT_TO_EXIT,LOW_RATE,2.5670802518183486
2026-10-03,8482095,2026020023,2026010064,2026-09-26,0,20.55,0.0,1,MOST_RECENT,LOW_RATE,5.048114844612715
2026-10-03,8482095,2026020023,2026010035,2026-09-23,0,20.2,0.0,2,AGES_2_5,LOW_RATE,5.048114844612715
2026-10-03,8482095,2026020023,2025021191,2026-04-02,0,1.8,0.0,4,AGES_2_5,LOW_RATE,5.048114844612715
2026-10-03,8482097,2026020022,2025021301,2026-04-15,5,19.48,15.40041067761807,4,AGES_2_5,HIGH_RATE,10.54481546572935
2026-10-03,8482097,2026020022,2025021229,2026-04-06,4,14.4,16.666666666666668,8,AGES_6_9,HIGH_RATE,10.54481546572935
2026-10-03,8482097,2026020022,2025021213,2026-04-04,6,18.45,19.51219512195122,9,AGES_6_9,HIGH_RATE,10.54481546572935
2026-10-03,8482110,2026020029,2025021279,2026-04-12,5,18.93,15.84786053882726,5,AGES_2_5,HIGH_RATE,7.368127267652805
2026-10-03,8482110,2026020029,2025021251,2026-04-09,0,17.35,0.0,7,AGES_6_9,LOW_RATE,7.368127267652805
2026-10-03,8482124,2026020034,2026010030,2026-09-22,0,17.07,0.0,3,AGES_2_5,LOW_RATE,7.223113964686998
2026-10-03,8482124,2026020034,2025021291,2026-04-13,8,20.28,23.66863905325443,5,AGES_2_5,HIGH_RATE,7.223113964686998
2026-10-03,8482126,2026020027,2026020011,2026-10-01,0,15.62,0.0,1,MOST_RECENT,LOW_RATE,1.5683199372672023
2026-10-03,8482126,2026020027,2026010006,2026-09-19,0,17.77,0.0,3,AGES_2_5,LOW_RATE,1.5683199372672023
2026-10-03,8482126,2026020027,2025021284,2026-04-13,0,11.62,0.0,5,AGES_2_5,LOW_RATE,1.5683199372672023
2026-10-03,8482126,2026020027,2025021272,2026-04-11,0,15.8,0.0,6,AGES_6_9,LOW_RATE,1.5683199372672023
2026-10-03,8482126,2026020027,2025021250,2026-04-09,0,12.95,0.0,7,AGES_6_9,LOW_RATE,1.5683199372672023
2026-10-03,8482126,2026020027,2025021236,2026-04-07,0,13.38,0.0,8,AGES_6_9,LOW_RATE,1.5683199372672023
2026-10-03,8482126,2026020027,2025021224,2026-04-05,0,12.02,0.0,9,AGES_6_9,LOW_RATE,1.5683199372672023
2026-10-03,8482142,2026020025,2026020006,2026-09-30,0,17.35,0.0,2,AGES_2_5,LOW_RATE,4.315925766076823
2026-10-03,8482142,2026020025,2025021272,2026-04-11,0,17.53,0.0,6,AGES_6_9,LOW_RATE,4.315925766076823
2026-10-03,8482145,2026020030,2025021285,2026-04-13,7,15.93,26.365348399246702,5,AGES_2_5,HIGH_RATE,10.11109724129322
2026-10-03,8482145,2026020030,2025021268,2026-04-11,0,19.17,0.0,6,AGES_6_9,LOW_RATE,10.11109724129322
2026-10-03,8482146,2026020029,2026010019,2026-09-21,0,18.58,0.0,3,AGES_2_5,LOW_RATE,8.830869648684969
2026-10-03,8482146,2026020029,2025021220,2026-04-04,5,12.77,23.492560689115113,9,AGES_6_9,HIGH_RATE,8.830869648684969
2026-10-03,8482148,2026020026,2025021295,2026-04-14,0,13.3,0.0,4,AGES_2_5,LOW_RATE,4.3072505384063176
2026-10-03,8482148,2026020026,2025021213,2026-04-04,0,11.08,0.0,6,AGES_6_9,LOW_RATE,4.3072505384063176
2026-10-03,8482148,2026020026,2025021194,2026-04-02,0,12.77,0.0,7,AGES_6_9,LOW_RATE,4.3072505384063176
2026-10-03,8482148,2026020026,2025021146,2026-03-26,0,9.23,0.0,10,ABOUT_TO_EXIT,LOW_RATE,4.3072505384063176
2026-10-03,8482155,2026020034,2026010052,2026-09-26,0,13.52,0.0,2,AGES_2_5,LOW_RATE,9.645817633760362
2026-10-03,8482155,2026020034,2025021217,2026-04-04,6,24.17,14.894497310715764,9,AGES_6_9,HIGH_RATE,9.645817633760362
2026-10-03,8482159,2026020025,2025021284,2026-04-13,0,18.6,0.0,6,AGES_6_9,LOW_RATE,7.20164609053498
2026-10-03,8482159,2026020025,2025021236,2026-04-07,4,15.32,15.665796344647518,9,AGES_6_9,HIGH_RATE,7.20164609053498
2026-10-03,8482175,2026020031,2026020019,2026-10-02,5,20.08,14.940239043824702,1,MOST_RECENT,HIGH_RATE,8.541189577273009
2026-10-03,8482175,2026020031,2025021297,2026-04-14,4,15.03,15.968063872255492,5,AGES_2_5,HIGH_RATE,8.541189577273009
2026-10-03,8482175,2026020031,2025021269,2026-04-11,0,13.72,0.0,7,AGES_6_9,LOW_RATE,8.541189577273009
2026-10-03,8482176,2026020022,2026020005,2026-09-29,0,20.62,0.0,2,AGES_2_5,LOW_RATE,2.2812603963689937
2026-10-03,8482176,2026020022,2026010018,2026-09-21,0,19.88,0.0,4,AGES_2_5,LOW_RATE,2.2812603963689937
2026-10-03,8482176,2026020022,2025021288,2026-04-13,0,20.28,0.0,6,AGES_6_9,LOW_RATE,2.2812603963689937
2026-10-03,8482176,2026020022,2025021231,2026-04-06,0,21.9,0.0,9,AGES_6_9,LOW_RATE,2.2812603963689937
2026-10-03,8482177,2026020031,2026020019,2026-10-02,0,15.92,0.0,1,MOST_RECENT,LOW_RATE,1.9683747785578376
2026-10-03,8482177,2026020031,2026020003,2026-09-29,0,13.38,0.0,2,AGES_2_5,LOW_RATE,1.9683747785578376
2026-10-03,8482177,2026020031,2026010049,2026-09-25,0,12.92,0.0,3,AGES_2_5,LOW_RATE,1.9683747785578376
2026-10-03,8482177,2026020031,2025021292,2026-04-14,0,15.37,0.0,5,AGES_2_5,LOW_RATE,1.9683747785578376
2026-10-03,8482177,2026020031,2025021278,2026-04-12,0,15.63,0.0,6,AGES_6_9,LOW_RATE,1.9683747785578376
2026-10-03,8482177,2026020031,2025021261,2026-04-11,0,12.92,0.0,7,AGES_6_9,LOW_RATE,1.9683747785578376
2026-10-03,8482177,2026020031,2025021224,2026-04-05,0,13.77,0.0,9,AGES_6_9,LOW_RATE,1.9683747785578376
2026-10-03,8482177,2026020031,2025021210,2026-04-04,0,16.95,0.0,10,ABOUT_TO_EXIT,LOW_RATE,1.9683747785578376
2026-10-03,8482201,2026020024,2026020010,2026-10-01,0,12.15,0.0,1,MOST_RECENT,LOW_RATE,3.410598117855113
2026-10-03,8482201,2026020024,2025021302,2026-04-15,0,12.93,0.0,4,AGES_2_5,LOW_RATE,3.410598117855113
2026-10-03,8482201,2026020024,2025021229,2026-04-06,0,19.28,0.0,9,AGES_6_9,LOW_RATE,3.410598117855113
2026-10-03,8482201,2026020024,2025021210,2026-04-04,0,14.23,0.0,10,ABOUT_TO_EXIT,LOW_RATE,3.410598117855113
2026-10-03,8482259,2026020028,2025021259,2026-04-09,8,19.55,24.55242966751918,7,AGES_6_9,HIGH_RATE,11.57840967137749
2026-10-03,8482259,2026020028,2025021221,2026-04-04,4,15.95,15.04702194357367,10,ABOUT_TO_EXIT,HIGH_RATE,11.57840967137749
2026-10-03,8482476,2026020029,2025021277,2026-04-12,0,13.05,0.0,5,AGES_2_5,LOW_RATE,5.213903743315508
2026-10-03,8482476,2026020029,2025021262,2026-04-11,0,12.25,0.0,6,AGES_6_9,LOW_RATE,5.213903743315508
2026-10-03,8482476,2026020029,2025021214,2026-04-04,0,13.83,0.0,8,AGES_6_9,LOW_RATE,5.213903743315508
2026-10-03,8482482,2026020030,2026020012,2026-10-01,0,16.08,0.0,1,MOST_RECENT,LOW_RATE,3.436229311036023
2026-10-03,8482482,2026020030,2026010053,2026-09-26,0,18.42,0.0,2,AGES_2_5,LOW_RATE,3.436229311036023
2026-10-03,8482482,2026020030,2025021287,2026-04-13,0,18.28,0.0,4,AGES_2_5,LOW_RATE,3.436229311036023
2026-10-03,8482482,2026020030,2025021267,2026-04-11,0,20.55,0.0,5,AGES_2_5,LOW_RATE,3.436229311036023
2026-10-03,8482511,2026020031,2026020019,2026-10-02,0,21.88,0.0,1,MOST_RECENT,LOW_RATE,2.0234950255747286
2026-10-03,8482511,2026020031,2026020003,2026-09-29,0,19.35,0.0,2,AGES_2_5,LOW_RATE,2.0234950255747286
2026-10-03,8482511,2026020031,2026010049,2026-09-25,0,16.93,0.0,3,AGES_2_5,LOW_RATE,2.0234950255747286
2026-10-03,8482511,2026020031,2025021155,2026-03-28,0,11.78,0.0,10,ABOUT_TO_EXIT,LOW_RATE,2.0234950255747286
2026-10-03,8482655,2026020024,2026020010,2026-10-01,0,14.9,0.0,1,MOST_RECENT,LOW_RATE,2.1293855201784626
2026-10-03,8482655,2026020024,2026010043,2026-09-24,0,17.38,0.0,2,AGES_2_5,LOW_RATE,2.1293855201784626
2026-10-03,8482655,2026020024,2026010011,2026-09-20,0,18.43,0.0,3,AGES_2_5,LOW_RATE,2.1293855201784626
2026-10-03,8482655,2026020024,2025021261,2026-04-11,0,22.48,0.0,5,AGES_2_5,LOW_RATE,2.1293855201784626
2026-10-03,8482655,2026020024,2025021248,2026-04-09,0,20.68,0.0,6,AGES_6_9,LOW_RATE,2.1293855201784626
2026-10-03,8482655,2026020024,2025021210,2026-04-04,0,21.7,0.0,9,AGES_6_9,LOW_RATE,2.1293855201784626
2026-10-03,8482655,2026020024,2025021192,2026-04-02,0,19.22,0.0,10,ABOUT_TO_EXIT,LOW_RATE,2.1293855201784626
2026-10-03,8482659,2026020022,2025021247,2026-04-09,4,14.7,16.3265306122449,6,AGES_6_9,HIGH_RATE,5.85746827204686
2026-10-03,8482659,2026020022,2025021229,2026-04-06,0,14.67,0.0,8,AGES_6_9,LOW_RATE,5.85746827204686
2026-10-03,8482660,2026020027,2025021235,2026-04-07,0,9.4,0.0,8,AGES_6_9,LOW_RATE,5.94157451724707
2026-10-03,8482660,2026020027,2025021197,2026-04-02,0,13.37,0.0,9,AGES_6_9,LOW_RATE,5.94157451724707
2026-10-03,8482660,2026020027,2025021185,2026-03-31,0,7.8,0.0,10,ABOUT_TO_EXIT,LOW_RATE,5.94157451724707
2026-10-03,8482665,2026020028,2026010038,2026-09-24,0,19.62,0.0,3,AGES_2_5,LOW_RATE,3.638568829593693
2026-10-03,8482665,2026020028,2025021306,2026-04-15,0,15.45,0.0,4,AGES_2_5,LOW_RATE,3.638568829593693
2026-10-03,8482665,2026020028,2025021291,2026-04-13,0,18.1,0.0,5,AGES_2_5,LOW_RATE,3.638568829593693
2026-10-03,8482665,2026020028,2025021259,2026-04-09,0,21.28,0.0,7,AGES_6_9,LOW_RATE,3.638568829593693
2026-10-03,8482667,2026020023,2026010036,2026-09-23,0,20.27,0.0,2,AGES_2_5,LOW_RATE,6.226488519911792
2026-10-03,8482671,2026020022,2026020011,2026-10-01,0,25.42,0.0,1,MOST_RECENT,LOW_RATE,3.31858407079646
2026-10-03,8482671,2026020022,2025021288,2026-04-13,0,22.93,0.0,5,AGES_2_5,LOW_RATE,3.31858407079646
2026-10-03,8482679,2026020033,2025021273,2026-04-11,0,16.55,0.0,5,AGES_2_5,LOW_RATE,8.516415699827203
2026-10-03,8482679,2026020033,2025021256,2026-04-09,5,19.25,15.584415584415584,6,AGES_6_9,HIGH_RATE,8.516415699827203
2026-10-03,8482684,2026020029,2025021226,2026-04-05,0,23.13,0.0,5,AGES_2_5,LOW_RATE,5.0190304906102305
2026-10-03,8482684,2026020029,2025021157,2026-03-28,0,23.35,0.0,10,ABOUT_TO_EXIT,LOW_RATE,5.0190304906102305
2026-10-03,8482691,2026020033,2026010005,2026-09-19,0,16.0,0.0,2,AGES_2_5,LOW_RATE,6.090419301944249
2026-10-03,8482691,2026020033,2025021300,2026-04-14,0,12.03,0.0,3,AGES_2_5,LOW_RATE,6.090419301944249
2026-10-03,8482691,2026020033,2025021280,2026-04-12,3,10.08,17.857142857142858,4,AGES_2_5,HIGH_RATE,6.090419301944249
2026-10-03,8482691,2026020033,2025021275,2026-04-11,0,13.98,0.0,5,AGES_2_5,LOW_RATE,6.090419301944249
2026-10-03,8482691,2026020033,2025021260,2026-04-09,3,11.97,15.037593984962406,6,AGES_6_9,HIGH_RATE,6.090419301944249
2026-10-03,8482699,2026020027,2026020013,2026-10-01,5,14.55,20.61855670103093,1,MOST_RECENT,HIGH_RATE,10.437710437710438
2026-10-03,8482699,2026020027,2026010030,2026-09-22,6,19.98,18.01801801801802,3,AGES_2_5,HIGH_RATE,10.437710437710438
2026-10-03,8482700,2026020034,2026010032,2026-09-22,0,19.02,0.0,4,AGES_2_5,LOW_RATE,1.7450991798033857
2026-10-03,8482700,2026020034,2024020817,2025-01-30,0,16.97,0.0,7,AGES_6_9,LOW_RATE,1.7450991798033857
2026-10-03,8482700,2026020034,2024020792,2025-01-26,0,12.72,0.0,8,AGES_6_9,LOW_RATE,1.7450991798033857
2026-10-03,8482700,2026020034,2024020773,2025-01-24,0,16.87,0.0,9,AGES_6_9,LOW_RATE,1.7450991798033857
2026-10-03,8482700,2026020034,2024020714,2025-01-16,0,13.87,0.0,10,ABOUT_TO_EXIT,LOW_RATE,1.7450991798033857
2026-10-03,8482702,2026020025,2026020001,2026-09-29,0,19.9,0.0,2,AGES_2_5,LOW_RATE,10.186116700201207
2026-10-03,8482703,2026020028,2026010060,2026-09-26,0,12.68,0.0,3,AGES_2_5,LOW_RATE,5.212858384013901
2026-10-03,8482703,2026020028,2025021289,2026-04-13,0,11.83,0.0,5,AGES_2_5,LOW_RATE,5.212858384013901
2026-10-03,8482703,2026020028,2025021246,2026-04-08,0,12.45,0.0,7,AGES_6_9,LOW_RATE,5.212858384013901
2026-10-03,8482703,2026020028,2025021023,2026-03-10,0,1.58,0.0,9,AGES_6_9,LOW_RATE,5.212858384013901
2026-10-03,8482703,2026020028,2025021007,2026-03-08,0,5.08,0.0,10,ABOUT_TO_EXIT,LOW_RATE,5.212858384013901
2026-10-03,8482705,2026020027,2026010046,2026-09-24,0,16.68,0.0,3,AGES_2_5,LOW_RATE,5.897771952817824
2026-10-03,8482705,2026020027,2025021295,2026-04-14,0,14.02,0.0,4,AGES_2_5,LOW_RATE,5.897771952817824
2026-10-03,8482705,2026020027,2025021197,2026-04-02,0,15.1,0.0,10,ABOUT_TO_EXIT,LOW_RATE,5.897771952817824
2026-10-03,8482713,2026020028,2025021303,2026-04-15,0,14.05,0.0,2,AGES_2_5,LOW_RATE,7.99492385786802
2026-10-03,8482713,2026020028,2025021233,2026-04-07,6,20.07,17.937219730941706,6,AGES_6_9,HIGH_RATE,7.99492385786802
2026-10-03,8482720,2026020027,2026020011,2026-10-01,4,16.1,14.906832298136644,1,MOST_RECENT,HIGH_RATE,4.6375531386297135
2026-10-03,8482720,2026020027,2025021252,2026-04-09,0,18.93,0.0,7,AGES_6_9,LOW_RATE,4.6375531386297135
2026-10-03,8482737,2026020026,2025021233,2026-04-07,0,15.1,0.0,7,AGES_6_9,LOW_RATE,5.0110090350011385
2026-10-03,8482737,2026020026,2025021226,2026-04-05,0,13.9,0.0,8,AGES_6_9,LOW_RATE,5.0110090350011385
2026-10-03,8482737,2026020026,2025021212,2026-04-04,0,15.1,0.0,9,AGES_6_9,LOW_RATE,5.0110090350011385
2026-10-03,8482740,2026020030,2025021301,2026-04-15,0,18.18,0.0,4,AGES_2_5,LOW_RATE,8.767509825657564
2026-10-03,8482745,2026020032,2025021296,2026-04-14,5,17.6,17.045454545454543,4,AGES_2_5,HIGH_RATE,11.191620632757012
2026-10-03,8482747,2026020033,2026010014,2026-09-20,1,0.88,68.18181818181819,2,AGES_2_5,HIGH_RATE,4.914004914004914
2026-10-03,8482747,2026020033,2025020924,2026-02-26,0,9.38,0.0,5,AGES_2_5,LOW_RATE,4.914004914004914
2026-10-03,8482747,2026020033,2025020849,2026-01-29,0,11.03,0.0,7,AGES_6_9,LOW_RATE,4.914004914004914
2026-10-03,8482747,2026020033,2025020842,2026-01-28,0,13.8,0.0,8,AGES_6_9,LOW_RATE,4.914004914004914
2026-10-03,8482747,2026020033,2025020826,2026-01-26,0,9.95,0.0,9,AGES_6_9,LOW_RATE,4.914004914004914
2026-10-03,8482751,2026020028,2026010014,2026-09-20,0,18.58,0.0,3,AGES_2_5,LOW_RATE,9.212730318257956
2026-10-03,8482751,2026020028,2025021306,2026-04-15,4,12.95,18.53281853281853,4,AGES_2_5,HIGH_RATE,9.212730318257956
2026-10-03,8482751,2026020028,2025021259,2026-04-09,4,15.03,15.968063872255492,7,AGES_6_9,HIGH_RATE,9.212730318257956
2026-10-03,8482768,2026020032,2026020007,2026-09-30,0,15.47,0.0,1,MOST_RECENT,LOW_RATE,4.908522980812138
2026-10-03,8482768,2026020032,2025021267,2026-04-11,0,13.37,0.0,5,AGES_2_5,LOW_RATE,4.908522980812138
2026-10-03,8482768,2026020032,2025021220,2026-04-04,0,10.8,0.0,9,AGES_6_9,LOW_RATE,4.908522980812138
2026-10-03,8482768,2026020032,2025021204,2026-04-02,0,12.9,0.0,10,ABOUT_TO_EXIT,LOW_RATE,4.908522980812138
2026-10-03,8482784,2026020032,2026010021,2026-09-21,0,11.88,0.0,3,AGES_2_5,LOW_RATE,7.555406312961719
2026-10-03,8482803,2026020022,2026010024,2026-09-22,4,13.62,17.62114537444934,1,MOST_RECENT,HIGH_RATE,4.99054820415879
2026-10-03,8482803,2026020022,2025021206,2026-04-03,0,19.35,0.0,4,AGES_2_5,LOW_RATE,4.99054820415879
2026-10-03,8482803,2026020022,2025021190,2026-04-01,0,11.73,0.0,5,AGES_2_5,LOW_RATE,4.99054820415879
2026-10-03,8482803,2026020022,2025021176,2026-03-30,0,13.3,0.0,6,AGES_6_9,LOW_RATE,4.99054820415879
2026-10-03,8482806,2026020030,2026010045,2026-09-24,0,16.78,0.0,1,MOST_RECENT,LOW_RATE,0.0
2026-10-03,8482807,2026020022,2026010004,2026-09-19,0,23.92,0.0,3,AGES_2_5,LOW_RATE,3.298515667949423
2026-10-03,8482807,2026020022,2025021221,2026-04-04,0,15.7,0.0,8,AGES_6_9,LOW_RATE,3.298515667949423
2026-10-03,8482807,2026020022,2025021200,2026-04-02,0,16.62,0.0,9,AGES_6_9,LOW_RATE,3.298515667949423
2026-10-03,8482807,2026020022,2025021186,2026-03-31,0,14.22,0.0,10,ABOUT_TO_EXIT,LOW_RATE,3.298515667949423
2026-10-03,8482809,2026020025,2025021293,2026-04-14,4,12.97,18.504240555127215,5,AGES_2_5,HIGH_RATE,8.31496062992126
2026-10-03,8482809,2026020025,2025021255,2026-04-09,0,17.33,0.0,7,AGES_6_9,LOW_RATE,8.31496062992126
2026-10-03,8482809,2026020025,2025021225,2026-04-05,0,15.23,0.0,9,AGES_6_9,LOW_RATE,8.31496062992126
2026-10-03,8482858,2026020028,2025021306,2026-04-15,0,18.52,0.0,4,AGES_2_5,LOW_RATE,1.7366973804814512
2026-10-03,8482858,2026020028,2025021273,2026-04-11,0,19.43,0.0,6,AGES_6_9,LOW_RATE,1.7366973804814512
2026-10-03,8482858,2026020028,2025021259,2026-04-09,0,22.5,0.0,7,AGES_6_9,LOW_RATE,1.7366973804814512
2026-10-03,8482858,2026020028,2025021240,2026-04-07,0,19.38,0.0,8,AGES_6_9,LOW_RATE,1.7366973804814512
2026-10-03,8482858,2026020028,2025021230,2026-04-06,0,21.82,0.0,9,AGES_6_9,LOW_RATE,1.7366973804814512
2026-10-03,8482858,2026020028,2025021221,2026-04-04,0,16.85,0.0,10,ABOUT_TO_EXIT,LOW_RATE,1.7366973804814512
2026-10-03,8482859,2026020034,2026020016,2026-10-01,0,11.48,0.0,1,MOST_RECENT,LOW_RATE,3.143006809848088
2026-10-03,8482859,2026020034,2026010063,2026-09-26,0,13.83,0.0,2,AGES_2_5,LOW_RATE,3.143006809848088
2026-10-03,8482859,2026020034,2025021275,2026-04-11,0,10.85,0.0,6,AGES_6_9,LOW_RATE,3.143006809848088
2026-10-03,8482859,2026020034,2025021258,2026-04-09,0,8.35,0.0,7,AGES_6_9,LOW_RATE,3.143006809848088
2026-10-03,8482859,2026020034,2025021246,2026-04-08,0,11.4,0.0,8,AGES_6_9,LOW_RATE,3.143006809848088
2026-10-03,8482859,2026020034,2025021220,2026-04-04,0,10.15,0.0,10,ABOUT_TO_EXIT,LOW_RATE,3.143006809848088
2026-10-03,8482929,2026020024,2026010043,2026-09-24,0,18.53,0.0,1,MOST_RECENT,LOW_RATE,2.4709152681972615
2026-10-03,8482929,2026020024,2025021248,2026-04-09,0,18.72,0.0,6,AGES_6_9,LOW_RATE,2.4709152681972615
2026-10-03,8482929,2026020024,2025021229,2026-04-06,0,16.97,0.0,8,AGES_6_9,LOW_RATE,2.4709152681972615
2026-10-03,8482929,2026020024,2025021192,2026-04-02,0,20.7,0.0,10,ABOUT_TO_EXIT,LOW_RATE,2.4709152681972615
2026-10-03,8482964,2026020026,2026020002,2026-09-29,0,12.33,0.0,1,MOST_RECENT,LOW_RATE,4.8076923076923075
2026-10-03,8482964,2026020026,2025021277,2026-04-12,0,12.68,0.0,6,AGES_6_9,LOW_RATE,4.8076923076923075
2026-10-03,8482964,2026020026,2025021248,2026-04-09,0,8.75,0.0,8,AGES_6_9,LOW_RATE,4.8076923076923075
2026-10-03,8482964,2026020026,2025021226,2026-04-05,0,11.97,0.0,10,ABOUT_TO_EXIT,LOW_RATE,4.8076923076923075
2026-10-03,8483395,2026020033,2026020004,2026-09-29,0,10.87,0.0,2,AGES_2_5,LOW_RATE,4.545837191682802
2026-10-03,8483395,2026020033,2026010056,2026-09-26,0,11.4,0.0,3,AGES_2_5,LOW_RATE,4.545837191682802
2026-10-03,8483395,2026020033,2025020492,2025-12-11,0,9.33,0.0,8,AGES_6_9,LOW_RATE,4.545837191682802
2026-10-03,8483395,2026020033,2025020464,2025-12-08,0,10.0,0.0,9,AGES_6_9,LOW_RATE,4.545837191682802
2026-10-03,8483395,2026020033,2025020451,2025-12-06,0,7.45,0.0,10,ABOUT_TO_EXIT,LOW_RATE,4.545837191682802
2026-10-03,8483398,2026020026,2026010025,2026-09-22,0,12.73,0.0,3,AGES_2_5,LOW_RATE,2.476123098691192
2026-10-03,8483398,2026020026,2025021302,2026-04-15,0,18.77,0.0,4,AGES_2_5,LOW_RATE,2.476123098691192
2026-10-03,8483398,2026020026,2025021248,2026-04-09,0,5.03,0.0,7,AGES_6_9,LOW_RATE,2.476123098691192
2026-10-03,8483398,2026020026,2025021030,2026-03-12,0,13.87,0.0,8,AGES_6_9,LOW_RATE,2.476123098691192
2026-10-03,8483398,2026020026,2025021015,2026-03-10,0,20.58,0.0,9,AGES_6_9,LOW_RATE,2.476123098691192
2026-10-03,8483398,2026020026,2025020980,2026-03-05,0,18.37,0.0,10,ABOUT_TO_EXIT,LOW_RATE,2.476123098691192
2026-10-03,8483425,2026020030,2026020020,2026-10-02,0,16.03,0.0,1,MOST_RECENT,LOW_RATE,1.7683465959328029
2026-10-03,8483425,2026020030,2026010050,2026-09-25,0,15.17,0.0,2,AGES_2_5,LOW_RATE,1.7683465959328029
2026-10-03,8483425,2026020030,2026010034,2026-09-23,0,21.18,0.0,3,AGES_2_5,LOW_RATE,1.7683465959328029
2026-10-03,8483425,2026020030,2025021268,2026-04-11,0,14.85,0.0,5,AGES_2_5,LOW_RATE,1.7683465959328029
2026-10-03,8483425,2026020030,2025021239,2026-04-07,0,13.7,0.0,7,AGES_6_9,LOW_RATE,1.7683465959328029
2026-10-03,8483425,2026020030,2025021209,2026-04-04,0,15.93,0.0,8,AGES_6_9,LOW_RATE,1.7683465959328029
2026-10-03,8483431,2026020027,2026020013,2026-10-01,0,16.12,0.0,1,MOST_RECENT,LOW_RATE,6.979449398991857
2026-10-03,8483431,2026020027,2026010054,2026-09-26,5,19.67,15.25165226232842,2,AGES_2_5,HIGH_RATE,6.979449398991857
2026-10-03,8483447,2026020024,2026020010,2026-10-01,0,12.53,0.0,1,MOST_RECENT,LOW_RATE,6.122448979591836
2026-10-03,8483447,2026020024,2025021234,2026-04-07,0,11.48,0.0,8,AGES_6_9,LOW_RATE,6.122448979591836
2026-10-03,8483450,2026020022,2026020013,2026-10-01,0,17.07,0.0,1,MOST_RECENT,LOW_RATE,4.634099246958872
2026-10-03,8483450,2026020022,2026010042,2026-09-24,0,17.35,0.0,4,AGES_2_5,LOW_RATE,4.634099246958872
2026-10-03,8483450,2026020022,2025021266,2026-04-11,4,15.33,15.655577299412917,8,AGES_6_9,HIGH_RATE,4.634099246958872
2026-10-03,8483450,2026020022,2025021231,2026-04-06,0,15.57,0.0,10,ABOUT_TO_EXIT,LOW_RATE,4.634099246958872
2026-10-03,8483455,2026020028,2026020015,2026-10-01,3,10.97,16.408386508659984,1,MOST_RECENT,HIGH_RATE,8.846124000931171
2026-10-03,8483455,2026020028,2026010060,2026-09-26,0,12.65,0.0,3,AGES_2_5,LOW_RATE,8.846124000931171
2026-10-03,8483455,2026020028,2026010037,2026-09-24,7,17.98,23.35928809788654,4,AGES_2_5,HIGH_RATE,8.846124000931171
2026-10-03,8483455,2026020028,2026010023,2026-09-22,0,17.12,0.0,5,AGES_2_5,LOW_RATE,8.846124000931171
2026-10-03,8483455,2026020028,2025021289,2026-04-13,3,9.93,18.12688821752266,7,AGES_6_9,HIGH_RATE,8.846124000931171
2026-10-03,8483455,2026020028,2025020786,2026-01-20,0,12.77,0.0,10,ABOUT_TO_EXIT,LOW_RATE,8.846124000931171
2026-10-03,8483457,2026020026,2026020002,2026-09-29,0,24.12,0.0,1,MOST_RECENT,LOW_RATE,1.2813941568426448
2026-10-03,8483457,2026020026,2025021294,2026-04-14,0,26.13,0.0,4,AGES_2_5,LOW_RATE,1.2813941568426448
2026-10-03,8483457,2026020026,2025021277,2026-04-12,0,22.85,0.0,5,AGES_2_5,LOW_RATE,1.2813941568426448
2026-10-03,8483457,2026020026,2025021271,2026-04-11,0,26.72,0.0,6,AGES_6_9,LOW_RATE,1.2813941568426448
2026-10-03,8483457,2026020026,2025021226,2026-04-05,0,24.68,0.0,9,AGES_6_9,LOW_RATE,1.2813941568426448
2026-10-03,8483460,2026020025,2026010057,2026-09-26,0,15.33,0.0,1,MOST_RECENT,LOW_RATE,3.901170351105331
2026-10-03,8483460,2026020025,2025020871,2026-01-31,0,13.85,0.0,5,AGES_2_5,LOW_RATE,3.901170351105331
2026-10-03,8483460,2026020025,2025020817,2026-01-24,0,7.4,0.0,8,AGES_6_9,LOW_RATE,3.901170351105331
2026-10-03,8483460,2026020025,2025020774,2026-01-19,0,12.82,0.0,10,ABOUT_TO_EXIT,LOW_RATE,3.901170351105331
2026-10-03,8483466,2026020022,2025021288,2026-04-13,0,13.72,0.0,4,AGES_2_5,LOW_RATE,2.2648631645171435
2026-10-03,8483466,2026020022,2025021266,2026-04-11,0,17.33,0.0,5,AGES_2_5,LOW_RATE,2.2648631645171435
2026-10-03,8483466,2026020022,2025021221,2026-04-04,0,11.33,0.0,8,AGES_6_9,LOW_RATE,2.2648631645171435
2026-10-03,8483466,2026020022,2025021200,2026-04-02,0,14.8,0.0,9,AGES_6_9,LOW_RATE,2.2648631645171435
2026-10-03,8483468,2026020022,2026010024,2026-09-22,0,12.42,0.0,3,AGES_2_5,LOW_RATE,4.8475055544334475
2026-10-03,8483476,2026020033,2026010037,2026-09-24,0,11.75,0.0,4,AGES_2_5,LOW_RATE,5.492409794797467
2026-10-03,8483476,2026020033,2025020901,2026-02-04,0,12.95,0.0,6,AGES_6_9,LOW_RATE,5.492409794797467
2026-10-03,8483476,2026020033,2025020884,2026-02-02,0,12.05,0.0,7,AGES_6_9,LOW_RATE,5.492409794797467
2026-10-03,8483476,2026020033,2025020855,2026-01-29,0,11.55,0.0,9,AGES_6_9,LOW_RATE,5.492409794797467
2026-10-03,8483476,2026020033,2025020838,2026-01-27,4,16.08,14.92537313432836,10,ABOUT_TO_EXIT,HIGH_RATE,5.492409794797467
2026-10-03,8483485,2026020027,2026010061,2026-09-26,0,23.18,0.0,2,AGES_2_5,LOW_RATE,4.544846945595508
2026-10-03,8483489,2026020031,2025021292,2026-04-14,0,17.07,0.0,5,AGES_2_5,LOW_RATE,5.662714563794019
2026-10-03,8483489,2026020031,2025021237,2026-04-07,0,17.0,0.0,8,AGES_6_9,LOW_RATE,5.662714563794019
2026-10-03,8483493,2026020022,2026020013,2026-10-01,0,17.38,0.0,1,MOST_RECENT,LOW_RATE,4.509191814082553
2026-10-03,8483493,2026020022,2026010018,2026-09-21,0,16.15,0.0,4,AGES_2_5,LOW_RATE,4.509191814082553
2026-10-03,8483493,2026020022,2025021305,2026-04-15,0,17.85,0.0,5,AGES_2_5,LOW_RATE,4.509191814082553
2026-10-03,8483493,2026020022,2025021288,2026-04-13,0,17.58,0.0,6,AGES_6_9,LOW_RATE,4.509191814082553
2026-10-03,8483493,2026020022,2025021266,2026-04-11,0,7.4,0.0,7,AGES_6_9,LOW_RATE,4.509191814082553
2026-10-03,8483493,2026020022,2025021231,2026-04-06,6,21.58,16.682113067655237,9,AGES_6_9,HIGH_RATE,4.509191814082553
2026-10-03,8483495,2026020033,2025021292,2026-04-14,0,21.65,0.0,4,AGES_2_5,LOW_RATE,4.886461626904283
2026-10-03,8483499,2026020033,2026010037,2026-09-24,0,20.4,0.0,4,AGES_2_5,LOW_RATE,2.057966043560281
2026-10-03,8483499,2026020033,2025021300,2026-04-14,0,17.3,0.0,5,AGES_2_5,LOW_RATE,2.057966043560281
2026-10-03,8483499,2026020033,2025021280,2026-04-12,0,18.78,0.0,6,AGES_6_9,LOW_RATE,2.057966043560281
2026-10-03,8483499,2026020033,2025021242,2026-04-07,0,16.33,0.0,9,AGES_6_9,LOW_RATE,2.057966043560281
2026-10-03,8483500,2026020022,2026010055,2026-09-26,0,16.17,0.0,2,AGES_2_5,LOW_RATE,4.065040650406504
2026-10-03,8483500,2026020022,2025021117,2026-03-22,0,14.7,0.0,6,AGES_6_9,LOW_RATE,4.065040650406504
2026-10-03,8483500,2026020022,2025021075,2026-03-17,0,15.77,0.0,9,AGES_6_9,LOW_RATE,4.065040650406504
2026-10-03,8483500,2026020022,2025021047,2026-03-14,0,15.77,0.0,10,ABOUT_TO_EXIT,LOW_RATE,4.065040650406504
2026-10-03,8483515,2026020026,2025021233,2026-04-07,5,19.6,15.306122448979592,9,AGES_6_9,HIGH_RATE,8.917343089059106
2026-10-03,8483516,2026020032,2025021228,2026-04-05,8,17.53,27.38163148887621,9,AGES_6_9,HIGH_RATE,11.092985318107669
2026-10-03,8483524,2026020028,2026010056,2026-09-26,4,13.1,18.320610687022903,2,AGES_2_5,HIGH_RATE,5.8580548253849045
2026-10-03,8483524,2026020028,2025021159,2026-03-28,0,3.6,0.0,5,AGES_2_5,LOW_RATE,5.8580548253849045
2026-10-03,8483524,2026020028,2025021139,2026-03-26,0,10.93,0.0,6,AGES_6_9,LOW_RATE,5.8580548253849045
2026-10-03,8483524,2026020028,2025021104,2026-03-21,0,13.62,0.0,8,AGES_6_9,LOW_RATE,5.8580548253849045
2026-10-03,8483525,2026020031,2026010018,2026-09-21,0,14.82,0.0,3,AGES_2_5,LOW_RATE,4.273199914536002
2026-10-03,8483525,2026020031,2025021267,2026-04-11,0,14.17,0.0,6,AGES_6_9,LOW_RATE,4.273199914536002
2026-10-03,8483525,2026020031,2025021254,2026-04-09,0,14.23,0.0,7,AGES_6_9,LOW_RATE,4.273199914536002
2026-10-03,8483525,2026020031,2025021222,2026-04-05,0,11.03,0.0,9,AGES_6_9,LOW_RATE,4.273199914536002
2026-10-03,8483525,2026020031,2025021208,2026-04-04,0,13.47,0.0,10,ABOUT_TO_EXIT,LOW_RATE,4.273199914536002
2026-10-03,8483570,2026020028,2026010005,2026-09-19,0,14.93,0.0,2,AGES_2_5,LOW_RATE,3.4915620583589657
2026-10-03,8483570,2026020028,2025021306,2026-04-15,0,11.82,0.0,3,AGES_2_5,LOW_RATE,3.4915620583589657
2026-10-03,8483570,2026020028,2025021240,2026-04-07,0,13.18,0.0,4,AGES_2_5,LOW_RATE,3.4915620583589657
2026-10-03,8483570,2026020028,2025021123,2026-03-24,0,9.2,0.0,9,AGES_6_9,LOW_RATE,3.4915620583589657
2026-10-03,8483609,2026020033,2026020014,2026-10-01,0,11.48,0.0,1,MOST_RECENT,LOW_RATE,7.551240560949299
2026-10-03,8483609,2026020033,2026010031,2026-09-22,5,12.57,23.86634844868735,3,AGES_2_5,HIGH_RATE,7.551240560949299
2026-10-03,8483609,2026020033,2025021281,2026-04-12,0,12.22,0.0,5,AGES_2_5,LOW_RATE,7.551240560949299
2026-10-03,8483609,2026020033,2025021219,2026-04-04,0,10.32,0.0,8,AGES_6_9,LOW_RATE,7.551240560949299
2026-10-03,8483676,2026020023,2026010064,2026-09-26,0,13.2,0.0,1,MOST_RECENT,LOW_RATE,6.926952141057934
2026-10-03,8483676,2026020023,2025020920,2026-02-26,0,6.63,0.0,8,AGES_6_9,LOW_RATE,6.926952141057934
2026-10-03,8483678,2026020033,2026020015,2026-10-01,0,16.28,0.0,1,MOST_RECENT,LOW_RATE,2.982107355864811
2026-10-03,8483678,2026020033,2025021280,2026-04-12,0,16.12,0.0,6,AGES_6_9,LOW_RATE,2.982107355864811
2026-10-03,8483678,2026020033,2025021260,2026-04-09,0,14.33,0.0,8,AGES_6_9,LOW_RATE,2.982107355864811
2026-10-03,8483678,2026020033,2025021242,2026-04-07,0,16.15,0.0,9,AGES_6_9,LOW_RATE,2.982107355864811
2026-10-03,8483678,2026020033,2025021216,2026-04-04,0,18.97,0.0,10,ABOUT_TO_EXIT,LOW_RATE,2.982107355864811
2026-10-03,8483695,2026020029,2026020009,2026-10-01,0,8.05,0.0,1,MOST_RECENT,LOW_RATE,2.9702970297029703
2026-10-03,8483695,2026020029,2026010062,2026-09-26,0,11.23,0.0,2,AGES_2_5,LOW_RATE,2.9702970297029703
2026-10-03,8483731,2026020025,2026020009,2026-10-01,0,8.3,0.0,1,MOST_RECENT,LOW_RATE,7.413945278022948
2026-10-03,8483808,2026020026,2025020916,2026-02-25,0,13.58,0.0,2,AGES_2_5,LOW_RATE,6.159742659639997
2026-10-03,8483808,2026020026,2025020874,2026-02-01,0,14.08,0.0,5,AGES_2_5,LOW_RATE,6.159742659639997
2026-10-03,8484136,2026020033,2026020015,2026-10-01,0,13.6,0.0,1,MOST_RECENT,LOW_RATE,4.711593375214163
2026-10-03,8484136,2026020033,2026010005,2026-09-19,0,16.53,0.0,4,AGES_2_5,LOW_RATE,4.711593375214163
2026-10-03,8484136,2026020033,2025021275,2026-04-11,0,12.4,0.0,5,AGES_2_5,LOW_RATE,4.711593375214163
2026-10-03,8484136,2026020033,2025021216,2026-04-04,0,12.13,0.0,8,AGES_6_9,LOW_RATE,4.711593375214163
2026-10-03,8484136,2026020033,2025021199,2026-04-02,0,13.5,0.0,9,AGES_6_9,LOW_RATE,4.711593375214163
2026-10-03,8484145,2026020022,2026010055,2026-09-26,0,17.72,0.0,2,AGES_2_5,LOW_RATE,7.047216349541931
2026-10-03,8484145,2026020022,2025021288,2026-04-13,4,14.37,16.701461377870565,5,AGES_2_5,HIGH_RATE,7.047216349541931
2026-10-03,8484152,2026020034,2026010039,2026-09-24,0,19.28,0.0,2,AGES_2_5,LOW_RATE,4.289249381358262
2026-10-03,8484152,2026020034,2024021290,2025-04-14,0,17.73,0.0,6,AGES_6_9,LOW_RATE,4.289249381358262
2026-10-03,8484158,2026020023,2025021245,2026-04-08,0,20.73,0.0,9,AGES_6_9,LOW_RATE,4.9666133215606205
2026-10-03,8484164,2026020032,2025021253,2026-04-09,0,19.62,0.0,7,AGES_6_9,LOW_RATE,5.601034037052995
2026-10-03,8484164,2026020032,2025021238,2026-04-07,0,9.78,0.0,8,AGES_6_9,LOW_RATE,5.601034037052995
2026-10-03,8484166,2026020027,2025021295,2026-04-14,0,21.28,0.0,2,AGES_2_5,LOW_RATE,6.962663975782038
2026-10-03,8484166,2026020027,2025021271,2026-04-11,0,15.68,0.0,4,AGES_2_5,LOW_RATE,6.962663975782038
2026-10-03,8484166,2026020027,2025021197,2026-04-02,0,16.1,0.0,8,AGES_6_9,LOW_RATE,6.962663975782038
2026-10-03,8484166,2026020027,2025021185,2026-03-31,5,18.1,16.574585635359114,9,AGES_6_9,HIGH_RATE,6.962663975782038
2026-10-03,8484180,2026020033,2025020294,2025-11-15,0,7.08,0.0,5,AGES_2_5,LOW_RATE,4.016661707825052
2026-10-03,8484180,2026020033,2025020260,2025-11-11,0,11.38,0.0,7,AGES_6_9,LOW_RATE,4.016661707825052
2026-10-03,8484180,2026020033,2025020229,2025-11-07,0,12.7,0.0,9,AGES_6_9,LOW_RATE,4.016661707825052
2026-10-03,8484185,2026020022,2026020013,2026-10-01,0,10.3,0.0,1,MOST_RECENT,LOW_RATE,4.357614932093834
2026-10-03,8484185,2026020022,2026010042,2026-09-24,0,12.85,0.0,4,AGES_2_5,LOW_RATE,4.357614932093834
2026-10-03,8484185,2026020022,2025021266,2026-04-11,0,13.45,0.0,8,AGES_6_9,LOW_RATE,4.357614932093834
2026-10-03,8484186,2026020024,2025021245,2026-04-08,4,13.37,17.950635751682874,7,AGES_6_9,HIGH_RATE,13.054627399176317
2026-10-03,8484186,2026020024,2025021194,2026-04-02,4,13.77,17.429193899782135,10,ABOUT_TO_EXIT,HIGH_RATE,13.054627399176317
2026-10-03,8484188,2026020032,2026010001,2026-09-19,0,23.53,0.0,4,AGES_2_5,LOW_RATE,3.8126047022124663
2026-10-03,8484188,2026020032,2025021238,2026-04-07,0,15.98,0.0,8,AGES_6_9,LOW_RATE,3.8126047022124663
2026-10-03,8484188,2026020032,2025021228,2026-04-05,0,14.02,0.0,9,AGES_6_9,LOW_RATE,3.8126047022124663
2026-10-03,8484197,2026020022,2026010058,2026-09-26,0,15.12,0.0,3,AGES_2_5,LOW_RATE,7.097591888466413
2026-10-03,8484197,2026020022,2025021004,2026-03-08,0,1.82,0.0,6,AGES_6_9,LOW_RATE,7.097591888466413
2026-10-03,8484197,2026020022,2025020964,2026-03-03,0,11.0,0.0,8,AGES_6_9,LOW_RATE,7.097591888466413
2026-10-03,8484221,2026020029,2026010062,2026-09-26,0,17.13,0.0,2,AGES_2_5,LOW_RATE,6.4171122994652405
2026-10-03,8484221,2026020029,2025021252,2026-04-09,4,15.52,15.463917525773198,8,AGES_6_9,HIGH_RATE,6.4171122994652405
2026-10-03,8484221,2026020029,2025021205,2026-04-03,0,15.13,0.0,10,ABOUT_TO_EXIT,LOW_RATE,6.4171122994652405
2026-10-03,8484227,2026020034,2026010063,2026-09-26,0,15.85,0.0,2,AGES_2_5,LOW_RATE,6.392284400583156
2026-10-03,8484227,2026020034,2026010039,2026-09-24,4,14.17,16.937191249117856,3,AGES_2_5,HIGH_RATE,6.392284400583156
2026-10-03,8484227,2026020034,2025021305,2026-04-15,0,16.98,0.0,4,AGES_2_5,LOW_RATE,6.392284400583156
2026-10-03,8484227,2026020034,2025021258,2026-04-09,0,16.97,0.0,7,AGES_6_9,LOW_RATE,6.392284400583156
2026-10-03,8484240,2026020033,2026020015,2026-10-01,0,21.18,0.0,1,MOST_RECENT,LOW_RATE,1.7590149516270888
2026-10-03,8484240,2026020033,2026020004,2026-09-29,0,20.67,0.0,2,AGES_2_5,LOW_RATE,1.7590149516270888
2026-10-03,8484240,2026020033,2026010056,2026-09-26,0,20.02,0.0,3,AGES_2_5,LOW_RATE,1.7590149516270888
2026-10-03,8484240,2026020033,2026010031,2026-09-22,0,21.48,0.0,4,AGES_2_5,LOW_RATE,1.7590149516270888
2026-10-03,8484240,2026020033,2025021260,2026-04-09,0,18.8,0.0,8,AGES_6_9,LOW_RATE,1.7590149516270888
2026-10-03,8484240,2026020033,2025021242,2026-04-07,0,21.15,0.0,9,AGES_6_9,LOW_RATE,1.7590149516270888
2026-10-03,8484241,2026020030,2026020012,2026-10-01,0,17.37,0.0,1,MOST_RECENT,LOW_RATE,7.750356924332042
2026-10-03,8484241,2026020030,2026010029,2026-09-22,6,19.9,18.090452261306535,3,AGES_2_5,HIGH_RATE,7.750356924332042
2026-10-03,8484241,2026020030,2025021287,2026-04-13,0,11.65,0.0,4,AGES_2_5,LOW_RATE,7.750356924332042
2026-10-03,8484241,2026020030,2025021220,2026-04-04,3,11.77,15.293118096856414,9,AGES_6_9,HIGH_RATE,7.750356924332042
2026-10-03,8484258,2026020032,2025021274,2026-04-11,0,21.77,0.0,6,AGES_6_9,LOW_RATE,6.36850484874801
2026-10-03,8484258,2026020032,2025021238,2026-04-07,5,19.57,15.329586101175266,8,AGES_6_9,HIGH_RATE,6.36850484874801
2026-10-03,8484305,2026020022,2026020011,2026-10-01,0,12.9,0.0,1,MOST_RECENT,LOW_RATE,1.0800432017280692
2026-10-03,8484305,2026020022,2026010055,2026-09-26,0,16.8,0.0,2,AGES_2_5,LOW_RATE,1.0800432017280692
2026-10-03,8484305,2026020022,2026010016,2026-09-21,0,21.92,0.0,4,AGES_2_5,LOW_RATE,1.0800432017280692
2026-10-03,8484305,2026020022,2025021301,2026-04-15,0,14.72,0.0,5,AGES_2_5,LOW_RATE,1.0800432017280692
2026-10-03,8484305,2026020022,2025021247,2026-04-09,0,19.43,0.0,6,AGES_6_9,LOW_RATE,1.0800432017280692
2026-10-03,8484305,2026020022,2025021213,2026-04-04,0,15.25,0.0,7,AGES_6_9,LOW_RATE,1.0800432017280692
2026-10-03,8484305,2026020022,2025021117,2026-03-22,0,12.22,0.0,10,ABOUT_TO_EXIT,LOW_RATE,1.0800432017280692
2026-10-03,8484321,2026020023,2026010065,2026-09-26,0,16.55,0.0,1,MOST_RECENT,LOW_RATE,2.7607966870439755
2026-10-03,8484321,2026020023,2025021304,2026-04-15,0,18.65,0.0,4,AGES_2_5,LOW_RATE,2.7607966870439755
2026-10-03,8484321,2026020023,2025021279,2026-04-12,0,20.58,0.0,5,AGES_2_5,LOW_RATE,2.7607966870439755
2026-10-03,8484321,2026020023,2025021262,2026-04-11,0,10.7,0.0,6,AGES_6_9,LOW_RATE,2.7607966870439755
2026-10-03,8484321,2026020023,2025021225,2026-04-05,0,15.98,0.0,9,AGES_6_9,LOW_RATE,2.7607966870439755
2026-10-03,8484386,2026020027,2025021281,2026-04-12,0,13.52,0.0,4,AGES_2_5,LOW_RATE,4.137360364087712
2026-10-03,8484386,2026020027,2025020976,2026-03-05,0,12.5,0.0,6,AGES_6_9,LOW_RATE,4.137360364087712
2026-10-03,8484386,2026020027,2025020390,2025-11-28,0,12.52,0.0,8,AGES_6_9,LOW_RATE,4.137360364087712
2026-10-03,8484386,2026020027,2025020358,2025-11-24,0,11.93,0.0,9,AGES_6_9,LOW_RATE,4.137360364087712
2026-10-03,8484387,2026020025,2025021294,2026-04-14,8,16.3,29.447852760736197,5,AGES_2_5,HIGH_RATE,9.668063164679342
2026-10-03,8484387,2026020025,2025021284,2026-04-13,4,15.55,15.434083601286172,6,AGES_6_9,HIGH_RATE,9.668063164679342
2026-10-03,8484387,2026020025,2025021250,2026-04-09,0,13.88,0.0,8,AGES_6_9,LOW_RATE,9.668063164679342
2026-10-03,8484387,2026020025,2025021236,2026-04-07,0,13.77,0.0,9,AGES_6_9,LOW_RATE,9.668063164679342
2026-10-03,8484388,2026020027,2026010054,2026-09-26,0,11.15,0.0,2,AGES_2_5,LOW_RATE,5.822887181560858
2026-10-03,8484388,2026020027,2026010012,2026-09-20,0,16.55,0.0,4,AGES_2_5,LOW_RATE,5.822887181560858
2026-10-03,8484388,2026020027,2025021146,2026-03-26,0,9.13,0.0,5,AGES_2_5,LOW_RATE,5.822887181560858
2026-10-03,8484388,2026020027,2025020834,2026-01-27,3,11.7,15.384615384615389,8,AGES_6_9,HIGH_RATE,5.822887181560858
2026-10-03,8484388,2026020027,2025020811,2026-01-24,0,11.85,0.0,10,ABOUT_TO_EXIT,LOW_RATE,5.822887181560858
2026-10-03,8484390,2026020022,2026020013,2026-10-01,0,16.6,0.0,1,MOST_RECENT,LOW_RATE,5.631159080244017
2026-10-03,8484509,2026020028,2026020015,2026-10-01,0,8.68,0.0,1,MOST_RECENT,LOW_RATE,2.5295109612141653
2026-10-03,8484509,2026020028,2026010037,2026-09-24,0,17.75,0.0,2,AGES_2_5,LOW_RATE,2.5295109612141653
2026-10-03,8484509,2026020028,2026010023,2026-09-22,0,14.07,0.0,3,AGES_2_5,LOW_RATE,2.5295109612141653
2026-10-03,8484509,2026020028,2026010003,2026-09-19,0,12.0,0.0,4,AGES_2_5,LOW_RATE,2.5295109612141653
2026-10-03,8484509,2026020028,2025021218,2026-04-04,0,10.67,0.0,8,AGES_6_9,LOW_RATE,2.5295109612141653
2026-10-03,8484509,2026020028,2025021200,2026-04-02,0,10.15,0.0,9,AGES_6_9,LOW_RATE,2.5295109612141653
2026-10-03,8484759,2026020023,2025021152,2026-03-28,0,13.97,0.0,5,AGES_2_5,LOW_RATE,5.280140803754767
2026-10-03,8484768,2026020033,2025021219,2026-04-04,0,15.82,0.0,10,ABOUT_TO_EXIT,LOW_RATE,6.5365950282262055
2026-10-03,8484783,2026020022,2026010042,2026-09-24,0,24.72,0.0,4,AGES_2_5,LOW_RATE,4.189749080582841
2026-10-03,8484783,2026020022,2025021142,2026-03-26,0,22.33,0.0,7,AGES_6_9,LOW_RATE,4.189749080582841
2026-10-03,8484797,2026020022,2025020903,2026-02-05,0,8.03,0.0,5,AGES_2_5,LOW_RATE,7.319698600645856
2026-10-03,8484797,2026020022,2025020865,2026-01-31,3,9.9,18.181818181818183,7,AGES_6_9,HIGH_RATE,7.319698600645856
2026-10-03,8484798,2026020033,2025021260,2026-04-09,0,23.22,0.0,8,AGES_6_9,LOW_RATE,4.656683710737765
2026-10-03,8484798,2026020033,2025021242,2026-04-07,0,21.3,0.0,9,AGES_6_9,LOW_RATE,4.656683710737765
2026-10-03,8484800,2026020028,2026010038,2026-09-24,0,16.62,0.0,3,AGES_2_5,LOW_RATE,5.31326101394731
2026-10-03,8484800,2026020028,2025021291,2026-04-13,0,11.33,0.0,5,AGES_2_5,LOW_RATE,5.31326101394731
2026-10-03,8484800,2026020028,2025021230,2026-04-06,0,12.72,0.0,9,AGES_6_9,LOW_RATE,5.31326101394731
2026-10-03,8484800,2026020028,2025021221,2026-04-04,3,11.98,15.025041736227044,10,ABOUT_TO_EXIT,HIGH_RATE,5.31326101394731
2026-10-03,8484801,2026020034,2026020016,2026-10-01,7,22.95,18.30065359477124,1,MOST_RECENT,HIGH_RATE,9.742656103921664
2026-10-03,8484829,2026020030,2026010050,2026-09-25,0,15.05,0.0,2,AGES_2_5,LOW_RATE,4.348876540227108
2026-10-03,8484829,2026020030,2025021254,2026-04-09,0,17.4,0.0,7,AGES_6_9,LOW_RATE,4.348876540227108
2026-10-03,8484829,2026020030,2025021209,2026-04-04,0,16.72,0.0,9,AGES_6_9,LOW_RATE,4.348876540227108
2026-10-03,8484860,2026020033,2026020014,2026-10-01,0,12.17,0.0,1,MOST_RECENT,LOW_RATE,6.213071815800695
2026-10-03,8484860,2026020033,2025021201,2026-04-02,4,15.15,15.84158415841584,10,ABOUT_TO_EXIT,HIGH_RATE,6.213071815800695
2026-10-03,8484873,2026020024,2025021276,2026-04-12,0,17.32,0.0,5,AGES_2_5,LOW_RATE,6.7164179104477615
2026-10-03,8484873,2026020024,2025021227,2026-04-05,0,18.63,0.0,8,AGES_6_9,LOW_RATE,6.7164179104477615
2026-10-03,8484873,2026020024,2025021194,2026-04-02,7,18.8,22.340425531914892,10,ABOUT_TO_EXIT,HIGH_RATE,6.7164179104477615
2026-10-03,8484911,2026020034,2026020016,2026-10-01,0,16.8,0.0,1,MOST_RECENT,LOW_RATE,3.544632835115496
2026-10-03,8484911,2026020034,2026010063,2026-09-26,0,18.22,0.0,2,AGES_2_5,LOW_RATE,3.544632835115496
2026-10-03,8484911,2026020034,2025021258,2026-04-09,0,19.48,0.0,7,AGES_6_9,LOW_RATE,3.544632835115496
2026-10-03,8484911,2026020034,2025021246,2026-04-08,0,16.98,0.0,8,AGES_6_9,LOW_RATE,3.544632835115496
2026-10-03,8484938,2026020030,2026010001,2026-09-19,6,18.85,19.09814323607427,4,AGES_2_5,HIGH_RATE,8.261468222334951
2026-10-03,8484938,2026020030,2025021268,2026-04-11,0,10.72,0.0,6,AGES_6_9,LOW_RATE,8.261468222334951
2026-10-03,8484938,2026020030,2025021209,2026-04-04,4,9.9,24.24242424242424,9,AGES_6_9,HIGH_RATE,8.261468222334951
2026-10-03,8484958,2026020033,2025021194,2026-04-02,0,6.07,0.0,5,AGES_2_5,LOW_RATE,7.765057242409159
2026-10-03,8484958,2026020033,2025021182,2026-03-31,0,9.02,0.0,6,AGES_6_9,LOW_RATE,7.765057242409159
2026-10-03,8484958,2026020033,2025021171,2026-03-29,0,7.35,0.0,7,AGES_6_9,LOW_RATE,7.765057242409159
2026-10-03,8484958,2026020033,2025021157,2026-03-28,0,9.35,0.0,8,AGES_6_9,LOW_RATE,7.765057242409159
2026-10-03,8484958,2026020033,2025021144,2026-03-26,3,9.47,19.007391763463566,9,AGES_6_9,HIGH_RATE,7.765057242409159
2026-10-03,8484958,2026020033,2025021130,2026-03-24,2,6.4,18.75,10,ABOUT_TO_EXIT,HIGH_RATE,7.765057242409159
2026-10-03,8484984,2026020026,2025021271,2026-04-11,4,14.95,16.05351170568562,6,AGES_6_9,HIGH_RATE,9.13068289899182
2026-10-03,8484994,2026020034,2025021305,2026-04-15,0,15.55,0.0,5,AGES_2_5,LOW_RATE,6.997324552377032
2026-10-03,8484994,2026020034,2025021246,2026-04-08,0,10.42,0.0,8,AGES_6_9,LOW_RATE,6.997324552377032
2026-10-03,8484999,2026020024,2026020018,2026-10-02,0,11.53,0.0,1,MOST_RECENT,LOW_RATE,5.3345187819515445
2026-10-03,8484999,2026020024,2026010049,2026-09-25,0,14.88,0.0,2,AGES_2_5,LOW_RATE,5.3345187819515445
2026-10-03,8484999,2026020024,2025021245,2026-04-08,0,15.62,0.0,7,AGES_6_9,LOW_RATE,5.3345187819515445
2026-10-03,8485388,2026020029,2026010027,2026-09-22,4,14.17,16.937191249117856,3,AGES_2_5,HIGH_RATE,9.998333611064822
2026-10-03,8485391,2026020022,2025021288,2026-04-13,5,19.1,15.706806282722512,7,AGES_6_9,HIGH_RATE,10.53864168618267
2026-10-03,8485391,2026020022,2025021266,2026-04-11,6,19.18,18.769551616266945,8,AGES_6_9,HIGH_RATE,10.53864168618267
2026-10-03,8485402,2026020034,2026020016,2026-10-01,4,11.57,20.743301642178047,1,MOST_RECENT,HIGH_RATE,9.135896459840122
2026-10-03,8485402,2026020034,2026010039,2026-09-24,5,15.93,18.832391713747647,3,AGES_2_5,HIGH_RATE,9.135896459840122
2026-10-03,8485402,2026020034,2025021258,2026-04-09,0,12.73,0.0,8,AGES_6_9,LOW_RATE,9.135896459840122
2026-10-03,8485402,2026020034,2025021231,2026-04-06,0,13.67,0.0,10,ABOUT_TO_EXIT,LOW_RATE,9.135896459840122
2026-10-03,8485406,2026020025,2026020006,2026-09-30,0,14.08,0.0,2,AGES_2_5,LOW_RATE,7.918866351764379
2026-10-03,8485406,2026020025,2025021294,2026-04-14,5,17.62,17.0261066969353,6,AGES_6_9,HIGH_RATE,7.918866351764379
2026-10-03,8485406,2026020025,2025021284,2026-04-13,0,17.27,0.0,7,AGES_6_9,LOW_RATE,7.918866351764379
2026-10-03,8485414,2026020026,2025021211,2026-04-04,0,12.17,0.0,5,AGES_2_5,LOW_RATE,4.96016834510747
2026-10-03,8485414,2026020026,2025021183,2026-03-31,0,14.2,0.0,7,AGES_6_9,LOW_RATE,4.96016834510747
2026-10-03,8485702,2026020031,2026020012,2026-10-01,0,15.15,0.0,1,MOST_RECENT,LOW_RATE,7.950736612362616
2026-10-03,8485702,2026020031,2026010050,2026-09-25,4,14.23,16.865776528460998,2,AGES_2_5,HIGH_RATE,7.950736612362616
2026-10-03,8485702,2026020031,2025020867,2026-01-31,4,14.2,16.901408450704228,8,AGES_6_9,HIGH_RATE,7.950736612362616
2026-10-03,8485702,2026020031,2025020849,2026-01-29,2,7.98,15.037593984962406,9,AGES_6_9,HIGH_RATE,7.950736612362616
2026-10-03,8485702,2026020031,2025020827,2026-01-26,0,14.85,0.0,10,ABOUT_TO_EXIT,LOW_RATE,7.950736612362616
2026-10-03,8486103,2026020034,2026020016,2026-10-01,0,13.58,0.0,1,MOST_RECENT,LOW_RATE,7.400555041628122
2026-10-03,8486161,2026020028,2026020004,2026-09-29,0,8.37,0.0,2,AGES_2_5,LOW_RATE,3.827018752391887
2026-10-03,8486161,2026020028,2026010003,2026-09-19,0,14.48,0.0,6,AGES_6_9,LOW_RATE,3.827018752391887
2026-10-03,8486171,2026020032,2026010012,2026-09-20,0,18.37,0.0,4,AGES_2_5,LOW_RATE,6.481481481481482
2026-10-04,8473419,2026020037,2025020893,2026-02-04,0,10.92,0.0,7,AGES_6_9,LOW_RATE,7.227379012258202
2026-10-04,8473986,2026020037,2025021219,2026-04-04,0,18.23,0.0,8,AGES_6_9,LOW_RATE,5.628187840769185
2026-10-04,8474150,2026020038,2026010031,2026-09-22,0,16.63,0.0,4,AGES_2_5,LOW_RATE,7.040679481448368
2026-10-04,8474150,2026020038,2025021273,2026-04-11,5,15.27,19.646365422396855,7,AGES_6_9,HIGH_RATE,7.040679481448368
2026-10-04,8474189,2026020037,2026010043,2026-09-24,0,16.52,0.0,3,AGES_2_5,LOW_RATE,2.3275661416711926
2026-10-04,8474189,2026020037,2025021304,2026-04-15,0,14.47,0.0,4,AGES_2_5,LOW_RATE,2.3275661416711926
2026-10-04,8474189,2026020037,2025021279,2026-04-12,0,16.02,0.0,5,AGES_2_5,LOW_RATE,2.3275661416711926
2026-10-04,8474189,2026020037,2025021262,2026-04-11,0,6.13,0.0,6,AGES_6_9,LOW_RATE,2.3275661416711926
2026-10-04,8474189,2026020037,2025021249,2026-04-09,0,13.3,0.0,7,AGES_6_9,LOW_RATE,2.3275661416711926
2026-10-04,8474189,2026020037,2025021225,2026-04-05,0,12.15,0.0,9,AGES_6_9,LOW_RATE,2.3275661416711926
2026-10-04,8474568,2026020039,2026020033,2026-10-03,0,8.07,0.0,1,MOST_RECENT,LOW_RATE,2.240980055277508
2026-10-04,8474568,2026020039,2026020015,2026-10-01,0,14.03,0.0,2,AGES_2_5,LOW_RATE,2.240980055277508
2026-10-04,8474568,2026020039,2026010056,2026-09-26,0,16.52,0.0,4,AGES_2_5,LOW_RATE,2.240980055277508
2026-10-04,8474568,2026020039,2026010037,2026-09-24,0,14.83,0.0,5,AGES_2_5,LOW_RATE,2.240980055277508
2026-10-04,8474568,2026020039,2025021229,2026-04-06,0,12.9,0.0,7,AGES_6_9,LOW_RATE,2.240980055277508
2026-10-04,8474568,2026020039,2025021028,2026-03-12,0,14.52,0.0,9,AGES_6_9,LOW_RATE,2.240980055277508
2026-10-04,8474568,2026020039,2025020964,2026-03-03,0,14.87,0.0,10,ABOUT_TO_EXIT,LOW_RATE,2.240980055277508
2026-10-04,8474586,2026020038,2026010056,2026-09-26,0,16.58,0.0,3,AGES_2_5,LOW_RATE,5.45950864422202
2026-10-04,8474586,2026020038,2025021306,2026-04-15,0,15.02,0.0,5,AGES_2_5,LOW_RATE,5.45950864422202
2026-10-04,8474586,2026020038,2025021240,2026-04-07,0,18.43,0.0,9,AGES_6_9,LOW_RATE,5.45950864422202
2026-10-04,8475179,2026020037,2026020016,2026-10-01,0,17.47,0.0,1,MOST_RECENT,LOW_RATE,3.14520356456404
2026-10-04,8475179,2026020037,2026020001,2026-09-29,0,11.77,0.0,2,AGES_2_5,LOW_RATE,3.14520356456404
2026-10-04,8475179,2026020037,2026010026,2026-09-22,0,14.08,0.0,3,AGES_2_5,LOW_RATE,3.14520356456404
2026-10-04,8475188,2026020039,2026020021,2026-10-02,0,17.95,0.0,1,MOST_RECENT,LOW_RATE,3.3700980392156863
2026-10-04,8475188,2026020039,2026010063,2026-09-26,0,18.28,0.0,3,AGES_2_5,LOW_RATE,3.3700980392156863
2026-10-04,8475314,2026020036,2026020013,2026-10-01,4,12.12,19.8019801980198,2,AGES_2_5,HIGH_RATE,10.680379746835444
2026-10-04,8475343,2026020039,2026020005,2026-09-29,0,12.62,0.0,2,AGES_2_5,LOW_RATE,5.056037751748546
2026-10-04,8475343,2026020039,2026010047,2026-09-24,0,11.93,0.0,4,AGES_2_5,LOW_RATE,5.056037751748546
2026-10-04,8475343,2026020039,2025021306,2026-04-15,0,12.02,0.0,5,AGES_2_5,LOW_RATE,5.056037751748546
2026-10-04,8475343,2026020039,2025021259,2026-04-09,0,12.08,0.0,8,AGES_6_9,LOW_RATE,5.056037751748546
2026-10-04,8475462,2026020037,2026020001,2026-09-29,0,10.75,0.0,2,AGES_2_5,LOW_RATE,3.4008097165991904
2026-10-04,8475462,2026020037,2025021280,2026-04-12,0,10.08,0.0,5,AGES_2_5,LOW_RATE,3.4008097165991904
2026-10-04,8475462,2026020037,2025021176,2026-03-30,0,7.08,0.0,6,AGES_6_9,LOW_RATE,3.4008097165991904
2026-10-04,8475462,2026020037,2025021022,2026-03-10,0,16.23,0.0,10,ABOUT_TO_EXIT,LOW_RATE,3.4008097165991904
2026-10-04,8475753,2026020035,2026010061,2026-09-26,0,16.68,0.0,2,AGES_2_5,LOW_RATE,6.581243456149973
2026-10-04,8475753,2026020035,2025021235,2026-04-07,6,23.67,15.20912547528517,8,AGES_6_9,HIGH_RATE,6.581243456149973
2026-10-04,8475753,2026020035,2025021196,2026-04-02,0,10.82,0.0,9,AGES_6_9,LOW_RATE,6.581243456149973
2026-10-04,8475798,2026020037,2026020021,2026-10-02,0,18.65,0.0,1,MOST_RECENT,LOW_RATE,3.989565751112475
2026-10-04,8475798,2026020037,2026010052,2026-09-26,0,17.07,0.0,2,AGES_2_5,LOW_RATE,3.989565751112475
2026-10-04,8475798,2026020037,2026010009,2026-09-20,0,15.55,0.0,3,AGES_2_5,LOW_RATE,3.989565751112475
2026-10-04,8475798,2026020037,2025021258,2026-04-09,0,15.63,0.0,6,AGES_6_9,LOW_RATE,3.989565751112475
2026-10-04,8475798,2026020037,2025021206,2026-04-03,0,20.53,0.0,9,AGES_6_9,LOW_RATE,3.989565751112475
2026-10-04,8475799,2026020035,2026020019,2026-10-02,0,12.28,0.0,1,MOST_RECENT,LOW_RATE,7.0356472795497185
2026-10-04,8475799,2026020035,2026010048,2026-09-25,4,12.87,18.64801864801865,2,AGES_2_5,HIGH_RATE,7.0356472795497185
2026-10-04,8475799,2026020035,2025021297,2026-04-14,0,12.33,0.0,4,AGES_2_5,LOW_RATE,7.0356472795497185
2026-10-04,8475799,2026020035,2025021272,2026-04-11,3,11.83,15.215553677092135,6,AGES_6_9,HIGH_RATE,7.0356472795497185
2026-10-04,8475799,2026020035,2025021253,2026-04-09,0,11.58,0.0,7,AGES_6_9,LOW_RATE,7.0356472795497185
2026-10-04,8475799,2026020035,2025021230,2026-04-06,0,11.33,0.0,8,AGES_6_9,LOW_RATE,7.0356472795497185
2026-10-04,8475799,2026020035,2025020895,2026-02-04,4,14.07,17.057569296375263,9,AGES_6_9,HIGH_RATE,7.0356472795497185
2026-10-04,8475848,2026020039,2026020015,2026-10-01,0,11.13,0.0,2,AGES_2_5,LOW_RATE,7.37379466817924
2026-10-04,8475848,2026020039,2026010056,2026-09-26,3,11.7,15.384615384615389,4,AGES_2_5,HIGH_RATE,7.37379466817924
2026-10-04,8475848,2026020039,2026010037,2026-09-24,0,12.05,0.0,5,AGES_2_5,LOW_RATE,7.37379466817924
2026-10-04,8475848,2026020039,2025021226,2026-04-05,0,11.37,0.0,7,AGES_6_9,LOW_RATE,7.37379466817924
2026-10-04,8475848,2026020039,2025021212,2026-04-04,4,9.8,24.489795918367346,8,AGES_6_9,HIGH_RATE,7.37379466817924
2026-10-04,8475848,2026020039,2025021180,2026-03-31,0,8.3,0.0,10,ABOUT_TO_EXIT,LOW_RATE,7.37379466817924
2026-10-04,8475913,2026020039,2026020021,2026-10-02,0,20.65,0.0,1,MOST_RECENT,LOW_RATE,7.382837577573293
2026-10-04,8476331,2026020035,2026010048,2026-09-25,0,22.78,0.0,2,AGES_2_5,LOW_RATE,1.9326339039204856
2026-10-04,8476331,2026020035,2025021290,2026-04-13,0,23.6,0.0,5,AGES_2_5,LOW_RATE,1.9326339039204856
2026-10-04,8476331,2026020035,2025021198,2026-04-02,0,22.67,0.0,10,ABOUT_TO_EXIT,LOW_RATE,1.9326339039204856
2026-10-04,8476389,2026020036,2026020027,2026-10-03,0,17.45,0.0,1,MOST_RECENT,LOW_RATE,4.213710766571228
2026-10-04,8476389,2026020036,2025021302,2026-04-15,0,20.32,0.0,5,AGES_2_5,LOW_RATE,4.213710766571228
2026-10-04,8476389,2026020036,2025021244,2026-04-08,0,18.8,0.0,8,AGES_6_9,LOW_RATE,4.213710766571228
2026-10-04,8476389,2026020036,2025021207,2026-04-04,0,17.73,0.0,10,ABOUT_TO_EXIT,LOW_RATE,4.213710766571228
2026-10-04,8476392,2026020035,2026010023,2026-09-22,0,17.45,0.0,3,AGES_2_5,LOW_RATE,3.148573302722204
2026-10-04,8476392,2026020035,2025021290,2026-04-13,0,16.0,0.0,5,AGES_2_5,LOW_RATE,3.148573302722204
2026-10-04,8476392,2026020035,2025021272,2026-04-11,0,14.2,0.0,6,AGES_6_9,LOW_RATE,3.148573302722204
2026-10-04,8476392,2026020035,2025021198,2026-04-02,0,13.05,0.0,10,ABOUT_TO_EXIT,LOW_RATE,3.148573302722204
2026-10-04,8476448,2026020039,2025020242,2025-11-08,0,5.05,0.0,5,AGES_2_5,LOW_RATE,7.182459677419355
2026-10-04,8476448,2026020039,2025020225,2025-11-06,5,16.07,18.66832607342875,6,AGES_6_9,HIGH_RATE,7.182459677419355
2026-10-04,8476457,2026020038,2026020028,2026-10-03,0,23.65,0.0,1,MOST_RECENT,LOW_RATE,4.162743446156896
2026-10-04,8476457,2026020038,2026010056,2026-09-26,0,18.82,0.0,3,AGES_2_5,LOW_RATE,4.162743446156896
2026-10-04,8476457,2026020038,2025021273,2026-04-11,0,17.25,0.0,7,AGES_6_9,LOW_RATE,4.162743446156896
2026-10-04,8476458,2026020038,2026020014,2026-10-01,4,16.02,14.9812734082397,2,AGES_2_5,HIGH_RATE,7.158397080496877
2026-10-04,8476458,2026020038,2025021273,2026-04-11,0,12.57,0.0,6,AGES_6_9,LOW_RATE,7.158397080496877
2026-10-04,8476458,2026020038,2025021239,2026-04-07,0,13.17,0.0,7,AGES_6_9,LOW_RATE,7.158397080496877
2026-10-04,8476460,2026020035,2026020019,2026-10-02,0,22.48,0.0,1,MOST_RECENT,LOW_RATE,4.460551993309172
2026-10-04,8476460,2026020035,2026010015,2026-09-21,0,18.75,0.0,3,AGES_2_5,LOW_RATE,4.460551993309172
2026-10-04,8476467,2026020039,2026020033,2026-10-03,0,17.9,0.0,1,MOST_RECENT,LOW_RATE,2.236064526433477
2026-10-04,8476467,2026020039,2026020004,2026-09-29,0,23.63,0.0,3,AGES_2_5,LOW_RATE,2.236064526433477
2026-10-04,8476467,2026020039,2026010056,2026-09-26,0,19.95,0.0,4,AGES_2_5,LOW_RATE,2.236064526433477
2026-10-04,8476467,2026020039,2026010037,2026-09-24,0,17.03,0.0,5,AGES_2_5,LOW_RATE,2.236064526433477
2026-10-04,8476467,2026020039,2025021273,2026-04-11,0,18.77,0.0,8,AGES_6_9,LOW_RATE,2.236064526433477
2026-10-04,8476468,2026020036,2026010027,2026-09-22,0,19.02,0.0,5,AGES_2_5,LOW_RATE,5.910987482614742
2026-10-04,8476480,2026020035,2025020933,2026-02-27,0,3.85,0.0,7,AGES_6_9,LOW_RATE,7.333767926988266
2026-10-04,8476480,2026020035,2025020915,2026-02-25,0,13.03,0.0,8,AGES_6_9,LOW_RATE,7.333767926988266
2026-10-04,8476480,2026020035,2025020895,2026-02-04,4,14.23,16.865776528460998,9,AGES_6_9,HIGH_RATE,7.333767926988266
2026-10-04,8476480,2026020035,2025020882,2026-02-02,0,12.38,0.0,10,ABOUT_TO_EXIT,LOW_RATE,7.333767926988266
2026-10-04,8476881,2026020039,2026020021,2026-10-02,5,17.38,17.26121979286536,1,MOST_RECENT,HIGH_RATE,9.14576055890759
2026-10-04,8476881,2026020039,2026020005,2026-09-29,4,15.75,15.238095238095235,2,AGES_2_5,HIGH_RATE,9.14576055890759
2026-10-04,8476881,2026020039,2025021242,2026-04-07,0,13.27,0.0,9,AGES_6_9,LOW_RATE,9.14576055890759
2026-10-04,8476881,2026020039,2025021218,2026-04-04,0,12.95,0.0,10,ABOUT_TO_EXIT,LOW_RATE,9.14576055890759
2026-10-04,8476905,2026020038,2026010038,2026-09-24,0,15.98,0.0,4,AGES_2_5,LOW_RATE,2.7066651629637986
2026-10-04,8476905,2026020038,2025021306,2026-04-15,0,18.28,0.0,5,AGES_2_5,LOW_RATE,2.7066651629637986
2026-10-04,8476905,2026020038,2025021240,2026-04-07,0,16.03,0.0,9,AGES_6_9,LOW_RATE,2.7066651629637986
2026-10-04,8476905,2026020038,2025021230,2026-04-06,0,18.05,0.0,10,ABOUT_TO_EXIT,LOW_RATE,2.7066651629637986
2026-10-04,8477220,2026020036,2026020027,2026-10-03,0,21.55,0.0,1,MOST_RECENT,LOW_RATE,1.9413287316652288
2026-10-04,8477220,2026020036,2026020013,2026-10-01,0,18.93,0.0,2,AGES_2_5,LOW_RATE,1.9413287316652288
2026-10-04,8477220,2026020036,2025021269,2026-04-11,0,15.67,0.0,7,AGES_6_9,LOW_RATE,1.9413287316652288
2026-10-04,8477220,2026020036,2025021257,2026-04-09,0,18.15,0.0,8,AGES_6_9,LOW_RATE,1.9413287316652288
2026-10-04,8477220,2026020036,2025021241,2026-04-07,0,17.22,0.0,9,AGES_6_9,LOW_RATE,1.9413287316652288
2026-10-04,8477346,2026020036,2025021297,2026-04-14,0,18.88,0.0,5,AGES_2_5,LOW_RATE,5.444097187216453
2026-10-04,8477409,2026020037,2026020016,2026-10-01,0,17.23,0.0,1,MOST_RECENT,LOW_RATE,7.764896198436237
2026-10-04,8477409,2026020037,2025021181,2026-03-31,6,16.98,21.20141342756184,10,ABOUT_TO_EXIT,HIGH_RATE,7.764896198436237
2026-10-04,8477416,2026020036,2026020017,2026-10-02,0,13.37,0.0,1,MOST_RECENT,LOW_RATE,6.2075081288796925
2026-10-04,8477416,2026020036,2026020003,2026-09-29,4,14.55,16.49484536082474,3,AGES_2_5,HIGH_RATE,6.2075081288796925
2026-10-04,8477416,2026020036,2026010051,2026-09-25,4,13.08,18.34862385321101,4,AGES_2_5,HIGH_RATE,6.2075081288796925
2026-10-04,8477416,2026020036,2026010027,2026-09-22,0,15.12,0.0,5,AGES_2_5,LOW_RATE,6.2075081288796925
2026-10-04,8477416,2026020036,2025021261,2026-04-11,0,12.8,0.0,8,AGES_6_9,LOW_RATE,6.2075081288796925
2026-10-04,8477416,2026020036,2025021248,2026-04-09,0,10.77,0.0,9,AGES_6_9,LOW_RATE,6.2075081288796925
2026-10-04,8477456,2026020035,2026010061,2026-09-26,0,12.57,0.0,2,AGES_2_5,LOW_RATE,3.3228724386191617
2026-10-04,8477456,2026020035,2025021282,2026-04-13,0,13.55,0.0,5,AGES_2_5,LOW_RATE,3.3228724386191617
2026-10-04,8477456,2026020035,2025021250,2026-04-09,0,18.05,0.0,7,AGES_6_9,LOW_RATE,3.3228724386191617
2026-10-04,8477903,2026020037,2026020016,2026-10-01,0,6.05,0.0,1,MOST_RECENT,LOW_RATE,1.6556291390728477
2026-10-04,8477903,2026020037,2026020001,2026-09-29,0,9.62,0.0,2,AGES_2_5,LOW_RATE,1.6556291390728477
2026-10-04,8477903,2026020037,2026010043,2026-09-24,0,12.37,0.0,4,AGES_2_5,LOW_RATE,1.6556291390728477
2026-10-04,8477903,2026020037,2025021294,2026-04-14,0,12.72,0.0,5,AGES_2_5,LOW_RATE,1.6556291390728477
2026-10-04,8477903,2026020037,2025021284,2026-04-13,0,10.47,0.0,6,AGES_6_9,LOW_RATE,1.6556291390728477
2026-10-04,8477903,2026020037,2025021205,2026-04-03,0,13.05,0.0,8,AGES_6_9,LOW_RATE,1.6556291390728477
2026-10-04,8477903,2026020037,2025021184,2026-03-31,0,7.38,0.0,9,AGES_6_9,LOW_RATE,1.6556291390728477
2026-10-04,8477919,2026020038,2026020028,2026-10-03,3,11.62,15.49053356282272,1,MOST_RECENT,HIGH_RATE,6.627680311890838
2026-10-04,8477919,2026020038,2025021306,2026-04-15,0,14.62,0.0,5,AGES_2_5,LOW_RATE,6.627680311890838
2026-10-04,8477919,2026020038,2025021273,2026-04-11,4,15.27,15.717092337917489,7,AGES_6_9,HIGH_RATE,6.627680311890838
2026-10-04,8477919,2026020038,2025021259,2026-04-09,0,15.1,0.0,8,AGES_6_9,LOW_RATE,6.627680311890838
2026-10-04,8477919,2026020038,2025021240,2026-04-07,0,16.73,0.0,9,AGES_6_9,LOW_RATE,6.627680311890838
2026-10-04,8477935,2026020037,2025021193,2026-04-02,7,19.87,21.137393054856567,9,AGES_6_9,HIGH_RATE,8.781915758659945
2026-10-04,8477951,2026020036,2026020027,2026-10-03,8,17.65,27.19546742209632,1,MOST_RECENT,HIGH_RATE,11.244491718583802
2026-10-04,8477951,2026020036,2025021297,2026-04-14,8,21.35,22.482435597189692,5,AGES_2_5,HIGH_RATE,11.244491718583802
2026-10-04,8477955,2026020038,2025021221,2026-04-04,0,18.5,0.0,9,AGES_6_9,LOW_RATE,7.254215717467388
2026-10-04,8477955,2026020038,2025021203,2026-04-02,0,16.65,0.0,10,ABOUT_TO_EXIT,LOW_RATE,7.254215717467388
2026-10-04,8477964,2026020039,2025021306,2026-04-15,0,18.2,0.0,5,AGES_2_5,LOW_RATE,5.0596782563570315
2026-10-04,8477964,2026020039,2025021274,2026-04-11,0,16.53,0.0,7,AGES_6_9,LOW_RATE,5.0596782563570315
2026-10-04,8477964,2026020039,2025021259,2026-04-09,6,18.43,19.533369506239826,8,AGES_6_9,HIGH_RATE,5.0596782563570315
2026-10-04,8477964,2026020039,2025021218,2026-04-04,0,15.35,0.0,10,ABOUT_TO_EXIT,LOW_RATE,5.0596782563570315
2026-10-04,8477969,2026020036,2026010051,2026-09-25,0,22.23,0.0,4,AGES_2_5,LOW_RATE,1.65852759605639
2026-10-04,8477969,2026020036,2026010027,2026-09-22,0,21.83,0.0,5,AGES_2_5,LOW_RATE,1.65852759605639
2026-10-04,8477969,2026020036,2025021300,2026-04-14,0,21.88,0.0,6,AGES_6_9,LOW_RATE,1.65852759605639
2026-10-04,8477969,2026020036,2025021280,2026-04-12,0,23.6,0.0,7,AGES_6_9,LOW_RATE,1.65852759605639
2026-10-04,8477969,2026020036,2025021242,2026-04-07,0,19.0,0.0,10,ABOUT_TO_EXIT,LOW_RATE,1.65852759605639
2026-10-04,8477971,2026020035,2025020830,2026-01-27,0,7.72,0.0,4,AGES_2_5,LOW_RATE,2.8555564369001347
2026-10-04,8477971,2026020035,2024021304,2025-04-16,0,17.52,0.0,5,AGES_2_5,LOW_RATE,2.8555564369001347
2026-10-04,8477971,2026020035,2024021274,2025-04-12,0,13.02,0.0,6,AGES_6_9,LOW_RATE,2.8555564369001347
2026-10-04,8477971,2026020035,2024021241,2025-04-08,0,15.75,0.0,7,AGES_6_9,LOW_RATE,2.8555564369001347
2026-10-04,8477971,2026020035,2024021228,2025-04-06,0,8.22,0.0,8,AGES_6_9,LOW_RATE,2.8555564369001347
2026-10-04,8477971,2026020035,2024021201,2025-04-03,0,15.72,0.0,9,AGES_6_9,LOW_RATE,2.8555564369001347
2026-10-04,8477986,2026020038,2026020028,2026-10-03,0,23.35,0.0,1,MOST_RECENT,LOW_RATE,6.754708811431046
2026-10-04,8478042,2026020035,2025021261,2026-04-11,4,16.02,14.9812734082397,5,AGES_2_5,HIGH_RATE,8.917032825019385
2026-10-04,8478042,2026020035,2025021178,2026-03-31,5,14.33,20.9351011863224,10,ABOUT_TO_EXIT,HIGH_RATE,8.917032825019385
2026-10-04,8478109,2026020039,2025021256,2026-04-09,0,12.12,0.0,7,AGES_6_9,LOW_RATE,7.3715400737154
2026-10-04,8478136,2026020038,2026010060,2026-09-26,0,15.08,0.0,3,AGES_2_5,LOW_RATE,2.4438496450599323
2026-10-04,8478136,2026020038,2026010031,2026-09-22,0,17.05,0.0,4,AGES_2_5,LOW_RATE,2.4438496450599323
2026-10-04,8478136,2026020038,2025021296,2026-04-14,0,18.72,0.0,5,AGES_2_5,LOW_RATE,2.4438496450599323
2026-10-04,8478136,2026020038,2025021240,2026-04-07,0,17.5,0.0,9,AGES_6_9,LOW_RATE,2.4438496450599323
2026-10-04,8478136,2026020038,2025021222,2026-04-05,0,18.25,0.0,10,ABOUT_TO_EXIT,LOW_RATE,2.4438496450599323
2026-10-04,8478147,2026020037,2026020016,2026-10-01,0,5.27,0.0,1,MOST_RECENT,LOW_RATE,6.263774504117852
2026-10-04,8478147,2026020037,2026020001,2026-09-29,0,6.05,0.0,2,AGES_2_5,LOW_RATE,6.263774504117852
2026-10-04,8478147,2026020037,2026010026,2026-09-22,0,11.78,0.0,5,AGES_2_5,LOW_RATE,6.263774504117852
2026-10-04,8478147,2026020037,2025020428,2025-12-04,0,5.63,0.0,6,AGES_6_9,LOW_RATE,6.263774504117852
2026-10-04,8478147,2026020037,2024021103,2025-03-21,2,7.83,15.325670498084293,10,ABOUT_TO_EXIT,HIGH_RATE,6.263774504117852
2026-10-04,8478396,2026020039,2026010047,2026-09-24,0,17.42,0.0,4,AGES_2_5,LOW_RATE,4.618715419773875
2026-10-04,8478397,2026020039,2025021290,2026-04-13,7,20.17,20.823004462072383,6,AGES_6_9,HIGH_RATE,6.108283202221194
2026-10-04,8478397,2026020039,2025021242,2026-04-07,0,22.37,0.0,9,AGES_6_9,LOW_RATE,6.108283202221194
2026-10-04,8478398,2026020035,2026020019,2026-10-02,9,20.93,25.80028666985189,1,MOST_RECENT,HIGH_RATE,11.341619016114551
2026-10-04,8478398,2026020035,2025021297,2026-04-14,6,20.87,17.24964063248682,4,AGES_2_5,HIGH_RATE,11.341619016114551
2026-10-04,8478398,2026020035,2025021253,2026-04-09,6,20.93,17.20019111323459,7,AGES_6_9,HIGH_RATE,11.341619016114551
2026-10-04,8478407,2026020038,2025021291,2026-04-13,5,15.73,19.071837253655435,6,AGES_6_9,HIGH_RATE,5.851089765468819
2026-10-04,8478421,2026020037,2026020021,2026-10-02,4,13.4,17.91044776119403,1,MOST_RECENT,HIGH_RATE,7.770510911092404
2026-10-04,8478421,2026020037,2025021233,2026-04-07,5,15.7,19.10828025477707,6,AGES_6_9,HIGH_RATE,7.770510911092404
2026-10-04,8478421,2026020037,2025021223,2026-04-05,0,15.85,0.0,7,AGES_6_9,LOW_RATE,7.770510911092404
2026-10-04,8478434,2026020035,2026020017,2026-10-02,0,10.38,0.0,1,MOST_RECENT,LOW_RATE,1.9683424915935372
2026-10-04,8478434,2026020035,2026010061,2026-09-26,0,12.32,0.0,2,AGES_2_5,LOW_RATE,1.9683424915935372
2026-10-04,8478434,2026020035,2026010017,2026-09-21,0,16.75,0.0,3,AGES_2_5,LOW_RATE,1.9683424915935372
2026-10-04,8478434,2026020035,2025021306,2026-04-15,0,12.12,0.0,4,AGES_2_5,LOW_RATE,1.9683424915935372
2026-10-04,8478434,2026020035,2025021259,2026-04-09,0,12.7,0.0,7,AGES_6_9,LOW_RATE,1.9683424915935372
2026-10-04,8478434,2026020035,2025021201,2026-04-02,0,13.17,0.0,10,ABOUT_TO_EXIT,LOW_RATE,1.9683424915935372
2026-10-04,8478444,2026020039,2025021242,2026-04-07,0,19.98,0.0,10,ABOUT_TO_EXIT,LOW_RATE,6.486820428336079
2026-10-04,8478450,2026020039,2026020021,2026-10-02,0,15.65,0.0,1,MOST_RECENT,LOW_RATE,3.4782608695652173
2026-10-04,8478450,2026020039,2025021276,2026-04-12,0,19.87,0.0,5,AGES_2_5,LOW_RATE,3.4782608695652173
2026-10-04,8478450,2026020039,2025021223,2026-04-05,0,18.45,0.0,7,AGES_6_9,LOW_RATE,3.4782608695652173
2026-10-04,8478468,2026020039,2025021306,2026-04-15,0,15.77,0.0,5,AGES_2_5,LOW_RATE,7.408779403593258
2026-10-04,8478468,2026020039,2025021290,2026-04-13,0,17.02,0.0,6,AGES_6_9,LOW_RATE,7.408779403593258
2026-10-04,8478483,2026020039,2025021242,2026-04-07,6,18.77,19.179541822056475,9,AGES_6_9,HIGH_RATE,7.185270196097999
2026-10-04,8478507,2026020036,2026020027,2026-10-03,0,20.45,0.0,1,MOST_RECENT,LOW_RATE,1.812688821752266
2026-10-04,8478507,2026020036,2025021297,2026-04-14,0,18.67,0.0,5,AGES_2_5,LOW_RATE,1.812688821752266
2026-10-04,8478507,2026020036,2025021257,2026-04-09,0,18.47,0.0,6,AGES_6_9,LOW_RATE,1.812688821752266
2026-10-04,8478507,2026020036,2025021216,2026-04-04,0,20.03,0.0,8,AGES_6_9,LOW_RATE,1.812688821752266
2026-10-04,8478507,2026020036,2025021203,2026-04-02,0,17.65,0.0,9,AGES_6_9,LOW_RATE,1.812688821752266
2026-10-04,8478507,2026020036,2025021164,2026-03-28,0,18.28,0.0,10,ABOUT_TO_EXIT,LOW_RATE,1.812688821752266
2026-10-04,8478831,2026020036,2026020013,2026-10-01,0,12.97,0.0,2,AGES_2_5,LOW_RATE,3.495484998543548
2026-10-04,8478831,2026020036,2026010047,2026-09-24,0,16.27,0.0,4,AGES_2_5,LOW_RATE,3.495484998543548
2026-10-04,8478831,2026020036,2025021297,2026-04-14,0,13.87,0.0,5,AGES_2_5,LOW_RATE,3.495484998543548
2026-10-04,8478831,2026020036,2025021269,2026-04-11,0,13.2,0.0,7,AGES_6_9,LOW_RATE,3.495484998543548
2026-10-04,8478831,2026020036,2025021216,2026-04-04,0,15.88,0.0,10,ABOUT_TO_EXIT,LOW_RATE,3.495484998543548
2026-10-04,8478859,2026020037,2026010026,2026-09-22,0,21.08,0.0,3,AGES_2_5,LOW_RATE,4.729996058336618
2026-10-04,8478859,2026020037,2025021089,2026-03-19,0,22.52,0.0,6,AGES_6_9,LOW_RATE,4.729996058336618
2026-10-04,8478882,2026020036,2026020017,2026-10-02,0,21.12,0.0,1,MOST_RECENT,LOW_RATE,3.534849995468141
2026-10-04,8478882,2026020036,2026020010,2026-10-01,0,23.33,0.0,2,AGES_2_5,LOW_RATE,3.534849995468141
2026-10-04,8478891,2026020035,2026010041,2026-09-24,0,14.65,0.0,2,AGES_2_5,LOW_RATE,5.023595676663114
2026-10-04,8478891,2026020035,2025021196,2026-04-02,0,17.22,0.0,4,AGES_2_5,LOW_RATE,5.023595676663114
2026-10-04,8478891,2026020035,2025021150,2026-03-27,0,8.25,0.0,7,AGES_6_9,LOW_RATE,5.023595676663114
2026-10-04,8479314,2026020037,2025021303,2026-04-15,0,13.32,0.0,5,AGES_2_5,LOW_RATE,8.07491728817361
2026-10-04,8479314,2026020037,2025021211,2026-04-04,0,15.68,0.0,7,AGES_6_9,LOW_RATE,8.07491728817361
2026-10-04,8479314,2026020037,2025021181,2026-03-31,5,17.22,17.421602787456447,9,AGES_6_9,HIGH_RATE,8.07491728817361
2026-10-04,8479323,2026020036,2026020010,2026-10-01,0,19.07,0.0,2,AGES_2_5,LOW_RATE,3.855687138529331
2026-10-04,8479323,2026020036,2026020003,2026-09-29,0,18.42,0.0,3,AGES_2_5,LOW_RATE,3.855687138529331
2026-10-04,8479324,2026020038,2026020014,2026-10-01,0,14.47,0.0,2,AGES_2_5,LOW_RATE,2.4288688410825814
2026-10-04,8479324,2026020038,2026010005,2026-09-19,0,20.22,0.0,4,AGES_2_5,LOW_RATE,2.4288688410825814
2026-10-04,8479324,2026020038,2025021273,2026-04-11,0,19.6,0.0,6,AGES_6_9,LOW_RATE,2.4288688410825814
2026-10-04,8479324,2026020038,2025021240,2026-04-07,0,15.23,0.0,7,AGES_6_9,LOW_RATE,2.4288688410825814
2026-10-04,8479324,2026020038,2025021230,2026-04-06,0,19.18,0.0,8,AGES_6_9,LOW_RATE,2.4288688410825814
2026-10-04,8479337,2026020035,2026010041,2026-09-24,8,18.62,25.77873254564984,3,AGES_2_5,HIGH_RATE,9.439404268708374
2026-10-04,8479337,2026020035,2025021282,2026-04-13,6,17.85,20.168067226890756,5,AGES_2_5,HIGH_RATE,9.439404268708374
2026-10-04,8479337,2026020035,2025021235,2026-04-07,5,17.9,16.759776536312852,8,AGES_6_9,HIGH_RATE,9.439404268708374
2026-10-04,8479343,2026020036,2025021269,2026-04-11,0,22.13,0.0,7,AGES_6_9,LOW_RATE,7.313195548489667
2026-10-04,8479353,2026020039,2025021290,2026-04-13,0,16.05,0.0,6,AGES_6_9,LOW_RATE,6.091370558375634
2026-10-04,8479353,2026020039,2025021274,2026-04-11,0,17.18,0.0,7,AGES_6_9,LOW_RATE,6.091370558375634
2026-10-04,8479353,2026020039,2025021218,2026-04-04,4,15.98,15.018773466833542,10,ABOUT_TO_EXIT,HIGH_RATE,6.091370558375634
2026-10-04,8479369,2026020036,2026020013,2026-10-01,0,17.08,0.0,2,AGES_2_5,LOW_RATE,2.2940790911077125
2026-10-04,8479369,2026020036,2025021237,2026-04-07,0,18.92,0.0,8,AGES_6_9,LOW_RATE,2.2940790911077125
2026-10-04,8479369,2026020036,2025021224,2026-04-05,0,20.95,0.0,9,AGES_6_9,LOW_RATE,2.2940790911077125
2026-10-04,8479369,2026020036,2025021210,2026-04-04,0,17.87,0.0,10,ABOUT_TO_EXIT,LOW_RATE,2.2940790911077125
2026-10-04,8479410,2026020036,2025021257,2026-04-09,0,24.17,0.0,8,AGES_6_9,LOW_RATE,6.423189360563264
2026-10-04,8479425,2026020039,2026010056,2026-09-26,0,23.65,0.0,4,AGES_2_5,LOW_RATE,4.834625124702632
2026-10-04,8479425,2026020039,2026010037,2026-09-24,0,24.37,0.0,5,AGES_2_5,LOW_RATE,4.834625124702632
2026-10-04,8479619,2026020036,2025021297,2026-04-14,0,14.47,0.0,5,AGES_2_5,LOW_RATE,6.644518272425249
2026-10-04,8479983,2026020035,2026010015,2026-09-21,0,20.03,0.0,3,AGES_2_5,LOW_RATE,4.0201005025125625
2026-10-04,8479983,2026020035,2025021220,2026-04-04,0,16.57,0.0,10,ABOUT_TO_EXIT,LOW_RATE,4.0201005025125625
2026-10-04,8479992,2026020035,2026020017,2026-10-02,0,14.9,0.0,1,MOST_RECENT,LOW_RATE,5.141388174807198
2026-10-04,8479992,2026020035,2026010017,2026-09-21,5,18.77,15.982951518380396,3,AGES_2_5,HIGH_RATE,5.141388174807198
2026-10-04,8479992,2026020035,2025021235,2026-04-07,0,7.95,0.0,4,AGES_2_5,LOW_RATE,5.141388174807198
2026-10-04,8479992,2026020035,2025021222,2026-04-05,0,12.13,0.0,5,AGES_2_5,LOW_RATE,5.141388174807198
2026-10-04,8479992,2026020035,2025020983,2026-03-06,0,7.72,0.0,10,ABOUT_TO_EXIT,LOW_RATE,5.141388174807198
2026-10-04,8480012,2026020039,2026010037,2026-09-24,0,20.8,0.0,5,AGES_2_5,LOW_RATE,3.2318879612173443
2026-10-04,8480012,2026020039,2025020838,2026-01-27,0,18.17,0.0,8,AGES_6_9,LOW_RATE,3.2318879612173443
2026-10-04,8480012,2026020039,2025020807,2026-01-23,0,14.3,0.0,10,ABOUT_TO_EXIT,LOW_RATE,3.2318879612173443
2026-10-04,8480028,2026020038,2025021281,2026-04-12,5,16.83,17.825311942959,6,AGES_6_9,HIGH_RATE,8.589033422543102
2026-10-04,8480028,2026020038,2025021273,2026-04-11,0,17.68,0.0,7,AGES_6_9,LOW_RATE,8.589033422543102
2026-10-04,8480028,2026020038,2025021219,2026-04-04,5,15.53,19.31745009658725,10,ABOUT_TO_EXIT,HIGH_RATE,8.589033422543102
2026-10-04,8480049,2026020035,2026010023,2026-09-22,0,23.42,0.0,3,AGES_2_5,LOW_RATE,3.734827264239029
2026-10-04,8480049,2026020035,2025021297,2026-04-14,0,23.3,0.0,4,AGES_2_5,LOW_RATE,3.734827264239029
2026-10-04,8480049,2026020035,2025021253,2026-04-09,0,26.87,0.0,7,AGES_6_9,LOW_RATE,3.734827264239029
2026-10-04,8480068,2026020037,2025021280,2026-04-12,0,13.42,0.0,5,AGES_2_5,LOW_RATE,6.244714759643531
2026-10-04,8480068,2026020037,2025021243,2026-04-07,0,17.43,0.0,7,AGES_6_9,LOW_RATE,6.244714759643531
2026-10-04,8480068,2026020037,2025021219,2026-04-04,4,15.07,15.9256801592568,8,AGES_6_9,HIGH_RATE,6.244714759643531
2026-10-04,8480068,2026020037,2025021206,2026-04-03,3,12.02,14.975041597337771,9,AGES_6_9,HIGH_RATE,6.244714759643531
2026-10-04,8480113,2026020035,2026020019,2026-10-02,0,12.2,0.0,1,MOST_RECENT,LOW_RATE,7.006330280867801
2026-10-04,8480113,2026020035,2025021186,2026-03-31,0,16.3,0.0,9,AGES_6_9,LOW_RATE,7.006330280867801
2026-10-04,8480145,2026020035,2026010048,2026-09-25,0,21.22,0.0,2,AGES_2_5,LOW_RATE,3.388652359023373
2026-10-04,8480145,2026020035,2026010023,2026-09-22,0,27.27,0.0,3,AGES_2_5,LOW_RATE,3.388652359023373
2026-10-04,8480145,2026020035,2025021272,2026-04-11,0,20.0,0.0,4,AGES_2_5,LOW_RATE,3.388652359023373
2026-10-04,8480145,2026020035,2025021186,2026-03-31,0,22.92,0.0,9,AGES_6_9,LOW_RATE,3.388652359023373
2026-10-04,8480185,2026020037,2025021283,2026-04-13,0,12.45,0.0,6,AGES_6_9,LOW_RATE,5.497861942577886
2026-10-04,8480289,2026020035,2025021215,2026-04-04,0,12.98,0.0,4,AGES_2_5,LOW_RATE,5.082592121982211
2026-10-04,8480289,2026020035,2025021145,2026-03-26,0,11.45,0.0,6,AGES_6_9,LOW_RATE,5.082592121982211
2026-10-04,8480289,2026020035,2025021083,2026-03-19,0,11.5,0.0,10,ABOUT_TO_EXIT,LOW_RATE,5.082592121982211
2026-10-04,8480434,2026020036,2026020010,2026-10-01,0,20.9,0.0,2,AGES_2_5,LOW_RATE,4.897426130489198
2026-10-04,8480434,2026020036,2025021281,2026-04-12,6,16.83,21.39037433155081,7,AGES_6_9,HIGH_RATE,4.897426130489198
2026-10-04,8480434,2026020036,2025021269,2026-04-11,0,17.57,0.0,8,AGES_6_9,LOW_RATE,4.897426130489198
2026-10-04,8480434,2026020036,2025021241,2026-04-07,0,15.4,0.0,10,ABOUT_TO_EXIT,LOW_RATE,4.897426130489198
2026-10-04,8480727,2026020038,2026020014,2026-10-01,0,19.23,0.0,2,AGES_2_5,LOW_RATE,1.8909549322407817
2026-10-04,8480727,2026020038,2025021298,2026-04-14,0,14.6,0.0,5,AGES_2_5,LOW_RATE,1.8909549322407817
2026-10-04,8480727,2026020038,2025021281,2026-04-12,0,22.68,0.0,6,AGES_6_9,LOW_RATE,1.8909549322407817
2026-10-04,8480727,2026020038,2025021256,2026-04-09,0,23.52,0.0,8,AGES_6_9,LOW_RATE,1.8909549322407817
2026-10-04,8480797,2026020038,2025021281,2026-04-12,0,17.33,0.0,6,AGES_6_9,LOW_RATE,5.47645125958379
2026-10-04,8480801,2026020037,2026010010,2026-09-20,7,14.15,29.68197879858657,4,AGES_2_5,HIGH_RATE,12.171978273673188
2026-10-04,8480801,2026020037,2025021225,2026-04-05,5,15.58,19.255455712451862,8,AGES_6_9,HIGH_RATE,12.171978273673188
2026-10-04,8480801,2026020037,2025021208,2026-04-04,7,16.98,24.734982332155475,9,AGES_6_9,HIGH_RATE,12.171978273673188
2026-10-04,8480801,2026020037,2025021191,2026-04-02,0,15.92,0.0,10,ABOUT_TO_EXIT,LOW_RATE,12.171978273673188
2026-10-04,8480813,2026020036,2026020017,2026-10-02,0,13.57,0.0,1,MOST_RECENT,LOW_RATE,3.4767492394611037
2026-10-04,8480813,2026020036,2026020003,2026-09-29,0,15.95,0.0,3,AGES_2_5,LOW_RATE,3.4767492394611037
2026-10-04,8480813,2026020036,2025021294,2026-04-14,0,10.27,0.0,6,AGES_6_9,LOW_RATE,3.4767492394611037
2026-10-04,8480813,2026020036,2025021248,2026-04-09,0,10.73,0.0,8,AGES_6_9,LOW_RATE,3.4767492394611037
2026-10-04,8480813,2026020036,2025021212,2026-04-04,0,10.1,0.0,10,ABOUT_TO_EXIT,LOW_RATE,3.4767492394611037
2026-10-04,8480849,2026020036,2026020027,2026-10-03,0,13.78,0.0,1,MOST_RECENT,LOW_RATE,6.087397637509964
2026-10-04,8480849,2026020036,2026020013,2026-10-01,4,13.82,17.36613603473227,2,AGES_2_5,HIGH_RATE,6.087397637509964
2026-10-04,8480849,2026020036,2026010047,2026-09-24,0,17.53,0.0,4,AGES_2_5,LOW_RATE,6.087397637509964
2026-10-04,8480849,2026020036,2025021132,2026-03-24,0,0.28,0.0,5,AGES_2_5,LOW_RATE,6.087397637509964
2026-10-04,8480849,2026020036,2025021118,2026-03-22,0,17.48,0.0,6,AGES_6_9,LOW_RATE,6.087397637509964
2026-10-04,8480855,2026020036,2026020027,2026-10-03,0,14.57,0.0,1,MOST_RECENT,LOW_RATE,3.1784471015589526
2026-10-04,8480855,2026020036,2026020013,2026-10-01,0,13.43,0.0,2,AGES_2_5,LOW_RATE,3.1784471015589526
2026-10-04,8480855,2026020036,2025021203,2026-04-02,0,9.0,0.0,5,AGES_2_5,LOW_RATE,3.1784471015589526
2026-10-04,8480855,2026020036,2025021146,2026-03-26,0,10.08,0.0,7,AGES_6_9,LOW_RATE,3.1784471015589526
2026-10-04,8480855,2026020036,2025021132,2026-03-24,0,16.5,0.0,8,AGES_6_9,LOW_RATE,3.1784471015589526
2026-10-04,8480855,2026020036,2025021098,2026-03-20,0,10.65,0.0,10,ABOUT_TO_EXIT,LOW_RATE,3.1784471015589526
2026-10-04,8480860,2026020038,2026020033,2026-10-03,0,22.62,0.0,1,MOST_RECENT,LOW_RATE,0.87213527787199
2026-10-04,8480860,2026020038,2026010060,2026-09-26,0,21.0,0.0,3,AGES_2_5,LOW_RATE,0.87213527787199
2026-10-04,8480860,2026020038,2025021239,2026-04-07,0,1.25,0.0,5,AGES_2_5,LOW_RATE,0.87213527787199
2026-10-04,8480860,2026020038,2025021219,2026-04-04,0,24.28,0.0,6,AGES_6_9,LOW_RATE,0.87213527787199
2026-10-04,8480860,2026020038,2025021201,2026-04-02,0,23.08,0.0,7,AGES_6_9,LOW_RATE,0.87213527787199
2026-10-04,8480860,2026020038,2025021174,2026-03-30,0,23.17,0.0,8,AGES_6_9,LOW_RATE,0.87213527787199
2026-10-04,8480860,2026020038,2025021165,2026-03-28,0,22.2,0.0,9,AGES_6_9,LOW_RATE,0.87213527787199
2026-10-04,8480860,2026020038,2025021147,2026-03-26,0,26.1,0.0,10,ABOUT_TO_EXIT,LOW_RATE,0.87213527787199
2026-10-04,8480876,2026020038,2026020014,2026-10-01,0,5.97,0.0,1,MOST_RECENT,LOW_RATE,6.5600656006560065
2026-10-04,8480876,2026020038,2026010038,2026-09-24,0,5.35,0.0,2,AGES_2_5,LOW_RATE,6.5600656006560065
2026-10-04,8480876,2026020038,2025021300,2026-04-14,0,7.2,0.0,4,AGES_2_5,LOW_RATE,6.5600656006560065
2026-10-04,8480876,2026020038,2025021260,2026-04-09,0,9.9,0.0,6,AGES_6_9,LOW_RATE,6.5600656006560065
2026-10-04,8480876,2026020038,2025021242,2026-04-07,0,9.8,0.0,7,AGES_6_9,LOW_RATE,6.5600656006560065
2026-10-04,8480876,2026020038,2025021188,2026-04-01,5,6.3,47.61904761904762,9,AGES_6_9,HIGH_RATE,6.5600656006560065
2026-10-04,8480876,2026020038,2025021175,2026-03-30,0,5.32,0.0,10,ABOUT_TO_EXIT,LOW_RATE,6.5600656006560065
2026-10-04,8481024,2026020039,2025021280,2026-04-12,0,15.95,0.0,7,AGES_6_9,LOW_RATE,7.15042372881356
2026-10-04,8481024,2026020039,2025021260,2026-04-09,0,14.93,0.0,9,AGES_6_9,LOW_RATE,7.15042372881356
2026-10-04,8481028,2026020038,2025021273,2026-04-11,0,9.98,0.0,5,AGES_2_5,LOW_RATE,4.513823584728231
2026-10-04,8481028,2026020038,2025021239,2026-04-07,0,7.97,0.0,6,AGES_6_9,LOW_RATE,4.513823584728231
2026-10-04,8481028,2026020038,2025021219,2026-04-04,0,12.77,0.0,7,AGES_6_9,LOW_RATE,4.513823584728231
2026-10-04,8481028,2026020038,2025021133,2026-03-24,0,9.2,0.0,10,ABOUT_TO_EXIT,LOW_RATE,4.513823584728231
2026-10-04,8481032,2026020039,2026020004,2026-09-29,3,11.85,15.18987341772152,3,AGES_2_5,HIGH_RATE,5.529027393817542
2026-10-04,8481032,2026020039,2026010056,2026-09-26,0,10.65,0.0,4,AGES_2_5,LOW_RATE,5.529027393817542
2026-10-04,8481032,2026020039,2025021292,2026-04-14,4,12.52,19.169329073482427,6,AGES_6_9,HIGH_RATE,5.529027393817542
2026-10-04,8481032,2026020039,2025021279,2026-04-12,0,10.38,0.0,7,AGES_6_9,LOW_RATE,5.529027393817542
2026-10-04,8481032,2026020039,2025021265,2026-04-11,0,8.9,0.0,8,AGES_6_9,LOW_RATE,5.529027393817542
2026-10-04,8481032,2026020039,2025021236,2026-04-07,0,11.92,0.0,10,ABOUT_TO_EXIT,LOW_RATE,5.529027393817542
2026-10-04,8481068,2026020038,2026020033,2026-10-03,0,16.92,0.0,1,MOST_RECENT,LOW_RATE,4.731550239863311
2026-10-04,8481068,2026020038,2025021281,2026-04-12,0,13.65,0.0,6,AGES_6_9,LOW_RATE,4.731550239863311
2026-10-04,8481068,2026020038,2025021219,2026-04-04,0,13.42,0.0,10,ABOUT_TO_EXIT,LOW_RATE,4.731550239863311
2026-10-04,8481538,2026020037,2026020021,2026-10-02,0,13.28,0.0,1,MOST_RECENT,LOW_RATE,0.930809804529941
2026-10-04,8481538,2026020037,2026010039,2026-09-24,0,19.15,0.0,3,AGES_2_5,LOW_RATE,0.930809804529941
2026-10-04,8481538,2026020037,2026010033,2026-09-23,0,18.38,0.0,4,AGES_2_5,LOW_RATE,0.930809804529941
2026-10-04,8481542,2026020035,2026010061,2026-09-26,7,25.55,16.43835616438356,2,AGES_2_5,HIGH_RATE,5.708622398414271
2026-10-04,8481542,2026020035,2025021265,2026-04-11,0,26.78,0.0,6,AGES_6_9,LOW_RATE,5.708622398414271
2026-10-04,8481542,2026020035,2025021235,2026-04-07,0,29.55,0.0,8,AGES_6_9,LOW_RATE,5.708622398414271
2026-10-04,8481554,2026020038,2026020028,2026-10-03,0,13.18,0.0,1,MOST_RECENT,LOW_RATE,1.2427506213753108
2026-10-04,8481554,2026020038,2025021306,2026-04-15,0,14.03,0.0,5,AGES_2_5,LOW_RATE,1.2427506213753108
2026-10-04,8481554,2026020038,2025021291,2026-04-13,0,14.12,0.0,6,AGES_6_9,LOW_RATE,1.2427506213753108
2026-10-04,8481554,2026020038,2025021273,2026-04-11,0,13.2,0.0,7,AGES_6_9,LOW_RATE,1.2427506213753108
2026-10-04,8481554,2026020038,2025021259,2026-04-09,0,18.15,0.0,8,AGES_6_9,LOW_RATE,1.2427506213753108
2026-10-04,8481554,2026020038,2025021240,2026-04-07,0,14.68,0.0,9,AGES_6_9,LOW_RATE,1.2427506213753108
2026-10-04,8481554,2026020038,2025021230,2026-04-06,0,12.43,0.0,10,ABOUT_TO_EXIT,LOW_RATE,1.2427506213753108
2026-10-04,8481604,2026020036,2026020010,2026-10-01,5,13.73,21.84996358339403,2,AGES_2_5,HIGH_RATE,11.481193565747772
2026-10-04,8481604,2026020036,2026020003,2026-09-29,5,15.82,18.963337547408344,3,AGES_2_5,HIGH_RATE,11.481193565747772
2026-10-04,8481604,2026020036,2026010027,2026-09-22,5,17.53,17.113519680547633,5,AGES_2_5,HIGH_RATE,11.481193565747772
2026-10-04,8481605,2026020037,2025021258,2026-04-09,0,22.98,0.0,6,AGES_6_9,LOW_RATE,3.2855939342881215
2026-10-04,8481605,2026020037,2025021206,2026-04-03,0,23.25,0.0,9,AGES_6_9,LOW_RATE,3.2855939342881215
2026-10-04,8481607,2026020035,2026020017,2026-10-02,0,17.48,0.0,1,MOST_RECENT,LOW_RATE,2.315559271885251
2026-10-04,8481607,2026020035,2026010025,2026-09-22,0,20.92,0.0,3,AGES_2_5,LOW_RATE,2.315559271885251
2026-10-04,8481607,2026020035,2025021303,2026-04-15,0,14.83,0.0,4,AGES_2_5,LOW_RATE,2.315559271885251
2026-10-04,8481607,2026020035,2025021265,2026-04-11,0,10.52,0.0,6,AGES_6_9,LOW_RATE,2.315559271885251
2026-10-04,8481607,2026020035,2025021250,2026-04-09,0,18.6,0.0,7,AGES_6_9,LOW_RATE,2.315559271885251
2026-10-04,8481754,2026020037,2026020021,2026-10-02,0,11.82,0.0,1,MOST_RECENT,LOW_RATE,5.133789670192906
2026-10-04,8481754,2026020037,2026010033,2026-09-23,0,15.98,0.0,3,AGES_2_5,LOW_RATE,5.133789670192906
2026-10-04,8481754,2026020037,2025020643,2026-01-02,0,14.78,0.0,8,AGES_6_9,LOW_RATE,5.133789670192906
2026-10-04,8481789,2026020036,2026020010,2026-10-01,0,14.78,0.0,2,AGES_2_5,LOW_RATE,3.392705682782019
2026-10-04,8481789,2026020036,2026020003,2026-09-29,0,13.33,0.0,3,AGES_2_5,LOW_RATE,3.392705682782019
2026-10-04,8481789,2026020036,2026010045,2026-09-24,0,15.8,0.0,5,AGES_2_5,LOW_RATE,3.392705682782019
2026-10-04,8481789,2026020036,2025021268,2026-04-11,0,11.83,0.0,8,AGES_6_9,LOW_RATE,3.392705682782019
2026-10-04,8481789,2026020036,2025021227,2026-04-05,0,9.73,0.0,10,ABOUT_TO_EXIT,LOW_RATE,3.392705682782019
2026-10-04,8482055,2026020039,2026020015,2026-10-01,0,13.38,0.0,2,AGES_2_5,LOW_RATE,7.168458781362007
2026-10-04,8482073,2026020036,2026010051,2026-09-25,0,16.7,0.0,4,AGES_2_5,LOW_RATE,4.309868493756216
2026-10-04,8482073,2026020036,2026010027,2026-09-22,0,14.78,0.0,5,AGES_2_5,LOW_RATE,4.309868493756216
2026-10-04,8482073,2026020036,2025021283,2026-04-13,0,15.47,0.0,7,AGES_6_9,LOW_RATE,4.309868493756216
2026-10-04,8482074,2026020038,2026010060,2026-09-26,0,16.75,0.0,2,AGES_2_5,LOW_RATE,5.3187560020684055
2026-10-04,8482074,2026020038,2026010031,2026-09-22,0,14.45,0.0,3,AGES_2_5,LOW_RATE,5.3187560020684055
2026-10-04,8482074,2026020038,2025021273,2026-04-11,3,11.38,15.817223198594023,6,AGES_6_9,HIGH_RATE,5.3187560020684055
2026-10-04,8482074,2026020038,2025021239,2026-04-07,0,13.8,0.0,8,AGES_6_9,LOW_RATE,5.3187560020684055
2026-10-04,8482074,2026020038,2025021219,2026-04-04,0,11.78,0.0,9,AGES_6_9,LOW_RATE,5.3187560020684055
2026-10-04,8482074,2026020038,2025021201,2026-04-02,0,9.47,0.0,10,ABOUT_TO_EXIT,LOW_RATE,5.3187560020684055
2026-10-04,8482078,2026020035,2025021303,2026-04-15,4,15.95,15.04702194357367,4,AGES_2_5,HIGH_RATE,6.3535765341240005
2026-10-04,8482078,2026020035,2025021282,2026-04-13,0,18.07,0.0,5,AGES_2_5,LOW_RATE,6.3535765341240005
2026-10-04,8482078,2026020035,2025021265,2026-04-11,0,19.9,0.0,6,AGES_6_9,LOW_RATE,6.3535765341240005
2026-10-04,8482079,2026020039,2026020015,2026-10-01,4,15.27,15.717092337917489,2,AGES_2_5,HIGH_RATE,5.506165758531689
2026-10-04,8482079,2026020039,2025021260,2026-04-09,0,16.83,0.0,9,AGES_6_9,LOW_RATE,5.506165758531689
2026-10-04,8482109,2026020036,2026020003,2026-09-29,0,18.28,0.0,3,AGES_2_5,LOW_RATE,4.649103387203897
2026-10-04,8482113,2026020037,2025021062,2026-03-15,0,19.07,0.0,7,AGES_6_9,LOW_RATE,5.887213385664119
2026-10-04,8482113,2026020037,2025020978,2026-03-05,0,18.53,0.0,10,ABOUT_TO_EXIT,LOW_RATE,5.887213385664119
2026-10-04,8482118,2026020037,2026010033,2026-09-23,5,13.8,21.73913043478261,2,AGES_2_5,HIGH_RATE,9.526329716856312
2026-10-04,8482118,2026020037,2026010009,2026-09-20,5,14.52,20.66115702479339,3,AGES_2_5,HIGH_RATE,9.526329716856312
2026-10-04,8482118,2026020037,2025020153,2025-10-28,0,10.78,0.0,7,AGES_6_9,LOW_RATE,9.526329716856312
2026-10-04,8482118,2026020037,2025020129,2025-10-25,0,8.18,0.0,8,AGES_6_9,LOW_RATE,9.526329716856312
2026-10-04,8482118,2026020037,2025020105,2025-10-21,0,12.18,0.0,10,ABOUT_TO_EXIT,LOW_RATE,9.526329716856312
2026-10-04,8482149,2026020035,2026010048,2026-09-25,0,19.83,0.0,2,AGES_2_5,LOW_RATE,4.728992360858494
2026-10-04,8482149,2026020035,2025021290,2026-04-13,0,12.38,0.0,5,AGES_2_5,LOW_RATE,4.728992360858494
2026-10-04,8482157,2026020036,2025021283,2026-04-13,0,15.53,0.0,7,AGES_6_9,LOW_RATE,9.411764705882351
2026-10-04,8482157,2026020036,2025021268,2026-04-11,0,14.38,0.0,8,AGES_6_9,LOW_RATE,9.411764705882351
2026-10-04,8482157,2026020036,2025021227,2026-04-05,6,12.97,27.756360832690824,10,ABOUT_TO_EXIT,HIGH_RATE,9.411764705882351
2026-10-04,8482165,2026020038,2026010060,2026-09-26,0,17.7,0.0,2,AGES_2_5,LOW_RATE,3.87972841901067
2026-10-04,8482165,2026020038,2025021219,2026-04-04,0,17.33,0.0,8,AGES_6_9,LOW_RATE,3.87972841901067
2026-10-04,8482259,2026020038,2025021259,2026-04-09,8,19.55,24.55242966751918,8,AGES_6_9,HIGH_RATE,11.11048762695696
2026-10-04,8482408,2026020037,2025021260,2026-04-09,0,8.13,0.0,4,AGES_2_5,LOW_RATE,7.319507596761673
2026-10-04,8482408,2026020037,2025021232,2026-04-06,3,7.78,23.13624678663239,5,AGES_2_5,HIGH_RATE,7.319507596761673
2026-10-04,8482408,2026020037,2025021217,2026-04-04,0,5.3,0.0,6,AGES_6_9,LOW_RATE,7.319507596761673
2026-10-04,8482408,2026020037,2025021149,2026-03-26,0,7.32,0.0,8,AGES_6_9,LOW_RATE,7.319507596761673
2026-10-04,8482408,2026020037,2025021102,2026-03-21,0,10.0,0.0,10,ABOUT_TO_EXIT,LOW_RATE,7.319507596761673
2026-10-04,8482459,2026020035,2026020019,2026-10-02,0,5.97,0.0,1,MOST_RECENT,LOW_RATE,0.0
2026-10-04,8482459,2026020035,2026010048,2026-09-25,0,10.5,0.0,2,AGES_2_5,LOW_RATE,0.0
2026-10-04,8482459,2026020035,2026010023,2026-09-22,0,17.28,0.0,3,AGES_2_5,LOW_RATE,0.0
2026-10-04,8482459,2026020035,2026010003,2026-09-19,0,16.28,0.0,4,AGES_2_5,LOW_RATE,0.0
2026-10-04,8482665,2026020038,2026010038,2026-09-24,0,19.62,0.0,4,AGES_2_5,LOW_RATE,3.735778570215656
2026-10-04,8482665,2026020038,2025021306,2026-04-15,0,15.45,0.0,5,AGES_2_5,LOW_RATE,3.735778570215656
2026-10-04,8482665,2026020038,2025021291,2026-04-13,0,18.1,0.0,6,AGES_6_9,LOW_RATE,3.735778570215656
2026-10-04,8482665,2026020038,2025021259,2026-04-09,0,21.28,0.0,8,AGES_6_9,LOW_RATE,3.735778570215656
2026-10-04,8482679,2026020038,2025021273,2026-04-11,0,16.55,0.0,6,AGES_6_9,LOW_RATE,8.056640625
2026-10-04,8482679,2026020038,2025021256,2026-04-09,5,19.25,15.584415584415584,7,AGES_6_9,HIGH_RATE,8.056640625
2026-10-04,8482691,2026020039,2026020033,2026-10-03,3,9.5,18.94736842105263,1,MOST_RECENT,HIGH_RATE,7.159904534606206
2026-10-04,8482691,2026020039,2026010005,2026-09-19,0,16.0,0.0,3,AGES_2_5,LOW_RATE,7.159904534606206
2026-10-04,8482691,2026020039,2025021300,2026-04-14,0,12.03,0.0,4,AGES_2_5,LOW_RATE,7.159904534606206
2026-10-04,8482691,2026020039,2025021280,2026-04-12,3,10.08,17.857142857142858,5,AGES_2_5,HIGH_RATE,7.159904534606206
2026-10-04,8482691,2026020039,2025021275,2026-04-11,0,13.98,0.0,6,AGES_6_9,LOW_RATE,7.159904534606206
2026-10-04,8482691,2026020039,2025021260,2026-04-09,3,11.97,15.037593984962406,7,AGES_6_9,HIGH_RATE,7.159904534606206
2026-10-04,8482699,2026020036,2026020027,2026-10-03,5,16.85,17.80415430267062,1,MOST_RECENT,HIGH_RATE,11.107994389901824
2026-10-04,8482699,2026020036,2026020013,2026-10-01,5,14.55,20.61855670103093,2,AGES_2_5,HIGH_RATE,11.107994389901824
2026-10-04,8482699,2026020036,2026010030,2026-09-22,6,19.98,18.01801801801802,4,AGES_2_5,HIGH_RATE,11.107994389901824
2026-10-04,8482713,2026020038,2026020028,2026-10-03,0,11.9,0.0,1,MOST_RECENT,LOW_RATE,7.656479295603905
2026-10-04,8482713,2026020038,2025021303,2026-04-15,0,14.05,0.0,3,AGES_2_5,LOW_RATE,7.656479295603905
2026-10-04,8482713,2026020038,2025021233,2026-04-07,6,20.07,17.937219730941706,7,AGES_6_9,HIGH_RATE,7.656479295603905
2026-10-04,8482731,2026020037,2026020021,2026-10-02,0,9.25,0.0,1,MOST_RECENT,LOW_RATE,4.232970134044054
2026-10-04,8482731,2026020037,2026010039,2026-09-24,0,18.73,0.0,3,AGES_2_5,LOW_RATE,4.232970134044054
2026-10-04,8482731,2026020037,2025021280,2026-04-12,0,11.6,0.0,5,AGES_2_5,LOW_RATE,4.232970134044054
2026-10-04,8482731,2026020037,2025021258,2026-04-09,0,16.73,0.0,6,AGES_6_9,LOW_RATE,4.232970134044054
2026-10-04,8482751,2026020038,2026010014,2026-09-20,0,18.58,0.0,4,AGES_2_5,LOW_RATE,8.930469912821604
2026-10-04,8482751,2026020038,2025021306,2026-04-15,4,12.95,18.53281853281853,5,AGES_2_5,HIGH_RATE,8.930469912821604
2026-10-04,8482751,2026020038,2025021259,2026-04-09,4,15.03,15.968063872255492,8,AGES_6_9,HIGH_RATE,8.930469912821604
2026-10-04,8482765,2026020035,2025021215,2026-04-04,0,11.67,0.0,10,ABOUT_TO_EXIT,LOW_RATE,5.936675461741425
2026-10-04,8482858,2026020038,2025021306,2026-04-15,0,18.52,0.0,5,AGES_2_5,LOW_RATE,2.291278819991408
2026-10-04,8482858,2026020038,2025021273,2026-04-11,0,19.43,0.0,7,AGES_6_9,LOW_RATE,2.291278819991408
2026-10-04,8482858,2026020038,2025021259,2026-04-09,0,22.5,0.0,8,AGES_6_9,LOW_RATE,2.291278819991408
2026-10-04,8482858,2026020038,2025021240,2026-04-07,0,19.38,0.0,9,AGES_6_9,LOW_RATE,2.291278819991408
2026-10-04,8482858,2026020038,2025021230,2026-04-06,0,21.82,0.0,10,ABOUT_TO_EXIT,LOW_RATE,2.291278819991408
2026-10-04,8482866,2026020038,2026010014,2026-09-20,0,18.02,0.0,2,AGES_2_5,LOW_RATE,4.205607476635514
2026-10-04,8482877,2026020036,2025021283,2026-04-13,0,10.55,0.0,6,AGES_6_9,LOW_RATE,5.279366476022878
2026-10-04,8482877,2026020036,2025021244,2026-04-08,0,11.25,0.0,8,AGES_6_9,LOW_RATE,5.279366476022878
2026-10-04,8483395,2026020039,2026020033,2026-10-03,0,11.07,0.0,1,MOST_RECENT,LOW_RATE,4.411404297034556
2026-10-04,8483395,2026020039,2026020004,2026-09-29,0,10.87,0.0,3,AGES_2_5,LOW_RATE,4.411404297034556
2026-10-04,8483395,2026020039,2026010056,2026-09-26,0,11.4,0.0,4,AGES_2_5,LOW_RATE,4.411404297034556
2026-10-04,8483395,2026020039,2025020492,2025-12-11,0,9.33,0.0,9,AGES_6_9,LOW_RATE,4.411404297034556
2026-10-04,8483395,2026020039,2025020464,2025-12-08,0,10.0,0.0,10,ABOUT_TO_EXIT,LOW_RATE,4.411404297034556
2026-10-04,8483431,2026020036,2026020013,2026-10-01,0,16.12,0.0,2,AGES_2_5,LOW_RATE,6.329816768461965
2026-10-04,8483431,2026020036,2026010054,2026-09-26,5,19.67,15.25165226232842,3,AGES_2_5,HIGH_RATE,6.329816768461965
2026-10-04,8483445,2026020037,2026020021,2026-10-02,5,17.85,16.80672268907563,1,MOST_RECENT,HIGH_RATE,13.045980686832513
2026-10-04,8483445,2026020037,2025021280,2026-04-12,4,13.78,17.41654571843251,5,AGES_2_5,HIGH_RATE,13.045980686832513
2026-10-04,8483445,2026020037,2025021176,2026-03-30,1,3.33,18.01801801801802,6,AGES_6_9,HIGH_RATE,13.045980686832513
2026-10-04,8483445,2026020037,2025021154,2026-03-28,5,15.03,19.960079840319363,7,AGES_6_9,HIGH_RATE,13.045980686832513
2026-10-04,8483471,2026020035,2026020019,2026-10-02,0,11.78,0.0,1,MOST_RECENT,LOW_RATE,6.448146157979581
2026-10-04,8483471,2026020035,2025021297,2026-04-14,0,13.43,0.0,5,AGES_2_5,LOW_RATE,6.448146157979581
2026-10-04,8483471,2026020035,2025021272,2026-04-11,0,12.9,0.0,7,AGES_6_9,LOW_RATE,6.448146157979581
2026-10-04,8483471,2026020035,2025021230,2026-04-06,3,10.87,16.55933762649494,9,AGES_6_9,HIGH_RATE,6.448146157979581
2026-10-04,8483471,2026020035,2025021215,2026-04-04,3,11.5,15.652173913043478,10,ABOUT_TO_EXIT,HIGH_RATE,6.448146157979581
2026-10-04,8483476,2026020039,2026010037,2026-09-24,0,11.75,0.0,5,AGES_2_5,LOW_RATE,4.276888959290353
2026-10-04,8483476,2026020039,2025020901,2026-02-04,0,12.95,0.0,7,AGES_6_9,LOW_RATE,4.276888959290353
2026-10-04,8483476,2026020039,2025020884,2026-02-02,0,12.05,0.0,8,AGES_6_9,LOW_RATE,4.276888959290353
2026-10-04,8483476,2026020039,2025020855,2026-01-29,0,11.55,0.0,10,ABOUT_TO_EXIT,LOW_RATE,4.276888959290353
2026-10-04,8483482,2026020037,2026020021,2026-10-02,0,26.97,0.0,1,MOST_RECENT,LOW_RATE,3.4587116299178557
2026-10-04,8483482,2026020037,2026010052,2026-09-26,0,19.4,0.0,2,AGES_2_5,LOW_RATE,3.4587116299178557
2026-10-04,8483482,2026020037,2024020137,2024-10-27,0,16.1,0.0,5,AGES_2_5,LOW_RATE,3.4587116299178557
2026-10-04,8483482,2026020037,2024020090,2024-10-20,0,18.78,0.0,6,AGES_6_9,LOW_RATE,3.4587116299178557
2026-10-04,8483482,2026020037,2024020041,2024-10-13,0,19.55,0.0,8,AGES_6_9,LOW_RATE,3.4587116299178557
2026-10-04,8483482,2026020037,2024020037,2024-10-12,4,14.83,16.183412002697235,9,AGES_6_9,HIGH_RATE,3.4587116299178557
2026-10-04,8483490,2026020037,2025021280,2026-04-12,0,20.87,0.0,4,AGES_2_5,LOW_RATE,3.954773614561679
2026-10-04,8483495,2026020038,2026020033,2026-10-03,0,19.98,0.0,1,MOST_RECENT,LOW_RATE,4.278786726252734
2026-10-04,8483495,2026020038,2025021292,2026-04-14,0,21.65,0.0,5,AGES_2_5,LOW_RATE,4.278786726252734
2026-10-04,8483499,2026020039,2026010037,2026-09-24,0,20.4,0.0,5,AGES_2_5,LOW_RATE,2.73084144051886
2026-10-04,8483499,2026020039,2025021300,2026-04-14,0,17.3,0.0,6,AGES_6_9,LOW_RATE,2.73084144051886
2026-10-04,8483499,2026020039,2025021280,2026-04-12,0,18.78,0.0,7,AGES_6_9,LOW_RATE,2.73084144051886
2026-10-04,8483499,2026020039,2025021242,2026-04-07,0,16.33,0.0,10,ABOUT_TO_EXIT,LOW_RATE,2.73084144051886
2026-10-04,8483521,2026020037,2026020021,2026-10-02,0,9.55,0.0,1,MOST_RECENT,LOW_RATE,4.1161673908072265
2026-10-04,8483521,2026020037,2026010033,2026-09-23,0,13.5,0.0,2,AGES_2_5,LOW_RATE,4.1161673908072265
2026-10-04,8483524,2026020038,2026020028,2026-10-03,0,14.67,0.0,1,MOST_RECENT,LOW_RATE,5.45578540577404
2026-10-04,8483524,2026020038,2026010056,2026-09-26,4,13.1,18.320610687022903,3,AGES_2_5,HIGH_RATE,5.45578540577404
2026-10-04,8483524,2026020038,2025021159,2026-03-28,0,3.6,0.0,6,AGES_6_9,LOW_RATE,5.45578540577404
2026-10-04,8483524,2026020038,2025021139,2026-03-26,0,10.93,0.0,7,AGES_6_9,LOW_RATE,5.45578540577404
2026-10-04,8483524,2026020038,2025021104,2026-03-21,0,13.62,0.0,9,AGES_6_9,LOW_RATE,5.45578540577404
2026-10-04,8483553,2026020039,2026020005,2026-09-29,3,10.52,17.11026615969582,2,AGES_2_5,HIGH_RATE,9.506707510298932
2026-10-04,8483553,2026020039,2026010063,2026-09-26,0,10.97,0.0,3,AGES_2_5,LOW_RATE,9.506707510298932
2026-10-04,8483553,2026020039,2025021252,2026-04-09,5,10.33,29.04162633107454,8,AGES_6_9,HIGH_RATE,9.506707510298932
2026-10-04,8483609,2026020038,2026020033,2026-10-03,0,8.12,0.0,1,MOST_RECENT,LOW_RATE,6.695805821631173
2026-10-04,8483609,2026020038,2026020014,2026-10-01,0,11.48,0.0,2,AGES_2_5,LOW_RATE,6.695805821631173
2026-10-04,8483609,2026020038,2026010031,2026-09-22,5,12.57,23.86634844868735,4,AGES_2_5,HIGH_RATE,6.695805821631173
2026-10-04,8483609,2026020038,2025021281,2026-04-12,0,12.22,0.0,6,AGES_6_9,LOW_RATE,6.695805821631173
2026-10-04,8483609,2026020038,2025021219,2026-04-04,0,10.32,0.0,9,AGES_6_9,LOW_RATE,6.695805821631173
2026-10-04,8483678,2026020039,2026020015,2026-10-01,0,16.28,0.0,2,AGES_2_5,LOW_RATE,3.444536582254258
2026-10-04,8483678,2026020039,2025021280,2026-04-12,0,16.12,0.0,7,AGES_6_9,LOW_RATE,3.444536582254258
2026-10-04,8483678,2026020039,2025021260,2026-04-09,0,14.33,0.0,9,AGES_6_9,LOW_RATE,3.444536582254258
2026-10-04,8483678,2026020039,2025021242,2026-04-07,0,16.15,0.0,10,ABOUT_TO_EXIT,LOW_RATE,3.444536582254258
2026-10-04,8483679,2026020035,2026020017,2026-10-02,0,19.17,0.0,1,MOST_RECENT,LOW_RATE,3.163222269084774
2026-10-04,8483679,2026020035,2026010025,2026-09-22,0,22.45,0.0,4,AGES_2_5,LOW_RATE,3.163222269084774
2026-10-04,8483690,2026020036,2026020010,2026-10-01,0,16.23,0.0,2,AGES_2_5,LOW_RATE,4.575072785248857
2026-10-04,8483690,2026020036,2026020003,2026-09-29,0,12.93,0.0,3,AGES_2_5,LOW_RATE,4.575072785248857
2026-10-04,8483690,2026020036,2025021302,2026-04-15,0,11.45,0.0,6,AGES_6_9,LOW_RATE,4.575072785248857
2026-10-04,8483771,2026020037,2026020001,2026-09-29,0,11.38,0.0,2,AGES_2_5,LOW_RATE,7.006617360840794
2026-10-04,8483771,2026020037,2025020978,2026-03-05,0,10.57,0.0,7,AGES_6_9,LOW_RATE,7.006617360840794
2026-10-04,8483771,2026020037,2025020948,2026-03-01,2,7.75,15.483870967741936,9,AGES_6_9,HIGH_RATE,7.006617360840794
2026-10-04,8483890,2026020039,2026020021,2026-10-02,3,12.03,14.962593516209475,1,MOST_RECENT,HIGH_RATE,6.010016694490818
2026-10-04,8483890,2026020039,2025021091,2026-03-19,3,10.97,16.408386508659984,8,AGES_6_9,HIGH_RATE,6.010016694490818
2026-10-04,8483890,2026020039,2025021056,2026-03-14,0,14.28,0.0,10,ABOUT_TO_EXIT,LOW_RATE,6.010016694490818
2026-10-04,8484136,2026020039,2026020033,2026-10-03,4,12.23,19.623875715453803,1,MOST_RECENT,HIGH_RATE,5.693015108386249
2026-10-04,8484136,2026020039,2026020015,2026-10-01,0,13.6,0.0,2,AGES_2_5,LOW_RATE,5.693015108386249
2026-10-04,8484136,2026020039,2026010005,2026-09-19,0,16.53,0.0,5,AGES_2_5,LOW_RATE,5.693015108386249
2026-10-04,8484136,2026020039,2025021275,2026-04-11,0,12.4,0.0,6,AGES_6_9,LOW_RATE,5.693015108386249
2026-10-04,8484136,2026020039,2025021216,2026-04-04,0,12.13,0.0,9,AGES_6_9,LOW_RATE,5.693015108386249
2026-10-04,8484136,2026020039,2025021199,2026-04-02,0,13.5,0.0,10,ABOUT_TO_EXIT,LOW_RATE,5.693015108386249
2026-10-04,8484153,2026020037,2026010009,2026-09-20,4,14.25,16.842105263157894,3,AGES_2_5,HIGH_RATE,11.753183153770811
2026-10-04,8484153,2026020037,2025021296,2026-04-14,6,21.0,17.142857142857142,4,AGES_2_5,HIGH_RATE,11.753183153770811
2026-10-04,8484153,2026020037,2025021258,2026-04-09,4,15.73,15.257469802924348,6,AGES_6_9,HIGH_RATE,11.753183153770811
2026-10-04,8484153,2026020037,2025021190,2026-04-01,5,19.8,15.151515151515152,10,ABOUT_TO_EXIT,HIGH_RATE,11.753183153770811
2026-10-04,8484160,2026020035,2026010041,2026-09-24,0,17.32,0.0,3,AGES_2_5,LOW_RATE,2.4005761382731854
2026-10-04,8484160,2026020035,2026010025,2026-09-22,0,14.32,0.0,4,AGES_2_5,LOW_RATE,2.4005761382731854
2026-10-04,8484160,2026020035,2026010017,2026-09-21,0,17.45,0.0,5,AGES_2_5,LOW_RATE,2.4005761382731854
2026-10-04,8484160,2026020035,2025020644,2026-01-03,0,11.87,0.0,6,AGES_6_9,LOW_RATE,2.4005761382731854
2026-10-04,8484160,2026020035,2025020635,2026-01-01,0,11.73,0.0,7,AGES_6_9,LOW_RATE,2.4005761382731854
2026-10-04,8484160,2026020035,2025020626,2025-12-31,0,9.47,0.0,8,AGES_6_9,LOW_RATE,2.4005761382731854
2026-10-04,8484180,2026020038,2026020033,2026-10-03,0,15.67,0.0,1,MOST_RECENT,LOW_RATE,3.112033195020747
2026-10-04,8484180,2026020038,2025020294,2025-11-15,0,7.08,0.0,6,AGES_6_9,LOW_RATE,3.112033195020747
2026-10-04,8484180,2026020038,2025020260,2025-11-11,0,11.38,0.0,8,AGES_6_9,LOW_RATE,3.112033195020747
2026-10-04,8484180,2026020038,2025020229,2025-11-07,0,12.7,0.0,10,ABOUT_TO_EXIT,LOW_RATE,3.112033195020747
2026-10-04,8484210,2026020036,2026020003,2026-09-29,0,16.33,0.0,3,AGES_2_5,LOW_RATE,5.093711225755894
2026-10-04,8484210,2026020036,2025021244,2026-04-08,0,12.15,0.0,10,ABOUT_TO_EXIT,LOW_RATE,5.093711225755894
2026-10-04,8484223,2026020035,2026010017,2026-09-21,0,22.68,0.0,5,AGES_2_5,LOW_RATE,4.566210045662101
2026-10-04,8484223,2026020035,2025021303,2026-04-15,0,15.1,0.0,6,AGES_6_9,LOW_RATE,4.566210045662101
2026-10-04,8484223,2026020035,2025021282,2026-04-13,0,17.87,0.0,7,AGES_6_9,LOW_RATE,4.566210045662101
2026-10-04,8484223,2026020035,2025021235,2026-04-07,3,9.57,18.80877742946708,8,AGES_6_9,HIGH_RATE,4.566210045662101
2026-10-04,8484240,2026020039,2026020033,2026-10-03,0,20.27,0.0,1,MOST_RECENT,LOW_RATE,1.4584346135148274
2026-10-04,8484240,2026020039,2026020015,2026-10-01,0,21.18,0.0,2,AGES_2_5,LOW_RATE,1.4584346135148274
2026-10-04,8484240,2026020039,2026020004,2026-09-29,0,20.67,0.0,3,AGES_2_5,LOW_RATE,1.4584346135148274
2026-10-04,8484240,2026020039,2026010056,2026-09-26,0,20.02,0.0,4,AGES_2_5,LOW_RATE,1.4584346135148274
2026-10-04,8484240,2026020039,2026010031,2026-09-22,0,21.48,0.0,5,AGES_2_5,LOW_RATE,1.4584346135148274
2026-10-04,8484240,2026020039,2025021260,2026-04-09,0,18.8,0.0,9,AGES_6_9,LOW_RATE,1.4584346135148274
2026-10-04,8484240,2026020039,2025021242,2026-04-07,0,21.15,0.0,10,ABOUT_TO_EXIT,LOW_RATE,1.4584346135148274
2026-10-04,8484262,2026020037,2026020021,2026-10-02,0,20.63,0.0,1,MOST_RECENT,LOW_RATE,2.7085590465872156
2026-10-04,8484262,2026020037,2026010052,2026-09-26,0,19.15,0.0,2,AGES_2_5,LOW_RATE,2.7085590465872156
2026-10-04,8484262,2026020037,2026010033,2026-09-23,0,16.12,0.0,4,AGES_2_5,LOW_RATE,2.7085590465872156
2026-10-04,8484304,2026020037,2026010059,2026-09-26,0,24.77,0.0,2,AGES_2_5,LOW_RATE,4.940711462450593
2026-10-04,8484304,2026020037,2025020983,2026-03-06,0,16.85,0.0,5,AGES_2_5,LOW_RATE,4.940711462450593
2026-10-04,8484386,2026020036,2026020027,2026-10-03,0,16.67,0.0,1,MOST_RECENT,LOW_RATE,3.613490364025696
2026-10-04,8484386,2026020036,2025021281,2026-04-12,0,13.52,0.0,5,AGES_2_5,LOW_RATE,3.613490364025696
2026-10-04,8484386,2026020036,2025020976,2026-03-05,0,12.5,0.0,7,AGES_6_9,LOW_RATE,3.613490364025696
2026-10-04,8484386,2026020036,2025020390,2025-11-28,0,12.52,0.0,9,AGES_6_9,LOW_RATE,3.613490364025696
2026-10-04,8484386,2026020036,2025020358,2025-11-24,0,11.93,0.0,10,ABOUT_TO_EXIT,LOW_RATE,3.613490364025696
2026-10-04,8484388,2026020036,2026020027,2026-10-03,0,11.18,0.0,1,MOST_RECENT,LOW_RATE,5.854610505773296
2026-10-04,8484388,2026020036,2026010054,2026-09-26,0,11.15,0.0,3,AGES_2_5,LOW_RATE,5.854610505773296
2026-10-04,8484388,2026020036,2026010012,2026-09-20,0,16.55,0.0,5,AGES_2_5,LOW_RATE,5.854610505773296
2026-10-04,8484388,2026020036,2025021146,2026-03-26,0,9.13,0.0,6,AGES_6_9,LOW_RATE,5.854610505773296
2026-10-04,8484388,2026020036,2025020834,2026-01-27,3,11.7,15.384615384615389,9,AGES_6_9,HIGH_RATE,5.854610505773296
2026-10-04,8484471,2026020035,2026010025,2026-09-22,0,22.58,0.0,4,AGES_2_5,LOW_RATE,2.882363538101243
2026-10-04,8484471,2026020035,2025021303,2026-04-15,0,15.75,0.0,5,AGES_2_5,LOW_RATE,2.882363538101243
2026-10-04,8484471,2026020035,2025021250,2026-04-09,0,14.98,0.0,8,AGES_6_9,LOW_RATE,2.882363538101243
2026-10-04,8484471,2026020035,2025021222,2026-04-05,0,16.13,0.0,10,ABOUT_TO_EXIT,LOW_RATE,2.882363538101243
2026-10-04,8484762,2026020037,2025021243,2026-04-07,6,20.23,17.79535343549184,7,AGES_6_9,HIGH_RATE,8.373339287707937
2026-10-04,8484794,2026020035,2026020017,2026-10-02,3,9.65,18.65284974093264,1,MOST_RECENT,HIGH_RATE,7.546576527002594
2026-10-04,8484794,2026020035,2025021282,2026-04-13,0,11.45,0.0,7,AGES_6_9,LOW_RATE,7.546576527002594
2026-10-04,8484794,2026020035,2025021030,2026-03-12,0,10.45,0.0,8,AGES_6_9,LOW_RATE,7.546576527002594
2026-10-04,8484798,2026020039,2025021260,2026-04-09,0,23.22,0.0,9,AGES_6_9,LOW_RATE,4.330566582461206
2026-10-04,8484798,2026020039,2025021242,2026-04-07,0,21.3,0.0,10,ABOUT_TO_EXIT,LOW_RATE,4.330566582461206
2026-10-04,8484800,2026020038,2026010038,2026-09-24,0,16.62,0.0,4,AGES_2_5,LOW_RATE,4.310344827586207
2026-10-04,8484800,2026020038,2025021291,2026-04-13,0,11.33,0.0,6,AGES_6_9,LOW_RATE,4.310344827586207
2026-10-04,8484800,2026020038,2025021230,2026-04-06,0,12.72,0.0,10,ABOUT_TO_EXIT,LOW_RATE,4.310344827586207
2026-10-04,8484803,2026020039,2026020021,2026-10-02,0,10.5,0.0,1,MOST_RECENT,LOW_RATE,13.613861386138614
2026-10-04,8484803,2026020039,2026020005,2026-09-29,4,11.37,21.10817941952507,2,AGES_2_5,HIGH_RATE,13.613861386138614
2026-10-04,8484860,2026020038,2026020014,2026-10-01,0,12.17,0.0,2,AGES_2_5,LOW_RATE,6.152361421074854
2026-10-04,8484958,2026020038,2026020033,2026-10-03,0,11.48,0.0,1,MOST_RECENT,LOW_RATE,6.254145740547711
2026-10-04,8484958,2026020038,2025021194,2026-04-02,0,6.07,0.0,6,AGES_6_9,LOW_RATE,6.254145740547711
2026-10-04,8484958,2026020038,2025021182,2026-03-31,0,9.02,0.0,7,AGES_6_9,LOW_RATE,6.254145740547711
2026-10-04,8484958,2026020038,2025021171,2026-03-29,0,7.35,0.0,8,AGES_6_9,LOW_RATE,6.254145740547711
2026-10-04,8484958,2026020038,2025021157,2026-03-28,0,9.35,0.0,9,AGES_6_9,LOW_RATE,6.254145740547711
2026-10-04,8484958,2026020038,2025021144,2026-03-26,3,9.47,19.007391763463566,10,ABOUT_TO_EXIT,HIGH_RATE,6.254145740547711
2026-10-04,8485512,2026020037,2025021280,2026-04-12,0,11.62,0.0,5,AGES_2_5,LOW_RATE,2.6128610828857597
2026-10-04,8485512,2026020037,2025021258,2026-04-09,0,17.75,0.0,6,AGES_6_9,LOW_RATE,2.6128610828857597
2026-10-04,8485512,2026020037,2025021219,2026-04-04,0,10.32,0.0,8,AGES_6_9,LOW_RATE,2.6128610828857597
2026-10-04,8485512,2026020037,2025021206,2026-04-03,0,13.35,0.0,9,AGES_6_9,LOW_RATE,2.6128610828857597
2026-10-04,8485512,2026020037,2025021190,2026-04-01,0,16.58,0.0,10,ABOUT_TO_EXIT,LOW_RATE,2.6128610828857597
2026-10-04,8485957,2026020036,2026020017,2026-10-02,0,11.43,0.0,1,MOST_RECENT,LOW_RATE,1.199280431740955
2026-10-04,8485957,2026020036,2026020010,2026-10-01,0,14.15,0.0,2,AGES_2_5,LOW_RATE,1.199280431740955
2026-10-04,8485957,2026020036,2026020003,2026-09-29,0,16.9,0.0,3,AGES_2_5,LOW_RATE,1.199280431740955
2026-10-04,8485957,2026020036,2026010027,2026-09-22,0,15.48,0.0,6,AGES_6_9,LOW_RATE,1.199280431740955
2026-10-05,8471215,2026020042,2025021211,2026-04-04,6,18.87,19.07790143084261,8,AGES_6_9,HIGH_RATE,8.413731209333632
2026-10-05,8471215,2026020042,2025021183,2026-03-31,5,17.53,17.113519680547633,10,ABOUT_TO_EXIT,HIGH_RATE,8.413731209333632
2026-10-05,8471675,2026020042,2025021251,2026-04-09,4,14.72,16.304347826086957,6,AGES_6_9,HIGH_RATE,7.048951048951049
2026-10-05,8471675,2026020042,2025021211,2026-04-04,0,17.53,0.0,8,AGES_6_9,LOW_RATE,7.048951048951049
2026-10-05,8471675,2026020042,2025021192,2026-04-02,0,19.72,0.0,9,AGES_6_9,LOW_RATE,7.048951048951049
2026-10-05,8471724,2026020042,2026010055,2026-09-26,0,17.08,0.0,3,AGES_2_5,LOW_RATE,2.840012622278321
2026-10-05,8471724,2026020042,2026010016,2026-09-21,0,20.82,0.0,4,AGES_2_5,LOW_RATE,2.840012622278321
2026-10-05,8471724,2026020042,2025021276,2026-04-12,0,17.65,0.0,5,AGES_2_5,LOW_RATE,2.840012622278321
2026-10-05,8471724,2026020042,2025021251,2026-04-09,0,20.25,0.0,6,AGES_6_9,LOW_RATE,2.840012622278321
2026-10-05,8471724,2026020042,2025021192,2026-04-02,0,20.07,0.0,9,AGES_6_9,LOW_RATE,2.840012622278321
2026-10-05,8471724,2026020042,2025021183,2026-03-31,0,19.32,0.0,10,ABOUT_TO_EXIT,LOW_RATE,2.840012622278321
2026-10-05,8473512,2026020041,2025021304,2026-04-15,6,17.2,20.930232558139537,4,AGES_2_5,HIGH_RATE,9.069152286182138
2026-10-05,8473994,2026020043,2026020020,2026-10-02,0,10.05,0.0,2,AGES_2_5,LOW_RATE,3.690888119953864
2026-10-05,8473994,2026020043,2026010050,2026-09-25,0,12.68,0.0,3,AGES_2_5,LOW_RATE,3.690888119953864
2026-10-05,8473994,2026020043,2026010034,2026-09-23,5,18.33,16.366612111292966,4,AGES_2_5,HIGH_RATE,3.690888119953864
2026-10-05,8473994,2026020043,2025021301,2026-04-15,0,13.77,0.0,5,AGES_2_5,LOW_RATE,3.690888119953864
2026-10-05,8473994,2026020043,2025021268,2026-04-11,0,10.52,0.0,7,AGES_6_9,LOW_RATE,3.690888119953864
2026-10-05,8473994,2026020043,2025021254,2026-04-09,0,12.92,0.0,8,AGES_6_9,LOW_RATE,3.690888119953864
2026-10-05,8473994,2026020043,2025021239,2026-04-07,0,13.78,0.0,9,AGES_6_9,LOW_RATE,3.690888119953864
2026-10-05,8473994,2026020043,2025021209,2026-04-04,0,14.4,0.0,10,ABOUT_TO_EXIT,LOW_RATE,3.690888119953864
2026-10-05,8474151,2026020040,2026020024,2026-10-03,0,15.87,0.0,1,MOST_RECENT,LOW_RATE,2.32725660774644
2026-10-05,8474151,2026020040,2026010011,2026-09-20,0,17.92,0.0,4,AGES_2_5,LOW_RATE,2.32725660774644
2026-10-05,8474151,2026020040,2025021234,2026-04-07,0,18.08,0.0,8,AGES_6_9,LOW_RATE,2.32725660774644
2026-10-05,8474151,2026020040,2025021229,2026-04-06,0,16.73,0.0,9,AGES_6_9,LOW_RATE,2.32725660774644
2026-10-05,8474151,2026020040,2025021210,2026-04-04,0,17.13,0.0,10,ABOUT_TO_EXIT,LOW_RATE,2.32725660774644
2026-10-05,8474574,2026020043,2026010050,2026-09-25,0,14.82,0.0,3,AGES_2_5,LOW_RATE,2.355052147583268
2026-10-05,8474574,2026020043,2026010034,2026-09-23,0,19.97,0.0,4,AGES_2_5,LOW_RATE,2.355052147583268
2026-10-05,8474574,2026020043,2025021268,2026-04-11,0,20.93,0.0,7,AGES_6_9,LOW_RATE,2.355052147583268
2026-10-05,8474574,2026020043,2025021254,2026-04-09,0,22.63,0.0,8,AGES_6_9,LOW_RATE,2.355052147583268
2026-10-05,8474574,2026020043,2025021172,2026-03-29,0,15.55,0.0,10,ABOUT_TO_EXIT,LOW_RATE,2.355052147583268
2026-10-05,8474578,2026020042,2026020026,2026-10-03,0,19.63,0.0,1,MOST_RECENT,LOW_RATE,5.1664753157290475
2026-10-05,8474578,2026020042,2026010055,2026-09-26,0,18.77,0.0,3,AGES_2_5,LOW_RATE,5.1664753157290475
2026-10-05,8474578,2026020042,2025021276,2026-04-12,0,19.93,0.0,4,AGES_2_5,LOW_RATE,5.1664753157290475
2026-10-05,8474590,2026020040,2026020024,2026-10-03,0,20.58,0.0,1,MOST_RECENT,LOW_RATE,6.53765690376569
2026-10-05,8474590,2026020040,2025021243,2026-04-07,0,25.07,0.0,8,AGES_6_9,LOW_RATE,6.53765690376569
2026-10-05,8474590,2026020040,2025021219,2026-04-04,6,23.87,15.08169250104734,9,AGES_6_9,HIGH_RATE,6.53765690376569
2026-10-05,8475167,2026020040,2026010011,2026-09-20,0,19.22,0.0,4,AGES_2_5,LOW_RATE,4.540955929440531
2026-10-05,8475167,2026020040,2025021076,2026-03-17,0,17.23,0.0,6,AGES_6_9,LOW_RATE,4.540955929440531
2026-10-05,8475200,2026020043,2025021275,2026-04-11,0,20.73,0.0,7,AGES_6_9,LOW_RATE,4.516258530710558
2026-10-05,8475200,2026020043,2025021246,2026-04-08,0,21.63,0.0,9,AGES_6_9,LOW_RATE,4.516258530710558
2026-10-05,8475726,2026020043,2025021305,2026-04-15,0,14.12,0.0,5,AGES_2_5,LOW_RATE,7.512912818907497
2026-10-05,8475726,2026020043,2025021275,2026-04-11,4,12.07,19.884009942004973,7,AGES_6_9,HIGH_RATE,7.512912818907497
2026-10-05,8475794,2026020043,2026020020,2026-10-02,4,14.92,16.0857908847185,2,AGES_2_5,HIGH_RATE,4.996876951905059
2026-10-05,8475794,2026020043,2026010050,2026-09-25,0,13.95,0.0,3,AGES_2_5,LOW_RATE,4.996876951905059
2026-10-05,8475794,2026020043,2025020415,2025-12-02,1,1.2,50.0,4,AGES_2_5,HIGH_RATE,4.996876951905059
2026-10-05,8475794,2026020043,2025020390,2025-11-28,0,18.25,0.0,6,AGES_6_9,LOW_RATE,4.996876951905059
2026-10-05,8475794,2026020043,2025020360,2025-11-25,0,17.1,0.0,8,AGES_6_9,LOW_RATE,4.996876951905059
2026-10-05,8476331,2026020042,2026020035,2026-10-04,0,20.88,0.0,1,MOST_RECENT,LOW_RATE,1.948684637869438
2026-10-05,8476331,2026020042,2026010048,2026-09-25,0,22.78,0.0,3,AGES_2_5,LOW_RATE,1.948684637869438
2026-10-05,8476331,2026020042,2025021290,2026-04-13,0,23.6,0.0,6,AGES_6_9,LOW_RATE,1.948684637869438
2026-10-05,8476372,2026020040,2026020025,2026-10-03,0,18.12,0.0,1,MOST_RECENT,LOW_RATE,2.7268079304663977
2026-10-05,8476372,2026020040,2026020006,2026-09-30,0,19.9,0.0,3,AGES_2_5,LOW_RATE,2.7268079304663977
2026-10-05,8476372,2026020040,2026010028,2026-09-22,0,21.5,0.0,5,AGES_2_5,LOW_RATE,2.7268079304663977
2026-10-05,8476372,2026020040,2025021250,2026-04-09,0,15.33,0.0,9,AGES_6_9,LOW_RATE,2.7268079304663977
2026-10-05,8476392,2026020042,2026020035,2026-10-04,0,15.28,0.0,1,MOST_RECENT,LOW_RATE,3.1031807602792862
2026-10-05,8476392,2026020042,2026010023,2026-09-22,0,17.45,0.0,4,AGES_2_5,LOW_RATE,3.1031807602792862
2026-10-05,8476392,2026020042,2025021290,2026-04-13,0,16.0,0.0,6,AGES_6_9,LOW_RATE,3.1031807602792862
2026-10-05,8476392,2026020042,2025021272,2026-04-11,0,14.2,0.0,7,AGES_6_9,LOW_RATE,3.1031807602792862
2026-10-05,8476393,2026020041,2026020023,2026-10-03,0,7.35,0.0,1,MOST_RECENT,LOW_RATE,5.971229530444223
2026-10-05,8476393,2026020041,2025021262,2026-04-11,0,10.92,0.0,7,AGES_6_9,LOW_RATE,5.971229530444223
2026-10-05,8476393,2026020041,2025021249,2026-04-09,0,14.52,0.0,8,AGES_6_9,LOW_RATE,5.971229530444223
2026-10-05,8476460,2026020042,2026020019,2026-10-02,0,22.48,0.0,2,AGES_2_5,LOW_RATE,4.56729625576859
2026-10-05,8476460,2026020042,2026010015,2026-09-21,0,18.75,0.0,4,AGES_2_5,LOW_RATE,4.56729625576859
2026-10-05,8476461,2026020040,2026020025,2026-10-03,0,15.97,0.0,1,MOST_RECENT,LOW_RATE,3.92695857058708
2026-10-05,8476461,2026020040,2026020006,2026-09-30,0,15.07,0.0,3,AGES_2_5,LOW_RATE,3.92695857058708
2026-10-05,8476461,2026020040,2026010040,2026-09-24,0,16.83,0.0,5,AGES_2_5,LOW_RATE,3.92695857058708
2026-10-05,8476461,2026020040,2025021250,2026-04-09,0,13.08,0.0,8,AGES_6_9,LOW_RATE,3.92695857058708
2026-10-05,8476480,2026020042,2025020933,2026-02-27,0,3.85,0.0,8,AGES_6_9,LOW_RATE,7.773908818527816
2026-10-05,8476480,2026020042,2025020915,2026-02-25,0,13.03,0.0,9,AGES_6_9,LOW_RATE,7.773908818527816
2026-10-05,8476480,2026020042,2025020895,2026-02-04,4,14.23,16.865776528460998,10,ABOUT_TO_EXIT,HIGH_RATE,7.773908818527816
2026-10-05,8476483,2026020042,2025021251,2026-04-09,8,18.1,26.519337016574585,7,AGES_6_9,HIGH_RATE,10.388739946380698
2026-10-05,8476483,2026020042,2025021211,2026-04-04,5,17.32,17.321016166281755,9,AGES_6_9,HIGH_RATE,10.388739946380698
2026-10-05,8476624,2026020043,2026020016,2026-10-01,0,14.15,0.0,2,AGES_2_5,LOW_RATE,1.9839629660246343
2026-10-05,8476624,2026020043,2026010063,2026-09-26,0,15.3,0.0,3,AGES_2_5,LOW_RATE,1.9839629660246343
2026-10-05,8476624,2026020043,2026010039,2026-09-24,0,13.13,0.0,4,AGES_2_5,LOW_RATE,1.9839629660246343
2026-10-05,8476624,2026020043,2025021305,2026-04-15,0,10.18,0.0,5,AGES_2_5,LOW_RATE,1.9839629660246343
2026-10-05,8476624,2026020043,2025021275,2026-04-11,0,13.43,0.0,7,AGES_6_9,LOW_RATE,1.9839629660246343
2026-10-05,8476624,2026020043,2025021246,2026-04-08,0,10.78,0.0,9,AGES_6_9,LOW_RATE,1.9839629660246343
2026-10-05,8476624,2026020043,2025021231,2026-04-06,0,10.13,0.0,10,ABOUT_TO_EXIT,LOW_RATE,1.9839629660246343
2026-10-05,8476854,2026020041,2026020031,2026-10-03,0,21.63,0.0,1,MOST_RECENT,LOW_RATE,2.5871981602146414
2026-10-05,8476854,2026020041,2026020003,2026-09-29,0,18.62,0.0,3,AGES_2_5,LOW_RATE,2.5871981602146414
2026-10-05,8476854,2026020041,2026010028,2026-09-22,0,21.42,0.0,5,AGES_2_5,LOW_RATE,2.5871981602146414
2026-10-05,8476854,2026020041,2025021261,2026-04-11,0,21.38,0.0,7,AGES_6_9,LOW_RATE,2.5871981602146414
2026-10-05,8476878,2026020040,2026020010,2026-10-01,0,7.65,0.0,2,AGES_2_5,LOW_RATE,1.274065685164213
2026-10-05,8476878,2026020040,2026010029,2026-09-22,0,16.72,0.0,4,AGES_2_5,LOW_RATE,1.274065685164213
2026-10-05,8476878,2026020040,2025021302,2026-04-15,0,17.72,0.0,5,AGES_2_5,LOW_RATE,1.274065685164213
2026-10-05,8476878,2026020040,2025021282,2026-04-13,0,15.9,0.0,6,AGES_6_9,LOW_RATE,1.274065685164213
2026-10-05,8476878,2026020040,2025021248,2026-04-09,0,12.42,0.0,7,AGES_6_9,LOW_RATE,1.274065685164213
2026-10-05,8476878,2026020040,2025021229,2026-04-06,0,11.48,0.0,9,AGES_6_9,LOW_RATE,1.274065685164213
2026-10-05,8476878,2026020040,2025021210,2026-04-04,0,14.77,0.0,10,ABOUT_TO_EXIT,LOW_RATE,1.274065685164213
2026-10-05,8476885,2026020043,2025021280,2026-04-12,0,28.53,0.0,6,AGES_6_9,LOW_RATE,5.089538171536287
2026-10-05,8476889,2026020043,2025020899,2026-02-04,0,15.17,0.0,7,AGES_6_9,LOW_RATE,4.996252810392206
2026-10-05,8476889,2026020043,2025020882,2026-02-02,0,8.32,0.0,8,AGES_6_9,LOW_RATE,4.996252810392206
2026-10-05,8476889,2026020043,2025020870,2026-01-31,0,11.2,0.0,9,AGES_6_9,LOW_RATE,4.996252810392206
2026-10-05,8476902,2026020043,2026020030,2026-10-03,0,19.18,0.0,1,MOST_RECENT,LOW_RATE,2.8832292167227296
2026-10-05,8476902,2026020043,2026010050,2026-09-25,0,19.15,0.0,3,AGES_2_5,LOW_RATE,2.8832292167227296
2026-10-05,8476902,2026020043,2025021285,2026-04-13,0,21.37,0.0,6,AGES_6_9,LOW_RATE,2.8832292167227296
2026-10-05,8476902,2026020043,2025021239,2026-04-07,0,20.6,0.0,9,AGES_6_9,LOW_RATE,2.8832292167227296
2026-10-05,8476902,2026020043,2025021209,2026-04-04,0,19.17,0.0,10,ABOUT_TO_EXIT,LOW_RATE,2.8832292167227296
2026-10-05,8477365,2026020041,2026020031,2026-10-03,0,18.1,0.0,1,MOST_RECENT,LOW_RATE,3.3033033033033035
2026-10-05,8477365,2026020041,2025021223,2026-04-05,0,17.52,0.0,9,AGES_6_9,LOW_RATE,3.3033033033033035
2026-10-05,8477365,2026020041,2025021211,2026-04-04,0,17.97,0.0,10,ABOUT_TO_EXIT,LOW_RATE,3.3033033033033035
2026-10-05,8477496,2026020041,2026020019,2026-10-02,5,15.88,18.89168765743073,2,AGES_2_5,HIGH_RATE,4.4850784888735555
2026-10-05,8477496,2026020041,2026020003,2026-09-29,0,15.98,0.0,3,AGES_2_5,LOW_RATE,4.4850784888735555
2026-10-05,8477496,2026020041,2025021292,2026-04-14,0,16.77,0.0,6,AGES_6_9,LOW_RATE,4.4850784888735555
2026-10-05,8477496,2026020041,2025021278,2026-04-12,0,16.85,0.0,7,AGES_6_9,LOW_RATE,4.4850784888735555
2026-10-05,8477496,2026020041,2025021224,2026-04-05,0,19.1,0.0,10,ABOUT_TO_EXIT,LOW_RATE,4.4850784888735555
2026-10-05,8477498,2026020043,2026020034,2026-10-03,0,21.85,0.0,1,MOST_RECENT,LOW_RATE,4.510218463706836
2026-10-05,8477498,2026020043,2026020016,2026-10-01,0,17.12,0.0,2,AGES_2_5,LOW_RATE,4.510218463706836
2026-10-05,8477504,2026020042,2026020035,2026-10-04,7,21.55,19.489559164733176,1,MOST_RECENT,HIGH_RATE,7.902115727759368
2026-10-05,8477505,2026020043,2025021305,2026-04-15,0,19.87,0.0,5,AGES_2_5,LOW_RATE,3.041208373460388
2026-10-05,8477505,2026020043,2025021287,2026-04-13,0,20.9,0.0,6,AGES_6_9,LOW_RATE,3.041208373460388
2026-10-05,8477505,2026020043,2025021246,2026-04-08,0,20.87,0.0,9,AGES_6_9,LOW_RATE,3.041208373460388
2026-10-05,8477507,2026020041,2026020019,2026-10-02,0,20.9,0.0,2,AGES_2_5,LOW_RATE,3.2529942333284048
2026-10-05,8477507,2026020041,2026010049,2026-09-25,0,19.18,0.0,4,AGES_2_5,LOW_RATE,3.2529942333284048
2026-10-05,8477507,2026020041,2025021278,2026-04-12,0,23.45,0.0,7,AGES_6_9,LOW_RATE,3.2529942333284048
2026-10-05,8477507,2026020041,2025021261,2026-04-11,0,19.48,0.0,8,AGES_6_9,LOW_RATE,3.2529942333284048
2026-10-05,8477845,2026020042,2026020006,2026-09-30,0,20.7,0.0,2,AGES_2_5,LOW_RATE,2.8509582387413546
2026-10-05,8477845,2026020042,2025021295,2026-04-14,0,20.05,0.0,5,AGES_2_5,LOW_RATE,2.8509582387413546
2026-10-05,8477845,2026020042,2025021276,2026-04-12,5,18.98,15.806111696522656,6,AGES_6_9,HIGH_RATE,2.8509582387413546
2026-10-05,8477845,2026020042,2025021263,2026-04-11,0,20.0,0.0,7,AGES_6_9,LOW_RATE,2.8509582387413546
2026-10-05,8477845,2026020042,2025021245,2026-04-08,0,19.42,0.0,8,AGES_6_9,LOW_RATE,2.8509582387413546
2026-10-05,8477845,2026020042,2025021213,2026-04-04,0,16.18,0.0,10,ABOUT_TO_EXIT,LOW_RATE,2.8509582387413546
2026-10-05,8477948,2026020040,2025021236,2026-04-07,0,24.75,0.0,9,AGES_6_9,LOW_RATE,4.469088802449723
2026-10-05,8477989,2026020040,2026010057,2026-09-26,0,12.57,0.0,4,AGES_2_5,LOW_RATE,5.327335148573458
2026-10-05,8477989,2026020040,2025021284,2026-04-13,0,17.53,0.0,6,AGES_6_9,LOW_RATE,5.327335148573458
2026-10-05,8477998,2026020041,2026020023,2026-10-03,0,13.02,0.0,1,MOST_RECENT,LOW_RATE,5.477178423236515
2026-10-05,8477998,2026020041,2025021234,2026-04-07,0,8.38,0.0,6,AGES_6_9,LOW_RATE,5.477178423236515
2026-10-05,8477998,2026020041,2025021191,2026-04-02,0,9.7,0.0,9,AGES_6_9,LOW_RATE,5.477178423236515
2026-10-05,8478010,2026020040,2025021210,2026-04-04,0,16.93,0.0,10,ABOUT_TO_EXIT,LOW_RATE,5.2580029898448375
2026-10-05,8478020,2026020041,2025021225,2026-04-05,0,16.85,0.0,9,AGES_6_9,LOW_RATE,3.8928177512489457
2026-10-05,8478173,2026020041,2026020023,2026-10-03,0,5.17,0.0,1,MOST_RECENT,LOW_RATE,5.502063273727648
2026-10-05,8478173,2026020041,2026010035,2026-09-23,0,9.88,0.0,3,AGES_2_5,LOW_RATE,5.502063273727648
2026-10-05,8478173,2026020041,2025020445,2025-12-06,1,1.88,31.91489361702128,6,AGES_6_9,HIGH_RATE,5.502063273727648
2026-10-05,8478173,2026020041,2025020382,2025-11-28,0,8.0,0.0,7,AGES_6_9,LOW_RATE,5.502063273727648
2026-10-05,8478173,2026020041,2025020373,2025-11-26,0,8.63,0.0,8,AGES_6_9,LOW_RATE,5.502063273727648
2026-10-05,8478173,2026020041,2025020359,2025-11-24,2,5.73,20.94240837696335,9,AGES_6_9,HIGH_RATE,5.502063273727648
2026-10-05,8478173,2026020041,2025020342,2025-11-22,0,3.22,0.0,10,ABOUT_TO_EXIT,LOW_RATE,5.502063273727648
2026-10-05,8478398,2026020042,2026020035,2026-10-04,5,20.08,14.940239043824702,1,MOST_RECENT,HIGH_RATE,11.76639403070742
2026-10-05,8478398,2026020042,2026020019,2026-10-02,9,20.93,25.80028666985189,2,AGES_2_5,HIGH_RATE,11.76639403070742
2026-10-05,8478398,2026020042,2025021297,2026-04-14,6,20.87,17.24964063248682,5,AGES_2_5,HIGH_RATE,11.76639403070742
2026-10-05,8478398,2026020042,2025021253,2026-04-09,6,20.93,17.20019111323459,8,AGES_6_9,HIGH_RATE,11.76639403070742
2026-10-05,8478401,2026020041,2026010028,2026-09-22,0,16.57,0.0,5,AGES_2_5,LOW_RATE,5.63627254509018
2026-10-05,8478401,2026020041,2025021292,2026-04-14,0,4.97,0.0,6,AGES_6_9,LOW_RATE,5.63627254509018
2026-10-05,8478416,2026020040,2025021261,2026-04-11,0,13.62,0.0,7,AGES_6_9,LOW_RATE,4.545719447520252
2026-10-05,8478420,2026020043,2026010050,2026-09-25,0,20.58,0.0,3,AGES_2_5,LOW_RATE,3.839527442776274
2026-10-05,8478420,2026020043,2025021209,2026-04-04,0,21.75,0.0,10,ABOUT_TO_EXIT,LOW_RATE,3.839527442776274
2026-10-05,8478438,2026020042,2026020006,2026-09-30,0,16.07,0.0,2,AGES_2_5,LOW_RATE,6.672845227062094
2026-10-05,8478438,2026020042,2026010055,2026-09-26,0,16.48,0.0,3,AGES_2_5,LOW_RATE,6.672845227062094
2026-10-05,8478438,2026020042,2025021263,2026-04-11,0,14.53,0.0,7,AGES_6_9,LOW_RATE,6.672845227062094
2026-10-05,8478439,2026020040,2026010040,2026-09-24,0,15.1,0.0,5,AGES_2_5,LOW_RATE,4.457100408567538
2026-10-05,8478439,2026020040,2025021272,2026-04-11,0,14.75,0.0,7,AGES_6_9,LOW_RATE,4.457100408567538
2026-10-05,8478439,2026020040,2025021236,2026-04-07,0,16.23,0.0,9,AGES_6_9,LOW_RATE,4.457100408567538
2026-10-05,8478449,2026020043,2026020020,2026-10-02,0,16.95,0.0,2,AGES_2_5,LOW_RATE,7.424823660438064
2026-10-05,8478449,2026020043,2025020899,2026-02-04,5,15.13,19.82815598149372,6,AGES_6_9,HIGH_RATE,7.424823660438064
2026-10-05,8478469,2026020041,2025021058,2026-03-15,0,28.48,0.0,9,AGES_6_9,LOW_RATE,3.8166421500417447
2026-10-05,8478569,2026020040,2026020009,2026-10-01,0,16.6,0.0,2,AGES_2_5,LOW_RATE,3.957522590858123
2026-10-05,8478569,2026020040,2025021299,2026-04-14,0,14.08,0.0,6,AGES_6_9,LOW_RATE,3.957522590858123
2026-10-05,8478569,2026020040,2025021251,2026-04-09,0,14.85,0.0,8,AGES_6_9,LOW_RATE,3.957522590858123
2026-10-05,8478840,2026020041,2026020031,2026-10-03,0,19.35,0.0,1,MOST_RECENT,LOW_RATE,1.6702856188408215
2026-10-05,8478840,2026020041,2026020019,2026-10-02,0,19.53,0.0,2,AGES_2_5,LOW_RATE,1.6702856188408215
2026-10-05,8478840,2026020041,2025021302,2026-04-15,0,16.28,0.0,6,AGES_6_9,LOW_RATE,1.6702856188408215
2026-10-05,8478840,2026020041,2025021283,2026-04-13,0,17.58,0.0,7,AGES_6_9,LOW_RATE,1.6702856188408215
2026-10-05,8478840,2026020041,2025021244,2026-04-08,0,15.4,0.0,9,AGES_6_9,LOW_RATE,1.6702856188408215
2026-10-05,8478840,2026020041,2025021227,2026-04-05,0,17.4,0.0,10,ABOUT_TO_EXIT,LOW_RATE,1.6702856188408215
2026-10-05,8478975,2026020043,2026020016,2026-10-01,4,12.73,18.853102906520032,2,AGES_2_5,HIGH_RATE,7.609155142218733
2026-10-05,8478975,2026020043,2026010039,2026-09-24,3,11.8,15.254237288135592,4,AGES_2_5,HIGH_RATE,7.609155142218733
2026-10-05,8478975,2026020043,2025021271,2026-04-11,0,15.27,0.0,7,AGES_6_9,LOW_RATE,7.609155142218733
2026-10-05,8479336,2026020040,2025021196,2026-04-02,0,9.97,0.0,8,AGES_6_9,LOW_RATE,7.872539831302718
2026-10-05,8479336,2026020040,2025021172,2026-03-29,4,12.3,19.51219512195122,10,ABOUT_TO_EXIT,HIGH_RATE,7.872539831302718
2026-10-05,8479351,2026020043,2026020020,2026-10-02,3,11.32,15.901060070671376,2,AGES_2_5,HIGH_RATE,4.39150974782088
2026-10-05,8479351,2026020043,2026010034,2026-09-23,0,18.02,0.0,4,AGES_2_5,LOW_RATE,4.39150974782088
2026-10-05,8479351,2026020043,2025021301,2026-04-15,0,15.72,0.0,5,AGES_2_5,LOW_RATE,4.39150974782088
2026-10-05,8479351,2026020043,2025021130,2026-03-24,0,17.05,0.0,7,AGES_6_9,LOW_RATE,4.39150974782088
2026-10-05,8479351,2026020043,2025021101,2026-03-21,0,12.75,0.0,9,AGES_6_9,LOW_RATE,4.39150974782088
2026-10-05,8479351,2026020043,2025021080,2026-03-18,0,16.53,0.0,10,ABOUT_TO_EXIT,LOW_RATE,4.39150974782088
2026-10-05,8479398,2026020042,2025021276,2026-04-12,0,17.0,0.0,5,AGES_2_5,LOW_RATE,3.682299391397739
2026-10-05,8479398,2026020042,2025021263,2026-04-11,0,20.72,0.0,6,AGES_6_9,LOW_RATE,3.682299391397739
2026-10-05,8479398,2026020042,2025021251,2026-04-09,0,18.83,0.0,7,AGES_6_9,LOW_RATE,3.682299391397739
2026-10-05,8479398,2026020042,2025021223,2026-04-05,0,17.28,0.0,8,AGES_6_9,LOW_RATE,3.682299391397739
2026-10-05,8479542,2026020040,2026020024,2026-10-03,6,22.12,16.274864376130196,1,MOST_RECENT,HIGH_RATE,11.881748314394832
2026-10-05,8479661,2026020041,2026020019,2026-10-02,0,10.25,0.0,2,AGES_2_5,LOW_RATE,2.0743301642178045
2026-10-05,8479661,2026020041,2026020003,2026-09-29,0,13.22,0.0,3,AGES_2_5,LOW_RATE,2.0743301642178045
2026-10-05,8479661,2026020041,2026010049,2026-09-25,0,11.03,0.0,4,AGES_2_5,LOW_RATE,2.0743301642178045
2026-10-05,8479661,2026020041,2025021261,2026-04-11,0,11.42,0.0,7,AGES_6_9,LOW_RATE,2.0743301642178045
2026-10-05,8479661,2026020041,2025021237,2026-04-07,0,9.9,0.0,8,AGES_6_9,LOW_RATE,2.0743301642178045
2026-10-05,8479661,2026020041,2025021224,2026-04-05,0,9.87,0.0,9,AGES_6_9,LOW_RATE,2.0743301642178045
2026-10-05,8479661,2026020041,2025021210,2026-04-04,0,11.47,0.0,10,ABOUT_TO_EXIT,LOW_RATE,2.0743301642178045
2026-10-05,8479705,2026020040,2025021296,2026-04-14,0,11.27,0.0,5,AGES_2_5,LOW_RATE,7.754084741068956
2026-10-05,8479705,2026020040,2025021258,2026-04-09,0,12.72,0.0,7,AGES_6_9,LOW_RATE,7.754084741068956
2026-10-05,8479705,2026020040,2025021243,2026-04-07,3,8.82,20.40816326530612,8,AGES_6_9,HIGH_RATE,7.754084741068956
2026-10-05,8479983,2026020042,2026020035,2026-10-04,0,20.28,0.0,1,MOST_RECENT,LOW_RATE,3.949967083607637
2026-10-05,8479983,2026020042,2026010015,2026-09-21,0,20.03,0.0,4,AGES_2_5,LOW_RATE,3.949967083607637
2026-10-05,8479987,2026020041,2026020019,2026-10-02,0,18.88,0.0,2,AGES_2_5,LOW_RATE,5.849630096920341
2026-10-05,8479999,2026020041,2026010049,2026-09-25,0,14.33,0.0,4,AGES_2_5,LOW_RATE,4.266597711552136
2026-10-05,8479999,2026020041,2026010028,2026-09-22,0,15.65,0.0,5,AGES_2_5,LOW_RATE,4.266597711552136
2026-10-05,8480015,2026020040,2026020006,2026-09-30,4,14.18,16.925246826516222,3,AGES_2_5,HIGH_RATE,7.806691449814126
2026-10-05,8480015,2026020040,2025021250,2026-04-09,0,16.78,0.0,8,AGES_6_9,LOW_RATE,7.806691449814126
2026-10-05,8480027,2026020043,2025021285,2026-04-13,5,19.43,15.440041173443127,6,AGES_6_9,HIGH_RATE,8.115419296663662
2026-10-05,8480036,2026020043,2025021254,2026-04-09,0,5.75,0.0,5,AGES_2_5,LOW_RATE,3.368166508334053
2026-10-05,8480036,2026020043,2025021178,2026-03-31,0,25.05,0.0,9,AGES_6_9,LOW_RATE,3.368166508334053
2026-10-05,8480036,2026020043,2025021172,2026-03-29,0,24.12,0.0,10,ABOUT_TO_EXIT,LOW_RATE,3.368166508334053
2026-10-05,8480049,2026020042,2026020035,2026-10-04,0,19.83,0.0,1,MOST_RECENT,LOW_RATE,2.6951756356122543
2026-10-05,8480049,2026020042,2026010023,2026-09-22,0,23.42,0.0,4,AGES_2_5,LOW_RATE,2.6951756356122543
2026-10-05,8480049,2026020042,2025021297,2026-04-14,0,23.3,0.0,5,AGES_2_5,LOW_RATE,2.6951756356122543
2026-10-05,8480049,2026020042,2025021253,2026-04-09,0,26.87,0.0,8,AGES_6_9,LOW_RATE,2.6951756356122543
2026-10-05,8480075,2026020041,2025021208,2026-04-04,0,14.32,0.0,7,AGES_6_9,LOW_RATE,3.0239758081935344
2026-10-05,8480075,2026020041,2025021191,2026-04-02,0,13.62,0.0,8,AGES_6_9,LOW_RATE,3.0239758081935344
2026-10-05,8480075,2026020041,2024021273,2025-04-12,0,5.13,0.0,9,AGES_6_9,LOW_RATE,3.0239758081935344
2026-10-05,8480075,2026020041,2023021130,2024-03-24,0,10.05,0.0,10,ABOUT_TO_EXIT,LOW_RATE,3.0239758081935344
2026-10-05,8480113,2026020042,2026020019,2026-10-02,0,12.2,0.0,2,AGES_2_5,LOW_RATE,7.306755544161005
2026-10-05,8480113,2026020042,2025021186,2026-03-31,0,16.3,0.0,10,ABOUT_TO_EXIT,LOW_RATE,7.306755544161005
2026-10-05,8480145,2026020042,2026010048,2026-09-25,0,21.22,0.0,3,AGES_2_5,LOW_RATE,3.6682824577492466
2026-10-05,8480145,2026020042,2026010023,2026-09-22,0,27.27,0.0,4,AGES_2_5,LOW_RATE,3.6682824577492466
2026-10-05,8480145,2026020042,2025021272,2026-04-11,0,20.0,0.0,5,AGES_2_5,LOW_RATE,3.6682824577492466
2026-10-05,8480145,2026020042,2025021186,2026-03-31,0,22.92,0.0,10,ABOUT_TO_EXIT,LOW_RATE,3.6682824577492466
2026-10-05,8480188,2026020041,2026010064,2026-09-26,0,12.7,0.0,2,AGES_2_5,LOW_RATE,6.879520197565708
2026-10-05,8480188,2026020041,2025021225,2026-04-05,0,12.72,0.0,10,ABOUT_TO_EXIT,LOW_RATE,6.879520197565708
2026-10-05,8480208,2026020041,2026010035,2026-09-23,0,18.85,0.0,3,AGES_2_5,LOW_RATE,6.35509069244009
2026-10-05,8480208,2026020041,2025021234,2026-04-07,0,17.28,0.0,9,AGES_6_9,LOW_RATE,6.35509069244009
2026-10-05,8480220,2026020040,2026020025,2026-10-03,0,9.22,0.0,1,MOST_RECENT,LOW_RATE,8.25593395252838
2026-10-05,8480220,2026020040,2026010057,2026-09-26,4,14.78,16.238159675236805,4,AGES_2_5,HIGH_RATE,8.25593395252838
2026-10-05,8480289,2026020042,2025021215,2026-04-04,0,12.98,0.0,5,AGES_2_5,LOW_RATE,5.272764145203813
2026-10-05,8480289,2026020042,2025021145,2026-03-26,0,11.45,0.0,7,AGES_6_9,LOW_RATE,5.272764145203813
2026-10-05,8480355,2026020041,2025021292,2026-04-14,4,13.78,17.41654571843251,6,AGES_6_9,HIGH_RATE,8.157022686719348
2026-10-05,8480355,2026020041,2025021237,2026-04-07,0,6.33,0.0,9,AGES_6_9,LOW_RATE,8.157022686719348
2026-10-05,8480426,2026020040,2026020010,2026-10-01,0,19.12,0.0,2,AGES_2_5,LOW_RATE,5.1107325383304945
2026-10-05,8480426,2026020040,2025021248,2026-04-09,0,9.2,0.0,8,AGES_6_9,LOW_RATE,5.1107325383304945
2026-10-05,8480748,2026020043,2026010063,2026-09-26,0,13.83,0.0,3,AGES_2_5,LOW_RATE,4.501969611705121
2026-10-05,8480748,2026020043,2026010039,2026-09-24,0,18.08,0.0,4,AGES_2_5,LOW_RATE,4.501969611705121
2026-10-05,8480748,2026020043,2025021305,2026-04-15,0,18.28,0.0,5,AGES_2_5,LOW_RATE,4.501969611705121
2026-10-05,8480840,2026020043,2026020020,2026-10-02,0,12.05,0.0,2,AGES_2_5,LOW_RATE,3.211745813259922
2026-10-05,8480840,2026020043,2026010050,2026-09-25,0,11.65,0.0,3,AGES_2_5,LOW_RATE,3.211745813259922
2026-10-05,8480840,2026020043,2026010034,2026-09-23,0,13.93,0.0,4,AGES_2_5,LOW_RATE,3.211745813259922
2026-10-05,8480840,2026020043,2025021268,2026-04-11,0,11.6,0.0,7,AGES_6_9,LOW_RATE,3.211745813259922
2026-10-05,8480840,2026020043,2025021239,2026-04-07,0,13.88,0.0,9,AGES_6_9,LOW_RATE,3.211745813259922
2026-10-05,8480848,2026020043,2026010009,2026-09-20,0,20.08,0.0,2,AGES_2_5,LOW_RATE,3.7456106125634023
2026-10-05,8480848,2026020043,2025021258,2026-04-09,0,12.12,0.0,3,AGES_2_5,LOW_RATE,3.7456106125634023
2026-10-05,8480848,2026020043,2025021231,2026-04-06,0,9.38,0.0,4,AGES_2_5,LOW_RATE,3.7456106125634023
2026-10-05,8480848,2026020043,2025021190,2026-04-01,3,9.55,18.848167539267017,5,AGES_2_5,HIGH_RATE,3.7456106125634023
2026-10-05,8480848,2026020043,2025020625,2025-12-31,0,13.93,0.0,8,AGES_6_9,LOW_RATE,3.7456106125634023
2026-10-05,8480848,2026020043,2025020599,2025-12-27,0,12.23,0.0,10,ABOUT_TO_EXIT,LOW_RATE,3.7456106125634023
2026-10-05,8480878,2026020043,2025021301,2026-04-15,0,20.43,0.0,5,AGES_2_5,LOW_RATE,2.4581528736977645
2026-10-05,8480878,2026020043,2025021239,2026-04-07,0,14.0,0.0,6,AGES_6_9,LOW_RATE,2.4581528736977645
2026-10-05,8480878,2026020043,2025021209,2026-04-04,0,13.72,0.0,7,AGES_6_9,LOW_RATE,2.4581528736977645
2026-10-05,8480878,2026020043,2025021198,2026-04-02,0,15.65,0.0,8,AGES_6_9,LOW_RATE,2.4581528736977645
2026-10-05,8480878,2026020043,2025021172,2026-03-29,0,17.93,0.0,10,ABOUT_TO_EXIT,LOW_RATE,2.4581528736977645
2026-10-05,8480891,2026020043,2026020034,2026-10-03,0,21.25,0.0,1,MOST_RECENT,LOW_RATE,4.690248192300176
2026-10-05,8480891,2026020043,2025021301,2026-04-15,0,15.05,0.0,5,AGES_2_5,LOW_RATE,4.690248192300176
2026-10-05,8480891,2026020043,2025021244,2026-04-08,3,10.62,16.949152542372882,6,AGES_6_9,HIGH_RATE,4.690248192300176
2026-10-05,8480980,2026020042,2026020006,2026-09-30,0,14.85,0.0,2,AGES_2_5,LOW_RATE,3.1639311844967373
2026-10-05,8480980,2026020042,2025021192,2026-04-02,0,13.18,0.0,7,AGES_6_9,LOW_RATE,3.1639311844967373
2026-10-05,8480980,2026020042,2025021156,2026-03-28,0,15.58,0.0,10,ABOUT_TO_EXIT,LOW_RATE,3.1639311844967373
2026-10-05,8480995,2026020040,2026020024,2026-10-03,0,15.42,0.0,1,MOST_RECENT,LOW_RATE,6.540222367560497
2026-10-05,8480995,2026020040,2025021229,2026-04-06,0,8.35,0.0,5,AGES_2_5,LOW_RATE,6.540222367560497
2026-10-05,8480995,2026020040,2025021180,2026-03-31,3,11.25,16.0,8,AGES_6_9,HIGH_RATE,6.540222367560497
2026-10-05,8480995,2026020040,2025021152,2026-03-28,0,16.08,0.0,10,ABOUT_TO_EXIT,LOW_RATE,6.540222367560497
2026-10-05,8481030,2026020042,2026010015,2026-09-21,0,18.9,0.0,1,MOST_RECENT,LOW_RATE,1.0370455723915424
2026-10-05,8481030,2026020042,2025021299,2026-04-14,0,21.0,0.0,3,AGES_2_5,LOW_RATE,1.0370455723915424
2026-10-05,8481030,2026020042,2025021263,2026-04-11,0,18.12,0.0,5,AGES_2_5,LOW_RATE,1.0370455723915424
2026-10-05,8481030,2026020042,2025020822,2026-01-25,0,2.9,0.0,6,AGES_6_9,LOW_RATE,1.0370455723915424
2026-10-05,8481030,2026020042,2025020800,2026-01-22,0,18.98,0.0,7,AGES_6_9,LOW_RATE,1.0370455723915424
2026-10-05,8481030,2026020042,2025020760,2026-01-17,0,16.1,0.0,9,AGES_6_9,LOW_RATE,1.0370455723915424
2026-10-05,8481030,2026020042,2025020741,2026-01-15,0,16.53,0.0,10,ABOUT_TO_EXIT,LOW_RATE,1.0370455723915424
2026-10-05,8481043,2026020042,2025021297,2026-04-14,0,12.77,0.0,2,AGES_2_5,LOW_RATE,8.665906499429875
2026-10-05,8481043,2026020042,2025021230,2026-04-06,3,10.9,16.51376146788991,6,AGES_6_9,HIGH_RATE,8.665906499429875
2026-10-05,8481043,2026020042,2025021215,2026-04-04,3,11.92,15.1006711409396,7,AGES_6_9,HIGH_RATE,8.665906499429875
2026-10-05,8481043,2026020042,2025021198,2026-04-02,0,12.57,0.0,8,AGES_6_9,LOW_RATE,8.665906499429875
2026-10-05,8481122,2026020040,2026020006,2026-09-30,0,18.48,0.0,2,AGES_2_5,LOW_RATE,5.319822672577581
2026-10-05,8481122,2026020040,2025021217,2026-04-04,0,14.98,0.0,10,ABOUT_TO_EXIT,LOW_RATE,5.319822672577581
2026-10-05,8481481,2026020042,2026020026,2026-10-03,0,14.82,0.0,1,MOST_RECENT,LOW_RATE,3.73366521468575
2026-10-05,8481481,2026020042,2026020006,2026-09-30,4,13.22,18.15431164901664,2,AGES_2_5,HIGH_RATE,3.73366521468575
2026-10-05,8481481,2026020042,2025021039,2026-03-12,0,10.35,0.0,4,AGES_2_5,LOW_RATE,3.73366521468575
2026-10-05,8481481,2026020042,2025021018,2026-03-10,0,14.2,0.0,5,AGES_2_5,LOW_RATE,3.73366521468575
2026-10-05,8481481,2026020042,2025020993,2026-03-07,0,15.03,0.0,7,AGES_6_9,LOW_RATE,3.73366521468575
2026-10-05,8481481,2026020042,2025020947,2026-03-01,0,14.13,0.0,9,AGES_6_9,LOW_RATE,3.73366521468575
2026-10-05,8481481,2026020042,2025020934,2026-02-28,0,14.48,0.0,10,ABOUT_TO_EXIT,LOW_RATE,3.73366521468575
2026-10-05,8481527,2026020042,2026010055,2026-09-26,0,20.75,0.0,3,AGES_2_5,LOW_RATE,3.814852492370295
2026-10-05,8481527,2026020042,2025021218,2026-04-04,0,11.92,0.0,8,AGES_6_9,LOW_RATE,3.814852492370295
2026-10-05,8481527,2026020042,2025021201,2026-04-02,0,13.75,0.0,9,AGES_6_9,LOW_RATE,3.814852492370295
2026-10-05,8481533,2026020040,2026020025,2026-10-03,0,22.88,0.0,1,MOST_RECENT,LOW_RATE,4.915615271178109
2026-10-05,8481533,2026020040,2026010040,2026-09-24,0,18.5,0.0,5,AGES_2_5,LOW_RATE,4.915615271178109
2026-10-05,8481533,2026020040,2025021272,2026-04-11,0,16.2,0.0,7,AGES_6_9,LOW_RATE,4.915615271178109
2026-10-05,8481546,2026020040,2026020025,2026-10-03,0,22.17,0.0,1,MOST_RECENT,LOW_RATE,1.6261631583702232
2026-10-05,8481546,2026020040,2025021284,2026-04-13,0,23.9,0.0,6,AGES_6_9,LOW_RATE,1.6261631583702232
2026-10-05,8481546,2026020040,2025021272,2026-04-11,0,21.63,0.0,7,AGES_6_9,LOW_RATE,1.6261631583702232
2026-10-05,8481546,2026020040,2025021250,2026-04-09,0,21.75,0.0,8,AGES_6_9,LOW_RATE,1.6261631583702232
2026-10-05,8481546,2026020040,2025021236,2026-04-07,0,21.75,0.0,9,AGES_6_9,LOW_RATE,1.6261631583702232
2026-10-05,8481582,2026020042,2026020006,2026-09-30,4,15.03,15.968063872255492,2,AGES_2_5,HIGH_RATE,8.123708401624741
2026-10-05,8481582,2026020042,2025021304,2026-04-15,0,13.05,0.0,5,AGES_2_5,LOW_RATE,8.123708401624741
2026-10-05,8481582,2026020042,2025021285,2026-04-13,6,14.53,24.77632484514797,6,AGES_6_9,HIGH_RATE,8.123708401624741
2026-10-05,8481582,2026020042,2025021252,2026-04-09,0,11.32,0.0,8,AGES_6_9,LOW_RATE,8.123708401624741
2026-10-05,8481596,2026020041,2025021262,2026-04-11,0,19.85,0.0,6,AGES_6_9,LOW_RATE,6.912442396313364
2026-10-05,8481596,2026020041,2025021249,2026-04-09,0,15.15,0.0,7,AGES_6_9,LOW_RATE,6.912442396313364
2026-10-05,8481606,2026020041,2026010064,2026-09-26,0,20.18,0.0,2,AGES_2_5,LOW_RATE,4.591134010100495
2026-10-05,8481606,2026020041,2025021249,2026-04-09,0,19.38,0.0,7,AGES_6_9,LOW_RATE,4.591134010100495
2026-10-05,8481624,2026020040,2026020010,2026-10-01,0,10.93,0.0,2,AGES_2_5,LOW_RATE,4.985937100485809
2026-10-05,8481624,2026020040,2026010043,2026-09-24,0,13.98,0.0,3,AGES_2_5,LOW_RATE,4.985937100485809
2026-10-05,8481624,2026020040,2025021288,2026-04-13,0,15.65,0.0,6,AGES_6_9,LOW_RATE,4.985937100485809
2026-10-05,8481624,2026020040,2025021255,2026-04-09,0,17.22,0.0,8,AGES_6_9,LOW_RATE,4.985937100485809
2026-10-05,8481641,2026020043,2025021289,2026-04-13,0,7.75,0.0,5,AGES_2_5,LOW_RATE,5.364060792688984
2026-10-05,8481641,2026020043,2025021274,2026-04-11,0,9.83,0.0,6,AGES_6_9,LOW_RATE,5.364060792688984
2026-10-05,8481641,2026020043,2025021188,2026-04-01,0,8.18,0.0,10,ABOUT_TO_EXIT,LOW_RATE,5.364060792688984
2026-10-05,8481719,2026020040,2025020781,2026-01-20,0,19.1,0.0,8,AGES_6_9,LOW_RATE,5.866058334691218
2026-10-05,8481719,2026020040,2025020767,2026-01-18,0,20.27,0.0,9,AGES_6_9,LOW_RATE,5.866058334691218
2026-10-05,8482095,2026020041,2026010064,2026-09-26,0,20.55,0.0,2,AGES_2_5,LOW_RATE,4.647080084680126
2026-10-05,8482095,2026020041,2026010035,2026-09-23,0,20.2,0.0,3,AGES_2_5,LOW_RATE,4.647080084680126
2026-10-05,8482095,2026020041,2025021191,2026-04-02,0,1.8,0.0,5,AGES_2_5,LOW_RATE,4.647080084680126
2026-10-05,8482142,2026020040,2026020025,2026-10-03,0,24.55,0.0,1,MOST_RECENT,LOW_RATE,3.922301083302204
2026-10-05,8482142,2026020040,2026020006,2026-09-30,0,17.35,0.0,3,AGES_2_5,LOW_RATE,3.922301083302204
2026-10-05,8482142,2026020040,2025021272,2026-04-11,0,17.53,0.0,7,AGES_6_9,LOW_RATE,3.922301083302204
2026-10-05,8482148,2026020042,2026020026,2026-10-03,0,11.37,0.0,1,MOST_RECENT,LOW_RATE,4.234961963767548
2026-10-05,8482148,2026020042,2025021295,2026-04-14,0,13.3,0.0,5,AGES_2_5,LOW_RATE,4.234961963767548
2026-10-05,8482148,2026020042,2025021213,2026-04-04,0,11.08,0.0,7,AGES_6_9,LOW_RATE,4.234961963767548
2026-10-05,8482148,2026020042,2025021194,2026-04-02,0,12.77,0.0,8,AGES_6_9,LOW_RATE,4.234961963767548
2026-10-05,8482149,2026020042,2026010048,2026-09-25,0,19.83,0.0,3,AGES_2_5,LOW_RATE,4.828525442614832
2026-10-05,8482149,2026020042,2025021290,2026-04-13,0,12.38,0.0,6,AGES_6_9,LOW_RATE,4.828525442614832
2026-10-05,8482159,2026020040,2025021284,2026-04-13,0,18.6,0.0,7,AGES_6_9,LOW_RATE,7.532956685499058
2026-10-05,8482159,2026020040,2025021236,2026-04-07,4,15.32,15.665796344647518,10,ABOUT_TO_EXIT,HIGH_RATE,7.532956685499058
2026-10-05,8482175,2026020041,2026020019,2026-10-02,5,20.08,14.940239043824702,2,AGES_2_5,HIGH_RATE,8.204518430439952
2026-10-05,8482175,2026020041,2025021297,2026-04-14,4,15.03,15.968063872255492,6,AGES_6_9,HIGH_RATE,8.204518430439952
2026-10-05,8482175,2026020041,2025021269,2026-04-11,0,13.72,0.0,8,AGES_6_9,LOW_RATE,8.204518430439952
2026-10-05,8482177,2026020041,2026020019,2026-10-02,0,15.92,0.0,2,AGES_2_5,LOW_RATE,2.429477662302605
2026-10-05,8482177,2026020041,2026020003,2026-09-29,0,13.38,0.0,3,AGES_2_5,LOW_RATE,2.429477662302605
2026-10-05,8482177,2026020041,2026010049,2026-09-25,0,12.92,0.0,4,AGES_2_5,LOW_RATE,2.429477662302605
2026-10-05,8482177,2026020041,2025021292,2026-04-14,0,15.37,0.0,6,AGES_6_9,LOW_RATE,2.429477662302605
2026-10-05,8482177,2026020041,2025021278,2026-04-12,0,15.63,0.0,7,AGES_6_9,LOW_RATE,2.429477662302605
2026-10-05,8482177,2026020041,2025021261,2026-04-11,0,12.92,0.0,8,AGES_6_9,LOW_RATE,2.429477662302605
2026-10-05,8482177,2026020041,2025021224,2026-04-05,0,13.77,0.0,10,ABOUT_TO_EXIT,LOW_RATE,2.429477662302605
2026-10-05,8482201,2026020040,2026020024,2026-10-03,0,15.78,0.0,1,MOST_RECENT,LOW_RATE,3.377533149862397
2026-10-05,8482201,2026020040,2026020010,2026-10-01,0,12.15,0.0,2,AGES_2_5,LOW_RATE,3.377533149862397
2026-10-05,8482201,2026020040,2025021302,2026-04-15,0,12.93,0.0,5,AGES_2_5,LOW_RATE,3.377533149862397
2026-10-05,8482201,2026020040,2025021229,2026-04-06,0,19.28,0.0,10,ABOUT_TO_EXIT,LOW_RATE,3.377533149862397
2026-10-05,8482511,2026020041,2026020031,2026-10-03,0,21.0,0.0,1,MOST_RECENT,LOW_RATE,1.9237962913482605
2026-10-05,8482511,2026020041,2026020019,2026-10-02,0,21.88,0.0,2,AGES_2_5,LOW_RATE,1.9237962913482605
2026-10-05,8482511,2026020041,2026020003,2026-09-29,0,19.35,0.0,3,AGES_2_5,LOW_RATE,1.9237962913482605
2026-10-05,8482511,2026020041,2026010049,2026-09-25,0,16.93,0.0,4,AGES_2_5,LOW_RATE,1.9237962913482605
2026-10-05,8482655,2026020040,2026020024,2026-10-03,0,19.38,0.0,1,MOST_RECENT,LOW_RATE,2.127659574468085
2026-10-05,8482655,2026020040,2026020010,2026-10-01,0,14.9,0.0,2,AGES_2_5,LOW_RATE,2.127659574468085
2026-10-05,8482655,2026020040,2026010043,2026-09-24,0,17.38,0.0,3,AGES_2_5,LOW_RATE,2.127659574468085
2026-10-05,8482655,2026020040,2026010011,2026-09-20,0,18.43,0.0,4,AGES_2_5,LOW_RATE,2.127659574468085
2026-10-05,8482655,2026020040,2025021261,2026-04-11,0,22.48,0.0,6,AGES_6_9,LOW_RATE,2.127659574468085
2026-10-05,8482655,2026020040,2025021248,2026-04-09,0,20.68,0.0,7,AGES_6_9,LOW_RATE,2.127659574468085
2026-10-05,8482655,2026020040,2025021210,2026-04-04,0,21.7,0.0,10,ABOUT_TO_EXIT,LOW_RATE,2.127659574468085
2026-10-05,8482667,2026020041,2026010036,2026-09-23,0,20.27,0.0,3,AGES_2_5,LOW_RATE,7.325065861337788
2026-10-05,8482740,2026020043,2025021301,2026-04-15,0,18.18,0.0,5,AGES_2_5,LOW_RATE,8.9126559714795
2026-10-05,8482758,2026020042,2025021263,2026-04-11,0,17.82,0.0,6,AGES_6_9,LOW_RATE,4.452690166975882
2026-10-05,8482758,2026020042,2025021138,2026-03-26,0,10.3,0.0,8,AGES_6_9,LOW_RATE,4.452690166975882
2026-10-05,8482758,2026020042,2025021126,2026-03-24,0,10.1,0.0,9,AGES_6_9,LOW_RATE,4.452690166975882
2026-10-05,8482758,2026020042,2025021067,2026-03-16,0,10.15,0.0,10,ABOUT_TO_EXIT,LOW_RATE,4.452690166975882
2026-10-05,8482765,2026020042,2026020035,2026-10-04,0,12.9,0.0,1,MOST_RECENT,LOW_RATE,5.877071259489021
2026-10-05,8482859,2026020043,2026020034,2026-10-03,3,10.23,17.59530791788856,1,MOST_RECENT,HIGH_RATE,4.711219682428895
2026-10-05,8482859,2026020043,2026020016,2026-10-01,0,11.48,0.0,2,AGES_2_5,LOW_RATE,4.711219682428895
2026-10-05,8482859,2026020043,2026010063,2026-09-26,0,13.83,0.0,3,AGES_2_5,LOW_RATE,4.711219682428895
2026-10-05,8482859,2026020043,2025021275,2026-04-11,0,10.85,0.0,7,AGES_6_9,LOW_RATE,4.711219682428895
2026-10-05,8482859,2026020043,2025021258,2026-04-09,0,8.35,0.0,8,AGES_6_9,LOW_RATE,4.711219682428895
2026-10-05,8482859,2026020043,2025021246,2026-04-08,0,11.4,0.0,9,AGES_6_9,LOW_RATE,4.711219682428895
2026-10-05,8483017,2026020041,2026010013,2026-09-20,0,21.75,0.0,3,AGES_2_5,LOW_RATE,5.07900677200903
2026-10-05,8483398,2026020042,2026010025,2026-09-22,0,12.73,0.0,4,AGES_2_5,LOW_RATE,3.4928396786587497
2026-10-05,8483398,2026020042,2025021302,2026-04-15,0,18.77,0.0,5,AGES_2_5,LOW_RATE,3.4928396786587497
2026-10-05,8483398,2026020042,2025021248,2026-04-09,0,5.03,0.0,8,AGES_6_9,LOW_RATE,3.4928396786587497
2026-10-05,8483398,2026020042,2025021030,2026-03-12,0,13.87,0.0,9,AGES_6_9,LOW_RATE,3.4928396786587497
2026-10-05,8483398,2026020042,2025021015,2026-03-10,0,20.58,0.0,10,ABOUT_TO_EXIT,LOW_RATE,3.4928396786587497
2026-10-05,8483425,2026020043,2026020030,2026-10-03,0,15.2,0.0,1,MOST_RECENT,LOW_RATE,1.0610079575596818
2026-10-05,8483425,2026020043,2026020020,2026-10-02,0,16.03,0.0,2,AGES_2_5,LOW_RATE,1.0610079575596818
2026-10-05,8483425,2026020043,2026010050,2026-09-25,0,15.17,0.0,3,AGES_2_5,LOW_RATE,1.0610079575596818
2026-10-05,8483425,2026020043,2026010034,2026-09-23,0,21.18,0.0,4,AGES_2_5,LOW_RATE,1.0610079575596818
2026-10-05,8483425,2026020043,2025021268,2026-04-11,0,14.85,0.0,6,AGES_6_9,LOW_RATE,1.0610079575596818
2026-10-05,8483425,2026020043,2025021239,2026-04-07,0,13.7,0.0,8,AGES_6_9,LOW_RATE,1.0610079575596818
2026-10-05,8483425,2026020043,2025021209,2026-04-04,0,15.93,0.0,9,AGES_6_9,LOW_RATE,1.0610079575596818
2026-10-05,8483447,2026020040,2026020010,2026-10-01,0,12.53,0.0,2,AGES_2_5,LOW_RATE,6.510618508758332
2026-10-05,8483447,2026020040,2025021234,2026-04-07,0,11.48,0.0,9,AGES_6_9,LOW_RATE,6.510618508758332
2026-10-05,8483460,2026020040,2026010057,2026-09-26,0,15.33,0.0,2,AGES_2_5,LOW_RATE,4.3763676148796495
2026-10-05,8483460,2026020040,2025020871,2026-01-31,0,13.85,0.0,6,AGES_6_9,LOW_RATE,4.3763676148796495
2026-10-05,8483460,2026020040,2025020817,2026-01-24,0,7.4,0.0,9,AGES_6_9,LOW_RATE,4.3763676148796495
2026-10-05,8483471,2026020042,2026020019,2026-10-02,0,11.78,0.0,2,AGES_2_5,LOW_RATE,6.036217303822937
2026-10-05,8483471,2026020042,2025021297,2026-04-14,0,13.43,0.0,6,AGES_6_9,LOW_RATE,6.036217303822937
2026-10-05,8483471,2026020042,2025021272,2026-04-11,0,12.9,0.0,8,AGES_6_9,LOW_RATE,6.036217303822937
2026-10-05,8483471,2026020042,2025021230,2026-04-06,3,10.87,16.55933762649494,10,ABOUT_TO_EXIT,HIGH_RATE,6.036217303822937
2026-10-05,8483489,2026020041,2025021292,2026-04-14,0,17.07,0.0,6,AGES_6_9,LOW_RATE,5.820651185351362
2026-10-05,8483489,2026020041,2025021237,2026-04-07,0,17.0,0.0,9,AGES_6_9,LOW_RATE,5.820651185351362
2026-10-05,8483505,2026020041,2025020843,2026-01-29,5,11.47,26.155187445510023,4,AGES_2_5,HIGH_RATE,7.428040854224698
2026-10-05,8483505,2026020041,2024020973,2025-03-04,0,15.7,0.0,6,AGES_6_9,LOW_RATE,7.428040854224698
2026-10-05,8483505,2026020041,2024020962,2025-03-02,0,14.5,0.0,7,AGES_6_9,LOW_RATE,7.428040854224698
2026-10-05,8483505,2026020041,2024020933,2025-02-27,0,7.13,0.0,9,AGES_6_9,LOW_RATE,7.428040854224698
2026-10-05,8483676,2026020041,2026010064,2026-09-26,0,13.2,0.0,2,AGES_2_5,LOW_RATE,7.331975560081466
2026-10-05,8483676,2026020041,2025020920,2026-02-26,0,6.63,0.0,9,AGES_6_9,LOW_RATE,7.331975560081466
2026-10-05,8483808,2026020042,2025020916,2026-02-25,0,13.58,0.0,3,AGES_2_5,LOW_RATE,5.511977952088191
2026-10-05,8483808,2026020042,2025020874,2026-02-01,0,14.08,0.0,6,AGES_6_9,LOW_RATE,5.511977952088191
2026-10-05,8484142,2026020040,2025021294,2026-04-14,0,17.63,0.0,2,AGES_2_5,LOW_RATE,3.839385698288274
2026-10-05,8484142,2026020040,2025021272,2026-04-11,0,12.32,0.0,4,AGES_2_5,LOW_RATE,3.839385698288274
2026-10-05,8484142,2026020040,2025021236,2026-04-07,0,13.0,0.0,6,AGES_6_9,LOW_RATE,3.839385698288274
2026-10-05,8484142,2026020040,2025021196,2026-04-02,0,13.93,0.0,7,AGES_6_9,LOW_RATE,3.839385698288274
2026-10-05,8484142,2026020040,2025021172,2026-03-29,0,14.7,0.0,9,AGES_6_9,LOW_RATE,3.839385698288274
2026-10-05,8484142,2026020040,2025021163,2026-03-28,0,14.73,0.0,10,ABOUT_TO_EXIT,LOW_RATE,3.839385698288274
2026-10-05,8484152,2026020043,2026010039,2026-09-24,0,19.28,0.0,3,AGES_2_5,LOW_RATE,4.789017187250572
2026-10-05,8484152,2026020043,2024021290,2025-04-14,0,17.73,0.0,7,AGES_6_9,LOW_RATE,4.789017187250572
2026-10-05,8484227,2026020043,2026010063,2026-09-26,0,15.85,0.0,3,AGES_2_5,LOW_RATE,6.0623070446253156
2026-10-05,8484227,2026020043,2026010039,2026-09-24,4,14.17,16.937191249117856,4,AGES_2_5,HIGH_RATE,6.0623070446253156
2026-10-05,8484227,2026020043,2025021305,2026-04-15,0,16.98,0.0,5,AGES_2_5,LOW_RATE,6.0623070446253156
2026-10-05,8484227,2026020043,2025021258,2026-04-09,0,16.97,0.0,8,AGES_6_9,LOW_RATE,6.0623070446253156
2026-10-05,8484321,2026020041,2026010065,2026-09-26,0,16.55,0.0,2,AGES_2_5,LOW_RATE,2.740083507306889
2026-10-05,8484321,2026020041,2025021304,2026-04-15,0,18.65,0.0,5,AGES_2_5,LOW_RATE,2.740083507306889
2026-10-05,8484321,2026020041,2025021279,2026-04-12,0,20.58,0.0,6,AGES_6_9,LOW_RATE,2.740083507306889
2026-10-05,8484321,2026020041,2025021262,2026-04-11,0,10.7,0.0,7,AGES_6_9,LOW_RATE,2.740083507306889
2026-10-05,8484321,2026020041,2025021225,2026-04-05,0,15.98,0.0,10,ABOUT_TO_EXIT,LOW_RATE,2.740083507306889
2026-10-05,8484387,2026020040,2025021294,2026-04-14,8,16.3,29.447852760736197,6,AGES_6_9,HIGH_RATE,9.702457956015524
2026-10-05,8484387,2026020040,2025021284,2026-04-13,4,15.55,15.434083601286172,7,AGES_6_9,HIGH_RATE,9.702457956015524
2026-10-05,8484387,2026020040,2025021250,2026-04-09,0,13.88,0.0,9,AGES_6_9,LOW_RATE,9.702457956015524
2026-10-05,8484387,2026020040,2025021236,2026-04-07,0,13.77,0.0,10,ABOUT_TO_EXIT,LOW_RATE,9.702457956015524
2026-10-05,8484759,2026020041,2025021152,2026-03-28,0,13.97,0.0,6,AGES_6_9,LOW_RATE,4.995836802664447
2026-10-05,8484806,2026020043,2025021305,2026-04-15,0,16.57,0.0,4,AGES_2_5,LOW_RATE,2.7049873203719357
2026-10-05,8484806,2026020043,2025021287,2026-04-13,0,19.75,0.0,5,AGES_2_5,LOW_RATE,2.7049873203719357
2026-10-05,8484806,2026020043,2025021246,2026-04-08,0,13.9,0.0,8,AGES_6_9,LOW_RATE,2.7049873203719357
2026-10-05,8484806,2026020043,2025021231,2026-04-06,0,16.37,0.0,9,AGES_6_9,LOW_RATE,2.7049873203719357
2026-10-05,8484829,2026020043,2026010050,2026-09-25,0,15.05,0.0,3,AGES_2_5,LOW_RATE,3.667930064800098
2026-10-05,8484829,2026020043,2025021254,2026-04-09,0,17.4,0.0,8,AGES_6_9,LOW_RATE,3.667930064800098
2026-10-05,8484829,2026020043,2025021209,2026-04-04,0,16.72,0.0,10,ABOUT_TO_EXIT,LOW_RATE,3.667930064800098
2026-10-05,8484911,2026020043,2026020016,2026-10-01,0,16.8,0.0,2,AGES_2_5,LOW_RATE,2.841245412572511
2026-10-05,8484911,2026020043,2026010063,2026-09-26,0,18.22,0.0,3,AGES_2_5,LOW_RATE,2.841245412572511
2026-10-05,8484911,2026020043,2025021258,2026-04-09,0,19.48,0.0,8,AGES_6_9,LOW_RATE,2.841245412572511
2026-10-05,8484911,2026020043,2025021246,2026-04-08,0,16.98,0.0,9,AGES_6_9,LOW_RATE,2.841245412572511
2026-10-05,8484938,2026020043,2026010001,2026-09-19,6,18.85,19.09814323607427,5,AGES_2_5,HIGH_RATE,8.222142084385142
2026-10-05,8484938,2026020043,2025021268,2026-04-11,0,10.72,0.0,7,AGES_6_9,LOW_RATE,8.222142084385142
2026-10-05,8484938,2026020043,2025021209,2026-04-04,4,9.9,24.24242424242424,10,ABOUT_TO_EXIT,HIGH_RATE,8.222142084385142
2026-10-05,8484994,2026020043,2025021305,2026-04-15,0,15.55,0.0,6,AGES_6_9,LOW_RATE,6.896551724137931
2026-10-05,8484994,2026020043,2025021246,2026-04-08,0,10.42,0.0,9,AGES_6_9,LOW_RATE,6.896551724137931
2026-10-05,8485402,2026020043,2026020034,2026-10-03,0,14.23,0.0,1,MOST_RECENT,LOW_RATE,9.097111667045713
2026-10-05,8485402,2026020043,2026020016,2026-10-01,4,11.57,20.743301642178047,2,AGES_2_5,HIGH_RATE,9.097111667045713
2026-10-05,8485402,2026020043,2026010039,2026-09-24,5,15.93,18.832391713747647,4,AGES_2_5,HIGH_RATE,9.097111667045713
2026-10-05,8485402,2026020043,2025021258,2026-04-09,0,12.73,0.0,9,AGES_6_9,LOW_RATE,9.097111667045713
2026-10-05,8485406,2026020040,2026020006,2026-09-30,0,14.08,0.0,3,AGES_2_5,LOW_RATE,7.755277897457992
2026-10-05,8485406,2026020040,2025021294,2026-04-14,5,17.62,17.0261066969353,7,AGES_6_9,HIGH_RATE,7.755277897457992
2026-10-05,8485406,2026020040,2025021284,2026-04-13,0,17.27,0.0,8,AGES_6_9,LOW_RATE,7.755277897457992
2026-10-05,8485414,2026020042,2026020026,2026-10-03,5,14.3,20.979020979020977,1,MOST_RECENT,HIGH_RATE,6.37910085054678
2026-10-05,8485414,2026020042,2025021211,2026-04-04,0,12.17,0.0,6,AGES_6_9,LOW_RATE,6.37910085054678
2026-10-05,8485414,2026020042,2025021183,2026-03-31,0,14.2,0.0,8,AGES_6_9,LOW_RATE,6.37910085054678
2026-10-05,8486103,2026020043,2026020034,2026-10-03,0,15.62,0.0,1,MOST_RECENT,LOW_RATE,5.964214711729622
2026-10-05,8486103,2026020043,2026020016,2026-10-01,0,13.58,0.0,2,AGES_2_5,LOW_RATE,5.964214711729622
2026-10-06,8470621,2026020052,2026020034,2026-10-03,3,9.95,18.090452261306535,1,MOST_RECENT,HIGH_RATE,7.19309462915601
2026-10-06,8470621,2026020052,2025021282,2026-04-13,0,13.48,0.0,3,AGES_2_5,LOW_RATE,7.19309462915601
2026-10-06,8470621,2026020052,2025021261,2026-04-11,3,9.17,19.629225736095965,4,AGES_2_5,HIGH_RATE,7.19309462915601
2026-10-06,8470621,2026020052,2025021248,2026-04-09,0,13.28,0.0,5,AGES_2_5,LOW_RATE,7.19309462915601
2026-10-06,8470621,2026020052,2025021180,2026-03-31,0,9.83,0.0,10,ABOUT_TO_EXIT,LOW_RATE,7.19309462915601
2026-10-06,8473419,2026020052,2025020893,2026-02-04,0,10.92,0.0,8,AGES_6_9,LOW_RATE,8.1702859600086
2026-10-06,8473422,2026020049,2026010004,2026-09-19,0,16.55,0.0,4,AGES_2_5,LOW_RATE,3.598740440845704
2026-10-06,8473422,2026020049,2025021296,2026-04-14,0,15.8,0.0,5,AGES_2_5,LOW_RATE,3.598740440845704
2026-10-06,8473422,2026020049,2025021254,2026-04-09,0,10.13,0.0,8,AGES_6_9,LOW_RATE,3.598740440845704
2026-10-06,8473422,2026020049,2025021222,2026-04-05,0,12.07,0.0,9,AGES_6_9,LOW_RATE,3.598740440845704
2026-10-06,8473422,2026020049,2025021208,2026-04-04,0,12.47,0.0,10,ABOUT_TO_EXIT,LOW_RATE,3.598740440845704
2026-10-06,8473512,2026020046,2025021304,2026-04-15,6,17.2,20.930232558139537,5,AGES_2_5,HIGH_RATE,9.098951093137874
2026-10-06,8473533,2026020045,2026020001,2026-09-29,0,17.28,0.0,3,AGES_2_5,LOW_RATE,5.469129800680602
2026-10-06,8473533,2026020045,2026010053,2026-09-26,0,13.37,0.0,4,AGES_2_5,LOW_RATE,5.469129800680602
2026-10-06,8474013,2026020050,2026020013,2026-10-01,0,14.87,0.0,2,AGES_2_5,LOW_RATE,2.3734177215189876
2026-10-06,8474013,2026020050,2026020005,2026-09-29,0,12.67,0.0,3,AGES_2_5,LOW_RATE,2.3734177215189876
2026-10-06,8474013,2026020050,2026010018,2026-09-21,0,16.77,0.0,5,AGES_2_5,LOW_RATE,2.3734177215189876
2026-10-06,8474141,2026020050,2026020022,2026-10-03,0,19.02,0.0,1,MOST_RECENT,LOW_RATE,6.094627105052125
2026-10-06,8474141,2026020050,2026020013,2026-10-01,0,19.32,0.0,2,AGES_2_5,LOW_RATE,6.094627105052125
2026-10-06,8474141,2026020050,2025021222,2026-04-05,5,19.15,15.66579634464752,10,ABOUT_TO_EXIT,HIGH_RATE,6.094627105052125
2026-10-06,8474189,2026020052,2026010043,2026-09-24,0,16.52,0.0,4,AGES_2_5,LOW_RATE,2.816020025031289
2026-10-06,8474189,2026020052,2025021304,2026-04-15,0,14.47,0.0,5,AGES_2_5,LOW_RATE,2.816020025031289
2026-10-06,8474189,2026020052,2025021279,2026-04-12,0,16.02,0.0,6,AGES_6_9,LOW_RATE,2.816020025031289
2026-10-06,8474189,2026020052,2025021262,2026-04-11,0,6.13,0.0,7,AGES_6_9,LOW_RATE,2.816020025031289
2026-10-06,8474189,2026020052,2025021249,2026-04-09,0,13.3,0.0,8,AGES_6_9,LOW_RATE,2.816020025031289
2026-10-06,8474189,2026020052,2025021225,2026-04-05,0,12.15,0.0,10,ABOUT_TO_EXIT,LOW_RATE,2.816020025031289
2026-10-06,8474563,2026020052,2026020034,2026-10-03,0,20.2,0.0,1,MOST_RECENT,LOW_RATE,2.9023746701846966
2026-10-06,8474563,2026020052,2025021291,2026-04-13,0,22.52,0.0,6,AGES_6_9,LOW_RATE,2.9023746701846966
2026-10-06,8474564,2026020044,2026010029,2026-09-22,0,19.48,0.0,4,AGES_2_5,LOW_RATE,9.00225056264066
2026-10-06,8474564,2026020044,2025021287,2026-04-13,9,22.83,23.653088042049937,5,AGES_2_5,HIGH_RATE,9.00225056264066
2026-10-06,8474567,2026020049,2026020031,2026-10-03,0,15.9,0.0,1,MOST_RECENT,LOW_RATE,1.7306028266512836
2026-10-06,8474567,2026020049,2026010050,2026-09-25,0,16.17,0.0,3,AGES_2_5,LOW_RATE,1.7306028266512836
2026-10-06,8474567,2026020049,2025021208,2026-04-04,0,14.13,0.0,4,AGES_2_5,LOW_RATE,1.7306028266512836
2026-10-06,8474567,2026020049,2025021155,2026-03-28,0,14.5,0.0,6,AGES_6_9,LOW_RATE,1.7306028266512836
2026-10-06,8474567,2026020049,2025021127,2026-03-24,0,11.87,0.0,7,AGES_6_9,LOW_RATE,1.7306028266512836
2026-10-06,8474567,2026020049,2025021101,2026-03-21,0,10.0,0.0,8,AGES_6_9,LOW_RATE,1.7306028266512836
2026-10-06,8474586,2026020051,2026010056,2026-09-26,0,16.58,0.0,4,AGES_2_5,LOW_RATE,4.8479252034397184
2026-10-06,8474586,2026020051,2025021306,2026-04-15,0,15.02,0.0,6,AGES_6_9,LOW_RATE,4.8479252034397184
2026-10-06,8474586,2026020051,2025021240,2026-04-07,0,18.43,0.0,10,ABOUT_TO_EXIT,LOW_RATE,4.8479252034397184
2026-10-06,8474600,2026020044,2026020030,2026-10-03,0,24.63,0.0,1,MOST_RECENT,LOW_RATE,6.022403340426386
2026-10-06,8474716,2026020049,2025021254,2026-04-09,0,17.37,0.0,5,AGES_2_5,LOW_RATE,4.066647839593335
2026-10-06,8474716,2026020049,2025021222,2026-04-05,0,17.0,0.0,7,AGES_6_9,LOW_RATE,4.066647839593335
2026-10-06,8474716,2026020049,2025021199,2026-04-02,0,17.37,0.0,9,AGES_6_9,LOW_RATE,4.066647839593335
2026-10-06,8475151,2026020048,2025020381,2025-11-28,0,9.42,0.0,5,AGES_2_5,LOW_RATE,8.18367810866106
2026-10-06,8475151,2026020048,2025020365,2025-11-26,6,22.47,16.021361815754343,6,AGES_6_9,HIGH_RATE,8.18367810866106
2026-10-06,8475158,2026020044,2026010029,2026-09-22,0,19.15,0.0,4,AGES_2_5,LOW_RATE,4.942339373970346
2026-10-06,8475166,2026020044,2026010035,2026-09-23,5,14.97,20.04008016032064,4,AGES_2_5,HIGH_RATE,7.501223025493287
2026-10-06,8475166,2026020044,2025021304,2026-04-15,0,20.08,0.0,6,AGES_6_9,LOW_RATE,7.501223025493287
2026-10-06,8475170,2026020048,2026020029,2026-10-03,4,14.67,16.359918200409,1,MOST_RECENT,HIGH_RATE,5.151983513652756
2026-10-06,8475170,2026020048,2025021214,2026-04-04,0,17.18,0.0,8,AGES_6_9,LOW_RATE,5.151983513652756
2026-10-06,8475170,2026020048,2025021205,2026-04-03,0,14.85,0.0,9,AGES_6_9,LOW_RATE,5.151983513652756
2026-10-06,8475171,2026020044,2026020023,2026-10-03,0,17.13,0.0,1,MOST_RECENT,LOW_RATE,2.4596464258262873
2026-10-06,8475171,2026020044,2026010007,2026-09-19,0,23.88,0.0,5,AGES_2_5,LOW_RATE,2.4596464258262873
2026-10-06,8475171,2026020044,2025021285,2026-04-13,0,22.5,0.0,7,AGES_6_9,LOW_RATE,2.4596464258262873
2026-10-06,8475179,2026020052,2026020037,2026-10-04,0,17.82,0.0,1,MOST_RECENT,LOW_RATE,2.8493410898729667
2026-10-06,8475179,2026020052,2026020016,2026-10-01,0,17.47,0.0,2,AGES_2_5,LOW_RATE,2.8493410898729667
2026-10-06,8475179,2026020052,2026020001,2026-09-29,0,11.77,0.0,3,AGES_2_5,LOW_RATE,2.8493410898729667
2026-10-06,8475179,2026020052,2026010026,2026-09-22,0,14.08,0.0,4,AGES_2_5,LOW_RATE,2.8493410898729667
2026-10-06,8475184,2026020045,2025021206,2026-04-03,0,15.78,0.0,9,AGES_6_9,LOW_RATE,6.401004079071227
2026-10-06,8475188,2026020051,2026020021,2026-10-02,0,17.95,0.0,2,AGES_2_5,LOW_RATE,3.432672803869558
2026-10-06,8475188,2026020051,2026010063,2026-09-26,0,18.28,0.0,4,AGES_2_5,LOW_RATE,3.432672803869558
2026-10-06,8475208,2026020052,2026020034,2026-10-03,0,14.93,0.0,1,MOST_RECENT,LOW_RATE,1.416096294548029
2026-10-06,8475208,2026020052,2026010033,2026-09-23,0,20.82,0.0,4,AGES_2_5,LOW_RATE,1.416096294548029
2026-10-06,8475208,2026020052,2025021300,2026-04-14,0,17.25,0.0,5,AGES_2_5,LOW_RATE,1.416096294548029
2026-10-06,8475208,2026020052,2025021291,2026-04-13,0,18.42,0.0,6,AGES_6_9,LOW_RATE,1.416096294548029
2026-10-06,8475208,2026020052,2025021264,2026-04-11,0,15.92,0.0,7,AGES_6_9,LOW_RATE,1.416096294548029
2026-10-06,8475208,2026020052,2025021260,2026-04-09,0,17.45,0.0,8,AGES_6_9,LOW_RATE,1.416096294548029
2026-10-06,8475208,2026020052,2025021232,2026-04-06,0,16.05,0.0,9,AGES_6_9,LOW_RATE,1.416096294548029
2026-10-06,8475220,2026020049,2025021208,2026-04-04,0,12.15,0.0,8,AGES_6_9,LOW_RATE,5.464933344373603
2026-10-06,8475220,2026020049,2025021199,2026-04-02,0,13.1,0.0,9,AGES_6_9,LOW_RATE,5.464933344373603
2026-10-06,8475231,2026020048,2026020029,2026-10-03,4,14.08,17.045454545454547,1,MOST_RECENT,HIGH_RATE,7.108443250928047
2026-10-06,8475231,2026020048,2026020008,2026-09-30,0,9.48,0.0,2,AGES_2_5,LOW_RATE,7.108443250928047
2026-10-06,8475231,2026020048,2026010062,2026-09-26,0,14.07,0.0,3,AGES_2_5,LOW_RATE,7.108443250928047
2026-10-06,8475231,2026020048,2026010027,2026-09-22,0,12.82,0.0,4,AGES_2_5,LOW_RATE,7.108443250928047
2026-10-06,8475231,2026020048,2025021262,2026-04-11,6,13.48,26.706231454005938,7,AGES_6_9,HIGH_RATE,7.108443250928047
2026-10-06,8475231,2026020048,2025021214,2026-04-04,0,14.47,0.0,9,AGES_6_9,LOW_RATE,7.108443250928047
2026-10-06,8475231,2026020048,2025021205,2026-04-03,0,12.07,0.0,10,ABOUT_TO_EXIT,LOW_RATE,7.108443250928047
2026-10-06,8475287,2026020052,2025021267,2026-04-11,0,15.13,0.0,6,AGES_6_9,LOW_RATE,7.932011331444759
2026-10-06,8475287,2026020052,2025021257,2026-04-09,4,14.92,16.0857908847185,7,AGES_6_9,HIGH_RATE,7.932011331444759
2026-10-06,8475314,2026020047,2026020013,2026-10-01,4,12.12,19.8019801980198,3,AGES_2_5,HIGH_RATE,10.201305767138194
2026-10-06,8475343,2026020051,2026020005,2026-09-29,0,12.62,0.0,3,AGES_2_5,LOW_RATE,4.620123203285421
2026-10-06,8475343,2026020051,2026010047,2026-09-24,0,11.93,0.0,5,AGES_2_5,LOW_RATE,4.620123203285421
2026-10-06,8475343,2026020051,2025021306,2026-04-15,0,12.02,0.0,6,AGES_6_9,LOW_RATE,4.620123203285421
2026-10-06,8475343,2026020051,2025021259,2026-04-09,0,12.08,0.0,9,AGES_6_9,LOW_RATE,4.620123203285421
2026-10-06,8475455,2026020047,2026020029,2026-10-03,0,13.22,0.0,1,MOST_RECENT,LOW_RATE,2.669929914339749
2026-10-06,8475455,2026020047,2026020009,2026-10-01,0,14.8,0.0,2,AGES_2_5,LOW_RATE,2.669929914339749
2026-10-06,8475455,2026020047,2025021279,2026-04-12,0,20.97,0.0,6,AGES_6_9,LOW_RATE,2.669929914339749
2026-10-06,8475455,2026020047,2025021251,2026-04-09,0,21.4,0.0,8,AGES_6_9,LOW_RATE,2.669929914339749
2026-10-06,8475455,2026020047,2025021226,2026-04-05,0,14.12,0.0,10,ABOUT_TO_EXIT,LOW_RATE,2.669929914339749
2026-10-06,8475462,2026020052,2026020037,2026-10-04,0,15.78,0.0,1,MOST_RECENT,LOW_RATE,3.4132466477041854
2026-10-06,8475462,2026020052,2026020001,2026-09-29,0,10.75,0.0,3,AGES_2_5,LOW_RATE,3.4132466477041854
2026-10-06,8475462,2026020052,2025021280,2026-04-12,0,10.08,0.0,6,AGES_6_9,LOW_RATE,3.4132466477041854
2026-10-06,8475462,2026020052,2025021176,2026-03-30,0,7.08,0.0,7,AGES_6_9,LOW_RATE,3.4132466477041854
2026-10-06,8475690,2026020044,2026020023,2026-10-03,0,17.47,0.0,1,MOST_RECENT,LOW_RATE,1.37221269296741
2026-10-06,8475690,2026020044,2026020008,2026-09-30,0,20.65,0.0,2,AGES_2_5,LOW_RATE,1.37221269296741
2026-10-06,8475690,2026020044,2026010006,2026-09-19,0,18.38,0.0,5,AGES_2_5,LOW_RATE,1.37221269296741
2026-10-06,8475690,2026020044,2025020590,2025-12-27,0,21.45,0.0,7,AGES_6_9,LOW_RATE,1.37221269296741
2026-10-06,8475690,2026020044,2025020188,2025-11-01,0,14.83,0.0,9,AGES_6_9,LOW_RATE,1.37221269296741
2026-10-06,8475690,2026020044,2025020098,2025-10-21,0,5.95,0.0,10,ABOUT_TO_EXIT,LOW_RATE,1.37221269296741
2026-10-06,8475692,2026020052,2026020007,2026-09-30,0,17.98,0.0,2,AGES_2_5,LOW_RATE,5.017841213202498
2026-10-06,8475692,2026020052,2025021222,2026-04-05,0,18.18,0.0,6,AGES_6_9,LOW_RATE,5.017841213202498
2026-10-06,8475753,2026020046,2026010061,2026-09-26,0,16.68,0.0,3,AGES_2_5,LOW_RATE,6.989819176416958
2026-10-06,8475753,2026020046,2025021235,2026-04-07,6,23.67,15.20912547528517,9,AGES_6_9,HIGH_RATE,6.989819176416958
2026-10-06,8475753,2026020046,2025021196,2026-04-02,0,10.82,0.0,10,ABOUT_TO_EXIT,LOW_RATE,6.989819176416958
2026-10-06,8475764,2026020050,2025021253,2026-04-09,0,16.78,0.0,8,AGES_6_9,LOW_RATE,3.159708923783991
2026-10-06,8475764,2026020050,2025021238,2026-04-07,0,18.78,0.0,9,AGES_6_9,LOW_RATE,3.159708923783991
2026-10-06,8475764,2026020050,2025021228,2026-04-05,0,21.83,0.0,10,ABOUT_TO_EXIT,LOW_RATE,3.159708923783991
2026-10-06,8475913,2026020051,2026020021,2026-10-02,0,20.65,0.0,2,AGES_2_5,LOW_RATE,7.056182177794408
2026-10-06,8476292,2026020048,2026020029,2026-10-03,4,12.45,19.277108433734934,1,MOST_RECENT,HIGH_RATE,4.990019960079841
2026-10-06,8476292,2026020048,2026010062,2026-09-26,0,14.97,0.0,3,AGES_2_5,LOW_RATE,4.990019960079841
2026-10-06,8476292,2026020048,2025021293,2026-04-14,0,11.8,0.0,5,AGES_2_5,LOW_RATE,4.990019960079841
2026-10-06,8476292,2026020048,2025021262,2026-04-11,0,10.6,0.0,6,AGES_6_9,LOW_RATE,4.990019960079841
2026-10-06,8476292,2026020048,2025021252,2026-04-09,0,10.68,0.0,7,AGES_6_9,LOW_RATE,4.990019960079841
2026-10-06,8476292,2026020048,2025021205,2026-04-03,0,9.82,0.0,9,AGES_6_9,LOW_RATE,4.990019960079841
2026-10-06,8476389,2026020047,2026020027,2026-10-03,0,17.45,0.0,2,AGES_2_5,LOW_RATE,4.855678446182897
2026-10-06,8476389,2026020047,2025021302,2026-04-15,0,20.32,0.0,6,AGES_6_9,LOW_RATE,4.855678446182897
2026-10-06,8476389,2026020047,2025021244,2026-04-08,0,18.8,0.0,9,AGES_6_9,LOW_RATE,4.855678446182897
2026-10-06,8476393,2026020046,2026020023,2026-10-03,0,7.35,0.0,2,AGES_2_5,LOW_RATE,5.054759898904802
2026-10-06,8476393,2026020046,2025021262,2026-04-11,0,10.92,0.0,8,AGES_6_9,LOW_RATE,5.054759898904802
2026-10-06,8476393,2026020046,2025021249,2026-04-09,0,14.52,0.0,9,AGES_6_9,LOW_RATE,5.054759898904802
2026-10-06,8476399,2026020049,2025021174,2026-03-30,6,16.4,21.951219512195124,10,ABOUT_TO_EXIT,HIGH_RATE,10.163749294184075
2026-10-06,8476419,2026020048,2026010062,2026-09-26,0,15.28,0.0,3,AGES_2_5,LOW_RATE,4.563605248146035
2026-10-06,8476419,2026020048,2025021293,2026-04-14,0,14.93,0.0,5,AGES_2_5,LOW_RATE,4.563605248146035
2026-10-06,8476422,2026020045,2025021284,2026-04-13,0,12.22,0.0,5,AGES_2_5,LOW_RATE,5.273833671399594
2026-10-06,8476441,2026020052,2025021291,2026-04-13,0,16.65,0.0,5,AGES_2_5,LOW_RATE,5.780346820809249
2026-10-06,8476448,2026020051,2025020242,2025-11-08,0,5.05,0.0,6,AGES_6_9,LOW_RATE,7.170713297270097
2026-10-06,8476448,2026020051,2025020225,2025-11-06,5,16.07,18.66832607342875,7,AGES_6_9,HIGH_RATE,7.170713297270097
2026-10-06,8476457,2026020051,2026020028,2026-10-03,0,23.65,0.0,2,AGES_2_5,LOW_RATE,3.821656050955414
2026-10-06,8476457,2026020051,2026010056,2026-09-26,0,18.82,0.0,4,AGES_2_5,LOW_RATE,3.821656050955414
2026-10-06,8476457,2026020051,2025021273,2026-04-11,0,17.25,0.0,8,AGES_6_9,LOW_RATE,3.821656050955414
2026-10-06,8476459,2026020048,2026020036,2026-10-04,0,24.53,0.0,1,MOST_RECENT,LOW_RATE,4.782543715438649
2026-10-06,8476462,2026020047,2026020009,2026-10-01,6,21.53,16.72085462145843,2,AGES_2_5,HIGH_RATE,6.8493150684931505
2026-10-06,8476462,2026020047,2025021226,2026-04-05,0,20.85,0.0,10,ABOUT_TO_EXIT,LOW_RATE,6.8493150684931505
2026-10-06,8476463,2026020049,2026020031,2026-10-03,0,21.65,0.0,1,MOST_RECENT,LOW_RATE,3.5422928295405756
2026-10-06,8476463,2026020049,2026020012,2026-10-01,0,20.47,0.0,2,AGES_2_5,LOW_RATE,3.5422928295405756
2026-10-06,8476463,2026020049,2026010050,2026-09-25,0,19.9,0.0,3,AGES_2_5,LOW_RATE,3.5422928295405756
2026-10-06,8476463,2026020049,2025021254,2026-04-09,0,16.58,0.0,6,AGES_6_9,LOW_RATE,3.5422928295405756
2026-10-06,8476468,2026020048,2026010027,2026-09-22,0,19.02,0.0,6,AGES_6_9,LOW_RATE,5.3920467310716695
2026-10-06,8476469,2026020052,2025021300,2026-04-14,4,13.45,17.843866171003718,5,AGES_2_5,HIGH_RATE,7.293528780836611
2026-10-06,8476469,2026020052,2025021291,2026-04-13,0,13.73,0.0,6,AGES_6_9,LOW_RATE,7.293528780836611
2026-10-06,8476479,2026020045,2026020026,2026-10-03,0,11.4,0.0,1,MOST_RECENT,LOW_RATE,6.305170239596469
2026-10-06,8476479,2026020045,2026020002,2026-09-29,0,15.62,0.0,2,AGES_2_5,LOW_RATE,6.305170239596469
2026-10-06,8476479,2026020045,2025021271,2026-04-11,0,12.75,0.0,6,AGES_6_9,LOW_RATE,6.305170239596469
2026-10-06,8476479,2026020045,2025021226,2026-04-05,0,14.2,0.0,9,AGES_6_9,LOW_RATE,6.305170239596469
2026-10-06,8476539,2026020044,2026020012,2026-10-01,0,17.33,0.0,2,AGES_2_5,LOW_RATE,6.0036021612967785
2026-10-06,8476539,2026020044,2026010053,2026-09-26,0,16.57,0.0,3,AGES_2_5,LOW_RATE,6.0036021612967785
2026-10-06,8476539,2026020044,2025021287,2026-04-13,0,18.48,0.0,5,AGES_2_5,LOW_RATE,6.0036021612967785
2026-10-06,8476853,2026020044,2025021217,2026-04-04,0,22.3,0.0,10,ABOUT_TO_EXIT,LOW_RATE,4.449498195481287
2026-10-06,8476869,2026020044,2026020012,2026-10-01,0,20.88,0.0,2,AGES_2_5,LOW_RATE,3.281826883631888
2026-10-06,8476869,2026020044,2025021287,2026-04-13,0,23.03,0.0,5,AGES_2_5,LOW_RATE,3.281826883631888
2026-10-06,8476869,2026020044,2025021257,2026-04-09,0,22.78,0.0,7,AGES_6_9,LOW_RATE,3.281826883631888
2026-10-06,8476872,2026020052,2026020034,2026-10-03,0,13.5,0.0,1,MOST_RECENT,LOW_RATE,7.491186839012926
2026-10-06,8476872,2026020052,2025021264,2026-04-11,0,14.42,0.0,7,AGES_6_9,LOW_RATE,7.491186839012926
2026-10-06,8476872,2026020052,2025021260,2026-04-09,0,14.17,0.0,8,AGES_6_9,LOW_RATE,7.491186839012926
2026-10-06,8476872,2026020052,2025021232,2026-04-06,5,15.08,19.893899204244033,9,AGES_6_9,HIGH_RATE,7.491186839012926
2026-10-06,8476873,2026020045,2026020025,2026-10-03,0,12.02,0.0,1,MOST_RECENT,LOW_RATE,4.369038083448627
2026-10-06,8476873,2026020045,2026020018,2026-10-02,0,12.58,0.0,2,AGES_2_5,LOW_RATE,4.369038083448627
2026-10-06,8476873,2026020045,2026020001,2026-09-29,0,13.22,0.0,3,AGES_2_5,LOW_RATE,4.369038083448627
2026-10-06,8476873,2026020045,2025021237,2026-04-07,0,8.08,0.0,9,AGES_6_9,LOW_RATE,4.369038083448627
2026-10-06,8476874,2026020049,2026020012,2026-10-01,0,21.57,0.0,2,AGES_2_5,LOW_RATE,1.047211798586264
2026-10-06,8476874,2026020049,2026010050,2026-09-25,0,20.27,0.0,3,AGES_2_5,LOW_RATE,1.047211798586264
2026-10-06,8476874,2026020049,2026010004,2026-09-19,0,21.22,0.0,4,AGES_2_5,LOW_RATE,1.047211798586264
2026-10-06,8476874,2026020049,2025021281,2026-04-12,0,23.13,0.0,6,AGES_6_9,LOW_RATE,1.047211798586264
2026-10-06,8476874,2026020049,2025021273,2026-04-11,0,23.1,0.0,7,AGES_6_9,LOW_RATE,1.047211798586264
2026-10-06,8476874,2026020049,2025021239,2026-04-07,0,30.0,0.0,9,AGES_6_9,LOW_RATE,1.047211798586264
2026-10-06,8476875,2026020045,2025021248,2026-04-09,0,25.65,0.0,7,AGES_6_9,LOW_RATE,4.5481344226396025
2026-10-06,8476875,2026020045,2025021212,2026-04-04,0,24.02,0.0,10,ABOUT_TO_EXIT,LOW_RATE,4.5481344226396025
2026-10-06,8476879,2026020052,2026010052,2026-09-26,0,20.55,0.0,3,AGES_2_5,LOW_RATE,2.347417840375587
2026-10-06,8476879,2026020052,2026010030,2026-09-22,0,16.48,0.0,4,AGES_2_5,LOW_RATE,2.347417840375587
2026-10-06,8476879,2026020052,2025021260,2026-04-09,0,18.05,0.0,8,AGES_6_9,LOW_RATE,2.347417840375587
2026-10-06,8476879,2026020052,2025021232,2026-04-06,0,17.75,0.0,9,AGES_6_9,LOW_RATE,2.347417840375587
2026-10-06,8476881,2026020051,2026020021,2026-10-02,5,17.38,17.26121979286536,2,AGES_2_5,HIGH_RATE,9.690644800596347
2026-10-06,8476881,2026020051,2026020005,2026-09-29,4,15.75,15.238095238095235,3,AGES_2_5,HIGH_RATE,9.690644800596347
2026-10-06,8476881,2026020051,2025021242,2026-04-07,0,13.27,0.0,10,ABOUT_TO_EXIT,LOW_RATE,9.690644800596347
2026-10-06,8476882,2026020050,2026010018,2026-09-21,0,16.0,0.0,4,AGES_2_5,LOW_RATE,4.690318701142513
2026-10-06,8476887,2026020044,2026010029,2026-09-22,5,19.92,15.06024096385542,4,AGES_2_5,HIGH_RATE,6.72748585698996
2026-10-06,8476887,2026020044,2025021257,2026-04-09,0,18.02,0.0,7,AGES_6_9,LOW_RATE,6.72748585698996
2026-10-06,8476892,2026020050,2025021238,2026-04-07,0,20.85,0.0,9,AGES_6_9,LOW_RATE,4.005531448190358
2026-10-06,8476905,2026020051,2026010038,2026-09-24,0,15.98,0.0,5,AGES_2_5,LOW_RATE,3.0846566891351537
2026-10-06,8476905,2026020051,2025021306,2026-04-15,0,18.28,0.0,6,AGES_6_9,LOW_RATE,3.0846566891351537
2026-10-06,8476905,2026020051,2025021240,2026-04-07,0,16.03,0.0,10,ABOUT_TO_EXIT,LOW_RATE,3.0846566891351537
2026-10-06,8476906,2026020045,2026020025,2026-10-03,4,15.65,15.335463258785945,1,MOST_RECENT,HIGH_RATE,5.005213764337852
2026-10-06,8476906,2026020045,2026020018,2026-10-02,0,22.67,0.0,2,AGES_2_5,LOW_RATE,5.005213764337852
2026-10-06,8476906,2026020045,2026010053,2026-09-26,0,20.13,0.0,4,AGES_2_5,LOW_RATE,5.005213764337852
2026-10-06,8476906,2026020045,2025021293,2026-04-14,0,19.28,0.0,5,AGES_2_5,LOW_RATE,5.005213764337852
2026-10-06,8476917,2026020048,2026020029,2026-10-03,0,19.88,0.0,1,MOST_RECENT,LOW_RATE,3.491694000634854
2026-10-06,8476917,2026020048,2026020008,2026-09-30,0,19.85,0.0,2,AGES_2_5,LOW_RATE,3.491694000634854
2026-10-06,8476917,2026020048,2026010062,2026-09-26,0,16.45,0.0,3,AGES_2_5,LOW_RATE,3.491694000634854
2026-10-06,8476917,2026020048,2025021277,2026-04-12,0,19.5,0.0,6,AGES_6_9,LOW_RATE,3.491694000634854
2026-10-06,8476921,2026020045,2026020001,2026-09-29,0,13.83,0.0,3,AGES_2_5,LOW_RATE,5.600746766235498
2026-10-06,8476921,2026020045,2025021269,2026-04-11,0,17.8,0.0,7,AGES_6_9,LOW_RATE,5.600746766235498
2026-10-06,8476921,2026020045,2025021237,2026-04-07,0,14.82,0.0,8,AGES_6_9,LOW_RATE,5.600746766235498
2026-10-06,8476925,2026020044,2026020023,2026-10-03,4,14.4,16.666666666666668,1,MOST_RECENT,HIGH_RATE,4.773902665428988
2026-10-06,8476925,2026020044,2026020002,2026-09-29,0,14.97,0.0,3,AGES_2_5,LOW_RATE,4.773902665428988
2026-10-06,8476925,2026020044,2025021274,2026-04-11,0,13.75,0.0,8,AGES_6_9,LOW_RATE,4.773902665428988
2026-10-06,8476925,2026020044,2025021259,2026-04-09,0,14.53,0.0,9,AGES_6_9,LOW_RATE,4.773902665428988
2026-10-06,8476927,2026020044,2026020023,2026-10-03,0,10.4,0.0,1,MOST_RECENT,LOW_RATE,3.723624327678941
2026-10-06,8476927,2026020044,2026020008,2026-09-30,0,12.53,0.0,2,AGES_2_5,LOW_RATE,3.723624327678941
2026-10-06,8476927,2026020044,2025021280,2026-04-12,0,14.72,0.0,7,AGES_6_9,LOW_RATE,3.723624327678941
2026-10-06,8476927,2026020044,2025021242,2026-04-07,0,14.63,0.0,10,ABOUT_TO_EXIT,LOW_RATE,3.723624327678941
2026-10-06,8476931,2026020044,2025021252,2026-04-09,0,25.1,0.0,9,AGES_6_9,LOW_RATE,3.360488798370672
2026-10-06,8476931,2026020044,2025021245,2026-04-08,0,22.13,0.0,10,ABOUT_TO_EXIT,LOW_RATE,3.360488798370672
2026-10-06,8476958,2026020045,2026010010,2026-09-20,0,13.77,0.0,5,AGES_2_5,LOW_RATE,4.390029754646115
2026-10-06,8476958,2026020045,2025021255,2026-04-09,0,15.97,0.0,7,AGES_6_9,LOW_RATE,4.390029754646115
2026-10-06,8476979,2026020052,2024021081,2025-03-18,0,13.57,0.0,6,AGES_6_9,LOW_RATE,5.15053038199767
2026-10-06,8476979,2026020052,2024021036,2025-03-12,0,19.02,0.0,9,AGES_6_9,LOW_RATE,5.15053038199767
2026-10-06,8476981,2026020045,2026010006,2026-09-19,0,17.63,0.0,4,AGES_2_5,LOW_RATE,4.397859708275306
2026-10-06,8476981,2026020045,2025021277,2026-04-12,0,15.68,0.0,5,AGES_2_5,LOW_RATE,4.397859708275306
2026-10-06,8476981,2026020045,2025021226,2026-04-05,0,11.52,0.0,9,AGES_6_9,LOW_RATE,4.397859708275306
2026-10-06,8476981,2026020045,2025021212,2026-04-04,0,14.5,0.0,10,ABOUT_TO_EXIT,LOW_RATE,4.397859708275306
2026-10-06,8477021,2026020044,2025021281,2026-04-12,0,15.02,0.0,6,AGES_6_9,LOW_RATE,3.8461538461538463
2026-10-06,8477021,2026020044,2025021269,2026-04-11,0,15.6,0.0,7,AGES_6_9,LOW_RATE,3.8461538461538463
2026-10-06,8477021,2026020044,2025021257,2026-04-09,0,15.78,0.0,8,AGES_6_9,LOW_RATE,3.8461538461538463
2026-10-06,8477021,2026020044,2025021216,2026-04-04,0,16.0,0.0,10,ABOUT_TO_EXIT,LOW_RATE,3.8461538461538463
2026-10-06,8477220,2026020047,2026020027,2026-10-03,0,21.55,0.0,2,AGES_2_5,LOW_RATE,2.535122002746382
2026-10-06,8477220,2026020047,2026020013,2026-10-01,0,18.93,0.0,3,AGES_2_5,LOW_RATE,2.535122002746382
2026-10-06,8477220,2026020047,2025021269,2026-04-11,0,15.67,0.0,8,AGES_6_9,LOW_RATE,2.535122002746382
2026-10-06,8477220,2026020047,2025021257,2026-04-09,0,18.15,0.0,9,AGES_6_9,LOW_RATE,2.535122002746382
2026-10-06,8477220,2026020047,2025021241,2026-04-07,0,17.22,0.0,10,ABOUT_TO_EXIT,LOW_RATE,2.535122002746382
2026-10-06,8477346,2026020047,2026020036,2026-10-04,0,22.0,0.0,1,MOST_RECENT,LOW_RATE,4.780162326345666
2026-10-06,8477346,2026020047,2025021297,2026-04-14,0,18.88,0.0,6,AGES_6_9,LOW_RATE,4.780162326345666
2026-10-06,8477402,2026020050,2026020020,2026-10-02,0,17.18,0.0,2,AGES_2_5,LOW_RATE,4.773561811505508
2026-10-06,8477402,2026020050,2025021253,2026-04-09,0,16.98,0.0,8,AGES_6_9,LOW_RATE,4.773561811505508
2026-10-06,8477407,2026020048,2026020029,2026-10-03,0,11.62,0.0,1,MOST_RECENT,LOW_RATE,5.922101586819528
2026-10-06,8477407,2026020048,2026020008,2026-09-30,4,12.28,19.54397394136808,2,AGES_2_5,HIGH_RATE,5.922101586819528
2026-10-06,8477407,2026020048,2025021179,2026-03-31,0,11.48,0.0,6,AGES_6_9,LOW_RATE,5.922101586819528
2026-10-06,8477407,2026020048,2025021068,2026-03-17,0,13.6,0.0,9,AGES_6_9,LOW_RATE,5.922101586819528
2026-10-06,8477409,2026020052,2026020016,2026-10-01,0,17.23,0.0,2,AGES_2_5,LOW_RATE,6.710337114555041
2026-10-06,8477416,2026020048,2026020036,2026-10-04,0,7.82,0.0,1,MOST_RECENT,LOW_RATE,5.6197315017171405
2026-10-06,8477416,2026020048,2026020017,2026-10-02,0,13.37,0.0,2,AGES_2_5,LOW_RATE,5.6197315017171405
2026-10-06,8477416,2026020048,2026020003,2026-09-29,4,14.55,16.49484536082474,4,AGES_2_5,HIGH_RATE,5.6197315017171405
2026-10-06,8477416,2026020048,2026010051,2026-09-25,4,13.08,18.34862385321101,5,AGES_2_5,HIGH_RATE,5.6197315017171405
2026-10-06,8477416,2026020048,2026010027,2026-09-22,0,15.12,0.0,6,AGES_6_9,LOW_RATE,5.6197315017171405
2026-10-06,8477416,2026020048,2025021261,2026-04-11,0,12.8,0.0,9,AGES_6_9,LOW_RATE,5.6197315017171405
2026-10-06,8477416,2026020048,2025021248,2026-04-09,0,10.77,0.0,10,ABOUT_TO_EXIT,LOW_RATE,5.6197315017171405
2026-10-06,8477426,2026020044,2026020002,2026-09-29,0,15.53,0.0,3,AGES_2_5,LOW_RATE,6.089309878213802
2026-10-06,8477426,2026020044,2025021248,2026-04-09,0,7.63,0.0,9,AGES_6_9,LOW_RATE,6.089309878213802
2026-10-06,8477446,2026020049,2026020012,2026-10-01,4,13.4,17.91044776119403,2,AGES_2_5,HIGH_RATE,9.268361185226794
2026-10-06,8477446,2026020049,2025021222,2026-04-05,0,12.47,0.0,10,ABOUT_TO_EXIT,LOW_RATE,9.268361185226794
2026-10-06,8477451,2026020049,2026020031,2026-10-03,0,11.5,0.0,1,MOST_RECENT,LOW_RATE,7.089111373670792
2026-10-06,8477451,2026020049,2026020012,2026-10-01,0,12.9,0.0,2,AGES_2_5,LOW_RATE,7.089111373670792
2026-10-06,8477451,2026020049,2025021199,2026-04-02,5,18.5,16.216216216216218,9,AGES_6_9,HIGH_RATE,7.089111373670792
2026-10-06,8477478,2026020045,2026020001,2026-09-29,0,6.77,0.0,3,AGES_2_5,LOW_RATE,6.2559241706161135
2026-10-06,8477478,2026020045,2025021255,2026-04-09,0,10.67,0.0,7,AGES_6_9,LOW_RATE,6.2559241706161135
2026-10-06,8477478,2026020045,2025021237,2026-04-07,3,6.65,27.06766917293233,8,AGES_6_9,HIGH_RATE,6.2559241706161135
2026-10-06,8477478,2026020045,2025021225,2026-04-05,0,12.12,0.0,9,AGES_6_9,LOW_RATE,6.2559241706161135
2026-10-06,8477479,2026020050,2026020005,2026-09-29,0,16.85,0.0,3,AGES_2_5,LOW_RATE,3.286770747740345
2026-10-06,8477479,2026020050,2026010058,2026-09-26,0,19.82,0.0,4,AGES_2_5,LOW_RATE,3.286770747740345
2026-10-06,8477479,2026020050,2026010018,2026-09-21,0,16.43,0.0,5,AGES_2_5,LOW_RATE,3.286770747740345
2026-10-06,8477488,2026020047,2026020009,2026-10-01,0,19.53,0.0,2,AGES_2_5,LOW_RATE,2.442250941284217
2026-10-06,8477488,2026020047,2026010062,2026-09-26,0,19.55,0.0,3,AGES_2_5,LOW_RATE,2.442250941284217
2026-10-06,8477488,2026020047,2026010019,2026-09-21,0,19.75,0.0,4,AGES_2_5,LOW_RATE,2.442250941284217
2026-10-06,8477488,2026020047,2025020922,2026-02-26,0,19.88,0.0,7,AGES_6_9,LOW_RATE,2.442250941284217
2026-10-06,8477488,2026020047,2025020905,2026-02-05,0,19.73,0.0,9,AGES_6_9,LOW_RATE,2.442250941284217
2026-10-06,8477500,2026020048,2026010062,2026-09-26,0,17.6,0.0,3,AGES_2_5,LOW_RATE,6.728097118619277
2026-10-06,8477506,2026020048,2026020029,2026-10-03,0,19.0,0.0,1,MOST_RECENT,LOW_RATE,1.9456304383073015
2026-10-06,8477506,2026020048,2026020008,2026-09-30,0,16.45,0.0,2,AGES_2_5,LOW_RATE,1.9456304383073015
2026-10-06,8477506,2026020048,2026010062,2026-09-26,0,17.68,0.0,3,AGES_2_5,LOW_RATE,1.9456304383073015
2026-10-06,8477506,2026020048,2026010051,2026-09-25,0,18.48,0.0,4,AGES_2_5,LOW_RATE,1.9456304383073015
2026-10-06,8477506,2026020048,2025021262,2026-04-11,0,16.55,0.0,6,AGES_6_9,LOW_RATE,1.9456304383073015
2026-10-06,8477506,2026020048,2025021252,2026-04-09,0,21.27,0.0,7,AGES_6_9,LOW_RATE,1.9456304383073015
2026-10-06,8477506,2026020048,2025021214,2026-04-04,0,19.6,0.0,8,AGES_6_9,LOW_RATE,1.9456304383073015
2026-10-06,8477511,2026020047,2026020029,2026-10-03,0,15.13,0.0,1,MOST_RECENT,LOW_RATE,4.420925715051243
2026-10-06,8477511,2026020047,2026010062,2026-09-26,0,12.55,0.0,3,AGES_2_5,LOW_RATE,4.420925715051243
2026-10-06,8477511,2026020047,2026010019,2026-09-21,0,15.55,0.0,4,AGES_2_5,LOW_RATE,4.420925715051243
2026-10-06,8477511,2026020047,2025021223,2026-04-05,0,11.75,0.0,8,AGES_6_9,LOW_RATE,4.420925715051243
2026-10-06,8477527,2026020050,2026020020,2026-10-02,0,9.98,0.0,1,MOST_RECENT,LOW_RATE,4.673352156557297
2026-10-06,8477527,2026020050,2025021006,2026-03-08,0,9.02,0.0,5,AGES_2_5,LOW_RATE,4.673352156557297
2026-10-06,8477527,2026020050,2025020987,2026-03-06,0,10.72,0.0,6,AGES_6_9,LOW_RATE,4.673352156557297
2026-10-06,8477527,2026020050,2025020973,2026-03-04,0,11.17,0.0,7,AGES_6_9,LOW_RATE,4.673352156557297
2026-10-06,8477527,2026020050,2025020933,2026-02-27,0,10.85,0.0,10,ABOUT_TO_EXIT,LOW_RATE,4.673352156557297
2026-10-06,8477903,2026020052,2026020016,2026-10-01,0,6.05,0.0,2,AGES_2_5,LOW_RATE,1.6895062887178525
2026-10-06,8477903,2026020052,2026020001,2026-09-29,0,9.62,0.0,3,AGES_2_5,LOW_RATE,1.6895062887178525
2026-10-06,8477903,2026020052,2026010043,2026-09-24,0,12.37,0.0,5,AGES_2_5,LOW_RATE,1.6895062887178525
2026-10-06,8477903,2026020052,2025021294,2026-04-14,0,12.72,0.0,6,AGES_6_9,LOW_RATE,1.6895062887178525
2026-10-06,8477903,2026020052,2025021284,2026-04-13,0,10.47,0.0,7,AGES_6_9,LOW_RATE,1.6895062887178525
2026-10-06,8477903,2026020052,2025021205,2026-04-03,0,13.05,0.0,9,AGES_6_9,LOW_RATE,1.6895062887178525
2026-10-06,8477903,2026020052,2025021184,2026-03-31,0,7.38,0.0,10,ABOUT_TO_EXIT,LOW_RATE,1.6895062887178525
2026-10-06,8477919,2026020051,2026020038,2026-10-04,0,16.83,0.0,1,MOST_RECENT,LOW_RATE,6.151874399231016
2026-10-06,8477919,2026020051,2026020028,2026-10-03,3,11.62,15.49053356282272,2,AGES_2_5,HIGH_RATE,6.151874399231016
2026-10-06,8477919,2026020051,2025021306,2026-04-15,0,14.62,0.0,6,AGES_6_9,LOW_RATE,6.151874399231016
2026-10-06,8477919,2026020051,2025021273,2026-04-11,4,15.27,15.717092337917489,8,AGES_6_9,HIGH_RATE,6.151874399231016
2026-10-06,8477919,2026020051,2025021259,2026-04-09,0,15.1,0.0,9,AGES_6_9,LOW_RATE,6.151874399231016
2026-10-06,8477919,2026020051,2025021240,2026-04-07,0,16.73,0.0,10,ABOUT_TO_EXIT,LOW_RATE,6.151874399231016
2026-10-06,8477935,2026020052,2025021193,2026-04-02,7,19.87,21.137393054856567,10,ABOUT_TO_EXIT,HIGH_RATE,8.887948365252354
2026-10-06,8477939,2026020044,2026020002,2026-09-29,5,18.92,15.856236786469344,3,AGES_2_5,HIGH_RATE,8.269751415210436
2026-10-06,8477939,2026020044,2025021270,2026-04-11,5,19.8,15.151515151515152,8,AGES_6_9,HIGH_RATE,8.269751415210436
2026-10-06,8477940,2026020045,2025021293,2026-04-14,5,15.03,19.960079840319363,5,AGES_2_5,HIGH_RATE,9.712364587224505
2026-10-06,8477940,2026020045,2025021284,2026-04-13,6,16.42,21.924482338611448,6,AGES_6_9,HIGH_RATE,9.712364587224505
2026-10-06,8477940,2026020045,2025021255,2026-04-09,0,11.73,0.0,8,AGES_6_9,LOW_RATE,9.712364587224505
2026-10-06,8477946,2026020046,2025021207,2026-04-04,7,20.75,20.24096385542169,6,AGES_6_9,HIGH_RATE,9.845144087785869
2026-10-06,8477950,2026020048,2026020008,2026-09-30,0,17.23,0.0,2,AGES_2_5,LOW_RATE,4.826254826254826
2026-10-06,8477950,2026020048,2026010051,2026-09-25,0,21.18,0.0,3,AGES_2_5,LOW_RATE,4.826254826254826
2026-10-06,8477950,2026020048,2025021124,2026-03-24,0,6.15,0.0,9,AGES_6_9,LOW_RATE,4.826254826254826
2026-10-06,8477951,2026020047,2026020027,2026-10-03,8,17.65,27.19546742209632,2,AGES_2_5,HIGH_RATE,11.384615384615383
2026-10-06,8477951,2026020047,2025021297,2026-04-14,8,21.35,22.482435597189692,6,AGES_6_9,HIGH_RATE,11.384615384615383
2026-10-06,8477955,2026020051,2025021221,2026-04-04,0,18.5,0.0,10,ABOUT_TO_EXIT,LOW_RATE,8.066581306017925
2026-10-06,8477960,2026020052,2026020034,2026-10-03,6,22.0,16.363636363636363,1,MOST_RECENT,HIGH_RATE,10.736745232373844
2026-10-06,8477960,2026020052,2025021291,2026-04-13,5,17.3,17.341040462427742,6,AGES_6_9,HIGH_RATE,10.736745232373844
2026-10-06,8477960,2026020052,2025021232,2026-04-06,0,19.35,0.0,9,AGES_6_9,LOW_RATE,10.736745232373844
2026-10-06,8477960,2026020052,2025021217,2026-04-04,7,20.03,20.96854717923115,10,ABOUT_TO_EXIT,HIGH_RATE,10.736745232373844
2026-10-06,8477964,2026020051,2026020039,2026-10-04,0,13.05,0.0,1,MOST_RECENT,LOW_RATE,5.136309758988542
2026-10-06,8477964,2026020051,2025021306,2026-04-15,0,18.2,0.0,6,AGES_6_9,LOW_RATE,5.136309758988542
2026-10-06,8477964,2026020051,2025021274,2026-04-11,0,16.53,0.0,8,AGES_6_9,LOW_RATE,5.136309758988542
2026-10-06,8477964,2026020051,2025021259,2026-04-09,6,18.43,19.533369506239826,9,AGES_6_9,HIGH_RATE,5.136309758988542
2026-10-06,8477969,2026020048,2026020036,2026-10-04,0,17.63,0.0,1,MOST_RECENT,LOW_RATE,1.6690620798368028
2026-10-06,8477969,2026020048,2026010051,2026-09-25,0,22.23,0.0,5,AGES_2_5,LOW_RATE,1.6690620798368028
2026-10-06,8477969,2026020048,2026010027,2026-09-22,0,21.83,0.0,6,AGES_6_9,LOW_RATE,1.6690620798368028
2026-10-06,8477969,2026020048,2025021300,2026-04-14,0,21.88,0.0,7,AGES_6_9,LOW_RATE,1.6690620798368028
2026-10-06,8477969,2026020048,2025021280,2026-04-12,0,23.6,0.0,8,AGES_6_9,LOW_RATE,1.6690620798368028
2026-10-06,8477986,2026020051,2026020028,2026-10-03,0,23.35,0.0,2,AGES_2_5,LOW_RATE,6.967142611388268
2026-10-06,8477987,2026020050,2026020013,2026-10-01,0,11.9,0.0,2,AGES_2_5,LOW_RATE,5.504975651069236
2026-10-06,8477987,2026020050,2026010058,2026-09-26,0,14.52,0.0,4,AGES_2_5,LOW_RATE,5.504975651069236
2026-10-06,8477987,2026020050,2026010018,2026-09-21,0,14.72,0.0,5,AGES_2_5,LOW_RATE,5.504975651069236
2026-10-06,8477987,2026020050,2025021305,2026-04-15,5,16.05,18.69158878504673,6,AGES_6_9,HIGH_RATE,5.504975651069236
2026-10-06,8477987,2026020050,2025021288,2026-04-13,0,13.82,0.0,7,AGES_6_9,LOW_RATE,5.504975651069236
2026-10-06,8477987,2026020050,2025021255,2026-04-09,0,15.88,0.0,9,AGES_6_9,LOW_RATE,5.504975651069236
2026-10-06,8477998,2026020046,2026020041,2026-10-05,0,12.22,0.0,1,MOST_RECENT,LOW_RATE,4.412125173625296
2026-10-06,8477998,2026020046,2026020023,2026-10-03,0,13.02,0.0,2,AGES_2_5,LOW_RATE,4.412125173625296
2026-10-06,8477998,2026020046,2025021234,2026-04-07,0,8.38,0.0,7,AGES_6_9,LOW_RATE,4.412125173625296
2026-10-06,8477998,2026020046,2025021191,2026-04-02,0,9.7,0.0,10,ABOUT_TO_EXIT,LOW_RATE,4.412125173625296
2026-10-06,8478020,2026020046,2025021225,2026-04-05,0,16.85,0.0,10,ABOUT_TO_EXIT,LOW_RATE,3.9375246095288094
2026-10-06,8478042,2026020046,2025021261,2026-04-11,4,16.02,14.9812734082397,6,AGES_6_9,HIGH_RATE,8.156707656182414
2026-10-06,8478055,2026020052,2026020037,2026-10-04,0,20.42,0.0,1,MOST_RECENT,LOW_RATE,5.246686303387334
2026-10-06,8478109,2026020051,2026020039,2026-10-04,4,14.58,16.46090534979424,1,MOST_RECENT,HIGH_RATE,7.814761215629522
2026-10-06,8478109,2026020051,2025021256,2026-04-09,0,12.12,0.0,8,AGES_6_9,LOW_RATE,7.814761215629522
2026-10-06,8478133,2026020045,2025021294,2026-04-14,3,11.25,16.0,5,AGES_2_5,HIGH_RATE,5.43175487465181
2026-10-06,8478133,2026020045,2025021271,2026-04-11,0,14.77,0.0,7,AGES_6_9,LOW_RATE,5.43175487465181
2026-10-06,8478133,2026020045,2025021233,2026-04-07,0,15.62,0.0,9,AGES_6_9,LOW_RATE,5.43175487465181
2026-10-06,8478133,2026020045,2025021226,2026-04-05,0,13.98,0.0,10,ABOUT_TO_EXIT,LOW_RATE,5.43175487465181
2026-10-06,8478147,2026020052,2026020037,2026-10-04,0,7.75,0.0,1,MOST_RECENT,LOW_RATE,4.876349703935911
2026-10-06,8478147,2026020052,2026020016,2026-10-01,0,5.27,0.0,2,AGES_2_5,LOW_RATE,4.876349703935911
2026-10-06,8478147,2026020052,2026020001,2026-09-29,0,6.05,0.0,3,AGES_2_5,LOW_RATE,4.876349703935911
2026-10-06,8478147,2026020052,2026010026,2026-09-22,0,11.78,0.0,6,AGES_6_9,LOW_RATE,4.876349703935911
2026-10-06,8478147,2026020052,2025020428,2025-12-04,0,5.63,0.0,7,AGES_6_9,LOW_RATE,4.876349703935911
2026-10-06,8478178,2026020044,2025021302,2026-04-15,5,18.85,15.915119363395224,6,AGES_6_9,HIGH_RATE,8.205998868138087
2026-10-06,8478178,2026020044,2025021248,2026-04-09,5,13.98,21.459227467811157,7,AGES_6_9,HIGH_RATE,8.205998868138087
2026-10-06,8478396,2026020051,2026010047,2026-09-24,0,17.42,0.0,5,AGES_2_5,LOW_RATE,4.401193212382023
2026-10-06,8478397,2026020051,2025021290,2026-04-13,7,20.17,20.823004462072383,7,AGES_6_9,HIGH_RATE,6.2485207100591715
2026-10-06,8478397,2026020051,2025021242,2026-04-07,0,22.37,0.0,10,ABOUT_TO_EXIT,LOW_RATE,6.2485207100591715
2026-10-06,8478399,2026020047,2026020009,2026-10-01,0,20.67,0.0,2,AGES_2_5,LOW_RATE,2.055297284071446
2026-10-06,8478399,2026020047,2026010019,2026-09-21,0,21.18,0.0,4,AGES_2_5,LOW_RATE,2.055297284071446
2026-10-06,8478399,2026020047,2025021279,2026-04-12,0,20.23,0.0,6,AGES_6_9,LOW_RATE,2.055297284071446
2026-10-06,8478399,2026020047,2025021265,2026-04-11,0,22.6,0.0,7,AGES_6_9,LOW_RATE,2.055297284071446
2026-10-06,8478399,2026020047,2025021236,2026-04-07,0,17.25,0.0,9,AGES_6_9,LOW_RATE,2.055297284071446
2026-10-06,8478399,2026020047,2025021226,2026-04-05,0,23.68,0.0,10,ABOUT_TO_EXIT,LOW_RATE,2.055297284071446
2026-10-06,8478407,2026020051,2026020038,2026-10-04,0,18.57,0.0,1,MOST_RECENT,LOW_RATE,5.574299545254511
2026-10-06,8478407,2026020051,2025021291,2026-04-13,5,15.73,19.071837253655435,7,AGES_6_9,HIGH_RATE,5.574299545254511
2026-10-06,8478413,2026020050,2026020005,2026-09-29,5,14.13,21.231422505307854,3,AGES_2_5,HIGH_RATE,5.396492280017989
2026-10-06,8478413,2026020050,2025021301,2026-04-15,0,16.05,0.0,5,AGES_2_5,LOW_RATE,5.396492280017989
2026-10-06,8478413,2026020050,2025021247,2026-04-09,0,12.0,0.0,7,AGES_6_9,LOW_RATE,5.396492280017989
2026-10-06,8478413,2026020050,2025021191,2026-04-02,0,11.65,0.0,10,ABOUT_TO_EXIT,LOW_RATE,5.396492280017989
2026-10-06,8478414,2026020047,2026020029,2026-10-03,6,19.95,18.045112781954884,1,MOST_RECENT,HIGH_RATE,9.993108201240524
2026-10-06,8478414,2026020047,2025021292,2026-04-14,0,15.75,0.0,5,AGES_2_5,LOW_RATE,9.993108201240524
2026-10-06,8478427,2026020045,2026020025,2026-10-03,6,20.5,17.560975609756095,1,MOST_RECENT,HIGH_RATE,10.819411296738268
2026-10-06,8478427,2026020045,2025021269,2026-04-11,5,18.55,16.172506738544474,5,AGES_2_5,HIGH_RATE,10.819411296738268
2026-10-06,8478427,2026020045,2025021214,2026-04-04,7,18.8,22.340425531914892,8,AGES_6_9,HIGH_RATE,10.819411296738268
2026-10-06,8478434,2026020046,2026020035,2026-10-04,0,10.82,0.0,1,MOST_RECENT,LOW_RATE,2.007024586051179
2026-10-06,8478434,2026020046,2026020017,2026-10-02,0,10.38,0.0,2,AGES_2_5,LOW_RATE,2.007024586051179
2026-10-06,8478434,2026020046,2026010061,2026-09-26,0,12.32,0.0,3,AGES_2_5,LOW_RATE,2.007024586051179
2026-10-06,8478434,2026020046,2026010017,2026-09-21,0,16.75,0.0,4,AGES_2_5,LOW_RATE,2.007024586051179
2026-10-06,8478434,2026020046,2025021306,2026-04-15,0,12.12,0.0,5,AGES_2_5,LOW_RATE,2.007024586051179
2026-10-06,8478434,2026020046,2025021259,2026-04-09,0,12.7,0.0,8,AGES_6_9,LOW_RATE,2.007024586051179
2026-10-06,8478443,2026020050,2026020020,2026-10-02,0,15.45,0.0,2,AGES_2_5,LOW_RATE,2.669187566034588
2026-10-06,8478443,2026020050,2026010058,2026-09-26,0,18.4,0.0,3,AGES_2_5,LOW_RATE,2.669187566034588
2026-10-06,8478443,2026020050,2026010042,2026-09-24,0,15.53,0.0,4,AGES_2_5,LOW_RATE,2.669187566034588
2026-10-06,8478450,2026020051,2026020021,2026-10-02,0,15.65,0.0,2,AGES_2_5,LOW_RATE,2.893115456737209
2026-10-06,8478450,2026020051,2025021276,2026-04-12,0,19.87,0.0,6,AGES_6_9,LOW_RATE,2.893115456737209
2026-10-06,8478450,2026020051,2025021223,2026-04-05,0,18.45,0.0,8,AGES_6_9,LOW_RATE,2.893115456737209
2026-10-06,8478458,2026020044,2026010035,2026-09-23,4,15.53,15.453960077269802,4,AGES_2_5,HIGH_RATE,7.919366450683945
2026-10-06,8478458,2026020044,2025021241,2026-04-07,0,17.2,0.0,9,AGES_6_9,LOW_RATE,7.919366450683945
2026-10-06,8478468,2026020051,2026020039,2026-10-04,0,15.37,0.0,1,MOST_RECENT,LOW_RATE,6.663787252421793
2026-10-06,8478468,2026020051,2025021306,2026-04-15,0,15.77,0.0,6,AGES_6_9,LOW_RATE,6.663787252421793
2026-10-06,8478468,2026020051,2025021290,2026-04-13,0,17.02,0.0,7,AGES_6_9,LOW_RATE,6.663787252421793
2026-10-06,8478469,2026020046,2025021058,2026-03-15,0,28.48,0.0,10,ABOUT_TO_EXIT,LOW_RATE,3.623917857861888
2026-10-06,8478474,2026020047,2026020036,2026-10-04,5,15.33,19.569471624266143,1,MOST_RECENT,HIGH_RATE,8.65696765660695
2026-10-06,8478483,2026020051,2025021242,2026-04-07,6,18.77,19.179541822056475,10,ABOUT_TO_EXIT,HIGH_RATE,7.772020725388601
2026-10-06,8478493,2026020049,2025021254,2026-04-09,6,18.17,19.812878370941107,4,AGES_2_5,HIGH_RATE,8.17810086324398
2026-10-06,8478493,2026020049,2025021222,2026-04-05,0,19.18,0.0,6,AGES_6_9,LOW_RATE,8.17810086324398
2026-10-06,8478493,2026020049,2025021155,2026-03-28,0,19.97,0.0,9,AGES_6_9,LOW_RATE,8.17810086324398
2026-10-06,8478493,2026020049,2025021140,2026-03-26,5,14.42,20.804438280166437,10,ABOUT_TO_EXIT,HIGH_RATE,8.17810086324398
2026-10-06,8478507,2026020047,2026020027,2026-10-03,0,20.45,0.0,2,AGES_2_5,LOW_RATE,2.084988085782367
2026-10-06,8478507,2026020047,2025021297,2026-04-14,0,18.67,0.0,6,AGES_6_9,LOW_RATE,2.084988085782367
2026-10-06,8478507,2026020047,2025021257,2026-04-09,0,18.47,0.0,7,AGES_6_9,LOW_RATE,2.084988085782367
2026-10-06,8478507,2026020047,2025021216,2026-04-04,0,20.03,0.0,9,AGES_6_9,LOW_RATE,2.084988085782367
2026-10-06,8478507,2026020047,2025021203,2026-04-02,0,17.65,0.0,10,ABOUT_TO_EXIT,LOW_RATE,2.084988085782367
2026-10-06,8478508,2026020049,2026020031,2026-10-03,4,15.05,15.946843853820596,1,MOST_RECENT,HIGH_RATE,5.87289379850381
2026-10-06,8478508,2026020049,2026020012,2026-10-01,0,12.73,0.0,2,AGES_2_5,LOW_RATE,5.87289379850381
2026-10-06,8478508,2026020049,2025021296,2026-04-14,0,15.82,0.0,5,AGES_2_5,LOW_RATE,5.87289379850381
2026-10-06,8478508,2026020049,2025021267,2026-04-11,0,13.38,0.0,7,AGES_6_9,LOW_RATE,5.87289379850381
2026-10-06,8478542,2026020047,2025021140,2026-03-26,0,0.82,0.0,5,AGES_2_5,LOW_RATE,6.841046277665996
2026-10-06,8478550,2026020052,2025021291,2026-04-13,0,16.45,0.0,6,AGES_6_9,LOW_RATE,7.885514018691588
2026-10-06,8478831,2026020047,2026020036,2026-10-04,0,13.17,0.0,1,MOST_RECENT,LOW_RATE,3.5658569199910852
2026-10-06,8478831,2026020047,2026020013,2026-10-01,0,12.97,0.0,3,AGES_2_5,LOW_RATE,3.5658569199910852
2026-10-06,8478831,2026020047,2026010047,2026-09-24,0,16.27,0.0,5,AGES_2_5,LOW_RATE,3.5658569199910852
2026-10-06,8478831,2026020047,2025021297,2026-04-14,0,13.87,0.0,6,AGES_6_9,LOW_RATE,3.5658569199910852
2026-10-06,8478831,2026020047,2025021269,2026-04-11,0,13.2,0.0,8,AGES_6_9,LOW_RATE,3.5658569199910852
2026-10-06,8478851,2026020045,2026020026,2026-10-03,0,8.53,0.0,1,MOST_RECENT,LOW_RATE,1.595405232929164
2026-10-06,8478851,2026020045,2025021169,2026-03-29,0,19.08,0.0,5,AGES_2_5,LOW_RATE,1.595405232929164
2026-10-06,8478851,2026020045,2025021161,2026-03-28,0,19.25,0.0,6,AGES_6_9,LOW_RATE,1.595405232929164
2026-10-06,8478851,2026020045,2025021137,2026-03-26,0,17.3,0.0,7,AGES_6_9,LOW_RATE,1.595405232929164
2026-10-06,8478851,2026020045,2025021121,2026-03-24,0,19.3,0.0,8,AGES_6_9,LOW_RATE,1.595405232929164
2026-10-06,8478851,2026020045,2025021105,2026-03-21,0,20.62,0.0,9,AGES_6_9,LOW_RATE,1.595405232929164
2026-10-06,8478851,2026020045,2025021085,2026-03-19,0,20.25,0.0,10,ABOUT_TO_EXIT,LOW_RATE,1.595405232929164
2026-10-06,8478859,2026020052,2026010026,2026-09-22,0,21.08,0.0,4,AGES_2_5,LOW_RATE,4.1928721174004195
2026-10-06,8478859,2026020052,2025021089,2026-03-19,0,22.52,0.0,7,AGES_6_9,LOW_RATE,4.1928721174004195
2026-10-06,8478864,2026020049,2025021267,2026-04-11,0,20.68,0.0,4,AGES_2_5,LOW_RATE,9.634684865515856
2026-10-06,8478864,2026020049,2025021222,2026-04-05,5,19.88,15.090543259557348,7,AGES_6_9,HIGH_RATE,9.634684865515856
2026-10-06,8478864,2026020049,2025021199,2026-04-02,5,19.75,15.18987341772152,9,AGES_6_9,HIGH_RATE,9.634684865515856
2026-10-06,8478882,2026020048,2026020017,2026-10-02,0,21.12,0.0,2,AGES_2_5,LOW_RATE,3.840351117816486
2026-10-06,8478882,2026020048,2026020010,2026-10-01,0,23.33,0.0,3,AGES_2_5,LOW_RATE,3.840351117816486
2026-10-06,8478970,2026020045,2026020018,2026-10-02,0,17.55,0.0,2,AGES_2_5,LOW_RATE,3.371475275847977
2026-10-06,8478970,2026020045,2026020001,2026-09-29,0,19.2,0.0,3,AGES_2_5,LOW_RATE,3.371475275847977
2026-10-06,8478970,2026020045,2025021237,2026-04-07,0,13.9,0.0,6,AGES_6_9,LOW_RATE,3.371475275847977
2026-10-06,8478970,2026020045,2025021197,2026-04-02,0,20.73,0.0,9,AGES_6_9,LOW_RATE,3.371475275847977
2026-10-06,8479314,2026020052,2025021303,2026-04-15,0,13.32,0.0,6,AGES_6_9,LOW_RATE,7.222982216142271
2026-10-06,8479314,2026020052,2025021211,2026-04-04,0,15.68,0.0,8,AGES_6_9,LOW_RATE,7.222982216142271
2026-10-06,8479314,2026020052,2025021181,2026-03-31,5,17.22,17.421602787456447,10,ABOUT_TO_EXIT,HIGH_RATE,7.222982216142271
2026-10-06,8479318,2026020044,2026020023,2026-10-03,6,21.83,16.491067338524967,1,MOST_RECENT,HIGH_RATE,11.77682908876785
2026-10-06,8479318,2026020044,2026010006,2026-09-19,6,21.33,16.87763713080169,5,AGES_2_5,HIGH_RATE,11.77682908876785
2026-10-06,8479318,2026020044,2025020994,2026-03-07,6,19.28,18.67219917012448,8,AGES_6_9,HIGH_RATE,11.77682908876785
2026-10-06,8479323,2026020048,2026020010,2026-10-01,0,19.07,0.0,3,AGES_2_5,LOW_RATE,3.8195707530010914
2026-10-06,8479323,2026020048,2026020003,2026-09-29,0,18.42,0.0,4,AGES_2_5,LOW_RATE,3.8195707530010914
2026-10-06,8479324,2026020051,2026020014,2026-10-01,0,14.47,0.0,3,AGES_2_5,LOW_RATE,2.059260954124242
2026-10-06,8479324,2026020051,2026010005,2026-09-19,0,20.22,0.0,5,AGES_2_5,LOW_RATE,2.059260954124242
2026-10-06,8479324,2026020051,2025021273,2026-04-11,0,19.6,0.0,7,AGES_6_9,LOW_RATE,2.059260954124242
2026-10-06,8479324,2026020051,2025021240,2026-04-07,0,15.23,0.0,8,AGES_6_9,LOW_RATE,2.059260954124242
2026-10-06,8479324,2026020051,2025021230,2026-04-06,0,19.18,0.0,9,AGES_6_9,LOW_RATE,2.059260954124242
2026-10-06,8479337,2026020046,2026010041,2026-09-24,8,18.62,25.77873254564984,4,AGES_2_5,HIGH_RATE,10.334568610052717
2026-10-06,8479337,2026020046,2025021282,2026-04-13,6,17.85,20.168067226890756,6,AGES_6_9,HIGH_RATE,10.334568610052717
2026-10-06,8479337,2026020046,2025021235,2026-04-07,5,17.9,16.759776536312852,9,AGES_6_9,HIGH_RATE,10.334568610052717
2026-10-06,8479343,2026020047,2025021269,2026-04-11,0,22.13,0.0,8,AGES_6_9,LOW_RATE,6.969376979936642
2026-10-06,8479346,2026020050,2026020032,2026-10-03,0,13.27,0.0,1,MOST_RECENT,LOW_RATE,2.8590488897360147
2026-10-06,8479346,2026020050,2026010021,2026-09-21,0,14.15,0.0,3,AGES_2_5,LOW_RATE,2.8590488897360147
2026-10-06,8479346,2026020050,2023020697,2024-01-18,0,5.58,0.0,4,AGES_2_5,LOW_RATE,2.8590488897360147
2026-10-06,8479346,2026020050,2023020687,2024-01-16,0,11.08,0.0,5,AGES_2_5,LOW_RATE,2.8590488897360147
2026-10-06,8479346,2026020050,2023020649,2024-01-11,0,12.25,0.0,7,AGES_6_9,LOW_RATE,2.8590488897360147
2026-10-06,8479346,2026020050,2023020617,2024-01-07,0,7.2,0.0,8,AGES_6_9,LOW_RATE,2.8590488897360147
2026-10-06,8479346,2026020050,2023020595,2024-01-04,0,7.33,0.0,10,ABOUT_TO_EXIT,LOW_RATE,2.8590488897360147
2026-10-06,8479353,2026020051,2025021290,2026-04-13,0,16.05,0.0,7,AGES_6_9,LOW_RATE,4.909056580023916
2026-10-06,8479353,2026020051,2025021274,2026-04-11,0,17.18,0.0,8,AGES_6_9,LOW_RATE,4.909056580023916
2026-10-06,8479359,2026020049,2026020022,2026-10-03,0,8.52,0.0,1,MOST_RECENT,LOW_RATE,2.6399155227032733
2026-10-06,8479359,2026020049,2026010055,2026-09-26,0,12.13,0.0,3,AGES_2_5,LOW_RATE,2.6399155227032733
2026-10-06,8479359,2026020049,2026010024,2026-09-22,0,11.22,0.0,4,AGES_2_5,LOW_RATE,2.6399155227032733
2026-10-06,8479359,2026020049,2025021301,2026-04-15,0,14.98,0.0,5,AGES_2_5,LOW_RATE,2.6399155227032733
2026-10-06,8479359,2026020049,2025021247,2026-04-09,0,11.5,0.0,7,AGES_6_9,LOW_RATE,2.6399155227032733
2026-10-06,8479359,2026020049,2025021244,2026-04-08,0,10.25,0.0,8,AGES_6_9,LOW_RATE,2.6399155227032733
2026-10-06,8479369,2026020047,2026020013,2026-10-01,0,17.08,0.0,3,AGES_2_5,LOW_RATE,3.3467202141900936
2026-10-06,8479369,2026020047,2025021237,2026-04-07,0,18.92,0.0,9,AGES_6_9,LOW_RATE,3.3467202141900936
2026-10-06,8479369,2026020047,2025021224,2026-04-05,0,20.95,0.0,10,ABOUT_TO_EXIT,LOW_RATE,3.3467202141900936
2026-10-06,8479378,2026020048,2026020008,2026-09-30,0,15.1,0.0,2,AGES_2_5,LOW_RATE,5.1271938473673835
2026-10-06,8479378,2026020048,2025021288,2026-04-13,0,15.62,0.0,4,AGES_2_5,LOW_RATE,5.1271938473673835
2026-10-06,8479407,2026020047,2026020009,2026-10-01,6,21.27,16.925246826516222,2,AGES_2_5,HIGH_RATE,7.99911120986557
2026-10-06,8479407,2026020047,2025021292,2026-04-14,0,19.38,0.0,5,AGES_2_5,LOW_RATE,7.99911120986557
2026-10-06,8479407,2026020047,2025021279,2026-04-12,6,19.57,18.395503321410324,6,AGES_6_9,HIGH_RATE,7.99911120986557
2026-10-06,8479407,2026020047,2025021251,2026-04-09,0,17.68,0.0,8,AGES_6_9,LOW_RATE,7.99911120986557
2026-10-06,8479410,2026020047,2025021257,2026-04-09,0,24.17,0.0,9,AGES_6_9,LOW_RATE,6.454282167976831
2026-10-06,8479420,2026020049,2026010024,2026-09-22,7,17.0,24.705882352941178,4,AGES_2_5,HIGH_RATE,10.915511798384076
2026-10-06,8479420,2026020049,2025021288,2026-04-13,6,17.52,20.54794520547945,5,AGES_2_5,HIGH_RATE,10.915511798384076
2026-10-06,8479420,2026020049,2025021213,2026-04-04,5,19.33,15.519917227108122,9,AGES_6_9,HIGH_RATE,10.915511798384076
2026-10-06,8479442,2026020044,2026020008,2026-09-30,0,16.08,0.0,2,AGES_2_5,LOW_RATE,2.791130407815165
2026-10-06,8479442,2026020044,2026020002,2026-09-29,0,19.08,0.0,3,AGES_2_5,LOW_RATE,2.791130407815165
2026-10-06,8479442,2026020044,2025021270,2026-04-11,0,19.77,0.0,8,AGES_6_9,LOW_RATE,2.791130407815165
2026-10-06,8479442,2026020044,2025021252,2026-04-09,0,20.95,0.0,9,AGES_6_9,LOW_RATE,2.791130407815165
2026-10-06,8479442,2026020044,2025021217,2026-04-04,0,21.17,0.0,10,ABOUT_TO_EXIT,LOW_RATE,2.791130407815165
2026-10-06,8479520,2026020044,2026020023,2026-10-03,0,9.85,0.0,1,MOST_RECENT,LOW_RATE,4.366459125090968
2026-10-06,8479520,2026020044,2026020002,2026-09-29,0,9.07,0.0,3,AGES_2_5,LOW_RATE,4.366459125090968
2026-10-06,8479520,2026020044,2026010007,2026-09-19,0,18.67,0.0,5,AGES_2_5,LOW_RATE,4.366459125090968
2026-10-06,8479520,2026020044,2025021245,2026-04-08,0,10.1,0.0,9,AGES_6_9,LOW_RATE,4.366459125090968
2026-10-06,8479525,2026020044,2026020030,2026-10-03,0,15.32,0.0,1,MOST_RECENT,LOW_RATE,6.771372143327377
2026-10-06,8479525,2026020044,2026010053,2026-09-26,0,12.23,0.0,3,AGES_2_5,LOW_RATE,6.771372143327377
2026-10-06,8479525,2026020044,2025021298,2026-04-14,0,11.8,0.0,5,AGES_2_5,LOW_RATE,6.771372143327377
2026-10-06,8479525,2026020044,2025021289,2026-04-13,0,12.8,0.0,6,AGES_6_9,LOW_RATE,6.771372143327377
2026-10-06,8479525,2026020044,2025021256,2026-04-09,3,8.88,20.27027027027027,8,AGES_6_9,HIGH_RATE,6.771372143327377
2026-10-06,8479525,2026020044,2025021228,2026-04-05,4,11.93,20.117351215423305,10,ABOUT_TO_EXIT,HIGH_RATE,6.771372143327377
2026-10-06,8479619,2026020047,2025021297,2026-04-14,0,14.47,0.0,6,AGES_6_9,LOW_RATE,7.095868135117156
2026-10-06,8479675,2026020052,2025021260,2026-04-09,5,18.3,16.39344262295082,8,AGES_6_9,HIGH_RATE,7.899191273274403
2026-10-06,8479675,2026020052,2025021232,2026-04-06,0,17.72,0.0,9,AGES_6_9,LOW_RATE,7.899191273274403
2026-10-06,8479941,2026020049,2025020057,2025-10-15,0,6.23,0.0,3,AGES_2_5,LOW_RATE,5.763262893453525
2026-10-06,8479941,2026020049,2025020039,2025-10-13,0,17.58,0.0,4,AGES_2_5,LOW_RATE,5.763262893453525
2026-10-06,8479941,2026020049,2025020024,2025-10-11,0,13.45,0.0,5,AGES_2_5,LOW_RATE,5.763262893453525
2026-10-06,8479941,2026020049,2024021281,2025-04-13,0,13.25,0.0,9,AGES_6_9,LOW_RATE,5.763262893453525
2026-10-06,8479941,2026020049,2024021270,2025-04-12,4,15.15,15.84158415841584,10,ABOUT_TO_EXIT,HIGH_RATE,5.763262893453525
2026-10-06,8479980,2026020044,2026020030,2026-10-03,0,21.0,0.0,1,MOST_RECENT,LOW_RATE,3.385579937304075
2026-10-06,8479980,2026020044,2026020012,2026-10-01,0,15.38,0.0,2,AGES_2_5,LOW_RATE,3.385579937304075
2026-10-06,8479980,2026020044,2026010053,2026-09-26,0,18.77,0.0,3,AGES_2_5,LOW_RATE,3.385579937304075
2026-10-06,8479980,2026020044,2025021220,2026-04-04,0,2.57,0.0,5,AGES_2_5,LOW_RATE,3.385579937304075
2026-10-06,8479985,2026020051,2025021230,2026-04-06,0,18.87,0.0,4,AGES_2_5,LOW_RATE,3.912476452688016
2026-10-06,8479985,2026020051,2025021139,2026-03-26,0,6.93,0.0,5,AGES_2_5,LOW_RATE,3.912476452688016
2026-10-06,8479985,2026020051,2025021123,2026-03-24,0,7.9,0.0,6,AGES_6_9,LOW_RATE,3.912476452688016
2026-10-06,8479985,2026020051,2025021000,2026-03-07,0,15.5,0.0,7,AGES_6_9,LOW_RATE,3.912476452688016
2026-10-06,8479992,2026020046,2026020017,2026-10-02,0,14.9,0.0,2,AGES_2_5,LOW_RATE,6.578947368421052
2026-10-06,8479992,2026020046,2026010017,2026-09-21,5,18.77,15.982951518380396,4,AGES_2_5,HIGH_RATE,6.578947368421052
2026-10-06,8479992,2026020046,2025021235,2026-04-07,0,7.95,0.0,5,AGES_2_5,LOW_RATE,6.578947368421052
2026-10-06,8479992,2026020046,2025021222,2026-04-05,0,12.13,0.0,6,AGES_6_9,LOW_RATE,6.578947368421052
2026-10-06,8479996,2026020047,2026020009,2026-10-01,3,8.43,21.352313167259787,2,AGES_2_5,HIGH_RATE,5.351966104214673
2026-10-06,8479996,2026020047,2026010008,2026-09-20,0,20.37,0.0,4,AGES_2_5,LOW_RATE,5.351966104214673
2026-10-06,8479996,2026020047,2025021279,2026-04-12,0,13.63,0.0,6,AGES_6_9,LOW_RATE,5.351966104214673
2026-10-06,8479996,2026020047,2025021251,2026-04-09,0,14.55,0.0,8,AGES_6_9,LOW_RATE,5.351966104214673
2026-10-06,8479998,2026020052,2026010052,2026-09-26,0,23.08,0.0,3,AGES_2_5,LOW_RATE,1.6970725498515062
2026-10-06,8479998,2026020052,2026010030,2026-09-22,0,19.97,0.0,4,AGES_2_5,LOW_RATE,1.6970725498515062
2026-10-06,8479998,2026020052,2025021300,2026-04-14,0,19.83,0.0,5,AGES_2_5,LOW_RATE,1.6970725498515062
2026-10-06,8479998,2026020052,2025021291,2026-04-13,0,22.28,0.0,6,AGES_6_9,LOW_RATE,1.6970725498515062
2026-10-06,8479998,2026020052,2025021264,2026-04-11,0,22.8,0.0,7,AGES_6_9,LOW_RATE,1.6970725498515062
2026-10-06,8480002,2026020047,2025021292,2026-04-14,0,17.78,0.0,5,AGES_2_5,LOW_RATE,8.13347236704901
2026-10-06,8480002,2026020047,2025021251,2026-04-09,0,18.1,0.0,8,AGES_6_9,LOW_RATE,8.13347236704901
2026-10-06,8480003,2026020047,2025021283,2026-04-13,0,15.87,0.0,4,AGES_2_5,LOW_RATE,6.38043333776419
2026-10-06,8480003,2026020047,2025021211,2026-04-04,0,14.65,0.0,9,AGES_6_9,LOW_RATE,6.38043333776419
2026-10-06,8480023,2026020050,2026020032,2026-10-03,0,16.5,0.0,1,MOST_RECENT,LOW_RATE,4.121687929342492
2026-10-06,8480023,2026020050,2026020020,2026-10-02,0,22.98,0.0,2,AGES_2_5,LOW_RATE,4.121687929342492
2026-10-06,8480023,2026020050,2026010058,2026-09-26,0,24.78,0.0,3,AGES_2_5,LOW_RATE,4.121687929342492
2026-10-06,8480064,2026020049,2025021213,2026-04-04,4,15.8,15.189873417721516,10,ABOUT_TO_EXIT,HIGH_RATE,7.024847144529725
2026-10-06,8480074,2026020045,2026020002,2026-09-29,0,12.22,0.0,2,AGES_2_5,LOW_RATE,6.2635928664636795
2026-10-06,8480074,2026020045,2025021294,2026-04-14,0,16.9,0.0,6,AGES_6_9,LOW_RATE,6.2635928664636795
2026-10-06,8480075,2026020046,2026020041,2026-10-05,0,10.93,0.0,1,MOST_RECENT,LOW_RATE,3.00493668169135
2026-10-06,8480075,2026020046,2025021208,2026-04-04,0,14.32,0.0,8,AGES_6_9,LOW_RATE,3.00493668169135
2026-10-06,8480075,2026020046,2025021191,2026-04-02,0,13.62,0.0,9,AGES_6_9,LOW_RATE,3.00493668169135
2026-10-06,8480075,2026020046,2024021273,2025-04-12,0,5.13,0.0,10,ABOUT_TO_EXIT,LOW_RATE,3.00493668169135
2026-10-06,8480185,2026020052,2026020037,2026-10-04,0,16.2,0.0,1,MOST_RECENT,LOW_RATE,5.155904738521974
2026-10-06,8480185,2026020052,2025021283,2026-04-13,0,12.45,0.0,7,AGES_6_9,LOW_RATE,5.155904738521974
2026-10-06,8480188,2026020046,2026010064,2026-09-26,0,12.7,0.0,3,AGES_2_5,LOW_RATE,7.668711656441718
2026-10-06,8480208,2026020046,2026010035,2026-09-23,0,18.85,0.0,4,AGES_2_5,LOW_RATE,6.294256490952006
2026-10-06,8480208,2026020046,2025021234,2026-04-07,0,17.28,0.0,10,ABOUT_TO_EXIT,LOW_RATE,6.294256490952006
2026-10-06,8480246,2026020044,2026020012,2026-10-01,0,18.07,0.0,2,AGES_2_5,LOW_RATE,2.474809969948736
2026-10-06,8480246,2026020044,2026010011,2026-09-20,0,19.33,0.0,4,AGES_2_5,LOW_RATE,2.474809969948736
2026-10-06,8480246,2026020044,2025021287,2026-04-13,0,16.25,0.0,5,AGES_2_5,LOW_RATE,2.474809969948736
2026-10-06,8480336,2026020045,2025021214,2026-04-04,0,18.85,0.0,10,ABOUT_TO_EXIT,LOW_RATE,5.680473372781065
2026-10-06,8480434,2026020048,2026020036,2026-10-04,0,22.95,0.0,1,MOST_RECENT,LOW_RATE,4.704160568680744
2026-10-06,8480434,2026020048,2026020010,2026-10-01,0,20.9,0.0,3,AGES_2_5,LOW_RATE,4.704160568680744
2026-10-06,8480434,2026020048,2025021281,2026-04-12,6,16.83,21.39037433155081,8,AGES_6_9,HIGH_RATE,4.704160568680744
2026-10-06,8480434,2026020048,2025021269,2026-04-11,0,17.57,0.0,9,AGES_6_9,LOW_RATE,4.704160568680744
2026-10-06,8480459,2026020050,2026020032,2026-10-03,0,16.23,0.0,1,MOST_RECENT,LOW_RATE,4.440557088071049
2026-10-06,8480459,2026020050,2026020020,2026-10-02,4,14.42,16.643550624133148,2,AGES_2_5,HIGH_RATE,4.440557088071049
2026-10-06,8480459,2026020050,2025021299,2026-04-14,0,16.0,0.0,5,AGES_2_5,LOW_RATE,4.440557088071049
2026-10-06,8480459,2026020050,2025021266,2026-04-11,0,14.82,0.0,7,AGES_6_9,LOW_RATE,4.440557088071049
2026-10-06,8480762,2026020045,2026020018,2026-10-02,0,11.73,0.0,2,AGES_2_5,LOW_RATE,5.52655818237642
2026-10-06,8480762,2026020045,2026020001,2026-09-29,0,13.0,0.0,3,AGES_2_5,LOW_RATE,5.52655818237642
2026-10-06,8480800,2026020049,2025021267,2026-04-11,0,29.97,0.0,4,AGES_2_5,LOW_RATE,5.3791557713858795
2026-10-06,8480801,2026020052,2026020037,2026-10-04,4,16.03,14.971927635683093,1,MOST_RECENT,HIGH_RATE,13.73267067747842
2026-10-06,8480801,2026020052,2026010010,2026-09-20,7,14.15,29.68197879858657,5,AGES_2_5,HIGH_RATE,13.73267067747842
2026-10-06,8480801,2026020052,2025021225,2026-04-05,5,15.58,19.255455712451862,9,AGES_6_9,HIGH_RATE,13.73267067747842
2026-10-06,8480801,2026020052,2025021208,2026-04-04,7,16.98,24.734982332155475,10,ABOUT_TO_EXIT,HIGH_RATE,13.73267067747842
2026-10-06,8480802,2026020049,2026020011,2026-10-01,0,16.68,0.0,2,AGES_2_5,LOW_RATE,3.642544924720738
2026-10-06,8480802,2026020049,2025021247,2026-04-09,0,15.88,0.0,6,AGES_6_9,LOW_RATE,3.642544924720738
2026-10-06,8480802,2026020049,2025021229,2026-04-06,0,17.52,0.0,8,AGES_6_9,LOW_RATE,3.642544924720738
2026-10-06,8480802,2026020049,2025021213,2026-04-04,0,16.88,0.0,9,AGES_6_9,LOW_RATE,3.642544924720738
2026-10-06,8480807,2026020049,2025021288,2026-04-13,0,18.98,0.0,4,AGES_2_5,LOW_RATE,3.621912571054882
2026-10-06,8480807,2026020049,2025021244,2026-04-08,0,20.65,0.0,6,AGES_6_9,LOW_RATE,3.621912571054882
2026-10-06,8480817,2026020045,2026020025,2026-10-03,0,23.28,0.0,1,MOST_RECENT,LOW_RATE,2.979011509817197
2026-10-06,8480817,2026020045,2026020018,2026-10-02,0,22.18,0.0,2,AGES_2_5,LOW_RATE,2.979011509817197
2026-10-06,8480817,2026020045,2026020001,2026-09-29,0,25.25,0.0,3,AGES_2_5,LOW_RATE,2.979011509817197
2026-10-06,8480817,2026020045,2026010053,2026-09-26,0,21.62,0.0,4,AGES_2_5,LOW_RATE,2.979011509817197
2026-10-06,8480817,2026020045,2025021237,2026-04-07,6,19.53,18.433179723502302,7,AGES_6_9,HIGH_RATE,2.979011509817197
2026-10-06,8480817,2026020045,2025021197,2026-04-02,0,21.75,0.0,10,ABOUT_TO_EXIT,LOW_RATE,2.979011509817197
2026-10-06,8480829,2026020045,2026010010,2026-09-20,0,16.25,0.0,3,AGES_2_5,LOW_RATE,4.056109514956904
2026-10-06,8480829,2026020045,2025021225,2026-04-05,0,14.07,0.0,8,AGES_6_9,LOW_RATE,4.056109514956904
2026-10-06,8480829,2026020045,2025020972,2026-03-04,0,10.48,0.0,9,AGES_6_9,LOW_RATE,4.056109514956904
2026-10-06,8480829,2026020045,2025020906,2026-02-05,0,9.57,0.0,10,ABOUT_TO_EXIT,LOW_RATE,4.056109514956904
2026-10-06,8480830,2026020045,2026020018,2026-10-02,6,19.85,18.1360201511335,2,AGES_2_5,HIGH_RATE,11.082643150807364
2026-10-06,8480830,2026020045,2025021269,2026-04-11,5,16.62,18.050541516245485,5,AGES_2_5,HIGH_RATE,11.082643150807364
2026-10-06,8480830,2026020045,2025021237,2026-04-07,5,15.28,19.633507853403145,6,AGES_6_9,HIGH_RATE,11.082643150807364
2026-10-06,8480835,2026020044,2026020030,2026-10-03,0,13.63,0.0,1,MOST_RECENT,LOW_RATE,5.927877490531863
2026-10-06,8480835,2026020044,2026020012,2026-10-01,0,12.83,0.0,2,AGES_2_5,LOW_RATE,5.927877490531863
2026-10-06,8480835,2026020044,2025021289,2026-04-13,3,9.93,18.12688821752266,6,AGES_6_9,HIGH_RATE,5.927877490531863
2026-10-06,8480835,2026020044,2025021238,2026-04-07,0,13.35,0.0,9,AGES_6_9,LOW_RATE,5.927877490531863
2026-10-06,8480835,2026020044,2025021228,2026-04-05,0,15.65,0.0,10,ABOUT_TO_EXIT,LOW_RATE,5.927877490531863
2026-10-06,8480839,2026020049,2025021288,2026-04-13,0,20.98,0.0,5,AGES_2_5,LOW_RATE,5.637893477982318
2026-10-06,8480849,2026020047,2026020027,2026-10-03,0,13.78,0.0,2,AGES_2_5,LOW_RATE,5.729396209784046
2026-10-06,8480849,2026020047,2026020013,2026-10-01,4,13.82,17.36613603473227,3,AGES_2_5,HIGH_RATE,5.729396209784046
2026-10-06,8480849,2026020047,2026010047,2026-09-24,0,17.53,0.0,5,AGES_2_5,LOW_RATE,5.729396209784046
2026-10-06,8480849,2026020047,2025021132,2026-03-24,0,0.28,0.0,6,AGES_6_9,LOW_RATE,5.729396209784046
2026-10-06,8480849,2026020047,2025021118,2026-03-22,0,17.48,0.0,7,AGES_6_9,LOW_RATE,5.729396209784046
2026-10-06,8480855,2026020047,2026020027,2026-10-03,0,14.57,0.0,2,AGES_2_5,LOW_RATE,4.06871609403255
2026-10-06,8480855,2026020047,2026020013,2026-10-01,0,13.43,0.0,3,AGES_2_5,LOW_RATE,4.06871609403255
2026-10-06,8480855,2026020047,2025021203,2026-04-02,0,9.0,0.0,6,AGES_6_9,LOW_RATE,4.06871609403255
2026-10-06,8480855,2026020047,2025021146,2026-03-26,0,10.08,0.0,8,AGES_6_9,LOW_RATE,4.06871609403255
2026-10-06,8480855,2026020047,2025021132,2026-03-24,0,16.5,0.0,9,AGES_6_9,LOW_RATE,4.06871609403255
2026-10-06,8480865,2026020045,2025021271,2026-04-11,0,12.95,0.0,6,AGES_6_9,LOW_RATE,3.870583564906709
2026-10-06,8480865,2026020045,2025021212,2026-04-04,0,22.13,0.0,10,ABOUT_TO_EXIT,LOW_RATE,3.870583564906709
2026-10-06,8480870,2026020044,2026010006,2026-09-19,0,14.28,0.0,4,AGES_2_5,LOW_RATE,2.998072667570847
2026-10-06,8480870,2026020044,2025021245,2026-04-08,0,13.97,0.0,5,AGES_2_5,LOW_RATE,2.998072667570847
2026-10-06,8480870,2026020044,2025021202,2026-04-02,0,15.18,0.0,7,AGES_6_9,LOW_RATE,2.998072667570847
2026-10-06,8480870,2026020044,2025021136,2026-03-25,0,13.93,0.0,9,AGES_6_9,LOW_RATE,2.998072667570847
2026-10-06,8480893,2026020044,2026010061,2026-09-26,0,14.05,0.0,4,AGES_2_5,LOW_RATE,8.634424628668345
2026-10-06,8480990,2026020047,2026020029,2026-10-03,0,12.67,0.0,1,MOST_RECENT,LOW_RATE,2.1116351094530863
2026-10-06,8480990,2026020047,2026010062,2026-09-26,0,16.8,0.0,3,AGES_2_5,LOW_RATE,2.1116351094530863
2026-10-06,8480990,2026020047,2025021009,2026-03-09,0,13.98,0.0,5,AGES_2_5,LOW_RATE,2.1116351094530863
2026-10-06,8480990,2026020047,2025020990,2026-03-07,0,11.63,0.0,6,AGES_6_9,LOW_RATE,2.1116351094530863
2026-10-06,8480990,2026020047,2025020931,2026-02-27,0,10.98,0.0,8,AGES_6_9,LOW_RATE,2.1116351094530863
2026-10-06,8480990,2026020047,2025020911,2026-02-25,0,15.13,0.0,9,AGES_6_9,LOW_RATE,2.1116351094530863
2026-10-06,8481013,2026020050,2026020020,2026-10-02,0,13.75,0.0,2,AGES_2_5,LOW_RATE,6.134969325153374
2026-10-06,8481013,2026020050,2026010058,2026-09-26,3,11.38,15.817223198594023,3,AGES_2_5,HIGH_RATE,6.134969325153374
2026-10-06,8481013,2026020050,2025021238,2026-04-07,0,16.78,0.0,7,AGES_6_9,LOW_RATE,6.134969325153374
2026-10-06,8481013,2026020050,2025021189,2026-04-01,0,17.12,0.0,10,ABOUT_TO_EXIT,LOW_RATE,6.134969325153374
2026-10-06,8481014,2026020048,2026020029,2026-10-03,0,19.22,0.0,1,MOST_RECENT,LOW_RATE,4.226415094339623
2026-10-06,8481014,2026020048,2025020277,2025-11-13,0,20.62,0.0,8,AGES_6_9,LOW_RATE,4.226415094339623
2026-10-06,8481522,2026020049,2026020011,2026-10-01,0,14.97,0.0,2,AGES_2_5,LOW_RATE,6.183442116111302
2026-10-06,8481523,2026020045,2026020026,2026-10-03,0,11.67,0.0,1,MOST_RECENT,LOW_RATE,3.8575906131961744
2026-10-06,8481523,2026020045,2025021294,2026-04-14,0,11.13,0.0,6,AGES_6_9,LOW_RATE,3.8575906131961744
2026-10-06,8481523,2026020045,2025021248,2026-04-09,0,14.63,0.0,9,AGES_6_9,LOW_RATE,3.8575906131961744
2026-10-06,8481523,2026020045,2025021233,2026-04-07,0,13.85,0.0,10,ABOUT_TO_EXIT,LOW_RATE,3.8575906131961744
2026-10-06,8481524,2026020050,2026020013,2026-10-01,0,24.82,0.0,1,MOST_RECENT,LOW_RATE,2.4044883783061715
2026-10-06,8481524,2026020050,2026020005,2026-09-29,0,25.13,0.0,2,AGES_2_5,LOW_RATE,2.4044883783061715
2026-10-06,8481524,2026020050,2026010058,2026-09-26,0,26.45,0.0,3,AGES_2_5,LOW_RATE,2.4044883783061715
2026-10-06,8481524,2026020050,2025021301,2026-04-15,0,19.58,0.0,5,AGES_2_5,LOW_RATE,2.4044883783061715
2026-10-06,8481524,2026020050,2025021247,2026-04-09,0,19.53,0.0,7,AGES_6_9,LOW_RATE,2.4044883783061715
2026-10-06,8481524,2026020050,2025021213,2026-04-04,0,20.98,0.0,10,ABOUT_TO_EXIT,LOW_RATE,2.4044883783061715
2026-10-06,8481532,2026020052,2026020034,2026-10-03,0,15.25,0.0,1,MOST_RECENT,LOW_RATE,4.53857791225416
2026-10-06,8481532,2026020052,2025021189,2026-04-01,0,6.63,0.0,5,AGES_2_5,LOW_RATE,4.53857791225416
2026-10-06,8481532,2026020052,2025021065,2026-03-16,0,10.27,0.0,8,AGES_6_9,LOW_RATE,4.53857791225416
2026-10-06,8481532,2026020052,2025021041,2026-03-13,0,12.25,0.0,9,AGES_6_9,LOW_RATE,4.53857791225416
2026-10-06,8481532,2026020052,2025021012,2026-03-10,0,9.7,0.0,10,ABOUT_TO_EXIT,LOW_RATE,4.53857791225416
2026-10-06,8481535,2026020044,2026020012,2026-10-01,0,10.53,0.0,2,AGES_2_5,LOW_RATE,4.828585224529213
2026-10-06,8481535,2026020044,2026010053,2026-09-26,0,13.67,0.0,3,AGES_2_5,LOW_RATE,4.828585224529213
2026-10-06,8481535,2026020044,2025021242,2026-04-07,0,12.27,0.0,9,AGES_6_9,LOW_RATE,4.828585224529213
2026-10-06,8481540,2026020045,2025021294,2026-04-14,10,21.35,28.10304449648712,6,AGES_6_9,HIGH_RATE,12.309177577988294
2026-10-06,8481540,2026020045,2025021248,2026-04-09,5,17.93,16.731734523145565,9,AGES_6_9,HIGH_RATE,12.309177577988294
2026-10-06,8481542,2026020046,2026010061,2026-09-26,7,25.55,16.43835616438356,3,AGES_2_5,HIGH_RATE,6.0033618826542865
2026-10-06,8481542,2026020046,2025021265,2026-04-11,0,26.78,0.0,7,AGES_6_9,LOW_RATE,6.0033618826542865
2026-10-06,8481542,2026020046,2025021235,2026-04-07,0,29.55,0.0,9,AGES_6_9,LOW_RATE,6.0033618826542865
2026-10-06,8481553,2026020049,2025021267,2026-04-11,0,12.73,0.0,7,AGES_6_9,LOW_RATE,5.257393209200438
2026-10-06,8481553,2026020049,2025021240,2026-04-07,0,12.48,0.0,8,AGES_6_9,LOW_RATE,5.257393209200438
2026-10-06,8481553,2026020049,2025021199,2026-04-02,0,13.15,0.0,9,AGES_6_9,LOW_RATE,5.257393209200438
2026-10-06,8481554,2026020051,2026020038,2026-10-04,0,13.25,0.0,1,MOST_RECENT,LOW_RATE,1.2357544967733076
2026-10-06,8481554,2026020051,2026020028,2026-10-03,0,13.18,0.0,2,AGES_2_5,LOW_RATE,1.2357544967733076
2026-10-06,8481554,2026020051,2025021306,2026-04-15,0,14.03,0.0,6,AGES_6_9,LOW_RATE,1.2357544967733076
2026-10-06,8481554,2026020051,2025021291,2026-04-13,0,14.12,0.0,7,AGES_6_9,LOW_RATE,1.2357544967733076
2026-10-06,8481554,2026020051,2025021273,2026-04-11,0,13.2,0.0,8,AGES_6_9,LOW_RATE,1.2357544967733076
2026-10-06,8481554,2026020051,2025021259,2026-04-09,0,18.15,0.0,9,AGES_6_9,LOW_RATE,1.2357544967733076
2026-10-06,8481554,2026020051,2025021240,2026-04-07,0,14.68,0.0,10,ABOUT_TO_EXIT,LOW_RATE,1.2357544967733076
2026-10-06,8481557,2026020049,2025021267,2026-04-11,5,19.58,15.321756894790605,4,AGES_2_5,HIGH_RATE,11.81919821114838
2026-10-06,8481557,2026020049,2025021199,2026-04-02,6,15.75,22.857142857142858,9,AGES_6_9,HIGH_RATE,11.81919821114838
2026-10-06,8481559,2026020047,2025021226,2026-04-05,6,21.68,16.605166051660518,10,ABOUT_TO_EXIT,HIGH_RATE,10.63532045899804
2026-10-06,8481568,2026020050,2026020022,2026-10-03,0,22.55,0.0,1,MOST_RECENT,LOW_RATE,3.568419487535313
2026-10-06,8481568,2026020050,2026020005,2026-09-29,0,20.02,0.0,3,AGES_2_5,LOW_RATE,3.568419487535313
2026-10-06,8481568,2026020050,2025021288,2026-04-13,0,19.72,0.0,7,AGES_6_9,LOW_RATE,3.568419487535313
2026-10-06,8481580,2026020050,2026010042,2026-09-24,0,18.4,0.0,4,AGES_2_5,LOW_RATE,5.277376390023246
2026-10-06,8481580,2026020050,2025021295,2026-04-14,0,16.43,0.0,5,AGES_2_5,LOW_RATE,5.277376390023246
2026-10-06,8481580,2026020050,2025021263,2026-04-11,0,15.03,0.0,7,AGES_6_9,LOW_RATE,5.277376390023246
2026-10-06,8481580,2026020050,2025021213,2026-04-04,5,16.05,18.69158878504673,10,ABOUT_TO_EXIT,HIGH_RATE,5.277376390023246
2026-10-06,8481593,2026020045,2026020026,2026-10-03,0,16.15,0.0,1,MOST_RECENT,LOW_RATE,2.7381185214159984
2026-10-06,8481593,2026020045,2026020002,2026-09-29,0,11.03,0.0,2,AGES_2_5,LOW_RATE,2.7381185214159984
2026-10-06,8481593,2026020045,2026010064,2026-09-26,0,20.83,0.0,3,AGES_2_5,LOW_RATE,2.7381185214159984
2026-10-06,8481593,2026020045,2026010007,2026-09-19,0,20.85,0.0,5,AGES_2_5,LOW_RATE,2.7381185214159984
2026-10-06,8481593,2026020045,2025021248,2026-04-09,0,11.15,0.0,9,AGES_6_9,LOW_RATE,2.7381185214159984
2026-10-06,8481596,2026020046,2025021262,2026-04-11,0,19.85,0.0,7,AGES_6_9,LOW_RATE,6.985294117647059
2026-10-06,8481596,2026020046,2025021249,2026-04-09,0,15.15,0.0,8,AGES_6_9,LOW_RATE,6.985294117647059
2026-10-06,8481598,2026020050,2025021266,2026-04-11,0,20.87,0.0,7,AGES_6_9,LOW_RATE,4.626456477039068
2026-10-06,8481598,2026020050,2025021228,2026-04-05,0,22.32,0.0,10,ABOUT_TO_EXIT,LOW_RATE,4.626456477039068
2026-10-06,8481601,2026020048,2026020008,2026-09-30,0,20.28,0.0,2,AGES_2_5,LOW_RATE,3.702457085156513
2026-10-06,8481601,2026020048,2026010027,2026-09-22,0,14.73,0.0,4,AGES_2_5,LOW_RATE,3.702457085156513
2026-10-06,8481601,2026020048,2025021262,2026-04-11,0,18.68,0.0,7,AGES_6_9,LOW_RATE,3.702457085156513
2026-10-06,8481601,2026020048,2025021214,2026-04-04,0,15.97,0.0,9,AGES_6_9,LOW_RATE,3.702457085156513
2026-10-06,8481604,2026020048,2026020010,2026-10-01,5,13.73,21.84996358339403,3,AGES_2_5,HIGH_RATE,11.778703152885187
2026-10-06,8481604,2026020048,2026020003,2026-09-29,5,15.82,18.963337547408344,4,AGES_2_5,HIGH_RATE,11.778703152885187
2026-10-06,8481604,2026020048,2026010027,2026-09-22,5,17.53,17.113519680547633,6,AGES_6_9,HIGH_RATE,11.778703152885187
2026-10-06,8481606,2026020046,2026010064,2026-09-26,0,20.18,0.0,3,AGES_2_5,LOW_RATE,4.545454545454546
2026-10-06,8481606,2026020046,2025021249,2026-04-09,0,19.38,0.0,8,AGES_6_9,LOW_RATE,4.545454545454546
2026-10-06,8481607,2026020046,2026020017,2026-10-02,0,17.48,0.0,2,AGES_2_5,LOW_RATE,2.3574094689280334
2026-10-06,8481607,2026020046,2026010025,2026-09-22,0,20.92,0.0,4,AGES_2_5,LOW_RATE,2.3574094689280334
2026-10-06,8481607,2026020046,2025021303,2026-04-15,0,14.83,0.0,5,AGES_2_5,LOW_RATE,2.3574094689280334
2026-10-06,8481607,2026020046,2025021265,2026-04-11,0,10.52,0.0,7,AGES_6_9,LOW_RATE,2.3574094689280334
2026-10-06,8481607,2026020046,2025021250,2026-04-09,0,18.6,0.0,8,AGES_6_9,LOW_RATE,2.3574094689280334
2026-10-06,8481618,2026020045,2026010006,2026-09-19,0,18.77,0.0,5,AGES_2_5,LOW_RATE,4.971688993232979
2026-10-06,8481618,2026020045,2025021233,2026-04-07,0,17.25,0.0,10,ABOUT_TO_EXIT,LOW_RATE,4.971688993232979
2026-10-06,8481711,2026020048,2026010062,2026-09-26,0,18.03,0.0,3,AGES_2_5,LOW_RATE,3.974036296198172
2026-10-06,8481711,2026020048,2025021285,2026-04-13,0,11.85,0.0,6,AGES_6_9,LOW_RATE,3.974036296198172
2026-10-06,8481711,2026020048,2025021270,2026-04-11,0,16.93,0.0,7,AGES_6_9,LOW_RATE,3.974036296198172
2026-10-06,8481711,2026020048,2025021252,2026-04-09,0,11.28,0.0,8,AGES_6_9,LOW_RATE,3.974036296198172
2026-10-06,8481721,2026020047,2025021095,2026-03-20,5,15.15,19.8019801980198,6,AGES_6_9,HIGH_RATE,9.687419271506071
2026-10-06,8481721,2026020047,2025021050,2026-03-14,5,15.88,18.89168765743073,9,AGES_6_9,HIGH_RATE,9.687419271506071
2026-10-06,8481726,2026020044,2026020030,2026-10-03,4,13.98,17.167381974248926,1,MOST_RECENT,HIGH_RATE,8.713542296986567
2026-10-06,8481726,2026020044,2025021119,2026-03-23,0,5.1,0.0,5,AGES_2_5,LOW_RATE,8.713542296986567
2026-10-06,8481726,2026020044,2025021110,2026-03-22,0,7.2,0.0,6,AGES_6_9,LOW_RATE,8.713542296986567
2026-10-06,8481726,2026020044,2025021065,2026-03-16,0,10.7,0.0,9,AGES_6_9,LOW_RATE,8.713542296986567
2026-10-06,8481789,2026020048,2026020010,2026-10-01,0,14.78,0.0,3,AGES_2_5,LOW_RATE,4.080244814688881
2026-10-06,8481789,2026020048,2026020003,2026-09-29,0,13.33,0.0,4,AGES_2_5,LOW_RATE,4.080244814688881
2026-10-06,8481789,2026020048,2026010045,2026-09-24,0,15.8,0.0,6,AGES_6_9,LOW_RATE,4.080244814688881
2026-10-06,8481789,2026020048,2025021268,2026-04-11,0,11.83,0.0,9,AGES_6_9,LOW_RATE,4.080244814688881
2026-10-06,8481806,2026020049,2025021255,2026-04-09,0,17.2,0.0,8,AGES_6_9,LOW_RATE,4.861186129415578
2026-10-06,8481806,2026020049,2025021231,2026-04-06,0,20.42,0.0,9,AGES_6_9,LOW_RATE,4.861186129415578
2026-10-06,8482062,2026020050,2026020022,2026-10-03,0,15.15,0.0,1,MOST_RECENT,LOW_RATE,3.43755115403503
2026-10-06,8482062,2026020050,2026010018,2026-09-21,0,11.43,0.0,5,AGES_2_5,LOW_RATE,3.43755115403503
2026-10-06,8482062,2026020050,2025021306,2026-04-15,0,11.13,0.0,6,AGES_6_9,LOW_RATE,3.43755115403503
2026-10-06,8482062,2026020050,2025021259,2026-04-09,0,12.08,0.0,9,AGES_6_9,LOW_RATE,3.43755115403503
2026-10-06,8482072,2026020044,2026020030,2026-10-03,0,5.82,0.0,1,MOST_RECENT,LOW_RATE,5.471540390607189
2026-10-06,8482072,2026020044,2026010053,2026-09-26,0,16.35,0.0,2,AGES_2_5,LOW_RATE,5.471540390607189
2026-10-06,8482072,2026020044,2025020789,2026-01-21,0,11.53,0.0,9,AGES_6_9,LOW_RATE,5.471540390607189
2026-10-06,8482073,2026020048,2026020036,2026-10-04,0,17.7,0.0,1,MOST_RECENT,LOW_RATE,3.697271861520363
2026-10-06,8482073,2026020048,2026010051,2026-09-25,0,16.7,0.0,5,AGES_2_5,LOW_RATE,3.697271861520363
2026-10-06,8482073,2026020048,2026010027,2026-09-22,0,14.78,0.0,6,AGES_6_9,LOW_RATE,3.697271861520363
2026-10-06,8482073,2026020048,2025021283,2026-04-13,0,15.47,0.0,8,AGES_6_9,LOW_RATE,3.697271861520363
2026-10-06,8482077,2026020050,2026010058,2026-09-26,7,23.22,18.087855297157624,3,AGES_2_5,HIGH_RATE,10.466222645099904
2026-10-06,8482077,2026020050,2025021299,2026-04-14,5,19.03,15.764582238570677,5,AGES_2_5,HIGH_RATE,10.466222645099904
2026-10-06,8482078,2026020046,2025021303,2026-04-15,4,15.95,15.04702194357367,5,AGES_2_5,HIGH_RATE,6.220517339692084
2026-10-06,8482078,2026020046,2025021282,2026-04-13,0,18.07,0.0,6,AGES_6_9,LOW_RATE,6.220517339692084
2026-10-06,8482078,2026020046,2025021265,2026-04-11,0,19.9,0.0,7,AGES_6_9,LOW_RATE,6.220517339692084
2026-10-06,8482089,2026020050,2026010058,2026-09-26,0,12.3,0.0,3,AGES_2_5,LOW_RATE,5.385252692626346
2026-10-06,8482089,2026020050,2025021253,2026-04-09,4,15.85,15.141955835962143,8,AGES_6_9,HIGH_RATE,5.385252692626346
2026-10-06,8482089,2026020050,2025021228,2026-04-05,0,14.93,0.0,10,ABOUT_TO_EXIT,LOW_RATE,5.385252692626346
2026-10-06,8482092,2026020046,2025021304,2026-04-15,0,17.17,0.0,4,AGES_2_5,LOW_RATE,8.399780875281515
2026-10-06,8482092,2026020046,2025021208,2026-04-04,6,15.32,23.49869451697128,10,ABOUT_TO_EXIT,HIGH_RATE,8.399780875281515
2026-10-06,8482094,2026020049,2026020012,2026-10-01,0,10.1,0.0,2,AGES_2_5,LOW_RATE,2.846299810246679
2026-10-06,8482094,2026020049,2026010034,2026-09-23,0,21.52,0.0,3,AGES_2_5,LOW_RATE,2.846299810246679
2026-10-06,8482094,2026020049,2026010018,2026-09-21,0,20.98,0.0,4,AGES_2_5,LOW_RATE,2.846299810246679
2026-10-06,8482094,2026020049,2025021296,2026-04-14,0,21.02,0.0,6,AGES_6_9,LOW_RATE,2.846299810246679
2026-10-06,8482094,2026020049,2025020951,2026-03-01,0,13.43,0.0,9,AGES_6_9,LOW_RATE,2.846299810246679
2026-10-06,8482095,2026020046,2026010064,2026-09-26,0,20.55,0.0,3,AGES_2_5,LOW_RATE,3.1165593185123623
2026-10-06,8482095,2026020046,2026010035,2026-09-23,0,20.2,0.0,4,AGES_2_5,LOW_RATE,3.1165593185123623
2026-10-06,8482095,2026020046,2025021191,2026-04-02,0,1.8,0.0,6,AGES_6_9,LOW_RATE,3.1165593185123623
2026-10-06,8482097,2026020049,2026020022,2026-10-03,5,19.12,15.690376569037657,1,MOST_RECENT,HIGH_RATE,11.34020618556701
2026-10-06,8482097,2026020049,2025021301,2026-04-15,5,19.48,15.40041067761807,5,AGES_2_5,HIGH_RATE,11.34020618556701
2026-10-06,8482097,2026020049,2025021229,2026-04-06,4,14.4,16.666666666666668,9,AGES_6_9,HIGH_RATE,11.34020618556701
2026-10-06,8482097,2026020049,2025021213,2026-04-04,6,18.45,19.51219512195122,10,ABOUT_TO_EXIT,HIGH_RATE,11.34020618556701
2026-10-06,8482109,2026020048,2026020003,2026-09-29,0,18.28,0.0,4,AGES_2_5,LOW_RATE,5.208615918832402
2026-10-06,8482110,2026020047,2025021279,2026-04-12,5,18.93,15.84786053882726,6,AGES_6_9,HIGH_RATE,7.65661252900232
2026-10-06,8482110,2026020047,2025021251,2026-04-09,0,17.35,0.0,8,AGES_6_9,LOW_RATE,7.65661252900232
2026-10-06,8482113,2026020052,2025021062,2026-03-15,0,19.07,0.0,8,AGES_6_9,LOW_RATE,6.228589224540642
2026-10-06,8482124,2026020052,2026010030,2026-09-22,0,17.07,0.0,4,AGES_2_5,LOW_RATE,7.803511580211095
2026-10-06,8482124,2026020052,2025021291,2026-04-13,8,20.28,23.66863905325443,6,AGES_6_9,HIGH_RATE,7.803511580211095
2026-10-06,8482145,2026020044,2025021285,2026-04-13,7,15.93,26.365348399246702,6,AGES_6_9,HIGH_RATE,10.104790419161676
2026-10-06,8482145,2026020044,2025021268,2026-04-11,0,19.17,0.0,7,AGES_6_9,LOW_RATE,10.104790419161676
2026-10-06,8482146,2026020047,2026010019,2026-09-21,0,18.58,0.0,4,AGES_2_5,LOW_RATE,9.126308104161597
2026-10-06,8482146,2026020047,2025021220,2026-04-04,5,12.77,23.492560689115113,10,ABOUT_TO_EXIT,HIGH_RATE,9.126308104161597
2026-10-06,8482155,2026020052,2026020034,2026-10-03,0,16.75,0.0,1,MOST_RECENT,LOW_RATE,8.452026921270935
2026-10-06,8482155,2026020052,2026010052,2026-09-26,0,13.52,0.0,3,AGES_2_5,LOW_RATE,8.452026921270935
2026-10-06,8482155,2026020052,2025021217,2026-04-04,6,24.17,14.894497310715764,10,ABOUT_TO_EXIT,HIGH_RATE,8.452026921270935
2026-10-06,8482157,2026020048,2025021283,2026-04-13,0,15.53,0.0,8,AGES_6_9,LOW_RATE,7.785635502497891
2026-10-06,8482157,2026020048,2025021268,2026-04-11,0,14.38,0.0,9,AGES_6_9,LOW_RATE,7.785635502497891
2026-10-06,8482171,2026020046,2026010025,2026-09-22,0,15.23,0.0,2,AGES_2_5,LOW_RATE,1.1406844106463878
2026-10-06,8482171,2026020046,2026010017,2026-09-21,0,22.02,0.0,3,AGES_2_5,LOW_RATE,1.1406844106463878
2026-10-06,8482176,2026020050,2026020022,2026-10-03,0,22.97,0.0,1,MOST_RECENT,LOW_RATE,1.9746121297602257
2026-10-06,8482176,2026020050,2026020005,2026-09-29,0,20.62,0.0,3,AGES_2_5,LOW_RATE,1.9746121297602257
2026-10-06,8482176,2026020050,2026010018,2026-09-21,0,19.88,0.0,5,AGES_2_5,LOW_RATE,1.9746121297602257
2026-10-06,8482176,2026020050,2025021288,2026-04-13,0,20.28,0.0,7,AGES_6_9,LOW_RATE,1.9746121297602257
2026-10-06,8482176,2026020050,2025021231,2026-04-06,0,21.9,0.0,10,ABOUT_TO_EXIT,LOW_RATE,1.9746121297602257
2026-10-06,8482259,2026020051,2026020038,2026-10-04,6,15.45,23.300970873786408,1,MOST_RECENT,HIGH_RATE,12.217885627015102
2026-10-06,8482259,2026020051,2025021259,2026-04-09,8,19.55,24.55242966751918,9,AGES_6_9,HIGH_RATE,12.217885627015102
2026-10-06,8482476,2026020048,2025021277,2026-04-12,0,13.05,0.0,6,AGES_6_9,LOW_RATE,5.172413793103448
2026-10-06,8482476,2026020048,2025021262,2026-04-11,0,12.25,0.0,7,AGES_6_9,LOW_RATE,5.172413793103448
2026-10-06,8482476,2026020048,2025021214,2026-04-04,0,13.83,0.0,9,AGES_6_9,LOW_RATE,5.172413793103448
2026-10-06,8482482,2026020044,2026020012,2026-10-01,0,16.08,0.0,2,AGES_2_5,LOW_RATE,3.093492208982585
2026-10-06,8482482,2026020044,2026010053,2026-09-26,0,18.42,0.0,3,AGES_2_5,LOW_RATE,3.093492208982585
2026-10-06,8482482,2026020044,2025021287,2026-04-13,0,18.28,0.0,5,AGES_2_5,LOW_RATE,3.093492208982585
2026-10-06,8482482,2026020044,2025021267,2026-04-11,0,20.55,0.0,6,AGES_6_9,LOW_RATE,3.093492208982585
2026-10-06,8482659,2026020049,2025021247,2026-04-09,4,14.7,16.3265306122449,7,AGES_6_9,HIGH_RATE,5.478379964781843
2026-10-06,8482659,2026020049,2025021229,2026-04-06,0,14.67,0.0,9,AGES_6_9,LOW_RATE,5.478379964781843
2026-10-06,8482665,2026020051,2026020038,2026-10-04,0,15.97,0.0,1,MOST_RECENT,LOW_RATE,3.384285633707485
2026-10-06,8482665,2026020051,2026010038,2026-09-24,0,19.62,0.0,5,AGES_2_5,LOW_RATE,3.384285633707485
2026-10-06,8482665,2026020051,2025021306,2026-04-15,0,15.45,0.0,6,AGES_6_9,LOW_RATE,3.384285633707485
2026-10-06,8482665,2026020051,2025021291,2026-04-13,0,18.1,0.0,7,AGES_6_9,LOW_RATE,3.384285633707485
2026-10-06,8482665,2026020051,2025021259,2026-04-09,0,21.28,0.0,9,AGES_6_9,LOW_RATE,3.384285633707485
2026-10-06,8482667,2026020046,2026010036,2026-09-23,0,20.27,0.0,4,AGES_2_5,LOW_RATE,7.572889057175312
2026-10-06,8482671,2026020049,2026020011,2026-10-01,0,25.42,0.0,2,AGES_2_5,LOW_RATE,2.965092771463228
2026-10-06,8482671,2026020049,2025021288,2026-04-13,0,22.93,0.0,6,AGES_6_9,LOW_RATE,2.965092771463228
2026-10-06,8482684,2026020047,2025021226,2026-04-05,0,23.13,0.0,6,AGES_6_9,LOW_RATE,5.812484205205964
2026-10-06,8482699,2026020047,2026020027,2026-10-03,5,16.85,17.80415430267062,2,AGES_2_5,HIGH_RATE,11.1896015823679
2026-10-06,8482699,2026020047,2026020013,2026-10-01,5,14.55,20.61855670103093,3,AGES_2_5,HIGH_RATE,11.1896015823679
2026-10-06,8482699,2026020047,2026010030,2026-09-22,6,19.98,18.01801801801802,5,AGES_2_5,HIGH_RATE,11.1896015823679
2026-10-06,8482702,2026020045,2026020001,2026-09-29,0,19.9,0.0,3,AGES_2_5,LOW_RATE,11.288097328483632
2026-10-06,8482713,2026020051,2026020028,2026-10-03,0,11.9,0.0,2,AGES_2_5,LOW_RATE,7.796064843459968
2026-10-06,8482713,2026020051,2025021303,2026-04-15,0,14.05,0.0,4,AGES_2_5,LOW_RATE,7.796064843459968
2026-10-06,8482713,2026020051,2025021233,2026-04-07,6,20.07,17.937219730941706,8,AGES_6_9,HIGH_RATE,7.796064843459968
2026-10-06,8482737,2026020045,2026020026,2026-10-03,0,11.52,0.0,1,MOST_RECENT,LOW_RATE,4.611482591653217
2026-10-06,8482737,2026020045,2025021233,2026-04-07,0,15.1,0.0,8,AGES_6_9,LOW_RATE,4.611482591653217
2026-10-06,8482737,2026020045,2025021226,2026-04-05,0,13.9,0.0,9,AGES_6_9,LOW_RATE,4.611482591653217
2026-10-06,8482737,2026020045,2025021212,2026-04-04,0,15.1,0.0,10,ABOUT_TO_EXIT,LOW_RATE,4.611482591653217
2026-10-06,8482745,2026020050,2025021296,2026-04-14,5,17.6,17.045454545454543,5,AGES_2_5,HIGH_RATE,11.1256095048417
2026-10-06,8482751,2026020051,2026010014,2026-09-20,0,18.58,0.0,5,AGES_2_5,LOW_RATE,9.275525261752511
2026-10-06,8482751,2026020051,2025021306,2026-04-15,4,12.95,18.53281853281853,6,AGES_6_9,HIGH_RATE,9.275525261752511
2026-10-06,8482751,2026020051,2025021259,2026-04-09,4,15.03,15.968063872255492,9,AGES_6_9,HIGH_RATE,9.275525261752511
2026-10-06,8482802,2026020046,2025021303,2026-04-15,0,13.18,0.0,4,AGES_2_5,LOW_RATE,3.247046090015333
2026-10-06,8482802,2026020046,2025021282,2026-04-13,0,12.38,0.0,5,AGES_2_5,LOW_RATE,3.247046090015333
2026-10-06,8482802,2026020046,2025021250,2026-04-09,0,11.28,0.0,7,AGES_6_9,LOW_RATE,3.247046090015333
2026-10-06,8482802,2026020046,2025021235,2026-04-07,0,6.92,0.0,8,AGES_6_9,LOW_RATE,3.247046090015333
2026-10-06,8482802,2026020046,2025021222,2026-04-05,0,9.67,0.0,9,AGES_6_9,LOW_RATE,3.247046090015333
2026-10-06,8482802,2026020046,2025021183,2026-03-31,0,6.9,0.0,10,ABOUT_TO_EXIT,LOW_RATE,3.247046090015333
2026-10-06,8482803,2026020049,2026010024,2026-09-22,4,13.62,17.62114537444934,2,AGES_2_5,HIGH_RATE,4.903417533432393
2026-10-06,8482803,2026020049,2025021206,2026-04-03,0,19.35,0.0,5,AGES_2_5,LOW_RATE,4.903417533432393
2026-10-06,8482803,2026020049,2025021190,2026-04-01,0,11.73,0.0,6,AGES_6_9,LOW_RATE,4.903417533432393
2026-10-06,8482803,2026020049,2025021176,2026-03-30,0,13.3,0.0,7,AGES_6_9,LOW_RATE,4.903417533432393
2026-10-06,8482806,2026020044,2026010045,2026-09-24,0,16.78,0.0,2,AGES_2_5,LOW_RATE,2.0668274199104375
2026-10-06,8482809,2026020045,2025021293,2026-04-14,4,12.97,18.504240555127215,6,AGES_6_9,HIGH_RATE,7.826573079073234
2026-10-06,8482809,2026020045,2025021255,2026-04-09,0,17.33,0.0,8,AGES_6_9,LOW_RATE,7.826573079073234
2026-10-06,8482809,2026020045,2025021225,2026-04-05,0,15.23,0.0,10,ABOUT_TO_EXIT,LOW_RATE,7.826573079073234
2026-10-06,8482858,2026020051,2025021306,2026-04-15,0,18.52,0.0,6,AGES_6_9,LOW_RATE,2.5699600228440893
2026-10-06,8482858,2026020051,2025021273,2026-04-11,0,19.43,0.0,8,AGES_6_9,LOW_RATE,2.5699600228440893
2026-10-06,8482858,2026020051,2025021259,2026-04-09,0,22.5,0.0,9,AGES_6_9,LOW_RATE,2.5699600228440893
2026-10-06,8482858,2026020051,2025021240,2026-04-07,0,19.38,0.0,10,ABOUT_TO_EXIT,LOW_RATE,2.5699600228440893
2026-10-06,8482877,2026020048,2026020036,2026-10-04,0,6.08,0.0,1,MOST_RECENT,LOW_RATE,5.012531328320802
2026-10-06,8482877,2026020048,2025021283,2026-04-13,0,10.55,0.0,7,AGES_6_9,LOW_RATE,5.012531328320802
2026-10-06,8482877,2026020048,2025021244,2026-04-08,0,11.25,0.0,9,AGES_6_9,LOW_RATE,5.012531328320802
2026-10-06,8482964,2026020045,2026020026,2026-10-03,0,13.72,0.0,1,MOST_RECENT,LOW_RATE,4.747176868301805
2026-10-06,8482964,2026020045,2026020002,2026-09-29,0,12.33,0.0,2,AGES_2_5,LOW_RATE,4.747176868301805
2026-10-06,8482964,2026020045,2025021277,2026-04-12,0,12.68,0.0,7,AGES_6_9,LOW_RATE,4.747176868301805
2026-10-06,8482964,2026020045,2025021248,2026-04-09,0,8.75,0.0,9,AGES_6_9,LOW_RATE,4.747176868301805
2026-10-06,8483431,2026020047,2026020036,2026-10-04,0,18.47,0.0,1,MOST_RECENT,LOW_RATE,5.8753128060058755
2026-10-06,8483431,2026020047,2026020013,2026-10-01,0,16.12,0.0,3,AGES_2_5,LOW_RATE,5.8753128060058755
2026-10-06,8483431,2026020047,2026010054,2026-09-26,5,19.67,15.25165226232842,4,AGES_2_5,HIGH_RATE,5.8753128060058755
2026-10-06,8483450,2026020050,2026020022,2026-10-03,0,15.6,0.0,1,MOST_RECENT,LOW_RATE,4.633204633204633
2026-10-06,8483450,2026020050,2026020013,2026-10-01,0,17.07,0.0,2,AGES_2_5,LOW_RATE,4.633204633204633
2026-10-06,8483450,2026020050,2026010042,2026-09-24,0,17.35,0.0,5,AGES_2_5,LOW_RATE,4.633204633204633
2026-10-06,8483450,2026020050,2025021266,2026-04-11,4,15.33,15.655577299412917,9,AGES_6_9,HIGH_RATE,4.633204633204633
2026-10-06,8483457,2026020045,2026020002,2026-09-29,0,24.12,0.0,2,AGES_2_5,LOW_RATE,1.7991775188485264
2026-10-06,8483457,2026020045,2025021294,2026-04-14,0,26.13,0.0,5,AGES_2_5,LOW_RATE,1.7991775188485264
2026-10-06,8483457,2026020045,2025021277,2026-04-12,0,22.85,0.0,6,AGES_6_9,LOW_RATE,1.7991775188485264
2026-10-06,8483457,2026020045,2025021271,2026-04-11,0,26.72,0.0,7,AGES_6_9,LOW_RATE,1.7991775188485264
2026-10-06,8483457,2026020045,2025021226,2026-04-05,0,24.68,0.0,10,ABOUT_TO_EXIT,LOW_RATE,1.7991775188485264
2026-10-06,8483468,2026020049,2026010024,2026-09-22,0,12.42,0.0,4,AGES_2_5,LOW_RATE,4.509120721459316
2026-10-06,8483493,2026020050,2026020013,2026-10-01,0,17.38,0.0,2,AGES_2_5,LOW_RATE,4.827586206896552
2026-10-06,8483493,2026020050,2026010018,2026-09-21,0,16.15,0.0,5,AGES_2_5,LOW_RATE,4.827586206896552
2026-10-06,8483493,2026020050,2025021305,2026-04-15,0,17.85,0.0,6,AGES_6_9,LOW_RATE,4.827586206896552
2026-10-06,8483493,2026020050,2025021288,2026-04-13,0,17.58,0.0,7,AGES_6_9,LOW_RATE,4.827586206896552
2026-10-06,8483493,2026020050,2025021266,2026-04-11,0,7.4,0.0,8,AGES_6_9,LOW_RATE,4.827586206896552
2026-10-06,8483493,2026020050,2025021231,2026-04-06,6,21.58,16.682113067655237,10,ABOUT_TO_EXIT,HIGH_RATE,4.827586206896552
2026-10-06,8483500,2026020049,2026010055,2026-09-26,0,16.17,0.0,3,AGES_2_5,LOW_RATE,4.756967738000854
2026-10-06,8483500,2026020049,2025021117,2026-03-22,0,14.7,0.0,7,AGES_6_9,LOW_RATE,4.756967738000854
2026-10-06,8483500,2026020049,2025021075,2026-03-17,0,15.77,0.0,10,ABOUT_TO_EXIT,LOW_RATE,4.756967738000854
2026-10-06,8483506,2026020050,2026010042,2026-09-24,0,21.67,0.0,4,AGES_2_5,LOW_RATE,4.877784401929435
2026-10-06,8483515,2026020045,2025021233,2026-04-07,5,19.6,15.306122448979592,10,ABOUT_TO_EXIT,HIGH_RATE,8.787861034624173
2026-10-06,8483516,2026020050,2025021228,2026-04-05,8,17.53,27.38163148887621,10,ABOUT_TO_EXIT,HIGH_RATE,11.047874121191832
2026-10-06,8483524,2026020051,2026020028,2026-10-03,0,14.67,0.0,2,AGES_2_5,LOW_RATE,5.475285171102661
2026-10-06,8483524,2026020051,2026010056,2026-09-26,4,13.1,18.320610687022903,4,AGES_2_5,HIGH_RATE,5.475285171102661
2026-10-06,8483524,2026020051,2025021159,2026-03-28,0,3.6,0.0,7,AGES_6_9,LOW_RATE,5.475285171102661
2026-10-06,8483524,2026020051,2025021139,2026-03-26,0,10.93,0.0,8,AGES_6_9,LOW_RATE,5.475285171102661
2026-10-06,8483524,2026020051,2025021104,2026-03-21,0,13.62,0.0,10,ABOUT_TO_EXIT,LOW_RATE,5.475285171102661
2026-10-06,8483525,2026020049,2026010018,2026-09-21,0,14.82,0.0,4,AGES_2_5,LOW_RATE,4.727116458960034
2026-10-06,8483525,2026020049,2025021267,2026-04-11,0,14.17,0.0,7,AGES_6_9,LOW_RATE,4.727116458960034
2026-10-06,8483525,2026020049,2025021254,2026-04-09,0,14.23,0.0,8,AGES_6_9,LOW_RATE,4.727116458960034
2026-10-06,8483525,2026020049,2025021222,2026-04-05,0,11.03,0.0,10,ABOUT_TO_EXIT,LOW_RATE,4.727116458960034
2026-10-06,8483553,2026020051,2026020005,2026-09-29,3,10.52,17.11026615969582,3,AGES_2_5,HIGH_RATE,9.660798626019751
2026-10-06,8483553,2026020051,2026010063,2026-09-26,0,10.97,0.0,4,AGES_2_5,LOW_RATE,9.660798626019751
2026-10-06,8483553,2026020051,2025021252,2026-04-09,5,10.33,29.04162633107454,9,AGES_6_9,HIGH_RATE,9.660798626019751
2026-10-06,8483570,2026020051,2026020028,2026-10-03,0,10.98,0.0,1,MOST_RECENT,LOW_RATE,3.002001334222815
2026-10-06,8483570,2026020051,2026010005,2026-09-19,0,14.93,0.0,3,AGES_2_5,LOW_RATE,3.002001334222815
2026-10-06,8483570,2026020051,2025021306,2026-04-15,0,11.82,0.0,4,AGES_2_5,LOW_RATE,3.002001334222815
2026-10-06,8483570,2026020051,2025021240,2026-04-07,0,13.18,0.0,5,AGES_2_5,LOW_RATE,3.002001334222815
2026-10-06,8483570,2026020051,2025021123,2026-03-24,0,9.2,0.0,10,ABOUT_TO_EXIT,LOW_RATE,3.002001334222815
2026-10-06,8483676,2026020046,2026020041,2026-10-05,0,9.65,0.0,1,MOST_RECENT,LOW_RATE,6.58157159952134
2026-10-06,8483676,2026020046,2026010064,2026-09-26,0,13.2,0.0,3,AGES_2_5,LOW_RATE,6.58157159952134
2026-10-06,8483676,2026020046,2025020920,2026-02-26,0,6.63,0.0,10,ABOUT_TO_EXIT,LOW_RATE,6.58157159952134
2026-10-06,8483679,2026020046,2026020035,2026-10-04,0,13.5,0.0,1,MOST_RECENT,LOW_RATE,2.769060365515968
2026-10-06,8483679,2026020046,2026020017,2026-10-02,0,19.17,0.0,2,AGES_2_5,LOW_RATE,2.769060365515968
2026-10-06,8483679,2026020046,2026010025,2026-09-22,0,22.45,0.0,5,AGES_2_5,LOW_RATE,2.769060365515968
2026-10-06,8483690,2026020048,2026020010,2026-10-01,0,16.23,0.0,3,AGES_2_5,LOW_RATE,4.102564102564102
2026-10-06,8483690,2026020048,2026020003,2026-09-29,0,12.93,0.0,4,AGES_2_5,LOW_RATE,4.102564102564102
2026-10-06,8483690,2026020048,2025021302,2026-04-15,0,11.45,0.0,7,AGES_6_9,LOW_RATE,4.102564102564102
2026-10-06,8483695,2026020047,2026020009,2026-10-01,0,8.05,0.0,2,AGES_2_5,LOW_RATE,3.4873583260680037
2026-10-06,8483695,2026020047,2026010062,2026-09-26,0,11.23,0.0,3,AGES_2_5,LOW_RATE,3.4873583260680037
2026-10-06,8483771,2026020052,2026020037,2026-10-04,4,13.63,17.60821716801174,1,MOST_RECENT,HIGH_RATE,8.04709038074659
2026-10-06,8483771,2026020052,2026020001,2026-09-29,0,11.38,0.0,3,AGES_2_5,LOW_RATE,8.04709038074659
2026-10-06,8483771,2026020052,2025020978,2026-03-05,0,10.57,0.0,8,AGES_6_9,LOW_RATE,8.04709038074659
2026-10-06,8483771,2026020052,2025020948,2026-03-01,2,7.75,15.483870967741936,10,ABOUT_TO_EXIT,HIGH_RATE,8.04709038074659
2026-10-06,8483890,2026020051,2026020021,2026-10-02,3,12.03,14.962593516209475,2,AGES_2_5,HIGH_RATE,6.712564543889845
2026-10-06,8483890,2026020051,2025021091,2026-03-19,3,10.97,16.408386508659984,9,AGES_6_9,HIGH_RATE,6.712564543889845
2026-10-06,8484145,2026020049,2026010055,2026-09-26,0,17.72,0.0,3,AGES_2_5,LOW_RATE,6.966618287373004
2026-10-06,8484145,2026020049,2025021288,2026-04-13,4,14.37,16.701461377870565,6,AGES_6_9,HIGH_RATE,6.966618287373004
2026-10-06,8484158,2026020044,2026020023,2026-10-03,0,12.12,0.0,1,MOST_RECENT,LOW_RATE,4.108885464817668
2026-10-06,8484158,2026020044,2025021245,2026-04-08,0,20.73,0.0,10,ABOUT_TO_EXIT,LOW_RATE,4.108885464817668
2026-10-06,8484160,2026020046,2026020035,2026-10-04,0,8.15,0.0,1,MOST_RECENT,LOW_RATE,1.983143282102132
2026-10-06,8484160,2026020046,2026010041,2026-09-24,0,17.32,0.0,4,AGES_2_5,LOW_RATE,1.983143282102132
2026-10-06,8484160,2026020046,2026010025,2026-09-22,0,14.32,0.0,5,AGES_2_5,LOW_RATE,1.983143282102132
2026-10-06,8484160,2026020046,2026010017,2026-09-21,0,17.45,0.0,6,AGES_6_9,LOW_RATE,1.983143282102132
2026-10-06,8484160,2026020046,2025020644,2026-01-03,0,11.87,0.0,7,AGES_6_9,LOW_RATE,1.983143282102132
2026-10-06,8484160,2026020046,2025020635,2026-01-01,0,11.73,0.0,8,AGES_6_9,LOW_RATE,1.983143282102132
2026-10-06,8484160,2026020046,2025020626,2025-12-31,0,9.47,0.0,9,AGES_6_9,LOW_RATE,1.983143282102132
2026-10-06,8484164,2026020050,2025021253,2026-04-09,0,19.62,0.0,8,AGES_6_9,LOW_RATE,6.584241714829176
2026-10-06,8484164,2026020050,2025021238,2026-04-07,0,9.78,0.0,9,AGES_6_9,LOW_RATE,6.584241714829176
2026-10-06,8484185,2026020050,2026020013,2026-10-01,0,10.3,0.0,2,AGES_2_5,LOW_RATE,4.534461910519951
2026-10-06,8484185,2026020050,2026010042,2026-09-24,0,12.85,0.0,5,AGES_2_5,LOW_RATE,4.534461910519951
2026-10-06,8484185,2026020050,2025021266,2026-04-11,0,13.45,0.0,9,AGES_6_9,LOW_RATE,4.534461910519951
2026-10-06,8484188,2026020050,2026020032,2026-10-03,0,14.43,0.0,1,MOST_RECENT,LOW_RATE,3.166783954961295
2026-10-06,8484188,2026020050,2026010001,2026-09-19,0,23.53,0.0,5,AGES_2_5,LOW_RATE,3.166783954961295
2026-10-06,8484188,2026020050,2025021238,2026-04-07,0,15.98,0.0,9,AGES_6_9,LOW_RATE,3.166783954961295
2026-10-06,8484188,2026020050,2025021228,2026-04-05,0,14.02,0.0,10,ABOUT_TO_EXIT,LOW_RATE,3.166783954961295
2026-10-06,8484197,2026020050,2026010058,2026-09-26,0,15.12,0.0,4,AGES_2_5,LOW_RATE,6.695278969957082
2026-10-06,8484197,2026020050,2025021004,2026-03-08,0,1.82,0.0,7,AGES_6_9,LOW_RATE,6.695278969957082
2026-10-06,8484197,2026020050,2025020964,2026-03-03,0,11.0,0.0,9,AGES_6_9,LOW_RATE,6.695278969957082
2026-10-06,8484210,2026020048,2026020003,2026-09-29,0,16.33,0.0,4,AGES_2_5,LOW_RATE,5.2737317930688095
2026-10-06,8484221,2026020048,2026010062,2026-09-26,0,17.13,0.0,3,AGES_2_5,LOW_RATE,6.831665368250734
2026-10-06,8484221,2026020048,2025021252,2026-04-09,4,15.52,15.463917525773198,9,AGES_6_9,HIGH_RATE,6.831665368250734
2026-10-06,8484223,2026020046,2026010017,2026-09-21,0,22.68,0.0,6,AGES_6_9,LOW_RATE,5.306916681408102
2026-10-06,8484223,2026020046,2025021303,2026-04-15,0,15.1,0.0,7,AGES_6_9,LOW_RATE,5.306916681408102
2026-10-06,8484223,2026020046,2025021282,2026-04-13,0,17.87,0.0,8,AGES_6_9,LOW_RATE,5.306916681408102
2026-10-06,8484223,2026020046,2025021235,2026-04-07,3,9.57,18.80877742946708,9,AGES_6_9,HIGH_RATE,5.306916681408102
2026-10-06,8484241,2026020044,2026020012,2026-10-01,0,17.37,0.0,2,AGES_2_5,LOW_RATE,8.502598016060462
2026-10-06,8484241,2026020044,2026010029,2026-09-22,6,19.9,18.090452261306535,4,AGES_2_5,HIGH_RATE,8.502598016060462
2026-10-06,8484241,2026020044,2025021287,2026-04-13,0,11.65,0.0,5,AGES_2_5,LOW_RATE,8.502598016060462
2026-10-06,8484241,2026020044,2025021220,2026-04-04,3,11.77,15.293118096856414,10,ABOUT_TO_EXIT,HIGH_RATE,8.502598016060462
2026-10-06,8484304,2026020052,2026020037,2026-10-04,0,14.67,0.0,1,MOST_RECENT,LOW_RATE,3.5116469624253774
2026-10-06,8484304,2026020052,2026010059,2026-09-26,0,24.77,0.0,3,AGES_2_5,LOW_RATE,3.5116469624253774
2026-10-06,8484304,2026020052,2025020983,2026-03-06,0,16.85,0.0,6,AGES_6_9,LOW_RATE,3.5116469624253774
2026-10-06,8484305,2026020049,2026020022,2026-10-03,0,8.47,0.0,1,MOST_RECENT,LOW_RATE,1.1049045485237248
2026-10-06,8484305,2026020049,2026020011,2026-10-01,0,12.9,0.0,2,AGES_2_5,LOW_RATE,1.1049045485237248
2026-10-06,8484305,2026020049,2026010055,2026-09-26,0,16.8,0.0,3,AGES_2_5,LOW_RATE,1.1049045485237248
2026-10-06,8484305,2026020049,2026010016,2026-09-21,0,21.92,0.0,5,AGES_2_5,LOW_RATE,1.1049045485237248
2026-10-06,8484305,2026020049,2025021301,2026-04-15,0,14.72,0.0,6,AGES_6_9,LOW_RATE,1.1049045485237248
2026-10-06,8484305,2026020049,2025021247,2026-04-09,0,19.43,0.0,7,AGES_6_9,LOW_RATE,1.1049045485237248
2026-10-06,8484305,2026020049,2025021213,2026-04-04,0,15.25,0.0,8,AGES_6_9,LOW_RATE,1.1049045485237248
2026-10-06,8484321,2026020046,2026010065,2026-09-26,0,16.55,0.0,3,AGES_2_5,LOW_RATE,3.046651856553475
2026-10-06,8484321,2026020046,2025021304,2026-04-15,0,18.65,0.0,6,AGES_6_9,LOW_RATE,3.046651856553475
2026-10-06,8484321,2026020046,2025021279,2026-04-12,0,20.58,0.0,7,AGES_6_9,LOW_RATE,3.046651856553475
2026-10-06,8484321,2026020046,2025021262,2026-04-11,0,10.7,0.0,8,AGES_6_9,LOW_RATE,3.046651856553475
2026-10-06,8484386,2026020047,2026020036,2026-10-04,0,12.75,0.0,1,MOST_RECENT,LOW_RATE,3.5937707972847064
2026-10-06,8484386,2026020047,2026020027,2026-10-03,0,16.67,0.0,2,AGES_2_5,LOW_RATE,3.5937707972847064
2026-10-06,8484386,2026020047,2025021281,2026-04-12,0,13.52,0.0,6,AGES_6_9,LOW_RATE,3.5937707972847064
2026-10-06,8484386,2026020047,2025020976,2026-03-05,0,12.5,0.0,8,AGES_6_9,LOW_RATE,3.5937707972847064
2026-10-06,8484386,2026020047,2025020390,2025-11-28,0,12.52,0.0,10,ABOUT_TO_EXIT,LOW_RATE,3.5937707972847064
2026-10-06,8484388,2026020047,2026020036,2026-10-04,0,10.43,0.0,1,MOST_RECENT,LOW_RATE,4.975949577044286
2026-10-06,8484388,2026020047,2026020027,2026-10-03,0,11.18,0.0,2,AGES_2_5,LOW_RATE,4.975949577044286
2026-10-06,8484388,2026020047,2026010054,2026-09-26,0,11.15,0.0,4,AGES_2_5,LOW_RATE,4.975949577044286
2026-10-06,8484388,2026020047,2026010012,2026-09-20,0,16.55,0.0,6,AGES_6_9,LOW_RATE,4.975949577044286
2026-10-06,8484388,2026020047,2025021146,2026-03-26,0,9.13,0.0,7,AGES_6_9,LOW_RATE,4.975949577044286
2026-10-06,8484388,2026020047,2025020834,2026-01-27,3,11.7,15.384615384615389,10,ABOUT_TO_EXIT,HIGH_RATE,4.975949577044286
2026-10-06,8484390,2026020050,2026020022,2026-10-03,0,18.8,0.0,1,MOST_RECENT,LOW_RATE,4.61361014994233
2026-10-06,8484390,2026020050,2026020013,2026-10-01,0,16.6,0.0,2,AGES_2_5,LOW_RATE,4.61361014994233
2026-10-06,8484403,2026020045,2026010006,2026-09-19,0,11.98,0.0,3,AGES_2_5,LOW_RATE,5.726752113444232
2026-10-06,8484403,2026020045,2025020411,2025-12-02,0,7.72,0.0,4,AGES_2_5,LOW_RATE,5.726752113444232
2026-10-06,8484403,2026020045,2025020392,2025-11-29,0,10.58,0.0,5,AGES_2_5,LOW_RATE,5.726752113444232
2026-10-06,8484471,2026020046,2026010025,2026-09-22,0,22.58,0.0,5,AGES_2_5,LOW_RATE,3.5857287993784737
2026-10-06,8484471,2026020046,2025021303,2026-04-15,0,15.75,0.0,6,AGES_6_9,LOW_RATE,3.5857287993784737
2026-10-06,8484471,2026020046,2025021250,2026-04-09,0,14.98,0.0,9,AGES_6_9,LOW_RATE,3.5857287993784737
2026-10-06,8484759,2026020046,2025021152,2026-03-28,0,13.97,0.0,7,AGES_6_9,LOW_RATE,4.886355223217591
2026-10-06,8484783,2026020050,2026010042,2026-09-24,0,24.72,0.0,5,AGES_2_5,LOW_RATE,4.126547455295736
2026-10-06,8484783,2026020050,2025021142,2026-03-26,0,22.33,0.0,8,AGES_6_9,LOW_RATE,4.126547455295736
2026-10-06,8484786,2026020048,2026010045,2026-09-24,0,14.95,0.0,1,MOST_RECENT,LOW_RATE,2.070393374741201
2026-10-06,8484794,2026020046,2026020035,2026-10-04,6,19.55,18.414322250639387,1,MOST_RECENT,HIGH_RATE,8.957897879964168
2026-10-06,8484794,2026020046,2026020017,2026-10-02,3,9.65,18.65284974093264,2,AGES_2_5,HIGH_RATE,8.957897879964168
2026-10-06,8484794,2026020046,2025021282,2026-04-13,0,11.45,0.0,8,AGES_6_9,LOW_RATE,8.957897879964168
2026-10-06,8484794,2026020046,2025021030,2026-03-12,0,10.45,0.0,9,AGES_6_9,LOW_RATE,8.957897879964168
2026-10-06,8484797,2026020049,2025020903,2026-02-05,0,8.03,0.0,6,AGES_6_9,LOW_RATE,7.555089192025184
2026-10-06,8484797,2026020049,2025020865,2026-01-31,3,9.9,18.181818181818183,8,AGES_6_9,HIGH_RATE,7.555089192025184
2026-10-06,8484800,2026020051,2026010038,2026-09-24,0,16.62,0.0,5,AGES_2_5,LOW_RATE,5.173900546133947
2026-10-06,8484800,2026020051,2025021291,2026-04-13,0,11.33,0.0,7,AGES_6_9,LOW_RATE,5.173900546133947
2026-10-06,8484803,2026020051,2026020021,2026-10-02,0,10.5,0.0,2,AGES_2_5,LOW_RATE,12.816299704239238
2026-10-06,8484803,2026020051,2026020005,2026-09-29,4,11.37,21.10817941952507,3,AGES_2_5,HIGH_RATE,12.816299704239238
2026-10-06,8485388,2026020048,2026010027,2026-09-22,4,14.17,16.937191249117856,4,AGES_2_5,HIGH_RATE,9.098428453267164
2026-10-06,8485391,2026020050,2025021288,2026-04-13,5,19.1,15.706806282722512,8,AGES_6_9,HIGH_RATE,9.7165991902834
2026-10-06,8485391,2026020050,2025021266,2026-04-11,6,19.18,18.769551616266945,9,AGES_6_9,HIGH_RATE,9.7165991902834
2026-10-06,8485702,2026020049,2026020031,2026-10-03,0,14.92,0.0,1,MOST_RECENT,LOW_RATE,7.946400747896541
2026-10-06,8485702,2026020049,2026020012,2026-10-01,0,15.15,0.0,2,AGES_2_5,LOW_RATE,7.946400747896541
2026-10-06,8485702,2026020049,2026010050,2026-09-25,4,14.23,16.865776528460998,3,AGES_2_5,HIGH_RATE,7.946400747896541
2026-10-06,8485702,2026020049,2025020867,2026-01-31,4,14.2,16.901408450704228,9,AGES_6_9,HIGH_RATE,7.946400747896541
2026-10-06,8485702,2026020049,2025020849,2026-01-29,2,7.98,15.037593984962406,10,ABOUT_TO_EXIT,HIGH_RATE,7.946400747896541
2026-10-06,8485957,2026020048,2026020017,2026-10-02,0,11.43,0.0,2,AGES_2_5,LOW_RATE,1.5482539136418372
2026-10-06,8485957,2026020048,2026020010,2026-10-01,0,14.15,0.0,3,AGES_2_5,LOW_RATE,1.5482539136418372
2026-10-06,8485957,2026020048,2026020003,2026-09-29,0,16.9,0.0,4,AGES_2_5,LOW_RATE,1.5482539136418372
2026-10-06,8485957,2026020048,2026010027,2026-09-22,0,15.48,0.0,7,AGES_6_9,LOW_RATE,1.5482539136418372
2026-10-07,8470613,2026020054,2026020007,2026-09-30,0,15.38,0.0,2,AGES_2_5,LOW_RATE,6.498781478472786
2026-10-07,8470613,2026020054,2025021298,2026-04-14,0,20.48,0.0,5,AGES_2_5,LOW_RATE,6.498781478472786
2026-10-07,8471214,2026020053,2026020024,2026-10-03,0,13.57,0.0,1,MOST_RECENT,LOW_RATE,11.913626209977664
2026-10-07,8471214,2026020053,2025021263,2026-04-11,7,14.98,28.037383177570092,5,AGES_2_5,HIGH_RATE,11.913626209977664
2026-10-07,8471215,2026020053,2025021211,2026-04-04,6,18.87,19.07790143084261,9,AGES_6_9,HIGH_RATE,8.065871282137456
2026-10-07,8471675,2026020053,2026020042,2026-10-05,5,19.45,15.424164524421592,1,MOST_RECENT,HIGH_RATE,8.331944675887351
2026-10-07,8471675,2026020053,2025021251,2026-04-09,4,14.72,16.304347826086957,7,AGES_6_9,HIGH_RATE,8.331944675887351
2026-10-07,8471675,2026020053,2025021211,2026-04-04,0,17.53,0.0,9,AGES_6_9,LOW_RATE,8.331944675887351
2026-10-07,8471675,2026020053,2025021192,2026-04-02,0,19.72,0.0,10,ABOUT_TO_EXIT,LOW_RATE,8.331944675887351
2026-10-07,8471724,2026020053,2026010055,2026-09-26,0,17.08,0.0,4,AGES_2_5,LOW_RATE,3.398558187435633
2026-10-07,8471724,2026020053,2026010016,2026-09-21,0,20.82,0.0,5,AGES_2_5,LOW_RATE,3.398558187435633
2026-10-07,8471724,2026020053,2025021276,2026-04-12,0,17.65,0.0,6,AGES_6_9,LOW_RATE,3.398558187435633
2026-10-07,8471724,2026020053,2025021251,2026-04-09,0,20.25,0.0,7,AGES_6_9,LOW_RATE,3.398558187435633
2026-10-07,8471724,2026020053,2025021192,2026-04-02,0,20.07,0.0,10,ABOUT_TO_EXIT,LOW_RATE,3.398558187435633
2026-10-07,8473986,2026020055,2026020037,2026-10-04,0,16.53,0.0,1,MOST_RECENT,LOW_RATE,4.952246197382384
2026-10-07,8473986,2026020055,2025021219,2026-04-04,0,18.23,0.0,9,AGES_6_9,LOW_RATE,4.952246197382384
2026-10-07,8474578,2026020053,2026020026,2026-10-03,0,19.63,0.0,2,AGES_2_5,LOW_RATE,4.780652418447694
2026-10-07,8474578,2026020053,2026010055,2026-09-26,0,18.77,0.0,4,AGES_2_5,LOW_RATE,4.780652418447694
2026-10-07,8474578,2026020053,2025021276,2026-04-12,0,19.93,0.0,5,AGES_2_5,LOW_RATE,4.780652418447694
2026-10-07,8475172,2026020054,2025021238,2026-04-07,0,6.15,0.0,5,AGES_2_5,LOW_RATE,8.774160732451678
2026-10-07,8475172,2026020054,2025021174,2026-03-30,5,19.13,15.682174594877155,9,AGES_6_9,HIGH_RATE,8.774160732451678
2026-10-07,8475172,2026020054,2025021162,2026-03-28,0,14.47,0.0,10,ABOUT_TO_EXIT,LOW_RATE,8.774160732451678
2026-10-07,8475218,2026020055,2026020028,2026-10-03,0,22.68,0.0,1,MOST_RECENT,LOW_RATE,1.7922039129785434
2026-10-07,8475218,2026020055,2026020015,2026-10-01,0,20.7,0.0,2,AGES_2_5,LOW_RATE,1.7922039129785434
2026-10-07,8475218,2026020055,2026010060,2026-09-26,0,20.27,0.0,4,AGES_2_5,LOW_RATE,1.7922039129785434
2026-10-07,8475218,2026020055,2025021246,2026-04-08,0,17.65,0.0,7,AGES_6_9,LOW_RATE,1.7922039129785434
2026-10-07,8475218,2026020055,2025021200,2026-04-02,0,14.82,0.0,10,ABOUT_TO_EXIT,LOW_RATE,1.7922039129785434
2026-10-07,8475754,2026020054,2025021289,2026-04-13,0,19.18,0.0,5,AGES_2_5,LOW_RATE,4.8619739614283395
2026-10-07,8475754,2026020054,2025021228,2026-04-05,0,21.42,0.0,9,AGES_6_9,LOW_RATE,4.8619739614283395
2026-10-07,8475768,2026020054,2026020032,2026-10-03,4,14.23,16.865776528460998,1,MOST_RECENT,HIGH_RATE,5.251110811902518
2026-10-07,8475768,2026020054,2026010012,2026-09-20,0,14.42,0.0,4,AGES_2_5,LOW_RATE,5.251110811902518
2026-10-07,8475768,2026020054,2025021273,2026-04-11,0,13.9,0.0,6,AGES_6_9,LOW_RATE,5.251110811902518
2026-10-07,8475768,2026020054,2025021259,2026-04-09,0,17.32,0.0,7,AGES_6_9,LOW_RATE,5.251110811902518
2026-10-07,8475768,2026020054,2025021230,2026-04-06,0,15.63,0.0,9,AGES_6_9,LOW_RATE,5.251110811902518
2026-10-07,8475795,2026020053,2025020962,2026-03-03,0,6.92,0.0,4,AGES_2_5,LOW_RATE,3.050330452465684
2026-10-07,8475795,2026020053,2025020839,2026-01-27,0,11.88,0.0,6,AGES_6_9,LOW_RATE,3.050330452465684
2026-10-07,8475795,2026020053,2025020742,2026-01-15,0,6.08,0.0,7,AGES_6_9,LOW_RATE,3.050330452465684
2026-10-07,8475795,2026020053,2025020727,2026-01-13,0,5.97,0.0,8,AGES_6_9,LOW_RATE,3.050330452465684
2026-10-07,8475795,2026020053,2025020677,2026-01-07,0,6.13,0.0,9,AGES_6_9,LOW_RATE,3.050330452465684
2026-10-07,8475795,2026020053,2025020663,2026-01-05,0,5.7,0.0,10,ABOUT_TO_EXIT,LOW_RATE,3.050330452465684
2026-10-07,8475798,2026020055,2026020021,2026-10-02,0,18.65,0.0,2,AGES_2_5,LOW_RATE,4.2310985745227425
2026-10-07,8475798,2026020055,2026010052,2026-09-26,0,17.07,0.0,3,AGES_2_5,LOW_RATE,4.2310985745227425
2026-10-07,8475798,2026020055,2026010009,2026-09-20,0,15.55,0.0,4,AGES_2_5,LOW_RATE,4.2310985745227425
2026-10-07,8475798,2026020055,2025021258,2026-04-09,0,15.63,0.0,7,AGES_6_9,LOW_RATE,4.2310985745227425
2026-10-07,8475798,2026020055,2025021206,2026-04-03,0,20.53,0.0,10,ABOUT_TO_EXIT,LOW_RATE,4.2310985745227425
2026-10-07,8475810,2026020053,2025021276,2026-04-12,0,20.35,0.0,3,AGES_2_5,LOW_RATE,6.53707207982109
2026-10-07,8476312,2026020054,2025021274,2026-04-11,3,11.77,15.293118096856414,5,AGES_2_5,HIGH_RATE,6.594169366034244
2026-10-07,8476331,2026020054,2026020035,2026-10-04,0,20.88,0.0,2,AGES_2_5,LOW_RATE,1.9462465245597775
2026-10-07,8476331,2026020054,2026010048,2026-09-25,0,22.78,0.0,4,AGES_2_5,LOW_RATE,1.9462465245597775
2026-10-07,8476331,2026020054,2025021290,2026-04-13,0,23.6,0.0,7,AGES_6_9,LOW_RATE,1.9462465245597775
2026-10-07,8476392,2026020054,2026020035,2026-10-04,0,15.28,0.0,2,AGES_2_5,LOW_RATE,3.0637646007531756
2026-10-07,8476392,2026020054,2026010023,2026-09-22,0,17.45,0.0,5,AGES_2_5,LOW_RATE,3.0637646007531756
2026-10-07,8476392,2026020054,2025021290,2026-04-13,0,16.0,0.0,7,AGES_6_9,LOW_RATE,3.0637646007531756
2026-10-07,8476392,2026020054,2025021272,2026-04-11,0,14.2,0.0,8,AGES_6_9,LOW_RATE,3.0637646007531756
2026-10-07,8476432,2026020053,2025021295,2026-04-14,4,14.2,16.901408450704228,5,AGES_2_5,HIGH_RATE,10.559396605908232
2026-10-07,8476455,2026020054,2026020032,2026-10-03,0,14.58,0.0,1,MOST_RECENT,LOW_RATE,6.835761827666847
2026-10-07,8476455,2026020054,2025021298,2026-04-14,5,16.95,17.699115044247787,5,AGES_2_5,HIGH_RATE,6.835761827666847
2026-10-07,8476455,2026020054,2025021228,2026-04-05,0,15.03,0.0,10,ABOUT_TO_EXIT,LOW_RATE,6.835761827666847
2026-10-07,8476460,2026020054,2026020019,2026-10-02,0,22.48,0.0,3,AGES_2_5,LOW_RATE,5.171423099023175
2026-10-07,8476460,2026020054,2026010015,2026-09-21,0,18.75,0.0,5,AGES_2_5,LOW_RATE,5.171423099023175
2026-10-07,8476473,2026020055,2026020028,2026-10-03,0,19.35,0.0,1,MOST_RECENT,LOW_RATE,3.0782146355114035
2026-10-07,8476473,2026020055,2025021264,2026-04-11,0,21.52,0.0,7,AGES_6_9,LOW_RATE,3.0782146355114035
2026-10-07,8476473,2026020055,2025021241,2026-04-07,0,23.73,0.0,9,AGES_6_9,LOW_RATE,3.0782146355114035
2026-10-07,8476480,2026020054,2026020042,2026-10-05,4,11.07,21.680216802168022,1,MOST_RECENT,HIGH_RATE,7.978060334081277
2026-10-07,8476480,2026020054,2025020933,2026-02-27,0,3.85,0.0,9,AGES_6_9,LOW_RATE,7.978060334081277
2026-10-07,8476480,2026020054,2025020915,2026-02-25,0,13.03,0.0,10,ABOUT_TO_EXIT,LOW_RATE,7.978060334081277
2026-10-07,8476483,2026020053,2025021251,2026-04-09,8,18.1,26.519337016574585,8,AGES_6_9,HIGH_RATE,9.930486593843098
2026-10-07,8476483,2026020053,2025021211,2026-04-04,5,17.32,17.321016166281755,10,ABOUT_TO_EXIT,HIGH_RATE,9.930486593843098
2026-10-07,8476880,2026020053,2026020018,2026-10-02,0,16.62,0.0,2,AGES_2_5,LOW_RATE,6.56311529205863
2026-10-07,8476880,2026020053,2026010049,2026-09-25,5,18.12,16.556291390728475,3,AGES_2_5,HIGH_RATE,6.56311529205863
2026-10-07,8476880,2026020053,2025021245,2026-04-08,0,18.85,0.0,8,AGES_6_9,LOW_RATE,6.56311529205863
2026-10-07,8476967,2026020054,2026020032,2026-10-03,0,16.8,0.0,1,MOST_RECENT,LOW_RATE,4.008972462177254
2026-10-07,8476967,2026020054,2026020007,2026-09-30,0,19.73,0.0,2,AGES_2_5,LOW_RATE,4.008972462177254
2026-10-07,8476967,2026020054,2025021298,2026-04-14,0,21.2,0.0,5,AGES_2_5,LOW_RATE,4.008972462177254
2026-10-07,8477450,2026020055,2025021246,2026-04-08,0,12.1,0.0,1,MOST_RECENT,LOW_RATE,4.860267314702309
2026-10-07,8477450,2026020055,2025021132,2026-03-24,0,16.6,0.0,8,AGES_6_9,LOW_RATE,4.860267314702309
2026-10-07,8477476,2026020054,2026010048,2026-09-25,0,13.8,0.0,3,AGES_2_5,LOW_RATE,4.2492917847025495
2026-10-07,8477476,2026020054,2026010012,2026-09-20,0,18.57,0.0,4,AGES_2_5,LOW_RATE,4.2492917847025495
2026-10-07,8477476,2026020054,2025021228,2026-04-05,0,16.88,0.0,9,AGES_6_9,LOW_RATE,4.2492917847025495
2026-10-07,8477492,2026020054,2026020007,2026-09-30,8,17.73,27.072758037225043,2,AGES_2_5,HIGH_RATE,11.181192660550458
2026-10-07,8477492,2026020054,2025021274,2026-04-11,6,21.63,16.643550624133148,6,AGES_6_9,HIGH_RATE,11.181192660550458
2026-10-07,8477492,2026020054,2025021256,2026-04-09,6,22.38,16.0857908847185,7,AGES_6_9,HIGH_RATE,11.181192660550458
2026-10-07,8477492,2026020054,2025021238,2026-04-07,0,21.13,0.0,8,AGES_6_9,LOW_RATE,11.181192660550458
2026-10-07,8477504,2026020054,2026020042,2026-10-05,0,23.83,0.0,1,MOST_RECENT,LOW_RATE,7.441303511097806
2026-10-07,8477504,2026020054,2026020035,2026-10-04,7,21.55,19.489559164733176,2,AGES_2_5,HIGH_RATE,7.441303511097806
2026-10-07,8477845,2026020053,2026020042,2026-10-05,0,19.67,0.0,1,MOST_RECENT,LOW_RATE,2.7993779160186625
2026-10-07,8477845,2026020053,2026020006,2026-09-30,0,20.7,0.0,3,AGES_2_5,LOW_RATE,2.7993779160186625
2026-10-07,8477845,2026020053,2025021295,2026-04-14,0,20.05,0.0,6,AGES_6_9,LOW_RATE,2.7993779160186625
2026-10-07,8477845,2026020053,2025021276,2026-04-12,5,18.98,15.806111696522656,7,AGES_6_9,HIGH_RATE,2.7993779160186625
2026-10-07,8477845,2026020053,2025021263,2026-04-11,0,20.0,0.0,8,AGES_6_9,LOW_RATE,2.7993779160186625
2026-10-07,8477845,2026020053,2025021245,2026-04-08,0,19.42,0.0,9,AGES_6_9,LOW_RATE,2.7993779160186625
2026-10-07,8477934,2026020055,2025021061,2026-03-15,2,3.2,37.5,6,AGES_6_9,HIGH_RATE,9.494672433801034
2026-10-07,8477934,2026020055,2025021034,2026-03-12,0,17.6,0.0,8,AGES_6_9,LOW_RATE,9.494672433801034
2026-10-07,8477949,2026020053,2026010049,2026-09-25,4,14.9,16.107382550335572,3,AGES_2_5,HIGH_RATE,9.021587369777682
2026-10-07,8477949,2026020053,2025021229,2026-04-06,6,17.98,20.022246941045605,9,AGES_6_9,HIGH_RATE,9.021587369777682
2026-10-07,8477949,2026020053,2025021213,2026-04-04,5,16.33,18.37109614206981,10,ABOUT_TO_EXIT,HIGH_RATE,9.021587369777682
2026-10-07,8478013,2026020055,2025021289,2026-04-13,0,13.83,0.0,6,AGES_6_9,LOW_RATE,5.042016806722689
2026-10-07,8478013,2026020055,2025021246,2026-04-08,0,18.23,0.0,8,AGES_6_9,LOW_RATE,5.042016806722689
2026-10-07,8478038,2026020054,2026020032,2026-10-03,0,18.92,0.0,1,MOST_RECENT,LOW_RATE,2.799575821845175
2026-10-07,8478038,2026020054,2026020007,2026-09-30,0,20.07,0.0,2,AGES_2_5,LOW_RATE,2.799575821845175
2026-10-07,8478038,2026020054,2025021228,2026-04-05,0,25.25,0.0,9,AGES_6_9,LOW_RATE,2.799575821845175
2026-10-07,8478038,2026020054,2025021209,2026-04-04,0,23.88,0.0,10,ABOUT_TO_EXIT,LOW_RATE,2.799575821845175
2026-10-07,8478398,2026020054,2026020042,2026-10-05,6,21.98,16.378525932666058,1,MOST_RECENT,HIGH_RATE,12.881679389312977
2026-10-07,8478398,2026020054,2026020035,2026-10-04,5,20.08,14.940239043824702,2,AGES_2_5,HIGH_RATE,12.881679389312977
2026-10-07,8478398,2026020054,2026020019,2026-10-02,9,20.93,25.80028666985189,3,AGES_2_5,HIGH_RATE,12.881679389312977
2026-10-07,8478398,2026020054,2025021297,2026-04-14,6,20.87,17.24964063248682,6,AGES_6_9,HIGH_RATE,12.881679389312977
2026-10-07,8478398,2026020054,2025021253,2026-04-09,6,20.93,17.20019111323459,9,AGES_6_9,HIGH_RATE,12.881679389312977
2026-10-07,8478402,2026020055,2026020004,2026-09-29,0,22.85,0.0,3,AGES_2_5,LOW_RATE,10.37299563469767
2026-10-07,8478402,2026020055,2026010060,2026-09-26,6,19.55,18.414322250639387,4,AGES_2_5,HIGH_RATE,10.37299563469767
2026-10-07,8478402,2026020055,2025021246,2026-04-08,8,21.17,22.67359470949457,8,AGES_6_9,HIGH_RATE,10.37299563469767
2026-10-07,8478421,2026020055,2026020021,2026-10-02,4,13.4,17.91044776119403,2,AGES_2_5,HIGH_RATE,7.470021623746805
2026-10-07,8478421,2026020055,2025021233,2026-04-07,5,15.7,19.10828025477707,7,AGES_6_9,HIGH_RATE,7.470021623746805
2026-10-07,8478421,2026020055,2025021223,2026-04-05,0,15.85,0.0,8,AGES_6_9,LOW_RATE,7.470021623746805
2026-10-07,8478438,2026020053,2026020006,2026-09-30,0,16.07,0.0,3,AGES_2_5,LOW_RATE,6.75422138836773
2026-10-07,8478438,2026020053,2026010055,2026-09-26,0,16.48,0.0,4,AGES_2_5,LOW_RATE,6.75422138836773
2026-10-07,8478438,2026020053,2025021263,2026-04-11,0,14.53,0.0,8,AGES_6_9,LOW_RATE,6.75422138836773
2026-10-07,8478440,2026020053,2025021276,2026-04-12,0,14.53,0.0,6,AGES_6_9,LOW_RATE,6.976267013200191
2026-10-07,8478440,2026020053,2025021227,2026-04-05,0,13.58,0.0,9,AGES_6_9,LOW_RATE,6.976267013200191
2026-10-07,8478462,2026020054,2025021298,2026-04-14,0,16.3,0.0,5,AGES_2_5,LOW_RATE,6.0444700295027705
2026-10-07,8478462,2026020054,2025021274,2026-04-11,0,13.63,0.0,7,AGES_6_9,LOW_RATE,6.0444700295027705
2026-10-07,8478463,2026020053,2025021245,2026-04-08,0,17.23,0.0,8,AGES_6_9,LOW_RATE,5.9610544442972575
2026-10-07,8478463,2026020053,2025021227,2026-04-05,0,12.77,0.0,9,AGES_6_9,LOW_RATE,5.9610544442972575
2026-10-07,8478472,2026020055,2026020004,2026-09-29,0,14.95,0.0,3,AGES_2_5,LOW_RATE,2.727024815925825
2026-10-07,8478472,2026020055,2026010060,2026-09-26,0,12.32,0.0,4,AGES_2_5,LOW_RATE,2.727024815925825
2026-10-07,8478472,2026020055,2026010003,2026-09-19,0,15.6,0.0,5,AGES_2_5,LOW_RATE,2.727024815925825
2026-10-07,8478472,2026020055,2025021291,2026-04-13,0,8.5,0.0,7,AGES_6_9,LOW_RATE,2.727024815925825
2026-10-07,8478472,2026020055,2025021264,2026-04-11,0,6.77,0.0,8,AGES_6_9,LOW_RATE,2.727024815925825
2026-10-07,8478472,2026020055,2025021189,2026-04-01,0,8.53,0.0,10,ABOUT_TO_EXIT,LOW_RATE,2.727024815925825
2026-10-07,8478854,2026020055,2026020028,2026-10-03,0,21.52,0.0,1,MOST_RECENT,LOW_RATE,2.271436683702442
2026-10-07,8478854,2026020055,2026020004,2026-09-29,0,22.68,0.0,3,AGES_2_5,LOW_RATE,2.271436683702442
2026-10-07,8478854,2026020055,2025021263,2026-04-11,0,25.2,0.0,7,AGES_6_9,LOW_RATE,2.271436683702442
2026-10-07,8478854,2026020055,2025021223,2026-04-05,0,18.8,0.0,9,AGES_6_9,LOW_RATE,2.271436683702442
2026-10-07,8479345,2026020053,2025021263,2026-04-11,0,23.15,0.0,7,AGES_6_9,LOW_RATE,4.554384711555635
2026-10-07,8479365,2026020055,2026020028,2026-10-03,0,8.25,0.0,1,MOST_RECENT,LOW_RATE,6.78513731825525
2026-10-07,8479365,2026020055,2026010060,2026-09-26,0,10.35,0.0,4,AGES_2_5,LOW_RATE,6.78513731825525
2026-10-07,8479368,2026020055,2026010003,2026-09-19,0,11.6,0.0,5,AGES_2_5,LOW_RATE,4.646210434614268
2026-10-07,8479368,2026020055,2025021264,2026-04-11,0,2.12,0.0,6,AGES_6_9,LOW_RATE,4.646210434614268
2026-10-07,8479368,2026020055,2025021246,2026-04-08,0,10.37,0.0,7,AGES_6_9,LOW_RATE,4.646210434614268
2026-10-07,8479368,2026020055,2025021241,2026-04-07,0,7.43,0.0,8,AGES_6_9,LOW_RATE,4.646210434614268
2026-10-07,8479368,2026020055,2025021218,2026-04-04,0,11.0,0.0,9,AGES_6_9,LOW_RATE,4.646210434614268
2026-10-07,8479368,2026020055,2025021200,2026-04-02,3,10.03,17.94616151545364,10,ABOUT_TO_EXIT,HIGH_RATE,4.646210434614268
2026-10-07,8479398,2026020053,2025021276,2026-04-12,0,17.0,0.0,6,AGES_6_9,LOW_RATE,3.703703703703704
2026-10-07,8479398,2026020053,2025021263,2026-04-11,0,20.72,0.0,7,AGES_6_9,LOW_RATE,3.703703703703704
2026-10-07,8479398,2026020053,2025021251,2026-04-09,0,18.83,0.0,8,AGES_6_9,LOW_RATE,3.703703703703704
2026-10-07,8479398,2026020053,2025021223,2026-04-05,0,17.28,0.0,9,AGES_6_9,LOW_RATE,3.703703703703704
2026-10-07,8479400,2026020053,2025021263,2026-04-11,0,7.03,0.0,6,AGES_6_9,LOW_RATE,5.547483819838859
2026-10-07,8479576,2026020053,2026020018,2026-10-02,0,21.25,0.0,2,AGES_2_5,LOW_RATE,2.097168822090178
2026-10-07,8479576,2026020053,2026010013,2026-09-20,0,18.32,0.0,4,AGES_2_5,LOW_RATE,2.097168822090178
2026-10-07,8479576,2026020053,2025021305,2026-04-15,0,20.75,0.0,5,AGES_2_5,LOW_RATE,2.097168822090178
2026-10-07,8479576,2026020053,2025021287,2026-04-13,0,19.93,0.0,6,AGES_6_9,LOW_RATE,2.097168822090178
2026-10-07,8479576,2026020053,2025021275,2026-04-11,0,22.72,0.0,7,AGES_6_9,LOW_RATE,2.097168822090178
2026-10-07,8479983,2026020054,2026020035,2026-10-04,0,20.28,0.0,2,AGES_2_5,LOW_RATE,4.044489383215369
2026-10-07,8479983,2026020054,2026010015,2026-09-21,0,20.03,0.0,5,AGES_2_5,LOW_RATE,4.044489383215369
2026-10-07,8480029,2026020055,2026020015,2026-10-01,0,16.25,0.0,2,AGES_2_5,LOW_RATE,8.005336891260841
2026-10-07,8480039,2026020054,2026010012,2026-09-20,0,15.42,0.0,4,AGES_2_5,LOW_RATE,9.796388782174414
2026-10-07,8480043,2026020053,2026020018,2026-10-02,0,18.8,0.0,2,AGES_2_5,LOW_RATE,4.228871660152496
2026-10-07,8480049,2026020054,2026020035,2026-10-04,0,19.83,0.0,2,AGES_2_5,LOW_RATE,2.745492815960465
2026-10-07,8480049,2026020054,2026010023,2026-09-22,0,23.42,0.0,5,AGES_2_5,LOW_RATE,2.745492815960465
2026-10-07,8480049,2026020054,2025021297,2026-04-14,0,23.3,0.0,6,AGES_6_9,LOW_RATE,2.745492815960465
2026-10-07,8480049,2026020054,2025021253,2026-04-09,0,26.87,0.0,9,AGES_6_9,LOW_RATE,2.745492815960465
2026-10-07,8480068,2026020055,2025021280,2026-04-12,0,13.42,0.0,6,AGES_6_9,LOW_RATE,5.919884233374992
2026-10-07,8480068,2026020055,2025021243,2026-04-07,0,17.43,0.0,8,AGES_6_9,LOW_RATE,5.919884233374992
2026-10-07,8480068,2026020055,2025021219,2026-04-04,4,15.07,15.9256801592568,9,AGES_6_9,HIGH_RATE,5.919884233374992
2026-10-07,8480068,2026020055,2025021206,2026-04-03,3,12.02,14.975041597337771,10,ABOUT_TO_EXIT,HIGH_RATE,5.919884233374992
2026-10-07,8480069,2026020054,2025021145,2026-03-26,0,28.87,0.0,7,AGES_6_9,LOW_RATE,6.2674094707520895
2026-10-07,8480113,2026020054,2026020042,2026-10-05,3,10.4,17.307692307692307,1,MOST_RECENT,HIGH_RATE,8.792965627498
2026-10-07,8480113,2026020054,2026020019,2026-10-02,0,12.2,0.0,3,AGES_2_5,LOW_RATE,8.792965627498
2026-10-07,8480145,2026020054,2026010048,2026-09-25,0,21.22,0.0,4,AGES_2_5,LOW_RATE,4.245157866808172
2026-10-07,8480145,2026020054,2026010023,2026-09-22,0,27.27,0.0,5,AGES_2_5,LOW_RATE,4.245157866808172
2026-10-07,8480145,2026020054,2025021272,2026-04-11,0,20.0,0.0,6,AGES_6_9,LOW_RATE,4.245157866808172
2026-10-07,8480289,2026020054,2025021215,2026-04-04,0,12.98,0.0,6,AGES_6_9,LOW_RATE,5.255002358013878
2026-10-07,8480289,2026020054,2025021145,2026-03-26,0,11.45,0.0,8,AGES_6_9,LOW_RATE,5.255002358013878
2026-10-07,8480448,2026020054,2026010015,2026-09-21,0,16.53,0.0,4,AGES_2_5,LOW_RATE,5.097312326227989
2026-10-07,8480796,2026020053,2026020024,2026-10-03,0,18.18,0.0,1,MOST_RECENT,LOW_RATE,2.4745183526777823
2026-10-07,8480796,2026020053,2025021276,2026-04-12,0,18.83,0.0,6,AGES_6_9,LOW_RATE,2.4745183526777823
2026-10-07,8480796,2026020053,2025021213,2026-04-04,0,21.17,0.0,10,ABOUT_TO_EXIT,LOW_RATE,2.4745183526777823
2026-10-07,8480803,2026020055,2025021246,2026-04-08,0,22.53,0.0,8,AGES_6_9,LOW_RATE,6.404680952004428
2026-10-07,8480803,2026020055,2025021241,2026-04-07,0,22.55,0.0,9,AGES_6_9,LOW_RATE,6.404680952004428
2026-10-07,8480834,2026020055,2026020028,2026-10-03,0,11.37,0.0,1,MOST_RECENT,LOW_RATE,1.5472890206949907
2026-10-07,8480834,2026020055,2026010037,2026-09-24,0,26.3,0.0,2,AGES_2_5,LOW_RATE,1.5472890206949907
2026-10-07,8480834,2026020055,2025021289,2026-04-13,0,10.37,0.0,4,AGES_2_5,LOW_RATE,1.5472890206949907
2026-10-07,8480834,2026020055,2025021264,2026-04-11,0,10.97,0.0,5,AGES_2_5,LOW_RATE,1.5472890206949907
2026-10-07,8480834,2026020055,2025021200,2026-04-02,0,16.43,0.0,9,AGES_6_9,LOW_RATE,1.5472890206949907
2026-10-07,8480834,2026020055,2025021187,2026-03-31,0,16.27,0.0,10,ABOUT_TO_EXIT,LOW_RATE,1.5472890206949907
2026-10-07,8480980,2026020053,2026020042,2026-10-05,4,14.77,16.24915368991198,1,MOST_RECENT,HIGH_RATE,4.7713717693836974
2026-10-07,8480980,2026020053,2026020006,2026-09-30,0,14.85,0.0,3,AGES_2_5,LOW_RATE,4.7713717693836974
2026-10-07,8480980,2026020053,2025021192,2026-04-02,0,13.18,0.0,8,AGES_6_9,LOW_RATE,4.7713717693836974
2026-10-07,8481030,2026020054,2026020042,2026-10-05,0,14.17,0.0,1,MOST_RECENT,LOW_RATE,1.0513404590853337
2026-10-07,8481030,2026020054,2026010015,2026-09-21,0,18.9,0.0,2,AGES_2_5,LOW_RATE,1.0513404590853337
2026-10-07,8481030,2026020054,2025021299,2026-04-14,0,21.0,0.0,4,AGES_2_5,LOW_RATE,1.0513404590853337
2026-10-07,8481030,2026020054,2025021263,2026-04-11,0,18.12,0.0,6,AGES_6_9,LOW_RATE,1.0513404590853337
2026-10-07,8481030,2026020054,2025020822,2026-01-25,0,2.9,0.0,7,AGES_6_9,LOW_RATE,1.0513404590853337
2026-10-07,8481030,2026020054,2025020800,2026-01-22,0,18.98,0.0,8,AGES_6_9,LOW_RATE,1.0513404590853337
2026-10-07,8481030,2026020054,2025020760,2026-01-17,0,16.1,0.0,10,ABOUT_TO_EXIT,LOW_RATE,1.0513404590853337
2026-10-07,8481043,2026020054,2025021297,2026-04-14,0,12.77,0.0,3,AGES_2_5,LOW_RATE,8.467267738141905
2026-10-07,8481043,2026020054,2025021230,2026-04-06,3,10.9,16.51376146788991,7,AGES_6_9,HIGH_RATE,8.467267738141905
2026-10-07,8481043,2026020054,2025021215,2026-04-04,3,11.92,15.1006711409396,8,AGES_6_9,HIGH_RATE,8.467267738141905
2026-10-07,8481043,2026020054,2025021198,2026-04-02,0,12.57,0.0,9,AGES_6_9,LOW_RATE,8.467267738141905
2026-10-07,8481481,2026020053,2026020026,2026-10-03,0,14.82,0.0,2,AGES_2_5,LOW_RATE,4.636459430979979
2026-10-07,8481481,2026020053,2026020006,2026-09-30,4,13.22,18.15431164901664,3,AGES_2_5,HIGH_RATE,4.636459430979979
2026-10-07,8481481,2026020053,2025021039,2026-03-12,0,10.35,0.0,5,AGES_2_5,LOW_RATE,4.636459430979979
2026-10-07,8481481,2026020053,2025021018,2026-03-10,0,14.2,0.0,6,AGES_6_9,LOW_RATE,4.636459430979979
2026-10-07,8481481,2026020053,2025020993,2026-03-07,0,15.03,0.0,8,AGES_6_9,LOW_RATE,4.636459430979979
2026-10-07,8481481,2026020053,2025020947,2026-03-01,0,14.13,0.0,10,ABOUT_TO_EXIT,LOW_RATE,4.636459430979979
2026-10-07,8481527,2026020053,2026020042,2026-10-05,0,13.37,0.0,1,MOST_RECENT,LOW_RATE,3.446075303126994
2026-10-07,8481527,2026020053,2026010055,2026-09-26,0,20.75,0.0,4,AGES_2_5,LOW_RATE,3.446075303126994
2026-10-07,8481527,2026020053,2025021218,2026-04-04,0,11.92,0.0,9,AGES_6_9,LOW_RATE,3.446075303126994
2026-10-07,8481527,2026020053,2025021201,2026-04-02,0,13.75,0.0,10,ABOUT_TO_EXIT,LOW_RATE,3.446075303126994
2026-10-07,8481538,2026020055,2026020037,2026-10-04,0,9.82,0.0,1,MOST_RECENT,LOW_RATE,0.8077544426494345
2026-10-07,8481538,2026020055,2026020021,2026-10-02,0,13.28,0.0,2,AGES_2_5,LOW_RATE,0.8077544426494345
2026-10-07,8481538,2026020055,2026010039,2026-09-24,0,19.15,0.0,4,AGES_2_5,LOW_RATE,0.8077544426494345
2026-10-07,8481538,2026020055,2026010033,2026-09-23,0,18.38,0.0,5,AGES_2_5,LOW_RATE,0.8077544426494345
2026-10-07,8481582,2026020053,2026020006,2026-09-30,4,15.03,15.968063872255492,3,AGES_2_5,HIGH_RATE,7.431363104658364
2026-10-07,8481582,2026020053,2025021304,2026-04-15,0,13.05,0.0,6,AGES_6_9,LOW_RATE,7.431363104658364
2026-10-07,8481582,2026020053,2025021285,2026-04-13,6,14.53,24.77632484514797,7,AGES_6_9,HIGH_RATE,7.431363104658364
2026-10-07,8481582,2026020053,2025021252,2026-04-09,0,11.32,0.0,9,AGES_6_9,LOW_RATE,7.431363104658364
2026-10-07,8481605,2026020055,2026020037,2026-10-04,0,28.68,0.0,1,MOST_RECENT,LOW_RATE,2.9666254635352285
2026-10-07,8481605,2026020055,2025021258,2026-04-09,0,22.98,0.0,7,AGES_6_9,LOW_RATE,2.9666254635352285
2026-10-07,8481605,2026020055,2025021206,2026-04-03,0,23.25,0.0,10,ABOUT_TO_EXIT,LOW_RATE,2.9666254635352285
2026-10-07,8481617,2026020055,2026020004,2026-09-29,7,18.33,22.91325695581015,3,AGES_2_5,HIGH_RATE,11.009174311926603
2026-10-07,8481617,2026020055,2026010003,2026-09-19,6,18.27,19.704433497536947,5,AGES_2_5,HIGH_RATE,11.009174311926603
2026-10-07,8481656,2026020053,2026020024,2026-10-03,0,15.35,0.0,1,MOST_RECENT,LOW_RATE,7.1338925952837045
2026-10-07,8481754,2026020055,2026020037,2026-10-04,0,10.4,0.0,1,MOST_RECENT,LOW_RATE,3.8001741746496713
2026-10-07,8481754,2026020055,2026020021,2026-10-02,0,11.82,0.0,2,AGES_2_5,LOW_RATE,3.8001741746496713
2026-10-07,8481754,2026020055,2026010033,2026-09-23,0,15.98,0.0,4,AGES_2_5,LOW_RATE,3.8001741746496713
2026-10-07,8481754,2026020055,2025020643,2026-01-02,0,14.78,0.0,9,AGES_6_9,LOW_RATE,3.8001741746496713
2026-10-07,8482088,2026020053,2026020018,2026-10-02,0,13.0,0.0,2,AGES_2_5,LOW_RATE,2.3704484098241916
2026-10-07,8482088,2026020053,2026010049,2026-09-25,0,13.02,0.0,3,AGES_2_5,LOW_RATE,2.3704484098241916
2026-10-07,8482088,2026020053,2025021295,2026-04-14,0,16.08,0.0,5,AGES_2_5,LOW_RATE,2.3704484098241916
2026-10-07,8482088,2026020053,2025021263,2026-04-11,0,17.9,0.0,7,AGES_6_9,LOW_RATE,2.3704484098241916
2026-10-07,8482088,2026020053,2025021213,2026-04-04,0,15.42,0.0,10,ABOUT_TO_EXIT,LOW_RATE,2.3704484098241916
2026-10-07,8482148,2026020053,2026020042,2026-10-05,0,10.97,0.0,1,MOST_RECENT,LOW_RATE,3.6809815950920246
2026-10-07,8482148,2026020053,2026020026,2026-10-03,0,11.37,0.0,2,AGES_2_5,LOW_RATE,3.6809815950920246
2026-10-07,8482148,2026020053,2025021295,2026-04-14,0,13.3,0.0,6,AGES_6_9,LOW_RATE,3.6809815950920246
2026-10-07,8482148,2026020053,2025021213,2026-04-04,0,11.08,0.0,8,AGES_6_9,LOW_RATE,3.6809815950920246
2026-10-07,8482148,2026020053,2025021194,2026-04-02,0,12.77,0.0,9,AGES_6_9,LOW_RATE,3.6809815950920246
2026-10-07,8482149,2026020054,2026010048,2026-09-25,0,19.83,0.0,4,AGES_2_5,LOW_RATE,5.431502715751358
2026-10-07,8482149,2026020054,2025021290,2026-04-13,0,12.38,0.0,7,AGES_6_9,LOW_RATE,5.431502715751358
2026-10-07,8482408,2026020055,2025021260,2026-04-09,0,8.13,0.0,5,AGES_2_5,LOW_RATE,8.172531214528945
2026-10-07,8482408,2026020055,2025021232,2026-04-06,3,7.78,23.13624678663239,6,AGES_6_9,HIGH_RATE,8.172531214528945
2026-10-07,8482408,2026020055,2025021217,2026-04-04,0,5.3,0.0,7,AGES_6_9,LOW_RATE,8.172531214528945
2026-10-07,8482408,2026020055,2025021149,2026-03-26,0,7.32,0.0,9,AGES_6_9,LOW_RATE,8.172531214528945
2026-10-07,8482475,2026020053,2026020042,2026-10-05,0,14.0,0.0,1,MOST_RECENT,LOW_RATE,7.883376087092536
2026-10-07,8482731,2026020055,2026020037,2026-10-04,4,14.73,16.29327902240326,1,MOST_RECENT,HIGH_RATE,5.481377371749824
2026-10-07,8482731,2026020055,2026020021,2026-10-02,0,9.25,0.0,2,AGES_2_5,LOW_RATE,5.481377371749824
2026-10-07,8482731,2026020055,2026010039,2026-09-24,0,18.73,0.0,4,AGES_2_5,LOW_RATE,5.481377371749824
2026-10-07,8482731,2026020055,2025021280,2026-04-12,0,11.6,0.0,6,AGES_6_9,LOW_RATE,5.481377371749824
2026-10-07,8482731,2026020055,2025021258,2026-04-09,0,16.73,0.0,7,AGES_6_9,LOW_RATE,5.481377371749824
2026-10-07,8482742,2026020054,2025021267,2026-04-11,0,13.15,0.0,3,AGES_2_5,LOW_RATE,8.664259927797834
2026-10-07,8482742,2026020054,2025021257,2026-04-09,5,15.32,19.5822454308094,4,AGES_2_5,HIGH_RATE,8.664259927797834
2026-10-07,8482742,2026020054,2025021168,2026-03-29,4,14.4,16.666666666666668,9,AGES_6_9,HIGH_RATE,8.664259927797834
2026-10-07,8482758,2026020053,2025021263,2026-04-11,0,17.82,0.0,7,AGES_6_9,LOW_RATE,4.779145546705286
2026-10-07,8482758,2026020053,2025021138,2026-03-26,0,10.3,0.0,9,AGES_6_9,LOW_RATE,4.779145546705286
2026-10-07,8482758,2026020053,2025021126,2026-03-24,0,10.1,0.0,10,ABOUT_TO_EXIT,LOW_RATE,4.779145546705286
2026-10-07,8482765,2026020054,2026020035,2026-10-04,0,12.9,0.0,2,AGES_2_5,LOW_RATE,5.782668058790459
2026-10-07,8482768,2026020054,2026020007,2026-09-30,0,15.47,0.0,2,AGES_2_5,LOW_RATE,5.708430913348946
2026-10-07,8482768,2026020054,2025021267,2026-04-11,0,13.37,0.0,6,AGES_6_9,LOW_RATE,5.708430913348946
2026-10-07,8482768,2026020054,2025021220,2026-04-04,0,10.8,0.0,10,ABOUT_TO_EXIT,LOW_RATE,5.708430913348946
2026-10-07,8483398,2026020053,2026010025,2026-09-22,0,12.73,0.0,5,AGES_2_5,LOW_RATE,4.599599009317137
2026-10-07,8483398,2026020053,2025021302,2026-04-15,0,18.77,0.0,6,AGES_6_9,LOW_RATE,4.599599009317137
2026-10-07,8483398,2026020053,2025021248,2026-04-09,0,5.03,0.0,9,AGES_6_9,LOW_RATE,4.599599009317137
2026-10-07,8483398,2026020053,2025021030,2026-03-12,0,13.87,0.0,10,ABOUT_TO_EXIT,LOW_RATE,4.599599009317137
2026-10-07,8483445,2026020055,2026020021,2026-10-02,5,17.85,16.80672268907563,2,AGES_2_5,HIGH_RATE,13.430330162283155
2026-10-07,8483445,2026020055,2025021280,2026-04-12,4,13.78,17.41654571843251,6,AGES_6_9,HIGH_RATE,13.430330162283155
2026-10-07,8483445,2026020055,2025021176,2026-03-30,1,3.33,18.01801801801802,7,AGES_6_9,HIGH_RATE,13.430330162283155
2026-10-07,8483445,2026020055,2025021154,2026-03-28,5,15.03,19.960079840319363,8,AGES_6_9,HIGH_RATE,13.430330162283155
2026-10-07,8483455,2026020055,2026020015,2026-10-01,3,10.97,16.408386508659984,2,AGES_2_5,HIGH_RATE,9.640877319836106
2026-10-07,8483455,2026020055,2026010060,2026-09-26,0,12.65,0.0,4,AGES_2_5,LOW_RATE,9.640877319836106
2026-10-07,8483455,2026020055,2026010037,2026-09-24,7,17.98,23.35928809788654,5,AGES_2_5,HIGH_RATE,9.640877319836106
2026-10-07,8483455,2026020055,2026010023,2026-09-22,0,17.12,0.0,6,AGES_6_9,LOW_RATE,9.640877319836106
2026-10-07,8483455,2026020055,2025021289,2026-04-13,3,9.93,18.12688821752266,8,AGES_6_9,HIGH_RATE,9.640877319836106
2026-10-07,8483471,2026020054,2026020019,2026-10-02,0,11.78,0.0,3,AGES_2_5,LOW_RATE,5.035477225909819
2026-10-07,8483471,2026020054,2025021297,2026-04-14,0,13.43,0.0,7,AGES_6_9,LOW_RATE,5.035477225909819
2026-10-07,8483471,2026020054,2025021272,2026-04-11,0,12.9,0.0,9,AGES_6_9,LOW_RATE,5.035477225909819
2026-10-07,8483482,2026020055,2026020021,2026-10-02,0,26.97,0.0,2,AGES_2_5,LOW_RATE,3.3946251768033946
2026-10-07,8483482,2026020055,2026010052,2026-09-26,0,19.4,0.0,3,AGES_2_5,LOW_RATE,3.3946251768033946
2026-10-07,8483482,2026020055,2024020137,2024-10-27,0,16.1,0.0,6,AGES_6_9,LOW_RATE,3.3946251768033946
2026-10-07,8483482,2026020055,2024020090,2024-10-20,0,18.78,0.0,7,AGES_6_9,LOW_RATE,3.3946251768033946
2026-10-07,8483482,2026020055,2024020041,2024-10-13,0,19.55,0.0,9,AGES_6_9,LOW_RATE,3.3946251768033946
2026-10-07,8483482,2026020055,2024020037,2024-10-12,4,14.83,16.183412002697235,10,ABOUT_TO_EXIT,HIGH_RATE,3.3946251768033946
2026-10-07,8483490,2026020055,2026020037,2026-10-04,0,19.83,0.0,1,MOST_RECENT,LOW_RATE,3.678536759822204
2026-10-07,8483490,2026020055,2025021280,2026-04-12,0,20.87,0.0,5,AGES_2_5,LOW_RATE,3.678536759822204
2026-10-07,8483521,2026020055,2026020021,2026-10-02,0,9.55,0.0,2,AGES_2_5,LOW_RATE,5.02680965147453
2026-10-07,8483521,2026020055,2026010033,2026-09-23,0,13.5,0.0,3,AGES_2_5,LOW_RATE,5.02680965147453
2026-10-07,8484153,2026020055,2026020037,2026-10-04,0,20.43,0.0,1,MOST_RECENT,LOW_RATE,10.08622092077436
2026-10-07,8484153,2026020055,2026010009,2026-09-20,4,14.25,16.842105263157894,4,AGES_2_5,HIGH_RATE,10.08622092077436
2026-10-07,8484153,2026020055,2025021296,2026-04-14,6,21.0,17.142857142857142,5,AGES_2_5,HIGH_RATE,10.08622092077436
2026-10-07,8484153,2026020055,2025021258,2026-04-09,4,15.73,15.257469802924348,7,AGES_6_9,HIGH_RATE,10.08622092077436
2026-10-07,8484186,2026020053,2025021245,2026-04-08,4,13.37,17.950635751682874,8,AGES_6_9,HIGH_RATE,12.54938415059261
2026-10-07,8484258,2026020054,2025021274,2026-04-11,0,21.77,0.0,7,AGES_6_9,LOW_RATE,5.9994000599940005
2026-10-07,8484258,2026020054,2025021238,2026-04-07,5,19.57,15.329586101175266,9,AGES_6_9,HIGH_RATE,5.9994000599940005
2026-10-07,8484262,2026020055,2026020037,2026-10-04,0,14.13,0.0,1,MOST_RECENT,LOW_RATE,2.402113860196973
2026-10-07,8484262,2026020055,2026020021,2026-10-02,0,20.63,0.0,2,AGES_2_5,LOW_RATE,2.402113860196973
2026-10-07,8484262,2026020055,2026010052,2026-09-26,0,19.15,0.0,3,AGES_2_5,LOW_RATE,2.402113860196973
2026-10-07,8484262,2026020055,2026010033,2026-09-23,0,16.12,0.0,5,AGES_2_5,LOW_RATE,2.402113860196973
2026-10-07,8484509,2026020055,2026020028,2026-10-03,0,6.3,0.0,1,MOST_RECENT,LOW_RATE,2.0851433536055604
2026-10-07,8484509,2026020055,2026020015,2026-10-01,0,8.68,0.0,2,AGES_2_5,LOW_RATE,2.0851433536055604
2026-10-07,8484509,2026020055,2026010037,2026-09-24,0,17.75,0.0,3,AGES_2_5,LOW_RATE,2.0851433536055604
2026-10-07,8484509,2026020055,2026010023,2026-09-22,0,14.07,0.0,4,AGES_2_5,LOW_RATE,2.0851433536055604
2026-10-07,8484509,2026020055,2026010003,2026-09-19,0,12.0,0.0,5,AGES_2_5,LOW_RATE,2.0851433536055604
2026-10-07,8484509,2026020055,2025021218,2026-04-04,0,10.67,0.0,9,AGES_6_9,LOW_RATE,2.0851433536055604
2026-10-07,8484509,2026020055,2025021200,2026-04-02,0,10.15,0.0,10,ABOUT_TO_EXIT,LOW_RATE,2.0851433536055604
2026-10-07,8484762,2026020055,2025021243,2026-04-07,6,20.23,17.79535343549184,8,AGES_6_9,HIGH_RATE,8.344923504867872
2026-10-07,8484873,2026020053,2025021276,2026-04-12,0,17.32,0.0,6,AGES_6_9,LOW_RATE,4.74058467210956
2026-10-07,8484873,2026020053,2025021227,2026-04-05,0,18.63,0.0,9,AGES_6_9,LOW_RATE,4.74058467210956
2026-10-07,8484999,2026020053,2026020024,2026-10-03,0,9.92,0.0,1,MOST_RECENT,LOW_RATE,4.804804804804805
2026-10-07,8484999,2026020053,2026020018,2026-10-02,0,11.53,0.0,2,AGES_2_5,LOW_RATE,4.804804804804805
2026-10-07,8484999,2026020053,2026010049,2026-09-25,0,14.88,0.0,3,AGES_2_5,LOW_RATE,4.804804804804805
2026-10-07,8484999,2026020053,2025021245,2026-04-08,0,15.62,0.0,8,AGES_6_9,LOW_RATE,4.804804804804805
2026-10-07,8485414,2026020053,2026020026,2026-10-03,5,14.3,20.979020979020977,2,AGES_2_5,HIGH_RATE,6.600660066006601
2026-10-07,8485414,2026020053,2025021211,2026-04-04,0,12.17,0.0,7,AGES_6_9,LOW_RATE,6.600660066006601
2026-10-07,8485414,2026020053,2025021183,2026-03-31,0,14.2,0.0,9,AGES_6_9,LOW_RATE,6.600660066006601
2026-10-07,8485512,2026020055,2026020037,2026-10-04,0,16.4,0.0,1,MOST_RECENT,LOW_RATE,2.616279069767442
2026-10-07,8485512,2026020055,2025021280,2026-04-12,0,11.62,0.0,6,AGES_6_9,LOW_RATE,2.616279069767442
2026-10-07,8485512,2026020055,2025021258,2026-04-09,0,17.75,0.0,7,AGES_6_9,LOW_RATE,2.616279069767442
2026-10-07,8485512,2026020055,2025021219,2026-04-04,0,10.32,0.0,9,AGES_6_9,LOW_RATE,2.616279069767442
2026-10-07,8485512,2026020055,2025021206,2026-04-03,0,13.35,0.0,10,ABOUT_TO_EXIT,LOW_RATE,2.616279069767442
2026-10-07,8486052,2026020055,2026010039,2026-09-24,0,15.77,0.0,2,AGES_2_5,LOW_RATE,2.692998204667864
2026-10-07,8486161,2026020055,2026020004,2026-09-29,0,8.37,0.0,3,AGES_2_5,LOW_RATE,5.197055002165439
2026-10-07,8486161,2026020055,2026010003,2026-09-19,0,14.48,0.0,7,AGES_6_9,LOW_RATE,5.197055002165439
2026-10-07,8486171,2026020054,2026010012,2026-09-20,0,18.37,0.0,5,AGES_2_5,LOW_RATE,6.373185412486722
2026-10-08,8470613,2026020064,2026020007,2026-09-30,0,15.38,0.0,3,AGES_2_5,LOW_RATE,6.190941674812643
2026-10-08,8470613,2026020064,2025021298,2026-04-14,0,20.48,0.0,6,AGES_6_9,LOW_RATE,6.190941674812643
2026-10-08,8473512,2026020059,2026020046,2026-10-06,0,15.47,0.0,1,MOST_RECENT,LOW_RATE,8.64066119842214
2026-10-08,8473512,2026020059,2025021304,2026-04-15,6,17.2,20.930232558139537,6,AGES_6_9,HIGH_RATE,8.64066119842214
2026-10-08,8473533,2026020061,2026020001,2026-09-29,0,17.28,0.0,4,AGES_2_5,LOW_RATE,5.129457743038593
2026-10-08,8473533,2026020061,2026010053,2026-09-26,0,13.37,0.0,5,AGES_2_5,LOW_RATE,5.129457743038593
2026-10-08,8473994,2026020057,2026020043,2026-10-05,4,14.33,16.748080949057922,1,MOST_RECENT,HIGH_RATE,5.539313740575473
2026-10-08,8473994,2026020057,2026020020,2026-10-02,0,10.05,0.0,3,AGES_2_5,LOW_RATE,5.539313740575473
2026-10-08,8473994,2026020057,2026010050,2026-09-25,0,12.68,0.0,4,AGES_2_5,LOW_RATE,5.539313740575473
2026-10-08,8473994,2026020057,2026010034,2026-09-23,5,18.33,16.366612111292966,5,AGES_2_5,HIGH_RATE,5.539313740575473
2026-10-08,8473994,2026020057,2025021301,2026-04-15,0,13.77,0.0,6,AGES_6_9,LOW_RATE,5.539313740575473
2026-10-08,8473994,2026020057,2025021268,2026-04-11,0,10.52,0.0,8,AGES_6_9,LOW_RATE,5.539313740575473
2026-10-08,8473994,2026020057,2025021254,2026-04-09,0,12.92,0.0,9,AGES_6_9,LOW_RATE,5.539313740575473
2026-10-08,8473994,2026020057,2025021239,2026-04-07,0,13.78,0.0,10,ABOUT_TO_EXIT,LOW_RATE,5.539313740575473
2026-10-08,8474013,2026020062,2026020013,2026-10-01,0,14.87,0.0,3,AGES_2_5,LOW_RATE,2.349518908033117
2026-10-08,8474013,2026020062,2026020005,2026-09-29,0,12.67,0.0,4,AGES_2_5,LOW_RATE,2.349518908033117
2026-10-08,8474013,2026020062,2026010018,2026-09-21,0,16.77,0.0,6,AGES_6_9,LOW_RATE,2.349518908033117
2026-10-08,8474141,2026020062,2026020022,2026-10-03,0,19.02,0.0,2,AGES_2_5,LOW_RATE,5.084207181442644
2026-10-08,8474141,2026020062,2026020013,2026-10-01,0,19.32,0.0,3,AGES_2_5,LOW_RATE,5.084207181442644
2026-10-08,8474150,2026020064,2026020038,2026-10-04,5,15.27,19.646365422396855,1,MOST_RECENT,HIGH_RATE,8.344923504867872
2026-10-08,8474150,2026020064,2026010031,2026-09-22,0,16.63,0.0,5,AGES_2_5,LOW_RATE,8.344923504867872
2026-10-08,8474150,2026020064,2025021273,2026-04-11,5,15.27,19.646365422396855,8,AGES_6_9,HIGH_RATE,8.344923504867872
2026-10-08,8474151,2026020060,2026020040,2026-10-05,0,15.35,0.0,1,MOST_RECENT,LOW_RATE,2.35043930829929
2026-10-08,8474151,2026020060,2026020024,2026-10-03,0,15.87,0.0,2,AGES_2_5,LOW_RATE,2.35043930829929
2026-10-08,8474151,2026020060,2026010011,2026-09-20,0,17.92,0.0,5,AGES_2_5,LOW_RATE,2.35043930829929
2026-10-08,8474151,2026020060,2025021234,2026-04-07,0,18.08,0.0,9,AGES_6_9,LOW_RATE,2.35043930829929
2026-10-08,8474151,2026020060,2025021229,2026-04-06,0,16.73,0.0,10,ABOUT_TO_EXIT,LOW_RATE,2.35043930829929
2026-10-08,8474564,2026020058,2026010029,2026-09-22,0,19.48,0.0,5,AGES_2_5,LOW_RATE,9.152595865551524
2026-10-08,8474564,2026020058,2025021287,2026-04-13,9,22.83,23.653088042049937,6,AGES_6_9,HIGH_RATE,9.152595865551524
2026-10-08,8474567,2026020060,2026020049,2026-10-06,0,14.2,0.0,1,MOST_RECENT,LOW_RATE,1.313389273987596
2026-10-08,8474567,2026020060,2026020031,2026-10-03,0,15.9,0.0,2,AGES_2_5,LOW_RATE,1.313389273987596
2026-10-08,8474567,2026020060,2026010050,2026-09-25,0,16.17,0.0,4,AGES_2_5,LOW_RATE,1.313389273987596
2026-10-08,8474567,2026020060,2025021208,2026-04-04,0,14.13,0.0,5,AGES_2_5,LOW_RATE,1.313389273987596
2026-10-08,8474567,2026020060,2025021155,2026-03-28,0,14.5,0.0,7,AGES_6_9,LOW_RATE,1.313389273987596
2026-10-08,8474567,2026020060,2025021127,2026-03-24,0,11.87,0.0,8,AGES_6_9,LOW_RATE,1.313389273987596
2026-10-08,8474567,2026020060,2025021101,2026-03-21,0,10.0,0.0,9,AGES_6_9,LOW_RATE,1.313389273987596
2026-10-08,8474574,2026020057,2026020043,2026-10-05,0,17.32,0.0,1,MOST_RECENT,LOW_RATE,2.331908278274388
2026-10-08,8474574,2026020057,2026010050,2026-09-25,0,14.82,0.0,4,AGES_2_5,LOW_RATE,2.331908278274388
2026-10-08,8474574,2026020057,2026010034,2026-09-23,0,19.97,0.0,5,AGES_2_5,LOW_RATE,2.331908278274388
2026-10-08,8474574,2026020057,2025021268,2026-04-11,0,20.93,0.0,8,AGES_6_9,LOW_RATE,2.331908278274388
2026-10-08,8474574,2026020057,2025021254,2026-04-09,0,22.63,0.0,9,AGES_6_9,LOW_RATE,2.331908278274388
2026-10-08,8474590,2026020060,2026020024,2026-10-03,0,20.58,0.0,2,AGES_2_5,LOW_RATE,6.124079169255348
2026-10-08,8474590,2026020060,2025021243,2026-04-07,0,25.07,0.0,9,AGES_6_9,LOW_RATE,6.124079169255348
2026-10-08,8474590,2026020060,2025021219,2026-04-04,6,23.87,15.08169250104734,10,ABOUT_TO_EXIT,HIGH_RATE,6.124079169255348
2026-10-08,8474600,2026020058,2026020030,2026-10-03,0,24.63,0.0,2,AGES_2_5,LOW_RATE,5.326876513317191
2026-10-08,8474716,2026020060,2026020049,2026-10-06,0,21.82,0.0,1,MOST_RECENT,LOW_RATE,3.5803406748399698
2026-10-08,8474716,2026020060,2025021254,2026-04-09,0,17.37,0.0,6,AGES_6_9,LOW_RATE,3.5803406748399698
2026-10-08,8474716,2026020060,2025021222,2026-04-05,0,17.0,0.0,8,AGES_6_9,LOW_RATE,3.5803406748399698
2026-10-08,8474716,2026020060,2025021199,2026-04-02,0,17.37,0.0,10,ABOUT_TO_EXIT,LOW_RATE,3.5803406748399698
2026-10-08,8475151,2026020062,2025020381,2025-11-28,0,9.42,0.0,6,AGES_6_9,LOW_RATE,7.997681831353231
2026-10-08,8475151,2026020062,2025020365,2025-11-26,6,22.47,16.021361815754343,7,AGES_6_9,HIGH_RATE,7.997681831353231
2026-10-08,8475158,2026020058,2026010029,2026-09-22,0,19.15,0.0,5,AGES_2_5,LOW_RATE,4.8892723612309466
2026-10-08,8475166,2026020065,2026020044,2026-10-06,6,18.77,19.179541822056475,1,MOST_RECENT,HIGH_RATE,8.514819060094974
2026-10-08,8475166,2026020065,2026010035,2026-09-23,5,14.97,20.04008016032064,5,AGES_2_5,HIGH_RATE,8.514819060094974
2026-10-08,8475166,2026020065,2025021304,2026-04-15,0,20.08,0.0,7,AGES_6_9,LOW_RATE,8.514819060094974
2026-10-08,8475167,2026020060,2026010011,2026-09-20,0,19.22,0.0,5,AGES_2_5,LOW_RATE,3.9363034532116656
2026-10-08,8475167,2026020060,2025021076,2026-03-17,0,17.23,0.0,7,AGES_6_9,LOW_RATE,3.9363034532116656
2026-10-08,8475170,2026020062,2026020029,2026-10-03,4,14.67,16.359918200409,2,AGES_2_5,HIGH_RATE,5.579449029408346
2026-10-08,8475170,2026020062,2025021214,2026-04-04,0,17.18,0.0,9,AGES_6_9,LOW_RATE,5.579449029408346
2026-10-08,8475170,2026020062,2025021205,2026-04-03,0,14.85,0.0,10,ABOUT_TO_EXIT,LOW_RATE,5.579449029408346
2026-10-08,8475171,2026020065,2026020044,2026-10-06,0,17.45,0.0,1,MOST_RECENT,LOW_RATE,2.188297816912416
2026-10-08,8475171,2026020065,2026020023,2026-10-03,0,17.13,0.0,2,AGES_2_5,LOW_RATE,2.188297816912416
2026-10-08,8475171,2026020065,2026010007,2026-09-19,0,23.88,0.0,6,AGES_6_9,LOW_RATE,2.188297816912416
2026-10-08,8475171,2026020065,2025021285,2026-04-13,0,22.5,0.0,8,AGES_6_9,LOW_RATE,2.188297816912416
2026-10-08,8475172,2026020064,2025021238,2026-04-07,0,6.15,0.0,6,AGES_6_9,LOW_RATE,10.067739730284009
2026-10-08,8475172,2026020064,2025021174,2026-03-30,5,19.13,15.682174594877155,10,ABOUT_TO_EXIT,HIGH_RATE,10.067739730284009
2026-10-08,8475184,2026020058,2025021206,2026-04-03,0,15.78,0.0,10,ABOUT_TO_EXIT,LOW_RATE,5.402624131721121
2026-10-08,8475188,2026020065,2026020021,2026-10-02,0,17.95,0.0,3,AGES_2_5,LOW_RATE,3.7793291690724895
2026-10-08,8475188,2026020065,2026010063,2026-09-26,0,18.28,0.0,5,AGES_2_5,LOW_RATE,3.7793291690724895
2026-10-08,8475200,2026020063,2026020043,2026-10-05,0,19.32,0.0,1,MOST_RECENT,LOW_RATE,3.640040444893832
2026-10-08,8475200,2026020063,2025021275,2026-04-11,0,20.73,0.0,8,AGES_6_9,LOW_RATE,3.640040444893832
2026-10-08,8475200,2026020063,2025021246,2026-04-08,0,21.63,0.0,10,ABOUT_TO_EXIT,LOW_RATE,3.640040444893832
2026-10-08,8475220,2026020060,2025021208,2026-04-04,0,12.15,0.0,9,AGES_6_9,LOW_RATE,4.936646371564917
2026-10-08,8475220,2026020060,2025021199,2026-04-02,0,13.1,0.0,10,ABOUT_TO_EXIT,LOW_RATE,4.936646371564917
2026-10-08,8475231,2026020062,2026020048,2026-10-06,0,13.43,0.0,1,MOST_RECENT,LOW_RATE,7.032898335547394
2026-10-08,8475231,2026020062,2026020029,2026-10-03,4,14.08,17.045454545454547,2,AGES_2_5,HIGH_RATE,7.032898335547394
2026-10-08,8475231,2026020062,2026020008,2026-09-30,0,9.48,0.0,3,AGES_2_5,LOW_RATE,7.032898335547394
2026-10-08,8475231,2026020062,2026010062,2026-09-26,0,14.07,0.0,4,AGES_2_5,LOW_RATE,7.032898335547394
2026-10-08,8475231,2026020062,2026010027,2026-09-22,0,12.82,0.0,5,AGES_2_5,LOW_RATE,7.032898335547394
2026-10-08,8475231,2026020062,2025021262,2026-04-11,6,13.48,26.706231454005938,8,AGES_6_9,HIGH_RATE,7.032898335547394
2026-10-08,8475231,2026020062,2025021214,2026-04-04,0,14.47,0.0,10,ABOUT_TO_EXIT,LOW_RATE,7.032898335547394
2026-10-08,8475314,2026020056,2026020013,2026-10-01,4,12.12,19.8019801980198,4,AGES_2_5,HIGH_RATE,9.780990856899852
2026-10-08,8475343,2026020065,2026020051,2026-10-06,0,13.83,0.0,1,MOST_RECENT,LOW_RATE,3.5656677137278208
2026-10-08,8475343,2026020065,2026020005,2026-09-29,0,12.62,0.0,4,AGES_2_5,LOW_RATE,3.5656677137278208
2026-10-08,8475343,2026020065,2026010047,2026-09-24,0,11.93,0.0,6,AGES_6_9,LOW_RATE,3.5656677137278208
2026-10-08,8475343,2026020065,2025021306,2026-04-15,0,12.02,0.0,7,AGES_6_9,LOW_RATE,3.5656677137278208
2026-10-08,8475343,2026020065,2025021259,2026-04-09,0,12.08,0.0,10,ABOUT_TO_EXIT,LOW_RATE,3.5656677137278208
2026-10-08,8475690,2026020065,2026020044,2026-10-06,0,18.63,0.0,1,MOST_RECENT,LOW_RATE,1.2794540995841774
2026-10-08,8475690,2026020065,2026020023,2026-10-03,0,17.47,0.0,2,AGES_2_5,LOW_RATE,1.2794540995841774
2026-10-08,8475690,2026020065,2026020008,2026-09-30,0,20.65,0.0,3,AGES_2_5,LOW_RATE,1.2794540995841774
2026-10-08,8475690,2026020065,2026010006,2026-09-19,0,18.38,0.0,6,AGES_6_9,LOW_RATE,1.2794540995841774
2026-10-08,8475690,2026020065,2025020590,2025-12-27,0,21.45,0.0,8,AGES_6_9,LOW_RATE,1.2794540995841774
2026-10-08,8475690,2026020065,2025020188,2025-11-01,0,14.83,0.0,10,ABOUT_TO_EXIT,LOW_RATE,1.2794540995841774
2026-10-08,8475726,2026020063,2025021305,2026-04-15,0,14.12,0.0,6,AGES_6_9,LOW_RATE,7.994356924523865
2026-10-08,8475726,2026020063,2025021275,2026-04-11,4,12.07,19.884009942004973,8,AGES_6_9,HIGH_RATE,7.994356924523865
2026-10-08,8475754,2026020064,2026020054,2026-10-07,0,16.83,0.0,1,MOST_RECENT,LOW_RATE,3.993122954910987
2026-10-08,8475754,2026020064,2025021289,2026-04-13,0,19.18,0.0,6,AGES_6_9,LOW_RATE,3.993122954910987
2026-10-08,8475754,2026020064,2025021228,2026-04-05,0,21.42,0.0,10,ABOUT_TO_EXIT,LOW_RATE,3.993122954910987
2026-10-08,8475764,2026020063,2025021253,2026-04-09,0,16.78,0.0,9,AGES_6_9,LOW_RATE,3.711987817065626
2026-10-08,8475764,2026020063,2025021238,2026-04-07,0,18.78,0.0,10,ABOUT_TO_EXIT,LOW_RATE,3.711987817065626
2026-10-08,8475768,2026020064,2026020032,2026-10-03,4,14.23,16.865776528460998,2,AGES_2_5,HIGH_RATE,5.687588868576071
2026-10-08,8475768,2026020064,2026010012,2026-09-20,0,14.42,0.0,5,AGES_2_5,LOW_RATE,5.687588868576071
2026-10-08,8475768,2026020064,2025021273,2026-04-11,0,13.9,0.0,7,AGES_6_9,LOW_RATE,5.687588868576071
2026-10-08,8475768,2026020064,2025021259,2026-04-09,0,17.32,0.0,8,AGES_6_9,LOW_RATE,5.687588868576071
2026-10-08,8475768,2026020064,2025021230,2026-04-06,0,15.63,0.0,10,ABOUT_TO_EXIT,LOW_RATE,5.687588868576071
2026-10-08,8475791,2026020061,2026020045,2026-10-06,4,13.12,18.29268292682927,1,MOST_RECENT,HIGH_RATE,8.724100327153762
2026-10-08,8475794,2026020057,2026020020,2026-10-02,4,14.92,16.0857908847185,3,AGES_2_5,HIGH_RATE,5.379681357334989
2026-10-08,8475794,2026020057,2026010050,2026-09-25,0,13.95,0.0,4,AGES_2_5,LOW_RATE,5.379681357334989
2026-10-08,8475794,2026020057,2025020415,2025-12-02,1,1.2,50.0,5,AGES_2_5,HIGH_RATE,5.379681357334989
2026-10-08,8475794,2026020057,2025020390,2025-11-28,0,18.25,0.0,7,AGES_6_9,LOW_RATE,5.379681357334989
2026-10-08,8475794,2026020057,2025020360,2025-11-25,0,17.1,0.0,9,AGES_6_9,LOW_RATE,5.379681357334989
2026-10-08,8475913,2026020065,2026020051,2026-10-06,4,15.85,15.141955835962143,1,MOST_RECENT,HIGH_RATE,7.75235531628533
2026-10-08,8475913,2026020065,2026020021,2026-10-02,0,20.65,0.0,3,AGES_2_5,LOW_RATE,7.75235531628533
2026-10-08,8476278,2026020057,2026020030,2026-10-03,0,7.48,0.0,1,MOST_RECENT,LOW_RATE,3.4395217426910163
2026-10-08,8476278,2026020057,2025021285,2026-04-13,0,12.57,0.0,2,AGES_2_5,LOW_RATE,3.4395217426910163
2026-10-08,8476278,2026020057,2025021268,2026-04-11,0,13.72,0.0,3,AGES_2_5,LOW_RATE,3.4395217426910163
2026-10-08,8476278,2026020057,2025021239,2026-04-07,0,13.42,0.0,5,AGES_2_5,LOW_RATE,3.4395217426910163
2026-10-08,8476278,2026020057,2025021209,2026-04-04,0,12.02,0.0,6,AGES_6_9,LOW_RATE,3.4395217426910163
2026-10-08,8476278,2026020057,2025021198,2026-04-02,0,10.58,0.0,7,AGES_6_9,LOW_RATE,3.4395217426910163
2026-10-08,8476278,2026020057,2025021172,2026-03-29,0,13.42,0.0,9,AGES_6_9,LOW_RATE,3.4395217426910163
2026-10-08,8476292,2026020062,2026020029,2026-10-03,4,12.45,19.277108433734934,2,AGES_2_5,HIGH_RATE,4.48169972611835
2026-10-08,8476292,2026020062,2026010062,2026-09-26,0,14.97,0.0,4,AGES_2_5,LOW_RATE,4.48169972611835
2026-10-08,8476292,2026020062,2025021293,2026-04-14,0,11.8,0.0,6,AGES_6_9,LOW_RATE,4.48169972611835
2026-10-08,8476292,2026020062,2025021262,2026-04-11,0,10.6,0.0,7,AGES_6_9,LOW_RATE,4.48169972611835
2026-10-08,8476292,2026020062,2025021252,2026-04-09,0,10.68,0.0,8,AGES_6_9,LOW_RATE,4.48169972611835
2026-10-08,8476292,2026020062,2025021205,2026-04-03,0,9.82,0.0,10,ABOUT_TO_EXIT,LOW_RATE,4.48169972611835
2026-10-08,8476312,2026020064,2026020054,2026-10-07,0,16.93,0.0,1,MOST_RECENT,LOW_RATE,5.899705014749262
2026-10-08,8476312,2026020064,2025021274,2026-04-11,3,11.77,15.293118096856414,6,AGES_6_9,HIGH_RATE,5.899705014749262
2026-10-08,8476372,2026020059,2026020040,2026-10-05,0,19.6,0.0,1,MOST_RECENT,LOW_RATE,2.3381395089907033
2026-10-08,8476372,2026020059,2026020025,2026-10-03,0,18.12,0.0,2,AGES_2_5,LOW_RATE,2.3381395089907033
2026-10-08,8476372,2026020059,2026020006,2026-09-30,0,19.9,0.0,4,AGES_2_5,LOW_RATE,2.3381395089907033
2026-10-08,8476372,2026020059,2026010028,2026-09-22,0,21.5,0.0,6,AGES_6_9,LOW_RATE,2.3381395089907033
2026-10-08,8476372,2026020059,2025021250,2026-04-09,0,15.33,0.0,10,ABOUT_TO_EXIT,LOW_RATE,2.3381395089907033
2026-10-08,8476389,2026020056,2026020027,2026-10-03,0,17.45,0.0,3,AGES_2_5,LOW_RATE,4.261596459596787
2026-10-08,8476389,2026020056,2025021302,2026-04-15,0,20.32,0.0,7,AGES_6_9,LOW_RATE,4.261596459596787
2026-10-08,8476389,2026020056,2025021244,2026-04-08,0,18.8,0.0,10,ABOUT_TO_EXIT,LOW_RATE,4.261596459596787
2026-10-08,8476393,2026020059,2026020046,2026-10-06,0,6.03,0.0,1,MOST_RECENT,LOW_RATE,4.746366063482646
2026-10-08,8476393,2026020059,2026020023,2026-10-03,0,7.35,0.0,3,AGES_2_5,LOW_RATE,4.746366063482646
2026-10-08,8476393,2026020059,2025021262,2026-04-11,0,10.92,0.0,9,AGES_6_9,LOW_RATE,4.746366063482646
2026-10-08,8476393,2026020059,2025021249,2026-04-09,0,14.52,0.0,10,ABOUT_TO_EXIT,LOW_RATE,4.746366063482646
2026-10-08,8476419,2026020062,2026020048,2026-10-06,0,14.83,0.0,1,MOST_RECENT,LOW_RATE,4.325599685410932
2026-10-08,8476419,2026020062,2026010062,2026-09-26,0,15.28,0.0,4,AGES_2_5,LOW_RATE,4.325599685410932
2026-10-08,8476419,2026020062,2025021293,2026-04-14,0,14.93,0.0,6,AGES_6_9,LOW_RATE,4.325599685410932
2026-10-08,8476422,2026020061,2025021284,2026-04-13,0,12.22,0.0,6,AGES_6_9,LOW_RATE,5.229634596044251
2026-10-08,8476429,2026020062,2026010062,2026-09-26,0,12.97,0.0,1,MOST_RECENT,LOW_RATE,2.106002106002106
2026-10-08,8476429,2026020062,2026010027,2026-09-22,0,15.15,0.0,2,AGES_2_5,LOW_RATE,2.106002106002106
2026-10-08,8476429,2026020062,2025021293,2026-04-14,0,17.75,0.0,3,AGES_2_5,LOW_RATE,2.106002106002106
2026-10-08,8476429,2026020062,2025021214,2026-04-04,0,16.2,0.0,7,AGES_6_9,LOW_RATE,2.106002106002106
2026-10-08,8476429,2026020062,2025021205,2026-04-03,0,13.5,0.0,8,AGES_6_9,LOW_RATE,2.106002106002106
2026-10-08,8476429,2026020062,2025021179,2026-03-31,0,12.02,0.0,9,AGES_6_9,LOW_RATE,2.106002106002106
2026-10-08,8476448,2026020065,2025020242,2025-11-08,0,5.05,0.0,7,AGES_6_9,LOW_RATE,6.964809384164223
2026-10-08,8476448,2026020065,2025020225,2025-11-06,5,16.07,18.66832607342875,8,AGES_6_9,HIGH_RATE,6.964809384164223
2026-10-08,8476455,2026020064,2026020032,2026-10-03,0,14.58,0.0,2,AGES_2_5,LOW_RATE,7.903718340219148
2026-10-08,8476455,2026020064,2025021298,2026-04-14,5,16.95,17.699115044247787,6,AGES_6_9,HIGH_RATE,7.903718340219148
2026-10-08,8476458,2026020064,2026020038,2026-10-04,0,14.35,0.0,1,MOST_RECENT,LOW_RATE,6.3970431445020965
2026-10-08,8476458,2026020064,2026020014,2026-10-01,4,16.02,14.9812734082397,3,AGES_2_5,HIGH_RATE,6.3970431445020965
2026-10-08,8476458,2026020064,2025021273,2026-04-11,0,12.57,0.0,7,AGES_6_9,LOW_RATE,6.3970431445020965
2026-10-08,8476458,2026020064,2025021239,2026-04-07,0,13.17,0.0,8,AGES_6_9,LOW_RATE,6.3970431445020965
2026-10-08,8476461,2026020059,2026020025,2026-10-03,0,15.97,0.0,2,AGES_2_5,LOW_RATE,3.858520900321543
2026-10-08,8476461,2026020059,2026020006,2026-09-30,0,15.07,0.0,4,AGES_2_5,LOW_RATE,3.858520900321543
2026-10-08,8476461,2026020059,2026010040,2026-09-24,0,16.83,0.0,6,AGES_6_9,LOW_RATE,3.858520900321543
2026-10-08,8476461,2026020059,2025021250,2026-04-09,0,13.08,0.0,9,AGES_6_9,LOW_RATE,3.858520900321543
2026-10-08,8476463,2026020060,2026020031,2026-10-03,0,21.65,0.0,2,AGES_2_5,LOW_RATE,3.1725888324873095
2026-10-08,8476463,2026020060,2026020012,2026-10-01,0,20.47,0.0,3,AGES_2_5,LOW_RATE,3.1725888324873095
2026-10-08,8476463,2026020060,2026010050,2026-09-25,0,19.9,0.0,4,AGES_2_5,LOW_RATE,3.1725888324873095
2026-10-08,8476463,2026020060,2025021254,2026-04-09,0,16.58,0.0,7,AGES_6_9,LOW_RATE,3.1725888324873095
2026-10-08,8476467,2026020061,2026020039,2026-10-04,0,17.78,0.0,1,MOST_RECENT,LOW_RATE,1.8800919156047629
2026-10-08,8476467,2026020061,2026020033,2026-10-03,0,17.9,0.0,2,AGES_2_5,LOW_RATE,1.8800919156047629
2026-10-08,8476467,2026020061,2026020004,2026-09-29,0,23.63,0.0,4,AGES_2_5,LOW_RATE,1.8800919156047629
2026-10-08,8476467,2026020061,2026010056,2026-09-26,0,19.95,0.0,5,AGES_2_5,LOW_RATE,1.8800919156047629
2026-10-08,8476467,2026020061,2026010037,2026-09-24,0,17.03,0.0,6,AGES_6_9,LOW_RATE,1.8800919156047629
2026-10-08,8476467,2026020061,2025021273,2026-04-11,0,18.77,0.0,9,AGES_6_9,LOW_RATE,1.8800919156047629
2026-10-08,8476479,2026020058,2026020026,2026-10-03,0,11.4,0.0,2,AGES_2_5,LOW_RATE,6.64865987949304
2026-10-08,8476479,2026020058,2026020002,2026-09-29,0,15.62,0.0,3,AGES_2_5,LOW_RATE,6.64865987949304
2026-10-08,8476479,2026020058,2025021271,2026-04-11,0,12.75,0.0,7,AGES_6_9,LOW_RATE,6.64865987949304
2026-10-08,8476479,2026020058,2025021226,2026-04-05,0,14.2,0.0,10,ABOUT_TO_EXIT,LOW_RATE,6.64865987949304
2026-10-08,8476539,2026020058,2026020012,2026-10-01,0,17.33,0.0,3,AGES_2_5,LOW_RATE,5.746733255798043
2026-10-08,8476539,2026020058,2026010053,2026-09-26,0,16.57,0.0,4,AGES_2_5,LOW_RATE,5.746733255798043
2026-10-08,8476539,2026020058,2025021287,2026-04-13,0,18.48,0.0,6,AGES_6_9,LOW_RATE,5.746733255798043
2026-10-08,8476624,2026020063,2026020043,2026-10-05,0,13.23,0.0,1,MOST_RECENT,LOW_RATE,1.9343918755541227
2026-10-08,8476624,2026020063,2026020016,2026-10-01,0,14.15,0.0,3,AGES_2_5,LOW_RATE,1.9343918755541227
2026-10-08,8476624,2026020063,2026010063,2026-09-26,0,15.3,0.0,4,AGES_2_5,LOW_RATE,1.9343918755541227
2026-10-08,8476624,2026020063,2026010039,2026-09-24,0,13.13,0.0,5,AGES_2_5,LOW_RATE,1.9343918755541227
2026-10-08,8476624,2026020063,2025021305,2026-04-15,0,10.18,0.0,6,AGES_6_9,LOW_RATE,1.9343918755541227
2026-10-08,8476624,2026020063,2025021275,2026-04-11,0,13.43,0.0,8,AGES_6_9,LOW_RATE,1.9343918755541227
2026-10-08,8476624,2026020063,2025021246,2026-04-08,0,10.78,0.0,10,ABOUT_TO_EXIT,LOW_RATE,1.9343918755541227
2026-10-08,8476854,2026020056,2026020031,2026-10-03,0,21.63,0.0,2,AGES_2_5,LOW_RATE,2.878111958555188
2026-10-08,8476854,2026020056,2026020003,2026-09-29,0,18.62,0.0,4,AGES_2_5,LOW_RATE,2.878111958555188
2026-10-08,8476854,2026020056,2026010028,2026-09-22,0,21.42,0.0,6,AGES_6_9,LOW_RATE,2.878111958555188
2026-10-08,8476854,2026020056,2025021261,2026-04-11,0,21.38,0.0,8,AGES_6_9,LOW_RATE,2.878111958555188
2026-10-08,8476869,2026020058,2026020044,2026-10-06,0,22.88,0.0,1,MOST_RECENT,LOW_RATE,2.488020641356432
2026-10-08,8476869,2026020058,2026020012,2026-10-01,0,20.88,0.0,3,AGES_2_5,LOW_RATE,2.488020641356432
2026-10-08,8476869,2026020058,2025021287,2026-04-13,0,23.03,0.0,6,AGES_6_9,LOW_RATE,2.488020641356432
2026-10-08,8476869,2026020058,2025021257,2026-04-09,0,22.78,0.0,8,AGES_6_9,LOW_RATE,2.488020641356432
2026-10-08,8476873,2026020061,2026020025,2026-10-03,0,12.02,0.0,2,AGES_2_5,LOW_RATE,4.482629809488233
2026-10-08,8476873,2026020061,2026020018,2026-10-02,0,12.58,0.0,3,AGES_2_5,LOW_RATE,4.482629809488233
2026-10-08,8476873,2026020061,2026020001,2026-09-29,0,13.22,0.0,4,AGES_2_5,LOW_RATE,4.482629809488233
2026-10-08,8476873,2026020061,2025021237,2026-04-07,0,8.08,0.0,10,ABOUT_TO_EXIT,LOW_RATE,4.482629809488233
2026-10-08,8476875,2026020058,2025021248,2026-04-09,0,25.65,0.0,8,AGES_6_9,LOW_RATE,5.0853922108742635
2026-10-08,8476878,2026020060,2026020040,2026-10-05,0,14.38,0.0,1,MOST_RECENT,LOW_RATE,1.277592448009085
2026-10-08,8476878,2026020060,2026020010,2026-10-01,0,7.65,0.0,3,AGES_2_5,LOW_RATE,1.277592448009085
2026-10-08,8476878,2026020060,2026010029,2026-09-22,0,16.72,0.0,5,AGES_2_5,LOW_RATE,1.277592448009085
2026-10-08,8476878,2026020060,2025021302,2026-04-15,0,17.72,0.0,6,AGES_6_9,LOW_RATE,1.277592448009085
2026-10-08,8476878,2026020060,2025021282,2026-04-13,0,15.9,0.0,7,AGES_6_9,LOW_RATE,1.277592448009085
2026-10-08,8476878,2026020060,2025021248,2026-04-09,0,12.42,0.0,8,AGES_6_9,LOW_RATE,1.277592448009085
2026-10-08,8476878,2026020060,2025021229,2026-04-06,0,11.48,0.0,10,ABOUT_TO_EXIT,LOW_RATE,1.277592448009085
2026-10-08,8476881,2026020065,2026020021,2026-10-02,5,17.38,17.26121979286536,3,AGES_2_5,HIGH_RATE,10.624007815362072
2026-10-08,8476881,2026020065,2026020005,2026-09-29,4,15.75,15.238095238095235,4,AGES_2_5,HIGH_RATE,10.624007815362072
2026-10-08,8476885,2026020063,2026020043,2026-10-05,0,18.83,0.0,1,MOST_RECENT,LOW_RATE,4.562520792737987
2026-10-08,8476885,2026020063,2025021280,2026-04-12,0,28.53,0.0,7,AGES_6_9,LOW_RATE,4.562520792737987
2026-10-08,8476887,2026020058,2026010029,2026-09-22,5,19.92,15.06024096385542,5,AGES_2_5,HIGH_RATE,6.684898207231845
2026-10-08,8476887,2026020058,2025021257,2026-04-09,0,18.02,0.0,8,AGES_6_9,LOW_RATE,6.684898207231845
2026-10-08,8476889,2026020057,2025020899,2026-02-04,0,15.17,0.0,8,AGES_6_9,LOW_RATE,4.985044865403789
2026-10-08,8476889,2026020057,2025020882,2026-02-02,0,8.32,0.0,9,AGES_6_9,LOW_RATE,4.985044865403789
2026-10-08,8476889,2026020057,2025020870,2026-01-31,0,11.2,0.0,10,ABOUT_TO_EXIT,LOW_RATE,4.985044865403789
2026-10-08,8476892,2026020063,2025021238,2026-04-07,0,20.85,0.0,10,ABOUT_TO_EXIT,LOW_RATE,4.35497919287719
2026-10-08,8476902,2026020057,2026020030,2026-10-03,0,19.18,0.0,2,AGES_2_5,LOW_RATE,3.17567242457778
2026-10-08,8476902,2026020057,2026010050,2026-09-25,0,19.15,0.0,4,AGES_2_5,LOW_RATE,3.17567242457778
2026-10-08,8476902,2026020057,2025021285,2026-04-13,0,21.37,0.0,7,AGES_6_9,LOW_RATE,3.17567242457778
2026-10-08,8476902,2026020057,2025021239,2026-04-07,0,20.6,0.0,10,ABOUT_TO_EXIT,LOW_RATE,3.17567242457778
2026-10-08,8476906,2026020061,2026020025,2026-10-03,4,15.65,15.335463258785945,2,AGES_2_5,HIGH_RATE,4.386881136411113
2026-10-08,8476906,2026020061,2026020018,2026-10-02,0,22.67,0.0,3,AGES_2_5,LOW_RATE,4.386881136411113
2026-10-08,8476906,2026020061,2026010053,2026-09-26,0,20.13,0.0,5,AGES_2_5,LOW_RATE,4.386881136411113
2026-10-08,8476906,2026020061,2025021293,2026-04-14,0,19.28,0.0,6,AGES_6_9,LOW_RATE,4.386881136411113
2026-10-08,8476917,2026020062,2026020048,2026-10-06,0,20.93,0.0,1,MOST_RECENT,LOW_RATE,3.117206982543641
2026-10-08,8476917,2026020062,2026020029,2026-10-03,0,19.88,0.0,2,AGES_2_5,LOW_RATE,3.117206982543641
2026-10-08,8476917,2026020062,2026020008,2026-09-30,0,19.85,0.0,3,AGES_2_5,LOW_RATE,3.117206982543641
2026-10-08,8476917,2026020062,2026010062,2026-09-26,0,16.45,0.0,4,AGES_2_5,LOW_RATE,3.117206982543641
2026-10-08,8476917,2026020062,2025021277,2026-04-12,0,19.5,0.0,7,AGES_6_9,LOW_RATE,3.117206982543641
2026-10-08,8476921,2026020061,2026020001,2026-09-29,0,13.83,0.0,4,AGES_2_5,LOW_RATE,5.88889615913106
2026-10-08,8476921,2026020061,2025021269,2026-04-11,0,17.8,0.0,8,AGES_6_9,LOW_RATE,5.88889615913106
2026-10-08,8476921,2026020061,2025021237,2026-04-07,0,14.82,0.0,9,AGES_6_9,LOW_RATE,5.88889615913106
2026-10-08,8476925,2026020065,2026020023,2026-10-03,4,14.4,16.666666666666668,2,AGES_2_5,HIGH_RATE,4.765056254136334
2026-10-08,8476925,2026020065,2026020002,2026-09-29,0,14.97,0.0,4,AGES_2_5,LOW_RATE,4.765056254136334
2026-10-08,8476925,2026020065,2025021274,2026-04-11,0,13.75,0.0,9,AGES_6_9,LOW_RATE,4.765056254136334
2026-10-08,8476925,2026020065,2025021259,2026-04-09,0,14.53,0.0,10,ABOUT_TO_EXIT,LOW_RATE,4.765056254136334
2026-10-08,8476927,2026020065,2026020023,2026-10-03,0,10.4,0.0,2,AGES_2_5,LOW_RATE,4.277464889142368
2026-10-08,8476927,2026020065,2026020008,2026-09-30,0,12.53,0.0,3,AGES_2_5,LOW_RATE,4.277464889142368
2026-10-08,8476927,2026020065,2025021280,2026-04-12,0,14.72,0.0,8,AGES_6_9,LOW_RATE,4.277464889142368
2026-10-08,8476931,2026020065,2025021252,2026-04-09,0,25.1,0.0,10,ABOUT_TO_EXIT,LOW_RATE,3.7065637065637063
2026-10-08,8476958,2026020061,2026010010,2026-09-20,0,13.77,0.0,6,AGES_6_9,LOW_RATE,4.089780417741857
2026-10-08,8476958,2026020061,2025021255,2026-04-09,0,15.97,0.0,8,AGES_6_9,LOW_RATE,4.089780417741857
2026-10-08,8476967,2026020064,2026020032,2026-10-03,0,16.8,0.0,2,AGES_2_5,LOW_RATE,4.084014002333722
2026-10-08,8476967,2026020064,2026020007,2026-09-30,0,19.73,0.0,3,AGES_2_5,LOW_RATE,4.084014002333722
2026-10-08,8476967,2026020064,2025021298,2026-04-14,0,21.2,0.0,6,AGES_6_9,LOW_RATE,4.084014002333722
2026-10-08,8476981,2026020058,2026020045,2026-10-06,0,12.5,0.0,1,MOST_RECENT,LOW_RATE,4.4632894443204645
2026-10-08,8476981,2026020058,2026010006,2026-09-19,0,17.63,0.0,5,AGES_2_5,LOW_RATE,4.4632894443204645
2026-10-08,8476981,2026020058,2025021277,2026-04-12,0,15.68,0.0,6,AGES_6_9,LOW_RATE,4.4632894443204645
2026-10-08,8476981,2026020058,2025021226,2026-04-05,0,11.52,0.0,10,ABOUT_TO_EXIT,LOW_RATE,4.4632894443204645
2026-10-08,8477021,2026020058,2025021281,2026-04-12,0,15.02,0.0,7,AGES_6_9,LOW_RATE,4.189066536340152
2026-10-08,8477021,2026020058,2025021269,2026-04-11,0,15.6,0.0,8,AGES_6_9,LOW_RATE,4.189066536340152
2026-10-08,8477021,2026020058,2025021257,2026-04-09,0,15.78,0.0,9,AGES_6_9,LOW_RATE,4.189066536340152
2026-10-08,8477220,2026020056,2026020027,2026-10-03,0,21.55,0.0,3,AGES_2_5,LOW_RATE,3.067955207853965
2026-10-08,8477220,2026020056,2026020013,2026-10-01,0,18.93,0.0,4,AGES_2_5,LOW_RATE,3.067955207853965
2026-10-08,8477220,2026020056,2025021269,2026-04-11,0,15.67,0.0,9,AGES_6_9,LOW_RATE,3.067955207853965
2026-10-08,8477220,2026020056,2025021257,2026-04-09,0,18.15,0.0,10,ABOUT_TO_EXIT,LOW_RATE,3.067955207853965
2026-10-08,8477346,2026020056,2026020036,2026-10-04,0,22.0,0.0,2,AGES_2_5,LOW_RATE,5.343096027309158
2026-10-08,8477346,2026020056,2025021297,2026-04-14,0,18.88,0.0,7,AGES_6_9,LOW_RATE,5.343096027309158
2026-10-08,8477365,2026020056,2026020031,2026-10-03,0,18.1,0.0,2,AGES_2_5,LOW_RATE,3.580130276962856
2026-10-08,8477365,2026020056,2025021223,2026-04-05,0,17.52,0.0,10,ABOUT_TO_EXIT,LOW_RATE,3.580130276962856
2026-10-08,8477402,2026020063,2026020020,2026-10-02,0,17.18,0.0,3,AGES_2_5,LOW_RATE,5.061765592045797
2026-10-08,8477402,2026020063,2025021253,2026-04-09,0,16.98,0.0,9,AGES_6_9,LOW_RATE,5.061765592045797
2026-10-08,8477407,2026020062,2026020048,2026-10-06,0,14.53,0.0,1,MOST_RECENT,LOW_RATE,5.402566218954004
2026-10-08,8477407,2026020062,2026020029,2026-10-03,0,11.62,0.0,2,AGES_2_5,LOW_RATE,5.402566218954004
2026-10-08,8477407,2026020062,2026020008,2026-09-30,4,12.28,19.54397394136808,3,AGES_2_5,HIGH_RATE,5.402566218954004
2026-10-08,8477407,2026020062,2025021179,2026-03-31,0,11.48,0.0,7,AGES_6_9,LOW_RATE,5.402566218954004
2026-10-08,8477407,2026020062,2025021068,2026-03-17,0,13.6,0.0,10,ABOUT_TO_EXIT,LOW_RATE,5.402566218954004
2026-10-08,8477426,2026020065,2026020002,2026-09-29,0,15.53,0.0,4,AGES_2_5,LOW_RATE,6.089309878213802
2026-10-08,8477426,2026020065,2025021248,2026-04-09,0,7.63,0.0,10,ABOUT_TO_EXIT,LOW_RATE,6.089309878213802
2026-10-08,8477446,2026020060,2026020049,2026-10-06,0,15.27,0.0,1,MOST_RECENT,LOW_RATE,9.089657072028649
2026-10-08,8477446,2026020060,2026020012,2026-10-01,4,13.4,17.91044776119403,3,AGES_2_5,HIGH_RATE,9.089657072028649
2026-10-08,8477451,2026020060,2026020049,2026-10-06,0,13.67,0.0,1,MOST_RECENT,LOW_RATE,6.0998856271444915
2026-10-08,8477451,2026020060,2026020031,2026-10-03,0,11.5,0.0,2,AGES_2_5,LOW_RATE,6.0998856271444915
2026-10-08,8477451,2026020060,2026020012,2026-10-01,0,12.9,0.0,3,AGES_2_5,LOW_RATE,6.0998856271444915
2026-10-08,8477451,2026020060,2025021199,2026-04-02,5,18.5,16.216216216216218,10,ABOUT_TO_EXIT,HIGH_RATE,6.0998856271444915
2026-10-08,8477476,2026020064,2026020054,2026-10-07,0,17.35,0.0,1,MOST_RECENT,LOW_RATE,3.947152020174333
2026-10-08,8477476,2026020064,2026010048,2026-09-25,0,13.8,0.0,4,AGES_2_5,LOW_RATE,3.947152020174333
2026-10-08,8477476,2026020064,2026010012,2026-09-20,0,18.57,0.0,5,AGES_2_5,LOW_RATE,3.947152020174333
2026-10-08,8477476,2026020064,2025021228,2026-04-05,0,16.88,0.0,10,ABOUT_TO_EXIT,LOW_RATE,3.947152020174333
2026-10-08,8477478,2026020061,2026020001,2026-09-29,0,6.77,0.0,4,AGES_2_5,LOW_RATE,6.191369606003752
2026-10-08,8477478,2026020061,2025021255,2026-04-09,0,10.67,0.0,8,AGES_6_9,LOW_RATE,6.191369606003752
2026-10-08,8477478,2026020061,2025021237,2026-04-07,3,6.65,27.06766917293233,9,AGES_6_9,HIGH_RATE,6.191369606003752
2026-10-08,8477478,2026020061,2025021225,2026-04-05,0,12.12,0.0,10,ABOUT_TO_EXIT,LOW_RATE,6.191369606003752
2026-10-08,8477479,2026020062,2026020050,2026-10-06,0,17.83,0.0,1,MOST_RECENT,LOW_RATE,2.331908278274388
2026-10-08,8477479,2026020062,2026020005,2026-09-29,0,16.85,0.0,4,AGES_2_5,LOW_RATE,2.331908278274388
2026-10-08,8477479,2026020062,2026010058,2026-09-26,0,19.82,0.0,5,AGES_2_5,LOW_RATE,2.331908278274388
2026-10-08,8477479,2026020062,2026010018,2026-09-21,0,16.43,0.0,6,AGES_6_9,LOW_RATE,2.331908278274388
2026-10-08,8477492,2026020064,2026020007,2026-09-30,8,17.73,27.072758037225043,3,AGES_2_5,HIGH_RATE,10.925819436457736
2026-10-08,8477492,2026020064,2025021274,2026-04-11,6,21.63,16.643550624133148,7,AGES_6_9,HIGH_RATE,10.925819436457736
2026-10-08,8477492,2026020064,2025021256,2026-04-09,6,22.38,16.0857908847185,8,AGES_6_9,HIGH_RATE,10.925819436457736
2026-10-08,8477492,2026020064,2025021238,2026-04-07,0,21.13,0.0,9,AGES_6_9,LOW_RATE,10.925819436457736
2026-10-08,8477496,2026020056,2026020019,2026-10-02,5,15.88,18.89168765743073,3,AGES_2_5,HIGH_RATE,5.2835505459668894
2026-10-08,8477496,2026020056,2026020003,2026-09-29,0,15.98,0.0,4,AGES_2_5,LOW_RATE,5.2835505459668894
2026-10-08,8477496,2026020056,2025021292,2026-04-14,0,16.77,0.0,7,AGES_6_9,LOW_RATE,5.2835505459668894
2026-10-08,8477496,2026020056,2025021278,2026-04-12,0,16.85,0.0,8,AGES_6_9,LOW_RATE,5.2835505459668894
2026-10-08,8477498,2026020063,2026020034,2026-10-03,0,21.85,0.0,2,AGES_2_5,LOW_RATE,5.0443717888837
2026-10-08,8477498,2026020063,2026020016,2026-10-01,0,17.12,0.0,3,AGES_2_5,LOW_RATE,5.0443717888837
2026-10-08,8477500,2026020062,2026010062,2026-09-26,0,17.6,0.0,4,AGES_2_5,LOW_RATE,6.275525450742106
2026-10-08,8477505,2026020063,2025021305,2026-04-15,0,19.87,0.0,6,AGES_6_9,LOW_RATE,3.0657605640999437
2026-10-08,8477505,2026020063,2025021287,2026-04-13,0,20.9,0.0,7,AGES_6_9,LOW_RATE,3.0657605640999437
2026-10-08,8477505,2026020063,2025021246,2026-04-08,0,20.87,0.0,10,ABOUT_TO_EXIT,LOW_RATE,3.0657605640999437
2026-10-08,8477506,2026020062,2026020029,2026-10-03,0,19.0,0.0,2,AGES_2_5,LOW_RATE,1.6458196181698486
2026-10-08,8477506,2026020062,2026020008,2026-09-30,0,16.45,0.0,3,AGES_2_5,LOW_RATE,1.6458196181698486
2026-10-08,8477506,2026020062,2026010062,2026-09-26,0,17.68,0.0,4,AGES_2_5,LOW_RATE,1.6458196181698486
2026-10-08,8477506,2026020062,2026010051,2026-09-25,0,18.48,0.0,5,AGES_2_5,LOW_RATE,1.6458196181698486
2026-10-08,8477506,2026020062,2025021262,2026-04-11,0,16.55,0.0,7,AGES_6_9,LOW_RATE,1.6458196181698486
2026-10-08,8477506,2026020062,2025021252,2026-04-09,0,21.27,0.0,8,AGES_6_9,LOW_RATE,1.6458196181698486
2026-10-08,8477506,2026020062,2025021214,2026-04-04,0,19.6,0.0,9,AGES_6_9,LOW_RATE,1.6458196181698486
2026-10-08,8477507,2026020056,2026020019,2026-10-02,0,20.9,0.0,3,AGES_2_5,LOW_RATE,3.289473684210526
2026-10-08,8477507,2026020056,2026010049,2026-09-25,0,19.18,0.0,5,AGES_2_5,LOW_RATE,3.289473684210526
2026-10-08,8477507,2026020056,2025021278,2026-04-12,0,23.45,0.0,8,AGES_6_9,LOW_RATE,3.289473684210526
2026-10-08,8477507,2026020056,2025021261,2026-04-11,0,19.48,0.0,9,AGES_6_9,LOW_RATE,3.289473684210526
2026-10-08,8477527,2026020063,2026020020,2026-10-02,0,9.98,0.0,2,AGES_2_5,LOW_RATE,5.448491575017657
2026-10-08,8477527,2026020063,2025021006,2026-03-08,0,9.02,0.0,6,AGES_6_9,LOW_RATE,5.448491575017657
2026-10-08,8477527,2026020063,2025020987,2026-03-06,0,10.72,0.0,7,AGES_6_9,LOW_RATE,5.448491575017657
2026-10-08,8477527,2026020063,2025020973,2026-03-04,0,11.17,0.0,8,AGES_6_9,LOW_RATE,5.448491575017657
2026-10-08,8477939,2026020065,2026020002,2026-09-29,5,18.92,15.856236786469344,4,AGES_2_5,HIGH_RATE,8.17836627397527
2026-10-08,8477939,2026020065,2025021270,2026-04-11,5,19.8,15.151515151515152,9,AGES_6_9,HIGH_RATE,8.17836627397527
2026-10-08,8477940,2026020061,2025021293,2026-04-14,5,15.03,19.960079840319363,6,AGES_6_9,HIGH_RATE,9.456562854621106
2026-10-08,8477940,2026020061,2025021284,2026-04-13,6,16.42,21.924482338611448,7,AGES_6_9,HIGH_RATE,9.456562854621106
2026-10-08,8477940,2026020061,2025021255,2026-04-09,0,11.73,0.0,9,AGES_6_9,LOW_RATE,9.456562854621106
2026-10-08,8477948,2026020059,2025021236,2026-04-07,0,24.75,0.0,10,ABOUT_TO_EXIT,LOW_RATE,4.483932574939799
2026-10-08,8477950,2026020062,2026020008,2026-09-30,0,17.23,0.0,3,AGES_2_5,LOW_RATE,4.607789358200768
2026-10-08,8477950,2026020062,2026010051,2026-09-25,0,21.18,0.0,4,AGES_2_5,LOW_RATE,4.607789358200768
2026-10-08,8477950,2026020062,2025021124,2026-03-24,0,6.15,0.0,10,ABOUT_TO_EXIT,LOW_RATE,4.607789358200768
2026-10-08,8477951,2026020056,2026020027,2026-10-03,8,17.65,27.19546742209632,3,AGES_2_5,HIGH_RATE,11.361310133060387
2026-10-08,8477951,2026020056,2025021297,2026-04-14,8,21.35,22.482435597189692,7,AGES_6_9,HIGH_RATE,11.361310133060387
2026-10-08,8477964,2026020065,2026020039,2026-10-04,0,13.05,0.0,2,AGES_2_5,LOW_RATE,5.530317993284614
2026-10-08,8477964,2026020065,2025021306,2026-04-15,0,18.2,0.0,7,AGES_6_9,LOW_RATE,5.530317993284614
2026-10-08,8477964,2026020065,2025021274,2026-04-11,0,16.53,0.0,9,AGES_6_9,LOW_RATE,5.530317993284614
2026-10-08,8477964,2026020065,2025021259,2026-04-09,6,18.43,19.533369506239826,10,ABOUT_TO_EXIT,HIGH_RATE,5.530317993284614
2026-10-08,8477987,2026020062,2026020013,2026-10-01,0,11.9,0.0,3,AGES_2_5,LOW_RATE,5.314829851627667
2026-10-08,8477987,2026020062,2026010058,2026-09-26,0,14.52,0.0,5,AGES_2_5,LOW_RATE,5.314829851627667
2026-10-08,8477987,2026020062,2026010018,2026-09-21,0,14.72,0.0,6,AGES_6_9,LOW_RATE,5.314829851627667
2026-10-08,8477987,2026020062,2025021305,2026-04-15,5,16.05,18.69158878504673,7,AGES_6_9,HIGH_RATE,5.314829851627667
2026-10-08,8477987,2026020062,2025021288,2026-04-13,0,13.82,0.0,8,AGES_6_9,LOW_RATE,5.314829851627667
2026-10-08,8477987,2026020062,2025021255,2026-04-09,0,15.88,0.0,10,ABOUT_TO_EXIT,LOW_RATE,5.314829851627667
2026-10-08,8477989,2026020059,2026010057,2026-09-26,0,12.57,0.0,5,AGES_2_5,LOW_RATE,5.512341520181295
2026-10-08,8477989,2026020059,2025021284,2026-04-13,0,17.53,0.0,7,AGES_6_9,LOW_RATE,5.512341520181295
2026-10-08,8477998,2026020059,2026020046,2026-10-06,0,8.85,0.0,1,MOST_RECENT,LOW_RATE,4.442981734408425
2026-10-08,8477998,2026020059,2026020041,2026-10-05,0,12.22,0.0,2,AGES_2_5,LOW_RATE,4.442981734408425
2026-10-08,8477998,2026020059,2026020023,2026-10-03,0,13.02,0.0,3,AGES_2_5,LOW_RATE,4.442981734408425
2026-10-08,8477998,2026020059,2025021234,2026-04-07,0,8.38,0.0,8,AGES_6_9,LOW_RATE,4.442981734408425
2026-10-08,8478020,2026020059,2026020046,2026-10-06,0,15.65,0.0,1,MOST_RECENT,LOW_RATE,3.968778939013097
2026-10-08,8478038,2026020064,2026020032,2026-10-03,0,18.92,0.0,2,AGES_2_5,LOW_RATE,3.342761635381846
2026-10-08,8478038,2026020064,2026020007,2026-09-30,0,20.07,0.0,3,AGES_2_5,LOW_RATE,3.342761635381846
2026-10-08,8478038,2026020064,2025021228,2026-04-05,0,25.25,0.0,10,ABOUT_TO_EXIT,LOW_RATE,3.342761635381846
2026-10-08,8478047,2026020059,2025021301,2026-04-15,5,12.6,23.80952380952381,1,MOST_RECENT,HIGH_RATE,6.837050301155787
2026-10-08,8478047,2026020059,2025021285,2026-04-13,0,14.33,0.0,2,AGES_2_5,LOW_RATE,6.837050301155787
2026-10-08,8478047,2026020059,2025021172,2026-03-29,1,3.77,15.915119363395227,3,AGES_2_5,HIGH_RATE,6.837050301155787
2026-10-08,8478047,2026020059,2025021156,2026-03-28,0,12.38,0.0,4,AGES_2_5,LOW_RATE,6.837050301155787
2026-10-08,8478047,2026020059,2025021130,2026-03-24,0,9.98,0.0,5,AGES_2_5,LOW_RATE,6.837050301155787
2026-10-08,8478133,2026020058,2026020045,2026-10-06,0,14.32,0.0,1,MOST_RECENT,LOW_RATE,5.418924551896624
2026-10-08,8478133,2026020058,2025021294,2026-04-14,3,11.25,16.0,6,AGES_6_9,HIGH_RATE,5.418924551896624
2026-10-08,8478133,2026020058,2025021271,2026-04-11,0,14.77,0.0,8,AGES_6_9,LOW_RATE,5.418924551896624
2026-10-08,8478133,2026020058,2025021233,2026-04-07,0,15.62,0.0,10,ABOUT_TO_EXIT,LOW_RATE,5.418924551896624
2026-10-08,8478136,2026020064,2026010060,2026-09-26,0,15.08,0.0,4,AGES_2_5,LOW_RATE,2.8170667292681495
2026-10-08,8478136,2026020064,2026010031,2026-09-22,0,17.05,0.0,5,AGES_2_5,LOW_RATE,2.8170667292681495
2026-10-08,8478136,2026020064,2025021296,2026-04-14,0,18.72,0.0,6,AGES_6_9,LOW_RATE,2.8170667292681495
2026-10-08,8478136,2026020064,2025021240,2026-04-07,0,17.5,0.0,10,ABOUT_TO_EXIT,LOW_RATE,2.8170667292681495
2026-10-08,8478178,2026020065,2025021302,2026-04-15,5,18.85,15.915119363395224,7,AGES_6_9,HIGH_RATE,8.286911284010865
2026-10-08,8478178,2026020065,2025021248,2026-04-09,5,13.98,21.459227467811157,8,AGES_6_9,HIGH_RATE,8.286911284010865
2026-10-08,8478396,2026020065,2026010047,2026-09-24,0,17.42,0.0,6,AGES_6_9,LOW_RATE,4.4308782985427335
2026-10-08,8478397,2026020065,2026020051,2026-10-06,0,17.4,0.0,1,MOST_RECENT,LOW_RATE,6.399069226294357
2026-10-08,8478397,2026020065,2025021290,2026-04-13,7,20.17,20.823004462072383,8,AGES_6_9,HIGH_RATE,6.399069226294357
2026-10-08,8478401,2026020056,2026010028,2026-09-22,0,16.57,0.0,6,AGES_6_9,LOW_RATE,5.5002138972071135
2026-10-08,8478401,2026020056,2025021292,2026-04-14,0,4.97,0.0,7,AGES_6_9,LOW_RATE,5.5002138972071135
2026-10-08,8478413,2026020062,2026020005,2026-09-29,5,14.13,21.231422505307854,4,AGES_2_5,HIGH_RATE,5.8014131647452585
2026-10-08,8478413,2026020062,2025021301,2026-04-15,0,16.05,0.0,6,AGES_6_9,LOW_RATE,5.8014131647452585
2026-10-08,8478413,2026020062,2025021247,2026-04-09,0,12.0,0.0,8,AGES_6_9,LOW_RATE,5.8014131647452585
2026-10-08,8478416,2026020060,2025021261,2026-04-11,0,13.62,0.0,8,AGES_6_9,LOW_RATE,4.3364652248846385
2026-10-08,8478420,2026020057,2026010050,2026-09-25,0,20.58,0.0,4,AGES_2_5,LOW_RATE,4.824847967030205
2026-10-08,8478427,2026020061,2026020025,2026-10-03,6,20.5,17.560975609756095,2,AGES_2_5,HIGH_RATE,10.793650793650794
2026-10-08,8478427,2026020061,2025021269,2026-04-11,5,18.55,16.172506738544474,6,AGES_6_9,HIGH_RATE,10.793650793650794
2026-10-08,8478427,2026020061,2025021214,2026-04-04,7,18.8,22.340425531914892,9,AGES_6_9,HIGH_RATE,10.793650793650794
2026-10-08,8478439,2026020059,2026010040,2026-09-24,0,15.1,0.0,6,AGES_6_9,LOW_RATE,4.432405811376508
2026-10-08,8478439,2026020059,2025021272,2026-04-11,0,14.75,0.0,8,AGES_6_9,LOW_RATE,4.432405811376508
2026-10-08,8478439,2026020059,2025021236,2026-04-07,0,16.23,0.0,10,ABOUT_TO_EXIT,LOW_RATE,4.432405811376508
2026-10-08,8478443,2026020063,2026020020,2026-10-02,0,15.45,0.0,3,AGES_2_5,LOW_RATE,2.73457528627585
2026-10-08,8478443,2026020063,2026010058,2026-09-26,0,18.4,0.0,4,AGES_2_5,LOW_RATE,2.73457528627585
2026-10-08,8478443,2026020063,2026010042,2026-09-24,0,15.53,0.0,5,AGES_2_5,LOW_RATE,2.73457528627585
2026-10-08,8478444,2026020061,2026020039,2026-10-04,0,17.3,0.0,1,MOST_RECENT,LOW_RATE,6.577573606180831
2026-10-08,8478449,2026020057,2026020020,2026-10-02,0,16.95,0.0,3,AGES_2_5,LOW_RATE,6.707241336479941
2026-10-08,8478449,2026020057,2025020899,2026-02-04,5,15.13,19.82815598149372,7,AGES_6_9,HIGH_RATE,6.707241336479941
2026-10-08,8478450,2026020065,2026020021,2026-10-02,0,15.65,0.0,3,AGES_2_5,LOW_RATE,2.888781896966779
2026-10-08,8478450,2026020065,2025021276,2026-04-12,0,19.87,0.0,7,AGES_6_9,LOW_RATE,2.888781896966779
2026-10-08,8478450,2026020065,2025021223,2026-04-05,0,18.45,0.0,9,AGES_6_9,LOW_RATE,2.888781896966779
2026-10-08,8478454,2026020064,2026020007,2026-09-30,0,11.25,0.0,2,AGES_2_5,LOW_RATE,0.9019165727170236
2026-10-08,8478454,2026020064,2026010048,2026-09-25,0,15.42,0.0,3,AGES_2_5,LOW_RATE,0.9019165727170236
2026-10-08,8478454,2026020064,2026010015,2026-09-21,0,18.17,0.0,4,AGES_2_5,LOW_RATE,0.9019165727170236
2026-10-08,8478454,2026020064,2025021294,2026-04-14,0,21.75,0.0,5,AGES_2_5,LOW_RATE,0.9019165727170236
2026-10-08,8478454,2026020064,2025021205,2026-04-03,0,10.12,0.0,6,AGES_6_9,LOW_RATE,0.9019165727170236
2026-10-08,8478454,2026020064,2025021125,2026-03-24,0,12.97,0.0,7,AGES_6_9,LOW_RATE,0.9019165727170236
2026-10-08,8478454,2026020064,2025021103,2026-03-21,0,8.88,0.0,8,AGES_6_9,LOW_RATE,0.9019165727170236
2026-10-08,8478454,2026020064,2025021026,2026-03-11,0,11.25,0.0,10,ABOUT_TO_EXIT,LOW_RATE,0.9019165727170236
2026-10-08,8478458,2026020065,2026010035,2026-09-23,4,15.53,15.453960077269802,5,AGES_2_5,HIGH_RATE,8.948812790836415
2026-10-08,8478458,2026020065,2025021241,2026-04-07,0,17.2,0.0,10,ABOUT_TO_EXIT,LOW_RATE,8.948812790836415
2026-10-08,8478462,2026020064,2025021298,2026-04-14,0,16.3,0.0,6,AGES_6_9,LOW_RATE,6.738260686460308
2026-10-08,8478462,2026020064,2025021274,2026-04-11,0,13.63,0.0,8,AGES_6_9,LOW_RATE,6.738260686460308
2026-10-08,8478468,2026020065,2026020051,2026-10-06,0,16.0,0.0,1,MOST_RECENT,LOW_RATE,5.981681101626269
2026-10-08,8478468,2026020065,2026020039,2026-10-04,0,15.37,0.0,2,AGES_2_5,LOW_RATE,5.981681101626269
2026-10-08,8478468,2026020065,2025021306,2026-04-15,0,15.77,0.0,7,AGES_6_9,LOW_RATE,5.981681101626269
2026-10-08,8478468,2026020065,2025021290,2026-04-13,0,17.02,0.0,8,AGES_6_9,LOW_RATE,5.981681101626269
2026-10-08,8478474,2026020056,2026020036,2026-10-04,5,15.33,19.569471624266143,2,AGES_2_5,HIGH_RATE,8.579955235016165
2026-10-08,8478493,2026020060,2026020049,2026-10-06,0,20.43,0.0,1,MOST_RECENT,LOW_RATE,6.260640342687682
2026-10-08,8478493,2026020060,2025021254,2026-04-09,6,18.17,19.812878370941107,5,AGES_2_5,HIGH_RATE,6.260640342687682
2026-10-08,8478493,2026020060,2025021222,2026-04-05,0,19.18,0.0,7,AGES_6_9,LOW_RATE,6.260640342687682
2026-10-08,8478493,2026020060,2025021155,2026-03-28,0,19.97,0.0,10,ABOUT_TO_EXIT,LOW_RATE,6.260640342687682
2026-10-08,8478498,2026020061,2026020015,2026-10-01,4,15.62,15.364916773367478,1,MOST_RECENT,HIGH_RATE,12.311660901682592
2026-10-08,8478498,2026020061,2026020004,2026-09-29,0,15.58,0.0,2,AGES_2_5,LOW_RATE,12.311660901682592
2026-10-08,8478498,2026020061,2026010037,2026-09-24,7,17.0,24.705882352941178,4,AGES_2_5,HIGH_RATE,12.311660901682592
2026-10-08,8478498,2026020061,2025021300,2026-04-14,6,17.77,20.258863252673045,5,AGES_2_5,HIGH_RATE,12.311660901682592
2026-10-08,8478498,2026020061,2025021275,2026-04-11,8,17.77,27.011817670230727,7,AGES_6_9,HIGH_RATE,12.311660901682592
2026-10-08,8478507,2026020056,2026020047,2026-10-06,0,19.22,0.0,1,MOST_RECENT,LOW_RATE,2.068863602778188
2026-10-08,8478507,2026020056,2026020027,2026-10-03,0,20.45,0.0,3,AGES_2_5,LOW_RATE,2.068863602778188
2026-10-08,8478507,2026020056,2025021297,2026-04-14,0,18.67,0.0,7,AGES_6_9,LOW_RATE,2.068863602778188
2026-10-08,8478507,2026020056,2025021257,2026-04-09,0,18.47,0.0,8,AGES_6_9,LOW_RATE,2.068863602778188
2026-10-08,8478507,2026020056,2025021216,2026-04-04,0,20.03,0.0,10,ABOUT_TO_EXIT,LOW_RATE,2.068863602778188
2026-10-08,8478508,2026020060,2026020049,2026-10-06,0,13.07,0.0,1,MOST_RECENT,LOW_RATE,5.473684210526316
2026-10-08,8478508,2026020060,2026020031,2026-10-03,4,15.05,15.946843853820596,2,AGES_2_5,HIGH_RATE,5.473684210526316
2026-10-08,8478508,2026020060,2026020012,2026-10-01,0,12.73,0.0,3,AGES_2_5,LOW_RATE,5.473684210526316
2026-10-08,8478508,2026020060,2025021296,2026-04-14,0,15.82,0.0,6,AGES_6_9,LOW_RATE,5.473684210526316
2026-10-08,8478508,2026020060,2025021267,2026-04-11,0,13.38,0.0,8,AGES_6_9,LOW_RATE,5.473684210526316
2026-10-08,8478569,2026020059,2026020040,2026-10-05,0,13.65,0.0,1,MOST_RECENT,LOW_RATE,2.7794322017073654
2026-10-08,8478569,2026020059,2026020009,2026-10-01,0,16.6,0.0,3,AGES_2_5,LOW_RATE,2.7794322017073654
2026-10-08,8478569,2026020059,2025021299,2026-04-14,0,14.08,0.0,7,AGES_6_9,LOW_RATE,2.7794322017073654
2026-10-08,8478569,2026020059,2025021251,2026-04-09,0,14.85,0.0,9,AGES_6_9,LOW_RATE,2.7794322017073654
2026-10-08,8478831,2026020056,2026020036,2026-10-04,0,13.17,0.0,2,AGES_2_5,LOW_RATE,3.4492670307559643
2026-10-08,8478831,2026020056,2026020013,2026-10-01,0,12.97,0.0,4,AGES_2_5,LOW_RATE,3.4492670307559643
2026-10-08,8478831,2026020056,2026010047,2026-09-24,0,16.27,0.0,6,AGES_6_9,LOW_RATE,3.4492670307559643
2026-10-08,8478831,2026020056,2025021297,2026-04-14,0,13.87,0.0,7,AGES_6_9,LOW_RATE,3.4492670307559643
2026-10-08,8478831,2026020056,2025021269,2026-04-11,0,13.2,0.0,9,AGES_6_9,LOW_RATE,3.4492670307559643
2026-10-08,8478840,2026020056,2026020041,2026-10-05,0,16.42,0.0,1,MOST_RECENT,LOW_RATE,1.6794491406818564
2026-10-08,8478840,2026020056,2026020031,2026-10-03,0,19.35,0.0,2,AGES_2_5,LOW_RATE,1.6794491406818564
2026-10-08,8478840,2026020056,2026020019,2026-10-02,0,19.53,0.0,3,AGES_2_5,LOW_RATE,1.6794491406818564
2026-10-08,8478840,2026020056,2025021302,2026-04-15,0,16.28,0.0,7,AGES_6_9,LOW_RATE,1.6794491406818564
2026-10-08,8478840,2026020056,2025021283,2026-04-13,0,17.58,0.0,8,AGES_6_9,LOW_RATE,1.6794491406818564
2026-10-08,8478840,2026020056,2025021244,2026-04-08,0,15.4,0.0,10,ABOUT_TO_EXIT,LOW_RATE,1.6794491406818564
2026-10-08,8478851,2026020058,2026020026,2026-10-03,0,8.53,0.0,2,AGES_2_5,LOW_RATE,1.9357960961445395
2026-10-08,8478851,2026020058,2025021169,2026-03-29,0,19.08,0.0,6,AGES_6_9,LOW_RATE,1.9357960961445395
2026-10-08,8478851,2026020058,2025021161,2026-03-28,0,19.25,0.0,7,AGES_6_9,LOW_RATE,1.9357960961445395
2026-10-08,8478851,2026020058,2025021137,2026-03-26,0,17.3,0.0,8,AGES_6_9,LOW_RATE,1.9357960961445395
2026-10-08,8478851,2026020058,2025021121,2026-03-24,0,19.3,0.0,9,AGES_6_9,LOW_RATE,1.9357960961445395
2026-10-08,8478851,2026020058,2025021105,2026-03-21,0,20.62,0.0,10,ABOUT_TO_EXIT,LOW_RATE,1.9357960961445395
2026-10-08,8478864,2026020060,2025021267,2026-04-11,0,20.68,0.0,5,AGES_2_5,LOW_RATE,9.398864303896612
2026-10-08,8478864,2026020060,2025021222,2026-04-05,5,19.88,15.090543259557348,8,AGES_6_9,HIGH_RATE,9.398864303896612
2026-10-08,8478864,2026020060,2025021199,2026-04-02,5,19.75,15.18987341772152,10,ABOUT_TO_EXIT,HIGH_RATE,9.398864303896612
2026-10-08,8478970,2026020061,2026020018,2026-10-02,0,17.55,0.0,3,AGES_2_5,LOW_RATE,3.957582830179106
2026-10-08,8478970,2026020061,2026020001,2026-09-29,0,19.2,0.0,4,AGES_2_5,LOW_RATE,3.957582830179106
2026-10-08,8478970,2026020061,2025021237,2026-04-07,0,13.9,0.0,7,AGES_6_9,LOW_RATE,3.957582830179106
2026-10-08,8478970,2026020061,2025021197,2026-04-02,0,20.73,0.0,10,ABOUT_TO_EXIT,LOW_RATE,3.957582830179106
2026-10-08,8478975,2026020063,2026020016,2026-10-01,4,12.73,18.853102906520032,3,AGES_2_5,HIGH_RATE,7.638215324927256
2026-10-08,8478975,2026020063,2026010039,2026-09-24,3,11.8,15.254237288135592,5,AGES_2_5,HIGH_RATE,7.638215324927256
2026-10-08,8478975,2026020063,2025021271,2026-04-11,0,15.27,0.0,8,AGES_6_9,LOW_RATE,7.638215324927256
2026-10-08,8479318,2026020065,2026020023,2026-10-03,6,21.83,16.491067338524967,2,AGES_2_5,HIGH_RATE,11.177018481298102
2026-10-08,8479318,2026020065,2026010006,2026-09-19,6,21.33,16.87763713080169,6,AGES_6_9,HIGH_RATE,11.177018481298102
2026-10-08,8479318,2026020065,2025020994,2026-03-07,6,19.28,18.67219917012448,9,AGES_6_9,HIGH_RATE,11.177018481298102
2026-10-08,8479343,2026020056,2025021269,2026-04-11,0,22.13,0.0,9,AGES_6_9,LOW_RATE,7.016797788645546
2026-10-08,8479346,2026020063,2026020050,2026-10-06,0,10.2,0.0,1,MOST_RECENT,LOW_RATE,2.782931354359926
2026-10-08,8479346,2026020063,2026020032,2026-10-03,0,13.27,0.0,2,AGES_2_5,LOW_RATE,2.782931354359926
2026-10-08,8479346,2026020063,2026010021,2026-09-21,0,14.15,0.0,4,AGES_2_5,LOW_RATE,2.782931354359926
2026-10-08,8479346,2026020063,2023020697,2024-01-18,0,5.58,0.0,5,AGES_2_5,LOW_RATE,2.782931354359926
2026-10-08,8479346,2026020063,2023020687,2024-01-16,0,11.08,0.0,6,AGES_6_9,LOW_RATE,2.782931354359926
2026-10-08,8479346,2026020063,2023020649,2024-01-11,0,12.25,0.0,8,AGES_6_9,LOW_RATE,2.782931354359926
2026-10-08,8479346,2026020063,2023020617,2024-01-07,0,7.2,0.0,9,AGES_6_9,LOW_RATE,2.782931354359926
2026-10-08,8479351,2026020057,2026020020,2026-10-02,3,11.32,15.901060070671376,3,AGES_2_5,HIGH_RATE,4.848811367768874
2026-10-08,8479351,2026020057,2026010034,2026-09-23,0,18.02,0.0,5,AGES_2_5,LOW_RATE,4.848811367768874
2026-10-08,8479351,2026020057,2025021301,2026-04-15,0,15.72,0.0,6,AGES_6_9,LOW_RATE,4.848811367768874
2026-10-08,8479351,2026020057,2025021130,2026-03-24,0,17.05,0.0,8,AGES_6_9,LOW_RATE,4.848811367768874
2026-10-08,8479351,2026020057,2025021101,2026-03-21,0,12.75,0.0,10,ABOUT_TO_EXIT,LOW_RATE,4.848811367768874
2026-10-08,8479353,2026020065,2026020051,2026-10-06,0,15.85,0.0,1,MOST_RECENT,LOW_RATE,4.572589864092468
2026-10-08,8479353,2026020065,2025021290,2026-04-13,0,16.05,0.0,8,AGES_6_9,LOW_RATE,4.572589864092468
2026-10-08,8479353,2026020065,2025021274,2026-04-11,0,17.18,0.0,9,AGES_6_9,LOW_RATE,4.572589864092468
2026-10-08,8479359,2026020057,2026020049,2026-10-06,0,8.47,0.0,1,MOST_RECENT,LOW_RATE,2.1885828925770565
2026-10-08,8479359,2026020057,2026020022,2026-10-03,0,8.52,0.0,2,AGES_2_5,LOW_RATE,2.1885828925770565
2026-10-08,8479359,2026020057,2026010055,2026-09-26,0,12.13,0.0,4,AGES_2_5,LOW_RATE,2.1885828925770565
2026-10-08,8479359,2026020057,2026010024,2026-09-22,0,11.22,0.0,5,AGES_2_5,LOW_RATE,2.1885828925770565
2026-10-08,8479359,2026020057,2025021301,2026-04-15,0,14.98,0.0,6,AGES_6_9,LOW_RATE,2.1885828925770565
2026-10-08,8479359,2026020057,2025021247,2026-04-09,0,11.5,0.0,8,AGES_6_9,LOW_RATE,2.1885828925770565
2026-10-08,8479359,2026020057,2025021244,2026-04-08,0,10.25,0.0,9,AGES_6_9,LOW_RATE,2.1885828925770565
2026-10-08,8479369,2026020056,2026020047,2026-10-06,0,17.0,0.0,1,MOST_RECENT,LOW_RATE,3.4221182912222665
2026-10-08,8479369,2026020056,2026020013,2026-10-01,0,17.08,0.0,4,AGES_2_5,LOW_RATE,3.4221182912222665
2026-10-08,8479369,2026020056,2025021237,2026-04-07,0,18.92,0.0,10,ABOUT_TO_EXIT,LOW_RATE,3.4221182912222665
2026-10-08,8479378,2026020062,2026020008,2026-09-30,0,15.1,0.0,3,AGES_2_5,LOW_RATE,4.899497487437186
2026-10-08,8479378,2026020062,2025021288,2026-04-13,0,15.62,0.0,5,AGES_2_5,LOW_RATE,4.899497487437186
2026-10-08,8479410,2026020056,2025021257,2026-04-09,0,24.17,0.0,10,ABOUT_TO_EXIT,LOW_RATE,6.4878892733564015
2026-10-08,8479420,2026020057,2026020049,2026-10-06,9,20.38,26.496565260058883,1,MOST_RECENT,HIGH_RATE,12.942600094701952
2026-10-08,8479420,2026020057,2026010024,2026-09-22,7,17.0,24.705882352941178,5,AGES_2_5,HIGH_RATE,12.942600094701952
2026-10-08,8479420,2026020057,2025021288,2026-04-13,6,17.52,20.54794520547945,6,AGES_6_9,HIGH_RATE,12.942600094701952
2026-10-08,8479420,2026020057,2025021213,2026-04-04,5,19.33,15.519917227108122,10,ABOUT_TO_EXIT,HIGH_RATE,12.942600094701952
2026-10-08,8479425,2026020061,2026010056,2026-09-26,0,23.65,0.0,5,AGES_2_5,LOW_RATE,4.612546125461255
2026-10-08,8479425,2026020061,2026010037,2026-09-24,0,24.37,0.0,6,AGES_6_9,LOW_RATE,4.612546125461255
2026-10-08,8479442,2026020065,2026020008,2026-09-30,0,16.08,0.0,3,AGES_2_5,LOW_RATE,3.1640563202024996
2026-10-08,8479442,2026020065,2026020002,2026-09-29,0,19.08,0.0,4,AGES_2_5,LOW_RATE,3.1640563202024996
2026-10-08,8479442,2026020065,2025021270,2026-04-11,0,19.77,0.0,9,AGES_6_9,LOW_RATE,3.1640563202024996
2026-10-08,8479442,2026020065,2025021252,2026-04-09,0,20.95,0.0,10,ABOUT_TO_EXIT,LOW_RATE,3.1640563202024996
2026-10-08,8479520,2026020065,2026020023,2026-10-03,0,9.85,0.0,2,AGES_2_5,LOW_RATE,3.948667324777888
2026-10-08,8479520,2026020065,2026020002,2026-09-29,0,9.07,0.0,4,AGES_2_5,LOW_RATE,3.948667324777888
2026-10-08,8479520,2026020065,2026010007,2026-09-19,0,18.67,0.0,6,AGES_6_9,LOW_RATE,3.948667324777888
2026-10-08,8479520,2026020065,2025021245,2026-04-08,0,10.1,0.0,10,ABOUT_TO_EXIT,LOW_RATE,3.948667324777888
2026-10-08,8479525,2026020058,2026020030,2026-10-03,0,15.32,0.0,2,AGES_2_5,LOW_RATE,5.593362543115503
2026-10-08,8479525,2026020058,2026010053,2026-09-26,0,12.23,0.0,4,AGES_2_5,LOW_RATE,5.593362543115503
2026-10-08,8479525,2026020058,2025021298,2026-04-14,0,11.8,0.0,6,AGES_6_9,LOW_RATE,5.593362543115503
2026-10-08,8479525,2026020058,2025021289,2026-04-13,0,12.8,0.0,7,AGES_6_9,LOW_RATE,5.593362543115503
2026-10-08,8479525,2026020058,2025021256,2026-04-09,3,8.88,20.27027027027027,9,AGES_6_9,HIGH_RATE,5.593362543115503
2026-10-08,8479542,2026020060,2026020040,2026-10-05,8,20.18,23.785926660059463,1,MOST_RECENT,HIGH_RATE,12.849800114220445
2026-10-08,8479542,2026020060,2026020024,2026-10-03,6,22.12,16.274864376130196,2,AGES_2_5,HIGH_RATE,12.849800114220445
2026-10-08,8479619,2026020056,2026020047,2026-10-06,3,10.83,16.62049861495845,1,MOST_RECENT,HIGH_RATE,8.248052543149534
2026-10-08,8479619,2026020056,2025021297,2026-04-14,0,14.47,0.0,7,AGES_6_9,LOW_RATE,8.248052543149534
2026-10-08,8479661,2026020056,2026020019,2026-10-02,0,10.25,0.0,3,AGES_2_5,LOW_RATE,2.608468828797496
2026-10-08,8479661,2026020056,2026020003,2026-09-29,0,13.22,0.0,4,AGES_2_5,LOW_RATE,2.608468828797496
2026-10-08,8479661,2026020056,2026010049,2026-09-25,0,11.03,0.0,5,AGES_2_5,LOW_RATE,2.608468828797496
2026-10-08,8479661,2026020056,2025021261,2026-04-11,0,11.42,0.0,8,AGES_6_9,LOW_RATE,2.608468828797496
2026-10-08,8479661,2026020056,2025021237,2026-04-07,0,9.9,0.0,9,AGES_6_9,LOW_RATE,2.608468828797496
2026-10-08,8479661,2026020056,2025021224,2026-04-05,0,9.87,0.0,10,ABOUT_TO_EXIT,LOW_RATE,2.608468828797496
2026-10-08,8479705,2026020060,2025021296,2026-04-14,0,11.27,0.0,6,AGES_6_9,LOW_RATE,7.344632768361582
2026-10-08,8479705,2026020060,2025021258,2026-04-09,0,12.72,0.0,8,AGES_6_9,LOW_RATE,7.344632768361582
2026-10-08,8479705,2026020060,2025021243,2026-04-07,3,8.82,20.40816326530612,9,AGES_6_9,HIGH_RATE,7.344632768361582
2026-10-08,8479941,2026020057,2026020049,2026-10-06,0,8.28,0.0,1,MOST_RECENT,LOW_RATE,4.203315949248852
2026-10-08,8479941,2026020057,2025020057,2025-10-15,0,6.23,0.0,4,AGES_2_5,LOW_RATE,4.203315949248852
2026-10-08,8479941,2026020057,2025020039,2025-10-13,0,17.58,0.0,5,AGES_2_5,LOW_RATE,4.203315949248852
2026-10-08,8479941,2026020057,2025020024,2025-10-11,0,13.45,0.0,6,AGES_6_9,LOW_RATE,4.203315949248852
2026-10-08,8479941,2026020057,2024021281,2025-04-13,0,13.25,0.0,10,ABOUT_TO_EXIT,LOW_RATE,4.203315949248852
2026-10-08,8479980,2026020058,2026020030,2026-10-03,0,21.0,0.0,2,AGES_2_5,LOW_RATE,3.4820737683776115
2026-10-08,8479980,2026020058,2026020012,2026-10-01,0,15.38,0.0,3,AGES_2_5,LOW_RATE,3.4820737683776115
2026-10-08,8479980,2026020058,2026010053,2026-09-26,0,18.77,0.0,4,AGES_2_5,LOW_RATE,3.4820737683776115
2026-10-08,8479980,2026020058,2025021220,2026-04-04,0,2.57,0.0,6,AGES_6_9,LOW_RATE,3.4820737683776115
2026-10-08,8479987,2026020056,2026020019,2026-10-02,0,18.88,0.0,3,AGES_2_5,LOW_RATE,6.122796076875106
2026-10-08,8479999,2026020056,2026020041,2026-10-05,0,12.93,0.0,1,MOST_RECENT,LOW_RATE,3.965107057890563
2026-10-08,8479999,2026020056,2026010049,2026-09-25,0,14.33,0.0,5,AGES_2_5,LOW_RATE,3.965107057890563
2026-10-08,8479999,2026020056,2026010028,2026-09-22,0,15.65,0.0,6,AGES_6_9,LOW_RATE,3.965107057890563
2026-10-08,8480012,2026020061,2026010037,2026-09-24,0,20.8,0.0,6,AGES_6_9,LOW_RATE,4.066100192879111
2026-10-08,8480012,2026020061,2025020838,2026-01-27,0,18.17,0.0,9,AGES_6_9,LOW_RATE,4.066100192879111
2026-10-08,8480015,2026020059,2026020040,2026-10-05,0,13.97,0.0,1,MOST_RECENT,LOW_RATE,7.199696854869269
2026-10-08,8480015,2026020059,2026020006,2026-09-30,4,14.18,16.925246826516222,4,AGES_2_5,HIGH_RATE,7.199696854869269
2026-10-08,8480015,2026020059,2025021250,2026-04-09,0,16.78,0.0,9,AGES_6_9,LOW_RATE,7.199696854869269
2026-10-08,8480023,2026020063,2026020032,2026-10-03,0,16.5,0.0,2,AGES_2_5,LOW_RATE,3.5276825085742285
2026-10-08,8480023,2026020063,2026020020,2026-10-02,0,22.98,0.0,3,AGES_2_5,LOW_RATE,3.5276825085742285
2026-10-08,8480023,2026020063,2026010058,2026-09-26,0,24.78,0.0,4,AGES_2_5,LOW_RATE,3.5276825085742285
2026-10-08,8480027,2026020057,2025021285,2026-04-13,5,19.43,15.440041173443127,7,AGES_6_9,HIGH_RATE,8.414710159983379
2026-10-08,8480028,2026020064,2025021281,2026-04-12,5,16.83,17.825311942959,7,AGES_6_9,HIGH_RATE,7.730535615681943
2026-10-08,8480028,2026020064,2025021273,2026-04-11,0,17.68,0.0,8,AGES_6_9,LOW_RATE,7.730535615681943
2026-10-08,8480036,2026020057,2025021254,2026-04-09,0,5.75,0.0,6,AGES_6_9,LOW_RATE,3.9459838653104176
2026-10-08,8480036,2026020057,2025021178,2026-03-31,0,25.05,0.0,10,ABOUT_TO_EXIT,LOW_RATE,3.9459838653104176
2026-10-08,8480039,2026020064,2026010012,2026-09-20,0,15.42,0.0,5,AGES_2_5,LOW_RATE,9.571690998743112
2026-10-08,8480064,2026020057,2026020049,2026-10-06,0,16.73,0.0,1,MOST_RECENT,LOW_RATE,5.4309174371242
2026-10-08,8480069,2026020064,2025021145,2026-03-26,0,28.87,0.0,8,AGES_6_9,LOW_RATE,6.23026002682473
2026-10-08,8480074,2026020058,2026020045,2026-10-06,0,11.83,0.0,1,MOST_RECENT,LOW_RATE,5.973931933381608
2026-10-08,8480074,2026020058,2026020002,2026-09-29,0,12.22,0.0,3,AGES_2_5,LOW_RATE,5.973931933381608
2026-10-08,8480074,2026020058,2025021294,2026-04-14,0,16.9,0.0,7,AGES_6_9,LOW_RATE,5.973931933381608
2026-10-08,8480188,2026020059,2026020046,2026-10-06,0,15.0,0.0,1,MOST_RECENT,LOW_RATE,6.342494714587738
2026-10-08,8480188,2026020059,2026010064,2026-09-26,0,12.7,0.0,4,AGES_2_5,LOW_RATE,6.342494714587738
2026-10-08,8480208,2026020059,2026010035,2026-09-23,0,18.85,0.0,5,AGES_2_5,LOW_RATE,7.0884746652664745
2026-10-08,8480220,2026020059,2026020040,2026-10-05,0,11.2,0.0,1,MOST_RECENT,LOW_RATE,7.126388597778243
2026-10-08,8480220,2026020059,2026020025,2026-10-03,0,9.22,0.0,2,AGES_2_5,LOW_RATE,7.126388597778243
2026-10-08,8480220,2026020059,2026010057,2026-09-26,4,14.78,16.238159675236805,5,AGES_2_5,HIGH_RATE,7.126388597778243
2026-10-08,8480246,2026020058,2026020012,2026-10-01,0,18.07,0.0,3,AGES_2_5,LOW_RATE,2.52085709141108
2026-10-08,8480246,2026020058,2026010011,2026-09-20,0,19.33,0.0,5,AGES_2_5,LOW_RATE,2.52085709141108
2026-10-08,8480246,2026020058,2025021287,2026-04-13,0,16.25,0.0,6,AGES_6_9,LOW_RATE,2.52085709141108
2026-10-08,8480355,2026020056,2026020041,2026-10-05,0,10.32,0.0,1,MOST_RECENT,LOW_RATE,7.63099881295574
2026-10-08,8480355,2026020056,2025021292,2026-04-14,4,13.78,17.41654571843251,7,AGES_6_9,HIGH_RATE,7.63099881295574
2026-10-08,8480355,2026020056,2025021237,2026-04-07,0,6.33,0.0,10,ABOUT_TO_EXIT,LOW_RATE,7.63099881295574
2026-10-08,8480426,2026020060,2026020010,2026-10-01,0,19.12,0.0,3,AGES_2_5,LOW_RATE,4.615384615384615
2026-10-08,8480426,2026020060,2025021248,2026-04-09,0,9.2,0.0,9,AGES_6_9,LOW_RATE,4.615384615384615
2026-10-08,8480448,2026020064,2026010015,2026-09-21,0,16.53,0.0,5,AGES_2_5,LOW_RATE,5.044714515019491
2026-10-08,8480459,2026020063,2026020050,2026-10-06,0,13.3,0.0,1,MOST_RECENT,LOW_RATE,4.102564102564102
2026-10-08,8480459,2026020063,2026020032,2026-10-03,0,16.23,0.0,2,AGES_2_5,LOW_RATE,4.102564102564102
2026-10-08,8480459,2026020063,2026020020,2026-10-02,4,14.42,16.643550624133148,3,AGES_2_5,HIGH_RATE,4.102564102564102
2026-10-08,8480459,2026020063,2025021299,2026-04-14,0,16.0,0.0,6,AGES_6_9,LOW_RATE,4.102564102564102
2026-10-08,8480459,2026020063,2025021266,2026-04-11,0,14.82,0.0,8,AGES_6_9,LOW_RATE,4.102564102564102
2026-10-08,8480727,2026020064,2026020038,2026-10-04,0,18.98,0.0,1,MOST_RECENT,LOW_RATE,1.6717748676511563
2026-10-08,8480727,2026020064,2026020014,2026-10-01,0,19.23,0.0,3,AGES_2_5,LOW_RATE,1.6717748676511563
2026-10-08,8480727,2026020064,2025021298,2026-04-14,0,14.6,0.0,6,AGES_6_9,LOW_RATE,1.6717748676511563
2026-10-08,8480727,2026020064,2025021281,2026-04-12,0,22.68,0.0,7,AGES_6_9,LOW_RATE,1.6717748676511563
2026-10-08,8480727,2026020064,2025021256,2026-04-09,0,23.52,0.0,9,AGES_6_9,LOW_RATE,1.6717748676511563
2026-10-08,8480748,2026020063,2026010063,2026-09-26,0,13.83,0.0,4,AGES_2_5,LOW_RATE,4.0813802485931605
2026-10-08,8480748,2026020063,2026010039,2026-09-24,0,18.08,0.0,5,AGES_2_5,LOW_RATE,4.0813802485931605
2026-10-08,8480748,2026020063,2025021305,2026-04-15,0,18.28,0.0,6,AGES_6_9,LOW_RATE,4.0813802485931605
2026-10-08,8480762,2026020061,2026020018,2026-10-02,0,11.73,0.0,3,AGES_2_5,LOW_RATE,5.616224648985959
2026-10-08,8480762,2026020061,2026020001,2026-09-29,0,13.0,0.0,4,AGES_2_5,LOW_RATE,5.616224648985959
2026-10-08,8480797,2026020064,2025021281,2026-04-12,0,17.33,0.0,7,AGES_6_9,LOW_RATE,6.163514411746934
2026-10-08,8480800,2026020060,2025021267,2026-04-11,0,29.97,0.0,5,AGES_2_5,LOW_RATE,4.959609242908135
2026-10-08,8480802,2026020057,2026020011,2026-10-01,0,16.68,0.0,3,AGES_2_5,LOW_RATE,3.7905110872449304
2026-10-08,8480802,2026020057,2025021247,2026-04-09,0,15.88,0.0,7,AGES_6_9,LOW_RATE,3.7905110872449304
2026-10-08,8480802,2026020057,2025021229,2026-04-06,0,17.52,0.0,9,AGES_6_9,LOW_RATE,3.7905110872449304
2026-10-08,8480802,2026020057,2025021213,2026-04-04,0,16.88,0.0,10,ABOUT_TO_EXIT,LOW_RATE,3.7905110872449304
2026-10-08,8480807,2026020057,2025021288,2026-04-13,0,18.98,0.0,5,AGES_2_5,LOW_RATE,3.924725772365905
2026-10-08,8480807,2026020057,2025021244,2026-04-08,0,20.65,0.0,7,AGES_6_9,LOW_RATE,3.924725772365905
2026-10-08,8480817,2026020061,2026020025,2026-10-03,0,23.28,0.0,2,AGES_2_5,LOW_RATE,3.7849772450772767
2026-10-08,8480817,2026020061,2026020018,2026-10-02,0,22.18,0.0,3,AGES_2_5,LOW_RATE,3.7849772450772767
2026-10-08,8480817,2026020061,2026020001,2026-09-29,0,25.25,0.0,4,AGES_2_5,LOW_RATE,3.7849772450772767
2026-10-08,8480817,2026020061,2026010053,2026-09-26,0,21.62,0.0,5,AGES_2_5,LOW_RATE,3.7849772450772767
2026-10-08,8480817,2026020061,2025021237,2026-04-07,6,19.53,18.433179723502302,8,AGES_6_9,HIGH_RATE,3.7849772450772767
2026-10-08,8480829,2026020061,2026020045,2026-10-06,0,6.88,0.0,1,MOST_RECENT,LOW_RATE,4.150453955901427
2026-10-08,8480829,2026020061,2026010010,2026-09-20,0,16.25,0.0,4,AGES_2_5,LOW_RATE,4.150453955901427
2026-10-08,8480829,2026020061,2025021225,2026-04-05,0,14.07,0.0,9,AGES_6_9,LOW_RATE,4.150453955901427
2026-10-08,8480829,2026020061,2025020972,2026-03-04,0,10.48,0.0,10,ABOUT_TO_EXIT,LOW_RATE,4.150453955901427
2026-10-08,8480830,2026020061,2026020018,2026-10-02,6,19.85,18.1360201511335,3,AGES_2_5,HIGH_RATE,11.750741839762613
2026-10-08,8480830,2026020061,2025021269,2026-04-11,5,16.62,18.050541516245485,6,AGES_6_9,HIGH_RATE,11.750741839762613
2026-10-08,8480830,2026020061,2025021237,2026-04-07,5,15.28,19.633507853403145,7,AGES_6_9,HIGH_RATE,11.750741839762613
2026-10-08,8480835,2026020058,2026020030,2026-10-03,0,13.63,0.0,2,AGES_2_5,LOW_RATE,6.426099851705388
2026-10-08,8480835,2026020058,2026020012,2026-10-01,0,12.83,0.0,3,AGES_2_5,LOW_RATE,6.426099851705388
2026-10-08,8480835,2026020058,2025021289,2026-04-13,3,9.93,18.12688821752266,7,AGES_6_9,HIGH_RATE,6.426099851705388
2026-10-08,8480835,2026020058,2025021238,2026-04-07,0,13.35,0.0,10,ABOUT_TO_EXIT,LOW_RATE,6.426099851705388
2026-10-08,8480839,2026020057,2025021288,2026-04-13,0,20.98,0.0,6,AGES_6_9,LOW_RATE,5.731849144376143
2026-10-08,8480840,2026020057,2026020020,2026-10-02,0,12.05,0.0,3,AGES_2_5,LOW_RATE,3.333597904595603
2026-10-08,8480840,2026020057,2026010050,2026-09-25,0,11.65,0.0,4,AGES_2_5,LOW_RATE,3.333597904595603
2026-10-08,8480840,2026020057,2026010034,2026-09-23,0,13.93,0.0,5,AGES_2_5,LOW_RATE,3.333597904595603
2026-10-08,8480840,2026020057,2025021268,2026-04-11,0,11.6,0.0,8,AGES_6_9,LOW_RATE,3.333597904595603
2026-10-08,8480840,2026020057,2025021239,2026-04-07,0,13.88,0.0,10,ABOUT_TO_EXIT,LOW_RATE,3.333597904595603
2026-10-08,8480848,2026020063,2026020043,2026-10-05,0,14.33,0.0,1,MOST_RECENT,LOW_RATE,3.685220729366603
2026-10-08,8480848,2026020063,2026010009,2026-09-20,0,20.08,0.0,3,AGES_2_5,LOW_RATE,3.685220729366603
2026-10-08,8480848,2026020063,2025021258,2026-04-09,0,12.12,0.0,4,AGES_2_5,LOW_RATE,3.685220729366603
2026-10-08,8480848,2026020063,2025021231,2026-04-06,0,9.38,0.0,5,AGES_2_5,LOW_RATE,3.685220729366603
2026-10-08,8480848,2026020063,2025021190,2026-04-01,3,9.55,18.848167539267017,6,AGES_6_9,HIGH_RATE,3.685220729366603
2026-10-08,8480848,2026020063,2025020625,2025-12-31,0,13.93,0.0,9,AGES_6_9,LOW_RATE,3.685220729366603
2026-10-08,8480849,2026020056,2026020027,2026-10-03,0,13.78,0.0,3,AGES_2_5,LOW_RATE,5.917608679159396
2026-10-08,8480849,2026020056,2026020013,2026-10-01,4,13.82,17.36613603473227,4,AGES_2_5,HIGH_RATE,5.917608679159396
2026-10-08,8480849,2026020056,2026010047,2026-09-24,0,17.53,0.0,6,AGES_6_9,LOW_RATE,5.917608679159396
2026-10-08,8480849,2026020056,2025021132,2026-03-24,0,0.28,0.0,7,AGES_6_9,LOW_RATE,5.917608679159396
2026-10-08,8480849,2026020056,2025021118,2026-03-22,0,17.48,0.0,8,AGES_6_9,LOW_RATE,5.917608679159396
2026-10-08,8480855,2026020056,2026020027,2026-10-03,0,14.57,0.0,3,AGES_2_5,LOW_RATE,3.1963470319634704
2026-10-08,8480855,2026020056,2026020013,2026-10-01,0,13.43,0.0,4,AGES_2_5,LOW_RATE,3.1963470319634704
2026-10-08,8480855,2026020056,2025021203,2026-04-02,0,9.0,0.0,7,AGES_6_9,LOW_RATE,3.1963470319634704
2026-10-08,8480855,2026020056,2025021146,2026-03-26,0,10.08,0.0,9,AGES_6_9,LOW_RATE,3.1963470319634704
2026-10-08,8480855,2026020056,2025021132,2026-03-24,0,16.5,0.0,10,ABOUT_TO_EXIT,LOW_RATE,3.1963470319634704
2026-10-08,8480860,2026020064,2026020038,2026-10-04,0,19.78,0.0,1,MOST_RECENT,LOW_RATE,0.899685110211426
2026-10-08,8480860,2026020064,2026020033,2026-10-03,0,22.62,0.0,2,AGES_2_5,LOW_RATE,0.899685110211426
2026-10-08,8480860,2026020064,2026010060,2026-09-26,0,21.0,0.0,4,AGES_2_5,LOW_RATE,0.899685110211426
2026-10-08,8480860,2026020064,2025021239,2026-04-07,0,1.25,0.0,6,AGES_6_9,LOW_RATE,0.899685110211426
2026-10-08,8480860,2026020064,2025021219,2026-04-04,0,24.28,0.0,7,AGES_6_9,LOW_RATE,0.899685110211426
2026-10-08,8480860,2026020064,2025021201,2026-04-02,0,23.08,0.0,8,AGES_6_9,LOW_RATE,0.899685110211426
2026-10-08,8480860,2026020064,2025021174,2026-03-30,0,23.17,0.0,9,AGES_6_9,LOW_RATE,0.899685110211426
2026-10-08,8480860,2026020064,2025021165,2026-03-28,0,22.2,0.0,10,ABOUT_TO_EXIT,LOW_RATE,0.899685110211426
2026-10-08,8480865,2026020058,2025021271,2026-04-11,0,12.95,0.0,7,AGES_6_9,LOW_RATE,4.418912947414936
2026-10-08,8480870,2026020065,2026020044,2026-10-06,0,7.52,0.0,1,MOST_RECENT,LOW_RATE,2.729547350064448
2026-10-08,8480870,2026020065,2026010006,2026-09-19,0,14.28,0.0,5,AGES_2_5,LOW_RATE,2.729547350064448
2026-10-08,8480870,2026020065,2025021245,2026-04-08,0,13.97,0.0,6,AGES_6_9,LOW_RATE,2.729547350064448
2026-10-08,8480870,2026020065,2025021202,2026-04-02,0,15.18,0.0,8,AGES_6_9,LOW_RATE,2.729547350064448
2026-10-08,8480870,2026020065,2025021136,2026-03-25,0,13.93,0.0,10,ABOUT_TO_EXIT,LOW_RATE,2.729547350064448
2026-10-08,8480878,2026020057,2025021301,2026-04-15,0,20.43,0.0,6,AGES_6_9,LOW_RATE,2.8185554903112156
2026-10-08,8480878,2026020057,2025021239,2026-04-07,0,14.0,0.0,7,AGES_6_9,LOW_RATE,2.8185554903112156
2026-10-08,8480878,2026020057,2025021209,2026-04-04,0,13.72,0.0,8,AGES_6_9,LOW_RATE,2.8185554903112156
2026-10-08,8480878,2026020057,2025021198,2026-04-02,0,15.65,0.0,9,AGES_6_9,LOW_RATE,2.8185554903112156
2026-10-08,8480891,2026020063,2026020034,2026-10-03,0,21.25,0.0,2,AGES_2_5,LOW_RATE,4.08997955010225
2026-10-08,8480891,2026020063,2025021301,2026-04-15,0,15.05,0.0,6,AGES_6_9,LOW_RATE,4.08997955010225
2026-10-08,8480891,2026020063,2025021244,2026-04-08,3,10.62,16.949152542372882,7,AGES_6_9,HIGH_RATE,4.08997955010225
2026-10-08,8480893,2026020065,2026010061,2026-09-26,0,14.05,0.0,5,AGES_2_5,LOW_RATE,8.780640777713897
2026-10-08,8480995,2026020060,2026020024,2026-10-03,0,15.42,0.0,2,AGES_2_5,LOW_RATE,8.023178069979942
2026-10-08,8480995,2026020060,2025021229,2026-04-06,0,8.35,0.0,6,AGES_6_9,LOW_RATE,8.023178069979942
2026-10-08,8480995,2026020060,2025021180,2026-03-31,3,11.25,16.0,9,AGES_6_9,HIGH_RATE,8.023178069979942
2026-10-08,8481013,2026020063,2026020050,2026-10-06,0,15.8,0.0,1,MOST_RECENT,LOW_RATE,6.190672719768881
2026-10-08,8481013,2026020063,2026020020,2026-10-02,0,13.75,0.0,3,AGES_2_5,LOW_RATE,6.190672719768881
2026-10-08,8481013,2026020063,2026010058,2026-09-26,3,11.38,15.817223198594023,4,AGES_2_5,HIGH_RATE,6.190672719768881
2026-10-08,8481013,2026020063,2025021238,2026-04-07,0,16.78,0.0,8,AGES_6_9,LOW_RATE,6.190672719768881
2026-10-08,8481024,2026020061,2025021280,2026-04-12,0,15.95,0.0,8,AGES_6_9,LOW_RATE,7.469042783201205
2026-10-08,8481024,2026020061,2025021260,2026-04-09,0,14.93,0.0,10,ABOUT_TO_EXIT,LOW_RATE,7.469042783201205
2026-10-08,8481028,2026020064,2025021273,2026-04-11,0,9.98,0.0,6,AGES_6_9,LOW_RATE,4.879812036869691
2026-10-08,8481028,2026020064,2025021239,2026-04-07,0,7.97,0.0,7,AGES_6_9,LOW_RATE,4.879812036869691
2026-10-08,8481028,2026020064,2025021219,2026-04-04,0,12.77,0.0,8,AGES_6_9,LOW_RATE,4.879812036869691
2026-10-08,8481032,2026020061,2026020004,2026-09-29,3,11.85,15.18987341772152,4,AGES_2_5,HIGH_RATE,6.179686262082079
2026-10-08,8481032,2026020061,2026010056,2026-09-26,0,10.65,0.0,5,AGES_2_5,LOW_RATE,6.179686262082079
2026-10-08,8481032,2026020061,2025021292,2026-04-14,4,12.52,19.169329073482427,7,AGES_6_9,HIGH_RATE,6.179686262082079
2026-10-08,8481032,2026020061,2025021279,2026-04-12,0,10.38,0.0,8,AGES_6_9,LOW_RATE,6.179686262082079
2026-10-08,8481032,2026020061,2025021265,2026-04-11,0,8.9,0.0,9,AGES_6_9,LOW_RATE,6.179686262082079
2026-10-08,8481068,2026020064,2026020033,2026-10-03,0,16.92,0.0,2,AGES_2_5,LOW_RATE,5.060663076623629
2026-10-08,8481068,2026020064,2025021281,2026-04-12,0,13.65,0.0,7,AGES_6_9,LOW_RATE,5.060663076623629
2026-10-08,8481122,2026020059,2026020040,2026-10-05,0,11.87,0.0,1,MOST_RECENT,LOW_RATE,5.426707151624782
2026-10-08,8481122,2026020059,2026020006,2026-09-30,0,18.48,0.0,3,AGES_2_5,LOW_RATE,5.426707151624782
2026-10-08,8481477,2026020060,2025021296,2026-04-14,0,13.93,0.0,3,AGES_2_5,LOW_RATE,3.959742616729912
2026-10-08,8481477,2026020060,2025021267,2026-04-11,0,10.33,0.0,5,AGES_2_5,LOW_RATE,3.959742616729912
2026-10-08,8481477,2026020060,2025021072,2026-03-17,0,11.65,0.0,8,AGES_6_9,LOW_RATE,3.959742616729912
2026-10-08,8481522,2026020057,2026020011,2026-10-01,0,14.97,0.0,3,AGES_2_5,LOW_RATE,5.644402634054563
2026-10-08,8481523,2026020058,2026020045,2026-10-06,0,9.63,0.0,1,MOST_RECENT,LOW_RATE,3.9930122285999503
2026-10-08,8481523,2026020058,2026020026,2026-10-03,0,11.67,0.0,2,AGES_2_5,LOW_RATE,3.9930122285999503
2026-10-08,8481523,2026020058,2025021294,2026-04-14,0,11.13,0.0,7,AGES_6_9,LOW_RATE,3.9930122285999503
2026-10-08,8481523,2026020058,2025021248,2026-04-09,0,14.63,0.0,10,ABOUT_TO_EXIT,LOW_RATE,3.9930122285999503
2026-10-08,8481524,2026020062,2026020013,2026-10-01,0,24.82,0.0,2,AGES_2_5,LOW_RATE,2.933594097253089
2026-10-08,8481524,2026020062,2026020005,2026-09-29,0,25.13,0.0,3,AGES_2_5,LOW_RATE,2.933594097253089
2026-10-08,8481524,2026020062,2026010058,2026-09-26,0,26.45,0.0,4,AGES_2_5,LOW_RATE,2.933594097253089
2026-10-08,8481524,2026020062,2025021301,2026-04-15,0,19.58,0.0,6,AGES_6_9,LOW_RATE,2.933594097253089
2026-10-08,8481524,2026020062,2025021247,2026-04-09,0,19.53,0.0,8,AGES_6_9,LOW_RATE,2.933594097253089
2026-10-08,8481533,2026020059,2026020040,2026-10-05,0,18.32,0.0,1,MOST_RECENT,LOW_RATE,4.27608135518886
2026-10-08,8481533,2026020059,2026020025,2026-10-03,0,22.88,0.0,2,AGES_2_5,LOW_RATE,4.27608135518886
2026-10-08,8481533,2026020059,2026010040,2026-09-24,0,18.5,0.0,6,AGES_6_9,LOW_RATE,4.27608135518886
2026-10-08,8481533,2026020059,2025021272,2026-04-11,0,16.2,0.0,8,AGES_6_9,LOW_RATE,4.27608135518886
2026-10-08,8481534,2026020065,2025020960,2026-03-03,0,8.57,0.0,2,AGES_2_5,LOW_RATE,8.58652575957728
2026-10-08,8481534,2026020065,2024020985,2025-03-05,0,5.8,0.0,3,AGES_2_5,LOW_RATE,8.58652575957728
2026-10-08,8481534,2026020065,2024020966,2025-03-02,0,9.15,0.0,4,AGES_2_5,LOW_RATE,8.58652575957728
2026-10-08,8481534,2026020065,2024020905,2025-02-22,0,12.72,0.0,7,AGES_6_9,LOW_RATE,8.58652575957728
2026-10-08,8481534,2026020065,2024020839,2025-02-02,4,11.97,20.050125313283207,9,AGES_6_9,HIGH_RATE,8.58652575957728
2026-10-08,8481534,2026020065,2024020820,2025-01-30,0,9.55,0.0,10,ABOUT_TO_EXIT,LOW_RATE,8.58652575957728
2026-10-08,8481535,2026020058,2026020012,2026-10-01,0,10.53,0.0,3,AGES_2_5,LOW_RATE,5.158668125683914
2026-10-08,8481535,2026020058,2026010053,2026-09-26,0,13.67,0.0,4,AGES_2_5,LOW_RATE,5.158668125683914
2026-10-08,8481535,2026020058,2025021242,2026-04-07,0,12.27,0.0,10,ABOUT_TO_EXIT,LOW_RATE,5.158668125683914
2026-10-08,8481540,2026020058,2025021294,2026-04-14,10,21.35,28.10304449648712,7,AGES_6_9,HIGH_RATE,11.762609160577435
2026-10-08,8481540,2026020058,2025021248,2026-04-09,5,17.93,16.731734523145565,10,ABOUT_TO_EXIT,HIGH_RATE,11.762609160577435
2026-10-08,8481546,2026020059,2026020025,2026-10-03,0,22.17,0.0,2,AGES_2_5,LOW_RATE,1.6058524400035683
2026-10-08,8481546,2026020059,2025021284,2026-04-13,0,23.9,0.0,7,AGES_6_9,LOW_RATE,1.6058524400035683
2026-10-08,8481546,2026020059,2025021272,2026-04-11,0,21.63,0.0,8,AGES_6_9,LOW_RATE,1.6058524400035683
2026-10-08,8481546,2026020059,2025021250,2026-04-09,0,21.75,0.0,9,AGES_6_9,LOW_RATE,1.6058524400035683
2026-10-08,8481546,2026020059,2025021236,2026-04-07,0,21.75,0.0,10,ABOUT_TO_EXIT,LOW_RATE,1.6058524400035683
2026-10-08,8481553,2026020060,2025021267,2026-04-11,0,12.73,0.0,8,AGES_6_9,LOW_RATE,5.583392984967788
2026-10-08,8481553,2026020060,2025021240,2026-04-07,0,12.48,0.0,9,AGES_6_9,LOW_RATE,5.583392984967788
2026-10-08,8481553,2026020060,2025021199,2026-04-02,0,13.15,0.0,10,ABOUT_TO_EXIT,LOW_RATE,5.583392984967788
2026-10-08,8481557,2026020060,2026020049,2026-10-06,7,23.4,17.94871794871795,1,MOST_RECENT,HIGH_RATE,12.266722583350807
2026-10-08,8481557,2026020060,2025021267,2026-04-11,5,19.58,15.321756894790605,5,AGES_2_5,HIGH_RATE,12.266722583350807
2026-10-08,8481557,2026020060,2025021199,2026-04-02,6,15.75,22.857142857142858,10,ABOUT_TO_EXIT,HIGH_RATE,12.266722583350807
2026-10-08,8481568,2026020062,2026020022,2026-10-03,0,22.55,0.0,2,AGES_2_5,LOW_RATE,3.502456584131926
2026-10-08,8481568,2026020062,2026020005,2026-09-29,0,20.02,0.0,4,AGES_2_5,LOW_RATE,3.502456584131926
2026-10-08,8481568,2026020062,2025021288,2026-04-13,0,19.72,0.0,8,AGES_6_9,LOW_RATE,3.502456584131926
2026-10-08,8481580,2026020063,2026020050,2026-10-06,5,17.88,16.778523489932887,1,MOST_RECENT,HIGH_RATE,5.217391304347826
2026-10-08,8481580,2026020063,2026010042,2026-09-24,0,18.4,0.0,5,AGES_2_5,LOW_RATE,5.217391304347826
2026-10-08,8481580,2026020063,2025021295,2026-04-14,0,16.43,0.0,6,AGES_6_9,LOW_RATE,5.217391304347826
2026-10-08,8481580,2026020063,2025021263,2026-04-11,0,15.03,0.0,8,AGES_6_9,LOW_RATE,5.217391304347826
2026-10-08,8481581,2026020057,2026020043,2026-10-05,0,21.52,0.0,1,MOST_RECENT,LOW_RATE,4.8849466512405195
2026-10-08,8481596,2026020059,2025021262,2026-04-11,0,19.85,0.0,8,AGES_6_9,LOW_RATE,6.271134337534583
2026-10-08,8481596,2026020059,2025021249,2026-04-09,0,15.15,0.0,9,AGES_6_9,LOW_RATE,6.271134337534583
2026-10-08,8481598,2026020063,2025021266,2026-04-11,0,20.87,0.0,8,AGES_6_9,LOW_RATE,4.881390768176757
2026-10-08,8481601,2026020062,2026020008,2026-09-30,0,20.28,0.0,3,AGES_2_5,LOW_RATE,3.11616365629869
2026-10-08,8481601,2026020062,2026010027,2026-09-22,0,14.73,0.0,5,AGES_2_5,LOW_RATE,3.11616365629869
2026-10-08,8481601,2026020062,2025021262,2026-04-11,0,18.68,0.0,8,AGES_6_9,LOW_RATE,3.11616365629869
2026-10-08,8481601,2026020062,2025021214,2026-04-04,0,15.97,0.0,10,ABOUT_TO_EXIT,LOW_RATE,3.11616365629869
2026-10-08,8481606,2026020059,2026010064,2026-09-26,0,20.18,0.0,4,AGES_2_5,LOW_RATE,4.488106517728021
2026-10-08,8481606,2026020059,2025021249,2026-04-09,0,19.38,0.0,9,AGES_6_9,LOW_RATE,4.488106517728021
2026-10-08,8481618,2026020058,2026020045,2026-10-06,0,16.63,0.0,1,MOST_RECENT,LOW_RATE,4.993065187239944
2026-10-08,8481618,2026020058,2026010006,2026-09-19,0,18.77,0.0,6,AGES_6_9,LOW_RATE,4.993065187239944
2026-10-08,8481624,2026020060,2026020010,2026-10-01,0,10.93,0.0,3,AGES_2_5,LOW_RATE,4.617456551016482
2026-10-08,8481624,2026020060,2026010043,2026-09-24,0,13.98,0.0,4,AGES_2_5,LOW_RATE,4.617456551016482
2026-10-08,8481624,2026020060,2025021288,2026-04-13,0,15.65,0.0,7,AGES_6_9,LOW_RATE,4.617456551016482
2026-10-08,8481624,2026020060,2025021255,2026-04-09,0,17.22,0.0,9,AGES_6_9,LOW_RATE,4.617456551016482
2026-10-08,8481711,2026020062,2026010062,2026-09-26,0,18.03,0.0,4,AGES_2_5,LOW_RATE,3.9016777214202105
2026-10-08,8481711,2026020062,2025021285,2026-04-13,0,11.85,0.0,7,AGES_6_9,LOW_RATE,3.9016777214202105
2026-10-08,8481711,2026020062,2025021270,2026-04-11,0,16.93,0.0,8,AGES_6_9,LOW_RATE,3.9016777214202105
2026-10-08,8481711,2026020062,2025021252,2026-04-09,0,11.28,0.0,9,AGES_6_9,LOW_RATE,3.9016777214202105
2026-10-08,8481719,2026020060,2025020781,2026-01-20,0,19.1,0.0,9,AGES_6_9,LOW_RATE,5.561310724606074
2026-10-08,8481719,2026020060,2025020767,2026-01-18,0,20.27,0.0,10,ABOUT_TO_EXIT,LOW_RATE,5.561310724606074
2026-10-08,8481726,2026020058,2026020030,2026-10-03,4,13.98,17.167381974248926,2,AGES_2_5,HIGH_RATE,9.410710284561954
2026-10-08,8481726,2026020058,2025021119,2026-03-23,0,5.1,0.0,6,AGES_6_9,LOW_RATE,9.410710284561954
2026-10-08,8481726,2026020058,2025021110,2026-03-22,0,7.2,0.0,7,AGES_6_9,LOW_RATE,9.410710284561954
2026-10-08,8481726,2026020058,2025021065,2026-03-16,0,10.7,0.0,10,ABOUT_TO_EXIT,LOW_RATE,9.410710284561954
2026-10-08,8481806,2026020057,2025021255,2026-04-09,0,17.2,0.0,9,AGES_6_9,LOW_RATE,5.353856449723942
2026-10-08,8481806,2026020057,2025021231,2026-04-06,0,20.42,0.0,10,ABOUT_TO_EXIT,LOW_RATE,5.353856449723942
2026-10-08,8482055,2026020061,2026020015,2026-10-01,0,13.38,0.0,3,AGES_2_5,LOW_RATE,7.955641272902604
2026-10-08,8482062,2026020062,2026020022,2026-10-03,0,15.15,0.0,2,AGES_2_5,LOW_RATE,3.298515667949423
2026-10-08,8482062,2026020062,2026010018,2026-09-21,0,11.43,0.0,6,AGES_6_9,LOW_RATE,3.298515667949423
2026-10-08,8482062,2026020062,2025021306,2026-04-15,0,11.13,0.0,7,AGES_6_9,LOW_RATE,3.298515667949423
2026-10-08,8482062,2026020062,2025021259,2026-04-09,0,12.08,0.0,10,ABOUT_TO_EXIT,LOW_RATE,3.298515667949423
2026-10-08,8482077,2026020063,2026010058,2026-09-26,7,23.22,18.087855297157624,4,AGES_2_5,HIGH_RATE,9.6411355115158
2026-10-08,8482077,2026020063,2025021299,2026-04-14,5,19.03,15.764582238570677,6,AGES_6_9,HIGH_RATE,9.6411355115158
2026-10-08,8482079,2026020061,2026020015,2026-10-01,4,15.27,15.717092337917489,3,AGES_2_5,HIGH_RATE,5.148152385310605
2026-10-08,8482079,2026020061,2025021260,2026-04-09,0,16.83,0.0,10,ABOUT_TO_EXIT,LOW_RATE,5.148152385310605
2026-10-08,8482089,2026020063,2026020050,2026-10-06,0,15.25,0.0,1,MOST_RECENT,LOW_RATE,5.37338109672086
2026-10-08,8482089,2026020063,2026010058,2026-09-26,0,12.3,0.0,4,AGES_2_5,LOW_RATE,5.37338109672086
2026-10-08,8482089,2026020063,2025021253,2026-04-09,4,15.85,15.141955835962143,9,AGES_6_9,HIGH_RATE,5.37338109672086
2026-10-08,8482092,2026020059,2025021304,2026-04-15,0,17.17,0.0,5,AGES_2_5,LOW_RATE,7.030960897989392
2026-10-08,8482094,2026020060,2026020049,2026-10-06,0,14.13,0.0,1,MOST_RECENT,LOW_RATE,2.483737433471319
2026-10-08,8482094,2026020060,2026020012,2026-10-01,0,10.1,0.0,3,AGES_2_5,LOW_RATE,2.483737433471319
2026-10-08,8482094,2026020060,2026010034,2026-09-23,0,21.52,0.0,4,AGES_2_5,LOW_RATE,2.483737433471319
2026-10-08,8482094,2026020060,2026010018,2026-09-21,0,20.98,0.0,5,AGES_2_5,LOW_RATE,2.483737433471319
2026-10-08,8482094,2026020060,2025021296,2026-04-14,0,21.02,0.0,7,AGES_6_9,LOW_RATE,2.483737433471319
2026-10-08,8482094,2026020060,2025020951,2026-03-01,0,13.43,0.0,10,ABOUT_TO_EXIT,LOW_RATE,2.483737433471319
2026-10-08,8482095,2026020059,2026010064,2026-09-26,0,20.55,0.0,4,AGES_2_5,LOW_RATE,3.600458240139654
2026-10-08,8482095,2026020059,2026010035,2026-09-23,0,20.2,0.0,5,AGES_2_5,LOW_RATE,3.600458240139654
2026-10-08,8482095,2026020059,2025021191,2026-04-02,0,1.8,0.0,7,AGES_6_9,LOW_RATE,3.600458240139654
2026-10-08,8482097,2026020057,2026020022,2026-10-03,5,19.12,15.690376569037657,2,AGES_2_5,HIGH_RATE,9.780775716694771
2026-10-08,8482097,2026020057,2025021301,2026-04-15,5,19.48,15.40041067761807,6,AGES_6_9,HIGH_RATE,9.780775716694771
2026-10-08,8482097,2026020057,2025021229,2026-04-06,4,14.4,16.666666666666668,10,ABOUT_TO_EXIT,HIGH_RATE,9.780775716694771
2026-10-08,8482111,2026020063,2025021267,2026-04-11,0,16.33,0.0,3,AGES_2_5,LOW_RATE,2.755453501722158
2026-10-08,8482111,2026020063,2025021243,2026-04-07,0,17.55,0.0,5,AGES_2_5,LOW_RATE,2.755453501722158
2026-10-08,8482111,2026020063,2025021220,2026-04-04,0,17.37,0.0,7,AGES_6_9,LOW_RATE,2.755453501722158
2026-10-08,8482111,2026020063,2025021161,2026-03-28,0,14.17,0.0,10,ABOUT_TO_EXIT,LOW_RATE,2.755453501722158
2026-10-08,8482142,2026020059,2026020040,2026-10-05,0,18.17,0.0,1,MOST_RECENT,LOW_RATE,3.712871287128713
2026-10-08,8482142,2026020059,2026020025,2026-10-03,0,24.55,0.0,2,AGES_2_5,LOW_RATE,3.712871287128713
2026-10-08,8482142,2026020059,2026020006,2026-09-30,0,17.35,0.0,4,AGES_2_5,LOW_RATE,3.712871287128713
2026-10-08,8482142,2026020059,2025021272,2026-04-11,0,17.53,0.0,8,AGES_6_9,LOW_RATE,3.712871287128713
2026-10-08,8482145,2026020058,2025021285,2026-04-13,7,15.93,26.365348399246702,7,AGES_6_9,HIGH_RATE,9.76709241172051
2026-10-08,8482145,2026020058,2025021268,2026-04-11,0,19.17,0.0,8,AGES_6_9,LOW_RATE,9.76709241172051
2026-10-08,8482159,2026020059,2025021284,2026-04-13,0,18.6,0.0,8,AGES_6_9,LOW_RATE,7.381311860426103
2026-10-08,8482165,2026020064,2026010060,2026-09-26,0,17.7,0.0,3,AGES_2_5,LOW_RATE,4.161331626120359
2026-10-08,8482165,2026020064,2025021219,2026-04-04,0,17.33,0.0,9,AGES_6_9,LOW_RATE,4.161331626120359
2026-10-08,8482175,2026020056,2026020041,2026-10-05,0,15.33,0.0,1,MOST_RECENT,LOW_RATE,7.189503325145288
2026-10-08,8482175,2026020056,2026020019,2026-10-02,5,20.08,14.940239043824702,3,AGES_2_5,HIGH_RATE,7.189503325145288
2026-10-08,8482175,2026020056,2025021297,2026-04-14,4,15.03,15.968063872255492,7,AGES_6_9,HIGH_RATE,7.189503325145288
2026-10-08,8482175,2026020056,2025021269,2026-04-11,0,13.72,0.0,9,AGES_6_9,LOW_RATE,7.189503325145288
2026-10-08,8482176,2026020062,2026020022,2026-10-03,0,22.97,0.0,2,AGES_2_5,LOW_RATE,2.5870742107028217
2026-10-08,8482176,2026020062,2026020005,2026-09-29,0,20.62,0.0,4,AGES_2_5,LOW_RATE,2.5870742107028217
2026-10-08,8482176,2026020062,2026010018,2026-09-21,0,19.88,0.0,6,AGES_6_9,LOW_RATE,2.5870742107028217
2026-10-08,8482176,2026020062,2025021288,2026-04-13,0,20.28,0.0,8,AGES_6_9,LOW_RATE,2.5870742107028217
2026-10-08,8482177,2026020056,2026020041,2026-10-05,0,11.53,0.0,1,MOST_RECENT,LOW_RATE,2.466767164588187
2026-10-08,8482177,2026020056,2026020019,2026-10-02,0,15.92,0.0,3,AGES_2_5,LOW_RATE,2.466767164588187
2026-10-08,8482177,2026020056,2026020003,2026-09-29,0,13.38,0.0,4,AGES_2_5,LOW_RATE,2.466767164588187
2026-10-08,8482177,2026020056,2026010049,2026-09-25,0,12.92,0.0,5,AGES_2_5,LOW_RATE,2.466767164588187
2026-10-08,8482177,2026020056,2025021292,2026-04-14,0,15.37,0.0,7,AGES_6_9,LOW_RATE,2.466767164588187
2026-10-08,8482177,2026020056,2025021278,2026-04-12,0,15.63,0.0,8,AGES_6_9,LOW_RATE,2.466767164588187
2026-10-08,8482177,2026020056,2025021261,2026-04-11,0,12.92,0.0,9,AGES_6_9,LOW_RATE,2.466767164588187
2026-10-08,8482201,2026020060,2026020024,2026-10-03,0,15.78,0.0,2,AGES_2_5,LOW_RATE,4.209183673469388
2026-10-08,8482201,2026020060,2026020010,2026-10-01,0,12.15,0.0,3,AGES_2_5,LOW_RATE,4.209183673469388
2026-10-08,8482201,2026020060,2025021302,2026-04-15,0,12.93,0.0,6,AGES_6_9,LOW_RATE,4.209183673469388
2026-10-08,8482476,2026020062,2026020048,2026-10-06,0,16.67,0.0,1,MOST_RECENT,LOW_RATE,4.749653671086484
2026-10-08,8482476,2026020062,2025021277,2026-04-12,0,13.05,0.0,7,AGES_6_9,LOW_RATE,4.749653671086484
2026-10-08,8482476,2026020062,2025021262,2026-04-11,0,12.25,0.0,8,AGES_6_9,LOW_RATE,4.749653671086484
2026-10-08,8482476,2026020062,2025021214,2026-04-04,0,13.83,0.0,10,ABOUT_TO_EXIT,LOW_RATE,4.749653671086484
2026-10-08,8482482,2026020058,2026020012,2026-10-01,0,16.08,0.0,3,AGES_2_5,LOW_RATE,3.5690916661709595
2026-10-08,8482482,2026020058,2026010053,2026-09-26,0,18.42,0.0,4,AGES_2_5,LOW_RATE,3.5690916661709595
2026-10-08,8482482,2026020058,2025021287,2026-04-13,0,18.28,0.0,6,AGES_6_9,LOW_RATE,3.5690916661709595
2026-10-08,8482482,2026020058,2025021267,2026-04-11,0,20.55,0.0,7,AGES_6_9,LOW_RATE,3.5690916661709595
2026-10-08,8482511,2026020056,2026020031,2026-10-03,0,21.0,0.0,2,AGES_2_5,LOW_RATE,2.188868042526579
2026-10-08,8482511,2026020056,2026020019,2026-10-02,0,21.88,0.0,3,AGES_2_5,LOW_RATE,2.188868042526579
2026-10-08,8482511,2026020056,2026020003,2026-09-29,0,19.35,0.0,4,AGES_2_5,LOW_RATE,2.188868042526579
2026-10-08,8482511,2026020056,2026010049,2026-09-25,0,16.93,0.0,5,AGES_2_5,LOW_RATE,2.188868042526579
2026-10-08,8482655,2026020060,2026020024,2026-10-03,0,19.38,0.0,2,AGES_2_5,LOW_RATE,3.11284046692607
2026-10-08,8482655,2026020060,2026020010,2026-10-01,0,14.9,0.0,3,AGES_2_5,LOW_RATE,3.11284046692607
2026-10-08,8482655,2026020060,2026010043,2026-09-24,0,17.38,0.0,4,AGES_2_5,LOW_RATE,3.11284046692607
2026-10-08,8482655,2026020060,2026010011,2026-09-20,0,18.43,0.0,5,AGES_2_5,LOW_RATE,3.11284046692607
2026-10-08,8482655,2026020060,2025021261,2026-04-11,0,22.48,0.0,7,AGES_6_9,LOW_RATE,3.11284046692607
2026-10-08,8482655,2026020060,2025021248,2026-04-09,0,20.68,0.0,8,AGES_6_9,LOW_RATE,3.11284046692607
2026-10-08,8482659,2026020057,2026020049,2026-10-06,0,12.08,0.0,1,MOST_RECENT,LOW_RATE,5.116096025186934
2026-10-08,8482659,2026020057,2025021247,2026-04-09,4,14.7,16.3265306122449,8,AGES_6_9,HIGH_RATE,5.116096025186934
2026-10-08,8482659,2026020057,2025021229,2026-04-06,0,14.67,0.0,10,ABOUT_TO_EXIT,LOW_RATE,5.116096025186934
2026-10-08,8482667,2026020059,2026010036,2026-09-23,0,20.27,0.0,5,AGES_2_5,LOW_RATE,7.8125
2026-10-08,8482671,2026020057,2026020011,2026-10-01,0,25.42,0.0,3,AGES_2_5,LOW_RATE,2.853560465216827
2026-10-08,8482671,2026020057,2025021288,2026-04-13,0,22.93,0.0,7,AGES_6_9,LOW_RATE,2.853560465216827
2026-10-08,8482679,2026020064,2025021273,2026-04-11,0,16.55,0.0,7,AGES_6_9,LOW_RATE,8.807985907222548
2026-10-08,8482679,2026020064,2025021256,2026-04-09,5,19.25,15.584415584415584,8,AGES_6_9,HIGH_RATE,8.807985907222548
2026-10-08,8482691,2026020061,2026020039,2026-10-04,0,9.93,0.0,1,MOST_RECENT,LOW_RATE,6.797216378054701
2026-10-08,8482691,2026020061,2026020033,2026-10-03,3,9.5,18.94736842105263,2,AGES_2_5,HIGH_RATE,6.797216378054701
2026-10-08,8482691,2026020061,2026010005,2026-09-19,0,16.0,0.0,4,AGES_2_5,LOW_RATE,6.797216378054701
2026-10-08,8482691,2026020061,2025021300,2026-04-14,0,12.03,0.0,5,AGES_2_5,LOW_RATE,6.797216378054701
2026-10-08,8482691,2026020061,2025021280,2026-04-12,3,10.08,17.857142857142858,6,AGES_6_9,HIGH_RATE,6.797216378054701
2026-10-08,8482691,2026020061,2025021275,2026-04-11,0,13.98,0.0,7,AGES_6_9,LOW_RATE,6.797216378054701
2026-10-08,8482691,2026020061,2025021260,2026-04-09,3,11.97,15.037593984962406,8,AGES_6_9,HIGH_RATE,6.797216378054701
2026-10-08,8482699,2026020056,2026020047,2026-10-06,5,17.52,17.123287671232877,1,MOST_RECENT,HIGH_RATE,11.571185479296654
2026-10-08,8482699,2026020056,2026020027,2026-10-03,5,16.85,17.80415430267062,3,AGES_2_5,HIGH_RATE,11.571185479296654
2026-10-08,8482699,2026020056,2026020013,2026-10-01,5,14.55,20.61855670103093,4,AGES_2_5,HIGH_RATE,11.571185479296654
2026-10-08,8482699,2026020056,2026010030,2026-09-22,6,19.98,18.01801801801802,6,AGES_6_9,HIGH_RATE,11.571185479296654
2026-10-08,8482702,2026020061,2026020001,2026-09-29,0,19.9,0.0,4,AGES_2_5,LOW_RATE,10.3429169488395
2026-10-08,8482737,2026020058,2026020026,2026-10-03,0,11.52,0.0,2,AGES_2_5,LOW_RATE,6.040424378533261
2026-10-08,8482737,2026020058,2025021233,2026-04-07,0,15.1,0.0,9,AGES_6_9,LOW_RATE,6.040424378533261
2026-10-08,8482737,2026020058,2025021226,2026-04-05,0,13.9,0.0,10,ABOUT_TO_EXIT,LOW_RATE,6.040424378533261
2026-10-08,8482740,2026020057,2025021301,2026-04-15,0,18.18,0.0,6,AGES_6_9,LOW_RATE,9.156577474819413
2026-10-08,8482742,2026020064,2026020054,2026-10-07,3,8.37,21.505376344086024,1,MOST_RECENT,HIGH_RATE,9.46514423076923
2026-10-08,8482742,2026020064,2025021267,2026-04-11,0,13.15,0.0,4,AGES_2_5,LOW_RATE,9.46514423076923
2026-10-08,8482742,2026020064,2025021257,2026-04-09,5,15.32,19.5822454308094,5,AGES_2_5,HIGH_RATE,9.46514423076923
2026-10-08,8482742,2026020064,2025021168,2026-03-29,4,14.4,16.666666666666668,10,ABOUT_TO_EXIT,HIGH_RATE,9.46514423076923
2026-10-08,8482745,2026020063,2025021296,2026-04-14,5,17.6,17.045454545454543,6,AGES_6_9,HIGH_RATE,10.912030176478511
2026-10-08,8482768,2026020064,2026020007,2026-09-30,0,15.47,0.0,3,AGES_2_5,LOW_RATE,6.486019025655809
2026-10-08,8482768,2026020064,2025021267,2026-04-11,0,13.37,0.0,7,AGES_6_9,LOW_RATE,6.486019025655809
2026-10-08,8482803,2026020057,2026020049,2026-10-06,0,14.87,0.0,1,MOST_RECENT,LOW_RATE,3.9496781743709777
2026-10-08,8482803,2026020057,2026010024,2026-09-22,4,13.62,17.62114537444934,3,AGES_2_5,HIGH_RATE,3.9496781743709777
2026-10-08,8482803,2026020057,2025021206,2026-04-03,0,19.35,0.0,6,AGES_6_9,LOW_RATE,3.9496781743709777
2026-10-08,8482803,2026020057,2025021190,2026-04-01,0,11.73,0.0,7,AGES_6_9,LOW_RATE,3.9496781743709777
2026-10-08,8482803,2026020057,2025021176,2026-03-30,0,13.3,0.0,8,AGES_6_9,LOW_RATE,3.9496781743709777
2026-10-08,8482806,2026020058,2026010045,2026-09-24,0,16.78,0.0,3,AGES_2_5,LOW_RATE,3.02571860816944
2026-10-08,8482809,2026020061,2025021293,2026-04-14,4,12.97,18.504240555127215,7,AGES_6_9,HIGH_RATE,8.544362578168535
2026-10-08,8482809,2026020061,2025021255,2026-04-09,0,17.33,0.0,9,AGES_6_9,LOW_RATE,8.544362578168535
2026-10-08,8482859,2026020063,2026020034,2026-10-03,3,10.23,17.59530791788856,2,AGES_2_5,HIGH_RATE,4.5743329097839895
2026-10-08,8482859,2026020063,2026020016,2026-10-01,0,11.48,0.0,3,AGES_2_5,LOW_RATE,4.5743329097839895
2026-10-08,8482859,2026020063,2026010063,2026-09-26,0,13.83,0.0,4,AGES_2_5,LOW_RATE,4.5743329097839895
2026-10-08,8482859,2026020063,2025021275,2026-04-11,0,10.85,0.0,8,AGES_6_9,LOW_RATE,4.5743329097839895
2026-10-08,8482859,2026020063,2025021258,2026-04-09,0,8.35,0.0,9,AGES_6_9,LOW_RATE,4.5743329097839895
2026-10-08,8482859,2026020063,2025021246,2026-04-08,0,11.4,0.0,10,ABOUT_TO_EXIT,LOW_RATE,4.5743329097839895
2026-10-08,8482964,2026020058,2026020045,2026-10-06,0,9.2,0.0,1,MOST_RECENT,LOW_RATE,4.391422088853107
2026-10-08,8482964,2026020058,2026020026,2026-10-03,0,13.72,0.0,2,AGES_2_5,LOW_RATE,4.391422088853107
2026-10-08,8482964,2026020058,2026020002,2026-09-29,0,12.33,0.0,3,AGES_2_5,LOW_RATE,4.391422088853107
2026-10-08,8482964,2026020058,2025021277,2026-04-12,0,12.68,0.0,8,AGES_6_9,LOW_RATE,4.391422088853107
2026-10-08,8482964,2026020058,2025021248,2026-04-09,0,8.75,0.0,10,ABOUT_TO_EXIT,LOW_RATE,4.391422088853107
2026-10-08,8483017,2026020056,2026010013,2026-09-20,0,21.75,0.0,4,AGES_2_5,LOW_RATE,4.6875
2026-10-08,8483395,2026020061,2026020033,2026-10-03,0,11.07,0.0,2,AGES_2_5,LOW_RATE,5.218216318785578
2026-10-08,8483395,2026020061,2026020004,2026-09-29,0,10.87,0.0,4,AGES_2_5,LOW_RATE,5.218216318785578
2026-10-08,8483395,2026020061,2026010056,2026-09-26,0,11.4,0.0,5,AGES_2_5,LOW_RATE,5.218216318785578
2026-10-08,8483395,2026020061,2025020492,2025-12-11,0,9.33,0.0,10,ABOUT_TO_EXIT,LOW_RATE,5.218216318785578
2026-10-08,8483425,2026020057,2026020043,2026-10-05,0,19.38,0.0,1,MOST_RECENT,LOW_RATE,0.6957328385899815
2026-10-08,8483425,2026020057,2026020030,2026-10-03,0,15.2,0.0,2,AGES_2_5,LOW_RATE,0.6957328385899815
2026-10-08,8483425,2026020057,2026020020,2026-10-02,0,16.03,0.0,3,AGES_2_5,LOW_RATE,0.6957328385899815
2026-10-08,8483425,2026020057,2026010050,2026-09-25,0,15.17,0.0,4,AGES_2_5,LOW_RATE,0.6957328385899815
2026-10-08,8483425,2026020057,2026010034,2026-09-23,0,21.18,0.0,5,AGES_2_5,LOW_RATE,0.6957328385899815
2026-10-08,8483425,2026020057,2025021268,2026-04-11,0,14.85,0.0,7,AGES_6_9,LOW_RATE,0.6957328385899815
2026-10-08,8483425,2026020057,2025021239,2026-04-07,0,13.7,0.0,9,AGES_6_9,LOW_RATE,0.6957328385899815
2026-10-08,8483425,2026020057,2025021209,2026-04-04,0,15.93,0.0,10,ABOUT_TO_EXIT,LOW_RATE,0.6957328385899815
2026-10-08,8483431,2026020056,2026020036,2026-10-04,0,18.47,0.0,2,AGES_2_5,LOW_RATE,5.211160568885028
2026-10-08,8483431,2026020056,2026020013,2026-10-01,0,16.12,0.0,4,AGES_2_5,LOW_RATE,5.211160568885028
2026-10-08,8483431,2026020056,2026010054,2026-09-26,5,19.67,15.25165226232842,5,AGES_2_5,HIGH_RATE,5.211160568885028
2026-10-08,8483447,2026020060,2026020010,2026-10-01,0,12.53,0.0,3,AGES_2_5,LOW_RATE,6.855575868372943
2026-10-08,8483447,2026020060,2025021234,2026-04-07,0,11.48,0.0,10,ABOUT_TO_EXIT,LOW_RATE,6.855575868372943
2026-10-08,8483450,2026020062,2026020022,2026-10-03,0,15.6,0.0,2,AGES_2_5,LOW_RATE,4.205964822839664
2026-10-08,8483450,2026020062,2026020013,2026-10-01,0,17.07,0.0,3,AGES_2_5,LOW_RATE,4.205964822839664
2026-10-08,8483450,2026020062,2026010042,2026-09-24,0,17.35,0.0,6,AGES_6_9,LOW_RATE,4.205964822839664
2026-10-08,8483450,2026020062,2025021266,2026-04-11,4,15.33,15.655577299412917,10,ABOUT_TO_EXIT,HIGH_RATE,4.205964822839664
2026-10-08,8483457,2026020058,2026020002,2026-09-29,0,24.12,0.0,3,AGES_2_5,LOW_RATE,2.2678593927176514
2026-10-08,8483457,2026020058,2025021294,2026-04-14,0,26.13,0.0,6,AGES_6_9,LOW_RATE,2.2678593927176514
2026-10-08,8483457,2026020058,2025021277,2026-04-12,0,22.85,0.0,7,AGES_6_9,LOW_RATE,2.2678593927176514
2026-10-08,8483457,2026020058,2025021271,2026-04-11,0,26.72,0.0,8,AGES_6_9,LOW_RATE,2.2678593927176514
2026-10-08,8483460,2026020059,2026010057,2026-09-26,0,15.33,0.0,3,AGES_2_5,LOW_RATE,4.059539918809202
2026-10-08,8483460,2026020059,2025020871,2026-01-31,0,13.85,0.0,7,AGES_6_9,LOW_RATE,4.059539918809202
2026-10-08,8483460,2026020059,2025020817,2026-01-24,0,7.4,0.0,10,ABOUT_TO_EXIT,LOW_RATE,4.059539918809202
2026-10-08,8483468,2026020057,2026010024,2026-09-22,0,12.42,0.0,5,AGES_2_5,LOW_RATE,5.018470760437722
2026-10-08,8483476,2026020061,2026010037,2026-09-24,0,11.75,0.0,6,AGES_6_9,LOW_RATE,4.791184221033299
2026-10-08,8483476,2026020061,2025020901,2026-02-04,0,12.95,0.0,8,AGES_6_9,LOW_RATE,4.791184221033299
2026-10-08,8483476,2026020061,2025020884,2026-02-02,0,12.05,0.0,9,AGES_6_9,LOW_RATE,4.791184221033299
2026-10-08,8483489,2026020056,2025021292,2026-04-14,0,17.07,0.0,7,AGES_6_9,LOW_RATE,5.780694887697958
2026-10-08,8483489,2026020056,2025021237,2026-04-07,0,17.0,0.0,10,ABOUT_TO_EXIT,LOW_RATE,5.780694887697958
2026-10-08,8483493,2026020062,2026020013,2026-10-01,0,17.38,0.0,3,AGES_2_5,LOW_RATE,3.837432408860981
2026-10-08,8483493,2026020062,2026010018,2026-09-21,0,16.15,0.0,6,AGES_6_9,LOW_RATE,3.837432408860981
2026-10-08,8483493,2026020062,2025021305,2026-04-15,0,17.85,0.0,7,AGES_6_9,LOW_RATE,3.837432408860981
2026-10-08,8483493,2026020062,2025021288,2026-04-13,0,17.58,0.0,8,AGES_6_9,LOW_RATE,3.837432408860981
2026-10-08,8483493,2026020062,2025021266,2026-04-11,0,7.4,0.0,9,AGES_6_9,LOW_RATE,3.837432408860981
2026-10-08,8483495,2026020064,2026020033,2026-10-03,0,19.98,0.0,2,AGES_2_5,LOW_RATE,4.764796561872285
2026-10-08,8483495,2026020064,2025021292,2026-04-14,0,21.65,0.0,6,AGES_6_9,LOW_RATE,4.764796561872285
2026-10-08,8483499,2026020061,2026010037,2026-09-24,0,20.4,0.0,6,AGES_6_9,LOW_RATE,3.4409588805413773
2026-10-08,8483499,2026020061,2025021300,2026-04-14,0,17.3,0.0,7,AGES_6_9,LOW_RATE,3.4409588805413773
2026-10-08,8483499,2026020061,2025021280,2026-04-12,0,18.78,0.0,8,AGES_6_9,LOW_RATE,3.4409588805413773
2026-10-08,8483500,2026020057,2026010055,2026-09-26,0,16.17,0.0,4,AGES_2_5,LOW_RATE,5.330174711282203
2026-10-08,8483500,2026020057,2025021117,2026-03-22,0,14.7,0.0,8,AGES_6_9,LOW_RATE,5.330174711282203
2026-10-08,8483505,2026020056,2026020041,2026-10-05,0,11.47,0.0,1,MOST_RECENT,LOW_RATE,7.097232079488999
2026-10-08,8483505,2026020056,2025020843,2026-01-29,5,11.47,26.155187445510023,5,AGES_2_5,HIGH_RATE,7.097232079488999
2026-10-08,8483505,2026020056,2024020973,2025-03-04,0,15.7,0.0,7,AGES_6_9,LOW_RATE,7.097232079488999
2026-10-08,8483505,2026020056,2024020962,2025-03-02,0,14.5,0.0,8,AGES_6_9,LOW_RATE,7.097232079488999
2026-10-08,8483505,2026020056,2024020933,2025-02-27,0,7.13,0.0,10,ABOUT_TO_EXIT,LOW_RATE,7.097232079488999
2026-10-08,8483506,2026020062,2026010042,2026-09-24,0,21.67,0.0,5,AGES_2_5,LOW_RATE,5.169906833970596
2026-10-08,8483513,2026020058,2025021257,2026-04-09,0,8.38,0.0,7,AGES_6_9,LOW_RATE,4.98960498960499
2026-10-08,8483513,2026020058,2025021243,2026-04-07,0,8.15,0.0,8,AGES_6_9,LOW_RATE,4.98960498960499
2026-10-08,8483513,2026020058,2025021220,2026-04-04,0,7.42,0.0,10,ABOUT_TO_EXIT,LOW_RATE,4.98960498960499
2026-10-08,8483525,2026020060,2026010018,2026-09-21,0,14.82,0.0,5,AGES_2_5,LOW_RATE,5.456835035679306
2026-10-08,8483525,2026020060,2025021267,2026-04-11,0,14.17,0.0,8,AGES_6_9,LOW_RATE,5.456835035679306
2026-10-08,8483525,2026020060,2025021254,2026-04-09,0,14.23,0.0,9,AGES_6_9,LOW_RATE,5.456835035679306
2026-10-08,8483553,2026020065,2026020051,2026-10-06,3,9.15,19.67213114754098,1,MOST_RECENT,HIGH_RATE,10.458655626974616
2026-10-08,8483553,2026020065,2026020005,2026-09-29,3,10.52,17.11026615969582,4,AGES_2_5,HIGH_RATE,10.458655626974616
2026-10-08,8483553,2026020065,2026010063,2026-09-26,0,10.97,0.0,5,AGES_2_5,LOW_RATE,10.458655626974616
2026-10-08,8483553,2026020065,2025021252,2026-04-09,5,10.33,29.04162633107454,10,ABOUT_TO_EXIT,HIGH_RATE,10.458655626974616
2026-10-08,8483609,2026020064,2026020038,2026-10-04,3,11.28,15.95744680851064,1,MOST_RECENT,HIGH_RATE,7.605939876856212
2026-10-08,8483609,2026020064,2026020033,2026-10-03,0,8.12,0.0,2,AGES_2_5,LOW_RATE,7.605939876856212
2026-10-08,8483609,2026020064,2026020014,2026-10-01,0,11.48,0.0,3,AGES_2_5,LOW_RATE,7.605939876856212
2026-10-08,8483609,2026020064,2026010031,2026-09-22,5,12.57,23.86634844868735,5,AGES_2_5,HIGH_RATE,7.605939876856212
2026-10-08,8483609,2026020064,2025021281,2026-04-12,0,12.22,0.0,7,AGES_6_9,LOW_RATE,7.605939876856212
2026-10-08,8483609,2026020064,2025021219,2026-04-04,0,10.32,0.0,10,ABOUT_TO_EXIT,LOW_RATE,7.605939876856212
2026-10-08,8483676,2026020059,2026020041,2026-10-05,0,9.65,0.0,2,AGES_2_5,LOW_RATE,7.480579265368754
2026-10-08,8483676,2026020059,2026010064,2026-09-26,0,13.2,0.0,4,AGES_2_5,LOW_RATE,7.480579265368754
2026-10-08,8483678,2026020061,2026020039,2026-10-04,0,17.07,0.0,1,MOST_RECENT,LOW_RATE,3.4244403576637708
2026-10-08,8483678,2026020061,2026020015,2026-10-01,0,16.28,0.0,3,AGES_2_5,LOW_RATE,3.4244403576637708
2026-10-08,8483678,2026020061,2025021280,2026-04-12,0,16.12,0.0,8,AGES_6_9,LOW_RATE,3.4244403576637708
2026-10-08,8483678,2026020061,2025021260,2026-04-09,0,14.33,0.0,10,ABOUT_TO_EXIT,LOW_RATE,3.4244403576637708
2026-10-08,8483686,2026020058,2025020618,2025-12-30,0,11.48,0.0,9,AGES_6_9,LOW_RATE,4.382761139517896
2026-10-08,8483686,2026020058,2025020566,2025-12-21,0,10.67,0.0,10,ABOUT_TO_EXIT,LOW_RATE,4.382761139517896
2026-10-08,8483766,2026020060,2025020780,2026-01-20,0,9.52,0.0,4,AGES_2_5,LOW_RATE,6.171428571428572
2026-10-08,8483766,2026020060,2025020744,2026-01-15,0,11.98,0.0,5,AGES_2_5,LOW_RATE,6.171428571428572
2026-10-08,8483768,2026020061,2026010031,2026-09-22,0,21.85,0.0,2,AGES_2_5,LOW_RATE,3.817522427944264
2026-10-08,8483768,2026020061,2026010005,2026-09-19,0,20.47,0.0,3,AGES_2_5,LOW_RATE,3.817522427944264
2026-10-08,8483768,2026020061,2025021175,2026-03-30,0,10.9,0.0,7,AGES_6_9,LOW_RATE,3.817522427944264
2026-10-08,8483768,2026020061,2025021107,2026-03-21,0,13.93,0.0,9,AGES_6_9,LOW_RATE,3.817522427944264
2026-10-08,8483890,2026020065,2026020021,2026-10-02,3,12.03,14.962593516209475,3,AGES_2_5,HIGH_RATE,6.653586965793739
2026-10-08,8483890,2026020065,2025021091,2026-03-19,3,10.97,16.408386508659984,10,ABOUT_TO_EXIT,HIGH_RATE,6.653586965793739
2026-10-08,8484136,2026020061,2026020033,2026-10-03,4,12.23,19.623875715453803,2,AGES_2_5,HIGH_RATE,6.003859624044028
2026-10-08,8484136,2026020061,2026020015,2026-10-01,0,13.6,0.0,3,AGES_2_5,LOW_RATE,6.003859624044028
2026-10-08,8484136,2026020061,2026010005,2026-09-19,0,16.53,0.0,6,AGES_6_9,LOW_RATE,6.003859624044028
2026-10-08,8484136,2026020061,2025021275,2026-04-11,0,12.4,0.0,7,AGES_6_9,LOW_RATE,6.003859624044028
2026-10-08,8484136,2026020061,2025021216,2026-04-04,0,12.13,0.0,10,ABOUT_TO_EXIT,LOW_RATE,6.003859624044028
2026-10-08,8484142,2026020059,2026020040,2026-10-05,0,13.1,0.0,1,MOST_RECENT,LOW_RATE,3.8901045465596886
2026-10-08,8484142,2026020059,2025021294,2026-04-14,0,17.63,0.0,3,AGES_2_5,LOW_RATE,3.8901045465596886
2026-10-08,8484142,2026020059,2025021272,2026-04-11,0,12.32,0.0,5,AGES_2_5,LOW_RATE,3.8901045465596886
2026-10-08,8484142,2026020059,2025021236,2026-04-07,0,13.0,0.0,7,AGES_6_9,LOW_RATE,3.8901045465596886
2026-10-08,8484142,2026020059,2025021196,2026-04-02,0,13.93,0.0,8,AGES_6_9,LOW_RATE,3.8901045465596886
2026-10-08,8484142,2026020059,2025021172,2026-03-29,0,14.7,0.0,10,ABOUT_TO_EXIT,LOW_RATE,3.8901045465596886
2026-10-08,8484145,2026020057,2026010055,2026-09-26,0,17.72,0.0,4,AGES_2_5,LOW_RATE,6.418918918918919
2026-10-08,8484145,2026020057,2025021288,2026-04-13,4,14.37,16.701461377870565,7,AGES_6_9,HIGH_RATE,6.418918918918919
2026-10-08,8484152,2026020063,2026020043,2026-10-05,0,19.02,0.0,1,MOST_RECENT,LOW_RATE,4.050475151892818
2026-10-08,8484152,2026020063,2026010039,2026-09-24,0,19.28,0.0,4,AGES_2_5,LOW_RATE,4.050475151892818
2026-10-08,8484152,2026020063,2024021290,2025-04-14,0,17.73,0.0,8,AGES_6_9,LOW_RATE,4.050475151892818
2026-10-08,8484154,2026020064,2026010038,2026-09-24,4,13.07,18.36266258607498,1,MOST_RECENT,HIGH_RATE,11.219147344801796
2026-10-08,8484158,2026020065,2026020023,2026-10-03,0,12.12,0.0,2,AGES_2_5,LOW_RATE,5.277973258268824
2026-10-08,8484164,2026020063,2025021253,2026-04-09,0,19.62,0.0,9,AGES_6_9,LOW_RATE,6.603081438004402
2026-10-08,8484164,2026020063,2025021238,2026-04-07,0,9.78,0.0,10,ABOUT_TO_EXIT,LOW_RATE,6.603081438004402
2026-10-08,8484180,2026020064,2026020038,2026-10-04,0,15.48,0.0,1,MOST_RECENT,LOW_RATE,3.0492231740961233
2026-10-08,8484180,2026020064,2026020033,2026-10-03,0,15.67,0.0,2,AGES_2_5,LOW_RATE,3.0492231740961233
2026-10-08,8484180,2026020064,2025020294,2025-11-15,0,7.08,0.0,7,AGES_6_9,LOW_RATE,3.0492231740961233
2026-10-08,8484180,2026020064,2025020260,2025-11-11,0,11.38,0.0,9,AGES_6_9,LOW_RATE,3.0492231740961233
2026-10-08,8484185,2026020062,2026020050,2026-10-06,0,9.65,0.0,1,MOST_RECENT,LOW_RATE,3.3482142857142856
2026-10-08,8484185,2026020062,2026020013,2026-10-01,0,10.3,0.0,3,AGES_2_5,LOW_RATE,3.3482142857142856
2026-10-08,8484185,2026020062,2026010042,2026-09-24,0,12.85,0.0,6,AGES_6_9,LOW_RATE,3.3482142857142856
2026-10-08,8484185,2026020062,2025021266,2026-04-11,0,13.45,0.0,10,ABOUT_TO_EXIT,LOW_RATE,3.3482142857142856
2026-10-08,8484197,2026020062,2026020050,2026-10-06,0,12.27,0.0,1,MOST_RECENT,LOW_RATE,5.596065796167543
2026-10-08,8484197,2026020062,2026010058,2026-09-26,0,15.12,0.0,5,AGES_2_5,LOW_RATE,5.596065796167543
2026-10-08,8484197,2026020062,2025021004,2026-03-08,0,1.82,0.0,8,AGES_6_9,LOW_RATE,5.596065796167543
2026-10-08,8484197,2026020062,2025020964,2026-03-03,0,11.0,0.0,10,ABOUT_TO_EXIT,LOW_RATE,5.596065796167543
2026-10-08,8484221,2026020062,2026010062,2026-09-26,0,17.13,0.0,4,AGES_2_5,LOW_RATE,7.312614259597806
2026-10-08,8484221,2026020062,2025021252,2026-04-09,4,15.52,15.463917525773198,10,ABOUT_TO_EXIT,HIGH_RATE,7.312614259597806
2026-10-08,8484227,2026020063,2026020043,2026-10-05,0,18.47,0.0,1,MOST_RECENT,LOW_RATE,5.367926638335943
2026-10-08,8484227,2026020063,2026010063,2026-09-26,0,15.85,0.0,4,AGES_2_5,LOW_RATE,5.367926638335943
2026-10-08,8484227,2026020063,2026010039,2026-09-24,4,14.17,16.937191249117856,5,AGES_2_5,HIGH_RATE,5.367926638335943
2026-10-08,8484227,2026020063,2025021305,2026-04-15,0,16.98,0.0,6,AGES_6_9,LOW_RATE,5.367926638335943
2026-10-08,8484227,2026020063,2025021258,2026-04-09,0,16.97,0.0,9,AGES_6_9,LOW_RATE,5.367926638335943
2026-10-08,8484234,2026020064,2026010014,2026-09-20,4,15.4,15.584415584415584,2,AGES_2_5,HIGH_RATE,8.450704225352112
2026-10-08,8484234,2026020064,2025021298,2026-04-14,4,10.9,22.01834862385321,3,AGES_2_5,HIGH_RATE,8.450704225352112
2026-10-08,8484234,2026020064,2025021281,2026-04-12,0,11.45,0.0,4,AGES_2_5,LOW_RATE,8.450704225352112
2026-10-08,8484240,2026020061,2026020033,2026-10-03,0,20.27,0.0,2,AGES_2_5,LOW_RATE,1.751143107306158
2026-10-08,8484240,2026020061,2026020015,2026-10-01,0,21.18,0.0,3,AGES_2_5,LOW_RATE,1.751143107306158
2026-10-08,8484240,2026020061,2026020004,2026-09-29,0,20.67,0.0,4,AGES_2_5,LOW_RATE,1.751143107306158
2026-10-08,8484240,2026020061,2026010056,2026-09-26,0,20.02,0.0,5,AGES_2_5,LOW_RATE,1.751143107306158
2026-10-08,8484240,2026020061,2026010031,2026-09-22,0,21.48,0.0,6,AGES_6_9,LOW_RATE,1.751143107306158
2026-10-08,8484240,2026020061,2025021260,2026-04-09,0,18.8,0.0,10,ABOUT_TO_EXIT,LOW_RATE,1.751143107306158
2026-10-08,8484241,2026020058,2026020012,2026-10-01,0,17.37,0.0,3,AGES_2_5,LOW_RATE,7.435429167753718
2026-10-08,8484241,2026020058,2026010029,2026-09-22,6,19.9,18.090452261306535,5,AGES_2_5,HIGH_RATE,7.435429167753718
2026-10-08,8484241,2026020058,2025021287,2026-04-13,0,11.65,0.0,6,AGES_6_9,LOW_RATE,7.435429167753718
2026-10-08,8484305,2026020057,2026020049,2026-10-06,0,10.73,0.0,1,MOST_RECENT,LOW_RATE,0.7520210565895845
2026-10-08,8484305,2026020057,2026020022,2026-10-03,0,8.47,0.0,2,AGES_2_5,LOW_RATE,0.7520210565895845
2026-10-08,8484305,2026020057,2026020011,2026-10-01,0,12.9,0.0,3,AGES_2_5,LOW_RATE,0.7520210565895845
2026-10-08,8484305,2026020057,2026010055,2026-09-26,0,16.8,0.0,4,AGES_2_5,LOW_RATE,0.7520210565895845
2026-10-08,8484305,2026020057,2026010016,2026-09-21,0,21.92,0.0,6,AGES_6_9,LOW_RATE,0.7520210565895845
2026-10-08,8484305,2026020057,2025021301,2026-04-15,0,14.72,0.0,7,AGES_6_9,LOW_RATE,0.7520210565895845
2026-10-08,8484305,2026020057,2025021247,2026-04-09,0,19.43,0.0,8,AGES_6_9,LOW_RATE,0.7520210565895845
2026-10-08,8484305,2026020057,2025021213,2026-04-04,0,15.25,0.0,9,AGES_6_9,LOW_RATE,0.7520210565895845
2026-10-08,8484321,2026020059,2026010065,2026-09-26,0,16.55,0.0,4,AGES_2_5,LOW_RATE,3.09258424070614
2026-10-08,8484321,2026020059,2025021304,2026-04-15,0,18.65,0.0,7,AGES_6_9,LOW_RATE,3.09258424070614
2026-10-08,8484321,2026020059,2025021279,2026-04-12,0,20.58,0.0,8,AGES_6_9,LOW_RATE,3.09258424070614
2026-10-08,8484321,2026020059,2025021262,2026-04-11,0,10.7,0.0,9,AGES_6_9,LOW_RATE,3.09258424070614
2026-10-08,8484386,2026020056,2026020047,2026-10-06,0,18.37,0.0,1,MOST_RECENT,LOW_RATE,3.459099353020306
2026-10-08,8484386,2026020056,2026020036,2026-10-04,0,12.75,0.0,2,AGES_2_5,LOW_RATE,3.459099353020306
2026-10-08,8484386,2026020056,2026020027,2026-10-03,0,16.67,0.0,3,AGES_2_5,LOW_RATE,3.459099353020306
2026-10-08,8484386,2026020056,2025021281,2026-04-12,0,13.52,0.0,7,AGES_6_9,LOW_RATE,3.459099353020306
2026-10-08,8484386,2026020056,2025020976,2026-03-05,0,12.5,0.0,9,AGES_6_9,LOW_RATE,3.459099353020306
2026-10-08,8484387,2026020059,2025021294,2026-04-14,8,16.3,29.447852760736197,7,AGES_6_9,HIGH_RATE,9.904761904761903
2026-10-08,8484387,2026020059,2025021284,2026-04-13,4,15.55,15.434083601286172,8,AGES_6_9,HIGH_RATE,9.904761904761903
2026-10-08,8484387,2026020059,2025021250,2026-04-09,0,13.88,0.0,10,ABOUT_TO_EXIT,LOW_RATE,9.904761904761903
2026-10-08,8484388,2026020056,2026020047,2026-10-06,0,10.93,0.0,1,MOST_RECENT,LOW_RATE,3.505550454886904
2026-10-08,8484388,2026020056,2026020036,2026-10-04,0,10.43,0.0,2,AGES_2_5,LOW_RATE,3.505550454886904
2026-10-08,8484388,2026020056,2026020027,2026-10-03,0,11.18,0.0,3,AGES_2_5,LOW_RATE,3.505550454886904
2026-10-08,8484388,2026020056,2026010054,2026-09-26,0,11.15,0.0,5,AGES_2_5,LOW_RATE,3.505550454886904
2026-10-08,8484388,2026020056,2026010012,2026-09-20,0,16.55,0.0,7,AGES_6_9,LOW_RATE,3.505550454886904
2026-10-08,8484388,2026020056,2025021146,2026-03-26,0,9.13,0.0,8,AGES_6_9,LOW_RATE,3.505550454886904
2026-10-08,8484390,2026020062,2026020022,2026-10-03,0,18.8,0.0,2,AGES_2_5,LOW_RATE,4.813863928112966
2026-10-08,8484390,2026020062,2026020013,2026-10-01,0,16.6,0.0,3,AGES_2_5,LOW_RATE,4.813863928112966
2026-10-08,8484403,2026020058,2026010006,2026-09-19,0,11.98,0.0,4,AGES_2_5,LOW_RATE,5.843681519357195
2026-10-08,8484403,2026020058,2025020411,2025-12-02,0,7.72,0.0,5,AGES_2_5,LOW_RATE,5.843681519357195
2026-10-08,8484403,2026020058,2025020392,2025-11-29,0,10.58,0.0,6,AGES_6_9,LOW_RATE,5.843681519357195
2026-10-08,8484759,2026020059,2025021152,2026-03-28,0,13.97,0.0,8,AGES_6_9,LOW_RATE,5.125172481766214
2026-10-08,8484783,2026020062,2026010042,2026-09-24,0,24.72,0.0,6,AGES_6_9,LOW_RATE,4.252303330970943
2026-10-08,8484783,2026020062,2025021142,2026-03-26,0,22.33,0.0,9,AGES_6_9,LOW_RATE,4.252303330970943
2026-10-08,8484797,2026020057,2026020049,2026-10-06,0,13.02,0.0,1,MOST_RECENT,LOW_RATE,6.8684267010088
2026-10-08,8484797,2026020057,2025020903,2026-02-05,0,8.03,0.0,7,AGES_6_9,LOW_RATE,6.8684267010088
2026-10-08,8484797,2026020057,2025020865,2026-01-31,3,9.9,18.181818181818183,9,AGES_6_9,HIGH_RATE,6.8684267010088
2026-10-08,8484798,2026020061,2026020039,2026-10-04,0,20.12,0.0,1,MOST_RECENT,LOW_RATE,4.35374149659864
2026-10-08,8484798,2026020061,2025021260,2026-04-09,0,23.22,0.0,10,ABOUT_TO_EXIT,LOW_RATE,4.35374149659864
2026-10-08,8484803,2026020065,2026020051,2026-10-06,0,11.68,0.0,1,MOST_RECENT,LOW_RATE,10.75268817204301
2026-10-08,8484803,2026020065,2026020021,2026-10-02,0,10.5,0.0,3,AGES_2_5,LOW_RATE,10.75268817204301
2026-10-08,8484803,2026020065,2026020005,2026-09-29,4,11.37,21.10817941952507,4,AGES_2_5,HIGH_RATE,10.75268817204301
2026-10-08,8484806,2026020063,2025021305,2026-04-15,0,16.57,0.0,5,AGES_2_5,LOW_RATE,2.4284475281873372
2026-10-08,8484806,2026020063,2025021287,2026-04-13,0,19.75,0.0,6,AGES_6_9,LOW_RATE,2.4284475281873372
2026-10-08,8484806,2026020063,2025021246,2026-04-08,0,13.9,0.0,9,AGES_6_9,LOW_RATE,2.4284475281873372
2026-10-08,8484806,2026020063,2025021231,2026-04-06,0,16.37,0.0,10,ABOUT_TO_EXIT,LOW_RATE,2.4284475281873372
2026-10-08,8484829,2026020057,2026020043,2026-10-05,0,16.23,0.0,1,MOST_RECENT,LOW_RATE,3.6789502728554786
2026-10-08,8484829,2026020057,2026010050,2026-09-25,0,15.05,0.0,4,AGES_2_5,LOW_RATE,3.6789502728554786
2026-10-08,8484829,2026020057,2025021254,2026-04-09,0,17.4,0.0,9,AGES_6_9,LOW_RATE,3.6789502728554786
2026-10-08,8484860,2026020064,2026020014,2026-10-01,0,12.17,0.0,3,AGES_2_5,LOW_RATE,5.41548829652807
2026-10-08,8484911,2026020063,2026020043,2026-10-05,0,12.7,0.0,1,MOST_RECENT,LOW_RATE,2.608047690014903
2026-10-08,8484911,2026020063,2026020016,2026-10-01,0,16.8,0.0,3,AGES_2_5,LOW_RATE,2.608047690014903
2026-10-08,8484911,2026020063,2026010063,2026-09-26,0,18.22,0.0,4,AGES_2_5,LOW_RATE,2.608047690014903
2026-10-08,8484911,2026020063,2025021258,2026-04-09,0,19.48,0.0,9,AGES_6_9,LOW_RATE,2.608047690014903
2026-10-08,8484911,2026020063,2025021246,2026-04-08,0,16.98,0.0,10,ABOUT_TO_EXIT,LOW_RATE,2.608047690014903
2026-10-08,8484938,2026020057,2026010001,2026-09-19,6,18.85,19.09814323607427,6,AGES_6_9,HIGH_RATE,6.589785831960461
2026-10-08,8484938,2026020057,2025021268,2026-04-11,0,10.72,0.0,8,AGES_6_9,LOW_RATE,6.589785831960461
2026-10-08,8484994,2026020063,2026020043,2026-10-05,0,15.05,0.0,1,MOST_RECENT,LOW_RATE,6.4646464646464645
2026-10-08,8484994,2026020063,2025021305,2026-04-15,0,15.55,0.0,7,AGES_6_9,LOW_RATE,6.4646464646464645
2026-10-08,8484994,2026020063,2025021246,2026-04-08,0,10.42,0.0,10,ABOUT_TO_EXIT,LOW_RATE,6.4646464646464645
2026-10-08,8485388,2026020062,2026010027,2026-09-22,4,14.17,16.937191249117856,5,AGES_2_5,HIGH_RATE,8.908177249885792
2026-10-08,8485391,2026020062,2025021288,2026-04-13,5,19.1,15.706806282722512,9,AGES_6_9,HIGH_RATE,8.507853403141361
2026-10-08,8485391,2026020062,2025021266,2026-04-11,6,19.18,18.769551616266945,10,ABOUT_TO_EXIT,HIGH_RATE,8.507853403141361
2026-10-08,8485402,2026020063,2026020043,2026-10-05,0,15.37,0.0,1,MOST_RECENT,LOW_RATE,8.40026527153489
2026-10-08,8485402,2026020063,2026020034,2026-10-03,0,14.23,0.0,2,AGES_2_5,LOW_RATE,8.40026527153489
2026-10-08,8485402,2026020063,2026020016,2026-10-01,4,11.57,20.743301642178047,3,AGES_2_5,HIGH_RATE,8.40026527153489
2026-10-08,8485402,2026020063,2026010039,2026-09-24,5,15.93,18.832391713747647,5,AGES_2_5,HIGH_RATE,8.40026527153489
2026-10-08,8485402,2026020063,2025021258,2026-04-09,0,12.73,0.0,10,ABOUT_TO_EXIT,LOW_RATE,8.40026527153489
2026-10-08,8485406,2026020059,2026020040,2026-10-05,0,14.6,0.0,1,MOST_RECENT,LOW_RATE,6.711909911253636
2026-10-08,8485406,2026020059,2026020006,2026-09-30,0,14.08,0.0,4,AGES_2_5,LOW_RATE,6.711909911253636
2026-10-08,8485406,2026020059,2025021294,2026-04-14,5,17.62,17.0261066969353,8,AGES_6_9,HIGH_RATE,6.711909911253636
2026-10-08,8485406,2026020059,2025021284,2026-04-13,0,17.27,0.0,9,AGES_6_9,LOW_RATE,6.711909911253636
2026-10-08,8485702,2026020060,2026020031,2026-10-03,0,14.92,0.0,2,AGES_2_5,LOW_RATE,7.397737162750218
2026-10-08,8485702,2026020060,2026020012,2026-10-01,0,15.15,0.0,3,AGES_2_5,LOW_RATE,7.397737162750218
2026-10-08,8485702,2026020060,2026010050,2026-09-25,4,14.23,16.865776528460998,4,AGES_2_5,HIGH_RATE,7.397737162750218
2026-10-08,8485702,2026020060,2025020867,2026-01-31,4,14.2,16.901408450704228,10,ABOUT_TO_EXIT,HIGH_RATE,7.397737162750218
2026-10-08,8486067,2026020065,2026020044,2026-10-06,4,14.75,16.271186440677965,1,MOST_RECENT,HIGH_RATE,6.8893528183716075
2026-10-08,8486103,2026020063,2026020034,2026-10-03,0,15.62,0.0,2,AGES_2_5,LOW_RATE,5.730659025787966
2026-10-08,8486103,2026020063,2026020016,2026-10-01,0,13.58,0.0,3,AGES_2_5,LOW_RATE,5.730659025787966
2026-10-08,8486171,2026020064,2026010012,2026-09-20,0,18.37,0.0,6,AGES_6_9,LOW_RATE,6.207324643078833
