player_id,previous_target_date,target_date,previous_target_game_id,target_game_id,previous_window_n,current_window_n,entered_game_ids,exited_game_ids,entered_game_details_json,exited_game_details_json,entered_n,exited_n,entered_sog,entered_toi,exited_sog,exited_toi,retained_n,d10_previous,d10_current,d10_change_reconstructed,d10_change_feature,numerator_effect,denominator_effect,entry_exit_net_sog,window_membership_exact
8470613,2026-10-03,2026-10-07,2026020032,2026020054,10,10,2026020032,2025021209,"[{""game_id"":2026020032,""game_date"":""2026-10-03"",""sog"":2.0,""toi"":13.17,""sog_per60"":9.111617312072893}]","[{""game_id"":2025021209,""game_date"":""2026-04-04"",""sog"":2.0,""toi"":18.27,""sog_per60"":6.568144499178982}]",1,1,2.0,13.17,2.0,18.27,9,6.324110671936758,6.498781478472785,0.17467080653602718,0.17467080653602718,0.0,0.1746708065360269,0.0,True
8470613,2026-10-07,2026-10-08,2026020054,2026020064,10,10,2026020054,2025021228,"[{""game_id"":2026020054,""game_date"":""2026-10-07"",""sog"":2.0,""toi"":17.47,""sog_per60"":6.868918145392101}]","[{""game_id"":2025021228,""game_date"":""2026-04-05"",""sog"":3.0,""toi"":17.98,""sog_per60"":10.011123470522802}]",1,1,2.0,17.47,3.0,17.98,9,6.498781478472785,6.190941674812641,-0.3078398036601442,-0.3078398036601433,-0.32538905472004703,0.01754925105990325,-1.0,True
8470621,2026-10-03,2026-10-06,2026020034,2026020052,10,10,2026020034,2025021168,"[{""game_id"":2026020034,""game_date"":""2026-10-03"",""sog"":3.0,""toi"":9.95,""sog_per60"":18.090452261306535}]","[{""game_id"":2025021168,""game_date"":""2026-03-29"",""sog"":2.0,""toi"":12.98,""sog_per60"":9.244992295839753}]",1,1,3.0,9.95,2.0,12.98,9,6.554818571985954,7.19309462915601,0.6382760571700565,0.6382760571700565,0.4738704842570796,0.16440557291297728,1.0,True
8471214,2026-10-03,2026-10-07,2026020024,2026020053,10,10,2026020024,2025021166,"[{""game_id"":2026020024,""game_date"":""2026-10-03"",""sog"":0.0,""toi"":13.57,""sog_per60"":0.0}]","[{""game_id"":2025021166,""game_date"":""2026-03-28"",""sog"":1.0,""toi"":17.58,""sog_per60"":3.4129692832764507}]",1,1,0.0,13.57,1.0,17.58,9,11.987649088817582,11.913626209977663,-0.07402287883991931,-0.07402287883991754,-0.3677814563311673,0.2937585774912478,-1.0,True
8471215,2026-10-03,2026-10-05,2026020026,2026020042,10,10,2026020026,2025021112,"[{""game_id"":2026020026,""game_date"":""2026-10-03"",""sog"":1.0,""toi"":19.68,""sog_per60"":3.048780487804878}]","[{""game_id"":2025021112,""game_date"":""2026-03-22"",""sog"":0.0,""toi"":16.08,""sog_per60"":0.0}]",1,1,1.0,19.68,0.0,16.08,9,8.243645523242499,8.413731209333632,0.17008568609113262,0.17008568609113084,0.34001723925422467,-0.16993155316309178,1.0,True
8471215,2026-10-05,2026-10-07,2026020042,2026020053,10,10,2026020042,2025021183,"[{""game_id"":2026020042,""game_date"":""2026-10-05"",""sog"":4.0,""toi"":17.78,""sog_per60"":13.498312710911136}]","[{""game_id"":2025021183,""game_date"":""2026-03-31"",""sog"":5.0,""toi"":17.53,""sog_per60"":17.113519680547633}]",1,1,4.0,17.78,5.0,17.53,9,8.413731209333632,8.065871282137454,-0.3478599271961773,-0.34785992719617553,-0.33631360923120296,-0.011546317964974944,-1.0,True
8471675,2026-10-03,2026-10-05,2026020026,2026020042,10,10,2026020026,2025021173,"[{""game_id"":2026020026,""game_date"":""2026-10-03"",""sog"":2.0,""toi"":19.88,""sog_per60"":6.036217303822938}]","[{""game_id"":2025021173,""game_date"":""2026-03-30"",""sog"":3.0,""toi"":16.8,""sog_per60"":10.714285714285715}]",1,1,2.0,19.88,3.0,16.8,9,7.514088916718848,7.048951048951049,-0.4651378677677984,-0.4651378677677984,-0.3386069159394144,-0.1265309518283843,-1.0,True
8471675,2026-10-05,2026-10-07,2026020042,2026020053,10,10,2026020042,2025021183,"[{""game_id"":2026020042,""game_date"":""2026-10-05"",""sog"":5.0,""toi"":19.45,""sog_per60"":15.424164524421592}]","[{""game_id"":2025021183,""game_date"":""2026-03-31"",""sog"":1.0,""toi"":18.17,""sog_per60"":3.3021463951568517}]",1,1,5.0,19.45,1.0,18.17,9,7.048951048951049,8.331944675887351,1.2829936269363023,1.2829936269363023,1.3378842453996596,-0.0548906184633559,4.0,True
8471724,2026-10-03,2026-10-05,2026020026,2026020042,10,10,2026020026,2025021173,"[{""game_id"":2026020026,""game_date"":""2026-10-03"",""sog"":3.0,""toi"":19.5,""sog_per60"":9.230769230769232}]","[{""game_id"":2025021173,""game_date"":""2026-03-30"",""sog"":0.0,""toi"":19.72,""sog_per60"":0.0}]",1,1,3.0,19.5,0.0,19.72,9,1.8911536036982561,2.840012622278321,0.9488590185800649,0.9488590185800652,0.9461238379709509,0.0027351806091137527,3.0,True
8471724,2026-10-05,2026-10-07,2026020042,2026020053,10,10,2026020042,2025021183,"[{""game_id"":2026020042,""game_date"":""2026-10-05"",""sog"":2.0,""toi"":23.38,""sog_per60"":5.132591958939265}]","[{""game_id"":2025021183,""game_date"":""2026-03-31"",""sog"":0.0,""toi"":19.32,""sog_per60"":0.0}]",1,1,2.0,23.38,0.0,19.32,9,2.840012622278321,3.398558187435633,0.5585455651573121,0.5585455651573121,0.6245167932523457,-0.06597122809503357,2.0,True
8473419,2026-10-04,2026-10-06,2026020037,2026020052,10,10,2026020037,2025020823,"[{""game_id"":2026020037,""game_date"":""2026-10-04"",""sog"":3.0,""toi"":13.17,""sog_per60"":13.667425968109338}]","[{""game_id"":2025020823,""game_date"":""2026-01-25"",""sog"":1.0,""toi"":14.77,""sog_per60"":4.062288422477995}]",1,1,3.0,13.17,1.0,14.77,9,7.227379012258202,8.170285960008602,0.9429069477504006,0.9429069477503988,0.8551549924243098,0.08775195532608981,2.0,True
8473422,2026-10-03,2026-10-06,2026020031,2026020049,10,10,2026020031,2025021155,"[{""game_id"":2026020031,""game_date"":""2026-10-03"",""sog"":1.0,""toi"":13.88,""sog_per60"":4.322766570605188}]","[{""game_id"":2025021155,""game_date"":""2026-03-28"",""sog"":3.0,""toi"":14.55,""sog_per60"":12.371134020618555}]",1,1,1.0,13.88,3.0,14.55,9,4.475941812756433,3.598740440845704,-0.8772013719107292,-0.8772013719107301,-0.8974367363813563,0.020235364470626693,-2.0,True
8473512,2026-10-03,2026-10-05,2026020023,2026020041,10,10,2026020023,2025021191,"[{""game_id"":2026020023,""game_date"":""2026-10-03"",""sog"":4.0,""toi"":18.28,""sog_per60"":13.12910284463895}]","[{""game_id"":2025021191,""game_date"":""2026-04-02"",""sog"":3.0,""toi"":13.87,""sog_per60"":12.977649603460709}]",1,1,4.0,18.28,3.0,13.87,9,8.939560795491351,9.069152286182138,0.12959149069078713,0.12959149069078713,0.38327895079165003,-0.25368746010086324,1.0,True
8473512,2026-10-05,2026-10-06,2026020041,2026020046,10,10,2026020041,2025021208,"[{""game_id"":2026020041,""game_date"":""2026-10-05"",""sog"":1.0,""toi"":14.05,""sog_per60"":4.270462633451957}]","[{""game_id"":2025021208,""game_date"":""2026-04-04"",""sog"":1.0,""toi"":14.57,""sog_per60"":4.1180507892930684}]",1,1,1.0,14.05,1.0,14.57,9,9.069152286182138,9.098951093137876,0.029798806955737334,0.029798806955735557,0.0,0.02979880695573575,0.0,True
8473512,2026-10-06,2026-10-08,2026020046,2026020059,10,10,2026020046,2025021225,"[{""game_id"":2026020046,""game_date"":""2026-10-06"",""sog"":0.0,""toi"":15.47,""sog_per60"":0.0}]","[{""game_id"":2025021225,""game_date"":""2026-04-05"",""sog"":1.0,""toi"":14.02,""sog_per60"":4.279600570613409}]",1,1,0.0,15.47,1.0,14.02,9,9.098951093137876,8.64066119842214,-0.458289894715735,-0.4582898947157332,-0.377401941942303,-0.0808879527734308,-1.0,True
8473533,2026-10-03,2026-10-06,2026020025,2026020045,10,10,2026020025,2025021157,"[{""game_id"":2026020025,""game_date"":""2026-10-03"",""sog"":1.0,""toi"":16.58,""sog_per60"":3.618817852834741}]","[{""game_id"":2025021157,""game_date"":""2026-03-28"",""sog"":2.0,""toi"":17.98,""sog_per60"":6.674082313681868}]",1,1,1.0,16.58,2.0,17.98,9,5.784526391901663,5.469129800680602,-0.31539659122106034,-0.31539659122106034,-0.3630707764362804,0.047674185215219676,-1.0,True
8473533,2026-10-06,2026-10-08,2026020045,2026020061,10,10,2026020045,2025021169,"[{""game_id"":2026020045,""game_date"":""2026-10-06"",""sog"":1.0,""toi"":16.82,""sog_per60"":3.56718192627824}]","[{""game_id"":2025021169,""game_date"":""2026-03-29"",""sog"":2.0,""toi"":17.62,""sog_per60"":6.81044267877412}]",1,1,1.0,16.82,2.0,17.62,9,5.469129800680602,5.129457743038594,-0.3396720576420087,-0.3396720576420096,-0.3654992460835889,0.025827188441580086,-1.0,True
8473986,2026-10-04,2026-10-07,2026020037,2026020055,10,10,2026020037,2025021190,"[{""game_id"":2026020037,""game_date"":""2026-10-04"",""sog"":0.0,""toi"":16.53,""sog_per60"":0.0}]","[{""game_id"":2025021190,""game_date"":""2026-04-01"",""sog"":2.0,""toi"":17.48,""sog_per60"":6.864988558352402}]",1,1,0.0,16.53,2.0,17.48,9,5.628187840769186,4.952246197382384,-0.6759416433868024,-0.6759416433868015,-0.7054936112896729,0.029551967902870496,-2.0,True
8473994,2026-10-03,2026-10-05,2026020030,2026020043,10,10,2026020030,2025021198,"[{""game_id"":2026020030,""game_date"":""2026-10-03"",""sog"":2.0,""toi"":13.2,""sog_per60"":9.090909090909092}]","[{""game_id"":2025021198,""game_date"":""2026-04-02"",""sog"":1.0,""toi"":11.92,""sog_per60"":5.033557046979866}]",1,1,2.0,13.2,1.0,11.92,9,3.2616292614739457,3.6908881199538643,0.4292588584799186,0.4292588584799182,0.46365402617382695,-0.034395167693907845,1.0,True
8473994,2026-10-05,2026-10-08,2026020043,2026020057,10,10,2026020043,2025021209,"[{""game_id"":2026020043,""game_date"":""2026-10-05"",""sog"":4.0,""toi"":14.33,""sog_per60"":16.748080949057922}]","[{""game_id"":2025021209,""game_date"":""2026-04-04"",""sog"":0.0,""toi"":14.4,""sog_per60"":0.0}]",1,1,4.0,14.33,0.0,14.4,9,3.6908881199538643,5.539313740575474,1.8484256206216094,1.848425620621609,1.845940986751045,0.00248463387056419,4.0,True
8474013,2026-10-03,2026-10-06,2026020022,2026020050,10,10,2026020022,2025021216,"[{""game_id"":2026020022,""game_date"":""2026-10-03"",""sog"":1.0,""toi"":20.62,""sog_per60"":2.909796314258002}]","[{""game_id"":2025021216,""game_date"":""2026-04-04"",""sog"":0.0,""toi"":17.45,""sog_per60"":0.0}]",1,1,1.0,20.62,0.0,17.45,9,2.071465561885034,2.3734177215189867,0.3019521596339527,0.30195215963395405,0.34215196740844234,-0.040199807774489546,1.0,True
8474013,2026-10-06,2026-10-08,2026020050,2026020062,10,10,2026020050,2025021241,"[{""game_id"":2026020050,""game_date"":""2026-10-06"",""sog"":1.0,""toi"":19.63,""sog_per60"":3.056546102903719}]","[{""game_id"":2025021241,""game_date"":""2026-04-07"",""sog"":1.0,""toi"":17.83,""sog_per60"":3.365114974761638}]",1,1,1.0,19.63,1.0,17.83,9,2.3734177215189867,2.349518908033117,-0.023898813485869752,-0.02389881348587064,0.0,-0.02389881348587022,0.0,True
8474141,2026-10-03,2026-10-06,2026020022,2026020050,10,10,2026020022,2025021207,"[{""game_id"":2026020022,""game_date"":""2026-10-03"",""sog"":0.0,""toi"":19.02,""sog_per60"":0.0}]","[{""game_id"":2025021207,""game_date"":""2026-04-04"",""sog"":2.0,""toi"":23.1,""sog_per60"":5.194805194805195}]",1,1,0.0,19.02,2.0,23.1,9,6.5923716841940045,6.094627105052124,-0.4977445791418802,-0.4977445791418784,-0.6346923087864178,0.13694772964453866,-2.0,True
8474141,2026-10-06,2026-10-08,2026020050,2026020062,10,10,2026020050,2025021222,"[{""game_id"":2026020050,""game_date"":""2026-10-06"",""sog"":2.0,""toi"":20.92,""sog_per60"":5.736137667304015}]","[{""game_id"":2025021222,""game_date"":""2026-04-05"",""sog"":5.0,""toi"":19.15,""sog_per60"":15.66579634464752}]",1,1,2.0,20.92,5.0,19.15,9,6.094627105052124,5.084207181442643,-1.010419923609481,-1.010419923609481,-0.9577991947117314,-0.052620728897750504,-3.0,True
8474150,2026-10-03,2026-10-04,2026020033,2026020038,10,10,2026020033,2025021201,"[{""game_id"":2026020033,""game_date"":""2026-10-03"",""sog"":3.0,""toi"":18.95,""sog_per60"":9.49868073878628}]","[{""game_id"":2025021201,""game_date"":""2026-04-02"",""sog"":0.0,""toi"":20.33,""sog_per60"":0.0}]",1,1,3.0,18.95,0.0,20.33,9,5.988688033714095,7.040679481448368,1.0519914477342729,1.0519914477342729,1.0019630133891533,0.0500284343451194,3.0,True
8474150,2026-10-04,2026-10-08,2026020038,2026020064,10,10,2026020038,2025021219,"[{""game_id"":2026020038,""game_date"":""2026-10-04"",""sog"":5.0,""toi"":15.27,""sog_per60"":19.646365422396855}]","[{""game_id"":2025021219,""game_date"":""2026-04-04"",""sog"":2.0,""toi"":21.67,""sog_per60"":5.537609598523304}]",1,1,5.0,15.27,2.0,21.67,9,7.040679481448368,8.344923504867872,1.3042440234195034,1.3042440234195034,1.024463396300554,0.27978062711895013,3.0,True
8474151,2026-10-03,2026-10-05,2026020024,2026020040,10,10,2026020024,2025021192,"[{""game_id"":2026020024,""game_date"":""2026-10-03"",""sog"":0.0,""toi"":15.87,""sog_per60"":0.0}]","[{""game_id"":2025021192,""game_date"":""2026-04-02"",""sog"":1.0,""toi"":18.07,""sog_per60"":3.320420586607637}]",1,1,0.0,15.87,1.0,18.07,9,2.627689275743143,2.32725660774644,-0.3004326679967031,-0.30043266799670354,-0.3304631945729779,0.0300305265762748,-1.0,True
8474151,2026-10-05,2026-10-08,2026020040,2026020060,10,10,2026020040,2025021210,"[{""game_id"":2026020040,""game_date"":""2026-10-05"",""sog"":0.0,""toi"":15.35,""sog_per60"":0.0}]","[{""game_id"":2025021210,""game_date"":""2026-04-04"",""sog"":0.0,""toi"":17.13,""sog_per60"":0.0}]",1,1,0.0,15.35,0.0,17.13,9,2.32725660774644,2.3504393082992894,0.023182700552849322,0.023182700552849766,0.0,0.02318270055284904,0.0,True
8474189,2026-10-04,2026-10-06,2026020037,2026020052,10,10,2026020037,2025021208,"[{""game_id"":2026020037,""game_date"":""2026-10-04"",""sog"":2.0,""toi"":11.53,""sog_per60"":10.407632263660018}]","[{""game_id"":2025021208,""game_date"":""2026-04-04"",""sog"":1.0,""toi"":12.58,""sog_per60"":4.769475357710652}]",1,1,2.0,11.53,1.0,12.58,9,2.327566141671192,2.8160200250312895,0.4884538833600973,0.48845388336009643,0.46742494958639336,0.021028933773703587,1.0,True
8474563,2026-10-03,2026-10-06,2026020034,2026020052,10,10,2026020034,2025021204,"[{""game_id"":2026020034,""game_date"":""2026-10-03"",""sog"":0.0,""toi"":20.2,""sog_per60"":0.0}]","[{""game_id"":2025021204,""game_date"":""2026-04-02"",""sog"":1.0,""toi"":26.18,""sog_per60"":2.2918258212375857}]",1,1,0.0,20.2,1.0,26.18,9,3.0850972662610334,2.902374670184697,-0.18272259607633634,-0.18272259607633679,-0.26047184079957475,0.07774924472323824,-1.0,True
8474564,2026-10-03,2026-10-06,2026020030,2026020044,10,10,2026020030,2025021204,"[{""game_id"":2026020030,""game_date"":""2026-10-03"",""sog"":4.0,""toi"":20.03,""sog_per60"":11.982026959560658}]","[{""game_id"":2025021204,""game_date"":""2026-04-02"",""sog"":3.0,""toi"":20.67,""sog_per60"":8.708272859216255}]",1,1,4.0,20.03,3.0,20.67,9,8.651073373918614,9.002250562640658,0.35117718872204406,0.35117718872204406,0.3209595368128432,0.03021765190920262,1.0,True
8474564,2026-10-06,2026-10-08,2026020044,2026020058,10,10,2026020044,2025021220,"[{""game_id"":2026020044,""game_date"":""2026-10-06"",""sog"":3.0,""toi"":19.72,""sog_per60"":9.127789046653144}]","[{""game_id"":2025021220,""game_date"":""2026-04-04"",""sog"":2.0,""toi"":16.23,""sog_per60"":7.393715341959334}]",1,1,3.0,19.72,2.0,16.23,9,9.002250562640658,9.152595865551522,0.15034530291086412,0.15034530291086412,0.3185578513251365,-0.16821254841427383,1.0,True
8474567,2026-10-03,2026-10-06,2026020031,2026020049,10,10,2026020031,2025021046,"[{""game_id"":2026020031,""game_date"":""2026-10-03"",""sog"":0.0,""toi"":15.9,""sog_per60"":0.0}]","[{""game_id"":2025021046,""game_date"":""2026-03-14"",""sog"":1.0,""toi"":12.75,""sog_per60"":4.705882352941177}]",1,1,0.0,15.9,1.0,12.75,9,2.213532059322659,1.7306028266512834,-0.48292923267137566,-0.48292923267137544,-0.4376785592636763,-0.04525067340769956,-1.0,True
8474567,2026-10-06,2026-10-08,2026020049,2026020060,10,10,2026020049,2025021072,"[{""game_id"":2026020049,""game_date"":""2026-10-06"",""sog"":0.0,""toi"":14.2,""sog_per60"":0.0}]","[{""game_id"":2025021072,""game_date"":""2026-03-17"",""sog"":1.0,""toi"":15.83,""sog_per60"":3.7902716361339226}]",1,1,0.0,14.2,1.0,15.83,9,1.7306028266512834,1.3133892739875956,-0.41721355266368776,-0.41721355266368754,-0.4352235656626764,0.01801001299898862,-1.0,True
8474568,2026-10-03,2026-10-04,2026020033,2026020039,10,10,2026020033,2025020950,"[{""game_id"":2026020033,""game_date"":""2026-10-03"",""sog"":0.0,""toi"":8.07,""sog_per60"":0.0}]","[{""game_id"":2025020950,""game_date"":""2026-03-01"",""sog"":1.0,""toi"":13.22,""sog_per60"":4.538577912254159}]",1,1,0.0,8.07,1.0,13.22,9,2.589555459646094,2.240980055277508,-0.34857540436858603,-0.34857540436858603,-0.4398942938315919,0.09131888946300615,-1.0,True
8474574,2026-10-03,2026-10-05,2026020030,2026020043,10,10,2026020030,2025021156,"[{""game_id"":2026020030,""game_date"":""2026-10-03"",""sog"":1.0,""toi"":14.45,""sog_per60"":4.152249134948097}]","[{""game_id"":2025021156,""game_date"":""2026-03-28"",""sog"":0.0,""toi"":16.28,""sog_per60"":0.0}]",1,1,1.0,14.45,0.0,16.28,9,1.9981128933784758,2.355052147583268,0.3569392542047922,0.356939254204792,0.33472741832320163,0.022211835881590758,1.0,True
8474574,2026-10-05,2026-10-08,2026020043,2026020057,10,10,2026020043,2025021172,"[{""game_id"":2026020043,""game_date"":""2026-10-05"",""sog"":0.0,""toi"":17.32,""sog_per60"":0.0}]","[{""game_id"":2025021172,""game_date"":""2026-03-29"",""sog"":0.0,""toi"":15.55,""sog_per60"":0.0}]",1,1,0.0,17.32,0.0,15.55,9,2.355052147583268,2.331908278274388,-0.023143869308880127,-0.023143869308880127,0.0,-0.023143869308880297,0.0,True
8474578,2026-10-03,2026-10-05,2026020026,2026020042,10,10,2026020026,2025021156,"[{""game_id"":2026020026,""game_date"":""2026-10-03"",""sog"":0.0,""toi"":19.63,""sog_per60"":0.0}]","[{""game_id"":2025021156,""game_date"":""2026-03-28"",""sog"":1.0,""toi"":24.78,""sog_per60"":2.4213075060532687}]",1,1,0.0,19.63,1.0,24.78,9,5.322377328540081,5.166475315729047,-0.15590201281103422,-0.15590201281103333,-0.2835757644920663,0.12767375168103193,-1.0,True
8474578,2026-10-05,2026-10-07,2026020042,2026020053,10,10,2026020042,2025021173,"[{""game_id"":2026020042,""game_date"":""2026-10-05"",""sog"":1.0,""toi"":24.0,""sog_per60"":2.5}]","[{""game_id"":2025021173,""game_date"":""2026-03-30"",""sog"":2.0,""toi"":19.68,""sog_per60"":6.097560975609756}]",1,1,1.0,24.0,2.0,19.68,9,5.166475315729047,4.780652418447694,-0.38582289728135244,-0.3858228972813533,-0.28412062728668674,-0.10170226999466642,-1.0,True
8474586,2026-10-03,2026-10-04,2026020028,2026020038,10,10,2026020028,2025021221,"[{""game_id"":2026020028,""game_date"":""2026-10-03"",""sog"":1.0,""toi"":17.17,""sog_per60"":3.4944670937682}]","[{""game_id"":2025021221,""game_date"":""2026-04-04"",""sog"":1.0,""toi"":18.95,""sog_per60"":3.16622691292876}]",1,1,1.0,17.17,1.0,18.95,9,5.404796757121946,5.459508644222021,0.05471188710007535,0.05471188710007446,0.0,0.05471188710007541,0.0,True
8474586,2026-10-04,2026-10-06,2026020038,2026020051,10,10,2026020038,2025021230,"[{""game_id"":2026020038,""game_date"":""2026-10-04"",""sog"":2.0,""toi"":14.05,""sog_per60"":8.540925266903914}]","[{""game_id"":2025021230,""game_date"":""2026-04-06"",""sog"":4.0,""toi"":16.62,""sog_per60"":14.440433212996387}]",1,1,2.0,14.05,4.0,16.62,9,5.459508644222021,4.8479252034397184,-0.6115834407823026,-0.6115834407823018,-0.6874996619381419,0.07591622115584008,-2.0,True
8474590,2026-10-03,2026-10-05,2026020024,2026020040,10,10,2026020024,2025021190,"[{""game_id"":2026020024,""game_date"":""2026-10-03"",""sog"":0.0,""toi"":20.58,""sog_per60"":0.0}]","[{""game_id"":2025021190,""game_date"":""2026-04-01"",""sog"":2.0,""toi"":26.22,""sog_per60"":4.576659038901602}]",1,1,0.0,20.58,2.0,26.22,9,6.891271056661562,6.537656903765691,-0.3536141528958714,-0.3536141528958723,-0.5167385375084633,0.16312438461259318,-2.0,True
8474590,2026-10-05,2026-10-08,2026020040,2026020060,10,10,2026020040,2025021206,"[{""game_id"":2026020040,""game_date"":""2026-10-05"",""sog"":1.0,""toi"":17.85,""sog_per60"":3.3613445378151257}]","[{""game_id"":2025021206,""game_date"":""2026-04-03"",""sog"":3.0,""toi"":21.95,""sog_per60"":8.200455580865604}]",1,1,1.0,17.85,3.0,21.95,9,6.537656903765691,6.124079169255348,-0.4135777345103433,-0.4135777345103424,-0.527770587857382,0.11419285334703808,-2.0,True
8474600,2026-10-03,2026-10-06,2026020030,2026020044,10,10,2026020030,2025021168,"[{""game_id"":2026020030,""game_date"":""2026-10-03"",""sog"":0.0,""toi"":24.63,""sog_per60"":0.0}]","[{""game_id"":2025021168,""game_date"":""2026-03-29"",""sog"":4.0,""toi"":27.08,""sog_per60"":8.862629246676514}]",1,1,0.0,24.63,4.0,27.08,9,6.9179389312977095,6.022403340426386,-0.8955355908713232,-0.8955355908713232,-0.9588915038753323,0.06335591300400818,-4.0,True
8474600,2026-10-06,2026-10-08,2026020044,2026020058,10,10,2026020044,2025021204,"[{""game_id"":2026020044,""game_date"":""2026-10-06"",""sog"":1.0,""toi"":26.55,""sog_per60"":2.2598870056497176}]","[{""game_id"":2025021204,""game_date"":""2026-04-02"",""sog"":4.0,""toi"":27.82,""sog_per60"":8.626887131560029}]",1,1,1.0,26.55,4.0,27.82,9,6.022403340426386,5.326876513317191,-0.6955268271091954,-0.6955268271091954,-0.7245403263335735,0.029013499224378382,-3.0,True
8474716,2026-10-03,2026-10-06,2026020031,2026020049,10,10,2026020031,2025021127,"[{""game_id"":2026020031,""game_date"":""2026-10-03"",""sog"":1.0,""toi"":20.1,""sog_per60"":2.9850746268656714}]","[{""game_id"":2025021127,""game_date"":""2026-03-24"",""sog"":0.0,""toi"":19.8,""sog_per60"":0.0}]",1,1,1.0,20.1,0.0,19.8,9,3.7340876944837342,4.066647839593336,0.33256014510960163,0.33256014510960075,0.33917491882322537,-0.006614773713624145,1.0,True
8474716,2026-10-06,2026-10-08,2026020049,2026020060,10,10,2026020049,2025021140,"[{""game_id"":2026020049,""game_date"":""2026-10-06"",""sog"":0.0,""toi"":21.82,""sog_per60"":0.0}]","[{""game_id"":2025021140,""game_date"":""2026-03-26"",""sog"":1.0,""toi"":14.53,""sog_per60"":4.129387474191328}]",1,1,0.0,21.82,1.0,14.53,9,4.066647839593336,3.58034067483997,-0.48630716475336566,-0.4863071647533652,-0.332186417930327,-0.1541207468230381,-1.0,True
8475151,2026-10-03,2026-10-06,2026020029,2026020048,10,10,2026020029,2025020300,"[{""game_id"":2026020029,""game_date"":""2026-10-03"",""sog"":2.0,""toi"":14.62,""sog_per60"":8.207934336525307}]","[{""game_id"":2025020300,""game_date"":""2025-11-16"",""sog"":3.0,""toi"":22.32,""sog_per60"":8.064516129032258}]",1,1,2.0,14.62,3.0,22.32,9,8.167265599477295,8.18367810866106,0.016412509183764357,0.016412509183764357,-0.33383860591998465,0.350251115103749,-1.0,True
8475151,2026-10-06,2026-10-08,2026020048,2026020062,10,10,2026020048,2025020310,"[{""game_id"":2026020048,""game_date"":""2026-10-06"",""sog"":2.0,""toi"":16.62,""sog_per60"":7.220216606498195}]","[{""game_id"":2025020310,""game_date"":""2025-11-18"",""sog"":3.0,""toi"":20.03,""sog_per60"":8.986520219670494}]",1,1,2.0,16.62,3.0,20.03,9,8.18367810866106,7.997681831353231,-0.18599627730782853,-0.18599627730782853,-0.3443559424381176,0.15835966513028826,-1.0,True
8475158,2026-10-03,2026-10-06,2026020030,2026020044,10,10,2026020030,2025021204,"[{""game_id"":2026020030,""game_date"":""2026-10-03"",""sog"":1.0,""toi"":19.88,""sog_per60"":3.018108651911469}]","[{""game_id"":2025021204,""game_date"":""2026-04-02"",""sog"":4.0,""toi"":22.65,""sog_per60"":10.596026490066226}]",1,1,1.0,19.88,4.0,22.65,9,5.737508964857758,4.942339373970346,-0.7951695908874123,-0.7951695908874115,-0.8664019406558331,0.0712323497684214,-3.0,True
8475158,2026-10-06,2026-10-08,2026020044,2026020058,10,10,2026020044,2025021220,"[{""game_id"":2026020044,""game_date"":""2026-10-06"",""sog"":1.0,""toi"":23.67,""sog_per60"":2.5348542458808616}]","[{""game_id"":2025021220,""game_date"":""2026-04-04"",""sog"":1.0,""toi"":21.43,""sog_per60"":2.7998133457769483}]",1,1,1.0,23.67,1.0,21.43,9,4.942339373970346,4.8892723612309466,-0.05306701273939929,-0.05306701273939929,0.0,-0.05306701273940038,0.0,True
8475166,2026-10-03,2026-10-06,2026020023,2026020044,10,10,2026020023,2025021217,"[{""game_id"":2026020023,""game_date"":""2026-10-03"",""sog"":3.0,""toi"":18.05,""sog_per60"":9.972299168975068}]","[{""game_id"":2025021217,""game_date"":""2026-04-04"",""sog"":1.0,""toi"":20.35,""sog_per60"":2.9484029484029484}]",1,1,3.0,18.05,1.0,20.35,9,6.764374295377677,7.501223025493286,0.736848730115609,0.736848730115609,0.6482531932278376,0.08859553688777164,2.0,True
8475166,2026-10-06,2026-10-08,2026020044,2026020065,10,10,2026020044,2025021245,"[{""game_id"":2026020044,""game_date"":""2026-10-06"",""sog"":6.0,""toi"":18.77,""sog_per60"":19.179541822056475}]","[{""game_id"":2025021245,""game_date"":""2026-04-08"",""sog"":3.0,""toi"":19.53,""sog_per60"":9.216589861751151}]",1,1,6.0,18.77,3.0,19.53,9,7.501223025493286,8.514819060094972,1.0135960346016857,1.0135960346016866,0.9804497584741049,0.03314627612758127,3.0,True
8475167,2026-10-03,2026-10-05,2026020024,2026020040,10,10,2026020024,2025020994,"[{""game_id"":2026020024,""game_date"":""2026-10-03"",""sog"":1.0,""toi"":13.57,""sog_per60"":4.421518054532056}]","[{""game_id"":2025020994,""game_date"":""2026-03-07"",""sog"":2.0,""toi"":20.9,""sog_per60"":5.741626794258373}]",1,1,1.0,13.57,2.0,20.9,9,4.690117252931324,4.540955929440531,-0.1491613234907927,-0.1491613234907918,-0.34215633873701823,0.19299501524622625,-1.0,True
8475167,2026-10-05,2026-10-08,2026020040,2026020060,10,10,2026020040,2025021003,"[{""game_id"":2026020040,""game_date"":""2026-10-05"",""sog"":1.0,""toi"":16.02,""sog_per60"":3.745318352059925}]","[{""game_id"":2025021003,""game_date"":""2026-03-08"",""sog"":3.0,""toi"":20.12,""sog_per60"":8.946322067594433}]",1,1,1.0,16.02,3.0,20.12,9,4.540955929440531,3.936303453211666,-0.604652476228865,-0.6046524762288654,-0.707150070738444,0.10249759450957893,-2.0,True
8475170,2026-10-03,2026-10-06,2026020029,2026020048,10,10,2026020029,2025021173,"[{""game_id"":2026020029,""game_date"":""2026-10-03"",""sog"":4.0,""toi"":14.67,""sog_per60"":16.359918200409}]","[{""game_id"":2025021173,""game_date"":""2026-03-30"",""sog"":1.0,""toi"":16.15,""sog_per60"":3.715170278637771}]",1,1,4.0,14.67,1.0,16.15,9,4.0869614576829205,5.151983513652757,1.0650220559698367,1.0650220559698367,1.0260685335756408,0.038953522394196145,3.0,True
8475170,2026-10-06,2026-10-08,2026020048,2026020062,10,10,2026020048,2025021179,"[{""game_id"":2026020048,""game_date"":""2026-10-06"",""sog"":2.0,""toi"":16.27,""sog_per60"":7.375537799631223}]","[{""game_id"":2025021179,""game_date"":""2026-03-31"",""sog"":1.0,""toi"":18.9,""sog_per60"":3.174603174603175}]",1,1,2.0,16.27,1.0,18.9,9,5.151983513652757,5.579449029408347,0.42746551575559,0.42746551575559,0.3460905659574361,0.08137494979815368,1.0,True
8475171,2026-10-03,2026-10-06,2026020023,2026020044,10,10,2026020023,2025021202,"[{""game_id"":2026020023,""game_date"":""2026-10-03"",""sog"":0.0,""toi"":17.13,""sog_per60"":0.0}]","[{""game_id"":2025021202,""game_date"":""2026-04-02"",""sog"":0.0,""toi"":7.05,""sog_per60"":0.0}]",1,1,0.0,17.13,0.0,7.05,9,2.59361322742746,2.459646425826288,-0.13396680160117214,-0.13396680160117258,0.0,-0.13396680160117191,0.0,True
8475171,2026-10-06,2026-10-08,2026020044,2026020065,10,10,2026020044,2025021245,"[{""game_id"":2026020044,""game_date"":""2026-10-06"",""sog"":0.0,""toi"":17.45,""sog_per60"":0.0}]","[{""game_id"":2025021245,""game_date"":""2026-04-08"",""sog"":1.0,""toi"":20.67,""sog_per60"":2.9027576197387517}]",1,1,0.0,17.45,1.0,20.67,9,2.459646425826288,2.188297816912416,-0.2713486089138719,-0.27134860891387147,-0.31003488853645844,0.038686279622586556,-1.0,True
8475172,2026-10-03,2026-10-07,2026020032,2026020054,10,10,2026020032,2025021145,"[{""game_id"":2026020032,""game_date"":""2026-10-03"",""sog"":4.0,""toi"":18.45,""sog_per60"":13.008130081300814}]","[{""game_id"":2025021145,""game_date"":""2026-03-26"",""sog"":2.0,""toi"":16.18,""sog_per60"":7.416563658838072}]",1,1,4.0,18.45,2.0,16.18,9,8.128507838203987,8.774160732451678,0.6456528942476911,0.6456528942476911,0.7685570510562669,-0.12290415680857575,2.0,True
8475172,2026-10-07,2026-10-08,2026020054,2026020064,10,10,2026020054,2025021162,"[{""game_id"":2026020054,""game_date"":""2026-10-07"",""sog"":4.0,""toi"":18.1,""sog_per60"":13.259668508287293}]","[{""game_id"":2025021162,""game_date"":""2026-03-28"",""sog"":0.0,""toi"":14.47,""sog_per60"":0.0}]",1,1,4.0,18.1,0.0,14.47,9,8.774160732451678,10.06773973028401,1.2935789978323324,1.2935789978323307,1.5087289970136153,-0.215149999181285,4.0,True
8475179,2026-10-04,2026-10-06,2026020037,2026020052,10,10,2026020037,2025021140,"[{""game_id"":2026020037,""game_date"":""2026-10-04"",""sog"":0.0,""toi"":17.82,""sog_per60"":0.0}]","[{""game_id"":2025021140,""game_date"":""2026-03-26"",""sog"":1.0,""toi"":21.05,""sog_per60"":2.850356294536817}]",1,1,0.0,17.82,1.0,21.05,9,3.14520356456404,2.8493410898729667,-0.2958624746910732,-0.2958624746910732,-0.35281734948172927,0.056954874790656015,-1.0,True
8475184,2026-10-03,2026-10-06,2026020026,2026020045,10,10,2026020026,2025021176,"[{""game_id"":2026020026,""game_date"":""2026-10-03"",""sog"":1.0,""toi"":14.95,""sog_per60"":4.013377926421405}]","[{""game_id"":2025021176,""game_date"":""2026-03-30"",""sog"":3.0,""toi"":22.02,""sog_per60"":8.174386920980927}]",1,1,1.0,14.95,3.0,22.02,9,6.850138204542723,6.401004079071227,-0.44913412547149534,-0.4491341254714962,-0.7370632414228471,0.2879291159513519,-2.0,True
8475184,2026-10-06,2026-10-08,2026020045,2026020058,10,10,2026020045,2025021190,"[{""game_id"":2026020045,""game_date"":""2026-10-06"",""sog"":1.0,""toi"":14.5,""sog_per60"":4.137931034482759}]","[{""game_id"":2025021190,""game_date"":""2026-04-01"",""sog"":4.0,""toi"":18.37,""sog_per60"":13.0647795318454}]",1,1,1.0,14.5,4.0,18.37,9,6.401004079071227,5.402624131721122,-0.9983799473501049,-0.9983799473501058,-1.143647063106657,0.14526711575655166,-3.0,True
8475188,2026-10-04,2026-10-06,2026020039,2026020051,10,10,2026020039,2025021218,"[{""game_id"":2026020039,""game_date"":""2026-10-04"",""sog"":1.0,""toi"":19.0,""sog_per60"":3.1578947368421053}]","[{""game_id"":2025021218,""game_date"":""2026-04-04"",""sog"":1.0,""toi"":22.57,""sog_per60"":2.658396101019052}]",1,1,1.0,19.0,1.0,22.57,9,3.3700980392156863,3.4326728038695586,0.06257476465387235,0.0625747646538719,0.0,0.06257476465387238,0.0,True
8475188,2026-10-06,2026-10-08,2026020051,2026020065,10,10,2026020051,2025021242,"[{""game_id"":2026020051,""game_date"":""2026-10-06"",""sog"":2.0,""toi"":19.62,""sog_per60"":6.116207951070336}]","[{""game_id"":2025021242,""game_date"":""2026-04-07"",""sog"":1.0,""toi"":21.38,""sog_per60"":2.8063610851262863}]",1,1,2.0,19.62,1.0,21.38,9,3.4326728038695586,3.77932916907249,0.3466563652029313,0.3466563652029313,0.31350263070542456,0.03315373449750663,1.0,True
8475200,2026-10-03,2026-10-05,2026020034,2026020043,10,10,2026020034,2025021220,"[{""game_id"":2026020034,""game_date"":""2026-10-03"",""sog"":1.0,""toi"":18.2,""sog_per60"":3.2967032967032965}]","[{""game_id"":2025021220,""game_date"":""2026-04-04"",""sog"":3.0,""toi"":22.68,""sog_per60"":7.936507936507936}]",1,1,1.0,18.2,3.0,22.68,9,5.005889281507656,4.516258530710559,-0.4896307507970974,-0.4896307507970983,-0.595547977430174,0.10591722663307601,-2.0,True
8475200,2026-10-05,2026-10-08,2026020043,2026020063,10,10,2026020043,2025021231,"[{""game_id"":2026020043,""game_date"":""2026-10-05"",""sog"":0.0,""toi"":19.32,""sog_per60"":0.0}]","[{""game_id"":2025021231,""game_date"":""2026-04-06"",""sog"":3.0,""toi"":20.8,""sog_per60"":8.653846153846153}]",1,1,0.0,19.32,3.0,20.8,9,4.516258530710559,3.6400404448938324,-0.8762180858167263,-0.8762180858167259,-0.906630908682785,0.03041282286605891,-3.0,True
8475208,2026-10-03,2026-10-06,2026020034,2026020052,10,10,2026020034,2025021204,"[{""game_id"":2026020034,""game_date"":""2026-10-03"",""sog"":0.0,""toi"":14.93,""sog_per60"":0.0}]","[{""game_id"":2025021204,""game_date"":""2026-04-02"",""sog"":0.0,""toi"":17.55,""sog_per60"":0.0}]",1,1,0.0,14.93,0.0,17.55,9,1.3945380592678673,1.416096294548029,0.021558235280161764,0.021558235280161542,0.0,0.021558235280161805,0.0,True
8475218,2026-10-03,2026-10-07,2026020028,2026020055,10,10,2026020028,2025021187,"[{""game_id"":2026020028,""game_date"":""2026-10-03"",""sog"":0.0,""toi"":22.68,""sog_per60"":0.0}]","[{""game_id"":2025021187,""game_date"":""2026-03-31"",""sog"":1.0,""toi"":18.45,""sog_per60"":3.2520325203252036}]",1,1,0.0,22.68,1.0,18.45,9,2.1358828315703824,1.792203912978543,-0.3436789185918394,-0.34367891859183897,-0.3019133854794297,-0.04176553311240976,-1.0,True
8475220,2026-10-03,2026-10-06,2026020031,2026020049,10,10,2026020031,2025021140,"[{""game_id"":2026020031,""game_date"":""2026-10-03"",""sog"":1.0,""toi"":12.07,""sog_per60"":4.971002485501243}]","[{""game_id"":2025021140,""game_date"":""2026-03-26"",""sog"":2.0,""toi"":12.03,""sog_per60"":9.975062344139651}]",1,1,1.0,12.07,2.0,12.03,9,5.963720699080593,5.464933344373602,-0.498787354706991,-0.4987873547069901,-0.49689442356958236,-0.0018929311374076517,-1.0,True
8475220,2026-10-06,2026-10-08,2026020049,2026020060,10,10,2026020049,2025021155,"[{""game_id"":2026020049,""game_date"":""2026-10-06"",""sog"":1.0,""toi"":13.42,""sog_per60"":4.470938897168406}]","[{""game_id"":2025021155,""game_date"":""2026-03-28"",""sog"":2.0,""toi"":12.65,""sog_per60"":9.48616600790514}]",1,1,1.0,13.42,2.0,12.65,9,5.464933344373602,4.936646371564917,-0.5282869728086848,-0.5282869728086856,-0.4952383796861369,-0.03304859312254903,-1.0,True
8475231,2026-10-03,2026-10-06,2026020029,2026020048,10,10,2026020029,2025021179,"[{""game_id"":2026020029,""game_date"":""2026-10-03"",""sog"":4.0,""toi"":14.08,""sog_per60"":17.045454545454547}]","[{""game_id"":2025021179,""game_date"":""2026-03-31"",""sog"":1.0,""toi"":13.28,""sog_per60"":4.518072289156627}]",1,1,4.0,14.08,1.0,13.28,9,5.722915507511326,7.108443250928047,1.3855277434167208,1.38552774341672,1.4262087635317204,-0.04068102011499991,3.0,True
8475231,2026-10-06,2026-10-08,2026020048,2026020062,10,10,2026020048,2025021205,"[{""game_id"":2026020048,""game_date"":""2026-10-06"",""sog"":0.0,""toi"":13.43,""sog_per60"":0.0}]","[{""game_id"":2025021205,""game_date"":""2026-04-03"",""sog"":0.0,""toi"":12.07,""sog_per60"":0.0}]",1,1,0.0,13.43,0.0,12.07,9,7.108443250928047,7.032898335547394,-0.07554491538065289,-0.07554491538065289,0.0,-0.07554491538065197,0.0,True
8475279,2026-10-04,2026-10-06,2026020035,2026020046,10,10,2026020035,2025021207,"[{""game_id"":2026020035,""game_date"":""2026-10-04"",""sog"":1.0,""toi"":17.38,""sog_per60"":3.4522439585730726}]","[{""game_id"":2025021207,""game_date"":""2026-04-04"",""sog"":1.0,""toi"":15.72,""sog_per60"":3.816793893129771}]",1,1,1.0,17.38,1.0,15.72,9,3.9095784672447498,3.8773176915046976,-0.03226077574005215,-0.03226077574005215,0.0,-0.03226077574005197,0.0,True
8475287,2026-10-03,2026-10-06,2026020034,2026020052,10,10,2026020034,2025021204,"[{""game_id"":2026020034,""game_date"":""2026-10-03"",""sog"":2.0,""toi"":14.75,""sog_per60"":8.135593220338983}]","[{""game_id"":2025021204,""game_date"":""2026-04-02"",""sog"":1.0,""toi"":16.52,""sog_per60"":3.6319612590799033}]",1,1,2.0,14.75,1.0,16.52,9,7.4710496824803885,7.93201133144476,0.4609616489643713,0.4609616489643704,0.37563365471545634,0.08532799424891566,1.0,True
8475314,2026-10-03,2026-10-04,2026020027,2026020036,10,10,2026020027,2025021179,"[{""game_id"":2026020027,""game_date"":""2026-10-03"",""sog"":1.0,""toi"":13.78,""sog_per60"":4.354136429608127}]","[{""game_id"":2025021179,""game_date"":""2026-03-31"",""sog"":2.0,""toi"":14.17,""sog_per60"":8.468595624558928}]",1,1,1.0,13.78,2.0,14.17,9,11.04754389425922,10.680379746835442,-0.3671641474237788,-0.3671641474237788,-0.3950623796669255,0.02789823224314562,-1.0,True
8475314,2026-10-04,2026-10-06,2026020036,2026020047,10,10,2026020036,2025021205,"[{""game_id"":2026020036,""game_date"":""2026-10-04"",""sog"":1.0,""toi"":12.98,""sog_per60"":4.622496147919876}]","[{""game_id"":2025021205,""game_date"":""2026-04-03"",""sog"":3.0,""toi"":17.62,""sog_per60"":10.21566401816118}]",1,1,1.0,12.98,3.0,17.62,9,10.680379746835442,10.201305767138194,-0.4790739796972474,-0.4790739796972492,-0.8036218509386922,0.32454787124144396,-2.0,True
8475314,2026-10-06,2026-10-08,2026020047,2026020056,10,10,2026020047,2025021214,"[{""game_id"":2026020047,""game_date"":""2026-10-06"",""sog"":2.0,""toi"":10.82,""sog_per60"":11.090573012939002}]","[{""game_id"":2025021214,""game_date"":""2026-04-04"",""sog"":4.0,""toi"":16.77,""sog_per60"":14.311270125223611}]",1,1,2.0,10.82,4.0,16.77,9,10.201305767138194,9.780990856899852,-0.4203149102383428,-0.4203149102383428,-0.8333127027246516,0.41299779248630847,-2.0,True
8475343,2026-10-04,2026-10-06,2026020039,2026020051,10,10,2026020039,2025021218,"[{""game_id"":2026020039,""game_date"":""2026-10-04"",""sog"":1.0,""toi"":11.18,""sog_per60"":5.366726296958856}]","[{""game_id"":2025021218,""game_date"":""2026-04-04"",""sog"":2.0,""toi"":12.97,""sog_per60"":9.252120277563607}]",1,1,1.0,11.18,2.0,12.97,9,5.056037751748546,4.620123203285421,-0.43591454846312505,-0.43591454846312505,-0.5094753988810617,0.07356085041793708,-1.0,True
8475343,2026-10-06,2026-10-08,2026020051,2026020065,10,10,2026020051,2025021242,"[{""game_id"":2026020051,""game_date"":""2026-10-06"",""sog"":0.0,""toi"":13.83,""sog_per60"":0.0}]","[{""game_id"":2025021242,""game_date"":""2026-04-07"",""sog"":2.0,""toi"":12.92,""sog_per60"":9.287925696594428}]",1,1,0.0,13.83,2.0,12.92,9,4.620123203285421,3.56566771372782,-1.054455489557601,-1.0544554895576002,-1.0227281245483861,-0.0317273650092148,-2.0,True
8475455,2026-10-03,2026-10-06,2026020029,2026020047,10,10,2026020029,2025021212,"[{""game_id"":2026020029,""game_date"":""2026-10-03"",""sog"":0.0,""toi"":13.22,""sog_per60"":0.0}]","[{""game_id"":2025021212,""game_date"":""2026-04-04"",""sog"":0.0,""toi"":15.25,""sog_per60"":0.0}]",1,1,0.0,13.22,0.0,15.25,9,2.6401188053462405,2.6699299143397486,0.02981110899350803,0.029811108993508473,0.0,0.029811108993507973,0.0,True
8475462,2026-10-04,2026-10-06,2026020037,2026020052,10,10,2026020037,2025021022,"[{""game_id"":2026020037,""game_date"":""2026-10-04"",""sog"":0.0,""toi"":15.78,""sog_per60"":0.0}]","[{""game_id"":2025021022,""game_date"":""2026-03-10"",""sog"":0.0,""toi"":16.23,""sog_per60"":0.0}]",1,1,0.0,15.78,0.0,16.23,9,3.4008097165991904,3.4132466477041854,0.012436931104994997,0.012436931104994997,0.0,0.012436931104995129,0.0,True
8475690,2026-10-03,2026-10-06,2026020023,2026020044,10,10,2026020023,2025020079,"[{""game_id"":2026020023,""game_date"":""2026-10-03"",""sog"":0.0,""toi"":17.47,""sog_per60"":0.0}]","[{""game_id"":2025020079,""game_date"":""2025-10-18"",""sog"":3.0,""toi"":20.53,""sog_per60"":8.767657087189479}]",1,1,0.0,17.47,3.0,20.53,9,2.360080917060013,1.3722126929674099,-0.9878682240926033,-0.9878682240926036,-1.0203113849470673,0.0324431608544639,-3.0,True
8475690,2026-10-06,2026-10-08,2026020044,2026020065,10,10,2026020044,2025020098,"[{""game_id"":2026020044,""game_date"":""2026-10-06"",""sog"":0.0,""toi"":18.63,""sog_per60"":0.0}]","[{""game_id"":2025020098,""game_date"":""2025-10-21"",""sog"":0.0,""toi"":5.95,""sog_per60"":0.0}]",1,1,0.0,18.63,0.0,5.95,9,1.3722126929674099,1.2794540995841774,-0.09275859338323245,-0.09275859338323267,0.0,-0.0927585933832327,0.0,True
8475692,2026-10-03,2026-10-06,2026020034,2026020052,10,10,2026020034,2025021127,"[{""game_id"":2026020034,""game_date"":""2026-10-03"",""sog"":1.0,""toi"":19.3,""sog_per60"":3.1088082901554404}]","[{""game_id"":2025021127,""game_date"":""2026-03-24"",""sog"":1.0,""toi"":15.8,""sog_per60"":3.797468354430379}]",1,1,1.0,19.3,1.0,15.8,9,5.117707267144319,5.017841213202497,-0.09986605394182213,-0.09986605394182124,0.0,-0.0998660539418223,0.0,True
8475726,2026-10-03,2026-10-05,2026020034,2026020043,10,10,2026020034,2025021220,"[{""game_id"":2026020034,""game_date"":""2026-10-03"",""sog"":3.0,""toi"":14.52,""sog_per60"":12.396694214876034}]","[{""game_id"":2025021220,""game_date"":""2026-04-04"",""sog"":2.0,""toi"":14.87,""sog_per60"":8.069939475453934}]",1,1,3.0,14.52,2.0,14.87,9,7.024116132053384,7.512912818907497,0.4887966868541138,0.4887966868541138,0.4689157299926387,0.019880956861474737,1.0,True
8475726,2026-10-05,2026-10-08,2026020043,2026020063,10,10,2026020043,2025021231,"[{""game_id"":2026020043,""game_date"":""2026-10-05"",""sog"":3.0,""toi"":14.08,""sog_per60"":12.78409090909091}]","[{""game_id"":2025021231,""game_date"":""2026-04-06"",""sog"":2.0,""toi"":14.27,""sog_per60"":8.409250175192712}]",1,1,3.0,14.08,2.0,14.27,9,7.512912818907497,7.994356924523865,0.48144410561636786,0.48144410561636786,0.4699066704297965,0.011537435186571646,1.0,True
8475753,2026-10-04,2026-10-06,2026020035,2026020046,10,10,2026020035,2025021183,"[{""game_id"":2026020035,""game_date"":""2026-10-04"",""sog"":3.0,""toi"":19.53,""sog_per60"":9.216589861751151}]","[{""game_id"":2025021183,""game_date"":""2026-03-31"",""sog"":2.0,""toi"":22.67,""sog_per60"":5.29333921482135}]",1,1,3.0,19.53,2.0,22.67,9,6.581243456149973,6.989819176416956,0.40857572026698374,0.4085757202669855,0.3015263057041723,0.10704941456281189,1.0,True
8475754,2026-10-03,2026-10-07,2026020032,2026020054,10,10,2026020032,2025021188,"[{""game_id"":2026020032,""game_date"":""2026-10-03"",""sog"":1.0,""toi"":16.18,""sog_per60"":3.708281829419036}]","[{""game_id"":2025021188,""game_date"":""2026-04-01"",""sog"":2.0,""toi"":22.48,""sog_per60"":5.338078291814947}]",1,1,1.0,16.18,2.0,22.48,9,5.01541194294969,4.86197396142834,-0.1534379815213498,-0.1534379815213498,-0.3187974219314558,0.16535944041010625,-1.0,True
8475754,2026-10-07,2026-10-08,2026020054,2026020064,10,10,2026020054,2025021209,"[{""game_id"":2026020054,""game_date"":""2026-10-07"",""sog"":0.0,""toi"":16.83,""sog_per60"":0.0}]","[{""game_id"":2025021209,""game_date"":""2026-04-04"",""sog"":3.0,""toi"":21.63,""sog_per60"":8.321775312066574}]",1,1,0.0,16.83,3.0,21.63,9,4.86197396142834,3.9931229549109872,-0.8688510065173531,-0.8688510065173527,-0.9853377655067074,0.11648675898935403,-3.0,True
8475764,2026-10-03,2026-10-06,2026020032,2026020050,10,10,2026020032,2025021206,"[{""game_id"":2026020032,""game_date"":""2026-10-03"",""sog"":1.0,""toi"":23.4,""sog_per60"":2.5641025641025643}]","[{""game_id"":2025021206,""game_date"":""2026-04-03"",""sog"":0.0,""toi"":20.32,""sog_per60"":0.0}]",1,1,1.0,23.4,0.0,20.32,9,2.915451895043732,3.159708923783991,0.24425702874025879,0.24425702874025923,0.2893957276514589,-0.04513869891120001,1.0,True
8475764,2026-10-06,2026-10-08,2026020050,2026020063,10,10,2026020050,2025021228,"[{""game_id"":2026020050,""game_date"":""2026-10-06"",""sog"":2.0,""toi"":23.08,""sog_per60"":5.199306759098787}]","[{""game_id"":2025021228,""game_date"":""2026-04-05"",""sog"":0.0,""toi"":21.83,""sog_per60"":0.0}]",1,1,2.0,23.08,0.0,21.83,9,3.159708923783991,3.711987817065626,0.5522788932816352,0.5522788932816352,0.5727837901882081,-0.02050489690657277,2.0,True
8475768,2026-10-03,2026-10-07,2026020032,2026020054,10,10,2026020032,2025021203,"[{""game_id"":2026020032,""game_date"":""2026-10-03"",""sog"":4.0,""toi"":14.23,""sog_per60"":16.865776528460998}]","[{""game_id"":2025021203,""game_date"":""2026-04-02"",""sog"":1.0,""toi"":15.78,""sog_per60"":3.8022813688212937}]",1,1,4.0,14.23,1.0,15.78,9,3.997601439136518,5.251110811902518,1.253509372766,1.253509372766,1.2055376172438452,0.04797175552215488,3.0,True
8475768,2026-10-07,2026-10-08,2026020054,2026020064,10,10,2026020054,2025021221,"[{""game_id"":2026020054,""game_date"":""2026-10-07"",""sog"":2.0,""toi"":13.28,""sog_per60"":9.036144578313252}]","[{""game_id"":2025021221,""game_date"":""2026-04-04"",""sog"":1.0,""toi"":14.13,""sog_per60"":4.246284501061571}]",1,1,2.0,13.28,1.0,14.13,9,5.251110811902518,5.687588868576071,0.4364780566735531,0.4364780566735531,0.40509397433550604,0.031384082338047424,1.0,True
8475791,2026-10-03,2026-10-06,2026020025,2026020045,10,10,2026020025,2025021197,"[{""game_id"":2026020025,""game_date"":""2026-10-03"",""sog"":2.0,""toi"":14.5,""sog_per60"":8.275862068965518}]","[{""game_id"":2025021197,""game_date"":""2026-04-02"",""sog"":1.0,""toi"":13.83,""sog_per60"":4.3383947939262475}]",1,1,2.0,14.5,1.0,13.83,9,6.865479510834584,7.259786476868327,0.39430696603374304,0.39430696603374216,0.4280693663861786,-0.03376240035243554,1.0,True
8475791,2026-10-06,2026-10-08,2026020045,2026020061,10,10,2026020045,2025021214,"[{""game_id"":2026020045,""game_date"":""2026-10-06"",""sog"":4.0,""toi"":13.12,""sog_per60"":18.29268292682927}]","[{""game_id"":2025021214,""game_date"":""2026-04-04"",""sog"":1.0,""toi"":16.07,""sog_per60"":3.73366521468575}]",1,1,4.0,13.12,1.0,16.07,9,7.259786476868327,8.724100327153762,1.4643138502854347,1.4643138502854347,1.2948769195543255,0.1694369307311086,3.0,True
8475794,2026-10-03,2026-10-05,2026020030,2026020043,10,10,2026020030,2025020310,"[{""game_id"":2026020030,""game_date"":""2026-10-03"",""sog"":3.0,""toi"":12.57,""sog_per60"":14.31980906921241}]","[{""game_id"":2025020310,""game_date"":""2025-11-18"",""sog"":0.0,""toi"":17.35,""sog_per60"":0.0}]",1,1,3.0,12.57,0.0,17.35,9,3.62732585477262,4.99687695190506,1.3695510971324398,1.3695510971324385,1.2291639281169027,0.14038716901553686,3.0,True
8475794,2026-10-05,2026-10-08,2026020043,2026020057,10,10,2026020043,2025020328,"[{""game_id"":2026020043,""game_date"":""2026-10-05"",""sog"":2.0,""toi"":16.47,""sog_per60"":7.285974499089254}]","[{""game_id"":2025020328,""game_date"":""2025-11-20"",""sog"":1.0,""toi"":15.57,""sog_per60"":3.8535645472061657}]",1,1,2.0,16.47,1.0,15.57,9,4.99687695190506,5.37968135733499,0.3828044054299298,0.3828044054299298,0.4151140277653386,-0.032309622335409016,1.0,True
8475798,2026-10-04,2026-10-07,2026020037,2026020055,10,10,2026020037,2025021190,"[{""game_id"":2026020037,""game_date"":""2026-10-04"",""sog"":2.0,""toi"":22.52,""sog_per60"":5.328596802841918}]","[{""game_id"":2025021190,""game_date"":""2026-04-01"",""sog"":1.0,""toi"":19.5,""sog_per60"":3.0769230769230766}]",1,1,2.0,22.52,1.0,19.5,9,3.989565751112475,4.231098574522742,0.2415328234102665,0.24153282341026738,0.3045554999570612,-0.06302267654679494,1.0,True
8475848,2026-10-03,2026-10-04,2026020033,2026020039,10,10,2026020033,2025021169,"[{""game_id"":2026020033,""game_date"":""2026-10-03"",""sog"":2.0,""toi"":10.13,""sog_per60"":11.84600197433366}]","[{""game_id"":2025021169,""game_date"":""2026-03-29"",""sog"":0.0,""toi"":11.45,""sog_per60"":0.0}]",1,1,2.0,10.13,0.0,11.45,9,6.162464985994398,7.37379466817924,1.211329682184842,1.211329682184842,1.1274390641111804,0.08389061807366177,2.0,True
8475913,2026-10-04,2026-10-06,2026020039,2026020051,10,10,2026020039,2025021218,"[{""game_id"":2026020039,""game_date"":""2026-10-04"",""sog"":3.0,""toi"":19.75,""sog_per60"":9.113924050632912}]","[{""game_id"":2025021218,""game_date"":""2026-04-04"",""sog"":4.0,""toi"":19.6,""sog_per60"":12.244897959183673}]",1,1,3.0,19.75,4.0,19.6,9,7.3828375775732935,7.056182177794409,-0.32665539977888436,-0.32665539977888436,-0.32086424584573503,-0.005791153933150167,-1.0,True
8475913,2026-10-06,2026-10-08,2026020051,2026020065,10,10,2026020051,2025021242,"[{""game_id"":2026020051,""game_date"":""2026-10-06"",""sog"":4.0,""toi"":15.85,""sog_per60"":15.141955835962143}]","[{""game_id"":2025021242,""game_date"":""2026-04-07"",""sog"":2.0,""toi"":17.17,""sog_per60"":6.9889341875364}]",1,1,4.0,15.85,2.0,17.17,9,7.056182177794409,7.752355316285331,0.6961731384909218,0.6961731384909218,0.6437503583813315,0.052422780109590505,2.0,True
8476278,2026-10-03,2026-10-08,2026020030,2026020057,10,10,2026020030,2025021141,"[{""game_id"":2026020030,""game_date"":""2026-10-03"",""sog"":0.0,""toi"":7.48,""sog_per60"":0.0}]","[{""game_id"":2025021141,""game_date"":""2026-03-26"",""sog"":0.0,""toi"":12.85,""sog_per60"":0.0}]",1,1,0.0,7.48,0.0,12.85,9,3.2946344524631312,3.4395217426910163,0.14488729022788505,0.1448872902278846,0.0,0.14488729022788505,0.0,True
8476292,2026-10-03,2026-10-06,2026020029,2026020048,10,10,2026020029,2025021173,"[{""game_id"":2026020029,""game_date"":""2026-10-03"",""sog"":4.0,""toi"":12.45,""sog_per60"":19.277108433734934}]","[{""game_id"":2025021173,""game_date"":""2026-03-30"",""sog"":1.0,""toi"":11.2,""sog_per60"":5.357142857142858}]",1,1,4.0,12.45,1.0,11.2,9,3.5297083788553656,4.99001996007984,1.4603115812244742,1.4603115812244747,1.5048690751952685,-0.0445574939707947,3.0,True
8476292,2026-10-06,2026-10-08,2026020048,2026020062,10,10,2026020048,2025021179,"[{""game_id"":2026020048,""game_date"":""2026-10-06"",""sog"":1.0,""toi"":11.95,""sog_per60"":5.020920502092051}]","[{""game_id"":2025021179,""game_date"":""2026-03-31"",""sog"":2.0,""toi"":11.7,""sog_per60"":10.256410256410255}]",1,1,1.0,11.95,2.0,11.7,9,4.99001996007984,4.481699726118349,-0.5083202339614905,-0.5083202339614905,-0.49848431612167815,-0.009835917839812105,-1.0,True
8476312,2026-10-03,2026-10-07,2026020032,2026020054,10,10,2026020032,2025021174,"[{""game_id"":2026020032,""game_date"":""2026-10-03"",""sog"":2.0,""toi"":16.6,""sog_per60"":7.228915662650602}]","[{""game_id"":2025021174,""game_date"":""2026-03-30"",""sog"":4.0,""toi"":18.93,""sog_per60"":12.678288431061809}]",1,1,2.0,16.6,4.0,18.93,9,7.191370355573311,6.594169366034243,-0.5972009895390684,-0.5972009895390684,-0.6895077529890025,0.09230676344993381,-2.0,True
8476312,2026-10-07,2026-10-08,2026020054,2026020064,10,10,2026020054,2025021188,"[{""game_id"":2026020054,""game_date"":""2026-10-07"",""sog"":0.0,""toi"":16.93,""sog_per60"":0.0}]","[{""game_id"":2025021188,""game_date"":""2026-04-01"",""sog"":2.0,""toi"":16.92,""sog_per60"":7.092198581560283}]",1,1,0.0,16.93,2.0,16.92,9,6.594169366034243,5.899705014749262,-0.6944643512849806,-0.6944643512849815,-0.6941030170365886,-0.00036133424839213113,-2.0,True
8476331,2026-10-04,2026-10-05,2026020035,2026020042,10,10,2026020035,2025021198,"[{""game_id"":2026020035,""game_date"":""2026-10-04"",""sog"":0.0,""toi"":20.88,""sog_per60"":0.0}]","[{""game_id"":2025021198,""game_date"":""2026-04-02"",""sog"":0.0,""toi"":22.67,""sog_per60"":0.0}]",1,1,0.0,20.88,0.0,22.67,9,1.932633903920486,1.948684637869438,0.016050733948951956,0.0160507339489524,0.0,0.016050733948952105,0.0,True
8476331,2026-10-05,2026-10-07,2026020042,2026020054,10,10,2026020042,2025021215,"[{""game_id"":2026020042,""game_date"":""2026-10-05"",""sog"":1.0,""toi"":22.4,""sog_per60"":2.678571428571429}]","[{""game_id"":2025021215,""game_date"":""2026-04-04"",""sog"":1.0,""toi"":22.13,""sog_per60"":2.7112516945323093}]",1,1,1.0,22.4,1.0,22.13,9,1.948684637869438,1.9462465245597778,-0.0024381133096602614,-0.0024381133096604835,0.0,-0.0024381133096603932,0.0,True
8476372,2026-10-03,2026-10-05,2026020025,2026020040,10,10,2026020025,2025021224,"[{""game_id"":2026020025,""game_date"":""2026-10-03"",""sog"":0.0,""toi"":18.12,""sog_per60"":0.0}]","[{""game_id"":2025021224,""game_date"":""2026-04-05"",""sog"":0.0,""toi"":13.93,""sog_per60"":0.0}]",1,1,0.0,18.12,0.0,13.93,9,2.793296089385475,2.7268079304663977,-0.06648815891907711,-0.06648815891907711,0.0,-0.06648815891907689,0.0,True
8476372,2026-10-05,2026-10-08,2026020040,2026020059,10,10,2026020040,2025021236,"[{""game_id"":2026020040,""game_date"":""2026-10-05"",""sog"":0.0,""toi"":19.6,""sog_per60"":0.0}]","[{""game_id"":2025021236,""game_date"":""2026-04-07"",""sog"":1.0,""toi"":16.0,""sog_per60"":3.75}]",1,1,0.0,19.6,1.0,16.0,9,2.7268079304663977,2.3381395089907033,-0.38866842147569436,-0.38866842147569436,-0.33743546058205726,-0.051232960893637505,-1.0,True
8476389,2026-10-03,2026-10-04,2026020027,2026020036,10,10,2026020027,2025021195,"[{""game_id"":2026020027,""game_date"":""2026-10-03"",""sog"":0.0,""toi"":17.45,""sog_per60"":0.0}]","[{""game_id"":2025021195,""game_date"":""2026-04-02"",""sog"":2.0,""toi"":19.22,""sog_per60"":6.243496357960458}]",1,1,0.0,17.45,2.0,19.22,9,4.8159246575342465,4.213710766571229,-0.6022138909630179,-0.6022138909630188,-0.6451932412641724,0.042979350301154406,-2.0,True
8476389,2026-10-04,2026-10-06,2026020036,2026020047,10,10,2026020036,2025021207,"[{""game_id"":2026020036,""game_date"":""2026-10-04"",""sog"":2.0,""toi"":17.97,""sog_per60"":6.677796327212021}]","[{""game_id"":2025021207,""game_date"":""2026-04-04"",""sog"":0.0,""toi"":17.73,""sog_per60"":0.0}]",1,1,2.0,17.97,0.0,17.73,9,4.213710766571229,4.855678446182897,0.6419676796116685,0.6419676796116693,0.6478434938407491,-0.005875814229080387,2.0,True
8476389,2026-10-06,2026-10-08,2026020047,2026020056,10,10,2026020047,2025021227,"[{""game_id"":2026020047,""game_date"":""2026-10-06"",""sog"":1.0,""toi"":14.73,""sog_per60"":4.073319755600815}]","[{""game_id"":2025021227,""game_date"":""2026-04-05"",""sog"":3.0,""toi"":17.05,""sog_per60"":10.557184750733136}]",1,1,1.0,14.73,3.0,17.05,9,4.855678446182897,4.261596459596787,-0.5940819865861098,-0.5940819865861098,-0.6515270086888691,0.05744502210275976,-2.0,True
8476392,2026-10-04,2026-10-05,2026020035,2026020042,10,10,2026020035,2025021198,"[{""game_id"":2026020035,""game_date"":""2026-10-04"",""sog"":0.0,""toi"":15.28,""sog_per60"":0.0}]","[{""game_id"":2025021198,""game_date"":""2026-04-02"",""sog"":0.0,""toi"":13.05,""sog_per60"":0.0}]",1,1,0.0,15.28,0.0,13.05,9,3.1485733027222036,3.1031807602792862,-0.04539254244291735,-0.045392542442917794,0.0,-0.04539254244291746,0.0,True
8476392,2026-10-05,2026-10-07,2026020042,2026020054,10,10,2026020042,2025021215,"[{""game_id"":2026020042,""game_date"":""2026-10-05"",""sog"":1.0,""toi"":15.82,""sog_per60"":3.792667509481668}]","[{""game_id"":2025021215,""game_date"":""2026-04-04"",""sog"":1.0,""toi"":13.83,""sog_per60"":4.3383947939262475}]",1,1,1.0,15.82,1.0,13.83,9,3.1031807602792862,3.0637646007531756,-0.03941615952611066,-0.03941615952611066,0.0,-0.039416159526110134,0.0,True
8476393,2026-10-03,2026-10-05,2026020023,2026020041,10,10,2026020023,2025021208,"[{""game_id"":2026020023,""game_date"":""2026-10-03"",""sog"":0.0,""toi"":7.35,""sog_per60"":0.0}]","[{""game_id"":2025021208,""game_date"":""2026-04-04"",""sog"":0.0,""toi"":13.08,""sog_per60"":0.0}]",1,1,0.0,7.35,0.0,13.08,9,5.676931016686736,5.971229530444224,0.2942985137574876,0.29429851375748584,0.0,0.29429851375748683,0.0,True
8476393,2026-10-05,2026-10-06,2026020041,2026020046,10,10,2026020041,2025021225,"[{""game_id"":2026020041,""game_date"":""2026-10-05"",""sog"":1.0,""toi"":10.97,""sog_per60"":5.469462169553327}]","[{""game_id"":2025021225,""game_date"":""2026-04-05"",""sog"":3.0,""toi"":14.67,""sog_per60"":12.269938650306749}]",1,1,1.0,10.97,3.0,14.67,9,5.971229530444224,5.054759898904802,-0.9164696315394218,-0.916469631539421,-1.1044790369894024,0.18800940544998063,-2.0,True
8476393,2026-10-06,2026-10-08,2026020046,2026020059,10,10,2026020046,2025021234,"[{""game_id"":2026020046,""game_date"":""2026-10-06"",""sog"":0.0,""toi"":6.03,""sog_per60"":0.0}]","[{""game_id"":2025021234,""game_date"":""2026-04-07"",""sog"":1.0,""toi"":11.73,""sog_per60"":5.115089514066496}]",1,1,0.0,6.03,1.0,11.73,9,5.054759898904802,4.746366063482647,-0.30839383542215515,-0.30839383542215604,-0.5774678733512656,0.2690740379291112,-1.0,True
8476399,2026-10-03,2026-10-06,2026020031,2026020049,10,10,2026020031,2025021165,"[{""game_id"":2026020031,""game_date"":""2026-10-03"",""sog"":2.0,""toi"":13.57,""sog_per60"":8.843036109064112}]","[{""game_id"":2025021165,""game_date"":""2026-03-28"",""sog"":2.0,""toi"":19.48,""sog_per60"":6.160164271047227}]",1,1,2.0,13.57,2.0,19.48,9,9.835528113217856,10.163749294184077,0.32822118096622077,0.328221180966219,0.0,0.32822118096622244,0.0,True
8476399,2026-10-06,2026-10-08,2026020049,2026020060,10,10,2026020049,2025021174,"[{""game_id"":2026020049,""game_date"":""2026-10-06"",""sog"":1.0,""toi"":17.73,""sog_per60"":3.3840947546531304}]","[{""game_id"":2025021174,""game_date"":""2026-03-30"",""sog"":6.0,""toi"":16.4,""sog_per60"":21.951219512195124}]",1,1,1.0,17.73,6.0,16.4,9,10.163749294184077,8.40665807319397,-1.757091220990107,-1.7570912209901053,-1.6876449151680701,-0.06944630582203801,-5.0,True
8476419,2026-10-03,2026-10-06,2026020029,2026020048,10,10,2026020029,2025021179,"[{""game_id"":2026020029,""game_date"":""2026-10-03"",""sog"":2.0,""toi"":14.82,""sog_per60"":8.097165991902834}]","[{""game_id"":2025021179,""game_date"":""2026-03-31"",""sog"":1.0,""toi"":15.32,""sog_per60"":3.916449086161879}]",1,1,2.0,14.82,1.0,15.32,9,4.170089088266885,4.563605248146035,0.3935161598791499,0.3935161598791499,0.3796997226848826,0.013816437194266746,1.0,True
8476419,2026-10-06,2026-10-08,2026020048,2026020062,10,10,2026020048,2025021205,"[{""game_id"":2026020048,""game_date"":""2026-10-06"",""sog"":0.0,""toi"":14.83,""sog_per60"":0.0}]","[{""game_id"":2025021205,""game_date"":""2026-04-03"",""sog"":1.0,""toi"":20.02,""sog_per60"":2.997002997002997}]",1,1,0.0,14.83,1.0,20.02,9,4.563605248146035,4.325599685410932,-0.2380055627351032,-0.2380055627351032,-0.38676838619143017,0.14876282345632666,-1.0,True
8476422,2026-10-03,2026-10-06,2026020025,2026020045,10,10,2026020025,2025021078,"[{""game_id"":2026020025,""game_date"":""2026-10-03"",""sog"":1.0,""toi"":10.6,""sog_per60"":5.660377358490567}]","[{""game_id"":2025021078,""game_date"":""2026-03-18"",""sog"":2.0,""toi"":13.57,""sog_per60"":8.843036109064112}]",1,1,1.0,10.6,2.0,13.57,9,5.567707297673493,5.273833671399595,-0.2938736262738981,-0.293873626273899,-0.40168644579491686,0.10781281952101854,-1.0,True
8476422,2026-10-06,2026-10-08,2026020045,2026020061,10,10,2026020045,2025021094,"[{""game_id"":2026020045,""game_date"":""2026-10-06"",""sog"":1.0,""toi"":10.37,""sog_per60"":5.785920925747348}]","[{""game_id"":2025021094,""game_date"":""2026-03-20"",""sog"":1.0,""toi"":9.12,""sog_per60"":6.578947368421053}]",1,1,1.0,10.37,1.0,9.12,9,5.273833671399595,5.229634596044251,-0.044199075355344064,-0.044199075355343176,0.0,-0.04419907535534369,0.0,True
8476432,2026-10-03,2026-10-07,2026020024,2026020053,10,10,2026020024,2025021197,"[{""game_id"":2026020024,""game_date"":""2026-10-03"",""sog"":3.0,""toi"":14.95,""sog_per60"":12.040133779264217}]","[{""game_id"":2025021197,""game_date"":""2026-04-02"",""sog"":1.0,""toi"":15.07,""sog_per60"":3.9814200398142}]",1,1,3.0,14.95,1.0,15.07,9,9.79776409998744,10.559396605908233,0.7616325059207938,0.761632505920792,0.7539583881226132,0.007674117798181536,2.0,True
8476441,2026-10-03,2026-10-06,2026020034,2026020052,10,10,2026020034,2025021189,"[{""game_id"":2026020034,""game_date"":""2026-10-03"",""sog"":1.0,""toi"":13.28,""sog_per60"":4.518072289156627}]","[{""game_id"":2025021189,""game_date"":""2026-04-01"",""sog"":0.0,""toi"":19.92,""sog_per60"":0.0}]",1,1,1.0,13.28,0.0,19.92,9,5.243036592026215,5.780346820809248,0.5373102287830331,0.537310228783034,0.3338550941128559,0.20345513467017826,1.0,True
8476448,2026-10-04,2026-10-06,2026020039,2026020051,10,10,2026020039,2025020141,"[{""game_id"":2026020039,""game_date"":""2026-10-04"",""sog"":2.0,""toi"":18.33,""sog_per60"":6.546644844517186}]","[{""game_id"":2025020141,""game_date"":""2025-10-26"",""sog"":2.0,""toi"":18.07,""sog_per60"":6.640841173215274}]",1,1,2.0,18.33,2.0,18.07,9,7.182459677419355,7.1707132972700975,-0.01174638014925744,-0.011746380149258329,0.0,-0.011746380149257832,0.0,True
8476448,2026-10-06,2026-10-08,2026020051,2026020065,10,10,2026020051,2025020155,"[{""game_id"":2026020051,""game_date"":""2026-10-06"",""sog"":1.0,""toi"":18.73,""sog_per60"":3.203416978109984}]","[{""game_id"":2025020155,""game_date"":""2025-10-28"",""sog"":1.0,""toi"":14.03,""sog_per60"":4.276550249465432}]",1,1,1.0,18.73,1.0,14.03,9,7.1707132972700975,6.964809384164223,-0.20590391310587464,-0.20590391310587375,0.0,-0.20590391310587491,0.0,True
8476453,2026-10-03,2026-10-05,2026020024,2026020040,10,10,2026020024,2025021210,"[{""game_id"":2026020024,""game_date"":""2026-10-03"",""sog"":3.0,""toi"":22.77,""sog_per60"":7.905138339920949}]","[{""game_id"":2025021210,""game_date"":""2026-04-04"",""sog"":3.0,""toi"":16.97,""sog_per60"":10.60695344725987}]",1,1,3.0,22.77,3.0,16.97,9,6.380202039731259,6.206215618975975,-0.17398642075528414,-0.17398642075528326,0.0,-0.17398642075528403,0.0,True
8476453,2026-10-05,2026-10-08,2026020040,2026020060,10,10,2026020040,2025021229,"[{""game_id"":2026020040,""game_date"":""2026-10-05"",""sog"":1.0,""toi"":21.98,""sog_per60"":2.7297543221110097}]","[{""game_id"":2025021229,""game_date"":""2026-04-06"",""sog"":3.0,""toi"":23.5,""sog_per60"":7.659574468085106}]",1,1,1.0,21.98,3.0,23.5,9,6.206215618975975,5.682625372922289,-0.5235902460536854,-0.5235902460536845,-0.566231978599568,0.04264173254588223,-2.0,True
8476455,2026-10-03,2026-10-07,2026020032,2026020054,10,10,2026020032,2025021209,"[{""game_id"":2026020032,""game_date"":""2026-10-03"",""sog"":0.0,""toi"":14.58,""sog_per60"":0.0}]","[{""game_id"":2025021209,""game_date"":""2026-04-04"",""sog"":1.0,""toi"":14.28,""sog_per60"":4.201680672268908}]",1,1,0.0,14.58,1.0,14.28,9,7.208506037123806,6.835761827666846,-0.3727442094569602,-0.3727442094569593,-0.36010112007722267,-0.012643089379736749,-1.0,True
8476455,2026-10-07,2026-10-08,2026020054,2026020064,10,10,2026020054,2025021228,"[{""game_id"":2026020054,""game_date"":""2026-10-07"",""sog"":3.0,""toi"":15.27,""sog_per60"":11.787819253438116}]","[{""game_id"":2025021228,""game_date"":""2026-04-05"",""sog"":0.0,""toi"":15.03,""sog_per60"":0.0}]",1,1,3.0,15.27,0.0,15.03,9,6.835761827666846,7.903718340219149,1.0679565125523034,1.0679565125523016,1.0785552942805063,-0.010598781728203815,3.0,True
8476457,2026-10-03,2026-10-04,2026020028,2026020038,10,10,2026020028,2025021221,"[{""game_id"":2026020028,""game_date"":""2026-10-03"",""sog"":0.0,""toi"":23.65,""sog_per60"":0.0}]","[{""game_id"":2025021221,""game_date"":""2026-04-04"",""sog"":4.0,""toi"":22.03,""sog_per60"":10.894235133908309}]",1,1,0.0,23.65,4.0,22.03,9,5.395413898186542,4.162743446156896,-1.2326704520296454,-1.2326704520296454,-1.194168068297109,-0.038502383732537115,-4.0,True
8476457,2026-10-04,2026-10-06,2026020038,2026020051,10,10,2026020038,2025021230,"[{""game_id"":2026020038,""game_date"":""2026-10-04"",""sog"":1.0,""toi"":21.73,""sog_per60"":2.7611596870685684}]","[{""game_id"":2025021230,""game_date"":""2026-04-06"",""sog"":2.0,""toi"":19.42,""sog_per60"":6.179196704428424}]",1,1,1.0,21.73,2.0,19.42,9,4.162743446156896,3.821656050955414,-0.3410873952014821,-0.3410873952014821,-0.29565617998191057,-0.04543121521957168,-1.0,True
8476458,2026-10-03,2026-10-04,2026020033,2026020038,10,10,2026020033,2025021165,"[{""game_id"":2026020033,""game_date"":""2026-10-03"",""sog"":2.0,""toi"":11.57,""sog_per60"":10.371650821089023}]","[{""game_id"":2025021165,""game_date"":""2026-03-28"",""sog"":3.0,""toi"":14.08,""sog_per60"":12.78409090909091}]",1,1,2.0,11.57,3.0,14.08,9,7.448275862068967,7.1583970804968775,-0.28987878157208957,-0.2898787815720887,-0.4174376423269873,0.12755886075489814,-1.0,True
8476458,2026-10-04,2026-10-08,2026020038,2026020064,10,10,2026020038,2025021174,"[{""game_id"":2026020038,""game_date"":""2026-10-04"",""sog"":0.0,""toi"":14.35,""sog_per60"":0.0}]","[{""game_id"":2025021174,""game_date"":""2026-03-30"",""sog"":2.0,""toi"":16.15,""sog_per60"":7.430340557275542}]",1,1,0.0,14.35,2.0,16.15,9,7.1583970804968775,6.3970431445020965,-0.761353935994781,-0.7613539359947801,-0.8475517241725052,0.086197788177724,-2.0,True
8476459,2026-10-04,2026-10-06,2026020036,2026020048,10,10,2026020036,2025021227,"[{""game_id"":2026020036,""game_date"":""2026-10-04"",""sog"":0.0,""toi"":24.53,""sog_per60"":0.0}]","[{""game_id"":2025021227,""game_date"":""2026-04-05"",""sog"":2.0,""toi"":19.9,""sog_per60"":6.030150753768845}]",1,1,0.0,24.53,2.0,19.9,9,5.50739418663947,4.782543715438649,-0.7248504712008206,-0.7248504712008206,-0.6048753259171082,-0.11997514528371203,-2.0,True
8476460,2026-10-04,2026-10-05,2026020035,2026020042,10,10,2026020035,2025021198,"[{""game_id"":2026020035,""game_date"":""2026-10-04"",""sog"":2.0,""toi"":18.1,""sog_per60"":6.629834254143646}]","[{""game_id"":2025021198,""game_date"":""2026-04-02"",""sog"":2.0,""toi"":23.13,""sog_per60"":5.188067444876784}]",1,1,2.0,18.1,2.0,23.13,9,4.4605519933091715,4.56729625576859,0.10674426245941859,0.1067442624594177,0.0,0.10674426245941893,0.0,True
8476460,2026-10-05,2026-10-07,2026020042,2026020054,10,10,2026020042,2025021215,"[{""game_id"":2026020042,""game_date"":""2026-10-05"",""sog"":3.0,""toi"":21.3,""sog_per60"":8.450704225352114}]","[{""game_id"":2025021215,""game_date"":""2026-04-04"",""sog"":1.0,""toi"":22.65,""sog_per60"":2.6490066225165565}]",1,1,3.0,21.3,1.0,22.65,9,4.56729625576859,5.171423099023175,0.6041268432545852,0.6041268432545852,0.5727572992646022,0.03136954398998328,2.0,True
8476461,2026-10-03,2026-10-05,2026020025,2026020040,10,10,2026020025,2025021205,"[{""game_id"":2026020025,""game_date"":""2026-10-03"",""sog"":0.0,""toi"":15.97,""sog_per60"":0.0}]","[{""game_id"":2025021205,""game_date"":""2026-04-03"",""sog"":2.0,""toi"":21.13,""sog_per60"":5.679129200189305}]",1,1,0.0,15.97,2.0,21.13,9,4.5584045584045585,3.9269585705870806,-0.6314459878174778,-0.6314459878174783,-0.7725629035924213,0.14111691577494317,-2.0,True
8476461,2026-10-05,2026-10-08,2026020040,2026020059,10,10,2026020040,2025021224,"[{""game_id"":2026020040,""game_date"":""2026-10-05"",""sog"":1.0,""toi"":16.58,""sog_per60"":3.618817852834741}]","[{""game_id"":2025021224,""game_date"":""2026-04-05"",""sog"":1.0,""toi"":13.87,""sog_per60"":4.3258832011535695}]",1,1,1.0,16.58,1.0,13.87,9,3.9269585705870806,3.8585209003215435,-0.06843767026553715,-0.06843767026553715,0.0,-0.06843767026553735,0.0,True
8476462,2026-10-03,2026-10-06,2026020029,2026020047,10,10,2026020029,2025021212,"[{""game_id"":2026020029,""game_date"":""2026-10-03"",""sog"":3.0,""toi"":22.28,""sog_per60"":8.07899461400359}]","[{""game_id"":2025021212,""game_date"":""2026-04-04"",""sog"":3.0,""toi"":22.9,""sog_per60"":7.860262008733624}]",1,1,3.0,22.28,3.0,22.9,9,6.829175756426065,6.849315068493151,0.0201393120670863,0.020139312067085413,0.0,0.020139312067085913,0.0,True
8476463,2026-10-03,2026-10-06,2026020031,2026020049,10,10,2026020031,2025021155,"[{""game_id"":2026020031,""game_date"":""2026-10-03"",""sog"":0.0,""toi"":21.65,""sog_per60"":0.0}]","[{""game_id"":2025021155,""game_date"":""2026-03-28"",""sog"":1.0,""toi"":14.97,""sog_per60"":4.008016032064128}]",1,1,0.0,21.65,1.0,14.97,9,4.00801603206413,3.5422928295405756,-0.46572320252355404,-0.46572320252355226,-0.32801397843633456,-0.13770922408721958,-1.0,True
8476463,2026-10-06,2026-10-08,2026020049,2026020060,10,10,2026020049,2025021199,"[{""game_id"":2026020049,""game_date"":""2026-10-06"",""sog"":1.0,""toi"":19.3,""sog_per60"":3.1088082901554404}]","[{""game_id"":2025021199,""game_date"":""2026-04-02"",""sog"":2.0,""toi"":16.5,""sog_per60"":7.272727272727273}]",1,1,1.0,19.3,2.0,16.5,9,3.5422928295405756,3.17258883248731,-0.3697039970532656,-0.36970399705326606,-0.319642752058028,-0.05006124499523718,-1.0,True
8476467,2026-10-03,2026-10-04,2026020033,2026020039,10,10,2026020033,2025021221,"[{""game_id"":2026020033,""game_date"":""2026-10-03"",""sog"":0.0,""toi"":17.9,""sog_per60"":0.0}]","[{""game_id"":2025021221,""game_date"":""2026-04-04"",""sog"":3.0,""toi"":16.38,""sog_per60"":10.989010989010987}]",1,1,0.0,17.9,3.0,16.38,9,3.220439053190918,2.236064526433477,-0.9843745267574411,-0.9843745267574411,-0.9622225422143829,-0.022151984543058185,-3.0,True
8476467,2026-10-04,2026-10-08,2026020039,2026020061,10,10,2026020039,2025021240,"[{""game_id"":2026020039,""game_date"":""2026-10-04"",""sog"":0.0,""toi"":17.78,""sog_per60"":0.0}]","[{""game_id"":2025021240,""game_date"":""2026-04-07"",""sog"":1.0,""toi"":14.13,""sog_per60"":4.246284501061571}]",1,1,0.0,17.78,1.0,14.13,9,2.236064526433477,1.8800919156047626,-0.35597261082871445,-0.35597261082871423,-0.31639322104564527,-0.03957938978306928,-1.0,True
8476468,2026-10-04,2026-10-06,2026020036,2026020048,10,10,2026020036,2025021227,"[{""game_id"":2026020036,""game_date"":""2026-10-04"",""sog"":1.0,""toi"":20.45,""sog_per60"":2.93398533007335}]","[{""game_id"":2025021227,""game_date"":""2026-04-05"",""sog"":2.0,""toi"":14.97,""sog_per60"":8.016032064128256}]",1,1,1.0,20.45,2.0,14.97,9,5.910987482614742,5.3920467310716695,-0.5189407515430728,-0.5189407515430728,-0.34235403336407033,-0.17658671817900295,-1.0,True
8476469,2026-10-03,2026-10-06,2026020034,2026020052,10,10,2026020034,2025021204,"[{""game_id"":2026020034,""game_date"":""2026-10-03"",""sog"":2.0,""toi"":13.45,""sog_per60"":8.921933085501859}]","[{""game_id"":2025021204,""game_date"":""2026-04-02"",""sog"":4.0,""toi"":13.13,""sog_per60"":18.27875095201828}]",1,1,2.0,13.45,4.0,13.13,9,8.1702859600086,7.293528780836611,-0.8767571791719897,-0.8767571791719897,-0.8590461552818632,-0.017711023890125237,-2.0,True
8476473,2026-10-03,2026-10-07,2026020028,2026020055,10,10,2026020028,2025021200,"[{""game_id"":2026020028,""game_date"":""2026-10-03"",""sog"":0.0,""toi"":19.35,""sog_per60"":0.0}]","[{""game_id"":2025021200,""game_date"":""2026-04-02"",""sog"":0.0,""toi"":20.23,""sog_per60"":0.0}]",1,1,0.0,19.35,0.0,20.23,9,3.065632402805518,3.0782146355114035,0.012582232705885321,0.012582232705885321,0.0,0.012582232705885248,0.0,True
8476479,2026-10-03,2026-10-06,2026020026,2026020045,10,10,2026020026,2025021195,"[{""game_id"":2026020026,""game_date"":""2026-10-03"",""sog"":0.0,""toi"":11.4,""sog_per60"":0.0}]","[{""game_id"":2025021195,""game_date"":""2026-04-02"",""sog"":2.0,""toi"":13.97,""sog_per60"":8.589835361488904}]",1,1,0.0,11.4,2.0,13.97,9,7.019475603881357,6.305170239596468,-0.7143053642848889,-0.714305364284888,-0.8332550122798443,0.11894964799495561,-2.0,True
8476479,2026-10-06,2026-10-08,2026020045,2026020058,10,10,2026020045,2025021212,"[{""game_id"":2026020045,""game_date"":""2026-10-06"",""sog"":3.0,""toi"":13.83,""sog_per60"":13.015184381778742}]","[{""game_id"":2025021212,""game_date"":""2026-04-04"",""sog"":2.0,""toi"":12.18,""sog_per60"":9.852216748768472}]",1,1,3.0,13.83,2.0,12.18,9,6.305170239596468,6.648659879493039,0.34348963989657033,0.34348963989657033,0.41794296255403973,-0.07445332265746875,1.0,True
8476480,2026-10-04,2026-10-05,2026020035,2026020042,10,10,2026020035,2025020882,"[{""game_id"":2026020035,""game_date"":""2026-10-04"",""sog"":1.0,""toi"":13.15,""sog_per60"":4.562737642585551}]","[{""game_id"":2025020882,""game_date"":""2026-02-02"",""sog"":0.0,""toi"":12.38,""sog_per60"":0.0}]",1,1,1.0,13.15,0.0,12.38,9,7.333767926988266,7.773908818527816,0.44014089153955016,0.44014089153955016,0.4873935814786031,-0.0472526899390539,1.0,True
8476480,2026-10-05,2026-10-07,2026020042,2026020054,10,10,2026020042,2025020895,"[{""game_id"":2026020042,""game_date"":""2026-10-05"",""sog"":4.0,""toi"":11.07,""sog_per60"":21.680216802168022}]","[{""game_id"":2025020895,""game_date"":""2026-02-04"",""sog"":4.0,""toi"":14.23,""sog_per60"":16.865776528460998}]",1,1,4.0,11.07,4.0,14.23,9,7.773908818527816,7.978060334081276,0.2041515155534599,0.20415151555346078,0.0,0.20415151555345956,0.0,True
8476483,2026-10-03,2026-10-05,2026020026,2026020042,10,10,2026020026,2025021183,"[{""game_id"":2026020026,""game_date"":""2026-10-03"",""sog"":2.0,""toi"":18.43,""sog_per60"":6.511123168746609}]","[{""game_id"":2025021183,""game_date"":""2026-03-31"",""sog"":2.0,""toi"":18.03,""sog_per60"":6.655574043261232}]",1,1,2.0,18.43,2.0,18.03,9,10.412001791312138,10.388739946380698,-0.023261844931440123,-0.023261844931438347,0.0,-0.02326184493143979,0.0,True
8476483,2026-10-05,2026-10-07,2026020042,2026020053,10,10,2026020042,2025021192,"[{""game_id"":2026020042,""game_date"":""2026-10-05"",""sog"":2.0,""toi"":20.62,""sog_per60"":5.819592628516004}]","[{""game_id"":2025021192,""game_date"":""2026-04-02"",""sog"":3.0,""toi"":18.4,""sog_per60"":9.782608695652174}]",1,1,2.0,20.62,3.0,18.4,9,10.388739946380698,9.9304865938431,-0.45825335253759825,-0.4582533525376,-0.33306843161320265,-0.12518492092439512,-1.0,True
8476539,2026-10-03,2026-10-06,2026020030,2026020044,10,10,2026020030,2025021204,"[{""game_id"":2026020030,""game_date"":""2026-10-03"",""sog"":3.0,""toi"":16.37,""sog_per60"":10.995723885155773}]","[{""game_id"":2025021204,""game_date"":""2026-04-02"",""sog"":4.0,""toi"":21.2,""sog_per60"":11.320754716981131}]",1,1,3.0,16.37,4.0,21.2,9,6.203955021326095,6.003602161296777,-0.2003528600293185,-0.20035286002931674,-0.3939936664596664,0.1936408064303482,-1.0,True
8476539,2026-10-06,2026-10-08,2026020044,2026020058,10,10,2026020044,2025021220,"[{""game_id"":2026020044,""game_date"":""2026-10-06"",""sog"":2.0,""toi"":13.28,""sog_per60"":9.036144578313252}]","[{""game_id"":2025021220,""game_date"":""2026-04-04"",""sog"":3.0,""toi"":17.02,""sog_per60"":10.575793184488838}]",1,1,2.0,13.28,3.0,17.02,9,6.003602161296777,5.746733255798043,-0.25686890549873365,-0.2568689054987354,-0.40536054546458455,0.14849163996585044,-1.0,True
8476624,2026-10-03,2026-10-05,2026020034,2026020043,10,10,2026020034,2025021220,"[{""game_id"":2026020034,""game_date"":""2026-10-03"",""sog"":1.0,""toi"":11.92,""sog_per60"":5.033557046979866}]","[{""game_id"":2025021220,""game_date"":""2026-04-04"",""sog"":0.0,""toi"":10.82,""sog_per60"":0.0}]",1,1,1.0,11.92,0.0,10.82,9,1.501626762325853,1.9839629660246343,0.4823362036987813,0.4823362036987813,0.49826649780738813,-0.01593029410860706,1.0,True
8476624,2026-10-05,2026-10-08,2026020043,2026020063,10,10,2026020043,2025021231,"[{""game_id"":2026020043,""game_date"":""2026-10-05"",""sog"":0.0,""toi"":13.23,""sog_per60"":0.0}]","[{""game_id"":2025021231,""game_date"":""2026-04-06"",""sog"":0.0,""toi"":10.13,""sog_per60"":0.0}]",1,1,0.0,13.23,0.0,10.13,9,1.9839629660246343,1.9343918755541227,-0.04957109047051156,-0.04957109047051156,0.0,-0.04957109047051114,0.0,True
8476853,2026-10-03,2026-10-06,2026020023,2026020044,10,10,2026020023,2025021202,"[{""game_id"":2026020023,""game_date"":""2026-10-03"",""sog"":1.0,""toi"":18.38,""sog_per60"":3.264417845484222}]","[{""game_id"":2025021202,""game_date"":""2026-04-02"",""sog"":0.0,""toi"":22.93,""sog_per60"":0.0}]",1,1,1.0,18.38,0.0,22.93,9,4.061502756019728,4.4494981954812864,0.3879954394615588,0.3879954394615597,0.29337027637389035,0.09462516308766943,1.0,True
8476853,2026-10-06,2026-10-08,2026020044,2026020065,10,10,2026020044,2025021217,"[{""game_id"":2026020044,""game_date"":""2026-10-06"",""sog"":2.0,""toi"":20.65,""sog_per60"":5.811138014527845}]","[{""game_id"":2025021217,""game_date"":""2026-04-04"",""sog"":0.0,""toi"":22.3,""sog_per60"":0.0}]",1,1,2.0,20.65,0.0,22.3,9,4.4494981954812864,5.08423885953544,0.6347406640541537,0.6347406640541529,0.5957060871224058,0.039034576931747667,2.0,True
8476854,2026-10-03,2026-10-05,2026020031,2026020041,10,10,2026020031,2025021193,"[{""game_id"":2026020031,""game_date"":""2026-10-03"",""sog"":0.0,""toi"":21.63,""sog_per60"":0.0}]","[{""game_id"":2025021193,""game_date"":""2026-04-02"",""sog"":3.0,""toi"":18.48,""sog_per60"":9.74025974025974}]",1,1,0.0,21.63,3.0,18.48,9,3.5024565841319255,2.5871981602146414,-0.9152584239172841,-0.9152584239172845,-0.8690067663855977,-0.046251657531686544,-3.0,True
8476854,2026-10-05,2026-10-08,2026020041,2026020056,10,10,2026020041,2025021210,"[{""game_id"":2026020041,""game_date"":""2026-10-05"",""sog"":2.0,""toi"":18.77,""sog_per60"":6.393180607352157}]","[{""game_id"":2025021210,""game_date"":""2026-04-04"",""sog"":1.0,""toi"":19.02,""sog_per60"":3.1545741324921135}]",1,1,2.0,18.77,1.0,19.02,9,2.5871981602146414,2.878111958555188,0.29091379834054676,0.29091379834054676,0.2876388290507951,0.0032749692897517373,1.0,True
8476869,2026-10-03,2026-10-06,2026020030,2026020044,10,10,2026020030,2025021204,"[{""game_id"":2026020030,""game_date"":""2026-10-03"",""sog"":2.0,""toi"":18.08,""sog_per60"":6.6371681415929205}]","[{""game_id"":2025021204,""game_date"":""2026-04-02"",""sog"":1.0,""toi"":24.98,""sog_per60"":2.401921537229784}]",1,1,2.0,18.08,1.0,24.98,9,2.916611427813867,3.2818268836318887,0.3652154558180216,0.36521545581802073,0.26931603353680755,0.09589942228121426,1.0,True
8476869,2026-10-06,2026-10-08,2026020044,2026020058,10,10,2026020044,2025021220,"[{""game_id"":2026020044,""game_date"":""2026-10-06"",""sog"":0.0,""toi"":22.88,""sog_per60"":0.0}]","[{""game_id"":2025021220,""game_date"":""2026-04-04"",""sog"":3.0,""toi"":25.23,""sog_per60"":7.13436385255648}]",1,1,0.0,22.88,3.0,25.23,9,3.2818268836318887,2.4880206413564325,-0.7938062422754562,-0.7938062422754557,-0.8248984673467248,0.031092225071268312,-3.0,True
8476872,2026-10-03,2026-10-06,2026020034,2026020052,10,10,2026020034,2025021204,"[{""game_id"":2026020034,""game_date"":""2026-10-03"",""sog"":0.0,""toi"":13.5,""sog_per60"":0.0}]","[{""game_id"":2025021204,""game_date"":""2026-04-02"",""sog"":2.0,""toi"":16.9,""sog_per60"":7.100591715976332}]",1,1,0.0,13.5,2.0,16.9,9,8.168529664660362,7.491186839012927,-0.6773428256474352,-0.6773428256474361,-0.8705806632831943,0.1932378376357588,-2.0,True
8476873,2026-10-03,2026-10-06,2026020025,2026020045,10,10,2026020025,2025021214,"[{""game_id"":2026020025,""game_date"":""2026-10-03"",""sog"":0.0,""toi"":12.02,""sog_per60"":0.0}]","[{""game_id"":2025021214,""game_date"":""2026-04-04"",""sog"":0.0,""toi"":9.97,""sog_per60"":0.0}]",1,1,0.0,12.02,0.0,9.97,9,4.4352454169130695,4.369038083448627,-0.06620733346444219,-0.06620733346444219,0.0,-0.06620733346444224,0.0,True
8476873,2026-10-06,2026-10-08,2026020045,2026020061,10,10,2026020045,2025021225,"[{""game_id"":2026020045,""game_date"":""2026-10-06"",""sog"":2.0,""toi"":12.62,""sog_per60"":9.508716323296357}]","[{""game_id"":2025021225,""game_date"":""2026-04-05"",""sog"":2.0,""toi"":16.1,""sog_per60"":7.453416149068322}]",1,1,2.0,12.62,2.0,16.1,9,4.369038083448627,4.482629809488233,0.11359172603960577,0.11359172603960577,0.0,0.11359172603960643,0.0,True
8476874,2026-10-03,2026-10-06,2026020031,2026020049,10,10,2026020031,2025021201,"[{""game_id"":2026020031,""game_date"":""2026-10-03"",""sog"":1.0,""toi"":23.22,""sog_per60"":2.5839793281653747}]","[{""game_id"":2025021201,""game_date"":""2026-04-02"",""sog"":1.0,""toi"":19.83,""sog_per60"":3.0257186081694405}]",1,1,1.0,23.22,1.0,19.83,9,1.062934585234067,1.0472117985862641,-0.01572278664780291,-0.015722786647803133,0.0,-0.015722786647803036,0.0,True
8476875,2026-10-03,2026-10-06,2026020026,2026020045,10,10,2026020026,2025021195,"[{""game_id"":2026020026,""game_date"":""2026-10-03"",""sog"":2.0,""toi"":26.4,""sog_per60"":4.545454545454546}]","[{""game_id"":2025021195,""game_date"":""2026-04-02"",""sog"":0.0,""toi"":23.37,""sog_per60"":0.0}]",1,1,2.0,26.4,0.0,23.37,9,4.095039030840762,4.548134422639602,0.45309539179883984,0.45309539179883984,0.5086140740186366,-0.055518682219796986,2.0,True
8476875,2026-10-06,2026-10-08,2026020045,2026020058,10,10,2026020045,2025021212,"[{""game_id"":2026020045,""game_date"":""2026-10-06"",""sog"":2.0,""toi"":22.53,""sog_per60"":5.326231691078561}]","[{""game_id"":2025021212,""game_date"":""2026-04-04"",""sog"":0.0,""toi"":24.02,""sog_per60"":0.0}]",1,1,2.0,22.53,0.0,24.02,9,4.548134422639602,5.0853922108742635,0.5372577882346619,0.537257788234661,0.5069437451348022,0.03031404309985955,2.0,True
8476878,2026-10-03,2026-10-05,2026020024,2026020040,10,10,2026020024,2025021192,"[{""game_id"":2026020024,""game_date"":""2026-10-03"",""sog"":1.0,""toi"":14.45,""sog_per60"":4.152249134948097}]","[{""game_id"":2025021192,""game_date"":""2026-04-02"",""sog"":1.0,""toi"":14.83,""sog_per60"":4.045853000674309}]",1,1,1.0,14.45,1.0,14.83,9,1.2706480304955527,1.274065685164213,0.003417654668660175,0.003417654668660175,0.0,0.0034176546686600674,0.0,True
8476878,2026-10-05,2026-10-08,2026020040,2026020060,10,10,2026020040,2025021210,"[{""game_id"":2026020040,""game_date"":""2026-10-05"",""sog"":0.0,""toi"":14.38,""sog_per60"":0.0}]","[{""game_id"":2025021210,""game_date"":""2026-04-04"",""sog"":0.0,""toi"":14.77,""sog_per60"":0.0}]",1,1,0.0,14.38,0.0,14.77,9,1.274065685164213,1.2775924480090852,0.0035267628448723,0.003526762844872078,0.0,0.0035267628448724074,0.0,True
8476879,2026-10-03,2026-10-06,2026020034,2026020052,10,10,2026020034,2025021204,"[{""game_id"":2026020034,""game_date"":""2026-10-03"",""sog"":2.0,""toi"":17.63,""sog_per60"":6.806579693703914}]","[{""game_id"":2025021204,""game_date"":""2026-04-02"",""sog"":0.0,""toi"":17.53,""sog_per60"":0.0}]",1,1,2.0,17.63,0.0,17.53,9,1.677664690750475,2.3474178403755865,0.6697531496251115,0.6697531496251117,0.670878343918036,-0.0011251942929244377,2.0,True
8476880,2026-10-03,2026-10-07,2026020024,2026020053,10,10,2026020024,2025021194,"[{""game_id"":2026020024,""game_date"":""2026-10-03"",""sog"":2.0,""toi"":17.82,""sog_per60"":6.734006734006734}]","[{""game_id"":2025021194,""game_date"":""2026-04-02"",""sog"":3.0,""toi"":20.1,""sog_per60"":8.955223880597014}]",1,1,2.0,17.82,3.0,20.1,9,6.806395851339673,6.563115292058631,-0.24328055928104142,-0.24328055928104142,-0.32613492638098174,0.08285436709994042,-1.0,True
8476881,2026-10-04,2026-10-06,2026020039,2026020051,10,10,2026020039,2025021218,"[{""game_id"":2026020039,""game_date"":""2026-10-04"",""sog"":2.0,""toi"":16.48,""sog_per60"":7.281553398058253}]","[{""game_id"":2025021218,""game_date"":""2026-04-04"",""sog"":0.0,""toi"":12.95,""sog_per60"":0.0}]",1,1,2.0,16.48,0.0,12.95,9,9.14576055890759,9.690644800596347,0.5448842416887576,0.5448842416887576,0.7537904643363937,-0.20890622264763603,2.0,True
8476881,2026-10-06,2026-10-08,2026020051,2026020065,10,10,2026020051,2025021242,"[{""game_id"":2026020051,""game_date"":""2026-10-06"",""sog"":3.0,""toi"":16.07,""sog_per60"":11.20099564405725}]","[{""game_id"":2025021242,""game_date"":""2026-04-07"",""sog"":0.0,""toi"":13.27,""sog_per60"":0.0}]",1,1,3.0,16.07,0.0,13.27,9,9.690644800596347,10.624007815362074,0.9333630147657264,0.9333630147657246,1.1085933071950425,-0.17523029242931765,3.0,True
8476882,2026-10-03,2026-10-06,2026020022,2026020050,10,10,2026020022,2025021200,"[{""game_id"":2026020022,""game_date"":""2026-10-03"",""sog"":1.0,""toi"":14.37,""sog_per60"":4.175365344467641}]","[{""game_id"":2025021200,""game_date"":""2026-04-02"",""sog"":1.0,""toi"":19.28,""sog_per60"":3.1120331950207465}]",1,1,1.0,14.37,1.0,19.28,9,4.555808656036447,4.690318701142513,0.13451004510606612,0.134510045106067,0.0,0.13451004510606634,0.0,True
8476885,2026-10-03,2026-10-05,2026020034,2026020043,10,10,2026020034,2025021190,"[{""game_id"":2026020034,""game_date"":""2026-10-03"",""sog"":1.0,""toi"":20.82,""sog_per60"":2.881844380403458}]","[{""game_id"":2025021190,""game_date"":""2026-04-01"",""sog"":2.0,""toi"":21.53,""sog_per60"":5.57361820715281}]",1,1,1.0,20.82,2.0,21.53,9,5.35437508806538,5.089538171536286,-0.26483691652909425,-0.26483691652909336,-0.28228066790112033,0.017443751372026625,-1.0,True
8476885,2026-10-05,2026-10-08,2026020043,2026020063,10,10,2026020043,2025021206,"[{""game_id"":2026020043,""game_date"":""2026-10-05"",""sog"":0.0,""toi"":18.83,""sog_per60"":0.0}]","[{""game_id"":2025021206,""game_date"":""2026-04-03"",""sog"":2.0,""toi"":20.62,""sog_per60"":5.819592628516004}]",1,1,0.0,18.83,2.0,20.62,9,5.089538171536286,4.562520792737987,-0.5270173787982984,-0.5270173787982992,-0.5679096701870289,0.04089229138872963,-2.0,True
8476887,2026-10-03,2026-10-06,2026020030,2026020044,10,10,2026020030,2025021204,"[{""game_id"":2026020030,""game_date"":""2026-10-03"",""sog"":1.0,""toi"":21.67,""sog_per60"":2.768804799261652}]","[{""game_id"":2025021204,""game_date"":""2026-04-02"",""sog"":1.0,""toi"":20.57,""sog_per60"":2.916869227029655}]",1,1,1.0,21.67,1.0,20.57,9,6.765414381630875,6.7274858569899605,-0.037928524640914674,-0.03792852464091556,0.0,-0.03792852464091445,0.0,True
8476887,2026-10-06,2026-10-08,2026020044,2026020058,10,10,2026020044,2025021220,"[{""game_id"":2026020044,""game_date"":""2026-10-06"",""sog"":2.0,""toi"":21.0,""sog_per60"":5.7142857142857135}]","[{""game_id"":2025021220,""game_date"":""2026-04-04"",""sog"":2.0,""toi"":19.75,""sog_per60"":6.075949367088607}]",1,1,2.0,21.0,2.0,19.75,9,6.7274858569899605,6.6848982072318455,-0.04258764975811502,-0.04258764975811502,0.0,-0.04258764975811555,0.0,True
8476889,2026-10-03,2026-10-05,2026020030,2026020043,10,10,2026020030,2025020836,"[{""game_id"":2026020030,""game_date"":""2026-10-03"",""sog"":1.0,""toi"":10.47,""sog_per60"":5.730659025787966}]","[{""game_id"":2025020836,""game_date"":""2026-01-27"",""sog"":1.0,""toi"":11.85,""sog_per60"":5.063291139240506}]",1,1,1.0,10.47,1.0,11.85,9,4.939491232403062,4.996252810392206,0.0567615779891435,0.0567615779891435,0.0,0.056761577989144704,0.0,True
8476889,2026-10-05,2026-10-08,2026020043,2026020057,10,10,2026020043,2025020856,"[{""game_id"":2026020043,""game_date"":""2026-10-05"",""sog"":1.0,""toi"":12.5,""sog_per60"":4.8}]","[{""game_id"":2025020856,""game_date"":""2026-01-29"",""sog"":1.0,""toi"":12.23,""sog_per60"":4.905968928863451}]",1,1,1.0,12.5,1.0,12.23,9,4.996252810392206,4.985044865403789,-0.01120794498841704,-0.01120794498841704,0.0,-0.011207944988418303,0.0,True
8476892,2026-10-03,2026-10-06,2026020032,2026020050,10,10,2026020032,2025021206,"[{""game_id"":2026020032,""game_date"":""2026-10-03"",""sog"":2.0,""toi"":20.75,""sog_per60"":5.783132530120482}]","[{""game_id"":2025021206,""game_date"":""2026-04-03"",""sog"":2.0,""toi"":22.63,""sog_per60"":5.302695536897923}]",1,1,2.0,20.75,2.0,22.63,9,3.9699418687083514,4.005531448190358,0.035589579482006695,0.03558957948200714,0.0,0.035589579482006584,0.0,True
8476892,2026-10-06,2026-10-08,2026020050,2026020063,10,10,2026020050,2025021228,"[{""game_id"":2026020050,""game_date"":""2026-10-06"",""sog"":2.0,""toi"":20.18,""sog_per60"":5.946481665014866}]","[{""game_id"":2025021228,""game_date"":""2026-04-05"",""sog"":1.0,""toi"":23.23,""sog_per60"":2.582866982350409}]",1,1,2.0,20.18,1.0,23.23,9,4.005531448190358,4.35497919287719,0.3494477446868318,0.3494477446868318,0.2882206676741334,0.06122707701269789,1.0,True
8476902,2026-10-03,2026-10-05,2026020030,2026020043,10,10,2026020030,2025021198,"[{""game_id"":2026020030,""game_date"":""2026-10-03"",""sog"":0.0,""toi"":19.18,""sog_per60"":0.0}]","[{""game_id"":2025021198,""game_date"":""2026-04-02"",""sog"":3.0,""toi"":22.27,""sog_per60"":8.082622361921867}]",1,1,0.0,19.18,3.0,22.27,9,3.693356693025238,2.883229216722729,-0.810127476302509,-0.8101274763025081,-0.8586409240113214,0.04851344770881283,-3.0,True
8476902,2026-10-05,2026-10-08,2026020043,2026020057,10,10,2026020043,2025021209,"[{""game_id"":2026020043,""game_date"":""2026-10-05"",""sog"":1.0,""toi"":18.9,""sog_per60"":3.174603174603175}]","[{""game_id"":2025021209,""game_date"":""2026-04-04"",""sog"":0.0,""toi"":19.17,""sog_per60"":0.0}]",1,1,1.0,18.9,0.0,19.17,9,2.883229216722729,3.1756724245777797,0.2924432078550505,0.2924432078550505,0.2885102074078537,0.003933000447196872,1.0,True
8476905,2026-10-03,2026-10-04,2026020028,2026020038,10,10,2026020028,2025021221,"[{""game_id"":2026020028,""game_date"":""2026-10-03"",""sog"":1.0,""toi"":18.12,""sog_per60"":3.3112582781456954}]","[{""game_id"":2025021221,""game_date"":""2026-04-04"",""sog"":0.0,""toi"":17.6,""sog_per60"":0.0}]",1,1,1.0,18.12,0.0,17.6,9,2.375296912114014,2.706665162963798,0.33136825084978394,0.3313682508497844,0.3388306378362384,-0.00746238698645439,1.0,True
8476905,2026-10-04,2026-10-06,2026020038,2026020051,10,10,2026020038,2025021230,"[{""game_id"":2026020038,""game_date"":""2026-10-04"",""sog"":1.0,""toi"":15.77,""sog_per60"":3.804692454026634}]","[{""game_id"":2025021230,""game_date"":""2026-04-06"",""sog"":0.0,""toi"":18.05,""sog_per60"":0.0}]",1,1,1.0,15.77,0.0,18.05,9,2.706665162963798,3.0846566891351537,0.37799152617135556,0.3779915261713551,0.3405363887483015,0.037455137423053446,1.0,True
8476906,2026-10-03,2026-10-06,2026020025,2026020045,10,10,2026020025,2025021197,"[{""game_id"":2026020025,""game_date"":""2026-10-03"",""sog"":4.0,""toi"":15.65,""sog_per60"":15.335463258785945}]","[{""game_id"":2025021197,""game_date"":""2026-04-02"",""sog"":1.0,""toi"":16.35,""sog_per60"":3.669724770642201}]",1,1,4.0,15.65,1.0,16.35,9,4.0519480519480515,5.005213764337852,0.9532657123898005,0.9532657123898005,0.9367712579391411,0.01649445445065858,3.0,True
8476906,2026-10-06,2026-10-08,2026020045,2026020061,10,10,2026020045,2025021214,"[{""game_id"":2026020045,""game_date"":""2026-10-06"",""sog"":1.0,""toi"":17.65,""sog_per60"":3.39943342776204}]","[{""game_id"":2025021214,""game_date"":""2026-04-04"",""sog"":3.0,""toi"":17.97,""sog_per60"":10.016694490818027}]",1,1,1.0,17.65,3.0,17.97,9,5.005213764337852,4.386881136411113,-0.6183326279267387,-0.6183326279267387,-0.6261745128719095,0.00784188494517054,-2.0,True
8476917,2026-10-03,2026-10-06,2026020029,2026020048,10,10,2026020029,2025021179,"[{""game_id"":2026020029,""game_date"":""2026-10-03"",""sog"":0.0,""toi"":19.88,""sog_per60"":0.0}]","[{""game_id"":2025021179,""game_date"":""2026-03-31"",""sog"":2.0,""toi"":21.28,""sog_per60"":5.639097744360902}]",1,1,0.0,19.88,2.0,21.28,9,4.096208381472534,3.491694000634854,-0.6045143808376805,-0.6045143808376805,-0.6325196797514054,0.028005298913725135,-2.0,True
8476917,2026-10-06,2026-10-08,2026020048,2026020062,10,10,2026020048,2025021205,"[{""game_id"":2026020048,""game_date"":""2026-10-06"",""sog"":0.0,""toi"":20.93,""sog_per60"":0.0}]","[{""game_id"":2025021205,""game_date"":""2026-04-03"",""sog"":1.0,""toi"":17.47,""sog_per60"":3.4344590726960504}]",1,1,0.0,20.93,1.0,17.47,9,3.491694000634854,3.1172069825436406,-0.3744870180912132,-0.37448701809121276,-0.31457371279240265,-0.05991330529881076,-1.0,True
8476921,2026-10-03,2026-10-06,2026020025,2026020045,10,10,2026020025,2025021185,"[{""game_id"":2026020025,""game_date"":""2026-10-03"",""sog"":3.0,""toi"":15.27,""sog_per60"":11.787819253438116}]","[{""game_id"":2025021185,""game_date"":""2026-03-31"",""sog"":2.0,""toi"":15.45,""sog_per60"":7.766990291262137}]",1,1,3.0,15.27,2.0,15.45,9,5.194459243473628,5.600746766235497,0.4062875227618692,0.4062875227618701,0.3998135642024513,0.006473958559418368,1.0,True
8476921,2026-10-06,2026-10-08,2026020045,2026020061,10,10,2026020045,2025021197,"[{""game_id"":2026020045,""game_date"":""2026-10-06"",""sog"":3.0,""toi"":16.92,""sog_per60"":10.638297872340424}]","[{""game_id"":2025021197,""game_date"":""2026-04-02"",""sog"":2.0,""toi"":14.07,""sog_per60"":8.528784648187631}]",1,1,3.0,16.92,2.0,14.07,9,5.600746766235497,5.888896159131061,0.28814939289556385,0.2881493928955621,0.3963232088603984,-0.10817381596483466,1.0,True
8476925,2026-10-03,2026-10-06,2026020023,2026020044,10,10,2026020023,2025021218,"[{""game_id"":2026020023,""game_date"":""2026-10-03"",""sog"":4.0,""toi"":14.4,""sog_per60"":16.666666666666668}]","[{""game_id"":2025021218,""game_date"":""2026-04-04"",""sog"":2.0,""toi"":13.4,""sog_per60"":8.955223880597014}]",1,1,4.0,14.4,2.0,13.4,9,4.004805766920304,4.773902665428988,0.7690968985086837,0.7690968985086837,0.7983057988111129,-0.029208900302428956,2.0,True
8476925,2026-10-06,2026-10-08,2026020044,2026020065,10,10,2026020044,2025021242,"[{""game_id"":2026020044,""game_date"":""2026-10-06"",""sog"":2.0,""toi"":13.65,""sog_per60"":8.791208791208792}]","[{""game_id"":2025021242,""game_date"":""2026-04-07"",""sog"":2.0,""toi"":13.37,""sog_per60"":8.975317875841437}]",1,1,2.0,13.65,2.0,13.37,9,4.773902665428988,4.765056254136334,-0.008846411292654288,-0.008846411292654288,0.0,-0.008846411292654857,0.0,True
8476927,2026-10-03,2026-10-06,2026020023,2026020044,10,10,2026020023,2025021216,"[{""game_id"":2026020023,""game_date"":""2026-10-03"",""sog"":0.0,""toi"":10.4,""sog_per60"":0.0}]","[{""game_id"":2025021216,""game_date"":""2026-04-04"",""sog"":2.0,""toi"":14.1,""sog_per60"":8.51063829787234}]",1,1,0.0,10.4,2.0,14.1,9,4.437869822485207,3.7236243276789414,-0.7142454948062658,-0.7142454948062662,-0.8171787475437902,0.10293325273752432,-2.0,True
8476927,2026-10-06,2026-10-08,2026020044,2026020065,10,10,2026020044,2025021242,"[{""game_id"":2026020044,""game_date"":""2026-10-06"",""sog"":1.0,""toi"":9.88,""sog_per60"":6.0728744939271255}]","[{""game_id"":2025021242,""game_date"":""2026-04-07"",""sog"":0.0,""toi"":14.63,""sog_per60"":0.0}]",1,1,1.0,9.88,0.0,14.63,9,3.7236243276789414,4.277464889142368,0.5538405614634265,0.553840561463427,0.420741262661504,0.1330992988019228,1.0,True
8476931,2026-10-03,2026-10-06,2026020023,2026020044,10,10,2026020023,2025021217,"[{""game_id"":2026020023,""game_date"":""2026-10-03"",""sog"":1.0,""toi"":17.75,""sog_per60"":3.380281690140845}]","[{""game_id"":2025021217,""game_date"":""2026-04-04"",""sog"":2.0,""toi"":23.75,""sog_per60"":5.052631578947368}]",1,1,1.0,17.75,2.0,23.75,9,3.557312252964427,3.3604887983706724,-0.19682345459375483,-0.19682345459375483,-0.30097083470854835,0.104147380114793,-1.0,True
8476931,2026-10-06,2026-10-08,2026020044,2026020065,10,10,2026020044,2025021245,"[{""game_id"":2026020044,""game_date"":""2026-10-06"",""sog"":1.0,""toi"":19.98,""sog_per60"":3.003003003003003}]","[{""game_id"":2025021245,""game_date"":""2026-04-08"",""sog"":0.0,""toi"":22.13,""sog_per60"":0.0}]",1,1,1.0,19.98,0.0,22.13,9,3.3604887983706724,3.7065637065637067,0.3460749081930343,0.3460749081930343,0.307189645275185,0.038885262917849245,1.0,True
8476958,2026-10-03,2026-10-06,2026020025,2026020045,10,10,2026020025,2025021197,"[{""game_id"":2026020025,""game_date"":""2026-10-03"",""sog"":1.0,""toi"":24.78,""sog_per60"":2.4213075060532687}]","[{""game_id"":2025021197,""game_date"":""2026-04-02"",""sog"":0.0,""toi"":20.62,""sog_per60"":0.0}]",1,1,1.0,24.78,0.0,20.62,9,4.182225541448842,4.390029754646115,0.2078042131972726,0.2078042131972726,0.29569952306375774,-0.08789530986648576,1.0,True
8476958,2026-10-06,2026-10-08,2026020045,2026020061,10,10,2026020045,2025021214,"[{""game_id"":2026020045,""game_date"":""2026-10-06"",""sog"":1.0,""toi"":21.28,""sog_per60"":2.819548872180451}]","[{""game_id"":2025021214,""game_date"":""2026-04-04"",""sog"":2.0,""toi"":20.9,""sog_per60"":5.741626794258373}]",1,1,1.0,21.28,2.0,20.9,9,4.390029754646115,4.089780417741856,-0.30024933690425826,-0.30024933690425737,-0.29239791150279393,-0.007851425401463304,-1.0,True
8476967,2026-10-03,2026-10-07,2026020032,2026020054,10,10,2026020032,2025021209,"[{""game_id"":2026020032,""game_date"":""2026-10-03"",""sog"":0.0,""toi"":16.8,""sog_per60"":0.0}]","[{""game_id"":2025021209,""game_date"":""2026-04-04"",""sog"":0.0,""toi"":20.68,""sog_per60"":0.0}]",1,1,0.0,16.8,0.0,20.68,9,3.9360854692844756,4.008972462177253,0.07288699289277734,0.07288699289277778,0.0,0.0728869928927772,0.0,True
8476967,2026-10-07,2026-10-08,2026020054,2026020064,10,10,2026020054,2025021228,"[{""game_id"":2026020054,""game_date"":""2026-10-07"",""sog"":2.0,""toi"":17.15,""sog_per60"":6.997084548104957}]","[{""game_id"":2025021228,""game_date"":""2026-04-05"",""sog"":2.0,""toi"":21.0,""sog_per60"":5.7142857142857135}]",1,1,2.0,17.15,2.0,21.0,9,4.008972462177253,4.084014002333722,0.07504154015646947,0.07504154015646858,0.0,0.07504154015646938,0.0,True
8476979,2026-10-03,2026-10-06,2026020034,2026020052,10,10,2026020034,2024020998,"[{""game_id"":2026020034,""game_date"":""2026-10-03"",""sog"":2.0,""toi"":17.25,""sog_per60"":6.956521739130435}]","[{""game_id"":2024020998,""game_date"":""2025-03-07"",""sog"":0.0,""toi"":19.65,""sog_per60"":0.0}]",1,1,2.0,17.25,0.0,19.65,9,4.350716055350777,5.15053038199767,0.7998143266468931,0.7998143266468931,0.7304546985647793,0.0693596280821134,2.0,True
8476981,2026-10-03,2026-10-06,2026020026,2026020045,10,10,2026020026,2025021195,"[{""game_id"":2026020026,""game_date"":""2026-10-03"",""sog"":3.0,""toi"":12.17,""sog_per60"":14.790468364831554}]","[{""game_id"":2025021195,""game_date"":""2026-04-02"",""sog"":3.0,""toi"":16.43,""sog_per60"":10.955569080949484}]",1,1,3.0,12.17,3.0,16.43,9,4.264695429668064,4.3978597082753055,0.13316427860724112,0.133164278607242,0.0,0.13316427860724112,0.0,True
8476981,2026-10-06,2026-10-08,2026020045,2026020058,10,10,2026020045,2025021212,"[{""game_id"":2026020045,""game_date"":""2026-10-06"",""sog"":0.0,""toi"":12.5,""sog_per60"":0.0}]","[{""game_id"":2025021212,""game_date"":""2026-04-04"",""sog"":0.0,""toi"":14.5,""sog_per60"":0.0}]",1,1,0.0,12.5,0.0,14.5,9,4.3978597082753055,4.463289444320464,0.06542973604515812,0.06542973604515812,0.0,0.06542973604515834,0.0,True
8477021,2026-10-03,2026-10-06,2026020030,2026020044,10,10,2026020030,2025021203,"[{""game_id"":2026020030,""game_date"":""2026-10-03"",""sog"":1.0,""toi"":16.38,""sog_per60"":3.6630036630036633}]","[{""game_id"":2025021203,""game_date"":""2026-04-02"",""sog"":1.0,""toi"":16.55,""sog_per60"":3.625377643504532}]",1,1,1.0,16.38,1.0,16.55,9,3.841502454293235,3.846153846153846,0.004651391860611032,0.004651391860611476,0.0,0.004651391860611472,0.0,True
8477021,2026-10-06,2026-10-08,2026020044,2026020058,10,10,2026020044,2025021216,"[{""game_id"":2026020044,""game_date"":""2026-10-06"",""sog"":1.0,""toi"":18.83,""sog_per60"":3.186404673393521}]","[{""game_id"":2025021216,""game_date"":""2026-04-04"",""sog"":0.0,""toi"":16.0,""sog_per60"":0.0}]",1,1,1.0,18.83,0.0,16.0,9,3.846153846153846,4.189066536340151,0.34291269018630555,0.342912690186306,0.42312854049222126,-0.08021585030591605,1.0,True
8477220,2026-10-03,2026-10-04,2026020027,2026020036,10,10,2026020027,2025021203,"[{""game_id"":2026020027,""game_date"":""2026-10-03"",""sog"":0.0,""toi"":21.55,""sog_per60"":0.0}]","[{""game_id"":2025021203,""game_date"":""2026-04-02"",""sog"":0.0,""toi"":19.83,""sog_per60"":0.0}]",1,1,0.0,21.55,0.0,19.83,9,1.9595035924232524,1.9413287316652283,-0.018174860758024103,-0.018174860758024103,0.0,-0.018174860758024027,0.0,True
8477220,2026-10-04,2026-10-06,2026020036,2026020047,10,10,2026020036,2025021216,"[{""game_id"":2026020036,""game_date"":""2026-10-04"",""sog"":3.0,""toi"":22.65,""sog_per60"":7.947019867549669}]","[{""game_id"":2025021216,""game_date"":""2026-04-04"",""sog"":1.0,""toi"":18.75,""sog_per60"":3.2}]",1,1,3.0,22.65,1.0,18.75,9,1.9413287316652283,2.5351220027463817,0.5937932710811533,0.5937932710811533,0.6404450389541692,-0.046651767873015657,2.0,True
8477220,2026-10-06,2026-10-08,2026020047,2026020056,10,10,2026020047,2025021241,"[{""game_id"":2026020047,""game_date"":""2026-10-06"",""sog"":2.0,""toi"":23.45,""sog_per60"":5.11727078891258}]","[{""game_id"":2025021241,""game_date"":""2026-04-07"",""sog"":0.0,""toi"":17.22,""sog_per60"":0.0}]",1,1,2.0,23.45,0.0,17.22,9,2.5351220027463817,3.067955207853965,0.5328332051075835,0.532833205107583,0.6236857711286943,-0.0908525660211111,2.0,True
8477346,2026-10-03,2026-10-04,2026020027,2026020036,10,10,2026020027,2025021164,"[{""game_id"":2026020027,""game_date"":""2026-10-03"",""sog"":1.0,""toi"":20.35,""sog_per60"":2.9484029484029484}]","[{""game_id"":2025021164,""game_date"":""2026-03-28"",""sog"":3.0,""toi"":21.13,""sog_per60"":8.518693800283957}]",1,1,1.0,20.35,3.0,21.13,9,6.025306286402893,5.444097187216453,-0.5812090991864398,-0.5812090991864389,-0.6037151580543921,0.022506058867952424,-2.0,True
8477346,2026-10-04,2026-10-06,2026020036,2026020047,10,10,2026020036,2025021203,"[{""game_id"":2026020036,""game_date"":""2026-10-04"",""sog"":0.0,""toi"":22.0,""sog_per60"":0.0}]","[{""game_id"":2025021203,""game_date"":""2026-04-02"",""sog"":2.0,""toi"":19.55,""sog_per60"":6.138107416879795}]",1,1,0.0,22.0,2.0,19.55,9,5.444097187216453,4.780162326345666,-0.6639348608707873,-0.6639348608707873,-0.6012099891308516,-0.06272487173993588,-2.0,True
8477346,2026-10-06,2026-10-08,2026020047,2026020056,10,10,2026020047,2025021241,"[{""game_id"":2026020047,""game_date"":""2026-10-06"",""sog"":3.0,""toi"":20.28,""sog_per60"":8.875739644970412}]","[{""game_id"":2025021241,""game_date"":""2026-04-07"",""sog"":1.0,""toi"":18.98,""sog_per60"":3.161222339304531}]",1,1,3.0,20.28,1.0,18.98,9,4.780162326345666,5.343096027309158,0.5629337009634918,0.5629337009634918,0.5955988135804462,-0.03266511261695407,2.0,True
8477365,2026-10-03,2026-10-05,2026020031,2026020041,10,10,2026020031,2025021192,"[{""game_id"":2026020031,""game_date"":""2026-10-03"",""sog"":0.0,""toi"":18.1,""sog_per60"":0.0}]","[{""game_id"":2025021192,""game_date"":""2026-04-02"",""sog"":2.0,""toi"":16.87,""sog_per60"":7.1132187314759925}]",1,1,0.0,18.1,2.0,16.87,9,3.9280858135670043,3.303303303303303,-0.6247825102637012,-0.6247825102637004,-0.6024607474977621,-0.022321762765938682,-2.0,True
8477365,2026-10-05,2026-10-08,2026020041,2026020056,10,10,2026020041,2025021211,"[{""game_id"":2026020041,""game_date"":""2026-10-05"",""sog"":1.0,""toi"":19.28,""sog_per60"":3.1120331950207465}]","[{""game_id"":2025021211,""game_date"":""2026-04-04"",""sog"":0.0,""toi"":17.97,""sog_per60"":0.0}]",1,1,1.0,19.28,0.0,17.97,9,3.303303303303303,3.580130276962856,0.2768269736595528,0.27682697365955233,0.2993222450236025,-0.022495271364049926,1.0,True
8477402,2026-10-03,2026-10-06,2026020032,2026020050,10,10,2026020032,2025021189,"[{""game_id"":2026020032,""game_date"":""2026-10-03"",""sog"":2.0,""toi"":15.72,""sog_per60"":7.633587786259542}]","[{""game_id"":2025021189,""game_date"":""2026-04-01"",""sog"":1.0,""toi"":18.62,""sog_per60"":3.2223415682062297}]",1,1,2.0,15.72,1.0,18.62,9,4.329524954900783,4.773561811505508,0.44403685660472547,0.44403685660472636,0.3639954043326162,0.0800414522721094,1.0,True
8477402,2026-10-06,2026-10-08,2026020050,2026020063,10,10,2026020050,2025021228,"[{""game_id"":2026020050,""game_date"":""2026-10-06"",""sog"":2.0,""toi"":17.72,""sog_per60"":6.772009029345373}]","[{""game_id"":2025021228,""game_date"":""2026-04-05"",""sog"":1.0,""toi"":15.17,""sog_per60"":3.955174686882004}]",1,1,2.0,17.72,1.0,15.17,9,4.773561811505508,5.061765592045798,0.2882037805402895,0.2882037805402886,0.36437587378481445,-0.07617209324452491,1.0,True
8477404,2026-10-03,2026-10-05,2026020024,2026020040,10,10,2026020024,2025021192,"[{""game_id"":2026020024,""game_date"":""2026-10-03"",""sog"":2.0,""toi"":18.3,""sog_per60"":6.557377049180328}]","[{""game_id"":2025021192,""game_date"":""2026-04-02"",""sog"":7.0,""toi"":21.4,""sog_per60"":19.626168224299068}]",1,1,2.0,18.3,7.0,21.4,9,8.772330607209758,7.507994623905085,-1.2643359833046732,-1.264335983304676,-1.3805230160868813,0.11618703278220721,-5.0,True
8477404,2026-10-05,2026-10-08,2026020040,2026020060,10,10,2026020040,2025021210,"[{""game_id"":2026020040,""game_date"":""2026-10-05"",""sog"":5.0,""toi"":21.33,""sog_per60"":14.064697609001406}]","[{""game_id"":2025021210,""game_date"":""2026-04-04"",""sog"":1.0,""toi"":21.08,""sog_per60"":2.846299810246679}]",1,1,5.0,21.33,1.0,21.08,9,7.507994623905085,8.610313859827793,1.1023192359227076,1.1023192359227103,1.111651869907785,-0.009332633985076472,4.0,True
8477407,2026-10-03,2026-10-06,2026020029,2026020048,10,10,2026020029,2025020999,"[{""game_id"":2026020029,""game_date"":""2026-10-03"",""sog"":0.0,""toi"":11.62,""sog_per60"":0.0}]","[{""game_id"":2025020999,""game_date"":""2026-03-07"",""sog"":0.0,""toi"":8.87,""sog_per60"":0.0}]",1,1,0.0,11.62,0.0,8.87,9,6.048387096774193,5.922101586819528,-0.12628550995466536,-0.12628550995466625,0.0,-0.12628550995466542,0.0,True
8477407,2026-10-06,2026-10-08,2026020048,2026020062,10,10,2026020048,2025021051,"[{""game_id"":2026020048,""game_date"":""2026-10-06"",""sog"":0.0,""toi"":14.53,""sog_per60"":0.0}]","[{""game_id"":2025021051,""game_date"":""2026-03-14"",""sog"":1.0,""toi"":12.97,""sog_per60"":4.626060138781804}]",1,1,0.0,14.53,1.0,12.97,9,5.922101586819528,5.402566218954003,-0.519535367865525,-0.5195353678655241,-0.45288006374434736,-0.06665530412117777,-1.0,True
8477409,2026-10-04,2026-10-06,2026020037,2026020052,10,10,2026020037,2025021181,"[{""game_id"":2026020037,""game_date"":""2026-10-04"",""sog"":3.0,""toi"":19.3,""sog_per60"":9.32642487046632}]","[{""game_id"":2025021181,""game_date"":""2026-03-31"",""sog"":6.0,""toi"":16.98,""sog_per60"":21.20141342756184}]",1,1,3.0,19.3,6.0,16.98,9,7.764896198436236,6.71033711455504,-1.0545590838811956,-1.0545590838811956,-0.9646158062990533,-0.08994327758214184,-3.0,True
8477416,2026-10-04,2026-10-06,2026020036,2026020048,10,10,2026020036,2025021234,"[{""game_id"":2026020036,""game_date"":""2026-10-04"",""sog"":0.0,""toi"":7.82,""sog_per60"":0.0}]","[{""game_id"":2025021234,""game_date"":""2026-04-07"",""sog"":2.0,""toi"":15.02,""sog_per60"":7.989347536617844}]",1,1,0.0,7.82,2.0,15.02,9,6.2075081288796925,5.61973150171714,-0.5877766271625529,-0.587776627162552,-0.9117043962535494,0.3239277690909962,-2.0,True
8477426,2026-10-03,2026-10-06,2026020023,2026020044,10,10,2026020023,2025021229,"[{""game_id"":2026020023,""game_date"":""2026-10-03"",""sog"":2.0,""toi"":17.05,""sog_per60"":7.038123167155425}]","[{""game_id"":2025021229,""game_date"":""2026-04-06"",""sog"":2.0,""toi"":18.08,""sog_per60"":6.6371681415929205}]",1,1,2.0,17.05,2.0,18.08,9,6.047167909695626,6.089309878213802,0.042141968518175865,0.04214196851817675,0.0,0.04214196851817535,0.0,True
8477426,2026-10-06,2026-10-08,2026020044,2026020065,10,10,2026020044,2025021234,"[{""game_id"":2026020044,""game_date"":""2026-10-06"",""sog"":2.0,""toi"":13.45,""sog_per60"":8.921933085501859}]","[{""game_id"":2025021234,""game_date"":""2026-04-07"",""sog"":2.0,""toi"":13.45,""sog_per60"":8.921933085501859}]",1,1,2.0,13.45,2.0,13.45,9,6.089309878213802,6.089309878213802,0.0,0.0,0.0,0.0,0.0,True
8477429,2026-10-04,2026-10-06,2026020035,2026020046,10,10,2026020035,2025021207,"[{""game_id"":2026020035,""game_date"":""2026-10-04"",""sog"":1.0,""toi"":23.73,""sog_per60"":2.528445006321113}]","[{""game_id"":2025021207,""game_date"":""2026-04-04"",""sog"":2.0,""toi"":20.5,""sog_per60"":5.853658536585366}]",1,1,1.0,23.73,2.0,20.5,9,5.384574776962467,4.982871379632513,-0.4017033973299533,-0.4017033973299533,-0.31408457699476505,-0.08761882033518745,-1.0,True
8477446,2026-10-03,2026-10-06,2026020031,2026020049,10,10,2026020031,2025021208,"[{""game_id"":2026020031,""game_date"":""2026-10-03"",""sog"":4.0,""toi"":16.97,""sog_per60"":14.142604596346494}]","[{""game_id"":2025021208,""game_date"":""2026-04-04"",""sog"":1.0,""toi"":13.27,""sog_per60"":4.52147701582517}]",1,1,4.0,16.97,1.0,13.27,9,8.217993079584776,9.268361185226793,1.0503681056420167,1.0503681056420202,1.280722644510194,-0.23035453886817656,3.0,True
8477446,2026-10-06,2026-10-08,2026020049,2026020060,10,10,2026020049,2025021222,"[{""game_id"":2026020049,""game_date"":""2026-10-06"",""sog"":0.0,""toi"":15.27,""sog_per60"":0.0}]","[{""game_id"":2025021222,""game_date"":""2026-04-05"",""sog"":0.0,""toi"":12.47,""sog_per60"":0.0}]",1,1,0.0,15.27,0.0,12.47,9,9.268361185226793,9.089657072028647,-0.17870411319814572,-0.17870411319814572,0.0,-0.17870411319814675,0.0,True
8477447,2026-10-04,2026-10-06,2026020039,2026020051,10,10,2026020039,2025021218,"[{""game_id"":2026020039,""game_date"":""2026-10-04"",""sog"":2.0,""toi"":22.18,""sog_per60"":5.410279531109108}]","[{""game_id"":2025021218,""game_date"":""2026-04-04"",""sog"":3.0,""toi"":20.27,""sog_per60"":8.880118401578688}]",1,1,2.0,22.18,3.0,20.27,9,6.078467489408731,5.75158625097001,-0.3268812384387214,-0.3268812384387214,-0.2750895181806532,-0.05179172025806784,-1.0,True
8477447,2026-10-06,2026-10-08,2026020051,2026020065,10,10,2026020051,2025021242,"[{""game_id"":2026020051,""game_date"":""2026-10-06"",""sog"":4.0,""toi"":19.08,""sog_per60"":12.57861635220126}]","[{""game_id"":2025021242,""game_date"":""2026-04-07"",""sog"":1.0,""toi"":20.62,""sog_per60"":2.909796314258002}]",1,1,4.0,19.08,1.0,20.62,9,5.75158625097001,6.619776582540339,0.8681903315703297,0.8681903315703297,0.8245636257637718,0.043626705806558204,3.0,True
8477451,2026-10-03,2026-10-06,2026020031,2026020049,10,10,2026020031,2025021140,"[{""game_id"":2026020031,""game_date"":""2026-10-03"",""sog"":0.0,""toi"":11.5,""sog_per60"":0.0}]","[{""game_id"":2025021140,""game_date"":""2026-03-26"",""sog"":4.0,""toi"":14.83,""sog_per60"":16.183412002697235}]",1,1,0.0,11.5,4.0,14.83,9,8.407457048860728,7.089111373670791,-1.3183456751899367,-1.3183456751899358,-1.4773054715001468,0.15895979631021095,-4.0,True
8477451,2026-10-06,2026-10-08,2026020049,2026020060,10,10,2026020049,2025021155,"[{""game_id"":2026020049,""game_date"":""2026-10-06"",""sog"":0.0,""toi"":13.67,""sog_per60"":0.0}]","[{""game_id"":2025021155,""game_date"":""2026-03-28"",""sog"":3.0,""toi"":17.1,""sog_per60"":10.526315789473683}]",1,1,0.0,13.67,3.0,17.1,9,7.089111373670791,6.0998856271444915,-0.9892257465262997,-0.9892257465263006,-1.1315309649398586,0.14230521841355798,-3.0,True
8477476,2026-10-03,2026-10-07,2026020032,2026020054,10,10,2026020032,2025021188,"[{""game_id"":2026020032,""game_date"":""2026-10-03"",""sog"":2.0,""toi"":19.43,""sog_per60"":6.176016469377252}]","[{""game_id"":2025021188,""game_date"":""2026-04-01"",""sog"":2.0,""toi"":16.88,""sog_per60"":7.109004739336493}]",1,1,2.0,19.43,2.0,16.88,9,4.309154190376223,4.2492917847025495,-0.05986240567367318,-0.05986240567367318,0.0,-0.05986240567367297,0.0,True
8477476,2026-10-07,2026-10-08,2026020054,2026020064,10,10,2026020054,2025021209,"[{""game_id"":2026020054,""game_date"":""2026-10-07"",""sog"":0.0,""toi"":17.35,""sog_per60"":0.0}]","[{""game_id"":2025021209,""game_date"":""2026-04-04"",""sog"":1.0,""toi"":18.5,""sog_per60"":3.243243243243243}]",1,1,0.0,17.35,1.0,18.5,9,4.2492917847025495,3.9471520201743324,-0.3021397645282171,-0.30213976452821667,-0.3278989669189004,0.025759202390683404,-1.0,True
8477478,2026-10-03,2026-10-06,2026020025,2026020045,10,10,2026020025,2025021197,"[{""game_id"":2026020025,""game_date"":""2026-10-03"",""sog"":2.0,""toi"":12.82,""sog_per60"":9.3603744149766}]","[{""game_id"":2025021197,""game_date"":""2026-04-02"",""sog"":0.0,""toi"":10.97,""sog_per60"":0.0}]",1,1,2.0,12.82,0.0,10.97,9,5.209840810419681,6.2559241706161135,1.046083360196432,1.046083360196432,1.147591580304662,-0.10150822010822937,2.0,True
8477478,2026-10-06,2026-10-08,2026020045,2026020061,10,10,2026020045,2025021214,"[{""game_id"":2026020045,""game_date"":""2026-10-06"",""sog"":1.0,""toi"":12.17,""sog_per60"":4.930156121610517}]","[{""game_id"":2025021214,""game_date"":""2026-04-04"",""sog"":1.0,""toi"":11.07,""sog_per60"":5.420054200542006}]",1,1,1.0,12.17,1.0,11.07,9,6.2559241706161135,6.191369606003753,-0.06455456461236064,-0.06455456461236153,0.0,-0.06455456461236131,0.0,True
8477479,2026-10-03,2026-10-06,2026020022,2026020050,10,10,2026020022,2025021221,"[{""game_id"":2026020022,""game_date"":""2026-10-03"",""sog"":1.0,""toi"":16.3,""sog_per60"":3.6809815950920246}]","[{""game_id"":2025021221,""game_date"":""2026-04-04"",""sog"":3.0,""toi"":18.77,""sog_per60"":9.589770911028236}]",1,1,1.0,16.3,3.0,18.77,9,3.891471192303535,3.286770747740345,-0.60470044456319,-0.6047004445631896,-0.652966340799329,0.048265896236139166,-2.0,True
8477479,2026-10-06,2026-10-08,2026020050,2026020062,10,10,2026020050,2025021231,"[{""game_id"":2026020050,""game_date"":""2026-10-06"",""sog"":0.0,""toi"":17.83,""sog_per60"":0.0}]","[{""game_id"":2025021231,""game_date"":""2026-04-06"",""sog"":3.0,""toi"":20.27,""sog_per60"":8.880118401578688}]",1,1,0.0,17.83,3.0,20.27,9,3.286770747740345,2.331908278274388,-0.9548624694659571,-0.9548624694659571,-0.992710243219849,0.037847773753891874,-3.0,True
8477488,2026-10-03,2026-10-06,2026020029,2026020047,10,10,2026020029,2025020866,"[{""game_id"":2026020029,""game_date"":""2026-10-03"",""sog"":2.0,""toi"":18.87,""sog_per60"":6.359300476947535}]","[{""game_id"":2025020866,""game_date"":""2026-01-31"",""sog"":0.0,""toi"":18.48,""sog_per60"":0.0}]",1,1,2.0,18.87,0.0,18.48,9,1.835330104511853,2.442250941284217,0.6069208367723637,0.6069208367723637,0.6111697184125026,-0.004248881640138771,2.0,True
8477492,2026-10-03,2026-10-07,2026020032,2026020054,10,10,2026020032,2025021188,"[{""game_id"":2026020032,""game_date"":""2026-10-03"",""sog"":4.0,""toi"":18.27,""sog_per60"":13.136288998357964}]","[{""game_id"":2025021188,""game_date"":""2026-04-01"",""sog"":7.0,""toi"":24.35,""sog_per60"":17.248459958932237}]",1,1,4.0,18.27,7.0,24.35,9,11.701337295690937,11.181192660550458,-0.520144635140479,-0.5201446351404773,-0.8479507749771663,0.3278061398366883,-3.0,True
8477492,2026-10-07,2026-10-08,2026020054,2026020064,10,10,2026020054,2025021209,"[{""game_id"":2026020054,""game_date"":""2026-10-07"",""sog"":1.0,""toi"":20.18,""sog_per60"":2.973240832507433}]","[{""game_id"":2025021209,""game_date"":""2026-04-04"",""sog"":2.0,""toi"":20.78,""sog_per60"":5.7747834456207885}]",1,1,1.0,20.18,2.0,20.78,9,11.181192660550458,10.925819436457735,-0.25537322409272356,-0.2553732240927218,-0.2871094059118654,0.03173618181914229,-1.0,True
8477495,2026-10-04,2026-10-06,2026020037,2026020052,10,10,2026020037,2025021167,"[{""game_id"":2026020037,""game_date"":""2026-10-04"",""sog"":4.0,""toi"":28.58,""sog_per60"":8.39748075577327}]","[{""game_id"":2025021167,""game_date"":""2026-03-29"",""sog"":1.0,""toi"":24.0,""sog_per60"":2.5}]",1,1,4.0,28.58,1.0,24.0,9,2.596789423984891,3.2465022802813635,0.6497128562964725,0.6497128562964725,0.7019471787553585,-0.052234322458886054,3.0,True
8477496,2026-10-03,2026-10-05,2026020031,2026020041,10,10,2026020031,2025021210,"[{""game_id"":2026020031,""game_date"":""2026-10-03"",""sog"":2.0,""toi"":16.93,""sog_per60"":7.088009450679268}]","[{""game_id"":2025021210,""game_date"":""2026-04-04"",""sog"":2.0,""toi"":16.27,""sog_per60"":7.375537799631223}]",1,1,2.0,16.93,2.0,16.27,9,4.5021645021645025,4.4850784888735555,-0.017086013290946944,-0.017086013290946944,0.0,-0.01708601329094648,0.0,True
8477496,2026-10-05,2026-10-08,2026020041,2026020056,10,10,2026020041,2025021224,"[{""game_id"":2026020041,""game_date"":""2026-10-05"",""sog"":2.0,""toi"":15.53,""sog_per60"":7.726980038634901}]","[{""game_id"":2025021224,""game_date"":""2026-04-05"",""sog"":0.0,""toi"":19.1,""sog_per60"":0.0}]",1,1,2.0,15.53,0.0,19.1,9,4.4850784888735555,5.2835505459668894,0.7984720570933339,0.7984720570933339,0.6972427406701174,0.10122931642321659,2.0,True
8477498,2026-10-03,2026-10-05,2026020034,2026020043,10,10,2026020034,2025021187,"[{""game_id"":2026020034,""game_date"":""2026-10-03"",""sog"":0.0,""toi"":21.85,""sog_per60"":0.0}]","[{""game_id"":2025021187,""game_date"":""2026-03-31"",""sog"":4.0,""toi"":23.2,""sog_per60"":10.344827586206897}]",1,1,0.0,21.85,4.0,23.2,9,5.602240896358543,4.510218463706836,-1.0920224326517074,-1.0920224326517074,-1.1240013975992087,0.03197896494750153,-4.0,True
8477498,2026-10-05,2026-10-08,2026020043,2026020063,10,10,2026020043,2025021200,"[{""game_id"":2026020043,""game_date"":""2026-10-05"",""sog"":3.0,""toi"":22.27,""sog_per60"":8.082622361921867}]","[{""game_id"":2025021200,""game_date"":""2026-04-02"",""sog"":1.0,""toi"":21.02,""sog_per60"":2.8544243577545196}]",1,1,3.0,22.27,1.0,21.02,9,4.510218463706836,5.0443717888837,0.534153325176864,0.534153325176864,0.5621315311418827,-0.027978205965019688,2.0,True
8477500,2026-10-03,2026-10-06,2026020029,2026020048,10,10,2026020029,2025021179,"[{""game_id"":2026020029,""game_date"":""2026-10-03"",""sog"":4.0,""toi"":18.52,""sog_per60"":12.958963282937365}]","[{""game_id"":2025021179,""game_date"":""2026-03-31"",""sog"":3.0,""toi"":21.37,""sog_per60"":8.423022929340197}]",1,1,4.0,18.52,3.0,21.37,9,6.347374495095211,6.728097118619277,0.3807226235240657,0.3807226235240666,0.2905214920917134,0.09020113143235232,1.0,True
8477500,2026-10-06,2026-10-08,2026020048,2026020062,10,10,2026020048,2025021205,"[{""game_id"":2026020048,""game_date"":""2026-10-06"",""sog"":2.0,""toi"":17.82,""sog_per60"":6.734006734006734}]","[{""game_id"":2025021205,""game_date"":""2026-04-03"",""sog"":4.0,""toi"":22.15,""sog_per60"":10.835214446952596}]",1,1,2.0,17.82,4.0,22.15,9,6.728097118619277,6.275525450742106,-0.4525716678771712,-0.4525716678771712,-0.5913605069525327,0.13878883907536085,-2.0,True
8477504,2026-10-04,2026-10-05,2026020035,2026020042,10,10,2026020035,2025021198,"[{""game_id"":2026020035,""game_date"":""2026-10-04"",""sog"":7.0,""toi"":21.55,""sog_per60"":19.489559164733176}]","[{""game_id"":2025021198,""game_date"":""2026-04-02"",""sog"":2.0,""toi"":27.87,""sog_per60"":4.3057050592034445}]",1,1,7.0,21.55,2.0,27.87,9,6.454282167976831,7.902115727759368,1.447833559782537,1.447833559782537,1.257871452013106,0.18996210776943143,5.0,True
8477504,2026-10-05,2026-10-07,2026020042,2026020054,10,10,2026020042,2025021215,"[{""game_id"":2026020042,""game_date"":""2026-10-05"",""sog"":0.0,""toi"":23.83,""sog_per60"":0.0}]","[{""game_id"":2025021215,""game_date"":""2026-04-04"",""sog"":2.0,""toi"":25.38,""sog_per60"":4.7281323877068555}]",1,1,0.0,23.83,2.0,25.38,9,7.902115727759368,7.441303511097806,-0.46081221666156136,-0.46081221666156136,-0.5115036317564556,0.05069141509489467,-2.0,True
8477505,2026-10-03,2026-10-05,2026020034,2026020043,10,10,2026020034,2025021220,"[{""game_id"":2026020034,""game_date"":""2026-10-03"",""sog"":1.0,""toi"":18.72,""sog_per60"":3.2051282051282053}]","[{""game_id"":2025021220,""game_date"":""2026-04-04"",""sog"":2.0,""toi"":20.52,""sog_per60"":5.847953216374269}]",1,1,1.0,18.72,2.0,20.52,9,3.3150836305188602,3.041208373460388,-0.27387525705847215,-0.2738752570584726,-0.30274603824205853,0.02887078118358607,-1.0,True
8477505,2026-10-05,2026-10-08,2026020043,2026020063,10,10,2026020043,2025021231,"[{""game_id"":2026020043,""game_date"":""2026-10-05"",""sog"":1.0,""toi"":17.65,""sog_per60"":3.39943342776204}]","[{""game_id"":2025021231,""game_date"":""2026-04-06"",""sog"":1.0,""toi"":19.23,""sog_per60"":3.1201248049921997}]",1,1,1.0,17.65,1.0,19.23,9,3.041208373460388,3.065760564099944,0.02455219063955605,0.024552190639555604,0.0,0.024552190639556132,0.0,True
8477506,2026-10-03,2026-10-06,2026020029,2026020048,10,10,2026020029,2025021173,"[{""game_id"":2026020029,""game_date"":""2026-10-03"",""sog"":0.0,""toi"":19.0,""sog_per60"":0.0}]","[{""game_id"":2025021173,""game_date"":""2026-03-30"",""sog"":2.0,""toi"":20.52,""sog_per60"":5.847953216374269}]",1,1,0.0,19.0,2.0,20.52,9,2.573036719378183,1.9456304383073015,-0.6274062810708814,-0.6274062810708814,-0.6459013296401566,0.01849504856927477,-2.0,True
8477506,2026-10-06,2026-10-08,2026020048,2026020062,10,10,2026020048,2025021179,"[{""game_id"":2026020048,""game_date"":""2026-10-06"",""sog"":1.0,""toi"":16.53,""sog_per60"":3.629764065335753}]","[{""game_id"":2025021179,""game_date"":""2026-03-31"",""sog"":2.0,""toi"":19.28,""sog_per60"":6.224066390041493}]",1,1,1.0,16.53,2.0,19.28,9,1.9456304383073015,1.6458196181698486,-0.29981082013745297,-0.29981082013745297,-0.32671783167592666,0.026907011538473823,-1.0,True
8477507,2026-10-03,2026-10-05,2026020031,2026020041,10,10,2026020031,2025021210,"[{""game_id"":2026020031,""game_date"":""2026-10-03"",""sog"":2.0,""toi"":15.75,""sog_per60"":7.619047619047619}]","[{""game_id"":2025021210,""game_date"":""2026-04-04"",""sog"":1.0,""toi"":20.32,""sog_per60"":2.9527559055118107}]",1,1,2.0,15.75,1.0,20.32,9,2.8921237828979085,3.2529942333284048,0.36087045043049626,0.3608704504304967,0.2924695633870956,0.06840088704340064,1.0,True
8477507,2026-10-05,2026-10-08,2026020041,2026020056,10,10,2026020041,2025021224,"[{""game_id"":2026020041,""game_date"":""2026-10-05"",""sog"":1.0,""toi"":19.65,""sog_per60"":3.053435114503817}]","[{""game_id"":2025021224,""game_date"":""2026-04-05"",""sog"":1.0,""toi"":21.9,""sog_per60"":2.739726027397261}]",1,1,1.0,19.65,1.0,21.9,9,3.2529942333284048,3.2894736842105265,0.03647945088212179,0.036479450882121345,0.0,0.03647945088212165,0.0,True
8477511,2026-10-03,2026-10-06,2026020029,2026020047,10,10,2026020029,2025021183,"[{""game_id"":2026020029,""game_date"":""2026-10-03"",""sog"":0.0,""toi"":15.13,""sog_per60"":0.0}]","[{""game_id"":2025021183,""game_date"":""2026-03-31"",""sog"":4.0,""toi"":17.15,""sog_per60"":13.994169096209914}]",1,1,0.0,15.13,4.0,17.15,9,5.948053664661952,4.420925715051243,-1.5271279496107093,-1.5271279496107093,-1.5968784974187895,0.06975054780807928,-4.0,True
8477527,2026-10-06,2026-10-08,2026020050,2026020063,10,10,2026020050,2025020933,"[{""game_id"":2026020050,""game_date"":""2026-10-06"",""sog"":1.0,""toi"":7.25,""sog_per60"":8.275862068965518}]","[{""game_id"":2025020933,""game_date"":""2026-02-27"",""sog"":0.0,""toi"":10.85,""sog_per60"":0.0}]",1,1,1.0,7.25,0.0,10.85,9,4.673352156557298,5.448491575017656,0.7751394184603582,0.7751394184603599,0.594778486174701,0.1803609322856568,1.0,True
8477845,2026-10-03,2026-10-05,2026020026,2026020042,10,10,2026020026,2025021194,"[{""game_id"":2026020026,""game_date"":""2026-10-03"",""sog"":1.0,""toi"":18.13,""sog_per60"":3.3094318808604526}]","[{""game_id"":2025021194,""game_date"":""2026-04-02"",""sog"":0.0,""toi"":18.57,""sog_per60"":0.0}]",1,1,1.0,18.13,0.0,18.57,9,2.5283118251250993,2.850958238741355,0.3226464136162557,0.3226464136162557,0.3164060578892829,0.00624035572697316,1.0,True
8477845,2026-10-05,2026-10-07,2026020042,2026020053,10,10,2026020042,2025021213,"[{""game_id"":2026020042,""game_date"":""2026-10-05"",""sog"":0.0,""toi"":19.67,""sog_per60"":0.0}]","[{""game_id"":2025021213,""game_date"":""2026-04-04"",""sog"":0.0,""toi"":16.18,""sog_per60"":0.0}]",1,1,0.0,19.67,0.0,16.18,9,2.850958238741355,2.799377916018663,-0.051580322722692085,-0.051580322722692085,0.0,-0.051580322722692154,0.0,True
8477903,2026-10-04,2026-10-06,2026020037,2026020052,10,10,2026020037,2025021172,"[{""game_id"":2026020037,""game_date"":""2026-10-04"",""sog"":1.0,""toi"":9.5,""sog_per60"":6.315789473684211}]","[{""game_id"":2025021172,""game_date"":""2026-03-29"",""sog"":1.0,""toi"":11.68,""sog_per60"":5.136986301369863}]",1,1,1.0,9.5,1.0,11.68,9,1.6556291390728477,1.6895062887178522,0.033877149645004545,0.03387714964500477,0.0,0.033877149645004725,0.0,True
8477919,2026-10-03,2026-10-04,2026020028,2026020038,10,10,2026020028,2025021221,"[{""game_id"":2026020028,""game_date"":""2026-10-03"",""sog"":3.0,""toi"":11.62,""sog_per60"":15.49053356282272}]","[{""game_id"":2025021221,""game_date"":""2026-04-04"",""sog"":2.0,""toi"":14.08,""sog_per60"":8.522727272727273}]",1,1,3.0,11.62,2.0,14.08,9,6.139677666922486,6.627680311890838,0.48800264496835233,0.48800264496835144,0.38679670097047,0.10120594399788226,1.0,True
8477919,2026-10-04,2026-10-06,2026020038,2026020051,10,10,2026020038,2025021230,"[{""game_id"":2026020038,""game_date"":""2026-10-04"",""sog"":0.0,""toi"":16.83,""sog_per60"":0.0}]","[{""game_id"":2025021230,""game_date"":""2026-04-06"",""sog"":1.0,""toi"":14.68,""sog_per60"":4.087193460490464}]",1,1,0.0,16.83,1.0,14.68,9,6.627680311890838,6.151874399231016,-0.47580591265982264,-0.47580591265982264,-0.38717784885511153,-0.08862806380471147,-1.0,True
8477933,2026-10-04,2026-10-06,2026020037,2026020052,10,10,2026020037,2025020930,"[{""game_id"":2026020037,""game_date"":""2026-10-04"",""sog"":3.0,""toi"":22.32,""sog_per60"":8.064516129032258}]","[{""game_id"":2025020930,""game_date"":""2026-02-27"",""sog"":2.0,""toi"":22.4,""sog_per60"":5.357142857142858}]",1,1,3.0,22.32,2.0,22.4,9,6.847275974992558,7.147820907376155,0.30054493238359736,0.3005449323835965,0.297766761113653,0.0027781712699440856,1.0,True
8477934,2026-10-03,2026-10-07,2026020028,2026020055,10,10,2026020028,2025020986,"[{""game_id"":2026020028,""game_date"":""2026-10-03"",""sog"":5.0,""toi"":24.13,""sog_per60"":12.43265644426026}]","[{""game_id"":2025020986,""game_date"":""2026-03-06"",""sog"":0.0,""toi"":21.45,""sog_per60"":0.0}]",1,1,5.0,24.13,0.0,21.45,9,8.025682182985555,9.494672433801036,1.4689902508154802,1.4689902508154802,1.5937909211153083,-0.12480067029982832,5.0,True
8477935,2026-10-04,2026-10-06,2026020037,2026020052,10,10,2026020037,2025021181,"[{""game_id"":2026020037,""game_date"":""2026-10-04"",""sog"":4.0,""toi"":21.87,""sog_per60"":10.973936899862824}]","[{""game_id"":2025021181,""game_date"":""2026-03-31"",""sog"":3.0,""toi"":17.32,""sog_per60"":10.392609699769054}]",1,1,4.0,21.87,3.0,17.32,9,8.781915758659945,8.887948365252354,0.1060326065924091,0.1060326065924091,0.3213414332700344,-0.2153088266776249,1.0,True
8477939,2026-10-03,2026-10-06,2026020023,2026020044,10,10,2026020023,2025021217,"[{""game_id"":2026020023,""game_date"":""2026-10-03"",""sog"":2.0,""toi"":21.42,""sog_per60"":5.602240896358543}]","[{""game_id"":2025021217,""game_date"":""2026-04-04"",""sog"":3.0,""toi"":23.4,""sog_per60"":7.692307692307693}]",1,1,2.0,21.42,3.0,23.4,9,8.482425778774436,8.269751415210436,-0.21267436356400005,-0.21267436356400005,-0.2939228527381692,0.08124848917416982,-1.0,True
8477939,2026-10-06,2026-10-08,2026020044,2026020065,10,10,2026020044,2025021245,"[{""game_id"":2026020044,""game_date"":""2026-10-06"",""sog"":1.0,""toi"":22.8,""sog_per60"":2.631578947368421}]","[{""game_id"":2025021245,""game_date"":""2026-04-08"",""sog"":1.0,""toi"":20.53,""sog_per60"":2.922552362396493}]",1,1,1.0,22.8,1.0,20.53,9,8.269751415210436,8.178366273975271,-0.09138514123516472,-0.0913851412351665,0.0,-0.09138514123516531,0.0,True
8477940,2026-10-03,2026-10-06,2026020025,2026020045,10,10,2026020025,2025021214,"[{""game_id"":2026020025,""game_date"":""2026-10-03"",""sog"":1.0,""toi"":13.63,""sog_per60"":4.402054292002935}]","[{""game_id"":2025021214,""game_date"":""2026-04-04"",""sog"":3.0,""toi"":19.68,""sog_per60"":9.146341463414634}]",1,1,1.0,13.63,3.0,19.68,9,10.079798404031918,9.712364587224505,-0.36743381680741294,-0.3674338168074147,-0.7335452842680165,0.36611146746060186,-2.0,True
8477940,2026-10-06,2026-10-08,2026020045,2026020061,10,10,2026020045,2025021225,"[{""game_id"":2026020045,""game_date"":""2026-10-06"",""sog"":2.0,""toi"":15.88,""sog_per60"":7.5566750629722925}]","[{""game_id"":2025021225,""game_date"":""2026-04-05"",""sog"":3.0,""toi"":17.88,""sog_per60"":10.067114093959733}]",1,1,2.0,15.88,3.0,17.88,9,9.712364587224505,9.456562854621106,-0.25580173260339834,-0.25580173260339834,-0.37590749915443183,0.12010576655103489,-1.0,True
8477948,2026-10-03,2026-10-05,2026020025,2026020040,10,10,2026020025,2025021205,"[{""game_id"":2026020025,""game_date"":""2026-10-03"",""sog"":1.0,""toi"":27.08,""sog_per60"":2.2156573116691285}]","[{""game_id"":2025021205,""game_date"":""2026-04-03"",""sog"":3.0,""toi"":24.6,""sog_per60"":7.317073170731707}]",1,1,1.0,27.08,3.0,24.6,9,5.017141901496781,4.469088802449722,-0.5480530990470589,-0.548053099047058,-0.4991398063220459,-0.04891329272501263,-2.0,True
8477948,2026-10-05,2026-10-08,2026020040,2026020059,10,10,2026020040,2025021224,"[{""game_id"":2026020040,""game_date"":""2026-10-05"",""sog"":2.0,""toi"":25.07,""sog_per60"":4.786597526924611}]","[{""game_id"":2025021224,""game_date"":""2026-04-05"",""sog"":2.0,""toi"":25.87,""sog_per60"":4.6385775028991105}]",1,1,2.0,25.07,2.0,25.87,9,4.469088802449722,4.483932574939799,0.014843772490077178,0.01484377249007629,0.0,0.014843772490075874,0.0,True
8477949,2026-10-03,2026-10-07,2026020024,2026020053,10,10,2026020024,2025021191,"[{""game_id"":2026020024,""game_date"":""2026-10-03"",""sog"":2.0,""toi"":17.88,""sog_per60"":6.711409395973155}]","[{""game_id"":2025021191,""game_date"":""2026-04-02"",""sog"":1.0,""toi"":18.95,""sog_per60"":3.16622691292876}]",1,1,2.0,17.88,1.0,18.95,9,8.649687650168188,9.021587369777682,0.37189971960949464,0.37189971960949464,0.3212791753893563,0.050620544220136454,1.0,True
8477950,2026-10-03,2026-10-06,2026020029,2026020048,10,10,2026020029,2025021105,"[{""game_id"":2026020029,""game_date"":""2026-10-03"",""sog"":3.0,""toi"":17.73,""sog_per60"":10.152284263959393}]","[{""game_id"":2025021105,""game_date"":""2026-03-21"",""sog"":3.0,""toi"":21.02,""sog_per60"":8.56327307326356}]",1,1,3.0,17.73,3.0,21.02,9,4.742583126943141,4.826254826254827,0.08367169931168572,0.08367169931168394,0.0,0.0836716993116847,0.0,True
8477950,2026-10-06,2026-10-08,2026020048,2026020062,10,10,2026020048,2025021114,"[{""game_id"":2026020048,""game_date"":""2026-10-06"",""sog"":1.0,""toi"":18.2,""sog_per60"":3.2967032967032965}]","[{""game_id"":2025021114,""game_date"":""2026-03-22"",""sog"":2.0,""toi"":22.38,""sog_per60"":5.361930294906166}]",1,1,1.0,18.2,2.0,22.38,9,4.826254826254827,4.607789358200768,-0.21846546805405875,-0.21846546805405787,-0.32543906652518834,0.10697359847113076,-1.0,True
8477951,2026-10-03,2026-10-04,2026020027,2026020036,10,10,2026020027,2025021203,"[{""game_id"":2026020027,""game_date"":""2026-10-03"",""sog"":8.0,""toi"":17.65,""sog_per60"":27.19546742209632}]","[{""game_id"":2025021203,""game_date"":""2026-04-02"",""sog"":4.0,""toi"":18.73,""sog_per60"":12.813667912439936}]",1,1,8.0,17.65,4.0,18.73,9,9.97430859906302,11.244491718583802,1.270183119520782,1.270183119520782,1.2123139146250568,0.05786920489572519,4.0,True
8477951,2026-10-04,2026-10-06,2026020036,2026020047,10,10,2026020036,2025021216,"[{""game_id"":2026020036,""game_date"":""2026-10-04"",""sog"":3.0,""toi"":17.3,""sog_per60"":10.404624277456648}]","[{""game_id"":2025021216,""game_date"":""2026-04-04"",""sog"":3.0,""toi"":19.73,""sog_per60"":9.12316269640142}]",1,1,3.0,17.3,3.0,19.73,9,11.244491718583802,11.384615384615383,0.140123666031581,0.140123666031581,0.0,0.14012366603158108,0.0,True
8477951,2026-10-06,2026-10-08,2026020047,2026020056,10,10,2026020047,2025021241,"[{""game_id"":2026020047,""game_date"":""2026-10-06"",""sog"":4.0,""toi"":19.78,""sog_per60"":12.133468149646106}]","[{""game_id"":2025021241,""game_date"":""2026-04-07"",""sog"":4.0,""toi"":19.38,""sog_per60"":12.38390092879257}]",1,1,4.0,19.78,4.0,19.38,9,11.384615384615383,11.361310133060389,-0.0233052515549943,-0.023305251554996076,0.0,-0.023305251554994934,0.0,True
8477953,2026-10-03,2026-10-07,2026020028,2026020055,10,10,2026020028,2025021200,"[{""game_id"":2026020028,""game_date"":""2026-10-03"",""sog"":1.0,""toi"":17.8,""sog_per60"":3.3707865168539324}]","[{""game_id"":2025021200,""game_date"":""2026-04-02"",""sog"":3.0,""toi"":15.72,""sog_per60"":11.450381679389311}]",1,1,1.0,17.8,3.0,15.72,9,5.40475618544319,4.6263345195729535,-0.7784216658702361,-0.7784216658702361,-0.7161889651505424,-0.062232700719694264,-2.0,True
8477955,2026-10-03,2026-10-04,2026020028,2026020038,10,10,2026020028,2025021187,"[{""game_id"":2026020028,""game_date"":""2026-10-03"",""sog"":2.0,""toi"":14.48,""sog_per60"":8.287292817679559}]","[{""game_id"":2025021187,""game_date"":""2026-03-31"",""sog"":1.0,""toi"":15.83,""sog_per60"":3.7902716361339226}]",1,1,2.0,14.48,1.0,15.83,9,6.813880126182966,7.254215717467389,0.44033559128442334,0.44033559128442246,0.38017486156708963,0.060160729717334174,1.0,True
8477955,2026-10-04,2026-10-06,2026020038,2026020051,10,10,2026020038,2025021203,"[{""game_id"":2026020038,""game_date"":""2026-10-04"",""sog"":2.0,""toi"":15.7,""sog_per60"":7.643312101910828}]","[{""game_id"":2025021203,""game_date"":""2026-04-02"",""sog"":0.0,""toi"":16.65,""sog_per60"":0.0}]",1,1,2.0,15.7,0.0,16.65,9,7.254215717467389,8.066581306017927,0.8123655885505379,0.812365588550537,0.7659237465693127,0.04644184198122486,2.0,True
8477956,2026-10-03,2026-10-05,2026020031,2026020041,10,10,2026020031,2025021210,"[{""game_id"":2026020031,""game_date"":""2026-10-03"",""sog"":5.0,""toi"":21.03,""sog_per60"":14.26533523537803}]","[{""game_id"":2025021210,""game_date"":""2026-04-04"",""sog"":1.0,""toi"":21.72,""sog_per60"":2.7624309392265194}]",1,1,5.0,21.03,1.0,21.72,9,8.42433697347894,9.707217786128073,1.2828808126491325,1.2828808126491342,1.2502970762325094,0.03258373641662407,4.0,True
8477956,2026-10-05,2026-10-08,2026020041,2026020056,10,10,2026020041,2025021224,"[{""game_id"":2026020041,""game_date"":""2026-10-05"",""sog"":2.0,""toi"":21.0,""sog_per60"":5.7142857142857135}]","[{""game_id"":2025021224,""game_date"":""2026-04-05"",""sog"":4.0,""toi"":21.65,""sog_per60"":11.085450346420323}]",1,1,2.0,21.0,4.0,21.65,9,9.707217786128073,9.111855886049435,-0.5953619000786379,-0.5953619000786361,-0.6273379847221876,0.031976084643548994,-2.0,True
8477960,2026-10-03,2026-10-06,2026020034,2026020052,10,10,2026020034,2025021204,"[{""game_id"":2026020034,""game_date"":""2026-10-03"",""sog"":6.0,""toi"":22.0,""sog_per60"":16.363636363636363}]","[{""game_id"":2025021204,""game_date"":""2026-04-02"",""sog"":4.0,""toi"":20.43,""sog_per60"":11.747430249632894}]",1,1,6.0,22.0,4.0,20.43,9,10.205133491392639,10.736745232373844,0.5316117409812051,0.5316117409812033,0.6160106189325361,-0.08439887795132991,2.0,True
8477964,2026-10-04,2026-10-06,2026020039,2026020051,10,10,2026020039,2025021218,"[{""game_id"":2026020039,""game_date"":""2026-10-04"",""sog"":0.0,""toi"":13.05,""sog_per60"":0.0}]","[{""game_id"":2025021218,""game_date"":""2026-04-04"",""sog"":0.0,""toi"":15.35,""sog_per60"":0.0}]",1,1,0.0,13.05,0.0,15.35,9,5.059678256357032,5.136309758988543,0.07663150263151053,0.07663150263151053,0.0,0.07663150263150954,0.0,True
8477964,2026-10-06,2026-10-08,2026020051,2026020065,10,10,2026020051,2025021242,"[{""game_id"":2026020051,""game_date"":""2026-10-06"",""sog"":2.0,""toi"":15.5,""sog_per60"":7.741935483870968}]","[{""game_id"":2025021242,""game_date"":""2026-04-07"",""sog"":1.0,""toi"":15.47,""sog_per60"":3.87847446670976}]",1,1,2.0,15.5,1.0,15.47,9,5.136309758988543,5.530317993284615,0.3940082342960718,0.3940082342960718,0.39506173224873514,-0.0010534979526632352,1.0,True
8477969,2026-10-04,2026-10-06,2026020036,2026020048,10,10,2026020036,2025021242,"[{""game_id"":2026020036,""game_date"":""2026-10-04"",""sog"":0.0,""toi"":17.63,""sog_per60"":0.0}]","[{""game_id"":2025021242,""game_date"":""2026-04-07"",""sog"":0.0,""toi"":19.0,""sog_per60"":0.0}]",1,1,0.0,17.63,0.0,19.0,9,1.6585275960563899,1.6690620798368028,0.010534483780412884,0.010534483780412662,0.0,0.01053448378041312,0.0,True
8477986,2026-10-03,2026-10-04,2026020028,2026020038,10,10,2026020028,2025021221,"[{""game_id"":2026020028,""game_date"":""2026-10-03"",""sog"":0.0,""toi"":23.35,""sog_per60"":0.0}]","[{""game_id"":2025021221,""game_date"":""2026-04-04"",""sog"":4.0,""toi"":25.05,""sog_per60"":9.580838323353294}]",1,1,0.0,23.35,4.0,25.05,9,7.7369439071566735,6.754708811431047,-0.9822350957256267,-0.9822350957256276,-1.0353892459718077,0.05315415024618082,-4.0,True
8477986,2026-10-04,2026-10-06,2026020038,2026020051,10,10,2026020038,2025021230,"[{""game_id"":2026020038,""game_date"":""2026-10-04"",""sog"":3.0,""toi"":23.2,""sog_per60"":7.758620689655173}]","[{""game_id"":2025021230,""game_date"":""2026-04-06"",""sog"":2.0,""toi"":21.63,""sog_per60"":5.547850208044383}]",1,1,3.0,23.2,2.0,21.63,9,6.754708811431047,6.967142611388268,0.21243379995722123,0.2124337999572221,0.2589194058438271,-0.04648560588660694,1.0,True
8477987,2026-10-03,2026-10-06,2026020022,2026020050,10,10,2026020022,2025021221,"[{""game_id"":2026020022,""game_date"":""2026-10-03"",""sog"":1.0,""toi"":9.42,""sog_per60"":6.369426751592357}]","[{""game_id"":2025021221,""game_date"":""2026-04-04"",""sog"":6.0,""toi"":15.2,""sog_per60"":23.68421052631579}]",1,1,1.0,9.42,6.0,15.2,9,7.323523428493931,5.504975651069236,-1.818547777424695,-1.818547777424695,-2.075805195402429,0.25725741797773344,-5.0,True
8477987,2026-10-06,2026-10-08,2026020050,2026020062,10,10,2026020050,2025021231,"[{""game_id"":2026020050,""game_date"":""2026-10-06"",""sog"":1.0,""toi"":9.45,""sog_per60"":6.34920634920635}]","[{""game_id"":2025021231,""game_date"":""2026-04-06"",""sog"":2.0,""toi"":15.67,""sog_per60"":7.657945118059987}]",1,1,1.0,9.45,2.0,15.67,9,5.504975651069236,5.314829851627667,-0.19014579944156917,-0.19014579944156917,-0.4331810765512516,0.24303527710968237,-1.0,True
8477989,2026-10-03,2026-10-05,2026020025,2026020040,10,10,2026020025,2025021205,"[{""game_id"":2026020025,""game_date"":""2026-10-03"",""sog"":1.0,""toi"":14.48,""sog_per60"":4.143646408839779}]","[{""game_id"":2025021205,""game_date"":""2026-04-03"",""sog"":3.0,""toi"":17.3,""sog_per60"":10.404624277456648}]",1,1,1.0,14.48,3.0,17.3,9,5.938518863530508,5.327335148573459,-0.6111837149570487,-0.6111837149570496,-0.7044803156027704,0.09329660064572115,-2.0,True
8477989,2026-10-05,2026-10-08,2026020040,2026020059,10,10,2026020040,2025021224,"[{""game_id"":2026020040,""game_date"":""2026-10-05"",""sog"":1.0,""toi"":14.4,""sog_per60"":4.166666666666667}]","[{""game_id"":2025021224,""game_date"":""2026-04-05"",""sog"":1.0,""toi"":20.07,""sog_per60"":2.9895366218236177}]",1,1,1.0,14.4,1.0,20.07,9,5.327335148573459,5.512341520181296,0.1850063716078374,0.1850063716078365,0.0,0.1850063716078371,0.0,True
8477998,2026-10-03,2026-10-05,2026020023,2026020041,10,10,2026020023,2025021152,"[{""game_id"":2026020023,""game_date"":""2026-10-03"",""sog"":0.0,""toi"":13.02,""sog_per60"":0.0}]","[{""game_id"":2025021152,""game_date"":""2026-03-28"",""sog"":2.0,""toi"":10.78,""sog_per60"":11.131725417439704}]",1,1,0.0,13.02,2.0,10.78,9,6.595636732623034,5.477178423236515,-1.1184583093865195,-1.1184583093865195,-1.0052819829435529,-0.11317632644296749,-2.0,True
8477998,2026-10-05,2026-10-06,2026020041,2026020046,10,10,2026020041,2025021181,"[{""game_id"":2026020041,""game_date"":""2026-10-05"",""sog"":0.0,""toi"":12.22,""sog_per60"":0.0}]","[{""game_id"":2025021181,""game_date"":""2026-03-31"",""sog"":2.0,""toi"":10.33,""sog_per60"":11.616650532429816}]",1,1,0.0,12.22,2.0,10.33,9,5.477178423236515,4.412125173625296,-1.0650532496112186,-1.0650532496112186,-0.9881614416061301,-0.07689180800508864,-2.0,True
8477998,2026-10-06,2026-10-08,2026020046,2026020059,10,10,2026020046,2025021191,"[{""game_id"":2026020046,""game_date"":""2026-10-06"",""sog"":0.0,""toi"":8.85,""sog_per60"":0.0}]","[{""game_id"":2025021191,""game_date"":""2026-04-02"",""sog"":0.0,""toi"":9.7,""sog_per60"":0.0}]",1,1,0.0,8.85,0.0,9.7,9,4.412125173625296,4.442981734408425,0.03085656078312926,0.03085656078312926,0.0,0.03085656078312935,0.0,True
8478010,2026-10-03,2026-10-05,2026020024,2026020040,10,10,2026020024,2025021192,"[{""game_id"":2026020024,""game_date"":""2026-10-03"",""sog"":3.0,""toi"":20.53,""sog_per60"":8.767657087189479}]","[{""game_id"":2025021192,""game_date"":""2026-04-02"",""sog"":3.0,""toi"":17.98,""sog_per60"":10.011123470522802}]",1,1,3.0,20.53,3.0,17.98,9,5.32804011700794,5.2580029898448375,-0.0700371271631024,-0.0700371271631024,0.0,-0.07003712716310331,0.0,True
8478010,2026-10-05,2026-10-08,2026020040,2026020060,10,10,2026020040,2025021210,"[{""game_id"":2026020040,""game_date"":""2026-10-05"",""sog"":3.0,""toi"":18.15,""sog_per60"":9.917355371900827}]","[{""game_id"":2025021210,""game_date"":""2026-04-04"",""sog"":0.0,""toi"":16.93,""sog_per60"":0.0}]",1,1,3.0,18.15,0.0,16.93,9,5.2580029898448375,6.147226064238513,0.8892230743936755,0.8892230743936747,0.9249833950983152,-0.035760320704639394,3.0,True
8478013,2026-10-03,2026-10-07,2026020028,2026020055,10,10,2026020028,2025021200,"[{""game_id"":2026020028,""game_date"":""2026-10-03"",""sog"":2.0,""toi"":13.87,""sog_per60"":8.651766402307139}]","[{""game_id"":2025021200,""game_date"":""2026-04-02"",""sog"":1.0,""toi"":17.37,""sog_per60"":3.4542314335060444}]",1,1,2.0,13.87,1.0,17.37,9,4.585537918871253,5.042016806722689,0.45647888785143564,0.45647888785143653,0.3564388718450343,0.10004001600640185,1.0,True
8478020,2026-10-03,2026-10-05,2026020023,2026020041,10,10,2026020023,2025021191,"[{""game_id"":2026020023,""game_date"":""2026-10-03"",""sog"":1.0,""toi"":19.22,""sog_per60"":3.121748178980229}]","[{""game_id"":2025021191,""game_date"":""2026-04-02"",""sog"":0.0,""toi"":18.88,""sog_per60"":0.0}]",1,1,1.0,19.22,0.0,18.88,9,3.511281617790493,3.8928177512489457,0.38153613345845283,0.38153613345845194,0.389712088550808,-0.008175955092355521,1.0,True
8478020,2026-10-05,2026-10-06,2026020041,2026020046,10,10,2026020041,2025021208,"[{""game_id"":2026020041,""game_date"":""2026-10-05"",""sog"":2.0,""toi"":15.73,""sog_per60"":7.628734901462174}]","[{""game_id"":2025021208,""game_date"":""2026-04-04"",""sog"":2.0,""toi"":17.48,""sog_per60"":6.864988558352402}]",1,1,2.0,15.73,2.0,17.48,9,3.8928177512489457,3.937524609528809,0.044706858279863315,0.04470685827986376,0.0,0.04470685827986324,0.0,True
8478020,2026-10-06,2026-10-08,2026020046,2026020059,10,10,2026020046,2025021225,"[{""game_id"":2026020046,""game_date"":""2026-10-06"",""sog"":0.0,""toi"":15.65,""sog_per60"":0.0}]","[{""game_id"":2025021225,""game_date"":""2026-04-05"",""sog"":0.0,""toi"":16.85,""sog_per60"":0.0}]",1,1,0.0,15.65,0.0,16.85,9,3.937524609528809,3.968778939013096,0.03125432948428708,0.031254329484287524,0.0,0.03125432948428691,0.0,True
8478038,2026-10-03,2026-10-07,2026020032,2026020054,10,10,2026020032,2025021188,"[{""game_id"":2026020032,""game_date"":""2026-10-03"",""sog"":0.0,""toi"":18.92,""sog_per60"":0.0}]","[{""game_id"":2025021188,""game_date"":""2026-04-01"",""sog"":1.0,""toi"":24.9,""sog_per60"":2.4096385542168672}]",1,1,0.0,18.92,1.0,24.9,9,2.9785297646134112,2.7995758218451745,-0.17895394276823673,-0.17895394276823673,-0.2513588533064001,0.07240491053816304,-1.0,True
8478038,2026-10-07,2026-10-08,2026020054,2026020064,10,10,2026020054,2025021209,"[{""game_id"":2026020054,""game_date"":""2026-10-07"",""sog"":2.0,""toi"":21.47,""sog_per60"":5.589194224499302}]","[{""game_id"":2025021209,""game_date"":""2026-04-04"",""sog"":0.0,""toi"":23.88,""sog_per60"":0.0}]",1,1,2.0,21.47,0.0,23.88,9,2.7995758218451745,3.3427616353818457,0.5431858135366712,0.5431858135366712,0.511642403309004,0.03154341022766717,2.0,True
8478042,2026-10-04,2026-10-06,2026020035,2026020046,10,10,2026020035,2025021178,"[{""game_id"":2026020035,""game_date"":""2026-10-04"",""sog"":4.0,""toi"":21.4,""sog_per60"":11.21495327102804}]","[{""game_id"":2025021178,""game_date"":""2026-03-31"",""sog"":5.0,""toi"":14.33,""sog_per60"":20.9351011863224}]",1,1,4.0,21.4,5.0,14.33,9,8.917032825019385,8.156707656182414,-0.760325168836971,-0.760325168836971,-0.37922825913302566,-0.38109690970394516,-1.0,True
8478055,2026-10-04,2026-10-06,2026020037,2026020052,10,10,2026020037,2025021193,"[{""game_id"":2026020037,""game_date"":""2026-10-04"",""sog"":0.0,""toi"":20.42,""sog_per60"":0.0}]","[{""game_id"":2025021193,""game_date"":""2026-04-02"",""sog"":1.0,""toi"":27.22,""sog_per60"":2.2042615723732553}]",1,1,0.0,20.42,1.0,27.22,9,5.355230274901821,5.246686303387335,-0.1085439715144858,-0.10854397151448669,-0.27195144906694907,0.16340747755246338,-1.0,True
8478109,2026-10-04,2026-10-06,2026020039,2026020051,10,10,2026020039,2025021174,"[{""game_id"":2026020039,""game_date"":""2026-10-04"",""sog"":4.0,""toi"":14.58,""sog_per60"":16.46090534979424}]","[{""game_id"":2025021174,""game_date"":""2026-03-30"",""sog"":3.0,""toi"":14.75,""sog_per60"":12.203389830508476}]",1,1,4.0,14.58,3.0,14.75,9,7.3715400737154,7.814761215629521,0.44322114191412076,0.44322114191412165,0.43388670260225337,0.009334439311867084,1.0,True
8478133,2026-10-03,2026-10-06,2026020026,2026020045,10,10,2026020026,2025021212,"[{""game_id"":2026020026,""game_date"":""2026-10-03"",""sog"":1.0,""toi"":14.6,""sog_per60"":4.10958904109589}]","[{""game_id"":2025021212,""game_date"":""2026-04-04"",""sog"":1.0,""toi"":14.72,""sog_per60"":4.076086956521739}]",1,1,1.0,14.6,1.0,14.72,9,5.4272195936543275,5.431754874651811,0.004535280997483682,0.0045352809974827935,0.0,0.00453528099748312,0.0,True
8478133,2026-10-06,2026-10-08,2026020045,2026020058,10,10,2026020045,2025021226,"[{""game_id"":2026020045,""game_date"":""2026-10-06"",""sog"":0.0,""toi"":14.32,""sog_per60"":0.0}]","[{""game_id"":2025021226,""game_date"":""2026-04-05"",""sog"":0.0,""toi"":13.98,""sog_per60"":0.0}]",1,1,0.0,14.32,0.0,13.98,9,5.431754874651811,5.418924551896624,-0.01283032275518714,-0.012830322755186252,0.0,-0.012830322755187258,0.0,True
8478136,2026-10-03,2026-10-04,2026020033,2026020038,10,10,2026020033,2025021208,"[{""game_id"":2026020033,""game_date"":""2026-10-03"",""sog"":1.0,""toi"":17.65,""sog_per60"":3.39943342776204}]","[{""game_id"":2025021208,""game_date"":""2026-04-04"",""sog"":1.0,""toi"":20.97,""sog_per60"":2.861230329041488}]",1,1,1.0,17.65,1.0,20.97,9,2.397533965064505,2.4438496450599323,0.046315679995427406,0.046315679995427406,0.0,0.046315679995427295,0.0,True
8478136,2026-10-04,2026-10-08,2026020038,2026020064,10,10,2026020038,2025021222,"[{""game_id"":2026020038,""game_date"":""2026-10-04"",""sog"":1.0,""toi"":16.78,""sog_per60"":3.575685339690107}]","[{""game_id"":2025021222,""game_date"":""2026-04-05"",""sog"":0.0,""toi"":18.25,""sog_per60"":0.0}]",1,1,1.0,16.78,0.0,18.25,9,2.4438496450599323,2.81706672926815,0.37321708420821764,0.3732170842082172,0.35062735951211166,0.022589724696105977,1.0,True
8478147,2026-10-04,2026-10-06,2026020037,2026020052,10,10,2026020037,2024021103,"[{""game_id"":2026020037,""game_date"":""2026-10-04"",""sog"":0.0,""toi"":7.75,""sog_per60"":0.0}]","[{""game_id"":2024021103,""game_date"":""2025-03-21"",""sog"":2.0,""toi"":7.83,""sog_per60"":15.325670498084293}]",1,1,0.0,7.75,2.0,7.83,9,6.263774504117852,4.876349703935911,-1.3874248001819414,-1.3874248001819414,-1.392596331178542,0.0051715309966002265,-2.0,True
8478173,2026-10-03,2026-10-05,2026020023,2026020041,10,10,2026020023,2025020329,"[{""game_id"":2026020023,""game_date"":""2026-10-03"",""sog"":0.0,""toi"":5.17,""sog_per60"":0.0}]","[{""game_id"":2025020329,""game_date"":""2025-11-20"",""sog"":0.0,""toi"":7.23,""sog_per60"":0.0}]",1,1,0.0,5.17,0.0,7.23,9,5.334123573862794,5.502063273727647,0.1679396998648537,0.1679396998648537,0.0,0.16793969986485324,0.0,True
8478178,2026-10-03,2026-10-06,2026020023,2026020044,10,10,2026020023,2025021192,"[{""game_id"":2026020023,""game_date"":""2026-10-03"",""sog"":2.0,""toi"":22.77,""sog_per60"":5.270092226613966}]","[{""game_id"":2025021192,""game_date"":""2026-04-02"",""sog"":2.0,""toi"":21.7,""sog_per60"":5.529953917050691}]",1,1,2.0,22.77,2.0,21.7,9,8.247618144759919,8.205998868138087,-0.04161927662183196,-0.04161927662183196,0.0,-0.04161927662183141,0.0,True
8478178,2026-10-06,2026-10-08,2026020044,2026020065,10,10,2026020044,2025021210,"[{""game_id"":2026020044,""game_date"":""2026-10-06"",""sog"":2.0,""toi"":25.85,""sog_per60"":4.6421663442940035}]","[{""game_id"":2025021210,""game_date"":""2026-04-04"",""sog"":1.0,""toi"":20.68,""sog_per60"":2.9013539651837528}]",1,1,2.0,25.85,1.0,20.68,9,8.205998868138087,8.286911284010865,0.08091241587277764,0.08091241587277764,0.27959792717267684,-0.19868551129990022,1.0,True
8478396,2026-10-04,2026-10-06,2026020039,2026020051,10,10,2026020039,2025021218,"[{""game_id"":2026020039,""game_date"":""2026-10-04"",""sog"":1.0,""toi"":19.62,""sog_per60"":3.058103975535168}]","[{""game_id"":2025021218,""game_date"":""2026-04-04"",""sog"":2.0,""toi"":22.98,""sog_per60"":5.221932114882506}]",1,1,1.0,19.62,2.0,22.98,9,4.618715419773875,4.401193212382023,-0.2175222073918519,-0.2175222073918519,-0.2910412972806677,0.07351908988881625,-1.0,True
8478396,2026-10-06,2026-10-08,2026020051,2026020065,10,10,2026020051,2025021242,"[{""game_id"":2026020051,""game_date"":""2026-10-06"",""sog"":1.0,""toi"":21.08,""sog_per60"":2.846299810246679}]","[{""game_id"":2025021242,""game_date"":""2026-04-07"",""sog"":1.0,""toi"":22.45,""sog_per60"":2.67260579064588}]",1,1,1.0,21.08,1.0,22.45,9,4.401193212382023,4.4308782985427335,0.029685086160710306,0.029685086160710306,0.0,0.029685086160709945,0.0,True
8478397,2026-10-04,2026-10-06,2026020039,2026020051,10,10,2026020039,2025021218,"[{""game_id"":2026020039,""game_date"":""2026-10-04"",""sog"":1.0,""toi"":17.2,""sog_per60"":3.488372093023256}]","[{""game_id"":2025021218,""game_date"":""2026-04-04"",""sog"":1.0,""toi"":22.05,""sog_per60"":2.7210884353741496}]",1,1,1.0,17.2,1.0,22.05,9,6.108283202221195,6.2485207100591715,0.14023750783797695,0.14023750783797784,0.0,0.14023750783797692,0.0,True
8478397,2026-10-06,2026-10-08,2026020051,2026020065,10,10,2026020051,2025021242,"[{""game_id"":2026020051,""game_date"":""2026-10-06"",""sog"":0.0,""toi"":17.4,""sog_per60"":0.0}]","[{""game_id"":2025021242,""game_date"":""2026-04-07"",""sog"":0.0,""toi"":22.37,""sog_per60"":0.0}]",1,1,0.0,17.4,0.0,22.37,9,6.2485207100591715,6.399069226294358,0.15054851623518672,0.15054851623518584,0.0,0.15054851623518584,0.0,True
8478398,2026-10-04,2026-10-05,2026020035,2026020042,10,10,2026020035,2025021198,"[{""game_id"":2026020035,""game_date"":""2026-10-04"",""sog"":5.0,""toi"":20.08,""sog_per60"":14.940239043824702}]","[{""game_id"":2025021198,""game_date"":""2026-04-02"",""sog"":4.0,""toi"":22.62,""sog_per60"":10.610079575596815}]",1,1,5.0,20.08,4.0,22.62,9,11.34161901611455,11.766394030707419,0.4247750145928695,0.4247750145928695,0.28526284783201017,0.1395121667608607,1.0,True
8478398,2026-10-05,2026-10-07,2026020042,2026020054,10,10,2026020042,2025021215,"[{""game_id"":2026020042,""game_date"":""2026-10-05"",""sog"":6.0,""toi"":21.98,""sog_per60"":16.378525932666058}]","[{""game_id"":2025021215,""game_date"":""2026-04-04"",""sog"":2.0,""toi"":21.45,""sog_per60"":5.594405594405595}]",1,1,6.0,21.98,2.0,21.45,9,11.766394030707419,12.881679389312975,1.115285358605556,1.115285358605556,1.1464895244917785,-0.031204165886222993,4.0,True
8478399,2026-10-03,2026-10-06,2026020029,2026020047,10,10,2026020029,2025021212,"[{""game_id"":2026020029,""game_date"":""2026-10-03"",""sog"":2.0,""toi"":21.13,""sog_per60"":5.679129200189305}]","[{""game_id"":2025021212,""game_date"":""2026-04-04"",""sog"":0.0,""toi"":18.92,""sog_per60"":0.0}]",1,1,2.0,21.13,0.0,18.92,9,1.4841199168892845,2.0552972840714463,0.5711773671821618,0.5711773671821609,0.5904378811023492,-0.019260513920187558,2.0,True
8478401,2026-10-03,2026-10-05,2026020031,2026020041,10,10,2026020031,2025021193,"[{""game_id"":2026020031,""game_date"":""2026-10-03"",""sog"":1.0,""toi"":19.45,""sog_per60"":3.084832904884319}]","[{""game_id"":2025021193,""game_date"":""2026-04-02"",""sog"":1.0,""toi"":17.88,""sog_per60"":3.3557046979865777}]",1,1,1.0,19.45,1.0,17.88,9,5.692239580039213,5.63627254509018,-0.05596703494903288,-0.05596703494903288,0.0,-0.0559670349490329,0.0,True
8478401,2026-10-05,2026-10-08,2026020041,2026020056,10,10,2026020041,2025021210,"[{""game_id"":2026020041,""game_date"":""2026-10-05"",""sog"":1.0,""toi"":20.03,""sog_per60"":2.9955067398901645}]","[{""game_id"":2025021210,""game_date"":""2026-04-04"",""sog"":1.0,""toi"":16.08,""sog_per60"":3.73134328358209}]",1,1,1.0,20.03,1.0,16.08,9,5.63627254509018,5.5002138972071135,-0.13605864788306654,-0.13605864788306654,0.0,-0.13605864788306588,0.0,True
8478402,2026-10-03,2026-10-07,2026020028,2026020055,10,10,2026020028,2025021200,"[{""game_id"":2026020028,""game_date"":""2026-10-03"",""sog"":4.0,""toi"":26.28,""sog_per60"":9.1324200913242}]","[{""game_id"":2025021200,""game_date"":""2026-04-02"",""sog"":8.0,""toi"":22.4,""sog_per60"":21.42857142857143}]",1,1,4.0,26.28,8.0,22.4,9,11.604905710141106,10.37299563469767,-1.2319100754434356,-1.2319100754434356,-1.0461454958322065,-0.18576457961122897,-4.0,True
8478403,2026-10-04,2026-10-06,2026020039,2026020051,10,10,2026020039,2025021218,"[{""game_id"":2026020039,""game_date"":""2026-10-04"",""sog"":2.0,""toi"":19.87,""sog_per60"":6.039255158530448}]","[{""game_id"":2025021218,""game_date"":""2026-04-04"",""sog"":2.0,""toi"":18.13,""sog_per60"":6.618863761720905}]",1,1,2.0,19.87,2.0,18.13,9,9.027986758952753,8.949880668257757,-0.07810609069499641,-0.07810609069499463,0.0,-0.07810609069499666,0.0,True
8478403,2026-10-06,2026-10-08,2026020051,2026020065,10,10,2026020051,2025021242,"[{""game_id"":2026020051,""game_date"":""2026-10-06"",""sog"":2.0,""toi"":18.33,""sog_per60"":6.546644844517186}]","[{""game_id"":2025021242,""game_date"":""2026-04-07"",""sog"":3.0,""toi"":17.97,""sog_per60"":10.016694490818027}]",1,1,2.0,18.33,3.0,17.97,9,8.949880668257757,8.636092912447884,-0.31378775580987295,-0.31378775580987117,-0.29806283146719054,-0.015724924342681572,-1.0,True
8478407,2026-10-03,2026-10-04,2026020028,2026020038,10,10,2026020028,2025021221,"[{""game_id"":2026020028,""game_date"":""2026-10-03"",""sog"":1.0,""toi"":23.83,""sog_per60"":2.5178346621905163}]","[{""game_id"":2025021221,""game_date"":""2026-04-04"",""sog"":1.0,""toi"":19.42,""sog_per60"":3.089598352214212}]",1,1,1.0,23.83,1.0,19.42,9,5.979669124975085,5.851089765468819,-0.12857935950626587,-0.12857935950626587,0.0,-0.12857935950626523,0.0,True
8478407,2026-10-04,2026-10-06,2026020038,2026020051,10,10,2026020038,2025021230,"[{""game_id"":2026020038,""game_date"":""2026-10-04"",""sog"":0.0,""toi"":18.57,""sog_per60"":0.0}]","[{""game_id"":2025021230,""game_date"":""2026-04-06"",""sog"":1.0,""toi"":19.15,""sog_per60"":3.133159268929504}]",1,1,0.0,18.57,1.0,19.15,9,5.851089765468819,5.574299545254511,-0.2767902202143082,-0.2767902202143082,-0.29296933743289183,0.016179117218583835,-1.0,True
8478413,2026-10-03,2026-10-06,2026020022,2026020050,10,10,2026020022,2025021179,"[{""game_id"":2026020022,""game_date"":""2026-10-03"",""sog"":2.0,""toi"":15.92,""sog_per60"":7.537688442211055}]","[{""game_id"":2025021179,""game_date"":""2026-03-31"",""sog"":0.0,""toi"":11.22,""sog_per60"":0.0}]",1,1,2.0,15.92,0.0,11.22,9,4.661280298321939,5.396492280017988,0.7352119816960485,0.7352119816960494,0.9158357198336928,-0.18062373813764443,2.0,True
8478413,2026-10-06,2026-10-08,2026020050,2026020062,10,10,2026020050,2025021191,"[{""game_id"":2026020050,""game_date"":""2026-10-06"",""sog"":1.0,""toi"":12.68,""sog_per60"":4.73186119873817}]","[{""game_id"":2025021191,""game_date"":""2026-04-02"",""sog"":0.0,""toi"":11.65,""sog_per60"":0.0}]",1,1,1.0,12.68,0.0,11.65,9,5.396492280017988,5.801413164745259,0.4049208847272716,0.40492088472726984,0.4479851205678748,-0.04306423584060333,1.0,True
8478414,2026-10-03,2026-10-06,2026020029,2026020047,10,10,2026020029,2025021212,"[{""game_id"":2026020029,""game_date"":""2026-10-03"",""sog"":6.0,""toi"":19.95,""sog_per60"":18.045112781954884}]","[{""game_id"":2025021212,""game_date"":""2026-04-04"",""sog"":7.0,""toi"":20.1,""sog_per60"":20.8955223880597}]",1,1,6.0,19.95,7.0,20.1,9,10.328800137717334,9.993108201240524,-0.3356919364768096,-0.3356919364768114,-0.3444416379488612,0.008749701472049645,-1.0,True
8478416,2026-10-03,2026-10-05,2026020024,2026020040,10,10,2026020024,2025021210,"[{""game_id"":2026020024,""game_date"":""2026-10-03"",""sog"":4.0,""toi"":20.57,""sog_per60"":11.66747690811862}]","[{""game_id"":2025021210,""game_date"":""2026-04-04"",""sog"":1.0,""toi"":17.45,""sog_per60"":3.4383954154727796}]",1,1,4.0,20.57,1.0,17.45,9,3.5614649492491246,4.545719447520252,0.9842544982711274,0.9842544982711274,1.0587258324858593,-0.07447133421473189,3.0,True
8478416,2026-10-05,2026-10-08,2026020040,2026020060,10,10,2026020040,2025021229,"[{""game_id"":2026020040,""game_date"":""2026-10-05"",""sog"":1.0,""toi"":22.25,""sog_per60"":2.696629213483146}]","[{""game_id"":2025021229,""game_date"":""2026-04-06"",""sog"":1.0,""toi"":13.97,""sog_per60"":4.294917680744452}]",1,1,1.0,22.25,1.0,13.97,9,4.545719447520252,4.3364652248846385,-0.20925422263561355,-0.20925422263561355,0.0,-0.20925422263561286,0.0,True
8478420,2026-10-03,2026-10-05,2026020030,2026020043,10,10,2026020030,2025021198,"[{""game_id"":2026020030,""game_date"":""2026-10-03"",""sog"":3.0,""toi"":23.92,""sog_per60"":7.525083612040134}]","[{""game_id"":2025021198,""game_date"":""2026-04-02"",""sog"":0.0,""toi"":20.52,""sog_per60"":0.0}]",1,1,3.0,23.92,0.0,20.52,9,3.0037546933667083,3.8395274427762742,0.8357727494095659,0.8357727494095655,0.8935856012484225,-0.05781285183885715,3.0,True
8478420,2026-10-05,2026-10-08,2026020043,2026020057,10,10,2026020043,2025021209,"[{""game_id"":2026020043,""game_date"":""2026-10-05"",""sog"":3.0,""toi"":17.57,""sog_per60"":10.244735344336938}]","[{""game_id"":2025021209,""game_date"":""2026-04-04"",""sog"":0.0,""toi"":21.75,""sog_per60"":0.0}]",1,1,3.0,17.57,0.0,21.75,9,3.8395274427762742,4.8248479670302045,0.9853205242539302,0.9853205242539316,0.8953518941524979,0.089968630101433,3.0,True
8478421,2026-10-04,2026-10-07,2026020037,2026020055,10,10,2026020037,2025021181,"[{""game_id"":2026020037,""game_date"":""2026-10-04"",""sog"":2.0,""toi"":15.03,""sog_per60"":7.984031936127746}]","[{""game_id"":2025021181,""game_date"":""2026-03-31"",""sog"":3.0,""toi"":16.85,""sog_per60"":10.682492581602371}]",1,1,2.0,15.03,3.0,16.85,9,7.770510911092406,7.470021623746806,-0.30048928734559954,-0.30048928734559865,-0.3908422891916998,0.09035300184610062,-1.0,True
8478427,2026-10-03,2026-10-06,2026020025,2026020045,10,10,2026020025,2025021169,"[{""game_id"":2026020025,""game_date"":""2026-10-03"",""sog"":6.0,""toi"":20.5,""sog_per60"":17.560975609756095}]","[{""game_id"":2025021169,""game_date"":""2026-03-29"",""sog"":1.0,""toi"":19.5,""sog_per60"":3.0769230769230766}]",1,1,6.0,20.5,1.0,19.5,9,9.277525993068515,10.819411296738265,1.5418853036697495,1.541885303669753,1.5953316718299675,-0.05344636816021692,5.0,True
8478427,2026-10-06,2026-10-08,2026020045,2026020061,10,10,2026020045,2025021185,"[{""game_id"":2026020045,""game_date"":""2026-10-06"",""sog"":3.0,""toi"":19.93,""sog_per60"":9.031610637230306}]","[{""game_id"":2025021185,""game_date"":""2026-03-31"",""sog"":3.0,""toi"":19.48,""sog_per60"":9.240246406570842}]",1,1,3.0,19.93,3.0,19.48,9,10.819411296738265,10.793650793650794,-0.025760503087470354,-0.025760503087473907,0.0,-0.02576050308747139,0.0,True
8478434,2026-10-04,2026-10-06,2026020035,2026020046,10,10,2026020035,2025021201,"[{""game_id"":2026020035,""game_date"":""2026-10-04"",""sog"":0.0,""toi"":10.82,""sog_per60"":0.0}]","[{""game_id"":2025021201,""game_date"":""2026-04-02"",""sog"":0.0,""toi"":13.17,""sog_per60"":0.0}]",1,1,0.0,10.82,0.0,13.17,9,1.968342491593537,2.007024586051179,0.038682094457642036,0.038682094457641814,0.0,0.03868209445764201,0.0,True
8478438,2026-10-03,2026-10-05,2026020026,2026020042,10,10,2026020026,2025021192,"[{""game_id"":2026020026,""game_date"":""2026-10-03"",""sog"":3.0,""toi"":14.7,""sog_per60"":12.244897959183676}]","[{""game_id"":2025021192,""game_date"":""2026-04-02"",""sog"":1.0,""toi"":14.45,""sog_per60"":4.152249134948097}]",1,1,3.0,14.7,1.0,14.45,9,5.9405940594059405,6.672845227062095,0.7322511676561545,0.7322511676561536,0.7420007524385432,-0.009749584782389464,2.0,True
8478438,2026-10-05,2026-10-07,2026020042,2026020053,10,10,2026020042,2025021211,"[{""game_id"":2026020042,""game_date"":""2026-10-05"",""sog"":2.0,""toi"":15.2,""sog_per60"":7.894736842105263}]","[{""game_id"":2025021211,""game_date"":""2026-04-04"",""sog"":2.0,""toi"":17.15,""sog_per60"":6.997084548104957}]",1,1,2.0,15.2,2.0,17.15,9,6.672845227062095,6.754221388367731,0.08137616130563607,0.08137616130563607,0.0,0.08137616130563613,0.0,True
8478439,2026-10-03,2026-10-05,2026020025,2026020040,10,10,2026020025,2025021205,"[{""game_id"":2026020025,""game_date"":""2026-10-03"",""sog"":1.0,""toi"":16.13,""sog_per60"":3.719776813391197}]","[{""game_id"":2025021205,""game_date"":""2026-04-03"",""sog"":1.0,""toi"":15.3,""sog_per60"":3.9215686274509807}]",1,1,1.0,16.13,1.0,15.3,9,4.4801194698525295,4.457100408567538,-0.02301906128499187,-0.02301906128499187,0.0,-0.02301906128499183,0.0,True
8478439,2026-10-05,2026-10-08,2026020040,2026020059,10,10,2026020040,2025021224,"[{""game_id"":2026020040,""game_date"":""2026-10-05"",""sog"":2.0,""toi"":19.08,""sog_per60"":6.289308176100629}]","[{""game_id"":2025021224,""game_date"":""2026-04-05"",""sog"":2.0,""toi"":18.18,""sog_per60"":6.600660066006601}]",1,1,2.0,19.08,2.0,18.18,9,4.457100408567538,4.432405811376508,-0.02469459719102929,-0.02469459719102929,0.0,-0.024694597191029233,0.0,True
8478440,2026-10-03,2026-10-07,2026020024,2026020053,10,10,2026020024,2025021194,"[{""game_id"":2026020024,""game_date"":""2026-10-03"",""sog"":1.0,""toi"":18.03,""sog_per60"":3.327787021630616}]","[{""game_id"":2025021194,""game_date"":""2026-04-02"",""sog"":0.0,""toi"":17.2,""sog_per60"":0.0}]",1,1,1.0,18.03,0.0,17.2,9,6.60338423442014,6.976267013200191,0.3728827787800508,0.3728827787800508,0.41154008124328206,-0.038657302463231576,1.0,True
8478443,2026-10-03,2026-10-06,2026020032,2026020050,10,10,2026020032,2025021120,"[{""game_id"":2026020032,""game_date"":""2026-10-03"",""sog"":2.0,""toi"":17.6,""sog_per60"":6.818181818181818}]","[{""game_id"":2025021120,""game_date"":""2026-03-24"",""sog"":2.0,""toi"":18.33,""sog_per60"":6.546644844517186}]",1,1,2.0,17.6,2.0,18.33,9,2.658396101019052,2.669187566034588,0.010791465015536073,0.010791465015536073,0.0,0.010791465015536211,0.0,True
8478443,2026-10-06,2026-10-08,2026020050,2026020063,10,10,2026020050,2025021136,"[{""game_id"":2026020050,""game_date"":""2026-10-06"",""sog"":1.0,""toi"":17.97,""sog_per60"":3.3388981636060104}]","[{""game_id"":2025021136,""game_date"":""2026-03-25"",""sog"":1.0,""toi"":22.27,""sog_per60"":2.694207453973956}]",1,1,1.0,17.97,1.0,22.27,9,2.669187566034588,2.73457528627585,0.06538772024126205,0.06538772024126205,0.0,0.06538772024126227,0.0,True
8478444,2026-10-03,2026-10-04,2026020033,2026020039,10,10,2026020033,2025021216,"[{""game_id"":2026020033,""game_date"":""2026-10-03"",""sog"":3.0,""toi"":18.62,""sog_per60"":9.667024704618688}]","[{""game_id"":2025021216,""game_date"":""2026-04-04"",""sog"":2.0,""toi"":19.95,""sog_per60"":6.015037593984963}]",1,1,3.0,18.62,2.0,19.95,9,6.135910415707931,6.486820428336079,0.35091001262814814,0.350910012628149,0.3078458658292716,0.04306414679887679,1.0,True
8478444,2026-10-04,2026-10-08,2026020039,2026020061,10,10,2026020039,2025021242,"[{""game_id"":2026020039,""game_date"":""2026-10-04"",""sog"":0.0,""toi"":17.3,""sog_per60"":0.0}]","[{""game_id"":2025021242,""game_date"":""2026-04-07"",""sog"":0.0,""toi"":19.98,""sog_per60"":0.0}]",1,1,0.0,17.3,0.0,19.98,9,6.486820428336079,6.577573606180831,0.09075317784475168,0.09075317784475168,0.0,0.09075317784475172,0.0,True
8478449,2026-10-03,2026-10-05,2026020030,2026020043,10,10,2026020030,2025020804,"[{""game_id"":2026020030,""game_date"":""2026-10-03"",""sog"":2.0,""toi"":16.05,""sog_per60"":7.4766355140186915}]","[{""game_id"":2025020804,""game_date"":""2026-01-23"",""sog"":1.0,""toi"":20.2,""sog_per60"":2.9702970297029703}]",1,1,2.0,16.05,1.0,20.2,9,6.876998250588164,7.424823660438063,0.5478254098498994,0.5478254098499002,0.36659422968432437,0.1812311801655749,1.0,True
8478449,2026-10-05,2026-10-08,2026020043,2026020057,10,10,2026020043,2025020836,"[{""game_id"":2026020043,""game_date"":""2026-10-05"",""sog"":1.0,""toi"":15.52,""sog_per60"":3.865979381443299}]","[{""game_id"":2025020836,""game_date"":""2026-01-27"",""sog"":3.0,""toi"":16.12,""sog_per60"":11.166253101736972}]",1,1,1.0,15.52,3.0,16.12,9,7.424823660438063,6.707241336479939,-0.7175823239581245,-0.7175823239581236,-0.7438657017152331,0.02628337775710839,-2.0,True
8478450,2026-10-04,2026-10-06,2026020039,2026020051,10,10,2026020039,2025021183,"[{""game_id"":2026020039,""game_date"":""2026-10-04"",""sog"":1.0,""toi"":17.42,""sog_per60"":3.4443168771526977}]","[{""game_id"":2025021183,""game_date"":""2026-03-31"",""sog"":3.0,""toi"":20.52,""sog_per60"":8.771929824561402}]",1,1,1.0,17.42,3.0,20.52,9,3.4782608695652173,2.893115456737208,-0.5851454128280094,-0.5851454128280085,-0.6376628065676389,0.052517393739629284,-2.0,True
8478450,2026-10-06,2026-10-08,2026020051,2026020065,10,10,2026020051,2025021192,"[{""game_id"":2026020051,""game_date"":""2026-10-06"",""sog"":1.0,""toi"":20.28,""sog_per60"":2.9585798816568043}]","[{""game_id"":2025021192,""game_date"":""2026-04-02"",""sog"":1.0,""toi"":20.0,""sog_per60"":3.0}]",1,1,1.0,20.28,1.0,20.0,9,2.893115456737208,2.888781896966779,-0.004333559770429041,-0.004333559770429929,0.0,-0.004333559770428944,0.0,True
8478454,2026-10-03,2026-10-08,2026020032,2026020064,10,10,2026020032,2025021008,"[{""game_id"":2026020032,""game_date"":""2026-10-03"",""sog"":1.0,""toi"":10.92,""sog_per60"":5.4945054945054945}]","[{""game_id"":2025021008,""game_date"":""2026-03-09"",""sog"":3.0,""toi"":16.43,""sog_per60"":10.955569080949484}]",1,1,1.0,10.92,3.0,16.43,9,1.7321016166281755,0.9019165727170236,-0.8301850439111519,-0.8301850439111519,-0.8839836905155556,0.053798646604403866,-2.0,True
8478458,2026-10-03,2026-10-06,2026020023,2026020044,10,10,2026020023,2025021200,"[{""game_id"":2026020023,""game_date"":""2026-10-03"",""sog"":2.0,""toi"":14.82,""sog_per60"":8.097165991902834}]","[{""game_id"":2025021200,""game_date"":""2026-04-02"",""sog"":4.0,""toi"":14.63,""sog_per60"":16.40464798359535}]",1,1,2.0,14.82,4.0,14.63,9,8.649168118205298,7.919366450683945,-0.7298016675213521,-0.7298016675213521,-0.7203532072290364,-0.009448460292315608,-2.0,True
8478458,2026-10-06,2026-10-08,2026020044,2026020065,10,10,2026020044,2025021218,"[{""game_id"":2026020044,""game_date"":""2026-10-06"",""sog"":4.0,""toi"":17.77,""sog_per60"":13.505908835115363}]","[{""game_id"":2025021218,""game_date"":""2026-04-04"",""sog"":1.0,""toi"":16.83,""sog_per60"":3.5650623885918007}]",1,1,4.0,17.77,1.0,16.83,9,7.919366450683945,8.948812790836415,1.0294463401524698,1.0294463401524698,1.0768855709059086,-0.047439230753438075,3.0,True
8478462,2026-10-03,2026-10-07,2026020032,2026020054,10,10,2026020032,2025021096,"[{""game_id"":2026020032,""game_date"":""2026-10-03"",""sog"":3.0,""toi"":12.88,""sog_per60"":13.975155279503106}]","[{""game_id"":2025021096,""game_date"":""2026-03-20"",""sog"":3.0,""toi"":13.03,""sog_per60"":13.814274750575596}]",1,1,3.0,12.88,3.0,13.03,9,6.037952846463485,6.0444700295027705,0.006517183039285612,0.006517183039285612,0.0,0.0065171830392859315,0.0,True
8478462,2026-10-07,2026-10-08,2026020054,2026020064,10,10,2026020054,2025021111,"[{""game_id"":2026020054,""game_date"":""2026-10-07"",""sog"":3.0,""toi"":12.17,""sog_per60"":14.790468364831554}]","[{""game_id"":2025021111,""game_date"":""2026-03-22"",""sog"":1.0,""toi"":8.67,""sog_per60"":6.920415224913495}]",1,1,3.0,12.17,1.0,8.67,9,6.0444700295027705,6.738260686460308,0.6937906569575372,0.6937906569575372,0.8528891521539671,-0.15909849519643043,2.0,True
8478463,2026-10-03,2026-10-07,2026020024,2026020053,10,10,2026020024,2025021194,"[{""game_id"":2026020024,""game_date"":""2026-10-03"",""sog"":2.0,""toi"":11.62,""sog_per60"":10.327022375215147}]","[{""game_id"":2025021194,""game_date"":""2026-04-02"",""sog"":2.0,""toi"":19.17,""sog_per60"":6.2597809076682305}]",1,1,2.0,11.62,2.0,19.17,9,5.677158897369584,5.961054444297258,0.28389554692767405,0.28389554692767405,0.0,0.2838955469276744,0.0,True
8478468,2026-10-04,2026-10-06,2026020039,2026020051,10,10,2026020039,2025021218,"[{""game_id"":2026020039,""game_date"":""2026-10-04"",""sog"":0.0,""toi"":15.37,""sog_per60"":0.0}]","[{""game_id"":2025021218,""game_date"":""2026-04-04"",""sog"":2.0,""toi"":15.27,""sog_per60"":7.858546168958744}]",1,1,0.0,15.37,2.0,15.27,9,7.408779403593258,6.663787252421793,-0.7449921511714654,-0.7449921511714654,-0.7406493730919848,-0.004342778079480299,-2.0,True
8478468,2026-10-06,2026-10-08,2026020051,2026020065,10,10,2026020051,2025021242,"[{""game_id"":2026020051,""game_date"":""2026-10-06"",""sog"":0.0,""toi"":16.0,""sog_per60"":0.0}]","[{""game_id"":2025021242,""game_date"":""2026-04-07"",""sog"":2.0,""toi"":17.58,""sog_per60"":6.825938566552901}]",1,1,0.0,16.0,2.0,17.58,9,6.663787252421793,5.981681101626269,-0.6821061507955237,-0.6821061507955237,-0.7440654717639638,0.06195932096843998,-2.0,True
8478469,2026-10-03,2026-10-05,2026020023,2026020041,10,10,2026020023,2025021025,"[{""game_id"":2026020023,""game_date"":""2026-10-03"",""sog"":2.0,""toi"":27.1,""sog_per60"":4.428044280442805}]","[{""game_id"":2025021025,""game_date"":""2026-03-11"",""sog"":4.0,""toi"":28.53,""sog_per60"":8.412197686645635}]",1,1,2.0,27.1,4.0,28.53,9,4.269449715370019,3.8166421500417447,-0.4528075653282744,-0.4528075653282744,-0.47573178523149895,0.022924219903224588,-2.0,True
8478469,2026-10-05,2026-10-06,2026020041,2026020046,10,10,2026020041,2025021043,"[{""game_id"":2026020041,""game_date"":""2026-10-05"",""sog"":1.0,""toi"":24.22,""sog_per60"":2.477291494632535}]","[{""game_id"":2025021043,""game_date"":""2026-03-14"",""sog"":2.0,""toi"":27.4,""sog_per60"":4.379562043795621}]",1,1,1.0,24.22,2.0,27.4,9,3.8166421500417447,3.6239178578618887,-0.19272429217985598,-0.19272429217985687,-0.24006732911753415,0.047343036937678405,-1.0,True
8478469,2026-10-06,2026-10-08,2026020046,2026020059,10,10,2026020046,2025021058,"[{""game_id"":2026020046,""game_date"":""2026-10-06"",""sog"":5.0,""toi"":26.2,""sog_per60"":11.450381679389311}]","[{""game_id"":2025021058,""game_date"":""2026-03-15"",""sog"":0.0,""toi"":28.48,""sog_per60"":0.0}]",1,1,5.0,26.2,0.0,28.48,9,3.6239178578618887,4.87666111269151,1.2527432548296211,1.252743254829623,1.2135689487300867,0.03917430609953489,5.0,True
8478472,2026-10-03,2026-10-07,2026020028,2026020055,10,10,2026020028,2025021164,"[{""game_id"":2026020028,""game_date"":""2026-10-03"",""sog"":1.0,""toi"":15.07,""sog_per60"":3.9814200398142}]","[{""game_id"":2025021164,""game_date"":""2026-03-28"",""sog"":0.0,""toi"":9.57,""sog_per60"":0.0}]",1,1,1.0,15.07,0.0,9.57,9,2.2964309635441587,2.7270248159258252,0.4305938523816666,0.43059385238166614,0.5597563520356023,-0.129162499653936,1.0,True
8478474,2026-10-03,2026-10-04,2026020027,2026020036,10,10,2026020027,2025021203,"[{""game_id"":2026020027,""game_date"":""2026-10-03"",""sog"":2.0,""toi"":13.62,""sog_per60"":8.81057268722467}]","[{""game_id"":2025021203,""game_date"":""2026-04-02"",""sog"":1.0,""toi"":15.78,""sog_per60"":3.8022813688212937}]",1,1,2.0,13.62,1.0,15.78,9,7.129277566539923,7.583052479537794,0.4537749129978712,0.4537749129978703,0.3587808077239218,0.09499410527394862,1.0,True
8478474,2026-10-04,2026-10-06,2026020036,2026020047,10,10,2026020036,2025021216,"[{""game_id"":2026020036,""game_date"":""2026-10-04"",""sog"":5.0,""toi"":15.33,""sog_per60"":19.569471624266143}]","[{""game_id"":2025021216,""game_date"":""2026-04-04"",""sog"":2.0,""toi"":15.15,""sog_per60"":7.92079207920792}]",1,1,5.0,15.33,2.0,15.15,9,7.583052479537794,8.65696765660695,1.0739151770691562,1.0739151770691553,1.0827070842192053,-0.008791907150050094,3.0,True
8478474,2026-10-06,2026-10-08,2026020047,2026020056,10,10,2026020047,2025021241,"[{""game_id"":2026020047,""game_date"":""2026-10-06"",""sog"":1.0,""toi"":15.52,""sog_per60"":3.865979381443299}]","[{""game_id"":2025021241,""game_date"":""2026-04-07"",""sog"":2.0,""toi"":21.02,""sog_per60"":5.708848715509039}]",1,1,1.0,15.52,2.0,21.02,9,8.65696765660695,8.579955235016165,-0.07701242159078525,-0.07701242159078525,-0.3668742588245904,0.28986183723380643,-1.0,True
8478483,2026-10-04,2026-10-06,2026020039,2026020051,10,10,2026020039,2025021218,"[{""game_id"":2026020039,""game_date"":""2026-10-04"",""sog"":3.0,""toi"":21.93,""sog_per60"":8.207934336525307}]","[{""game_id"":2025021218,""game_date"":""2026-04-04"",""sog"":1.0,""toi"":21.62,""sog_per60"":2.7752081406105455}]",1,1,3.0,21.93,1.0,21.62,9,7.185270196097999,7.772020725388601,0.5867505292906019,0.5867505292906019,0.5983101322241576,-0.011559602933555475,2.0,True
8478483,2026-10-06,2026-10-08,2026020051,2026020065,10,10,2026020051,2025021242,"[{""game_id"":2026020051,""game_date"":""2026-10-06"",""sog"":2.0,""toi"":16.53,""sog_per60"":7.259528130671506}]","[{""game_id"":2025021242,""game_date"":""2026-04-07"",""sog"":6.0,""toi"":18.77,""sog_per60"":19.179541822056475}]",1,1,2.0,16.53,6.0,18.77,9,7.772020725388601,6.6505441354292625,-1.1214765899593386,-1.1214765899593386,-1.2024426695094756,0.08096607955013713,-4.0,True
8478493,2026-10-03,2026-10-06,2026020031,2026020049,10,10,2026020031,2025021127,"[{""game_id"":2026020031,""game_date"":""2026-10-03"",""sog"":2.0,""toi"":17.78,""sog_per60"":6.749156355455567}]","[{""game_id"":2025021127,""game_date"":""2026-03-24"",""sog"":3.0,""toi"":19.87,""sog_per60"":9.058882737795672}]",1,1,2.0,17.78,3.0,19.87,9,8.418925745074928,8.17810086324398,-0.24082488183094775,-0.24082488183094775,-0.3387556162190815,0.0979307343881338,-1.0,True
8478493,2026-10-06,2026-10-08,2026020049,2026020060,10,10,2026020049,2025021140,"[{""game_id"":2026020049,""game_date"":""2026-10-06"",""sog"":0.0,""toi"":20.43,""sog_per60"":0.0}]","[{""game_id"":2025021140,""game_date"":""2026-03-26"",""sog"":5.0,""toi"":14.42,""sog_per60"":20.804438280166437}]",1,1,0.0,20.43,5.0,14.42,9,8.17810086324398,6.260640342687682,-1.9174605205562978,-1.9174605205562978,-1.6756539727310307,-0.24180654782526817,-5.0,True
8478507,2026-10-03,2026-10-04,2026020027,2026020036,10,10,2026020027,2025021146,"[{""game_id"":2026020027,""game_date"":""2026-10-03"",""sog"":0.0,""toi"":20.45,""sog_per60"":0.0}]","[{""game_id"":2025021146,""game_date"":""2026-03-26"",""sog"":0.0,""toi"":17.88,""sog_per60"":0.0}]",1,1,0.0,20.45,0.0,17.88,9,1.8364536040401978,1.8126888217522656,-0.023764782287932107,-0.023764782287931885,0.0,-0.023764782287932253,0.0,True
8478507,2026-10-04,2026-10-06,2026020036,2026020047,10,10,2026020036,2025021164,"[{""game_id"":2026020036,""game_date"":""2026-10-04"",""sog"":1.0,""toi"":21.12,""sog_per60"":2.840909090909091}]","[{""game_id"":2025021164,""game_date"":""2026-03-28"",""sog"":0.0,""toi"":18.28,""sog_per60"":0.0}]",1,1,1.0,21.12,0.0,18.28,9,1.8126888217522656,2.084988085782367,0.2722992640301014,0.27229926403010096,0.299985122225715,-0.027685858195613568,1.0,True
8478507,2026-10-06,2026-10-08,2026020047,2026020056,10,10,2026020047,2025021203,"[{""game_id"":2026020047,""game_date"":""2026-10-06"",""sog"":0.0,""toi"":19.22,""sog_per60"":0.0}]","[{""game_id"":2025021203,""game_date"":""2026-04-02"",""sog"":0.0,""toi"":17.65,""sog_per60"":0.0}]",1,1,0.0,19.22,0.0,17.65,9,2.084988085782367,2.068863602778188,-0.016124483004178902,-0.016124483004178902,0.0,-0.016124483004178996,0.0,True
8478508,2026-10-03,2026-10-06,2026020031,2026020049,10,10,2026020031,2025021208,"[{""game_id"":2026020031,""game_date"":""2026-10-03"",""sog"":4.0,""toi"":15.05,""sog_per60"":15.946843853820596}]","[{""game_id"":2025021208,""game_date"":""2026-04-04"",""sog"":1.0,""toi"":15.53,""sog_per60"":3.8634900193174504}]",1,1,4.0,15.05,1.0,15.53,9,4.598982649292733,5.87289379850381,1.2739111492110773,1.2739111492110782,1.2563726188990925,0.017538530311984747,3.0,True
8478508,2026-10-06,2026-10-08,2026020049,2026020060,10,10,2026020049,2025021222,"[{""game_id"":2026020049,""game_date"":""2026-10-06"",""sog"":0.0,""toi"":13.07,""sog_per60"":0.0}]","[{""game_id"":2025021222,""game_date"":""2026-04-05"",""sog"":1.0,""toi"":13.6,""sog_per60"":4.411764705882353}]",1,1,0.0,13.07,1.0,13.6,9,5.87289379850381,5.473684210526316,-0.3992095879774942,-0.3992095879774942,-0.4202725228788955,0.021062934901401348,-1.0,True
8478519,2026-10-03,2026-10-05,2026020024,2026020040,10,10,2026020024,2025021168,"[{""game_id"":2026020024,""game_date"":""2026-10-03"",""sog"":1.0,""toi"":17.7,""sog_per60"":3.389830508474576}]","[{""game_id"":2025021168,""game_date"":""2026-03-29"",""sog"":3.0,""toi"":20.98,""sog_per60"":8.57959961868446}]",1,1,1.0,17.7,3.0,20.98,9,5.822250128431988,5.235297539410157,-0.5869525890218315,-0.5869525890218315,-0.691505137633147,0.10455254861131497,-2.0,True
8478519,2026-10-05,2026-10-08,2026020040,2026020060,10,10,2026020040,2025021180,"[{""game_id"":2026020040,""game_date"":""2026-10-05"",""sog"":1.0,""toi"":16.52,""sog_per60"":3.6319612590799033}]","[{""game_id"":2025021180,""game_date"":""2026-03-31"",""sog"":1.0,""toi"":15.82,""sog_per60"":3.792667509481668}]",1,1,1.0,16.52,1.0,15.82,9,5.235297539410157,5.214066392445397,-0.021231146964759695,-0.021231146964759695,0.0,-0.021231146964759487,0.0,True
8478542,2026-10-03,2026-10-06,2026020029,2026020047,10,10,2026020029,2025021016,"[{""game_id"":2026020029,""game_date"":""2026-10-03"",""sog"":1.0,""toi"":16.23,""sog_per60"":3.696857670979667}]","[{""game_id"":2025021016,""game_date"":""2026-03-10"",""sog"":0.0,""toi"":16.35,""sog_per60"":0.0}]",1,1,1.0,16.23,0.0,16.35,9,6.433453960595094,6.841046277665996,0.40759231707090215,0.40759231707090215,0.4022526797293613,0.005339637341539999,1.0,True
8478550,2026-10-03,2026-10-06,2026020034,2026020052,10,10,2026020034,2025021204,"[{""game_id"":2026020034,""game_date"":""2026-10-03"",""sog"":4.0,""toi"":22.35,""sog_per60"":10.738255033557046}]","[{""game_id"":2025021204,""game_date"":""2026-04-02"",""sog"":2.0,""toi"":20.88,""sog_per60"":5.74712643678161}]",1,1,4.0,22.35,2.0,20.88,9,7.354022650389763,7.8855140186915875,0.5314913683018245,0.5314913683018254,0.5862169807819456,-0.05472561248012115,2.0,True
8478569,2026-10-03,2026-10-05,2026020025,2026020040,10,10,2026020025,2025021192,"[{""game_id"":2026020025,""game_date"":""2026-10-03"",""sog"":1.0,""toi"":15.88,""sog_per60"":3.7783375314861463}]","[{""game_id"":2025021192,""game_date"":""2026-04-02"",""sog"":0.0,""toi"":12.35,""sog_per60"":0.0}]",1,1,1.0,15.88,0.0,12.35,9,3.6466774716369525,3.9575225908581233,0.31084511922117075,0.31084511922116986,0.40046932241162575,-0.0896242031904557,1.0,True
8478569,2026-10-05,2026-10-08,2026020040,2026020059,10,10,2026020040,2025021211,"[{""game_id"":2026020040,""game_date"":""2026-10-05"",""sog"":0.0,""toi"":13.65,""sog_per60"":0.0}]","[{""game_id"":2025021211,""game_date"":""2026-04-04"",""sog"":3.0,""toi"":14.15,""sog_per60"":12.720848056537102}]",1,1,0.0,13.65,3.0,14.15,9,3.9575225908581233,2.779432201707366,-1.1780903891507575,-1.1780903891507575,-1.1892210032802968,0.011130614129539586,-3.0,True
8478831,2026-10-03,2026-10-04,2026020027,2026020036,10,10,2026020027,2025021203,"[{""game_id"":2026020027,""game_date"":""2026-10-03"",""sog"":2.0,""toi"":14.12,""sog_per60"":8.498583569405099}]","[{""game_id"":2025021203,""game_date"":""2026-04-02"",""sog"":1.0,""toi"":13.72,""sog_per60"":4.373177842565597}]",1,1,2.0,14.12,1.0,13.72,9,3.0674846625766867,3.495484998543547,0.4280003359668605,0.42800033596686093,0.4375738597358779,-0.009573523769017354,1.0,True
8478831,2026-10-04,2026-10-06,2026020036,2026020047,10,10,2026020036,2025021216,"[{""game_id"":2026020036,""game_date"":""2026-10-04"",""sog"":0.0,""toi"":13.17,""sog_per60"":0.0}]","[{""game_id"":2025021216,""game_date"":""2026-04-04"",""sog"":0.0,""toi"":15.88,""sog_per60"":0.0}]",1,1,0.0,13.17,0.0,15.88,9,3.495484998543547,3.565856919991085,0.07037192144753757,0.07037192144753712,0.0,0.07037192144753762,0.0,True
8478831,2026-10-06,2026-10-08,2026020047,2026020056,10,10,2026020047,2025021241,"[{""game_id"":2026020047,""game_date"":""2026-10-06"",""sog"":1.0,""toi"":15.73,""sog_per60"":3.814367450731087}]","[{""game_id"":2025021241,""game_date"":""2026-04-07"",""sog"":1.0,""toi"":11.18,""sog_per60"":5.366726296958856}]",1,1,1.0,15.73,1.0,11.18,9,3.565856919991085,3.449267030755964,-0.11658988923512092,-0.11658988923512092,0.0,-0.11658988923512123,0.0,True
8478840,2026-10-03,2026-10-05,2026020031,2026020041,10,10,2026020031,2025021207,"[{""game_id"":2026020031,""game_date"":""2026-10-03"",""sog"":0.0,""toi"":19.35,""sog_per60"":0.0}]","[{""game_id"":2025021207,""game_date"":""2026-04-04"",""sog"":0.0,""toi"":18.73,""sog_per60"":0.0}]",1,1,0.0,19.35,0.0,18.73,9,1.6760712888988212,1.6702856188408217,-0.005785670057999459,-0.005785670057999681,0.0,-0.005785670057999442,0.0,True
8478840,2026-10-05,2026-10-08,2026020041,2026020056,10,10,2026020041,2025021227,"[{""game_id"":2026020041,""game_date"":""2026-10-05"",""sog"":0.0,""toi"":16.42,""sog_per60"":0.0}]","[{""game_id"":2025021227,""game_date"":""2026-04-05"",""sog"":0.0,""toi"":17.4,""sog_per60"":0.0}]",1,1,0.0,16.42,0.0,17.4,9,1.6702856188408217,1.6794491406818564,0.009163521841034639,0.00916352184103486,0.0,0.009163521841034673,0.0,True
8478851,2026-10-03,2026-10-06,2026020026,2026020045,10,10,2026020026,2025021069,"[{""game_id"":2026020026,""game_date"":""2026-10-03"",""sog"":0.0,""toi"":8.53,""sog_per60"":0.0}]","[{""game_id"":2025021069,""game_date"":""2026-03-17"",""sog"":0.0,""toi"":18.32,""sog_per60"":0.0}]",1,1,0.0,8.53,0.0,18.32,9,1.5164535206995904,1.5954052329291641,0.07895171222957376,0.07895171222957331,0.0,0.07895171222957378,0.0,True
8478851,2026-10-06,2026-10-08,2026020045,2026020058,10,10,2026020045,2025021085,"[{""game_id"":2026020045,""game_date"":""2026-10-06"",""sog"":1.0,""toi"":18.18,""sog_per60"":3.3003300330033003}]","[{""game_id"":2025021085,""game_date"":""2026-03-19"",""sog"":0.0,""toi"":20.25,""sog_per60"":0.0}]",1,1,1.0,18.18,0.0,20.25,9,1.5954052329291641,1.9357960961445395,0.34039086321537537,0.3403908632153756,0.32085686463829466,0.019533998577080477,1.0,True
8478854,2026-10-03,2026-10-07,2026020028,2026020055,10,10,2026020028,2025021192,"[{""game_id"":2026020028,""game_date"":""2026-10-03"",""sog"":0.0,""toi"":21.52,""sog_per60"":0.0}]","[{""game_id"":2025021192,""game_date"":""2026-04-02"",""sog"":1.0,""toi"":16.22,""sog_per60"":3.6991368680641186}]",1,1,0.0,21.52,1.0,16.22,9,2.6211047471119313,2.271436683702442,-0.3496680634094895,-0.3496680634094891,-0.28758172312650987,-0.062086340282979345,-1.0,True
8478859,2026-10-04,2026-10-06,2026020037,2026020052,10,10,2026020037,2025020983,"[{""game_id"":2026020037,""game_date"":""2026-10-04"",""sog"":1.0,""toi"":20.28,""sog_per60"":2.9585798816568043}]","[{""game_id"":2025020983,""game_date"":""2026-03-06"",""sog"":3.0,""toi"":22.9,""sog_per60"":7.860262008733624}]",1,1,1.0,20.28,3.0,22.9,9,4.729996058336619,4.1928721174004195,-0.5371239409361994,-0.5371239409361985,-0.5951156191746401,0.05799167823844105,-2.0,True
8478864,2026-10-03,2026-10-06,2026020031,2026020049,10,10,2026020031,2025021140,"[{""game_id"":2026020031,""game_date"":""2026-10-03"",""sog"":3.0,""toi"":18.82,""sog_per60"":9.564293304994688}]","[{""game_id"":2025021140,""game_date"":""2026-03-26"",""sog"":1.0,""toi"":18.27,""sog_per60"":3.284072249589491}]",1,1,3.0,18.82,1.0,18.27,9,9.057515221657525,9.634684865515856,0.5771696438583316,0.5771696438583316,0.6030010761026214,-0.025831432244288657,2.0,True
8478864,2026-10-06,2026-10-08,2026020049,2026020060,10,10,2026020049,2025021155,"[{""game_id"":2026020049,""game_date"":""2026-10-06"",""sog"":3.0,""toi"":24.97,""sog_per60"":7.2086503804565485}]","[{""game_id"":2025021155,""game_date"":""2026-03-28"",""sog"":3.0,""toi"":19.97,""sog_per60"":9.01352028042063}]",1,1,3.0,24.97,3.0,19.97,9,9.634684865515856,9.398864303896612,-0.23582056161924392,-0.23582056161924392,0.0,-0.23582056161924492,0.0,True
8478882,2026-10-04,2026-10-06,2026020036,2026020048,10,10,2026020036,2025021227,"[{""game_id"":2026020036,""game_date"":""2026-10-04"",""sog"":3.0,""toi"":19.15,""sog_per60"":9.399477806788513}]","[{""game_id"":2025021227,""game_date"":""2026-04-05"",""sog"":2.0,""toi"":21.08,""sog_per60"":5.692599620493358}]",1,1,3.0,19.15,2.0,21.08,9,3.534849995468141,3.8403511178164864,0.30550112234834526,0.3055011223483448,0.27311116612134145,0.0323899562270039,1.0,True
8478970,2026-10-03,2026-10-06,2026020025,2026020045,10,10,2026020025,2025021169,"[{""game_id"":2026020025,""game_date"":""2026-10-03"",""sog"":2.0,""toi"":22.83,""sog_per60"":5.256241787122208}]","[{""game_id"":2025021169,""game_date"":""2026-03-29"",""sog"":1.0,""toi"":17.3,""sog_per60"":3.468208092485549}]",1,1,2.0,22.83,1.0,17.3,9,3.1540766440624504,3.3714752758479767,0.21739863178552632,0.21739863178552632,0.3109527083780306,-0.09355407659250388,1.0,True
8478970,2026-10-06,2026-10-08,2026020045,2026020061,10,10,2026020045,2025021185,"[{""game_id"":2026020045,""game_date"":""2026-10-06"",""sog"":3.0,""toi"":22.03,""sog_per60"":8.17067635043123}]","[{""game_id"":2025021185,""game_date"":""2026-03-31"",""sog"":1.0,""toi"":20.7,""sog_per60"":2.898550724637681}]",1,1,3.0,22.03,1.0,20.7,9,3.3714752758479767,3.957582830179106,0.5861075543311292,0.5861075543311287,0.6109272008251319,-0.024819646494003006,2.0,True
8478975,2026-10-03,2026-10-05,2026020034,2026020043,10,10,2026020034,2025021185,"[{""game_id"":2026020034,""game_date"":""2026-10-03"",""sog"":1.0,""toi"":16.38,""sog_per60"":3.6630036630036633}]","[{""game_id"":2025021185,""game_date"":""2026-03-31"",""sog"":0.0,""toi"":17.37,""sog_per60"":0.0}]",1,1,1.0,16.38,0.0,17.37,9,7.203745947892903,7.609155142218733,0.4054091943258298,0.4054091943258289,0.36126400922634005,0.04414518509948882,1.0,True
8478975,2026-10-05,2026-10-08,2026020043,2026020063,10,10,2026020043,2025021215,"[{""game_id"":2026020043,""game_date"":""2026-10-05"",""sog"":1.0,""toi"":16.2,""sog_per60"":3.703703703703704}]","[{""game_id"":2025021215,""game_date"":""2026-04-04"",""sog"":1.0,""toi"":16.83,""sog_per60"":3.5650623885918007}]",1,1,1.0,16.2,1.0,16.83,9,7.609155142218733,7.638215324927255,0.02906018270852151,0.029060182708523286,0.0,0.029060182708521686,0.0,True
8479314,2026-10-04,2026-10-06,2026020037,2026020052,10,10,2026020037,2025021167,"[{""game_id"":2026020037,""game_date"":""2026-10-04"",""sog"":1.0,""toi"":23.47,""sog_per60"":2.556455048998722}]","[{""game_id"":2025021167,""game_date"":""2026-03-29"",""sog"":3.0,""toi"":19.05,""sog_per60"":9.448818897637794}]",1,1,1.0,23.47,3.0,19.05,9,8.07491728817361,7.222982216142271,-0.8519350720313392,-0.8519350720313392,-0.6647722604682461,-0.1871628115630935,-2.0,True
8479318,2026-10-03,2026-10-06,2026020023,2026020044,10,10,2026020023,2025020954,"[{""game_id"":2026020023,""game_date"":""2026-10-03"",""sog"":6.0,""toi"":21.83,""sog_per60"":16.491067338524967}]","[{""game_id"":2025020954,""game_date"":""2026-03-02"",""sog"":8.0,""toi"":26.1,""sog_per60"":18.39080459770115}]",1,1,6.0,21.83,8.0,26.1,9,12.111890800730558,11.77682908876785,-0.33506171196270884,-0.33506171196270884,-0.582799079617543,0.24773736765483545,-2.0,True
8479318,2026-10-06,2026-10-08,2026020044,2026020065,10,10,2026020044,2025020971,"[{""game_id"":2026020044,""game_date"":""2026-10-06"",""sog"":4.0,""toi"":25.15,""sog_per60"":9.542743538767397}]","[{""game_id"":2025020971,""game_date"":""2026-03-04"",""sog"":6.0,""toi"":24.95,""sog_per60"":14.428857715430862}]",1,1,4.0,25.15,6.0,24.95,9,11.77682908876785,11.177018481298104,-0.5998106074697453,-0.5998106074697471,-0.5885527925165147,-0.011257814953231585,-2.0,True
8479323,2026-10-04,2026-10-06,2026020036,2026020048,10,10,2026020036,2025021227,"[{""game_id"":2026020036,""game_date"":""2026-10-04"",""sog"":1.0,""toi"":21.58,""sog_per60"":2.7803521779425395}]","[{""game_id"":2025021227,""game_date"":""2026-04-05"",""sog"":1.0,""toi"":19.52,""sog_per60"":3.0737704918032787}]",1,1,1.0,21.58,1.0,19.52,9,3.8556871385293303,3.819570753001091,-0.03611638552823937,-0.036116385528239814,0.0,-0.03611638552823947,0.0,True
8479324,2026-10-03,2026-10-04,2026020028,2026020038,10,10,2026020028,2025021187,"[{""game_id"":2026020028,""game_date"":""2026-10-03"",""sog"":2.0,""toi"":13.95,""sog_per60"":8.60215053763441}]","[{""game_id"":2025021187,""game_date"":""2026-03-31"",""sog"":0.0,""toi"":16.33,""sog_per60"":0.0}]",1,1,2.0,13.95,0.0,16.33,9,1.7113519680547635,2.428868841082582,0.7175168730278183,0.7175168730278181,0.6892516566227501,0.028265216405068058,2.0,True
8479324,2026-10-04,2026-10-06,2026020038,2026020051,10,10,2026020038,2025021203,"[{""game_id"":2026020038,""game_date"":""2026-10-04"",""sog"":1.0,""toi"":18.62,""sog_per60"":3.2223415682062297}]","[{""game_id"":2025021203,""game_date"":""2026-04-02"",""sog"":2.0,""toi"":16.72,""sog_per60"":7.177033492822967}]",1,1,1.0,18.62,2.0,16.72,9,2.428868841082582,2.0592609541242424,-0.36960788695833946,-0.36960788695833946,-0.34509571101625225,-0.024512175942086982,-1.0,True
8479336,2026-10-03,2026-10-05,2026020025,2026020040,10,10,2026020025,2025021163,"[{""game_id"":2026020025,""game_date"":""2026-10-03"",""sog"":1.0,""toi"":13.75,""sog_per60"":4.363636363636363}]","[{""game_id"":2025021163,""game_date"":""2026-03-28"",""sog"":1.0,""toi"":11.37,""sog_per60"":5.277044854881267}]",1,1,1.0,13.75,1.0,11.37,9,8.052147239263805,7.872539831302719,-0.1796074079610861,-0.1796074079610852,0.0,-0.179607407961085,0.0,True
8479337,2026-10-04,2026-10-06,2026020035,2026020046,10,10,2026020035,2025021207,"[{""game_id"":2026020035,""game_date"":""2026-10-04"",""sog"":4.0,""toi"":23.27,""sog_per60"":10.313708637730985}]","[{""game_id"":2025021207,""game_date"":""2026-04-04"",""sog"":1.0,""toi"":22.37,""sog_per60"":2.682163611980331}]",1,1,4.0,23.27,1.0,22.37,9,9.439404268708374,10.334568610052719,0.8951643413443442,0.8951643413443424,0.9417233320741788,-0.04655899072983544,3.0,True
8479343,2026-10-03,2026-10-04,2026020027,2026020036,10,10,2026020027,2025021203,"[{""game_id"":2026020027,""game_date"":""2026-10-03"",""sog"":2.0,""toi"":17.07,""sog_per60"":7.0298769771529}]","[{""game_id"":2025021203,""game_date"":""2026-04-02"",""sog"":3.0,""toi"":19.0,""sog_per60"":9.473684210526317}]",1,1,2.0,17.07,3.0,19.0,9,7.553900225567854,7.3131955484896665,-0.24070467707818732,-0.24070467707818644,-0.3163554332896853,0.07565075621149772,-1.0,True
8479343,2026-10-04,2026-10-06,2026020036,2026020047,10,10,2026020036,2025021216,"[{""game_id"":2026020036,""game_date"":""2026-10-04"",""sog"":2.0,""toi"":18.05,""sog_per60"":6.648199445983379}]","[{""game_id"":2025021216,""game_date"":""2026-04-04"",""sog"":3.0,""toi"":17.35,""sog_per60"":10.374639769452449}]",1,1,2.0,18.05,3.0,17.35,9,7.3131955484896665,6.9693769799366425,-0.34381856855302395,-0.3438185685530257,-0.31737744328588485,-0.026441125267137947,-1.0,True
8479343,2026-10-06,2026-10-08,2026020047,2026020056,10,10,2026020047,2025021241,"[{""game_id"":2026020047,""game_date"":""2026-10-06"",""sog"":3.0,""toi"":18.3,""sog_per60"":9.83606557377049}]","[{""game_id"":2025021241,""game_date"":""2026-04-07"",""sog"":3.0,""toi"":19.58,""sog_per60"":9.193054136874364}]",1,1,3.0,18.3,3.0,19.58,9,6.9693769799366425,7.016797788645545,0.04742080870890231,0.04742080870890408,0.0,0.04742080870890248,0.0,True
8479345,2026-10-03,2026-10-07,2026020024,2026020053,10,10,2026020024,2025021194,"[{""game_id"":2026020024,""game_date"":""2026-10-03"",""sog"":2.0,""toi"":27.18,""sog_per60"":4.415011037527593}]","[{""game_id"":2025021194,""game_date"":""2026-04-02"",""sog"":2.0,""toi"":24.92,""sog_per60"":4.815409309791332}]",1,1,2.0,27.18,2.0,24.92,9,4.600811907983761,4.554384711555635,-0.04642719642812665,-0.04642719642812754,0.0,-0.04642719642812662,0.0,True
8479346,2026-10-03,2026-10-06,2026020032,2026020050,10,10,2026020032,2023020578,"[{""game_id"":2026020032,""game_date"":""2026-10-03"",""sog"":0.0,""toi"":13.27,""sog_per60"":0.0}]","[{""game_id"":2023020578,""game_date"":""2024-01-02"",""sog"":2.0,""toi"":8.4,""sog_per60"":14.285714285714285}]",1,1,0.0,13.27,2.0,8.4,9,4.197481511093344,2.8590488897360142,-1.33843262135733,-1.3384326213573297,-1.1714499938176806,-0.16698262753964904,-2.0,True
8479346,2026-10-06,2026-10-08,2026020050,2026020063,10,10,2026020050,2023020595,"[{""game_id"":2026020050,""game_date"":""2026-10-06"",""sog"":0.0,""toi"":10.2,""sog_per60"":0.0}]","[{""game_id"":2023020595,""game_date"":""2024-01-04"",""sog"":0.0,""toi"":7.33,""sog_per60"":0.0}]",1,1,0.0,10.2,0.0,7.33,9,2.8590488897360142,2.782931354359926,-0.07611753537608834,-0.07611753537608879,0.0,-0.07611753537608845,0.0,True
8479351,2026-10-03,2026-10-05,2026020030,2026020043,10,10,2026020030,2025021066,"[{""game_id"":2026020030,""game_date"":""2026-10-03"",""sog"":2.0,""toi"":16.15,""sog_per60"":7.430340557275542}]","[{""game_id"":2025021066,""game_date"":""2026-03-16"",""sog"":2.0,""toi"":16.95,""sog_per60"":7.079646017699115}]",1,1,2.0,16.15,2.0,16.95,9,4.36825733006817,4.39150974782088,0.02325241775271003,0.023252417752709142,0.0,0.023252417752709434,0.0,True
8479351,2026-10-05,2026-10-08,2026020043,2026020057,10,10,2026020043,2025021080,"[{""game_id"":2026020043,""game_date"":""2026-10-05"",""sog"":1.0,""toi"":14.73,""sog_per60"":4.073319755600815}]","[{""game_id"":2025021080,""game_date"":""2026-03-18"",""sog"":0.0,""toi"":16.53,""sog_per60"":0.0}]",1,1,1.0,14.73,0.0,16.53,9,4.39150974782088,4.848811367768873,0.4573016199479927,0.45730161994799357,0.40164788643677335,0.05565373351121937,1.0,True
8479353,2026-10-04,2026-10-06,2026020039,2026020051,10,10,2026020039,2025021218,"[{""game_id"":2026020039,""game_date"":""2026-10-04"",""sog"":1.0,""toi"":17.27,""sog_per60"":3.474232773595831}]","[{""game_id"":2025021218,""game_date"":""2026-04-04"",""sog"":4.0,""toi"":15.98,""sog_per60"":15.018773466833542}]",1,1,1.0,17.27,4.0,15.98,9,6.091370558375633,4.909056580023916,-1.1823139783517176,-1.1823139783517185,-1.1374955952350905,-0.04481838311662749,-3.0,True
8479353,2026-10-06,2026-10-08,2026020051,2026020065,10,10,2026020051,2025021242,"[{""game_id"":2026020051,""game_date"":""2026-10-06"",""sog"":0.0,""toi"":15.85,""sog_per60"":0.0}]","[{""game_id"":2025021242,""game_date"":""2026-04-07"",""sog"":1.0,""toi"":17.28,""sog_per60"":3.472222222222222}]",1,1,0.0,15.85,1.0,17.28,9,4.909056580023916,4.572589864092468,-0.33646671593144806,-0.33646671593144806,-0.3793344461329778,0.04286773020153013,-1.0,True
8479359,2026-10-03,2026-10-06,2026020022,2026020049,10,10,2026020022,2025021191,"[{""game_id"":2026020022,""game_date"":""2026-10-03"",""sog"":0.0,""toi"":8.52,""sog_per60"":0.0}]","[{""game_id"":2025021191,""game_date"":""2026-04-02"",""sog"":0.0,""toi"":9.55,""sog_per60"":0.0}]",1,1,0.0,8.52,0.0,9.55,9,2.6162030173541466,2.6399155227032733,0.023712505349126722,0.023712505349126722,0.0,0.02371250534912682,0.0,True
8479359,2026-10-06,2026-10-08,2026020049,2026020057,10,10,2026020049,2025021213,"[{""game_id"":2026020049,""game_date"":""2026-10-06"",""sog"":0.0,""toi"":8.47,""sog_per60"":0.0}]","[{""game_id"":2025021213,""game_date"":""2026-04-04"",""sog"":1.0,""toi"":12.45,""sog_per60"":4.8192771084337345}]",1,1,0.0,8.47,1.0,12.45,9,2.6399155227032733,2.1885828925770565,-0.4513326301262168,-0.4513326301262168,-0.5375644138424595,0.08623178371624252,-1.0,True
8479365,2026-10-03,2026-10-07,2026020028,2026020055,10,10,2026020028,2025021200,"[{""game_id"":2026020028,""game_date"":""2026-10-03"",""sog"":0.0,""toi"":8.25,""sog_per60"":0.0}]","[{""game_id"":2025021200,""game_date"":""2026-04-02"",""sog"":2.0,""toi"":13.6,""sog_per60"":8.823529411764707}]",1,1,0.0,8.25,2.0,13.6,9,7.43321718931475,6.78513731825525,-0.6480798710594993,-0.6480798710595002,-0.9492287399218327,0.30114886886233283,-2.0,True
8479368,2026-10-03,2026-10-07,2026020028,2026020055,10,10,2026020028,2025021187,"[{""game_id"":2026020028,""game_date"":""2026-10-03"",""sog"":1.0,""toi"":9.7,""sog_per60"":6.185567010309279}]","[{""game_id"":2025021187,""game_date"":""2026-03-31"",""sog"":1.0,""toi"":9.88,""sog_per60"":6.0728744939271255}]",1,1,1.0,9.7,1.0,9.88,9,4.638129287853898,4.646210434614267,0.008081146760368974,0.008081146760368974,0.0,0.00808114676036864,0.0,True
8479369,2026-10-03,2026-10-04,2026020027,2026020036,10,10,2026020027,2025021193,"[{""game_id"":2026020027,""game_date"":""2026-10-03"",""sog"":2.0,""toi"":15.05,""sog_per60"":7.973421926910298}]","[{""game_id"":2025021193,""game_date"":""2026-04-02"",""sog"":3.0,""toi"":17.77,""sog_per60"":10.129431626336522}]",1,1,2.0,15.05,3.0,17.77,9,2.5834230355220664,2.2940790911077125,-0.28934394441435396,-0.2893439444143544,-0.32532673194210865,0.035982787527754925,-1.0,True
8479369,2026-10-04,2026-10-06,2026020036,2026020047,10,10,2026020036,2025021210,"[{""game_id"":2026020036,""game_date"":""2026-10-04"",""sog"":3.0,""toi"":14.07,""sog_per60"":12.793176972281447}]","[{""game_id"":2025021210,""game_date"":""2026-04-04"",""sog"":0.0,""toi"":17.87,""sog_per60"":0.0}]",1,1,3.0,14.07,0.0,17.87,9,2.2940790911077125,3.346720214190094,1.0526411230823816,1.0526411230823811,0.9935964087944524,0.05904471428792868,3.0,True
8479369,2026-10-06,2026-10-08,2026020047,2026020056,10,10,2026020047,2025021224,"[{""game_id"":2026020047,""game_date"":""2026-10-06"",""sog"":0.0,""toi"":17.0,""sog_per60"":0.0}]","[{""game_id"":2025021224,""game_date"":""2026-04-05"",""sog"":0.0,""toi"":20.95,""sog_per60"":0.0}]",1,1,0.0,17.0,0.0,20.95,9,3.346720214190094,3.422118291222267,0.07539807703217294,0.07539807703217294,0.0,0.0753980770321726,0.0,True
8479378,2026-10-03,2026-10-06,2026020029,2026020048,10,10,2026020029,2025021150,"[{""game_id"":2026020029,""game_date"":""2026-10-03"",""sog"":1.0,""toi"":19.17,""sog_per60"":3.1298904538341152}]","[{""game_id"":2025021150,""game_date"":""2026-03-27"",""sog"":0.0,""toi"":12.08,""sog_per60"":0.0}]",1,1,1.0,19.17,0.0,12.08,9,4.964147821290679,5.1271938473673835,0.16304602607670482,0.16304602607670482,0.40403925591406226,-0.2409932298373578,1.0,True
8479378,2026-10-06,2026-10-08,2026020048,2026020062,10,10,2026020048,2025021159,"[{""game_id"":2026020048,""game_date"":""2026-10-06"",""sog"":1.0,""toi"":19.35,""sog_per60"":3.1007751937984493}]","[{""game_id"":2025021159,""game_date"":""2026-03-28"",""sog"":1.0,""toi"":12.28,""sog_per60"":4.88599348534202}]",1,1,1.0,19.35,1.0,12.28,9,5.1271938473673835,4.899497487437186,-0.22769635993019754,-0.22769635993019754,0.0,-0.22769635993019685,0.0,True
8479385,2026-10-03,2026-10-07,2026020024,2026020053,10,10,2026020024,2025021206,"[{""game_id"":2026020024,""game_date"":""2026-10-03"",""sog"":1.0,""toi"":14.75,""sog_per60"":4.067796610169491}]","[{""game_id"":2025021206,""game_date"":""2026-04-03"",""sog"":5.0,""toi"":13.1,""sog_per60"":22.900763358778622}]",1,1,1.0,14.75,5.0,13.1,9,9.619054889686234,7.689987937273824,-1.92906695241241,-1.9290669524124118,-1.8208049288930888,-0.10826202351932142,-4.0,True
8479398,2026-10-03,2026-10-05,2026020026,2026020042,10,10,2026020026,2025021183,"[{""game_id"":2026020026,""game_date"":""2026-10-03"",""sog"":3.0,""toi"":21.18,""sog_per60"":8.498583569405099}]","[{""game_id"":2025021183,""game_date"":""2026-03-31"",""sog"":1.0,""toi"":17.97,""sog_per60"":3.3388981636060104}]",1,1,3.0,21.18,1.0,17.97,9,3.119800332778702,3.6822993913977395,0.5624990586190375,0.562499058619037,0.6188383158943486,-0.056339257275311826,2.0,True
8479398,2026-10-05,2026-10-07,2026020042,2026020053,10,10,2026020042,2025021192,"[{""game_id"":2026020042,""game_date"":""2026-10-05"",""sog"":1.0,""toi"":17.2,""sog_per60"":3.488372093023256}]","[{""game_id"":2025021192,""game_date"":""2026-04-02"",""sog"":1.0,""toi"":18.33,""sog_per60"":3.273322422258593}]",1,1,1.0,17.2,1.0,18.33,9,3.6822993913977395,3.7037037037037037,0.02140431230596418,0.021404312305965068,0.0,0.0214043123059645,0.0,True
8479400,2026-10-03,2026-10-07,2026020024,2026020053,10,10,2026020024,2025021184,"[{""game_id"":2026020024,""game_date"":""2026-10-03"",""sog"":1.0,""toi"":18.57,""sog_per60"":3.231017770597738}]","[{""game_id"":2025021184,""game_date"":""2026-03-31"",""sog"":0.0,""toi"":17.3,""sog_per60"":0.0}]",1,1,1.0,18.57,0.0,17.3,9,5.194805194805195,5.547483819838858,0.3526786250336631,0.352678625033664,0.3979246219373019,-0.04524599690363822,1.0,True
8479407,2026-10-03,2026-10-06,2026020029,2026020047,10,10,2026020029,2025021212,"[{""game_id"":2026020029,""game_date"":""2026-10-03"",""sog"":2.0,""toi"":15.88,""sog_per60"":7.5566750629722925}]","[{""game_id"":2025021212,""game_date"":""2026-04-04"",""sog"":4.0,""toi"":20.4,""sog_per60"":11.764705882352942}]",1,1,2.0,15.88,4.0,20.4,9,8.45345182616235,7.999111209865571,-0.45434061629677913,-0.45434061629678,-0.6584290629557712,0.20408844665899262,-2.0,True
8479410,2026-10-03,2026-10-04,2026020027,2026020036,10,10,2026020027,2025021203,"[{""game_id"":2026020027,""game_date"":""2026-10-03"",""sog"":4.0,""toi"":22.02,""sog_per60"":10.8991825613079}]","[{""game_id"":2025021203,""game_date"":""2026-04-02"",""sog"":4.0,""toi"":23.38,""sog_per60"":10.26518391787853}]",1,1,4.0,22.02,4.0,23.38,9,6.387421692666749,6.423189360563264,0.035767667896515754,0.035767667896515754,0.0,0.03576766789651634,0.0,True
8479410,2026-10-04,2026-10-06,2026020036,2026020047,10,10,2026020036,2025021216,"[{""game_id"":2026020036,""game_date"":""2026-10-04"",""sog"":3.0,""toi"":23.85,""sog_per60"":7.547169811320755}]","[{""game_id"":2025021216,""game_date"":""2026-04-04"",""sog"":3.0,""toi"":25.02,""sog_per60"":7.194244604316547}]",1,1,3.0,23.85,3.0,25.02,9,6.423189360563264,6.454282167976831,0.031092807413566348,0.031092807413566348,0.0,0.031092807413565793,0.0,True
8479410,2026-10-06,2026-10-08,2026020047,2026020056,10,10,2026020047,2025021241,"[{""game_id"":2026020047,""game_date"":""2026-10-06"",""sog"":2.0,""toi"":15.07,""sog_per60"":7.962840079628401}]","[{""game_id"":2025021241,""game_date"":""2026-04-07"",""sog"":3.0,""toi"":25.57,""sog_per60"":7.039499413375049}]",1,1,2.0,15.07,3.0,25.57,9,6.454282167976831,6.487889273356401,0.0336071053795699,0.03360710537957079,-0.25387859638975935,0.2874857017693294,-1.0,True
8479420,2026-10-03,2026-10-06,2026020022,2026020049,10,10,2026020022,2025021179,"[{""game_id"":2026020022,""game_date"":""2026-10-03"",""sog"":4.0,""toi"":19.68,""sog_per60"":12.195121951219512}]","[{""game_id"":2025021179,""game_date"":""2026-03-31"",""sog"":3.0,""toi"":21.52,""sog_per60"":8.364312267657994}]",1,1,4.0,19.68,3.0,21.52,9,10.491177873152123,10.915511798384076,0.42433392523195224,0.424333925231954,0.3194794728314825,0.10485445240047023,1.0,True
8479420,2026-10-06,2026-10-08,2026020049,2026020057,10,10,2026020049,2025021191,"[{""game_id"":2026020049,""game_date"":""2026-10-06"",""sog"":9.0,""toi"":20.38,""sog_per60"":26.496565260058883}]","[{""game_id"":2025021191,""game_date"":""2026-04-02"",""sog"":2.0,""toi"":17.2,""sog_per60"":6.976744186046512}]",1,1,9.0,20.38,2.0,17.2,9,10.915511798384076,12.942600094701953,2.027088296317878,2.027088296317876,2.228511731949532,-0.20142343563165233,7.0,True
8479425,2026-10-03,2026-10-04,2026020033,2026020039,10,10,2026020033,2025021216,"[{""game_id"":2026020033,""game_date"":""2026-10-03"",""sog"":1.0,""toi"":28.87,""sog_per60"":2.0782819535850363}]","[{""game_id"":2025021216,""game_date"":""2026-04-04"",""sog"":3.0,""toi"":26.98,""sog_per60"":6.6716085989621945}]",1,1,1.0,28.87,3.0,26.98,9,5.33374560352491,4.834625124702632,-0.4991204788222774,-0.4991204788222783,-0.46212222679541126,-0.036998252026865935,-2.0,True
8479425,2026-10-04,2026-10-08,2026020039,2026020061,10,10,2026020039,2025021242,"[{""game_id"":2026020039,""game_date"":""2026-10-04"",""sog"":1.0,""toi"":26.42,""sog_per60"":2.271006813020439}]","[{""game_id"":2025021242,""game_date"":""2026-04-07"",""sog"":2.0,""toi"":26.88,""sog_per60"":4.464285714285714}]",1,1,1.0,26.42,2.0,26.88,9,4.834625124702632,4.612546125461254,-0.2220789992413783,-0.22207899924137742,-0.23042377515326068,0.008344775911882417,-1.0,True
8479442,2026-10-03,2026-10-06,2026020023,2026020044,10,10,2026020023,2025021176,"[{""game_id"":2026020023,""game_date"":""2026-10-03"",""sog"":2.0,""toi"":18.17,""sog_per60"":6.604292790313703}]","[{""game_id"":2025021176,""game_date"":""2026-03-30"",""sog"":0.0,""toi"":20.1,""sog_per60"":0.0}]",1,1,2.0,18.17,0.0,20.1,9,2.149437052200614,2.791130407815165,0.6416933556145512,0.6416933556145508,0.6171880368970108,0.02450531871754036,2.0,True
8479442,2026-10-06,2026-10-08,2026020044,2026020065,10,10,2026020044,2025021217,"[{""game_id"":2026020044,""game_date"":""2026-10-06"",""sog"":1.0,""toi"":17.33,""sog_per60"":3.4622042700519335}]","[{""game_id"":2025021217,""game_date"":""2026-04-04"",""sog"":0.0,""toi"":21.17,""sog_per60"":0.0}]",1,1,1.0,17.33,0.0,21.17,9,2.791130407815165,3.1640563202025,0.37292591238733497,0.3729259123873345,0.31326561644430084,0.05966029594303403,1.0,True
8479520,2026-10-03,2026-10-06,2026020023,2026020044,10,10,2026020023,2025021213,"[{""game_id"":2026020023,""game_date"":""2026-10-03"",""sog"":0.0,""toi"":9.85,""sog_per60"":0.0}]","[{""game_id"":2025021213,""game_date"":""2026-04-04"",""sog"":0.0,""toi"":11.72,""sog_per60"":0.0}]",1,1,0.0,9.85,0.0,11.72,9,4.301417874780946,4.366459125090968,0.0650412503100215,0.0650412503100215,0.0,0.06504125031002145,0.0,True
8479520,2026-10-06,2026-10-08,2026020044,2026020065,10,10,2026020044,2025021227,"[{""game_id"":2026020044,""game_date"":""2026-10-06"",""sog"":1.0,""toi"":11.37,""sog_per60"":5.277044854881267}]","[{""game_id"":2025021227,""game_date"":""2026-04-05"",""sog"":2.0,""toi"":13.48,""sog_per60"":8.90207715133531}]",1,1,1.0,11.37,2.0,13.48,9,4.366459125090968,3.948667324777887,-0.4177918003130805,-0.4177918003130796,-0.4893727703036717,0.07158096999059116,-1.0,True
8479525,2026-10-03,2026-10-06,2026020030,2026020044,10,10,2026020030,2025021209,"[{""game_id"":2026020030,""game_date"":""2026-10-03"",""sog"":0.0,""toi"":15.32,""sog_per60"":0.0}]","[{""game_id"":2025021209,""game_date"":""2026-04-04"",""sog"":1.0,""toi"":7.82,""sog_per60"":7.672634271099745}]",1,1,0.0,15.32,1.0,7.82,9,7.892340382474957,6.771372143327378,-1.1209682391475795,-1.1209682391475804,-0.5856920591440878,-0.5352761800034916,-1.0,True
8479525,2026-10-06,2026-10-08,2026020044,2026020058,10,10,2026020044,2025021228,"[{""game_id"":2026020044,""game_date"":""2026-10-06"",""sog"":2.0,""toi"":12.87,""sog_per60"":9.324009324009324}]","[{""game_id"":2025021228,""game_date"":""2026-04-05"",""sog"":4.0,""toi"":11.93,""sog_per60"":20.117351215423305}]",1,1,2.0,12.87,4.0,11.93,9,6.771372143327378,5.593362543115503,-1.1780096002118752,-1.1780096002118743,-1.1236172662554984,-0.054392333956376354,-2.0,True
8479542,2026-10-03,2026-10-05,2026020024,2026020040,10,10,2026020024,2025021127,"[{""game_id"":2026020024,""game_date"":""2026-10-03"",""sog"":6.0,""toi"":22.12,""sog_per60"":16.274864376130196}]","[{""game_id"":2025021127,""game_date"":""2026-03-24"",""sog"":2.0,""toi"":18.82,""sog_per60"":6.376195536663125}]",1,1,6.0,22.12,2.0,18.82,9,10.920063221418653,11.881748314394834,0.9616850929761807,0.9616850929761824,1.1405377083290564,-0.1788526153528744,4.0,True
8479542,2026-10-05,2026-10-08,2026020040,2026020060,10,10,2026020040,2025021139,"[{""game_id"":2026020040,""game_date"":""2026-10-05"",""sog"":8.0,""toi"":20.18,""sog_per60"":23.785926660059463}]","[{""game_id"":2025021139,""game_date"":""2026-03-26"",""sog"":5.0,""toi"":22.15,""sog_per60"":13.544018058690746}]",1,1,8.0,20.18,5.0,22.15,9,11.881748314394834,12.849800114220447,0.9680517998256128,0.9680517998256128,0.8526748245595446,0.11537697526606865,3.0,True
8479576,2026-10-03,2026-10-07,2026020024,2026020053,10,10,2026020024,2025021220,"[{""game_id"":2026020024,""game_date"":""2026-10-03"",""sog"":1.0,""toi"":15.42,""sog_per60"":3.891050583657588}]","[{""game_id"":2025021220,""game_date"":""2026-04-04"",""sog"":1.0,""toi"":20.73,""sog_per60"":2.894356005788712}]",1,1,1.0,15.42,1.0,20.73,9,2.0430002918571843,2.097168822090178,0.05416853023299373,0.05416853023299373,0.0,0.05416853023299358,0.0,True
8479619,2026-10-03,2026-10-04,2026020027,2026020036,10,10,2026020027,2025021203,"[{""game_id"":2026020027,""game_date"":""2026-10-03"",""sog"":3.0,""toi"":13.05,""sog_per60"":13.79310344827586}]","[{""game_id"":2025021203,""game_date"":""2026-04-02"",""sog"":3.0,""toi"":15.05,""sog_per60"":11.960132890365449}]",1,1,3.0,13.05,3.0,15.05,9,6.5478355765732985,6.64451827242525,0.09668269585195155,0.09668269585194977,0.0,0.09668269585195143,0.0,True
8479619,2026-10-04,2026-10-06,2026020036,2026020047,10,10,2026020036,2025021216,"[{""game_id"":2026020036,""game_date"":""2026-10-04"",""sog"":2.0,""toi"":12.72,""sog_per60"":9.433962264150942}]","[{""game_id"":2025021216,""game_date"":""2026-04-04"",""sog"":1.0,""toi"":12.88,""sog_per60"":4.658385093167701}]",1,1,2.0,12.72,1.0,12.88,9,6.64451827242525,7.095868135117156,0.4513498626919059,0.4513498626919068,0.44322982163658614,0.008120041055320725,1.0,True
8479619,2026-10-06,2026-10-08,2026020047,2026020056,10,10,2026020047,2025021241,"[{""game_id"":2026020047,""game_date"":""2026-10-06"",""sog"":3.0,""toi"":10.83,""sog_per60"":16.62049861495845}]","[{""game_id"":2025021241,""game_date"":""2026-04-07"",""sog"":1.0,""toi"":15.18,""sog_per60"":3.9525691699604746}]",1,1,3.0,10.83,1.0,15.18,9,7.095868135117156,8.248052543149534,1.1521844080323778,1.1521844080323778,0.9017168997309075,0.25046750830147013,2.0,True
8479661,2026-10-03,2026-10-05,2026020031,2026020041,10,10,2026020031,2025021193,"[{""game_id"":2026020031,""game_date"":""2026-10-03"",""sog"":1.0,""toi"":8.17,""sog_per60"":7.343941248470012}]","[{""game_id"":2025021193,""game_date"":""2026-04-02"",""sog"":1.0,""toi"":12.7,""sog_per60"":4.724409448818897}]",1,1,1.0,8.17,1.0,12.7,9,1.996173999833652,2.0743301642178045,0.0781561643841524,0.0781561643841524,0.0,0.07815616438415218,0.0,True
8479661,2026-10-05,2026-10-08,2026020041,2026020056,10,10,2026020041,2025021210,"[{""game_id"":2026020041,""game_date"":""2026-10-05"",""sog"":1.0,""toi"":10.78,""sog_per60"":5.565862708719852}]","[{""game_id"":2025021210,""game_date"":""2026-04-04"",""sog"":0.0,""toi"":11.47,""sog_per60"":0.0}]",1,1,1.0,10.78,0.0,11.47,9,2.0743301642178045,2.6084688287974958,0.5341386645796913,0.5341386645796917,0.5201381534069751,0.014000511172716258,1.0,True
8479675,2026-10-03,2026-10-06,2026020034,2026020052,10,10,2026020034,2025021204,"[{""game_id"":2026020034,""game_date"":""2026-10-03"",""sog"":2.0,""toi"":16.12,""sog_per60"":7.444168734491314}]","[{""game_id"":2025021204,""game_date"":""2026-04-02"",""sog"":1.0,""toi"":19.2,""sog_per60"":3.125}]",1,1,2.0,16.12,1.0,19.2,9,7.380527707731104,7.899191273274403,0.5186635655432994,0.5186635655433003,0.3725891753902872,0.14607439015301266,1.0,True
8479705,2026-10-03,2026-10-05,2026020024,2026020040,10,10,2026020024,2025021190,"[{""game_id"":2026020024,""game_date"":""2026-10-03"",""sog"":1.0,""toi"":7.57,""sog_per60"":7.926023778071333}]","[{""game_id"":2025021190,""game_date"":""2026-04-01"",""sog"":0.0,""toi"":13.4,""sog_per60"":0.0}]",1,1,1.0,7.57,0.0,13.4,9,6.832515767344079,7.754084741068957,0.9215689737248782,0.9215689737248773,0.5397206658700922,0.3818483078547868,1.0,True
8479705,2026-10-05,2026-10-08,2026020040,2026020060,10,10,2026020040,2025021206,"[{""game_id"":2026020040,""game_date"":""2026-10-05"",""sog"":1.0,""toi"":8.82,""sog_per60"":6.802721088435374}]","[{""game_id"":2025021206,""game_date"":""2026-04-03"",""sog"":2.0,""toi"":10.95,""sog_per60"":10.958904109589042}]",1,1,1.0,8.82,2.0,10.95,9,7.754084741068957,7.344632768361583,-0.409451972707374,-0.409451972707374,-0.5594174736015346,0.14996550089416014,-1.0,True
8479941,2026-10-06,2026-10-08,2026020049,2026020057,10,10,2026020049,2024021270,"[{""game_id"":2026020049,""game_date"":""2026-10-06"",""sog"":0.0,""toi"":8.28,""sog_per60"":0.0}]","[{""game_id"":2024021270,""game_date"":""2025-04-12"",""sog"":4.0,""toi"":15.15,""sog_per60"":15.84158415841584}]",1,1,0.0,8.28,4.0,15.15,9,5.763262893453525,4.203315949248852,-1.5599469442046727,-1.5599469442046727,-1.82072604070627,0.2607790965015976,-4.0,True
8479980,2026-10-03,2026-10-06,2026020030,2026020044,10,10,2026020030,2025021113,"[{""game_id"":2026020030,""game_date"":""2026-10-03"",""sog"":0.0,""toi"":21.0,""sog_per60"":0.0}]","[{""game_id"":2025021113,""game_date"":""2026-03-22"",""sog"":2.0,""toi"":20.25,""sog_per60"":5.925925925925926}]",1,1,0.0,21.0,2.0,20.25,9,4.15748031496063,3.385579937304075,-0.7719003776565545,-0.7719003776565545,-0.7541283044948535,-0.017772073161701277,-2.0,True
8479980,2026-10-06,2026-10-08,2026020044,2026020058,10,10,2026020044,2025021129,"[{""game_id"":2026020044,""game_date"":""2026-10-06"",""sog"":1.0,""toi"":19.2,""sog_per60"":3.125}]","[{""game_id"":2025021129,""game_date"":""2026-03-24"",""sog"":1.0,""toi"":23.62,""sog_per60"":2.5402201524132093}]",1,1,1.0,19.2,1.0,23.62,9,3.385579937304075,3.482073768377612,0.09649383107353682,0.09649383107353637,0.0,0.09649383107353679,0.0,True
8479983,2026-10-04,2026-10-05,2026020035,2026020042,10,10,2026020035,2025021220,"[{""game_id"":2026020035,""game_date"":""2026-10-04"",""sog"":0.0,""toi"":20.28,""sog_per60"":0.0}]","[{""game_id"":2025021220,""game_date"":""2026-04-04"",""sog"":0.0,""toi"":16.57,""sog_per60"":0.0}]",1,1,0.0,20.28,0.0,16.57,9,4.0201005025125625,3.949967083607637,-0.07013341890492564,-0.07013341890492564,0.0,-0.07013341890492536,0.0,True
8479983,2026-10-05,2026-10-07,2026020042,2026020054,10,10,2026020042,2025021231,"[{""game_id"":2026020042,""game_date"":""2026-10-05"",""sog"":2.0,""toi"":16.88,""sog_per60"":7.109004739336493}]","[{""game_id"":2025021231,""game_date"":""2026-04-06"",""sog"":2.0,""toi"":21.85,""sog_per60"":5.491990846681922}]",1,1,2.0,16.88,2.0,21.85,9,3.949967083607637,4.044489383215369,0.0945222996077324,0.0945222996077324,0.0,0.09452229960773234,0.0,True
8479985,2026-10-03,2026-10-06,2026020028,2026020051,10,10,2026020028,2025020735,"[{""game_id"":2026020028,""game_date"":""2026-10-03"",""sog"":2.0,""toi"":13.78,""sog_per60"":8.708272859216255}]","[{""game_id"":2025020735,""game_date"":""2026-01-14"",""sog"":1.0,""toi"":21.38,""sog_per60"":2.8063610851262863}]",1,1,2.0,13.78,1.0,21.38,9,3.2962505150391435,3.9124764526880167,0.6162259376488732,0.6162259376488728,0.4233754601170585,0.192850477531815,1.0,True
8479987,2026-10-03,2026-10-05,2026020031,2026020041,10,10,2026020031,2025021210,"[{""game_id"":2026020031,""game_date"":""2026-10-03"",""sog"":1.0,""toi"":18.75,""sog_per60"":3.2}]","[{""game_id"":2025021210,""game_date"":""2026-04-04"",""sog"":2.0,""toi"":17.48,""sog_per60"":6.864988558352402}]",1,1,1.0,18.75,2.0,17.48,9,6.239168110918545,5.849630096920341,-0.3895380139982034,-0.38953801399820254,-0.3453581693303618,-0.044179844667841056,-1.0,True
8479987,2026-10-05,2026-10-08,2026020041,2026020056,10,10,2026020041,2025021224,"[{""game_id"":2026020041,""game_date"":""2026-10-05"",""sog"":3.0,""toi"":20.97,""sog_per60"":8.583690987124465}]","[{""game_id"":2025021224,""game_date"":""2026-04-05"",""sog"":2.0,""toi"":18.95,""sog_per60"":6.33245382585752}]",1,1,3.0,20.97,2.0,18.95,9,5.849630096920341,6.122796076875106,0.273165979954765,0.273165979954765,0.3421256128291551,-0.0689596328743903,1.0,True
8479992,2026-10-04,2026-10-06,2026020035,2026020046,10,10,2026020035,2025020983,"[{""game_id"":2026020035,""game_date"":""2026-10-04"",""sog"":4.0,""toi"":16.15,""sog_per60"":14.860681114551085}]","[{""game_id"":2025020983,""game_date"":""2026-03-06"",""sog"":0.0,""toi"":7.72,""sog_per60"":0.0}]",1,1,4.0,16.15,0.0,7.72,9,5.141388174807198,6.578947368421053,1.437559193613855,1.437559193613854,1.8119908324210856,-0.3744316388072293,4.0,True
8479996,2026-10-03,2026-10-06,2026020029,2026020047,10,10,2026020029,2025021212,"[{""game_id"":2026020029,""game_date"":""2026-10-03"",""sog"":1.0,""toi"":11.67,""sog_per60"":5.141388174807197}]","[{""game_id"":2025021212,""game_date"":""2026-04-04"",""sog"":1.0,""toi"":12.72,""sog_per60"":4.716981132075471}]",1,1,1.0,11.67,1.0,12.72,9,5.310517775483109,5.351966104214673,0.041448328731564565,0.04144832873156368,0.0,0.04144832873156437,0.0,True
8479998,2026-10-03,2026-10-06,2026020034,2026020052,10,10,2026020034,2025021204,"[{""game_id"":2026020034,""game_date"":""2026-10-03"",""sog"":1.0,""toi"":16.42,""sog_per60"":3.6540803897685743}]","[{""game_id"":2025021204,""game_date"":""2026-04-02"",""sog"":1.0,""toi"":21.87,""sog_per60"":2.743484224965706}]",1,1,1.0,16.42,1.0,21.87,9,1.6545638385881056,1.6970725498515062,0.04250871126340061,0.04250871126340061,0.0,0.04250871126340053,0.0,True
8479999,2026-10-03,2026-10-05,2026020031,2026020041,10,10,2026020031,2025021193,"[{""game_id"":2026020031,""game_date"":""2026-10-03"",""sog"":1.0,""toi"":17.3,""sog_per60"":3.468208092485549}]","[{""game_id"":2025021193,""game_date"":""2026-04-02"",""sog"":0.0,""toi"":14.1,""sog_per60"":0.0}]",1,1,1.0,17.3,0.0,14.1,9,3.960657469139877,4.266597711552136,0.30594024241225926,0.30594024241225926,0.3919691330730001,-0.08602889066074072,1.0,True
8479999,2026-10-05,2026-10-08,2026020041,2026020056,10,10,2026020041,2025021210,"[{""game_id"":2026020041,""game_date"":""2026-10-05"",""sog"":0.0,""toi"":12.93,""sog_per60"":0.0}]","[{""game_id"":2025021210,""game_date"":""2026-04-04"",""sog"":1.0,""toi"":16.3,""sog_per60"":3.6809815950920246}]",1,1,0.0,12.93,1.0,16.3,9,4.266597711552136,3.9651070578905623,-0.301490653661574,-0.3014906536615731,-0.3921916125105343,0.09070095884896029,-1.0,True
8480002,2026-10-03,2026-10-06,2026020029,2026020047,10,10,2026020029,2025021212,"[{""game_id"":2026020029,""game_date"":""2026-10-03"",""sog"":3.0,""toi"":19.32,""sog_per60"":9.316770186335402}]","[{""game_id"":2025021212,""game_date"":""2026-04-04"",""sog"":3.0,""toi"":23.78,""sog_per60"":7.569386038687973}]",1,1,3.0,19.32,3.0,23.78,9,7.948639559767655,8.13347236704901,0.18483280728135387,0.18483280728135387,0.0,0.18483280728135343,0.0,True
8480009,2026-10-04,2026-10-06,2026020036,2026020048,10,10,2026020036,2025021230,"[{""game_id"":2026020036,""game_date"":""2026-10-04"",""sog"":2.0,""toi"":14.25,""sog_per60"":8.421052631578947}]","[{""game_id"":2025021230,""game_date"":""2026-04-06"",""sog"":4.0,""toi"":17.1,""sog_per60"":14.035087719298245}]",1,1,2.0,14.25,4.0,17.1,9,8.435259384226066,7.746933505487411,-0.688325878738655,-0.6883258787386533,-0.8521481639606039,0.16382228522195055,-2.0,True
8480012,2026-10-03,2026-10-04,2026020033,2026020039,10,10,2026020033,2025020792,"[{""game_id"":2026020033,""game_date"":""2026-10-03"",""sog"":1.0,""toi"":22.4,""sog_per60"":2.678571428571429}]","[{""game_id"":2025020792,""game_date"":""2026-01-21"",""sog"":1.0,""toi"":19.33,""sog_per60"":3.103983445421625}]",1,1,1.0,22.4,1.0,19.33,9,3.2862306933946765,3.2318879612173443,-0.05434273217733221,-0.054342732177331765,0.0,-0.05434273217733224,0.0,True
8480012,2026-10-04,2026-10-08,2026020039,2026020061,10,10,2026020039,2025020807,"[{""game_id"":2026020039,""game_date"":""2026-10-04"",""sog"":3.0,""toi"":20.48,""sog_per60"":8.7890625}]","[{""game_id"":2025020807,""game_date"":""2026-01-23"",""sog"":0.0,""toi"":14.3,""sog_per60"":0.0}]",1,1,3.0,20.48,0.0,14.3,9,3.2318879612173443,4.066100192879111,0.8342122316617671,0.8342122316617671,0.9539486010532683,-0.11973636939150117,3.0,True
8480014,2026-10-04,2026-10-05,2026020035,2026020042,10,10,2026020035,2025021198,"[{""game_id"":2026020035,""game_date"":""2026-10-04"",""sog"":2.0,""toi"":14.68,""sog_per60"":8.174386920980927}]","[{""game_id"":2025021198,""game_date"":""2026-04-02"",""sog"":1.0,""toi"":23.05,""sog_per60"":2.6030368763557483}]",1,1,2.0,14.68,1.0,23.05,9,6.096184240234817,6.753954618164582,0.657770377929765,0.6577703779297668,0.34707409896407015,0.3106962789656947,1.0,True
8480014,2026-10-05,2026-10-07,2026020042,2026020054,10,10,2026020042,2025021215,"[{""game_id"":2026020042,""game_date"":""2026-10-05"",""sog"":3.0,""toi"":14.35,""sog_per60"":12.54355400696864}]","[{""game_id"":2025021215,""game_date"":""2026-04-04"",""sog"":3.0,""toi"":17.5,""sog_per60"":10.285714285714286}]",1,1,3.0,14.35,3.0,17.5,9,6.753954618164582,6.882395556628834,0.12844093846425242,0.12844093846425064,0.0,0.12844093846425178,0.0,True
8480015,2026-10-03,2026-10-05,2026020025,2026020040,10,10,2026020025,2025021205,"[{""game_id"":2026020025,""game_date"":""2026-10-03"",""sog"":3.0,""toi"":17.78,""sog_per60"":10.123734533183352}]","[{""game_id"":2025021205,""game_date"":""2026-04-03"",""sog"":3.0,""toi"":17.55,""sog_per60"":10.256410256410255}]",1,1,3.0,17.78,3.0,17.55,9,7.81783210274865,7.806691449814126,-0.011140652934523487,-0.011140652934524375,0.0,-0.01114065293452383,0.0,True
8480015,2026-10-05,2026-10-08,2026020040,2026020059,10,10,2026020040,2025021224,"[{""game_id"":2026020040,""game_date"":""2026-10-05"",""sog"":0.0,""toi"":13.97,""sog_per60"":0.0}]","[{""game_id"":2025021224,""game_date"":""2026-04-05"",""sog"":2.0,""toi"":17.03,""sog_per60"":7.046388725778038}]",1,1,0.0,13.97,2.0,17.03,9,7.806691449814126,7.199696854869268,-0.6069945949448581,-0.6069945949448572,-0.7506786253100829,0.14368403036522615,-2.0,True
8480018,2026-10-03,2026-10-06,2026020026,2026020045,10,10,2026020026,2025021226,"[{""game_id"":2026020026,""game_date"":""2026-10-03"",""sog"":4.0,""toi"":22.72,""sog_per60"":10.563380281690142}]","[{""game_id"":2025021226,""game_date"":""2026-04-05"",""sog"":1.0,""toi"":21.7,""sog_per60"":2.7649769585253456}]",1,1,4.0,22.72,1.0,21.7,9,6.637168141592921,7.589924100758993,0.9527559591660717,0.9527559591660717,0.9927826606689686,-0.04002670150289691,3.0,True
8480018,2026-10-06,2026-10-08,2026020045,2026020058,10,10,2026020045,2025021233,"[{""game_id"":2026020045,""game_date"":""2026-10-06"",""sog"":2.0,""toi"":21.82,""sog_per60"":5.499541704857928}]","[{""game_id"":2025021233,""game_date"":""2026-04-07"",""sog"":3.0,""toi"":19.45,""sog_per60"":9.254498714652955}]",1,1,2.0,21.82,3.0,19.45,9,7.589924100758993,7.166512840002172,-0.42341126075682123,-0.42341126075682034,-0.327873641834731,-0.0955376189220899,-1.0,True
8480023,2026-10-03,2026-10-06,2026020032,2026020050,10,10,2026020032,2025021206,"[{""game_id"":2026020032,""game_date"":""2026-10-03"",""sog"":0.0,""toi"":16.5,""sog_per60"":0.0}]","[{""game_id"":2025021206,""game_date"":""2026-04-03"",""sog"":1.0,""toi"":18.33,""sog_per60"":3.273322422258593}]",1,1,0.0,16.5,1.0,18.33,9,4.376793269464573,4.121687929342493,-0.2551053401220793,-0.2551053401220802,-0.29309624931581285,0.037990909193733644,-1.0,True
8480023,2026-10-06,2026-10-08,2026020050,2026020063,10,10,2026020050,2025021228,"[{""game_id"":2026020050,""game_date"":""2026-10-06"",""sog"":3.0,""toi"":20.52,""sog_per60"":8.771929824561402}]","[{""game_id"":2025021228,""game_date"":""2026-04-05"",""sog"":5.0,""toi"":20.22,""sog_per60"":14.83679525222552}]",1,1,3.0,20.52,5.0,20.22,9,4.121687929342493,3.5276825085742285,-0.5940054207682648,-0.5940054207682639,-0.5883798230485066,-0.005625597719758017,-2.0,True
8480027,2026-10-03,2026-10-05,2026020030,2026020043,10,10,2026020030,2025021198,"[{""game_id"":2026020030,""game_date"":""2026-10-03"",""sog"":1.0,""toi"":18.83,""sog_per60"":3.186404673393521}]","[{""game_id"":2025021198,""game_date"":""2026-04-02"",""sog"":4.0,""toi"":22.85,""sog_per60"":10.50328227571116}]",1,1,1.0,18.83,4.0,22.85,9,8.839127872716558,8.11541929666366,-0.7237085760528981,-0.7237085760528963,-0.8928130212282536,0.16910444517535594,-3.0,True
8480027,2026-10-05,2026-10-08,2026020043,2026020057,10,10,2026020043,2025021209,"[{""game_id"":2026020043,""game_date"":""2026-10-05"",""sog"":4.0,""toi"":17.77,""sog_per60"":13.505908835115363}]","[{""game_id"":2025021209,""game_date"":""2026-04-04"",""sog"":4.0,""toi"":24.87,""sog_per60"":9.650180940892644}]",1,1,4.0,17.77,4.0,24.87,9,8.11541929666366,8.414710159983379,0.2992908633197189,0.2992908633197171,0.0,0.29929086331971877,0.0,True
8480028,2026-10-03,2026-10-04,2026020033,2026020038,10,10,2026020033,2025021201,"[{""game_id"":2026020033,""game_date"":""2026-10-03"",""sog"":3.0,""toi"":15.8,""sog_per60"":11.392405063291138}]","[{""game_id"":2025021201,""game_date"":""2026-04-02"",""sog"":1.0,""toi"":15.72,""sog_per60"":3.816793893129771}]",1,1,3.0,15.8,1.0,15.72,9,7.8460676256304875,8.5890334225431,0.7429657969126122,0.7429657969126131,0.7470585036499096,-0.004092706737296968,2.0,True
8480028,2026-10-04,2026-10-08,2026020038,2026020064,10,10,2026020038,2025021219,"[{""game_id"":2026020038,""game_date"":""2026-10-04"",""sog"":3.0,""toi"":17.85,""sog_per60"":10.084033613445378}]","[{""game_id"":2025021219,""game_date"":""2026-04-04"",""sog"":5.0,""toi"":15.53,""sog_per60"":19.31745009658725}]",1,1,3.0,17.85,5.0,15.53,9,8.5890334225431,7.730535615681944,-0.8584978068611555,-0.8584978068611582,-0.7415569793666457,-0.11694082749450996,-2.0,True
8480029,2026-10-03,2026-10-07,2026020028,2026020055,4,5,2026020028,,"[{""game_id"":2026020028,""game_date"":""2026-10-03"",""sog"":2.0,""toi"":14.05,""sog_per60"":8.540925266903914}]",[],1,0,2.0,14.05,0.0,0.0,4,7.8817733990147785,8.005336891260841,0.12356349224606245,0.12356349224606156,1.7857553640029313,-1.6621918717568698,2.0,True
8480036,2026-10-03,2026-10-05,2026020030,2026020043,10,10,2026020030,2025021156,"[{""game_id"":2026020030,""game_date"":""2026-10-03"",""sog"":5.0,""toi"":24.58,""sog_per60"":12.205044751830757}]","[{""game_id"":2025021156,""game_date"":""2026-03-28"",""sog"":2.0,""toi"":25.63,""sog_per60"":4.682013265704253}]",1,1,5.0,24.58,2.0,25.63,9,2.579203026264884,3.368166508334053,0.7889634820691689,0.7889634820691689,0.7755150510552002,0.013448431013968806,3.0,True
8480036,2026-10-05,2026-10-08,2026020043,2026020057,10,10,2026020043,2025021172,"[{""game_id"":2026020043,""game_date"":""2026-10-05"",""sog"":2.0,""toi"":20.62,""sog_per60"":5.819592628516004}]","[{""game_id"":2025021172,""game_date"":""2026-03-29"",""sog"":0.0,""toi"":24.12,""sog_per60"":0.0}]",1,1,2.0,20.62,0.0,24.12,9,3.368166508334053,3.9459838653104176,0.5778173569763645,0.5778173569763645,0.5221553224310063,0.05566203454535835,2.0,True
8480039,2026-10-03,2026-10-07,2026020032,2026020054,10,10,2026020032,2025021209,"[{""game_id"":2026020032,""game_date"":""2026-10-03"",""sog"":4.0,""toi"":19.35,""sog_per60"":12.403100775193796}]","[{""game_id"":2025021209,""game_date"":""2026-04-04"",""sog"":3.0,""toi"":21.32,""sog_per60"":8.442776735459661}]",1,1,4.0,19.35,3.0,21.32,9,9.419152276295135,9.796388782174414,0.3772365058792797,0.37723650587928326,0.28677896934304375,0.0904575365362372,1.0,True
8480039,2026-10-07,2026-10-08,2026020054,2026020064,10,10,2026020054,2025021228,"[{""game_id"":2026020054,""game_date"":""2026-10-07"",""sog"":3.0,""toi"":20.55,""sog_per60"":8.75912408759124}]","[{""game_id"":2025021228,""game_date"":""2026-04-05"",""sog"":4.0,""toi"":21.93,""sog_per60"":10.94391244870041}]",1,1,3.0,20.55,4.0,21.93,9,9.796388782174414,9.571690998743112,-0.22469778343130287,-0.22469778343130287,-0.28909016210740707,0.06439237867610484,-1.0,True
8480043,2026-10-03,2026-10-07,2026020024,2026020053,10,10,2026020024,2025020881,"[{""game_id"":2026020024,""game_date"":""2026-10-03"",""sog"":1.0,""toi"":17.18,""sog_per60"":3.492433061699651}]","[{""game_id"":2025020881,""game_date"":""2026-02-02"",""sog"":2.0,""toi"":19.88,""sog_per60"":6.036217303822938}]",1,1,1.0,17.18,2.0,19.88,9,4.534861749700825,4.228871660152495,-0.30599008954833007,-0.3059900895483292,-0.38117401200204176,0.07518392245371211,-1.0,True
8480049,2026-10-04,2026-10-05,2026020035,2026020042,10,10,2026020035,2025021198,"[{""game_id"":2026020035,""game_date"":""2026-10-04"",""sog"":0.0,""toi"":19.83,""sog_per60"":0.0}]","[{""game_id"":2025021198,""game_date"":""2026-04-02"",""sog"":4.0,""toi"":22.12,""sog_per60"":10.8499095840868}]",1,1,0.0,19.83,4.0,22.12,9,3.7348272642390286,2.695175635612254,-1.0396516286267747,-1.0396516286267747,-1.0725818791565978,0.03293025052982304,-4.0,True
8480049,2026-10-05,2026-10-07,2026020042,2026020054,10,10,2026020042,2025021215,"[{""game_id"":2026020042,""game_date"":""2026-10-05"",""sog"":1.0,""toi"":21.05,""sog_per60"":2.850356294536817}]","[{""game_id"":2025021215,""game_date"":""2026-04-04"",""sog"":1.0,""toi"":25.13,""sog_per60"":2.38758456028651}]",1,1,1.0,21.05,1.0,25.13,9,2.695175635612254,2.7454928159604646,0.050317180348210755,0.050317180348210755,0.0,0.05031718034821074,0.0,True
8480064,2026-10-03,2026-10-06,2026020022,2026020049,10,10,2026020022,2025021191,"[{""game_id"":2026020022,""game_date"":""2026-10-03"",""sog"":1.0,""toi"":16.53,""sog_per60"":3.629764065335753}]","[{""game_id"":2025021191,""game_date"":""2026-04-02"",""sog"":1.0,""toi"":16.17,""sog_per60"":3.710575139146568}]",1,1,1.0,16.53,1.0,16.17,9,7.041335245794758,7.024847144529725,-0.01648810126503264,-0.01648810126503264,0.0,-0.01648810126503336,0.0,True
8480064,2026-10-06,2026-10-08,2026020049,2026020057,10,10,2026020049,2025021213,"[{""game_id"":2026020049,""game_date"":""2026-10-06"",""sog"":0.0,""toi"":16.73,""sog_per60"":0.0}]","[{""game_id"":2025021213,""game_date"":""2026-04-04"",""sog"":4.0,""toi"":15.8,""sog_per60"":15.189873417721516}]",1,1,0.0,16.73,4.0,15.8,9,7.024847144529725,5.430917437124199,-1.5939297074055263,-1.5939297074055254,-1.5563839197750138,-0.03754578763051214,-4.0,True
8480068,2026-10-04,2026-10-07,2026020037,2026020055,10,10,2026020037,2025021190,"[{""game_id"":2026020037,""game_date"":""2026-10-04"",""sog"":1.0,""toi"":14.92,""sog_per60"":4.021447721179625}]","[{""game_id"":2025021190,""game_date"":""2026-04-01"",""sog"":2.0,""toi"":16.62,""sog_per60"":7.220216606498195}]",1,1,1.0,14.92,2.0,16.62,9,6.24471475964353,5.919884233374992,-0.3248305262685385,-0.32483052626853937,-0.39247681068469337,0.06764628441615497,-1.0,True
8480069,2026-10-03,2026-10-07,2026020032,2026020054,10,10,2026020032,2025021080,"[{""game_id"":2026020032,""game_date"":""2026-10-03"",""sog"":3.0,""toi"":20.07,""sog_per60"":8.968609865470853}]","[{""game_id"":2025021080,""game_date"":""2026-03-18"",""sog"":4.0,""toi"":24.65,""sog_per60"":9.73630831643002}]",1,1,3.0,20.07,4.0,24.65,9,6.400955876077494,6.2674094707520895,-0.1335464053254043,-0.1335464053254043,-0.2585901481622184,0.1250437428368136,-1.0,True
8480069,2026-10-07,2026-10-08,2026020054,2026020064,10,10,2026020054,2025021096,"[{""game_id"":2026020054,""game_date"":""2026-10-07"",""sog"":4.0,""toi"":25.27,""sog_per60"":9.497427779976256}]","[{""game_id"":2025021096,""game_date"":""2026-03-20"",""sog"":4.0,""toi"":23.9,""sog_per60"":10.041841004184102}]",1,1,4.0,25.27,4.0,23.9,9,6.2674094707520895,6.230260026824731,-0.037149443927358305,-0.037149443927359194,0.0,-0.03714944392735814,0.0,True
8480074,2026-10-03,2026-10-06,2026020026,2026020045,10,10,2026020026,2025021121,"[{""game_id"":2026020026,""game_date"":""2026-10-03"",""sog"":1.0,""toi"":9.23,""sog_per60"":6.500541711809317}]","[{""game_id"":2025021121,""game_date"":""2026-03-24"",""sog"":0.0,""toi"":13.9,""sog_per60"":0.0}]",1,1,1.0,9.23,0.0,13.9,9,5.517471994649724,6.263592866463679,0.7461208718139547,0.7461208718139556,0.5117772176776407,0.23434365413631422,1.0,True
8480074,2026-10-06,2026-10-08,2026020045,2026020058,10,10,2026020045,2025021233,"[{""game_id"":2026020045,""game_date"":""2026-10-06"",""sog"":0.0,""toi"":11.83,""sog_per60"":0.0}]","[{""game_id"":2025021233,""game_date"":""2026-04-07"",""sog"":1.0,""toi"":16.3,""sog_per60"":3.6809815950920246}]",1,1,0.0,11.83,1.0,16.3,9,6.263592866463679,5.973931933381606,-0.2896609330820725,-0.28966093308207164,-0.532525396710908,0.24286446362883585,-1.0,True
8480075,2026-10-05,2026-10-06,2026020041,2026020046,10,10,2026020041,2023021130,"[{""game_id"":2026020041,""game_date"":""2026-10-05"",""sog"":0.0,""toi"":10.93,""sog_per60"":0.0}]","[{""game_id"":2023021130,""game_date"":""2024-03-24"",""sog"":0.0,""toi"":10.05,""sog_per60"":0.0}]",1,1,0.0,10.93,0.0,10.05,9,3.023975808193535,3.0049366816913503,-0.019039126502184534,-0.019039126502184534,0.0,-0.01903912650218432,0.0,True
8480113,2026-10-04,2026-10-05,2026020035,2026020042,10,10,2026020035,2025021162,"[{""game_id"":2026020035,""game_date"":""2026-10-04"",""sog"":1.0,""toi"":11.73,""sog_per60"":5.115089514066496}]","[{""game_id"":2025021162,""game_date"":""2026-03-28"",""sog"":1.0,""toi"":18.42,""sog_per60"":3.2573289902280127}]",1,1,1.0,11.73,1.0,18.42,9,7.006330280867801,7.306755544161004,0.30042526329320296,0.30042526329320385,0.0,0.30042526329320296,0.0,True
8480113,2026-10-05,2026-10-07,2026020042,2026020054,10,10,2026020042,2025021186,"[{""game_id"":2026020042,""game_date"":""2026-10-05"",""sog"":3.0,""toi"":10.4,""sog_per60"":17.307692307692307}]","[{""game_id"":2025021186,""game_date"":""2026-03-31"",""sog"":0.0,""toi"":16.3,""sog_per60"":0.0}]",1,1,3.0,10.4,0.0,16.3,9,7.306755544161004,8.792965627498,1.4862100833369967,1.4862100833369958,1.1763695056004932,0.30984057773650364,3.0,True
8480145,2026-10-04,2026-10-05,2026020035,2026020042,10,10,2026020035,2025021162,"[{""game_id"":2026020035,""game_date"":""2026-10-04"",""sog"":3.0,""toi"":23.88,""sog_per60"":7.537688442211056}]","[{""game_id"":2025021162,""game_date"":""2026-03-28"",""sog"":2.0,""toi"":25.07,""sog_per60"":4.786597526924611}]",1,1,3.0,23.88,2.0,25.07,9,3.388652359023373,3.6682824577492466,0.27963009872587374,0.27963009872587374,0.2613428708161193,0.018287227909754723,1.0,True
8480145,2026-10-05,2026-10-07,2026020042,2026020054,10,10,2026020042,2025021186,"[{""game_id"":2026020042,""game_date"":""2026-10-05"",""sog"":2.0,""toi"":20.07,""sog_per60"":5.979073243647235}]","[{""game_id"":2025021186,""game_date"":""2026-03-31"",""sog"":0.0,""toi"":22.92,""sog_per60"":0.0}]",1,1,2.0,20.07,0.0,22.92,9,3.6682824577492466,4.245157866808172,0.5768754090589252,0.5768754090589252,0.5273425422290283,0.04953286682989628,2.0,True
8480185,2026-10-04,2026-10-06,2026020037,2026020052,10,10,2026020037,2025021223,"[{""game_id"":2026020037,""game_date"":""2026-10-04"",""sog"":0.0,""toi"":16.2,""sog_per60"":0.0}]","[{""game_id"":2025021223,""game_date"":""2026-04-05"",""sog"":1.0,""toi"":16.98,""sog_per60"":3.5335689045936394}]",1,1,0.0,16.2,1.0,16.98,9,5.497861942577885,5.155904738521974,-0.34195720405591157,-0.34195720405591246,-0.3674015196998095,0.025444315643896875,-1.0,True
8480188,2026-10-03,2026-10-05,2026020023,2026020041,10,10,2026020023,2025021208,"[{""game_id"":2026020023,""game_date"":""2026-10-03"",""sog"":1.0,""toi"":12.1,""sog_per60"":4.958677685950414}]","[{""game_id"":2025021208,""game_date"":""2026-04-04"",""sog"":1.0,""toi"":9.65,""sog_per60"":6.217616580310881}]",1,1,1.0,12.1,1.0,9.65,9,7.03146128188948,6.879520197565708,-0.15194108432377185,-0.15194108432377185,0.0,-0.15194108432377282,0.0,True
8480188,2026-10-05,2026-10-06,2026020041,2026020046,10,10,2026020041,2025021225,"[{""game_id"":2026020041,""game_date"":""2026-10-05"",""sog"":2.0,""toi"":16.7,""sog_per60"":7.18562874251497}]","[{""game_id"":2025021225,""game_date"":""2026-04-05"",""sog"":0.0,""toi"":12.72,""sog_per60"":0.0}]",1,1,2.0,16.7,0.0,12.72,9,6.879520197565708,7.668711656441718,0.7891914588760098,0.7891914588760098,1.0404413051139896,-0.25124984623797897,2.0,True
8480188,2026-10-06,2026-10-08,2026020046,2026020059,10,10,2026020046,2025021234,"[{""game_id"":2026020046,""game_date"":""2026-10-06"",""sog"":0.0,""toi"":15.0,""sog_per60"":0.0}]","[{""game_id"":2025021234,""game_date"":""2026-04-07"",""sog"":2.0,""toi"":9.38,""sog_per60"":12.793176972281447}]",1,1,0.0,15.0,2.0,9.38,9,7.668711656441718,6.342494714587738,-1.3262169418539802,-1.3262169418539802,-0.9991316525772227,-0.3270852892767578,-2.0,True
8480208,2026-10-03,2026-10-05,2026020023,2026020041,10,10,2026020023,2025021208,"[{""game_id"":2026020023,""game_date"":""2026-10-03"",""sog"":2.0,""toi"":18.03,""sog_per60"":6.655574043261232}]","[{""game_id"":2025021208,""game_date"":""2026-04-04"",""sog"":1.0,""toi"":14.08,""sog_per60"":4.261363636363637}]",1,1,2.0,18.03,1.0,14.08,9,6.117870980898648,6.35509069244009,0.23721971154144228,0.23721971154144228,0.4025256168353744,-0.16530590529393258,1.0,True
8480208,2026-10-05,2026-10-06,2026020041,2026020046,10,10,2026020041,2025021225,"[{""game_id"":2026020041,""game_date"":""2026-10-05"",""sog"":2.0,""toi"":15.18,""sog_per60"":7.905138339920949}]","[{""game_id"":2025021225,""game_date"":""2026-04-05"",""sog"":2.0,""toi"":13.72,""sog_per60"":8.746355685131194}]",1,1,2.0,15.18,2.0,13.72,9,6.35509069244009,6.294256490952006,-0.06083420148808383,-0.06083420148808383,0.0,-0.06083420148808444,0.0,True
8480208,2026-10-06,2026-10-08,2026020046,2026020059,10,10,2026020046,2025021234,"[{""game_id"":2026020046,""game_date"":""2026-10-06"",""sog"":2.0,""toi"":17.12,""sog_per60"":7.009345794392523}]","[{""game_id"":2025021234,""game_date"":""2026-04-07"",""sog"":0.0,""toi"":17.28,""sog_per60"":0.0}]",1,1,2.0,17.12,0.0,17.28,9,6.294256490952006,7.0884746652664745,0.7942181743144685,0.7942181743144685,0.78719517875486,0.00702299555960911,2.0,True
8480220,2026-10-03,2026-10-05,2026020025,2026020040,10,10,2026020025,2025021224,"[{""game_id"":2026020025,""game_date"":""2026-10-03"",""sog"":0.0,""toi"":9.22,""sog_per60"":0.0}]","[{""game_id"":2025021224,""game_date"":""2026-04-05"",""sog"":4.0,""toi"":13.58,""sog_per60"":17.673048600883654}]",1,1,0.0,9.22,4.0,13.58,9,9.618595952174203,8.25593395252838,-1.3626619996458231,-1.3626619996458231,-1.6271430579340216,0.26448105828819835,-4.0,True
8480220,2026-10-05,2026-10-08,2026020040,2026020059,10,10,2026020040,2025021236,"[{""game_id"":2026020040,""game_date"":""2026-10-05"",""sog"":0.0,""toi"":11.2,""sog_per60"":0.0}]","[{""game_id"":2025021236,""game_date"":""2026-04-07"",""sog"":3.0,""toi"":13.42,""sog_per60"":13.412816691505215}]",1,1,0.0,11.2,3.0,13.42,9,8.25593395252838,7.126388597778244,-1.1295453547501362,-1.129545354750137,-1.2479940403612382,0.11844868561110228,-3.0,True
8480246,2026-10-03,2026-10-06,2026020030,2026020044,10,10,2026020030,2025021204,"[{""game_id"":2026020030,""game_date"":""2026-10-03"",""sog"":1.0,""toi"":18.65,""sog_per60"":3.2171581769436997}]","[{""game_id"":2025021204,""game_date"":""2026-04-02"",""sog"":1.0,""toi"":19.03,""sog_per60"":3.1529164477141354}]",1,1,1.0,18.65,1.0,19.03,9,2.4692809688988184,2.474809969948736,0.0055290010499176034,0.0055290010499176034,0.0,0.005529001049917499,0.0,True
8480246,2026-10-06,2026-10-08,2026020044,2026020058,10,10,2026020044,2025021220,"[{""game_id"":2026020044,""game_date"":""2026-10-06"",""sog"":1.0,""toi"":20.82,""sog_per60"":2.881844380403458}]","[{""game_id"":2025021220,""game_date"":""2026-04-04"",""sog"":1.0,""toi"":23.92,""sog_per60"":2.508361204013378}]",1,1,1.0,20.82,1.0,23.92,9,2.474809969948736,2.5208570914110795,0.046047121462343465,0.04604712146234391,0.0,0.04604712146234348,0.0,True
8480289,2026-10-04,2026-10-05,2026020035,2026020042,10,10,2026020035,2025021083,"[{""game_id"":2026020035,""game_date"":""2026-10-04"",""sog"":1.0,""toi"":17.77,""sog_per60"":3.376477208778841}]","[{""game_id"":2025021083,""game_date"":""2026-03-19"",""sog"":0.0,""toi"":11.5,""sog_per60"":0.0}]",1,1,1.0,17.77,0.0,11.5,9,5.082592121982211,5.272764145203813,0.19017202322160198,0.19017202322160198,0.41457329271863624,-0.22440126949703443,1.0,True
8480289,2026-10-05,2026-10-07,2026020042,2026020054,10,10,2026020042,2025021099,"[{""game_id"":2026020042,""game_date"":""2026-10-05"",""sog"":1.0,""toi"":15.92,""sog_per60"":3.7688442211055273}]","[{""game_id"":2025021099,""game_date"":""2026-03-21"",""sog"":1.0,""toi"":15.42,""sog_per60"":3.891050583657588}]",1,1,1.0,15.92,1.0,15.42,9,5.272764145203813,5.255002358013879,-0.01776178718993382,-0.017761787189934708,0.0,-0.017761787189933664,0.0,True
8480336,2026-10-03,2026-10-06,2026020025,2026020045,10,10,2026020025,2025021197,"[{""game_id"":2026020025,""game_date"":""2026-10-03"",""sog"":4.0,""toi"":24.17,""sog_per60"":9.929664873810507}]","[{""game_id"":2025021197,""game_date"":""2026-04-02"",""sog"":5.0,""toi"":22.85,""sog_per60"":13.12910284463895}]",1,1,4.0,24.17,5.0,22.85,9,6.002000666888963,5.680473372781064,-0.3215272941078995,-0.3215272941078986,-0.28491661210259717,-0.03661068200530266,-1.0,True
8480336,2026-10-06,2026-10-08,2026020045,2026020061,10,10,2026020045,2025021214,"[{""game_id"":2026020045,""game_date"":""2026-10-06"",""sog"":1.0,""toi"":20.33,""sog_per60"":2.9513034923757995}]","[{""game_id"":2025021214,""game_date"":""2026-04-04"",""sog"":0.0,""toi"":18.85,""sog_per60"":0.0}]",1,1,1.0,20.33,0.0,18.85,9,5.680473372781064,5.923000987166831,0.2425276143857671,0.2425276143857662,0.2830356673473083,-0.04050805296154202,1.0,True
8480355,2026-10-03,2026-10-05,2026020031,2026020041,10,10,2026020031,2025021210,"[{""game_id"":2026020031,""game_date"":""2026-10-03"",""sog"":1.0,""toi"":10.98,""sog_per60"":5.46448087431694}]","[{""game_id"":2025021210,""game_date"":""2026-04-04"",""sog"":0.0,""toi"":11.02,""sog_per60"":0.0}]",1,1,1.0,10.98,0.0,11.02,9,7.644610549562558,8.157022686719348,0.5124121371567893,0.5124121371567893,0.5097273106120649,0.002684826544724784,1.0,True
8480355,2026-10-05,2026-10-08,2026020041,2026020056,10,10,2026020041,2025021224,"[{""game_id"":2026020041,""game_date"":""2026-10-05"",""sog"":0.0,""toi"":10.32,""sog_per60"":0.0}]","[{""game_id"":2025021224,""game_date"":""2026-04-05"",""sog"":1.0,""toi"":10.07,""sog_per60"":5.9582919563058585}]",1,1,0.0,10.32,1.0,10.07,9,8.157022686719348,7.63099881295574,-0.5260238737636076,-0.5260238737636076,-0.5092735860585043,-0.016750287705103468,-1.0,True
8480426,2026-10-03,2026-10-05,2026020024,2026020040,10,10,2026020024,2025021210,"[{""game_id"":2026020024,""game_date"":""2026-10-03"",""sog"":3.0,""toi"":13.78,""sog_per60"":13.062409288824384}]","[{""game_id"":2025021210,""game_date"":""2026-04-04"",""sog"":3.0,""toi"":19.22,""sog_per60"":9.365244536940688}]",1,1,3.0,13.78,3.0,19.22,9,4.957585105210973,5.1107325383304945,0.15314743311952128,0.15314743311952128,0.0,0.15314743311952142,0.0,True
8480426,2026-10-05,2026-10-08,2026020040,2026020060,10,10,2026020040,2025021229,"[{""game_id"":2026020040,""game_date"":""2026-10-05"",""sog"":1.0,""toi"":10.93,""sog_per60"":5.489478499542544}]","[{""game_id"":2025021229,""game_date"":""2026-04-06"",""sog"":3.0,""toi"":18.03,""sog_per60"":9.983361064891849}]",1,1,1.0,10.93,3.0,18.03,9,5.1107325383304945,4.615384615384615,-0.4953479229458795,-0.4953479229458795,-0.6957450883541828,0.200397165408304,-2.0,True
8480434,2026-10-04,2026-10-06,2026020036,2026020048,10,10,2026020036,2025021241,"[{""game_id"":2026020036,""game_date"":""2026-10-04"",""sog"":0.0,""toi"":22.95,""sog_per60"":0.0}]","[{""game_id"":2025021241,""game_date"":""2026-04-07"",""sog"":0.0,""toi"":15.4,""sog_per60"":0.0}]",1,1,0.0,22.95,0.0,15.4,9,4.897426130489198,4.704160568680744,-0.19326556180845422,-0.19326556180845422,0.0,-0.1932655618084542,0.0,True
8480448,2026-10-03,2026-10-07,2026020032,2026020054,10,10,2026020032,2025021209,"[{""game_id"":2026020032,""game_date"":""2026-10-03"",""sog"":1.0,""toi"":15.52,""sog_per60"":3.865979381443299}]","[{""game_id"":2025021209,""game_date"":""2026-04-04"",""sog"":0.0,""toi"":13.53,""sog_per60"":0.0}]",1,1,1.0,15.52,0.0,13.53,9,4.7062514707035845,5.097312326227989,0.3910608555244046,0.3910608555244046,0.4670085883637242,-0.07594773283931994,1.0,True
8480448,2026-10-07,2026-10-08,2026020054,2026020064,10,10,2026020054,2025021228,"[{""game_id"":2026020054,""game_date"":""2026-10-07"",""sog"":1.0,""toi"":12.93,""sog_per60"":4.640371229698376}]","[{""game_id"":2025021228,""game_date"":""2026-04-05"",""sog"":1.0,""toi"":11.58,""sog_per60"":5.181347150259067}]",1,1,1.0,12.93,1.0,11.58,9,5.097312326227989,5.044714515019492,-0.05259781120849727,-0.05259781120849816,0.0,-0.052597811208497505,0.0,True
8480459,2026-10-03,2026-10-06,2026020032,2026020050,10,10,2026020032,2025021189,"[{""game_id"":2026020032,""game_date"":""2026-10-03"",""sog"":0.0,""toi"":16.23,""sog_per60"":0.0}]","[{""game_id"":2025021189,""game_date"":""2026-04-01"",""sog"":0.0,""toi"":13.67,""sog_per60"":0.0}]",1,1,0.0,16.23,0.0,13.67,9,4.518381597864037,4.440557088071048,-0.07782450979298883,-0.07782450979298883,0.0,-0.07782450979298876,0.0,True
8480459,2026-10-06,2026-10-08,2026020050,2026020063,10,10,2026020050,2025021206,"[{""game_id"":2026020050,""game_date"":""2026-10-06"",""sog"":0.0,""toi"":13.3,""sog_per60"":0.0}]","[{""game_id"":2025021206,""game_date"":""2026-04-03"",""sog"":1.0,""toi"":15.68,""sog_per60"":3.826530612244898}]",1,1,0.0,13.3,1.0,15.68,9,4.440557088071048,4.102564102564102,-0.3379929855069461,-0.337992985506947,-0.4069717091314346,0.06897872362448902,-1.0,True
8480727,2026-10-03,2026-10-04,2026020033,2026020038,10,10,2026020033,2025021201,"[{""game_id"":2026020033,""game_date"":""2026-10-03"",""sog"":2.0,""toi"":25.02,""sog_per60"":4.796163069544365}]","[{""game_id"":2025021201,""game_date"":""2026-04-02"",""sog"":1.0,""toi"":25.27,""sog_per60"":2.374356944994064}]",1,1,2.0,25.02,1.0,25.27,9,1.618996222342148,1.8909549322407815,0.2719587098986336,0.2719587098986338,0.2699845613076158,0.0019741485910176534,1.0,True
8480727,2026-10-04,2026-10-08,2026020038,2026020064,10,10,2026020038,2025021219,"[{""game_id"":2026020038,""game_date"":""2026-10-04"",""sog"":0.0,""toi"":18.98,""sog_per60"":0.0}]","[{""game_id"":2025021219,""game_date"":""2026-04-04"",""sog"":1.0,""toi"":25.75,""sog_per60"":2.3300970873786406}]",1,1,0.0,18.98,1.0,25.75,9,1.8909549322407815,1.6717748676511561,-0.21918006458962536,-0.21918006458962536,-0.2743827817500331,0.05520271716040786,-1.0,True
8480748,2026-10-03,2026-10-05,2026020034,2026020043,10,10,2026020034,2025021220,"[{""game_id"":2026020034,""game_date"":""2026-10-03"",""sog"":2.0,""toi"":11.82,""sog_per60"":10.152284263959393}]","[{""game_id"":2025021220,""game_date"":""2026-04-04"",""sog"":1.0,""toi"":13.0,""sog_per60"":4.615384615384616}]",1,1,2.0,11.82,1.0,13.0,9,4.09657997641363,4.501969611705121,0.40538963529149097,0.40538963529149097,0.3737902479004541,0.0315993873910366,1.0,True
8480748,2026-10-05,2026-10-08,2026020043,2026020063,10,10,2026020043,2025021231,"[{""game_id"":2026020043,""game_date"":""2026-10-05"",""sog"":1.0,""toi"":15.03,""sog_per60"":3.992015968063873}]","[{""game_id"":2025021231,""game_date"":""2026-04-06"",""sog"":2.0,""toi"":13.25,""sog_per60"":9.056603773584904}]",1,1,1.0,15.03,2.0,13.25,9,4.501969611705121,4.0813802485931605,-0.4205893631119606,-0.4205893631119606,-0.3730993511813419,-0.04749001193061855,-1.0,True
8480762,2026-10-03,2026-10-06,2026020025,2026020045,10,10,2026020025,2025021197,"[{""game_id"":2026020025,""game_date"":""2026-10-03"",""sog"":2.0,""toi"":11.73,""sog_per60"":10.230179028132993}]","[{""game_id"":2025021197,""game_date"":""2026-04-02"",""sog"":0.0,""toi"":12.2,""sog_per60"":0.0}]",1,1,2.0,11.73,0.0,12.2,9,4.588910133843212,5.52655818237642,0.9376480485332079,0.9376480485332079,0.9194375285823562,0.018210519950851434,2.0,True
8480762,2026-10-06,2026-10-08,2026020045,2026020061,10,10,2026020045,2025021214,"[{""game_id"":2026020045,""game_date"":""2026-10-06"",""sog"":1.0,""toi"":8.05,""sog_per60"":7.453416149068322}]","[{""game_id"":2025021214,""game_date"":""2026-04-04"",""sog"":1.0,""toi"":10.13,""sog_per60"":5.92300098716683}]",1,1,1.0,8.05,1.0,10.13,9,5.52655818237642,5.616224648985959,0.08966646660953881,0.08966646660953881,0.0,0.0896664666095387,0.0,True
8480796,2026-10-03,2026-10-07,2026020024,2026020053,10,10,2026020024,2025021194,"[{""game_id"":2026020024,""game_date"":""2026-10-03"",""sog"":0.0,""toi"":18.18,""sog_per60"":0.0}]","[{""game_id"":2025021194,""game_date"":""2026-04-02"",""sog"":0.0,""toi"":16.52,""sog_per60"":0.0}]",1,1,0.0,18.18,0.0,16.52,9,2.498958767180341,2.4745183526777823,-0.024440414502558738,-0.024440414502559182,0.0,-0.024440414502558527,0.0,True
8480797,2026-10-03,2026-10-04,2026020033,2026020038,10,10,2026020033,2025021201,"[{""game_id"":2026020033,""game_date"":""2026-10-03"",""sog"":1.0,""toi"":14.58,""sog_per60"":4.11522633744856}]","[{""game_id"":2025021201,""game_date"":""2026-04-02"",""sog"":2.0,""toi"":18.62,""sog_per60"":6.4446831364124595}]",1,1,1.0,14.58,2.0,18.62,9,5.701389713742725,5.476451259583791,-0.22493845415893432,-0.2249384541589352,-0.36071680387391986,0.1357783497149857,-1.0,True
8480797,2026-10-04,2026-10-08,2026020038,2026020064,10,10,2026020038,2025021219,"[{""game_id"":2026020038,""game_date"":""2026-10-04"",""sog"":4.0,""toi"":16.85,""sog_per60"":14.243323442136496}]","[{""game_id"":2025021219,""game_date"":""2026-04-04"",""sog"":2.0,""toi"":15.7,""sog_per60"":7.643312101910828}]",1,1,4.0,16.85,2.0,15.7,9,5.476451259583791,6.1635144117469345,0.6870631521631436,0.6870631521631436,0.7276564219181507,-0.04059326975500738,2.0,True
8480800,2026-10-03,2026-10-06,2026020031,2026020049,10,10,2026020031,2025021140,"[{""game_id"":2026020031,""game_date"":""2026-10-03"",""sog"":4.0,""toi"":22.38,""sog_per60"":10.723860589812332}]","[{""game_id"":2025021140,""game_date"":""2026-03-26"",""sog"":5.0,""toi"":26.92,""sog_per60"":11.144130757800893}]",1,1,4.0,22.38,5.0,26.92,9,5.509844255069057,5.3791557713858795,-0.1306884836831772,-0.1306884836831772,-0.22226263033858695,0.09157414665541053,-1.0,True
8480800,2026-10-06,2026-10-08,2026020049,2026020060,10,10,2026020049,2025021155,"[{""game_id"":2026020049,""game_date"":""2026-10-06"",""sog"":1.0,""toi"":29.5,""sog_per60"":2.0338983050847457}]","[{""game_id"":2025021155,""game_date"":""2026-03-28"",""sog"":3.0,""toi"":31.05,""sog_per60"":5.797101449275362}]",1,1,1.0,29.5,3.0,31.05,9,5.3791557713858795,4.959609242908135,-0.41954652847774465,-0.41954652847774465,-0.4495682742429633,0.030021745765218676,-2.0,True
8480801,2026-10-04,2026-10-06,2026020037,2026020052,10,10,2026020037,2025021191,"[{""game_id"":2026020037,""game_date"":""2026-10-04"",""sog"":4.0,""toi"":16.03,""sog_per60"":14.971927635683093}]","[{""game_id"":2025021191,""game_date"":""2026-04-02"",""sog"":0.0,""toi"":15.92,""sog_per60"":0.0}]",1,1,4.0,16.03,0.0,15.92,9,12.171978273673188,13.73267067747842,1.5606924038052323,1.5606924038052323,1.570012959595194,-0.009320555789960067,4.0,True
8480802,2026-10-03,2026-10-06,2026020022,2026020049,10,10,2026020022,2025021179,"[{""game_id"":2026020022,""game_date"":""2026-10-03"",""sog"":1.0,""toi"":12.03,""sog_per60"":4.987531172069826}]","[{""game_id"":2025021179,""game_date"":""2026-03-31"",""sog"":2.0,""toi"":18.63,""sog_per60"":6.4412238325281805}]",1,1,1.0,12.03,2.0,18.63,9,3.8524398785897738,3.642544924720738,-0.20989495386903556,-0.20989495386903556,-0.3572381498082994,0.14734319593926415,-1.0,True
8480802,2026-10-06,2026-10-08,2026020049,2026020057,10,10,2026020049,2025021191,"[{""game_id"":2026020049,""game_date"":""2026-10-06"",""sog"":1.0,""toi"":14.25,""sog_per60"":4.2105263157894735}]","[{""game_id"":2025021191,""game_date"":""2026-04-02"",""sog"":1.0,""toi"":20.68,""sog_per60"":2.9013539651837528}]",1,1,1.0,14.25,1.0,20.68,9,3.642544924720738,3.7905110872449304,0.14796616252419215,0.14796616252419215,0.0,0.14796616252419226,0.0,True
8480803,2026-10-03,2026-10-07,2026020028,2026020055,10,10,2026020028,2025021200,"[{""game_id"":2026020028,""game_date"":""2026-10-03"",""sog"":2.0,""toi"":27.02,""sog_per60"":4.441154700222058}]","[{""game_id"":2025021200,""game_date"":""2026-04-02"",""sog"":2.0,""toi"":23.18,""sog_per60"":5.176876617773943}]",1,1,2.0,27.02,2.0,23.18,9,6.503412284223203,6.404680952004427,-0.09873133221877595,-0.09873133221877506,0.0,-0.09873133221877692,0.0,True
8480807,2026-10-03,2026-10-06,2026020022,2026020049,10,10,2026020022,2025021159,"[{""game_id"":2026020022,""game_date"":""2026-10-03"",""sog"":1.0,""toi"":24.18,""sog_per60"":2.481389578163772}]","[{""game_id"":2025021159,""game_date"":""2026-03-28"",""sog"":3.0,""toi"":26.23,""sog_per60"":6.862371330537552}]",1,1,1.0,24.18,3.0,26.23,9,4.182433778131847,3.621912571054882,-0.5605212070769645,-0.5605212070769645,-0.6005713174544672,0.04005011037750337,-2.0,True
8480807,2026-10-06,2026-10-08,2026020049,2026020057,10,10,2026020049,2025021179,"[{""game_id"":2026020049,""game_date"":""2026-10-06"",""sog"":2.0,""toi"":22.68,""sog_per60"":5.291005291005291}]","[{""game_id"":2025021179,""game_date"":""2026-03-31"",""sog"":1.0,""toi"":22.73,""sog_per60"":2.639683238011439}]",1,1,2.0,22.68,1.0,22.73,9,3.621912571054882,3.924725772365905,0.30281320131102296,0.30281320131102296,0.3018640150387959,0.0009491862722268984,1.0,True
8480817,2026-10-03,2026-10-06,2026020025,2026020045,10,10,2026020025,2025021185,"[{""game_id"":2026020025,""game_date"":""2026-10-03"",""sog"":0.0,""toi"":23.28,""sog_per60"":0.0}]","[{""game_id"":2025021185,""game_date"":""2026-03-31"",""sog"":2.0,""toi"":18.68,""sog_per60"":6.4239828693790155}]",1,1,0.0,23.28,2.0,18.68,9,3.595298455865407,2.9790115098171968,-0.6162869460482101,-0.6162869460482097,-0.5473806478471541,-0.06890629820105618,-2.0,True
8480817,2026-10-06,2026-10-08,2026020045,2026020061,10,10,2026020045,2025021197,"[{""game_id"":2026020045,""game_date"":""2026-10-06"",""sog"":3.0,""toi"":22.13,""sog_per60"":8.133755083596927}]","[{""game_id"":2025021197,""game_date"":""2026-04-02"",""sog"":0.0,""toi"":21.75,""sog_per60"":0.0}]",1,1,3.0,22.13,0.0,21.75,9,2.9790115098171968,3.7849772450772763,0.8059657352600795,0.8059657352600795,0.8117621185060793,-0.005796383245999575,3.0,True
8480829,2026-10-03,2026-10-06,2026020025,2026020045,10,10,2026020025,2025020890,"[{""game_id"":2026020025,""game_date"":""2026-10-03"",""sog"":1.0,""toi"":11.32,""sog_per60"":5.30035335689046}]","[{""game_id"":2025020890,""game_date"":""2026-02-03"",""sog"":0.0,""toi"":8.57,""sog_per60"":0.0}]",1,1,1.0,11.32,0.0,8.57,9,3.6335323124837786,4.056109514956904,0.42257720247312536,0.4225772024731249,0.5130448670050763,-0.09046766453195193,1.0,True
8480829,2026-10-06,2026-10-08,2026020045,2026020061,10,10,2026020045,2025020906,"[{""game_id"":2026020045,""game_date"":""2026-10-06"",""sog"":0.0,""toi"":6.88,""sog_per60"":0.0}]","[{""game_id"":2025020906,""game_date"":""2026-02-05"",""sog"":0.0,""toi"":9.57,""sog_per60"":0.0}]",1,1,0.0,6.88,0.0,9.57,9,4.056109514956904,4.150453955901427,0.0943444409445231,0.0943444409445231,0.0,0.09434444094452349,0.0,True
8480830,2026-10-03,2026-10-06,2026020025,2026020045,10,10,2026020025,2025021169,"[{""game_id"":2026020025,""game_date"":""2026-10-03"",""sog"":4.0,""toi"":17.83,""sog_per60"":13.460459899046551}]","[{""game_id"":2025021169,""game_date"":""2026-03-29"",""sog"":4.0,""toi"":16.93,""sog_per60"":14.176018901358535}]",1,1,4.0,17.83,4.0,16.93,9,11.142395015874918,11.082643150807366,-0.059751865067552146,-0.05975186506755392,0.0,-0.0597518650675523,0.0,True
8480830,2026-10-06,2026-10-08,2026020045,2026020061,10,10,2026020045,2025021185,"[{""game_id"":2026020045,""game_date"":""2026-10-06"",""sog"":3.0,""toi"":17.15,""sog_per60"":10.495626822157435}]","[{""game_id"":2025021185,""game_date"":""2026-03-31"",""sog"":1.0,""toi"":16.48,""sog_per60"":3.6407766990291264}]",1,1,3.0,17.15,1.0,16.48,9,11.082643150807366,11.750741839762611,0.6680986889552454,0.6680986889552489,0.713587703821392,-0.04548901486614576,2.0,True
8480834,2026-10-03,2026-10-07,2026020028,2026020055,10,10,2026020028,2025021154,"[{""game_id"":2026020028,""game_date"":""2026-10-03"",""sog"":0.0,""toi"":11.37,""sog_per60"":0.0}]","[{""game_id"":2025021154,""game_date"":""2026-03-28"",""sog"":0.0,""toi"":10.48,""sog_per60"":0.0}]",1,1,0.0,11.37,0.0,10.48,9,1.5562183893139674,1.5472890206949907,-0.00892936861897664,-0.008929368618976419,0.0,-0.008929368618976544,0.0,True
8480835,2026-10-03,2026-10-06,2026020030,2026020044,10,10,2026020030,2025021209,"[{""game_id"":2026020030,""game_date"":""2026-10-03"",""sog"":0.0,""toi"":13.63,""sog_per60"":0.0}]","[{""game_id"":2025021209,""game_date"":""2026-04-04"",""sog"":0.0,""toi"":10.25,""sog_per60"":0.0}]",1,1,0.0,13.63,0.0,10.25,9,6.097560975609757,5.927877490531863,-0.16968348507789432,-0.16968348507789344,0.0,-0.16968348507789402,0.0,True
8480835,2026-10-06,2026-10-08,2026020044,2026020058,10,10,2026020044,2025021228,"[{""game_id"":2026020044,""game_date"":""2026-10-06"",""sog"":1.0,""toi"":15.57,""sog_per60"":3.8535645472061657}]","[{""game_id"":2025021228,""game_date"":""2026-04-05"",""sog"":0.0,""toi"":15.65,""sog_per60"":0.0}]",1,1,1.0,15.57,0.0,15.65,9,5.927877490531863,6.426099851705389,0.4982223611735259,0.49822236117352503,0.49415258204288104,0.004069779130643891,1.0,True
8480839,2026-10-03,2026-10-06,2026020022,2026020049,10,10,2026020022,2025021179,"[{""game_id"":2026020022,""game_date"":""2026-10-03"",""sog"":3.0,""toi"":25.38,""sog_per60"":7.092198581560284}]","[{""game_id"":2025021179,""game_date"":""2026-03-31"",""sog"":3.0,""toi"":23.23,""sog_per60"":7.748600947051227}]",1,1,3.0,25.38,3.0,23.23,9,5.690145702215709,5.637893477982318,-0.052252224233391154,-0.052252224233390265,0.0,-0.05225222423339119,0.0,True
8480839,2026-10-06,2026-10-08,2026020049,2026020057,10,10,2026020049,2025021191,"[{""game_id"":2026020049,""game_date"":""2026-10-06"",""sog"":3.0,""toi"":29.25,""sog_per60"":6.153846153846153}]","[{""game_id"":2025021191,""game_date"":""2026-04-02"",""sog"":2.0,""toi"":22.62,""sog_per60"":5.305039787798408}]",1,1,3.0,29.25,2.0,22.62,9,5.637893477982318,5.731849144376143,0.0939556663938248,0.0939556663938248,0.25273935886350635,-0.158783692469682,1.0,True
8480840,2026-10-03,2026-10-05,2026020030,2026020043,10,10,2026020030,2025021198,"[{""game_id"":2026020030,""game_date"":""2026-10-03"",""sog"":2.0,""toi"":9.63,""sog_per60"":12.46105919003115}]","[{""game_id"":2025021198,""game_date"":""2026-04-02"",""sog"":0.0,""toi"":16.28,""sog_per60"":0.0}]",1,1,2.0,9.63,0.0,16.28,9,2.1830883423082517,3.2117458132599217,1.02865747095167,1.02865747095167,0.8954384989273534,0.13321897202431643,2.0,True
8480840,2026-10-05,2026-10-08,2026020043,2026020057,10,10,2026020043,2025021209,"[{""game_id"":2026020043,""game_date"":""2026-10-05"",""sog"":1.0,""toi"":11.8,""sog_per60"":5.084745762711864}]","[{""game_id"":2025021209,""game_date"":""2026-04-04"",""sog"":1.0,""toi"":16.58,""sog_per60"":3.618817852834741}]",1,1,1.0,11.8,1.0,16.58,9,3.2117458132599217,3.333597904595603,0.12185209133568131,0.12185209133568087,0.0,0.1218520913356815,0.0,True
8480848,2026-10-05,2026-10-08,2026020043,2026020063,10,10,2026020043,2025020599,"[{""game_id"":2026020043,""game_date"":""2026-10-05"",""sog"":0.0,""toi"":14.33,""sog_per60"":0.0}]","[{""game_id"":2025020599,""game_date"":""2025-12-27"",""sog"":0.0,""toi"":12.23,""sog_per60"":0.0}]",1,1,0.0,14.33,0.0,12.23,9,3.7456106125634028,3.685220729366603,-0.06038988319679994,-0.0603898831967995,0.0,-0.060389883196800415,0.0,True
8480849,2026-10-03,2026-10-04,2026020027,2026020036,10,10,2026020027,2025021037,"[{""game_id"":2026020027,""game_date"":""2026-10-03"",""sog"":0.0,""toi"":13.78,""sog_per60"":0.0}]","[{""game_id"":2025021037,""game_date"":""2026-03-12"",""sog"":0.0,""toi"":15.93,""sog_per60"":0.0}]",1,1,0.0,13.78,0.0,15.93,9,5.994005994005994,6.087397637509964,0.09339164350396967,0.09339164350396967,0.0,0.09339164350396993,0.0,True
8480849,2026-10-04,2026-10-06,2026020036,2026020047,10,10,2026020036,2025021054,"[{""game_id"":2026020036,""game_date"":""2026-10-04"",""sog"":1.0,""toi"":13.3,""sog_per60"":4.511278195488721}]","[{""game_id"":2025021054,""game_date"":""2026-03-14"",""sog"":2.0,""toi"":15.15,""sog_per60"":7.92079207920792}]",1,1,1.0,13.3,2.0,15.15,9,6.087397637509964,5.7293962097840465,-0.3580014277259176,-0.3580014277259185,-0.4377684511665005,0.07976702344058248,-1.0,True
8480849,2026-10-06,2026-10-08,2026020047,2026020056,10,10,2026020047,2025021066,"[{""game_id"":2026020047,""game_date"":""2026-10-06"",""sog"":2.0,""toi"":12.62,""sog_per60"":9.508716323296357}]","[{""game_id"":2025021066,""game_date"":""2026-03-16"",""sog"":2.0,""toi"":16.95,""sog_per60"":7.079646017699115}]",1,1,2.0,12.62,2.0,16.95,9,5.7293962097840465,5.917608679159396,0.1882124693753493,0.1882124693753502,0.0,0.18821246937534947,0.0,True
8480855,2026-10-03,2026-10-04,2026020027,2026020036,10,10,2026020027,2025021091,"[{""game_id"":2026020027,""game_date"":""2026-10-03"",""sog"":0.0,""toi"":14.57,""sog_per60"":0.0}]","[{""game_id"":2025021091,""game_date"":""2026-03-19"",""sog"":2.0,""toi"":13.38,""sog_per60"":8.968609865470851}]",1,1,0.0,14.57,2.0,13.38,9,4.123711340206186,3.178447101558952,-0.9452642386472339,-0.9452642386472325,-0.9122540205630774,-0.033010218084155996,-2.0,True
8480855,2026-10-04,2026-10-06,2026020036,2026020047,10,10,2026020036,2025021098,"[{""game_id"":2026020036,""game_date"":""2026-10-04"",""sog"":2.0,""toi"":11.23,""sog_per60"":10.685663401602849}]","[{""game_id"":2025021098,""game_date"":""2026-03-20"",""sog"":0.0,""toi"":10.65,""sog_per60"":0.0}]",1,1,2.0,11.23,0.0,10.65,9,3.178447101558952,4.06871609403255,0.8902689924735978,0.8902689924735974,0.9061434376548956,-0.015874445181298102,2.0,True
8480855,2026-10-06,2026-10-08,2026020047,2026020056,10,10,2026020047,2025021118,"[{""game_id"":2026020047,""game_date"":""2026-10-06"",""sog"":1.0,""toi"":13.2,""sog_per60"":4.545454545454546}]","[{""game_id"":2025021118,""game_date"":""2026-03-22"",""sog"":3.0,""toi"":14.52,""sog_per60"":12.396694214876034}]",1,1,1.0,13.2,3.0,14.52,9,4.06871609403255,3.1963470319634704,-0.8723690620690796,-0.8723690620690796,-0.9087005705698268,0.03633150850074693,-2.0,True
8480860,2026-10-03,2026-10-04,2026020033,2026020038,10,10,2026020033,2025021133,"[{""game_id"":2026020033,""game_date"":""2026-10-03"",""sog"":0.0,""toi"":22.62,""sog_per60"":0.0}]","[{""game_id"":2025021133,""game_date"":""2026-03-24"",""sog"":0.0,""toi"":22.68,""sog_per60"":0.0}]",1,1,0.0,22.62,0.0,22.68,9,0.871881811576653,0.8721352778719899,0.00025346629533684606,0.0002534662953370681,0.0,0.00025346629533677667,0.0,True
8480860,2026-10-04,2026-10-08,2026020038,2026020064,10,10,2026020038,2025021147,"[{""game_id"":2026020038,""game_date"":""2026-10-04"",""sog"":0.0,""toi"":19.78,""sog_per60"":0.0}]","[{""game_id"":2025021147,""game_date"":""2026-03-26"",""sog"":0.0,""toi"":26.1,""sog_per60"":0.0}]",1,1,0.0,19.78,0.0,26.1,9,0.8721352778719899,0.899685110211426,0.027549832339436198,0.027549832339436087,0.0,0.02754983233943629,0.0,True
8480865,2026-10-03,2026-10-06,2026020026,2026020045,10,10,2026020026,2025021195,"[{""game_id"":2026020026,""game_date"":""2026-10-03"",""sog"":1.0,""toi"":23.07,""sog_per60"":2.6007802340702213}]","[{""game_id"":2025021195,""game_date"":""2026-04-02"",""sog"":1.0,""toi"":22.72,""sog_per60"":2.6408450704225355}]",1,1,1.0,23.07,1.0,22.72,9,3.8773176915046976,3.8705835649067093,-0.0067341265979883325,-0.0067341265979887766,0.0,-0.006734126597988683,0.0,True
8480865,2026-10-06,2026-10-08,2026020045,2026020058,10,10,2026020045,2025021212,"[{""game_id"":2026020045,""game_date"":""2026-10-06"",""sog"":2.0,""toi"":24.28,""sog_per60"":4.942339373970346}]","[{""game_id"":2025021212,""game_date"":""2026-04-04"",""sog"":0.0,""toi"":22.13,""sog_per60"":0.0}]",1,1,2.0,24.28,0.0,22.13,9,3.8705835649067093,4.4189129474149365,0.5483293825082272,0.5483293825082267,0.5923313937948452,-0.04400201128661813,2.0,True
8480870,2026-10-03,2026-10-06,2026020023,2026020044,10,10,2026020023,2025021106,"[{""game_id"":2026020023,""game_date"":""2026-10-03"",""sog"":1.0,""toi"":7.37,""sog_per60"":8.14111261872456}]","[{""game_id"":2025021106,""game_date"":""2026-03-21"",""sog"":1.0,""toi"":13.65,""sog_per60"":4.395604395604396}]",1,1,1.0,7.37,1.0,13.65,9,2.869440459110473,2.998072667570847,0.12863220846037393,0.1286322084603735,0.0,0.12863220846037396,0.0,True
8480870,2026-10-06,2026-10-08,2026020044,2026020065,10,10,2026020044,2025021120,"[{""game_id"":2026020044,""game_date"":""2026-10-06"",""sog"":0.0,""toi"":7.52,""sog_per60"":0.0}]","[{""game_id"":2025021120,""game_date"":""2026-03-24"",""sog"":1.0,""toi"":15.72,""sog_per60"":3.816793893129771}]",1,1,0.0,7.52,1.0,15.72,9,2.998072667570847,2.729547350064448,-0.2685253175063993,-0.2685253175063993,-0.44161032685566926,0.17308500934926993,-1.0,True
8480878,2026-10-03,2026-10-05,2026020030,2026020043,10,10,2026020030,2025021156,"[{""game_id"":2026020030,""game_date"":""2026-10-03"",""sog"":2.0,""toi"":19.02,""sog_per60"":6.309148264984227}]","[{""game_id"":2025021156,""game_date"":""2026-03-28"",""sog"":0.0,""toi"":14.78,""sog_per60"":0.0}]",1,1,2.0,19.02,0.0,14.78,9,1.8005041411595248,2.4581528736977645,0.6576487325382396,0.6576487325382399,0.7112655244744428,-0.05361679193620326,2.0,True
8480878,2026-10-05,2026-10-08,2026020043,2026020057,10,10,2026020043,2025021172,"[{""game_id"":2026020043,""game_date"":""2026-10-05"",""sog"":1.0,""toi"":17.37,""sog_per60"":3.4542314335060444}]","[{""game_id"":2025021172,""game_date"":""2026-03-29"",""sog"":0.0,""toi"":17.93,""sog_per60"":0.0}]",1,1,1.0,17.37,0.0,17.93,9,2.4581528736977645,2.818555490311216,0.3604026166134515,0.3604026166134511,0.35174206626571985,0.008660550347731541,1.0,True
8480891,2026-10-03,2026-10-05,2026020034,2026020043,10,10,2026020034,2025020960,"[{""game_id"":2026020034,""game_date"":""2026-10-03"",""sog"":0.0,""toi"":21.25,""sog_per60"":0.0}]","[{""game_id"":2025020960,""game_date"":""2026-03-03"",""sog"":3.0,""toi"":11.32,""sog_per60"":15.901060070671376}]",1,1,0.0,21.25,3.0,11.32,9,6.268282490597576,4.690248192300175,-1.5780342982974007,-1.5780342982973998,-1.2131092730972795,-0.3649250252001207,-3.0,True
8480891,2026-10-05,2026-10-08,2026020043,2026020063,10,10,2026020043,2025020977,"[{""game_id"":2026020043,""game_date"":""2026-10-05"",""sog"":1.0,""toi"":20.83,""sog_per60"":2.8804608737397985}]","[{""game_id"":2025020977,""game_date"":""2026-03-05"",""sog"":2.0,""toi"":12.97,""sog_per60"":9.252120277563607}]",1,1,1.0,20.83,2.0,12.97,9,4.690248192300175,4.08997955010225,-0.6002686421979258,-0.6002686421979266,-0.3813351693807914,-0.21893347281713443,-1.0,True
8480893,2026-10-03,2026-10-06,2026020023,2026020044,10,10,2026020023,2025021215,"[{""game_id"":2026020023,""game_date"":""2026-10-03"",""sog"":2.0,""toi"":19.43,""sog_per60"":6.176016469377252}]","[{""game_id"":2025021215,""game_date"":""2026-04-04"",""sog"":0.0,""toi"":16.23,""sog_per60"":0.0}]",1,1,2.0,19.43,0.0,16.23,9,8.151747922871925,8.634424628668345,0.4826767057964201,0.48267670579642186,0.6219010744310314,-0.13922436863460957,2.0,True
8480893,2026-10-06,2026-10-08,2026020044,2026020065,10,10,2026020044,2025021235,"[{""game_id"":2026020044,""game_date"":""2026-10-06"",""sog"":3.0,""toi"":21.58,""sog_per60"":8.341056533827619}]","[{""game_id"":2025021235,""game_date"":""2026-04-07"",""sog"":3.0,""toi"":24.82,""sog_per60"":7.2522159548751}]",1,1,3.0,21.58,3.0,24.82,9,8.634424628668345,8.780640777713899,0.14621614904555358,0.1462161490455518,0.0,0.14621614904555227,0.0,True
8480980,2026-10-03,2026-10-05,2026020026,2026020042,10,10,2026020026,2025021138,"[{""game_id"":2026020026,""game_date"":""2026-10-03"",""sog"":1.0,""toi"":13.9,""sog_per60"":4.316546762589928}]","[{""game_id"":2025021138,""game_date"":""2026-03-26"",""sog"":2.0,""toi"":18.23,""sog_per60"":6.582556226001097}]",1,1,1.0,13.9,2.0,18.23,9,3.4606511150986927,3.1639311844967377,-0.296719930601955,-0.29671993060195545,-0.39000409431430677,0.09328416371235144,-1.0,True
8480980,2026-10-05,2026-10-07,2026020042,2026020053,10,10,2026020042,2025021156,"[{""game_id"":2026020042,""game_date"":""2026-10-05"",""sog"":4.0,""toi"":14.77,""sog_per60"":16.24915368991198}]","[{""game_id"":2025021156,""game_date"":""2026-03-28"",""sog"":0.0,""toi"":15.58,""sog_per60"":0.0}]",1,1,4.0,14.77,0.0,15.58,9,3.1639311844967377,4.771371769383698,1.6074405848869606,1.6074405848869602,1.5862114243548007,0.021229160532160347,4.0,True
8480990,2026-10-03,2026-10-06,2026020029,2026020047,10,10,2026020029,2025020846,"[{""game_id"":2026020029,""game_date"":""2026-10-03"",""sog"":0.0,""toi"":12.67,""sog_per60"":0.0}]","[{""game_id"":2025020846,""game_date"":""2026-01-29"",""sog"":2.0,""toi"":9.37,""sog_per60"":12.8068303094984}]",1,1,0.0,12.67,2.0,9.37,9,3.0265907616920082,2.1116351094530867,-0.9149556522389215,-0.9149556522389215,-0.8546971307037613,-0.06025852153516035,-2.0,True
8480995,2026-10-03,2026-10-05,2026020024,2026020040,10,10,2026020024,2025021139,"[{""game_id"":2026020024,""game_date"":""2026-10-03"",""sog"":0.0,""toi"":15.42,""sog_per60"":0.0}]","[{""game_id"":2025021139,""game_date"":""2026-03-26"",""sog"":4.0,""toi"":12.82,""sog_per60"":18.7207488299532}]",1,1,0.0,15.42,4.0,12.82,9,8.443818976372121,6.540222367560498,-1.9035966088116236,-1.9035966088116245,-1.7608526991525002,-0.14274390965912323,-4.0,True
8480995,2026-10-05,2026-10-08,2026020040,2026020060,10,10,2026020040,2025021152,"[{""game_id"":2026020040,""game_date"":""2026-10-05"",""sog"":3.0,""toi"":13.08,""sog_per60"":13.761467889908255}]","[{""game_id"":2025021152,""game_date"":""2026-03-28"",""sog"":0.0,""toi"":16.08,""sog_per60"":0.0}]",1,1,3.0,13.08,0.0,16.08,9,6.540222367560498,8.023178069979942,1.482955702419444,1.4829557024194449,1.3226204092543783,0.16033529316506456,3.0,True
8481013,2026-10-03,2026-10-06,2026020032,2026020050,10,10,2026020032,2025021177,"[{""game_id"":2026020032,""game_date"":""2026-10-03"",""sog"":3.0,""toi"":14.8,""sog_per60"":12.16216216216216}]","[{""game_id"":2025021177,""game_date"":""2026-03-30"",""sog"":2.0,""toi"":12.67,""sog_per60"":9.47119179163378}]",1,1,3.0,14.8,2.0,12.67,9,5.810334094210417,6.134969325153374,0.324635230942957,0.324635230942957,0.41201090944119884,-0.08737567849824096,1.0,True
8481013,2026-10-06,2026-10-08,2026020050,2026020063,10,10,2026020050,2025021189,"[{""game_id"":2026020050,""game_date"":""2026-10-06"",""sog"":0.0,""toi"":15.8,""sog_per60"":0.0}]","[{""game_id"":2025021189,""game_date"":""2026-04-01"",""sog"":0.0,""toi"":17.12,""sog_per60"":0.0}]",1,1,0.0,15.8,0.0,17.12,9,6.134969325153374,6.190672719768882,0.05570339461550766,0.055703394615506774,0.0,0.05570339461550686,0.0,True
8481014,2026-10-03,2026-10-06,2026020029,2026020048,10,10,2026020029,2025020228,"[{""game_id"":2026020029,""game_date"":""2026-10-03"",""sog"":0.0,""toi"":19.22,""sog_per60"":0.0}]","[{""game_id"":2025020228,""game_date"":""2025-11-07"",""sog"":0.0,""toi"":16.63,""sog_per60"":0.0}]",1,1,0.0,19.22,0.0,16.63,9,4.282218597063621,4.226415094339623,-0.05580350272399848,-0.055803502723999365,0.0,-0.055803502723998366,0.0,True
8481024,2026-10-03,2026-10-04,2026020033,2026020039,10,10,2026020033,2025021216,"[{""game_id"":2026020033,""game_date"":""2026-10-03"",""sog"":2.0,""toi"":18.15,""sog_per60"":6.6115702479338845}]","[{""game_id"":2025021216,""game_date"":""2026-04-04"",""sog"":3.0,""toi"":14.07,""sog_per60"":12.793176972281447}]",1,1,2.0,18.15,3.0,14.07,9,7.757212847033206,7.150423728813558,-0.6067891182196483,-0.6067891182196465,-0.4027600615410165,-0.2040290566786311,-1.0,True
8481024,2026-10-04,2026-10-08,2026020039,2026020061,10,10,2026020039,2025021242,"[{""game_id"":2026020039,""game_date"":""2026-10-04"",""sog"":2.0,""toi"":13.52,""sog_per60"":8.875739644970414}]","[{""game_id"":2025021242,""game_date"":""2026-04-07"",""sog"":1.0,""toi"":11.93,""sog_per60"":5.029337803855826}]",1,1,2.0,13.52,1.0,11.93,9,7.150423728813558,7.469042783201206,0.31861905438764815,0.3186190543876455,0.3951766388085955,-0.07655758442094794,1.0,True
8481028,2026-10-03,2026-10-04,2026020033,2026020038,10,10,2026020033,2025021116,"[{""game_id"":2026020033,""game_date"":""2026-10-03"",""sog"":2.0,""toi"":12.52,""sog_per60"":9.584664536741212}]","[{""game_id"":2025021116,""game_date"":""2026-03-22"",""sog"":1.0,""toi"":10.57,""sog_per60"":5.676442762535478}]",1,1,2.0,12.52,1.0,10.57,9,4.023373886387586,4.51382358472823,0.4904496983406439,0.49044969834064567,0.5694978230731991,-0.07904812473255446,1.0,True
8481028,2026-10-04,2026-10-08,2026020038,2026020064,10,10,2026020038,2025021133,"[{""game_id"":2026020038,""game_date"":""2026-10-04"",""sog"":1.0,""toi"":13.52,""sog_per60"":4.437869822485207}]","[{""game_id"":2025021133,""game_date"":""2026-03-24"",""sog"":0.0,""toi"":9.2,""sog_per60"":0.0}]",1,1,1.0,13.52,0.0,9.2,9,4.51382358472823,4.879812036869691,0.3659884521414609,0.36598845214146003,0.5532146427604971,-0.1872261906190363,1.0,True
8481030,2026-10-05,2026-10-07,2026020042,2026020054,10,10,2026020042,2025020741,"[{""game_id"":2026020042,""game_date"":""2026-10-05"",""sog"":0.0,""toi"":14.17,""sog_per60"":0.0}]","[{""game_id"":2025020741,""game_date"":""2026-01-15"",""sog"":0.0,""toi"":16.53,""sog_per60"":0.0}]",1,1,0.0,14.17,0.0,16.53,9,1.0370455723915422,1.0513404590853337,0.014294886693791531,0.014294886693791309,0.0,0.014294886693791559,0.0,True
8481032,2026-10-03,2026-10-04,2026020033,2026020039,10,10,2026020033,2025021226,"[{""game_id"":2026020033,""game_date"":""2026-10-03"",""sog"":1.0,""toi"":14.08,""sog_per60"":4.261363636363637}]","[{""game_id"":2025021226,""game_date"":""2026-04-05"",""sog"":0.0,""toi"":7.23,""sog_per60"":0.0}]",1,1,1.0,14.08,0.0,7.23,9,5.332385353714895,5.529027393817542,0.1966420401026472,0.1966420401026472,0.5179386946774514,-0.3212966545748043,1.0,True
8481032,2026-10-04,2026-10-08,2026020039,2026020061,10,10,2026020039,2025021236,"[{""game_id"":2026020039,""game_date"":""2026-10-04"",""sog"":2.0,""toi"":18.77,""sog_per60"":6.393180607352157}]","[{""game_id"":2025021236,""game_date"":""2026-04-07"",""sog"":0.0,""toi"":11.92,""sog_per60"":0.0}]",1,1,2.0,18.77,0.0,11.92,9,5.529027393817542,6.17968626208208,0.6506588682645376,0.6506588682645367,0.9779993356820345,-0.3273404674174979,2.0,True
8481043,2026-10-05,2026-10-07,2026020042,2026020054,10,10,2026020042,2025021162,"[{""game_id"":2026020042,""game_date"":""2026-10-05"",""sog"":1.0,""toi"":8.48,""sog_per60"":7.075471698113207}]","[{""game_id"":2025021162,""game_date"":""2026-03-28"",""sog"":2.0,""toi"":12.48,""sog_per60"":9.615384615384617}]",1,1,1.0,8.48,2.0,12.48,9,8.665906499429873,8.467267738141905,-0.19863876128796853,-0.1986387612879703,-0.4632520526526812,0.2646132913647124,-1.0,True
8481068,2026-10-03,2026-10-04,2026020033,2026020038,10,10,2026020033,2025021201,"[{""game_id"":2026020033,""game_date"":""2026-10-03"",""sog"":0.0,""toi"":16.92,""sog_per60"":0.0}]","[{""game_id"":2025021201,""game_date"":""2026-04-02"",""sog"":1.0,""toi"":19.48,""sog_per60"":3.0800821355236137}]",1,1,0.0,16.92,1.0,19.48,9,5.0410392296258,4.73155023986331,-0.30948898976248973,-0.30948898976248884,-0.3910340508773482,0.08154506111485832,-1.0,True
8481068,2026-10-04,2026-10-08,2026020038,2026020064,10,10,2026020038,2025021219,"[{""game_id"":2026020038,""game_date"":""2026-10-04"",""sog"":1.0,""toi"":15.38,""sog_per60"":3.901170351105331}]","[{""game_id"":2025021219,""game_date"":""2026-04-04"",""sog"":0.0,""toi"":13.42,""sog_per60"":0.0}]",1,1,1.0,15.38,0.0,13.42,9,4.73155023986331,5.060663076623629,0.3291128367603191,0.3291128367603182,0.3917888142234185,-0.06267597746309927,1.0,True
8481122,2026-10-05,2026-10-08,2026020040,2026020059,10,10,2026020040,2025021217,"[{""game_id"":2026020040,""game_date"":""2026-10-05"",""sog"":0.0,""toi"":11.87,""sog_per60"":0.0}]","[{""game_id"":2025021217,""game_date"":""2026-04-04"",""sog"":0.0,""toi"":14.98,""sog_per60"":0.0}]",1,1,0.0,11.87,0.0,14.98,9,5.319822672577581,5.426707151624782,0.106884479047201,0.106884479047201,0.0,0.1068844790472008,0.0,True
8481481,2026-10-03,2026-10-05,2026020026,2026020042,10,10,2026020026,2025020922,"[{""game_id"":2026020026,""game_date"":""2026-10-03"",""sog"":0.0,""toi"":14.82,""sog_per60"":0.0}]","[{""game_id"":2025020922,""game_date"":""2026-02-26"",""sog"":2.0,""toi"":14.52,""sog_per60"":8.264462809917356}]",1,1,0.0,14.82,2.0,14.52,9,4.572853876532945,3.73366521468575,-0.8391886618471953,-0.8391886618471953,-0.830565679296361,-0.00862298255083372,-2.0,True
8481481,2026-10-05,2026-10-07,2026020042,2026020053,10,10,2026020042,2025020934,"[{""game_id"":2026020042,""game_date"":""2026-10-05"",""sog"":2.0,""toi"":12.2,""sog_per60"":9.836065573770492}]","[{""game_id"":2025020934,""game_date"":""2026-02-28"",""sog"":0.0,""toi"":14.48,""sog_per60"":0.0}]",1,1,2.0,12.2,0.0,14.48,9,3.73366521468575,4.636459430979979,0.9027942162942293,0.9027942162942293,0.8363480024279097,0.06644621386631931,2.0,True
8481522,2026-10-03,2026-10-06,2026020022,2026020049,10,10,2026020022,2025021191,"[{""game_id"":2026020022,""game_date"":""2026-10-03"",""sog"":1.0,""toi"":13.7,""sog_per60"":4.379562043795621}]","[{""game_id"":2025021191,""game_date"":""2026-04-02"",""sog"":2.0,""toi"":12.27,""sog_per60"":9.7799511002445}]",1,1,1.0,13.7,2.0,12.27,9,6.661115736885928,6.183442116111301,-0.4776736207746266,-0.4776736207746257,-0.4142746039813954,-0.06339901679323126,-1.0,True
8481522,2026-10-06,2026-10-08,2026020049,2026020057,10,10,2026020049,2025021213,"[{""game_id"":2026020049,""game_date"":""2026-10-06"",""sog"":1.0,""toi"":15.35,""sog_per60"":3.908794788273616}]","[{""game_id"":2025021213,""game_date"":""2026-04-04"",""sog"":2.0,""toi"":12.08,""sog_per60"":9.933774834437086}]",1,1,1.0,15.35,2.0,12.08,9,6.183442116111301,5.644402634054562,-0.5390394820567392,-0.5390394820567392,-0.40770054556280155,-0.13133893649393877,-1.0,True
8481523,2026-10-03,2026-10-06,2026020026,2026020045,10,10,2026020026,2025021059,"[{""game_id"":2026020026,""game_date"":""2026-10-03"",""sog"":0.0,""toi"":11.67,""sog_per60"":0.0}]","[{""game_id"":2025021059,""game_date"":""2026-03-15"",""sog"":0.0,""toi"":1.22,""sog_per60"":0.0}]",1,1,0.0,11.67,0.0,1.22,9,4.211265134234076,3.8575906131961744,-0.353674521037902,-0.353674521037902,0.0,-0.35367452103790137,0.0,True
8481523,2026-10-06,2026-10-08,2026020045,2026020058,10,10,2026020045,2025021233,"[{""game_id"":2026020045,""game_date"":""2026-10-06"",""sog"":0.0,""toi"":9.63,""sog_per60"":0.0}]","[{""game_id"":2025021233,""game_date"":""2026-04-07"",""sog"":0.0,""toi"":13.85,""sog_per60"":0.0}]",1,1,0.0,9.63,0.0,13.85,9,3.8575906131961744,3.99301222859995,0.1354216154037755,0.13542161540377595,0.0,0.13542161540377545,0.0,True
8481524,2026-10-06,2026-10-08,2026020050,2026020062,10,10,2026020050,2025021213,"[{""game_id"":2026020050,""game_date"":""2026-10-06"",""sog"":2.0,""toi"":21.38,""sog_per60"":5.612722170252573}]","[{""game_id"":2025021213,""game_date"":""2026-04-04"",""sog"":0.0,""toi"":20.98,""sog_per60"":0.0}]",1,1,2.0,21.38,0.0,20.98,9,2.404488378306172,2.9335940972530894,0.5291057189469175,0.5291057189469175,0.533855747844906,-0.004750028897988583,2.0,True
8481527,2026-10-03,2026-10-05,2026020026,2026020042,10,10,2026020026,2025021148,"[{""game_id"":2026020026,""game_date"":""2026-10-03"",""sog"":1.0,""toi"":17.65,""sog_per60"":3.39943342776204}]","[{""game_id"":2025021148,""game_date"":""2026-03-26"",""sog"":0.0,""toi"":8.35,""sog_per60"":0.0}]",1,1,1.0,17.65,0.0,8.35,9,3.6491417759156644,3.814852492370295,0.16571071645463054,0.16571071645463098,0.39347272328049615,-0.2277620068258653,1.0,True
8481527,2026-10-05,2026-10-07,2026020042,2026020053,10,10,2026020042,2025021175,"[{""game_id"":2026020042,""game_date"":""2026-10-05"",""sog"":0.0,""toi"":13.37,""sog_per60"":0.0}]","[{""game_id"":2025021175,""game_date"":""2026-03-30"",""sog"":1.0,""toi"":13.95,""sog_per60"":4.301075268817205}]",1,1,0.0,13.37,1.0,13.95,9,3.814852492370295,3.4460753031269946,-0.3687771892433003,-0.3687771892433007,-0.38219125257001446,0.0134140633267136,-1.0,True
8481528,2026-10-03,2026-10-05,2026020023,2026020041,10,10,2026020023,2025021208,"[{""game_id"":2026020023,""game_date"":""2026-10-03"",""sog"":2.0,""toi"":16.28,""sog_per60"":7.37100737100737}]","[{""game_id"":2025021208,""game_date"":""2026-04-04"",""sog"":2.0,""toi"":16.5,""sog_per60"":7.272727272727273}]",1,1,2.0,16.28,2.0,16.5,9,10.260957689384341,10.275275910186478,0.01431822080213685,0.014318220802133297,0.0,0.014318220802136631,0.0,True
8481528,2026-10-05,2026-10-06,2026020041,2026020046,10,10,2026020041,2025021225,"[{""game_id"":2026020041,""game_date"":""2026-10-05"",""sog"":4.0,""toi"":18.63,""sog_per60"":12.88244766505636}]","[{""game_id"":2025021225,""game_date"":""2026-04-05"",""sog"":4.0,""toi"":16.27,""sog_per60"":14.751075599262446}]",1,1,4.0,18.63,4.0,16.27,9,10.275275910186478,10.12373453318335,-0.1515413770031273,-0.15154137700312553,0.0,-0.15154137700312614,0.0,True
8481528,2026-10-06,2026-10-08,2026020046,2026020059,10,10,2026020046,2025021234,"[{""game_id"":2026020046,""game_date"":""2026-10-06"",""sog"":1.0,""toi"":21.48,""sog_per60"":2.793296089385475}]","[{""game_id"":2025021234,""game_date"":""2026-04-07"",""sog"":4.0,""toi"":16.35,""sog_per60"":14.678899082568805}]",1,1,1.0,21.48,4.0,16.35,9,10.12373453318335,8.71934604904632,-1.40438848413703,-1.40438848413703,-1.1073888243533592,-0.29699965978367154,-3.0,True
8481532,2026-10-03,2026-10-06,2026020034,2026020052,10,10,2026020034,2025020828,"[{""game_id"":2026020034,""game_date"":""2026-10-03"",""sog"":0.0,""toi"":15.25,""sog_per60"":0.0}]","[{""game_id"":2025020828,""game_date"":""2026-03-09"",""sog"":2.0,""toi"":10.12,""sog_per60"":11.857707509881424}]",1,1,0.0,15.25,2.0,10.12,9,5.797101449275362,4.53857791225416,-1.258523537021202,-1.258523537021202,-1.0312956573563032,-0.22722787966489924,-2.0,True
8481533,2026-10-03,2026-10-05,2026020025,2026020040,10,10,2026020025,2025021205,"[{""game_id"":2026020025,""game_date"":""2026-10-03"",""sog"":0.0,""toi"":22.88,""sog_per60"":0.0}]","[{""game_id"":2025021205,""game_date"":""2026-04-03"",""sog"":0.0,""toi"":11.05,""sog_per60"":0.0}]",1,1,0.0,22.88,0.0,11.05,9,5.255167581455097,4.915615271178109,-0.3395523102769875,-0.3395523102769884,0.0,-0.3395523102769875,0.0,True
8481533,2026-10-05,2026-10-08,2026020040,2026020059,10,10,2026020040,2025021224,"[{""game_id"":2026020040,""game_date"":""2026-10-05"",""sog"":0.0,""toi"":18.32,""sog_per60"":0.0}]","[{""game_id"":2025021224,""game_date"":""2026-04-05"",""sog"":2.0,""toi"":19.0,""sog_per60"":6.315789473684211}]",1,1,0.0,18.32,2.0,19.0,9,4.915615271178109,4.276081355188859,-0.6395339159892499,-0.639533915989249,-0.656637019759735,0.017103103770485656,-2.0,True
8481535,2026-10-03,2026-10-06,2026020030,2026020044,10,10,2026020030,2025021175,"[{""game_id"":2026020030,""game_date"":""2026-10-03"",""sog"":2.0,""toi"":11.62,""sog_per60"":10.327022375215147}]","[{""game_id"":2025021175,""game_date"":""2026-03-30"",""sog"":1.0,""toi"":8.88,""sog_per60"":6.756756756756756}]",1,1,2.0,11.62,1.0,8.88,9,4.443712969058591,4.8285852245292125,0.3848722554706212,0.3848722554706221,0.4883022039519379,-0.10342994848131713,1.0,True
8481535,2026-10-06,2026-10-08,2026020044,2026020058,10,10,2026020044,2025021188,"[{""game_id"":2026020044,""game_date"":""2026-10-06"",""sog"":2.0,""toi"":10.63,""sog_per60"":11.288805268109124}]","[{""game_id"":2025021188,""game_date"":""2026-04-01"",""sog"":1.0,""toi"":6.95,""sog_per60"":8.633093525179856}]",1,1,2.0,10.63,1.0,6.95,9,4.8285852245292125,5.1586681256839135,0.33008290115470107,0.33008290115470107,0.47591417603027486,-0.1458312748755729,1.0,True
8481538,2026-10-04,2026-10-07,2026020037,2026020055,4,5,2026020037,,"[{""game_id"":2026020037,""game_date"":""2026-10-04"",""sog"":0.0,""toi"":9.82,""sog_per60"":0.0}]",[],1,0,0.0,9.82,0.0,0.0,4,0.9308098045299409,0.8077544426494345,-0.12305536188050636,-0.12305536188050648,0.0,-0.12305536188050648,0.0,True
8481540,2026-10-03,2026-10-06,2026020026,2026020045,10,10,2026020026,2025021226,"[{""game_id"":2026020026,""game_date"":""2026-10-03"",""sog"":3.0,""toi"":22.83,""sog_per60"":7.884362680683312}]","[{""game_id"":2025021226,""game_date"":""2026-04-05"",""sog"":3.0,""toi"":20.95,""sog_per60"":8.591885441527447}]",1,1,3.0,22.83,3.0,20.95,9,12.450411962160516,12.309177577988295,-0.14123438417222012,-0.14123438417221834,0.0,-0.14123438417222106,0.0,True
8481540,2026-10-06,2026-10-08,2026020045,2026020058,10,10,2026020045,2025021233,"[{""game_id"":2026020045,""game_date"":""2026-10-06"",""sog"":1.0,""toi"":21.75,""sog_per60"":2.7586206896551726}]","[{""game_id"":2025021233,""game_date"":""2026-04-07"",""sog"":2.0,""toi"":19.15,""sog_per60"":6.266318537859008}]",1,1,1.0,21.75,2.0,19.15,9,12.309177577988295,11.762609160577439,-0.5465684174108567,-0.5465684174108585,-0.3592386682411972,-0.1873297491696595,-1.0,True
8481542,2026-10-04,2026-10-06,2026020035,2026020046,10,10,2026020035,2025021207,"[{""game_id"":2026020035,""game_date"":""2026-10-04"",""sog"":3.0,""toi"":25.68,""sog_per60"":7.009345794392523}]","[{""game_id"":2025021207,""game_date"":""2026-04-04"",""sog"":2.0,""toi"":28.07,""sog_per60"":4.275026718916994}]",1,1,3.0,25.68,2.0,28.07,9,5.708622398414271,6.0033618826542865,0.29473948424001506,0.29473948424001506,0.2389968709533831,0.05574261328663285,1.0,True
8481546,2026-10-03,2026-10-05,2026020025,2026020040,10,10,2026020025,2025021205,"[{""game_id"":2026020025,""game_date"":""2026-10-03"",""sog"":0.0,""toi"":22.17,""sog_per60"":0.0}]","[{""game_id"":2025021205,""game_date"":""2026-04-03"",""sog"":0.0,""toi"":23.18,""sog_per60"":0.0}]",1,1,0.0,22.17,0.0,23.18,9,1.6187778227438285,1.6261631583702232,0.007385335626394651,0.007385335626394873,0.0,0.007385335626394658,0.0,True
8481546,2026-10-05,2026-10-08,2026020040,2026020059,10,10,2026020040,2025021224,"[{""game_id"":2026020040,""game_date"":""2026-10-05"",""sog"":2.0,""toi"":23.52,""sog_per60"":5.1020408163265305}]","[{""game_id"":2025021224,""game_date"":""2026-04-05"",""sog"":2.0,""toi"":20.72,""sog_per60"":5.7915057915057915}]",1,1,2.0,23.52,2.0,20.72,9,1.6261631583702232,1.6058524400035685,-0.020310718366654656,-0.02031071836665488,0.0,-0.020310718366654823,0.0,True
8481553,2026-10-03,2026-10-06,2026020031,2026020049,10,10,2026020031,2025021140,"[{""game_id"":2026020031,""game_date"":""2026-10-03"",""sog"":1.0,""toi"":11.28,""sog_per60"":5.319148936170213}]","[{""game_id"":2025021140,""game_date"":""2026-03-26"",""sog"":2.0,""toi"":16.0,""sog_per60"":7.5}]",1,1,1.0,11.28,2.0,16.0,9,5.505752805816334,5.257393209200439,-0.24835959661589513,-0.24835959661589602,-0.43081777368397983,0.1824581770680841,-1.0,True
8481553,2026-10-06,2026-10-08,2026020049,2026020060,10,10,2026020049,2025021155,"[{""game_id"":2026020049,""game_date"":""2026-10-06"",""sog"":2.0,""toi"":13.57,""sog_per60"":8.843036109064112}]","[{""game_id"":2025021155,""game_date"":""2026-03-28"",""sog"":1.0,""toi"":10.82,""sog_per60"":5.545286506469501}]",1,1,2.0,13.57,1.0,10.82,9,5.257393209200439,5.583392984967788,0.3259997757673494,0.3259997757673503,0.43380393442057424,-0.10780415865322378,1.0,True
8481554,2026-10-03,2026-10-04,2026020028,2026020038,10,10,2026020028,2025021221,"[{""game_id"":2026020028,""game_date"":""2026-10-03"",""sog"":0.0,""toi"":13.18,""sog_per60"":0.0}]","[{""game_id"":2025021221,""game_date"":""2026-04-04"",""sog"":1.0,""toi"":14.65,""sog_per60"":4.095563139931741}]",1,1,0.0,13.18,1.0,14.65,9,1.6403526758253024,1.2427506213753106,-0.39760205444999186,-0.39760205444999164,-0.4121691880407146,0.014567133590722764,-1.0,True
8481554,2026-10-04,2026-10-06,2026020038,2026020051,10,10,2026020038,2025021230,"[{""game_id"":2026020038,""game_date"":""2026-10-04"",""sog"":0.0,""toi"":13.25,""sog_per60"":0.0}]","[{""game_id"":2025021230,""game_date"":""2026-04-06"",""sog"":0.0,""toi"":12.43,""sog_per60"":0.0}]",1,1,0.0,13.25,0.0,12.43,9,1.2427506213753106,1.2357544967733078,-0.006996124602002718,-0.006996124602003162,0.0,-0.006996124602002916,0.0,True
8481557,2026-10-03,2026-10-06,2026020031,2026020049,10,10,2026020031,2025021140,"[{""game_id"":2026020031,""game_date"":""2026-10-03"",""sog"":4.0,""toi"":18.08,""sog_per60"":13.27433628318584}]","[{""game_id"":2025021140,""game_date"":""2026-03-26"",""sog"":1.0,""toi"":15.25,""sog_per60"":3.934426229508197}]",1,1,4.0,18.08,1.0,15.25,9,11.027027027027028,11.81919821114838,0.7921711841213526,0.7921711841213543,0.9656431707222317,-0.1734719866008821,3.0,True
8481557,2026-10-06,2026-10-08,2026020049,2026020060,10,10,2026020049,2025021155,"[{""game_id"":2026020049,""game_date"":""2026-10-06"",""sog"":7.0,""toi"":23.4,""sog_per60"":17.94871794871795}]","[{""game_id"":2025021155,""game_date"":""2026-03-28"",""sog"":5.0,""toi"":20.47,""sog_per60"":14.65559355153884}]",1,1,7.0,23.4,5.0,20.47,9,11.81919821114838,12.266722583350807,0.4475243722024267,0.4475243722024267,0.6339691377815431,-0.18644476557911394,2.0,True
8481559,2026-10-03,2026-10-06,2026020029,2026020047,10,10,2026020029,2025021212,"[{""game_id"":2026020029,""game_date"":""2026-10-03"",""sog"":3.0,""toi"":21.02,""sog_per60"":8.56327307326356}]","[{""game_id"":2025021212,""game_date"":""2026-04-04"",""sog"":5.0,""toi"":26.43,""sog_per60"":11.350737797956867}]",1,1,3.0,21.02,5.0,26.43,9,10.919514081623369,10.635320458998041,-0.28419362262532744,-0.28419362262532744,-0.5528647062247432,0.2686710835994148,-2.0,True
8481568,2026-10-03,2026-10-06,2026020022,2026020050,10,10,2026020022,2025021221,"[{""game_id"":2026020022,""game_date"":""2026-10-03"",""sog"":0.0,""toi"":22.55,""sog_per60"":0.0}]","[{""game_id"":2025021221,""game_date"":""2026-04-04"",""sog"":0.0,""toi"":22.45,""sog_per60"":0.0}]",1,1,0.0,22.55,0.0,22.45,9,3.5701889224971497,3.568419487535313,-0.00176943496183668,-0.0017694349618357919,0.0,-0.0017694349618369715,0.0,True
8481568,2026-10-06,2026-10-08,2026020050,2026020062,10,10,2026020050,2025021231,"[{""game_id"":2026020050,""game_date"":""2026-10-06"",""sog"":1.0,""toi"":21.8,""sog_per60"":2.7522935779816513}]","[{""game_id"":2025021231,""game_date"":""2026-04-06"",""sog"":1.0,""toi"":18.0,""sog_per60"":3.333333333333333}]",1,1,1.0,21.8,1.0,18.0,9,3.568419487535313,3.502456584131926,-0.06596290340338706,-0.06596290340338706,0.0,-0.06596290340338692,0.0,True
8481580,2026-10-03,2026-10-06,2026020032,2026020050,10,10,2026020032,2025021194,"[{""game_id"":2026020032,""game_date"":""2026-10-03"",""sog"":2.0,""toi"":15.32,""sog_per60"":7.832898172323759}]","[{""game_id"":2025021194,""game_date"":""2026-04-02"",""sog"":1.0,""toi"":15.38,""sog_per60"":3.901170351105331}]",1,1,2.0,15.32,1.0,15.38,9,4.898574389248257,5.277376390023245,0.3788020007749884,0.3788020007749884,0.376884435493895,0.0019175652810935872,1.0,True
8481580,2026-10-06,2026-10-08,2026020050,2026020063,10,10,2026020050,2025021213,"[{""game_id"":2026020050,""game_date"":""2026-10-06"",""sog"":5.0,""toi"":17.88,""sog_per60"":16.778523489932887}]","[{""game_id"":2025021213,""game_date"":""2026-04-04"",""sog"":5.0,""toi"":16.05,""sog_per60"":18.69158878504673}]",1,1,5.0,17.88,5.0,16.05,9,5.277376390023245,5.217391304347826,-0.05998508567541894,-0.059985085675419825,0.0,-0.059985085675419506,0.0,True
8481581,2026-10-03,2026-10-05,2026020030,2026020043,10,10,2026020030,2025021198,"[{""game_id"":2026020030,""game_date"":""2026-10-03"",""sog"":2.0,""toi"":25.95,""sog_per60"":4.624277456647399}]","[{""game_id"":2025021198,""game_date"":""2026-04-02"",""sog"":2.0,""toi"":19.93,""sog_per60"":6.021073758153538}]",1,1,2.0,25.95,2.0,19.93,9,5.257853919291942,5.122732123799359,-0.13512179549258274,-0.13512179549258274,0.0,-0.13512179549258174,0.0,True
8481581,2026-10-05,2026-10-08,2026020043,2026020057,10,10,2026020043,2025021209,"[{""game_id"":2026020043,""game_date"":""2026-10-05"",""sog"":0.0,""toi"":21.52,""sog_per60"":0.0}]","[{""game_id"":2025021209,""game_date"":""2026-04-04"",""sog"":1.0,""toi"":22.4,""sog_per60"":2.678571428571429}]",1,1,0.0,21.52,1.0,22.4,9,5.122732123799359,4.8849466512405195,-0.23778547255883975,-0.23778547255883975,-0.2566195307592082,0.01883405820036696,-1.0,True
8481582,2026-10-03,2026-10-05,2026020026,2026020042,10,10,2026020026,2025021202,"[{""game_id"":2026020026,""game_date"":""2026-10-03"",""sog"":1.0,""toi"":13.58,""sog_per60"":4.418262150220913}]","[{""game_id"":2025021202,""game_date"":""2026-04-02"",""sog"":2.0,""toi"":11.72,""sog_per60"":10.238907849829353}]",1,1,1.0,13.58,2.0,11.72,9,8.666137069401314,8.123708401624743,-0.5424286677765711,-0.5424286677765728,-0.4304352267777892,-0.11199344099878264,-1.0,True
8481582,2026-10-05,2026-10-07,2026020042,2026020053,10,10,2026020042,2025021217,"[{""game_id"":2026020042,""game_date"":""2026-10-05"",""sog"":1.0,""toi"":15.23,""sog_per60"":3.939592908732764}]","[{""game_id"":2025021217,""game_date"":""2026-04-04"",""sog"":2.0,""toi"":10.23,""sog_per60"":11.730205278592376}]",1,1,1.0,15.23,2.0,10.23,9,8.123708401624743,7.431363104658363,-0.6923452969663799,-0.6923452969663773,-0.4202085529499331,-0.2721367440164458,-1.0,True
8481593,2026-10-03,2026-10-06,2026020026,2026020045,10,10,2026020026,2025021226,"[{""game_id"":2026020026,""game_date"":""2026-10-03"",""sog"":0.0,""toi"":16.15,""sog_per60"":0.0}]","[{""game_id"":2025021226,""game_date"":""2026-04-05"",""sog"":2.0,""toi"":14.38,""sog_per60"":8.344923504867872}]",1,1,0.0,16.15,2.0,14.38,9,3.561535417491096,2.738118521415998,-0.823416896075098,-0.8234168960750976,-0.7868859462727247,-0.036530949802373175,-2.0,True
8481596,2026-10-03,2026-10-05,2026020023,2026020041,10,10,2026020023,2025021191,"[{""game_id"":2026020023,""game_date"":""2026-10-03"",""sog"":4.0,""toi"":20.45,""sog_per60"":11.7359413202934}]","[{""game_id"":2025021191,""game_date"":""2026-04-02"",""sog"":3.0,""toi"":20.17,""sog_per60"":8.924144769459593}]",1,1,4.0,20.45,3.0,20.17,9,6.559766763848396,6.912442396313363,0.35267563246496714,0.35267563246496714,0.3641221222905849,-0.011446489825617454,1.0,True
8481596,2026-10-05,2026-10-06,2026020041,2026020046,10,10,2026020041,2025021208,"[{""game_id"":2026020041,""game_date"":""2026-10-05"",""sog"":2.0,""toi"":17.93,""sog_per60"":6.692693809258227}]","[{""game_id"":2025021208,""game_date"":""2026-04-04"",""sog"":2.0,""toi"":19.65,""sog_per60"":6.106870229007634}]",1,1,2.0,17.93,2.0,19.65,9,6.912442396313363,6.985294117647058,0.072851721333695,0.072851721333695,0.0,0.07285172133369441,0.0,True
8481596,2026-10-06,2026-10-08,2026020046,2026020059,10,10,2026020046,2025021225,"[{""game_id"":2026020046,""game_date"":""2026-10-06"",""sog"":1.0,""toi"":16.62,""sog_per60"":3.6101083032490977}]","[{""game_id"":2025021225,""game_date"":""2026-04-05"",""sog"":3.0,""toi"":17.17,""sog_per60"":10.4834012813046}]",1,1,1.0,16.62,3.0,17.17,9,6.985294117647058,6.271134337534583,-0.7141597801124746,-0.7141597801124755,-0.7365373139726225,0.02237753386014809,-2.0,True
8481598,2026-10-03,2026-10-06,2026020032,2026020050,10,10,2026020032,2025021206,"[{""game_id"":2026020032,""game_date"":""2026-10-03"",""sog"":3.0,""toi"":20.27,""sog_per60"":8.880118401578688}]","[{""game_id"":2025021206,""game_date"":""2026-04-03"",""sog"":1.0,""toi"":23.07,""sog_per60"":2.6007802340702213}]",1,1,3.0,20.27,1.0,23.07,9,4.063664070436845,4.626456477039068,0.562792406602223,0.5627924066022238,0.5110043642378065,0.051788042364416406,2.0,True
8481598,2026-10-06,2026-10-08,2026020050,2026020063,10,10,2026020050,2025021228,"[{""game_id"":2026020050,""game_date"":""2026-10-06"",""sog"":1.0,""toi"":22.42,""sog_per60"":2.676181980374665}]","[{""game_id"":2025021228,""game_date"":""2026-04-05"",""sog"":0.0,""toi"":22.32,""sog_per60"":0.0}]",1,1,1.0,22.42,0.0,22.32,9,4.626456477039068,4.881390768176757,0.2549342911376895,0.2549342911376895,0.25697033171187705,-0.00203604057418769,1.0,True
8481601,2026-10-03,2026-10-06,2026020029,2026020048,10,10,2026020029,2025021173,"[{""game_id"":2026020029,""game_date"":""2026-10-03"",""sog"":1.0,""toi"":16.77,""sog_per60"":3.5778175313059033}]","[{""game_id"":2025021173,""game_date"":""2026-03-30"",""sog"":0.0,""toi"":15.05,""sog_per60"":0.0}]",1,1,1.0,16.77,0.0,15.05,9,3.398663192477626,3.7024570851565133,0.30379389267888746,0.30379389267888746,0.3382266634946319,-0.03443277081574416,1.0,True
8481601,2026-10-06,2026-10-08,2026020048,2026020062,10,10,2026020048,2025021205,"[{""game_id"":2026020048,""game_date"":""2026-10-06"",""sog"":1.0,""toi"":15.18,""sog_per60"":3.9525691699604746}]","[{""game_id"":2025021205,""game_date"":""2026-04-03"",""sog"":3.0,""toi"":20.15,""sog_per60"":8.933002481389579}]",1,1,1.0,15.18,3.0,20.15,9,3.7024570851565133,3.11616365629869,-0.5862934288578234,-0.586293428857823,-0.6828274139969112,0.0965339851390877,-2.0,True
8481604,2026-10-04,2026-10-06,2026020036,2026020048,10,10,2026020036,2025021242,"[{""game_id"":2026020036,""game_date"":""2026-10-04"",""sog"":3.0,""toi"":17.95,""sog_per60"":10.027855153203342}]","[{""game_id"":2025021242,""game_date"":""2026-04-07"",""sog"":2.0,""toi"":17.08,""sog_per60"":7.0257611241217806}]",1,1,3.0,17.95,2.0,17.08,9,11.481193565747772,11.778703152885186,0.29750958713741404,0.2975095871374158,0.3578588487509481,-0.06034926161353465,1.0,True
8481605,2026-10-04,2026-10-07,2026020037,2026020055,10,10,2026020037,2025021190,"[{""game_id"":2026020037,""game_date"":""2026-10-04"",""sog"":0.0,""toi"":28.68,""sog_per60"":0.0}]","[{""game_id"":2025021190,""game_date"":""2026-04-01"",""sog"":1.0,""toi"":23.38,""sog_per60"":2.5662959794696323}]",1,1,0.0,28.68,1.0,23.38,9,3.285593934288121,2.9666254635352285,-0.3189684707528926,-0.31896847075289303,-0.24997839178658787,-0.06899007896630496,-1.0,True
8481606,2026-10-03,2026-10-05,2026020023,2026020041,10,10,2026020023,2025021191,"[{""game_id"":2026020023,""game_date"":""2026-10-03"",""sog"":2.0,""toi"":22.5,""sog_per60"":5.333333333333334}]","[{""game_id"":2025021191,""game_date"":""2026-04-02"",""sog"":2.0,""toi"":30.8,""sog_per60"":3.896103896103896}]",1,1,2.0,22.5,2.0,30.8,9,4.404639553663192,4.591134010100495,0.18649445643730278,0.18649445643730278,0.0,0.18649445643730217,0.0,True
8481606,2026-10-05,2026-10-06,2026020041,2026020046,10,10,2026020041,2025021208,"[{""game_id"":2026020041,""game_date"":""2026-10-05"",""sog"":1.0,""toi"":24.82,""sog_per60"":2.4174053182917}]","[{""game_id"":2025021208,""game_date"":""2026-04-04"",""sog"":1.0,""toi"":22.85,""sog_per60"":2.62582056892779}]",1,1,1.0,24.82,1.0,22.85,9,4.591134010100495,4.545454545454546,-0.045679464645949075,-0.045679464645949075,0.0,-0.04567946464594866,0.0,True
8481606,2026-10-06,2026-10-08,2026020046,2026020059,10,10,2026020046,2025021225,"[{""game_id"":2026020046,""game_date"":""2026-10-06"",""sog"":1.0,""toi"":22.48,""sog_per60"":2.669039145907474}]","[{""game_id"":2025021225,""game_date"":""2026-04-05"",""sog"":1.0,""toi"":19.95,""sog_per60"":3.0075187969924815}]",1,1,1.0,22.48,1.0,19.95,9,4.545454545454546,4.488106517728021,-0.05734802772652525,-0.05734802772652525,0.0,-0.05734802772652475,0.0,True
8481607,2026-10-04,2026-10-06,2026020035,2026020046,10,10,2026020035,2025021207,"[{""game_id"":2026020035,""game_date"":""2026-10-04"",""sog"":1.0,""toi"":12.62,""sog_per60"":4.754358161648178}]","[{""game_id"":2025021207,""game_date"":""2026-04-04"",""sog"":1.0,""toi"":15.38,""sog_per60"":3.901170351105331}]",1,1,1.0,12.62,1.0,15.38,9,2.315559271885251,2.3574094689280334,0.041850197042782256,0.041850197042782256,0.0,0.0418501970427821,0.0,True
8481617,2026-10-03,2026-10-07,2026020028,2026020055,10,10,2026020028,2025021200,"[{""game_id"":2026020028,""game_date"":""2026-10-03"",""sog"":2.0,""toi"":20.37,""sog_per60"":5.89101620029455}]","[{""game_id"":2025021200,""game_date"":""2026-04-02"",""sog"":3.0,""toi"":14.88,""sog_per60"":12.096774193548386}]",1,1,2.0,20.37,3.0,14.88,9,11.72221893315967,11.009174311926605,-0.713044621233065,-0.7130446212330668,-0.3496277263989997,-0.36341689483406653,-1.0,True
8481618,2026-10-03,2026-10-06,2026020026,2026020045,10,10,2026020026,2025021226,"[{""game_id"":2026020026,""game_date"":""2026-10-03"",""sog"":2.0,""toi"":15.72,""sog_per60"":7.633587786259542}]","[{""game_id"":2025021226,""game_date"":""2026-04-05"",""sog"":1.0,""toi"":13.22,""sog_per60"":4.538577912254159}]",1,1,2.0,15.72,1.0,13.22,9,4.63743676222597,4.971688993232979,0.3342522310070093,0.3342522310070093,0.4179462881525546,-0.08369405714554529,1.0,True
8481618,2026-10-06,2026-10-08,2026020045,2026020058,10,10,2026020045,2025021233,"[{""game_id"":2026020045,""game_date"":""2026-10-06"",""sog"":0.0,""toi"":16.63,""sog_per60"":0.0}]","[{""game_id"":2025021233,""game_date"":""2026-04-07"",""sog"":0.0,""toi"":17.25,""sog_per60"":0.0}]",1,1,0.0,16.63,0.0,17.25,9,4.971688993232979,4.993065187239944,0.02137619400696522,0.02137619400696522,0.0,0.02137619400696532,0.0,True
8481624,2026-10-03,2026-10-05,2026020024,2026020040,10,10,2026020024,2025021200,"[{""game_id"":2026020024,""game_date"":""2026-10-03"",""sog"":2.0,""toi"":13.95,""sog_per60"":8.60215053763441}]","[{""game_id"":2025021200,""game_date"":""2026-04-02"",""sog"":2.0,""toi"":19.72,""sog_per60"":6.085192697768764}]",1,1,2.0,13.95,2.0,19.72,9,4.808581468466803,4.98593710048581,0.1773556320190064,0.1773556320190064,0.0,0.17735563201900598,0.0,True
8481624,2026-10-05,2026-10-08,2026020040,2026020060,10,10,2026020040,2025021221,"[{""game_id"":2026020040,""game_date"":""2026-10-05"",""sog"":1.0,""toi"":16.72,""sog_per60"":3.5885167464114835}]","[{""game_id"":2025021221,""game_date"":""2026-04-04"",""sog"":2.0,""toi"":17.23,""sog_per60"":6.964596633778293}]",1,1,1.0,16.72,2.0,17.23,9,4.98593710048581,4.617456551016482,-0.36848054946932773,-0.36848054946932685,-0.3841608345161666,0.015680285046839552,-1.0,True
8481656,2026-10-03,2026-10-07,2026020024,2026020053,10,10,2026020024,2025021166,"[{""game_id"":2026020024,""game_date"":""2026-10-03"",""sog"":0.0,""toi"":15.35,""sog_per60"":0.0}]","[{""game_id"":2025021166,""game_date"":""2026-03-28"",""sog"":1.0,""toi"":6.45,""sog_per60"":9.30232558139535}]",1,1,0.0,15.35,1.0,6.45,9,8.000561442908273,7.133892595283705,-0.8666688476245676,-0.8666688476245703,-0.40870477380517445,-0.4579640738193937,-1.0,True
8481711,2026-10-03,2026-10-06,2026020029,2026020048,10,10,2026020029,2025021202,"[{""game_id"":2026020029,""game_date"":""2026-10-03"",""sog"":2.0,""toi"":14.12,""sog_per60"":8.498583569405099}]","[{""game_id"":2025021202,""game_date"":""2026-04-02"",""sog"":0.0,""toi"":13.87,""sog_per60"":0.0}]",1,1,2.0,14.12,0.0,13.87,9,3.1845020898294965,3.974036296198172,0.7895342063686757,0.7895342063686757,0.7954663908485043,-0.005932184479828968,2.0,True
8481711,2026-10-06,2026-10-08,2026020048,2026020062,10,10,2026020048,2025021217,"[{""game_id"":2026020048,""game_date"":""2026-10-06"",""sog"":1.0,""toi"":14.53,""sog_per60"":4.129387474191328}]","[{""game_id"":2025021217,""game_date"":""2026-04-04"",""sog"":1.0,""toi"":11.73,""sog_per60"":5.115089514066496}]",1,1,1.0,14.53,1.0,11.73,9,3.974036296198172,3.9016777214202105,-0.07235857477796159,-0.07235857477796159,0.0,-0.07235857477796132,0.0,True
8481719,2026-10-05,2026-10-08,2026020040,2026020060,10,10,2026020040,2025020751,"[{""game_id"":2026020040,""game_date"":""2026-10-05"",""sog"":2.0,""toi"":15.4,""sog_per60"":7.792207792207791}]","[{""game_id"":2025020751,""game_date"":""2026-01-16"",""sog"":3.0,""toi"":16.1,""sog_per60"":11.180124223602483}]",1,1,2.0,15.4,3.0,16.1,9,5.866058334691218,5.561310724606074,-0.30474761008514406,-0.30474761008514406,-0.32651402734094775,0.021766417255803926,-1.0,True
8481721,2026-10-03,2026-10-06,2026020029,2026020047,10,10,2026020029,2025021005,"[{""game_id"":2026020029,""game_date"":""2026-10-03"",""sog"":2.0,""toi"":15.37,""sog_per60"":7.807417046193885}]","[{""game_id"":2025021005,""game_date"":""2026-03-08"",""sog"":3.0,""toi"":13.18,""sog_per60"":13.657056145675265}]",1,1,2.0,15.37,3.0,13.18,9,10.219456272518833,9.687419271506071,-0.5320370010127622,-0.5320370010127604,-0.3902763906708682,-0.14176061034189386,-1.0,True
8481726,2026-10-03,2026-10-06,2026020030,2026020044,10,10,2026020030,2025021036,"[{""game_id"":2026020030,""game_date"":""2026-10-03"",""sog"":4.0,""toi"":13.98,""sog_per60"":17.167381974248926}]","[{""game_id"":2025021036,""game_date"":""2026-03-12"",""sog"":2.0,""toi"":13.75,""sog_per60"":8.727272727272727}]",1,1,4.0,13.98,2.0,13.75,9,7.281553398058253,8.713542296986567,1.4319888989283145,1.4319888989283145,1.454283864554706,-0.022294965626392695,2.0,True
8481726,2026-10-06,2026-10-08,2026020044,2026020058,10,10,2026020044,2025021046,"[{""game_id"":2026020044,""game_date"":""2026-10-06"",""sog"":3.0,""toi"":14.18,""sog_per60"":12.693935119887165}]","[{""game_id"":2025021046,""game_date"":""2026-03-14"",""sog"":1.0,""toi"":7.55,""sog_per60"":7.947019867549669}]",1,1,3.0,14.18,1.0,7.55,9,8.713542296986567,9.410710284561953,0.6971679875753853,0.6971679875753871,1.3983221165033057,-0.701154128927919,2.0,True
8481754,2026-10-04,2026-10-07,2026020037,2026020055,10,10,2026020037,2025020615,"[{""game_id"":2026020037,""game_date"":""2026-10-04"",""sog"":0.0,""toi"":10.4,""sog_per60"":0.0}]","[{""game_id"":2025020615,""game_date"":""2025-12-29"",""sog"":3.0,""toi"":12.65,""sog_per60"":14.229249011857709}]",1,1,0.0,10.4,3.0,12.65,9,5.133789670192906,3.800174174649671,-1.3336154955432349,-1.3336154955432344,-1.4125948855003916,0.07897938995715616,-3.0,True
8481789,2026-10-04,2026-10-06,2026020036,2026020048,10,10,2026020036,2025021227,"[{""game_id"":2026020036,""game_date"":""2026-10-04"",""sog"":2.0,""toi"":15.3,""sog_per60"":7.843137254901961}]","[{""game_id"":2025021227,""game_date"":""2026-04-05"",""sog"":0.0,""toi"":9.73,""sog_per60"":0.0}]",1,1,2.0,15.3,0.0,9.73,9,3.3927056827820183,4.080244814688881,0.6875391319068629,0.6875391319068624,0.8321126918166404,-0.14457355990977772,2.0,True
8481806,2026-10-03,2026-10-06,2026020022,2026020049,10,10,2026020022,2025021200,"[{""game_id"":2026020022,""game_date"":""2026-10-03"",""sog"":1.0,""toi"":17.13,""sog_per60"":3.502626970227671}]","[{""game_id"":2025021200,""game_date"":""2026-04-02"",""sog"":1.0,""toi"":21.05,""sog_per60"":2.850356294536817}]",1,1,1.0,17.13,1.0,21.05,9,4.760393525864805,4.861186129415578,0.10079260355077313,0.10079260355077313,0.0,0.1007926035507728,0.0,True
8481806,2026-10-06,2026-10-08,2026020049,2026020057,10,10,2026020049,2025021221,"[{""game_id"":2026020049,""game_date"":""2026-10-06"",""sog"":2.0,""toi"":14.32,""sog_per60"":8.379888268156424}]","[{""game_id"":2025021221,""game_date"":""2026-04-04"",""sog"":1.0,""toi"":20.15,""sog_per60"":2.977667493796526}]",1,1,2.0,14.32,1.0,20.15,9,4.861186129415578,5.353856449723942,0.4926703203083642,0.4926703203083642,0.3293475517010591,0.16332276860730452,1.0,True
8482055,2026-10-03,2026-10-04,2026020033,2026020039,10,10,2026020033,2025021216,"[{""game_id"":2026020033,""game_date"":""2026-10-03"",""sog"":2.0,""toi"":17.83,""sog_per60"":6.730229949523276}]","[{""game_id"":2025021216,""game_date"":""2026-04-04"",""sog"":0.0,""toi"":15.97,""sog_per60"":0.0}]",1,1,2.0,17.83,0.0,15.97,9,6.524102935846321,7.168458781362007,0.6443558455156859,0.6443558455156859,0.7208731021706737,-0.07651725665498851,2.0,True
8482055,2026-10-04,2026-10-08,2026020039,2026020061,10,10,2026020039,2025021242,"[{""game_id"":2026020039,""game_date"":""2026-10-04"",""sog"":3.0,""toi"":16.5,""sog_per60"":10.90909090909091}]","[{""game_id"":2025021242,""game_date"":""2026-04-07"",""sog"":1.0,""toi"":17.98,""sog_per60"":3.337041156840934}]",1,1,3.0,16.5,1.0,17.98,9,7.168458781362007,7.9556412729026045,0.7871824915405972,0.7871824915405963,0.7200429969273097,0.06713949461328769,2.0,True
8482062,2026-10-03,2026-10-06,2026020022,2026020050,10,10,2026020022,2025021218,"[{""game_id"":2026020022,""game_date"":""2026-10-03"",""sog"":0.0,""toi"":15.15,""sog_per60"":0.0}]","[{""game_id"":2025021218,""game_date"":""2026-04-04"",""sog"":3.0,""toi"":11.28,""sog_per60"":15.95744680851064}]",1,1,0.0,15.15,3.0,11.28,9,5.071422534020793,3.4375511540350305,-1.6338713799857625,-1.633871379985763,-1.4973314845391967,-0.13653989544656558,-3.0,True
8482062,2026-10-06,2026-10-08,2026020050,2026020062,10,10,2026020050,2025021242,"[{""game_id"":2026020050,""game_date"":""2026-10-06"",""sog"":1.0,""toi"":14.65,""sog_per60"":4.095563139931741}]","[{""game_id"":2025021242,""game_date"":""2026-04-07"",""sog"":1.0,""toi"":9.5,""sog_per60"":6.315789473684211}]",1,1,1.0,14.65,1.0,9.5,9,3.4375511540350305,3.298515667949423,-0.13903548608560756,-0.13903548608560712,0.0,-0.13903548608560717,0.0,True
8482072,2026-10-03,2026-10-06,2026020030,2026020044,10,10,2026020030,2025020250,"[{""game_id"":2026020030,""game_date"":""2026-10-03"",""sog"":0.0,""toi"":5.82,""sog_per60"":0.0}]","[{""game_id"":2025020250,""game_date"":""2025-11-09"",""sog"":0.0,""toi"":11.27,""sog_per60"":0.0}]",1,1,0.0,5.82,0.0,11.27,9,5.253940455341507,5.471540390607188,0.21759993526568167,0.21759993526568344,0.0,0.21759993526568253,0.0,True
8482073,2026-10-04,2026-10-06,2026020036,2026020048,10,10,2026020036,2025021227,"[{""game_id"":2026020036,""game_date"":""2026-10-04"",""sog"":0.0,""toi"":17.7,""sog_per60"":0.0}]","[{""game_id"":2025021227,""game_date"":""2026-04-05"",""sog"":2.0,""toi"":20.17,""sog_per60"":5.949429846306395}]",1,1,0.0,17.7,2.0,20.17,9,4.309868493756215,3.6972718615203632,-0.612596632235852,-0.6125966322358534,-0.6676439694481335,0.055047337212281236,-2.0,True
8482077,2026-10-03,2026-10-06,2026020032,2026020050,10,10,2026020032,2025021206,"[{""game_id"":2026020032,""game_date"":""2026-10-03"",""sog"":2.0,""toi"":15.58,""sog_per60"":7.702182284980744}]","[{""game_id"":2025021206,""game_date"":""2026-04-03"",""sog"":5.0,""toi"":21.12,""sog_per60"":14.204545454545451}]",1,1,2.0,15.58,5.0,21.12,9,11.092851273623664,10.466222645099906,-0.6266286285237577,-0.6266286285237612,-0.9379395293600726,0.31131090083631485,-3.0,True
8482077,2026-10-06,2026-10-08,2026020050,2026020063,10,10,2026020050,2025021228,"[{""game_id"":2026020050,""game_date"":""2026-10-06"",""sog"":1.0,""toi"":16.05,""sog_per60"":3.7383177570093458}]","[{""game_id"":2025021228,""game_date"":""2026-04-05"",""sog"":4.0,""toi"":18.53,""sog_per60"":12.95196977873718}]",1,1,1.0,16.05,4.0,18.53,9,10.466222645099906,9.6411355115158,-0.8250871335841055,-0.8250871335841037,-0.9577941685348768,0.13270703495077343,-3.0,True
8482078,2026-10-04,2026-10-06,2026020035,2026020046,10,10,2026020035,2025021207,"[{""game_id"":2026020035,""game_date"":""2026-10-04"",""sog"":2.0,""toi"":23.92,""sog_per60"":5.016722408026756}]","[{""game_id"":2025021207,""game_date"":""2026-04-04"",""sog"":2.0,""toi"":19.88,""sog_per60"":6.036217303822938}]",1,1,2.0,23.92,2.0,19.88,9,6.353576534124001,6.220517339692084,-0.13305919443191705,-0.13305919443191616,0.0,-0.13305919443191672,0.0,True
8482079,2026-10-03,2026-10-04,2026020033,2026020039,10,10,2026020033,2025021216,"[{""game_id"":2026020033,""game_date"":""2026-10-03"",""sog"":1.0,""toi"":20.15,""sog_per60"":2.977667493796526}]","[{""game_id"":2025021216,""game_date"":""2026-04-04"",""sog"":2.0,""toi"":17.88,""sog_per60"":6.711409395973155}]",1,1,1.0,20.15,2.0,17.88,9,5.92747559274756,5.506165758531689,-0.42130983421587054,-0.42130983421586965,-0.34640519738786707,-0.07490463682800287,-1.0,True
8482079,2026-10-04,2026-10-08,2026020039,2026020061,10,10,2026020039,2025021242,"[{""game_id"":2026020039,""game_date"":""2026-10-04"",""sog"":1.0,""toi"":18.5,""sog_per60"":3.243243243243243}]","[{""game_id"":2025021242,""game_date"":""2026-04-07"",""sog"":2.0,""toi"":18.03,""sog_per60"":6.655574043261232}]",1,1,1.0,18.5,2.0,18.03,9,5.506165758531689,5.148152385310605,-0.35801337322108395,-0.35801337322108395,-0.3436727594644688,-0.014340613756615274,-1.0,True
8482088,2026-10-03,2026-10-07,2026020024,2026020053,10,10,2026020024,2025021194,"[{""game_id"":2026020024,""game_date"":""2026-10-03"",""sog"":1.0,""toi"":12.4,""sog_per60"":4.838709677419355}]","[{""game_id"":2025021194,""game_date"":""2026-04-02"",""sog"":0.0,""toi"":15.37,""sog_per60"":0.0}]",1,1,1.0,12.4,0.0,15.37,9,1.9374838543012145,2.370448409824192,0.4329645555229775,0.4329645555229775,0.3912857529154708,0.04167880260750696,1.0,True
8482089,2026-10-03,2026-10-06,2026020032,2026020050,10,10,2026020032,2025021206,"[{""game_id"":2026020032,""game_date"":""2026-10-03"",""sog"":1.0,""toi"":13.72,""sog_per60"":4.373177842565597}]","[{""game_id"":2025021206,""game_date"":""2026-04-03"",""sog"":1.0,""toi"":15.98,""sog_per60"":3.7546933667083855}]",1,1,1.0,13.72,1.0,15.98,9,5.3025152957172,5.385252692626346,0.08273739690914628,0.08273739690914717,0.0,0.08273739690914687,0.0,True
8482089,2026-10-06,2026-10-08,2026020050,2026020063,10,10,2026020050,2025021228,"[{""game_id"":2026020050,""game_date"":""2026-10-06"",""sog"":0.0,""toi"":15.25,""sog_per60"":0.0}]","[{""game_id"":2025021228,""game_date"":""2026-04-05"",""sog"":0.0,""toi"":14.93,""sog_per60"":0.0}]",1,1,0.0,15.25,0.0,14.93,9,5.385252692626346,5.37338109672086,-0.011871595905486032,-0.011871595905486032,0.0,-0.011871595905486223,0.0,True
8482092,2026-10-06,2026-10-08,2026020046,2026020059,10,10,2026020046,2025021208,"[{""game_id"":2026020046,""game_date"":""2026-10-06"",""sog"":2.0,""toi"":13.17,""sog_per60"":9.111617312072893}]","[{""game_id"":2025021208,""game_date"":""2026-04-04"",""sog"":6.0,""toi"":15.32,""sog_per60"":23.49869451697128}]",1,1,2.0,13.17,6.0,15.32,9,8.399780875281513,7.0309608979893925,-1.3688199772921203,-1.368819977292123,-1.470516875442127,0.10169689815000603,-4.0,True
8482094,2026-10-03,2026-10-06,2026020031,2026020049,10,10,2026020031,2025020927,"[{""game_id"":2026020031,""game_date"":""2026-10-03"",""sog"":1.0,""toi"":14.15,""sog_per60"":4.240282685512367}]","[{""game_id"":2025020927,""game_date"":""2026-02-26"",""sog"":0.0,""toi"":9.12,""sog_per60"":0.0}]",1,1,1.0,14.15,0.0,9.12,9,2.567080251818348,2.846299810246679,0.279219558428331,0.27921955842833057,0.36125661327029945,-0.08203705484196877,1.0,True
8482094,2026-10-06,2026-10-08,2026020049,2026020060,10,10,2026020049,2025020932,"[{""game_id"":2026020049,""game_date"":""2026-10-06"",""sog"":0.0,""toi"":14.13,""sog_per60"":0.0}]","[{""game_id"":2025020932,""game_date"":""2026-02-27"",""sog"":1.0,""toi"":13.67,""sog_per60"":4.389173372348207}]",1,1,0.0,14.13,1.0,13.67,9,2.846299810246679,2.483737433471319,-0.3625623767753603,-0.3625623767753603,-0.3553035548169402,-0.007258821958419908,-1.0,True
8482095,2026-10-03,2026-10-05,2026020023,2026020041,10,10,2026020023,2025021106,"[{""game_id"":2026020023,""game_date"":""2026-10-03"",""sog"":1.0,""toi"":21.72,""sog_per60"":2.7624309392265194}]","[{""game_id"":2025021106,""game_date"":""2026-03-21"",""sog"":2.0,""toi"":18.22,""sog_per60"":6.586169045005488}]",1,1,1.0,21.72,2.0,18.22,9,5.048114844612715,4.647080084680126,-0.40103475993258897,-0.40103475993258897,-0.3126562583834849,-0.08837850154910376,-1.0,True
8482095,2026-10-05,2026-10-06,2026020041,2026020046,10,10,2026020041,2025021119,"[{""game_id"":2026020041,""game_date"":""2026-10-05"",""sog"":1.0,""toi"":23.35,""sog_per60"":2.569593147751606}]","[{""game_id"":2025021119,""game_date"":""2026-03-23"",""sog"":6.0,""toi"":24.5,""sog_per60"":14.693877551020408}]",1,1,1.0,23.35,6.0,24.5,9,4.647080084680126,3.1165593185123623,-1.5305207661677636,-1.5305207661677636,-1.5536531770747783,0.02313241090701429,-5.0,True
8482095,2026-10-06,2026-10-08,2026020046,2026020059,10,10,2026020046,2025021122,"[{""game_id"":2026020046,""game_date"":""2026-10-06"",""sog"":2.0,""toi"":18.97,""sog_per60"":6.325777543489721}]","[{""game_id"":2025021122,""game_date"":""2026-03-24"",""sog"":1.0,""toi"":28.18,""sog_per60"":2.1291696238466997}]",1,1,2.0,18.97,1.0,28.18,9,3.1165593185123623,3.600458240139654,0.48389892162729176,0.48389892162729176,0.31948515865923877,0.1644137629680528,1.0,True
8482097,2026-10-03,2026-10-06,2026020022,2026020049,10,10,2026020022,2025021191,"[{""game_id"":2026020022,""game_date"":""2026-10-03"",""sog"":5.0,""toi"":19.12,""sog_per60"":15.690376569037657}]","[{""game_id"":2025021191,""game_date"":""2026-04-02"",""sog"":2.0,""toi"":15.22,""sog_per60"":7.884362680683312}]",1,1,5.0,19.12,2.0,15.22,9,10.54481546572935,11.34020618556701,0.7953907198376609,0.7953907198376609,1.0427046908122406,-0.24731397097457966,3.0,True
8482097,2026-10-06,2026-10-08,2026020049,2026020057,10,10,2026020049,2025021213,"[{""game_id"":2026020049,""game_date"":""2026-10-06"",""sog"":2.0,""toi"":21.75,""sog_per60"":5.517241379310345}]","[{""game_id"":2025021213,""game_date"":""2026-04-04"",""sog"":6.0,""toi"":18.45,""sog_per60"":19.51219512195122}]",1,1,2.0,21.75,6.0,18.45,9,11.34020618556701,9.780775716694771,-1.5594304688722396,-1.5594304688722396,-1.361821479691475,-0.19760898918076494,-4.0,True
8482109,2026-10-04,2026-10-06,2026020036,2026020048,10,10,2026020036,2025021227,"[{""game_id"":2026020036,""game_date"":""2026-10-04"",""sog"":4.0,""toi"":21.73,""sog_per60"":11.044638748274274}]","[{""game_id"":2025021227,""game_date"":""2026-04-05"",""sog"":2.0,""toi"":18.1,""sog_per60"":6.629834254143646}]",1,1,4.0,21.73,2.0,18.1,9,4.649103387203896,5.208615918832402,0.5595125316285063,0.5595125316285054,0.657617308298732,-0.0981047766702263,2.0,True
8482110,2026-10-03,2026-10-06,2026020029,2026020047,10,10,2026020029,2025021212,"[{""game_id"":2026020029,""game_date"":""2026-10-03"",""sog"":3.0,""toi"":15.03,""sog_per60"":11.976047904191615}]","[{""game_id"":2025021212,""game_date"":""2026-04-04"",""sog"":3.0,""toi"":21.78,""sog_per60"":8.264462809917356}]",1,1,3.0,15.03,3.0,21.78,9,7.368127267652804,7.65661252900232,0.2884852613495159,0.288485261349515,0.0,0.2884852613495148,0.0,True
8482113,2026-10-04,2026-10-06,2026020037,2026020052,10,10,2026020037,2025020978,"[{""game_id"":2026020037,""game_date"":""2026-10-04"",""sog"":1.0,""toi"":17.55,""sog_per60"":3.418803418803419}]","[{""game_id"":2025020978,""game_date"":""2026-03-05"",""sog"":0.0,""toi"":18.53,""sog_per60"":0.0}]",1,1,1.0,17.55,0.0,18.53,9,5.8872133856641184,6.228589224540642,0.3413758388765231,0.34137583887652223,0.31064139865730866,0.030734440219214273,1.0,True
8482116,2026-10-03,2026-10-05,2026020023,2026020041,10,10,2026020023,2025021152,"[{""game_id"":2026020023,""game_date"":""2026-10-03"",""sog"":2.0,""toi"":22.85,""sog_per60"":5.25164113785558}]","[{""game_id"":2025021152,""game_date"":""2026-03-28"",""sog"":3.0,""toi"":21.68,""sog_per60"":8.302583025830259}]",1,1,2.0,22.85,3.0,21.68,9,7.374027038099139,7.0246882158310004,-0.3493388222681384,-0.34933882226814017,-0.3063361766813625,-0.0430026455867752,-1.0,True
8482116,2026-10-05,2026-10-06,2026020041,2026020046,10,10,2026020041,2025021181,"[{""game_id"":2026020041,""game_date"":""2026-10-05"",""sog"":3.0,""toi"":18.93,""sog_per60"":9.508716323296357}]","[{""game_id"":2025021181,""game_date"":""2026-03-31"",""sog"":2.0,""toi"":21.08,""sog_per60"":5.692599620493358}]",1,1,3.0,18.93,2.0,21.08,9,7.0246882158310004,7.411219763252702,0.3865315474217015,0.38653154742170237,0.3071110251220617,0.0794205222996396,1.0,True
8482116,2026-10-06,2026-10-08,2026020046,2026020059,10,10,2026020046,2025021191,"[{""game_id"":2026020046,""game_date"":""2026-10-06"",""sog"":2.0,""toi"":21.62,""sog_per60"":5.550416281221091}]","[{""game_id"":2025021191,""game_date"":""2026-04-02"",""sog"":2.0,""toi"":19.95,""sog_per60"":6.015037593984963}]",1,1,2.0,21.62,2.0,19.95,9,7.411219763252702,7.348063479103945,-0.06315628414875718,-0.06315628414875718,0.0,-0.06315628414875665,0.0,True
8482124,2026-10-03,2026-10-06,2026020034,2026020052,10,10,2026020034,2025021204,"[{""game_id"":2026020034,""game_date"":""2026-10-03"",""sog"":4.0,""toi"":22.67,""sog_per60"":10.5866784296427}]","[{""game_id"":2025021204,""game_date"":""2026-04-02"",""sog"":2.0,""toi"":22.12,""sog_per60"":5.424954792043399}]",1,1,4.0,22.67,2.0,22.12,9,7.2231139646869975,7.8035115802110955,0.580397615524098,0.5803976155240962,0.6010981426393082,-0.02070052711521152,2.0,True
8482142,2026-10-03,2026-10-05,2026020025,2026020040,10,10,2026020025,2025021205,"[{""game_id"":2026020025,""game_date"":""2026-10-03"",""sog"":0.0,""toi"":24.55,""sog_per60"":0.0}]","[{""game_id"":2025021205,""game_date"":""2026-04-03"",""sog"":1.0,""toi"":18.92,""sog_per60"":3.1712473572938684}]",1,1,0.0,24.55,1.0,18.92,9,4.315925766076822,3.9223010833022034,-0.39362468277461904,-0.3936246827746195,-0.283946373749068,-0.10967830902555101,-1.0,True
8482142,2026-10-05,2026-10-08,2026020040,2026020059,10,10,2026020040,2025021224,"[{""game_id"":2026020040,""game_date"":""2026-10-05"",""sog"":0.0,""toi"":18.17,""sog_per60"":0.0}]","[{""game_id"":2025021224,""game_date"":""2026-04-05"",""sog"":1.0,""toi"":22.25,""sog_per60"":2.696629213483146}]",1,1,0.0,18.17,1.0,22.25,9,3.9223010833022034,3.7128712871287126,-0.20942979617349078,-0.20942979617349078,-0.2828849233591501,0.0734551271856591,-1.0,True
8482145,2026-10-03,2026-10-06,2026020030,2026020044,10,10,2026020030,2025021198,"[{""game_id"":2026020030,""game_date"":""2026-10-03"",""sog"":2.0,""toi"":18.08,""sog_per60"":6.6371681415929205}]","[{""game_id"":2025021198,""game_date"":""2026-04-02"",""sog"":2.0,""toi"":17.98,""sog_per60"":6.674082313681868}]",1,1,2.0,18.08,2.0,17.98,9,10.111097241293223,10.104790419161677,-0.006306822131545431,-0.0063068221315436546,0.0,-0.006306822131545205,0.0,True
8482145,2026-10-06,2026-10-08,2026020044,2026020058,10,10,2026020044,2025021209,"[{""game_id"":2026020044,""game_date"":""2026-10-06"",""sog"":1.0,""toi"":19.25,""sog_per60"":3.116883116883117}]","[{""game_id"":2025021209,""game_date"":""2026-04-04"",""sog"":2.0,""toi"":19.85,""sog_per60"":6.045340050377833}]",1,1,1.0,19.25,2.0,19.85,9,10.104790419161677,9.76709241172051,-0.3376980074411673,-0.3376980074411655,-0.3749544487283884,0.03725644128722057,-1.0,True
8482146,2026-10-03,2026-10-06,2026020029,2026020047,10,10,2026020029,2025021204,"[{""game_id"":2026020029,""game_date"":""2026-10-03"",""sog"":3.0,""toi"":18.92,""sog_per60"":9.513742071881609}]","[{""game_id"":2025021204,""game_date"":""2026-04-02"",""sog"":1.0,""toi"":10.83,""sog_per60"":5.540166204986149}]",1,1,3.0,18.92,1.0,10.83,9,8.830869648684967,9.126308104161597,0.2954384554766296,0.29543845547662784,0.7490031784571145,-0.4535647229804872,2.0,True
8482148,2026-10-03,2026-10-05,2026020026,2026020042,10,10,2026020026,2025021146,"[{""game_id"":2026020026,""game_date"":""2026-10-03"",""sog"":0.0,""toi"":11.37,""sog_per60"":0.0}]","[{""game_id"":2025021146,""game_date"":""2026-03-26"",""sog"":0.0,""toi"":9.23,""sog_per60"":0.0}]",1,1,0.0,11.37,0.0,9.23,9,4.3072505384063176,4.234961963767548,-0.07228857463876981,-0.07228857463876981,0.0,-0.07228857463876973,0.0,True
8482148,2026-10-05,2026-10-07,2026020042,2026020053,10,10,2026020042,2025021166,"[{""game_id"":2026020042,""game_date"":""2026-10-05"",""sog"":0.0,""toi"":10.97,""sog_per60"":0.0}]","[{""game_id"":2025021166,""game_date"":""2026-03-28"",""sog"":1.0,""toi"":8.08,""sog_per60"":7.425742574257425}]",1,1,0.0,10.97,1.0,8.08,9,4.234961963767548,3.680981595092024,-0.5539803686755236,-0.5539803686755231,-0.4653370143470042,-0.08864335432851855,-1.0,True
8482149,2026-10-04,2026-10-05,2026020035,2026020042,10,10,2026020035,2025021198,"[{""game_id"":2026020035,""game_date"":""2026-10-04"",""sog"":2.0,""toi"":17.17,""sog_per60"":6.9889341875364}]","[{""game_id"":2025021198,""game_date"":""2026-04-02"",""sog"":2.0,""toi"":20.57,""sog_per60"":5.83373845405931}]",1,1,2.0,17.17,2.0,20.57,9,4.728992360858494,4.828525442614833,0.09953308175633868,0.0995330817563378,0.0,0.09953308175633824,0.0,True
8482149,2026-10-05,2026-10-07,2026020042,2026020054,10,10,2026020042,2025021215,"[{""game_id"":2026020042,""game_date"":""2026-10-05"",""sog"":4.0,""toi"":19.98,""sog_per60"":12.012012012012011}]","[{""game_id"":2025021215,""game_date"":""2026-04-04"",""sog"":2.0,""toi"":15.82,""sog_per60"":7.585335018963336}]",1,1,4.0,19.98,2.0,15.82,9,4.828525442614833,5.431502715751359,0.6029772731365259,0.6029772731365259,0.7335252150973853,-0.13054794196085912,2.0,True
8482155,2026-10-03,2026-10-06,2026020034,2026020052,10,10,2026020034,2025021204,"[{""game_id"":2026020034,""game_date"":""2026-10-03"",""sog"":0.0,""toi"":16.75,""sog_per60"":0.0}]","[{""game_id"":2025021204,""game_date"":""2026-04-02"",""sog"":5.0,""toi"":24.13,""sog_per60"":12.43265644426026}]",1,1,0.0,16.75,5.0,24.13,9,9.645817633760362,8.452026921270933,-1.1937907124894291,-1.1937907124894274,-1.5361745879403925,0.3423838754509645,-5.0,True
8482157,2026-10-04,2026-10-06,2026020036,2026020048,10,10,2026020036,2025021227,"[{""game_id"":2026020036,""game_date"":""2026-10-04"",""sog"":2.0,""toi"":14.1,""sog_per60"":8.51063829787234}]","[{""game_id"":2025021227,""game_date"":""2026-04-05"",""sog"":6.0,""toi"":12.97,""sog_per60"":27.756360832690824}]",1,1,2.0,14.1,6.0,12.97,9,9.411764705882353,7.785635502497891,-1.6261292033844619,-1.62612920338446,-1.5628772757399851,-0.06325192764447665,-4.0,True
8482159,2026-10-03,2026-10-05,2026020025,2026020040,10,10,2026020025,2025021224,"[{""game_id"":2026020025,""game_date"":""2026-10-03"",""sog"":3.0,""toi"":18.72,""sog_per60"":9.615384615384617}]","[{""game_id"":2025021224,""game_date"":""2026-04-05"",""sog"":2.0,""toi"":18.45,""sog_per60"":6.504065040650407}]",1,1,3.0,18.72,2.0,18.45,9,7.201646090534979,7.532956685499059,0.33131059496408,0.3313105949640782,0.34267132509442616,-0.01136073013034658,1.0,True
8482159,2026-10-05,2026-10-08,2026020040,2026020059,10,10,2026020040,2025021236,"[{""game_id"":2026020040,""game_date"":""2026-10-05"",""sog"":4.0,""toi"":18.92,""sog_per60"":12.684989429175474}]","[{""game_id"":2025021236,""game_date"":""2026-04-07"",""sog"":4.0,""toi"":15.32,""sog_per60"":15.665796344647518}]",1,1,4.0,18.92,4.0,15.32,9,7.532956685499059,7.381311860426102,-0.15164482507295673,-0.15164482507295496,0.0,-0.15164482507295596,0.0,True
8482165,2026-10-04,2026-10-08,2026020038,2026020064,10,10,2026020038,2025021051,"[{""game_id"":2026020038,""game_date"":""2026-10-04"",""sog"":3.0,""toi"":19.53,""sog_per60"":9.216589861751151}]","[{""game_id"":2025021051,""game_date"":""2026-03-14"",""sog"":2.0,""toi"":17.67,""sog_per60"":6.7911714770797955}]",1,1,3.0,19.53,2.0,17.67,9,3.8797284190106684,4.161331626120359,0.28160320710969033,0.281603207109689,0.32170656718135576,-0.040103360071666164,1.0,True
8482175,2026-10-03,2026-10-05,2026020031,2026020041,10,10,2026020031,2025021216,"[{""game_id"":2026020031,""game_date"":""2026-10-03"",""sog"":2.0,""toi"":20.63,""sog_per60"":5.8167716917111}]","[{""game_id"":2025021216,""game_date"":""2026-04-04"",""sog"":2.0,""toi"":14.0,""sog_per60"":8.571428571428571}]",1,1,2.0,20.63,2.0,14.0,9,8.541189577273009,8.204518430439952,-0.33667114683305677,-0.33667114683305677,0.0,-0.33667114683305627,0.0,True
8482175,2026-10-05,2026-10-08,2026020041,2026020056,10,10,2026020041,2025021241,"[{""game_id"":2026020041,""game_date"":""2026-10-05"",""sog"":0.0,""toi"":15.33,""sog_per60"":0.0}]","[{""game_id"":2025021241,""game_date"":""2026-04-07"",""sog"":3.0,""toi"":16.62,""sog_per60"":10.830324909747292}]",1,1,0.0,15.33,3.0,16.62,9,8.204518430439952,7.189503325145288,-1.0150151052946645,-1.0150151052946645,-1.0742900383276326,0.059274933032968116,-3.0,True
8482176,2026-10-03,2026-10-06,2026020022,2026020050,10,10,2026020022,2025021221,"[{""game_id"":2026020022,""game_date"":""2026-10-03"",""sog"":0.0,""toi"":22.97,""sog_per60"":0.0}]","[{""game_id"":2025021221,""game_date"":""2026-04-04"",""sog"":1.0,""toi"":20.68,""sog_per60"":2.9013539651837528}]",1,1,0.0,22.97,1.0,20.68,9,2.2812603963689937,1.9746121297602257,-0.306648266608768,-0.306648266608768,-0.28362249832736397,-0.023025768281403597,-1.0,True
8482176,2026-10-06,2026-10-08,2026020050,2026020062,10,10,2026020050,2025021231,"[{""game_id"":2026020050,""game_date"":""2026-10-06"",""sog"":2.0,""toi"":17.93,""sog_per60"":6.692693809258227}]","[{""game_id"":2025021231,""game_date"":""2026-04-06"",""sog"":0.0,""toi"":21.9,""sog_per60"":0.0}]",1,1,2.0,17.93,0.0,21.9,9,1.9746121297602257,2.5870742107028217,0.612462080942596,0.612462080942596,0.569540137186695,0.04292194375590072,2.0,True
8482177,2026-10-03,2026-10-05,2026020031,2026020041,10,10,2026020031,2025021210,"[{""game_id"":2026020031,""game_date"":""2026-10-03"",""sog"":1.0,""toi"":12.72,""sog_per60"":4.716981132075471}]","[{""game_id"":2025021210,""game_date"":""2026-04-04"",""sog"":0.0,""toi"":16.95,""sog_per60"":0.0}]",1,1,1.0,12.72,0.0,16.95,9,1.9683747785578374,2.4294776623026046,0.46110288374476727,0.4611028837447675,0.3992939497143342,0.061808934030433194,1.0,True
8482177,2026-10-05,2026-10-08,2026020041,2026020056,10,10,2026020041,2025021224,"[{""game_id"":2026020041,""game_date"":""2026-10-05"",""sog"":0.0,""toi"":11.53,""sog_per60"":0.0}]","[{""game_id"":2025021224,""game_date"":""2026-04-05"",""sog"":0.0,""toi"":13.77,""sog_per60"":0.0}]",1,1,0.0,11.53,0.0,13.77,9,2.4294776623026046,2.466767164588187,0.037289502285582365,0.03728950228558192,0.0,0.03728950228558212,0.0,True
8482201,2026-10-03,2026-10-05,2026020024,2026020040,10,10,2026020024,2025021210,"[{""game_id"":2026020024,""game_date"":""2026-10-03"",""sog"":0.0,""toi"":15.78,""sog_per60"":0.0}]","[{""game_id"":2025021210,""game_date"":""2026-04-04"",""sog"":0.0,""toi"":14.23,""sog_per60"":0.0}]",1,1,0.0,15.78,0.0,14.23,9,3.4105981178551126,3.3775331498623964,-0.03306496799271619,-0.03306496799271619,0.0,-0.03306496799271603,0.0,True
8482201,2026-10-05,2026-10-08,2026020040,2026020060,10,10,2026020040,2025021229,"[{""game_id"":2026020040,""game_date"":""2026-10-05"",""sog"":2.0,""toi"":16.2,""sog_per60"":7.407407407407407}]","[{""game_id"":2025021229,""game_date"":""2026-04-06"",""sog"":0.0,""toi"":19.28,""sog_per60"":0.0}]",1,1,2.0,16.2,0.0,19.28,9,3.3775331498623964,4.209183673469387,0.8316505236069909,0.8316505236069913,0.7579345223203116,0.0737160012866795,2.0,True
8482259,2026-10-03,2026-10-04,2026020028,2026020038,10,10,2026020028,2025021221,"[{""game_id"":2026020028,""game_date"":""2026-10-03"",""sog"":3.0,""toi"":17.97,""sog_per60"":10.016694490818027}]","[{""game_id"":2025021221,""game_date"":""2026-04-04"",""sog"":4.0,""toi"":15.95,""sog_per60"":15.04702194357367}]",1,1,3.0,17.97,4.0,15.95,9,11.578409671377491,11.11048762695696,-0.467922044420531,-0.4679220444205292,-0.33861145208199367,-0.12931059233853598,-1.0,True
8482259,2026-10-04,2026-10-06,2026020038,2026020051,10,10,2026020038,2025021230,"[{""game_id"":2026020038,""game_date"":""2026-10-04"",""sog"":6.0,""toi"":15.45,""sog_per60"":23.300970873786408}]","[{""game_id"":2025021230,""game_date"":""2026-04-06"",""sog"":3.0,""toi"":16.87,""sog_per60"":10.669828097213989}]",1,1,6.0,15.45,3.0,16.87,9,11.11048762695696,12.217885627015104,1.1073980000581436,1.1073980000581418,1.0141007326539762,0.09329726740416656,3.0,True
8482408,2026-10-04,2026-10-07,2026020037,2026020055,10,10,2026020037,2025021102,"[{""game_id"":2026020037,""game_date"":""2026-10-04"",""sog"":1.0,""toi"":7.93,""sog_per60"":7.566204287515763}]","[{""game_id"":2025021102,""game_date"":""2026-03-21"",""sog"":0.0,""toi"":10.0,""sog_per60"":0.0}]",1,1,1.0,7.93,0.0,10.0,9,7.319507596761674,8.172531214528945,0.8530236177672714,0.8530236177672723,0.6732270247006003,0.17979659306667162,1.0,True
8482475,2026-10-03,2026-10-05,2026020026,2026020042,10,10,2026020026,2025021183,"[{""game_id"":2026020026,""game_date"":""2026-10-03"",""sog"":2.0,""toi"":17.98,""sog_per60"":6.674082313681868}]","[{""game_id"":2025021183,""game_date"":""2026-03-31"",""sog"":1.0,""toi"":17.08,""sog_per60"":3.5128805620608903}]",1,1,2.0,17.98,1.0,17.08,9,8.820826952526799,9.137983551629604,0.31715659910280536,0.31715659910280714,0.36652689921023374,-0.04937030010742811,1.0,True
8482475,2026-10-05,2026-10-07,2026020042,2026020053,10,10,2026020042,2025021192,"[{""game_id"":2026020042,""game_date"":""2026-10-05"",""sog"":0.0,""toi"":14.0,""sog_per60"":0.0}]","[{""game_id"":2025021192,""game_date"":""2026-04-02"",""sog"":4.0,""toi"":18.32,""sog_per60"":13.100436681222709}]",1,1,0.0,14.0,4.0,18.32,9,9.137983551629604,7.883376087092537,-1.2546074645370675,-1.2546074645370702,-1.48183640671061,0.2272289421735411,-4.0,True
8482476,2026-10-03,2026-10-06,2026020029,2026020048,10,10,2026020029,2025021179,"[{""game_id"":2026020029,""game_date"":""2026-10-03"",""sog"":1.0,""toi"":16.55,""sog_per60"":3.625377643504532}]","[{""game_id"":2025021179,""game_date"":""2026-03-31"",""sog"":1.0,""toi"":15.35,""sog_per60"":3.908794788273616}]",1,1,1.0,16.55,1.0,15.35,9,5.213903743315507,5.1724137931034475,-0.04148995021205959,-0.04148995021205959,0.0,-0.04148995021205937,0.0,True
8482476,2026-10-06,2026-10-08,2026020048,2026020062,10,10,2026020048,2025021205,"[{""game_id"":2026020048,""game_date"":""2026-10-06"",""sog"":0.0,""toi"":16.67,""sog_per60"":0.0}]","[{""game_id"":2025021205,""game_date"":""2026-04-03"",""sog"":1.0,""toi"":15.88,""sog_per60"":3.7783375314861463}]",1,1,0.0,16.67,1.0,15.88,9,5.1724137931034475,4.749653671086482,-0.42276012201696567,-0.4227601220169648,-0.3968412283377104,-0.02591889367925494,-1.0,True
8482482,2026-10-03,2026-10-06,2026020030,2026020044,10,10,2026020030,2025021204,"[{""game_id"":2026020030,""game_date"":""2026-10-03"",""sog"":1.0,""toi"":14.55,""sog_per60"":4.123711340206185}]","[{""game_id"":2025021204,""game_date"":""2026-04-02"",""sog"":2.0,""toi"":14.6,""sog_per60"":8.21917808219178}]",1,1,1.0,14.55,2.0,14.6,9,3.4362293110360227,3.093492208982585,-0.34273710205343777,-0.3427371020534382,-0.3436721438286114,0.0009350417751731541,-1.0,True
8482482,2026-10-06,2026-10-08,2026020044,2026020058,10,10,2026020044,2025021220,"[{""game_id"":2026020044,""game_date"":""2026-10-06"",""sog"":2.0,""toi"":15.08,""sog_per60"":7.957559681697614}]","[{""game_id"":2025021220,""game_date"":""2026-04-04"",""sog"":1.0,""toi"":21.53,""sog_per60"":2.786809103576405}]",1,1,2.0,15.08,1.0,21.53,9,3.093492208982585,3.569091666170959,0.47559945718837415,0.4755994571883746,0.35031526158535825,0.125284195603016,1.0,True
8482511,2026-10-03,2026-10-05,2026020031,2026020041,10,10,2026020031,2025021155,"[{""game_id"":2026020031,""game_date"":""2026-10-03"",""sog"":0.0,""toi"":21.0,""sog_per60"":0.0}]","[{""game_id"":2025021155,""game_date"":""2026-03-28"",""sog"":0.0,""toi"":11.78,""sog_per60"":0.0}]",1,1,0.0,21.0,0.0,11.78,9,2.023495025574729,1.9237962913482607,-0.09969873422646836,-0.09969873422646813,0.0,-0.099698734226468,0.0,True
8482511,2026-10-05,2026-10-08,2026020041,2026020056,10,10,2026020041,2025021224,"[{""game_id"":2026020041,""game_date"":""2026-10-05"",""sog"":2.0,""toi"":21.02,""sog_per60"":5.708848715509039}]","[{""game_id"":2025021224,""game_date"":""2026-04-05"",""sog"":1.0,""toi"":16.27,""sog_per60"":3.687768899815611}]",1,1,2.0,21.02,1.0,16.27,9,1.9237962913482607,2.188868042526579,0.26507175117831827,0.2650717511783185,0.3166640749356821,-0.05159232375736373,1.0,True
8482655,2026-10-03,2026-10-05,2026020024,2026020040,10,10,2026020024,2025021192,"[{""game_id"":2026020024,""game_date"":""2026-10-03"",""sog"":0.0,""toi"":19.38,""sog_per60"":0.0}]","[{""game_id"":2025021192,""game_date"":""2026-04-02"",""sog"":0.0,""toi"":19.22,""sog_per60"":0.0}]",1,1,0.0,19.38,0.0,19.22,9,2.129385520178463,2.1276595744680855,-0.001725945710377541,-0.001725945710377541,0.0,-0.0017259457103773607,0.0,True
8482655,2026-10-05,2026-10-08,2026020040,2026020060,10,10,2026020040,2025021210,"[{""game_id"":2026020040,""game_date"":""2026-10-05"",""sog"":3.0,""toi"":17.05,""sog_per60"":10.557184750733136}]","[{""game_id"":2025021210,""game_date"":""2026-04-04"",""sog"":0.0,""toi"":21.7,""sog_per60"":0.0}]",1,1,3.0,17.05,0.0,21.7,9,2.1276595744680855,3.11284046692607,0.9851808924579846,0.985180892457985,0.922853121710643,0.06232777074734129,3.0,True
8482659,2026-10-03,2026-10-06,2026020022,2026020049,10,10,2026020022,2025021191,"[{""game_id"":2026020022,""game_date"":""2026-10-03"",""sog"":1.0,""toi"":18.1,""sog_per60"":3.314917127071823}]","[{""game_id"":2025021191,""game_date"":""2026-04-02"",""sog"":2.0,""toi"":18.42,""sog_per60"":6.514657980456025}]",1,1,1.0,18.1,2.0,18.42,9,5.8574682720468605,5.478379964781844,-0.3790883072650164,-0.3790883072650164,-0.3909053697151993,0.011817062450182603,-1.0,True
8482659,2026-10-06,2026-10-08,2026020049,2026020057,10,10,2026020049,2025021213,"[{""game_id"":2026020049,""game_date"":""2026-10-06"",""sog"":0.0,""toi"":12.08,""sog_per60"":0.0}]","[{""game_id"":2025021213,""game_date"":""2026-04-04"",""sog"":1.0,""toi"":12.95,""sog_per60"":4.633204633204633}]",1,1,0.0,12.08,1.0,12.95,9,5.478379964781844,5.116096025186935,-0.3622839395949091,-0.3622839395949091,-0.39242935135928864,0.03014541176437991,-1.0,True
8482665,2026-10-03,2026-10-04,2026020028,2026020038,10,10,2026020028,2025021221,"[{""game_id"":2026020028,""game_date"":""2026-10-03"",""sog"":1.0,""toi"":16.1,""sog_per60"":3.726708074534161}]","[{""game_id"":2025021221,""game_date"":""2026-04-04"",""sog"":1.0,""toi"":20.82,""sog_per60"":2.881844380403458}]",1,1,1.0,16.1,1.0,20.82,9,3.6385688295936927,3.7357785702156567,0.09720974062196408,0.09720974062196275,0.0,0.09720974062196365,0.0,True
8482665,2026-10-04,2026-10-06,2026020038,2026020051,10,10,2026020038,2025021230,"[{""game_id"":2026020038,""game_date"":""2026-10-04"",""sog"":0.0,""toi"":15.97,""sog_per60"":0.0}]","[{""game_id"":2025021230,""game_date"":""2026-04-06"",""sog"":1.0,""toi"":15.35,""sog_per60"":3.908794788273616}]",1,1,0.0,15.97,1.0,15.35,9,3.7357785702156567,3.384285633707485,-0.3514929365081718,-0.35149293650817093,-0.33902239851335864,-0.012470537994812864,-1.0,True
8482667,2026-10-03,2026-10-05,2026020023,2026020041,10,10,2026020023,2025021220,"[{""game_id"":2026020023,""game_date"":""2026-10-03"",""sog"":4.0,""toi"":16.27,""sog_per60"":14.751075599262446}]","[{""game_id"":2025021220,""game_date"":""2026-04-04"",""sog"":1.0,""toi"":14.82,""sog_per60"":4.048582995951417}]",1,1,4.0,16.27,1.0,14.82,9,6.226488519911791,7.325065861337788,1.0985773414259974,1.0985773414259965,1.16202797200524,-0.06345063057924269,3.0,True
8482667,2026-10-05,2026-10-06,2026020041,2026020046,10,10,2026020041,2025021231,"[{""game_id"":2026020041,""game_date"":""2026-10-05"",""sog"":2.0,""toi"":17.88,""sog_per60"":6.711409395973155}]","[{""game_id"":2025021231,""game_date"":""2026-04-06"",""sog"":1.0,""toi"":15.05,""sog_per60"":3.986710963455149}]",1,1,2.0,17.88,1.0,15.05,9,7.325065861337788,7.572889057175313,0.2478231958375252,0.24782319583752344,0.38208711751721935,-0.13426392167969442,1.0,True
8482667,2026-10-06,2026-10-08,2026020046,2026020059,10,10,2026020046,2025021246,"[{""game_id"":2026020046,""game_date"":""2026-10-06"",""sog"":3.0,""toi"":20.15,""sog_per60"":8.933002481389579}]","[{""game_id"":2025021246,""game_date"":""2026-04-08"",""sog"":2.0,""toi"":17.33,""sog_per60"":6.924408540103867}]",1,1,3.0,20.15,2.0,17.33,9,7.572889057175313,7.8125,0.23961094282468665,0.23961094282468842,0.3753341311912876,-0.13572318836660147,1.0,True
8482671,2026-10-03,2026-10-06,2026020022,2026020049,10,10,2026020022,2025021191,"[{""game_id"":2026020022,""game_date"":""2026-10-03"",""sog"":1.0,""toi"":25.2,""sog_per60"":2.380952380952381}]","[{""game_id"":2025021191,""game_date"":""2026-04-02"",""sog"":2.0,""toi"":19.57,""sog_per60"":6.131834440470107}]",1,1,1.0,25.2,2.0,19.57,9,3.3185840707964602,2.9650927714632282,-0.353491299333232,-0.353491299333232,-0.27305128044060534,-0.08044001889262627,-1.0,True
8482671,2026-10-06,2026-10-08,2026020049,2026020057,10,10,2026020049,2025021213,"[{""game_id"":2026020049,""game_date"":""2026-10-06"",""sog"":2.0,""toi"":29.07,""sog_per60"":4.12796697626419}]","[{""game_id"":2025021213,""game_date"":""2026-04-04"",""sog"":2.0,""toi"":20.37,""sog_per60"":5.89101620029455}]",1,1,2.0,29.07,2.0,20.37,9,2.9650927714632282,2.853560465216827,-0.11153230624640109,-0.11153230624640065,0.0,-0.11153230624640133,0.0,True
8482679,2026-10-03,2026-10-04,2026020033,2026020038,10,10,2026020033,2025021174,"[{""game_id"":2026020033,""game_date"":""2026-10-03"",""sog"":1.0,""toi"":16.8,""sog_per60"":3.571428571428571}]","[{""game_id"":2025021174,""game_date"":""2026-03-30"",""sog"":2.0,""toi"":15.0,""sog_per60"":8.0}]",1,1,1.0,16.8,2.0,15.0,9,8.516415699827203,8.056640625,-0.4597750748272027,-0.4597750748272027,-0.36824494048537404,-0.09153013434182998,-1.0,True
8482679,2026-10-04,2026-10-08,2026020038,2026020064,10,10,2026020038,2025021201,"[{""game_id"":2026020038,""game_date"":""2026-10-04"",""sog"":5.0,""toi"":22.03,""sog_per60"":13.617793917385384}]","[{""game_id"":2025021201,""game_date"":""2026-04-02"",""sog"":2.0,""toi"":15.57,""sog_per60"":7.707129094412331}]",1,1,5.0,22.03,2.0,15.57,9,8.056640625,8.80798590722255,0.7513452822225499,0.7513452822225481,1.077795560683353,-0.32645027846080377,3.0,True
8482684,2026-10-03,2026-10-06,2026020029,2026020047,10,10,2026020029,2025021157,"[{""game_id"":2026020029,""game_date"":""2026-10-03"",""sog"":3.0,""toi"":21.68,""sog_per60"":8.302583025830259}]","[{""game_id"":2025021157,""game_date"":""2026-03-28"",""sog"":0.0,""toi"":23.35,""sog_per60"":0.0}]",1,1,3.0,21.68,0.0,23.35,9,5.0190304906102305,5.812484205205964,0.7934537145957332,0.7934537145957332,0.755502343657026,0.03795137093870703,3.0,True
8482691,2026-10-03,2026-10-04,2026020033,2026020039,10,10,2026020033,2025021188,"[{""game_id"":2026020033,""game_date"":""2026-10-03"",""sog"":3.0,""toi"":9.5,""sog_per60"":18.94736842105263}]","[{""game_id"":2025021188,""game_date"":""2026-04-01"",""sog"":1.0,""toi"":11.87,""sog_per60"":5.054759898904802}]",1,1,3.0,9.5,1.0,11.87,9,6.09041930194425,7.159904534606205,1.0694852326619548,1.0694852326619566,0.9458207614309969,0.12366447123095936,2.0,True
8482691,2026-10-04,2026-10-08,2026020039,2026020061,10,10,2026020039,2025021199,"[{""game_id"":2026020039,""game_date"":""2026-10-04"",""sog"":0.0,""toi"":9.93,""sog_per60"":0.0}]","[{""game_id"":2025021199,""game_date"":""2026-04-02"",""sog"":1.0,""toi"":12.05,""sog_per60"":4.979253112033195}]",1,1,0.0,9.93,1.0,12.05,9,7.159904534606205,6.797216378054702,-0.36268815655150277,-0.36268815655150455,-0.4814212122745415,0.11873305572303752,-1.0,True
8482699,2026-10-03,2026-10-04,2026020027,2026020036,10,10,2026020027,2025021203,"[{""game_id"":2026020027,""game_date"":""2026-10-03"",""sog"":5.0,""toi"":16.85,""sog_per60"":17.80415430267062}]","[{""game_id"":2025021203,""game_date"":""2026-04-02"",""sog"":3.0,""toi"":16.8,""sog_per60"":10.714285714285715}]",1,1,5.0,16.85,3.0,16.8,9,10.437710437710438,11.10799438990182,0.670283952191383,0.6702839521913866,0.6733062273034222,-0.003022275112039563,2.0,True
8482699,2026-10-04,2026-10-06,2026020036,2026020047,10,10,2026020036,2025021216,"[{""game_id"":2026020036,""game_date"":""2026-10-04"",""sog"":2.0,""toi"":15.75,""sog_per60"":7.619047619047619}]","[{""game_id"":2025021216,""game_date"":""2026-04-04"",""sog"":2.0,""toi"":17.05,""sog_per60"":7.038123167155425}]",1,1,2.0,15.75,2.0,17.05,9,11.10799438990182,11.1896015823679,0.08160719246607862,0.08160719246607506,0.0,0.08160719246607742,0.0,True
8482699,2026-10-06,2026-10-08,2026020047,2026020056,10,10,2026020047,2025021241,"[{""game_id"":2026020047,""game_date"":""2026-10-06"",""sog"":5.0,""toi"":17.52,""sog_per60"":17.123287671232877}]","[{""game_id"":2025021241,""game_date"":""2026-04-07"",""sog"":4.0,""toi"":18.17,""sog_per60"":13.208585580627409}]",1,1,5.0,17.52,4.0,18.17,9,11.1896015823679,11.571185479296652,0.3815838969287526,0.3815838969287544,0.339703910257263,0.04187998667149133,1.0,True
8482702,2026-10-03,2026-10-06,2026020025,2026020045,10,10,2026020025,2025021214,"[{""game_id"":2026020025,""game_date"":""2026-10-03"",""sog"":4.0,""toi"":17.17,""sog_per60"":13.9778683750728}]","[{""game_id"":2025021214,""game_date"":""2026-04-04"",""sog"":1.0,""toi"":16.75,""sog_per60"":3.582089552238806}]",1,1,4.0,17.17,1.0,16.75,9,10.186116700201206,11.28809732848363,1.1019806282824245,1.1019806282824245,1.130300238657582,-0.028319610375158275,3.0,True
8482702,2026-10-06,2026-10-08,2026020045,2026020061,10,10,2026020045,2025021225,"[{""game_id"":2026020045,""game_date"":""2026-10-06"",""sog"":1.0,""toi"":17.7,""sog_per60"":3.389830508474576}]","[{""game_id"":2025021225,""game_date"":""2026-04-05"",""sog"":3.0,""toi"":14.73,""sog_per60"":12.219959266802444}]",1,1,1.0,17.7,3.0,14.73,9,11.28809732848363,10.3429169488395,-0.94518037964413,-0.9451803796441318,-0.7456598019794365,-0.19952057766469414,-2.0,True
8482713,2026-10-03,2026-10-04,2026020028,2026020038,10,10,2026020028,2025021181,"[{""game_id"":2026020028,""game_date"":""2026-10-03"",""sog"":0.0,""toi"":11.9,""sog_per60"":0.0}]","[{""game_id"":2025021181,""game_date"":""2026-03-31"",""sog"":1.0,""toi"":12.77,""sog_per60"":4.698512137823023}]",1,1,0.0,11.9,1.0,12.77,9,7.994923857868019,7.656479295603904,-0.33844456226411523,-0.33844456226411523,-0.3817673123393362,0.043322750075220934,-1.0,True
8482713,2026-10-04,2026-10-06,2026020038,2026020051,10,10,2026020038,2025021193,"[{""game_id"":2026020038,""game_date"":""2026-10-04"",""sog"":3.0,""toi"":18.82,""sog_per60"":9.564293304994688}]","[{""game_id"":2025021193,""game_date"":""2026-04-02"",""sog"":2.0,""toi"":13.93,""sog_per60"":8.614501076812635}]",1,1,3.0,18.82,2.0,13.93,9,7.656479295603904,7.796064843459966,0.13958554785606214,0.13958554785606303,0.3770325739010492,-0.23744702604498646,1.0,True
8482730,2026-10-03,2026-10-06,2026020034,2026020052,10,10,2026020034,2025021204,"[{""game_id"":2026020034,""game_date"":""2026-10-03"",""sog"":5.0,""toi"":20.73,""sog_per60"":14.47178002894356}]","[{""game_id"":2025021204,""game_date"":""2026-04-02"",""sog"":3.0,""toi"":19.67,""sog_per60"":9.150991357397052}]",1,1,5.0,20.73,3.0,19.67,9,5.276013678553982,5.832037325038881,0.5560236464848991,0.5560236464848982,0.5847137372827207,-0.028690090797821866,2.0,True
8482731,2026-10-04,2026-10-07,2026020037,2026020055,8,9,2026020037,,"[{""game_id"":2026020037,""game_date"":""2026-10-04"",""sog"":4.0,""toi"":14.73,""sog_per60"":16.29327902240326}]",[],1,0,4.0,14.73,0.0,0.0,8,4.232970134044055,5.481377371749825,1.24840723770577,1.24840723770577,1.7839488562106176,-0.535541618504847,4.0,True
8482737,2026-10-03,2026-10-06,2026020026,2026020045,10,10,2026020026,2025021195,"[{""game_id"":2026020026,""game_date"":""2026-10-03"",""sog"":0.0,""toi"":11.52,""sog_per60"":0.0}]","[{""game_id"":2025021195,""game_date"":""2026-04-02"",""sog"":1.0,""toi"":13.12,""sog_per60"":4.573170731707317}]",1,1,0.0,11.52,1.0,13.12,9,5.011009035001139,4.611482591653217,-0.39952644334792264,-0.39952644334792176,-0.4583472675372581,0.05882082418933546,-1.0,True
8482737,2026-10-06,2026-10-08,2026020045,2026020058,10,10,2026020045,2025021212,"[{""game_id"":2026020045,""game_date"":""2026-10-06"",""sog"":3.0,""toi"":14.12,""sog_per60"":12.747875354107649}]","[{""game_id"":2025021212,""game_date"":""2026-04-04"",""sog"":0.0,""toi"":15.1,""sog_per60"":0.0}]",1,1,3.0,14.12,0.0,15.1,9,4.611482591653217,6.040424378533261,1.4289417868800447,1.4289417868800447,1.3886944324248973,0.040247354455147114,3.0,True
8482740,2026-10-03,2026-10-05,2026020030,2026020043,10,10,2026020030,2025021198,"[{""game_id"":2026020030,""game_date"":""2026-10-03"",""sog"":2.0,""toi"":22.83,""sog_per60"":5.256241787122208}]","[{""game_id"":2025021198,""game_date"":""2026-04-02"",""sog"":1.0,""toi"":19.33,""sog_per60"":3.103983445421625}]",1,1,2.0,22.83,1.0,19.33,9,8.767509825657564,8.912655971479502,0.14514614582193808,0.1451461458219363,0.29970822870266234,-0.15456208288072462,1.0,True
8482740,2026-10-05,2026-10-08,2026020043,2026020057,10,10,2026020043,2025021209,"[{""game_id"":2026020043,""game_date"":""2026-10-05"",""sog"":3.0,""toi"":16.75,""sog_per60"":10.746268656716415}]","[{""game_id"":2025021209,""game_date"":""2026-04-04"",""sog"":3.0,""toi"":22.13,""sog_per60"":8.133755083596927}]",1,1,3.0,16.75,3.0,22.13,9,8.912655971479502,9.156577474819413,0.24392150333991047,0.24392150333991225,0.0,0.2439215033399106,0.0,True
8482742,2026-10-07,2026-10-08,2026020054,2026020064,10,10,2026020054,2025021161,"[{""game_id"":2026020054,""game_date"":""2026-10-07"",""sog"":3.0,""toi"":8.37,""sog_per60"":21.505376344086024}]","[{""game_id"":2025021161,""game_date"":""2026-03-28"",""sog"":2.0,""toi"":13.75,""sog_per60"":8.727272727272727}]",1,1,3.0,8.37,2.0,13.75,9,8.664259927797834,9.46514423076923,0.8008843029713955,0.8008843029713955,0.44196707511802275,0.35891722785337293,1.0,True
8482745,2026-10-03,2026-10-06,2026020032,2026020050,10,10,2026020032,2025021190,"[{""game_id"":2026020032,""game_date"":""2026-10-03"",""sog"":3.0,""toi"":14.95,""sog_per60"":12.040133779264217}]","[{""game_id"":2025021190,""game_date"":""2026-04-01"",""sog"":2.0,""toi"":8.73,""sog_per60"":13.745704467353953}]",1,1,3.0,14.95,2.0,8.73,9,11.191620632757012,11.1256095048417,-0.06601112791531172,-0.06601112791531172,0.42125327935208223,-0.48726440726739517,1.0,True
8482745,2026-10-06,2026-10-08,2026020050,2026020063,10,10,2026020050,2025021206,"[{""game_id"":2026020050,""game_date"":""2026-10-06"",""sog"":2.0,""toi"":17.33,""sog_per60"":6.924408540103867}]","[{""game_id"":2025021206,""game_date"":""2026-04-03"",""sog"":2.0,""toi"":14.48,""sog_per60"":8.287292817679559}]",1,1,2.0,17.33,2.0,14.48,9,11.1256095048417,10.912030176478511,-0.21357932836318838,-0.21357932836318838,0.0,-0.2135793283631866,0.0,True
8482751,2026-10-03,2026-10-04,2026020028,2026020038,10,10,2026020028,2025021062,"[{""game_id"":2026020028,""game_date"":""2026-10-03"",""sog"":1.0,""toi"":11.43,""sog_per60"":5.2493438320209975}]","[{""game_id"":2025021062,""game_date"":""2026-03-15"",""sog"":2.0,""toi"":13.62,""sog_per60"":8.81057268722467}]",1,1,1.0,11.43,2.0,13.62,9,9.212730318257956,8.930469912821602,-0.2822604054363538,-0.282260405436352,-0.42201047052542456,0.13975006508907,-1.0,True
8482751,2026-10-04,2026-10-06,2026020038,2026020051,10,10,2026020038,2025021076,"[{""game_id"":2026020038,""game_date"":""2026-10-04"",""sog"":3.0,""toi"":15.65,""sog_per60"":11.501597444089455}]","[{""game_id"":2025021076,""game_date"":""2026-03-17"",""sog"":2.0,""toi"":14.43,""sog_per60"":8.316008316008315}]",1,1,3.0,15.65,2.0,14.43,9,8.930469912821602,9.275525261752511,0.3450553489309094,0.3450553489309076,0.42343762833211906,-0.07838227940120802,1.0,True
8482758,2026-10-05,2026-10-07,2026020042,2026020053,10,10,2026020042,2025021067,"[{""game_id"":2026020042,""game_date"":""2026-10-05"",""sog"":1.0,""toi"":13.5,""sog_per60"":4.444444444444445}]","[{""game_id"":2025021067,""game_date"":""2026-03-16"",""sog"":0.0,""toi"":10.15,""sog_per60"":0.0}]",1,1,1.0,13.5,0.0,10.15,9,4.452690166975882,4.779145546705286,0.3264553797294045,0.3264553797294045,0.43986839683539797,-0.11341301710599333,1.0,True
8482765,2026-10-04,2026-10-05,2026020035,2026020042,10,10,2026020035,2025021215,"[{""game_id"":2026020035,""game_date"":""2026-10-04"",""sog"":0.0,""toi"":12.9,""sog_per60"":0.0}]","[{""game_id"":2025021215,""game_date"":""2026-04-04"",""sog"":0.0,""toi"":11.67,""sog_per60"":0.0}]",1,1,0.0,12.9,0.0,11.67,9,5.936675461741425,5.87707125948902,-0.05960420225240437,-0.05960420225240348,0.0,-0.059604202252404315,0.0,True
8482765,2026-10-05,2026-10-07,2026020042,2026020054,10,10,2026020042,2025021230,"[{""game_id"":2026020042,""game_date"":""2026-10-05"",""sog"":1.0,""toi"":12.08,""sog_per60"":4.966887417218543}]","[{""game_id"":2025021230,""game_date"":""2026-04-06"",""sog"":1.0,""toi"":10.08,""sog_per60"":5.952380952380952}]",1,1,1.0,12.08,1.0,10.08,9,5.87707125948902,5.782668058790458,-0.09440320069856245,-0.09440320069856245,0.0,-0.09440320069856262,0.0,True
8482768,2026-10-03,2026-10-07,2026020032,2026020054,10,10,2026020032,2025021204,"[{""game_id"":2026020032,""game_date"":""2026-10-03"",""sog"":2.0,""toi"":15.08,""sog_per60"":7.957559681697614}]","[{""game_id"":2025021204,""game_date"":""2026-04-02"",""sog"":0.0,""toi"":12.9,""sog_per60"":0.0}]",1,1,2.0,15.08,0.0,12.9,9,4.908522980812137,5.708430913348946,0.7999079325368088,0.7999079325368079,0.8853394321496237,-0.08543149961281492,2.0,True
8482768,2026-10-07,2026-10-08,2026020054,2026020064,10,10,2026020054,2025021220,"[{""game_id"":2026020054,""game_date"":""2026-10-07"",""sog"":2.0,""toi"":12.92,""sog_per60"":9.287925696594428}]","[{""game_id"":2025021220,""game_date"":""2026-04-04"",""sog"":0.0,""toi"":10.8,""sog_per60"":0.0}]",1,1,2.0,12.92,0.0,10.8,9,5.708430913348946,6.486019025655808,0.7775881123068622,0.7775881123068631,0.8715113386346651,-0.09392322632780284,2.0,True
8482803,2026-10-03,2026-10-06,2026020022,2026020049,10,10,2026020022,2025021098,"[{""game_id"":2026020022,""game_date"":""2026-10-03"",""sog"":1.0,""toi"":15.52,""sog_per60"":3.865979381443299}]","[{""game_id"":2025021098,""game_date"":""2026-03-20"",""sog"":1.0,""toi"":13.17,""sog_per60"":4.555808656036446}]",1,1,1.0,15.52,1.0,13.17,9,4.99054820415879,4.903417533432393,-0.08713067072639724,-0.08713067072639724,0.0,-0.08713067072639771,0.0,True
8482803,2026-10-06,2026-10-08,2026020049,2026020057,10,10,2026020049,2025021117,"[{""game_id"":2026020049,""game_date"":""2026-10-06"",""sog"":0.0,""toi"":14.87,""sog_per60"":0.0}]","[{""game_id"":2025021117,""game_date"":""2026-03-22"",""sog"":2.0,""toi"":12.75,""sog_per60"":9.411764705882351}]",1,1,0.0,14.87,2.0,12.75,9,4.903417533432393,3.9496781743709772,-0.9537393590614154,-0.9537393590614149,-0.8846183607976997,-0.06912099826371557,-2.0,True
8482806,2026-10-03,2026-10-06,2026020030,2026020044,1,2,2026020030,,"[{""game_id"":2026020030,""game_date"":""2026-10-03"",""sog"":1.0,""toi"":12.25,""sog_per60"":4.897959183673469}]",[],1,0,1.0,12.25,0.0,0.0,1,0.0,2.0668274199104375,2.0668274199104375,2.0668274199104375,2.821256379800272,-0.7544289598898348,1.0,True
8482806,2026-10-06,2026-10-08,2026020044,2026020058,2,3,2026020044,,"[{""game_id"":2026020044,""game_date"":""2026-10-06"",""sog"":1.0,""toi"":10.63,""sog_per60"":5.644402634054562}]",[],1,0,1.0,10.63,0.0,0.0,2,2.0668274199104375,3.02571860816944,0.9588911882590025,0.9588911882590025,1.7898433619975787,-0.830952173738576,1.0,True
8482809,2026-10-03,2026-10-06,2026020025,2026020045,10,10,2026020025,2025021214,"[{""game_id"":2026020025,""game_date"":""2026-10-03"",""sog"":2.0,""toi"":18.72,""sog_per60"":6.410256410256411}]","[{""game_id"":2025021214,""game_date"":""2026-04-04"",""sog"":3.0,""toi"":16.48,""sog_per60"":10.92233009708738}]",1,1,2.0,18.72,3.0,16.48,9,8.314960629921261,7.826573079073236,-0.4883875508480253,-0.4883875508480253,-0.3753233560259282,-0.11306419482209755,-1.0,True
8482809,2026-10-06,2026-10-08,2026020045,2026020061,10,10,2026020045,2025021225,"[{""game_id"":2026020045,""game_date"":""2026-10-06"",""sog"":2.0,""toi"":15.75,""sog_per60"":7.619047619047619}]","[{""game_id"":2025021225,""game_date"":""2026-04-05"",""sog"":0.0,""toi"":15.23,""sog_per60"":0.0}]",1,1,2.0,15.75,0.0,15.23,9,7.826573079073236,8.544362578168533,0.7177894990952973,0.7177894990953009,0.7441879812841068,-0.026398482188808754,2.0,True
8482858,2026-10-03,2026-10-04,2026020028,2026020038,10,10,2026020028,2025021221,"[{""game_id"":2026020028,""game_date"":""2026-10-03"",""sog"":2.0,""toi"":19.05,""sog_per60"":6.299212598425196}]","[{""game_id"":2025021221,""game_date"":""2026-04-04"",""sog"":0.0,""toi"":16.85,""sog_per60"":0.0}]",1,1,2.0,19.05,0.0,16.85,9,1.7366973804814512,2.2912788199914074,0.5545814395099562,0.5545814395099566,0.575859415912501,-0.0212779764025447,2.0,True
8482858,2026-10-04,2026-10-06,2026020038,2026020051,10,10,2026020038,2025021230,"[{""game_id"":2026020038,""game_date"":""2026-10-04"",""sog"":1.0,""toi"":22.45,""sog_per60"":2.67260579064588}]","[{""game_id"":2025021230,""game_date"":""2026-04-06"",""sog"":0.0,""toi"":21.82,""sog_per60"":0.0}]",1,1,1.0,22.45,0.0,21.82,9,2.2912788199914074,2.569960022844089,0.2786812028526815,0.2786812028526815,0.28598048307413454,-0.007299280221453545,1.0,True
8482859,2026-10-03,2026-10-05,2026020034,2026020043,10,10,2026020034,2025021220,"[{""game_id"":2026020034,""game_date"":""2026-10-03"",""sog"":3.0,""toi"":10.23,""sog_per60"":17.59530791788856}]","[{""game_id"":2025021220,""game_date"":""2026-04-04"",""sog"":0.0,""toi"":10.15,""sog_per60"":0.0}]",1,1,3.0,10.23,0.0,10.15,9,3.143006809848088,4.711219682428895,1.5682128725808075,1.5682128725808075,1.5709549828668377,-0.002742110286030417,3.0,True
8482859,2026-10-05,2026-10-08,2026020043,2026020063,10,10,2026020043,2025021231,"[{""game_id"":2026020043,""game_date"":""2026-10-05"",""sog"":1.0,""toi"":11.58,""sog_per60"":5.181347150259067}]","[{""game_id"":2025021231,""game_date"":""2026-04-06"",""sog"":1.0,""toi"":8.15,""sog_per60"":7.361963190184049}]",1,1,1.0,11.58,1.0,8.15,9,4.711219682428895,4.5743329097839895,-0.1368867726449059,-0.1368867726449059,0.0,-0.13688677264490604,0.0,True
8482877,2026-10-04,2026-10-06,2026020036,2026020048,10,10,2026020036,2025021207,"[{""game_id"":2026020036,""game_date"":""2026-10-04"",""sog"":0.0,""toi"":6.08,""sog_per60"":0.0}]","[{""game_id"":2025021207,""game_date"":""2026-04-04"",""sog"":1.0,""toi"":12.0,""sog_per60"":5.0}]",1,1,0.0,6.08,1.0,12.0,9,5.279366476022877,5.012531328320802,-0.26683514770207495,-0.26683514770207584,-0.5424422864856329,0.2756071387835573,-1.0,True
8482964,2026-10-03,2026-10-06,2026020026,2026020045,10,10,2026020026,2025021226,"[{""game_id"":2026020026,""game_date"":""2026-10-03"",""sog"":0.0,""toi"":13.72,""sog_per60"":0.0}]","[{""game_id"":2025021226,""game_date"":""2026-04-05"",""sog"":0.0,""toi"":11.97,""sog_per60"":0.0}]",1,1,0.0,13.72,0.0,11.97,9,4.8076923076923075,4.747176868301805,-0.0605154393905023,-0.0605154393905023,0.0,-0.060515439390502385,0.0,True
8482964,2026-10-06,2026-10-08,2026020045,2026020058,10,10,2026020045,2025021233,"[{""game_id"":2026020045,""game_date"":""2026-10-06"",""sog"":0.0,""toi"":9.2,""sog_per60"":0.0}]","[{""game_id"":2025021233,""game_date"":""2026-04-07"",""sog"":1.0,""toi"":11.6,""sog_per60"":5.172413793103448}]",1,1,0.0,9.2,1.0,11.6,9,4.747176868301805,4.3914220888531075,-0.3557547794486977,-0.3557547794486986,-0.4353518711836465,0.07959709173494842,-1.0,True
8483017,2026-10-05,2026-10-08,2026020041,2026020056,4,5,2026020041,,"[{""game_id"":2026020041,""game_date"":""2026-10-05"",""sog"":1.0,""toi"":18.72,""sog_per60"":3.2051282051282053}]",[],1,0,1.0,18.72,0.0,0.0,4,5.07900677200903,4.687499999999999,-0.3915067720090306,-0.3915067720090297,0.7580719929055144,-1.149578764914545,1.0,True
8483395,2026-10-03,2026-10-04,2026020033,2026020039,10,10,2026020033,2025020451,"[{""game_id"":2026020033,""game_date"":""2026-10-03"",""sog"":0.0,""toi"":11.07,""sog_per60"":0.0}]","[{""game_id"":2025020451,""game_date"":""2025-12-06"",""sog"":0.0,""toi"":7.45,""sog_per60"":0.0}]",1,1,0.0,11.07,0.0,7.45,9,4.545837191682802,4.411404297034556,-0.1344328946482456,-0.1344328946482456,0.0,-0.13443289464824493,0.0,True
8483395,2026-10-04,2026-10-08,2026020039,2026020061,10,10,2026020039,2025020464,"[{""game_id"":2026020039,""game_date"":""2026-10-04"",""sog"":2.0,""toi"":14.07,""sog_per60"":8.528784648187631}]","[{""game_id"":2025020464,""game_date"":""2025-12-08"",""sog"":0.0,""toi"":10.0,""sog_per60"":0.0}]",1,1,2.0,14.07,0.0,10.0,9,4.411404297034556,5.218216318785579,0.8068120217510231,0.8068120217510222,0.9645393347116195,-0.15772731296059656,2.0,True
8483398,2026-10-03,2026-10-05,2026020026,2026020042,10,10,2026020026,2025020980,"[{""game_id"":2026020026,""game_date"":""2026-10-03"",""sog"":3.0,""toi"":20.53,""sog_per60"":8.767657087189479}]","[{""game_id"":2025020980,""game_date"":""2026-03-05"",""sog"":0.0,""toi"":18.37,""sog_per60"":0.0}]",1,1,3.0,20.53,0.0,18.37,9,2.476123098691192,3.4928396786587497,1.0167165799675577,1.0167165799675577,1.0545237586612106,-0.037807178693653055,3.0,True
8483398,2026-10-05,2026-10-07,2026020042,2026020053,10,10,2026020042,2025021015,"[{""game_id"":2026020042,""game_date"":""2026-10-05"",""sog"":3.0,""toi"":18.38,""sog_per60"":9.793253536452667}]","[{""game_id"":2025021015,""game_date"":""2026-03-10"",""sog"":0.0,""toi"":20.58,""sog_per60"":0.0}]",1,1,3.0,18.38,0.0,20.58,9,3.4928396786587497,4.599599009317137,1.1067593306583872,1.1067593306583872,1.054648914412328,0.05211041624605897,3.0,True
8483425,2026-10-03,2026-10-05,2026020030,2026020043,10,10,2026020030,2025021178,"[{""game_id"":2026020030,""game_date"":""2026-10-03"",""sog"":0.0,""toi"":15.2,""sog_per60"":0.0}]","[{""game_id"":2025021178,""game_date"":""2026-03-31"",""sog"":2.0,""toi"":15.2,""sog_per60"":7.894736842105263}]",1,1,0.0,15.2,2.0,15.2,9,1.7683465959328029,1.0610079575596816,-0.7073386383731213,-0.707338638373121,-0.707338638373121,0.0,-2.0,True
8483425,2026-10-05,2026-10-08,2026020043,2026020057,10,10,2026020043,2025021198,"[{""game_id"":2026020043,""game_date"":""2026-10-05"",""sog"":0.0,""toi"":19.38,""sog_per60"":0.0}]","[{""game_id"":2025021198,""game_date"":""2026-04-02"",""sog"":1.0,""toi"":16.55,""sog_per60"":3.625377643504532}]",1,1,0.0,19.38,1.0,16.55,9,1.0610079575596816,0.6957328385899814,-0.3652751189697002,-0.36527511896970033,-0.3507678692407756,-0.014507249728924624,-1.0,True
8483431,2026-10-03,2026-10-04,2026020027,2026020036,10,10,2026020027,2025021203,"[{""game_id"":2026020027,""game_date"":""2026-10-03"",""sog"":1.0,""toi"":16.8,""sog_per60"":3.571428571428571}]","[{""game_id"":2025021203,""game_date"":""2026-04-02"",""sog"":3.0,""toi"":17.23,""sog_per60"":10.44689495066744}]",1,1,1.0,16.8,3.0,17.23,9,6.979449398991857,6.329816768461966,-0.649632630529891,-0.6496326305298918,-0.665502984257009,0.015870353727117856,-2.0,True
8483431,2026-10-04,2026-10-06,2026020036,2026020047,10,10,2026020036,2025021216,"[{""game_id"":2026020036,""game_date"":""2026-10-04"",""sog"":0.0,""toi"":18.47,""sog_per60"":0.0}]","[{""game_id"":2025021216,""game_date"":""2026-04-04"",""sog"":1.0,""toi"":14.75,""sog_per60"":4.067796610169491}]",1,1,0.0,18.47,1.0,14.75,9,6.329816768461966,5.875312806005875,-0.4545039624560916,-0.4545039624560898,-0.32977725898600435,-0.12472670347008688,-1.0,True
8483431,2026-10-06,2026-10-08,2026020047,2026020056,10,10,2026020047,2025021241,"[{""game_id"":2026020047,""game_date"":""2026-10-06"",""sog"":1.0,""toi"":18.87,""sog_per60"":3.1796502384737675}]","[{""game_id"":2025021241,""game_date"":""2026-04-07"",""sog"":3.0,""toi"":18.47,""sog_per60"":9.745533297238763}]",1,1,1.0,18.87,3.0,18.47,9,5.875312806005875,5.211160568885028,-0.6641522371208461,-0.664152237120847,-0.6521038025556406,-0.012048434565206066,-2.0,True
8483445,2026-10-04,2026-10-07,2026020037,2026020055,10,10,2026020037,2025021117,"[{""game_id"":2026020037,""game_date"":""2026-10-04"",""sog"":4.0,""toi"":20.83,""sog_per60"":11.521843494959194}]","[{""game_id"":2025021117,""game_date"":""2026-03-22"",""sog"":2.0,""toi"":16.37,""sog_per60"":7.330482590103848}]",1,1,4.0,20.83,2.0,16.37,9,13.045980686832513,13.430330162283155,0.3843494754506427,0.3843494754506427,0.756770041048691,-0.3724205655980476,2.0,True
8483447,2026-10-03,2026-10-05,2026020024,2026020040,10,10,2026020024,2025021003,"[{""game_id"":2026020024,""game_date"":""2026-10-03"",""sog"":2.0,""toi"":9.17,""sog_per60"":13.086150490730644}]","[{""game_id"":2025021003,""game_date"":""2026-03-08"",""sog"":1.0,""toi"":7.55,""sog_per60"":7.947019867549669}]",1,1,2.0,9.17,1.0,7.55,9,6.122448979591837,6.5106185087583315,0.38816952916649416,0.38816952916649594,0.4680008965058902,-0.07983136733939637,1.0,True
8483447,2026-10-05,2026-10-08,2026020040,2026020060,10,10,2026020040,2025021015,"[{""game_id"":2026020040,""game_date"":""2026-10-05"",""sog"":2.0,""toi"":11.78,""sog_per60"":10.186757215619696}]","[{""game_id"":2025021015,""game_date"":""2026-03-10"",""sog"":1.0,""toi"":9.52,""sog_per60"":6.302521008403361}]",1,1,2.0,11.78,1.0,9.52,9,6.5106185087583315,6.855575868372943,0.3449573596146118,0.34495735961461094,0.4610412852109433,-0.11608392559633125,1.0,True
8483450,2026-10-03,2026-10-06,2026020022,2026020050,10,10,2026020022,2025021231,"[{""game_id"":2026020022,""game_date"":""2026-10-03"",""sog"":0.0,""toi"":15.6,""sog_per60"":0.0}]","[{""game_id"":2025021231,""game_date"":""2026-04-06"",""sog"":0.0,""toi"":15.57,""sog_per60"":0.0}]",1,1,0.0,15.6,0.0,15.57,9,4.634099246958872,4.633204633204633,-0.0008946137542391597,-0.0008946137542391597,0.0,-0.0008946137542396176,0.0,True
8483450,2026-10-06,2026-10-08,2026020050,2026020062,10,10,2026020050,2025021255,"[{""game_id"":2026020050,""game_date"":""2026-10-06"",""sog"":1.0,""toi"":14.0,""sog_per60"":4.285714285714286}]","[{""game_id"":2025021255,""game_date"":""2026-04-09"",""sog"":2.0,""toi"":12.48,""sog_per60"":9.615384615384617}]",1,1,1.0,14.0,2.0,12.48,9,4.633204633204633,4.205964822839664,-0.42723981036496905,-0.42723981036496905,-0.38423041227017773,-0.04300939809479106,-1.0,True
8483455,2026-10-03,2026-10-07,2026020028,2026020055,10,10,2026020028,2025020786,"[{""game_id"":2026020028,""game_date"":""2026-10-03"",""sog"":1.0,""toi"":8.37,""sog_per60"":7.168458781362008}]","[{""game_id"":2025020786,""game_date"":""2026-01-20"",""sog"":0.0,""toi"":12.77,""sog_per60"":0.0}]",1,1,1.0,8.37,0.0,12.77,9,8.846124000931171,9.640877319836104,0.7947533189049327,0.7947533189049345,0.47381466986251236,0.32093864904242136,1.0,True
8483457,2026-10-03,2026-10-06,2026020026,2026020045,10,10,2026020026,2025021212,"[{""game_id"":2026020026,""game_date"":""2026-10-03"",""sog"":3.0,""toi"":29.1,""sog_per60"":6.185567010309278}]","[{""game_id"":2025021212,""game_date"":""2026-04-04"",""sog"":1.0,""toi"":29.78,""sog_per60"":2.014775016789792}]",1,1,3.0,29.1,1.0,29.78,9,1.2813941568426448,1.7991775188485264,0.5177833620058816,0.5177833620058816,0.5133041912040327,0.004479170801848856,2.0,True
8483457,2026-10-06,2026-10-08,2026020045,2026020058,10,10,2026020045,2025021226,"[{""game_id"":2026020045,""game_date"":""2026-10-06"",""sog"":2.0,""toi"":29.35,""sog_per60"":4.088586030664395}]","[{""game_id"":2025021226,""game_date"":""2026-04-05"",""sog"":0.0,""toi"":24.68,""sog_per60"":0.0}]",1,1,2.0,29.35,0.0,24.68,9,1.7991775188485264,2.267859392717652,0.4686818738691254,0.46868187386912497,0.5090097368041316,-0.04032786293500637,2.0,True
8483460,2026-10-03,2026-10-05,2026020025,2026020040,10,10,2026020025,2025020774,"[{""game_id"":2026020025,""game_date"":""2026-10-03"",""sog"":1.0,""toi"":13.17,""sog_per60"":4.555808656036446}]","[{""game_id"":2025020774,""game_date"":""2026-01-19"",""sog"":0.0,""toi"":12.82,""sog_per60"":0.0}]",1,1,1.0,13.17,0.0,12.82,9,3.901170351105332,4.3763676148796495,0.4751972637743176,0.4751972637743185,0.4869546811040638,-0.011757417329745674,1.0,True
8483460,2026-10-05,2026-10-08,2026020040,2026020059,10,10,2026020040,2025020801,"[{""game_id"":2026020040,""game_date"":""2026-10-05"",""sog"":1.0,""toi"":17.7,""sog_per60"":3.389830508474576}]","[{""game_id"":2025020801,""game_date"":""2026-01-22"",""sog"":1.0,""toi"":8.07,""sog_per60"":7.434944237918215}]",1,1,1.0,17.7,1.0,8.07,9,4.3763676148796495,4.059539918809202,-0.3168276960704475,-0.3168276960704475,0.0,-0.31682769607044775,0.0,True
8483468,2026-10-03,2026-10-06,2026020022,2026020049,10,10,2026020022,2025020109,"[{""game_id"":2026020022,""game_date"":""2026-10-03"",""sog"":1.0,""toi"":13.52,""sog_per60"":4.437869822485207}]","[{""game_id"":2025020109,""game_date"":""2025-10-22"",""sog"":2.0,""toi"":15.68,""sog_per60"":7.653061224489796}]",1,1,1.0,13.52,2.0,15.68,9,4.847505554433448,4.509120721459316,-0.3383848329741328,-0.3383848329741319,-0.40693943089499895,0.06855459792086552,-1.0,True
8483468,2026-10-06,2026-10-08,2026020049,2026020057,10,10,2026020049,2025020123,"[{""game_id"":2026020049,""game_date"":""2026-10-06"",""sog"":2.0,""toi"":13.93,""sog_per60"":8.614501076812635}]","[{""game_id"":2025020123,""game_date"":""2025-10-24"",""sog"":1.0,""toi"":16.83,""sog_per60"":3.5650623885918007}]",1,1,2.0,13.93,1.0,16.83,9,4.509120721459316,5.018470760437722,0.5093500389784067,0.5093500389784067,0.41406298114517703,0.09528705783322985,1.0,True
8483471,2026-10-04,2026-10-05,2026020035,2026020042,10,10,2026020035,2025021215,"[{""game_id"":2026020035,""game_date"":""2026-10-04"",""sog"":2.0,""toi"":10.45,""sog_per60"":11.483253588516746}]","[{""game_id"":2025021215,""game_date"":""2026-04-04"",""sog"":3.0,""toi"":11.5,""sog_per60"":15.652173913043478}]",1,1,2.0,10.45,3.0,11.5,9,6.44814615797958,6.036217303822938,-0.41192885415664193,-0.4119288541566437,-0.4624531382067464,0.05052428405010385,-1.0,True
8483471,2026-10-05,2026-10-07,2026020042,2026020054,10,10,2026020042,2025021230,"[{""game_id"":2026020042,""game_date"":""2026-10-05"",""sog"":1.0,""toi"":12.72,""sog_per60"":4.716981132075471}]","[{""game_id"":2025021230,""game_date"":""2026-04-06"",""sog"":3.0,""toi"":10.87,""sog_per60"":16.55933762649494}]",1,1,1.0,12.72,3.0,10.87,9,6.036217303822938,5.035477225909819,-1.000740077913119,-1.0007400779131181,-0.9220950648872726,-0.07864501302584578,-2.0,True
8483476,2026-10-03,2026-10-04,2026020033,2026020039,10,10,2026020033,2025020838,"[{""game_id"":2026020033,""game_date"":""2026-10-03"",""sog"":1.0,""toi"":11.25,""sog_per60"":5.333333333333334}]","[{""game_id"":2025020838,""game_date"":""2026-01-27"",""sog"":4.0,""toi"":16.08,""sog_per60"":14.92537313432836}]",1,1,1.0,11.25,4.0,16.08,9,5.492409794797467,4.276888959290353,-1.2155208355071139,-1.2155208355071139,-1.3993660508980756,0.18384521539096205,-3.0,True
8483476,2026-10-04,2026-10-08,2026020039,2026020061,10,10,2026020039,2025020855,"[{""game_id"":2026020039,""game_date"":""2026-10-04"",""sog"":1.0,""toi"":10.52,""sog_per60"":5.7034220532319395}]","[{""game_id"":2025020855,""game_date"":""2026-01-29"",""sog"":0.0,""toi"":11.55,""sog_per60"":0.0}]",1,1,1.0,10.52,0.0,11.55,9,4.276888959290353,4.791184221033299,0.5142952617429453,0.5142952617429453,0.4771641532344624,0.03713110850848218,1.0,True
8483482,2026-10-04,2026-10-07,2026020037,2026020055,10,10,2026020037,2023020399,"[{""game_id"":2026020037,""game_date"":""2026-10-04"",""sog"":1.0,""toi"":26.6,""sog_per60"":2.255639097744361}]","[{""game_id"":2023020399,""game_date"":""2023-12-07"",""sog"":1.0,""toi"":22.67,""sog_per60"":2.646669607410675}]",1,1,1.0,26.6,1.0,22.67,9,3.4587116299178553,3.394625176803394,-0.06408645311446115,-0.06408645311446115,0.0,-0.0640864531144613,0.0,True
8483489,2026-10-03,2026-10-05,2026020031,2026020041,10,10,2026020031,2025021210,"[{""game_id"":2026020031,""game_date"":""2026-10-03"",""sog"":3.0,""toi"":14.47,""sog_per60"":12.439530062197653}]","[{""game_id"":2025021210,""game_date"":""2026-04-04"",""sog"":3.0,""toi"":19.07,""sog_per60"":9.438909281594126}]",1,1,3.0,14.47,3.0,19.07,9,5.662714563794018,5.820651185351362,0.15793662155734367,0.15793662155734278,0.0,0.1579366215573444,0.0,True
8483489,2026-10-05,2026-10-08,2026020041,2026020056,10,10,2026020041,2025021224,"[{""game_id"":2026020041,""game_date"":""2026-10-05"",""sog"":1.0,""toi"":16.27,""sog_per60"":3.687768899815611}]","[{""game_id"":2025021224,""game_date"":""2026-04-05"",""sog"":1.0,""toi"":15.13,""sog_per60"":3.965631196298744}]",1,1,1.0,16.27,1.0,15.13,9,5.820651185351362,5.780694887697959,-0.03995629765340247,-0.03995629765340336,0.0,-0.039956297653403194,0.0,True
8483490,2026-10-04,2026-10-07,2026020037,2026020055,10,10,2026020037,2025021117,"[{""game_id"":2026020037,""game_date"":""2026-10-04"",""sog"":0.0,""toi"":19.83,""sog_per60"":0.0}]","[{""game_id"":2025021117,""game_date"":""2026-03-22"",""sog"":1.0,""toi"":21.33,""sog_per60"":2.8129395218002813}]",1,1,0.0,19.83,1.0,21.33,9,3.9547736145616796,3.6785367598222036,-0.276236854739476,-0.2762368547394751,-0.30537904247573333,0.02914218773625711,-1.0,True
8483493,2026-10-03,2026-10-06,2026020022,2026020050,10,10,2026020022,2025021221,"[{""game_id"":2026020022,""game_date"":""2026-10-03"",""sog"":2.0,""toi"":19.97,""sog_per60"":6.009013520280421}]","[{""game_id"":2025021221,""game_date"":""2026-04-04"",""sog"":1.0,""toi"":18.95,""sog_per60"":3.16622691292876}]",1,1,2.0,19.97,1.0,18.95,9,4.509191814082554,4.827586206896552,0.31839439281399784,0.31839439281399873,0.3458442474912388,-0.02744985467724107,1.0,True
8483493,2026-10-06,2026-10-08,2026020050,2026020062,10,10,2026020050,2025021231,"[{""game_id"":2026020050,""game_date"":""2026-10-06"",""sog"":3.0,""toi"":19.57,""sog_per60"":9.197751660705162}]","[{""game_id"":2025021231,""game_date"":""2026-04-06"",""sog"":6.0,""toi"":21.58,""sog_per60"":16.682113067655237}]",1,1,3.0,19.57,6.0,21.58,9,4.827586206896552,3.83743240886098,-0.9901537980355717,-0.9901537980355708,-1.0405276168822968,0.050373818846725274,-3.0,True
8483495,2026-10-03,2026-10-04,2026020033,2026020038,10,10,2026020033,2025021212,"[{""game_id"":2026020033,""game_date"":""2026-10-03"",""sog"":0.0,""toi"":19.98,""sog_per60"":0.0}]","[{""game_id"":2025021212,""game_date"":""2026-04-04"",""sog"":2.0,""toi"":18.38,""sog_per60"":6.528835690968444}]",1,1,0.0,19.98,2.0,18.38,9,4.886461626904283,4.278786726252733,-0.60767490065155,-0.6076749006515492,-0.5726913676465125,-0.03498353300503687,-2.0,True
8483495,2026-10-04,2026-10-08,2026020038,2026020064,10,10,2026020038,2025021226,"[{""game_id"":2026020038,""game_date"":""2026-10-04"",""sog"":3.0,""toi"":21.23,""sog_per60"":8.478568064060292}]","[{""game_id"":2025021226,""game_date"":""2026-04-05"",""sog"":1.0,""toi"":17.5,""sog_per60"":3.4285714285714284}]",1,1,3.0,21.23,1.0,17.5,9,4.278786726252733,4.764796561872285,0.48600983561955236,0.48600983561955147,0.5655345991152185,-0.07952476349566695,2.0,True
8483499,2026-10-03,2026-10-04,2026020033,2026020039,10,10,2026020033,2025021216,"[{""game_id"":2026020033,""game_date"":""2026-10-03"",""sog"":3.0,""toi"":17.32,""sog_per60"":10.392609699769054}]","[{""game_id"":2025021216,""game_date"":""2026-04-04"",""sog"":1.0,""toi"":16.48,""sog_per60"":3.6407766990291264}]",1,1,3.0,17.32,1.0,16.48,9,2.057966043560281,2.7308414405188595,0.6728753969585783,0.6728753969585788,0.6843495206582376,-0.011474123699659715,2.0,True
8483499,2026-10-04,2026-10-08,2026020039,2026020061,10,10,2026020039,2025021242,"[{""game_id"":2026020039,""game_date"":""2026-10-04"",""sog"":2.0,""toi"":14.93,""sog_per60"":8.037508372404556}]","[{""game_id"":2025021242,""game_date"":""2026-04-07"",""sog"":0.0,""toi"":16.33,""sog_per60"":0.0}]",1,1,2.0,14.93,0.0,16.33,9,2.7308414405188595,3.4409588805413773,0.7101174400225179,0.7101174400225174,0.685451068118995,0.024666371903523093,2.0,True
8483500,2026-10-03,2026-10-06,2026020022,2026020049,10,10,2026020022,2025021047,"[{""game_id"":2026020022,""game_date"":""2026-10-03"",""sog"":2.0,""toi"":17.38,""sog_per60"":6.904487917146145}]","[{""game_id"":2025021047,""game_date"":""2026-03-14"",""sog"":0.0,""toi"":15.77,""sog_per60"":0.0}]",1,1,2.0,17.38,0.0,15.77,9,4.065040650406504,4.756967738000854,0.6919270875943493,0.6919270875943493,0.7354697452677899,-0.04354265767344066,2.0,True
8483500,2026-10-06,2026-10-08,2026020049,2026020057,10,10,2026020049,2025021075,"[{""game_id"":2026020049,""game_date"":""2026-10-06"",""sog"":2.0,""toi"":20.65,""sog_per60"":5.811138014527845}]","[{""game_id"":2025021075,""game_date"":""2026-03-17"",""sog"":0.0,""toi"":15.77,""sog_per60"":0.0}]",1,1,2.0,20.65,0.0,15.77,9,4.756967738000854,5.330174711282203,0.5732069732813496,0.5732069732813496,0.7212655759829818,-0.14805860270163268,2.0,True
8483505,2026-10-05,2026-10-08,2026020041,2026020056,10,10,2026020041,2024020918,"[{""game_id"":2026020041,""game_date"":""2026-10-05"",""sog"":0.0,""toi"":11.47,""sog_per60"":0.0}]","[{""game_id"":2024020918,""game_date"":""2025-02-25"",""sog"":1.0,""toi"":13.9,""sog_per60"":4.316546762589928}]",1,1,0.0,11.47,1.0,13.9,9,7.428040854224699,7.0972320794889985,-0.3308087747357007,-0.3308087747356989,-0.46870067934415516,0.13789190460845385,-1.0,True
8483506,2026-10-06,2026-10-08,2026020050,2026020062,10,10,2026020050,2025021231,"[{""game_id"":2026020050,""game_date"":""2026-10-06"",""sog"":2.0,""toi"":17.75,""sog_per60"":6.76056338028169}]","[{""game_id"":2025021231,""game_date"":""2026-04-06"",""sog"":1.0,""toi"":16.57,""sog_per60"":3.621001810500905}]",1,1,2.0,17.75,1.0,16.57,9,4.877784401929435,5.169906833970596,0.29212243204116106,0.29212243204116106,0.32415240195922895,-0.03202996991806763,1.0,True
8483515,2026-10-03,2026-10-06,2026020026,2026020045,10,10,2026020026,2025021226,"[{""game_id"":2026020026,""game_date"":""2026-10-03"",""sog"":1.0,""toi"":18.2,""sog_per60"":3.2967032967032965}]","[{""game_id"":2025021226,""game_date"":""2026-04-05"",""sog"":2.0,""toi"":22.45,""sog_per60"":5.34521158129176}]",1,1,1.0,18.2,2.0,22.45,9,8.917343089059106,8.787861034624173,-0.12948205443493244,-0.12948205443493244,-0.3472445877897739,0.21776253335483953,-1.0,True
8483515,2026-10-06,2026-10-08,2026020045,2026020058,10,10,2026020045,2025021233,"[{""game_id"":2026020045,""game_date"":""2026-10-06"",""sog"":2.0,""toi"":19.72,""sog_per60"":6.085192697768764}]","[{""game_id"":2025021233,""game_date"":""2026-04-07"",""sog"":5.0,""toi"":19.6,""sog_per60"":15.306122448979592}]",1,1,2.0,19.72,5.0,19.6,9,8.787861034624173,7.7278847842632175,-1.0599762503609558,-1.0599762503609567,-1.0541728973681244,-0.005803352992829903,-3.0,True
8483516,2026-10-03,2026-10-06,2026020032,2026020050,10,10,2026020032,2025021206,"[{""game_id"":2026020032,""game_date"":""2026-10-03"",""sog"":1.0,""toi"":14.85,""sog_per60"":4.040404040404041}]","[{""game_id"":2025021206,""game_date"":""2026-04-03"",""sog"":2.0,""toi"":19.53,""sog_per60"":6.1443932411674345}]",1,1,1.0,14.85,2.0,19.53,9,11.092985318107667,11.047874121191832,-0.045111196915835095,-0.04511119691583687,-0.3305241691702653,0.2854129722544302,-1.0,True
8483516,2026-10-06,2026-10-08,2026020050,2026020063,10,10,2026020050,2025021228,"[{""game_id"":2026020050,""game_date"":""2026-10-06"",""sog"":3.0,""toi"":18.97,""sog_per60"":9.488666315234582}]","[{""game_id"":2025021228,""game_date"":""2026-04-05"",""sog"":8.0,""toi"":17.53,""sog_per60"":27.38163148887621}]",1,1,3.0,18.97,8.0,17.53,9,11.047874121191832,9.299236134174691,-1.7486379870171405,-1.7486379870171405,-1.6672491012476627,-0.08138888576947716,-5.0,True
8483521,2026-10-04,2026-10-07,2026020037,2026020055,3,4,2026020037,,"[{""game_id"":2026020037,""game_date"":""2026-10-04"",""sog"":2.0,""toi"":15.95,""sog_per60"":7.523510971786835}]",[],1,0,2.0,15.95,0.0,0.0,3,4.116167390807226,5.026809651474531,0.9106422606673057,0.9106422606673039,2.377417727230648,-1.4667754665633432,2.0,True
8483524,2026-10-03,2026-10-04,2026020028,2026020038,10,10,2026020028,2025021076,"[{""game_id"":2026020028,""game_date"":""2026-10-03"",""sog"":0.0,""toi"":14.67,""sog_per60"":0.0}]","[{""game_id"":2025021076,""game_date"":""2026-03-17"",""sog"":1.0,""toi"":15.85,""sog_per60"":3.785488958990536}]",1,1,0.0,14.67,1.0,15.85,9,5.858054825384904,5.45578540577404,-0.4022694196108638,-0.4022694196108647,-0.45263419288359413,0.05036477327272971,-1.0,True
8483524,2026-10-04,2026-10-06,2026020038,2026020051,10,10,2026020038,2025021087,"[{""game_id"":2026020038,""game_date"":""2026-10-04"",""sog"":1.0,""toi"":14.78,""sog_per60"":4.059539918809201}]","[{""game_id"":2025021087,""game_date"":""2026-03-19"",""sog"":1.0,""toi"":15.25,""sog_per60"":3.934426229508197}]",1,1,1.0,14.78,1.0,15.25,9,5.45578540577404,5.475285171102661,0.01949976532862152,0.01949976532862152,0.0,0.01949976532862177,0.0,True
8483525,2026-10-03,2026-10-06,2026020031,2026020049,10,10,2026020031,2025021208,"[{""game_id"":2026020031,""game_date"":""2026-10-03"",""sog"":1.0,""toi"":12.68,""sog_per60"":4.73186119873817}]","[{""game_id"":2025021208,""game_date"":""2026-04-04"",""sog"":0.0,""toi"":13.47,""sog_per60"":0.0}]",1,1,1.0,12.68,0.0,13.47,9,4.273199914536002,4.727116458960034,0.4539165444240325,0.4539165444240325,0.42852892567952894,0.025387618744503418,1.0,True
8483525,2026-10-06,2026-10-08,2026020049,2026020060,10,10,2026020049,2025021222,"[{""game_id"":2026020049,""game_date"":""2026-10-06"",""sog"":2.0,""toi"":14.35,""sog_per60"":8.362369337979093}]","[{""game_id"":2025021222,""game_date"":""2026-04-05"",""sog"":0.0,""toi"":11.03,""sog_per60"":0.0}]",1,1,2.0,14.35,0.0,11.03,9,4.727116458960034,5.4568350356793065,0.7297185767192724,0.7297185767192715,0.849494401111558,-0.11977582439228661,2.0,True
8483553,2026-10-04,2026-10-06,2026020039,2026020051,10,10,2026020039,2025021205,"[{""game_id"":2026020039,""game_date"":""2026-10-04"",""sog"":1.0,""toi"":9.12,""sog_per60"":6.578947368421053}]","[{""game_id"":2025021205,""game_date"":""2026-04-03"",""sog"":1.0,""toi"":10.63,""sog_per60"":5.644402634054562}]",1,1,1.0,9.12,1.0,10.63,9,9.506707510298932,9.660798626019751,0.1540911157208189,0.1540911157208189,0.0,0.15409111572081863,0.0,True
8483553,2026-10-06,2026-10-08,2026020051,2026020065,10,10,2026020051,2025021214,"[{""game_id"":2026020051,""game_date"":""2026-10-06"",""sog"":3.0,""toi"":9.15,""sog_per60"":19.67213114754098}]","[{""game_id"":2025021214,""game_date"":""2026-04-04"",""sog"":2.0,""toi"":10.52,""sog_per60"":11.40684410646388}]",1,1,3.0,9.15,2.0,10.52,9,9.660798626019751,10.458655626974616,0.7978570009548651,0.7978570009548651,0.6488596092102819,0.14899739174458343,1.0,True
8483570,2026-10-03,2026-10-06,2026020028,2026020051,10,10,2026020028,2025021104,"[{""game_id"":2026020028,""game_date"":""2026-10-03"",""sog"":0.0,""toi"":10.98,""sog_per60"":0.0}]","[{""game_id"":2025021104,""game_date"":""2026-03-21"",""sog"":1.0,""toi"":11.35,""sog_per60"":5.286343612334802}]",1,1,0.0,10.98,1.0,11.35,9,3.491562058358966,3.002001334222815,-0.48956072413615104,-0.4895607241361506,-0.49956406773468454,0.01000334359853387,-1.0,True
8483609,2026-10-03,2026-10-04,2026020033,2026020038,10,10,2026020033,2025021174,"[{""game_id"":2026020033,""game_date"":""2026-10-03"",""sog"":0.0,""toi"":8.12,""sog_per60"":0.0}]","[{""game_id"":2025021174,""game_date"":""2026-03-30"",""sog"":2.0,""toi"":11.83,""sog_per60"":10.14370245139476}]",1,1,0.0,8.12,2.0,11.83,9,7.551240560949299,6.695805821631172,-0.8554347393181274,-0.8554347393181265,-1.0973581442513571,0.24192340493322947,-2.0,True
8483609,2026-10-04,2026-10-08,2026020038,2026020064,10,10,2026020038,2025021201,"[{""game_id"":2026020038,""game_date"":""2026-10-04"",""sog"":3.0,""toi"":11.28,""sog_per60"":15.95744680851064}]","[{""game_id"":2025021201,""game_date"":""2026-04-02"",""sog"":1.0,""toi"":8.37,""sog_per60"":7.168458781362008}]",1,1,3.0,11.28,1.0,8.37,9,6.695805821631172,7.605939876856211,0.910134055225039,0.910134055225039,1.1012652382447081,-0.19113118301966883,2.0,True
8483676,2026-10-03,2026-10-05,2026020023,2026020041,10,10,2026020023,2025020890,"[{""game_id"":2026020023,""game_date"":""2026-10-03"",""sog"":2.0,""toi"":10.12,""sog_per60"":11.857707509881424}]","[{""game_id"":2025020890,""game_date"":""2026-02-03"",""sog"":1.0,""toi"":7.2,""sog_per60"":8.333333333333334}]",1,1,2.0,10.12,1.0,7.2,9,6.926952141057934,7.3319755600814664,0.4050234190235322,0.40502341902353134,0.62036044262724,-0.21533702360370793,1.0,True
8483676,2026-10-05,2026-10-06,2026020041,2026020046,10,10,2026020041,2025020907,"[{""game_id"":2026020041,""game_date"":""2026-10-05"",""sog"":0.0,""toi"":9.65,""sog_per60"":0.0}]","[{""game_id"":2025020907,""game_date"":""2026-02-05"",""sog"":1.0,""toi"":7.57,""sog_per60"":7.926023778071333}]",1,1,0.0,9.65,1.0,7.57,9,7.3319755600814664,6.58157159952134,-0.750403960560126,-0.7504039605601251,-0.6046613271028493,-0.14574263345727706,-1.0,True
8483676,2026-10-06,2026-10-08,2026020046,2026020059,10,10,2026020046,2025020920,"[{""game_id"":2026020046,""game_date"":""2026-10-06"",""sog"":2.0,""toi"":10.62,""sog_per60"":11.299435028248588}]","[{""game_id"":2025020920,""game_date"":""2026-02-26"",""sog"":0.0,""toi"":6.63,""sog_per60"":0.0}]",1,1,2.0,10.62,0.0,6.63,9,6.58157159952134,7.480579265368753,0.8990076658474129,0.8990076658474138,1.1737538651247112,-0.2747461992772986,2.0,True
8483678,2026-10-03,2026-10-04,2026020033,2026020039,10,10,2026020033,2025021216,"[{""game_id"":2026020033,""game_date"":""2026-10-03"",""sog"":1.0,""toi"":14.78,""sog_per60"":4.059539918809201}]","[{""game_id"":2025021216,""game_date"":""2026-04-04"",""sog"":0.0,""toi"":18.97,""sog_per60"":0.0}]",1,1,1.0,14.78,0.0,18.97,9,2.982107355864811,3.4445365822542575,0.4624292263894465,0.46242922638944695,0.3777448532001205,0.08468437318932603,1.0,True
8483678,2026-10-04,2026-10-08,2026020039,2026020061,10,10,2026020039,2025021242,"[{""game_id"":2026020039,""game_date"":""2026-10-04"",""sog"":0.0,""toi"":17.07,""sog_per60"":0.0}]","[{""game_id"":2025021242,""game_date"":""2026-04-07"",""sog"":0.0,""toi"":16.15,""sog_per60"":0.0}]",1,1,0.0,17.07,0.0,16.15,9,3.4445365822542575,3.4244403576637703,-0.02009622459048721,-0.02009622459048721,0.0,-0.02009622459048739,0.0,True
8483679,2026-10-04,2026-10-06,2026020035,2026020046,5,6,2026020035,,"[{""game_id"":2026020035,""game_date"":""2026-10-04"",""sog"":0.0,""toi"":13.5,""sog_per60"":0.0}]",[],1,0,0.0,13.5,0.0,0.0,5,3.163222269084774,2.7690603655159682,-0.394161903568806,-0.3941619035688064,0.0,-0.3941619035688057,0.0,True
8483690,2026-10-04,2026-10-06,2026020036,2026020048,10,10,2026020036,2025021227,"[{""game_id"":2026020036,""game_date"":""2026-10-04"",""sog"":1.0,""toi"":17.62,""sog_per60"":3.40522133938706}]","[{""game_id"":2025021227,""game_date"":""2026-04-05"",""sog"":2.0,""toi"":15.63,""sog_per60"":7.677543186180422}]",1,1,1.0,17.62,2.0,15.63,9,4.575072785248857,4.102564102564102,-0.47250868268475443,-0.47250868268475443,-0.41308605900315315,-0.05942262368160084,-1.0,True
8483695,2026-10-03,2026-10-06,2026020029,2026020047,4,5,2026020029,,"[{""game_id"":2026020029,""game_date"":""2026-10-03"",""sog"":1.0,""toi"":8.22,""sog_per60"":7.2992700729927}]",[],1,0,1.0,8.22,0.0,0.0,4,2.97029702970297,3.4873583260680032,0.5170612963650334,0.5170612963650334,0.9309692957089953,-0.4139079993439624,1.0,True
8483771,2026-10-04,2026-10-06,2026020037,2026020052,10,10,2026020037,2025020930,"[{""game_id"":2026020037,""game_date"":""2026-10-04"",""sog"":4.0,""toi"":13.63,""sog_per60"":17.60821716801174}]","[{""game_id"":2025020930,""game_date"":""2026-02-27"",""sog"":1.0,""toi"":7.87,""sog_per60"":7.6238881829733165}]",1,1,4.0,13.63,1.0,7.87,9,7.006617360840795,8.04709038074659,1.0404730199057957,1.0404730199057965,1.3712526011462955,-0.3307795812405001,3.0,True
8483808,2026-10-03,2026-10-05,2026020026,2026020042,10,10,2026020026,2025020787,"[{""game_id"":2026020026,""game_date"":""2026-10-03"",""sog"":2.0,""toi"":11.72,""sog_per60"":10.238907849829353}]","[{""game_id"":2025020787,""game_date"":""2026-01-20"",""sog"":4.0,""toi"":16.32,""sog_per60"":14.705882352941176}]",1,1,2.0,11.72,4.0,16.32,9,6.1597426596399965,5.511977952088191,-0.6477647075518052,-0.647764707551806,-0.8346478146494504,0.1868831070976445,-2.0,True
8483890,2026-10-04,2026-10-06,2026020039,2026020051,10,10,2026020039,2025021056,"[{""game_id"":2026020039,""game_date"":""2026-10-04"",""sog"":1.0,""toi"":10.68,""sog_per60"":5.617977528089888}]","[{""game_id"":2025021056,""game_date"":""2026-03-14"",""sog"":0.0,""toi"":14.28,""sog_per60"":0.0}]",1,1,1.0,10.68,0.0,14.28,9,6.010016694490817,6.712564543889844,0.7025478493990267,0.7025478493990267,0.5085929216508294,0.19395492774819736,1.0,True
8483890,2026-10-06,2026-10-08,2026020051,2026020065,10,10,2026020051,2025021075,"[{""game_id"":2026020051,""game_date"":""2026-10-06"",""sog"":1.0,""toi"":15.1,""sog_per60"":3.9735099337748343}]","[{""game_id"":2025021075,""game_date"":""2026-03-17"",""sog"":1.0,""toi"":14.07,""sog_per60"":4.264392324093816}]",1,1,1.0,15.1,1.0,14.07,9,6.712564543889844,6.653586965793738,-0.05897757809610571,-0.05897757809610571,0.0,-0.0589775780961066,0.0,True
8484136,2026-10-03,2026-10-04,2026020033,2026020039,10,10,2026020033,2025021188,"[{""game_id"":2026020033,""game_date"":""2026-10-03"",""sog"":4.0,""toi"":12.23,""sog_per60"":19.623875715453803}]","[{""game_id"":2025021188,""game_date"":""2026-04-01"",""sog"":2.0,""toi"":15.3,""sog_per60"":7.843137254901961}]",1,1,4.0,12.23,2.0,15.3,9,4.711593375214163,5.693015108386249,0.9814217331720858,0.9814217331720858,0.8662509095806494,0.11517082359143616,2.0,True
8484136,2026-10-04,2026-10-08,2026020039,2026020061,10,10,2026020039,2025021199,"[{""game_id"":2026020039,""game_date"":""2026-10-04"",""sog"":1.0,""toi"":16.4,""sog_per60"":3.658536585365854}]","[{""game_id"":2025021199,""game_date"":""2026-04-02"",""sog"":0.0,""toi"":13.5,""sog_per60"":0.0}]",1,1,1.0,16.4,0.0,13.5,9,5.693015108386249,6.003859624044028,0.31084451565777904,0.31084451565777904,0.4333856775548897,-0.12254116189711098,1.0,True
8484142,2026-10-05,2026-10-08,2026020040,2026020059,10,10,2026020040,2025021163,"[{""game_id"":2026020040,""game_date"":""2026-10-05"",""sog"":0.0,""toi"":13.1,""sog_per60"":0.0}]","[{""game_id"":2025021163,""game_date"":""2026-03-28"",""sog"":0.0,""toi"":14.73,""sog_per60"":0.0}]",1,1,0.0,13.1,0.0,14.73,9,3.8393856982882735,3.890104546559688,0.05071884827141471,0.05071884827141471,0.0,0.050718848271414374,0.0,True
8484145,2026-10-03,2026-10-06,2026020022,2026020049,10,10,2026020022,2025021191,"[{""game_id"":2026020022,""game_date"":""2026-10-03"",""sog"":1.0,""toi"":19.55,""sog_per60"":3.0690537084398977}]","[{""game_id"":2025021191,""game_date"":""2026-04-02"",""sog"":1.0,""toi"":17.58,""sog_per60"":3.4129692832764507}]",1,1,1.0,19.55,1.0,17.58,9,7.047216349541929,6.966618287373004,-0.08059806216892529,-0.08059806216892706,0.0,-0.08059806216892534,0.0,True
8484145,2026-10-06,2026-10-08,2026020049,2026020057,10,10,2026020049,2025021213,"[{""game_id"":2026020049,""game_date"":""2026-10-06"",""sog"":2.0,""toi"":20.68,""sog_per60"":5.8027079303675055}]","[{""game_id"":2025021213,""game_date"":""2026-04-04"",""sog"":3.0,""toi"":15.33,""sog_per60"":11.741682974559687}]",1,1,2.0,20.68,3.0,15.33,9,6.966618287373004,6.418918918918919,-0.5476993684540847,-0.5476993684540847,-0.34308437610324405,-0.20461499235084069,-1.0,True
8484152,2026-10-03,2026-10-05,2026020034,2026020043,10,10,2026020034,2024021117,"[{""game_id"":2026020034,""game_date"":""2026-10-03"",""sog"":3.0,""toi"":21.35,""sog_per60"":8.430913348946135}]","[{""game_id"":2024021117,""game_date"":""2025-03-22"",""sog"":1.0,""toi"":15.27,""sog_per60"":3.929273084479372}]",1,1,3.0,21.35,1.0,15.27,9,4.289249381358262,4.789017187250572,0.4997678058923096,0.4997678058923096,0.6492100725878531,-0.14944226669554317,2.0,True
8484152,2026-10-05,2026-10-08,2026020043,2026020063,10,10,2026020043,2024021152,"[{""game_id"":2026020043,""game_date"":""2026-10-05"",""sog"":0.0,""toi"":19.02,""sog_per60"":0.0}]","[{""game_id"":2024021152,""game_date"":""2025-03-27"",""sog"":2.0,""toi"":14.38,""sog_per60"":8.344923504867872}]",1,1,0.0,19.02,2.0,14.38,9,4.789017187250572,4.050475151892818,-0.7385420353577539,-0.7385420353577539,-0.6308428241674344,-0.10769921119031886,-2.0,True
8484153,2026-10-04,2026-10-07,2026020037,2026020055,10,10,2026020037,2025021190,"[{""game_id"":2026020037,""game_date"":""2026-10-04"",""sog"":0.0,""toi"":20.43,""sog_per60"":0.0}]","[{""game_id"":2025021190,""game_date"":""2026-04-01"",""sog"":5.0,""toi"":19.8,""sog_per60"":15.151515151515152}]",1,1,0.0,20.43,5.0,19.8,9,11.753183153770811,10.08622092077436,-1.6669622329964504,-1.6669622329964504,-1.6295981875330914,-0.0373640454633603,-5.0,True
8484158,2026-10-03,2026-10-06,2026020023,2026020044,10,10,2026020023,2025021217,"[{""game_id"":2026020023,""game_date"":""2026-10-03"",""sog"":0.0,""toi"":12.12,""sog_per60"":0.0}]","[{""game_id"":2025021217,""game_date"":""2026-04-04"",""sog"":3.0,""toi"":18.1,""sog_per60"":9.94475138121547}]",1,1,0.0,12.12,3.0,18.1,9,4.9666133215606205,4.108885464817669,-0.8577278567429518,-0.8577278567429527,-1.0102720152582707,0.15254415851531836,-3.0,True
8484158,2026-10-06,2026-10-08,2026020044,2026020065,10,10,2026020044,2025021245,"[{""game_id"":2026020044,""game_date"":""2026-10-06"",""sog"":3.0,""toi"":16.02,""sog_per60"":11.235955056179776}]","[{""game_id"":2025021245,""game_date"":""2026-04-08"",""sog"":0.0,""toi"":20.73,""sog_per60"":0.0}]",1,1,3.0,16.02,0.0,20.73,9,4.108885464817669,5.277973258268824,1.1690877934511557,1.1690877934511565,1.041408008929091,0.1276797845220654,3.0,True
8484160,2026-10-04,2026-10-06,2026020035,2026020046,10,10,2026020035,2025020593,"[{""game_id"":2026020035,""game_date"":""2026-10-04"",""sog"":0.0,""toi"":8.15,""sog_per60"":0.0}]","[{""game_id"":2025020593,""game_date"":""2025-12-27"",""sog"":1.0,""toi"":12.1,""sog_per60"":4.958677685950414}]",1,1,0.0,8.15,1.0,12.1,9,2.400576138273186,1.983143282102132,-0.41743285617105386,-0.4174328561710534,-0.4879505240900851,0.07051766791903112,-1.0,True
8484164,2026-10-03,2026-10-06,2026020032,2026020050,10,10,2026020032,2025021206,"[{""game_id"":2026020032,""game_date"":""2026-10-03"",""sog"":3.0,""toi"":12.28,""sog_per60"":14.65798045602606}]","[{""game_id"":2025021206,""game_date"":""2026-04-03"",""sog"":1.0,""toi"":14.85,""sog_per60"":4.040404040404041}]",1,1,3.0,12.28,1.0,14.85,9,5.601034037052995,6.584241714829176,0.9832076777761811,0.9832076777761811,0.869798219736278,0.11340945803990238,2.0,True
8484164,2026-10-06,2026-10-08,2026020050,2026020063,10,10,2026020050,2025021228,"[{""game_id"":2026020050,""game_date"":""2026-10-06"",""sog"":1.0,""toi"":10.83,""sog_per60"":5.540166204986149}]","[{""game_id"":2025021228,""game_date"":""2026-04-05"",""sog"":1.0,""toi"":11.22,""sog_per60"":5.347593582887701}]",1,1,1.0,10.83,1.0,11.22,9,6.584241714829176,6.603081438004403,0.018839723175227086,0.018839723175226197,0.0,0.018839723175227262,0.0,True
8484180,2026-10-03,2026-10-04,2026020033,2026020038,10,10,2026020033,2025020215,"[{""game_id"":2026020033,""game_date"":""2026-10-03"",""sog"":0.0,""toi"":15.67,""sog_per60"":0.0}]","[{""game_id"":2025020215,""game_date"":""2025-11-05"",""sog"":2.0,""toi"":15.15,""sog_per60"":7.92079207920792}]",1,1,0.0,15.67,2.0,15.15,9,4.016661707825052,3.1120331950207474,-0.9046285128043046,-0.904628512804305,-0.8908719160311444,-0.013756596773160379,-2.0,True
8484180,2026-10-04,2026-10-08,2026020038,2026020064,10,10,2026020038,2025020229,"[{""game_id"":2026020038,""game_date"":""2026-10-04"",""sog"":0.0,""toi"":15.48,""sog_per60"":0.0}]","[{""game_id"":2025020229,""game_date"":""2025-11-07"",""sog"":0.0,""toi"":12.7,""sog_per60"":0.0}]",1,1,0.0,15.48,0.0,12.7,9,3.1120331950207474,3.0492231740961238,-0.06281002092462362,-0.06281002092462362,0.0,-0.06281002092462408,0.0,True
8484185,2026-10-03,2026-10-06,2026020022,2026020050,10,10,2026020022,2025021231,"[{""game_id"":2026020022,""game_date"":""2026-10-03"",""sog"":1.0,""toi"":7.68,""sog_per60"":7.812500000000001}]","[{""game_id"":2025021231,""game_date"":""2026-04-06"",""sog"":1.0,""toi"":13.05,""sog_per60"":4.597701149425287}]",1,1,1.0,7.68,1.0,13.05,9,4.357614932093834,4.534461910519952,0.17684697842611818,0.1768469784261173,0.0,0.17684697842611768,0.0,True
8484185,2026-10-06,2026-10-08,2026020050,2026020062,10,10,2026020050,2025021255,"[{""game_id"":2026020050,""game_date"":""2026-10-06"",""sog"":0.0,""toi"":9.65,""sog_per60"":0.0}]","[{""game_id"":2025021255,""game_date"":""2026-04-09"",""sog"":3.0,""toi"":16.53,""sog_per60"":10.889292196007258}]",1,1,0.0,9.65,3.0,16.53,9,4.534461910519952,3.3482142857142856,-1.1862476248056666,-1.1862476248056657,-1.3976437763739111,0.2113961515682451,-3.0,True
8484186,2026-10-03,2026-10-07,2026020024,2026020053,10,10,2026020024,2025021194,"[{""game_id"":2026020024,""game_date"":""2026-10-03"",""sog"":3.0,""toi"":14.17,""sog_per60"":12.70289343683839}]","[{""game_id"":2025021194,""game_date"":""2026-04-02"",""sog"":4.0,""toi"":13.77,""sog_per60"":17.429193899782135}]",1,1,3.0,14.17,4.0,13.77,9,13.054627399176315,12.54938415059261,-0.5052432485837048,-0.5052432485837066,-0.4655143492026148,-0.03972889938109077,-1.0,True
8484188,2026-10-03,2026-10-06,2026020032,2026020050,10,10,2026020032,2025021206,"[{""game_id"":2026020032,""game_date"":""2026-10-03"",""sog"":0.0,""toi"":14.43,""sog_per60"":0.0}]","[{""game_id"":2025021206,""game_date"":""2026-04-03"",""sog"":2.0,""toi"":17.02,""sog_per60"":7.050528789659224}]",1,1,0.0,14.43,2.0,17.02,9,3.812604702212466,3.166783954961295,-0.6458207472511708,-0.6458207472511712,-0.6984653113584489,0.052644564107278205,-2.0,True
8484197,2026-10-03,2026-10-06,2026020022,2026020050,10,10,2026020022,2025020938,"[{""game_id"":2026020022,""game_date"":""2026-10-03"",""sog"":1.0,""toi"":9.5,""sog_per60"":6.315789473684211}]","[{""game_id"":2025020938,""game_date"":""2026-02-28"",""sog"":2.0,""toi"":11.35,""sog_per60"":10.572687224669604}]",1,1,1.0,9.5,2.0,11.35,9,7.097591888466413,6.695278969957082,-0.40231291850933104,-0.40231291850933104,-0.51099615420182,0.1086832356924891,-1.0,True
8484197,2026-10-06,2026-10-08,2026020050,2026020062,10,10,2026020050,2025020949,"[{""game_id"":2026020050,""game_date"":""2026-10-06"",""sog"":0.0,""toi"":12.27,""sog_per60"":0.0}]","[{""game_id"":2025020949,""game_date"":""2026-03-01"",""sog"":2.0,""toi"":10.83,""sog_per60"":11.080332409972298}]",1,1,0.0,12.27,2.0,10.83,9,6.695278969957082,5.596065796167543,-1.099213173789539,-1.099213173789539,-1.023754713424517,-0.07545846036502199,-2.0,True
8484210,2026-10-04,2026-10-06,2026020036,2026020048,10,10,2026020036,2025021244,"[{""game_id"":2026020036,""game_date"":""2026-10-04"",""sog"":1.0,""toi"":18.3,""sog_per60"":3.278688524590164}]","[{""game_id"":2025021244,""game_date"":""2026-04-08"",""sog"":0.0,""toi"":12.15,""sog_per60"":0.0}]",1,1,1.0,18.3,0.0,12.15,9,5.093711225755894,5.2737317930688095,0.1800205673129156,0.1800205673129156,0.38425953425955234,-0.2042389669466363,1.0,True
8484221,2026-10-03,2026-10-06,2026020029,2026020048,10,10,2026020029,2025021205,"[{""game_id"":2026020029,""game_date"":""2026-10-03"",""sog"":1.0,""toi"":13.7,""sog_per60"":4.379562043795621}]","[{""game_id"":2025021205,""game_date"":""2026-04-03"",""sog"":0.0,""toi"":15.13,""sog_per60"":0.0}]",1,1,1.0,13.7,0.0,15.13,9,6.4171122994652405,6.831665368250735,0.41455306878549436,0.4145530687854935,0.3580337870151357,0.05651928177035865,1.0,True
8484221,2026-10-06,2026-10-08,2026020048,2026020062,10,10,2026020048,2025021214,"[{""game_id"":2026020048,""game_date"":""2026-10-06"",""sog"":2.0,""toi"":14.45,""sog_per60"":8.304498269896195}]","[{""game_id"":2025021214,""game_date"":""2026-04-04"",""sog"":1.0,""toi"":17.22,""sog_per60"":3.4843205574912894}]",1,1,2.0,14.45,1.0,17.22,9,6.831665368250735,7.312614259597808,0.4809488913470732,0.4809488913470723,0.36259602407549085,0.11835286727158166,1.0,True
8484223,2026-10-04,2026-10-06,2026020035,2026020046,10,10,2026020035,2025021207,"[{""game_id"":2026020035,""game_date"":""2026-10-04"",""sog"":3.0,""toi"":15.62,""sog_per60"":11.523687580025609}]","[{""game_id"":2025021207,""game_date"":""2026-04-04"",""sog"":1.0,""toi"":16.85,""sog_per60"":3.560830860534124}]",1,1,3.0,15.62,1.0,16.85,9,4.566210045662101,5.306916681408102,0.740706635746001,0.740706635746001,0.7050413720165991,0.03566526372940228,2.0,True
8484227,2026-10-03,2026-10-05,2026020034,2026020043,10,10,2026020034,2025021220,"[{""game_id"":2026020034,""game_date"":""2026-10-03"",""sog"":2.0,""toi"":18.68,""sog_per60"":6.4239828693790155}]","[{""game_id"":2025021220,""game_date"":""2026-04-04"",""sog"":3.0,""toi"":18.87,""sog_per60"":9.538950715421304}]",1,1,2.0,18.68,3.0,18.87,9,6.392284400583154,6.062307044625315,-0.3299773559578396,-0.3299773559578405,-0.3366154284479207,0.006638072490080579,-1.0,True
8484227,2026-10-05,2026-10-08,2026020043,2026020063,10,10,2026020043,2025021231,"[{""game_id"":2026020043,""game_date"":""2026-10-05"",""sog"":0.0,""toi"":18.47,""sog_per60"":0.0}]","[{""game_id"":2025021231,""game_date"":""2026-04-06"",""sog"":2.0,""toi"":17.78,""sog_per60"":6.749156355455567}]",1,1,0.0,18.47,2.0,17.78,9,6.062307044625315,5.367926638335942,-0.6943804062893726,-0.6943804062893726,-0.6722902507085138,-0.022090155580859663,-2.0,True
8484240,2026-10-03,2026-10-04,2026020033,2026020039,10,10,2026020033,2025021216,"[{""game_id"":2026020033,""game_date"":""2026-10-03"",""sog"":0.0,""toi"":20.27,""sog_per60"":0.0}]","[{""game_id"":2025021216,""game_date"":""2026-04-04"",""sog"":1.0,""toi"":19.23,""sog_per60"":3.1201248049921997}]",1,1,0.0,20.27,1.0,19.23,9,1.7590149516270888,1.4584346135148274,-0.30058033811226137,-0.30058033811226137,-0.2924280406537401,-0.008152297458521602,-1.0,True
8484240,2026-10-04,2026-10-08,2026020039,2026020061,10,10,2026020039,2025021242,"[{""game_id"":2026020039,""game_date"":""2026-10-04"",""sog"":1.0,""toi"":21.03,""sog_per60"":2.8530670470756063}]","[{""game_id"":2025021242,""game_date"":""2026-04-07"",""sog"":0.0,""toi"":21.15,""sog_per60"":0.0}]",1,1,1.0,21.03,0.0,21.15,9,1.4584346135148274,1.7511431073061583,0.2927084937913309,0.2927084937913307,0.29177205362699593,0.0009364401643353545,1.0,True
8484241,2026-10-03,2026-10-06,2026020030,2026020044,10,10,2026020030,2025021204,"[{""game_id"":2026020030,""game_date"":""2026-10-03"",""sog"":3.0,""toi"":16.1,""sog_per60"":11.180124223602483}]","[{""game_id"":2025021204,""game_date"":""2026-04-02"",""sog"":1.0,""toi"":15.0,""sog_per60"":4.0}]",1,1,3.0,16.1,1.0,15.0,9,7.750356924332043,8.502598016060464,0.752241091728421,0.7522410917284201,0.8127991421456685,-0.060558050417246906,2.0,True
8484241,2026-10-06,2026-10-08,2026020044,2026020058,10,10,2026020044,2025021220,"[{""game_id"":2026020044,""game_date"":""2026-10-06"",""sog"":1.0,""toi"":16.9,""sog_per60"":3.550295857988166}]","[{""game_id"":2025021220,""game_date"":""2026-04-04"",""sog"":3.0,""toi"":11.77,""sog_per60"":15.293118096856414}]",1,1,1.0,16.9,3.0,11.77,9,8.502598016060464,7.435429167753719,-1.0671688483067445,-1.0671688483067445,-0.7962239970625988,-0.270944851244146,-2.0,True
8484258,2026-10-03,2026-10-07,2026020032,2026020054,10,10,2026020032,2025021209,"[{""game_id"":2026020032,""game_date"":""2026-10-03"",""sog"":1.0,""toi"":15.62,""sog_per60"":3.8412291933418694}]","[{""game_id"":2025021209,""game_date"":""2026-04-04"",""sog"":3.0,""toi"":22.87,""sog_per60"":7.870572802798426}]",1,1,1.0,15.62,3.0,22.87,9,6.36850484874801,5.999400059994,-0.36910478875401065,-0.36910478875400976,-0.5894474961246096,0.22034270737059936,-2.0,True
8484262,2026-10-04,2026-10-07,2026020037,2026020055,6,7,2026020037,,"[{""game_id"":2026020037,""game_date"":""2026-10-04"",""sog"":0.0,""toi"":14.13,""sog_per60"":0.0}]",[],1,0,0.0,14.13,0.0,0.0,6,2.708559046587216,2.402113860196973,-0.3064451863902429,-0.30644518639024243,0.0,-0.3064451863902428,0.0,True
8484304,2026-10-04,2026-10-06,2026020037,2026020052,10,10,2026020037,2025020904,"[{""game_id"":2026020037,""game_date"":""2026-10-04"",""sog"":0.0,""toi"":14.67,""sog_per60"":0.0}]","[{""game_id"":2025020904,""game_date"":""2026-02-05"",""sog"":5.0,""toi"":25.97,""sog_per60"":11.551790527531768}]",1,1,0.0,14.67,5.0,25.97,9,4.940711462450593,3.5116469624253774,-1.4290645000252153,-1.4290645000252153,-1.7013636510147763,0.27229915098956065,-5.0,True
8484305,2026-10-03,2026-10-06,2026020022,2026020049,10,10,2026020022,2025021117,"[{""game_id"":2026020022,""game_date"":""2026-10-03"",""sog"":0.0,""toi"":8.47,""sog_per60"":0.0}]","[{""game_id"":2025021117,""game_date"":""2026-03-22"",""sog"":0.0,""toi"":12.22,""sog_per60"":0.0}]",1,1,0.0,8.47,0.0,12.22,9,1.0800432017280692,1.1049045485237246,0.024861346795655326,0.024861346795655548,0.0,0.024861346795655367,0.0,True
8484305,2026-10-06,2026-10-08,2026020049,2026020057,10,10,2026020049,2025021179,"[{""game_id"":2026020049,""game_date"":""2026-10-06"",""sog"":0.0,""toi"":10.73,""sog_per60"":0.0}]","[{""game_id"":2025021179,""game_date"":""2026-03-31"",""sog"":1.0,""toi"":14.07,""sog_per60"":4.264392324093816}]",1,1,0.0,10.73,1.0,14.07,9,1.1049045485237246,0.7520210565895845,-0.35288349193414004,-0.35288349193414026,-0.3721560222346836,0.01927253030054362,-1.0,True
8484321,2026-10-03,2026-10-05,2026020023,2026020041,10,10,2026020023,2025021208,"[{""game_id"":2026020023,""game_date"":""2026-10-03"",""sog"":1.0,""toi"":18.8,""sog_per60"":3.1914893617021276}]","[{""game_id"":2025021208,""game_date"":""2026-04-04"",""sog"":1.0,""toi"":17.65,""sog_per60"":3.39943342776204}]",1,1,1.0,18.8,1.0,17.65,9,2.7607966870439755,2.7400835073068897,-0.020713179737085863,-0.020713179737086307,0.0,-0.020713179737085804,0.0,True
8484321,2026-10-05,2026-10-06,2026020041,2026020046,10,10,2026020041,2025021225,"[{""game_id"":2026020041,""game_date"":""2026-10-05"",""sog"":1.0,""toi"":20.25,""sog_per60"":2.962962962962963}]","[{""game_id"":2025021225,""game_date"":""2026-04-05"",""sog"":0.0,""toi"":15.98,""sog_per60"":0.0}]",1,1,1.0,20.25,0.0,15.98,9,2.7400835073068897,3.046651856553475,0.3065683492465854,0.3065683492465858,0.38613599155651285,-0.07956764230992765,1.0,True
8484321,2026-10-06,2026-10-08,2026020046,2026020059,10,10,2026020046,2025021234,"[{""game_id"":2026020046,""game_date"":""2026-10-06"",""sog"":2.0,""toi"":16.58,""sog_per60"":7.237635705669482}]","[{""game_id"":2025021234,""game_date"":""2026-04-07"",""sog"":2.0,""toi"":18.92,""sog_per60"":6.342494714587737}]",1,1,2.0,16.58,2.0,18.92,9,3.046651856553475,3.0925842407061404,0.04593238415266532,0.045932384152664874,0.0,0.04593238415266543,0.0,True
8484386,2026-10-03,2026-10-04,2026020027,2026020036,10,10,2026020027,2025020344,"[{""game_id"":2026020027,""game_date"":""2026-10-03"",""sog"":0.0,""toi"":16.67,""sog_per60"":0.0}]","[{""game_id"":2025020344,""game_date"":""2025-11-22"",""sog"":1.0,""toi"":12.25,""sog_per60"":4.897959183673469}]",1,1,0.0,16.67,1.0,12.25,9,4.137360364087712,3.613490364025696,-0.5238700000620162,-0.5238700000620162,-0.40761748287247984,-0.11625251718953668,-1.0,True
8484386,2026-10-04,2026-10-06,2026020036,2026020047,10,10,2026020036,2025020358,"[{""game_id"":2026020036,""game_date"":""2026-10-04"",""sog"":0.0,""toi"":12.75,""sog_per60"":0.0}]","[{""game_id"":2025020358,""game_date"":""2025-11-24"",""sog"":0.0,""toi"":11.93,""sog_per60"":0.0}]",1,1,0.0,12.75,0.0,11.93,9,3.613490364025696,3.593770797284707,-0.01971956674098907,-0.019719566740989514,0.0,-0.019719566740989437,0.0,True
8484386,2026-10-06,2026-10-08,2026020047,2026020056,10,10,2026020047,2025020390,"[{""game_id"":2026020047,""game_date"":""2026-10-06"",""sog"":0.0,""toi"":18.37,""sog_per60"":0.0}]","[{""game_id"":2025020390,""game_date"":""2025-11-28"",""sog"":0.0,""toi"":12.52,""sog_per60"":0.0}]",1,1,0.0,18.37,0.0,12.52,9,3.593770797284707,3.4590993530203065,-0.13467144426440036,-0.13467144426440036,0.0,-0.1346714442644,0.0,True
8484387,2026-10-03,2026-10-05,2026020025,2026020040,10,10,2026020025,2025021224,"[{""game_id"":2026020025,""game_date"":""2026-10-03"",""sog"":2.0,""toi"":16.13,""sog_per60"":7.439553626782394}]","[{""game_id"":2025021224,""game_date"":""2026-04-05"",""sog"":2.0,""toi"":16.68,""sog_per60"":7.194244604316547}]",1,1,2.0,16.13,2.0,16.68,9,9.668063164679342,9.702457956015524,0.034394791336181285,0.034394791336181285,0.0,0.03439479133618201,0.0,True
8484387,2026-10-05,2026-10-08,2026020040,2026020059,10,10,2026020040,2025021236,"[{""game_id"":2026020040,""game_date"":""2026-10-05"",""sog"":1.0,""toi"":16.67,""sog_per60"":3.5992801439712054}]","[{""game_id"":2025021236,""game_date"":""2026-04-07"",""sog"":0.0,""toi"":13.77,""sog_per60"":0.0}]",1,1,1.0,16.67,0.0,13.77,9,9.702457956015524,9.904761904761905,0.20230394874638158,0.2023039487463798,0.384525349596501,-0.1822214008501206,1.0,True
8484388,2026-10-03,2026-10-04,2026020027,2026020036,10,10,2026020027,2025020811,"[{""game_id"":2026020027,""game_date"":""2026-10-03"",""sog"":0.0,""toi"":11.18,""sog_per60"":0.0}]","[{""game_id"":2025020811,""game_date"":""2026-01-24"",""sog"":0.0,""toi"":11.85,""sog_per60"":0.0}]",1,1,0.0,11.18,0.0,11.85,9,5.822887181560858,5.854610505773296,0.03172332421243862,0.03172332421243862,0.0,0.031723324212439286,0.0,True
8484388,2026-10-04,2026-10-06,2026020036,2026020047,10,10,2026020036,2025020825,"[{""game_id"":2026020036,""game_date"":""2026-10-04"",""sog"":0.0,""toi"":10.43,""sog_per60"":0.0}]","[{""game_id"":2025020825,""game_date"":""2026-01-26"",""sog"":2.0,""toi"":12.83,""sog_per60"":9.353078721745907}]",1,1,0.0,10.43,2.0,12.83,9,5.854610505773296,4.975949577044286,-0.8786609287290101,-0.8786609287290101,-0.9854791665188699,0.10681823778985927,-2.0,True
8484388,2026-10-06,2026-10-08,2026020047,2026020056,10,10,2026020047,2025020834,"[{""game_id"":2026020047,""game_date"":""2026-10-06"",""sog"":0.0,""toi"":10.93,""sog_per60"":0.0}]","[{""game_id"":2025020834,""game_date"":""2026-01-27"",""sog"":3.0,""toi"":11.7,""sog_per60"":15.384615384615389}]",1,1,0.0,10.93,3.0,11.7,9,4.975949577044286,3.5055504548869045,-1.4703991221573816,-1.470399122157382,-1.497581819746694,0.027182697589312882,-3.0,True
8484390,2026-10-03,2026-10-06,2026020022,2026020050,5,6,2026020022,,"[{""game_id"":2026020022,""game_date"":""2026-10-03"",""sog"":0.0,""toi"":18.8,""sog_per60"":0.0}]",[],1,0,0.0,18.8,0.0,0.0,5,5.631159080244016,4.61361014994233,-1.017548930301686,-1.017548930301687,0.0,-1.0175489303016858,0.0,True
8484390,2026-10-06,2026-10-08,2026020050,2026020062,6,7,2026020050,,"[{""game_id"":2026020050,""game_date"":""2026-10-06"",""sog"":2.0,""toi"":20.6,""sog_per60"":5.825242718446602}]",[],1,0,2.0,20.6,0.0,0.0,6,4.61361014994233,4.813863928112965,0.2002537781706346,0.2002537781706355,1.0580876615540877,-0.8578338833834531,2.0,True
8484403,2026-10-06,2026-10-08,2026020045,2026020058,8,9,2026020045,,"[{""game_id"":2026020045,""game_date"":""2026-10-06"",""sog"":1.0,""toi"":8.8,""sog_per60"":6.818181818181818}]",[],1,0,1.0,8.8,0.0,0.0,8,5.726752113444232,5.843681519357196,0.11692940591296352,0.11692940591296264,0.7742838173486986,-0.6573544114357347,1.0,True
8484471,2026-10-04,2026-10-06,2026020035,2026020046,10,10,2026020035,2025021222,"[{""game_id"":2026020035,""game_date"":""2026-10-04"",""sog"":2.0,""toi"":16.93,""sog_per60"":7.088009450679268}]","[{""game_id"":2025021222,""game_date"":""2026-04-05"",""sog"":0.0,""toi"":16.13,""sog_per60"":0.0}]",1,1,2.0,16.93,0.0,16.13,9,2.882363538101243,3.585728799378473,0.7033652612772303,0.7033652612772308,0.7188683222005027,-0.015503060923272409,2.0,True
8484509,2026-10-03,2026-10-07,2026020028,2026020055,10,10,2026020028,2025021187,"[{""game_id"":2026020028,""game_date"":""2026-10-03"",""sog"":0.0,""toi"":6.3,""sog_per60"":0.0}]","[{""game_id"":2025021187,""game_date"":""2026-03-31"",""sog"":1.0,""toi"":9.8,""sog_per60"":6.122448979591836}]",1,1,0.0,6.3,1.0,9.8,9,2.5295109612141653,2.0851433536055604,-0.44436760760860494,-0.44436760760860494,-0.5135940153221117,0.06922640771350698,-1.0,True
8484759,2026-10-03,2026-10-05,2026020023,2026020041,7,8,2026020023,,"[{""game_id"":2026020023,""game_date"":""2026-10-03"",""sog"":1.0,""toi"":17.83,""sog_per60"":3.365114974761638}]",[],1,0,1.0,17.83,0.0,0.0,7,5.280140803754767,4.995836802664447,-0.2843040010903204,-0.2843040010903204,0.5431329958973761,-0.8274369969876968,1.0,True
8484759,2026-10-05,2026-10-06,2026020041,2026020046,8,9,2026020041,,"[{""game_id"":2026020041,""game_date"":""2026-10-05"",""sog"":1.0,""toi"":14.97,""sog_per60"":4.008016032064128}]",[],1,0,1.0,14.97,0.0,0.0,8,4.995836802664447,4.886355223217591,-0.10948157944685555,-0.10948157944685555,0.4718988957340219,-0.581380475180877,1.0,True
8484759,2026-10-06,2026-10-08,2026020046,2026020059,9,10,2026020046,,"[{""game_id"":2026020046,""game_date"":""2026-10-06"",""sog"":2.0,""toi"":17.12,""sog_per60"":7.009345794392523}]",[],1,0,2.0,17.12,0.0,0.0,9,4.886355223217591,5.125172481766214,0.23881725854862257,0.23881725854862257,0.8384581482605387,-0.5996408897119164,2.0,True
8484762,2026-10-04,2026-10-07,2026020037,2026020055,10,10,2026020037,2025021190,"[{""game_id"":2026020037,""game_date"":""2026-10-04"",""sog"":3.0,""toi"":21.73,""sog_per60"":8.283479061205707}]","[{""game_id"":2025021190,""game_date"":""2026-04-01"",""sog"":2.0,""toi"":13.93,""sog_per60"":8.614501076812635}]",1,1,3.0,21.73,2.0,13.93,9,8.373339287707939,8.344923504867872,-0.028415782840067294,-0.028415782840065518,0.3279460839246948,-0.35636186676476056,1.0,True
8484768,2026-10-03,2026-10-04,2026020033,2026020038,10,10,2026020033,2025021219,"[{""game_id"":2026020033,""game_date"":""2026-10-03"",""sog"":4.0,""toi"":17.0,""sog_per60"":14.117647058823527}]","[{""game_id"":2025021219,""game_date"":""2026-04-04"",""sog"":0.0,""toi"":15.82,""sog_per60"":0.0}]",1,1,4.0,17.0,0.0,15.82,9,6.5365950282262055,7.680189050807404,1.1435940225811985,1.1435940225811994,1.1850196847959589,-0.04142566221475963,4.0,True
8484768,2026-10-04,2026-10-08,2026020038,2026020064,10,10,2026020038,2025021239,"[{""game_id"":2026020038,""game_date"":""2026-10-04"",""sog"":2.0,""toi"":20.98,""sog_per60"":5.719733079122975}]","[{""game_id"":2025021239,""game_date"":""2026-04-07"",""sog"":3.0,""toi"":18.83,""sog_per60"":9.559214020180564}]",1,1,2.0,20.98,3.0,18.83,9,7.680189050807404,7.307448726068106,-0.37274032473929797,-0.37274032473929974,-0.29384491780611993,-0.07889540693317831,-1.0,True
8484783,2026-10-03,2026-10-06,2026020022,2026020050,10,10,2026020022,2025021096,"[{""game_id"":2026020022,""game_date"":""2026-10-03"",""sog"":2.0,""toi"":24.67,""sog_per60"":4.864207539521686}]","[{""game_id"":2025021096,""game_date"":""2026-03-20"",""sog"":2.0,""toi"":21.38,""sog_per60"":5.612722170252573}]",1,1,2.0,24.67,2.0,21.38,9,4.18974908058284,4.126547455295736,-0.06320162528710416,-0.06320162528710505,0.0,-0.06320162528710427,0.0,True
8484783,2026-10-06,2026-10-08,2026020050,2026020062,10,10,2026020050,2025021113,"[{""game_id"":2026020050,""game_date"":""2026-10-06"",""sog"":1.0,""toi"":18.0,""sog_per60"":3.333333333333333}]","[{""game_id"":2025021113,""game_date"":""2026-03-22"",""sog"":1.0,""toi"":24.45,""sog_per60"":2.4539877300613497}]",1,1,1.0,18.0,1.0,24.45,9,4.126547455295736,4.252303330970943,0.12575587567520685,0.12575587567520685,0.0,0.1257558756752068,0.0,True
8484790,2026-10-03,2026-10-06,2026020032,2026020050,3,4,2026020032,,"[{""game_id"":2026020032,""game_date"":""2026-10-03"",""sog"":1.0,""toi"":19.72,""sog_per60"":3.042596348884382}]",[],1,0,1.0,19.72,0.0,0.0,3,8.779952441924273,7.259040193574405,-1.5209122483498678,-1.5209122483498678,0.9520270383744007,-2.472939286724268,1.0,True
8484790,2026-10-06,2026-10-08,2026020050,2026020063,4,5,2026020050,,"[{""game_id"":2026020050,""game_date"":""2026-10-06"",""sog"":2.0,""toi"":18.2,""sog_per60"":6.593406593406593}]",[],1,0,2.0,18.2,0.0,0.0,4,7.259040193574405,7.128199589588508,-0.13084060398589692,-0.13084060398589692,1.4545781660163135,-1.5854187700022109,2.0,True
8484794,2026-10-04,2026-10-06,2026020035,2026020046,10,10,2026020035,2025021005,"[{""game_id"":2026020035,""game_date"":""2026-10-04"",""sog"":6.0,""toi"":19.55,""sog_per60"":18.414322250639387}]","[{""game_id"":2025021005,""game_date"":""2026-03-08"",""sog"":2.0,""toi"":12.8,""sog_per60"":9.375}]",1,1,6.0,19.55,2.0,12.8,9,7.546576527002593,8.957897879964168,1.4113213529615756,1.4113213529615738,1.8391118538717408,-0.42779050091016635,4.0,True
8484797,2026-10-03,2026-10-06,2026020022,2026020049,10,10,2026020022,2025020810,"[{""game_id"":2026020022,""game_date"":""2026-10-03"",""sog"":3.0,""toi"":14.65,""sog_per60"":12.286689419795222}]","[{""game_id"":2025020810,""game_date"":""2026-01-24"",""sog"":2.0,""toi"":11.05,""sog_per60"":10.85972850678733}]",1,1,3.0,14.65,2.0,11.05,9,7.319698600645856,7.555089192025184,0.2353905913793275,0.2353905913793275,0.42514884162753847,-0.18975825024821058,1.0,True
8484797,2026-10-06,2026-10-08,2026020049,2026020057,10,10,2026020049,2025020831,"[{""game_id"":2026020049,""game_date"":""2026-10-06"",""sog"":0.0,""toi"":13.02,""sog_per60"":0.0}]","[{""game_id"":2025020831,""game_date"":""2026-01-27"",""sog"":2.0,""toi"":16.2,""sog_per60"":7.407407407407407}]",1,1,0.0,13.02,2.0,16.2,9,7.555089192025184,6.868426701008801,-0.6866624910163832,-0.6866624910163841,-0.8490038461477825,0.1623413551313999,-2.0,True
8484798,2026-10-03,2026-10-04,2026020033,2026020039,10,10,2026020033,2025021216,"[{""game_id"":2026020033,""game_date"":""2026-10-03"",""sog"":1.0,""toi"":22.82,""sog_per60"":2.629272567922875}]","[{""game_id"":2025021216,""game_date"":""2026-04-04"",""sog"":2.0,""toi"":20.18,""sog_per60"":5.946481665014866}]",1,1,1.0,22.82,2.0,20.18,9,4.656683710737765,4.330566582461206,-0.32611712827655914,-0.32611712827655914,-0.2722914913118469,-0.053825636964711925,-1.0,True
8484798,2026-10-04,2026-10-08,2026020039,2026020061,10,10,2026020039,2025021242,"[{""game_id"":2026020039,""game_date"":""2026-10-04"",""sog"":0.0,""toi"":20.12,""sog_per60"":0.0}]","[{""game_id"":2025021242,""game_date"":""2026-04-07"",""sog"":0.0,""toi"":21.3,""sog_per60"":0.0}]",1,1,0.0,20.12,0.0,21.3,9,4.330566582461206,4.35374149659864,0.02317491413743422,0.02317491413743422,0.0,0.023174914137434055,0.0,True
8484800,2026-10-03,2026-10-04,2026020028,2026020038,10,10,2026020028,2025021221,"[{""game_id"":2026020028,""game_date"":""2026-10-03"",""sog"":1.0,""toi"":15.67,""sog_per60"":3.8289725590299937}]","[{""game_id"":2025021221,""game_date"":""2026-04-04"",""sog"":3.0,""toi"":11.98,""sog_per60"":15.025041736227044}]",1,1,1.0,15.67,3.0,11.98,9,5.313261013947311,4.310344827586207,-1.0029161863611034,-1.0029161863611025,-0.8738062339208966,-0.12910995244020626,-2.0,True
8484800,2026-10-04,2026-10-06,2026020038,2026020051,10,10,2026020038,2025021230,"[{""game_id"":2026020038,""game_date"":""2026-10-04"",""sog"":2.0,""toi"":12.68,""sog_per60"":9.46372239747634}]","[{""game_id"":2025021230,""game_date"":""2026-04-06"",""sog"":0.0,""toi"":12.72,""sog_per60"":0.0}]",1,1,2.0,12.68,0.0,12.72,9,4.310344827586207,5.173900546133947,0.8635557185477394,0.8635557185477394,0.8621928616031163,0.0013628569446230525,2.0,True
8484803,2026-10-04,2026-10-06,2026020039,2026020051,5,6,2026020039,,"[{""game_id"":2026020039,""game_date"":""2026-10-04"",""sog"":2.0,""toi"":12.38,""sog_per60"":9.693053311793214}]",[],1,0,2.0,12.38,0.0,0.0,5,13.613861386138614,12.816299704239238,-0.797561681899376,-0.797561681899376,2.2234929703946404,-3.0210546522940174,2.0,True
8484803,2026-10-06,2026-10-08,2026020051,2026020065,6,7,2026020051,,"[{""game_id"":2026020051,""game_date"":""2026-10-06"",""sog"":0.0,""toi"":11.68,""sog_per60"":0.0}]",[],1,0,0.0,11.68,0.0,0.0,6,12.816299704239238,10.75268817204301,-2.0636115321962283,-2.0636115321962283,0.0,-2.0636115321962274,0.0,True
8484806,2026-10-05,2026-10-08,2026020043,2026020063,10,10,2026020043,2025021220,"[{""game_id"":2026020043,""game_date"":""2026-10-05"",""sog"":1.0,""toi"":16.47,""sog_per60"":3.642987249544627}]","[{""game_id"":2025021220,""game_date"":""2026-04-04"",""sog"":2.0,""toi"":20.97,""sog_per60"":5.7224606580829755}]",1,1,1.0,16.47,2.0,20.97,9,2.704987320371936,2.4284475281873377,-0.27653979218459845,-0.27653979218459845,-0.34252224525091296,0.06598245306631456,-1.0,True
8484829,2026-10-03,2026-10-05,2026020030,2026020043,10,10,2026020030,2025021198,"[{""game_id"":2026020030,""game_date"":""2026-10-03"",""sog"":1.0,""toi"":14.5,""sog_per60"":4.137931034482759}]","[{""game_id"":2025021198,""game_date"":""2026-04-02"",""sog"":3.0,""toi"":16.48,""sog_per60"":10.92233009708738}]",1,1,1.0,14.5,3.0,16.48,9,4.348876540227108,3.6679300648000983,-0.6809464754270098,-0.6809464754270103,-0.7291993848322688,0.0482529094052591,-2.0,True
8484829,2026-10-05,2026-10-08,2026020043,2026020057,10,10,2026020043,2025021209,"[{""game_id"":2026020043,""game_date"":""2026-10-05"",""sog"":0.0,""toi"":16.23,""sog_per60"":0.0}]","[{""game_id"":2025021209,""game_date"":""2026-04-04"",""sog"":0.0,""toi"":16.72,""sog_per60"":0.0}]",1,1,0.0,16.23,0.0,16.72,9,3.6679300648000983,3.6789502728554786,0.011020208055380287,0.011020208055380731,0.0,0.011020208055380343,0.0,True
8484860,2026-10-03,2026-10-04,2026020033,2026020038,10,10,2026020033,2025021201,"[{""game_id"":2026020033,""game_date"":""2026-10-03"",""sog"":4.0,""toi"":16.77,""sog_per60"":14.311270125223611}]","[{""game_id"":2025021201,""game_date"":""2026-04-02"",""sog"":4.0,""toi"":15.15,""sog_per60"":15.84158415841584}]",1,1,4.0,16.77,4.0,15.15,9,6.213071815800695,6.152361421074854,-0.06071039472584072,-0.06071039472584072,0.0,-0.06071039472584061,0.0,True
8484860,2026-10-04,2026-10-08,2026020038,2026020064,10,10,2026020038,2025021219,"[{""game_id"":2026020038,""game_date"":""2026-10-04"",""sog"":1.0,""toi"":14.43,""sog_per60"":4.158004158004157}]","[{""game_id"":2025021219,""game_date"":""2026-04-04"",""sog"":3.0,""toi"":14.03,""sog_per60"":12.829650748396292}]",1,1,1.0,14.43,3.0,14.03,9,6.152361421074854,5.41548829652807,-0.7368731245467837,-0.7368731245467837,-0.7229361661062745,-0.013936958440509128,-2.0,True
8484873,2026-10-03,2026-10-07,2026020024,2026020053,10,10,2026020024,2025021194,"[{""game_id"":2026020024,""game_date"":""2026-10-03"",""sog"":1.0,""toi"":21.05,""sog_per60"":2.850356294536817}]","[{""game_id"":2025021194,""game_date"":""2026-04-02"",""sog"":7.0,""toi"":18.8,""sog_per60"":22.340425531914892}]",1,1,1.0,21.05,7.0,18.8,9,6.716417910447762,4.740584672109561,-1.9758332383382013,-1.9758332383382013,-1.907605207343021,-0.06822803099518028,-6.0,True
8484911,2026-10-03,2026-10-05,2026020034,2026020043,10,10,2026020034,2025021220,"[{""game_id"":2026020034,""game_date"":""2026-10-03"",""sog"":1.0,""toi"":16.72,""sog_per60"":3.5885167464114835}]","[{""game_id"":2025021220,""game_date"":""2026-04-04"",""sog"":3.0,""toi"":17.05,""sog_per60"":10.557184750733136}]",1,1,1.0,16.72,3.0,17.05,9,3.5446328351154963,2.841245412572511,-0.7033874225429853,-0.7033874225429848,-0.7096189600831135,0.006231537540128031,-2.0,True
8484911,2026-10-05,2026-10-08,2026020043,2026020063,10,10,2026020043,2025021231,"[{""game_id"":2026020043,""game_date"":""2026-10-05"",""sog"":0.0,""toi"":12.7,""sog_per60"":0.0}]","[{""game_id"":2025021231,""game_date"":""2026-04-06"",""sog"":1.0,""toi"":20.6,""sog_per60"":2.912621359223301}]",1,1,0.0,12.7,1.0,20.6,9,2.841245412572511,2.6080476900149034,-0.23319772255760762,-0.23319772255760807,-0.3638669590011322,0.13066923644352446,-1.0,True
8484938,2026-10-03,2026-10-05,2026020030,2026020043,10,10,2026020030,2025021198,"[{""game_id"":2026020030,""game_date"":""2026-10-03"",""sog"":1.0,""toi"":12.48,""sog_per60"":4.8076923076923075}]","[{""game_id"":2025021198,""game_date"":""2026-04-02"",""sog"":1.0,""toi"":11.82,""sog_per60"":5.0761421319796955}]",1,1,1.0,12.48,1.0,11.82,9,8.261468222334951,8.222142084385142,-0.03932613794980888,-0.03932613794980888,0.0,-0.039326137949809194,0.0,True
8484938,2026-10-05,2026-10-08,2026020043,2026020057,10,10,2026020043,2025021209,"[{""game_id"":2026020043,""game_date"":""2026-10-05"",""sog"":1.0,""toi"":16.93,""sog_per60"":3.544004725339634}]","[{""game_id"":2025021209,""game_date"":""2026-04-04"",""sog"":4.0,""toi"":9.9,""sog_per60"":24.24242424242424}]",1,1,1.0,16.93,4.0,9.9,9,8.222142084385142,6.589785831960462,-1.63235625242468,-1.6323562524246809,-1.2669089020924889,-0.36544735033219133,-3.0,True
8484958,2026-10-03,2026-10-04,2026020033,2026020038,10,10,2026020033,2025021130,"[{""game_id"":2026020033,""game_date"":""2026-10-03"",""sog"":0.0,""toi"":11.48,""sog_per60"":0.0}]","[{""game_id"":2025021130,""game_date"":""2026-03-24"",""sog"":2.0,""toi"":6.4,""sog_per60"":18.75}]",1,1,0.0,11.48,2.0,6.4,9,7.765057242409158,6.254145740547712,-1.5109115018614458,-1.5109115018614476,-1.1658707992560908,-0.34504070260535435,-2.0,True
8484994,2026-10-03,2026-10-05,2026020034,2026020043,10,10,2026020034,2025021220,"[{""game_id"":2026020034,""game_date"":""2026-10-03"",""sog"":2.0,""toi"":16.38,""sog_per60"":7.326007326007327}]","[{""game_id"":2025021220,""game_date"":""2026-04-04"",""sog"":2.0,""toi"":14.25,""sog_per60"":8.421052631578947}]",1,1,2.0,16.38,2.0,14.25,9,6.997324552377033,6.896551724137932,-0.1007728282391005,-0.10077282823910139,0.0,-0.10077282823910128,0.0,True
8484994,2026-10-05,2026-10-08,2026020043,2026020063,10,10,2026020043,2025021231,"[{""game_id"":2026020043,""game_date"":""2026-10-05"",""sog"":0.0,""toi"":15.05,""sog_per60"":0.0}]","[{""game_id"":2025021231,""game_date"":""2026-04-06"",""sog"":1.0,""toi"":14.45,""sog_per60"":4.152249134948097}]",1,1,0.0,15.05,1.0,14.45,9,6.896551724137932,6.4646464646464645,-0.43190525949146785,-0.4319052594914661,-0.40485995861249413,-0.027045300878973336,-1.0,True
8484999,2026-10-03,2026-10-07,2026020024,2026020053,7,8,2026020024,,"[{""game_id"":2026020024,""game_date"":""2026-10-03"",""sog"":0.0,""toi"":9.92,""sog_per60"":0.0}]",[],1,0,0.0,9.92,0.0,0.0,7,5.334518781951544,4.804804804804805,-0.5297139771467387,-0.5297139771467396,0.0,-0.5297139771467387,0.0,True
8485366,2026-10-03,2026-10-06,2026020029,2026020048,10,10,2026020029,2025021173,"[{""game_id"":2026020029,""game_date"":""2026-10-03"",""sog"":2.0,""toi"":20.57,""sog_per60"":5.83373845405931}]","[{""game_id"":2025021173,""game_date"":""2026-03-30"",""sog"":4.0,""toi"":22.23,""sog_per60"":10.796221322537113}]",1,1,2.0,20.57,4.0,22.23,9,8.15771583956492,7.753116448768623,-0.4045993907962977,-0.4045993907962995,-0.4546360544941812,0.050036663697883246,-2.0,True
8485366,2026-10-06,2026-10-08,2026020048,2026020062,10,10,2026020048,2025021179,"[{""game_id"":2026020048,""game_date"":""2026-10-06"",""sog"":2.0,""toi"":25.05,""sog_per60"":4.790419161676647}]","[{""game_id"":2025021179,""game_date"":""2026-03-31"",""sog"":4.0,""toi"":29.67,""sog_per60"":8.088978766430737}]",1,1,2.0,25.05,4.0,29.67,9,7.753116448768623,7.427466150870406,-0.32565029789821676,-0.32565029789821676,-0.4601411539431891,0.13449085604497243,-2.0,True
8485388,2026-10-03,2026-10-06,2026020029,2026020048,4,5,2026020029,,"[{""game_id"":2026020029,""game_date"":""2026-10-03"",""sog"":1.0,""toi"":12.53,""sog_per60"":4.788507581803671}]",[],1,0,1.0,12.53,0.0,0.0,4,9.998333611064822,9.098428453267163,-0.8999051577976598,-0.899905157797658,0.913481610247203,-1.8133867680448639,1.0,True
8485388,2026-10-06,2026-10-08,2026020048,2026020062,5,6,2026020048,,"[{""game_id"":2026020048,""game_date"":""2026-10-06"",""sog"":2.0,""toi"":15.02,""sog_per60"":7.989347536617844}]",[],1,0,2.0,15.02,0.0,0.0,5,9.098428453267163,8.908177249885792,-0.19025120338137036,-0.19025120338137214,1.5123742632252926,-1.7026254666066616,2.0,True
8485391,2026-10-03,2026-10-06,2026020022,2026020050,10,10,2026020022,2025021231,"[{""game_id"":2026020022,""game_date"":""2026-10-03"",""sog"":1.0,""toi"":16.1,""sog_per60"":3.726708074534161}]","[{""game_id"":2025021231,""game_date"":""2026-04-06"",""sog"":4.0,""toi"":18.73,""sog_per60"":12.813667912439936}]",1,1,1.0,16.1,4.0,18.73,9,10.53864168618267,9.7165991902834,-0.8220424958992698,-0.8220424958992698,-0.9648591270679278,0.14281663116865834,-3.0,True
8485391,2026-10-06,2026-10-08,2026020050,2026020062,10,10,2026020050,2025021255,"[{""game_id"":2026020050,""game_date"":""2026-10-06"",""sog"":1.0,""toi"":18.63,""sog_per60"":3.2206119162640903}]","[{""game_id"":2025021255,""game_date"":""2026-04-09"",""sog"":5.0,""toi"":20.52,""sog_per60"":14.619883040935674}]",1,1,1.0,18.63,5.0,20.52,9,9.7165991902834,8.507853403141361,-1.208745787142039,-1.208745787142039,-1.3022235411323315,0.09347775399029368,-4.0,True
8485395,2026-10-03,2026-10-05,2026020031,2026020041,7,8,2026020031,,"[{""game_id"":2026020031,""game_date"":""2026-10-03"",""sog"":3.0,""toi"":13.72,""sog_per60"":13.119533527696792}]",[],1,0,3.0,13.72,0.0,0.0,7,7.542426147077309,8.154129027100488,0.611702880023179,0.6117028800231781,1.5275990601663094,-0.9158961801431318,3.0,True
8485395,2026-10-05,2026-10-08,2026020041,2026020056,8,9,2026020041,,"[{""game_id"":2026020041,""game_date"":""2026-10-05"",""sog"":2.0,""toi"":13.92,""sog_per60"":8.620689655172413}]",[],1,0,2.0,13.92,0.0,0.0,8,8.154129027100488,8.20084885979426,0.046719832693771224,0.046719832693771224,0.9112782728526678,-0.8645584401588952,2.0,True
8485402,2026-10-03,2026-10-05,2026020034,2026020043,10,10,2026020034,2025021231,"[{""game_id"":2026020034,""game_date"":""2026-10-03"",""sog"":0.0,""toi"":14.23,""sog_per60"":0.0}]","[{""game_id"":2025021231,""game_date"":""2026-04-06"",""sog"":0.0,""toi"":13.67,""sog_per60"":0.0}]",1,1,0.0,14.23,0.0,13.67,9,9.135896459840122,9.097111667045713,-0.038784792794409384,-0.038784792794409384,0.0,-0.03878479279440898,0.0,True
8485402,2026-10-05,2026-10-08,2026020043,2026020063,10,10,2026020043,2025021246,"[{""game_id"":2026020043,""game_date"":""2026-10-05"",""sog"":0.0,""toi"":15.37,""sog_per60"":0.0}]","[{""game_id"":2025021246,""game_date"":""2026-04-08"",""sog"":1.0,""toi"":11.57,""sog_per60"":5.185825410544512}]",1,1,0.0,15.37,1.0,11.57,9,9.097111667045713,8.40026527153489,-0.6968463955108231,-0.6968463955108231,-0.44848740408495574,-0.24835899142586723,-1.0,True
8485406,2026-10-03,2026-10-05,2026020025,2026020040,10,10,2026020025,2025021236,"[{""game_id"":2026020025,""game_date"":""2026-10-03"",""sog"":1.0,""toi"":11.03,""sog_per60"":5.439709882139619}]","[{""game_id"":2025021236,""game_date"":""2026-04-07"",""sog"":2.0,""toi"":15.73,""sog_per60"":7.628734901462174}]",1,1,1.0,11.03,2.0,15.73,9,7.918866351764379,7.755277897457991,-0.1635884543063879,-0.16358845430638702,-0.4238156058237729,0.26022715151738524,-1.0,True
8485406,2026-10-05,2026-10-08,2026020040,2026020059,10,10,2026020040,2025021250,"[{""game_id"":2026020040,""game_date"":""2026-10-05"",""sog"":0.0,""toi"":14.6,""sog_per60"":0.0}]","[{""game_id"":2025021250,""game_date"":""2026-04-09"",""sog"":3.0,""toi"":19.77,""sog_per60"":9.104704097116844}]",1,1,0.0,14.6,3.0,19.77,9,7.755277897457991,6.711909911253636,-1.0433679862043554,-1.0433679862043563,-1.3174641492468628,0.27409616304250706,-3.0,True
8485414,2026-10-03,2026-10-05,2026020026,2026020042,10,10,2026020026,2025021138,"[{""game_id"":2026020026,""game_date"":""2026-10-03"",""sog"":5.0,""toi"":14.3,""sog_per60"":20.979020979020977}]","[{""game_id"":2025021138,""game_date"":""2026-03-26"",""sog"":2.0,""toi"":15.68,""sog_per60"":7.653061224489796}]",1,1,5.0,14.3,2.0,15.68,9,4.96016834510747,6.37910085054678,1.4189325054393098,1.4189325054393098,1.3598616836446673,0.059070821794642576,3.0,True
8485414,2026-10-05,2026-10-07,2026020042,2026020053,10,10,2026020042,2025021156,"[{""game_id"":2026020042,""game_date"":""2026-10-05"",""sog"":2.0,""toi"":18.62,""sog_per60"":6.4446831364124595}]","[{""game_id"":2025021156,""game_date"":""2026-03-28"",""sog"":1.0,""toi"":13.95,""sog_per60"":4.301075268817205}]",1,1,2.0,18.62,1.0,13.95,9,6.37910085054678,6.600660066006601,0.2215592154598207,0.2215592154598207,0.44784703257689074,-0.22628781711706974,1.0,True
8485512,2026-10-04,2026-10-07,2026020037,2026020055,10,10,2026020037,2025021190,"[{""game_id"":2026020037,""game_date"":""2026-10-04"",""sog"":0.0,""toi"":16.4,""sog_per60"":0.0}]","[{""game_id"":2025021190,""game_date"":""2026-04-01"",""sog"":0.0,""toi"":16.58,""sog_per60"":0.0}]",1,1,0.0,16.4,0.0,16.58,9,2.6128610828857597,2.616279069767442,0.0034179868816823777,0.0034179868816823777,0.0,0.003417986881682003,0.0,True
8485702,2026-10-03,2026-10-06,2026020031,2026020049,10,10,2026020031,2025020827,"[{""game_id"":2026020031,""game_date"":""2026-10-03"",""sog"":0.0,""toi"":14.92,""sog_per60"":0.0}]","[{""game_id"":2025020827,""game_date"":""2026-01-26"",""sog"":0.0,""toi"":14.85,""sog_per60"":0.0}]",1,1,0.0,14.92,0.0,14.85,9,7.950736612362615,7.946400747896542,-0.004335864466073147,-0.0043358644660749235,0.0,-0.004335864466072283,0.0,True
8485702,2026-10-06,2026-10-08,2026020049,2026020060,10,10,2026020049,2025020849,"[{""game_id"":2026020049,""game_date"":""2026-10-06"",""sog"":2.0,""toi"":17.5,""sog_per60"":6.857142857142857}]","[{""game_id"":2025020849,""game_date"":""2026-01-29"",""sog"":2.0,""toi"":7.98,""sog_per60"":15.037593984962406}]",1,1,2.0,17.5,2.0,7.98,9,7.946400747896542,7.397737162750218,-0.5486635851463237,-0.5486635851463229,0.0,-0.5486635851463244,0.0,True
8485957,2026-10-04,2026-10-06,2026020036,2026020048,6,7,2026020036,,"[{""game_id"":2026020036,""game_date"":""2026-10-04"",""sog"":1.0,""toi"":16.2,""sog_per60"":3.703703703703704}]",[],1,0,1.0,16.2,0.0,0.0,6,1.1992804317409556,1.5482539136418372,0.3489734819008816,0.34897348190088207,0.5578624268755451,-0.20888894497466348,1.0,True
8486025,2026-10-04,2026-10-05,2026020035,2026020042,3,4,2026020035,,"[{""game_id"":2026020035,""game_date"":""2026-10-04"",""sog"":1.0,""toi"":13.35,""sog_per60"":4.49438202247191}]",[],1,0,1.0,13.35,0.0,0.0,3,5.551700208188758,5.302226935312832,-0.24947327287592636,-0.24947327287592636,1.224185219554878,-1.4736584924308043,1.0,True
8486025,2026-10-05,2026-10-07,2026020042,2026020054,4,5,2026020042,,"[{""game_id"":2026020042,""game_date"":""2026-10-05"",""sog"":1.0,""toi"":13.5,""sog_per60"":4.444444444444445}]",[],1,0,1.0,13.5,0.0,0.0,4,5.302226935312832,5.136986301369864,-0.16524063394296817,-0.16524063394296906,0.9583048853121052,-1.1235455192550736,1.0,True
8486067,2026-10-03,2026-10-06,2026020023,2026020044,4,5,2026020023,,"[{""game_id"":2026020023,""game_date"":""2026-10-03"",""sog"":1.0,""toi"":12.77,""sog_per60"":4.698512137823023}]",[],1,0,1.0,12.77,0.0,0.0,4,5.272407732864675,5.1819864281307835,-0.09042130473389154,-0.09042130473389154,0.8095091987956836,-0.8999305035295748,1.0,True
8486067,2026-10-06,2026-10-08,2026020044,2026020065,5,6,2026020044,,"[{""game_id"":2026020044,""game_date"":""2026-10-06"",""sog"":4.0,""toi"":14.75,""sog_per60"":16.271186440677965}]",[],1,0,4.0,14.75,0.0,0.0,5,5.1819864281307835,6.8893528183716075,1.707366390240824,1.707366390240824,2.7331771542348022,-1.0258107639939784,4.0,True
8486103,2026-10-03,2026-10-05,2026020034,2026020043,4,5,2026020034,,"[{""game_id"":2026020034,""game_date"":""2026-10-03"",""sog"":0.0,""toi"":15.62,""sog_per60"":0.0}]",[],1,0,0.0,15.62,0.0,0.0,4,7.400555041628122,5.964214711729622,-1.4363403298985,-1.4363403298985,0.0,-1.4363403298985002,0.0,True
8486103,2026-10-05,2026-10-08,2026020043,2026020063,5,6,2026020043,,"[{""game_id"":2026020043,""game_date"":""2026-10-05"",""sog"":1.0,""toi"":13.75,""sog_per60"":4.363636363636363}]",[],1,0,1.0,13.75,0.0,0.0,5,5.964214711729622,5.730659025787966,-0.23355568594165632,-0.23355568594165632,0.6911333653602105,-0.9246890513018671,1.0,True
8486161,2026-10-03,2026-10-07,2026020028,2026020055,6,7,2026020028,,"[{""game_id"":2026020028,""game_date"":""2026-10-03"",""sog"":3.0,""toi"":13.97,""sog_per60"":12.884753042233356}]",[],1,0,3.0,13.97,0.0,0.0,6,3.827018752391887,5.19705500216544,1.3700362497735532,1.3700362497735523,2.122553438623586,-0.752517188850033,3.0,True
8486171,2026-10-03,2026-10-07,2026020032,2026020054,4,5,2026020032,,"[{""game_id"":2026020032,""game_date"":""2026-10-03"",""sog"":2.0,""toi"":19.93,""sog_per60"":6.021073758153538}]",[],1,0,2.0,19.93,0.0,0.0,4,6.481481481481482,6.373185412486722,-0.10829606899475941,-0.10829606899475941,1.6340576384244507,-1.7423537074192104,2.0,True
8486171,2026-10-07,2026-10-08,2026020054,2026020064,5,6,2026020054,,"[{""game_id"":2026020054,""game_date"":""2026-10-07"",""sog"":1.0,""toi"":11.93,""sog_per60"":5.029337803855826}]",[],1,0,1.0,11.93,0.0,0.0,5,6.373185412486722,6.207324643078834,-0.16586076940788885,-0.16586076940788974,0.664432088403204,-0.8302928578110932,1.0,True
