slate_date,player_id,contributing_n,max_single_sog,top1_sog_share,top2_sog_share,top3_sog_share,game_sog_cv,game_sog_sd,game_rate_sd,hist_toi_mean,hist_toi_sd,hist_toi_min,hist_toi_max,rate,realized_rate,rate_residual,count_residual,d10_decile,concentration_group
2026-10-03,8470613,10.0,3.0,0.15,0.3,0.45,0.5773502691896257,1.1547005383792515,3.7254441005678576,18.975,1.6975619772681843,15.38,21.67,6.324110671936759,9.113924050632912,2.789813378696153,-4.440892098500626e-16,7,OTHER
2026-10-03,8470621,10.0,4.0,0.2857142857142857,0.5,0.6428571428571429,0.96421222530079,1.349897115421106,6.654597711854016,12.814999999999998,2.0509631883580943,9.17,16.2,6.554818571985954,18.090452261306535,11.53563368932058,1.6,7,OTHER
2026-10-03,8471214,10.0,7.0,0.21212121212121213,0.3333333333333333,0.45454545454545453,0.5160420110886789,1.7029386365926402,6.633954202870978,16.517000000000003,1.7324937068989439,12.77,18.8,11.987649088817582,0.0,-11.987649088817582,-3.2999999999999994,10,HIGH_D10_DISTRIBUTED
2026-10-03,8471215,10.0,6.0,0.25,0.4583333333333333,0.5416666666666666,0.7401618108041238,1.776388345929897,5.761242224290011,17.468,0.9692815208527747,15.78,18.87,8.2436455232425,3.0482641828958505,-5.19538134034665,-1.4,9,HIGH_D10_DISTRIBUTED
2026-10-03,8471675,10.0,4.0,0.18181818181818182,0.36363636363636365,0.5,0.6707861703387471,1.4757295747452437,5.4992464179202845,17.567,1.5487417832263422,14.72,19.93,7.514088916718848,6.035205364626991,-1.4788835520918564,-0.20000000000000018,8,OTHER
2026-10-03,8471724,10.0,4.0,0.6666666666666666,0.8333333333333334,1.0,2.1081851067789197,1.2649110640673518,4.064950905522842,19.035999999999998,1.6070621919791683,16.1,20.82,1.891153603698256,9.230769230769232,7.339615627070976,2.4,1,OTHER
2026-10-03,8473422,10.0,3.0,0.3,0.5,0.7,1.1547005383792515,1.1547005383792515,5.015314753210537,13.405000000000001,2.483448543188819,10.13,17.28,4.475941812756434,4.32172869147659,-0.15421312127984432,0.0,4,OTHER
2026-10-03,8473512,10.0,6.0,0.2608695652173913,0.391304347826087,0.5217391304347826,0.6813135810749658,1.5670212364724212,5.5156747212368415,15.437000000000001,1.709360179196363,13.87,18.35,8.939560795491351,13.126709206927984,4.187148411436633,1.7000000000000006,10,HIGH_D10_DISTRIBUTED
2026-10-03,8473533,10.0,4.0,0.25,0.4375,0.5625,0.7905694150420948,1.2649110640673518,4.316595368649992,16.596,1.6867865570038465,13.37,19.1,5.784526391901663,3.6180904522613067,-2.166435939640356,-0.6000000000000003,6,OTHER
2026-10-03,8473994,10.0,5.0,0.7142857142857143,0.8571428571428571,1.0,2.238601766389173,1.567021236472421,5.29852267642488,12.877,2.4564430020300123,10.05,18.33,3.2616292614739457,9.090909090909092,5.829279829435146,1.3,2,OTHER
2026-10-03,8474013,10.0,1.0,0.16666666666666666,0.3333333333333333,0.5,0.8606629658238704,0.5163977794943222,1.669308136793996,17.378999999999998,2.225845407430125,12.67,20.1,2.0714655618850335,2.9102667744543247,0.8388012125692912,0.4,1,OTHER
2026-10-03,8474141,10.0,5.0,0.23809523809523808,0.42857142857142855,0.5714285714285714,0.7256590127404737,1.5238839267549948,4.820232924245811,19.113,2.357211393905001,15.15,23.1,6.592371684194004,0.0,-6.592371684194004,-2.0999999999999996,7,OTHER
2026-10-03,8474150,10.0,5.0,0.2777777777777778,0.4444444444444444,0.5555555555555556,0.8198497637473576,1.4757295747452437,5.807019971448872,18.034,2.3162383297061635,15.27,21.67,5.988688033714095,9.49868073878628,3.509992705072185,1.2000000000000002,7,OTHER
2026-10-03,8474151,10.0,2.0,0.25,0.5,0.625,0.9860132971832694,0.7888106377466155,2.680690388028521,18.267,2.120131285243126,15.77,22.78,2.6276892757431436,0.0,-2.6276892757431436,-0.7999999999999999,2,OTHER
2026-10-03,8474563,10.0,2.0,0.16666666666666666,0.3333333333333333,0.5,0.5270462766947299,0.6324555320336759,1.6691707978418855,23.338,2.9229087490983283,19.23,29.33,3.0850972662610334,0.0,-3.0850972662610334,-1.2,2,OTHER
2026-10-03,8474564,10.0,9.0,0.3333333333333333,0.4444444444444444,0.5555555555555556,0.9080580517744835,2.4517567397911058,6.4785312090726945,18.726,3.0185434309355967,13.68,22.83,8.651073373918615,11.980033277870216,3.328959903951601,1.3000000000000003,9,HIGH_D10_DISTRIBUTED
2026-10-03,8474567,10.0,1.0,0.2,0.4,0.6,1.0540925533894598,0.5270462766947299,2.4944526429091844,13.553,2.4591373826337293,9.47,16.28,2.213532059322659,0.0,-2.213532059322659,-0.5,1,OTHER
2026-10-03,8474568,10.0,2.0,0.3333333333333333,0.6666666666666666,0.8333333333333334,1.405456737852613,0.8432740427115678,4.076211793808825,13.902000000000001,1.510318583022212,11.03,16.52,2.589555459646094,0.0,-2.589555459646094,-0.5999999999999999,2,OTHER
2026-10-03,8474574,10.0,3.0,0.5,0.6666666666666666,0.8333333333333334,1.6101529717988265,0.9660917830792959,2.9137268537462617,18.017,3.464011964310875,13.22,22.63,1.998112893378476,4.152249134948097,2.1541362415696215,0.4,1,OTHER
2026-10-03,8474578,10.0,4.0,0.21052631578947367,0.3684210526315789,0.5263157894736842,0.677202072477852,1.286683937707919,3.5222079393070604,21.419000000000004,1.978099256019947,18.77,24.78,5.322377328540081,0.0,-5.322377328540081,-1.9,6,OTHER
2026-10-03,8474586,10.0,4.0,0.25,0.5,0.625,0.9409658158863513,1.5055453054181622,5.213330035901046,17.762,1.8412664723559762,15.02,20.9,5.404796757121946,3.495145631067961,-1.9096511260539848,-0.6000000000000001,6,OTHER
2026-10-03,8474590,10.0,6.0,0.2222222222222222,0.37037037037037035,0.5185185185185185,0.6307180135528296,1.7029386365926402,4.3561135428424524,23.508,2.047859587200472,20.27,26.52,6.891271056661562,0.0,-6.891271056661562,-2.6999999999999997,8,OTHER
2026-10-03,8474600,10.0,4.0,0.13793103448275862,0.27586206896551724,0.41379310344827586,0.37948446021193516,1.1005049346146119,2.585967723129707,25.151999999999997,3.815680513064187,15.52,28.15,6.9179389312977095,0.0,-6.9179389312977095,-2.9,8,OTHER
2026-10-03,8474716,10.0,3.0,0.2727272727272727,0.5454545454545454,0.7272727272727273,1.0883809088526044,1.1972189997378648,3.795937873942219,17.675000000000004,1.825213838309242,14.53,19.8,3.7340876944837342,2.9850746268656714,-0.7490130676180629,-0.10000000000000009,3,OTHER
2026-10-03,8475151,10.0,6.0,0.24,0.4,0.52,0.7118052168020874,1.7795130420052185,5.126211728177189,18.366,3.7037374516980965,9.42,22.47,8.167265599477295,8.209806157354619,0.04254055787732369,-0.5,9,HIGH_D10_DISTRIBUTED
2026-10-03,8475158,10.0,4.0,0.2,0.4,0.6,0.7453559924999299,1.4907119849998598,3.997433255762478,20.915,1.5530132002014667,17.7,22.65,5.737508964857757,3.0176026823134956,-2.7199062825442617,-1.0,6,OTHER
2026-10-03,8475166,10.0,5.0,0.23809523809523808,0.42857142857142855,0.5714285714285714,0.7595864199368507,1.5951314818673865,6.155661746743735,18.627,2.045271239822348,14.97,21.05,6.764374295377678,9.972299168975068,3.20792487359739,0.8999999999999999,8,OTHER
2026-10-03,8475167,10.0,3.0,0.21428571428571427,0.35714285714285715,0.5,0.6900655593423541,0.9660917830792958,3.896034680644044,17.91,4.85534527894544,4.73,22.18,4.690117252931323,4.422604422604422,-0.26751283032690054,-0.3999999999999999,5,OTHER
2026-10-03,8475170,10.0,3.0,0.25,0.5,0.5833333333333334,0.8606629658238704,1.0327955589886444,3.109102958436536,17.617,1.9740035460961056,14.45,20.63,4.08696145768292,16.363636363636367,12.276674905953447,2.8,4,OTHER
2026-10-03,8475171,10.0,2.0,0.25,0.375,0.5,0.7905694150420948,0.6324555320336759,2.3346202278390877,18.506999999999998,4.8373180126549,7.05,23.88,2.59361322742746,0.0,-2.59361322742746,-0.8000000000000002,2,OTHER
2026-10-03,8475172,10.0,5.0,0.23809523809523808,0.38095238095238093,0.5238095238095238,0.6900655593423543,1.449137674618944,4.629645297719977,15.501000000000001,3.758780682910646,6.15,19.13,8.128507838203987,13.008130081300814,4.8796222430968275,1.9,9,HIGH_D10_DISTRIBUTED
2026-10-03,8475184,10.0,4.0,0.21052631578947367,0.3684210526315789,0.5263157894736842,0.6301152630199289,1.1972189997378648,4.055971217563579,16.642000000000003,2.6385425269770932,13.52,22.02,6.8501382045427235,4.013377926421405,-2.836760278121319,-0.8999999999999999,8,OTHER
2026-10-03,8475200,10.0,4.0,0.23529411764705882,0.4117647058823529,0.5882352941176471,0.7867608881466227,1.3374935098492586,3.588044322073391,20.376,1.5880330251253865,17.92,22.68,5.005889281507656,3.2967032967032965,-1.7091859848043596,-0.7,5,OTHER
2026-10-03,8475208,10.0,2.0,0.5,0.75,1.0,1.7480147469502527,0.6992058987801011,2.5978405609199604,17.21,1.9523205565571335,13.47,20.82,1.3945380592678676,0.0,-1.3945380592678676,-0.4000000000000001,1,OTHER
2026-10-03,8475218,10.0,2.0,0.2857142857142857,0.42857142857142855,0.5714285714285714,0.96421222530079,0.674948557710553,1.95968270809411,19.663999999999998,2.161723592157168,14.82,22.35,2.1358828315703824,0.0,-2.1358828315703824,-0.7,1,OTHER
2026-10-03,8475220,10.0,2.0,0.16666666666666666,0.3333333333333333,0.5,0.6573421981221796,0.7888106377466155,3.9778347007682746,12.073000000000002,0.846339175508259,10.65,13.1,5.963720699080593,4.972375690607735,-0.9913450084728579,-0.19999999999999996,7,OTHER
2026-10-03,8475231,10.0,6.0,0.5,0.75,0.8333333333333334,1.6101529717988263,1.9321835661585915,8.726302113779608,12.581,1.4339335952391783,9.48,14.47,5.722915507511327,17.041420118343197,11.31850461083187,2.8,6,OTHER
2026-10-03,8475287,10.0,4.0,0.2,0.4,0.55,0.6666666666666666,1.3333333333333333,5.169812679620676,16.062,1.5663247853920124,13.77,19.3,7.4710496824803885,8.135593220338983,0.6645435378585942,-4.440892098500626e-16,8,OTHER
2026-10-03,8475314,10.0,4.0,0.14285714285714285,0.2857142857142857,0.39285714285714285,0.32819163695452913,0.9189365834726815,4.134680613450389,15.206999999999999,1.94458250303532,12.12,17.62,11.047543894259222,4.353083434099154,-6.694460460160069,-1.7999999999999998,10,HIGH_D10_DISTRIBUTED
2026-10-03,8475455,10.0,2.0,0.25,0.5,0.75,1.1486707293408518,0.9189365834726815,2.8777513680212645,18.181,2.7218231226718443,14.12,21.4,2.6401188053462405,0.0,-2.6401188053462405,-0.8,2,OTHER
2026-10-03,8475690,10.0,3.0,0.42857142857142855,0.5714285714285714,0.7142857142857143,1.3552618543578767,0.9486832980505137,2.8116856716372887,17.796,4.591081208894771,5.95,21.45,2.3600809170600137,0.0,-2.3600809170600137,-0.7,1,OTHER
2026-10-03,8475692,10.0,4.0,0.26666666666666666,0.4666666666666667,0.6666666666666666,0.90267093384844,1.35400640077266,4.64743115183022,17.586000000000002,1.384535220851307,15.25,20.03,5.117707267144319,3.1088082901554404,-2.008898976988879,-0.4999999999999998,5,OTHER
2026-10-03,8475726,10.0,4.0,0.26666666666666666,0.4,0.5333333333333333,0.7200822998230957,1.0801234497346435,5.24885758405969,12.812999999999999,2.126369101439248,9.4,16.02,7.024116132053384,12.399540757749712,5.375424625696328,1.4999999999999998,8,OTHER
2026-10-03,8475745,10.0,6.0,0.35294117647058826,0.5882352941176471,0.7058823529411765,1.1781034420235137,2.0027758514399734,5.963462544299821,19.157000000000004,2.494750265836019,15.7,23.07,5.324424492352665,0.0,-5.324424492352665,-1.7,6,OTHER
2026-10-03,8475754,10.0,3.0,0.1875,0.375,0.5,0.6718548123582125,1.07496769977314,3.3870570962195994,19.141,2.5597067974455374,13.85,22.48,5.015411942949689,3.7075180226570543,-1.307893920292635,-0.5999999999999994,5,OTHER
2026-10-03,8475764,10.0,3.0,0.3,0.5,0.7,1.0540925533894598,1.0540925533894598,2.6904037166936106,20.579999999999995,2.8104685255902315,16.78,25.4,2.9154518950437316,2.5641025641025643,-0.35134933094116727,0.0,2,OTHER
2026-10-03,8475768,10.0,4.0,0.4,0.6,0.7,1.247219128924647,1.247219128924647,4.55723038773096,15.009,1.619666975372132,12.82,17.32,3.997601439136518,16.861826697892273,12.864225258755754,3.0,3,OTHER
2026-10-03,8475790,10.0,2.0,0.25,0.5,0.625,0.9860132971832694,0.7888106377466155,2.5931224205773535,17.305,1.938425764491497,13.88,19.57,2.7737648078590005,0.0,-2.7737648078590005,-0.7999999999999999,2,OTHER
2026-10-03,8475791,10.0,3.0,0.1875,0.375,0.5,0.5270462766947298,0.8432740427115678,3.213183625923512,15.536666666666665,2.279111669050027,12.52,19.4,6.865479510834585,8.275862068965518,1.4103825581309328,0.21920903954802262,8,OTHER
2026-10-03,8475794,10.0,4.0,0.4444444444444444,0.5555555555555556,0.6666666666666666,1.330243333042072,1.1972189997378648,15.496633788813172,14.886999999999997,5.021841295779866,1.2,18.58,3.6273258547726206,14.323607427055704,10.696281572283084,2.0999999999999996,3,OTHER
2026-10-03,8475842,10.0,3.0,0.23076923076923078,0.46153846153846156,0.6923076923076923,1.0288411614225066,1.3374935098492586,6.121335849988902,10.858,2.9923042031926577,6.77,15.63,7.183643396573955,8.181818181818183,0.9981747852442284,-0.30000000000000004,8,OTHER
2026-10-03,8475848,10.0,4.0,0.36363636363636365,0.6363636363636364,0.8181818181818182,1.3173978860172217,1.449137674618944,8.607065602297439,10.709999999999999,1.2858892297204727,8.3,12.05,6.162464985994398,11.842105263157896,5.6796402771634975,0.8999999999999999,7,OTHER
2026-10-03,8476278,10.0,3.0,0.42857142857142855,0.7142857142857143,1.0,1.656431155326294,1.1595018087284057,5.306855211541432,12.748,1.6187155401737516,9.93,15.6,3.2946344524631317,0.0,-3.2946344524631317,-0.6999999999999998,2,OTHER
2026-10-03,8476292,10.0,2.0,0.2857142857142857,0.5714285714285714,0.7142857142857143,1.1761037176408067,0.8232726023485646,4.561412973142758,11.899000000000001,2.7253764265999423,9.77,18.35,3.529708378855366,19.277108433734938,15.747400054879572,3.3,3,OTHER
2026-10-03,8476312,10.0,4.0,0.19047619047619047,0.3333333333333333,0.47619047619047616,0.5240499688641008,1.1005049346146119,4.135064363529671,17.521000000000004,3.0055668720263444,11.77,21.25,7.191370355573312,7.228915662650602,0.037545307077289536,-0.10000000000000009,8,OTHER
2026-10-03,8476372,10.0,2.0,0.25,0.5,0.625,0.9860132971832694,0.7888106377466155,3.1397540871925393,17.184,4.279060644580771,12.83,26.53,2.793296089385475,0.0,-2.793296089385475,-0.8,2,OTHER
2026-10-03,8476374,10.0,2.0,0.16666666666666666,0.3333333333333333,0.5,0.7657804862272346,0.9189365834726815,4.5900432043423764,13.596,2.6756772766701307,9.25,17.88,5.29567519858782,16.9811320754717,11.68545687688388,1.8,6,OTHER
2026-10-03,8476389,10.0,4.0,0.26666666666666666,0.4666666666666667,0.6,0.90267093384844,1.35400640077266,4.330711697891502,18.688,1.0440604495057848,17.05,20.32,4.8159246575342465,0.0,-4.8159246575342465,-1.4999999999999998,5,OTHER
2026-10-03,8476393,10.0,3.0,0.2727272727272727,0.5454545454545454,0.7272727272727273,1.0883809088526044,1.1972189997378648,5.219582828118274,12.917777777777777,1.3990333964721657,10.92,14.67,5.676931016686737,0.0,-5.676931016686737,-1.1985893686564597,6,OTHER
2026-10-03,8476399,10.0,6.0,0.2,0.3333333333333333,0.43333333333333335,0.4444444444444444,1.3333333333333333,5.062675998689107,18.301,2.462764706584858,13.73,22.67,9.835528113217856,8.845208845208845,-0.9903192680090118,-1.0,10,HIGH_D10_DISTRIBUTED
2026-10-03,8476419,10.0,2.0,0.18181818181818182,0.36363636363636365,0.5454545454545454,0.6707861703387471,0.7378647873726218,3.0364949208507745,15.827000000000002,2.176158950485414,13.12,20.02,4.170089088266885,8.098987626546682,3.928898538279797,0.8999999999999999,4,OTHER
2026-10-03,8476422,10.0,3.0,0.21428571428571427,0.35714285714285715,0.5,0.6023386019368343,0.8432740427115679,3.7985510388052814,15.087,5.29597341802661,9.12,24.75,5.567707297673493,5.660377358490567,0.09267006081707319,-0.3999999999999999,6,OTHER
2026-10-03,8476432,10.0,4.0,0.15384615384615385,0.2692307692307692,0.38461538461538464,0.3715737627228061,0.9660917830792959,3.9632766106734505,15.922,2.0588875097434967,12.83,18.93,9.79776409998744,12.040133779264215,2.2423696792767753,0.3999999999999999,10,HIGH_D10_DISTRIBUTED
2026-10-03,8476441,10.0,4.0,0.25,0.5,0.625,0.8936504412303007,1.4298407059684812,4.678313526147157,18.310000000000002,1.953270761227605,15.57,20.92,5.243036592026215,4.516938519447931,-0.7260980725782842,-0.6000000000000001,6,OTHER
2026-10-03,8476453,10.0,3.0,0.13636363636363635,0.2727272727272727,0.4090909090909091,0.417698447033037,0.9189365834726815,3.200563318481853,20.689,2.6359204590933065,16.48,24.12,6.380202039731258,7.906295754026354,1.5260937142950963,0.7999999999999998,7,OTHER
2026-10-03,8476455,10.0,5.0,0.25,0.4,0.55,0.7071067811865476,1.4142135623730951,5.265602555063948,16.647,3.1052502135719897,14.02,24.4,7.208506037123806,0.0,-7.208506037123806,-2.0,8,OTHER
2026-10-03,8476457,10.0,4.0,0.2222222222222222,0.4444444444444444,0.6666666666666666,0.899626503814157,1.6193277068654826,4.3874288950343505,20.017,1.7983514055316823,17.25,22.3,5.395413898186542,0.0,-5.395413898186542,-1.8,6,OTHER
2026-10-03,8476458,10.0,4.0,0.2222222222222222,0.3888888888888889,0.5555555555555556,0.7314228762270926,1.3165611772087666,5.02801024923046,14.500000000000004,1.4900932111038485,12.45,16.15,7.448275862068965,10.37463976945245,2.926363907383485,0.20000000000000018,8,OTHER
2026-10-03,8476461,10.0,4.0,0.3333333333333333,0.5,0.6666666666666666,1.0243938285880987,1.2292725943057183,4.243161814016857,15.794999999999998,2.622090980708166,12.22,21.13,4.5584045584045585,0.0,-4.5584045584045585,-1.2,4,OTHER
2026-10-03,8476462,10.0,6.0,0.25,0.375,0.5,0.6860605019571372,1.6465452046971292,4.6182827385644485,21.086000000000002,1.6786979081021896,18.83,23.98,6.829175756426065,8.077786088257293,1.2486103318312276,0.6000000000000001,8,OTHER
2026-10-03,8476463,10.0,2.0,0.16666666666666666,0.3333333333333333,0.5,0.7657804862272346,0.9189365834726815,3.0896269391770965,17.964,1.6776253058018245,14.97,20.47,4.008016032064128,0.0,-4.008016032064128,-1.1999999999999995,3,OTHER
2026-10-03,8476467,10.0,3.0,0.3,0.5,0.7,1.0540925533894598,1.0540925533894598,3.760792106026922,18.631,2.679243052306627,14.13,23.63,3.220439053190918,0.0,-3.220439053190918,-1.0000000000000002,2,OTHER
2026-10-03,8476469,10.0,4.0,0.21052631578947367,0.42105263157894735,0.5263157894736842,0.677202072477852,1.286683937707919,5.918929190441257,13.953,2.3113009804485056,11.78,20.12,8.1702859600086,8.921933085501859,0.7516471254932586,0.10000000000000009,9,HIGH_D10_DISTRIBUTED
2026-10-03,8476473,10.0,3.0,0.2727272727272727,0.45454545454545453,0.6363636363636364,0.9040262963743211,0.9944289260117533,2.854720754041871,21.529,1.9949851015873667,18.48,24.78,3.065632402805518,0.0,-3.065632402805518,-1.1,2,OTHER
2026-10-03,8476474,10.0,3.0,0.2,0.4,0.5333333333333333,0.7856742013183862,1.1785113019775793,6.3450233615034435,11.293000000000001,4.054035164020055,6.0,19.48,7.969538652262464,13.636363636363637,5.666824984101173,0.5,9,HIGH_D10_DISTRIBUTED
2026-10-03,8476479,10.0,4.0,0.23529411764705882,0.4117647058823529,0.5882352941176471,0.834197936713045,1.4181364924121764,5.242761687768692,14.531,2.0099112749903494,12.18,18.0,7.019475603881357,0.0,-7.019475603881357,-1.7,8,OTHER
2026-10-03,8476483,10.0,8.0,0.25806451612903225,0.41935483870967744,0.5161290322580645,0.6352281930211583,1.9692073983655907,6.566561713296907,17.864,1.2143512213889724,14.98,19.28,10.412001791312136,6.509945750452078,-3.9020560408600575,-1.1,10,HIGH_D10_DISTRIBUTED
2026-10-03,8476539,10.0,4.0,0.25,0.4375,0.625,0.8936504412303006,1.429840705968481,4.5674649287568485,17.19333333333333,2.230100894578539,14.22,21.2,6.203955021326095,10.9979633401222,4.794008318796104,1.221429494636164,7,OTHER
2026-10-03,8476624,10.0,2.0,0.6666666666666666,1.0,1.0,2.249828525701843,0.6749485577105528,3.864704514703419,11.987,1.8734996960531143,10.13,15.3,1.501626762325853,5.034965034965035,3.533338272639182,0.7,1,OTHER
2026-10-03,8476853,10.0,4.0,0.2857142857142857,0.5,0.6428571428571429,0.9035079029052513,1.2649110640673518,3.696314365726792,20.682000000000002,1.402686311649504,17.95,22.93,4.061502756019728,3.2638259292837715,-0.7976768267359562,-0.3999999999999997,3,OTHER
2026-10-03,8476854,10.0,3.0,0.25,0.4166666666666667,0.5833333333333334,0.8606629658238706,1.0327955589886446,3.1452932394190785,20.557,1.4386571670986956,18.48,22.32,3.502456584131926,0.0,-3.502456584131926,-1.1999999999999995,3,OTHER
2026-10-03,8476869,10.0,3.0,0.2727272727272727,0.45454545454545453,0.6363636363636364,0.9040262963743211,0.9944289260117533,2.571408051682886,22.628999999999998,2.0302624351436833,19.43,25.23,2.916611427813867,6.63594470046083,3.719333272646963,0.8999999999999999,2,OTHER
2026-10-03,8476872,10.0,5.0,0.2631578947368421,0.42105263157894735,0.5789473684210527,0.802044171976313,1.5238839267549946,6.413304718925279,15.506666666666668,0.974397249585609,14.17,16.9,8.168529664660362,0.0,-8.168529664660362,-2.1243622814560044,9,HIGH_D10_DISTRIBUTED
2026-10-03,8476873,10.0,3.0,0.3,0.5,0.7,1.0540925533894598,1.0540925533894598,4.187688907182629,13.528,2.9935812814902634,8.08,17.57,4.4352454169130695,0.0,-4.4352454169130695,-1.0,4,OTHER
2026-10-03,8476874,10.0,1.0,0.25,0.5,0.75,1.2909944487358054,0.5163977794943222,1.4522789734880475,22.579,3.017785980188493,19.83,30.0,1.062934585234067,2.5843503230437905,1.5214157378097235,0.6,1,OTHER
2026-10-03,8476875,10.0,4.0,0.25,0.5,0.6875,0.9860132971832694,1.577621275493231,3.8852716308565243,23.443,2.963489122264123,16.4,26.27,4.095039030840763,4.545454545454546,0.45041551461378315,0.3999999999999999,4,OTHER
2026-10-03,8476878,10.0,1.0,0.3333333333333333,0.6666666666666666,1.0,1.6101529717988265,0.48304589153964794,1.9369042759261539,14.166,2.949863273667668,7.65,17.72,1.2706480304955527,4.152249134948097,2.8816011044525447,0.7,1,OTHER
2026-10-03,8476879,10.0,1.0,0.2,0.4,0.6,1.0540925533894598,0.5270462766947299,1.8908168412039494,17.882,2.1480161389834422,12.77,20.55,1.6776646907504753,6.805293005671078,5.127628314920602,1.5,1,OTHER
2026-10-03,8476880,10.0,5.0,0.23809523809523808,0.42857142857142855,0.5714285714285714,0.7920619015793428,1.66332999331662,5.527538998096044,18.511999999999997,2.047962673270954,16.62,23.28,6.806395851339672,6.735266604303087,-0.07112924703658496,-0.09999999999999964,8,OTHER
2026-10-03,8476882,10.0,4.0,0.3076923076923077,0.46153846153846156,0.5384615384615384,0.8148845426702926,1.0593499054713804,3.1020877231163797,17.121000000000002,2.2467430748629105,13.0,20.8,4.555808656036446,4.176334106728538,-0.3794745493079086,-0.2999999999999998,4,OTHER
2026-10-03,8476885,10.0,4.0,0.21052631578947367,0.3684210526315789,0.47368421052631576,0.5792131234813747,1.1005049346146119,3.151664112531156,21.291,2.9479915950430464,18.13,28.53,5.35437508806538,2.882305844675741,-2.472069243389639,-0.8999999999999999,6,OTHER
2026-10-03,8476887,10.0,5.0,0.22727272727272727,0.4090909090909091,0.5454545454545454,0.6707861703387471,1.4757295747452437,4.415739094302436,19.511000000000003,1.6122134542988473,16.35,22.32,6.765414381630875,2.769230769230769,-3.996183612400106,-1.2000000000000002,8,OTHER
2026-10-03,8476889,10.0,3.0,0.3,0.5,0.6,0.9428090415820634,0.9428090415820634,4.337915875155429,12.147,1.8125920666272377,8.32,15.17,4.939491232403062,5.73248407643312,0.7929928440300573,0.0,5,OTHER
2026-10-03,8476892,10.0,2.0,0.14285714285714285,0.2857142857142857,0.42857142857142855,0.49943278484292936,0.6992058987801011,1.925869387430713,21.159,2.2364130506982236,16.15,23.6,3.969941868708351,5.783132530120482,1.813190661412131,0.6000000000000001,3,OTHER
2026-10-03,8476902,10.0,3.0,0.23076923076923078,0.46153846153846156,0.6923076923076923,1.0288411614225066,1.3374935098492586,3.5328433481220944,21.119000000000003,2.033013362802452,18.72,25.05,3.6933566930252377,0.0,-3.6933566930252377,-1.3,3,OTHER
2026-10-03,8476905,10.0,2.0,0.2857142857142857,0.5714285714285714,0.7142857142857143,1.1761037176408067,0.8232726023485646,2.705228396810167,17.682000000000002,1.5450264291159121,15.98,20.37,2.375296912114014,3.311867525298988,0.936570613184974,0.30000000000000004,1,OTHER
2026-10-03,8476906,10.0,3.0,0.23076923076923078,0.46153846153846156,0.6153846153846154,0.8919244682526197,1.1595018087284057,3.6849827883145183,19.25,1.7981533737575213,16.35,22.67,4.0519480519480515,15.335463258785943,11.28351520683789,2.6999999999999993,3,OTHER
2026-10-03,8476917,10.0,4.0,0.3076923076923077,0.5384615384615384,0.6923076923076923,1.0288411614225066,1.3374935098492586,4.337352727635472,19.041999999999998,1.8308880662430222,16.45,22.37,4.096208381472534,0.0,-4.096208381472534,-1.3,4,OTHER
2026-10-03,8476921,10.0,3.0,0.23076923076923078,0.38461538461538464,0.5384615384615384,0.8148845426702926,1.0593499054713804,4.651263191492484,15.016,1.8959500696660416,12.78,18.73,5.194459243473628,11.790393013100436,6.595933769626808,1.7,5,OTHER
2026-10-03,8476925,10.0,2.0,0.2,0.4,0.6,0.816496580927726,0.816496580927726,3.9666410047247895,14.982000000000003,3.1821299645223657,11.37,23.15,4.004805766920304,16.666666666666668,12.661860899746364,3.0,3,OTHER
2026-10-03,8476927,10.0,3.0,0.2727272727272727,0.45454545454545453,0.6363636363636364,0.9040262963743211,0.9944289260117533,3.842836952103023,14.872,2.444675847632974,9.77,18.57,4.437869822485207,0.0,-4.437869822485207,-1.1,4,OTHER
2026-10-03,8476931,10.0,2.0,0.16666666666666666,0.3333333333333333,0.5,0.6573421981221796,0.7888106377466155,2.3840901500178004,20.24,3.623653773012354,11.63,25.1,3.5573122529644268,3.380281690140845,-0.17703056282358176,-0.1999999999999995,3,OTHER
2026-10-03,8476958,10.0,4.0,0.2857142857142857,0.5714285714285714,0.7142857142857143,1.075389503870116,1.5055453054181622,4.553131543425966,20.085,3.658224371953633,13.77,26.9,4.182225541448842,2.42098184263618,-1.7612436988126619,-0.3999999999999999,4,OTHER
2026-10-03,8476967,10.0,5.0,0.35714285714285715,0.5714285714285714,0.7142857142857143,1.1268723396380222,1.577621275493231,4.402105244101105,21.341,0.8974711385022056,19.73,22.67,3.936085469284476,0.0,-3.936085469284476,-1.4,3,OTHER
2026-10-03,8476979,10.0,3.0,0.25,0.4166666666666667,0.5833333333333334,0.8606629658238704,1.0327955589886444,2.901067094772454,18.38777777777778,2.664248382648368,13.57,22.62,4.350716055350777,6.956521739130435,2.605805683779658,0.6606320623602635,4,OTHER
2026-10-03,8476981,10.0,3.0,0.3,0.6,0.7,1.1547005383792515,1.1547005383792515,4.858140759799219,14.068999999999999,1.962976481434932,11.52,17.63,4.264695429668064,14.794520547945206,10.529825118277142,2.0,4,OTHER
2026-10-03,8477021,10.0,3.0,0.3333333333333333,0.5555555555555556,0.6666666666666666,1.1049210289019482,0.9944289260117534,4.029596680017153,15.618888888888888,1.0553606545210557,13.33,17.07,3.841502454293235,3.6622583926754833,-0.17924406161775153,0.010877143060396999,3,OTHER
2026-10-03,8477220,10.0,2.0,0.3333333333333333,0.5,0.6666666666666666,1.165343164633502,0.6992058987801011,2.532372934395838,18.371999999999996,1.876757250626137,15.5,21.52,1.959503592423253,0.0,-1.959503592423253,-0.6,1,OTHER
2026-10-03,8477346,10.0,4.0,0.2,0.35,0.5,0.5773502691896257,1.1547005383792515,3.1878741933779677,19.916000000000004,1.48641402935611,17.07,21.87,6.025306286402892,2.9484029484029484,-3.0769033379999438,-1.0,7,OTHER
2026-10-03,8477365,10.0,3.0,0.23076923076923078,0.38461538461538464,0.5384615384615384,0.7297563831157798,0.9486832980505138,2.7345629919737147,19.857000000000003,2.8506687324594955,16.87,24.17,3.928085813567004,0.0,-3.928085813567004,-1.2999999999999998,3,OTHER
2026-10-03,8477369,10.0,2.0,0.2857142857142857,0.5714285714285714,0.7142857142857143,1.1761037176408067,0.8232726023485646,2.9232127347832964,16.124000000000002,2.7829049570547686,12.67,20.25,2.6048127015628877,0.0,-2.6048127015628877,-0.7,2,OTHER
2026-10-03,8477402,10.0,2.0,0.16666666666666666,0.3333333333333333,0.5,0.6573421981221796,0.7888106377466155,2.9034139879987175,16.63,1.4207275131659367,14.88,19.07,4.329524954900782,7.6352067868504765,3.305681831949695,0.8,4,OTHER
2026-10-03,8477404,10.0,7.0,0.21875,0.40625,0.53125,0.6555055301063447,2.0976176963403033,5.434865509578789,21.886999999999997,2.5587976777298267,18.17,26.63,8.77233060720976,6.557377049180328,-2.214953558029432,-1.2000000000000006,9,HIGH_D10_DISTRIBUTED
2026-10-03,8477407,10.0,4.0,0.3076923076923077,0.46153846153846156,0.6153846153846154,0.9628196592573635,1.2516655570345725,6.29816202149014,12.896,2.942120172785455,8.87,18.42,6.048387096774194,0.0,-6.048387096774194,-1.3000000000000005,7,OTHER
2026-10-03,8477426,10.0,3.0,0.2,0.4,0.5333333333333333,0.7200822998230957,1.0801234497346435,4.0396159835658425,14.883,5.6125693264711165,4.7,22.97,6.0471679096956255,7.038123167155425,0.9909552574597997,0.5000000000000002,7,OTHER
2026-10-03,8477446,10.0,4.0,0.21052631578947367,0.3684210526315789,0.5263157894736842,0.6301152630199289,1.1972189997378648,5.180952730643375,13.872,2.549277893399968,9.92,18.12,8.217993079584774,14.145383104125738,5.927390024540964,2.1000000000000005,9,HIGH_D10_DISTRIBUTED
2026-10-03,8477451,10.0,5.0,0.21739130434782608,0.391304347826087,0.5217391304347826,0.6813135810749658,1.5670212364724212,5.67340380742613,16.413999999999998,2.3328485210622274,12.9,20.65,8.407457048860728,0.0,-8.407457048860728,-2.3,9,HIGH_D10_DISTRIBUTED
2026-10-03,8477476,10.0,3.0,0.23076923076923078,0.46153846153846156,0.6153846153846154,0.8919244682526197,1.1595018087284057,3.482323004768349,18.101,2.403467171492976,13.8,22.28,4.309154190376223,6.174957118353343,1.8658029279771204,0.7,4,OTHER
2026-10-03,8477478,10.0,3.0,0.3333333333333333,0.5555555555555556,0.6666666666666666,1.1049210289019482,0.9944289260117534,8.237033771833142,10.365,1.983488789425788,6.65,12.12,5.209840810419681,9.362808842652797,4.152968032233115,1.1,5,OTHER
2026-10-03,8477479,10.0,3.0,0.25,0.5,0.6666666666666666,0.9460770203292445,1.1352924243950933,3.528390027510255,18.502000000000002,1.766854078109829,15.85,21.5,3.8914711923035346,3.6809815950920246,-0.21048959721150995,-0.1999999999999995,3,OTHER
2026-10-03,8477488,10.0,2.0,0.3333333333333333,0.6666666666666666,0.8333333333333334,1.405456737852613,0.8432740427115678,2.459478802655099,19.615,1.0423291226863038,18.35,22.07,1.835330104511853,6.360424028268551,4.525093923756698,1.4,1,OTHER
2026-10-03,8477492,10.0,8.0,0.19047619047619047,0.35714285714285715,0.5,0.622902122868209,2.616188916046478,7.902138949877443,21.535999999999998,3.1455054354498335,16.65,27.95,11.701337295690935,13.138686131386862,1.4373488356959268,-0.20000000000000018,10,HIGH_D10_DISTRIBUTED
2026-10-03,8477496,10.0,5.0,0.38461538461538464,0.5384615384615384,0.6923076923076923,1.2054009511326316,1.5670212364724212,5.854334705075696,17.325,1.8033502771847243,15.88,21.65,4.5021645021645025,7.086614173228346,2.584449671063844,0.7,4,OTHER
2026-10-03,8477497,10.0,4.0,0.3333333333333333,0.5833333333333334,0.6666666666666666,1.097134314340639,1.3165611772087666,5.1092902841637295,15.462,1.367412804451449,12.63,18.08,4.656577415599535,3.553800592300099,-1.1027768232994357,-0.19999999999999996,5,OTHER
2026-10-03,8477498,10.0,5.0,0.25,0.45,0.55,0.7453559924999299,1.4907119849998598,4.008252777727179,21.42,2.044564609995107,17.12,24.42,5.602240896358543,0.0,-5.602240896358543,-2.0,6,OTHER
2026-10-03,8477499,10.0,4.0,0.3076923076923077,0.46153846153846156,0.6153846153846154,1.0288411614225066,1.3374935098492586,3.618864852515485,21.486,2.3674749793351095,17.67,24.1,3.630270874057526,0.0,-3.630270874057526,-1.3,3,OTHER
2026-10-03,8477500,10.0,4.0,0.18181818181818182,0.36363636363636365,0.5,0.5984368987312575,1.3165611772087666,3.542388228355401,20.796,1.5651283227475838,17.6,22.93,6.3473744950952105,12.961296129612963,6.6139216345177525,1.7999999999999998,7,OTHER
2026-10-03,8477501,10.0,6.0,0.2608695652173913,0.4782608695652174,0.6086956521739131,0.8707721093217277,2.0027758514399734,7.371499822753419,15.987,1.1686654306895918,13.02,17.38,8.63201351097767,7.14995034756703,-1.4820631634106398,-0.2999999999999998,9,HIGH_D10_DISTRIBUTED
2026-10-03,8477505,10.0,3.0,0.2727272727272727,0.45454545454545453,0.6363636363636364,0.9040262963743211,0.9944289260117533,3.043660739149329,19.909,1.8644597072610607,15.67,21.73,3.3150836305188607,3.2056990204808553,-0.10938461003800537,-0.10000000000000009,2,OTHER
2026-10-03,8477506,10.0,2.0,0.25,0.5,0.75,1.2909944487358054,1.0327955589886444,3.2635076445829134,18.655,1.6503417154570679,16.45,21.27,2.573036719378183,0.0,-2.573036719378183,-0.8000000000000002,2,OTHER
2026-10-03,8477507,10.0,3.0,0.3,0.6,0.7,1.1547005383792515,1.1547005383792515,3.366333518718999,20.746000000000002,1.632797190917067,18.68,23.45,2.892123782897908,7.619047619047619,4.726923836149711,1.0,2,OTHER
2026-10-03,8477511,10.0,4.0,0.26666666666666666,0.4666666666666667,0.6666666666666666,0.9558139185602919,1.4337208778404378,5.348147564238967,15.131,2.197637367720161,11.75,18.38,5.948053664661952,0.0,-5.948053664661952,-1.5,7,OTHER
2026-10-03,8477810,10.0,3.0,0.375,0.625,0.875,1.4191155304938667,1.1352924243950935,4.325982566152038,16.183,1.9860740167476132,13.97,20.18,2.9660755113390596,0.0,-2.9660755113390596,-0.8,2,OTHER
2026-10-03,8477845,10.0,5.0,0.625,0.75,0.875,1.9364916731037085,1.5491933384829668,4.901381171414854,18.985000000000003,1.3685616943021277,16.18,20.7,2.528311825125099,3.3088235294117645,0.7805117042866656,0.19999999999999996,2,OTHER
2026-10-03,8477919,10.0,4.0,0.25,0.4375,0.5625,0.8436856971381912,1.349897115421106,5.371603629310991,15.636000000000001,1.7886133673261466,13.97,19.08,6.139677666922487,15.494978479196556,9.35530081227407,1.4,7,OTHER
2026-10-03,8477934,10.0,5.0,0.2,0.4,0.6,0.7831560082980487,1.9578900207451218,10.98411056956775,18.689999999999998,5.643409135147536,3.2,22.85,8.025682182985554,12.430939226519337,4.4052570435337834,2.5,9,HIGH_D10_DISTRIBUTED
2026-10-03,8477939,10.0,5.0,0.1724137931034483,0.3448275862068966,0.4482758620689655,0.4725242480711372,1.3703203194062978,4.323109088430491,20.512999999999998,2.0585488416195843,17.48,23.4,8.482425778774436,5.603112840466926,-2.8793129383075104,-0.8999999999999999,9,HIGH_D10_DISTRIBUTED
2026-10-03,8477940,10.0,6.0,0.21428571428571427,0.39285714285714285,0.5357142857142857,0.6476890718445449,1.8135294011647258,6.761100824305315,16.667,2.835838304432904,11.73,19.68,10.07979840403192,4.400977995110025,-5.6788204089218945,-1.8000000000000003,10,HIGH_D10_DISTRIBUTED
2026-10-03,8477948,10.0,3.0,0.15,0.3,0.45,0.5773502691896257,1.1547005383792515,3.3203589137142964,23.918,2.5636293717219654,18.97,26.78,5.017141901496781,2.2153846153846155,-2.8017572861121653,-1.0,5,OTHER
2026-10-03,8477949,10.0,6.0,0.2222222222222222,0.4074074074074074,0.5555555555555556,0.6773267518195162,1.8287822299126937,6.80025580827296,18.729000000000003,2.2265291873726296,14.9,21.38,8.649687650168188,6.710158434296365,-1.939529215871823,-0.7000000000000006,9,HIGH_D10_DISTRIBUTED
2026-10-03,8477950,10.0,4.0,0.26666666666666666,0.4666666666666667,0.6666666666666666,0.9558139185602919,1.4337208778404378,4.038861072465631,18.977,4.7809972228024185,6.15,22.73,4.742583126943142,10.150375939849624,5.407792812906482,1.5,5,OTHER
2026-10-03,8477951,10.0,8.0,0.24242424242424243,0.36363636363636365,0.48484848484848486,0.5541764333068769,1.8287822299126937,5.061450634968245,19.851,1.2807068360870106,18.2,22.05,9.97430859906302,27.19546742209632,17.2211588230333,4.7,10,HIGH_D10_DISTRIBUTED
2026-10-03,8477953,10.0,3.0,0.2,0.4,0.5333333333333333,0.5665577237325317,0.8498365855987975,3.046486026697217,16.651999999999997,2.3011436770054634,11.85,20.52,5.40475618544319,3.3707865168539324,-2.033969668589257,-0.5000000000000002,6,OTHER
2026-10-03,8477955,10.0,4.0,0.2222222222222222,0.4444444444444444,0.6111111111111112,0.8198497637473576,1.4757295747452437,5.4143105405995,15.85,2.0949569075387795,12.6,18.5,6.813880126182966,8.285385500575375,1.4715053743924091,0.20000000000000018,8,OTHER
2026-10-03,8477956,10.0,4.0,0.14814814814814814,0.2962962962962963,0.4444444444444444,0.4294451143438539,1.1595018087284057,3.7483922224081807,19.23,2.1096181855702913,16.75,22.07,8.424336973478939,14.263074484944532,5.8387375114655935,2.3,9,HIGH_D10_DISTRIBUTED
2026-10-03,8477960,10.0,7.0,0.21212121212121213,0.36363636363636365,0.5151515151515151,0.6069017731636284,2.0027758514399734,6.20325799059296,19.402,1.539255231164301,17.3,22.47,10.20513349139264,16.363636363636363,6.158502872243723,2.6999999999999997,10,HIGH_D10_DISTRIBUTED
2026-10-03,8477986,10.0,5.0,0.16666666666666666,0.3,0.43333333333333335,0.415739709641549,1.247219128924647,2.924227021742346,23.265,2.5589374965229443,19.72,28.17,7.7369439071566735,0.0,-7.7369439071566735,-3.0,9,HIGH_D10_DISTRIBUTED
2026-10-03,8477987,10.0,6.0,0.3333333333333333,0.6111111111111112,0.7777777777777778,1.2505142974914172,2.250925735484551,8.688734925678759,14.746999999999996,1.5376825998162877,11.9,16.88,7.323523428493931,6.371681415929205,-0.9518420125647262,-0.8,8,OTHER
2026-10-03,8477989,10.0,3.0,0.17647058823529413,0.35294117647058826,0.5294117647058824,0.6820598874872975,1.1595018087284057,4.192917368612427,17.176,2.4275328124570335,12.57,20.75,5.938518863530508,4.142692750287687,-1.7958261132428204,-0.6999999999999995,7,OTHER
2026-10-03,8477998,10.0,2.0,0.15384615384615385,0.3076923076923077,0.46153846153846156,0.6332866171912035,0.8232726023485646,4.048183057985593,11.826,2.5996931442853874,8.38,16.18,6.595636732623034,0.0,-6.595636732623034,-1.3,7,OTHER
2026-10-03,8478010,10.0,4.0,0.23529411764705882,0.4117647058823529,0.5294117647058824,0.6820598874872975,1.1595018087284057,4.036323649980439,19.144,2.235084885288352,16.22,22.63,5.32804011700794,8.766233766233766,3.438193649225826,1.3000000000000005,6,OTHER
2026-10-03,8478013,10.0,3.0,0.23076923076923078,0.38461538461538464,0.5384615384615384,0.7297563831157798,0.9486832980505138,3.6144030760106842,17.01,2.8977232442039735,13.03,22.57,4.585537918871252,8.653846153846153,4.068308234974901,0.6999999999999995,4,OTHER
2026-10-03,8478020,10.0,2.0,0.2222222222222222,0.4444444444444444,0.5555555555555556,0.8198497637473576,0.7378647873726218,2.465712909671924,17.087777777777777,1.19866360770837,15.12,18.88,3.5112816177904937,3.1222896790980057,-0.38899193869248805,0.016138890695103547,3,OTHER
2026-10-03,8478038,10.0,3.0,0.25,0.4166666666666667,0.5833333333333334,0.8606629658238704,1.0327955589886444,2.2771010256996465,24.173,3.250336905614555,20.07,31.35,2.9785297646134117,0.0,-2.9785297646134117,-1.2,2,OTHER
2026-10-03,8478046,10.0,3.0,0.2727272727272727,0.45454545454545453,0.6363636363636364,0.9040262963743211,0.9944289260117533,4.539373296364733,12.57,1.4247182957420819,10.2,14.42,5.250596658711217,0.0,-5.250596658711217,-1.1,6,OTHER
2026-10-03,8478133,10.0,3.0,0.23076923076923078,0.46153846153846156,0.6153846153846154,0.8919244682526197,1.1595018087284057,5.558345568338248,14.372,1.7051868584475494,11.25,17.05,5.4272195936543275,4.10958904109589,-1.3176305525584375,-0.30000000000000004,6,OTHER
2026-10-03,8478136,10.0,2.0,0.2857142857142857,0.5714285714285714,0.7142857142857143,1.1761037176408067,0.8232726023485646,2.9753051789897387,17.517999999999997,2.9032388044312785,11.92,20.97,2.397533965064505,3.39943342776204,1.0018994626975353,0.30000000000000004,1,OTHER
2026-10-03,8478173,10.0,2.0,0.3333333333333333,0.5,0.6666666666666666,1.165343164633502,0.6992058987801011,11.547209967684767,7.498888888888889,3.471424219410689,1.88,13.0,5.334123573862795,0.0,-5.334123573862795,-0.6761890650466735,6,OTHER
2026-10-03,8478178,10.0,5.0,0.1724137931034483,0.3448275862068966,0.4827586206896552,0.5500453385749609,1.5951314818673865,6.156668063479756,21.097,3.2395303157505198,13.98,25.75,8.247618144759919,5.27086383601757,-2.9767543087423487,-0.9000000000000004,9,HIGH_D10_DISTRIBUTED
2026-10-03,8478399,10.0,2.0,0.4,0.8,1.0,1.699673171197595,0.8498365855987975,2.5306289527681343,20.214000000000006,2.3266150901637723,16.07,23.68,1.484119916889285,5.678233438485805,4.1941135215965195,1.5,1,OTHER
2026-10-03,8478401,10.0,3.0,0.2,0.4,0.5333333333333333,0.7200822998230957,1.0801234497346435,3.8094009577203214,15.811000000000002,3.967065666207203,4.97,19.55,5.692239580039213,3.084832904884319,-2.607406675154894,-0.5,6,OTHER
2026-10-03,8478402,10.0,8.0,0.18181818181818182,0.36363636363636365,0.5,0.5984368987312575,2.6331223544175333,7.466666260086756,22.749000000000002,2.790716554738028,19.22,27.92,11.604905710141106,9.131261889663918,-2.4736438204771876,-0.39999999999999947,10,HIGH_D10_DISTRIBUTED
2026-10-03,8478407,10.0,5.0,0.25,0.45,0.55,0.7071067811865476,1.4142135623730951,5.336159970814539,20.068,2.0079995573262015,15.73,22.83,5.979669124975085,2.5174825174825175,-3.4621866074925673,-1.0000000000000004,7,OTHER
2026-10-03,8478413,10.0,5.0,0.5,0.6,0.7,1.4907119849998598,1.4907119849998598,6.341160290747255,12.872,1.539406812162832,11.22,16.05,4.661280298321939,7.539267015706806,2.877986717384867,1.0,5,OTHER
2026-10-03,8478414,10.0,7.0,0.23333333333333334,0.36666666666666664,0.5,0.6666666666666666,2.0,6.106309361790698,17.427,2.1041548844554625,13.53,20.85,10.328800137717336,18.045112781954884,7.716312644237549,3.0,10,HIGH_D10_DISTRIBUTED
2026-10-03,8478416,10.0,2.0,0.2,0.3,0.4,0.4714045207910317,0.4714045207910317,1.5151702402465634,16.847,2.621581583700953,13.62,22.08,3.5614649492491246,11.669367909238252,8.107902959989127,3.0,3,OTHER
2026-10-03,8478420,10.0,3.0,0.3,0.5,0.6,0.9428090415820634,0.9428090415820634,2.7486396055760816,19.975,1.495350200529034,17.7,22.17,3.0037546933667083,7.526132404181184,4.522377710814476,2.0,2,OTHER
2026-10-03,8478427,10.0,7.0,0.2413793103448276,0.41379310344827586,0.5517241379310345,0.6790370339191693,1.9692073983655907,6.180737794041233,18.755,1.409170362699667,16.45,20.93,9.277525993068515,17.560975609756095,8.28344961668758,3.1,10,HIGH_D10_DISTRIBUTED
2026-10-03,8478438,10.0,4.0,0.25,0.4375,0.625,0.8936504412303007,1.4298407059684812,5.341747637840824,16.16,1.6355698972801158,14.45,19.93,5.9405940594059405,12.244897959183675,6.304303899777734,1.4,7,OTHER
2026-10-03,8478439,10.0,3.0,0.25,0.4166666666666667,0.5833333333333334,0.8606629658238704,1.0327955589886444,4.095648933990142,16.071,1.6763680980023448,14.75,19.58,4.4801194698525295,3.71900826446281,-0.7611112053897195,-0.20000000000000018,4,OTHER
2026-10-03,8478440,10.0,4.0,0.25,0.4375,0.5625,0.8436856971381912,1.349897115421106,5.195976147642665,16.15333333333333,2.10686971595303,13.18,20.02,6.60338423442014,3.3271719038817,-3.2762123305384403,-0.7791718255605995,7,OTHER
2026-10-03,8478443,10.0,2.0,0.25,0.375,0.5,0.7905694150420948,0.6324555320336759,2.1716561167840314,18.056,3.05372341030858,12.12,22.27,2.658396101019052,6.818181818181818,4.159785717162766,1.1999999999999997,2,OTHER
2026-10-03,8478444,10.0,3.0,0.15,0.3,0.45,0.4714045207910317,0.9428090415820634,2.8885978795765657,19.556999999999995,2.3931525001321767,14.85,23.13,6.13591041570793,9.668755595344674,3.5328451796367437,1.0,7,OTHER
2026-10-03,8478449,10.0,5.0,0.2631578947368421,0.42105263157894735,0.5263157894736842,0.7212212207401567,1.3703203194062976,5.44154334676812,16.576999999999998,2.4663200206875917,11.43,20.2,6.876998250588164,7.4766355140186915,0.5996372634305276,0.10000000000000009,8,OTHER
2026-10-03,8478454,10.0,3.0,0.75,1.0,1.0,2.4152294576982394,0.9660917830792959,3.631610969595359,13.856,4.019983969011706,8.88,21.75,1.7321016166281755,5.4961832061068705,3.764081589478695,0.6,1,OTHER
2026-10-03,8478458,10.0,4.0,0.16666666666666666,0.3333333333333333,0.5,0.5624571314254607,1.3498971154211057,5.161079113001292,16.649,2.1480039830296196,12.8,19.82,8.649168118205298,8.098987626546682,-0.5501804916586153,-0.3999999999999999,9,HIGH_D10_DISTRIBUTED
2026-10-03,8478460,10.0,8.0,0.26666666666666666,0.4666666666666667,0.6333333333333333,0.9296222517045284,2.788866755113585,5.473724854756845,26.987000000000002,3.4908103166265945,22.2,33.43,6.669878089450476,1.8917498686284815,-4.778128220821994,-2.0,8,OTHER
2026-10-03,8478462,10.0,3.0,0.21428571428571427,0.42857142857142855,0.5714285714285714,0.7678340712665287,1.07496769977314,4.462395852166338,13.911999999999997,3.362448843063969,8.67,19.77,6.037952846463485,13.971539456662356,7.933586610198871,1.6,7,OTHER
2026-10-03,8478463,10.0,3.0,0.2,0.4,0.5333333333333333,0.7200822998230957,1.0801234497346435,4.347503328054275,15.852999999999998,2.125088494889357,12.77,19.17,5.6771588973695835,10.329985652797703,4.652826755428119,0.5,6,OTHER
2026-10-03,8478469,10.0,4.0,0.2222222222222222,0.3888888888888889,0.5,0.6307180135528297,1.1352924243950935,2.3566171318647346,25.296,5.923927375952169,10.35,30.88,4.269449715370019,4.428044280442805,0.1585945650727858,0.19999999999999996,4,OTHER
2026-10-03,8478472,10.0,2.0,0.5,0.75,1.0,1.7480147469502527,0.6992058987801011,4.234145755563082,10.450999999999999,3.7118322818910996,6.37,15.6,2.2964309635441587,3.9823008849557526,1.685869921411594,0.6,1,OTHER
2026-10-03,8478474,10.0,4.0,0.2,0.35,0.45,0.4714045207910317,0.9428090415820634,3.108852169731823,16.832,2.619791340291563,11.72,21.02,7.129277566539924,8.812729498164014,1.6834519316240897,-4.440892098500626e-16,8,OTHER
2026-10-03,8478493,10.0,6.0,0.24,0.44,0.56,0.8055363982396381,2.0138409955990952,7.479858487567387,17.817,2.5008489669621303,13.15,20.33,8.418925745074928,6.7478912839737575,-1.6710344611011703,-0.5,9,HIGH_D10_DISTRIBUTED
2026-10-03,8478507,10.0,2.0,0.3333333333333333,0.6666666666666666,0.8333333333333334,1.405456737852613,0.8432740427115678,2.311984756898609,19.603,2.0921602339315326,17.65,24.43,1.836453604040198,0.0,-1.836453604040198,-0.6000000000000001,1,OTHER
2026-10-03,8478508,10.0,3.0,0.2727272727272727,0.45454545454545453,0.6363636363636364,0.9040262963743211,0.9944289260117533,4.532257818343848,14.350999999999999,1.9259540204503551,12.57,17.93,4.598982649292732,15.946843853820596,11.347861204527863,2.9,4,OTHER
2026-10-03,8478519,10.0,3.0,0.17647058823529413,0.35294117647058826,0.5294117647058824,0.5580489988532434,0.9486832980505138,3.0584181833936763,17.519,2.5113097512387164,14.47,20.98,5.822250128431988,3.389830508474576,-2.432419619957412,-0.6999999999999995,6,OTHER
2026-10-03,8478542,10.0,3.0,0.1875,0.375,0.5625,0.733617369235792,1.1737877907772674,4.1989859281843716,14.921999999999997,5.338569929193481,0.82,19.77,6.433453960595094,3.6960985626283365,-2.7373553979667578,-0.6000000000000001,7,OTHER
2026-10-03,8478550,10.0,5.0,0.2,0.36,0.52,0.6599663291074443,1.6499158227686108,4.6497994235851685,20.397,1.9461646042066092,16.45,23.02,7.354022650389763,10.738255033557046,3.3842323831672827,1.5000000000000004,8,OTHER
2026-10-03,8478569,10.0,3.0,0.3333333333333333,0.5555555555555556,0.6666666666666666,1.104921028901948,0.9944289260117533,4.1921607666456016,14.808000000000002,1.724991465357309,12.35,18.32,3.646677471636953,3.7775445960125924,0.1308671243756394,0.09999999999999998,3,OTHER
2026-10-03,8478831,10.0,2.0,0.2857142857142857,0.5714285714285714,0.7142857142857143,1.1761037176408067,0.8232726023485646,4.040592443229574,13.691999999999998,1.7370140407543566,11.13,16.27,3.067484662576687,8.500590318772137,5.433105656195449,1.3,2,OTHER
2026-10-03,8478840,10.0,2.0,0.4,0.6,0.8,1.4142135623730951,0.7071067811865476,2.241293097469717,17.899,1.9452931798460498,15.3,21.2,1.6760712888988212,0.0,-1.6760712888988212,-0.5,1,OTHER
2026-10-03,8478851,10.0,3.0,0.6,0.8,1.0,1.9436506316151,0.97182531580755,2.6814469391487368,19.782999999999998,1.5487130858303682,17.3,22.38,1.5164535206995906,0.0,-1.5164535206995906,-0.5,1,OTHER
2026-10-03,8478854,10.0,2.0,0.2222222222222222,0.4444444444444444,0.5555555555555556,0.8198497637473576,0.7378647873726218,2.261429722376889,20.602,2.8640872115833966,16.22,25.2,2.621104747111931,0.0,-2.621104747111931,-0.9,2,OTHER
2026-10-03,8478856,10.0,4.0,0.3333333333333333,0.5,0.6666666666666666,1.0243938285880985,1.2292725943057181,5.562457471281925,13.998000000000001,3.0065291912399217,10.08,20.45,5.143591941705958,0.0,-5.143591941705958,-1.1999999999999995,5,OTHER
2026-10-03,8478864,10.0,5.0,0.16666666666666666,0.3333333333333333,0.5,0.5879447357921312,1.7638342073763937,5.046064987229533,19.873,1.6710612064061434,17.4,23.0,9.057515221657525,9.565987599645705,0.5084723779881806,0.0,10,HIGH_D10_DISTRIBUTED
2026-10-03,8478911,10.0,4.0,0.5,0.625,0.75,1.536590742882148,1.2292725943057183,3.500155653105468,20.14,1.6110452093801304,17.75,22.48,2.3833167825223436,0.0,-2.3833167825223436,-0.8,1,OTHER
2026-10-03,8478970,10.0,4.0,0.4,0.6,0.7,1.247219128924647,1.247219128924647,3.701813523561979,19.023,2.6502454812924614,13.9,23.18,3.154076644062451,5.255474452554745,2.1013978084922944,1.0,2,OTHER
2026-10-03,8478975,10.0,4.0,0.2,0.35,0.5,0.6666666666666666,1.3333333333333333,6.16753323440907,16.657999999999998,3.1321657399030185,11.8,22.6,7.203745947892904,3.6622583926754833,-3.541487555217421,-1.0000000000000004,8,OTHER
2026-10-03,8479066,10.0,2.0,0.3333333333333333,0.6666666666666666,0.8333333333333334,1.405456737852613,0.8432740427115678,5.409681679117529,10.405,1.9390332642840349,8.43,14.17,3.4598750600672754,13.186813186813186,9.72693812674591,1.4,3,OTHER
2026-10-03,8479318,10.0,8.0,0.19047619047619047,0.3333333333333333,0.47619047619047616,0.5359346989248931,2.250925735484551,5.472546723761992,20.805999999999997,3.7032334219945926,13.3,26.1,12.111890800730558,16.48854961832061,4.376658817590053,1.7999999999999998,10,HIGH_D10_DISTRIBUTED
2026-10-03,8479324,10.0,2.0,0.4,0.6,0.8,1.4142135623730951,0.7071067811865476,2.487948051918183,17.53,1.906019703757312,14.47,20.22,1.7113519680547633,8.60215053763441,6.890798569579647,1.5,1,OTHER
2026-10-03,8479336,10.0,4.0,0.2857142857142857,0.5,0.5714285714285714,0.838419850555191,1.1737877907772674,5.54123809780816,11.591111111111111,1.9374818995570282,8.5,15.27,8.052147239263803,4.363636363636363,-3.68851087562744,-0.576476226993865,9,HIGH_D10_CONCENTRATED
2026-10-03,8479343,10.0,4.0,0.16666666666666666,0.2916666666666667,0.4166666666666667,0.4479032082388083,1.0749676997731399,3.5535929166931672,19.063,1.9676497542895064,15.8,22.13,7.553900225567854,7.03125,-0.5226502255678538,-0.3999999999999999,8,OTHER
2026-10-03,8479345,10.0,3.0,0.17647058823529413,0.35294117647058826,0.47058823529411764,0.5580489988532434,0.9486832980505138,3.0129717711266966,22.170000000000005,2.8750342993123095,17.68,26.77,4.600811907983762,4.414469650521152,-0.18634225746261013,0.30000000000000004,4,OTHER
2026-10-03,8479346,10.0,2.0,0.2857142857142857,0.5714285714285714,0.8571428571428571,1.355261854357877,0.9486832980505138,6.523224266543112,10.006,3.3634347523526205,5.58,16.15,4.197481511093344,0.0,-4.197481511093344,-0.7000000000000001,4,OTHER
2026-10-03,8479351,10.0,3.0,0.2727272727272727,0.5454545454545454,0.7272727272727273,1.1697126706435625,1.286683937707919,6.081158805359888,15.109,2.257828110768793,11.32,18.02,4.368257330068171,7.430340557275542,3.0620832272073715,0.8999999999999999,4,OTHER
2026-10-03,8479359,10.0,2.0,0.4,0.6,0.8,1.4142135623730951,0.7071067811865476,3.843497198351975,11.467000000000002,1.8788297184979568,8.18,14.98,2.6162030173541466,0.0,-2.6162030173541466,-0.5,2,OTHER
2026-10-03,8479365,10.0,3.0,0.1875,0.3125,0.4375,0.5270462766947299,0.8432740427115679,3.7164285698852084,12.915000000000001,2.3262189158470115,9.35,16.17,7.4332171893147505,0.0,-7.4332171893147505,-1.6,8,OTHER
2026-10-03,8479368,10.0,3.0,0.375,0.625,0.75,1.2909944487358056,1.0327955589886446,5.8960141837996245,10.349,3.7922770937202825,2.12,17.08,4.638129287853899,6.185567010309279,1.5474377224553795,0.19999999999999996,4,OTHER
2026-10-03,8479369,10.0,3.0,0.375,0.5,0.625,1.1486707293408518,0.9189365834726815,3.11994309220786,18.580000000000002,2.224889510365252,13.88,21.58,2.583423035522067,7.973421926910298,5.389998891388231,1.2,2,OTHER
2026-10-03,8479378,10.0,3.0,0.25,0.5,0.6666666666666666,0.9460770203292445,1.1352924243950933,4.474491430385651,14.504000000000001,2.475507579826363,12.08,20.27,4.964147821290679,3.1304347826086953,-1.8337130386819833,-0.19999999999999996,5,OTHER
2026-10-03,8479385,10.0,5.0,0.23809523809523808,0.38095238095238093,0.47619047619047616,0.5701042855894595,1.1972189997378648,5.559318469633551,14.554444444444442,1.77476132980685,12.27,17.1,9.619054889686236,4.067796610169491,-5.551258279516745,-1.3698144896556994,10,HIGH_D10_DISTRIBUTED
2026-10-03,8479398,10.0,3.0,0.3,0.5,0.7,1.0540925533894598,1.0540925533894598,3.0383016840463255,19.231999999999996,1.689706088841094,17.0,21.75,3.119800332778702,8.497246262785207,5.377445930006505,2.0,2,OTHER
2026-10-03,8479400,10.0,4.0,0.3076923076923077,0.46153846153846156,0.6153846153846154,0.8919244682526197,1.1595018087284057,3.648405607729516,15.015000000000004,3.5818221619728696,7.03,19.03,5.194805194805195,3.231597845601437,-1.9632073492037576,-0.30000000000000004,5,OTHER
2026-10-03,8479407,10.0,6.0,0.23076923076923078,0.46153846153846156,0.6153846153846154,0.8348113126204978,2.1705094128132942,6.32930044410288,18.454,1.7233056090613244,16.2,21.27,8.45345182616235,7.555089192025185,-0.8983626341371655,-0.6000000000000001,9,HIGH_D10_DISTRIBUTED
2026-10-03,8479410,10.0,6.0,0.23076923076923078,0.38461538461538464,0.5,0.658729875828981,1.7126976771553506,3.9938852512413514,24.423,1.2883413108851758,22.42,26.57,6.387421692666749,10.900832702498109,4.51341100983136,1.4,7,OTHER
2026-10-03,8479420,10.0,7.0,0.21212121212121213,0.3939393939393939,0.5454545454545454,0.6396420282419218,2.110818693198342,7.382741274562427,18.872999999999998,1.9272608656962982,16.78,22.3,10.491177873152122,12.193056731583402,1.7018788584312805,0.7000000000000002,10,HIGH_D10_DISTRIBUTED
2026-10-03,8479425,10.0,6.0,0.2608695652173913,0.4782608695652174,0.6086956521739131,0.8707721093217278,2.002775851439974,4.034647625200686,25.873,2.39188465905491,23.03,30.92,5.3337456035249105,2.0785219399538106,-3.2552236635711,-1.2999999999999998,6,OTHER
2026-10-03,8479442,10.0,3.0,0.42857142857142855,0.7142857142857143,0.8571428571428571,1.5133570078162575,1.0593499054713802,3.32864291474317,19.54,1.5569343096111814,16.08,21.4,2.1494370522006143,6.605504587155963,4.4560675349553485,1.3000000000000003,1,OTHER
2026-10-03,8479520,10.0,2.0,0.2222222222222222,0.4444444444444444,0.6666666666666666,0.9728833730787924,0.8755950357709131,3.814791835744485,12.554,2.9760383808755635,9.07,18.67,4.301417874780946,0.0,-4.301417874780946,-0.9,4,OTHER
2026-10-03,8479525,10.0,4.0,0.3076923076923077,0.5384615384615384,0.6923076923076923,1.0908742249324435,1.4181364924121764,7.948889943102721,10.981111111111112,1.6971405690487489,7.82,12.8,7.892340382474957,0.0,-7.892340382474957,-1.4260143681068498,9,HIGH_D10_CONCENTRATED
2026-10-03,8479542,10.0,5.0,0.13157894736842105,0.2631578947368421,0.39473684210526316,0.29876116431449823,1.1352924243950933,3.028580916398499,20.878999999999998,1.93607535436454,17.95,23.67,10.92006322141865,16.277317256970612,5.3572540355519624,2.2,10,HIGH_D10_DISTRIBUTED
2026-10-03,8479576,10.0,3.0,0.42857142857142855,0.5714285714285714,0.7142857142857143,1.355261854357877,0.9486832980505138,3.1041830388581473,20.558,1.9053771863392879,18.03,24.18,2.0430002918571843,3.891891891891892,1.8488916000347078,0.30000000000000016,1,OTHER
2026-10-03,8479619,10.0,3.0,0.2,0.4,0.5333333333333333,0.6478835438717,0.97182531580755,4.001489601199286,13.745,1.0938946729715597,12.05,15.18,6.547835576573299,13.793103448275861,7.245267871702562,1.5,7,OTHER
2026-10-03,8479661,10.0,2.0,0.5,0.75,1.0,1.7480147469502527,0.6992058987801011,2.854937718090471,12.023,1.9956511051116457,9.87,15.27,1.996173999833652,7.346938775510205,5.350764775676553,0.6000000000000001,1,OTHER
2026-10-03,8479671,10.0,5.0,0.2631578947368421,0.42105263157894735,0.5263157894736842,0.7212212207401569,1.370320319406298,5.992354035738507,13.675,4.102831677972882,3.1,18.28,8.3363802559415,3.9003250270855903,-4.436055228855909,-0.8999999999999999,9,HIGH_D10_DISTRIBUTED
2026-10-03,8479675,10.0,5.0,0.25,0.4,0.55,0.7071067811865476,1.4142135623730951,4.687761869932947,18.06555555555555,1.7797900937407696,14.93,20.73,7.380527707731103,7.445708376421924,0.06518066869082073,-0.21809459376345375,8,OTHER
2026-10-03,8479705,10.0,3.0,0.23076923076923078,0.38461538461538464,0.5384615384615384,0.8148845426702924,1.0593499054713802,6.5366662356156615,11.416,1.8664356999967138,8.82,14.48,6.832515767344079,7.929515418502203,1.0969996511581241,-0.30000000000000004,8,OTHER
2026-10-03,8479980,10.0,3.0,0.2727272727272727,0.45454545454545453,0.6363636363636364,0.9040262963743211,0.9944289260117533,3.4017486002385953,17.63888888888889,6.133191347994216,2.57,23.62,4.15748031496063,0.0,-4.15748031496063,-1.2741291338582676,4,OTHER
2026-10-03,8479985,10.0,3.0,0.375,0.5,0.625,1.1486707293408518,0.9189365834726815,3.5762135738104375,14.562000000000001,4.942945140972806,6.93,21.38,3.296250515039143,8.706166868198308,5.409916353159165,1.2,2,OTHER
2026-10-03,8479987,10.0,4.0,0.2222222222222222,0.3888888888888889,0.5,0.6307180135528295,1.1352924243950933,4.108515530919033,17.309999999999995,1.2596472169266724,14.92,18.95,6.239168110918544,3.2,-3.0391681109185438,-0.7999999999999998,7,OTHER
2026-10-03,8479996,10.0,3.0,0.25,0.5,0.6666666666666666,0.9460770203292445,1.1352924243950933,6.933698764834145,13.558000000000002,2.9848536163623023,8.43,20.37,5.31051777548311,5.142857142857143,-0.16766063262596642,-0.19999999999999996,6,OTHER
2026-10-03,8479998,10.0,2.0,0.3333333333333333,0.5,0.6666666666666666,1.165343164633502,0.6992058987801011,2.066705338150854,21.758,1.5160313687754325,19.35,23.52,1.6545638385881056,3.6548223350253806,2.000258496437275,0.4,1,OTHER
2026-10-03,8479999,10.0,3.0,0.3,0.5,0.6,0.9428090415820634,0.9428090415820634,3.9531057115979307,15.149000000000001,1.2376002765208338,14.02,17.47,3.960657469139877,3.468208092485549,-0.49244937665432786,2.220446049250313e-16,3,OTHER
2026-10-03,8480002,10.0,5.0,0.19230769230769232,0.34615384615384615,0.46153846153846156,0.6067774136512427,1.577621275493231,4.843225121566738,19.625999999999998,2.826844334039087,16.17,23.78,7.948639559767655,9.3183779119931,1.3697383522254443,0.3999999999999999,9,HIGH_D10_DISTRIBUTED
2026-10-03,8480012,10.0,3.0,0.3,0.5,0.6,0.9428090415820634,0.9428090415820634,3.1827634031227485,18.258000000000003,1.6899165002383334,14.3,20.8,3.286230693394676,2.678571428571429,-0.6076592648232473,0.0,2,OTHER
2026-10-03,8480015,10.0,4.0,0.19047619047619047,0.38095238095238093,0.5238095238095238,0.6127066370037709,1.286683937707919,4.752134211824772,16.117,1.62357664158829,14.15,18.83,7.817832102748651,10.121836925960636,2.3040048232119856,0.8999999999999999,9,HIGH_D10_DISTRIBUTED
2026-10-03,8480018,10.0,4.0,0.2,0.35,0.5,0.5270462766947299,1.0540925533894598,3.527167933122256,20.088888888888885,1.8133632044108294,18.08,22.9,6.6371681415929205,10.564930300807044,3.927762159214123,1.7353982300884954,7,OTHER
2026-10-03,8480023,10.0,5.0,0.3333333333333333,0.5333333333333333,0.6666666666666666,1.0061539042374907,1.509230856356236,4.400809797870793,20.563,2.697599962106235,17.68,24.78,4.376793269464573,0.0,-4.376793269464573,-1.4999999999999998,4,OTHER
2026-10-03,8480027,10.0,6.0,0.2,0.36666666666666664,0.5,0.5665577237325317,1.699673171197595,4.2813160716512595,20.364,2.8506108507164263,16.23,24.87,8.839127872716558,3.1858407079646023,-5.653287164751956,-2.0,9,HIGH_D10_DISTRIBUTED
2026-10-03,8480028,10.0,5.0,0.23809523809523808,0.47619047619047616,0.5714285714285714,0.7920619015793428,1.66332999331662,6.197229792356353,16.058999999999997,1.6655159360790674,12.8,19.18,7.846067625630488,11.392405063291138,3.5463374376606493,0.8999999999999995,9,HIGH_D10_DISTRIBUTED
2026-10-03,8480029,4.0,4.0,0.5,0.75,1.0,0.816496580927726,1.632993161855452,5.9373883991374985,15.225,1.8027109215475086,12.72,16.78,7.881773399014779,8.540925266903914,0.6591518678891344,0.0,9,HIGH_D10_CONCENTRATED
2026-10-03,8480036,10.0,2.0,0.2,0.4,0.6,0.816496580927726,0.816496580927726,1.9543219135383312,23.262999999999998,6.251806938797775,5.75,27.15,2.579203026264884,12.203389830508476,9.624186804243593,4.0,2,OTHER
2026-10-03,8480039,10.0,5.0,0.15151515151515152,0.2727272727272727,0.3939393939393939,0.4297383310339929,1.4181364924121764,4.3610866469466,21.021,3.6294549636733797,15.42,29.13,9.419152276295131,12.403100775193797,2.983948498898666,0.7000000000000002,10,HIGH_D10_DISTRIBUTED
2026-10-03,8480043,10.0,2.0,0.16666666666666666,0.3333333333333333,0.5,0.6573421981221796,0.7888106377466155,2.051857508610987,17.64111111111111,2.428108545990296,14.8,21.27,4.534861749700825,3.4917555771096023,-1.043106172591223,-0.3884235057000691,4,OTHER
2026-10-03,8480064,10.0,4.0,0.2222222222222222,0.3333333333333333,0.4444444444444444,0.5105203241514897,0.9189365834726815,3.5760256445720024,15.338,1.3962950977497564,12.58,17.17,7.041335245794758,3.629032258064516,-3.412302987730242,-0.7999999999999998,8,OTHER
2026-10-03,8480069,10.0,4.0,0.16,0.32,0.48,0.541602560309064,1.35400640077266,3.1790104511867763,23.434,3.6181923049439426,17.25,28.87,6.400955876077494,8.970099667774088,2.569143791696594,0.49999999999999956,7,OTHER
2026-10-03,8480074,10.0,3.0,0.2727272727272727,0.45454545454545453,0.6363636363636364,0.9040262963743211,0.9944289260117533,3.462107998548062,13.29111111111111,2.861304092736581,9.05,16.9,5.517471994649724,6.498194945848376,0.9807229511986524,-0.20694699882962708,6,OTHER
2026-10-03,8480188,10.0,3.0,0.23076923076923078,0.38461538461538464,0.5384615384615384,0.7297563831157798,0.9486832980505138,5.524305986248037,12.325555555555557,2.6082231073621323,9.38,16.73,7.03146128188948,4.958677685950414,-2.0727835959390664,-0.4664112503380511,8,OTHER
2026-10-03,8480208,10.0,4.0,0.26666666666666666,0.4666666666666667,0.6,0.8461970117626564,1.2692955176439846,4.635638642883754,16.345555555555556,1.9486220202434794,13.72,18.85,6.117870980898648,6.6543438077634,0.5364728268647525,0.3439942899870845,7,OTHER
2026-10-03,8480220,10.0,4.0,0.16666666666666666,0.3333333333333333,0.4583333333333333,0.4479032082388084,1.07496769977314,4.788644124355205,14.971,1.3715153825037631,13.42,17.83,9.618595952174203,0.0,-9.618595952174203,-2.4000000000000004,10,HIGH_D10_DISTRIBUTED
2026-10-03,8480246,10.0,2.0,0.2857142857142857,0.42857142857142855,0.5714285714285714,0.9642122253007899,0.6749485577105528,2.017101157709995,18.89888888888889,3.2826492519169803,14.43,23.92,2.4692809688988184,3.2171581769436997,0.7478772080448812,0.23909106943382907,1,OTHER
2026-10-03,8480336,10.0,5.0,0.23809523809523808,0.38095238095238093,0.5238095238095238,0.6525334854315703,1.3703203194062976,3.7129687118126844,20.993000000000002,2.4817558748237554,18.85,25.0,6.002000666888963,9.931034482758621,3.9290338158696576,1.9,7,OTHER
2026-10-03,8480355,10.0,4.0,0.26666666666666666,0.4666666666666667,0.6,0.8461970117626564,1.2692955176439846,5.2720328948332185,11.772999999999998,2.7521105032723927,6.33,15.2,7.644610549562558,5.462822458270107,-2.181788091292451,-0.5,9,HIGH_D10_DISTRIBUTED
2026-10-03,8480426,10.0,3.0,0.2,0.4,0.6,0.7856742013183862,1.1785113019775793,3.709342461771241,18.154,4.192083014445205,9.2,24.47,4.957585105210973,13.059250302297462,8.10166519708649,1.5,5,OTHER
2026-10-03,8480448,10.0,2.0,0.2,0.4,0.5,0.6666666666666666,0.6666666666666666,3.0482657603053083,12.749,1.9208820311975898,9.42,16.53,4.7062514707035845,3.8668098818474754,-0.8394415888561091,0.0,5,OTHER
2026-10-03,8480459,10.0,4.0,0.36363636363636365,0.5454545454545454,0.6363636363636364,1.0883809088526044,1.1972189997378648,5.0057955242884,14.607,2.4160162343089597,9.42,19.02,4.518381597864038,0.0,-4.518381597864038,-1.1,4,OTHER
2026-10-03,8480727,10.0,1.0,0.16666666666666666,0.3333333333333333,0.5,0.8606629658238706,0.5163977794943223,1.4095719749542654,22.236,4.5674310795748925,14.6,29.87,1.618996222342148,4.796802131912059,3.1778059095699107,1.4,1,OTHER
2026-10-03,8480748,10.0,3.0,0.2727272727272727,0.45454545454545453,0.6363636363636364,0.9040262963743211,0.9944289260117533,3.783621250890433,16.111,2.310451855758474,13.0,18.65,4.09657997641363,10.155148095909732,6.058568119496102,0.8999999999999999,4,OTHER
2026-10-03,8480762,10.0,3.0,0.3,0.5,0.6,0.9428090415820634,0.9428090415820634,4.195889638147612,13.075,1.577179268328253,10.13,15.02,4.588910133843212,10.227272727272728,5.638362593429516,1.0,4,OTHER
2026-10-03,8480796,10.0,2.0,0.2857142857142857,0.42857142857142855,0.5714285714285714,0.9642122253007899,0.6749485577105528,2.181943047125387,18.674444444444447,1.4109935427838707,16.52,21.17,2.4989587671803415,0.0,-2.4989587671803415,-0.7911286963765097,2,OTHER
2026-10-03,8480797,10.0,3.0,0.1875,0.375,0.5,0.6038073644245598,0.9660917830792959,3.502880289498736,16.838,1.206296444126033,15.48,18.62,5.701389713742725,4.114285714285715,-1.5871039994570104,-0.6000000000000003,6,OTHER
2026-10-03,8480800,10.0,5.0,0.2,0.4,0.56,0.6863753427324667,1.7159383568311668,3.8267970524529478,27.224,2.818641122558489,23.73,31.85,5.509844255069057,10.722263588979896,5.212419333910839,1.5,6,OTHER
2026-10-03,8480802,10.0,3.0,0.2727272727272727,0.45454545454545453,0.6363636363636364,1.0004590314678288,1.1005049346146119,4.081447383159902,17.131999999999998,1.5400202018876965,15.45,20.68,3.8524398785897738,4.986149584487535,1.1337097058977612,-0.10000000000000031,3,OTHER
2026-10-03,8480803,10.0,6.0,0.2222222222222222,0.37037037037037035,0.5185185185185185,0.72092846027933,1.9465068427541912,4.708155555575335,24.910000000000004,2.512599362324912,22.53,30.52,6.503412284223203,4.441702652683529,-2.0617096315396743,-0.7000000000000002,7,OTHER
2026-10-03,8480807,10.0,3.0,0.21428571428571427,0.35714285714285715,0.5,0.6900655593423543,0.9660917830792959,3.773838801611146,20.083999999999996,4.371351685183377,9.4,26.23,4.182433778131847,2.48104755341144,-1.7013862247204066,-0.3999999999999999,4,OTHER
2026-10-03,8480817,10.0,6.0,0.46153846153846156,0.6153846153846154,0.7692307692307693,1.4067555614713028,1.8287822299126937,5.637555760105623,21.695,2.8388779082196858,18.68,27.73,3.595298455865407,0.0,-3.595298455865407,-1.3,3,OTHER
2026-10-03,8480829,10.0,3.0,0.42857142857142855,0.5714285714285714,0.7142857142857143,1.355261854357877,0.9486832980505138,2.439782885631093,12.843333333333334,3.269537429056288,8.57,17.48,3.633532312483779,5.301914580265096,1.6683822677813174,0.24349857254087715,3,OTHER
2026-10-03,8480830,10.0,6.0,0.1935483870967742,0.3548387096774194,0.5161290322580645,0.6167582967612898,1.9119507199599983,6.572312760281407,16.692999999999998,1.2078359896019737,15.28,19.85,11.142395015874918,13.457943925233646,2.3155489093587285,0.8999999999999999,10,HIGH_D10_DISTRIBUTED
2026-10-03,8480834,10.0,1.0,0.25,0.5,0.75,1.2909944487358056,0.5163977794943223,2.1535805112042983,15.422,5.266297033442421,10.37,26.3,1.5562183893139672,0.0,-1.5562183893139672,-0.4,1,OTHER
2026-10-03,8480835,10.0,3.0,0.25,0.5,0.6666666666666666,1.0243938285880987,1.2292725943057183,6.939428407965466,13.120000000000001,2.2020274748513016,9.93,16.18,6.097560975609756,0.0,-6.097560975609756,-1.3170731707317074,7,OTHER
2026-10-03,8480839,10.0,4.0,0.18181818181818182,0.3181818181818182,0.45454545454545453,0.5587602701389628,1.2292725943057183,3.1577190921574587,23.198,1.8684979112764466,19.78,25.97,5.690145702215708,7.091267235718975,1.4011215335032672,0.7999999999999998,6,OTHER
2026-10-03,8480840,10.0,2.0,0.4,0.6,0.8,1.4142135623730951,0.7071067811865476,2.948754777592398,13.742,1.7325626491799169,11.6,16.58,2.183088342308252,12.456747404844291,10.273659062536039,1.5,1,OTHER
2026-10-03,8480842,10.0,5.0,0.23809523809523808,0.42857142857142855,0.5714285714285714,0.7920619015793428,1.66332999331662,7.553837238576687,14.632,2.096731848483359,10.92,17.7,8.611262985237834,0.0,-8.611262985237834,-2.0999999999999996,9,HIGH_D10_DISTRIBUTED
2026-10-03,8480849,10.0,4.0,0.2857142857142857,0.5,0.6428571428571429,1.0213147899774866,1.429840705968481,6.016503324256474,14.014000000000001,5.024228409528284,0.28,17.53,5.994005994005994,0.0,-5.994005994005994,-1.3999999999999997,7,OTHER
2026-10-03,8480855,10.0,3.0,0.3333333333333333,0.5555555555555556,0.7777777777777778,1.222783260682902,1.1005049346146119,4.698541717946397,13.095000000000002,3.0285979521150637,9.0,18.6,4.123711340206185,0.0,-4.123711340206185,-0.9000000000000001,4,OTHER
2026-10-03,8480860,10.0,2.0,0.6666666666666666,1.0,1.0,2.249828525701843,0.6749485577105528,1.8843752711976642,20.645000000000003,6.985760516937293,1.25,26.1,0.8718818115766529,0.0,-0.8718818115766529,-0.3,1,OTHER
2026-10-03,8480865,10.0,3.0,0.23076923076923078,0.46153846153846156,0.6153846153846154,0.8148845426702924,1.0593499054713802,2.789881917290946,22.35222222222222,3.840845537696673,12.95,26.18,3.8773176915046976,2.601156069364162,-1.2761616221405356,-0.44055276631704543,3,OTHER
2026-10-03,8480870,10.0,2.0,0.2857142857142857,0.42857142857142855,0.5714285714285714,0.9642122253007899,0.6749485577105528,2.57777065674839,14.637,2.41383995603133,9.82,19.57,2.8694404591104736,8.144796380090499,5.275355920980026,0.29999999999999993,2,OTHER
2026-10-03,8480878,10.0,2.0,0.4,0.6,0.8,1.4142135623730951,0.7071067811865476,2.63375930236579,16.662,2.3504789110117774,13.72,20.43,1.8005041411595246,6.3102541630149,4.509750021855375,1.5,1,OTHER
2026-10-03,8480891,10.0,3.0,0.2,0.4,0.5333333333333333,0.6478835438717,0.97182531580755,5.690495726137555,14.357999999999999,5.096139715510163,6.05,22.4,6.268282490597576,0.0,-6.268282490597576,-1.5,7,OTHER
2026-10-03,8480893,10.0,4.0,0.15384615384615385,0.3076923076923077,0.46153846153846156,0.5790558866992932,1.5055453054181622,4.906666821191651,19.136999999999997,3.247299904022827,14.05,24.82,8.151747922871923,6.174957118353343,-1.97679080451858,-0.6000000000000001,9,HIGH_D10_DISTRIBUTED
2026-10-03,8480980,10.0,2.0,0.2222222222222222,0.4444444444444444,0.5555555555555556,0.8198497637473576,0.7378647873726218,2.853627116378411,15.604,1.853814086327609,13.18,18.5,3.4606511150986927,4.316546762589928,0.8558956474912351,0.09999999999999998,3,OTHER
2026-10-03,8480990,10.0,2.0,0.2857142857142857,0.5714285714285714,0.7142857142857143,1.1761037176408067,0.8232726023485646,4.454589136949386,13.877,4.054961432889618,9.37,23.28,3.026590761692008,0.0,-3.026590761692008,-0.7,2,OTHER
2026-10-03,8480995,10.0,4.0,0.21052631578947367,0.3684210526315789,0.5263157894736842,0.677202072477852,1.286683937707919,6.126557161971485,13.501,3.209674438319251,8.35,20.15,8.443818976372121,0.0,-8.443818976372121,-1.8999999999999997,9,HIGH_D10_DISTRIBUTED
2026-10-03,8481013,10.0,3.0,0.21428571428571427,0.42857142857142855,0.5714285714285714,0.838419850555191,1.1737877907772674,5.532336933917585,14.456999999999999,1.9581967328244743,11.38,17.12,5.810334094210417,12.162162162162161,6.351828067951744,1.6,6,OTHER
2026-10-03,8481014,10.0,3.0,0.21428571428571427,0.35714285714285715,0.5,0.6900655593423543,0.9660917830792959,3.072379756123526,19.616,2.068489518679969,16.63,22.68,4.282218597063622,0.0,-4.282218597063622,-1.4,4,OTHER
2026-10-03,8481024,10.0,4.0,0.21052631578947367,0.42105263157894735,0.5789473684210527,0.7627040392731285,1.449137674618944,5.103578281913331,14.696000000000002,1.9142808339193886,11.93,18.0,7.757212847033206,6.6115702479338845,-1.1456425990993218,0.10000000000000009,9,HIGH_D10_DISTRIBUTED
2026-10-03,8481028,10.0,2.0,0.2857142857142857,0.42857142857142855,0.5714285714285714,0.96421222530079,0.674948557710553,3.607003977106033,10.439000000000002,1.8680795248358972,7.97,12.77,4.023373886387585,9.587217043941411,5.563843157553826,1.3,3,OTHER
2026-10-03,8481032,10.0,4.0,0.4,0.7,0.8,1.4142135623730951,1.4142135623730951,6.9232460885540155,11.252,2.3699263936061623,7.23,16.2,5.332385353714895,4.260355029585799,-1.0720303241290958,0.0,6,OTHER
2026-10-03,8481068,10.0,3.0,0.23076923076923078,0.46153846153846156,0.6153846153846154,0.8148845426702924,1.0593499054713802,4.756610467049095,15.472999999999999,2.035605561006356,12.3,19.48,5.0410392296258,0.0,-5.0410392296258,-1.3,5,OTHER
2026-10-03,8481161,10.0,1.0,0.16666666666666666,0.3333333333333333,0.5,0.8606629658238706,0.5163977794943223,3.505928089757017,10.6,5.373234076833471,4.3,23.95,3.39622641509434,0.0,-3.39622641509434,-0.6,2,OTHER
2026-10-03,8481219,10.0,3.0,0.25,0.4166666666666667,0.5833333333333334,0.8606629658238704,1.0327955589886444,3.6572791581315838,17.049,1.5606227389517726,15.32,20.97,4.223121590709132,3.614457831325301,-0.6086637593838313,-0.20000000000000018,4,OTHER
2026-10-03,8481481,10.0,4.0,0.36363636363636365,0.5454545454545454,0.7272727272727273,1.245745744914816,1.3703203194062976,5.952316677830757,14.433000000000002,1.759558341049127,10.35,16.73,4.572853876532945,0.0,-4.572853876532945,-1.1,4,OTHER
2026-10-03,8481522,10.0,3.0,0.1875,0.3125,0.4375,0.5270462766947298,0.8432740427115678,3.5099830664464284,14.412,2.0895071189158463,12.08,19.0,6.661115736885928,4.379562043795621,-2.2815536930903066,-0.6000000000000001,7,OTHER
2026-10-03,8481523,10.0,3.0,0.375,0.5,0.625,1.1486707293408518,0.9189365834726815,3.7316698644885107,12.664444444444444,5.385065252880207,1.22,21.35,4.211265134234076,0.0,-4.211265134234076,-0.9054921916125636,4,OTHER
2026-10-03,8481527,10.0,3.0,0.3333333333333333,0.5555555555555556,0.6666666666666666,1.1049210289019482,0.9944289260117534,3.2805523439171473,14.797999999999998,4.583974015827072,8.35,23.08,3.649141775915664,3.39943342776204,-0.24970834815362375,0.10000000000000009,3,OTHER
2026-10-03,8481528,10.0,4.0,0.14814814814814814,0.2962962962962963,0.4444444444444444,0.46357983593873053,1.2516655570345725,4.134815839599769,17.54222222222222,1.7760896498894547,15.85,21.1,10.260957689384345,7.36949846468782,-2.8914592246965247,-0.976190777805928,10,HIGH_D10_DISTRIBUTED
2026-10-03,8481532,10.0,3.0,0.2727272727272727,0.45454545454545453,0.6363636363636364,1.0004590314678288,1.1005049346146119,5.4622348553439455,11.385000000000002,3.5739901448598816,6.63,18.02,5.797101449275362,0.0,-5.797101449275362,-1.1,6,OTHER
2026-10-03,8481533,10.0,4.0,0.26666666666666666,0.5333333333333333,0.6666666666666666,1.0061539042374907,1.509230856356236,4.738875832647406,17.126,2.9784567219357823,11.05,21.53,5.2551675814550975,0.0,-5.2551675814550975,-1.5,6,OTHER
2026-10-03,8481535,10.0,2.0,0.2222222222222222,0.4444444444444444,0.5555555555555556,0.8198497637473576,0.7378647873726218,3.4785990888598115,12.152,2.7215346977599073,6.95,15.92,4.443712969058591,10.329985652797703,5.8862726837391115,1.1,4,OTHER
2026-10-03,8481540,10.0,10.0,0.29411764705882354,0.4411764705882353,0.5588235294117647,0.7988842661750337,2.7162065049951147,8.156837440622937,18.205555555555556,1.8808183797958213,15.92,21.35,12.450411962160512,7.883211678832117,-4.567200283328395,-0.8617027769301182,10,HIGH_D10_DISTRIBUTED
2026-10-03,8481546,10.0,2.0,0.3333333333333333,0.5,0.6666666666666666,1.165343164633502,0.6992058987801011,1.9834432661913761,22.239,1.5318141024433887,19.93,24.38,1.6187778227438283,0.0,-1.6187778227438283,-0.6,1,OTHER
2026-10-03,8481553,10.0,3.0,0.23076923076923078,0.38461538461538464,0.5384615384615384,0.8148845426702924,1.0593499054713802,4.127149517956087,14.167000000000002,2.4855048671134092,10.82,18.1,5.505752805816334,5.317577548005909,-0.18817525781042477,-0.30000000000000004,6,OTHER
2026-10-03,8481554,10.0,1.0,0.25,0.5,0.75,1.2909944487358054,0.5163977794943222,2.1057063618840646,14.631,1.7373443975088978,12.43,18.15,1.6403526758253024,0.0,-1.6403526758253024,-0.4,1,OTHER
2026-10-03,8481557,10.0,6.0,0.17647058823529413,0.3235294117647059,0.47058823529411764,0.5405509314545185,1.837873166945363,6.009008160456271,18.499999999999996,2.601866851149595,14.48,21.47,11.027027027027026,13.27188940092166,2.244862373894634,0.5999999999999996,10,HIGH_D10_DISTRIBUTED
2026-10-03,8481559,10.0,6.0,0.15,0.275,0.4,0.3535533905932738,1.4142135623730951,3.6139136885955017,21.979000000000003,3.1152972035853446,17.57,26.43,10.919514081623367,8.564631245043618,-2.3548828365797494,-1.0,10,HIGH_D10_DISTRIBUTED
2026-10-03,8481568,10.0,3.0,0.25,0.4166666666666667,0.5833333333333334,0.8606629658238704,1.0327955589886444,3.1119913190441597,20.166999999999998,1.749622498966245,17.95,22.45,3.570188922497149,0.0,-3.570188922497149,-1.2,3,OTHER
2026-10-03,8481580,10.0,5.0,0.38461538461538464,0.5384615384615384,0.6923076923076923,1.1495647062287127,1.4944341180973264,5.57189329257504,15.922999999999998,1.43523943027713,13.05,18.4,4.898574389248258,7.834602829162133,2.9360284399138754,0.7,5,OTHER
2026-10-03,8481581,10.0,4.0,0.2,0.35,0.5,0.5270462766947299,1.0540925533894598,2.7041751521897304,22.823,2.1740287742141575,19.93,26.43,5.257853919291942,4.624277456647399,-0.6335764626445428,0.0,6,OTHER
2026-10-03,8481582,10.0,6.0,0.3,0.5,0.6,0.9128709291752769,1.8257418583505538,7.617715706117985,13.847000000000003,2.3217093798415953,10.23,18.12,8.666137069401314,4.417177914110429,-4.248959155290885,-1.0,9,HIGH_D10_CONCENTRATED
2026-10-03,8481593,10.0,3.0,0.3333333333333333,0.5555555555555556,0.6666666666666666,1.104921028901948,0.9944289260117533,2.7780628882972622,16.846666666666668,3.8773025417163414,11.03,20.85,3.561535417491096,0.0,-3.561535417491096,-0.9918282548476454,3,OTHER
2026-10-03,8481596,10.0,4.0,0.2222222222222222,0.3888888888888889,0.5555555555555556,0.8198497637473577,1.475729574745244,4.293233069680341,18.293333333333333,2.148115453135609,15.15,21.55,6.559766763848397,11.7359413202934,5.176174556445003,1.972594752186589,7,OTHER
2026-10-03,8481598,10.0,3.0,0.1875,0.375,0.5625,0.7905694150420948,1.2649110640673518,2.9827159532711867,23.624,2.5052265366629016,20.87,28.47,4.063664070436844,8.881578947368421,4.817914876931577,1.4,3,OTHER
2026-10-03,8481601,10.0,3.0,0.3,0.6,0.8,1.247219128924647,1.247219128924647,4.0750562450319965,17.654000000000003,2.6052221061211314,14.73,22.53,3.3986631924776254,3.5785288270377738,0.17986563456014837,0.0,3,OTHER
2026-10-03,8481606,10.0,5.0,0.3333333333333333,0.4666666666666667,0.6,0.9558139185602919,1.4337208778404378,3.3703211482692774,22.703333333333333,3.9745345639458223,18.22,30.8,4.404639553663192,5.333333333333334,0.9286937796701418,0.3232271325796503,4,OTHER
2026-10-03,8481617,10.0,7.0,0.21212121212121213,0.3939393939393939,0.5151515151515151,0.5722915343117292,1.8885620632287061,6.051715557711891,16.891,1.8724757823682403,13.57,19.25,11.72221893315967,5.891980360065466,-5.830238573094205,-1.2999999999999994,10,HIGH_D10_DISTRIBUTED
2026-10-03,8481618,10.0,2.0,0.18181818181818182,0.36363636363636365,0.5454545454545454,0.6707861703387471,0.7378647873726218,2.752334629160441,15.813333333333333,2.192549885407399,13.22,18.93,4.63743676222597,7.6352067868504765,2.997770024624507,0.7821318156267565,4,OTHER
2026-10-03,8481624,10.0,3.0,0.23076923076923078,0.46153846153846156,0.6153846153846154,0.9628196592573635,1.2516655570345725,4.365299383408093,16.221,2.6706738641939953,10.93,19.72,4.8085814684668025,8.60215053763441,3.7935690691676074,0.7,5,OTHER
2026-10-03,8481656,10.0,4.0,0.21052631578947367,0.3157894736842105,0.42105263157894735,0.4608394925110069,0.8755950357709131,3.409756070860787,15.83222222222222,3.6948165643837374,6.45,19.3,8.000561442908275,0.0,-8.000561442908275,-2.1673520948838516,9,HIGH_D10_DISTRIBUTED
2026-10-03,8481711,10.0,2.0,0.25,0.5,0.75,1.1486707293408518,0.9189365834726815,3.4873764925417454,15.072999999999999,2.8585429466386856,11.28,19.13,3.1845020898294965,8.500590318772137,5.31608822894264,1.2,2,OTHER
2026-10-03,8481716,10.0,3.0,0.375,0.625,0.875,1.4191155304938667,1.1352924243950935,5.585437557999957,10.599999999999998,3.317368434969702,4.05,15.42,4.528301886792453,4.675324675324675,0.1470227885322224,0.19999999999999996,4,OTHER
2026-10-03,8481721,10.0,5.0,0.19230769230769232,0.38461538461538464,0.5,0.5499387330648005,1.4298407059684812,5.60031031323828,15.265,2.284280825312179,11.28,18.72,10.219456272518832,7.809110629067245,-2.4103456434515866,-0.5999999999999996,10,HIGH_D10_DISTRIBUTED
2026-10-03,8481726,10.0,2.0,0.2,0.4,0.6,0.816496580927726,0.816496580927726,4.850738909983187,9.155555555555555,2.5406205497432666,5.1,13.75,7.281553398058253,17.163289630512516,9.881736232454262,2.874150485436893,8,OTHER
2026-10-03,8481806,10.0,4.0,0.26666666666666666,0.5333333333333333,0.6666666666666666,0.9558139185602919,1.4337208778404378,4.663037202120121,18.906000000000002,1.7056846132858212,16.23,21.05,4.760393525864805,3.501945525291829,-1.258448000572976,-0.4999999999999998,5,OTHER
2026-10-03,8482055,10.0,3.0,0.16666666666666666,0.3333333333333333,0.5,0.6829292190587324,1.2292725943057183,4.32148566137397,16.554000000000002,1.624473931940909,13.38,18.67,6.524102935846321,6.728971962616823,0.20486902677050178,0.20000000000000018,7,OTHER
2026-10-03,8482062,10.0,3.0,0.3,0.5,0.6,0.9428090415820634,0.9428090415820634,5.204112524145859,11.831,1.7261739966372647,9.5,15.27,5.071422534020793,0.0,-5.071422534020793,-1.0,5,OTHER
2026-10-03,8482072,10.0,4.0,0.3333333333333333,0.5,0.6666666666666666,1.0243938285880985,1.2292725943057181,4.253420336797321,13.703999999999999,4.15449208019999,10.1,23.47,5.253940455341506,0.0,-5.253940455341506,-1.2000000000000002,6,OTHER
2026-10-03,8482077,10.0,7.0,0.19444444444444445,0.3333333333333333,0.4722222222222222,0.5105203241514897,1.837873166945363,5.144500753076335,19.472,2.550097165904773,16.88,24.12,11.092851273623666,7.700534759358288,-3.392316514265378,-1.6,10,HIGH_D10_DISTRIBUTED
2026-10-03,8482079,10.0,4.0,0.23529411764705882,0.4117647058823529,0.5294117647058824,0.6820598874872975,1.1595018087284057,4.273382511874519,17.208000000000002,1.5950604307604708,15.02,19.38,5.927475592747559,2.977667493796526,-2.9498080989510327,-0.6999999999999995,7,OTHER
2026-10-03,8482088,10.0,2.0,0.4,0.6,0.8,1.4142135623730951,0.7071067811865476,2.8124976335995457,15.484,3.000422933150888,12.9,22.57,1.937483854301214,4.838709677419355,2.901225823118141,0.5,1,OTHER
2026-10-03,8482089,10.0,4.0,0.3076923076923077,0.46153846153846156,0.6153846153846154,0.8919244682526197,1.1595018087284057,4.262456972379697,14.709999999999999,1.8489276171157518,12.3,18.18,5.302515295717199,4.374240583232077,-0.9282747124851216,-0.30000000000000004,6,OTHER
2026-10-03,8482094,10.0,3.0,0.42857142857142855,0.7142857142857143,0.8571428571428571,1.5133570078162575,1.0593499054713802,3.4654174177822608,16.360999999999997,5.3760382976479795,9.12,23.85,2.5670802518183486,4.240282685512367,1.6732024336940188,0.30000000000000004,2,OTHER
2026-10-03,8482095,10.0,6.0,0.375,0.5625,0.6875,1.1486707293408518,1.837873166945363,4.93030221534456,21.13,8.03452394358247,1.8,28.18,5.048114844612715,2.7628549501151194,-2.2852598944975955,-0.7775253720355471,5,OTHER
2026-10-03,8482097,10.0,6.0,0.2,0.36666666666666664,0.5,0.5879447357921312,1.7638342073763937,5.74207464971314,17.07,2.399273038049465,14.03,20.77,10.54481546572935,15.693112467306015,5.148297001576665,2.0000000000000004,10,HIGH_D10_DISTRIBUTED
2026-10-03,8482105,10.0,5.0,0.18518518518518517,0.3333333333333333,0.4444444444444444,0.4294451143438539,1.1595018087284057,3.696952993416536,22.472,5.176592186628832,12.87,27.63,7.208971164115344,0.0,-7.208971164115344,-2.7000000000000006,8,OTHER
2026-10-03,8482110,10.0,5.0,0.22727272727272727,0.36363636363636365,0.5,0.6707861703387471,1.4757295747452437,4.99375284943695,17.915,2.8605836622774885,13.63,21.78,7.368127267652805,11.97339246119734,4.605265193544535,0.7999999999999998,8,OTHER
2026-10-03,8482116,10.0,4.0,0.16666666666666666,0.3333333333333333,0.4583333333333333,0.4479032082388084,1.07496769977314,3.696579099315824,19.528,2.120847838850198,16.52,21.68,7.37402703809914,5.25164113785558,-2.12238590024356,-0.39999999999999947,8,OTHER
2026-10-03,8482124,10.0,8.0,0.3333333333333333,0.4583333333333333,0.5833333333333334,0.9254628471643156,2.2211108331943574,6.596592969252328,19.936,1.4961669544390945,17.07,22.12,7.223113964686998,10.588235294117647,3.3651213294306483,1.6,8,OTHER
2026-10-03,8482126,10.0,2.0,0.5,0.75,1.0,1.7480147469502527,0.6992058987801011,2.9817618109248603,15.303,3.3325100650010544,11.62,21.32,1.5683199372672023,0.0,-1.5683199372672023,-0.4,1,OTHER
2026-10-03,8482142,10.0,4.0,0.26666666666666666,0.5333333333333333,0.6666666666666666,0.9558139185602919,1.4337208778404378,3.7288009871812653,20.853,2.8520520877275555,17.35,25.75,4.315925766076823,0.0,-4.315925766076823,-1.5,4,OTHER
2026-10-03,8482145,10.0,7.0,0.25925925925925924,0.4074074074074074,0.5555555555555556,0.72092846027933,1.9465068427541912,7.621932641920794,17.802222222222223,1.3571088550460664,15.93,19.85,10.11109724129322,6.63594470046083,-3.475152540832389,-0.9401385594807135,10,HIGH_D10_DISTRIBUTED
2026-10-03,8482146,10.0,5.0,0.21739130434782608,0.391304347826087,0.5217391304347826,0.6813135810749658,1.5670212364724212,6.51239286652389,15.627000000000004,2.7799762189230646,10.83,19.1,8.830869648684969,9.515418502202643,0.6845488535176738,0.7000000000000002,9,HIGH_D10_DISTRIBUTED
2026-10-03,8482148,10.0,3.0,0.3333333333333333,0.5555555555555556,0.6666666666666666,1.104921028901948,0.9944289260117533,3.6755473440292126,12.537,3.2213042562153476,8.08,18.8,4.3072505384063176,0.0,-4.3072505384063176,-0.9000000000000001,4,OTHER
2026-10-03,8482155,10.0,6.0,0.1875,0.34375,0.5,0.5667279378639768,1.8135294011647258,4.448407469241677,19.905,3.4079001354695437,13.52,24.17,9.645817633760362,0.0,-9.645817633760362,-3.2,10,HIGH_D10_DISTRIBUTED
2026-10-03,8482159,10.0,4.0,0.19047619047619047,0.38095238095238093,0.47619047619047616,0.5701042855894594,1.1972189997378646,4.420085098763088,17.496,1.321574818162029,15.12,18.83,7.20164609053498,9.617097061442564,2.4154509709075844,0.9000000000000004,8,OTHER
2026-10-03,8482175,10.0,5.0,0.21739130434782608,0.391304347826087,0.5217391304347826,0.649753964390142,1.4944341180973264,5.017738769519188,16.157,2.165225418082632,13.72,20.08,8.541189577273009,5.815831987075929,-2.7253575901970803,-0.2999999999999994,9,HIGH_D10_DISTRIBUTED
2026-10-03,8482176,10.0,2.0,0.25,0.5,0.625,0.9860132971832694,0.7888106377466155,2.126369259016671,21.041,1.868454203642977,17.93,24.5,2.2812603963689937,0.0,-2.2812603963689937,-0.8,1,OTHER
2026-10-03,8482177,10.0,4.0,0.8,1.0,1.0,2.5385910352879693,1.2692955176439846,4.175012435178548,15.241,1.9236334254622307,12.92,18.28,1.9683747785578376,4.718217562254258,2.7498427836964208,0.4999999999999999,1,OTHER
2026-10-03,8482201,10.0,2.0,0.2222222222222222,0.4444444444444444,0.6666666666666666,0.9728833730787926,0.8755950357709134,2.9097124258831344,15.832999999999998,2.7086735170969245,12.15,19.88,3.410598117855113,0.0,-3.410598117855113,-0.9000000000000001,3,OTHER
2026-10-03,8482259,10.0,8.0,0.23529411764705882,0.35294117647058826,0.47058823529411764,0.5224671605676168,1.7763883459298968,5.463172136503733,17.619,1.8501618547816,14.68,20.45,11.57840967137749,10.018552875695734,-1.559856795681755,-0.39999999999999947,10,HIGH_D10_DISTRIBUTED
2026-10-03,8482475,10.0,4.0,0.16666666666666666,0.3333333333333333,0.4583333333333333,0.48907824615719475,1.1737877907772674,3.9416774503122283,16.325,1.3989063188394313,13.62,18.32,8.820826952526799,6.672845227062094,-2.147981725464705,-0.40000000000000036,9,HIGH_D10_DISTRIBUTED
2026-10-03,8482476,10.0,4.0,0.3076923076923077,0.5384615384615384,0.6923076923076923,1.0288411614225066,1.3374935098492586,4.742459118588537,14.959999999999999,1.7108087755990342,12.25,17.48,5.213903743315508,3.6253776435045317,-1.5885260998109763,-0.30000000000000004,5,OTHER
2026-10-03,8482482,10.0,3.0,0.3,0.5,0.7,1.0540925533894598,1.0540925533894598,3.4648862516602708,19.401111111111113,2.7231390179554027,14.6,22.42,3.436229311036023,4.123711340206185,0.687482029170162,-0.08561938033331407,3,OTHER
2026-10-03,8482511,10.0,1.0,0.16666666666666666,0.3333333333333333,0.5,0.8606629658238704,0.5163977794943222,1.8105112960586687,17.791000000000004,3.31171137362878,11.78,21.88,2.0234950255747286,0.0,-2.0234950255747286,-0.6,1,OTHER
2026-10-03,8482655,10.0,3.0,0.42857142857142855,0.7142857142857143,1.0,1.656431155326294,1.1595018087284057,3.3757304561847015,19.723999999999997,2.346440329993973,14.9,22.48,2.1293855201784626,0.0,-2.1293855201784626,-0.7,1,OTHER
2026-10-03,8482659,10.0,4.0,0.26666666666666666,0.4666666666666667,0.6,0.7856742013183862,1.1785113019775793,4.40442006179497,15.364999999999998,2.181942304971015,12.95,19.1,5.85746827204686,3.314917127071823,-2.5425511449750364,-0.5,6,OTHER
2026-10-03,8482660,10.0,3.0,0.25,0.4166666666666667,0.5833333333333334,0.8606629658238704,1.0327955589886444,4.5637689858849075,12.117999999999999,3.2407811129760398,7.8,17.63,5.94157451724707,17.408123791102515,11.466549273855446,3.8,7,OTHER
2026-10-03,8482665,10.0,3.0,0.2727272727272727,0.5454545454545454,0.7272727272727273,1.0883809088526044,1.1972189997378648,3.9182314207493025,18.139000000000003,2.7214312002653642,13.6,21.28,3.638568829593693,3.726708074534161,0.08813924494046788,-0.10000000000000009,3,OTHER
2026-10-03,8482667,10.0,4.0,0.25,0.4375,0.5625,0.7336173692357919,1.1737877907772671,4.019668810291357,17.13111111111111,1.6797428705343895,14.82,20.27,6.226488519911792,14.754098360655739,8.527609840743947,2.2441302373848746,7,OTHER
2026-10-03,8482671,10.0,2.0,0.16666666666666666,0.3333333333333333,0.5,0.6573421981221796,0.7888106377466155,2.4096334726080526,21.696,2.0058536559003723,19.57,25.42,3.31858407079646,2.380952380952381,-0.9376316898440789,-0.19999999999999996,2,OTHER
2026-10-03,8482679,10.0,5.0,0.21739130434782608,0.34782608695652173,0.4782608695652174,0.6165810836574681,1.4181364924121764,4.499745932180102,16.203999999999997,1.5973324986085742,13.57,19.25,8.516415699827203,3.571428571428571,-4.9449871283986315,-1.2999999999999998,9,HIGH_D10_DISTRIBUTED
2026-10-03,8482684,10.0,5.0,0.25,0.45,0.6,0.8498365855987975,1.699673171197595,4.13110386677861,23.909,1.5993363206863853,22.12,27.72,5.0190304906102305,8.301306687163718,3.2822761965534877,1.0,5,OTHER
2026-10-03,8482691,10.0,3.0,0.23076923076923078,0.46153846153846156,0.6153846153846154,0.8919244682526197,1.1595018087284057,6.216604846889914,12.806999999999999,1.9539080496959589,10.08,16.15,6.090419301944249,18.94736842105263,12.856949119108382,1.6999999999999995,7,OTHER
2026-10-03,8482699,10.0,6.0,0.1935483870967742,0.3548387096774194,0.4838709677419355,0.5365580623602,1.66332999331662,5.7108308509843715,17.820000000000004,1.8904261718224045,14.55,20.78,10.437710437710438,17.80415430267062,7.366443864960184,1.9000000000000004,10,HIGH_D10_DISTRIBUTED
2026-10-03,8482700,10.0,1.0,0.2,0.4,0.6,1.0540925533894598,0.5270462766947299,1.7659230147751466,17.191000000000003,2.7370967993275084,12.72,20.78,1.7450991798033857,7.5,5.754900820196614,1.5,1,OTHER
2026-10-03,8482702,10.0,7.0,0.25925925925925924,0.4074074074074074,0.5185185185185185,0.6994674308254466,1.888562063228706,4.063676807155598,17.67111111111111,2.701006499642515,12.85,20.32,10.186116700201207,13.980582524271844,3.7944658240706364,1.0428005533199194,10,HIGH_D10_DISTRIBUTED
2026-10-03,8482703,10.0,3.0,0.3,0.5,0.7,1.1547005383792515,1.1547005383792515,5.066126407061554,11.51,4.6246945845104195,1.58,16.92,5.212858384013901,4.780876494023905,-0.43198188998999676,0.0,5,OTHER
2026-10-03,8482705,10.0,4.0,0.26666666666666666,0.4666666666666667,0.6666666666666666,0.9558139185602919,1.4337208778404378,5.233277941869191,15.26,1.7482435629956017,11.97,17.67,5.897771952817824,8.98876404494382,3.0909920921259966,0.5,7,OTHER
2026-10-03,8482713,10.0,6.0,0.2857142857142857,0.42857142857142855,0.5714285714285714,0.7920619015793428,1.66332999331662,5.397897358738081,15.76,3.2664319643577113,11.63,20.63,7.99492385786802,0.0,-7.99492385786802,-2.1,9,HIGH_D10_DISTRIBUTED
2026-10-03,8482720,10.0,4.0,0.2857142857142857,0.42857142857142855,0.5714285714285714,0.7678340712665286,1.0749676997731399,3.9942744464029403,18.113,1.4736504183677874,16.1,20.37,4.6375531386297135,3.3834586466165413,-1.2540944920131722,-0.3999999999999999,4,OTHER
2026-10-03,8482730,10.0,4.0,0.2222222222222222,0.3888888888888889,0.5555555555555556,0.6307180135528297,1.1352924243950935,2.7965712717699933,20.470000000000006,1.952297791492544,18.12,24.63,5.276013678553982,14.469453376205786,9.193439697651804,3.2,6,OTHER
2026-10-03,8482737,10.0,3.0,0.2727272727272727,0.45454545454545453,0.6363636363636364,0.9040262963743211,0.9944289260117533,4.277099857221237,14.634444444444446,2.4971739582531645,11.07,19.95,5.0110090350011385,0.0,-5.0110090350011385,-1.1886948599195202,5,OTHER
2026-10-03,8482740,10.0,5.0,0.1724137931034483,0.3448275862068966,0.4827586206896552,0.5500453385749609,1.5951314818673865,4.505456944852908,19.845999999999997,1.857873336192038,16.88,22.2,8.767509825657564,5.255474452554745,-3.512035373102819,-0.8999999999999995,9,HIGH_D10_DISTRIBUTED
2026-10-03,8482745,10.0,5.0,0.19230769230769232,0.3076923076923077,0.4230769230769231,0.4134491152973615,1.0749676997731399,3.6905868676438653,13.938999999999998,2.646450243040456,8.73,17.6,11.191620632757012,12.040133779264215,0.8485131465072033,0.40000000000000036,10,HIGH_D10_DISTRIBUTED
2026-10-03,8482747,10.0,2.0,0.25,0.5,0.625,0.9860132971832694,0.7888106377466155,20.662885620336123,9.767999999999999,3.475574452918219,0.88,13.8,4.914004914004914,5.7142857142857135,0.8002808002807997,0.19999999999999996,5,OTHER
2026-10-03,8482751,10.0,4.0,0.18181818181818182,0.36363636363636365,0.5,0.5587602701389628,1.2292725943057183,5.246194159766344,14.328,2.1378275577479733,10.67,18.58,9.212730318257956,5.247813411078717,-3.964916907179239,-1.2000000000000002,10,HIGH_D10_DISTRIBUTED
2026-10-03,8482768,10.0,3.0,0.2727272727272727,0.45454545454545453,0.6363636363636364,1.0004590314678288,1.1005049346146119,4.626296807328785,13.446000000000002,2.503234352237565,10.48,17.82,4.908522980812138,7.955801104972375,3.047278124160237,0.8999999999999999,5,OTHER
2026-10-03,8482784,10.0,3.0,0.2,0.3333333333333333,0.4666666666666667,0.5665577237325317,0.8498365855987975,4.169778539408407,11.912,2.5346391371466583,6.72,16.3,7.555406312961719,0.0,-7.555406312961719,-1.5,8,OTHER
2026-10-03,8482803,10.0,4.0,0.36363636363636365,0.5454545454545454,0.6363636363636364,1.0883809088526044,1.1972189997378648,5.352966915925448,13.225,2.733212395698512,8.97,19.35,4.99054820415879,3.8668098818474754,-1.1237383223113144,-0.10000000000000009,5,OTHER
2026-10-03,8482806,1.0,0.0,,,,,,,16.78,,16.78,16.78,0.0,4.897959183673469,4.897959183673469,1.0,1,OTHER
2026-10-03,8482807,10.0,3.0,0.3333333333333333,0.5555555555555556,0.6666666666666666,1.104921028901948,0.9944289260117533,3.858433873254941,16.371000000000002,2.9944706451131635,13.93,23.92,3.298515667949423,0.0,-3.298515667949423,-0.9,2,OTHER
2026-10-03,8482809,10.0,4.0,0.18181818181818182,0.3181818181818182,0.45454545454545453,0.5984368987312575,1.3165611772087666,5.8635734992387505,17.63888888888889,2.945434791522486,12.97,21.63,8.31496062992126,6.411398040961711,-1.9035625889595487,-0.41757480314960604,9,HIGH_D10_DISTRIBUTED
2026-10-03,8482858,10.0,2.0,0.3333333333333333,0.6666666666666666,0.8333333333333334,1.405456737852613,0.8432740427115678,2.1658601056603275,20.729,2.529064165962492,16.85,25.75,1.7366973804814512,6.299212598425196,4.562515217943745,1.4,1,OTHER
2026-10-03,8482859,10.0,3.0,0.5,0.6666666666666666,0.8333333333333334,1.6101529717988263,0.9660917830792958,3.896962471642399,11.454000000000002,2.6797147443545386,8.15,17.43,3.143006809848088,17.58957654723127,14.446569737383182,2.4,2,OTHER
2026-10-03,8482929,10.0,2.0,0.25,0.5,0.625,0.9860132971832694,0.7888106377466155,2.2694095446191236,19.426,1.8679174380993286,16.33,21.8,2.4709152681972615,5.7142857142857135,3.243370446088452,0.19999999999999996,1,OTHER
2026-10-03,8482964,10.0,3.0,0.2727272727272727,0.45454545454545453,0.6363636363636364,1.0004590314678288,1.1005049346146119,3.5093062498051686,15.253333333333334,4.674641697499392,8.75,21.52,4.8076923076923075,0.0,-4.8076923076923075,-1.1801282051282052,5,OTHER
2026-10-03,8483395,10.0,3.0,0.3333333333333333,0.5555555555555556,0.7777777777777778,1.222783260682902,1.1005049346146119,5.1747699726790595,11.879000000000001,4.00342755925747,7.45,19.33,4.545837191682802,0.0,-4.545837191682802,-0.9,4,OTHER
2026-10-03,8483398,10.0,2.0,0.2857142857142857,0.5714285714285714,0.8571428571428571,1.3552618543578772,0.9486832980505139,2.99918020218862,16.962,5.226953223437149,5.03,22.4,2.476123098691192,8.766233766233766,6.290110667542574,2.3,1,OTHER
2026-10-03,8483425,10.0,2.0,0.4,0.6,0.8,1.4142135623730951,0.7071067811865476,2.633233533668845,16.965,2.721328311280684,13.7,21.18,1.7683465959328029,0.0,-1.7683465959328029,-0.5,1,OTHER
2026-10-03,8483431,10.0,5.0,0.23809523809523808,0.38095238095238093,0.5238095238095238,0.6900655593423543,1.449137674618944,4.476434594294461,18.053,2.3307893274358555,14.75,23.18,6.979449398991857,3.571428571428571,-3.408020827563286,-1.1,8,OTHER
2026-10-03,8483447,10.0,3.0,0.23076923076923078,0.46153846153846156,0.6153846153846154,0.8148845426702924,1.0593499054713802,4.036271884007688,12.739999999999998,4.028332988553289,7.55,19.93,6.122448979591836,13.090909090909092,6.968460111317255,0.7,7,OTHER
2026-10-03,8483450,10.0,4.0,0.3333333333333333,0.5,0.6666666666666666,1.0243938285880987,1.2292725943057183,4.900116346707056,15.536999999999997,1.8841623544105157,12.48,18.15,4.634099246958872,0.0,-4.634099246958872,-1.2,4,OTHER
2026-10-03,8483455,10.0,7.0,0.3684210526315789,0.5263157894736842,0.6842105263157895,1.149089325881601,2.183269719175042,8.450645068143093,12.887,2.8704550549037036,9.2,17.98,8.846124000931171,7.171314741035856,-1.6748092598953148,-0.8999999999999999,9,HIGH_D10_CONCENTRATED
2026-10-03,8483457,10.0,2.0,0.4,0.6,0.8,1.4142135623730951,0.7071067811865476,1.6601781849603272,26.013333333333335,2.2973245308401684,22.85,29.78,1.2813941568426448,6.185567010309278,4.904172853466633,2.444686485562959,1,OTHER
2026-10-03,8483460,10.0,2.0,0.25,0.5,0.625,0.9860132971832694,0.7888106377466155,3.6245557026296606,13.67111111111111,5.039988701486454,7.4,22.77,3.901170351105331,4.556962025316456,0.6557916742111249,0.140182054616385,3,OTHER
2026-10-03,8483466,10.0,1.0,0.16666666666666666,0.3333333333333333,0.5,0.8606629658238706,0.5163977794943223,1.9844495655850383,15.895000000000001,3.787444902422858,11.33,25.42,2.2648631645171435,10.572687224669604,8.30782406015246,1.4000000000000001,1,OTHER
2026-10-03,8483468,10.0,3.0,0.25,0.4166666666666667,0.5,0.6573421981221796,0.7888106377466155,2.6511050180758255,14.852999999999998,3.929252261351176,8.75,19.93,4.8475055544334475,4.438964241676942,-0.4085413127565056,-0.20000000000000018,5,OTHER
2026-10-03,8483476,10.0,4.0,0.3333333333333333,0.5,0.6666666666666666,1.097134314340639,1.3165611772087666,5.232802086620259,13.109,1.9469146531542323,11.55,17.27,5.492409794797467,5.333333333333334,-0.15907646146413335,-0.19999999999999996,6,OTHER
2026-10-03,8483485,10.0,4.0,0.23529411764705882,0.47058823529411764,0.5882352941176471,0.7867608881466226,1.3374935098492584,3.755301471750195,22.442999999999998,4.16040609663154,18.1,28.93,4.544846945595508,2.133965619442798,-2.4108813261527104,-0.7000000000000002,4,OTHER
2026-10-03,8483489,10.0,3.0,0.1875,0.375,0.5625,0.733617369235792,1.1737877907772674,4.0692693532059385,16.953,2.33704965953039,13.63,21.67,5.662714563794019,12.442396313364053,6.7796817495700346,1.4,6,OTHER
2026-10-03,8483493,10.0,6.0,0.46153846153846156,0.6923076923076923,0.8461538461538461,1.4973129559647624,1.9465068427541912,5.578040722834083,17.297999999999995,3.925358582346331,7.4,21.58,4.509191814082553,6.010016694490818,1.5008248804082651,0.7000000000000002,4,OTHER
2026-10-03,8483495,10.0,4.0,0.23529411764705882,0.47058823529411764,0.5882352941176471,0.7867608881466226,1.3374935098492584,3.7906694743560103,20.874,2.5428077220094933,16.67,24.05,4.886461626904283,0.0,-4.886461626904283,-1.7,5,OTHER
2026-10-03,8483499,10.0,1.0,0.16666666666666666,0.3333333333333333,0.5,0.8606629658238706,0.5163977794943223,1.829816587466878,17.493,1.374910502137826,16.15,20.4,2.057966043560281,10.394610202117422,8.33664415855714,2.4000000000000004,1,OTHER
2026-10-03,8483500,10.0,3.0,0.2727272727272727,0.45454545454545453,0.6363636363636364,1.0004590314678288,1.1005049346146119,4.273607800756718,16.236,2.9026011323179306,13.02,23.93,4.065040650406504,6.903163950143816,2.838123299737312,0.8999999999999997,3,OTHER
2026-10-03,8483515,10.0,5.0,0.19230769230769232,0.34615384615384615,0.46153846153846156,0.4865042554105199,1.2649110640673518,4.244181124957414,19.437777777777775,2.220218332607053,16.62,22.48,8.917343089059106,3.2967032967032965,-5.620639792355809,-1.938413170229793,10,HIGH_D10_DISTRIBUTED
2026-10-03,8483516,10.0,8.0,0.23529411764705882,0.35294117647058826,0.47058823529411764,0.5405509314545185,1.837873166945363,6.343636736749412,18.39,1.78018725606793,15.73,21.63,11.092985318107669,4.040404040404041,-7.052581277703628,-2.4000000000000004,10,HIGH_D10_DISTRIBUTED
2026-10-03,8483524,10.0,4.0,0.3076923076923077,0.5384615384615384,0.6923076923076923,1.0288411614225066,1.3374935098492586,5.727122239167931,13.315000000000001,3.811923544762029,3.6,16.7,5.8580548253849045,0.0,-5.8580548253849045,-1.2999999999999998,6,OTHER
2026-10-03,8483525,10.0,4.0,0.4,0.6,0.8,1.3333333333333333,1.3333333333333333,4.969948930963816,14.041,2.379796676655848,11.03,18.88,4.273199914536002,4.730617608409987,0.45741769387398534,0.0,4,OTHER
2026-10-03,8483570,10.0,2.0,0.2857142857142857,0.42857142857142855,0.5714285714285714,0.96421222530079,0.674948557710553,3.1654311989072563,12.029,1.6130333743189156,9.2,14.93,3.4915620583589657,0.0,-3.4915620583589657,-0.7,3,OTHER
2026-10-03,8483609,10.0,5.0,0.35714285714285715,0.5,0.6428571428571429,1.0753895038701158,1.505545305418162,7.364961376624275,11.123999999999999,1.6759554488907715,8.37,13.15,7.551240560949299,0.0,-7.551240560949299,-1.4,8,OTHER
2026-10-03,8483676,10.0,2.0,0.18181818181818182,0.36363636363636365,0.5454545454545454,0.6707861703387471,0.7378647873726218,3.9981123263655625,10.586666666666666,3.464491304650655,6.63,15.5,6.926952141057934,11.861614497528828,4.934662356470894,0.8218408900083962,8,OTHER
2026-10-03,8483678,10.0,2.0,0.25,0.5,0.75,1.1486707293408518,0.9189365834726815,3.5996582469321687,16.096,1.9611969134519187,13.25,19.12,2.982107355864811,4.058624577226607,1.076517221361796,0.19999999999999996,2,OTHER
2026-10-03,8483695,4.0,2.0,0.6666666666666666,1.0,1.0,1.2765694770084508,0.9574271077563381,2.779423876952532,15.15,6.493504446752924,8.05,20.67,2.9702970297029703,7.302231237322515,4.331934207619545,0.25,2,OTHER
2026-10-03,8483731,10.0,3.0,0.21428571428571427,0.35714285714285715,0.5,0.6023386019368343,0.8432740427115679,3.6508782326430302,12.588888888888889,2.874971497443255,8.3,16.88,7.413945278022948,13.38289962825279,5.9689543502298426,1.4792762577228598,8,OTHER
2026-10-03,8483808,10.0,4.0,0.26666666666666666,0.5333333333333333,0.6666666666666666,0.9558139185602919,1.4337208778404378,5.0236883887948265,14.610999999999999,3.0018085289445833,8.38,19.03,6.159742659639997,10.241820768136556,4.0820781084965585,0.5000000000000002,7,OTHER
2026-10-03,8484136,10.0,3.0,0.2727272727272727,0.5454545454545454,0.7272727272727273,1.1697126706435625,1.286683937707919,5.337705699771978,14.008000000000001,2.04915592378911,10.95,16.62,4.711593375214163,19.618528610354222,14.906935235140057,2.9,5,OTHER
2026-10-03,8484145,10.0,4.0,0.2,0.35,0.5,0.6666666666666666,1.3333333333333333,5.465170497570973,17.028000000000002,3.1071737783537134,12.98,24.37,7.047216349541931,3.0690537084398977,-3.9781626411020334,-1.0,8,OTHER
2026-10-03,8484152,10.0,3.0,0.23076923076923078,0.38461538461538464,0.5384615384615384,0.7297563831157798,0.9486832980505138,3.073161784419629,18.185,2.912250943094629,14.38,22.72,4.289249381358262,8.430913348946135,4.141663967587872,1.7000000000000002,4,OTHER
2026-10-03,8484158,10.0,3.0,0.2,0.4,0.5333333333333333,0.6478835438717,0.97182531580755,3.851586996534011,18.121,2.774576844613727,13.38,21.85,4.9666133215606205,0.0,-4.9666133215606205,-1.4999999999999998,5,OTHER
2026-10-03,8484164,10.0,2.0,0.15384615384615385,0.3076923076923077,0.46153846153846156,0.6332866171912035,0.8232726023485646,3.7883017636839083,13.925999999999998,2.9670643928150784,9.78,19.62,5.601034037052995,14.654002713704207,9.052968676651211,1.7,6,OTHER
2026-10-03,8484166,10.0,5.0,0.21739130434782608,0.43478260869565216,0.6086956521739131,0.8707721093217277,2.0027758514399734,6.014970982449526,19.82,3.0176370446648044,15.68,25.13,6.962663975782038,2.924451665312754,-4.038212310469284,-1.2999999999999998,8,OTHER
2026-10-03,8484180,10.0,2.0,0.2222222222222222,0.4444444444444444,0.5555555555555556,0.8198497637473576,0.7378647873726218,2.924983391356213,13.443999999999999,2.7191387525383024,7.08,15.82,4.016661707825052,0.0,-4.016661707825052,-0.9,3,OTHER
2026-10-03,8484185,10.0,3.0,0.3,0.5,0.6,0.9428090415820634,0.9428090415820634,3.8653972418847222,13.769,1.9174604153526729,10.3,16.53,4.357614932093834,7.809110629067245,3.451495696973411,0.0,4,OTHER
2026-10-03,8484186,10.0,5.0,0.17857142857142858,0.32142857142857145,0.4642857142857143,0.4390259265377566,1.2292725943057183,4.934178321470527,14.29888888888889,1.410393955996377,12.13,16.08,13.054627399176317,12.705882352941176,-0.34874504623514113,-0.04977853757090722,10,HIGH_D10_DISTRIBUTED
2026-10-03,8484188,10.0,3.0,0.2727272727272727,0.45454545454545453,0.6363636363636364,0.9040262963743212,0.9944289260117534,3.671528085736494,17.311,2.656482427739527,14.02,23.53,3.8126047022124663,0.0,-3.8126047022124663,-1.1,3,OTHER
2026-10-03,8484197,10.0,3.0,0.21428571428571427,0.35714285714285715,0.5,0.7678340712665286,1.0749676997731399,5.23526779509096,11.834999999999999,3.9227690050099384,1.82,15.52,7.097591888466413,6.315789473684211,-0.7818024147822022,-0.3999999999999999,8,OTHER
2026-10-03,8484221,10.0,4.0,0.2222222222222222,0.3888888888888889,0.5,0.6829292190587324,1.2292725943057183,4.791321671483285,16.83,1.5854266863459117,14.98,19.37,6.4171122994652405,4.379562043795621,-2.0375502556696192,-0.7999999999999998,7,OTHER
2026-10-03,8484227,10.0,4.0,0.21052631578947367,0.42105263157894735,0.5789473684210527,0.8395428851933614,1.5951314818673865,5.574636994916364,17.834,2.3323721829931,14.17,22.43,6.392284400583156,6.422836752899196,0.030552352316039588,0.10000000000000009,7,OTHER
2026-10-03,8484240,10.0,3.0,0.5,0.6666666666666666,0.8333333333333334,1.6101529717988263,0.9660917830792958,2.7495051809077142,20.465999999999998,1.1902306032399301,18.75,22.05,1.7590149516270888,0.0,-1.7590149516270888,-0.6,1,OTHER
2026-10-03,8484241,10.0,6.0,0.3157894736842105,0.47368421052631576,0.5789473684210527,0.9099159635010484,1.728840330651992,5.957609134367939,14.709,3.2804994538433725,10.45,19.9,7.750356924332042,11.180124223602483,3.4297672992704413,1.1,9,HIGH_D10_DISTRIBUTED
2026-10-03,8484258,10.0,5.0,0.22727272727272727,0.4090909090909091,0.5454545454545454,0.6707861703387471,1.4757295747452437,4.301625094041942,20.727,2.859495099177865,14.45,24.42,6.36850484874801,3.8420490928495195,-2.526455755898491,-1.2000000000000002,7,OTHER
2026-10-03,8484305,10.0,1.0,0.3333333333333333,0.6666666666666666,1.0,1.6101529717988263,0.4830458915396479,1.750682849295091,16.666,3.7393291139216704,12.22,23.28,1.0800432017280692,0.0,-1.0800432017280692,-0.3,1,OTHER
2026-10-03,8484321,10.0,2.0,0.2857142857142857,0.5714285714285714,0.7142857142857143,1.1761037176408067,0.8232726023485646,2.399335027343149,16.903333333333332,2.7753738486913795,10.7,20.58,2.7607966870439755,3.1914893617021276,0.4306926746581521,0.18735949516860573,2,OTHER
2026-10-03,8484386,10.0,2.0,0.2,0.4,0.6,0.9428090415820634,0.9428090415820634,3.8529505805192077,14.502,3.246019100375104,11.93,21.73,4.137360364087712,0.0,-4.137360364087712,-1.0000000000000002,4,OTHER
2026-10-03,8484387,10.0,8.0,0.32,0.48,0.6,0.947511360236793,2.3687784005919825,8.767612461582747,15.515000000000004,1.8444707160110247,13.4,18.27,9.668063164679342,7.43801652892562,-2.2300466357537223,-0.5,10,HIGH_D10_DISTRIBUTED
2026-10-03,8484388,10.0,3.0,0.25,0.5,0.6666666666666666,1.0243938285880987,1.2292725943057183,5.72718055077082,12.364999999999998,2.046684310455979,9.13,16.55,5.822887181560858,0.0,-5.822887181560858,-1.2,6,OTHER
2026-10-03,8484390,5.0,3.0,0.375,0.625,0.875,0.7126096406869612,1.140175425099138,3.718109536061897,17.048000000000002,2.231438997597738,14.7,20.7,5.631159080244017,0.0,-5.631159080244017,-1.6,6,OTHER
2026-10-03,8484509,10.0,2.0,0.4,0.6,0.8,1.4142135623730951,0.7071067811865476,3.783006622236013,11.860000000000001,2.596587504142055,8.68,17.75,2.5295109612141653,0.0,-2.5295109612141653,-0.5,2,OTHER
2026-10-03,8484759,7.0,2.0,0.2222222222222222,0.4444444444444444,0.6666666666666666,0.5879447357921312,0.7559289460184545,3.3725047442342966,17.044999999999998,4.755513642079055,12.77,25.48,5.280140803754767,3.3644859813084116,-1.9156548224463554,-0.5,6,OTHER
2026-10-03,8484768,10.0,4.0,0.18181818181818182,0.36363636363636365,0.5454545454545454,0.6707861703387471,1.4757295747452437,4.186542744211373,20.194,2.675486248640921,15.82,23.82,6.5365950282262055,14.117647058823529,7.5810520305973235,1.7999999999999998,7,OTHER
2026-10-03,8484783,10.0,5.0,0.3333333333333333,0.4666666666666667,0.6,0.9558139185602919,1.4337208778404378,3.8606802661870963,21.480999999999998,2.355638389528881,17.88,24.72,4.189749080582841,4.864864864864864,0.6751157842820232,0.4999999999999998,4,OTHER
2026-10-03,8484790,3.0,4.0,0.5,0.75,1.0,0.4330127018922193,1.1547005383792515,4.446273821359178,18.223333333333333,2.4343445387482303,16.58,21.02,8.779952441924273,3.043110735418428,-5.736841706505845,-1.6666666666666665,9,HIGH_D10_CONCENTRATED
2026-10-03,8484797,10.0,3.0,0.17647058823529413,0.29411764705882354,0.4117647058823529,0.4842780013815086,0.8232726023485646,4.831022544526937,13.934999999999999,4.489724688416627,8.03,24.58,7.319698600645856,12.286689419795222,4.966990819149365,1.2999999999999998,8,OTHER
2026-10-03,8484798,10.0,3.0,0.17647058823529413,0.35294117647058826,0.5294117647058824,0.6820598874872975,1.1595018087284057,3.6210085409568777,21.904000000000003,2.2821296097188597,18.27,25.08,4.656683710737765,2.629656683710738,-2.0270270270270268,-0.7,5,OTHER
2026-10-03,8484800,10.0,3.0,0.25,0.5,0.6666666666666666,0.9460770203292445,1.1352924243950933,5.438673632630444,13.550999999999998,2.6250140740363452,11.02,19.0,5.31326101394731,3.829787234042554,-1.483473779904756,-0.20000000000000018,6,OTHER
2026-10-03,8484801,10.0,7.0,0.21212121212121213,0.36363636363636365,0.5151515151515151,0.5898505584103609,1.946506842754191,4.609009721317208,20.323,3.749077071612277,10.75,23.67,9.742656103921664,5.529953917050691,-4.212702186870973,-1.2999999999999998,10,HIGH_D10_DISTRIBUTED
2026-10-03,8484829,10.0,3.0,0.25,0.4166666666666667,0.5833333333333334,0.8606629658238704,1.0327955589886444,3.6507576887996236,16.556,1.7262882468206493,13.07,19.8,4.348876540227108,4.137931034482759,-0.21094550574434923,-0.19999999999999996,4,OTHER
2026-10-03,8484860,10.0,4.0,0.23529411764705882,0.4117647058823529,0.5294117647058824,0.6820598874872975,1.1595018087284057,4.779623525003024,16.417,2.584862128281163,12.17,19.97,6.213071815800695,14.314115308151095,8.1010434923504,2.3,7,OTHER
2026-10-03,8484873,10.0,7.0,0.3333333333333333,0.47619047619047616,0.5714285714285714,0.9377178087455194,1.9692073983655907,6.368230065787411,18.759999999999998,1.71584770108927,16.92,22.82,6.7164179104477615,2.850356294536817,-3.8660616159109447,-1.1,8,OTHER
2026-10-03,8484911,10.0,3.0,0.3,0.5,0.7,1.0540925533894598,1.0540925533894598,4.103107803738805,16.927,2.208649914414787,12.72,20.6,3.544632835115496,3.589232303090728,0.04459946797523218,0.0,3,OTHER
2026-10-03,8484938,10.0,6.0,0.3157894736842105,0.5263157894736842,0.6842105263157895,0.9752240076973542,1.8529256146249728,7.652879079855108,13.799000000000001,3.0864198965432066,9.9,18.85,8.261468222334951,4.806408544726302,-3.4550596776086495,-0.8999999999999997,9,HIGH_D10_CONCENTRATED
2026-10-03,8484958,10.0,3.0,0.23076923076923078,0.46153846153846156,0.6923076923076923,1.0288411614225066,1.3374935098492586,7.817029159911753,10.045,3.0353848373988943,6.07,14.67,7.765057242409159,0.0,-7.765057242409159,-1.3,9,HIGH_D10_DISTRIBUTED
2026-10-03,8484984,10.0,4.0,0.16666666666666666,0.3333333333333333,0.5,0.6273105439242342,1.505545305418162,4.8145109450798325,17.52333333333333,3.0787172653558175,11.75,20.67,9.13068289899182,11.214953271028037,2.084270372036217,0.40977743960433655,10,HIGH_D10_DISTRIBUTED
2026-10-03,8484994,10.0,4.0,0.23529411764705882,0.4117647058823529,0.5882352941176471,0.7867608881466227,1.3374935098492586,4.827321632299907,14.576999999999998,2.6262776784727935,10.42,19.12,6.997324552377032,7.3245167853509665,0.3271922329739345,0.30000000000000004,8,OTHER
2026-10-03,8484999,7.0,3.0,0.375,0.75,0.875,1.1770372409854613,1.3451854182690985,5.5480361820105095,14.99666666666667,1.7562535883711865,11.53,16.1,5.3345187819515445,0.0,-5.3345187819515445,-1.333333333333333,6,OTHER
2026-10-03,8485366,10.0,6.0,0.16666666666666666,0.3055555555555556,0.4166666666666667,0.3971779738801336,1.429840705968481,3.456323922149374,26.478,2.3220144510986818,22.23,29.67,8.157715839564922,5.834683954619126,-2.323031884945796,-1.6000000000000005,9,HIGH_D10_DISTRIBUTED
2026-10-03,8485388,4.0,4.0,0.4,0.7,0.9,0.5163977794943222,1.2909944487358056,5.310268389450189,15.0025,2.825283171648463,11.97,18.75,9.998333611064822,4.787234042553193,-5.21109956851163,-1.5,10,HIGH_D10_CONCENTRATED
2026-10-03,8485391,10.0,6.0,0.18181818181818182,0.3333333333333333,0.48484848484848486,0.5354488194221646,1.766981104093143,5.1845937322522335,18.788,2.543732166194651,13.23,22.07,10.53864168618267,3.726708074534161,-6.811933611648509,-2.2999999999999994,10,HIGH_D10_DISTRIBUTED
2026-10-03,8485395,7.0,5.0,0.35714285714285715,0.5714285714285714,0.7142857142857143,0.7637626158259734,1.5275252316519468,3.964786576437533,15.91,3.15879196318255,13.13,20.6,7.54242614707731,13.122721749696233,5.580295602618922,1.0,8,OTHER
2026-10-03,8485402,10.0,5.0,0.25,0.45,0.65,0.8819171036881969,1.7638342073763937,7.053086906247191,13.135,2.6519353519856232,9.7,18.62,9.135896459840122,0.0,-9.135896459840122,-2.0,10,HIGH_D10_DISTRIBUTED
2026-10-03,8485406,10.0,5.0,0.2631578947368421,0.42105263157894735,0.5789473684210527,0.8020441719763131,1.5238839267549948,5.49337143062272,15.995555555555557,2.1082167293183542,12.45,19.77,7.918866351764379,5.438066465256799,-2.4807998865075795,-1.127007502083912,9,HIGH_D10_DISTRIBUTED
2026-10-03,8485414,10.0,3.0,0.2727272727272727,0.45454545454545453,0.5454545454545454,0.7959954870644664,0.8755950357709131,3.923966626608367,13.306000000000001,3.149847262610963,6.22,18.08,4.96016834510747,20.979020979020977,16.018852633913507,3.9,5,OTHER
2026-10-03,8485702,10.0,4.0,0.23529411764705882,0.47058823529411764,0.5882352941176471,0.834197936713045,1.4181364924121764,6.44616118660162,12.829000000000002,3.4077703691547185,7.2,18.13,7.950736612362616,0.0,-7.950736612362616,-1.7,9,HIGH_D10_DISTRIBUTED
2026-10-03,8486067,4.0,3.0,0.5,0.6666666666666666,0.8333333333333334,0.6666666666666666,1.0,2.4702910014950468,17.07,2.4721515595394488,15.32,20.65,5.272407732864675,4.699738903394255,-0.5726688294704196,-0.5,6,OTHER
2026-10-03,8486103,4.0,4.0,0.5,0.875,1.0,0.9128709291752769,1.8257418583505538,5.530832588801469,16.215,4.129515710104516,13.58,22.28,7.400555041628122,0.0,-7.400555041628122,-2.0,8,OTHER
2026-10-03,8486161,6.0,2.0,0.4,0.6,0.8,0.9033271832508971,0.752772652709081,4.036673888950545,13.065,3.201754206681082,8.37,17.8,3.827018752391887,12.887828162291168,9.060809409899282,2.166666666666667,3,OTHER
2026-10-03,8486171,4.0,3.0,0.42857142857142855,0.7142857142857143,1.0,0.7190318509781666,1.2583057392117916,4.923543891024105,16.2,2.0793107832484625,13.58,18.37,6.481481481481482,6.020066889632106,-0.46141459184937617,0.25,7,OTHER
2026-10-04,8473419,10.0,4.0,0.23529411764705882,0.4117647058823529,0.5882352941176471,0.7362738570791603,1.2516655570345725,4.698379734887476,14.113000000000003,2.504085772403884,10.92,18.82,7.227379012258202,13.670886075949369,6.443507063691167,1.3,8,OTHER
2026-10-04,8473986,10.0,3.0,0.1875,0.3125,0.4375,0.5270462766947298,0.8432740427115678,2.8695887421480193,17.057,2.004417621155831,14.37,20.4,5.628187840769185,0.0,-5.628187840769185,-1.6,6,OTHER
2026-10-04,8474150,10.0,5.0,0.23809523809523808,0.38095238095238093,0.5238095238095238,0.6525334854315704,1.3703203194062978,5.414993568751786,17.895999999999997,2.202565171188661,15.27,21.67,7.040679481448368,19.650655021834062,12.609975540385694,2.9,8,OTHER
2026-10-04,8474189,10.0,2.0,0.4,0.6,0.8,1.4142135623730951,0.7071067811865476,3.1322098386660855,12.889000000000001,2.996696143718575,6.13,16.52,2.3275661416711926,10.404624277456648,8.077058135785455,1.5,1,OTHER
2026-10-04,8474568,10.0,2.0,0.4,0.8,1.0,1.699673171197595,0.8498365855987975,4.119400049216992,13.386999999999997,2.3903605027972943,8.07,16.52,2.240980055277508,0.0,-2.240980055277508,-0.5,1,OTHER
2026-10-04,8474586,10.0,4.0,0.25,0.5,0.625,0.9409658158863513,1.5055453054181622,5.199056264721141,17.584000000000003,1.7992171136975714,15.02,20.9,5.45950864422202,8.540925266903914,3.0814166226818935,0.3999999999999999,6,OTHER
2026-10-04,8475179,10.0,2.0,0.2222222222222222,0.4444444444444444,0.5555555555555556,0.8198497637473576,0.7378647873726218,2.474356796240938,17.169000000000004,3.2590845681298646,11.77,21.98,3.14520356456404,0.0,-3.14520356456404,-0.9,2,OTHER
2026-10-04,8475188,10.0,3.0,0.2727272727272727,0.45454545454545453,0.5454545454545454,0.7959954870644664,0.8755950357709131,2.720440686883606,19.583999999999996,1.4430769595247201,17.95,22.57,3.3700980392156863,3.1578947368421053,-0.21220330237358098,-0.10000000000000009,2,OTHER
2026-10-04,8475279,10.0,2.0,0.15384615384615385,0.3076923076923077,0.46153846153846156,0.37157376272280607,0.4830458915396479,1.4384692421031313,19.951,2.508658118507892,15.72,24.0,3.9095784672447498,3.451581975071908,-0.45799649217284166,-0.30000000000000004,3,OTHER
2026-10-04,8475314,10.0,4.0,0.14814814814814814,0.2962962962962963,0.4074074074074074,0.3923518168412519,1.0593499054713802,4.607905493229621,15.168000000000001,1.9714168621690453,12.12,17.62,10.680379746835444,4.621309370988447,-6.059070375846996,-1.7000000000000002,10,HIGH_D10_DISTRIBUTED
2026-10-04,8475343,10.0,2.0,0.2,0.4,0.6,0.9428090415820634,0.9428090415820634,4.6704433597429365,11.867,1.3147627584895727,8.4,12.97,5.056037751748546,5.365126676602086,0.30908892485354045,0.0,5,OTHER
2026-10-04,8475462,10.0,2.0,0.2857142857142857,0.42857142857142855,0.5714285714285714,0.96421222530079,0.674948557710553,3.14194647440079,12.350000000000001,3.6268811211103493,7.08,18.57,3.4008097165991904,0.0,-3.4008097165991904,-0.7,3,OTHER
2026-10-04,8475753,10.0,6.0,0.2727272727272727,0.45454545454545453,0.5909090909090909,0.8243315459839662,1.8135294011647258,4.776468085541817,20.057,3.936947633213664,10.82,23.67,6.581243456149973,9.215017064846416,2.633773608696443,0.7999999999999998,7,OTHER
2026-10-04,8475798,10.0,3.0,0.23076923076923078,0.46153846153846156,0.6923076923076923,1.1495647062287127,1.4944341180973264,4.067549671576407,19.551000000000002,2.8400095852733385,15.55,23.58,3.989565751112475,5.329385640266469,1.3398198891539943,0.7,3,OTHER
2026-10-04,8475799,10.0,4.0,0.26666666666666666,0.5333333333333333,0.7333333333333333,1.0999438818457405,1.6499158227686108,7.522271228536882,12.792,1.592564668144507,11.33,16.78,7.0356472795497185,0.0,-7.0356472795497185,-1.5,8,OTHER
2026-10-04,8475848,10.0,4.0,0.3076923076923077,0.5384615384615384,0.6923076923076923,1.0908742249324435,1.4181364924121764,8.439546304950309,10.578,1.2691274342809094,8.3,12.05,7.37379466817924,7.929515418502203,0.5557207503229629,-0.30000000000000004,8,OTHER
2026-10-04,8475913,10.0,4.0,0.17391304347826086,0.34782608695652173,0.5217391304347826,0.6165810836574681,1.4181364924121764,4.3229620593773275,18.692,1.554861908838066,16.1,20.65,7.382837577573293,9.113924050632912,1.7310864730596194,0.7000000000000002,8,OTHER
2026-10-04,8476331,10.0,1.0,0.14285714285714285,0.2857142857142857,0.42857142857142855,0.6900655593423543,0.48304589153964794,1.3958825184637254,21.732,1.7978369719687546,17.95,23.6,1.9326339039204856,0.0,-1.9326339039204856,-0.7,1,OTHER
2026-10-04,8476389,10.0,4.0,0.3076923076923077,0.5384615384615384,0.6923076923076923,1.0908742249324435,1.4181364924121764,4.550613677084374,18.511000000000003,1.0927483190968033,17.05,20.32,4.213710766571228,6.679035250463823,2.465324483892595,0.7000000000000002,4,OTHER
2026-10-04,8476392,10.0,2.0,0.25,0.5,0.625,0.9860132971832694,0.7888106377466155,3.001864804511017,15.245000000000001,1.4622984191561812,13.05,17.45,3.148573302722204,0.0,-3.148573302722204,-0.8,2,OTHER
2026-10-04,8476448,10.0,5.0,0.2631578947368421,0.42105263157894735,0.5789473684210527,0.7627040392731284,1.4491376746189437,5.123135773518002,15.871999999999996,4.32305139147493,5.05,20.22,7.182459677419355,6.545454545454546,-0.6370051319648091,0.10000000000000009,8,OTHER
2026-10-04,8476457,10.0,4.0,0.2857142857142857,0.5714285714285714,0.7142857142857143,1.075389503870116,1.5055453054181622,4.142182081635352,20.179000000000002,2.054552938665192,17.25,23.65,4.162743446156896,2.7607361963190185,-1.4020072498378777,-0.3999999999999999,4,OTHER
2026-10-04,8476458,10.0,4.0,0.23529411764705882,0.4117647058823529,0.5294117647058824,0.7362738570791603,1.2516655570345725,4.778453425156155,14.249,1.7563184348074368,11.57,16.15,7.158397080496877,0.0,-7.158397080496877,-1.7,8,OTHER
2026-10-04,8476459,10.0,3.0,0.16666666666666666,0.3333333333333333,0.4444444444444444,0.43822813208145306,0.7888106377466155,2.322443228278982,19.61,2.060647147540468,14.95,21.7,5.50739418663947,0.0,-5.50739418663947,-1.8,6,OTHER
2026-10-04,8476460,10.0,4.0,0.25,0.4375,0.5625,0.7905694150420948,1.2649110640673518,3.4705354157882913,21.522,1.4104199532211827,18.75,23.13,4.460551993309172,6.629834254143646,2.169282260834474,0.3999999999999999,4,OTHER
2026-10-04,8476467,10.0,2.0,0.2857142857142857,0.5714285714285714,0.7142857142857143,1.1761037176408067,0.8232726023485646,2.7991610265649305,18.782999999999998,2.5785743261646643,14.13,23.63,2.236064526433477,0.0,-2.236064526433477,-0.6999999999999998,1,OTHER
2026-10-04,8476468,10.0,3.0,0.17647058823529413,0.29411764705882354,0.4117647058823529,0.4842780013815086,0.8232726023485646,2.7074222500541976,17.256,2.1077223093503883,14.97,20.85,5.910987482614742,2.93398533007335,-2.9770021525413926,-0.7,7,OTHER
2026-10-04,8476480,10.0,4.0,0.26666666666666666,0.4666666666666667,0.6,0.90267093384844,1.35400640077266,5.880683522661852,12.272,3.3185766694640506,3.85,15.93,7.333767926988266,4.562737642585551,-2.7710302844027144,-0.5,8,OTHER
2026-10-04,8476881,10.0,5.0,0.20833333333333334,0.375,0.5416666666666666,0.7136240321480627,1.7126976771553504,6.13047859235277,15.745,1.8026045970576396,12.95,18.53,9.14576055890759,7.280080889787664,-1.8656796691199258,-0.3999999999999999,10,HIGH_D10_DISTRIBUTED
2026-10-04,8476905,10.0,2.0,0.25,0.5,0.625,0.9860132971832694,0.7888106377466155,2.5910042578592822,17.734,1.5507002002679664,15.98,20.37,2.7066651629637986,3.8054968287526423,1.0988316657888437,0.19999999999999984,2,OTHER
2026-10-04,8477220,10.0,2.0,0.3333333333333333,0.5,0.6666666666666666,1.165343164633502,0.6992058987801011,2.532372934395838,18.544,2.0917308091094746,15.5,21.55,1.9413287316652288,7.9470198675496695,6.00569113588444,2.4,1,OTHER
2026-10-04,8477346,10.0,4.0,0.2222222222222222,0.3888888888888889,0.5,0.6307180135528297,1.1352924243950935,3.167899160859878,19.838,1.4352142697172434,17.07,21.87,5.444097187216453,0.0,-5.444097187216453,-1.8,6,OTHER
2026-10-04,8477409,10.0,6.0,0.25,0.4583333333333333,0.5833333333333334,0.7905694150420949,1.8973665961010278,6.122289115255524,18.544999999999998,2.6321400249817843,14.87,22.72,7.764896198436237,9.32642487046632,1.561528672030084,0.5999999999999996,9,HIGH_D10_DISTRIBUTED
2026-10-04,8477416,10.0,4.0,0.2857142857142857,0.5714285714285714,0.7142857142857143,1.1268723396380222,1.577621275493231,6.769997715709173,13.532,2.780866371794549,8.92,19.27,6.2075081288796925,0.0,-6.2075081288796925,-1.4,7,OTHER
2026-10-04,8477429,10.0,3.0,0.17647058823529413,0.29411764705882354,0.4117647058823529,0.3970285633591488,0.674948557710553,2.2626974528264627,18.943,2.2704823276123514,15.22,22.28,5.384574776962467,2.528089887640449,-2.8564848893220174,-0.7000000000000002,6,OTHER
2026-10-04,8477447,10.0,4.0,0.18181818181818182,0.36363636363636365,0.5,0.5160420110886789,1.1352924243950935,3.3651071540694177,21.716,2.6148940917580417,18.77,26.85,6.078467489408731,5.409466566491359,-0.6690009229173723,-0.20000000000000018,7,OTHER
2026-10-04,8477456,10.0,2.0,0.2222222222222222,0.4444444444444444,0.5555555555555556,0.8198497637473576,0.7378647873726218,2.556696309753877,16.251,2.62341359470612,12.57,20.95,3.3228724386191617,9.33852140077821,6.015648962159049,1.1,2,OTHER
2026-10-04,8477495,10.0,2.0,0.18181818181818182,0.2727272727272727,0.36363636363636365,0.28747978728803447,0.31622776601683794,0.6570089480569851,25.416000000000004,2.774964264034163,20.88,29.45,2.596789423984891,8.396501457725948,5.7997120337410575,2.9,2,OTHER
2026-10-04,8477504,10.0,4.0,0.15384615384615385,0.3076923076923077,0.46153846153846156,0.45145684260664126,1.1737877907772674,2.983942627231331,24.169999999999998,2.4945184349333287,20.25,27.87,6.454282167976831,19.489559164733176,13.035276996756345,4.4,7,OTHER
2026-10-04,8477903,10.0,1.0,0.3333333333333333,0.6666666666666666,1.0,1.6101529717988265,0.48304589153964794,2.3648200565904265,10.872,2.5038849813839295,6.05,13.58,1.6556291390728477,6.315789473684211,4.660160334611363,0.7,1,OTHER
2026-10-04,8477919,10.0,4.0,0.23529411764705882,0.4117647058823529,0.5882352941176471,0.834197936713045,1.4181364924121764,6.106038757881169,15.39,2.1575243013952616,11.62,19.08,6.627680311890838,0.0,-6.627680311890838,-1.7,7,OTHER
2026-10-04,8477933,10.0,5.0,0.21739130434782608,0.391304347826087,0.5217391304347826,0.5815189173257647,1.3374935098492586,3.9633403499479765,20.154,2.4267774699977926,15.98,23.55,6.847275974992558,8.065720687079912,1.2184447120873543,0.7000000000000002,8,OTHER
2026-10-04,8477935,10.0,7.0,0.25925925925925924,0.4074074074074074,0.5185185185185185,0.6994674308254466,1.888562063228706,5.57368302794168,18.447,2.3470551288322516,14.88,21.47,8.781915758659945,10.97560975609756,2.193693997437615,1.3000000000000003,9,HIGH_D10_DISTRIBUTED
2026-10-04,8477951,10.0,8.0,0.21621621621621623,0.43243243243243246,0.5405405405405406,0.6376698511418518,2.359378449224852,7.462237809899489,19.743,1.4233376268475453,17.65,22.05,11.244491718583802,10.404624277456648,-0.8398674411271543,-0.6999999999999988,10,HIGH_D10_DISTRIBUTED
2026-10-04,8477955,10.0,4.0,0.21052631578947367,0.42105263157894735,0.5789473684210527,0.7627040392731284,1.4491376746189437,5.308561261619944,15.715,2.139414509730278,12.6,18.5,7.254215717467388,7.643312101910828,0.3890963844434401,0.10000000000000031,8,OTHER
2026-10-04,8477964,10.0,6.0,0.46153846153846156,0.6153846153846154,0.6923076923076923,1.3592162339178024,1.7669811040931431,5.901430236978289,15.416,1.8925303461532952,12.25,18.43,5.0596782563570315,0.0,-5.0596782563570315,-1.3000000000000005,5,OTHER
2026-10-04,8477969,10.0,2.0,0.3333333333333333,0.5,0.6666666666666666,1.165343164633502,0.6992058987801011,1.9334575235664215,21.706,1.335890880440631,19.0,23.6,1.65852759605639,0.0,-1.65852759605639,-0.6,1,OTHER
2026-10-04,8477971,10.0,3.0,0.5,0.6666666666666666,0.8333333333333334,1.6101529717988263,0.9660917830792958,4.191633063212113,12.606999999999998,4.125654291543746,6.22,17.58,2.8555564369001347,0.0,-2.8555564369001347,-0.6,2,OTHER
2026-10-04,8477986,10.0,5.0,0.19230769230769232,0.34615384615384615,0.5,0.5790558866992932,1.5055453054181622,3.691742600189905,23.095000000000002,2.482504335903118,19.72,28.17,6.754708811431046,7.758620689655173,1.0039118782241268,0.3999999999999999,8,OTHER
2026-10-04,8478042,10.0,5.0,0.21739130434782608,0.391304347826087,0.5217391304347826,0.649753964390142,1.4944341180973264,5.884554658903527,15.476000000000003,1.2411750704697369,13.28,17.25,8.917032825019385,8.41121495327103,-0.5058178717483557,0.7000000000000002,9,HIGH_D10_DISTRIBUTED
2026-10-04,8478055,10.0,4.0,0.2,0.35,0.5,0.5270462766947299,1.0540925533894598,2.8192828161254653,22.407999999999998,4.196349736510425,13.97,27.22,5.355230274901821,0.0,-5.355230274901821,-2.0000000000000004,6,OTHER
2026-10-04,8478109,10.0,3.0,0.17647058823529413,0.35294117647058826,0.5294117647058824,0.623147003218459,1.0593499054713802,4.368034893396541,13.837,1.400230536574444,11.97,16.75,7.3715400737154,16.45714285714286,9.085602783427458,2.3,8,OTHER
2026-10-04,8478136,10.0,2.0,0.2857142857142857,0.5714285714285714,0.7142857142857143,1.1761037176408067,0.8232726023485647,2.9879615386144085,17.186,2.642768750130565,11.92,20.92,2.4438496450599323,3.574975173783515,1.1311255287235826,0.30000000000000016,1,OTHER
2026-10-04,8478147,10.0,2.0,0.2222222222222222,0.4444444444444444,0.6666666666666666,0.9728833730787924,0.8755950357709131,5.850364826939784,8.620999999999999,3.3318711793158444,5.27,14.03,6.263774504117852,0.0,-6.263774504117852,-0.9000000000000001,7,OTHER
2026-10-04,8478396,10.0,4.0,0.25,0.4375,0.5625,0.733617369235792,1.1737877907772674,3.119143697926212,20.785,2.7025019272271877,16.53,24.83,4.618715419773875,3.0586236193712826,-1.5600918004025925,-0.6000000000000001,4,OTHER
2026-10-04,8478397,10.0,7.0,0.3181818181818182,0.45454545454545453,0.5454545454545454,0.8517254134881936,1.8737959096740262,5.578378187657894,21.610000000000003,3.553017496907852,17.23,29.05,6.108283202221194,3.488372093023256,-2.619911109197938,-1.2000000000000002,7,OTHER
2026-10-04,8478398,10.0,9.0,0.225,0.375,0.525,0.5773502691896257,2.309401076758503,6.629897446775105,21.161,0.9706864695782167,19.52,22.62,11.341619016114551,14.937759336099585,3.596140319985034,1.0,10,HIGH_D10_DISTRIBUTED
2026-10-04,8478403,10.0,4.0,0.13333333333333333,0.26666666666666666,0.4,0.2721655269759087,0.816496580927726,2.682442850392743,19.938000000000002,1.9017465656601047,17.57,22.62,9.027986758952752,6.040268456375839,-2.987718302576913,-0.9999999999999991,10,HIGH_D10_DISTRIBUTED
2026-10-04,8478407,10.0,5.0,0.25,0.45,0.55,0.7071067811865476,1.4142135623730951,5.377648965306569,20.509,2.311240407707995,15.73,23.83,5.851089765468819,0.0,-5.851089765468819,-2.0,6,OTHER
2026-10-04,8478421,10.0,5.0,0.25,0.45,0.6,0.7817359599705717,1.5634719199411433,6.313507011246873,15.443000000000001,1.3217669150715563,13.35,17.07,7.770510911092404,7.982261640798227,0.2117507297058232,0.0,9,HIGH_D10_DISTRIBUTED
2026-10-04,8478434,10.0,1.0,0.25,0.5,0.75,1.2909944487358056,0.5163977794943223,2.805834868634968,12.193,1.8805853107772352,10.2,16.75,1.9683424915935372,0.0,-1.9683424915935372,-0.4,1,OTHER
2026-10-04,8478444,10.0,3.0,0.14285714285714285,0.2857142857142857,0.42857142857142855,0.4735375838151205,0.9944289260117531,3.0940516945890537,19.423999999999996,2.4058087113391946,14.85,23.13,6.486820428336079,0.0,-6.486820428336079,-2.1,7,OTHER
2026-10-04,8478450,10.0,3.0,0.2727272727272727,0.45454545454545453,0.6363636363636364,0.9040262963743211,0.9944289260117533,3.159199373244602,18.975,1.892078516106325,15.65,21.67,3.4782608695652173,3.4449760765550237,-0.0332847930101936,-0.10000000000000009,3,OTHER
2026-10-04,8478468,10.0,4.0,0.2,0.35,0.5,0.6666666666666666,1.3333333333333333,4.873352329154613,16.197,0.9237730601542059,15.1,17.58,7.408779403593258,0.0,-7.408779403593258,-2.0,8,OTHER
2026-10-04,8478474,10.0,4.0,0.19047619047619047,0.3333333333333333,0.42857142857142855,0.41695001703376816,0.8755950357709131,2.905240440928375,16.616000000000003,2.7990760380287396,11.72,21.02,7.583052479537795,19.565217391304348,11.982164911766553,2.9,8,OTHER
2026-10-04,8478483,10.0,6.0,0.25,0.4166666666666667,0.5416666666666666,0.6573421981221796,1.577621275493231,4.965626318689575,20.041,1.724009860760663,16.85,22.37,7.185270196097999,8.206686930091184,1.0214167339931848,0.6000000000000001,8,OTHER
2026-10-04,8478507,10.0,2.0,0.3333333333333333,0.6666666666666666,0.8333333333333334,1.405456737852613,0.8432740427115678,2.3119847568986085,19.860000000000003,2.013355408267502,17.65,24.43,1.812688821752266,2.841357537490134,1.028668715737868,0.40000000000000013,1,OTHER
2026-10-04,8478831,10.0,2.0,0.25,0.5,0.75,1.1486707293408518,0.9189365834726815,4.3568576936021834,13.732,1.742327944638054,11.13,16.27,3.495484998543548,0.0,-3.495484998543548,-0.8,3,OTHER
2026-10-04,8478859,10.0,4.0,0.25,0.4375,0.5625,0.7905694150420948,1.2649110640673518,3.4913713067946714,20.296,2.1391909166266054,17.02,22.9,4.729996058336618,2.95809367296631,-1.771902385370308,-0.6000000000000001,5,OTHER
2026-10-04,8478882,10.0,4.0,0.3076923076923077,0.46153846153846156,0.6153846153846154,0.8919244682526197,1.1595018087284057,3.303434714270289,22.066000000000003,2.0564381288474927,19.97,26.38,3.534849995468141,9.399477806788513,5.864627811320371,1.7000000000000002,3,OTHER
2026-10-04,8478891,10.0,3.0,0.2727272727272727,0.45454545454545453,0.6363636363636364,0.9040262963743211,0.9944289260117533,4.474030083590788,13.138,3.0042037214543225,8.25,17.22,5.023595676663114,0.0,-5.023595676663114,-1.1,5,OTHER
2026-10-04,8479314,10.0,5.0,0.20833333333333334,0.375,0.5,0.6573421981221796,1.577621275493231,5.643223168771082,17.833000000000002,2.848964919248939,13.32,22.78,8.07491728817361,2.556818181818182,-5.518099106355429,-1.3999999999999995,9,HIGH_D10_DISTRIBUTED
2026-10-04,8479323,10.0,3.0,0.21428571428571427,0.42857142857142855,0.5714285714285714,0.7678340712665287,1.07496769977314,2.5939491426208745,21.785999999999998,3.2973565169693133,17.88,28.17,3.855687138529331,2.77992277992278,-1.075764358606551,-0.3999999999999999,3,OTHER
2026-10-04,8479324,10.0,2.0,0.2857142857142857,0.5714285714285714,0.7142857142857143,1.1761037176408067,0.8232726023485646,3.207360966753936,17.292,2.198639983666671,13.95,20.22,2.4288688410825814,3.2229185317815574,0.794049690698976,0.30000000000000004,1,OTHER
2026-10-04,8479337,10.0,8.0,0.26666666666666666,0.4666666666666667,0.6333333333333333,0.8461970117626564,2.5385910352879693,8.469817122077142,19.069,1.7638748380892686,16.1,22.37,9.439404268708374,10.315186246418339,0.8757819777099645,1.0000000000000004,10,HIGH_D10_DISTRIBUTED
2026-10-04,8479343,10.0,4.0,0.17391304347826086,0.30434782608695654,0.43478260869565216,0.46058691542233926,1.0593499054713802,3.505152198795577,18.869999999999997,2.066677419326866,15.8,22.13,7.313195548489667,6.648199445983379,-0.6649961025062883,-0.2999999999999998,8,OTHER
2026-10-04,8479353,10.0,4.0,0.25,0.4375,0.625,0.843685697138191,1.3498971154211057,5.05670905384772,15.76,1.8782793544447358,11.05,17.28,6.091370558375634,3.474903474903475,-2.616467083472159,-0.6000000000000001,7,OTHER
2026-10-04,8479369,10.0,2.0,0.2857142857142857,0.42857142857142855,0.5714285714285714,0.9642122253007899,0.6749485577105528,2.573053660498726,18.308,2.4858747621980735,13.88,21.58,2.2940790911077125,12.796208530805687,10.502129439697974,2.3,1,OTHER
2026-10-04,8479410,10.0,6.0,0.23076923076923078,0.38461538461538464,0.5,0.658729875828981,1.7126976771553506,4.067854066943373,24.287,1.4696942236775346,22.02,26.57,6.423189360563264,7.547169811320755,1.1239804507574904,0.3999999999999999,7,OTHER
2026-10-04,8479425,10.0,6.0,0.2857142857142857,0.5238095238095238,0.6666666666666666,0.9642122253007896,2.0248456731316584,4.0888269015092895,26.062,2.5579801059082192,23.03,30.92,4.834625124702632,2.271293375394322,-2.5633317493083103,-1.1,5,OTHER
2026-10-04,8479619,10.0,3.0,0.2,0.4,0.5333333333333333,0.6478835438717,0.97182531580755,4.308843696741042,13.544999999999998,1.008268592962984,12.05,15.18,6.644518272425249,9.436435124508517,2.7919168520832676,0.5,7,OTHER
2026-10-04,8479983,10.0,3.0,0.21428571428571427,0.42857142857142855,0.5714285714285714,0.7678340712665287,1.07496769977314,3.4894092183735177,20.895,2.7179577709089675,16.57,24.45,4.0201005025125625,0.0,-4.0201005025125625,-1.4,3,OTHER
2026-10-04,8479992,10.0,5.0,0.45454545454545453,0.6363636363636364,0.7272727272727273,1.3853490243227224,1.5238839267549948,4.987994630983611,12.837,3.8743402305711645,7.72,18.77,5.141388174807198,14.860681114551085,9.719292939743887,2.9,5,OTHER
2026-10-04,8480009,10.0,4.0,0.2,0.35,0.45,0.4714045207910317,0.9428090415820634,3.3117907395846364,14.226000000000003,2.064532231120002,10.72,17.1,8.435259384226065,8.421052631578947,-0.014206752647117682,-4.440892098500626e-16,9,HIGH_D10_DISTRIBUTED
2026-10-04,8480012,10.0,3.0,0.3,0.5,0.6,0.9428090415820634,0.9428090415820634,3.188362119609306,18.565,2.128297441618534,14.3,22.4,3.2318879612173443,8.787632221318145,5.5557442601008,2.0,2,OTHER
2026-10-04,8480014,10.0,3.0,0.16666666666666666,0.3333333333333333,0.5,0.5105203241514897,0.9189365834726815,3.685973235722564,17.716,2.262010904777723,14.48,23.05,6.096184240234816,8.172531214528945,2.076346974294129,0.1999999999999995,7,OTHER
2026-10-04,8480028,10.0,5.0,0.21739130434782608,0.43478260869565216,0.5652173913043478,0.7114746497758596,1.636391694484477,6.099070525891547,16.067,1.6638980337348397,12.8,19.18,8.589033422543102,10.084033613445378,1.4950001909022763,0.7000000000000002,9,HIGH_D10_DISTRIBUTED
2026-10-04,8480049,10.0,4.0,0.2857142857142857,0.5,0.6428571428571429,0.96421222530079,1.349897115421106,3.917506245321981,22.491,2.481811390452098,18.78,26.87,3.734827264239029,0.0,-3.734827264239029,-1.4,3,OTHER
2026-10-04,8480068,10.0,4.0,0.25,0.4375,0.5625,0.7905694150420948,1.2649110640673518,5.491371789995354,15.373000000000001,2.1303471287301723,12.02,18.52,6.244714759643531,4.022346368715084,-2.2223683909284473,-0.6000000000000001,7,OTHER
2026-10-04,8480113,10.0,4.0,0.21052631578947367,0.3684210526315789,0.5263157894736842,0.7627040392731284,1.4491376746189437,4.750623906934364,16.270999999999997,3.461568205950078,9.88,20.75,7.006330280867801,5.113636363636364,-1.892693917231437,-0.8999999999999999,8,OTHER
2026-10-04,8480145,10.0,5.0,0.38461538461538464,0.5384615384615384,0.6923076923076923,1.2054009511326316,1.5670212364724212,3.880678813558654,23.018,2.522674066232982,18.83,27.27,3.388652359023373,7.536636427076064,4.147984068052692,1.7,2,OTHER
2026-10-04,8480185,10.0,3.0,0.2,0.4,0.5333333333333333,0.6478835438717,0.97182531580755,3.1230515397191074,16.369999999999997,2.7654294422385832,12.45,20.38,5.497861942577886,0.0,-5.497861942577886,-1.5,6,OTHER
2026-10-04,8480289,10.0,4.0,0.3333333333333333,0.5,0.6666666666666666,1.0243938285880985,1.2292725943057181,4.237712608887039,14.166,2.067140805826036,11.45,18.37,5.082592121982211,3.377110694183865,-1.7054814277983459,-0.19999999999999996,5,OTHER
2026-10-04,8480434,10.0,6.0,0.4,0.5333333333333333,0.6666666666666666,1.186342028003479,1.7795130420052185,6.352201893241385,18.377,4.190014717555695,9.77,23.53,4.897426130489198,0.0,-4.897426130489198,-1.5,5,OTHER
2026-10-04,8480727,10.0,2.0,0.2857142857142857,0.42857142857142855,0.5714285714285714,0.9642122253007899,0.6749485577105528,1.7339591130087406,22.211000000000002,4.549628678377073,14.6,29.87,1.8909549322407817,0.0,-1.8909549322407817,-0.7,1,OTHER
2026-10-04,8480797,10.0,3.0,0.2,0.4,0.5333333333333333,0.6478835438717,0.97182531580755,3.529245516609015,16.433999999999997,1.2196192484177637,14.58,18.52,5.47645125958379,14.243323442136496,8.766872182552707,2.5,6,OTHER
2026-10-04,8480801,10.0,7.0,0.22580645161290322,0.45161290322580644,0.6129032258064516,0.8252294130903179,2.5582111805799856,9.74345928190172,15.280999999999997,3.090966946873853,9.67,19.62,12.171978273673188,14.968814968814968,2.7968366951417796,0.8999999999999999,10,HIGH_D10_DISTRIBUTED
2026-10-04,8480813,10.0,2.0,0.25,0.5,0.75,1.1486707293408518,0.9189365834726815,3.603697237497287,13.806000000000001,3.0702775842657033,10.1,19.47,3.4767492394611037,27.06766917293233,23.590919933471227,0.19999999999999996,3,OTHER
2026-10-04,8480849,10.0,4.0,0.2857142857142857,0.5,0.6428571428571429,1.0213147899774866,1.429840705968481,6.016503324256474,13.799000000000001,4.978925475329882,0.28,17.53,6.087397637509964,4.511278195488721,-1.576119442021243,-0.3999999999999999,7,OTHER
2026-10-04,8480855,10.0,3.0,0.42857142857142855,0.7142857142857143,0.8571428571428571,1.5133570078162575,1.0593499054713802,4.4678414083711715,13.213999999999999,3.064209885471657,9.0,18.6,3.1784471015589526,10.682492581602375,7.504045480043422,1.3,2,OTHER
2026-10-04,8480860,10.0,2.0,0.6666666666666666,1.0,1.0,2.249828525701843,0.6749485577105528,1.8843752711976642,20.639,6.98384397496584,1.25,26.1,0.87213527787199,0.0,-0.87213527787199,-0.2999999999999999,1,OTHER
2026-10-04,8480876,10.0,5.0,0.625,0.75,0.875,1.9364916731037085,1.5491933384829668,14.71979212782572,7.316999999999998,1.7472076134347758,5.32,9.9,6.5600656006560065,7.725321888412017,1.1652562877560104,0.19999999999999996,7,OTHER
2026-10-04,8481024,10.0,4.0,0.2222222222222222,0.4444444444444444,0.5555555555555556,0.7768954430890012,1.3984117975602022,4.763673637489568,15.104000000000003,2.1820948141127547,11.93,18.15,7.15042372881356,8.877928483353884,1.7275047545403242,0.20000000000000018,8,OTHER
2026-10-04,8481028,10.0,2.0,0.25,0.5,0.625,0.9860132971832694,0.7888106377466155,4.008325543941552,10.634,1.9815998026286181,7.97,12.77,4.513823584728231,4.444444444444445,-0.069379140283786,0.19999999999999984,4,OTHER
2026-10-04,8481032,10.0,4.0,0.36363636363636365,0.6363636363636364,0.7272727272727273,1.245745744914816,1.3703203194062976,6.719090304718716,11.937,2.046075104519219,8.9,16.2,5.529027393817542,6.394316163410302,0.8652887695927598,0.8999999999999999,6,OTHER
2026-10-04,8481068,10.0,3.0,0.25,0.5,0.6666666666666666,0.9460770203292445,1.1352924243950933,5.001181728210998,15.216999999999999,1.587297143644574,12.3,17.23,4.731550239863311,3.9003250270855903,-0.8312252127777207,-0.1999999999999995,5,OTHER
2026-10-04,8481538,4.0,1.0,1.0,1.0,1.0,2.0,0.5,2.197802197802198,16.115,3.0797673072273923,13.28,19.15,0.930809804529941,0.0,-0.930809804529941,-0.2499999999999999,1,OTHER
2026-10-04,8481542,10.0,7.0,0.2916666666666667,0.4583333333333333,0.5833333333333334,0.8606629658238704,2.065591117977289,5.1449838869301665,25.225,3.6135370483779456,16.85,29.55,5.708622398414271,7.008436080467228,1.2998136820529567,0.6000000000000001,6,OTHER
2026-10-04,8481554,10.0,1.0,0.3333333333333333,0.6666666666666666,1.0,1.6101529717988263,0.4830458915396479,1.9643909067567558,14.484,1.7967328373714575,12.43,18.15,1.2427506213753108,0.0,-1.2427506213753108,-0.2999999999999999,1,OTHER
2026-10-04,8481604,10.0,5.0,0.15625,0.3125,0.46875,0.4370036867375632,1.3984117975602022,5.745337118516498,16.723000000000003,1.6608903234911894,13.73,20.12,11.481193565747772,10.027855153203342,-1.4533384125444293,-0.19999999999999973,10,HIGH_D10_DISTRIBUTED
2026-10-04,8481605,10.0,3.0,0.23076923076923078,0.38461538461538464,0.5384615384615384,0.7297563831157798,0.9486832980505138,2.290896559765045,23.740000000000002,2.514098026905254,20.77,29.62,3.2855939342881215,0.0,-3.2855939342881215,-1.2999999999999998,2,OTHER
2026-10-04,8481607,10.0,2.0,0.3333333333333333,0.5,0.6666666666666666,1.165343164633502,0.6992058987801011,3.00891344881722,15.547,3.0964318174311547,10.52,20.92,2.315559271885251,4.7556142668428,2.4400549949575487,0.4,1,OTHER
2026-10-04,8481754,10.0,3.0,0.2727272727272727,0.5454545454545454,0.6363636363636364,1.0004590314678288,1.1005049346146119,5.281834745161045,12.856,1.8835852338912975,10.35,15.98,5.133789670192906,0.0,-5.133789670192906,-1.1,5,OTHER
2026-10-04,8481789,10.0,3.0,0.375,0.625,0.75,1.2909944487358054,1.0327955589886444,4.021874506193839,14.148,2.243958803345354,9.73,17.03,3.392705682782019,7.843137254901961,4.450431572119943,1.2000000000000002,2,OTHER
2026-10-04,8482055,10.0,3.0,0.15,0.3,0.45,0.5270462766947299,1.0540925533894598,3.7012848074874567,16.74,1.6563480578938987,13.38,18.67,7.168458781362007,10.90909090909091,3.7406321277289027,1.0,8,OTHER
2026-10-04,8482073,10.0,3.0,0.23076923076923078,0.46153846153846156,0.6153846153846154,0.8919244682526197,1.1595018087284057,3.53049840023188,18.098000000000003,2.505211457032009,14.78,22.58,4.309868493756216,0.0,-4.309868493756216,-1.3,4,OTHER
2026-10-04,8482074,10.0,3.0,0.25,0.5,0.75,1.165343164633502,1.3984117975602022,6.313516977806736,13.537,2.133510669712663,9.47,16.75,5.3187560020684055,4.30622009569378,-1.0125359063746258,-0.19999999999999996,6,OTHER
2026-10-04,8482078,10.0,4.0,0.2,0.4,0.55,0.7071067811865476,1.4142135623730951,5.068763247805331,18.887,1.7016857654821127,15.95,21.22,6.3535765341240005,5.017421602787456,-1.3361549313365444,0.0,7,OTHER
2026-10-04,8482079,10.0,4.0,0.25,0.4375,0.5625,0.733617369235792,1.1737877907772674,4.360978370569481,17.435,1.8435005951841852,15.02,20.15,5.506165758531689,3.2432432432432434,-2.262922515288446,-0.6000000000000001,6,OTHER
2026-10-04,8482109,10.0,3.0,0.21428571428571427,0.35714285714285715,0.5,0.6023386019368342,0.8432740427115678,3.479227484220252,18.067999999999998,2.71948034251644,15.12,22.17,4.649103387203897,11.042944785276074,6.393841398072177,2.6,5,OTHER
2026-10-04,8482113,10.0,3.0,0.15789473684210525,0.3157894736842105,0.47368421052631576,0.6301152630199289,1.1972189997378648,3.583003951404177,19.363999999999997,1.5952234256610496,16.42,22.08,5.887213385664119,3.418803418803419,-2.4684099668607002,-0.8999999999999999,7,OTHER
2026-10-04,8482118,10.0,5.0,0.2777777777777778,0.5555555555555556,0.6666666666666666,1.0409977275966813,1.8737959096740262,8.049772516884868,11.337,2.212464940086308,8.18,14.52,9.526329716856312,0.0,-9.526329716856312,-1.8,10,HIGH_D10_CONCENTRATED
2026-10-04,8482149,10.0,4.0,0.3076923076923077,0.46153846153846156,0.6153846153846154,0.8919244682526197,1.1595018087284057,4.0198887330109585,16.494,2.5362535800314254,12.38,20.57,4.728992360858494,6.990291262135922,2.261298901277428,0.7000000000000002,5,OTHER
2026-10-04,8482157,10.0,6.0,0.25,0.375,0.5,0.7401618108041238,1.776388345929897,7.975952097730257,15.3,2.1446419022505574,12.97,21.0,9.411764705882351,8.51063829787234,-0.9011264080100112,-0.3999999999999999,10,HIGH_D10_DISTRIBUTED
2026-10-04,8482165,10.0,2.0,0.16666666666666666,0.3333333333333333,0.5,0.6573421981221796,0.7888106377466155,2.608014274388141,18.558,2.1731584796737162,16.77,24.07,3.87972841901067,9.215017064846416,5.335288645835746,1.8000000000000005,3,OTHER
2026-10-04,8482259,10.0,8.0,0.24242424242424243,0.36363636363636365,0.45454545454545453,0.5354488194221646,1.766981104093143,5.339647564770763,17.821,1.7555464486402328,14.68,20.45,11.11048762695696,23.300970873786408,12.190483246829448,2.7,10,HIGH_D10_DISTRIBUTED
2026-10-04,8482408,10.0,3.0,0.2727272727272727,0.5454545454545454,0.7272727272727273,1.0883809088526044,1.1972189997378648,7.842817312040269,9.017,2.4941355661275155,5.3,13.87,7.319507596761673,7.563025210084033,0.24351761332236066,-0.10000000000000009,8,OTHER
2026-10-04,8482459,4.0,0.0,,,,,0.0,0.0,12.5075,5.284489095456627,5.97,17.28,0.0,0.0,0.0,0.0,1,OTHER
2026-10-04,8482665,10.0,3.0,0.2727272727272727,0.5454545454545454,0.7272727272727273,1.0883809088526044,1.1972189997378648,3.907433368868269,17.666999999999998,2.611887567769078,13.6,21.28,3.735778570215656,0.0,-3.735778570215656,-1.1,3,OTHER
2026-10-04,8482679,10.0,5.0,0.22727272727272727,0.36363636363636365,0.5,0.6707861703387471,1.4757295747452437,4.741858886229946,16.384,1.547213983620595,13.57,19.25,8.056640625,13.61573373676248,5.559093111762481,2.8,9,HIGH_D10_DISTRIBUTED
2026-10-04,8482691,10.0,3.0,0.2,0.4,0.6,0.8461970117626564,1.2692955176439846,7.305816824712511,12.57,2.2074721591298343,9.5,16.15,7.159904534606206,0.0,-7.159904534606206,-1.5,8,OTHER
2026-10-04,8482699,10.0,6.0,0.18181818181818182,0.3333333333333333,0.48484848484848486,0.5354488194221646,1.766981104093143,6.167496253048025,17.825,1.887492457674408,14.55,20.78,11.107994389901824,7.619047619047619,-3.4889467708542057,-1.2999999999999998,10,HIGH_D10_DISTRIBUTED
2026-10-04,8482713,10.0,6.0,0.3,0.45,0.6,0.8819171036881969,1.7638342073763937,5.883893394078063,15.673000000000002,3.365016262136699,11.63,20.63,7.656479295603905,9.565987599645705,1.9095083040418004,1.0,9,HIGH_D10_DISTRIBUTED
2026-10-04,8482731,8.0,4.0,0.4444444444444444,0.6666666666666666,0.8888888888888888,1.2957670877434002,1.4577379737113252,4.554436457551419,15.94625,4.605670224222064,9.25,23.37,4.232970134044054,16.289592760180998,12.056622626136944,2.875,4,OTHER
2026-10-04,8482751,10.0,4.0,0.19047619047619047,0.38095238095238093,0.5238095238095238,0.6127066370037709,1.286683937707919,5.418478112343233,14.109,2.3226012715631295,10.67,18.58,8.930469912821604,11.501597444089457,2.5711275312678534,0.8999999999999999,10,HIGH_D10_DISTRIBUTED
2026-10-04,8482765,10.0,3.0,0.25,0.4166666666666667,0.5,0.6573421981221796,0.7888106377466155,2.8726481901488836,12.128,2.6840466960667184,7.82,17.98,5.936675461741425,0.0,-5.936675461741425,-1.2,7,OTHER
2026-10-04,8482858,10.0,2.0,0.25,0.5,0.75,1.1486707293408518,0.9189365834726815,2.536206402312955,20.948999999999998,2.2324348939119267,18.52,25.75,2.291278819991408,2.6726057906458798,0.38132697065447196,0.19999999999999984,1,OTHER
2026-10-04,8482866,3.0,2.0,0.6666666666666666,1.0,1.0,1.0,1.0,5.854946391624559,14.266666666666666,3.821744802224938,10.38,18.02,4.205607476635514,0.0,-4.205607476635514,-1.0,4,OTHER
2026-10-04,8482877,10.0,2.0,0.2,0.4,0.5,0.6666666666666666,0.6666666666666666,3.5883580999583855,11.365,2.4494636601146427,6.3,14.42,5.279366476022878,0.0,-5.279366476022878,-1.0,6,OTHER
2026-10-04,8483395,10.0,3.0,0.3333333333333333,0.5555555555555556,0.7777777777777778,1.222783260682902,1.1005049346146119,5.1747699726790595,12.241000000000001,3.711467065430835,9.33,19.33,4.411404297034556,8.530805687203792,4.1194013901692355,1.1,4,OTHER
2026-10-04,8483431,10.0,5.0,0.2631578947368421,0.42105263157894735,0.5789473684210527,0.7627040392731285,1.449137674618944,4.380163829024309,18.009999999999998,2.3515337784329424,14.75,23.18,6.329816768461965,0.0,-6.329816768461965,-1.9,7,OTHER
2026-10-04,8483445,10.0,5.0,0.14705882352941177,0.29411764705882354,0.4411764705882353,0.4205413841083768,1.4298407059684812,4.444494707462116,15.637,4.862032154014067,3.33,22.05,13.045980686832513,11.52,-1.5259806868325132,0.6000000000000001,10,HIGH_D10_DISTRIBUTED
2026-10-04,8483471,10.0,3.0,0.21428571428571427,0.42857142857142855,0.5714285714285714,0.838419850555191,1.1737877907772674,6.138070222805744,13.027000000000001,2.747160352072663,10.52,17.97,6.448146157979581,11.483253588516746,5.035107430537165,0.6000000000000001,7,OTHER
2026-10-04,8483476,10.0,2.0,0.2222222222222222,0.4444444444444444,0.6666666666666666,0.9728833730787924,0.8755950357709131,3.9545570589443635,12.626,1.713036290722801,11.25,17.27,4.276888959290353,5.7052297939778125,1.428340834687459,0.09999999999999998,4,OTHER
2026-10-04,8483482,10.0,4.0,0.3333333333333333,0.6666666666666666,0.8333333333333334,1.3494397557212354,1.6193277068654823,5.266170499788309,20.817,4.759556585322722,14.83,28.13,3.4587116299178557,2.2556390977443606,-1.2030725321734952,-0.19999999999999996,3,OTHER
2026-10-04,8483490,10.0,2.0,0.15384615384615385,0.3076923076923077,0.46153846153846156,0.5191911982388868,0.6749485577105528,2.3334856643072435,19.723000000000003,1.7424443239949514,17.73,22.1,3.954773614561679,0.0,-3.954773614561679,-1.3,3,OTHER
2026-10-04,8483495,10.0,4.0,0.26666666666666666,0.5333333333333333,0.6666666666666666,0.9558139185602919,1.4337208778404378,4.040467192892757,21.034000000000002,2.4155983845738005,16.67,24.05,4.278786726252734,8.47723704866562,4.198450322412886,1.5,4,OTHER
2026-10-04,8483499,10.0,3.0,0.375,0.5,0.625,1.1486707293408518,0.9189365834726815,3.191959618167276,17.577000000000005,1.3311068911081316,16.15,20.4,2.73084144051886,8.035714285714285,5.304872845195424,1.1999999999999997,2,OTHER
2026-10-04,8483521,3.0,3.0,1.0,1.0,1.0,1.7320508075688772,1.7320508075688772,5.025292478439683,14.576666666666668,5.642573290027638,9.55,20.68,4.1161673908072265,7.523510971786835,3.4073435809796084,1.0,4,OTHER
2026-10-04,8483524,10.0,4.0,0.3333333333333333,0.5833333333333334,0.75,1.1653431646335017,1.398411797560202,5.958021942171347,13.197,3.742361256984389,3.6,16.7,5.45578540577404,4.058624577226607,-1.3971608285474328,-0.1999999999999995,6,OTHER
2026-10-04,8483553,10.0,5.0,0.3333333333333333,0.5333333333333333,0.6666666666666666,1.0061539042374907,1.509230856356236,8.647811724378993,10.518888888888888,2.6651943852393036,7.55,16.88,9.506707510298932,6.581352833638025,-2.9253546766609073,-0.6761909791908736,10,HIGH_D10_CONCENTRATED
2026-10-04,8483609,10.0,5.0,0.4166666666666667,0.5833333333333334,0.75,1.2909944487358058,1.5491933384829668,7.647657877627882,10.753,1.8982041220292643,8.12,13.15,6.695805821631173,15.952732644017729,9.256926822386557,1.8,8,OTHER
2026-10-04,8483678,10.0,2.0,0.2222222222222222,0.4444444444444444,0.6666666666666666,0.9728833730787926,0.8755950357709134,3.4371394872850205,15.677000000000001,1.7105233117382532,13.25,19.12,3.444536582254258,0.0,-3.444536582254258,-0.8999999999999999,3,OTHER
2026-10-04,8483679,5.0,2.0,0.4,0.8,1.0,1.0,1.0,3.190168631612866,18.968,2.8422913291919953,14.93,22.45,3.163222269084774,0.0,-3.163222269084774,-1.0,2,OTHER
2026-10-04,8483690,10.0,2.0,0.18181818181818182,0.36363636363636365,0.5454545454545454,0.7959954870644664,0.8755950357709131,4.180797950755416,14.425999999999998,2.852668146762879,11.07,20.42,4.575072785248857,3.4058656575212867,-1.16920712772757,-0.10000000000000009,4,OTHER
2026-10-04,8483771,10.0,3.0,0.2,0.3333333333333333,0.4666666666666667,0.6478835438717,0.97182531580755,4.847701132546884,12.845000000000002,3.7578310824788868,7.75,20.25,7.006617360840794,17.6039119804401,10.597294619599305,2.5,8,OTHER
2026-10-04,8483890,10.0,3.0,0.25,0.5,0.5833333333333334,0.8606629658238704,1.0327955589886444,5.478035261313623,13.311111111111112,2.4334925746981666,10.23,17.73,6.010016694490818,5.61622464898596,-0.393792045504858,-0.31549248747913183,7,OTHER
2026-10-04,8484136,10.0,4.0,0.3076923076923077,0.5384615384615384,0.7692307692307693,1.2054009511326316,1.5670212364724212,7.1368249135968975,13.700999999999999,2.0640006998276164,10.95,16.62,5.693015108386249,3.658536585365854,-2.0344785230203954,-0.2999999999999998,6,OTHER
2026-10-04,8484153,10.0,6.0,0.16666666666666666,0.3055555555555556,0.4166666666666667,0.39717797388013365,1.4298407059684812,4.767372582060276,18.378000000000004,2.3268758263197267,14.25,21.75,11.753183153770811,2.9363784665579113,-8.8168046872129,-2.5999999999999996,10,HIGH_D10_DISTRIBUTED
2026-10-04,8484160,10.0,2.0,0.4,0.6,0.8,1.4142135623730951,0.7071067811865476,3.772464897836372,12.497,3.051396947847548,8.7,17.45,2.4005761382731854,0.0,-2.4005761382731854,-0.4999999999999999,1,OTHER
2026-10-04,8484180,10.0,2.0,0.2857142857142857,0.42857142857142855,0.5714285714285714,0.96421222530079,0.674948557710553,2.7036905092223473,13.495999999999999,2.760053139585058,7.08,15.82,3.112033195020747,0.0,-3.112033195020747,-0.7,2,OTHER
2026-10-04,8484210,10.0,3.0,0.23076923076923078,0.46153846153846156,0.6153846153846154,0.8148845426702924,1.0593499054713802,3.796874253983586,15.312999999999999,3.1517510124444224,10.77,21.65,5.093711225755894,3.278688524590164,-1.8150227011657298,-0.30000000000000004,5,OTHER
2026-10-04,8484223,10.0,3.0,0.23076923076923078,0.46153846153846156,0.6153846153846154,0.8919244682526197,1.1595018087284057,6.005238585649798,17.081999999999997,3.6528643251259387,9.57,22.68,4.566210045662101,11.52614727854856,6.9599372328864595,1.7,4,OTHER
2026-10-04,8484240,10.0,3.0,0.6,0.8,1.0,1.9436506316151,0.97182531580755,2.753528809561978,20.57,1.1131736412418123,18.75,22.05,1.4584346135148274,2.8526148969889062,1.3941802834740789,0.5,1,OTHER
2026-10-04,8484262,6.0,2.0,0.4,0.8,1.0,1.17983049630021,0.983192080250175,3.027052399047942,18.460000000000004,2.3161347111081425,15.07,20.63,2.7085590465872156,0.0,-2.7085590465872156,-0.8333333333333334,2,OTHER
2026-10-04,8484304,10.0,5.0,0.3333333333333333,0.5333333333333333,0.6666666666666666,1.0061539042374907,1.509230856356236,5.006364593445171,18.216,5.331958572815641,8.63,25.97,4.940711462450593,0.0,-4.940711462450593,-1.5,5,OTHER
2026-10-04,8484386,10.0,2.0,0.2222222222222222,0.4444444444444444,0.6666666666666666,1.1049210289019482,0.9944289260117534,4.026585409928813,14.943999999999999,3.2059812157209464,11.93,21.73,3.613490364025696,0.0,-3.613490364025696,-0.9,3,OTHER
2026-10-04,8484388,10.0,3.0,0.25,0.5,0.6666666666666666,1.0243938285880987,1.2292725943057183,5.72718055077082,12.298,2.0761706202632877,9.13,16.55,5.854610505773296,0.0,-5.854610505773296,-1.2,6,OTHER
2026-10-04,8484471,10.0,3.0,0.375,0.5,0.625,1.1486707293408518,0.9189365834726815,3.3040234842177783,16.653,2.2335972480880844,14.4,22.58,2.882363538101243,7.086614173228346,4.204250635127103,1.2,2,OTHER
2026-10-04,8484762,10.0,6.0,0.24,0.36,0.48,0.5734883511361751,1.4337208778404378,4.211519211578531,17.913999999999998,2.5037669398106708,13.93,21.37,8.373339287707937,8.282208588957054,-0.09113069875088264,0.5,9,HIGH_D10_DISTRIBUTED
2026-10-04,8484768,10.0,4.0,0.15384615384615385,0.3076923076923077,0.46153846153846156,0.5191911982388868,1.349897115421106,4.188251918361138,20.312,2.480021505283103,17.0,23.82,7.680189050807405,5.718824463860206,-1.961364586947199,-0.6000000000000005,9,HIGH_D10_DISTRIBUTED
2026-10-04,8484794,10.0,3.0,0.1875,0.375,0.5625,0.7336173692357919,1.1737877907772671,5.991912033926434,12.721,1.9756318257993097,9.65,16.37,7.546576527002594,18.414322250639387,10.867745723636792,4.4,8,OTHER
2026-10-04,8484798,10.0,3.0,0.1875,0.375,0.5625,0.733617369235792,1.1737877907772674,3.6635847130966908,22.168,2.212162340838082,18.27,25.08,4.330566582461206,0.0,-4.330566582461206,-1.6,4,OTHER
2026-10-04,8484800,10.0,3.0,0.3,0.5,0.6,0.9428090415820634,0.9428090415820634,4.310556493315546,13.920000000000002,2.638956022537869,11.02,19.0,4.310344827586207,9.461235216819974,5.1508903892337665,1.0,4,OTHER
2026-10-04,8484803,5.0,4.0,0.36363636363636365,0.6363636363636364,0.8181818181818182,0.674199862463242,1.4832396974191326,8.67171751447036,12.12,1.548827513529724,10.5,14.08,13.613861386138614,9.690444145356663,-3.9234172407819514,-0.7499999999999996,10,HIGH_D10_CONCENTRATED
2026-10-04,8484860,10.0,4.0,0.23529411764705882,0.4117647058823529,0.5294117647058824,0.6820598874872975,1.1595018087284057,4.453234482762644,16.579,2.5471223414320368,12.17,19.97,6.152361421074854,4.157043879907621,-1.9953175411672328,-0.7,7,OTHER
2026-10-04,8484958,10.0,3.0,0.2727272727272727,0.5454545454545454,0.8181818181818182,1.2457457449148162,1.3703203194062978,6.966126347925165,10.553,2.7711732372969955,6.07,14.67,6.254145740547711,0.0,-6.254145740547711,-1.1,7,OTHER
2026-10-04,8485512,10.0,2.0,0.3333333333333333,0.5,0.6666666666666666,1.165343164633502,0.6992058987801011,2.87568815505057,13.777999999999997,3.229233827258582,9.8,18.72,2.6128610828857597,0.0,-2.6128610828857597,-0.6000000000000001,2,OTHER
2026-10-04,8485957,6.0,1.0,0.5,1.0,1.0,1.549193338482967,0.5163977794943223,1.5165224079067243,16.676666666666666,4.213562230069312,11.43,23.8,1.199280431740955,3.7037037037037037,2.5044232719627484,0.6666666666666667,1,OTHER
2026-10-04,8486025,3.0,2.0,0.5,0.75,1.0,0.4330127018922193,0.5773502691896257,1.9275847511554525,14.409999999999998,1.8823655330461186,12.25,15.7,5.551700208188758,4.49438202247191,-1.0573181857168477,-0.33333333333333304,6,OTHER
2026-10-05,8471215,10.0,6.0,0.24,0.44,0.52,0.6599663291074443,1.6499158227686108,5.35104894115891,17.828,1.0607104537368657,15.78,19.68,8.413731209333632,13.495782567947515,5.082051358613883,1.5000000000000004,9,HIGH_D10_DISTRIBUTED
2026-10-05,8471675,10.0,4.0,0.19047619047619047,0.38095238095238093,0.5238095238095238,0.6900655593423543,1.449137674618944,5.421694640797362,17.875,1.6799619704690403,14.72,19.93,7.048951048951049,15.424164524421593,8.375213475470545,2.9,8,OTHER
2026-10-05,8471724,10.0,4.0,0.4444444444444444,0.7777777777777778,0.8888888888888888,1.6101529717988263,1.4491376746189437,4.588546282854352,19.014,1.5981391957175977,16.1,20.82,2.840012622278321,5.131860299358518,2.291847677080197,1.1,2,OTHER
2026-10-05,8473512,10.0,6.0,0.25,0.4166666666666667,0.5416666666666666,0.6860605019571372,1.6465452046971292,5.528718487294015,15.878,1.8251197829792496,13.97,18.35,9.069152286182138,4.270462633451957,-4.798689652730181,-1.4000000000000004,10,HIGH_D10_DISTRIBUTED
2026-10-05,8473994,10.0,5.0,0.625,0.875,1.0,2.0241596335818532,1.6193277068654826,5.639972812196053,13.005,2.434284060845999,10.05,18.33,3.690888119953864,16.74418604651163,13.053297926557764,3.2,3,OTHER
2026-10-05,8474151,10.0,2.0,0.2857142857142857,0.5714285714285714,0.7142857142857143,1.1761037176408067,0.8232726023485647,2.7882971513998247,18.047,2.2528354972739977,15.77,22.78,2.32725660774644,0.0,-2.32725660774644,-0.7000000000000001,1,OTHER
2026-10-05,8474574,10.0,3.0,0.42857142857142855,0.5714285714285714,0.7142857142857143,1.3552618543578767,0.9486832980505137,2.8938305297082954,17.834,3.6111838625150185,13.22,22.63,2.355052147583268,0.0,-2.355052147583268,-0.7,1,OTHER
2026-10-05,8474578,10.0,4.0,0.2222222222222222,0.3888888888888889,0.5555555555555556,0.7768954430890012,1.3984117975602022,3.809041411784673,20.904000000000003,1.6488325836448314,18.77,23.8,5.1664753157290475,2.5,-2.6664753157290475,-0.8000000000000005,5,OTHER
2026-10-05,8474590,10.0,6.0,0.24,0.4,0.56,0.760116950066092,1.90029237516523,4.848095985928621,22.944,1.9939029286524685,20.27,26.52,6.53765690376569,3.3613445378151257,-3.1763123659505643,-1.4999999999999996,7,OTHER
2026-10-05,8475167,10.0,3.0,0.23076923076923078,0.38461538461538464,0.5384615384615384,0.7297563831157798,0.9486832980505139,3.898772044685465,17.177,4.906820762978815,4.73,22.18,4.540955929440531,3.746097814776275,-0.7948581146642559,-0.30000000000000004,4,OTHER
2026-10-05,8475200,10.0,4.0,0.26666666666666666,0.4666666666666667,0.6,0.8461970117626564,1.2692955176439846,3.449725053327131,19.928,1.4950347450440364,17.92,22.4,4.516258530710558,0.0,-4.516258530710558,-1.5000000000000002,4,OTHER
2026-10-05,8475726,10.0,4.0,0.25,0.4375,0.5625,0.7336173692357919,1.1737877907772671,5.5014525808174435,12.778,2.0913408776827045,9.4,16.02,7.512912818907497,12.781065088757394,5.268152269849897,1.4,8,OTHER
2026-10-05,8475794,10.0,4.0,0.3333333333333333,0.5833333333333334,0.6666666666666666,1.097134314340639,1.3165611772087666,15.32897108561181,14.409,4.988734976591427,1.2,18.58,4.996876951905059,7.287449392712551,2.290572440807492,0.8,5,OTHER
2026-10-05,8476331,10.0,1.0,0.14285714285714285,0.2857142857142857,0.42857142857142855,0.6900655593423541,0.4830458915396479,1.3958825184637254,21.553,1.7831186786701057,17.95,23.6,1.948684637869438,2.678571428571429,0.7298867907019908,0.30000000000000004,1,OTHER
2026-10-05,8476372,10.0,2.0,0.25,0.5,0.625,0.9860132971832694,0.7888106377466155,3.139754087192539,17.603,4.1274852446065085,12.83,26.53,2.7268079304663977,0.0,-2.7268079304663977,-0.8,2,OTHER
2026-10-05,8476392,10.0,2.0,0.25,0.5,0.625,0.9860132971832694,0.7888106377466155,3.001864804511017,15.468,1.2441311113472817,13.72,17.45,3.1031807602792862,3.7934668071654376,0.6902860468861514,0.19999999999999996,2,OTHER
2026-10-05,8476393,10.0,3.0,0.2727272727272727,0.5454545454545454,0.7272727272727273,1.0883809088526044,1.1972189997378648,5.219582828118274,12.28111111111111,2.3179756493783774,7.35,14.67,5.971229530444223,5.471124620060789,-0.5001049103834339,-0.2301728037636841,7,OTHER
2026-10-05,8476453,10.0,3.0,0.13636363636363635,0.2727272727272727,0.4090909090909091,0.417698447033037,0.9189365834726815,2.9315966786436043,21.269,2.34919111374296,16.48,24.12,6.206215618975975,2.7293404094010616,-3.476875209574913,-1.2000000000000002,7,OTHER
2026-10-05,8476460,10.0,4.0,0.25,0.4375,0.5625,0.7905694150420948,1.2649110640673518,3.5353046400475168,21.019,1.6498447738432171,18.1,22.73,4.56729625576859,8.450704225352114,3.8834079695835237,1.4,4,OTHER
2026-10-05,8476461,10.0,4.0,0.4,0.6,0.7,1.247219128924647,1.247219128924647,4.424768867204513,15.279000000000002,1.84944706451535,12.22,17.42,3.92695857058708,3.6180904522613067,-0.30886811832577354,0.0,3,OTHER
2026-10-05,8476480,10.0,4.0,0.25,0.4375,0.5625,0.7905694150420948,1.2649110640673518,5.469024387062655,12.349,3.330273428881045,3.85,15.93,7.773908818527816,21.686746987951807,13.912838169423992,2.4,9,HIGH_D10_DISTRIBUTED
2026-10-05,8476483,10.0,8.0,0.25806451612903225,0.41935483870967744,0.5161290322580645,0.6352281930211583,1.9692073983655907,6.57594207389352,17.904,1.2269492428150583,14.98,19.28,10.388739946380698,5.820533548908649,-4.568206397472048,-1.0999999999999996,10,HIGH_D10_DISTRIBUTED
2026-10-05,8476624,10.0,2.0,0.5,0.75,1.0,1.7480147469502527,0.6992058987801011,3.948264127399318,12.097,1.829134889625269,10.13,15.3,1.9839629660246343,0.0,-1.9839629660246343,-0.4,1,OTHER
2026-10-05,8476854,10.0,2.0,0.2222222222222222,0.4444444444444444,0.6666666666666666,0.9728833730787925,0.8755950357709132,2.436121128738411,20.872000000000003,1.268102694754823,18.62,22.32,2.5871981602146414,6.394316163410302,3.8071180031956606,1.1,2,OTHER
2026-10-05,8476878,10.0,1.0,0.3333333333333333,0.6666666666666666,1.0,1.6101529717988263,0.4830458915396479,1.9544758020130193,14.128,2.942798365879358,7.65,17.72,1.274065685164213,0.0,-1.274065685164213,-0.2999999999999999,1,OTHER
2026-10-05,8476885,10.0,4.0,0.2222222222222222,0.3888888888888889,0.5,0.6307180135528297,1.1352924243950935,3.260686931338867,21.220000000000002,2.950145005852349,18.13,28.53,5.089538171536287,0.0,-5.089538171536287,-1.8,5,OTHER
2026-10-05,8476889,10.0,3.0,0.3,0.5,0.6,0.9428090415820634,0.9428090415820634,4.3478555664790015,12.009,1.8886529591219243,8.32,15.17,4.996252810392206,4.8,-0.1962528103922061,0.0,5,OTHER
2026-10-05,8476902,10.0,3.0,0.3,0.6,0.8,1.247219128924647,1.247219128924647,3.291439696236292,20.809999999999995,2.0730653631759903,18.72,25.05,2.8832292167227296,3.174603174603175,0.2913739578804453,0.0,2,OTHER
2026-10-05,8477365,10.0,3.0,0.2727272727272727,0.45454545454545453,0.6363636363636364,0.9040262963743211,0.9944289260117533,2.7167002070563746,19.98,2.7315115880324505,16.9,24.17,3.3033033033033035,3.1114952463267067,-0.19180805697659675,-0.10000000000000009,2,OTHER
2026-10-05,8477404,10.0,6.0,0.2222222222222222,0.37037037037037035,0.5185185185185185,0.6060709979572136,1.636391694484477,3.8028034037585794,21.577000000000005,2.8007024912411604,18.17,26.63,7.507994623905084,14.0625,6.554505376094916,2.2999999999999994,8,OTHER
2026-10-05,8477496,10.0,5.0,0.38461538461538464,0.5384615384615384,0.6923076923076923,1.2054009511326316,1.5670212364724212,5.839993058206247,17.391,1.7722581326908584,15.88,21.65,4.4850784888735555,7.725321888412019,3.240243399538463,0.7,4,OTHER
2026-10-05,8477498,10.0,5.0,0.3125,0.4375,0.5625,0.8936504412303006,1.429840705968481,3.9329599721160213,21.285000000000004,1.9566538897936048,17.12,24.42,4.510218463706836,8.083832335329342,3.5736138716225065,1.4,4,OTHER
2026-10-05,8477504,10.0,7.0,0.22580645161290322,0.3548387096774194,0.4838709677419355,0.5780507550845424,1.7919573407620815,4.970240632194318,23.538,2.2406288799749454,20.25,26.67,7.902115727759368,0.0,-7.902115727759368,-3.1,9,HIGH_D10_DISTRIBUTED
2026-10-05,8477505,10.0,3.0,0.3,0.5,0.6,0.9428090415820634,0.9428090415820634,2.9188994735153577,19.729,1.8856855517291318,15.67,21.73,3.041208373460388,3.39943342776204,0.3582250543016521,0.0,2,OTHER
2026-10-05,8477507,10.0,3.0,0.2727272727272727,0.5454545454545454,0.7272727272727273,1.0883809088526044,1.1972189997378648,3.6824019798185135,20.289,2.2775300949347153,15.75,23.45,3.2529942333284048,3.053435114503817,-0.19955911882458777,-0.10000000000000009,2,OTHER
2026-10-05,8477845,10.0,5.0,0.5555555555555556,0.6666666666666666,0.7777777777777778,1.6932043630611051,1.5238839267549946,4.821240035057424,18.941000000000003,1.3902873404044536,16.18,20.7,2.8509582387413546,0.0,-2.8509582387413546,-0.9,2,OTHER
2026-10-05,8477948,10.0,3.0,0.16666666666666666,0.3333333333333333,0.5,0.6307180135528295,1.1352924243950933,3.3575003567286648,24.166,2.750107876671992,18.97,27.08,4.469088802449723,2.3936170212765964,-2.0754717811731265,-0.8,4,OTHER
2026-10-05,8477956,10.0,5.0,0.16129032258064516,0.2903225806451613,0.41935483870967744,0.3861996773347951,1.1972189997378648,3.5229833495178102,19.161,2.0288664048894125,16.75,22.07,9.707217786128073,5.7142857142857135,-3.9929320718423593,-1.1000000000000005,10,HIGH_D10_DISTRIBUTED
2026-10-05,8477989,10.0,3.0,0.2,0.4,0.5333333333333333,0.7200822998230957,1.0801234497346435,3.9108589118206614,16.894,2.5710793237255225,12.57,20.75,5.327335148573458,4.166666666666667,-1.1606684819067912,-0.49999999999999956,6,OTHER
2026-10-05,8477998,10.0,2.0,0.18181818181818182,0.36363636363636365,0.5454545454545454,0.7959954870644664,0.8755950357709131,4.103792523143631,12.05,2.5960525589611794,8.38,16.18,5.477178423236515,0.0,-5.477178423236515,-1.1,6,OTHER
2026-10-05,8478010,10.0,4.0,0.23529411764705882,0.4117647058823529,0.5294117647058824,0.6820598874872975,1.1595018087284057,3.8970921979854283,19.399,2.2329922625133403,16.22,22.63,5.2580029898448375,9.917355371900827,4.65935238205599,1.2999999999999998,6,OTHER
2026-10-05,8478020,10.0,2.0,0.2,0.4,0.5,0.6666666666666666,0.6666666666666666,2.095760031562266,17.125555555555554,1.2656926079336082,15.12,19.22,3.8928177512489457,7.627118644067796,3.73430089281885,0.8775060014273666,3,OTHER
2026-10-05,8478173,10.0,2.0,0.3333333333333333,0.5,0.6666666666666666,1.165343164633502,0.6992058987801011,11.547209967684767,7.2700000000000005,3.558198280028813,1.88,13.0,5.502063273727648,0.0,-5.502063273727648,-0.6662998624484182,6,OTHER
2026-10-05,8478398,10.0,9.0,0.21951219512195122,0.36585365853658536,0.5121951219512195,0.5685246743755151,2.330951164939612,6.717612605198999,20.907,0.8739952961988856,19.52,22.45,11.76639403070742,16.37604245640637,4.60964842569895,1.9000000000000004,10,HIGH_D10_DISTRIBUTED
2026-10-05,8478401,10.0,3.0,0.2,0.4,0.5333333333333333,0.7200822998230957,1.0801234497346435,3.825498209613135,15.968,4.087291414997359,4.97,19.55,5.63627254509018,2.995008319467554,-2.641264225622626,-0.5,6,OTHER
2026-10-05,8478416,10.0,4.0,0.3076923076923077,0.46153846153846156,0.5384615384615384,0.8148845426702926,1.0593499054713804,2.9927622099227293,17.159,2.874753902510613,13.62,22.08,4.545719447520252,2.696629213483146,-1.849090234037106,-0.30000000000000004,4,OTHER
2026-10-05,8478420,10.0,3.0,0.23076923076923078,0.46153846153846156,0.6153846153846154,0.8148845426702924,1.0593499054713802,2.852979876864241,20.315,1.950346123127893,17.7,23.92,3.839527442776274,10.246679316888045,6.407151874111771,1.7,3,OTHER
2026-10-05,8478438,10.0,4.0,0.2222222222222222,0.3888888888888889,0.5555555555555556,0.8198497637473576,1.4757295747452437,5.6515696404589,16.184999999999995,1.6082098398184512,14.48,19.93,6.672845227062094,7.894736842105263,1.2218916150431687,0.20000000000000018,8,OTHER
2026-10-05,8478439,10.0,3.0,0.25,0.4166666666666667,0.5833333333333334,0.8606629658238706,1.0327955589886446,4.099500751071272,16.154,1.6543558665938027,14.75,19.58,4.457100408567538,6.2882096069869,1.8311091984193624,0.8,4,OTHER
2026-10-05,8478449,10.0,5.0,0.25,0.4,0.5,0.6666666666666666,1.3333333333333333,5.2417271263114635,16.162000000000003,2.1127643818782382,11.43,19.5,7.424823660438064,3.8668098818474754,-3.5580137785905888,-1.0,8,OTHER
2026-10-05,8478469,10.0,3.0,0.1875,0.3125,0.4375,0.5270462766947298,0.8432740427115678,1.886131859858583,25.153,5.854033841909545,10.35,30.88,3.8166421500417447,2.4776324845147975,-1.3390096655269472,-0.6000000000000001,3,OTHER
2026-10-05,8478519,10.0,3.0,0.2,0.4,0.5333333333333333,0.5665577237325317,0.8498365855987975,2.967286988549448,17.190999999999995,2.204502715403685,14.47,20.47,5.235297539410157,3.6326942482341074,-1.6026032911760493,-0.5,6,OTHER
2026-10-05,8478569,10.0,3.0,0.3,0.5,0.6,0.9428090415820634,0.9428090415820634,3.988636478163945,15.161000000000001,1.514437556029007,12.85,18.32,3.957522590858123,0.0,-3.957522590858123,-1.0000000000000002,3,OTHER
2026-10-05,8478840,10.0,2.0,0.4,0.6,0.8,1.4142135623730951,0.7071067811865476,2.2412930974697165,17.961000000000002,1.9842124102244925,15.3,21.2,1.6702856188408215,0.0,-1.6702856188408215,-0.4999999999999999,1,OTHER
2026-10-05,8478975,10.0,4.0,0.19047619047619047,0.3333333333333333,0.47619047619047616,0.5701042855894595,1.1972189997378648,5.749768401968443,16.559000000000005,3.122792375778803,11.8,22.6,7.609155142218733,3.7037037037037037,-3.9054514385150294,-1.1,9,HIGH_D10_DISTRIBUTED
2026-10-05,8479336,10.0,4.0,0.2857142857142857,0.5,0.5714285714285714,0.838419850555191,1.1737877907772674,5.5877336838278975,11.855555555555554,2.0619536313355296,8.5,15.27,7.872539831302718,5.882352941176471,-1.990186890126247,-0.5491846298031866,9,HIGH_D10_CONCENTRATED
2026-10-05,8479351,10.0,3.0,0.2727272727272727,0.5454545454545454,0.7272727272727273,1.1697126706435625,1.286683937707919,6.096321899142127,15.029,2.1987493920155816,11.32,18.02,4.39150974782088,4.0723981900452495,-0.3191115577756305,-0.10000000000000009,4,OTHER
2026-10-05,8479398,10.0,3.0,0.25,0.5,0.6666666666666666,1.0243938285880987,1.2292725943057183,3.5060117442796686,19.552999999999997,1.7277991781454234,17.0,21.75,3.682299391397739,3.488372093023256,-0.1939272983744833,-0.19999999999999996,3,OTHER
2026-10-05,8479542,10.0,6.0,0.14285714285714285,0.2619047619047619,0.38095238095238093,0.2703077200940699,1.1352924243950935,3.0037564840303426,21.209,1.8241311478192697,17.95,23.67,11.881748314394832,23.781998348472335,11.900250034077503,3.8,10,HIGH_D10_DISTRIBUTED
2026-10-05,8479661,10.0,2.0,0.5,0.75,1.0,1.7480147469502527,0.6992058987801011,3.258937191042147,11.57,2.3136983381590603,8.17,15.27,2.0743301642178045,5.564142194744978,3.4898120305271734,0.5999999999999999,1,OTHER
2026-10-05,8479705,10.0,3.0,0.21428571428571427,0.35714285714285715,0.5,0.6900655593423541,0.9660917830792958,5.999963958451419,10.833,2.076557246983574,7.57,14.48,7.754084741068956,6.805293005671078,-0.9487917353978785,-0.3999999999999999,9,HIGH_D10_DISTRIBUTED
2026-10-05,8479983,10.0,3.0,0.21428571428571427,0.42857142857142855,0.5714285714285714,0.7678340712665287,1.07496769977314,3.4894092183735173,21.266,2.279908380225447,17.97,24.45,3.949967083607637,7.107601184600198,3.1576341009925613,0.6000000000000001,3,OTHER
2026-10-05,8479987,10.0,4.0,0.23529411764705882,0.4117647058823529,0.5294117647058824,0.6820598874872975,1.1595018087284057,4.220937505390141,17.437,1.3401413689939166,14.92,18.95,5.849630096920341,8.585055643879175,2.735425546958833,1.3,6,OTHER
2026-10-05,8479999,10.0,3.0,0.2727272727272727,0.45454545454545453,0.5454545454545454,0.7959954870644664,0.8755950357709131,3.7063519709753034,15.469000000000003,1.3452504929896472,14.02,17.47,4.266597711552136,0.0,-4.266597711552136,-1.1000000000000003,4,OTHER
2026-10-05,8480014,10.0,3.0,0.15789473684210525,0.3157894736842105,0.47368421052631576,0.4608394925110069,0.8755950357709131,3.468865257561536,16.878999999999998,1.483625064945094,14.48,19.42,6.753954618164583,12.543554006968641,5.789599388804058,1.1,8,OTHER
2026-10-05,8480015,10.0,4.0,0.19047619047619047,0.38095238095238093,0.5238095238095238,0.6127066370037709,1.286683937707919,4.744689924608185,16.14,1.6475840899126615,14.15,18.83,7.806691449814126,0.0,-7.806691449814126,-2.1,9,HIGH_D10_DISTRIBUTED
2026-10-05,8480027,10.0,6.0,0.2222222222222222,0.4074074074074074,0.5555555555555556,0.6544374459604233,1.766981104093143,4.536151601673693,19.962,2.742479818623203,16.23,24.87,8.115419296663662,13.50844277673546,5.393023480071799,1.3000000000000003,9,HIGH_D10_DISTRIBUTED
2026-10-05,8480036,10.0,5.0,0.38461538461538464,0.5384615384615384,0.6923076923076923,1.1495647062287127,1.4944341180973264,3.65189942090188,23.158,6.216352628350486,5.75,27.15,3.368166508334053,5.820533548908649,2.4523670405745963,0.7,2,OTHER
2026-10-05,8480049,10.0,3.0,0.3,0.5,0.7,1.0540925533894598,1.0540925533894598,3.258136103987286,22.261999999999997,2.621563570763745,18.78,26.87,2.6951756356122543,2.850356294536817,0.15518065892456256,0.0,2,OTHER
2026-10-05,8480075,10.0,2.0,0.2857142857142857,0.42857142857142855,0.5714285714285714,0.9642122253007899,0.6749485577105528,3.2127473656915164,13.889000000000001,4.125003569022025,5.13,18.88,3.0239758081935344,0.0,-3.0239758081935344,-0.7,2,OTHER
2026-10-05,8480113,10.0,4.0,0.21052631578947367,0.3684210526315789,0.5263157894736842,0.7627040392731285,1.449137674618944,4.635814268838742,15.602,3.641870093479142,9.88,20.75,7.306755544161005,11.538461538461537,4.2317059943005315,0.10000000000000009,8,OTHER
2026-10-05,8480145,10.0,5.0,0.35714285714285715,0.5714285714285714,0.7142857142857143,1.1761037176408067,1.6465452046971292,4.089500017341755,22.899,2.4418956661668507,18.83,27.27,3.6682824577492466,5.980066445182725,2.3117839874334787,0.6000000000000001,3,OTHER
2026-10-05,8480188,10.0,3.0,0.23076923076923078,0.38461538461538464,0.5384615384615384,0.7297563831157798,0.9486832980505138,5.56309177117743,12.597777777777777,2.4147452131528175,9.38,16.73,6.879520197565708,7.18562874251497,0.30610854494926176,0.5893543834891517,8,OTHER
2026-10-05,8480208,10.0,4.0,0.25,0.4375,0.5625,0.7905694150420948,1.2649110640673518,4.606342750707599,16.784444444444446,1.8148010298040331,13.72,18.85,6.35509069244009,7.903402854006586,1.5483121615664963,0.2508672050840728,7,OTHER
2026-10-05,8480220,10.0,4.0,0.2,0.35,0.5,0.5773502691896257,1.1547005383792515,4.821976958635158,14.535,2.2648926881618228,9.22,17.83,8.25593395252838,0.0,-8.25593395252838,-2.0,9,HIGH_D10_DISTRIBUTED
2026-10-05,8480289,10.0,4.0,0.3076923076923077,0.46153846153846156,0.6153846153846154,0.8919244682526197,1.1595018087284057,3.9556225445421256,14.792999999999997,2.1188993474076216,11.45,18.37,5.272764145203813,3.769633507853403,-1.5031306373504099,-0.30000000000000004,6,OTHER
2026-10-05,8480355,10.0,4.0,0.25,0.4375,0.5625,0.733617369235792,1.1737877907772674,4.730150411446498,11.769,2.753355326788672,6.33,15.2,8.157022686719348,0.0,-8.157022686719348,-1.6,9,HIGH_D10_DISTRIBUTED
2026-10-05,8480426,10.0,3.0,0.2,0.4,0.6,0.7856742013183862,1.1785113019775793,4.349034277676598,17.61,4.386826238232425,9.2,24.47,5.1107325383304945,5.48780487804878,0.3770723397182856,-0.5,5,OTHER
2026-10-05,8480748,10.0,3.0,0.25,0.4166666666666667,0.5833333333333334,0.8606629658238706,1.0327955589886446,4.227835110487122,15.993,2.508625342914145,11.82,18.65,4.501969611705121,3.9911308203991136,-0.5108387913060075,-0.19999999999999996,4,OTHER
2026-10-05,8480840,10.0,2.0,0.2857142857142857,0.5714285714285714,0.7142857142857143,1.1761037176408067,0.8232726023485646,4.296470772229628,13.076999999999998,1.9166176805334263,9.63,16.58,3.211745813259922,5.084745762711864,1.872999949451942,0.30000000000000004,2,OTHER
2026-10-05,8480848,10.0,3.0,0.375,0.625,0.75,1.2909944487358056,1.0327955589886446,6.0484011060416245,12.815000000000001,3.675949612760702,8.7,20.08,3.7456106125634023,0.0,-3.7456106125634023,-0.8,3,OTHER
2026-10-05,8480878,10.0,2.0,0.2857142857142857,0.5714285714285714,0.7142857142857143,1.1761037176408067,0.8232726023485646,2.904057509326684,17.086000000000002,2.3556843780287897,13.72,20.43,2.4581528736977645,3.4548944337811895,0.9967415600834251,0.30000000000000016,1,OTHER
2026-10-05,8480891,10.0,3.0,0.25,0.4166666666666667,0.5833333333333334,0.7657804862272346,0.9189365834726815,5.270173341987562,15.350999999999999,5.396969211202401,6.05,22.4,4.690248192300176,2.88,-1.8102481923001763,-0.20000000000000018,5,OTHER
2026-10-05,8480980,10.0,2.0,0.25,0.375,0.5,0.7905694150420948,0.6324555320336759,2.656622840019448,15.171000000000001,1.668748366624253,13.18,18.5,3.1639311844967373,16.252821670428894,13.088890485932156,3.2,2,OTHER
2026-10-05,8480995,10.0,3.0,0.2,0.4,0.5333333333333333,0.7856742013183862,1.1785113019775793,5.490114809126186,13.761000000000001,3.253389514542231,8.35,20.15,6.540222367560497,13.75796178343949,7.2177394158789925,1.5000000000000002,7,OTHER
2026-10-05,8481030,10.0,1.0,0.3333333333333333,0.6666666666666666,1.0,1.6101529717988263,0.4830458915396479,1.4655102943623373,17.357,5.532901689991528,2.9,22.75,1.0370455723915424,0.0,-1.0370455723915424,-0.3,1,OTHER
2026-10-05,8481043,10.0,3.0,0.15789473684210525,0.3157894736842105,0.47368421052631576,0.677202072477852,1.286683937707919,6.12707218408878,13.155000000000001,1.6234411326288096,10.9,16.1,8.665906499429875,7.072691552062869,-1.5932149473670059,-0.8999999999999999,9,HIGH_D10_DISTRIBUTED
2026-10-05,8481122,10.0,4.0,0.2857142857142857,0.42857142857142855,0.5714285714285714,0.9035079029052513,1.2649110640673518,4.209684443985593,17.544444444444444,2.0511284157209118,13.48,19.73,5.319822672577581,0.0,-5.319822672577581,-1.566865104496517,6,OTHER
2026-10-05,8481481,10.0,4.0,0.4444444444444444,0.6666666666666666,0.8888888888888888,1.5225781326736643,1.3703203194062978,5.944534411668558,14.463,1.7637589278457404,10.35,16.73,3.73366521468575,9.836065573770492,6.102400359084742,1.1,3,OTHER
2026-10-05,8481527,10.0,3.0,0.3,0.5,0.6,0.9428090415820634,0.9428090415820634,3.0615164922067484,15.727999999999998,4.0417757373598935,11.57,23.08,3.814852492370295,0.0,-3.814852492370295,-1.0000000000000002,3,OTHER
2026-10-05,8481528,10.0,4.0,0.14814814814814814,0.2962962962962963,0.4444444444444444,0.46357983593873053,1.2516655570345725,4.1268864694578555,17.51777777777778,1.793653936645652,15.85,21.1,10.275275910186478,12.880143112701253,2.604867202514775,1.017429912469872,10,HIGH_D10_DISTRIBUTED
2026-10-05,8481533,10.0,4.0,0.26666666666666666,0.5333333333333333,0.6666666666666666,1.0061539042374907,1.509230856356236,4.738875832647406,18.309,2.625445782254045,13.83,22.88,4.915615271178109,0.0,-4.915615271178109,-1.5,5,OTHER
2026-10-05,8481546,10.0,2.0,0.3333333333333333,0.5,0.6666666666666666,1.1653431646335017,0.699205898780101,1.9834432661913761,22.137999999999998,1.4957480477079763,19.93,24.38,1.6261631583702232,5.102763997165131,3.476600838794908,1.4,1,OTHER
2026-10-05,8481581,10.0,4.0,0.2,0.35,0.5,0.5270462766947299,1.0540925533894598,2.695421902207123,23.425000000000004,2.116660104976706,20.18,26.43,5.122732123799359,0.0,-5.122732123799359,-2.0000000000000004,5,OTHER
2026-10-05,8481582,10.0,6.0,0.3157894736842105,0.5263157894736842,0.631578947368421,0.9752240076973542,1.8529256146249728,7.697110318227942,14.032999999999998,2.20389075147668,10.23,18.12,8.123708401624741,3.9387308533916854,-4.184977548233055,-0.8999999999999999,9,HIGH_D10_CONCENTRATED
2026-10-05,8481596,10.0,4.0,0.21052631578947367,0.42105263157894735,0.5789473684210527,0.8395428851933614,1.5951314818673865,4.593671031486906,18.324444444444442,2.1804765024594457,15.15,21.55,6.912442396313364,6.691449814126394,-0.2209925821869696,-0.13237327188940107,8,OTHER
2026-10-05,8481606,10.0,5.0,0.3333333333333333,0.4666666666666667,0.6,0.9558139185602919,1.4337208778404378,3.4077605288747255,21.781111111111112,2.578911807548121,18.22,26.6,4.591134010100495,2.4177300201477503,-2.1734039899527446,-0.735678212518492,4,OTHER
2026-10-05,8481624,10.0,3.0,0.23076923076923078,0.46153846153846156,0.6153846153846154,0.9628196592573635,1.2516655570345725,4.534115199070512,15.644,2.444441313129308,10.93,18.1,4.985937100485809,3.589232303090728,-1.3967047973950808,-0.3000000000000005,5,OTHER
2026-10-05,8481641,10.0,2.0,0.2222222222222222,0.4444444444444444,0.5555555555555556,0.8198497637473576,0.7378647873726218,3.981173759028778,10.067000000000002,1.53875887938588,7.75,12.9,5.364060792688984,5.65149136577708,0.2874305730880957,0.09999999999999998,6,OTHER
2026-10-05,8481719,10.0,3.0,0.16666666666666666,0.3333333333333333,0.5,0.6829292190587324,1.2292725943057183,4.376983613735069,18.411,3.425464931947195,13.6,25.98,5.866058334691218,7.792207792207791,1.9261494575165736,0.1999999999999995,6,OTHER
2026-10-05,8482095,10.0,6.0,0.4,0.6,0.7333333333333333,1.227262335243029,1.8408935028645435,4.841326590692445,21.518888888888892,7.9604293923827445,1.8,28.18,4.647080084680126,2.569593147751606,-2.07748693692852,-0.6411163319047866,5,OTHER
2026-10-05,8482116,10.0,4.0,0.17391304347826086,0.34782608695652173,0.4782608695652174,0.46058691542233926,1.0593499054713802,3.747181383223438,19.645,2.2791238570019745,16.52,22.85,7.024688215831,9.507042253521124,2.4823540376901247,0.7000000000000006,8,OTHER
2026-10-05,8482142,10.0,4.0,0.2857142857142857,0.5714285714285714,0.7142857142857143,1.0753895038701158,1.505545305418162,3.943360672938146,21.416,2.980854463628396,17.35,25.75,3.922301083302204,0.0,-3.922301083302204,-1.4,3,OTHER
2026-10-05,8482148,10.0,3.0,0.3333333333333333,0.5555555555555556,0.6666666666666666,1.104921028901948,0.9944289260117533,3.6755473440292126,12.751000000000001,3.043369660243213,8.08,18.8,4.234961963767548,5.471124620060789,1.2361626562932413,0.1000000000000002,4,OTHER
2026-10-05,8482149,10.0,4.0,0.3076923076923077,0.46153846153846156,0.6153846153846154,0.89192446825262,1.159501808728406,4.073778838044711,16.154,2.1234259529773523,12.38,19.83,4.828525442614832,12.010008340283568,7.181482897668736,2.7,5,OTHER
2026-10-05,8482159,10.0,4.0,0.18181818181818182,0.36363636363636365,0.5,0.5587602701389628,1.2292725943057181,4.46348449206894,17.523,1.3457674390473267,15.12,18.83,7.532956685499058,12.687224669603523,5.154267984104465,1.7999999999999998,8,OTHER
2026-10-05,8482175,10.0,5.0,0.21739130434782608,0.391304347826087,0.5217391304347826,0.649753964390142,1.4944341180973264,5.079433708435481,16.82,2.43020803864836,13.72,20.63,8.204518430439952,0.0,-8.204518430439952,-2.3,9,HIGH_D10_DISTRIBUTED
2026-10-05,8482177,10.0,4.0,0.6666666666666666,0.8333333333333334,1.0,2.1081851067789197,1.2649110640673518,4.232650276090934,14.818000000000001,1.970582542182782,12.72,18.28,2.429477662302605,0.0,-2.429477662302605,-0.5999999999999999,1,OTHER
2026-10-05,8482201,10.0,2.0,0.2222222222222222,0.4444444444444444,0.6666666666666666,0.9728833730787924,0.8755950357709131,2.9097124258831344,15.988000000000003,2.650475009838383,12.15,19.88,3.377533149862397,7.407407407407407,4.029874257545011,1.1,2,OTHER
2026-10-05,8482475,10.0,4.0,0.16,0.32,0.44,0.4320493798938574,1.0801234497346435,3.5886299588509964,16.415,1.4795062990365704,13.62,18.32,9.137983551629606,0.0,-9.137983551629606,-2.5,10,HIGH_D10_DISTRIBUTED
2026-10-05,8482511,10.0,1.0,0.16666666666666666,0.3333333333333333,0.5,0.8606629658238706,0.5163977794943223,1.8105112960586687,18.713,2.6743973360574365,14.07,21.88,1.9237962913482605,5.709754163362411,3.7859578720141505,1.4,1,OTHER
2026-10-05,8482655,10.0,3.0,0.42857142857142855,0.7142857142857143,1.0,1.656431155326294,1.1595018087284057,3.3757304561847015,19.740000000000002,2.3431650010663407,14.9,22.48,2.127659574468085,10.557184750733137,8.429525176265052,2.3000000000000003,1,OTHER
2026-10-05,8482667,10.0,4.0,0.21052631578947367,0.42105263157894735,0.5789473684210527,0.7212212207401568,1.3703203194062978,5.018568923644616,17.29222222222222,1.4890834242729467,15.05,20.27,7.325065861337788,6.710158434296365,-0.6149074270414232,-0.08092912677504405,8,OTHER
2026-10-05,8482740,10.0,5.0,0.16666666666666666,0.3333333333333333,0.4666666666666667,0.49690399499995325,1.4907119849998598,4.257509672112723,20.195999999999998,2.0676943681308417,16.88,22.83,8.9126559714795,10.746268656716417,1.8336126852369166,0.0,9,HIGH_D10_DISTRIBUTED
2026-10-05,8482758,10.0,3.0,0.3,0.5,0.7,1.0540925533894598,1.0540925533894598,4.10696557513026,13.475,3.145717547538063,10.1,18.15,4.452690166975882,4.444444444444445,-0.008245722531436961,0.0,4,OTHER
2026-10-05,8482765,10.0,3.0,0.25,0.4166666666666667,0.5,0.6573421981221796,0.7888106377466155,2.8726481901488836,12.251000000000001,2.688904981586371,7.82,17.98,5.877071259489021,4.9655172413793105,-0.9115540181097108,-0.19999999999999996,7,OTHER
2026-10-05,8482859,10.0,3.0,0.3333333333333333,0.6666666666666666,0.7777777777777778,1.330243333042072,1.1972189997378648,5.926315820427893,11.462,2.675505352057605,8.15,17.43,4.711219682428895,5.179856115107913,0.468636432679018,0.09999999999999998,5,OTHER
2026-10-05,8483017,4.0,3.0,0.5,0.8333333333333334,1.0,0.8606629658238704,1.2909944487358056,4.462992398399919,17.72,3.159419777955017,14.38,21.75,5.07900677200903,3.2056990204808553,-1.8733077515281744,-0.5,5,OTHER
2026-10-05,8483398,10.0,3.0,0.3,0.5,0.7,1.1547005383792515,1.1547005383792515,3.53302184558435,17.177999999999997,5.33511386945021,5.03,22.4,3.4928396786587497,9.791477787851315,6.298638109192566,1.9999999999999998,3,OTHER
2026-10-05,8483425,10.0,1.0,0.3333333333333333,0.6666666666666666,1.0,1.6101529717988265,0.48304589153964794,1.5372846510666303,16.965000000000003,2.721328311280684,13.7,21.18,1.0610079575596818,0.0,-1.0610079575596818,-0.2999999999999999,1,OTHER
2026-10-05,8483447,10.0,3.0,0.21428571428571427,0.42857142857142855,0.5714285714285714,0.7678340712665287,1.07496769977314,4.594132198638127,12.902000000000001,3.8238078752294378,8.82,19.93,6.510618508758332,10.183875530410186,3.673257021651853,0.6000000000000001,7,OTHER
2026-10-05,8483460,10.0,2.0,0.2222222222222222,0.4444444444444444,0.5555555555555556,0.8198497637473576,0.7378647873726218,3.4438496893012616,13.709999999999999,5.03394725836495,7.4,22.77,4.3763676148796495,3.389830508474576,-0.9865371064050734,0.006491611962071597,4,OTHER
2026-10-05,8483471,10.0,3.0,0.23076923076923078,0.38461538461538464,0.5384615384615384,0.8148845426702926,1.0593499054713804,5.580905566623367,12.921999999999997,2.830802006499218,10.45,17.97,6.036217303822937,4.718217562254258,-1.3179997415686788,-0.30000000000000004,7,OTHER
2026-10-05,8483489,10.0,3.0,0.1875,0.375,0.5625,0.733617369235792,1.1737877907772674,4.47036255825054,16.493000000000002,2.326748088355649,13.63,21.67,5.820651185351362,3.6885245901639347,-2.132126595187427,-0.6000000000000001,6,OTHER
2026-10-05,8483505,10.0,5.0,0.3125,0.5625,0.6875,1.0704360482220938,1.7126976771553504,8.163629110582848,12.924000000000001,2.6446432231546426,7.13,16.7,7.428040854224698,0.0,-7.428040854224698,-1.6,8,OTHER
2026-10-05,8483676,10.0,2.0,0.16666666666666666,0.3333333333333333,0.5,0.6573421981221796,0.7888106377466155,4.372311117032657,10.91111111111111,3.236944718575081,6.63,15.5,7.331975560081466,0.0,-7.331975560081466,-1.2879837067209772,8,OTHER
2026-10-05,8483808,10.0,4.0,0.3076923076923077,0.46153846153846156,0.6153846153846154,0.8919244682526197,1.1595018087284057,4.307959027269285,14.151,3.062658431276114,8.38,19.03,5.511977952088191,4.884667571234736,-0.627310380853455,-0.30000000000000004,6,OTHER
2026-10-05,8484142,10.0,3.0,0.375,0.75,0.875,1.536590742882148,1.2292725943057183,5.544826591171596,13.891111111111112,2.074357999746213,10.08,17.63,3.839385698288274,0.0,-3.839385698288274,-0.8929131338985762,3,OTHER
2026-10-05,8484152,10.0,3.0,0.2,0.4,0.5333333333333333,0.7200822998230957,1.0801234497346435,3.3237599108463787,18.793,2.8704279588010335,14.38,22.72,4.789017187250572,0.0,-4.789017187250572,-1.4999999999999998,5,OTHER
2026-10-05,8484227,10.0,4.0,0.2222222222222222,0.4444444444444444,0.6111111111111112,0.8606629658238705,1.5491933384829668,5.461648734404426,17.815,2.323752951106846,14.17,22.43,6.0623070446253156,0.0,-6.0623070446253156,-1.8000000000000005,7,OTHER
2026-10-05,8484321,10.0,2.0,0.2857142857142857,0.5714285714285714,0.7142857142857143,1.1761037176408067,0.8232726023485646,2.3839250750536167,17.031111111111112,2.8397730738759943,10.7,20.58,2.740083507306889,2.962962962962963,0.2228794556560736,0.21939587682672235,2,OTHER
2026-10-05,8484387,10.0,8.0,0.32,0.48,0.6,0.947511360236793,2.3687784005919825,8.76123524678635,15.460000000000003,1.8138173373670603,13.4,18.27,9.702457956015524,3.5999999999999996,-6.102457956015524,-1.5000000000000004,10,HIGH_D10_DISTRIBUTED
2026-10-05,8484759,8.0,2.0,0.2,0.4,0.6,0.565685424949238,0.7071067811865476,3.1322081105067547,17.157142857142855,4.351297562358897,12.77,25.48,4.995836802664447,4.008908685968819,-0.9869281166956272,-0.4285714285714284,5,OTHER
2026-10-05,8484806,10.0,2.0,0.25,0.5,0.625,0.9860132971832694,0.7888106377466155,2.595338389203128,17.745,2.508041511263763,13.9,21.22,2.7049873203719357,3.6437246963562755,0.9387373759843398,0.19999999999999996,2,OTHER
2026-10-05,8484829,10.0,2.0,0.2,0.4,0.6,0.816496580927726,0.816496580927726,2.8206422398929827,16.358,1.8454135339026618,13.07,19.8,3.667930064800098,0.0,-3.667930064800098,-1.0,3,OTHER
2026-10-05,8484911,10.0,2.0,0.25,0.5,0.625,0.9860132971832694,0.7888106377466155,3.3547589640142865,16.894,2.209073209389957,12.72,20.6,2.841245412572511,0.0,-2.841245412572511,-0.7999999999999999,2,OTHER
2026-10-05,8484938,10.0,6.0,0.3157894736842105,0.5263157894736842,0.6842105263157895,0.9752240076973542,1.8529256146249728,7.664894438046317,13.865,3.0461934351653452,9.9,18.85,8.222142084385142,3.543307086614173,-4.678834997770969,-0.8999999999999999,9,HIGH_D10_CONCENTRATED
2026-10-05,8484994,10.0,4.0,0.23529411764705882,0.4117647058823529,0.5882352941176471,0.7867608881466227,1.3374935098492586,4.79464919627153,14.789999999999997,2.682581675260689,10.42,19.12,6.896551724137931,0.0,-6.896551724137931,-1.7,8,OTHER
2026-10-05,8485395,8.0,5.0,0.29411764705882354,0.47058823529411764,0.6470588235294118,0.6859943405700354,1.4577379737113252,4.256855571355149,15.63625,3.025236413430008,13.13,20.6,8.154129027100488,8.622754491017965,0.4686254639174763,-0.12500000000000044,9,HIGH_D10_DISTRIBUTED
2026-10-05,8485402,10.0,5.0,0.25,0.45,0.65,0.8819171036881969,1.7638342073763937,7.053086906247191,13.191000000000003,2.670336849329854,9.7,18.62,9.097111667045713,0.0,-9.097111667045713,-2.0,10,HIGH_D10_DISTRIBUTED
2026-10-05,8485406,10.0,5.0,0.2777777777777778,0.4444444444444444,0.6111111111111112,0.8606629658238705,1.5491933384829668,5.503577873409971,15.473333333333333,2.685339829518789,11.03,19.77,7.755277897457992,0.0,-7.755277897457992,-2.003317535545024,9,HIGH_D10_DISTRIBUTED
2026-10-05,8485414,10.0,5.0,0.35714285714285715,0.5714285714285714,0.6428571428571429,1.075389503870116,1.5055453054181622,6.36579282898825,13.168000000000001,3.0633235400641423,6.22,18.08,6.37910085054678,6.445837063563115,0.06673621301633492,0.6000000000000003,7,OTHER
2026-10-05,8486025,4.0,2.0,0.4,0.6,0.8,0.4,0.5,1.6506158977511702,14.145,1.6257613601017828,12.25,15.7,5.302226935312832,4.444444444444445,-0.8577824908683871,-0.24999999999999978,6,OTHER
2026-10-05,8486103,5.0,4.0,0.5,0.875,1.0,1.1353688827865593,1.8165902124584952,5.6546257945773775,16.096,3.58615114015012,13.58,22.28,5.964214711729622,4.363636363636363,-1.6005783480932587,-0.6000000000000001,7,OTHER
2026-10-06,8470621,10.0,4.0,0.26666666666666666,0.4666666666666667,0.6666666666666666,0.9558139185602919,1.4337208778404378,7.562045444791961,12.511999999999999,2.2390712360262235,9.17,16.2,7.19309462915601,0.0,-7.19309462915601,-1.5,8,OTHER
2026-10-06,8473419,10.0,4.0,0.21052631578947367,0.3684210526315789,0.5263157894736842,0.677202072477852,1.286683937707919,5.013919844594913,13.953,2.508554475301574,10.92,18.82,8.1702859600086,12.5,4.3297140399914,0.10000000000000009,9,HIGH_D10_DISTRIBUTED
2026-10-06,8473422,10.0,2.0,0.25,0.5,0.75,1.1486707293408518,0.9189365834726815,4.179249044871178,13.338,2.458033541042288,10.13,17.28,3.598740440845704,0.0,-3.598740440845704,-0.8,3,OTHER
2026-10-06,8473512,10.0,6.0,0.25,0.4166666666666667,0.5416666666666666,0.6860605019571372,1.6465452046971292,5.514629058660413,15.826000000000002,1.873298932068475,13.97,18.35,9.098951093137874,0.0,-9.098951093137874,-2.4,10,HIGH_D10_DISTRIBUTED
2026-10-06,8473533,10.0,4.0,0.26666666666666666,0.4666666666666667,0.6,0.8461970117626564,1.2692955176439846,4.34161448077645,16.456,1.615757132464874,13.37,19.1,5.469129800680602,3.5678889990089195,-1.9012408016716829,-0.5,6,OTHER
2026-10-06,8474013,10.0,1.0,0.14285714285714285,0.2857142857142857,0.42857142857142855,0.6900655593423541,0.4830458915396479,1.5437658356532582,17.695999999999998,2.4513860025164,12.67,20.62,2.3734177215189876,3.0560271646859083,0.6826094431669207,0.30000000000000004,1,OTHER
2026-10-06,8474141,10.0,5.0,0.2631578947368421,0.47368421052631576,0.631578947368421,0.8754368385876947,1.66332999331662,5.2545170828766015,18.705000000000002,1.8990011994613263,15.15,21.6,6.094627105052125,5.7370517928286855,-0.35757531222343975,0.10000000000000031,7,OTHER
2026-10-06,8474189,10.0,2.0,0.3333333333333333,0.6666666666666666,0.8333333333333334,1.405456737852613,0.8432740427115678,4.00514482101282,12.784,3.0269684137396906,6.13,16.52,2.816020025031289,0.0,-2.816020025031289,-0.6,2,OTHER
2026-10-06,8474563,10.0,2.0,0.18181818181818182,0.36363636363636365,0.5454545454545454,0.6707861703387471,0.7378647873726218,1.9315590976712362,22.74,2.8883790148339834,19.23,29.33,2.9023746701846966,0.0,-2.9023746701846966,-1.1,2,OTHER
2026-10-06,8474564,10.0,9.0,0.32142857142857145,0.4642857142857143,0.5714285714285714,0.8876834229670119,2.485513584307633,6.571925428990163,18.662,2.9792758255059972,13.68,22.83,9.00225056264066,9.129332206255283,0.12708164361462337,0.20000000000000018,10,HIGH_D10_DISTRIBUTED
2026-10-06,8474567,10.0,1.0,0.25,0.5,0.75,1.2909944487358054,0.5163977794943222,2.4256833974234135,13.868,2.5450946282342173,9.47,16.28,1.7306028266512836,0.0,-1.7306028266512836,-0.4000000000000001,1,OTHER
2026-10-06,8474586,10.0,4.0,0.2857142857142857,0.42857142857142855,0.5714285714285714,0.9035079029052513,1.2649110640673518,4.317177300188137,17.326999999999998,2.1090811585459037,14.05,20.9,4.8479252034397184,0.0,-4.8479252034397184,-1.4,5,OTHER
2026-10-06,8474600,10.0,4.0,0.16,0.32,0.48,0.541602560309064,1.35400640077266,3.298414815035294,24.907,3.756325184124624,15.52,28.15,6.022403340426386,2.2598870056497176,-3.762516334776669,-1.5,7,OTHER
2026-10-06,8474716,10.0,3.0,0.25,0.5,0.6666666666666666,0.9460770203292445,1.1352924243950933,3.5870110750190918,17.705000000000002,1.8660311418146867,14.53,20.1,4.066647839593335,0.0,-4.066647839593335,-1.1999999999999995,3,OTHER
2026-10-06,8475151,10.0,6.0,0.25,0.4166666666666667,0.5416666666666666,0.7401618108041238,1.776388345929897,5.127649980724026,17.595999999999997,3.589002337388174,9.42,22.47,8.18367810866106,7.2216649949849545,-0.9620131136761048,-0.3999999999999999,9,HIGH_D10_DISTRIBUTED
2026-10-06,8475158,10.0,4.0,0.23529411764705882,0.47058823529411764,0.5882352941176471,0.7867608881466227,1.3374935098492586,3.648861448810376,20.637999999999998,1.4529800793923888,17.7,22.17,4.942339373970346,2.535211267605634,-2.407128106364712,-0.7,5,OTHER
2026-10-06,8475166,10.0,5.0,0.21739130434782608,0.391304347826087,0.5217391304347826,0.6813135810749658,1.5670212364724212,6.022831249277987,18.397,1.957419219278282,14.97,21.05,7.501223025493287,19.182948490230906,11.68172546473762,3.7000000000000006,8,OTHER
2026-10-06,8475170,10.0,4.0,0.26666666666666666,0.4666666666666667,0.6666666666666666,0.90267093384844,1.35400640077266,5.011107317992709,17.469,2.1443437224474993,14.45,20.63,5.151983513652756,7.3770491803278695,2.225065666675113,0.5,5,OTHER
2026-10-06,8475171,10.0,2.0,0.25,0.375,0.5,0.7905694150420948,0.6324555320336759,2.3346202278390873,19.515000000000004,2.810089955064705,15.5,23.88,2.4596464258262873,0.0,-2.4596464258262873,-0.8,1,OTHER
2026-10-06,8475179,10.0,2.0,0.25,0.5,0.625,0.9860132971832694,0.7888106377466155,2.6496050072978603,16.846,2.9798031254877673,11.77,21.98,2.8493410898729667,3.2638259292837715,0.4144848394108047,0.19999999999999996,2,OTHER
2026-10-06,8475184,10.0,4.0,0.23529411764705882,0.4117647058823529,0.5294117647058824,0.6820598874872975,1.1595018087284057,4.109648939256899,15.934999999999999,1.8737558835427603,13.52,19.58,6.401004079071227,4.137931034482759,-2.2630730445884684,-0.7000000000000002,7,OTHER
2026-10-06,8475188,10.0,3.0,0.2727272727272727,0.45454545454545453,0.5454545454545454,0.7959954870644664,0.8755950357709131,2.7111212302968655,19.226999999999997,0.9940159846691485,17.95,21.38,3.432672803869558,6.117247238742565,2.684574434873007,0.8999999999999999,3,OTHER
2026-10-06,8475208,10.0,2.0,0.5,0.75,1.0,1.7480147469502527,0.6992058987801011,2.5978405609199604,16.948,2.073653780166786,13.47,20.82,1.416096294548029,4.142692750287687,2.7265964557396583,0.6000000000000001,1,OTHER
2026-10-06,8475220,10.0,2.0,0.18181818181818182,0.36363636363636365,0.5454545454545454,0.6707861703387471,0.7378647873726218,3.7356934802562862,12.077,0.8462078809475704,10.65,13.1,5.464933344373603,4.472049689440994,-0.9928836549326086,-0.10000000000000009,6,OTHER
2026-10-06,8475231,10.0,6.0,0.4,0.6666666666666666,0.8666666666666667,1.414213562373095,2.1213203435596424,9.426015630956579,12.661000000000001,1.4981429244976001,9.48,14.47,7.108443250928047,0.0,-7.108443250928047,-1.5,8,OTHER
2026-10-06,8475279,10.0,2.0,0.15384615384615385,0.3076923076923077,0.46153846153846156,0.37157376272280607,0.4830458915396479,1.4464890826840704,20.117,2.2378911203779928,17.38,24.0,3.8773176915046976,3.2906764168190126,-0.586641274685685,-0.30000000000000004,3,OTHER
2026-10-06,8475287,10.0,4.0,0.19047619047619047,0.38095238095238093,0.5238095238095238,0.6127066370037709,1.286683937707919,4.982869612884727,15.885000000000002,1.6082651108155854,13.77,19.3,7.932011331444759,11.15702479338843,3.2250134619436714,0.9000000000000004,9,HIGH_D10_DISTRIBUTED
2026-10-06,8475314,10.0,4.0,0.16,0.32,0.44,0.4714045207910317,1.1785113019775793,5.000107978264801,14.703999999999999,1.873808955043176,12.12,17.13,10.201305767138194,11.093990755007704,0.8926849878695098,-0.5,10,HIGH_D10_DISTRIBUTED
2026-10-06,8475343,10.0,2.0,0.2222222222222222,0.4444444444444444,0.6666666666666666,0.9728833730787925,0.8755950357709132,4.44333735122453,11.687999999999999,1.2689610798689697,8.4,12.92,4.620123203285421,0.0,-4.620123203285421,-0.9,4,OTHER
2026-10-06,8475455,10.0,2.0,0.25,0.5,0.75,1.1486707293408518,0.9189365834726815,2.8777513680212645,17.978,3.023676202535215,13.22,21.4,2.669929914339749,0.0,-2.669929914339749,-0.8000000000000002,2,OTHER
2026-10-06,8475462,10.0,2.0,0.2857142857142857,0.42857142857142855,0.5714285714285714,0.9642122253007899,0.6749485577105528,3.14194647440079,12.305000000000001,3.5758239143820636,7.08,18.57,3.4132466477041854,4.945054945054945,1.5318082973507599,0.30000000000000004,3,OTHER
2026-10-06,8475690,10.0,1.0,0.25,0.5,0.75,1.2909944487358056,0.5163977794943223,1.6379294646243443,17.490000000000002,4.489461734625507,5.95,21.45,1.37221269296741,0.0,-1.37221269296741,-0.4,1,OTHER
2026-10-06,8475692,10.0,4.0,0.26666666666666666,0.4666666666666667,0.6666666666666666,0.90267093384844,1.35400640077266,4.674872158987286,17.936,1.3239436040355597,15.25,20.03,5.017841213202498,0.0,-5.017841213202498,-1.4999999999999998,5,OTHER
2026-10-06,8475753,10.0,6.0,0.2608695652173913,0.43478260869565216,0.5652173913043478,0.795122708657693,1.8287822299126937,4.867395454096097,19.743000000000002,3.8291282732931964,10.82,23.67,6.989819176416958,9.809264305177111,2.8194451287601527,0.7000000000000006,8,OTHER
2026-10-06,8475764,10.0,3.0,0.2727272727272727,0.45454545454545453,0.6363636363636364,0.9040262963743211,0.9944289260117533,2.516796220846282,20.887999999999998,2.944387504690538,16.78,25.4,3.159708923783991,5.198555956678701,2.0388470328947106,0.8999999999999999,2,OTHER
2026-10-06,8475791,10.0,3.0,0.17647058823529413,0.35294117647058826,0.47058823529411764,0.4842780013815086,0.8232726023485646,3.1536162444111326,15.61111111111111,2.226737773315733,12.52,19.4,7.259786476868327,18.297331639135958,11.03754516226763,2.132661921708185,8,OTHER
2026-10-06,8475913,10.0,4.0,0.18181818181818182,0.36363636363636365,0.5,0.5984368987312575,1.3165611772087666,4.036043849798891,18.707,1.5652834319132816,16.1,20.65,7.056182177794408,15.141955835962143,8.085773658167735,1.7999999999999994,8,OTHER
2026-10-06,8476292,10.0,4.0,0.4,0.6,0.8,1.3333333333333333,1.3333333333333333,6.733369978389551,12.024,2.718411300741667,9.77,18.35,4.990019960079841,5.020920502092051,0.030900542012210153,0.0,5,OTHER
2026-10-06,8476389,10.0,4.0,0.26666666666666666,0.4666666666666667,0.6,0.90267093384844,1.35400640077266,4.348474169461926,18.535000000000004,1.0761995890891036,17.05,20.32,4.855678446182897,4.0723981900452495,-0.7832802561376475,-0.5000000000000002,5,OTHER
2026-10-06,8476393,10.0,3.0,0.3333333333333333,0.5555555555555556,0.6666666666666666,1.1049210289019482,0.9944289260117534,4.580177279400755,11.87,2.1643474767236426,7.35,14.52,5.054759898904802,0.0,-5.054759898904802,-1.0235888795282224,5,OTHER
2026-10-06,8476399,10.0,6.0,0.2,0.3333333333333333,0.43333333333333335,0.4444444444444444,1.3333333333333333,4.900364031545771,17.71,2.830123672209397,13.57,22.67,10.163749294184075,3.3834586466165413,-6.780290647567535,-1.9999999999999996,10,HIGH_D10_DISTRIBUTED
2026-10-06,8476419,10.0,2.0,0.16666666666666666,0.3333333333333333,0.5,0.6573421981221796,0.7888106377466155,3.2655402470165256,15.777000000000001,2.194766755514378,13.12,20.02,4.563605248146035,0.0,-4.563605248146035,-1.2,4,OTHER
2026-10-06,8476422,10.0,3.0,0.23076923076923078,0.38461538461538464,0.5384615384615384,0.6332866171912035,0.8232726023485646,3.664116986027056,14.790000000000001,5.470890644533525,9.12,24.75,5.273833671399594,5.787781350482315,0.5139476790827207,-0.30000000000000004,6,OTHER
2026-10-06,8476441,10.0,4.0,0.23529411764705882,0.47058823529411764,0.5882352941176471,0.7867608881466227,1.3374935098492586,4.322080012448674,17.646,2.4183842172455194,13.28,20.92,5.780346820809249,9.022556390977442,3.2422095701681934,0.2999999999999998,6,OTHER
2026-10-06,8476448,10.0,5.0,0.2631578947368421,0.42105263157894735,0.5789473684210527,0.7627040392731284,1.4491376746189437,5.123154476280071,15.898000000000001,4.338493850276717,5.05,20.22,7.170713297270097,3.202846975088968,-3.967866322181129,-0.8999999999999999,8,OTHER
2026-10-06,8476457,10.0,4.0,0.3076923076923077,0.6153846153846154,0.6923076923076923,1.1495647062287127,1.4944341180973264,4.086545063133512,20.41,2.089300786813085,17.25,23.65,3.821656050955414,5.301914580265096,1.4802585293096824,0.6999999999999995,3,OTHER
2026-10-06,8476459,10.0,3.0,0.1875,0.375,0.5,0.6038073644245598,0.9660917830792959,2.8864589236001743,20.073,2.5861814407431756,14.95,24.53,4.782543715438649,8.962655601659751,4.180111886221102,1.3999999999999997,5,OTHER
2026-10-06,8476462,10.0,6.0,0.25,0.375,0.5,0.6860605019571372,1.6465452046971292,4.624152988055315,21.023999999999997,1.6144775556748316,18.83,23.98,6.8493150684931505,2.6392961876832843,-4.210018880809866,-1.4,8,OTHER
2026-10-06,8476463,10.0,2.0,0.18181818181818182,0.36363636363636365,0.5454545454545454,0.9040262963743211,0.9944289260117533,3.3503621313129432,18.631999999999998,1.682926023329605,16.5,21.65,3.5422928295405756,3.1088082901554404,-0.4334845393851352,-0.10000000000000009,3,OTHER
2026-10-06,8476468,10.0,3.0,0.1875,0.3125,0.4375,0.5270462766947298,0.8432740427115678,2.7548561645045213,17.804,2.159095489628315,15.03,20.85,5.3920467310716695,10.920121334681495,5.528074603609825,1.4,6,OTHER
2026-10-06,8476469,10.0,4.0,0.23529411764705882,0.35294117647058826,0.47058823529411764,0.623147003218459,1.0593499054713802,4.830679375810478,13.985,2.3008319751293835,11.78,20.12,7.293528780836611,0.0,-7.293528780836611,-1.7000000000000002,8,OTHER
2026-10-06,8476479,10.0,4.0,0.26666666666666666,0.4666666666666667,0.6666666666666666,1.0061539042374907,1.509230856356236,5.606623528559323,14.274000000000001,2.240675493387355,11.4,18.0,6.305170239596469,13.012048192771084,6.706877953174615,1.5000000000000002,7,OTHER
2026-10-06,8476539,10.0,3.0,0.2,0.4,0.6,0.8461970117626564,1.2692955176439846,4.512143633750492,16.656666666666666,1.651484180971771,14.22,19.42,6.0036021612967785,9.033877038895861,3.0302748775990827,0.2878727236341805,7,OTHER
2026-10-06,8476853,10.0,4.0,0.26666666666666666,0.4666666666666667,0.6,0.7856742013183862,1.1785113019775793,3.4249513990217015,20.227000000000004,1.3284581706290615,17.95,22.3,4.449498195481287,5.811138014527845,1.361639819046558,0.5,4,OTHER
2026-10-06,8476869,10.0,3.0,0.25,0.4166666666666667,0.5833333333333334,0.8606629658238706,1.0327955589886446,2.8166249603549893,21.939,2.2974113451641376,18.08,25.23,3.281826883631888,0.0,-3.281826883631888,-1.2,2,OTHER
2026-10-06,8476872,10.0,5.0,0.29411764705882354,0.47058823529411764,0.6470588235294118,0.9625833496967512,1.636391694484477,6.856155744356079,15.128888888888888,1.0244808983632203,13.5,16.75,7.491186839012926,9.022556390977442,1.5313695519645165,0.08899823736780288,8,OTHER
2026-10-06,8476873,10.0,3.0,0.3,0.5,0.7,1.0540925533894598,1.0540925533894598,4.187688907182629,13.733,2.785841384971912,8.08,17.57,4.369038083448627,9.5112285336856,5.142190450236972,1.0,4,OTHER
2026-10-06,8476874,10.0,1.0,0.25,0.5,0.75,1.2909944487358054,0.5163977794943222,1.3933329624568367,22.918,2.861001378693986,19.92,30.0,1.047211798586264,0.0,-1.047211798586264,-0.3999999999999999,1,OTHER
2026-10-06,8476875,10.0,4.0,0.2222222222222222,0.4444444444444444,0.6111111111111112,0.8198497637473576,1.4757295747452437,3.60700916466331,23.746000000000002,3.1066387695457043,16.4,26.4,4.5481344226396025,5.325443786982248,0.7773093643426456,0.19999999999999996,4,OTHER
2026-10-06,8476879,10.0,2.0,0.2857142857142857,0.42857142857142855,0.5714285714285714,0.96421222530079,0.674948557710553,2.361479962345146,17.892000000000003,2.1464275229112935,12.77,20.55,2.347417840375587,0.0,-2.347417840375587,-0.7,1,OTHER
2026-10-06,8476881,10.0,5.0,0.19230769230769232,0.34615384615384615,0.5,0.5790558866992932,1.5055453054181622,5.360787632064157,16.098000000000003,1.5175477294342714,13.27,18.53,9.690644800596347,11.203319502074688,1.5126747014783408,0.39999999999999947,10,HIGH_D10_DISTRIBUTED
2026-10-06,8476882,10.0,4.0,0.3076923076923077,0.46153846153846156,0.5384615384615384,0.8148845426702926,1.0593499054713804,3.069866226520632,16.630000000000003,2.25897223434808,13.0,20.8,4.690318701142513,0.0,-4.690318701142513,-1.2999999999999998,5,OTHER
2026-10-06,8476887,10.0,5.0,0.22727272727272727,0.4090909090909091,0.5454545454545454,0.6707861703387471,1.4757295747452437,4.430095043761774,19.621000000000002,1.7260066306039759,16.35,22.32,6.72748585698996,5.7142857142857135,-1.013200142704246,-0.20000000000000018,8,OTHER
2026-10-06,8476892,10.0,2.0,0.14285714285714285,0.2857142857142857,0.42857142857142855,0.49943278484292936,0.6992058987801011,1.9683863366396714,20.970999999999997,2.177253366565826,16.15,23.6,4.005531448190358,5.945499587118084,1.9399681389277257,0.6000000000000001,3,OTHER
2026-10-06,8476905,10.0,2.0,0.2222222222222222,0.4444444444444444,0.5555555555555556,0.8198497637473576,0.7378647873726218,2.434331588551287,17.506,1.6626498261643805,15.77,20.37,3.0846566891351537,0.0,-3.0846566891351537,-0.9,2,OTHER
2026-10-06,8476906,10.0,4.0,0.25,0.4375,0.625,0.8936504412303007,1.4298407059684812,5.087451147928608,19.18,1.9322180691284996,15.65,22.67,5.005213764337852,3.39943342776204,-1.6057803365758119,-0.6000000000000001,5,OTHER
2026-10-06,8476917,10.0,4.0,0.36363636363636365,0.6363636363636364,0.7272727272727273,1.2457457449148164,1.370320319406298,4.482555227798075,18.902,1.6887523336606958,16.45,22.37,3.491694000634854,0.0,-3.491694000634854,-1.1000000000000003,3,OTHER
2026-10-06,8476921,10.0,3.0,0.21428571428571427,0.42857142857142855,0.5714285714285714,0.8384198505551909,1.1737877907772671,5.032512762365467,14.998,1.8922226789325478,12.78,18.73,5.600746766235498,10.64039408866995,5.039647322434452,1.6000000000000003,6,OTHER
2026-10-06,8476925,10.0,4.0,0.3333333333333333,0.5,0.6666666666666666,1.0243938285880987,1.2292725943057183,5.444679684374989,15.081999999999999,3.1423550969862646,11.37,23.15,4.773902665428988,8.791208791208792,4.017306125779804,0.8,5,OTHER
2026-10-06,8476927,10.0,3.0,0.3333333333333333,0.5555555555555556,0.6666666666666666,1.104921028901948,0.9944289260117533,3.771711337904878,14.501999999999999,2.824923991111187,9.77,18.57,3.723624327678941,6.070826306913997,2.347201979235056,0.09999999999999987,3,OTHER
2026-10-06,8476931,10.0,2.0,0.18181818181818182,0.36363636363636365,0.5454545454545454,0.6707861703387471,0.7378647873726218,2.3407709186379444,19.64,3.47143582205788,11.63,25.1,3.360488798370672,3.002502085070892,-0.35798671329978005,-0.10000000000000009,2,OTHER
2026-10-06,8476958,10.0,4.0,0.26666666666666666,0.5333333333333333,0.6666666666666666,0.9558139185602919,1.4337208778404378,4.373920393759653,20.501,3.950663657328137,13.77,26.9,4.390029754646115,2.8191072826938135,-1.5709224719523012,-0.5000000000000002,4,OTHER
2026-10-06,8476979,10.0,3.0,0.21428571428571427,0.35714285714285715,0.5,0.6900655593423543,0.9660917830792959,2.8556194932924157,18.121111111111116,2.6421366564035083,13.57,22.62,5.15053038199767,0.0,-5.15053038199767,-1.5686798700104236,5,OTHER
2026-10-06,8476981,10.0,3.0,0.3,0.6,0.7,1.1547005383792515,1.1547005383792515,5.541589543094597,13.643,1.852823970771823,11.52,17.63,4.397859708275306,0.0,-4.397859708275306,-1.0,4,OTHER
2026-10-06,8477021,10.0,3.0,0.3333333333333333,0.5555555555555556,0.6666666666666666,1.1049210289019482,0.9944289260117534,4.029853944656913,15.600000000000001,1.0379908477438518,13.33,17.07,3.8461538461538463,3.1858407079646023,-0.660313138189244,-0.006089743589743568,3,OTHER
2026-10-06,8477220,10.0,3.0,0.375,0.625,0.75,1.2909944487358056,1.0327955589886446,3.1510007123994987,18.934,2.4647253622079504,15.5,22.65,2.535122002746382,5.11727078891258,2.582148786166198,1.2,2,OTHER
2026-10-06,8477346,10.0,4.0,0.25,0.4375,0.5625,0.7905694150420948,1.2649110640673518,3.568135978491978,20.083,1.5821788773713295,17.07,22.0,4.780162326345666,8.874281018898932,4.094118692553266,1.4,5,OTHER
2026-10-06,8477402,10.0,2.0,0.15384615384615385,0.3076923076923077,0.46153846153846156,0.6332866171912035,0.8232726023485646,3.039021831927915,16.339999999999996,1.255795453974182,14.88,19.07,4.773561811505508,6.773283160865475,1.9997213493599668,0.7,5,OTHER
2026-10-06,8477407,10.0,4.0,0.3076923076923077,0.46153846153846156,0.6153846153846154,0.9628196592573635,1.2516655570345725,6.29816202149014,13.171000000000001,2.636662241884194,9.85,18.42,5.922101586819528,0.0,-5.922101586819528,-1.3,7,OTHER
2026-10-06,8477409,10.0,5.0,0.23809523809523808,0.38095238095238093,0.5238095238095238,0.6900655593423543,1.449137674618944,4.0082488399651375,18.776999999999997,2.580611684594694,14.87,22.72,6.710337114555041,6.605504587155963,-0.10483252739907822,-0.10000000000000009,8,OTHER
2026-10-06,8477416,10.0,4.0,0.3333333333333333,0.6666666666666666,0.8333333333333334,1.3494397557212354,1.6193277068654826,6.985238534047816,12.812000000000001,3.24598487023242,7.82,19.27,5.6197315017171405,20.074349442379184,14.454617940662043,1.8000000000000005,6,OTHER
2026-10-06,8477426,10.0,3.0,0.2,0.4,0.5333333333333333,0.7200822998230957,1.0801234497346435,4.048031203936577,14.779999999999998,5.556551688472506,4.7,22.97,6.089309878213802,8.921933085501859,2.832623207288057,0.5000000000000002,7,OTHER
2026-10-06,8477429,10.0,3.0,0.1875,0.3125,0.4375,0.4370036867375632,0.6992058987801011,2.441544617473876,19.266000000000002,2.7048031351652937,15.22,23.73,4.982871379632513,9.782608695652174,4.799737316019661,1.4,5,OTHER
2026-10-06,8477446,10.0,4.0,0.18181818181818182,0.36363636363636365,0.5,0.5984368987312575,1.3165611772087666,5.325996129707392,14.241999999999999,2.71529740544199,9.92,18.12,9.268361185226794,0.0,-9.268361185226794,-2.2000000000000006,10,HIGH_D10_DISTRIBUTED
2026-10-06,8477447,10.0,4.0,0.19047619047619047,0.38095238095238093,0.47619047619047616,0.5240499688641008,1.1005049346146119,3.232905410485123,21.907000000000004,2.566853023537664,18.77,26.85,5.75158625097001,12.5764192139738,6.82483296300379,1.9,6,OTHER
2026-10-06,8477451,10.0,5.0,0.2631578947368421,0.42105263157894735,0.5789473684210527,0.8395428851933614,1.5951314818673865,5.499146892350327,16.080999999999996,2.779070388137411,11.5,20.65,7.089111373670792,0.0,-7.089111373670792,-1.9,8,OTHER
2026-10-06,8477478,10.0,3.0,0.2727272727272727,0.45454545454545453,0.6363636363636364,0.9040262963743211,0.9944289260117533,8.021718858525013,10.55,2.1272517481483004,6.65,12.82,6.2559241706161135,4.931506849315069,-1.3244173213010448,-0.10000000000000009,7,OTHER
2026-10-06,8477479,10.0,3.0,0.3,0.5,0.6,0.9428090415820634,0.9428090415820634,2.8890076418658053,18.255000000000003,1.8933465375126424,15.85,21.5,3.286770747740345,0.0,-3.286770747740345,-1.0,2,OTHER
2026-10-06,8477488,10.0,2.0,0.25,0.5,0.75,1.1486707293408518,0.9189365834726815,2.7502001964119067,19.653999999999996,1.001645313139004,18.35,22.07,2.442250941284217,2.863961813842482,0.4217108725582652,0.19999999999999996,1,OTHER
2026-10-06,8477495,10.0,4.0,0.2857142857142857,0.42857142857142855,0.5,0.6900655593423544,0.966091783079296,1.9428557709437373,25.874000000000002,2.8908291774737114,20.88,29.45,3.2465022802813635,4.6966731898238745,1.450170909542511,0.6000000000000001,2,OTHER
2026-10-06,8477500,10.0,4.0,0.17391304347826086,0.34782608695652173,0.5217391304347826,0.6165810836574681,1.4181364924121764,4.107896338206497,20.511000000000003,1.7024521530232006,17.6,22.93,6.728097118619277,6.735266604303087,0.0071694856838098175,-0.2999999999999998,8,OTHER
2026-10-06,8477506,10.0,2.0,0.3333333333333333,0.6666666666666666,1.0,1.6101529717988265,0.9660917830792959,3.1216110818524356,18.503,1.5247006992266459,16.45,21.27,1.9456304383073015,3.629032258064516,1.6834018197572145,0.4,1,OTHER
2026-10-06,8477511,10.0,3.0,0.2727272727272727,0.5454545454545454,0.7272727272727273,1.0883809088526044,1.1972189997378648,4.7258991903435605,14.928999999999998,2.081187962038348,11.75,18.38,4.420925715051243,9.62566844919786,5.204742734146618,0.8999999999999999,4,OTHER
2026-10-06,8477527,10.0,3.0,0.375,0.625,0.75,1.2909944487358056,1.0327955589886446,5.728240841061735,10.270999999999997,1.1223432827991822,8.82,12.15,4.673352156557297,8.275862068965518,3.6025099124082205,0.19999999999999984,5,OTHER
2026-10-06,8477903,10.0,1.0,0.3333333333333333,0.6666666666666666,1.0,1.6101529717988263,0.4830458915396479,2.587178675690036,10.654,2.5205651923504955,6.05,13.58,1.6895062887178525,0.0,-1.6895062887178525,-0.3,1,OTHER
2026-10-06,8477919,10.0,4.0,0.25,0.4375,0.625,0.9409658158863513,1.5055453054181622,6.443520595181431,15.604999999999999,2.1858496949444826,11.62,19.08,6.151874399231016,0.0,-6.151874399231016,-1.6,7,OTHER
2026-10-06,8477933,10.0,5.0,0.20833333333333334,0.375,0.5,0.5624571314254607,1.3498971154211057,3.9399849960199633,20.146,2.418669055493124,15.98,23.55,7.147820907376154,8.564631245043618,1.4168103376674637,0.6000000000000001,8,OTHER
2026-10-06,8477935,10.0,7.0,0.25,0.39285714285714285,0.5357142857142857,0.6900655593423541,1.9321835661585915,5.597422688267111,18.901999999999997,2.537596413056173,14.88,21.87,8.887948365252354,3.0795551753635584,-5.808393189888796,-1.7999999999999998,9,HIGH_D10_DISTRIBUTED
2026-10-06,8477939,10.0,5.0,0.17857142857142858,0.35714285714285715,0.4642857142857143,0.4994327848429293,1.398411797560202,4.418756231534453,20.315,1.8328620606399524,17.48,22.83,8.269751415210436,2.631578947368421,-5.638172467842015,-1.7999999999999994,9,HIGH_D10_DISTRIBUTED
2026-10-06,8477940,10.0,6.0,0.23076923076923078,0.4230769230769231,0.5769230769230769,0.7297563831157798,1.8973665961010275,6.9801332734329256,16.062,2.7661196246326325,11.73,19.4,9.712364587224505,7.555089192025185,-2.1572753951993198,-0.6000000000000001,10,HIGH_D10_DISTRIBUTED
2026-10-06,8477946,10.0,7.0,0.21875,0.375,0.5,0.6215180787573458,1.9888578520235065,5.48567035286101,19.502,2.7064277398650622,14.17,23.33,9.845144087785869,11.60354552780016,1.7584014400142909,0.7999999999999998,10,HIGH_D10_DISTRIBUTED
2026-10-06,8477950,10.0,4.0,0.26666666666666666,0.4666666666666667,0.6666666666666666,0.9558139185602919,1.4337208778404378,4.251957066620281,18.648,4.737793204060773,6.15,22.73,4.826254826254826,3.2967032967032965,-1.5295515295515294,-0.5000000000000002,5,OTHER
2026-10-06,8477951,10.0,8.0,0.21621621621621623,0.43243243243243246,0.5405405405405406,0.6376698511418518,2.359378449224852,7.431337544483428,19.5,1.619691328617895,17.3,22.05,11.384615384615383,12.131423757371524,0.7468083727561403,0.2999999999999998,10,HIGH_D10_DISTRIBUTED
2026-10-06,8477955,10.0,4.0,0.19047619047619047,0.38095238095238093,0.5238095238095238,0.6127066370037709,1.286683937707919,4.632137240803725,15.62,2.11422694041003,12.6,18.5,8.066581306017925,27.783902976846747,19.717321670828824,4.9,9,HIGH_D10_DISTRIBUTED
2026-10-06,8477960,10.0,7.0,0.2,0.37142857142857144,0.5142857142857142,0.6208764195431095,2.173067468400883,6.491278731496485,19.558999999999997,1.724660675160318,17.3,22.47,10.736745232373844,8.294930875576037,-2.4418143567978063,-0.5000000000000004,10,HIGH_D10_DISTRIBUTED
2026-10-06,8477964,10.0,6.0,0.46153846153846156,0.6153846153846154,0.6923076923076923,1.3592162339178022,1.766981104093143,5.901430236978288,15.185999999999998,2.0357810403981182,12.25,18.43,5.136309758988542,7.741935483870968,2.605625724882426,0.7,5,OTHER
2026-10-06,8477969,10.0,2.0,0.3333333333333333,0.5,0.6666666666666666,1.165343164633502,0.6992058987801011,1.9334575235664215,21.569000000000003,1.672160611637265,17.63,23.6,1.6690620798368028,3.3739456419868787,1.704883562150076,0.4,1,OTHER
2026-10-06,8477986,10.0,5.0,0.18518518518518517,0.3333333333333333,0.48148148148148145,0.5534941178138245,1.4944341180973264,3.6815023342868156,23.252,2.4286200928831083,19.72,28.17,6.967142611388268,0.0,-6.967142611388268,-2.6999999999999997,8,OTHER
2026-10-06,8477987,10.0,5.0,0.38461538461538464,0.6153846153846154,0.7692307692307693,1.309952797378954,1.7029386365926402,6.426299185650855,14.169,2.2635049026773597,9.42,16.88,5.504975651069236,6.34920634920635,0.8442306981371139,-0.2999999999999998,6,OTHER
2026-10-06,8477998,10.0,2.0,0.2222222222222222,0.4444444444444444,0.6666666666666666,0.9728833730787924,0.8755950357709131,3.708376314240402,12.239,2.5247373900841423,8.38,16.18,4.412125173625296,0.0,-4.412125173625296,-0.9,4,OTHER
2026-10-06,8478020,10.0,2.0,0.2,0.4,0.5,0.6666666666666666,0.6666666666666666,2.2413829366154263,16.93111111111111,1.336856802769508,15.12,19.22,3.9375246095288094,0.0,-3.9375246095288094,-1.1147132169576062,3,OTHER
2026-10-06,8478042,10.0,4.0,0.18181818181818182,0.36363636363636365,0.5,0.5984368987312575,1.3165611772087666,4.24343116435083,16.183,2.176812399409334,13.28,21.4,8.156707656182414,10.384615384615387,2.2279077284329727,0.8000000000000003,9,HIGH_D10_DISTRIBUTED
2026-10-06,8478055,10.0,4.0,0.21052631578947367,0.3684210526315789,0.5263157894736842,0.6301152630199289,1.1972189997378648,3.171713671241474,21.728,3.868059519247919,13.97,27.08,5.246686303387334,5.61622464898596,0.36953834559862564,0.10000000000000009,6,OTHER
2026-10-06,8478109,10.0,4.0,0.2222222222222222,0.3888888888888889,0.5555555555555556,0.6829292190587324,1.2292725943057183,5.057875836938368,13.819999999999999,1.3889004443963737,11.97,16.75,7.814761215629522,11.11111111111111,3.2963498954815886,0.1999999999999995,9,HIGH_D10_DISTRIBUTED
2026-10-06,8478133,10.0,3.0,0.23076923076923078,0.46153846153846156,0.6153846153846154,0.8919244682526197,1.1595018087284057,5.55725532673453,14.36,1.7028864384398106,11.25,17.05,5.43175487465181,0.0,-5.43175487465181,-1.2999999999999998,6,OTHER
2026-10-06,8478147,10.0,2.0,0.2857142857142857,0.5714285714285714,0.7142857142857143,1.1761037176408067,0.8232726023485646,5.091238624318297,8.613,3.3340767504329856,5.27,14.03,4.876349703935911,9.523809523809524,4.647459819873613,0.30000000000000004,5,OTHER
2026-10-06,8478178,10.0,5.0,0.1724137931034483,0.3448275862068966,0.4827586206896552,0.5500453385749609,1.5951314818673865,6.172724123866289,21.204,3.2790893044665106,13.98,25.75,8.205998868138087,4.6421663442940035,-3.5638325238440833,-0.8999999999999999,9,HIGH_D10_DISTRIBUTED
2026-10-06,8478396,10.0,4.0,0.26666666666666666,0.4666666666666667,0.6,0.7856742013183862,1.1785113019775793,3.1388067188099633,20.449,2.6064426587464626,16.53,24.83,4.401193212382023,2.845849802371542,-1.5553434100104813,-0.5,4,OTHER
2026-10-06,8478397,10.0,7.0,0.3181818181818182,0.45454545454545453,0.5454545454545454,0.8517254134881936,1.8737959096740262,5.52905020370127,21.125,3.808144050730108,17.2,29.05,6.2485207100591715,0.0,-6.2485207100591715,-2.2,7,OTHER
2026-10-06,8478399,10.0,2.0,0.2857142857142857,0.5714285714285714,0.8571428571428571,1.3552618543578772,0.9486832980505139,2.7743649549224725,20.435000000000002,2.294787571868037,16.07,23.68,2.055297284071446,0.0,-2.055297284071446,-0.6999999999999998,1,OTHER
2026-10-06,8478403,10.0,4.0,0.13333333333333333,0.26666666666666666,0.4,0.2721655269759087,0.816496580927726,2.7475289181030718,20.112000000000002,1.794521291784154,17.57,22.62,8.949880668257757,6.545454545454546,-2.404426122803211,-1.0,10,HIGH_D10_DISTRIBUTED
2026-10-06,8478407,10.0,5.0,0.2631578947368421,0.47368421052631576,0.5789473684210527,0.802044171976313,1.5238839267549946,5.664565418746597,20.451,2.355977975750669,15.73,23.83,5.574299545254511,2.498265093684941,-3.0760344515695697,-0.8999999999999999,6,OTHER
2026-10-06,8478413,10.0,5.0,0.4166666666666667,0.5833333333333334,0.6666666666666666,1.2297746456210366,1.4757295747452437,6.194068260320099,13.342000000000002,1.68918652348138,11.32,16.05,5.396492280017989,4.730617608409987,-0.6658746716080017,-0.19999999999999996,6,OTHER
2026-10-06,8478414,10.0,6.0,0.20689655172413793,0.3448275862068966,0.4827586206896552,0.6179163244007179,1.7919573407620817,5.584699193907016,17.412,2.083414931735342,13.53,20.85,9.993108201240524,26.3254113345521,16.332303133311576,5.1,10,HIGH_D10_DISTRIBUTED
2026-10-06,8478427,10.0,7.0,0.20588235294117646,0.38235294117647056,0.5294117647058824,0.6075267994050849,2.065591117977289,6.291636756960132,18.854999999999997,1.5004388246998497,16.45,20.93,10.819411296738268,9.030100334448159,-1.7893109622901093,-0.3999999999999999,10,HIGH_D10_DISTRIBUTED
2026-10-06,8478434,10.0,1.0,0.25,0.5,0.75,1.2909944487358054,0.5163977794943222,2.8058348686349683,11.958,1.8917293675364877,10.2,16.75,2.007024586051179,3.969128996692392,1.962104410641213,0.6,1,OTHER
2026-10-06,8478443,10.0,2.0,0.25,0.375,0.5,0.7905694150420948,0.6324555320336759,2.226806981425715,17.983,3.0551706626271757,12.12,22.27,2.669187566034588,3.3395176252319114,0.6703300591973234,0.19999999999999996,2,OTHER
2026-10-06,8478450,10.0,2.0,0.2222222222222222,0.4444444444444444,0.5555555555555556,0.8198497637473576,0.7378647873726218,2.5556297178463994,18.665,1.8645717411185279,15.65,21.67,2.893115456737209,2.95809367296631,0.06497821622910127,0.09999999999999998,2,OTHER
2026-10-06,8478458,10.0,4.0,0.18181818181818182,0.36363636363636365,0.5,0.5587602701389628,1.2292725943057183,4.4253602905935665,16.668,2.128916260552407,12.8,19.82,7.919366450683945,13.50844277673546,5.589076326051515,1.7999999999999998,9,HIGH_D10_DISTRIBUTED
2026-10-06,8478468,10.0,4.0,0.2222222222222222,0.3888888888888889,0.5555555555555556,0.8198497637473577,1.475729574745244,5.39585546985515,16.207,0.913102768951374,15.1,17.58,6.663787252421793,0.0,-6.663787252421793,-1.8,8,OTHER
2026-10-06,8478469,10.0,3.0,0.2,0.3333333333333333,0.4666666666666667,0.5665577237325317,0.8498365855987975,1.935113609679727,24.834999999999997,5.804573388477591,10.35,30.88,3.623917857861888,11.450381679389313,7.826463821527425,3.5,3,OTHER
2026-10-06,8478474,10.0,5.0,0.20833333333333334,0.375,0.5,0.5270462766947299,1.2649110640673518,4.763630987363948,16.634,2.7891623593234347,11.72,21.02,8.65696765660695,3.8668098818474754,-4.790157774759475,-1.4,9,HIGH_D10_DISTRIBUTED
2026-10-06,8478483,10.0,6.0,0.23076923076923078,0.38461538461538464,0.5,0.5790558866992931,1.505545305418162,4.704684826119482,20.072,1.7580089748222436,16.85,22.37,7.772020725388601,7.258064516129032,-0.5139562092595691,-0.6000000000000001,9,HIGH_D10_DISTRIBUTED
2026-10-06,8478493,10.0,6.0,0.25,0.4583333333333333,0.5833333333333334,0.837950173833242,2.0110804171997807,7.510642433934393,17.607999999999997,2.3953185823833767,13.15,20.33,8.17810086324398,0.0,-8.17810086324398,-2.4,9,HIGH_D10_DISTRIBUTED
2026-10-06,8478507,10.0,2.0,0.2857142857142857,0.5714285714285714,0.7142857142857143,1.1761037176408067,0.8232726023485647,2.2570961496833215,20.144,1.96545273269149,17.65,24.43,2.084988085782367,0.0,-2.084988085782367,-0.6999999999999998,1,OTHER
2026-10-06,8478508,10.0,4.0,0.2857142857142857,0.5,0.6428571428571429,0.9642122253007899,1.3498971154211057,5.7312855747033264,14.303,1.8990994942047896,12.57,17.93,5.87289379850381,0.0,-5.87289379850381,-1.4,6,OTHER
2026-10-06,8478542,10.0,3.0,0.17647058823529413,0.35294117647058826,0.5294117647058824,0.623147003218459,1.0593499054713802,3.7697707901562323,14.91,5.3351371949453075,0.82,19.77,6.841046277665996,0.0,-6.841046277665996,-1.7,8,OTHER
2026-10-06,8478550,10.0,5.0,0.18518518518518517,0.3333333333333333,0.48148148148148145,0.6307180135528296,1.7029386365926402,4.746010175389187,20.544,2.0399575158974925,16.45,23.02,7.885514018691588,11.755102040816325,3.869588022124737,1.2999999999999998,9,HIGH_D10_DISTRIBUTED
2026-10-06,8478831,10.0,2.0,0.25,0.5,0.75,1.1486707293408518,0.9189365834726815,4.356857693602184,13.460999999999999,1.5737036993453795,11.13,16.27,3.5658569199910852,3.813559322033898,0.24770240204281269,0.19999999999999996,3,OTHER
2026-10-06,8478851,10.0,3.0,0.6,0.8,1.0,1.9436506316151,0.97182531580755,2.6814469391487368,18.804000000000002,3.8943240748556094,8.53,22.38,1.595405232929164,3.2997250229147563,1.7043197899855924,0.5000000000000001,1,OTHER
2026-10-06,8478859,10.0,4.0,0.2857142857142857,0.42857142857142855,0.5714285714285714,0.838419850555191,1.1737877907772674,3.3415714504539697,20.034,1.9355803034519417,17.02,22.7,4.1928721174004195,3.3027522935779814,-0.8901198238224381,-0.3999999999999999,4,OTHER
2026-10-06,8478864,10.0,5.0,0.15625,0.3125,0.46875,0.5060399083954632,1.6193277068654823,4.636320082642799,19.928,1.6207323447544737,17.4,23.0,9.634684865515856,7.209612817089453,-2.4250720484264034,-0.20000000000000018,10,HIGH_D10_DISTRIBUTED
2026-10-06,8478882,10.0,4.0,0.2857142857142857,0.5,0.6428571428571429,0.9035079029052513,1.2649110640673518,3.7419366013704094,21.873,2.2414977631535176,19.15,26.38,3.840351117816486,7.448275862068965,3.6079247442524793,1.6,3,OTHER
2026-10-06,8478970,10.0,4.0,0.36363636363636365,0.5454545454545454,0.7272727272727273,1.1697126706435625,1.286683937707919,3.768401799190715,19.575999999999997,2.8221473305898748,13.9,23.18,3.371475275847977,8.169440242057489,4.797964966209511,1.9,2,OTHER
2026-10-06,8479314,10.0,5.0,0.22727272727272727,0.4090909090909091,0.5454545454545454,0.7360580485752193,1.6193277068654826,5.860372372077823,18.275,3.3564274989273275,13.32,23.47,7.222982216142271,5.603112840466926,-1.6198693756753455,-0.19999999999999973,8,OTHER
2026-10-06,8479318,10.0,6.0,0.15,0.3,0.45,0.485912657903775,1.9436506316151,5.251427512222476,20.378999999999998,3.2425005782574656,13.3,24.95,11.77682908876785,9.542743538767397,-2.2340855500004526,0.0,10,HIGH_D10_DISTRIBUTED
2026-10-06,8479323,10.0,3.0,0.21428571428571427,0.42857142857142855,0.5714285714285714,0.7678340712665287,1.07496769977314,2.6029777650640726,21.991999999999997,3.203060342165841,17.88,28.17,3.8195707530010914,0.0,-3.8195707530010914,-1.4,3,OTHER
2026-10-06,8479324,10.0,2.0,0.3333333333333333,0.5,0.6666666666666666,1.165343164633502,0.6992058987801011,2.7960696692655764,17.482000000000003,2.2256474713365244,13.95,20.22,2.059260954124242,0.0,-2.059260954124242,-0.5999999999999999,1,OTHER
2026-10-06,8479337,10.0,8.0,0.24242424242424243,0.42424242424242425,0.5757575757575758,0.7429565878154867,2.4517567397911058,8.091196967058927,19.159,1.9627670377414743,16.1,23.27,10.334568610052717,9.6,-0.7345686100527171,-0.2999999999999998,10,HIGH_D10_DISTRIBUTED
2026-10-06,8479343,10.0,4.0,0.18181818181818182,0.3181818181818182,0.45454545454545453,0.46945252681302024,1.0327955589886446,3.3606865178741407,18.940000000000005,2.0208194157596346,15.8,22.13,6.969376979936642,9.83606557377049,2.8666885938338487,0.7999999999999998,8,OTHER
2026-10-06,8479346,10.0,2.0,0.4,0.8,1.0,1.699673171197595,0.8498365855987975,5.6477587220270085,10.492999999999999,3.4563469797525306,5.58,16.15,2.8590488897360147,0.0,-2.8590488897360147,-0.5,2,OTHER
2026-10-06,8479353,10.0,3.0,0.23076923076923078,0.46153846153846156,0.6153846153846154,0.8148845426702924,1.0593499054713802,4.02295823483526,15.889000000000001,1.9384039826620247,11.05,17.28,4.909056580023916,0.0,-4.909056580023916,-1.2999999999999998,5,OTHER
2026-10-06,8479359,10.0,2.0,0.4,0.6,0.8,1.4142135623730951,0.7071067811865476,3.843497198351975,11.364,2.0186309992445652,8.18,14.98,2.6399155227032733,0.0,-2.6399155227032733,-0.5000000000000001,2,OTHER
2026-10-06,8479369,10.0,3.0,0.3,0.5,0.6,0.9428090415820634,0.9428090415820634,4.004417891681487,17.927999999999997,2.8272672317982246,13.88,21.58,3.3467202141900936,0.0,-3.3467202141900936,-1.0,2,OTHER
2026-10-06,8479378,10.0,3.0,0.23076923076923078,0.46153846153846156,0.6153846153846154,0.8148845426702924,1.0593499054713802,4.195036800098935,15.213,2.7084684068881275,12.28,20.27,5.1271938473673835,3.1007751937984493,-2.026418653568934,-0.30000000000000004,5,OTHER
2026-10-06,8479407,10.0,6.0,0.25,0.5,0.625,0.8827915878928169,2.1186998109427604,6.204888469320486,18.002000000000002,1.7487633725959992,15.88,21.27,7.99911120986557,6.321334503950833,-1.677776705914737,-0.3999999999999999,9,HIGH_D10_CONCENTRATED
2026-10-06,8479410,10.0,6.0,0.23076923076923078,0.38461538461538464,0.5,0.658729875828981,1.7126976771553506,4.077210667318022,24.169999999999998,1.4513135812466962,22.02,26.57,6.454282167976831,7.964601769911505,1.5103196019346745,-0.6000000000000001,7,OTHER
2026-10-06,8479420,10.0,7.0,0.20588235294117646,0.38235294117647056,0.5294117647058824,0.623147003218459,2.1186998109427604,7.346054165902311,18.689,1.7235328704598456,16.78,22.3,10.915511798384076,26.492232215862632,15.576720417478557,5.6,10,HIGH_D10_DISTRIBUTED
2026-10-06,8479442,10.0,3.0,0.3333333333333333,0.5555555555555556,0.7777777777777778,1.222783260682902,1.1005049346146119,3.500011119099373,19.346999999999998,1.59886105295822,16.08,21.4,2.791130407815165,3.4615384615384617,0.6704080537232966,0.09999999999999998,2,OTHER
2026-10-06,8479520,10.0,2.0,0.2222222222222222,0.4444444444444444,0.6666666666666666,0.9728833730787925,0.8755950357709132,3.8147918357444848,12.367,3.090803743005657,9.07,18.67,4.366459125090968,5.278592375366569,0.912133250275601,0.09999999999999998,4,OTHER
2026-10-06,8479525,10.0,4.0,0.3333333333333333,0.5833333333333334,0.75,1.2297746456210366,1.4757295747452437,8.422409784153164,11.814444444444446,1.789749361720176,8.88,15.32,6.771372143327377,9.32642487046632,2.5550527271389436,0.7117464497319663,8,OTHER
2026-10-06,8479619,10.0,3.0,0.1875,0.375,0.5,0.6038073644245598,0.9660917830792959,4.322344750203071,13.529,1.0211806892024544,12.05,15.18,7.095868135117156,16.615384615384613,9.519516480267457,1.4,8,OTHER
2026-10-06,8479675,10.0,5.0,0.23809523809523808,0.38095238095238093,0.5238095238095238,0.6525334854315703,1.3703203194062976,4.548776185496169,17.723333333333333,1.8298019018462082,14.93,20.73,7.899191273274403,7.407407407407407,-0.49178386586699574,-0.352774120744781,9,HIGH_D10_DISTRIBUTED
2026-10-06,8479941,10.0,4.0,0.3076923076923077,0.46153846153846156,0.6153846153846154,1.0288411614225066,1.3374935098492586,5.787183788787996,13.534,3.7110411836392583,6.23,17.67,5.763262893453525,0.0,-5.763262893453525,-1.3,6,OTHER
2026-10-06,8479980,10.0,3.0,0.3333333333333333,0.5555555555555556,0.6666666666666666,1.104921028901948,0.9944289260117533,3.358710477626601,17.72222222222222,6.17803524143756,2.57,23.62,3.385579937304075,3.125,-0.26057993730407514,-0.014263322884012553,2,OTHER
2026-10-06,8479985,10.0,3.0,0.3333333333333333,0.5555555555555556,0.6666666666666666,1.104921028901948,0.9944289260117533,3.981734679957979,13.801999999999998,4.323639927447963,6.93,20.22,3.912476452688016,3.7383177570093458,-0.17415869567867004,0.10000000000000009,3,OTHER
2026-10-06,8479992,10.0,5.0,0.3333333333333333,0.6,0.7333333333333333,1.1439589045541112,1.7159383568311668,5.7213985478781835,13.679999999999998,3.5399372248043544,7.95,18.77,6.578947368421052,0.0,-6.578947368421052,-1.5,7,OTHER
2026-10-06,8479996,10.0,3.0,0.25,0.5,0.6666666666666666,0.9460770203292445,1.1352924243950933,6.924231133852087,13.453,3.0356439917164937,8.43,20.37,5.351966104214673,0.0,-5.351966104214673,-1.2,6,OTHER
2026-10-06,8479998,10.0,2.0,0.3333333333333333,0.5,0.6666666666666666,1.165343164633502,0.6992058987801011,2.1373860635051134,21.213,2.265602936674179,16.42,23.52,1.6970725498515062,0.0,-1.6970725498515062,-0.6,1,OTHER
2026-10-06,8480002,10.0,5.0,0.19230769230769232,0.34615384615384615,0.46153846153846156,0.6067774136512427,1.577621275493231,4.861621471045836,19.18,2.4213907849278136,16.17,23.73,8.13347236704901,0.0,-8.13347236704901,-2.6,9,HIGH_D10_DISTRIBUTED
2026-10-06,8480003,10.0,3.0,0.1875,0.375,0.5,0.6718548123582125,1.07496769977314,4.664202278491988,15.046000000000001,1.9931616425501804,11.83,18.75,6.38043333776419,12.224108658743633,5.843675320979443,0.3999999999999999,7,OTHER
2026-10-06,8480009,10.0,3.0,0.16666666666666666,0.2777777777777778,0.3888888888888889,0.35136418446315326,0.6324555320336759,2.643771765765388,13.940999999999999,1.8039798594588945,10.72,16.95,7.746933505487411,0.0,-7.746933505487411,-1.8,9,HIGH_D10_DISTRIBUTED
2026-10-06,8480018,10.0,4.0,0.17391304347826086,0.34782608695652173,0.4782608695652174,0.5041312211862634,1.1595018087284057,3.6402464467742432,20.202222222222222,1.9531306777695254,18.08,22.9,7.589924100758992,5.500381970970207,-2.089542129788785,-0.5745022549774506,9,HIGH_D10_DISTRIBUTED
2026-10-06,8480023,10.0,5.0,0.35714285714285715,0.5714285714285714,0.7142857142857143,1.1268723396380222,1.577621275493231,4.619429219783703,20.38,2.9189077104667467,16.5,24.78,4.121687929342492,8.773354995938261,4.651667066595769,1.6000000000000003,4,OTHER
2026-10-06,8480064,10.0,4.0,0.2222222222222222,0.3333333333333333,0.4444444444444444,0.5105203241514897,0.9189365834726815,3.5845805617737705,15.374,1.4244858721658147,12.58,17.17,7.024847144529725,0.0,-7.024847144529725,-1.8,8,OTHER
2026-10-06,8480074,10.0,3.0,0.25,0.4166666666666667,0.5833333333333334,0.7657804862272346,0.9189365834726815,3.13721313424937,12.77222222222222,3.1463303139442376,9.05,16.9,6.2635928664636795,0.0,-6.2635928664636795,-1.3451065680730754,7,OTHER
2026-10-06,8480075,10.0,2.0,0.2857142857142857,0.42857142857142855,0.5714285714285714,0.9642122253007899,0.6749485577105528,3.2127473656915164,13.976999999999999,4.042568078173411,5.13,18.88,3.00493668169135,0.0,-3.00493668169135,-0.7,2,OTHER
2026-10-06,8480185,10.0,3.0,0.21428571428571427,0.42857142857142855,0.5714285714285714,0.7678340712665287,1.07496769977314,3.5133523727164633,16.292,2.7573006123139105,12.45,20.38,5.155904738521974,7.6352067868504765,2.4793020483285027,0.6000000000000001,5,OTHER
2026-10-06,8480188,10.0,3.0,0.2,0.3333333333333333,0.4666666666666667,0.5665577237325317,0.8498365855987975,4.931285621928333,13.04,2.777165821480597,9.38,16.73,7.668711656441718,0.0,-7.668711656441718,-1.6625766871165646,9,HIGH_D10_DISTRIBUTED
2026-10-06,8480208,10.0,4.0,0.25,0.4375,0.5625,0.7905694150420948,1.2649110640673518,4.552874593396053,16.94666666666667,1.5530051513114829,13.77,18.85,6.294256490952006,7.010710808179163,0.7164543172271571,0.2560713349068977,7,OTHER
2026-10-06,8480246,10.0,2.0,0.2857142857142857,0.42857142857142855,0.5714285714285714,0.9642122253007899,0.6749485577105528,2.0200546006442384,18.85666666666667,3.2831958516055666,14.43,23.92,2.474809969948736,2.882305844675741,0.407495874727005,0.22150727711979268,1,OTHER
2026-10-06,8480336,10.0,4.0,0.2,0.35,0.5,0.5773502691896257,1.1547005383792515,3.1153032279651027,21.124999999999996,2.6226079047814648,18.85,25.0,5.680473372781065,2.9508196721311477,-2.729653700649917,-1.0,6,OTHER
2026-10-06,8480434,10.0,6.0,0.4,0.5333333333333333,0.6666666666666666,1.186342028003479,1.7795130420052185,6.352201893241384,19.131999999999998,4.273374414779132,9.77,23.53,4.704160568680744,0.0,-4.704160568680744,-1.5,5,OTHER
2026-10-06,8480459,10.0,4.0,0.36363636363636365,0.5454545454545454,0.6363636363636364,1.0883809088526044,1.1972189997378648,5.0057955242884,14.863,2.4411975658589284,9.42,19.02,4.440557088071049,0.0,-4.440557088071049,-1.1,4,OTHER
2026-10-06,8480762,10.0,3.0,0.25,0.4166666666666667,0.5833333333333334,0.7657804862272346,0.9189365834726815,4.217667993566429,13.028,1.612753339272107,10.13,15.02,5.52655818237642,7.453416149068322,1.9268579666919017,-0.19999999999999996,6,OTHER
2026-10-06,8480800,10.0,5.0,0.20833333333333334,0.375,0.5416666666666666,0.6573421981221796,1.577621275493231,3.7603755920898854,26.77,3.2113237146074205,22.38,31.85,5.3791557713858795,2.0338983050847457,-3.345257466301134,-1.4000000000000004,6,OTHER
2026-10-06,8480801,10.0,7.0,0.2,0.4,0.5428571428571428,0.6632565846278152,2.3213980461973533,8.762042842224144,15.292000000000002,3.0936881980359083,9.67,19.62,13.73267067747842,6.976744186046512,-6.755926491431909,-1.5,10,HIGH_D10_DISTRIBUTED
2026-10-06,8480802,10.0,3.0,0.3,0.5,0.7,1.0540925533894598,1.0540925533894598,4.006328727390435,16.472,2.1285195689858143,12.03,20.68,3.642544924720738,4.2105263157894735,0.5679813910687352,-2.220446049250313e-16,3,OTHER
2026-10-06,8480807,10.0,2.0,0.16666666666666666,0.3333333333333333,0.5,0.6573421981221796,0.7888106377466155,3.7318483525079347,19.878999999999998,4.09012482830428,9.4,24.18,3.621912571054882,5.290227773695811,1.6683152026409291,0.8,3,OTHER
2026-10-06,8480817,10.0,6.0,0.5454545454545454,0.7272727272727273,0.8181818181818182,1.6844778314772482,1.852925614624973,5.681884984609201,22.155,2.6633114308653014,19.53,27.73,2.979011509817197,8.132530120481928,5.15351861066473,1.9,2,OTHER
2026-10-06,8480829,10.0,3.0,0.375,0.5,0.625,1.1486707293408518,0.9189365834726815,2.54261896877446,13.148888888888889,2.9312516287605046,9.57,17.48,4.056109514956904,0.0,-4.056109514956904,-0.8579347642386346,3,OTHER
2026-10-06,8480830,10.0,6.0,0.1935483870967742,0.3548387096774194,0.5161290322580645,0.6167582967612897,1.911950719959998,6.538078439023304,16.782999999999998,1.2598681588871823,15.28,19.85,11.082643150807364,10.495626822157435,-0.5870163286499288,-0.10000000000000009,10,HIGH_D10_DISTRIBUTED
2026-10-06,8480835,10.0,3.0,0.25,0.5,0.6666666666666666,1.0243938285880987,1.2292725943057183,6.939428407965466,13.495555555555557,1.9217577312912724,9.93,16.18,5.927877490531863,3.854389721627409,-2.073487768904454,-0.30126790712991935,7,OTHER
2026-10-06,8480839,10.0,4.0,0.18181818181818182,0.3181818181818182,0.45454545454545453,0.5587602701389628,1.2292725943057183,3.1160957336726653,23.413,1.9921905865989156,19.78,25.97,5.637893477982318,6.153846153846153,0.5159526758638355,0.7999999999999998,6,OTHER
2026-10-06,8480849,10.0,4.0,0.3076923076923077,0.5384615384615384,0.6923076923076923,1.0908742249324435,1.4181364924121764,5.9753791985744416,13.613999999999999,4.957472922546101,0.28,17.53,5.729396209784046,9.5112285336856,3.781832323901554,0.7,6,OTHER
2026-10-06,8480855,10.0,3.0,0.3333333333333333,0.5555555555555556,0.7777777777777778,1.222783260682902,1.1005049346146119,4.9311195384835225,13.272,3.0153857317283825,9.0,18.6,4.06871609403255,4.545454545454546,0.4767384514219959,0.09999999999999987,3,OTHER
2026-10-06,8480865,10.0,3.0,0.23076923076923078,0.46153846153846156,0.6153846153846154,0.8148845426702924,1.0593499054713802,2.791213876680972,22.391111111111112,3.8468020628973245,12.95,26.18,3.870583564906709,4.941660947151681,1.0710773822449724,0.5534339023421997,3,OTHER
2026-10-06,8480870,10.0,2.0,0.2857142857142857,0.42857142857142855,0.5714285714285714,0.96421222530079,0.674948557710553,3.056508119232066,14.009,3.3388436121907037,7.37,19.57,2.998072667570847,0.0,-2.998072667570847,-0.7,2,OTHER
2026-10-06,8480893,10.0,4.0,0.14285714285714285,0.2857142857142857,0.42857142857142855,0.4390259265377566,1.2292725943057183,4.120000187534574,19.457,3.0824919572752605,14.05,24.82,8.634424628668345,8.339768339768339,-0.29465628890000595,0.20000000000000018,9,HIGH_D10_DISTRIBUTED
2026-10-06,8480990,10.0,2.0,0.4,0.6,0.8,1.4142135623730951,0.7071067811865476,3.08788183785328,14.206999999999999,3.7718137399517606,10.07,23.28,2.1116351094530863,0.0,-2.1116351094530863,-0.5,1,OTHER
2026-10-06,8481013,10.0,3.0,0.2,0.4,0.6,0.8461970117626564,1.2692955176439846,5.768045685753512,14.670000000000002,1.8553645942988615,11.38,17.12,6.134969325153374,3.797468354430379,-2.3375009707229952,-0.5,7,OTHER
2026-10-06,8481014,10.0,3.0,0.21428571428571427,0.35714285714285715,0.5,0.6900655593423543,0.9660917830792959,3.0723797561235267,19.875,1.7974565363312685,17.15,22.68,4.226415094339623,4.5,0.2735849056603774,-0.3999999999999999,4,OTHER
2026-10-06,8481522,10.0,3.0,0.2,0.3333333333333333,0.4666666666666667,0.5665577237325317,0.8498365855987975,3.4054129479588817,14.555000000000001,1.9722702654555233,12.08,19.0,6.183442116111302,3.9087947882736156,-2.2746473278376866,-0.4999999999999998,7,OTHER
2026-10-06,8481523,10.0,3.0,0.375,0.5,0.625,1.1486707293408518,0.9189365834726815,3.7316698644885107,13.825555555555555,3.351705204485887,11.12,21.35,3.8575906131961744,0.0,-3.8575906131961744,-0.8078437675801654,3,OTHER
2026-10-06,8481524,10.0,5.0,0.5555555555555556,0.7777777777777778,0.8888888888888888,1.7723683131859849,1.5951314818673865,4.100138634595987,22.458,2.4032838644931926,19.53,26.45,2.4044883783061715,5.611847233047545,3.2073588547413734,1.1,1,OTHER
2026-10-06,8481528,10.0,4.0,0.14814814814814814,0.2962962962962963,0.4444444444444444,0.46357983593873053,1.2516655570345725,3.898291030933391,17.779999999999998,1.7606390885130319,15.85,21.1,10.123734533183352,2.7928626842513573,-7.330871848931995,-1.9745219347581555,10,HIGH_D10_DISTRIBUTED
2026-10-06,8481532,10.0,3.0,0.3333333333333333,0.5555555555555556,0.7777777777777778,1.222783260682902,1.1005049346146119,5.221142817328064,11.898,3.736709187982864,6.63,18.02,4.53857791225416,0.0,-4.53857791225416,-0.9,4,OTHER
2026-10-06,8481535,10.0,2.0,0.2,0.4,0.6,0.816496580927726,0.816496580927726,3.8911054067605706,12.425999999999998,2.4829874479478677,6.95,15.92,4.828585224529213,11.285266457680251,6.456681233151038,1.0,5,OTHER
2026-10-06,8481540,10.0,10.0,0.29411764705882354,0.4411764705882353,0.5588235294117647,0.7988842661750337,2.7162065049951147,8.182304044414892,18.414444444444445,2.2847489529000287,15.92,22.83,12.309177577988294,2.7586206896551726,-9.550556888333121,-2.829795450431424,10,HIGH_D10_DISTRIBUTED
2026-10-06,8481542,10.0,7.0,0.28,0.44,0.56,0.8273115763993903,2.068278940998476,5.113642836833207,24.986000000000004,3.4810700781352972,16.85,29.55,6.0033618826542865,7.494795281054823,1.4914333984005363,0.5,7,OTHER
2026-10-06,8481553,10.0,3.0,0.25,0.4166666666666667,0.5833333333333334,0.8606629658238704,1.0327955589886444,4.052408598157161,13.695000000000002,2.546165962994383,10.82,18.1,5.257393209200438,8.845208845208845,3.587815636008407,0.7999999999999998,6,OTHER
2026-10-06,8481554,10.0,1.0,0.3333333333333333,0.6666666666666666,1.0,1.6101529717988263,0.4830458915396479,1.9643909067567558,14.566000000000003,1.7091531366277406,13.13,18.15,1.2357544967733076,8.02675585284281,6.7910013560695015,1.7,1,OTHER
2026-10-06,8481557,10.0,6.0,0.16216216216216217,0.2972972972972973,0.43243243243243246,0.4422680255363451,1.636391694484477,5.519301279109321,18.783,2.350896046664382,14.48,21.47,11.81919821114838,17.94871794871795,6.129519737569568,3.2999999999999994,10,HIGH_D10_DISTRIBUTED
2026-10-06,8481559,10.0,6.0,0.15789473684210525,0.2894736842105263,0.42105263157894735,0.3680031046211058,1.398411797560202,3.68169556555039,21.438,2.6982949348719383,17.57,25.8,10.63532045899804,13.93188854489164,3.2965680858936004,1.2000000000000006,10,HIGH_D10_DISTRIBUTED
2026-10-06,8481568,10.0,3.0,0.25,0.4166666666666667,0.5833333333333334,0.8606629658238704,1.0327955589886444,3.1119913190441597,20.177,1.7643447005112756,17.95,22.55,3.568419487535313,2.7522935779816513,-0.8161259095536617,-0.19999999999999996,3,OTHER
2026-10-06,8481580,10.0,5.0,0.35714285714285715,0.5,0.6428571428571429,1.0753895038701158,1.505545305418162,5.628386663824481,15.917000000000002,1.4378846345316514,13.05,18.4,5.277376390023246,16.775396085740912,11.498019695717666,3.6,6,OTHER
2026-10-06,8481593,10.0,3.0,0.42857142857142855,0.5714285714285714,0.7142857142857143,1.3552618543578767,0.9486832980505137,1.7401370687401965,17.043333333333337,3.78022155435366,11.03,20.85,2.7381185214159984,0.0,-2.7381185214159984,-0.7656235738966034,2,OTHER
2026-10-06,8481596,10.0,4.0,0.21052631578947367,0.42105263157894735,0.5789473684210527,0.8395428851933614,1.5951314818673865,4.588554508041323,18.133333333333333,2.124429335139204,15.15,21.55,6.985294117647059,3.6108324974924773,-3.3744616201545816,-1.1287683823529413,8,OTHER
2026-10-06,8481598,10.0,3.0,0.16666666666666666,0.3333333333333333,0.5,0.7314228762270926,1.3165611772087666,3.320256588767291,23.344,2.721189282484978,20.27,28.47,4.626456477039068,2.6765799256505574,-1.9498765513885106,-0.8000000000000005,4,OTHER
2026-10-06,8481601,10.0,3.0,0.2727272727272727,0.5454545454545454,0.7272727272727273,1.0883809088526044,1.1972189997378648,3.911142478215618,17.826,2.4673296406349023,14.73,22.53,3.702457085156513,3.951701427003293,0.24924434184678024,-0.10000000000000009,3,OTHER
2026-10-06,8481604,10.0,5.0,0.15151515151515152,0.30303030303030304,0.45454545454545453,0.40530106359068446,1.3374935098492586,5.548312407250524,16.810000000000002,1.7038974930043962,13.73,20.12,11.778703152885187,0.0,-11.778703152885187,-3.2999999999999994,10,HIGH_D10_DISTRIBUTED
2026-10-06,8481606,10.0,5.0,0.3333333333333333,0.4666666666666667,0.6,0.9558139185602919,1.4337208778404378,3.4188665319137344,21.999999999999996,2.7583373615277744,18.22,26.6,4.545454545454546,2.6686434395848773,-1.8768111058696686,-0.6731060606060608,4,OTHER
2026-10-06,8481607,10.0,2.0,0.3333333333333333,0.5,0.6666666666666666,1.165343164633502,0.6992058987801011,3.0641789479359636,15.271,3.232967161396272,10.52,20.92,2.3574094689280334,10.588235294117649,8.230825825189616,2.4,1,OTHER
2026-10-06,8481618,10.0,2.0,0.16666666666666666,0.3333333333333333,0.5,0.6573421981221796,0.7888106377466155,3.0151276170937233,16.09111111111111,1.9699964748981431,13.27,18.93,4.971688993232979,0.0,-4.971688993232979,-1.3095428808175666,5,OTHER
2026-10-06,8481711,10.0,2.0,0.2,0.4,0.6,0.9428090415820634,0.9428090415820634,3.686513746974119,15.097999999999999,2.8479263411198756,11.28,19.13,3.974036296198172,4.128440366972478,0.1544040707743055,-2.220446049250313e-16,3,OTHER
2026-10-06,8481721,10.0,5.0,0.2,0.4,0.52,0.5734883511361751,1.4337208778404378,5.518624180595866,15.483999999999998,2.1639891147805916,11.28,18.72,9.687419271506071,10.169491525423728,0.4820722539176572,-0.5,10,HIGH_D10_DISTRIBUTED
2026-10-06,8481726,10.0,4.0,0.3333333333333333,0.5,0.6666666666666666,1.0243938285880985,1.2292725943057181,6.187110160089182,9.181111111111111,2.593224076533131,5.1,13.98,8.713542296986567,12.690951821386603,3.977409524400036,1.6003146556940575,9,HIGH_D10_CONCENTRATED
2026-10-06,8481789,10.0,3.0,0.3,0.5,0.7,1.0540925533894598,1.0540925533894598,4.104925495548413,14.705000000000002,1.6338111545980123,11.83,17.03,4.080244814688881,3.951701427003293,-0.12854338768558815,0.0,4,OTHER
2026-10-06,8481806,10.0,4.0,0.26666666666666666,0.5333333333333333,0.6666666666666666,0.9558139185602919,1.4337208778404378,4.637212260060514,18.514000000000003,1.6057203298762144,16.23,20.75,4.861186129415578,8.381839348079161,3.5206532186635835,0.5,5,OTHER
2026-10-06,8482062,10.0,2.0,0.2857142857142857,0.42857142857142855,0.5714285714285714,0.96421222530079,0.674948557710553,3.8195765774053303,12.218,2.000876474614729,9.5,15.27,3.43755115403503,4.095563139931741,0.6580119858967111,0.30000000000000004,3,OTHER
2026-10-06,8482072,10.0,4.0,0.3333333333333333,0.5,0.6666666666666666,1.0243938285880985,1.2292725943057181,4.253420336797321,13.159,4.814343038140187,5.82,23.47,5.471540390607189,0.0,-5.471540390607189,-1.2,6,OTHER
2026-10-06,8482073,10.0,3.0,0.2727272727272727,0.5454545454545454,0.7272727272727273,1.0883809088526044,1.1972189997378648,3.6742755335839155,17.851,2.3976815190234637,14.78,22.58,3.697271861520363,6.79886685552408,3.1015949940037175,0.8999999999999999,3,OTHER
2026-10-06,8482077,10.0,7.0,0.21212121212121213,0.36363636363636365,0.48484848484848486,0.5541764333068769,1.8287822299126937,5.116368932135943,18.918,2.7465040404930123,15.58,24.12,10.466222645099904,3.7383177570093458,-6.727904888090558,-2.2999999999999994,10,HIGH_D10_DISTRIBUTED
2026-10-06,8482078,10.0,4.0,0.2,0.4,0.55,0.7071067811865476,1.4142135623730951,5.090660716243065,19.291000000000004,2.327957855670454,15.95,23.92,6.220517339692084,18.197135636057286,11.976618296365203,4.0,7,OTHER
2026-10-06,8482089,10.0,4.0,0.3076923076923077,0.46153846153846156,0.6153846153846154,0.8919244682526197,1.1595018087284057,4.245565152427694,14.484,1.814241194304415,12.3,18.18,5.385252692626346,0.0,-5.385252692626346,-1.3,6,OTHER
2026-10-06,8482092,10.0,6.0,0.2608695652173913,0.4782608695652174,0.6086956521739131,0.82111394053422,1.888562063228706,6.961501083768142,18.254444444444445,2.798419692929883,15.32,23.42,8.399780875281515,9.113924050632912,0.7141431753513974,-0.5398137439892867,9,HIGH_D10_DISTRIBUTED
2026-10-06,8482094,10.0,3.0,0.375,0.625,0.75,1.2909944487358056,1.0327955589886446,3.392117599575379,16.864,4.830946997110286,10.1,23.85,2.846299810246679,0.0,-2.846299810246679,-0.8,2,OTHER
2026-10-06,8482095,10.0,3.0,0.3,0.5,0.6,0.9428090415820634,0.9428090415820634,2.4496607600251283,21.39111111111111,7.915700291895286,1.8,28.18,3.1165593185123623,6.32688927943761,3.210329960925248,0.8727404944940784,2,OTHER
2026-10-06,8482097,10.0,6.0,0.18181818181818182,0.3333333333333333,0.48484848484848486,0.5541764333068769,1.8287822299126937,5.881058409963115,17.46,2.382053269298942,14.03,20.77,11.34020618556701,5.517241379310345,-5.822964806256666,-1.3000000000000003,10,HIGH_D10_DISTRIBUTED
2026-10-06,8482109,10.0,4.0,0.25,0.4375,0.5625,0.733617369235792,1.1737877907772674,3.9612079687919004,18.431000000000004,2.956192934614835,15.12,22.17,5.208615918832402,9.523809523809526,4.315193604977123,1.4,5,OTHER
2026-10-06,8482110,10.0,5.0,0.22727272727272727,0.36363636363636365,0.5,0.6707861703387471,1.4757295747452437,5.193817413380385,17.24,2.634708501692149,13.63,21.57,7.65661252900232,10.843373493975903,3.1867609649735833,-0.20000000000000018,9,HIGH_D10_DISTRIBUTED
2026-10-06,8482113,10.0,3.0,0.15,0.3,0.45,0.5270462766947299,1.0540925533894598,3.096081095708725,19.266,1.6800013227508008,16.42,22.08,6.228589224540642,9.642857142857142,3.414267918316501,1.0,7,OTHER
2026-10-06,8482116,10.0,4.0,0.16666666666666666,0.3333333333333333,0.4583333333333333,0.4479032082388084,1.07496769977314,3.7730851994799894,19.43,2.2295839173362473,16.52,22.85,7.411219763252702,5.551272166538165,-1.8599475967145374,-0.3999999999999999,8,OTHER
2026-10-06,8482124,10.0,8.0,0.3076923076923077,0.46153846153846156,0.5769230769230769,0.8733018649193025,2.2705848487901865,6.650828547270733,19.991000000000003,1.592387794756318,17.07,22.67,7.803511580211095,0.0,-7.803511580211095,-2.6,9,HIGH_D10_DISTRIBUTED
2026-10-06,8482145,10.0,7.0,0.25925925925925924,0.4074074074074074,0.5555555555555556,0.72092846027933,1.9465068427541912,7.623321352027672,17.813333333333333,1.3591541487263321,15.93,19.85,10.104790419161676,3.116883116883117,-6.9879073022785585,-2.0028068862275443,10,HIGH_D10_DISTRIBUTED
2026-10-06,8482146,10.0,5.0,0.2,0.36,0.48,0.6036923425424944,1.509230856356236,6.397340621499812,16.436000000000003,2.3767914880733185,12.77,19.1,9.126308104161597,6.557377049180328,-2.5689310549812685,-0.5,10,HIGH_D10_DISTRIBUTED
2026-10-06,8482155,10.0,6.0,0.2222222222222222,0.4074074074074074,0.5555555555555556,0.72092846027933,1.9465068427541912,5.098645316486394,19.167,3.182958267607877,13.52,24.17,8.452026921270935,10.485436893203882,2.0334099719329473,0.2999999999999994,9,HIGH_D10_DISTRIBUTED
2026-10-06,8482157,10.0,3.0,0.15,0.3,0.45,0.6236095644623235,1.247219128924647,4.8338070607518695,15.413,2.0352125196155804,14.1,21.0,7.785635502497891,13.533834586466165,5.748199083968274,2.0,9,HIGH_D10_DISTRIBUTED
2026-10-06,8482171,3.0,1.0,1.0,1.0,1.0,1.7320508075688776,0.5773502691896258,2.256743723216778,17.53333333333333,3.8860305368503387,15.23,22.02,1.1406844106463878,0.0,-1.1406844106463878,-0.3333333333333332,1,OTHER
2026-10-06,8482176,10.0,2.0,0.2857142857142857,0.5714285714285714,0.7142857142857143,1.1761037176408067,0.8232726023485646,2.220872675075333,21.270000000000003,1.9575040797459968,17.93,24.5,1.9746121297602257,6.691449814126394,4.716837684366169,1.3,1,OTHER
2026-10-06,8482259,10.0,8.0,0.2222222222222222,0.3888888888888889,0.5,0.5430695666153771,1.9550504398153574,6.580010554187362,17.679000000000002,1.8930601328712904,14.68,20.45,12.217885627015102,10.682492581602373,-1.5353930454127287,-0.5999999999999996,10,HIGH_D10_DISTRIBUTED
2026-10-06,8482476,10.0,4.0,0.3076923076923077,0.5384615384615384,0.6923076923076923,1.0288411614225066,1.3374935098492586,4.749486649472099,15.080000000000002,1.7818155534921865,12.25,17.48,5.172413793103448,0.0,-5.172413793103448,-1.3,5,OTHER
2026-10-06,8482482,10.0,3.0,0.3333333333333333,0.5555555555555556,0.6666666666666666,1.104921028901948,0.9944289260117533,2.929879003685492,19.39555555555556,2.7341868586067375,14.55,22.42,3.093492208982585,7.955801104972375,4.8623088959897895,1.0247250229147569,2,OTHER
2026-10-06,8482659,10.0,4.0,0.2857142857142857,0.5,0.5714285714285714,0.838419850555191,1.1737877907772674,4.457960613018207,15.332999999999998,2.133979329276125,12.95,19.1,5.478379964781843,0.0,-5.478379964781843,-1.4,6,OTHER
2026-10-06,8482665,10.0,3.0,0.3,0.6,0.8,1.247219128924647,1.247219128924647,4.086373753978135,17.729,2.5575702445007367,13.6,21.28,3.384285633707485,0.0,-3.384285633707485,-1.0,2,OTHER
2026-10-06,8482667,10.0,4.0,0.2,0.4,0.55,0.6666666666666666,1.3333333333333333,4.921087269862085,17.606666666666666,1.233237608897815,16.27,20.27,7.572889057175312,8.933002481389579,1.3601134242142674,0.8100466994825197,8,OTHER
2026-10-06,8482671,10.0,2.0,0.18181818181818182,0.36363636363636365,0.5454545454545454,0.6707861703387471,0.7378647873726218,2.238522956073843,22.259,2.1291492823817375,19.8,25.42,2.965092771463228,4.128440366972478,1.1633475955092498,0.8999999999999999,2,OTHER
2026-10-06,8482684,10.0,5.0,0.21739130434782608,0.391304347826087,0.5217391304347826,0.6813135810749658,1.5670212364724212,3.8561396796218737,23.742,1.7447686889034246,21.68,27.72,5.812484205205964,6.865861411315957,1.0533772061099933,0.7000000000000002,6,OTHER
2026-10-06,8482699,10.0,6.0,0.18181818181818182,0.3333333333333333,0.48484848484848486,0.5354488194221646,1.766981104093143,6.126846977810963,17.695,1.9888480753105973,14.55,20.78,11.1896015823679,17.12654614652712,5.936944564159219,1.7000000000000006,10,HIGH_D10_DISTRIBUTED
2026-10-06,8482702,10.0,7.0,0.23333333333333334,0.36666666666666664,0.5,0.6085806194501846,1.8257418583505538,4.213337442632232,17.717777777777776,2.6866930313015747,12.85,20.32,11.288097328483632,3.389830508474576,-7.898266820009056,-2.315126050420168,10,HIGH_D10_DISTRIBUTED
2026-10-06,8482713,10.0,6.0,0.2857142857142857,0.42857142857142855,0.5714285714285714,0.853313019410515,1.7919573407620815,5.913883221720678,16.162,3.4380931407459636,11.63,20.63,7.796064843459968,12.99638989169675,5.200325048236783,0.8999999999999999,9,HIGH_D10_DISTRIBUTED
2026-10-06,8482730,10.0,5.0,0.25,0.45,0.6,0.7453559924999299,1.4907119849998598,3.9290738174286033,20.576,1.9327136938052207,18.12,24.63,5.83203732503888,0.0,-5.83203732503888,-2.0,6,OTHER
2026-10-06,8482737,10.0,3.0,0.3,0.5,0.7,1.0540925533894598,1.0540925533894598,4.543105811427907,14.456666666666669,2.6694756039342256,11.07,19.95,4.611482591653217,12.750885478158205,8.139402886504989,1.899162247329183,4,OTHER
2026-10-06,8482745,10.0,5.0,0.18518518518518517,0.2962962962962963,0.4074074074074074,0.3923518168412519,1.0593499054713802,3.596648185848767,14.561000000000002,1.9163880956980852,12.15,17.6,11.1256095048417,6.923076923076923,-4.2025325817647765,-0.7000000000000002,10,HIGH_D10_DISTRIBUTED
2026-10-06,8482751,10.0,4.0,0.18181818181818182,0.36363636363636365,0.5,0.5984368987312575,1.3165611772087666,5.45597037971059,14.231,2.3728344513120447,10.67,18.58,9.275525261752511,4.780876494023905,-4.494648767728607,-1.2000000000000002,10,HIGH_D10_DISTRIBUTED
2026-10-06,8482802,10.0,2.0,0.3333333333333333,0.6666666666666666,0.8333333333333334,1.405456737852613,0.8432740427115678,4.354424518787573,11.087,2.771934943921544,6.9,14.72,3.247046090015333,8.089887640449438,4.842841550434105,0.4,2,OTHER
2026-10-06,8482803,10.0,4.0,0.36363636363636365,0.5454545454545454,0.6363636363636364,1.0883809088526044,1.1972189997378648,5.366975166597938,13.460000000000003,2.82736233577831,8.97,19.35,4.903417533432393,0.0,-4.903417533432393,-1.1,5,OTHER
2026-10-06,8482806,2.0,1.0,1.0,1.0,,1.4142135623730951,0.7071067811865476,3.463380152750436,14.515,3.203193718775061,12.25,16.78,2.0668274199104375,5.6426332288401255,3.575805808929688,0.5,1,OTHER
2026-10-06,8482809,10.0,4.0,0.19047619047619047,0.3333333333333333,0.47619047619047616,0.6127066370037709,1.286683937707919,5.763359139199745,17.887777777777774,2.929866796365398,12.97,21.63,7.826573079073234,7.619047619047619,-0.20752546002561534,-0.31496987390521136,9,HIGH_D10_DISTRIBUTED
2026-10-06,8482858,10.0,2.0,0.2222222222222222,0.4444444444444444,0.6666666666666666,0.9728833730787926,0.8755950357709134,2.414085199424253,21.012,2.2683464364059462,18.52,25.75,2.5699600228440893,0.0,-2.5699600228440893,-0.8999999999999999,2,OTHER
2026-10-06,8482877,10.0,2.0,0.2222222222222222,0.4444444444444444,0.5555555555555556,0.8198497637473576,0.7378647873726218,3.9804346825968357,10.773,2.944339390159437,6.08,14.42,5.012531328320802,0.0,-5.012531328320802,-0.8999999999999999,5,OTHER
2026-10-06,8482964,10.0,3.0,0.2727272727272727,0.45454545454545453,0.6363636363636364,1.0004590314678288,1.1005049346146119,3.5093062498051686,15.447777777777778,4.555885692644674,8.75,21.52,4.747176868301805,0.0,-4.747176868301805,-1.194706178522621,5,OTHER
2026-10-06,8483431,10.0,5.0,0.2777777777777778,0.4444444444444444,0.6111111111111112,0.8606629658238705,1.5491933384829668,4.762791968607586,18.381999999999998,2.0539274032394075,16.12,23.18,5.8753128060058755,3.1802120141342756,-2.6951007918716,-0.8000000000000005,6,OTHER
2026-10-06,8483450,10.0,4.0,0.3333333333333333,0.5,0.6666666666666666,1.0243938285880987,1.2292725943057183,4.900116346707056,15.540000000000001,1.8842446172877283,12.48,18.15,4.633204633204633,4.285714285714286,-0.34749034749034724,-0.19999999999999996,4,OTHER
2026-10-06,8483457,10.0,3.0,0.42857142857142855,0.7142857142857143,0.8571428571428571,1.5133570078162575,1.0593499054713802,2.344933270181886,25.93777777777778,2.1653508825233025,22.85,29.28,1.7991775188485264,4.088586030664395,2.2894085118158687,1.2107008224811513,1,OTHER
2026-10-06,8483468,10.0,3.0,0.2727272727272727,0.36363636363636365,0.45454545454545453,0.6707861703387471,0.7378647873726218,2.4614563605117485,14.637,3.9380989491546967,8.75,19.93,4.509120721459316,8.61244019138756,4.103319469928244,0.8999999999999999,4,OTHER
2026-10-06,8483493,10.0,6.0,0.42857142857142855,0.6428571428571429,0.7857142857142857,1.3964645998681122,1.955050439815357,5.608601722902379,17.4,3.985841609162779,7.4,21.58,4.827586206896552,9.199318568994892,4.37173236209834,1.6000000000000003,5,OTHER
2026-10-06,8483500,10.0,3.0,0.23076923076923078,0.38461538461538464,0.5384615384615384,0.8148845426702924,1.0593499054713802,4.077555764806568,16.397000000000002,2.918489144898245,13.02,23.93,4.756967738000854,5.811138014527845,1.0541702765269916,0.7000000000000002,5,OTHER
2026-10-06,8483506,10.0,4.0,0.26666666666666666,0.4,0.5333333333333333,0.7200822998230957,1.0801234497346435,3.777526572781333,18.451,2.3020109566299736,15.58,21.95,4.877784401929435,6.76056338028169,1.8827789783522553,0.5,5,OTHER
2026-10-06,8483515,10.0,5.0,0.2,0.36,0.48,0.541602560309064,1.35400640077266,4.451002286412293,18.965555555555554,1.932828957196621,16.62,22.48,8.787861034624173,6.086221470836856,-2.7016395637873174,-0.8288124670455215,9,HIGH_D10_DISTRIBUTED
2026-10-06,8483516,10.0,8.0,0.24242424242424243,0.36363636363636365,0.48484848484848486,0.5898505584103609,1.9465068427541912,6.561940426602031,17.922,2.042965165309156,14.85,21.63,11.047874121191832,9.490333919156416,-1.5575402020354154,-0.30000000000000027,10,HIGH_D10_DISTRIBUTED
2026-10-06,8483524,10.0,4.0,0.3333333333333333,0.5833333333333334,0.75,1.1653431646335017,1.398411797560202,5.9558747262922624,13.15,3.7165754846812047,3.6,16.7,5.475285171102661,16.308040770101925,10.832755598999263,2.8,6,OTHER
2026-10-06,8483525,10.0,4.0,0.36363636363636365,0.5454545454545454,0.7272727272727273,1.1697126706435625,1.286683937707919,4.768202611276692,13.962,2.41372832863279,11.03,18.88,4.727116458960034,8.362369337979093,3.635252879019059,0.8999999999999999,5,OTHER
2026-10-06,8483553,10.0,5.0,0.3333333333333333,0.5333333333333333,0.6666666666666666,1.0061539042374907,1.509230856356236,8.59650425229069,10.351111111111111,2.70456301666482,7.55,16.88,9.660798626019751,19.67213114754098,10.01133252152123,1.3288428510090171,10,HIGH_D10_CONCENTRATED
2026-10-06,8483570,10.0,2.0,0.3333333333333333,0.5,0.6666666666666666,1.165343164633502,0.6992058987801011,3.2703487690582453,11.992,1.6344404411160278,9.2,14.93,3.002001334222815,0.0,-3.002001334222815,-0.6,2,OTHER
2026-10-06,8483676,10.0,2.0,0.18181818181818182,0.36363636363636365,0.5454545454545454,0.7959954870644664,0.8755950357709131,4.872380826772699,11.142222222222221,3.036633735642882,6.63,15.5,6.58157159952134,11.30298273155416,4.721411132032819,0.8169625049860392,7,OTHER
2026-10-06,8483679,6.0,2.0,0.4,0.8,1.0,1.17983049630021,0.983192080250175,3.1596141819224615,18.05666666666667,3.3832036099925564,13.5,22.45,2.769060365515968,0.0,-2.769060365515968,-0.8333333333333331,2,OTHER
2026-10-06,8483690,10.0,2.0,0.2,0.4,0.6,0.816496580927726,0.816496580927726,4.0681106224286765,14.625,3.011006660755023,11.07,20.42,4.102564102564102,0.0,-4.102564102564102,-1.0,4,OTHER
2026-10-06,8483695,5.0,2.0,0.5,0.75,1.0,1.0458250331675945,0.8366600265340756,3.322626707951828,13.764,6.420995249959308,8.05,20.67,3.4873583260680037,17.647058823529413,14.15970049746141,2.2,3,OTHER
2026-10-06,8483771,10.0,4.0,0.2222222222222222,0.3888888888888889,0.5,0.6829292190587323,1.2292725943057181,5.87757998224963,13.421000000000001,3.327319408239077,7.75,20.25,8.04709038074659,5.077574047954866,-2.9695163327917244,-0.7999999999999998,9,HIGH_D10_DISTRIBUTED
2026-10-06,8483890,10.0,3.0,0.23076923076923078,0.46153846153846156,0.5384615384615384,0.7297563831157798,0.9486832980505138,4.938509318312732,12.91111111111111,2.547525487823647,10.23,17.73,6.712564543889845,3.9735099337748347,-2.73905461011501,-0.45975903614457825,8,OTHER
2026-10-06,8484145,10.0,4.0,0.2,0.35,0.5,0.6666666666666666,1.3333333333333333,5.494110618899197,17.225,3.2069100739219714,12.98,24.37,6.966618287373004,5.80177276390008,-1.1648455234729242,0.0,8,OTHER
2026-10-06,8484158,10.0,3.0,0.25,0.4166666666666667,0.5833333333333334,0.7657804862272346,0.9189365834726815,3.7818449272138643,17.523,3.3618779474176836,12.12,21.85,4.108885464817668,11.238293444328825,7.129407979511157,1.8000000000000005,4,OTHER
2026-10-06,8484160,10.0,2.0,0.5,0.75,1.0,1.7480147469502527,0.6992058987801011,3.779952830265204,12.102,3.3495896929491398,8.15,17.45,1.983143282102132,7.468879668049793,5.485736385947661,0.5999999999999999,1,OTHER
2026-10-06,8484164,10.0,3.0,0.2,0.3333333333333333,0.4666666666666667,0.6478835438717,0.97182531580755,4.635340660674689,13.669,2.9893568613406543,9.78,19.62,6.584241714829176,5.538461538461538,-1.0457801763676375,-0.5,7,OTHER
2026-10-06,8484185,10.0,3.0,0.3,0.5,0.6,0.9428090415820634,0.9428090415820634,4.033854087717248,13.232,2.7236650144816106,7.68,16.53,4.534461910519951,0.0,-4.534461910519951,-1.0000000000000002,4,OTHER
2026-10-06,8484188,10.0,3.0,0.3333333333333333,0.5555555555555556,0.6666666666666666,1.1049210289019482,0.9944289260117534,3.6797554837625004,17.052,2.8098390622161187,14.02,23.53,3.166783954961295,4.049493813273341,0.8827098583120461,0.10000000000000009,2,OTHER
2026-10-06,8484197,10.0,3.0,0.23076923076923078,0.38461538461538464,0.5384615384615384,0.8148845426702924,1.0593499054713802,5.053162086424,11.65,3.991209785961589,1.82,15.52,6.695278969957082,0.0,-6.695278969957082,-1.3,8,OTHER
2026-10-06,8484210,10.0,3.0,0.21428571428571427,0.42857142857142855,0.5714285714285714,0.6900655593423543,0.9660917830792959,3.4401563244942857,15.928,3.064803056931681,10.77,21.65,5.2737317930688095,4.363636363636363,-0.9100954294324461,-0.3999999999999999,6,OTHER
2026-10-06,8484221,10.0,4.0,0.21052631578947367,0.3684210526315789,0.47368421052631576,0.5792131234813747,1.1005049346146119,4.304888320194565,16.687,1.8050734057095852,13.7,19.37,6.831665368250734,8.304498269896195,1.4728329016454609,0.10000000000000009,8,OTHER
2026-10-06,8484223,10.0,3.0,0.2,0.4,0.6,0.8461970117626564,1.2692955176439846,6.249598036988484,16.958999999999996,3.6821354009747,9.57,22.68,5.306916681408102,5.240174672489084,-0.06674200891901805,-0.5,6,OTHER
2026-10-06,8484241,10.0,6.0,0.2857142857142857,0.42857142857142855,0.5714285714285714,0.8232573003104723,1.728840330651992,5.907057029697662,14.818999999999999,3.309654060472182,10.45,19.9,8.502598016060462,3.550295857988166,-4.952302158072296,-1.1,9,HIGH_D10_DISTRIBUTED
2026-10-06,8484304,10.0,3.0,0.3,0.5,0.6,0.9428090415820634,0.9428090415820634,4.757960624695919,17.086,4.661290236261487,8.63,24.77,3.5116469624253774,4.220398593200468,0.7087516307750903,0.0,3,OTHER
2026-10-06,8484305,10.0,1.0,0.3333333333333333,0.6666666666666666,1.0,1.6101529717988265,0.48304589153964794,1.750682849295091,16.290999999999997,4.369648981579896,8.47,23.28,1.1049045485237248,0.0,-1.1049045485237248,-0.3,1,OTHER
2026-10-06,8484321,10.0,2.0,0.25,0.5,0.625,0.9860132971832694,0.7888106377466155,2.297022943423672,17.505555555555556,2.9946832516608133,10.7,20.58,3.046651856553475,7.236180904522613,4.189529047969138,1.1188575055537924,2,OTHER
2026-10-06,8484386,10.0,2.0,0.2222222222222222,0.4444444444444444,0.6666666666666666,1.1049210289019482,0.9944289260117534,4.026585409928813,15.026000000000002,3.129910186854853,12.5,21.73,3.5937707972847064,0.0,-3.5937707972847064,-0.9,3,OTHER
2026-10-06,8484388,10.0,3.0,0.3,0.6,0.8,1.247219128924647,1.247219128924647,5.8252643522653695,12.058000000000002,2.145402319172586,9.13,16.55,4.975949577044286,0.0,-4.975949577044286,-1.0,5,OTHER
2026-10-06,8484390,6.0,3.0,0.375,0.625,0.875,0.9082951062292476,1.2110601416389968,4.026737380290357,17.340000000000003,2.120150938023045,14.7,20.7,4.61361014994233,5.825242718446602,1.211632568504272,0.666666666666667,4,OTHER
2026-10-06,8484403,8.0,2.0,0.2857142857142857,0.5714285714285714,0.7142857142857143,0.9537405261671773,0.8345229603962802,4.937072519501902,10.477142857142857,1.902162929279143,7.72,13.38,5.726752113444232,6.818181818181818,1.0914297047375863,0.0,6,OTHER
2026-10-06,8484471,10.0,3.0,0.3,0.5,0.6,0.9428090415820634,0.9428090415820634,3.3618952212318702,16.732999999999997,2.2271010055426057,14.4,22.58,3.5857287993784737,6.563354603463992,2.9776258040855184,1.0,3,OTHER
2026-10-06,8484759,9.0,2.0,0.18181818181818182,0.36363636363636365,0.5454545454545454,0.5454545454545454,0.6666666666666666,2.9093741461209204,16.88375,4.102061981491747,12.77,25.48,4.886355223217591,7.010710808179163,2.124355584961572,0.6250000000000002,5,OTHER
2026-10-06,8484783,10.0,5.0,0.3333333333333333,0.4666666666666667,0.6,0.9558139185602919,1.4337208778404378,3.838557339809969,21.809999999999995,2.5607811308270767,17.88,24.72,4.126547455295736,3.333333333333333,-0.7932141219624027,-0.4999999999999998,4,OTHER
2026-10-06,8484786,2.0,1.0,1.0,1.0,,1.4142135623730951,0.7071067811865476,3.023977681482028,14.489999999999998,0.6505382386916236,14.03,14.95,2.070393374741201,0.0,-2.070393374741201,-0.5,1,OTHER
2026-10-06,8484790,4.0,4.0,0.4444444444444444,0.6666666666666666,0.8888888888888888,0.5592469952052407,1.2583057392117916,4.6966399687899765,18.5975,2.12383889847292,16.58,21.02,7.259040193574405,6.593406593406593,-0.665633600167812,-0.25,8,OTHER
2026-10-06,8484794,10.0,6.0,0.3,0.45,0.6,0.9128709291752769,1.8257418583505538,6.912623386219334,13.396,2.9288002852893733,9.65,19.55,8.957897879964168,4.7556142668428,-4.202283613121368,-1.0,10,HIGH_D10_DISTRIBUTED
2026-10-06,8484797,10.0,3.0,0.16666666666666666,0.3333333333333333,0.4444444444444444,0.5105203241514897,0.9189365834726815,4.958658663165075,14.294999999999998,4.375571708677367,8.03,24.58,7.555089192025184,0.0,-7.555089192025184,-1.8,8,OTHER
2026-10-06,8484800,10.0,3.0,0.25,0.4166666666666667,0.5833333333333334,0.7657804862272346,0.9189365834726815,4.264441958022038,13.916,2.6410065421266107,11.02,19.0,5.173900546133947,11.550802139037433,6.3769015929034865,1.8,5,OTHER
2026-10-06,8484803,6.0,4.0,0.3076923076923077,0.5384615384615384,0.6923076923076923,0.6134585242269811,1.3291601358251257,7.510085652838791,12.172,1.3463543367182358,10.5,14.08,12.816299704239238,0.0,-12.816299704239238,-2.6,10,HIGH_D10_CONCENTRATED
2026-10-06,8485366,10.0,6.0,0.17647058823529413,0.3235294117647059,0.4411764705882353,0.4428074427700477,1.505545305418162,3.4109615353163787,26.312,2.6896749080718125,20.57,29.67,7.753116448768623,4.790419161676647,-2.9626972870919754,-1.4,9,HIGH_D10_DISTRIBUTED
2026-10-06,8485388,5.0,4.0,0.36363636363636365,0.6363636363636364,0.8181818181818182,0.5926547641093316,1.3038404810405297,5.182772923817454,14.508,2.6850176908169523,11.97,18.75,9.098428453267164,7.991120976692563,-1.1073074765746016,-0.20000000000000018,10,HIGH_D10_CONCENTRATED
2026-10-06,8485391,10.0,6.0,0.2,0.36666666666666664,0.5333333333333333,0.6285393610547089,1.8856180831641267,5.4833869154879915,18.525000000000002,2.682566142914487,13.23,22.07,9.7165991902834,3.2200357781753133,-6.496563412108086,-2.0,10,HIGH_D10_DISTRIBUTED
2026-10-06,8485702,10.0,4.0,0.23529411764705882,0.47058823529411764,0.5882352941176471,0.834197936713045,1.4181364924121764,6.4461611866016195,12.836000000000002,3.412451709060022,7.2,18.13,7.946400747896541,6.857142857142857,-1.089257890753684,0.30000000000000004,9,HIGH_D10_DISTRIBUTED
2026-10-06,8485957,7.0,1.0,0.3333333333333333,0.6666666666666666,1.0,1.247219128924647,0.5345224838248487,1.7282271192904404,16.60857142857143,3.850655479142171,11.43,23.8,1.5482539136418372,0.0,-1.5482539136418372,-0.4285714285714285,1,OTHER
2026-10-06,8486067,5.0,3.0,0.42857142857142855,0.5714285714285714,0.7142857142857143,0.6388765649999399,0.8944271909999159,2.1441031491527394,16.21,2.8777856070249563,12.77,20.65,5.1819864281307835,16.271186440677965,11.089200012547181,2.6,5,OTHER
2026-10-07,8470613,10.0,3.0,0.15,0.3,0.45,0.5773502691896257,1.1547005383792515,3.8317417142981083,18.464999999999996,2.5063353061126254,13.17,21.67,6.498781478472786,6.870229007633588,0.37144752916080215,0.0,7,OTHER
2026-10-07,8471214,10.0,7.0,0.21875,0.34375,0.46875,0.5855612217731332,1.8737959096740262,7.189511631141199,16.116,1.913711925377833,12.77,18.8,11.913626209977664,8.520710059171599,-3.392916150806066,-1.1999999999999997,10,HIGH_D10_DISTRIBUTED
2026-10-07,8471215,10.0,6.0,0.25,0.4166666666666667,0.5,0.6273105439242342,1.5055453054181622,4.790012747950966,17.853,1.0558414232786626,15.78,19.68,8.065871282137456,3.4548944337811895,-4.610976848356266,-1.4000000000000004,9,HIGH_D10_DISTRIBUTED
2026-10-07,8471675,10.0,5.0,0.2,0.36,0.52,0.6599663291074443,1.6499158227686108,5.766105784961003,18.003,1.7521482052992352,14.72,19.93,8.331944675887351,6.277244986922406,-2.054699688964946,-0.5,9,HIGH_D10_DISTRIBUTED
2026-10-07,8471724,10.0,4.0,0.36363636363636365,0.6363636363636364,0.8181818181818182,1.3173978860172217,1.449137674618944,4.518609042712496,19.419999999999998,2.1162440522985264,16.1,23.38,3.398558187435633,10.424710424710426,7.026152237274793,1.9,2,OTHER
2026-10-07,8473986,10.0,3.0,0.21428571428571427,0.35714285714285715,0.5,0.6900655593423543,0.9660917830792959,3.336028754028332,16.961999999999996,2.004654583712615,14.37,20.4,4.952246197382384,12.631578947368421,7.679332749986037,0.6000000000000001,5,OTHER
2026-10-07,8474578,10.0,4.0,0.23529411764705882,0.4117647058823529,0.5882352941176471,0.834197936713045,1.4181364924121764,3.863129946468002,21.336000000000002,1.8465776151813629,18.77,24.0,4.780652418447694,9.703504043126683,4.922851624678989,2.3,5,OTHER
2026-10-07,8475172,10.0,5.0,0.21739130434782608,0.391304347826087,0.5217391304347826,0.6813135810749658,1.5670212364724212,4.960409252175732,15.728,3.8712065302693417,6.15,19.13,8.774160732451678,13.259668508287293,4.4855077758356146,1.7000000000000002,9,HIGH_D10_DISTRIBUTED
2026-10-07,8475218,10.0,2.0,0.3333333333333333,0.5,0.6666666666666666,1.165343164633502,0.6992058987801011,2.006579143921391,20.086999999999996,2.3067680613553003,14.82,22.68,1.7922039129785434,2.7355623100303945,0.9433583970518511,0.4,1,OTHER
2026-10-07,8475754,10.0,3.0,0.2,0.4,0.5333333333333333,0.7200822998230957,1.0801234497346435,3.4127682116050564,18.511000000000003,2.417953450521513,13.85,21.63,4.8619739614283395,0.0,-4.8619739614283395,-1.5,5,OTHER
2026-10-07,8475768,10.0,4.0,0.3076923076923077,0.6153846153846154,0.7692307692307693,1.2054009511326316,1.5670212364724212,6.124668251281082,14.854,1.6118326353702,12.82,17.32,5.251110811902518,9.033877038895861,3.782766226993343,0.7000000000000002,6,OTHER
2026-10-07,8475795,10.0,2.0,0.5,0.75,1.0,1.7480147469502527,0.6992058987801011,4.402800952273249,8.742222222222223,3.305048327096662,5.7,13.68,3.050330452465684,0.0,-3.050330452465684,-0.4574478901881036,2,OTHER
2026-10-07,8475798,10.0,3.0,0.21428571428571427,0.42857142857142855,0.6428571428571429,1.0753895038701158,1.505545305418162,4.099446689634142,19.853,2.9905631205138894,15.55,23.58,4.2310985745227425,5.56844547563805,1.3373469011153079,0.6000000000000001,4,OTHER
2026-10-07,8475810,10.0,4.0,0.21052631578947367,0.42105263157894735,0.5789473684210527,0.7212212207401567,1.3703203194062976,4.353229046305503,17.439,3.845041395529225,8.07,21.55,6.53707207982109,9.399477806788513,2.862405726967422,1.1,7,OTHER
2026-10-07,8476312,10.0,3.0,0.15789473684210525,0.3157894736842105,0.47368421052631576,0.4608394925110069,0.8755950357709131,3.6898389249993238,17.288,2.9743525906209127,11.77,21.25,6.594169366034244,0.0,-6.594169366034244,-1.8999999999999997,7,OTHER
2026-10-07,8476331,10.0,1.0,0.14285714285714285,0.2857142857142857,0.42857142857142855,0.6900655593423541,0.4830458915396479,1.3940624630103482,21.580000000000002,1.7948320874728712,17.95,23.6,1.9462465245597775,0.0,-1.9462465245597775,-0.6999999999999998,1,OTHER
2026-10-07,8476392,10.0,2.0,0.25,0.5,0.625,0.9860132971832694,0.7888106377466155,2.982098129471539,15.667000000000002,1.104315273018635,13.72,17.45,3.0637646007531756,8.098987626546682,5.035223025793506,1.2000000000000002,2,OTHER
2026-10-07,8476432,10.0,4.0,0.14285714285714285,0.25,0.35714285714285715,0.28171808490950556,0.7888106377466155,3.4116884152502442,15.91,2.0647464197275602,12.83,18.93,10.559396605908232,6.7164179104477615,-3.84297869546047,-0.7999999999999994,10,HIGH_D10_DISTRIBUTED
2026-10-07,8476455,10.0,5.0,0.2631578947368421,0.42105263157894735,0.5789473684210527,0.8020441719763131,1.5238839267549948,5.68943001120208,16.677,3.081197638725709,14.02,24.4,6.835761827666847,11.790393013100436,4.954631185433589,1.1,8,OTHER
2026-10-07,8476460,10.0,4.0,0.2222222222222222,0.3888888888888889,0.5555555555555556,0.7314228762270926,1.3165611772087666,3.6598390770706244,20.884,1.5540070069912095,18.1,22.73,5.171423099023175,2.6905829596412554,-2.48084013938192,-0.8000000000000005,5,OTHER
2026-10-07,8476473,10.0,3.0,0.2727272727272727,0.45454545454545453,0.6363636363636364,0.9040262963743211,0.9944289260117533,2.854720754041871,21.440999999999995,2.0763988591362263,18.48,24.78,3.0782146355114035,0.0,-3.0782146355114035,-1.1,2,OTHER
2026-10-07,8476480,10.0,4.0,0.25,0.4375,0.5625,0.7905694150420948,1.2649110640673518,6.531277264411305,12.033,3.2815242054739002,3.85,15.93,7.978060334081277,0.0,-7.978060334081277,-1.6,9,HIGH_D10_DISTRIBUTED
2026-10-07,8476483,10.0,8.0,0.26666666666666666,0.43333333333333335,0.5333333333333333,0.6666666666666666,2.0,6.735869747593926,18.126,1.497644075799647,14.98,20.62,9.930486593843098,9.294320137693632,-0.636166456149466,0.0,10,HIGH_D10_DISTRIBUTED
2026-10-07,8476880,10.0,5.0,0.25,0.45,0.6,0.816496580927726,1.632993161855452,5.475536285368094,18.284,1.9772213948985191,16.62,23.28,6.56311529205863,6.055508830950379,-0.5076064611082511,0.0,7,OTHER
2026-10-07,8476967,10.0,5.0,0.35714285714285715,0.5714285714285714,0.7142857142857143,1.1268723396380222,1.577621275493231,4.402105244101104,20.953000000000003,1.6972988344228996,16.8,22.67,4.008972462177254,6.997084548104957,2.9881120859277033,0.6000000000000001,3,OTHER
2026-10-07,8477450,10.0,2.0,0.16666666666666666,0.3333333333333333,0.5,0.6573421981221796,0.7888106377466155,3.0230555608861946,14.813999999999998,1.249125916613516,12.1,16.6,4.860267314702309,6.282722513089005,1.4224551983866958,-0.19999999999999996,5,OTHER
2026-10-07,8477476,10.0,3.0,0.23076923076923078,0.46153846153846156,0.6153846153846154,0.8919244682526197,1.1595018087284057,3.403975022069362,18.356,2.3947869309073084,13.8,22.28,4.2492917847025495,0.0,-4.2492917847025495,-1.3,4,OTHER
2026-10-07,8477492,10.0,8.0,0.20512820512820512,0.358974358974359,0.5128205128205128,0.6216443263578865,2.4244128727957572,7.700512738269179,20.928,3.128708643798233,16.65,27.95,11.181192660550458,2.972749793559042,-8.208442866991415,-2.9,10,HIGH_D10_DISTRIBUTED
2026-10-07,8477504,10.0,7.0,0.2413793103448276,0.3793103448275862,0.5172413793103449,0.6982226459074684,2.0248456731316584,5.509052536972091,23.383000000000003,2.150860551293624,20.25,26.67,7.441303511097806,6.293706293706294,-1.147597217391512,-1.9,8,OTHER
2026-10-07,8477845,10.0,5.0,0.5555555555555556,0.6666666666666666,0.7777777777777778,1.6932043630611051,1.5238839267549946,4.821240035057424,19.290000000000003,1.0047885349664376,17.35,20.7,2.7993779160186625,3.658536585365854,0.8591586693471913,0.09999999999999998,2,OTHER
2026-10-07,8477934,10.0,5.0,0.16666666666666666,0.3333333333333333,0.5,0.6285393610547089,1.8856180831641267,10.372626530349276,18.958,5.848934945782864,3.2,24.13,9.494672433801034,6.217616580310881,-3.277055853490153,-0.9999999999999996,10,HIGH_D10_DISTRIBUTED
2026-10-07,8477949,10.0,6.0,0.21428571428571427,0.39285714285714285,0.5357142857142857,0.6254250255506523,1.7511900715418263,6.540611565229552,18.621999999999996,2.2403957983653995,14.9,21.38,9.021587369777682,19.372197309417043,10.35060993963936,3.2000000000000006,10,HIGH_D10_DISTRIBUTED
2026-10-07,8477953,10.0,3.0,0.23076923076923078,0.38461538461538464,0.46153846153846156,0.5191911982388868,0.6749485577105528,2.247844627965282,16.86,2.3015453745496983,11.85,20.52,4.6263345195729535,10.9979633401222,6.371628820549246,1.7,4,OTHER
2026-10-07,8478013,10.0,3.0,0.21428571428571427,0.35714285714285715,0.5,0.6900655593423543,0.9660917830792959,3.7898113854405446,16.66,3.056435832796102,13.03,22.57,5.042016806722689,3.7894736842105265,-1.2525431225121624,-0.3999999999999999,5,OTHER
2026-10-07,8478038,10.0,3.0,0.2727272727272727,0.45454545454545453,0.6363636363636364,1.0004590314678288,1.1005049346146119,2.4506847400910505,23.575,3.6296870082388337,18.92,31.35,2.799575821845175,5.590062111801243,2.7904862899560676,0.8999999999999999,2,OTHER
2026-10-07,8478398,10.0,9.0,0.2,0.3333333333333333,0.4666666666666667,0.5051178406291057,2.273030282830976,6.476457860490876,20.96,0.9251546417281336,19.52,22.45,12.881679389312977,12.05020920502092,-0.8314701842920567,-0.5,10,HIGH_D10_DISTRIBUTED
2026-10-07,8478402,10.0,8.0,0.2,0.35,0.475,0.5773502691896257,2.309401076758503,6.712678091579364,23.137,2.9987703035299877,19.22,27.92,10.37299563469767,2.4473147518694764,-7.9256808828281935,-3.0,10,HIGH_D10_DISTRIBUTED
2026-10-07,8478421,10.0,5.0,0.2631578947368421,0.47368421052631576,0.5789473684210527,0.802044171976313,1.5238839267549946,6.237345862682869,15.261,1.2285171730360325,13.35,17.07,7.470021623746805,6.451612903225806,-1.0184087205209993,-0.8999999999999997,8,OTHER
2026-10-07,8478438,10.0,4.0,0.2222222222222222,0.3888888888888889,0.5555555555555556,0.8198497637473577,1.475729574745244,5.663764470702072,15.989999999999998,1.5963778444410404,14.48,19.93,6.75422138836773,11.77753544165758,5.02331405328985,1.2,8,OTHER
2026-10-07,8478440,10.0,4.0,0.23529411764705882,0.4117647058823529,0.5294117647058824,0.7362738570791603,1.2516655570345725,4.849684383075991,16.245555555555555,2.1754603599647084,13.18,20.02,6.976267013200191,4.438964241676942,-2.5373027715232492,-0.8999863210450725,8,OTHER
2026-10-07,8478462,10.0,3.0,0.21428571428571427,0.42857142857142855,0.5714285714285714,0.7678340712665287,1.07496769977314,4.4929476085170865,13.897,3.3671519452234735,8.67,19.77,6.0444700295027705,14.794520547945206,8.750050518442436,1.6,7,OTHER
2026-10-07,8478463,10.0,3.0,0.2,0.4,0.5333333333333333,0.7200822998230957,1.0801234497346435,4.584761531948949,15.097999999999999,2.156632148100882,11.62,17.93,5.9610544442972575,5.572755417956656,-0.38829902634060165,-0.5,7,OTHER
2026-10-07,8478472,10.0,2.0,0.4,0.6,0.8,1.4142135623730951,0.7071067811865476,4.146640563781186,11.001,3.9655921513830834,6.37,15.6,2.727024815925825,0.0,-2.727024815925825,-0.4999999999999999,2,OTHER
2026-10-07,8478854,10.0,2.0,0.25,0.5,0.625,0.9860132971832694,0.7888106377466155,2.38661426189834,21.132,2.4188785280235408,18.0,25.2,2.271436683702442,4.897959183673469,2.626522499971027,1.2,1,OTHER
2026-10-07,8479345,10.0,3.0,0.17647058823529413,0.35294117647058826,0.47058823529411764,0.5580489988532434,0.9486832980505138,3.0158858892617717,22.396000000000004,3.1871136367147836,17.68,27.18,4.554384711555635,2.3653088042049935,-2.189075907350641,-0.7000000000000002,4,OTHER
2026-10-07,8479365,10.0,3.0,0.21428571428571427,0.35714285714285715,0.5,0.6900655593423543,0.9660917830792959,4.312825912352483,12.38,2.73114546583582,8.25,16.17,6.78513731825525,0.0,-6.78513731825525,-1.4,8,OTHER
2026-10-07,8479368,10.0,3.0,0.375,0.625,0.75,1.2909944487358056,1.0327955589886446,5.90000770195852,10.331,3.7951766171754837,2.12,17.08,4.646210434614268,0.0,-4.646210434614268,-0.8,4,OTHER
2026-10-07,8479385,10.0,3.0,0.17647058823529413,0.29411764705882354,0.4117647058823529,0.39702856335914877,0.6749485577105528,2.5607365280688934,14.73777777777778,1.6888811220581645,12.27,17.1,7.689987937273824,5.01392757660167,-2.676060360672154,-0.8678980699638119,9,HIGH_D10_DISTRIBUTED
2026-10-07,8479398,10.0,3.0,0.25,0.5,0.6666666666666666,1.0243938285880987,1.2292725943057183,3.5050770466279313,19.44,1.849348233537667,17.0,21.75,3.703703703703704,3.1578947368421053,-0.5458089668615989,-0.20000000000000018,3,OTHER
2026-10-07,8479400,10.0,4.0,0.2857142857142857,0.42857142857142855,0.5714285714285714,0.7678340712665287,1.07496769977314,3.306731893677968,15.142000000000001,3.692643738269071,7.03,19.03,5.547483819838859,10.179076343072573,4.6315925232337145,1.6,6,OTHER
2026-10-07,8479576,10.0,3.0,0.42857142857142855,0.5714285714285714,0.7142857142857143,1.355261854357877,0.9486832980505138,3.1467312944847214,20.027,2.4994223777149434,15.42,24.18,2.097168822090178,0.0,-2.097168822090178,-0.7000000000000001,1,OTHER
2026-10-07,8479983,10.0,3.0,0.21428571428571427,0.42857142857142855,0.5714285714285714,0.7678340712665287,1.07496769977314,3.597686485756646,20.769,2.6501088027978525,16.88,24.45,4.044489383215369,0.0,-4.044489383215369,-1.4,3,OTHER
2026-10-07,8480014,10.0,3.0,0.15789473684210525,0.3157894736842105,0.47368421052631576,0.4608394925110069,0.8755950357709131,3.772340852253959,16.564,1.6609314655738612,14.35,19.42,6.8823955566288335,8.362369337979093,1.4799737813502594,0.10000000000000009,8,OTHER
2026-10-07,8480029,5.0,4.0,0.4,0.6,0.8,0.7071067811865476,1.4142135623730951,5.149558143019161,14.99,1.6472552929039264,12.72,16.78,8.005336891260841,0.0,-8.005336891260841,-2.0,9,HIGH_D10_CONCENTRATED
2026-10-07,8480039,10.0,5.0,0.14705882352941177,0.2647058823529412,0.38235294117647056,0.42054138410837677,1.429840705968481,4.44500707229709,20.824,3.664715238293117,15.42,29.13,9.796388782174414,8.75912408759124,-1.0372646945831736,-0.40000000000000036,10,HIGH_D10_DISTRIBUTED
2026-10-07,8480043,10.0,2.0,0.18181818181818182,0.36363636363636365,0.5454545454545454,0.6707861703387471,0.7378647873726218,1.9834389449545835,17.34111111111111,2.279136044888744,14.8,21.27,4.228871660152496,3.5190615835777126,-0.7098100765747835,-0.2401166143397191,4,OTHER
2026-10-07,8480049,10.0,3.0,0.3,0.5,0.7,1.0540925533894598,1.0540925533894598,3.2530144122176328,21.854,2.4365786577813484,18.78,26.87,2.745492815960465,4.721311475409836,1.975818659449371,1.0,2,OTHER
2026-10-07,8480068,10.0,4.0,0.26666666666666666,0.4666666666666667,0.6,0.8461970117626564,1.2692955176439846,5.537608246699222,15.203,2.0871727288367867,12.02,18.52,5.919884233374992,0.0,-5.919884233374992,-1.5,7,OTHER
2026-10-07,8480069,10.0,4.0,0.16666666666666666,0.3333333333333333,0.4583333333333333,0.5270462766947299,1.2649110640673518,3.0992181021821863,22.976,3.7351489632647557,17.25,28.87,6.2674094707520895,9.49868073878628,3.231271268034191,1.6000000000000005,7,OTHER
2026-10-07,8480113,10.0,4.0,0.18181818181818182,0.3181818181818182,0.45454545454545453,0.5984368987312575,1.3165611772087666,4.994842019873466,15.012,3.9785754010980137,9.88,20.75,8.792965627498,7.792207792207791,-1.0007578352902096,-0.20000000000000018,9,HIGH_D10_DISTRIBUTED
2026-10-07,8480145,10.0,5.0,0.3125,0.5,0.625,0.9860132971832694,1.577621275493231,3.942820522577146,22.613999999999997,2.600346985393381,18.83,27.27,4.245157866808172,2.5899280575539567,-1.655229809254215,-0.6000000000000001,4,OTHER
2026-10-07,8480289,10.0,4.0,0.3076923076923077,0.46153846153846156,0.6153846153846154,0.8919244682526197,1.1595018087284057,3.959401295700565,14.843,2.141121461083213,11.45,18.37,5.255002358013878,0.0,-5.255002358013878,-1.3,6,OTHER
2026-10-07,8480448,10.0,2.0,0.18181818181818182,0.36363636363636365,0.45454545454545453,0.5160420110886789,0.5676462121975467,2.5656985865464725,12.948000000000002,2.1050352332759976,9.42,16.53,5.097312326227989,4.639175257731959,-0.45813706849603,-0.10000000000000009,5,OTHER
2026-10-07,8480796,10.0,2.0,0.2857142857142857,0.42857142857142855,0.5714285714285714,0.96421222530079,0.674948557710553,2.181943047125387,18.858888888888885,1.1844771467238664,16.92,21.17,2.4745183526777823,0.0,-2.4745183526777823,-0.7681317386437282,1,OTHER
2026-10-07,8480803,10.0,6.0,0.2222222222222222,0.37037037037037035,0.5185185185185185,0.7209284602793299,1.946506842754191,4.735892220526172,25.294000000000004,2.512259717642443,22.53,30.52,6.404680952004428,10.367170626349893,3.9624896743454645,1.2999999999999998,7,OTHER
2026-10-07,8480834,10.0,1.0,0.25,0.5,0.75,1.2909944487358056,0.5163977794943223,2.1535805112042983,15.511000000000001,5.180316270911137,10.37,26.3,1.5472890206949907,0.0,-1.5472890206949907,-0.3999999999999999,1,OTHER
2026-10-07,8480980,10.0,4.0,0.3333333333333333,0.5,0.5833333333333334,0.9460770203292445,1.1352924243950933,4.687919416817141,15.089999999999998,1.666346635940767,13.18,18.5,4.7713717693836974,0.0,-4.7713717693836974,-1.2,5,OTHER
2026-10-07,8481030,10.0,1.0,0.3333333333333333,0.6666666666666666,1.0,1.6101529717988263,0.4830458915396479,1.4655102943623373,17.121000000000002,5.621714744334389,2.9,22.75,1.0513404590853337,0.0,-1.0513404590853337,-0.2999999999999999,1,OTHER
2026-10-07,8481043,10.0,3.0,0.16666666666666666,0.3333333333333333,0.5,0.7314228762270926,1.3165611772087666,6.141097285382151,12.754999999999999,2.198990930202103,8.48,16.1,8.467267738141905,0.0,-8.467267738141905,-1.8000000000000005,9,HIGH_D10_DISTRIBUTED
2026-10-07,8481481,10.0,4.0,0.36363636363636365,0.5454545454545454,0.7272727272727273,1.245745744914816,1.3703203194062976,6.082229759126009,14.235,1.9031742490434822,10.35,16.73,4.636459430979979,5.51301684532925,0.8765574143492705,-0.10000000000000009,4,OTHER
2026-10-07,8481527,10.0,3.0,0.3333333333333333,0.5555555555555556,0.6666666666666666,1.1049210289019482,0.9944289260117534,3.2644276927264064,15.669999999999996,4.07415703619234,11.57,23.08,3.446075303126994,3.451581975071908,0.005506671944913943,0.09999999999999987,3,OTHER
2026-10-07,8481538,5.0,1.0,1.0,1.0,1.0,2.2360679774997902,0.44721359549995804,1.9657740461536615,14.856,3.878031717250388,9.82,19.15,0.8077544426494345,5.9405940594059405,5.132839616756506,0.8,1,OTHER
2026-10-07,8481582,10.0,6.0,0.3333333333333333,0.5555555555555556,0.6666666666666666,1.0409977275966813,1.8737959096740262,7.669300119654789,14.533000000000001,1.7696267654194457,11.32,18.12,7.431363104658364,7.03125,-0.4001131046583639,-0.7999999999999998,8,OTHER
2026-10-07,8481605,10.0,3.0,0.25,0.4166666666666667,0.5833333333333334,0.8606629658238704,1.0327955589886444,2.5072818142957543,24.270000000000003,2.9505404401378557,20.77,29.62,2.9666254635352285,0.0,-2.9666254635352285,-1.2,2,OTHER
2026-10-07,8481617,10.0,7.0,0.21875,0.40625,0.53125,0.6038073644245598,1.9321835661585918,6.316633289608549,17.44,2.0166198341669546,13.57,20.37,11.009174311926603,9.88106129917658,-1.128113012750024,-0.19999999999999973,10,HIGH_D10_DISTRIBUTED
2026-10-07,8481656,10.0,4.0,0.2222222222222222,0.3333333333333333,0.4444444444444444,0.573775310549247,1.0327955589886446,4.109404422501702,16.821111111111108,1.255920423876892,15.28,19.3,7.1338925952837045,3.7344398340248963,-3.399452761258808,-0.8766893453992997,8,OTHER
2026-10-07,8481754,10.0,3.0,0.375,0.5,0.625,1.148670729340852,0.9189365834726816,4.491093049770048,12.631,2.0389073871398216,10.35,15.98,3.8001741746496713,5.389221556886228,1.5890473822365565,0.19999999999999996,3,OTHER
2026-10-07,8482088,10.0,2.0,0.3333333333333333,0.5,0.6666666666666666,1.165343164633502,0.6992058987801011,2.8529719146005728,15.186999999999998,3.1559258194352062,12.4,22.57,2.3704484098241916,0.0,-2.3704484098241916,-0.5999999999999999,1,OTHER
2026-10-07,8482148,10.0,3.0,0.375,0.625,0.75,1.2909944487358056,1.0327955589886446,3.6464676076105746,13.040000000000001,2.664111275620613,10.55,18.8,3.6809815950920246,4.603580562659848,0.922598967567823,0.19999999999999996,3,OTHER
2026-10-07,8482149,10.0,4.0,0.26666666666666666,0.5333333333333333,0.6666666666666666,0.9558139185602919,1.4337208778404378,4.61786286400072,16.57,2.4353096996754506,12.38,19.98,5.431502715751358,6.304728546409806,0.8732258306584484,0.5,6,OTHER
2026-10-07,8482408,10.0,3.0,0.25,0.5,0.6666666666666666,0.9460770203292445,1.1352924243950933,7.45182049069301,8.809999999999999,2.4893818956163036,5.3,13.87,8.172531214528945,13.333333333333332,5.160802118804387,0.8,9,HIGH_D10_CONCENTRATED
2026-10-07,8482475,10.0,4.0,0.19047619047619047,0.3333333333333333,0.47619047619047616,0.5701042855894595,1.1972189997378648,4.267089004629943,15.983000000000004,1.4921055220355193,13.62,17.98,7.883376087092536,7.7502691065662,-0.1331069805263363,-0.10000000000000009,9,HIGH_D10_DISTRIBUTED
2026-10-07,8482731,9.0,4.0,0.3076923076923077,0.6153846153846154,0.7692307692307693,1.153846153846154,1.6666666666666667,5.958731054131013,15.811111111111112,4.327243477216311,9.25,23.37,5.481377371749824,10.098176718092567,4.616799346342743,0.5555555555555556,6,OTHER
2026-10-07,8482742,10.0,5.0,0.25,0.45,0.55,0.7453559924999299,1.4907119849998598,5.874842076849048,13.85,1.9078609313399482,10.03,16.92,8.664259927797834,21.51394422310757,12.849684295309734,1.0,9,HIGH_D10_DISTRIBUTED
2026-10-07,8482758,10.0,3.0,0.2727272727272727,0.45454545454545453,0.6363636363636364,0.9040262963743211,0.9944289260117533,3.846265153325678,13.809999999999999,2.922757449928254,10.1,18.15,4.779145546705286,4.245283018867925,-0.5338625278373614,-0.10000000000000009,5,OTHER
2026-10-07,8482765,10.0,3.0,0.25,0.4166666666666667,0.5,0.6573421981221796,0.7888106377466155,2.883649178783753,12.450999999999999,2.58172831860967,7.82,17.98,5.782668058790459,5.853658536585366,0.07099047779490686,-0.19999999999999996,6,OTHER
2026-10-07,8482768,10.0,3.0,0.23076923076923078,0.38461538461538464,0.5384615384615384,0.8148845426702924,1.0593499054713802,4.386902493522203,13.663999999999998,2.5449784980536783,10.48,17.82,5.708430913348946,9.290322580645162,3.581891667296216,0.7,6,OTHER
2026-10-07,8483398,10.0,3.0,0.23076923076923078,0.46153846153846156,0.6153846153846154,0.9628196592573635,1.2516655570345725,3.9336524559883586,16.958000000000002,5.22343182208785,5.03,22.4,4.599599009317137,0.0,-4.599599009317137,-1.2999999999999998,4,OTHER
2026-10-07,8483445,10.0,5.0,0.1388888888888889,0.2777777777777778,0.4166666666666667,0.37497142095030717,1.349897115421106,3.9692704426598118,16.083,5.133712215454925,3.33,22.05,13.430330162283155,17.379310344827584,3.948980182544428,3.4000000000000004,10,HIGH_D10_DISTRIBUTED
2026-10-07,8483455,10.0,7.0,0.35,0.5,0.65,1.0540925533894598,2.1081851067789197,7.9140925906804895,12.447,3.20778930452457,8.37,17.98,9.640877319836106,0.0,-9.640877319836106,-1.9999999999999996,10,HIGH_D10_CONCENTRATED
2026-10-07,8483471,10.0,2.0,0.18181818181818182,0.36363636363636365,0.5454545454545454,0.7959954870644664,0.8755950357709131,4.266336972430028,13.107000000000003,2.740819220598104,10.45,17.97,5.035477225909819,0.0,-5.035477225909819,-1.1,5,OTHER
2026-10-07,8483482,10.0,4.0,0.3333333333333333,0.6666666666666666,0.8333333333333334,1.3494397557212354,1.6193277068654823,5.275284358866707,21.21,5.080960101748049,14.83,28.13,3.3946251768033946,0.0,-3.3946251768033946,-1.2,2,OTHER
2026-10-07,8483490,10.0,2.0,0.16666666666666666,0.3333333333333333,0.5,0.6573421981221796,0.7888106377466155,2.6528441353964567,19.573,1.650892351292342,17.73,22.1,3.678536759822204,6.76056338028169,3.082026620459486,0.8,3,OTHER
2026-10-07,8483521,4.0,3.0,0.6,1.0,1.0,1.2,1.5,4.709224300348993,14.92,4.65803248879467,9.55,20.68,5.02680965147453,3.4715525554484086,-1.5552570960261218,-0.25,5,OTHER
2026-10-07,8484153,10.0,6.0,0.1935483870967742,0.3225806451612903,0.45161290322580644,0.5576904292425781,1.728840330651992,5.90355826061605,18.441,2.3776293048141697,14.25,21.75,10.08622092077436,0.0,-10.08622092077436,-3.0999999999999996,10,HIGH_D10_DISTRIBUTED
2026-10-07,8484186,10.0,5.0,0.18518518518518517,0.3333333333333333,0.4444444444444444,0.4294451143438539,1.1595018087284057,4.386251019002557,14.34333333333333,1.3978912690191605,12.13,16.08,12.54938415059261,8.64345738295318,-3.9059267676394303,-0.9880083662561003,10,HIGH_D10_DISTRIBUTED
2026-10-07,8484258,10.0,5.0,0.25,0.45,0.55,0.7453559924999299,1.4907119849998598,4.345226804026413,20.002,3.1591693704376023,14.45,24.42,5.9994000599940005,3.2229185317815574,-2.776481528212443,-1.0,7,OTHER
2026-10-07,8484262,7.0,2.0,0.4,0.8,1.0,1.3316656236958784,0.9511897312113418,2.942534010458236,17.841428571428573,2.673726666230915,14.13,20.63,2.402113860196973,9.090909090909092,6.688795230712119,1.2857142857142858,1,OTHER
2026-10-07,8484509,10.0,2.0,0.5,0.75,1.0,1.7480147469502527,0.6992058987801011,3.6559312936823107,11.510000000000002,3.093459049169536,6.3,17.75,2.0851433536055604,0.0,-2.0851433536055604,-0.4,1,OTHER
2026-10-07,8484762,10.0,6.0,0.23076923076923078,0.34615384615384615,0.46153846153846156,0.5499387330648003,1.429840705968481,4.210082117531837,18.694,2.3339342083462618,14.83,21.73,8.344923504867872,16.82242990654206,8.477506401674187,4.4,9,HIGH_D10_DISTRIBUTED
2026-10-07,8484873,10.0,3.0,0.2,0.3333333333333333,0.4666666666666667,0.6478835438717,0.97182531580755,3.318000074102065,18.985,1.8628964902359266,16.92,22.82,4.74058467210956,10.920121334681495,6.179536662571935,1.5,5,OTHER
2026-10-07,8484999,8.0,3.0,0.375,0.75,0.875,1.3093073414159542,1.3093073414159542,5.329426262189582,14.271428571428572,2.5004294869177217,9.92,16.1,4.804804804804805,5.113636363636364,0.3088315588315593,-0.1428571428571428,5,OTHER
2026-10-07,8485414,10.0,5.0,0.3333333333333333,0.5333333333333333,0.6666666666666666,1.0061539042374907,1.509230856356236,6.319529357419622,13.635,3.518008432811572,6.22,18.62,6.600660066006601,6.122448979591836,-0.4782110864147642,0.5,7,OTHER
2026-10-07,8485512,10.0,2.0,0.3333333333333333,0.5,0.6666666666666666,1.165343164633502,0.6992058987801011,2.87568815505057,13.76,3.2123373283500456,9.8,18.72,2.616279069767442,3.4648700673724737,0.8485909976050316,0.40000000000000013,2,OTHER
2026-10-07,8486025,5.0,2.0,0.3333333333333333,0.5,0.6666666666666666,0.37267799624996495,0.4472135954999579,1.4731492703833804,14.016,1.4371951850740383,12.25,15.7,5.136986301369863,4.390243902439025,-0.7467423989308379,-0.20000000000000018,5,OTHER
2026-10-07,8486052,3.0,1.0,0.5,1.0,1.0,0.8660254037844388,0.5773502691896258,2.4064798444122335,14.853333333333333,0.794250170496257,14.37,15.77,2.692998204667864,0.0,-2.692998204667864,-0.6666666666666666,2,OTHER
2026-10-07,8486161,7.0,3.0,0.375,0.625,0.75,0.9354143466934852,1.0690449676496974,5.015308114761422,13.194285714285714,2.9427360123013484,8.37,17.8,5.197055002165439,4.38489646772229,-0.8121585344431494,-0.1428571428571428,5,OTHER
2026-10-07,8486171,5.0,3.0,0.3333333333333333,0.5555555555555556,0.7777777777777778,0.6085806194501845,1.0954451150103321,4.279278552564502,16.946,2.454634392328112,13.58,19.93,6.373185412486722,5.027932960893854,-1.3452524515928683,-0.8000000000000005,7,OTHER
2026-10-08,8470613,10.0,3.0,0.15789473684210525,0.3157894736842105,0.47368421052631576,0.5792131234813747,1.1005049346146119,3.640037432396076,18.414,2.522437974130055,13.17,21.67,6.190941674812643,6.0,-0.19094167481264268,0.10000000000000009,7,OTHER
2026-10-08,8473512,10.0,6.0,0.2608695652173913,0.43478260869565216,0.5652173913043478,0.7682526539535405,1.766981104093143,6.0446406798191505,15.971,1.7713174632333852,13.97,18.35,8.64066119842214,3.043110735418428,-5.597550463003713,-1.2999999999999998,9,HIGH_D10_DISTRIBUTED
2026-10-08,8473533,10.0,4.0,0.2857142857142857,0.5,0.6428571428571429,0.9035079029052513,1.2649110640673518,4.338439755373227,16.375999999999998,1.5709034909178157,13.37,19.1,5.129457743038593,0.0,-5.129457743038593,-1.4,5,OTHER
2026-10-08,8473994,10.0,5.0,0.4166666666666667,0.75,0.9166666666666666,1.5614965913950218,1.8737959096740262,6.945297368808712,12.998,2.4299236384892606,10.05,18.33,5.539313740575473,0.0,-5.539313740575473,-1.1999999999999995,6,OTHER
2026-10-08,8474013,10.0,1.0,0.14285714285714285,0.2857142857142857,0.42857142857142855,0.6900655593423541,0.4830458915396479,1.5213486113168306,17.875999999999998,2.527230368077539,12.67,20.62,2.349518908033117,4.118993135011442,1.7694742269783248,0.30000000000000004,1,OTHER
2026-10-08,8474141,10.0,4.0,0.25,0.4375,0.5625,0.7905694150420948,1.2649110640673518,4.052559677693373,18.882,2.023494227540294,15.15,21.6,5.084207181442644,0.0,-5.084207181442644,-1.6000000000000003,5,OTHER
2026-10-08,8474150,10.0,5.0,0.20833333333333334,0.4166666666666667,0.5416666666666666,0.6860605019571372,1.6465452046971292,6.608763893340875,17.256000000000004,1.8920429875313787,15.27,21.63,8.344923504867872,27.14420358152686,18.799280076658988,5.6,9,HIGH_D10_DISTRIBUTED
2026-10-08,8474151,10.0,2.0,0.2857142857142857,0.5714285714285714,0.7142857142857143,1.1761037176408067,0.8232726023485647,2.788297151399824,17.868999999999996,2.3989231380396965,15.35,22.78,2.35043930829929,0.0,-2.35043930829929,-0.7,1,OTHER
2026-10-08,8474564,10.0,9.0,0.3103448275862069,0.4482758620689655,0.5517241379310345,0.8516613127743772,2.4698178070456938,6.552564307876267,19.011000000000003,2.86495084309196,13.68,22.83,9.152595865551524,5.778491171749599,-3.3741046938019243,-0.8999999999999999,10,HIGH_D10_DISTRIBUTED
2026-10-08,8474567,10.0,1.0,0.3333333333333333,0.6666666666666666,1.0,1.6101529717988265,0.48304589153964794,2.3747024823781473,13.705000000000002,2.4561182110530977,9.47,16.28,1.313389273987596,12.318220701454234,11.004831427466637,3.7,1,OTHER
2026-10-08,8474574,10.0,3.0,0.42857142857142855,0.5714285714285714,0.7142857142857143,1.355261854357877,0.9486832980505138,2.8938305297082954,18.011000000000003,3.5292443320852063,13.22,22.63,2.331908278274388,0.0,-2.331908278274388,-0.7,1,OTHER
2026-10-08,8474590,10.0,6.0,0.2608695652173913,0.43478260869565216,0.6086956521739131,0.8463073229366048,1.946506842754191,4.902039743728749,22.534,2.5616973539693038,17.85,26.52,6.124079169255348,32.14285714285714,26.018777973601793,6.7,7,OTHER
2026-10-08,8474600,10.0,4.0,0.18181818181818182,0.36363636363636365,0.5,0.5984368987312575,1.3165611772087666,3.3737154867024692,24.779999999999998,3.667309034640462,15.52,28.15,5.326876513317191,4.313960455362493,-1.0129160579546976,-0.20000000000000018,6,OTHER
2026-10-08,8474716,10.0,3.0,0.2727272727272727,0.5454545454545454,0.7272727272727273,1.0883809088526044,1.1972189997378648,3.797751189771531,18.434,1.9112776413232646,14.9,21.82,3.5803406748399698,7.2289156626506035,3.6485749878106337,1.9,3,OTHER
2026-10-08,8475151,10.0,6.0,0.2608695652173913,0.43478260869565216,0.5652173913043478,0.7682526539535405,1.766981104093143,5.108053695842167,17.255,3.4927520190627144,9.42,22.47,7.997681831353231,4.455445544554454,-3.5422362867987767,-1.2999999999999998,9,HIGH_D10_DISTRIBUTED
2026-10-08,8475158,10.0,4.0,0.23529411764705882,0.47058823529411764,0.5882352941176471,0.7867608881466227,1.3374935098492586,3.6662864849991834,20.862000000000002,1.734113926796943,17.7,23.67,4.8892723612309466,5.202312138728324,0.31303977749737744,0.30000000000000004,5,OTHER
2026-10-08,8475166,10.0,6.0,0.23076923076923078,0.4230769230769231,0.5769230769230769,0.7519424768520605,1.9550504398153574,7.016459877783117,18.321000000000005,1.922992170782005,14.97,21.05,8.514819060094974,0.0,-8.514819060094974,-2.6000000000000005,9,HIGH_D10_DISTRIBUTED
2026-10-08,8475167,10.0,2.0,0.18181818181818182,0.36363636363636365,0.5454545454545454,0.6707861703387471,0.7378647873726218,3.666940118571288,16.767000000000003,4.803799537865833,4.73,22.18,3.9363034532116656,0.0,-3.9363034532116656,-1.1,3,OTHER
2026-10-08,8475170,10.0,4.0,0.25,0.4375,0.625,0.8436856971381912,1.349897115421106,5.001007198191205,17.206,2.1103459432045732,14.45,20.63,5.579449029408346,3.8420490928495195,-1.7373999365588269,-0.6000000000000001,6,OTHER
2026-10-08,8475171,10.0,2.0,0.2857142857142857,0.42857142857142855,0.5714285714285714,0.9642122253007899,0.6749485577105528,2.4763199990198537,19.193,2.847275695974819,15.5,23.88,2.188297816912416,0.0,-2.188297816912416,-0.7,1,OTHER
2026-10-08,8475172,10.0,5.0,0.18518518518518517,0.3333333333333333,0.48148148148148145,0.5252357379304357,1.4181364924121764,4.33522731539081,16.091,3.9101334163086214,6.15,19.13,10.067739730284009,6.963249516441006,-3.104490213843003,-0.7000000000000002,10,HIGH_D10_DISTRIBUTED
2026-10-08,8475184,10.0,3.0,0.21428571428571427,0.35714285714285715,0.5,0.6023386019368342,0.8432740427115678,3.399590742222388,15.547999999999998,1.7072056440602312,13.52,19.58,5.402624131721121,0.0,-5.402624131721121,-1.4,6,OTHER
2026-10-08,8475188,10.0,3.0,0.25,0.4166666666666667,0.5833333333333334,0.7657804862272346,0.9189365834726815,2.8314365280100064,19.051,0.6751041071979603,17.95,20.08,3.7793291690724895,3.3027522935779814,-0.4765768754945081,-0.1999999999999995,3,OTHER
2026-10-08,8475200,10.0,4.0,0.3333333333333333,0.5,0.6666666666666666,1.0243938285880987,1.2292725943057183,3.359597697175573,19.779999999999998,1.4722016770054895,17.92,22.4,3.640040444893832,0.0,-3.640040444893832,-1.2,3,OTHER
2026-10-08,8475220,10.0,2.0,0.2,0.4,0.5,0.6666666666666666,0.6666666666666666,3.475089590628882,12.154,0.9345610972239558,10.65,13.42,4.936646371564917,5.504587155963303,0.5679407843983855,0.0,5,OTHER
2026-10-08,8475231,10.0,6.0,0.4,0.6666666666666666,0.8666666666666667,1.414213562373095,2.1213203435596424,9.42601563095658,12.797,1.5002596071643364,9.48,14.47,7.032898335547394,8.256880733944955,1.2239823983975615,0.5,8,OTHER
2026-10-08,8475314,10.0,4.0,0.17391304347826086,0.30434782608695654,0.43478260869565216,0.46058691542233926,1.0593499054713802,4.803673912523094,14.109,2.0783885317449404,10.82,17.13,9.780990856899852,3.9173014145810665,-5.863689442318785,-1.3000000000000003,10,HIGH_D10_DISTRIBUTED
2026-10-08,8475343,10.0,2.0,0.2857142857142857,0.5714285714285714,0.7142857142857143,1.1761037176408067,0.8232726023485646,4.351718267431887,11.779,1.393631945672888,8.4,13.83,3.5656677137278208,0.0,-3.5656677137278208,-0.7,3,OTHER
2026-10-08,8475690,10.0,1.0,0.25,0.5,0.75,1.2909944487358056,0.5163977794943223,1.6379294646243443,18.758000000000003,1.9277839897434337,14.83,21.45,1.2794540995841774,0.0,-1.2794540995841774,-0.4,1,OTHER
2026-10-08,8475726,10.0,4.0,0.23529411764705882,0.4117647058823529,0.5882352941176471,0.7362738570791603,1.2516655570345725,5.739503699779186,12.759,2.0770943914784206,9.4,16.02,7.994356924523865,15.141955835962143,7.147598911438278,2.3,9,HIGH_D10_DISTRIBUTED
2026-10-08,8475754,10.0,3.0,0.25,0.4166666666666667,0.5833333333333334,0.8606629658238706,1.0327955589886446,3.5056376939793172,18.031,2.1962617229181856,13.85,21.42,3.993122954910987,3.850267379679144,-0.142855575231843,-0.1999999999999995,3,OTHER
2026-10-08,8475764,10.0,3.0,0.23076923076923078,0.38461538461538464,0.5384615384615384,0.7297563831157798,0.9486832980505138,2.361153150082004,21.012999999999998,3.0145205994393938,16.78,25.4,3.711987817065626,0.0,-3.711987817065626,-1.3,3,OTHER
2026-10-08,8475768,10.0,4.0,0.2857142857142857,0.5714285714285714,0.7142857142857143,1.1268723396380222,1.577621275493231,6.226538174855994,14.769,1.6754133818255124,12.82,17.32,5.687588868576071,8.664259927797834,2.976671059221763,0.6000000000000001,6,OTHER
2026-10-08,8475791,10.0,4.0,0.2,0.35,0.5,0.5270462766947299,1.0540925533894598,4.68312773199387,15.283333333333335,2.363657124034702,12.52,19.4,8.724100327153762,8.748481166464154,0.024380839310392588,-0.23366048709560117,9,HIGH_D10_DISTRIBUTED
2026-10-08,8475794,10.0,4.0,0.3076923076923077,0.5384615384615384,0.6923076923076923,1.0288411614225066,1.3374935098492586,15.226575762958229,14.499,5.02002755636527,1.2,18.58,5.379681357334989,0.0,-5.379681357334989,-1.3,6,OTHER
2026-10-08,8475913,10.0,4.0,0.16666666666666666,0.3333333333333333,0.5,0.5957669608202005,1.4298407059684812,4.772776590972586,18.575,1.7536264013624892,15.85,20.65,7.75235531628533,12.526096033402922,4.773740717117592,2.6,9,HIGH_D10_DISTRIBUTED
2026-10-08,8476278,10.0,3.0,0.42857142857142855,0.7142857142857143,1.0,1.656431155326294,1.1595018087284057,5.306855211541432,12.211,2.31995905136276,7.48,15.6,3.4395217426910163,9.75609756097561,6.316575818284593,1.3000000000000003,3,OTHER
2026-10-08,8476292,10.0,4.0,0.4444444444444444,0.6666666666666666,0.7777777777777778,1.4296488196754653,1.286683937707919,6.4853561072518255,12.049000000000001,2.7162492521858153,9.77,18.35,4.48169972611835,0.0,-4.48169972611835,-0.9,4,OTHER
2026-10-08,8476312,10.0,3.0,0.17647058823529413,0.35294117647058826,0.5294117647058824,0.623147003218459,1.0593499054713802,4.265089878486259,17.289,2.9742167969997677,11.77,21.25,5.899705014749262,5.8679706601467,-0.031734354602562576,0.30000000000000004,7,OTHER
2026-10-08,8476372,10.0,2.0,0.2857142857142857,0.5714285714285714,0.7142857142857143,1.1761037176408067,0.8232726023485646,3.266652832565254,17.963,4.129132408199626,12.83,26.53,2.3381395089907033,3.553800592300099,1.2156610833093957,0.29999999999999993,1,OTHER
2026-10-08,8476389,10.0,4.0,0.3076923076923077,0.46153846153846156,0.6153846153846154,0.9628196592573635,1.2516655570345725,3.865287840243554,18.303,1.5690906779264082,14.73,20.32,4.261596459596787,10.567514677103718,6.305918217506931,1.7,4,OTHER
2026-10-08,8476393,10.0,3.0,0.375,0.625,0.75,1.2909944487358056,1.0327955589886446,4.846671811137618,11.236666666666666,2.914429618295834,6.03,14.52,4.746366063482646,10.698365527488855,5.951999464006209,1.1072085434589143,5,OTHER
2026-10-08,8476399,10.0,4.0,0.16,0.28,0.4,0.38873012632302,0.97182531580755,3.257729323233352,17.843,2.7927248740651525,13.57,22.67,8.40665807319397,25.11627906976744,16.70962099657347,3.5,9,HIGH_D10_DISTRIBUTED
2026-10-08,8476419,10.0,2.0,0.18181818181818182,0.36363636363636365,0.5454545454545454,0.7959954870644664,0.8755950357709131,3.5596274984853724,15.258000000000001,1.61771993181075,13.12,19.0,4.325599685410932,0.0,-4.325599685410932,-1.1,4,OTHER
2026-10-08,8476422,10.0,3.0,0.23076923076923078,0.38461538461538464,0.5384615384615384,0.6332866171912035,0.8232726023485646,3.650914986657987,14.915000000000001,5.339653026596808,10.37,24.75,5.229634596044251,3.5964035964035963,-1.6332309996406549,-0.2999999999999998,6,OTHER
2026-10-08,8476429,10.0,2.0,0.4,0.6,0.8,1.4142135623730951,0.7071067811865476,3.2624989352012204,14.245,1.749306211679997,12.02,17.75,2.106002106002106,0.0,-2.106002106002106,-0.4999999999999999,1,OTHER
2026-10-08,8476448,10.0,5.0,0.2631578947368421,0.42105263157894735,0.5789473684210527,0.7627040392731284,1.4491376746189437,5.1880173167795025,16.368000000000002,4.368123929865849,5.05,20.22,6.964809384164223,3.171806167400881,-3.793003216763342,-0.8999999999999997,8,OTHER
2026-10-08,8476453,10.0,3.0,0.15,0.3,0.45,0.4714045207910317,0.9428090415820634,3.100981390675655,21.116999999999997,2.2352084168297743,16.48,24.12,5.68262537292229,2.8685258964143427,-2.8140994765079475,-1.0,6,OTHER
2026-10-08,8476455,10.0,5.0,0.22727272727272727,0.36363636363636365,0.5,0.6356417261637282,1.3984117975602022,5.318454057131902,16.701,3.0678492285131758,14.02,24.4,7.903718340219148,4.240282685512367,-3.663435654706781,-1.2000000000000002,9,HIGH_D10_DISTRIBUTED
2026-10-08,8476458,10.0,4.0,0.26666666666666666,0.4666666666666667,0.6,0.90267093384844,1.35400640077266,5.2408180831353395,14.068999999999999,1.6273458281645132,11.57,16.1,6.3970431445020965,0.0,-6.3970431445020965,-1.5,7,OTHER
2026-10-08,8476461,10.0,4.0,0.4,0.6,0.7,1.247219128924647,1.247219128924647,4.421131584116739,15.55,1.818332569507936,12.22,17.42,3.858520900321543,13.967022308438409,10.108501408116865,3.0,3,OTHER
2026-10-08,8476463,10.0,2.0,0.2,0.4,0.6,0.9428090415820634,0.9428090415820634,3.1052430192367275,18.912,1.5131629860071985,16.58,21.65,3.1725888324873095,5.217391304347826,2.0448024718605167,1.0,2,OTHER
2026-10-08,8476467,10.0,2.0,0.3333333333333333,0.6666666666666666,0.8333333333333334,1.405456737852613,0.8432740427115678,2.803601952756977,19.148000000000003,2.0511449377251605,17.03,23.63,1.8800919156047629,4.0540540540540535,2.1739621384492906,0.4,1,OTHER
2026-10-08,8476479,10.0,4.0,0.25,0.4375,0.625,0.9860132971832694,1.577621275493231,5.932035679670053,14.438999999999998,2.1272227590608996,11.4,18.0,6.64865987949304,6.440071556350627,-0.20858832314241305,0.3999999999999999,7,OTHER
2026-10-08,8476539,10.0,3.0,0.21428571428571427,0.42857142857142855,0.5714285714285714,0.838419850555191,1.1737877907772674,4.296595291997928,16.241111111111113,1.9854120758953575,13.28,19.42,5.746733255798043,0.0,-5.746733255798043,-1.563015666689471,6,OTHER
2026-10-08,8476624,10.0,2.0,0.5,0.75,1.0,1.7480147469502527,0.6992058987801011,3.948264127399318,12.407,1.718048311311414,10.18,15.3,1.9343918755541227,0.0,-1.9343918755541227,-0.3999999999999999,1,OTHER
2026-10-08,8476853,10.0,4.0,0.23529411764705882,0.4117647058823529,0.5294117647058824,0.623147003218459,1.0593499054713802,3.0575534859382203,20.062,1.1300226153095838,17.95,21.5,5.08423885953544,2.863961813842482,-2.220277045692958,-0.7,5,OTHER
2026-10-08,8476854,10.0,2.0,0.2,0.4,0.6,0.9428090415820634,0.9428090415820634,2.7231336445551606,20.847,1.310428683039765,18.62,22.32,2.878111958555188,3.133159268929504,0.2550473103743158,0.0,2,OTHER
2026-10-08,8476869,10.0,2.0,0.2222222222222222,0.4444444444444444,0.6666666666666666,0.9728833730787925,0.8755950357709132,2.643444533562475,21.703999999999997,2.0277365597028525,18.08,24.17,2.488020641356432,0.0,-2.488020641356432,-0.9,1,OTHER
2026-10-08,8476873,10.0,3.0,0.3,0.5,0.7,1.0540925533894598,1.0540925533894598,4.420593921236873,13.385,2.672353311637932,8.08,17.57,4.482629809488233,7.938257993384784,3.4556281838965512,1.0,4,OTHER
2026-10-08,8476875,10.0,4.0,0.2,0.4,0.55,0.6666666666666666,1.3333333333333333,3.2319405516980435,23.597,3.1276972359868855,16.4,26.4,5.0853922108742635,0.0,-5.0853922108742635,-2.0000000000000004,5,OTHER
2026-10-08,8476878,10.0,1.0,0.3333333333333333,0.6666666666666666,1.0,1.6101529717988263,0.4830458915396479,1.9544758020130193,14.088999999999999,2.93592101770845,7.65,17.72,1.277592448009085,4.157043879907621,2.879451431898536,0.7,1,OTHER
2026-10-08,8476881,10.0,5.0,0.1724137931034483,0.3103448275862069,0.4482758620689655,0.41283413784064305,1.1972189997378648,4.208346107545198,16.377999999999997,1.1520879596049372,14.77,18.53,10.624007815362072,12.258796821793416,1.634789006431344,0.10000000000000009,10,HIGH_D10_DISTRIBUTED
2026-10-08,8476885,10.0,4.0,0.25,0.4375,0.5625,0.7905694150420948,1.2649110640673518,3.646581739230301,21.041,3.0434244236094026,18.13,28.53,4.562520792737987,10.1194659170766,5.556945124338612,2.3999999999999995,4,OTHER
2026-10-08,8476887,10.0,5.0,0.22727272727272727,0.4090909090909091,0.5454545454545454,0.6707861703387471,1.4757295747452437,4.437180499384637,19.746000000000002,1.7807813516044644,16.35,22.32,6.684898207231845,9.090909090909092,2.406010883677247,0.7999999999999998,8,OTHER
2026-10-08,8476889,10.0,3.0,0.3,0.5,0.6,0.9428090415820634,0.9428090415820634,4.3478282666592545,12.036,1.8940855313316767,8.32,15.17,4.985044865403789,4.551201011378002,-0.4338438540257865,0.0,5,OTHER
2026-10-08,8476892,10.0,2.0,0.13333333333333333,0.26666666666666666,0.4,0.47140452079103173,0.7071067811865476,1.9835896759414986,20.666,2.0345963290594584,16.15,23.6,4.35497919287719,0.0,-4.35497919287719,-1.5000000000000002,4,OTHER
2026-10-08,8476902,10.0,3.0,0.2727272727272727,0.5454545454545454,0.7272727272727273,1.0883809088526044,1.1972189997378648,3.1500038441674705,20.782999999999998,2.098401772778512,18.72,25.05,3.17567242457778,0.0,-3.17567242457778,-1.1000000000000003,2,OTHER
2026-10-08,8476906,10.0,4.0,0.2857142857142857,0.5,0.6428571428571429,0.9642122253007899,1.3498971154211057,4.83569407623658,19.148000000000003,1.9569749899043454,15.65,22.67,4.386881136411113,6.159110350727117,1.7722292143160034,0.6000000000000001,4,OTHER
2026-10-08,8476917,10.0,4.0,0.4,0.7,0.8,1.4142135623730951,1.4142135623730951,4.6225900950071015,19.248,1.7169727882396844,16.45,22.37,3.117206982543641,5.638214565387627,2.521007582843986,1.0,2,OTHER
2026-10-08,8476921,10.0,3.0,0.2,0.4,0.6,0.8461970117626564,1.2692955176439846,5.198901456045353,15.283000000000001,1.9506469012441319,12.78,18.73,5.88889615913106,11.404435058078143,5.515538898947082,1.5,7,OTHER
2026-10-08,8476925,10.0,4.0,0.3333333333333333,0.5,0.6666666666666666,1.0243938285880985,1.2292725943057181,5.430333650568971,15.11,3.1266133613082236,11.37,23.15,4.765056254136334,0.0,-4.765056254136334,-1.2,5,OTHER
2026-10-08,8476927,10.0,3.0,0.3,0.5,0.6,0.9428090415820634,0.9428090415820634,3.623788224240296,14.027000000000001,3.178259656548603,9.77,18.57,4.277464889142368,0.0,-4.277464889142368,-1.0,4,OTHER
2026-10-08,8476931,10.0,2.0,0.16666666666666666,0.3333333333333333,0.5,0.5270462766947299,0.6324555320336759,1.9976390736261234,19.425,3.3650334322261943,11.63,25.1,3.7065637065637063,2.5495750708215295,-1.1569886357421768,-0.19999999999999996,3,OTHER
2026-10-08,8476958,10.0,4.0,0.2857142857142857,0.5714285714285714,0.6428571428571429,1.0213147899774866,1.4298407059684812,4.364877746824851,20.538999999999998,3.9567507713611008,13.77,26.9,4.089780417741857,0.0,-4.089780417741857,-1.4,4,OTHER
2026-10-08,8476967,10.0,5.0,0.35714285714285715,0.5714285714285714,0.7142857142857143,1.1268723396380222,1.577621275493231,4.479456052709448,20.568,2.0791493987258884,16.8,22.67,4.084014002333722,0.0,-4.084014002333722,-1.4,4,OTHER
2026-10-08,8476981,10.0,3.0,0.3,0.6,0.7,1.1547005383792515,1.1547005383792515,5.541589543094597,13.443000000000001,1.8579741057877468,11.52,17.63,4.4632894443204645,16.666666666666668,12.203377222346203,3.0,4,OTHER
2026-10-08,8477021,10.0,3.0,0.3,0.5,0.6,0.9428090415820634,0.9428090415820634,3.82606991641987,15.914444444444444,1.5001009225308066,13.33,18.83,4.189066536340152,4.063205417607223,-0.12586111873292882,-0.11170844096907073,4,OTHER
2026-10-08,8477220,10.0,3.0,0.3,0.5,0.7,1.0540925533894598,1.0540925533894598,3.1192350762001304,19.557,2.7537653010620446,15.5,23.45,3.067955207853965,6.382978723404255,3.31502351555029,1.0,2,OTHER
2026-10-08,8477346,10.0,4.0,0.2222222222222222,0.3888888888888889,0.5555555555555556,0.7314228762270926,1.3165611772087666,3.7408539630088997,20.213,1.5341595600052675,17.07,22.0,5.343096027309158,6.850618458610847,1.5075224313016893,0.1999999999999995,6,OTHER
2026-10-08,8477365,10.0,3.0,0.25,0.4166666666666667,0.5833333333333334,0.7657804862272346,0.9189365834726815,2.485533995699792,20.111,2.6547376936756337,16.9,24.17,3.580130276962856,0.0,-3.580130276962856,-1.2,3,OTHER
2026-10-08,8477402,10.0,2.0,0.14285714285714285,0.2857142857142857,0.42857142857142855,0.6023386019368342,0.8432740427115678,3.0795630885587433,16.595,1.25070868799342,14.88,19.07,5.061765592045797,3.063829787234043,-1.9979358048117537,-0.3999999999999997,5,OTHER
2026-10-08,8477404,10.0,6.0,0.1935483870967742,0.3548387096774194,0.4838709677419355,0.5365580623602,1.66332999331662,4.0094428304138425,21.601999999999997,2.7968863640365034,18.17,26.63,8.610313859827794,2.8301886792452833,-5.780125180582511,-2.1000000000000005,9,HIGH_D10_DISTRIBUTED
2026-10-08,8477407,10.0,4.0,0.3333333333333333,0.5,0.6666666666666666,1.097134314340639,1.3165611772087666,6.584499120277619,13.326999999999998,2.6693946463154865,9.85,18.42,5.402566218954004,9.729729729729728,4.3271635107757245,0.8,6,OTHER
2026-10-08,8477426,10.0,3.0,0.2,0.4,0.5333333333333333,0.7200822998230957,1.0801234497346435,4.048031203936577,14.780000000000001,5.556551688472507,4.7,22.97,6.089309878213802,7.024390243902439,0.9350803656886368,0.5000000000000002,7,OTHER
2026-10-08,8477446,10.0,4.0,0.18181818181818182,0.36363636363636365,0.5,0.5984368987312575,1.3165611772087666,5.3259961297073914,14.522,2.655986111074797,9.92,18.12,9.089657072028649,5.538461538461538,-3.5511955335671104,-1.2000000000000002,10,HIGH_D10_DISTRIBUTED
2026-10-08,8477447,10.0,4.0,0.16666666666666666,0.3333333333333333,0.5,0.48907824615719475,1.1737877907772674,3.6746920094275985,21.753,2.6956139271869866,18.77,26.85,6.619776582540339,8.646917534027223,2.0271409514868832,0.6000000000000001,7,OTHER
2026-10-08,8477451,10.0,5.0,0.3125,0.5,0.6875,1.0290907529357056,1.6465452046971292,5.697966604741097,15.738,2.8500908367590276,11.5,20.65,6.0998856271444915,0.0,-6.0998856271444915,-1.6,7,OTHER
2026-10-08,8477476,10.0,3.0,0.25,0.5,0.6666666666666666,1.0243938285880985,1.2292725943057181,3.630387068492059,18.241,2.4146333975252734,13.8,22.28,3.947152020174333,3.4548944337811895,-0.4922575863931433,-0.19999999999999996,3,OTHER
2026-10-08,8477478,10.0,3.0,0.2727272727272727,0.45454545454545453,0.6363636363636364,0.9040262963743211,0.9944289260117533,8.032782753734171,10.660000000000002,2.1847908620989585,6.65,12.82,6.191369606003752,4.6875,-1.503869606003752,-0.10000000000000009,7,OTHER
2026-10-08,8477479,10.0,2.0,0.2857142857142857,0.42857142857142855,0.5714285714285714,0.9642122253007899,0.6749485577105528,2.2478450628728694,18.011000000000003,1.7571406697624792,15.85,21.5,2.331908278274388,2.8892455858747996,0.5573373076004118,0.30000000000000004,1,OTHER
2026-10-08,8477492,10.0,8.0,0.21052631578947367,0.3684210526315789,0.5263157894736842,0.6657426652986063,2.5298221281347035,7.979635038152343,20.868000000000002,3.137602765027961,16.65,27.95,10.925819436457736,6.4171122994652405,-4.508707136992496,-1.7999999999999998,10,HIGH_D10_DISTRIBUTED
2026-10-08,8477496,10.0,5.0,0.3333333333333333,0.4666666666666667,0.6,1.0061539042374907,1.509230856356236,5.673646492487549,17.034,1.7491661505478033,15.53,21.65,5.2835505459668894,0.0,-5.2835505459668894,-1.4999999999999998,6,OTHER
2026-10-08,8477498,10.0,5.0,0.2777777777777778,0.4444444444444444,0.5555555555555556,0.8198497637473576,1.4757295747452437,4.051124980936231,21.410000000000004,1.9776585482163835,17.12,24.42,5.0443717888837,5.301914580265096,0.2575427913813968,0.1999999999999995,5,OTHER
2026-10-08,8477500,10.0,4.0,0.19047619047619047,0.38095238095238093,0.5238095238095238,0.6127066370037709,1.286683937707919,3.836717705051059,20.078,1.7877782611697428,17.6,22.93,6.275525450742106,13.42031686859273,7.144791417850624,1.9,7,OTHER
2026-10-08,8477505,10.0,3.0,0.3,0.5,0.6,0.9428090415820634,0.9428090415820634,2.920154485746084,19.570999999999998,1.9951577492630614,15.67,21.73,3.0657605640999437,3.0,-0.06576056409994369,0.0,2,OTHER
2026-10-08,8477506,10.0,2.0,0.4,0.8,1.0,1.699673171197595,0.8498365855987975,2.818589864594516,18.228,1.6143509187561693,16.45,21.27,1.6458196181698486,0.0,-1.6458196181698486,-0.4999999999999999,1,OTHER
2026-10-08,8477507,10.0,3.0,0.2727272727272727,0.5454545454545454,0.7272727272727273,1.0883809088526044,1.1972189997378648,3.6777624390253902,20.064,2.2108580536373954,15.75,23.45,3.289473684210526,2.708803611738149,-0.580670072472377,-0.10000000000000009,2,OTHER
2026-10-08,8477527,10.0,3.0,0.3333333333333333,0.5555555555555556,0.6666666666666666,1.104921028901948,0.9944289260117533,5.578133129548513,9.911,1.4465318677597272,7.25,12.15,5.448491575017657,7.468879668049793,2.0203880930321354,0.09999999999999998,6,OTHER
2026-10-08,8477939,10.0,5.0,0.17857142857142858,0.35714285714285715,0.4642857142857143,0.49943278484292936,1.3984117975602022,4.459188674104196,20.542,1.9957777654059805,17.48,22.83,8.17836627397527,14.62225832656377,6.443892052588501,2.2,9,HIGH_D10_DISTRIBUTED
2026-10-08,8477940,10.0,6.0,0.24,0.44,0.6,0.760116950066092,1.90029237516523,6.99826698926055,15.862,2.691359838033141,11.73,19.4,9.456562854621106,5.389221556886228,-4.067341297734878,-1.5000000000000004,10,HIGH_D10_DISTRIBUTED
2026-10-08,8477948,10.0,3.0,0.16666666666666666,0.3333333333333333,0.5,0.6307180135528295,1.1352924243950933,3.3573784161308677,24.086000000000002,2.706318532619544,18.97,27.08,4.483932574939799,2.643171806167401,-1.8407607687723981,-0.8,4,OTHER
2026-10-08,8477950,10.0,4.0,0.2857142857142857,0.5,0.7142857142857143,1.0213147899774866,1.4298407059684812,4.252028931397369,18.230000000000004,4.552725679316854,6.15,22.73,4.607789358200768,0.0,-4.607789358200768,-1.4,4,OTHER
2026-10-08,8477951,10.0,8.0,0.21621621621621623,0.43243243243243246,0.5405405405405406,0.6376698511418518,2.359378449224852,7.428239759448041,19.54,1.6213368969259088,17.3,22.05,11.361310133060387,9.060402684563758,-2.3009074484966288,-0.6999999999999988,10,HIGH_D10_DISTRIBUTED
2026-10-08,8477956,10.0,5.0,0.1724137931034483,0.3103448275862069,0.4482758620689655,0.41283413784064305,1.1972189997378648,3.6984819353126683,19.096,1.9491091982407418,16.75,22.07,9.111855886049437,14.619289340101522,5.5074334540520855,1.1000000000000005,10,HIGH_D10_DISTRIBUTED
2026-10-08,8477964,10.0,6.0,0.42857142857142855,0.5714285714285714,0.7142857142857143,1.268848818521355,1.7763883459298968,5.947644703882109,15.188999999999998,2.036268100663019,12.25,18.43,5.530317993284614,12.926391382405749,7.396073389121135,2.6,6,OTHER
2026-10-08,8477987,10.0,5.0,0.4166666666666667,0.6666666666666666,0.8333333333333334,1.405456737852613,1.6865480854231356,6.385542002271688,13.547,2.630129063161899,9.42,16.88,5.314829851627667,0.0,-5.314829851627667,-1.2,6,OTHER
2026-10-08,8477989,10.0,3.0,0.2,0.4,0.5333333333333333,0.7200822998230957,1.0801234497346435,3.85022444546134,16.327,2.413209250953777,12.57,20.75,5.512341520181295,0.0,-5.512341520181295,-1.5000000000000002,6,OTHER
2026-10-08,8477998,10.0,2.0,0.2222222222222222,0.4444444444444444,0.6666666666666666,0.9728833730787924,0.8755950357709131,3.708376314240402,12.154,2.631755645529762,8.38,16.18,4.442981734408425,5.027932960893854,0.5849512264854289,0.09999999999999998,4,OTHER
2026-10-08,8478010,10.0,4.0,0.2,0.35,0.5,0.5270462766947299,1.0540925533894598,3.6436981764082272,19.521,2.1132252864072756,16.22,22.63,6.147226064238512,6.831119544592031,0.683893480353519,0.0,7,OTHER
2026-10-08,8478020,10.0,2.0,0.2,0.4,0.5,0.6666666666666666,0.6666666666666666,2.2413829366154268,16.797777777777775,1.4041080601023712,15.12,19.22,3.968778939013097,10.305343511450381,6.336564572437284,1.8885434581293823,3,OTHER
2026-10-08,8478038,10.0,3.0,0.23076923076923078,0.38461538461538464,0.5384615384615384,0.8148845426702924,1.0593499054713802,2.424751966254823,23.334,3.6867456290519054,18.92,31.35,3.342761635381846,9.523809523809526,6.181047888427679,1.7,2,OTHER
2026-10-08,8478047,10.0,5.0,0.35714285714285715,0.5714285714285714,0.7142857142857143,1.1268723396380222,1.577621275493231,7.888254127222881,12.285999999999998,3.327164959341011,3.77,15.18,6.837050301155787,10.97560975609756,4.138559454941773,0.6000000000000001,8,OTHER
2026-10-08,8478133,10.0,3.0,0.23076923076923078,0.46153846153846156,0.6153846153846154,0.8919244682526197,1.1595018087284057,5.55725532673453,14.394,1.6978430761148426,11.25,17.05,5.418924551896624,4.74934036939314,-0.6695841825034838,-0.30000000000000004,6,OTHER
2026-10-08,8478136,10.0,2.0,0.25,0.5,0.625,0.9860132971832694,0.7888106377466155,2.8634171315733936,17.038999999999998,2.61777450009227,11.92,20.92,2.8170667292681495,3.231597845601437,0.41453111633328765,0.19999999999999996,2,OTHER
2026-10-08,8478178,10.0,5.0,0.16666666666666666,0.3333333333333333,0.4666666666666667,0.49690399499995325,1.4907119849998598,6.009812480842497,21.720999999999997,3.580963402338662,13.98,25.85,8.286911284010865,2.4242424242424243,-5.862668859768441,-2.0000000000000004,9,HIGH_D10_DISTRIBUTED
2026-10-08,8478396,10.0,4.0,0.26666666666666666,0.4666666666666667,0.6,0.7856742013183862,1.1785113019775793,3.1293422662911663,20.312,2.5242899991878898,16.53,24.83,4.4308782985427335,2.7522935779816513,-1.6785847205610822,-0.5000000000000002,4,OTHER
2026-10-08,8478397,10.0,7.0,0.3181818181818182,0.45454545454545453,0.5454545454545454,0.8517254134881936,1.8737959096740262,5.52905020370127,20.628,3.94930598685108,17.2,29.05,6.399069226294357,9.62566844919786,3.226599222903503,0.7999999999999998,7,OTHER
2026-10-08,8478401,10.0,3.0,0.2,0.4,0.5333333333333333,0.7200822998230957,1.0801234497346435,3.8647979602471003,16.363,4.285383556021821,4.97,20.03,5.5002138972071135,3.6548223350253806,-1.845391562181733,-0.5,6,OTHER
2026-10-08,8478403,10.0,4.0,0.13793103448275862,0.27586206896551724,0.41379310344827586,0.30192932267962524,0.8755950357709131,2.828945545350029,20.148,1.749830467978732,17.57,22.62,8.636092912447886,13.516896120150188,4.880803207702302,3.1000000000000005,9,HIGH_D10_DISTRIBUTED
2026-10-08,8478413,10.0,5.0,0.38461538461538464,0.5384615384615384,0.6153846153846154,1.0908742249324435,1.4181364924121764,5.923572567444219,13.444999999999999,1.6037958445859348,11.32,16.05,5.8014131647452585,7.733619763694951,1.9322065989496924,0.7,6,OTHER
2026-10-08,8478416,10.0,4.0,0.3076923076923077,0.46153846153846156,0.5384615384615384,0.8148845426702926,1.0593499054713804,3.036721514712418,17.987000000000002,3.0417577155322544,13.62,22.25,4.3364652248846385,3.0716723549488054,-1.264792869935833,-0.30000000000000004,4,OTHER
2026-10-08,8478420,10.0,3.0,0.1875,0.375,0.5625,0.6718548123582124,1.0749676997731399,3.1635817128629933,19.897,2.053809739105462,17.57,23.92,4.824847967030205,7.766990291262137,2.9421423242319316,0.3999999999999999,5,OTHER
2026-10-08,8478427,10.0,7.0,0.20588235294117646,0.38235294117647056,0.5294117647058824,0.6075267994050849,2.065591117977289,6.29703986378575,18.9,1.527765252473909,16.45,20.93,10.793650793650794,3.3930254476908575,-7.400625345959937,-2.3999999999999995,10,HIGH_D10_DISTRIBUTED
2026-10-08,8478439,10.0,3.0,0.25,0.4166666666666667,0.5833333333333334,0.8606629658238704,1.0327955589886444,4.0830456245350755,16.243999999999996,1.7952975612230222,14.75,19.58,4.432405811376508,7.03125,2.5988441886234916,0.8,4,OTHER
2026-10-08,8478443,10.0,2.0,0.25,0.375,0.5,0.7905694150420948,0.6324555320336759,2.2367065320995194,17.552999999999997,2.6620670748707873,12.12,21.83,2.73457528627585,3.2200357781753133,0.48546049189946316,0.19999999999999984,2,OTHER
2026-10-08,8478444,10.0,3.0,0.14285714285714285,0.2857142857142857,0.42857142857142855,0.4735375838151205,0.9944289260117531,3.0940516945890537,19.156,2.4849600935762863,14.85,23.13,6.577573606180831,3.287671232876712,-3.289902373304119,-1.0999999999999996,7,OTHER
2026-10-08,8478449,10.0,5.0,0.2777777777777778,0.3888888888888889,0.5,0.7314228762270926,1.3165611772087666,5.194992773904885,16.102,2.1225864725219874,11.43,19.5,6.707241336479941,24.08026755852843,17.373026222048487,4.2,8,OTHER
2026-10-08,8478450,10.0,2.0,0.2222222222222222,0.4444444444444444,0.5555555555555556,0.8198497637473576,0.7378647873726218,2.5555341142611407,18.692999999999998,1.888791794890174,15.65,21.67,2.888781896966779,7.0588235294117645,4.170041632444986,1.0999999999999999,2,OTHER
2026-10-08,8478454,10.0,1.0,0.5,1.0,1.0,2.1081851067789197,0.42163702135578396,2.190007330198216,13.305000000000001,4.005566265974277,8.88,21.75,0.9019165727170236,0.0,-0.9019165727170236,-0.2,1,OTHER
2026-10-08,8478458,10.0,4.0,0.16,0.32,0.48,0.5077182070575939,1.2692955176439846,4.431182184558419,16.762,2.1574254203667027,12.8,19.82,8.948812790836415,10.26615969581749,1.3173469049810755,0.5,10,HIGH_D10_DISTRIBUTED
2026-10-08,8478462,10.0,3.0,0.1875,0.375,0.5625,0.7336173692357919,1.1737877907772671,5.2491077100253145,14.247,2.9150073375169705,11.32,19.77,6.738260686460308,0.0,-6.738260686460308,-1.6,8,OTHER
2026-10-08,8478468,10.0,4.0,0.25,0.4375,0.625,0.9860132971832694,1.577621275493231,5.783194880518298,16.049,0.7754489738926159,15.1,17.33,5.981681101626269,7.5078206465067785,1.5261395448805093,0.3999999999999999,7,OTHER
2026-10-08,8478469,10.0,5.0,0.25,0.4,0.5,0.6236095644623235,1.247219128924647,2.692105334350508,24.607,5.689122271688509,10.35,30.88,4.876661112691511,8.186469584991475,3.309808472299964,2.0,5,OTHER
2026-10-08,8478474,10.0,5.0,0.21739130434782608,0.391304347826087,0.5217391304347826,0.5815189173257647,1.3374935098492586,4.930182855395893,16.083999999999996,2.3331866620568533,11.72,19.4,8.579955235016165,4.081632653061225,-4.49832258195494,-1.2999999999999998,9,HIGH_D10_DISTRIBUTED
2026-10-08,8478483,10.0,4.0,0.18181818181818182,0.3181818181818182,0.45454545454545453,0.417698447033037,0.9189365834726815,2.518115251765917,19.848000000000003,2.0592382626161116,16.53,22.37,6.6505441354292625,12.413793103448276,5.763248968019013,2.8,7,OTHER
2026-10-08,8478493,10.0,6.0,0.3157894736842105,0.47368421052631576,0.631578947368421,1.0062898526105253,1.911950719959998,6.608596649652852,18.209,2.256503933078779,13.15,20.43,6.260640342687682,16.927899686520377,10.667259343832693,4.1000000000000005,7,OTHER
2026-10-08,8478498,10.0,8.0,0.22857142857142856,0.42857142857142855,0.6,0.7648751621051909,2.6770630673681683,9.209487303817015,17.057,1.367715451238142,15.08,19.38,12.311660901682592,12.811387900355871,0.49972699867327997,0.5000000000000009,10,HIGH_D10_DISTRIBUTED
2026-10-08,8478507,10.0,2.0,0.2857142857142857,0.5714285714285714,0.7142857142857143,1.1761037176408067,0.8232726023485646,2.2570961496833215,20.301,1.7998237568038586,18.47,24.43,2.068863602778188,3.0690537084398977,1.0001901056617095,0.30000000000000016,1,OTHER
2026-10-08,8478508,10.0,4.0,0.3076923076923077,0.5384615384615384,0.6923076923076923,1.0908742249324435,1.4181364924121764,6.02319315377131,14.25,1.9280733042772689,12.57,17.93,5.473684210526316,0.0,-5.473684210526316,-1.3,6,OTHER
2026-10-08,8478519,10.0,3.0,0.2,0.4,0.5333333333333333,0.5665577237325317,0.8498365855987975,2.9764722245339033,17.261000000000003,2.1669253691706953,14.47,20.47,5.214066392445397,12.360515021459227,7.14644862901383,2.5,5,OTHER
2026-10-08,8478569,10.0,2.0,0.2857142857142857,0.42857142857142855,0.5714285714285714,0.96421222530079,0.674948557710553,2.7588650976134166,15.110999999999999,1.5591197659078166,12.85,18.32,2.7794322017073654,0.0,-2.7794322017073654,-0.7,2,OTHER
2026-10-08,8478831,10.0,2.0,0.25,0.5,0.75,1.1486707293408518,0.9189365834726815,4.320162815014169,13.916,1.4968129104496954,11.13,16.27,3.4492670307559643,4.8192771084337345,1.3700100776777702,0.19999999999999996,3,OTHER
2026-10-08,8478840,10.0,2.0,0.4,0.6,0.8,1.4142135623730951,0.7071067811865476,2.241293097469717,17.863000000000003,2.03845829543364,15.3,21.2,1.6794491406818564,2.886928628708901,1.2074794880270447,0.5,1,OTHER
2026-10-08,8478851,10.0,3.0,0.5,0.6666666666666666,0.8333333333333334,1.6101529717988263,0.9660917830792958,2.69322764653435,18.597,3.8638180598987835,8.53,22.38,1.9357960961445395,2.7334851936218683,0.7976890974773287,0.4,1,OTHER
2026-10-08,8478864,10.0,5.0,0.15625,0.3125,0.46875,0.5060399083954633,1.6193277068654826,4.695613841602931,20.428,2.2745197295253345,17.4,24.97,9.398864303896612,0.0,-9.398864303896612,-3.2,10,HIGH_D10_DISTRIBUTED
2026-10-08,8478970,10.0,4.0,0.3076923076923077,0.5384615384615384,0.6923076923076923,1.0908742249324435,1.4181364924121767,4.077686076465395,19.708999999999996,2.910946581440477,13.9,23.18,3.957582830179106,3.0795551753635584,-0.8780276548155475,-0.2999999999999998,3,OTHER
2026-10-08,8478975,10.0,4.0,0.19047619047619047,0.3333333333333333,0.47619047619047616,0.5701042855894595,1.1972189997378648,5.737690227744682,16.496000000000002,3.1230725611522736,11.8,22.6,7.638215324927256,9.935602575896965,2.2973872509697086,0.9000000000000004,9,HIGH_D10_DISTRIBUTED
2026-10-08,8479318,10.0,6.0,0.15789473684210525,0.3157894736842105,0.47368421052631576,0.47724457925387526,1.8135294011647258,5.199363222331453,20.399,3.2742885571610136,13.3,25.15,11.177018481298102,5.572755417956656,-5.604263063341446,-1.7999999999999998,10,HIGH_D10_DISTRIBUTED
2026-10-08,8479343,10.0,4.0,0.18181818181818182,0.3181818181818182,0.45454545454545453,0.46945252681302013,1.0327955589886444,3.410386506462064,18.812,2.016310161326046,15.8,22.13,7.016797788645546,12.193056731583402,5.1762589429378565,1.7999999999999998,8,OTHER
2026-10-08,8479346,10.0,2.0,0.4,0.8,1.0,1.699673171197595,0.8498365855987975,5.647758722027008,10.78,3.2791360650838097,5.58,16.15,2.782931354359926,5.397301349325337,2.6143699949654113,0.5000000000000001,2,OTHER
2026-10-08,8479351,10.0,3.0,0.25,0.5,0.6666666666666666,1.0243938285880987,1.2292725943057183,5.863963046601348,14.849,2.1349704655776596,11.32,18.02,4.848811367768874,3.8668098818474754,-0.9820014859213981,-0.19999999999999996,5,OTHER
2026-10-08,8479353,10.0,3.0,0.25,0.5,0.6666666666666666,0.9460770203292445,1.1352924243950933,4.310088230168551,15.746,1.8761319546106319,11.05,17.27,4.572589864092468,11.76470588235294,7.192116018260473,1.8,4,OTHER
2026-10-08,8479359,10.0,2.0,0.5,0.75,1.0,1.7480147469502527,0.6992058987801011,3.853435039632759,10.966,2.1675803201829558,8.18,14.98,2.1885828925770565,0.0,-2.1885828925770565,-0.4,1,OTHER
2026-10-08,8479369,10.0,3.0,0.3,0.5,0.6,0.9428090415820634,0.9428090415820634,4.004417891681487,17.532999999999998,2.6269841178727273,13.88,21.58,3.4221182912222665,4.639175257731959,1.2170569665096926,0.0,3,OTHER
2026-10-08,8479378,10.0,3.0,0.23076923076923078,0.46153846153846156,0.6153846153846154,0.8148845426702924,1.0593499054713802,4.247762158029445,15.920000000000002,2.779608285752189,12.67,20.27,4.899497487437186,0.0,-4.899497487437186,-1.3,5,OTHER
2026-10-08,8479410,10.0,6.0,0.24,0.4,0.52,0.6863753427324667,1.7159383568311668,4.103255671716261,23.119999999999997,3.1408031527691205,15.07,26.57,6.4878892733564015,0.0,-6.4878892733564015,-2.5,7,OTHER
2026-10-08,8479420,10.0,9.0,0.21951219512195122,0.3902439024390244,0.5365853658536586,0.6549637093048076,2.685351208149711,8.611340823305424,19.006999999999998,1.7116012645732908,16.78,22.3,12.942600094701952,18.815331010452965,5.8727309157510135,1.8999999999999995,10,HIGH_D10_DISTRIBUTED
2026-10-08,8479425,10.0,6.0,0.3,0.55,0.7,1.0274023338281628,2.0548046676563256,4.153820668223978,26.016000000000002,2.545742415179597,23.03,30.92,4.612546125461255,2.513966480446927,-2.0985796450143277,-1.0,4,OTHER
2026-10-08,8479442,10.0,3.0,0.3,0.5,0.7,1.0540925533894598,1.0540925533894598,3.3567201403413836,18.963,1.5733054376058069,16.08,21.4,3.1640563202024996,3.6180904522613067,0.45403413205880705,0.0,2,OTHER
2026-10-08,8479520,10.0,2.0,0.25,0.5,0.625,0.9860132971832694,0.7888106377466155,3.4734662727578423,12.155999999999999,3.078376917215377,9.07,18.67,3.948667324777888,0.0,-3.948667324777888,-0.8,3,OTHER
2026-10-08,8479525,10.0,3.0,0.3,0.5,0.7,1.1547005383792515,1.1547005383792515,7.050128587062345,11.91888888888889,1.8244276119131475,8.88,15.32,5.593362543115503,4.897959183673469,-0.6954033594420341,-0.11121469189894673,6,OTHER
2026-10-08,8479542,10.0,8.0,0.17777777777777778,0.3111111111111111,0.4222222222222222,0.36664796061524685,1.6499158227686108,4.824940997878345,21.011999999999997,1.817579587131072,17.95,23.67,12.849800114220445,7.854545454545454,-4.995254659674991,-1.5,10,HIGH_D10_DISTRIBUTED
2026-10-08,8479619,10.0,3.0,0.16666666666666666,0.3333333333333333,0.5,0.573775310549247,1.0327955589886446,5.0654164807225674,13.094,1.157192003659433,10.83,14.58,8.248052543149534,31.898734177215193,23.65068163406566,5.2,9,HIGH_D10_DISTRIBUTED
2026-10-08,8479661,10.0,2.0,0.4,0.6,0.8,1.4142135623730951,0.7071067811865476,3.367682231341208,11.501000000000001,2.327260907877184,8.17,15.27,2.608468828797496,0.0,-2.608468828797496,-0.5000000000000001,2,OTHER
2026-10-08,8479705,10.0,3.0,0.23076923076923078,0.38461538461538464,0.5384615384615384,0.7297563831157798,0.9486832980505138,5.9295698583147765,10.62,2.170345594600086,7.57,14.48,7.344632768361582,21.471172962226643,14.126540193865061,1.7,8,OTHER
2026-10-08,8479941,10.0,2.0,0.2222222222222222,0.4444444444444444,0.6666666666666666,1.1049210289019482,0.9944289260117534,4.77082119876412,12.847,4.003051752517488,6.23,17.67,4.203315949248852,5.113636363636364,0.9103204143875123,0.09999999999999998,4,OTHER
2026-10-08,8479980,10.0,3.0,0.3333333333333333,0.5555555555555556,0.6666666666666666,1.104921028901948,0.9944289260117533,3.3665964661293906,17.231111111111108,5.815650102190736,2.57,21.58,3.4820737683776115,0.0,-3.4820737683776115,-1.0370776373484654,3,OTHER
2026-10-08,8479987,10.0,4.0,0.2222222222222222,0.3888888888888889,0.5555555555555556,0.6829292190587324,1.2292725943057183,4.29999255202567,17.639000000000003,1.6979952231316133,14.92,20.97,6.122796076875106,4.705882352941177,-1.4169137239339298,-0.8,7,OTHER
2026-10-08,8479999,10.0,3.0,0.3,0.5,0.6,0.9428090415820634,0.9428090415820634,3.9556629478455116,15.132,1.524159513378512,12.93,17.47,3.965107057890563,5.301914580265096,1.3368075223745333,0.0,3,OTHER
2026-10-08,8480012,10.0,3.0,0.23076923076923078,0.46153846153846156,0.6153846153846154,0.8148845426702924,1.0593499054713802,3.39823246144981,19.183,1.578487672848075,17.6,22.4,4.066100192879111,2.9508196721311477,-1.1152805207479637,-0.3000000000000005,3,OTHER
2026-10-08,8480015,10.0,4.0,0.21052631578947367,0.42105263157894735,0.5789473684210527,0.7627040392731284,1.4491376746189437,5.351142279597045,15.833999999999998,1.7451914890158422,13.97,18.83,7.199696854869269,13.832853025936599,6.63315617106733,2.1,8,OTHER
2026-10-08,8480018,10.0,4.0,0.18181818181818182,0.36363636363636365,0.5,0.5160420110886789,1.1352924243950935,3.5217676358177155,20.465555555555554,1.9982812058811388,18.08,22.9,7.166512840002172,2.8548770816812055,-4.311635758320966,-1.4323144578967368,8,OTHER
2026-10-08,8480023,10.0,3.0,0.25,0.5,0.6666666666666666,0.9460770203292445,1.1352924243950933,3.264981656895092,20.41,2.918622201579978,16.5,24.78,3.5276825085742285,5.820533548908649,2.292851040334421,0.8,3,OTHER
2026-10-08,8480027,10.0,6.0,0.2222222222222222,0.4074074074074074,0.5555555555555556,0.6544374459604233,1.766981104093143,4.857613010348232,19.252,2.1950995927798407,16.23,24.23,8.414710159983379,15.754923413566742,7.340213253583363,1.3000000000000003,9,HIGH_D10_DISTRIBUTED
2026-10-08,8480028,10.0,5.0,0.23809523809523808,0.38095238095238093,0.5238095238095238,0.6525334854315703,1.3703203194062976,4.892785033949248,16.299,1.7406732414021113,12.8,19.18,7.730535615681943,3.4482758620689657,-4.282259753612978,-1.1,9,HIGH_D10_DISTRIBUTED
2026-10-08,8480036,10.0,5.0,0.3333333333333333,0.4666666666666667,0.6,0.9558139185602919,1.4337208778404378,3.560787865740711,22.808,6.254583741367428,5.75,27.15,3.9459838653104176,3.0508474576271185,-0.895136407683299,-0.5,3,OTHER
2026-10-08,8480039,10.0,5.0,0.15151515151515152,0.2727272727272727,0.3939393939393939,0.42973833103399295,1.4181364924121767,4.435192180456729,20.686,3.6443661238196747,15.42,29.13,9.571690998743112,6.936416184971098,-2.6352748137720132,-1.2999999999999998,10,HIGH_D10_DISTRIBUTED
2026-10-08,8480064,10.0,2.0,0.14285714285714285,0.2857142857142857,0.42857142857142855,0.49943278484292936,0.6992058987801011,2.92204186722934,15.467000000000002,1.4844830750129827,12.58,17.17,5.4309174371242,12.572759022118744,7.141841584994544,1.6,6,OTHER
2026-10-08,8480069,10.0,4.0,0.16666666666666666,0.3333333333333333,0.4583333333333333,0.5270462766947299,1.2649110640673518,3.031747647237236,23.112999999999996,3.7974115453087833,17.25,28.87,6.23026002682473,5.385190725504861,-0.8450693013198691,-0.3999999999999999,7,OTHER
2026-10-08,8480074,10.0,3.0,0.2727272727272727,0.45454545454545453,0.6363636363636364,0.9040262963743212,0.9944289260117534,3.535209192328403,12.275555555555554,2.8595808744950326,9.05,16.9,5.973931933381608,4.374240583232077,-1.5996913501495307,-0.2622918175235336,7,OTHER
2026-10-08,8480188,10.0,3.0,0.23076923076923078,0.38461538461538464,0.5384615384615384,0.7297563831157798,0.9486832980505138,5.1145474471853545,13.664444444444445,2.4657104002250096,9.53,16.73,6.342494714587738,13.61916771752837,7.276673002940632,1.600845665961945,7,OTHER
2026-10-08,8480208,10.0,4.0,0.2222222222222222,0.3888888888888889,0.5,0.6307180135528297,1.1352924243950935,3.9699662870644556,16.928888888888892,1.5496245064889471,13.77,18.85,7.0884746652664745,11.168562564632886,4.080087899366411,0.9958519296403257,8,OTHER
2026-10-08,8480220,10.0,4.0,0.23529411764705882,0.4117647058823529,0.5294117647058824,0.7362738570791603,1.2516655570345725,5.02104573622017,14.312999999999999,2.484480942884359,9.22,17.83,7.126388597778243,5.070422535211268,-2.0559660625669753,-0.7,8,OTHER
2026-10-08,8480246,10.0,2.0,0.2857142857142857,0.42857142857142855,0.5714285714285714,0.9642122253007899,0.6749485577105528,2.0253207933525883,18.51222222222222,2.8147947428621585,14.43,22.2,2.52085709141108,2.886928628708901,0.36607153729782116,0.19950183062241167,2,OTHER
2026-10-08,8480336,10.0,4.0,0.19047619047619047,0.3333333333333333,0.47619047619047616,0.4735375838151206,0.9944289260117534,2.6237520954334967,21.273000000000003,2.5197003790133463,19.08,25.0,5.923000987166831,0.0,-5.923000987166831,-2.1,7,OTHER
2026-10-08,8480355,10.0,4.0,0.26666666666666666,0.4666666666666667,0.6,0.8461970117626564,1.2692955176439846,5.284364878554387,11.794,2.7373028087273545,6.33,15.2,7.63099881295574,4.260355029585799,-3.3706437833699407,-0.5000000000000002,9,HIGH_D10_DISTRIBUTED
2026-10-08,8480426,10.0,3.0,0.23076923076923078,0.46153846153846156,0.6153846153846154,0.8148845426702924,1.0593499054713802,4.010146258370998,16.9,4.860306346083318,9.2,24.47,4.615384615384615,7.468879668049793,2.8534950526651777,0.7000000000000002,4,OTHER
2026-10-08,8480448,10.0,2.0,0.18181818181818182,0.36363636363636365,0.45454545454545453,0.5160420110886788,0.5676462121975466,2.57369349627819,13.083000000000002,2.0501276383028775,9.42,16.53,5.044714515019491,10.37463976945245,5.329925254432959,0.8999999999999999,5,OTHER
2026-10-08,8480459,10.0,4.0,0.4,0.6,0.7,1.247219128924647,1.247219128924647,5.217803182767445,14.625,2.468558958852985,9.42,19.02,4.102564102564102,10.698365527488855,6.595801424924753,1.0,4,OTHER
2026-10-08,8480727,10.0,2.0,0.3333333333333333,0.5,0.6666666666666666,1.165343164633502,0.6992058987801011,1.8113713748598095,21.534,4.467458138832665,14.6,29.87,1.6717748676511563,3.2967032967032965,1.6249284290521402,0.4,1,OTHER
2026-10-08,8480748,10.0,3.0,0.2727272727272727,0.45454545454545453,0.6363636363636364,0.9040262963743212,0.9944289260117534,3.9513677403134797,16.171,2.3505387089393404,11.82,18.65,4.0813802485931605,3.3426183844011144,-0.7387618641920461,-0.10000000000000009,4,OTHER
2026-10-08,8480762,10.0,3.0,0.25,0.4166666666666667,0.5833333333333334,0.7657804862272346,0.9189365834726815,4.260417342952487,12.819999999999999,2.0912038000475546,8.05,15.02,5.616224648985959,20.713463751438436,15.097239102452477,3.8,6,OTHER
2026-10-08,8480797,10.0,4.0,0.23529411764705882,0.4117647058823529,0.5882352941176471,0.7362738570791603,1.2516655570345725,4.463561190979081,16.549,1.196721911445317,14.58,18.52,6.163514411746934,7.038123167155425,0.8746087554084916,0.30000000000000004,7,OTHER
2026-10-08,8480800,10.0,5.0,0.22727272727272727,0.4090909090909091,0.5909090909090909,0.7360580485752192,1.6193277068654823,3.9143755132530873,26.615,3.0130761320912183,22.38,31.85,4.959609242908135,7.361963190184049,2.4023539472759143,1.8000000000000003,5,OTHER
2026-10-08,8480802,10.0,3.0,0.3,0.5,0.7,1.0540925533894598,1.0540925533894598,3.996494387518335,15.828999999999999,1.6285948271780528,12.03,17.52,3.7905110872449304,3.5398230088495577,-0.25068807839537266,-2.220446049250313e-16,3,OTHER
2026-10-08,8480807,10.0,2.0,0.15384615384615385,0.3076923076923077,0.46153846153846156,0.6332866171912035,0.8232726023485646,3.70838283238056,19.874,4.086281112862077,9.4,24.18,3.924725772365905,3.39943342776204,-0.5252923446038649,-0.30000000000000004,3,OTHER
2026-10-08,8480817,10.0,6.0,0.42857142857142855,0.6428571428571429,0.7857142857142857,1.3552618543578767,1.8973665961010273,5.74797096601583,22.193,2.659599176150004,19.53,27.73,3.7849772450772767,2.95809367296631,-0.8268835721109666,-0.3999999999999999,3,OTHER
2026-10-08,8480829,10.0,3.0,0.375,0.5,0.625,1.1486707293408518,0.9189365834726815,2.54261896877446,12.85,3.4355567234438147,6.88,17.48,4.150453955901427,0.0,-4.150453955901427,-0.8661997405966276,4,OTHER
2026-10-08,8480830,10.0,6.0,0.18181818181818182,0.3333333333333333,0.48484848484848486,0.5354488194221646,1.766981104093143,6.02462913178955,16.849999999999998,1.2597795221563355,15.28,19.85,11.750741839762613,15.669205658324266,3.918463818561653,0.6999999999999988,10,HIGH_D10_DISTRIBUTED
2026-10-08,8480835,10.0,3.0,0.23076923076923078,0.46153846153846156,0.6153846153846154,0.8919244682526197,1.1595018087284057,6.6674084109096885,13.486666666666666,1.910700133458937,9.93,16.18,6.426099851705388,7.192807192807193,0.7667073411018048,0.5323858955346843,7,OTHER
2026-10-08,8480839,10.0,4.0,0.17391304347826086,0.30434782608695654,0.43478260869565216,0.544202416101988,1.2516655570345725,3.118808287402743,24.076,2.6825659358159304,19.78,29.25,5.731849144376143,2.272727272727273,-3.4591218716488696,-1.2999999999999998,6,OTHER
2026-10-08,8480840,10.0,2.0,0.2857142857142857,0.5714285714285714,0.7142857142857143,1.1761037176408067,0.8232726023485646,4.332377688120868,12.599,1.4957603046240024,9.63,14.45,3.333597904595603,0.0,-3.333597904595603,-0.7,2,OTHER
2026-10-08,8480848,10.0,3.0,0.375,0.625,0.75,1.2909944487358056,1.0327955589886446,6.0484011060416245,13.025,3.698730262611151,8.7,20.08,3.685220729366603,4.793608521970706,1.1083877926041028,0.19999999999999996,3,OTHER
2026-10-08,8480849,10.0,4.0,0.3076923076923077,0.5384615384615384,0.6923076923076923,1.0908742249324435,1.4181364924121764,6.099568117646871,13.181000000000001,4.820939166225234,0.28,17.53,5.917608679159396,12.258796821793416,6.34118814263402,1.7000000000000002,7,OTHER
2026-10-08,8480855,10.0,2.0,0.2857142857142857,0.5714285714285714,0.7142857142857143,1.1761037176408067,0.8232726023485647,3.9882290712847306,13.139999999999997,2.983405958147686,9.0,18.6,3.1963470319634704,13.012048192771084,9.815701160807613,2.3,2,OTHER
2026-10-08,8480860,10.0,2.0,0.6666666666666666,1.0,1.0,2.249828525701843,0.6749485577105528,1.8843752711976642,20.006999999999998,6.715552513051741,1.25,24.28,0.899685110211426,2.7293404094010616,1.8296552991896355,0.7,1,OTHER
2026-10-08,8480865,10.0,3.0,0.2,0.4,0.5333333333333333,0.6478835438717,0.97182531580755,2.520406070488392,22.630000000000003,3.8950160461800416,12.95,26.18,4.418912947414936,8.681672025723472,4.2627590783085365,1.3370157607895128,4,OTHER
2026-10-08,8480870,10.0,2.0,0.3333333333333333,0.5,0.6666666666666666,1.165343164633502,0.6992058987801011,3.207578275549781,13.189000000000002,3.841100681373042,7.37,19.57,2.729547350064448,0.0,-2.729547350064448,-0.6,2,OTHER
2026-10-08,8480878,10.0,2.0,0.25,0.5,0.625,0.9860132971832694,0.7888106377466155,2.789735919525994,17.03,2.3399952516571,13.72,20.43,2.8185554903112156,0.0,-2.8185554903112156,-0.8000000000000002,2,OTHER
2026-10-08,8480891,10.0,3.0,0.2727272727272727,0.45454545454545453,0.5454545454545454,0.7959954870644664,0.8755950357709131,5.198055618955399,16.137,5.580898075877513,6.05,22.4,4.08997955010225,7.086614173228346,2.9966346231260967,0.8999999999999999,4,OTHER
2026-10-08,8480893,10.0,4.0,0.14285714285714285,0.2857142857142857,0.42857142857142855,0.4390259265377566,1.2292725943057183,4.095597420162824,19.133,2.586533716514568,14.05,22.47,8.780640777713897,9.818181818181818,1.0375410404679215,0.20000000000000062,9,HIGH_D10_DISTRIBUTED
2026-10-08,8480995,10.0,3.0,0.16666666666666666,0.3333333333333333,0.5,0.6307180135528295,1.1352924243950933,5.362037557199354,13.460999999999999,3.1525455323172307,8.35,20.15,8.023178069979942,4.275534441805227,-3.747643628174715,-0.8,9,HIGH_D10_DISTRIBUTED
2026-10-08,8481013,10.0,3.0,0.2,0.4,0.6,0.8461970117626564,1.2692955176439846,5.768045685753512,14.538000000000002,1.7023369558084298,11.38,17.1,6.190672719768881,0.0,-6.190672719768881,-1.5000000000000002,7,OTHER
2026-10-08,8481024,10.0,4.0,0.21052631578947367,0.42105263157894735,0.5263157894736842,0.7212212207401568,1.3703203194062978,4.746459111242441,15.263,1.9730351689155916,13.38,18.15,7.469042783201205,7.6352067868504765,0.1661640036492713,0.10000000000000009,8,OTHER
2026-10-08,8481028,10.0,2.0,0.2222222222222222,0.4444444444444444,0.5555555555555556,0.8198497637473576,0.7378647873726218,3.7133010643950577,11.065999999999999,2.1015084529398824,7.97,13.52,4.879812036869691,8.126410835214447,3.246598798344756,1.0999999999999999,5,OTHER
2026-10-08,8481032,10.0,4.0,0.3076923076923077,0.5384615384615384,0.6923076923076923,1.0288411614225066,1.3374935098492586,6.459503390078303,12.622,2.9753647768896427,8.9,18.77,6.179686262082079,0.0,-6.179686262082079,-1.3,7,OTHER
2026-10-08,8481068,10.0,3.0,0.23076923076923078,0.46153846153846156,0.6153846153846154,0.8148845426702924,1.0593499054713802,4.72329091282641,15.413,1.4563580908859226,12.3,17.23,5.060663076623629,16.197975253093365,11.137312176469734,2.6999999999999993,5,OTHER
2026-10-08,8481122,10.0,4.0,0.2857142857142857,0.42857142857142855,0.5714285714285714,0.9035079029052513,1.2649110640673518,4.209684443985593,17.198888888888888,2.6973433432010676,11.87,19.73,5.426707151624782,0.0,-5.426707151624782,-1.535486788552232,6,OTHER
2026-10-08,8481477,10.0,2.0,0.25,0.375,0.5,0.7905694150420948,0.6324555320336759,3.625554592817726,12.122,3.177926647639586,7.82,17.87,3.959742616729912,5.48780487804878,1.5280622613188681,0.19999999999999996,3,OTHER
2026-10-08,8481522,10.0,3.0,0.21428571428571427,0.35714285714285715,0.5,0.6023386019368342,0.8432740427115678,3.199589050194312,14.882,1.7778188884135526,12.62,19.0,5.644402634054563,3.6885245901639347,-1.9558780438906282,-0.3999999999999997,6,OTHER
2026-10-08,8481523,10.0,3.0,0.375,0.5,0.625,1.1486707293408518,0.9189365834726815,3.7316698644885107,13.356666666666664,3.6313702647898634,9.63,21.35,3.9930122285999503,0.0,-3.9930122285999503,-0.8921720322768489,3,OTHER
2026-10-08,8481524,10.0,5.0,0.45454545454545453,0.6363636363636364,0.8181818181818182,1.4501195289703512,1.5951314818673865,4.121732718764295,22.498,2.3791585814223386,19.53,26.45,2.933594097253089,4.514106583072101,1.5805124858190118,0.8999999999999997,2,OTHER
2026-10-08,8481528,10.0,4.0,0.16666666666666666,0.3333333333333333,0.5,0.5270462766947299,1.2649110640673518,4.0440319108516025,18.35,2.046942842387154,15.85,21.48,8.719346049046322,3.3739456419868787,-5.345400407059444,-1.637602179836513,9,HIGH_D10_DISTRIBUTED
2026-10-08,8481533,10.0,4.0,0.3076923076923077,0.6153846153846154,0.7692307692307693,1.2054009511326316,1.5670212364724212,4.953310020019785,18.241000000000003,2.6143427047305363,13.83,22.88,4.27608135518886,9.27038626609442,4.9943049109055595,1.7,4,OTHER
2026-10-08,8481534,10.0,4.0,0.3076923076923077,0.5384615384615384,0.6923076923076923,1.1495647062287127,1.4944341180973264,7.555680751731755,10.093333333333334,2.2058728431167562,5.8,12.72,8.58652575957728,0.0,-8.58652575957728,-1.4212131219726991,9,HIGH_D10_CONCENTRATED
2026-10-08,8481535,10.0,2.0,0.18181818181818182,0.36363636363636365,0.5454545454545454,0.7959954870644664,0.8755950357709131,4.249208229218477,12.794,1.743936798039297,10.53,15.92,5.158668125683914,4.6875,-0.4711681256839144,-0.10000000000000009,5,OTHER
2026-10-08,8481540,10.0,10.0,0.30303030303030304,0.45454545454545453,0.5757575757575758,0.8457145732902821,2.7908580918579307,8.489686570125789,18.703333333333333,2.5395472037353426,15.92,22.83,11.762609160577435,20.0,8.237390839422565,2.3245767242915703,10,HIGH_D10_DISTRIBUTED
2026-10-08,8481546,10.0,2.0,0.3333333333333333,0.5,0.6666666666666666,1.165343164633502,0.6992058987801011,1.8299140998967818,22.418,1.4625153370515847,19.93,24.38,1.6058524400035683,6.563354603463992,4.957502163460424,1.4000000000000001,1,OTHER
2026-10-08,8481553,10.0,3.0,0.23076923076923078,0.38461538461538464,0.5384615384615384,0.8148845426702924,1.0593499054713802,4.2285345388256115,13.969999999999999,2.34142406809759,11.28,18.1,5.583392984967788,4.993065187239944,-0.590327797727844,-0.30000000000000004,6,OTHER
2026-10-08,8481557,10.0,7.0,0.1794871794871795,0.3333333333333333,0.46153846153846156,0.4902437743487175,1.9119507199599983,5.8002750126484965,19.076,2.735621806220053,14.48,23.4,12.266722583350807,8.095952023988007,-4.170770559362801,-0.8999999999999999,10,HIGH_D10_DISTRIBUTED
2026-10-08,8481568,10.0,3.0,0.25,0.4166666666666667,0.5833333333333334,0.8606629658238706,1.0327955589886446,3.1232937050413305,20.556999999999995,1.6488046174931301,17.95,22.55,3.502456584131926,3.6437246963562755,0.14126811222434954,-0.1999999999999995,3,OTHER
2026-10-08,8481580,10.0,5.0,0.35714285714285715,0.5,0.6428571428571429,1.0753895038701158,1.505545305418162,5.13501428761216,16.1,1.5673190131204582,13.05,18.4,5.217391304347826,7.43801652892562,2.2206252245777938,0.6000000000000001,5,OTHER
2026-10-08,8481581,10.0,4.0,0.21052631578947367,0.3684210526315789,0.5263157894736842,0.6301152630199289,1.1972189997378648,3.069924740873568,23.337,2.1813148430349165,20.18,26.43,4.8849466512405195,0.0,-4.8849466512405195,-1.9,5,OTHER
2026-10-08,8481596,10.0,4.0,0.23529411764705882,0.47058823529411764,0.6470588235294118,0.9217771979249535,1.567021236472421,4.460282733599144,18.072222222222226,2.1631619089759426,15.15,21.55,6.271134337534583,5.255474452554745,-1.0156598849798382,0.12054103904088564,7,OTHER
2026-10-08,8481598,10.0,3.0,0.15789473684210525,0.3157894736842105,0.47368421052631576,0.6301152630199289,1.1972189997378648,3.0077258135193676,23.354,2.7171889068586217,20.27,28.47,4.881390768176757,4.914675767918089,0.03328499974133159,0.10000000000000031,5,OTHER
2026-10-08,8481601,10.0,3.0,0.3333333333333333,0.5555555555555556,0.6666666666666666,1.104921028901948,0.9944289260117533,3.4483204617752587,17.329,2.447667597257983,14.73,22.53,3.11616365629869,0.0,-3.11616365629869,-0.9,2,OTHER
2026-10-08,8481606,10.0,5.0,0.3333333333333333,0.4666666666666667,0.6,0.9558139185602919,1.4337208778404378,3.432551819733549,22.28111111111111,2.6500964343040643,18.22,26.6,4.488106517728021,0.0,-4.488106517728021,-1.649229541714457,4,OTHER
2026-10-08,8481618,10.0,2.0,0.16666666666666666,0.3333333333333333,0.5,0.6573421981221796,0.7888106377466155,3.0151276170937233,16.022222222222222,1.9349339638459095,13.27,18.93,4.993065187239944,3.522504892367906,-1.4705602948720382,-0.3435506241331483,5,OTHER
2026-10-08,8481624,10.0,3.0,0.25,0.5,0.6666666666666666,1.0243938285880987,1.2292725943057183,4.479021891620817,15.592999999999998,2.4127902243391715,10.93,18.1,4.617456551016482,7.929515418502203,3.312058867485721,0.8,4,OTHER
2026-10-08,8481711,10.0,2.0,0.2,0.4,0.6,0.9428090415820634,0.9428090415820634,3.6640524855054495,15.378,2.6074968839866326,11.28,19.13,3.9016777214202105,7.758620689655171,3.8569429682349603,1.0,3,OTHER
2026-10-08,8481719,10.0,3.0,0.17647058823529413,0.35294117647058826,0.5294117647058824,0.6820598874872975,1.1595018087284057,4.06760367145954,18.341,3.484580159630266,13.6,25.98,5.561310724606074,5.7052297939778125,0.14391906937173893,0.30000000000000004,6,OTHER
2026-10-08,8481726,10.0,4.0,0.2857142857142857,0.5,0.6428571428571429,0.96421222530079,1.349897115421106,6.526076970684644,9.917777777777777,2.9841823745281464,5.1,14.18,9.410710284561954,11.631663974151857,2.220953689589903,0.481581895585929,10,HIGH_D10_CONCENTRATED
2026-10-08,8481806,10.0,4.0,0.25,0.5,0.625,0.8936504412303007,1.4298407059684812,4.706920134726383,17.931,1.9641025657762607,14.32,20.75,5.353856449723942,0.0,-5.353856449723942,-1.6000000000000003,6,OTHER
2026-10-08,8482055,10.0,3.0,0.13636363636363635,0.2727272727272727,0.4090909090909091,0.46945252681302024,1.0327955589886446,3.6361419306901497,16.592,1.5983449773646072,13.38,18.67,7.955641272902604,0.0,-7.955641272902604,-2.2,9,HIGH_D10_DISTRIBUTED
2026-10-08,8482062,10.0,2.0,0.2857142857142857,0.42857142857142855,0.5714285714285714,0.96421222530079,0.674948557710553,3.7108790154869227,12.733,1.8828586422423397,10.2,15.27,3.298515667949423,8.053691275167786,4.755175607218363,1.2999999999999998,2,OTHER
2026-10-08,8482077,10.0,7.0,0.23333333333333334,0.4,0.5333333333333333,0.6478835438717,1.9436506316151,5.431351287160735,18.67,2.893467738813681,15.58,24.12,9.6411355115158,6.876790830945559,-2.7643446805702414,-1.0,10,HIGH_D10_DISTRIBUTED
2026-10-08,8482079,10.0,4.0,0.26666666666666666,0.4666666666666667,0.6,0.7856742013183862,1.1785113019775793,4.3998744025909895,17.482,1.8662070862819296,15.02,20.15,5.148152385310605,9.515418502202643,4.367266116892037,1.5000000000000002,5,OTHER
2026-10-08,8482089,10.0,4.0,0.3076923076923077,0.46153846153846156,0.6153846153846154,0.8919244682526197,1.1595018087284057,4.245565152427694,14.515999999999996,1.8257674185576502,12.3,18.18,5.37338109672086,8.071748878923767,2.698367782202907,0.7,6,OTHER
2026-10-08,8482092,10.0,5.0,0.2631578947368421,0.42105263157894735,0.5263157894736842,0.7212212207401568,1.3703203194062978,4.06779262032839,18.015555555555558,3.1499250431998824,13.17,23.42,7.030960897989392,9.557522123893806,2.5265612259044143,0.9204761317380044,8,OTHER
2026-10-08,8482094,10.0,3.0,0.42857142857142855,0.7142857142857143,0.8571428571428571,1.5133570078162575,1.0593499054713802,3.4564280339893707,16.91,4.799240680681801,10.1,23.85,2.483737433471319,0.0,-2.483737433471319,-0.7,1,OTHER
2026-10-08,8482095,10.0,3.0,0.2727272727272727,0.45454545454545453,0.6363636363636364,0.904026296374321,0.9944289260117531,2.8067584054162116,20.36777777777778,7.513440919075922,1.8,27.07,3.600458240139654,0.0,-3.600458240139654,-1.2691015220118926,3,OTHER
2026-10-08,8482097,10.0,5.0,0.1724137931034483,0.3448275862068966,0.4827586206896552,0.5500453385749609,1.5951314818673865,5.33537426367677,17.79,2.736636215827339,14.03,21.75,9.780775716694771,3.330249768732655,-6.450525947962117,-1.9,10,HIGH_D10_DISTRIBUTED
2026-10-08,8482111,10.0,2.0,0.25,0.5,0.625,0.9860132971832694,0.7888106377466155,2.4889125910598433,17.419999999999998,2.545929212597152,14.17,22.0,2.755453501722158,4.25531914893617,1.499865647214012,0.19999999999999996,2,OTHER
2026-10-08,8482116,10.0,4.0,0.16666666666666666,0.3333333333333333,0.4583333333333333,0.4479032082388084,1.07496769977314,3.797032521111233,19.597,2.333004976896154,16.52,22.85,7.348063479103945,0.0,-7.348063479103945,-2.4,8,OTHER
2026-10-08,8482142,10.0,4.0,0.3076923076923077,0.6153846153846154,0.7692307692307693,1.2054009511326318,1.5670212364724214,4.112937580014212,21.008,3.1295324464420133,17.35,25.75,3.712871287128713,7.741935483870968,4.0290641967422545,1.7000000000000002,3,OTHER
2026-10-08,8482145,10.0,7.0,0.2692307692307692,0.4230769230769231,0.5769230769230769,0.7734924681537619,2.011080417199781,7.822579183554824,17.746666666666666,1.2576963067449947,15.93,19.27,9.76709241172051,0.0,-9.76709241172051,-2.9231279739544203,10,HIGH_D10_DISTRIBUTED
2026-10-08,8482159,10.0,4.0,0.18181818181818182,0.36363636363636365,0.5,0.5587602701389628,1.2292725943057183,3.9378445277099834,17.883,1.159607692282179,15.12,18.92,7.381311860426103,10.876132930513595,3.494821070087492,0.8000000000000003,8,OTHER
2026-10-08,8482165,10.0,3.0,0.23076923076923078,0.38461538461538464,0.5384615384615384,0.7297563831157798,0.9486832980505138,2.9926487561351096,18.744000000000003,2.1683029718602005,16.77,24.07,4.161331626120359,6.36604774535809,2.204716119237731,0.7,4,OTHER
2026-10-08,8482175,10.0,5.0,0.25,0.45,0.6,0.816496580927726,1.632993161855452,5.558462434611644,16.691,2.4758138953573314,13.72,20.63,7.189503325145288,0.0,-7.189503325145288,-2.0,8,OTHER
2026-10-08,8482176,10.0,2.0,0.2222222222222222,0.4444444444444444,0.6666666666666666,0.9728833730787925,0.8755950357709132,2.553825258658969,20.873,2.2027510577053917,17.93,24.5,2.5870742107028217,0.0,-2.5870742107028217,-0.9,2,OTHER
2026-10-08,8482177,10.0,4.0,0.6666666666666666,0.8333333333333334,1.0,2.1081851067789197,1.2649110640673518,4.232650276090934,14.594,2.2150906678207707,11.53,18.28,2.466767164588187,3.9003250270855903,1.4335578624974032,0.4,1,OTHER
2026-10-08,8482201,10.0,2.0,0.18181818181818182,0.36363636363636365,0.5454545454545454,0.7959954870644664,0.8755950357709131,2.9548375553617987,15.679999999999998,2.3917497081983026,12.15,19.88,4.209183673469388,0.0,-4.209183673469388,-1.1,4,OTHER
2026-10-08,8482476,10.0,4.0,0.3333333333333333,0.5833333333333334,0.75,1.165343164633502,1.3984117975602022,4.985291326481317,15.159,1.8378577505103901,12.25,17.48,4.749653671086484,3.603603603603604,-1.1460500674828795,-0.20000000000000018,5,OTHER
2026-10-08,8482482,10.0,3.0,0.3,0.5,0.7,1.0540925533894598,1.0540925533894598,3.4341351484988936,18.678888888888892,2.9421906993108236,14.55,22.42,3.5690916661709595,0.0,-3.5690916661709595,-1.1280709059544345,3,OTHER
2026-10-08,8482511,10.0,2.0,0.2857142857142857,0.42857142857142855,0.5714285714285714,0.9642122253007899,0.6749485577105528,2.1032892881712053,19.188,2.6134132640837517,14.07,21.88,2.188868042526579,7.6352067868504765,5.4463387443238975,1.3,1,OTHER
2026-10-08,8482655,10.0,3.0,0.3,0.6,0.8,1.3333333333333333,1.3333333333333333,4.217150578463876,19.275,2.3722012749530528,14.9,22.48,3.11284046692607,0.0,-3.11284046692607,-1.0,2,OTHER
2026-10-08,8482659,10.0,4.0,0.3076923076923077,0.5384615384615384,0.6153846153846154,0.9628196592573635,1.2516655570345725,4.778319253723002,15.245999999999999,2.2561629176792866,12.08,19.1,5.116096025186934,3.6511156186612577,-1.4649804065256764,-0.30000000000000004,5,OTHER
2026-10-08,8482667,10.0,4.0,0.19047619047619047,0.38095238095238093,0.5238095238095238,0.6525334854315703,1.3703203194062976,4.966501835094056,17.919999999999998,1.486413468722616,16.27,20.27,7.8125,0.0,-7.8125,-2.3256510416666667,9,HIGH_D10_DISTRIBUTED
2026-10-08,8482671,10.0,2.0,0.18181818181818182,0.36363636363636365,0.5454545454545454,0.6707861703387471,0.7378647873726218,2.0576862079361704,23.129,2.906924491623407,19.8,29.07,2.853560465216827,4.727511490479317,1.8739510252624902,0.8999999999999999,2,OTHER
2026-10-08,8482679,10.0,5.0,0.2,0.4,0.52,0.6863753427324667,1.7159383568311668,5.080066309242711,17.029999999999998,2.3234648456322486,13.57,22.03,8.807985907222548,0.0,-8.807985907222548,-2.5,9,HIGH_D10_DISTRIBUTED
2026-10-08,8482691,10.0,3.0,0.21428571428571427,0.42857142857142855,0.6428571428571429,0.9642122253007899,1.3498971154211057,7.688534100851259,12.358,2.3595234923838135,9.5,16.15,6.797216378054701,0.0,-6.797216378054701,-1.4,8,OTHER
2026-10-08,8482699,10.0,6.0,0.17647058823529413,0.3235294117647059,0.47058823529411764,0.5405509314545185,1.837873166945363,6.386936373607636,17.630000000000003,1.9822097657804927,14.55,20.78,11.571185479296654,0.0,-11.571185479296654,-3.3999999999999995,10,HIGH_D10_DISTRIBUTED
2026-10-08,8482702,10.0,7.0,0.25,0.39285714285714285,0.5357142857142857,0.6900655593423543,1.9321835661585918,4.364008621057418,18.047777777777778,2.445402716209427,12.85,20.32,10.3429169488395,19.823788546255507,9.480871597416007,1.94608138890599,10,HIGH_D10_DISTRIBUTED
2026-10-08,8482737,10.0,3.0,0.23076923076923078,0.46153846153846156,0.6153846153846154,0.8919244682526197,1.1595018087284057,5.0673978207126025,14.347777777777777,2.6599237666603233,11.07,19.95,6.040424378533261,7.570977917981072,1.5305535394478103,0.5479826531402463,7,OTHER
2026-10-08,8482740,10.0,5.0,0.16666666666666666,0.3333333333333333,0.4666666666666667,0.49690399499995325,1.4907119849998598,4.290030881659906,19.657999999999998,2.2039953619632584,16.75,22.83,9.156577474819413,3.5999999999999996,-5.556577474819413,-2.0000000000000004,10,HIGH_D10_DISTRIBUTED
2026-10-08,8482742,10.0,5.0,0.23809523809523808,0.42857142857142855,0.5714285714285714,0.7256590127404737,1.5238839267549948,7.175360324866735,13.312000000000001,2.579521058043313,8.37,16.92,9.46514423076923,10.97560975609756,1.5104655253283301,-0.09999999999999964,10,HIGH_D10_DISTRIBUTED
2026-10-08,8482745,10.0,5.0,0.18518518518518517,0.2962962962962963,0.4074074074074074,0.3923518168412519,1.0593499054713802,3.734120893175472,14.846000000000004,2.105586220826241,12.15,17.6,10.912030176478511,20.713463751438436,9.801433574959924,2.3000000000000003,10,HIGH_D10_DISTRIBUTED
2026-10-08,8482768,10.0,3.0,0.2,0.3333333333333333,0.4666666666666667,0.6478835438717,0.97182531580755,4.0397623986384845,13.876,2.3615870370014598,10.48,17.82,6.486019025655809,0.0,-6.486019025655809,-1.5,7,OTHER
2026-10-08,8482803,10.0,4.0,0.4444444444444444,0.5555555555555556,0.6666666666666666,1.330243333042072,1.1972189997378648,5.362984823429037,13.672,2.8476181079788225,8.97,19.35,3.9496781743709777,0.0,-3.9496781743709777,-0.9,3,OTHER
2026-10-08,8482806,3.0,1.0,0.5,1.0,1.0,0.8660254037844388,0.5773502691896258,3.0661176071396374,13.22,3.187679406715801,10.63,16.78,3.02571860816944,0.0,-3.02571860816944,-0.6666666666666666,2,OTHER
2026-10-08,8482809,10.0,4.0,0.17391304347826086,0.30434782608695654,0.43478260869565216,0.46058691542233926,1.0593499054713802,5.060045546739385,17.945555555555554,2.8755265218352233,12.97,21.63,8.544362578168535,19.334049409237377,10.789686831068842,2.483115596557489,9,HIGH_D10_DISTRIBUTED
2026-10-08,8482859,10.0,3.0,0.3333333333333333,0.6666666666666666,0.7777777777777778,1.330243333042072,1.1972189997378648,5.8521952072189505,11.805000000000001,2.4104644550146115,8.35,17.43,4.5743329097839895,4.8,0.22566709021601028,0.10000000000000009,4,OTHER
2026-10-08,8482964,10.0,3.0,0.3,0.5,0.7,1.1547005383792515,1.1547005383792515,3.5803608941882223,15.181111111111111,4.8687535479947135,8.75,21.52,4.391422088853107,10.013908205841448,5.622486116988341,0.9150991729488398,4,OTHER
2026-10-08,8483017,5.0,3.0,0.42857142857142855,0.7142857142857143,0.8571428571428571,0.8144110179279558,1.140175425099138,3.9928160004101847,17.919999999999998,2.772444769513001,14.38,21.75,4.6875,6.4171122994652405,1.7296122994652405,0.6000000000000001,5,OTHER
2026-10-08,8483395,10.0,3.0,0.2727272727272727,0.45454545454545453,0.6363636363636364,1.0004590314678288,1.1005049346146119,5.110361672825406,12.648,3.6612317295928944,9.33,19.33,5.218216318785578,0.0,-5.218216318785578,-1.1,5,OTHER
2026-10-08,8483425,10.0,1.0,0.5,1.0,1.0,2.1081851067789197,0.42163702135578396,1.2329043671430007,17.247999999999998,2.818781454616319,13.7,21.18,0.6957328385899815,0.0,-0.6957328385899815,-0.2,1,OTHER
2026-10-08,8483431,10.0,5.0,0.3125,0.5,0.625,0.9409658158863513,1.5055453054181622,4.592745346851514,18.422000000000004,2.0597184273584577,16.12,23.18,5.211160568885028,0.0,-5.211160568885028,-1.6,5,OTHER
2026-10-08,8483447,10.0,3.0,0.2,0.4,0.5333333333333333,0.7200822998230957,1.0801234497346435,4.732280419316532,13.128,3.665208194783908,8.82,19.93,6.855575868372943,17.142857142857142,10.287281274484199,1.5,8,OTHER
2026-10-08,8483450,10.0,4.0,0.36363636363636365,0.5454545454545454,0.6363636363636364,1.0883809088526044,1.1972189997378648,4.60111643499942,15.692000000000002,1.6576542998399209,13.15,18.15,4.205964822839664,8.098987626546682,3.8930228037070185,0.8999999999999999,4,OTHER
2026-10-08,8483457,10.0,3.0,0.3333333333333333,0.5555555555555556,0.7777777777777778,1.222783260682902,1.1005049346146119,2.369968935706614,26.456666666666667,2.375605186052599,22.85,29.35,2.2678593927176514,9.710047201618343,7.442187808900691,3.0067153836462137,1,OTHER
2026-10-08,8483460,10.0,2.0,0.2222222222222222,0.4444444444444444,0.5555555555555556,0.8198497637473576,0.7378647873726218,3.13896134300715,14.779999999999998,4.697491351774902,7.4,22.77,4.059539918809202,6.515837104072397,2.456297185263195,1.0453991880920164,3,OTHER
2026-10-08,8483468,10.0,3.0,0.25,0.4166666666666667,0.5,0.6573421981221796,0.7888106377466155,2.74377844984587,14.347,3.8647582934339715,8.75,19.93,5.018470760437722,0.0,-5.018470760437722,-1.2,5,OTHER
2026-10-08,8483476,10.0,2.0,0.2,0.4,0.6,0.816496580927726,0.816496580927726,3.6937600387976373,12.523,1.812972084114308,10.52,17.27,4.791184221033299,10.384615384615387,5.593431163582088,2.0,5,OTHER
2026-10-08,8483489,10.0,3.0,0.1875,0.375,0.5625,0.733617369235792,1.1737877907772674,4.484924482090997,16.607,2.2800051169533226,13.63,21.67,5.780694887697958,15.61822125813449,9.837526370436532,2.4,6,OTHER
2026-10-08,8483493,10.0,3.0,0.2727272727272727,0.5454545454545454,0.7272727272727273,1.1697126706435625,1.286683937707919,4.03470628779714,17.199,3.797877916240419,7.4,21.42,3.837432408860981,3.116883116883117,-0.7205492919778638,-0.10000000000000009,3,OTHER
2026-10-08,8483495,10.0,4.0,0.23529411764705882,0.47058823529411764,0.6470588235294118,0.879078892998427,1.494434118097326,4.232384073880221,21.407,2.072947713335341,16.67,24.05,4.764796561872285,2.975206611570248,-1.7895899503020374,-0.7000000000000002,5,OTHER
2026-10-08,8483499,10.0,3.0,0.3,0.5,0.6,0.9428090415820634,0.9428090415820634,3.414101649791833,17.437,1.5348619192328379,14.93,20.4,3.4409588805413773,4.562737642585551,1.121778762044174,-2.220446049250313e-16,3,OTHER
2026-10-08,8483500,10.0,3.0,0.2,0.3333333333333333,0.4666666666666667,0.6478835438717,0.97182531580755,3.7042520494256093,16.885,3.1967283622826357,13.02,23.93,5.330174711282203,7.024390243902439,1.6942155326202357,0.4999999999999998,6,OTHER
2026-10-08,8483505,10.0,5.0,0.3333333333333333,0.6,0.7333333333333333,1.186342028003479,1.7795130420052185,8.453267620633031,12.681000000000001,2.6566120864322245,7.13,16.7,7.097232079488999,12.182741116751268,5.085509037262269,0.5,8,OTHER
2026-10-08,8483506,10.0,4.0,0.25,0.375,0.5,0.6718548123582125,1.07496769977314,3.7769330598733117,18.568999999999996,2.2237928060960277,15.58,21.95,5.169906833970596,3.317972350230415,-1.8519344837401808,-0.6000000000000001,5,OTHER
2026-10-08,8483513,10.0,2.0,0.25,0.375,0.5,0.7905694150420948,0.6324555320336759,4.2629911470617134,10.68888888888889,4.239461771393995,6.6,20.17,4.98960498960499,12.5,7.51039501039501,1.1328066528066527,5,OTHER
2026-10-08,8483515,10.0,4.0,0.18181818181818182,0.3181818181818182,0.45454545454545453,0.46945252681302024,1.0327955589886446,3.4304346110904955,18.97888888888889,1.9381592068535314,16.62,22.48,7.727884784263217,17.24137931034483,9.513494526081612,2.5475557637140684,9,HIGH_D10_DISTRIBUTED
2026-10-08,8483516,10.0,4.0,0.14285714285714285,0.2857142857142857,0.42857142857142855,0.3688555567816588,1.0327955589886446,3.160584203036254,18.066,2.06291702854639,14.85,21.63,9.299236134174691,3.488372093023256,-5.810864041151436,-1.7999999999999998,10,HIGH_D10_DISTRIBUTED
2026-10-08,8483525,10.0,4.0,0.3076923076923077,0.46153846153846156,0.6153846153846154,0.9628196592573635,1.2516655570345725,4.628217700783712,14.294,2.182924643683331,11.88,18.88,5.456835035679306,0.0,-5.456835035679306,-1.3,6,OTHER
2026-10-08,8483553,10.0,5.0,0.3125,0.5,0.6875,0.9860132971832694,1.577621275493231,9.192370610159118,10.19888888888889,2.732281301606976,7.55,16.88,10.458655626974616,5.921052631578948,-4.537602995395669,-0.7833750953262884,10,HIGH_D10_CONCENTRATED
2026-10-08,8483609,10.0,5.0,0.35714285714285715,0.5714285714285714,0.7142857142857143,1.1761037176408067,1.6465452046971292,8.223112209978298,11.044,1.7055738688846704,8.12,13.15,7.605939876856212,5.625,-1.9809398768562119,-0.3999999999999999,9,HIGH_D10_CONCENTRATED
2026-10-08,8483676,10.0,2.0,0.15384615384615385,0.3076923076923077,0.46153846153846156,0.6332866171912035,0.8232726023485646,4.624369960834063,11.585555555555556,2.547371739220206,6.93,15.5,7.480579265368754,5.120910384068278,-2.3596688813004763,-0.3826604008823249,8,OTHER
2026-10-08,8483678,10.0,2.0,0.2222222222222222,0.4444444444444444,0.6666666666666666,0.9728833730787924,0.8755950357709131,3.4371394872850205,15.769000000000002,1.7627343027870717,13.25,19.12,3.4244403576637708,10.619469026548673,7.195028668884902,2.1,3,OTHER
2026-10-08,8483686,10.0,3.0,0.3,0.4,0.5,0.816496580927726,0.816496580927726,2.533744790476184,15.211111111111112,4.71765684541713,9.2,23.9,4.382761139517896,0.0,-4.382761139517896,-1.0818115412710008,4,OTHER
2026-10-08,8483766,5.0,5.0,0.5555555555555556,0.8888888888888888,1.0,1.204415743815489,2.1679483388678804,5.519968363768974,17.5,6.351153438549568,9.52,24.03,6.171428571428572,7.1570576540755475,0.9856290826469758,-0.7999999999999998,7,OTHER
2026-10-08,8483768,10.0,3.0,0.3,0.5,0.7,1.0540925533894598,1.0540925533894598,3.8842516930291526,15.716999999999999,3.531314045633564,10.9,21.85,3.817522427944264,0.0,-3.817522427944264,-1.0,3,OTHER
2026-10-08,8483890,10.0,3.0,0.23076923076923078,0.46153846153846156,0.5384615384615384,0.7297563831157798,0.9486832980505138,4.960455784006549,13.025555555555556,2.6279607641244906,10.23,17.73,6.653586965793739,0.0,-6.653586965793739,-1.4560266143478633,7,OTHER
2026-10-08,8484136,10.0,4.0,0.2857142857142857,0.5,0.7142857142857143,1.075389503870116,1.5055453054181622,6.899144452074029,13.991,2.229700777134805,10.95,16.62,6.003859624044028,0.0,-6.003859624044028,-1.4,7,OTHER
2026-10-08,8484142,10.0,3.0,0.375,0.75,0.875,1.536590742882148,1.2292725943057183,5.544826591171596,13.71,2.0630862803091876,10.08,17.63,3.8901045465596886,0.0,-3.8901045465596886,-0.8955020666180402,3,OTHER
2026-10-08,8484145,10.0,4.0,0.21052631578947367,0.3684210526315789,0.5263157894736842,0.677202072477852,1.286683937707919,5.286562287396459,17.759999999999998,3.300542043025324,12.98,24.37,6.418918918918919,13.114754098360656,6.695835179441737,2.1,7,OTHER
2026-10-08,8484152,10.0,3.0,0.23076923076923078,0.46153846153846156,0.6153846153846154,0.8919244682526197,1.1595018087284057,3.382656260863938,19.257,2.417027789110695,14.88,22.72,4.050475151892818,7.453416149068322,3.402940997175504,0.6999999999999995,3,OTHER
2026-10-08,8484154,2.0,4.0,0.8,1.0,,0.8485281374238569,2.1213203435596424,9.880748979863279,13.370000000000001,0.42426406871192823,13.07,13.67,11.219147344801796,0.0,-11.219147344801796,-2.5,10,HIGH_D10_CONCENTRATED
2026-10-08,8484158,10.0,3.0,0.2,0.4,0.5333333333333333,0.6478835438717,0.97182531580755,4.044086412225461,17.052,3.188098701943423,12.12,21.85,5.277973258268824,17.142857142857142,11.864883884588318,2.5,6,OTHER
2026-10-08,8484164,10.0,3.0,0.2,0.3333333333333333,0.4666666666666667,0.6478835438717,0.97182531580755,4.628773095365123,13.63,3.0271622208119457,9.78,19.62,6.603081438004402,8.108108108108107,1.505026670103705,0.5,7,OTHER
2026-10-08,8484180,10.0,2.0,0.2857142857142857,0.42857142857142855,0.5714285714285714,0.96421222530079,0.674948557710553,2.7036905092223473,13.774000000000001,2.810512804137747,7.08,15.82,3.0492231740961233,3.7775445960125924,0.7283214219164691,0.30000000000000004,2,OTHER
2026-10-08,8484185,10.0,2.0,0.2857142857142857,0.42857142857142855,0.5714285714285714,0.96421222530079,0.674948557710553,3.5603741925180534,12.544,2.666367483216737,7.68,15.97,3.3482142857142856,5.286343612334802,1.9381293266205164,0.30000000000000004,2,OTHER
2026-10-08,8484197,10.0,3.0,0.2727272727272727,0.45454545454545453,0.6363636363636364,1.0004590314678288,1.1005049346146119,5.091180896708428,11.794,3.984308667203829,1.82,15.52,5.596065796167543,5.0,-0.5960657961675428,-0.10000000000000009,6,OTHER
2026-10-08,8484221,10.0,4.0,0.2,0.35,0.45,0.5270462766947299,1.0540925533894598,4.139771282294151,16.410000000000004,1.9228855631287292,13.7,19.37,7.312614259597806,0.0,-7.312614259597806,-2.0,8,OTHER
2026-10-08,8484227,10.0,4.0,0.25,0.5,0.6875,1.0290907529357056,1.6465452046971292,5.770404285333845,17.883999999999997,2.3328247064687715,14.17,22.43,5.367926638335943,3.858520900321543,-1.5094057380144,-0.6000000000000001,6,OTHER
2026-10-08,8484234,6.0,4.0,0.3333333333333333,0.6666666666666666,0.8333333333333334,0.8366600265340756,1.6733200530681511,8.302688526690137,14.200000000000001,3.45779698652191,10.9,20.23,8.450704225352112,5.1355206847360915,-3.3151835406160206,-1.0,9,HIGH_D10_CONCENTRATED
2026-10-08,8484240,10.0,3.0,0.5,0.6666666666666666,0.8333333333333334,1.6101529717988263,0.9660917830792958,2.7359606289969363,20.558,1.1068554055922972,18.75,22.05,1.751143107306158,0.0,-1.751143107306158,-0.6,1,OTHER
2026-10-08,8484241,10.0,6.0,0.3157894736842105,0.47368421052631576,0.5789473684210527,0.9099159635010484,1.728840330651992,5.52260973036977,15.331999999999999,3.179566008121234,10.45,19.9,7.435429167753718,4.449938195302844,-2.985490972450874,-0.8999999999999999,8,OTHER
2026-10-08,8484305,10.0,1.0,0.5,1.0,1.0,2.1081851067789197,0.42163702135578396,1.3581024046900967,15.956999999999999,4.675239863127643,8.47,23.28,0.7520210565895845,4.428044280442805,3.6760232238532202,0.8,1,OTHER
2026-10-08,8484321,10.0,2.0,0.25,0.5,0.625,0.9860132971832694,0.7888106377466155,2.5086724655677064,17.245555555555555,2.9578840034351885,10.7,20.58,3.09258424070614,0.0,-3.09258424070614,-0.8975194897236002,2,OTHER
2026-10-08,8484386,10.0,2.0,0.2222222222222222,0.4444444444444444,0.6666666666666666,1.1049210289019482,0.9944289260117534,4.026585409928813,15.610999999999999,3.1560715736145437,12.5,21.73,3.459099353020306,8.21917808219178,4.7600787291714735,1.1,3,OTHER
2026-10-08,8484387,10.0,8.0,0.3076923076923077,0.46153846153846156,0.5769230769230769,0.8733018649193025,2.2705848487901865,8.399547866065095,15.749999999999996,1.744082057192901,13.4,18.27,9.904761904761903,3.9130434782608696,-5.991718426501034,-1.5999999999999996,10,HIGH_D10_DISTRIBUTED
2026-10-08,8484388,10.0,3.0,0.42857142857142855,0.7142857142857143,0.8571428571428571,1.5133570078162575,1.0593499054713802,4.610698097882981,11.981,2.173315183973298,9.13,16.55,3.505550454886904,17.970049916805323,14.464499461918418,2.3,3,OTHER
2026-10-08,8484390,7.0,3.0,0.3,0.5,0.7,0.7937253933193772,1.1338934190276817,3.7033346914693546,17.805714285714288,2.2943616188594245,14.7,20.7,4.813863928112966,5.673758865248228,0.8598949371352624,0.5714285714285716,5,OTHER
2026-10-08,8484403,9.0,2.0,0.25,0.5,0.625,0.8794529549668931,0.7817359599705717,4.627508663548254,10.2675,1.8582076617767227,7.72,13.38,5.843681519357195,9.375,3.5313184806428053,-2.220446049250313e-16,6,OTHER
2026-10-08,8484759,10.0,2.0,0.15384615384615385,0.3076923076923077,0.46153846153846156,0.5191911982388868,0.6749485577105528,2.8384612013436734,16.91,3.837935643024776,12.77,25.48,5.125172481766214,8.135593220338983,3.010420738572769,0.5555555555555558,5,OTHER
2026-10-08,8484768,10.0,4.0,0.16,0.32,0.48,0.541602560309064,1.35400640077266,4.1809826624274615,20.527,2.4299567897392746,17.0,23.82,7.307448726068105,2.8191072826938135,-4.488341443374292,-1.5000000000000004,8,OTHER
2026-10-08,8484783,10.0,5.0,0.3333333333333333,0.4666666666666667,0.6,0.9558139185602919,1.4337208778404378,3.804621767775785,21.165,2.6332204617160335,17.88,24.72,4.252303330970943,6.138107416879795,1.8858040859088527,0.5,4,OTHER
2026-10-08,8484790,5.0,4.0,0.36363636363636365,0.5454545454545454,0.7272727272727273,0.4979295977319691,1.0954451150103321,4.088111997315351,18.517999999999997,1.8478690429789661,16.58,21.02,7.128199589588508,4.195804195804195,-2.9323953937843132,-1.2000000000000006,8,OTHER
2026-10-08,8484797,10.0,3.0,0.1875,0.375,0.5,0.6718548123582125,1.07496769977314,5.528445267209654,13.977,4.337126673014955,8.03,24.58,6.8684267010088,4.400977995110025,-2.467448705898775,-0.6000000000000001,8,OTHER
2026-10-08,8484798,10.0,3.0,0.1875,0.375,0.5625,0.733617369235792,1.1737877907772674,3.6635847130966908,22.049999999999997,2.2935804130466213,18.27,25.08,4.35374149659864,0.0,-4.35374149659864,-1.6,4,OTHER
2026-10-08,8484803,7.0,4.0,0.3076923076923077,0.5384615384615384,0.6923076923076923,0.7882269819968922,1.4638501094227998,7.814291076356793,12.089999999999998,1.2208521614020267,10.5,14.08,10.75268817204301,11.663066954643629,0.9103787826006187,0.8333333333333335,10,HIGH_D10_CONCENTRATED
2026-10-08,8484806,10.0,2.0,0.2857142857142857,0.42857142857142855,0.5714285714285714,0.9642122253007899,0.6749485577105528,2.395071277309494,17.295,2.256163163918386,13.9,21.22,2.4284475281873372,0.0,-2.4284475281873372,-0.7,1,OTHER
2026-10-08,8484829,10.0,2.0,0.2,0.4,0.6,0.816496580927726,0.816496580927726,2.820642239892983,16.309000000000005,1.8412341875311062,13.07,19.8,3.6789502728554786,0.0,-3.6789502728554786,-1.0000000000000002,3,OTHER
2026-10-08,8484860,10.0,4.0,0.26666666666666666,0.4,0.5333333333333333,0.7200822998230957,1.0801234497346435,3.802229184339853,16.619,2.5054449593723755,12.17,19.97,5.41548829652807,8.108108108108107,2.6926198115800366,0.5,6,OTHER
2026-10-08,8484911,10.0,2.0,0.2857142857142857,0.5714285714285714,0.7142857142857143,1.1761037176408067,0.8232726023485646,3.498179199665734,16.104,2.1482354516103572,12.7,19.48,2.608047690014903,12.616822429906541,10.008774739891638,2.3000000000000003,2,OTHER
2026-10-08,8484938,10.0,6.0,0.375,0.5625,0.625,1.0704360482220943,1.7126976771553508,5.191007287977516,14.568000000000001,2.833226664658748,10.72,18.85,6.589785831960461,0.0,-6.589785831960461,-1.6,7,OTHER
2026-10-08,8484994,10.0,4.0,0.25,0.4375,0.625,0.8936504412303007,1.4298407059684812,5.186897754966861,14.849999999999998,2.680841493097104,10.42,19.12,6.4646464646464645,0.0,-6.4646464646464645,-1.6,7,OTHER
2026-10-08,8485366,10.0,6.0,0.1875,0.34375,0.46875,0.4841229182759271,1.5491933384829668,3.5354528503067604,25.85,2.433360730439374,20.57,28.72,7.427466150870406,8.97196261682243,1.5444964659520233,0.7999999999999994,8,OTHER
2026-10-08,8485388,6.0,4.0,0.3076923076923077,0.5384615384615384,0.6923076923076923,0.5395593205153902,1.1690451944500122,4.656320142236774,14.593333333333332,2.4106320056505237,11.97,18.75,8.908177249885792,0.0,-8.908177249885792,-2.166666666666666,9,HIGH_D10_CONCENTRATED
2026-10-08,8485391,10.0,6.0,0.23076923076923078,0.4230769230769231,0.5769230769230769,0.7068742949789857,1.837873166945363,5.461199023951901,18.336000000000002,2.5914226037277497,13.23,22.07,8.507853403141361,8.874281018898932,0.366427615757571,0.40000000000000036,9,HIGH_D10_DISTRIBUTED
2026-10-08,8485395,9.0,5.0,0.2631578947368421,0.42105263157894735,0.5789473684210527,0.6462120609372985,1.3642254619787415,3.991666990558382,15.445555555555554,2.887096773192367,13.13,20.6,8.20084885979426,0.0,-8.20084885979426,-2.111111111111111,9,HIGH_D10_DISTRIBUTED
2026-10-08,8485402,10.0,5.0,0.2631578947368421,0.47368421052631576,0.6842105263157895,0.9752240076973542,1.8529256146249728,7.51978540245975,13.571000000000002,2.6843722626425053,9.7,18.62,8.40026527153489,0.0,-8.40026527153489,-1.9,9,HIGH_D10_DISTRIBUTED
2026-10-08,8485406,10.0,5.0,0.3333333333333333,0.5333333333333333,0.6666666666666666,1.0540925533894598,1.5811388300841898,5.817142651281868,14.898888888888886,2.1511592481987734,11.03,17.62,6.711909911253636,0.0,-6.711909911253636,-1.7211574315758071,8,OTHER
2026-10-08,8485702,10.0,4.0,0.23529411764705882,0.47058823529411764,0.5882352941176471,0.834197936713045,1.4181364924121764,6.025469973749309,13.788,3.230283097328915,7.2,18.13,7.397737162750218,10.843373493975902,3.4456363312256837,1.2999999999999998,8,OTHER
2026-10-08,8486067,6.0,4.0,0.36363636363636365,0.6363636363636364,0.7272727272727273,0.724996437722796,1.329160135825126,5.002355211575743,15.966666666666669,2.642079988695775,12.77,20.65,6.8893528183716075,4.245283018867925,-2.644069799503683,-0.8333333333333333,8,OTHER
2026-10-08,8486103,6.0,4.0,0.4444444444444444,0.7777777777777778,0.8888888888888888,1.0954451150103324,1.6431676725154984,5.074514852994709,15.704999999999998,3.3474871172268914,13.58,22.28,5.730659025787966,6.916426512968299,1.1857674871803336,0.5,6,OTHER
2026-10-08,8486171,6.0,3.0,0.3,0.5,0.7,0.6196773353931867,1.0327955589886446,3.8856091428540394,16.110000000000003,3.002259149374018,11.93,19.93,6.207324643078833,21.906693711967545,15.699369068888712,4.333333333333334,7,OTHER
