slate_date,game_id,player_id,rate,toi,reconstructed_d10,d10_diff,contributor_n,hist_sog,hist_toi,reconstruction_class
2026-10-03,2026020022,8474013,2.0714655618850335,17.379,2.0714655618850335,0.0,10,6,173.79,D10_CONTRIBUTORS_EXACTLY_RECONSTRUCTED
2026-10-03,2026020022,8474141,6.592371684194004,19.113,6.5923716841940045,8.881784197001252e-16,10,21,191.13,D10_CONTRIBUTORS_EXACTLY_RECONSTRUCTED
2026-10-03,2026020022,8475842,7.183643396573955,10.858,7.183643396573955,0.0,10,13,108.58,D10_CONTRIBUTORS_EXACTLY_RECONSTRUCTED
2026-10-03,2026020022,8476882,4.555808656036446,17.121,4.555808656036446,0.0,10,13,171.21,D10_CONTRIBUTORS_EXACTLY_RECONSTRUCTED
2026-10-03,2026020022,8477479,3.8914711923035346,18.502,3.8914711923035346,0.0,10,12,185.02,D10_CONTRIBUTORS_EXACTLY_RECONSTRUCTED
2026-10-03,2026020022,8477987,7.323523428493931,14.747,7.323523428493931,0.0,10,18,147.47,D10_CONTRIBUTORS_EXACTLY_RECONSTRUCTED
2026-10-03,2026020022,8478413,4.661280298321939,12.872,4.661280298321939,0.0,10,10,128.72,D10_CONTRIBUTORS_EXACTLY_RECONSTRUCTED
2026-10-03,2026020022,8479359,2.6162030173541466,11.467,2.6162030173541466,0.0,10,5,114.67,D10_CONTRIBUTORS_EXACTLY_RECONSTRUCTED
2026-10-03,2026020022,8479420,10.491177873152122,18.873,10.491177873152123,1.7763568394002505e-15,10,33,188.73,D10_CONTRIBUTORS_EXACTLY_RECONSTRUCTED
2026-10-03,2026020022,8480064,7.041335245794758,15.338,7.041335245794759,8.881784197001252e-16,10,18,153.38,D10_CONTRIBUTORS_EXACTLY_RECONSTRUCTED
2026-10-03,2026020022,8480802,3.8524398785897738,17.132,3.8524398785897733,-4.440892098500626e-16,10,11,171.32,D10_CONTRIBUTORS_EXACTLY_RECONSTRUCTED
2026-10-03,2026020022,8480807,4.182433778131847,20.084,4.182433778131847,0.0,10,14,200.84,D10_CONTRIBUTORS_EXACTLY_RECONSTRUCTED
2026-10-03,2026020022,8480839,5.690145702215708,23.198,5.690145702215709,8.881784197001252e-16,10,22,231.98,D10_CONTRIBUTORS_EXACTLY_RECONSTRUCTED
2026-10-03,2026020022,8481522,6.661115736885928,14.412,6.661115736885928,0.0,10,16,144.12,D10_CONTRIBUTORS_EXACTLY_RECONSTRUCTED
2026-10-03,2026020022,8481568,3.570188922497149,20.167,3.5701889224971493,4.440892098500626e-16,10,12,201.67,D10_CONTRIBUTORS_EXACTLY_RECONSTRUCTED
2026-10-03,2026020022,8481806,4.760393525864805,18.906,4.760393525864805,0.0,10,15,189.06,D10_CONTRIBUTORS_EXACTLY_RECONSTRUCTED
2026-10-03,2026020022,8482062,5.071422534020793,11.831,5.071422534020793,0.0,10,10,118.31,D10_CONTRIBUTORS_EXACTLY_RECONSTRUCTED
2026-10-03,2026020022,8482097,10.54481546572935,17.07,10.54481546572935,0.0,10,30,170.7,D10_CONTRIBUTORS_EXACTLY_RECONSTRUCTED
2026-10-03,2026020022,8482176,2.2812603963689937,21.041,2.2812603963689937,0.0,10,8,210.41,D10_CONTRIBUTORS_EXACTLY_RECONSTRUCTED
2026-10-03,2026020022,8482659,5.85746827204686,15.365,5.85746827204686,0.0,10,15,153.65,D10_CONTRIBUTORS_EXACTLY_RECONSTRUCTED
2026-10-03,2026020022,8482671,3.31858407079646,21.696,3.31858407079646,0.0,10,12,216.96,D10_CONTRIBUTORS_EXACTLY_RECONSTRUCTED
2026-10-03,2026020022,8482803,4.99054820415879,13.225,4.990548204158791,8.881784197001252e-16,10,11,132.25,D10_CONTRIBUTORS_EXACTLY_RECONSTRUCTED
2026-10-03,2026020022,8482807,3.298515667949423,16.371,3.2985156679494225,-4.440892098500626e-16,10,9,163.71,D10_CONTRIBUTORS_EXACTLY_RECONSTRUCTED
2026-10-03,2026020022,8483450,4.634099246958872,15.537,4.634099246958872,0.0,10,12,155.37,D10_CONTRIBUTORS_EXACTLY_RECONSTRUCTED
2026-10-03,2026020022,8483466,2.2648631645171435,15.895,2.2648631645171435,0.0,10,6,158.95000000000002,D10_CONTRIBUTORS_EXACTLY_RECONSTRUCTED
2026-10-03,2026020022,8483468,4.8475055544334475,14.853,4.847505554433448,8.881784197001252e-16,10,12,148.53,D10_CONTRIBUTORS_EXACTLY_RECONSTRUCTED
2026-10-03,2026020022,8483493,4.509191814082553,17.298,4.509191814082553,0.0,10,13,172.98,D10_CONTRIBUTORS_EXACTLY_RECONSTRUCTED
2026-10-03,2026020022,8483500,4.065040650406504,16.236,4.0650406504065035,-8.881784197001252e-16,10,11,162.36,D10_CONTRIBUTORS_EXACTLY_RECONSTRUCTED
2026-10-03,2026020022,8484145,7.047216349541931,17.028,7.047216349541931,0.0,10,20,170.28,D10_CONTRIBUTORS_EXACTLY_RECONSTRUCTED
2026-10-03,2026020022,8484185,4.357614932093834,13.769,4.357614932093834,0.0,10,10,137.69,D10_CONTRIBUTORS_EXACTLY_RECONSTRUCTED
2026-10-03,2026020022,8484197,7.097591888466413,11.835,7.097591888466414,8.881784197001252e-16,10,14,118.35,D10_CONTRIBUTORS_EXACTLY_RECONSTRUCTED
2026-10-03,2026020022,8484305,1.0800432017280692,16.666,1.0800432017280692,0.0,10,3,166.66,D10_CONTRIBUTORS_EXACTLY_RECONSTRUCTED
2026-10-03,2026020022,8484390,5.631159080244017,17.048,5.631159080244016,-8.881784197001252e-16,5,8,85.24000000000001,D10_CONTRIBUTORS_EXACTLY_RECONSTRUCTED
2026-10-03,2026020022,8484783,4.189749080582841,21.481,4.189749080582841,0.0,10,15,214.81,D10_CONTRIBUTORS_EXACTLY_RECONSTRUCTED
2026-10-03,2026020022,8484797,7.319698600645856,13.935,7.319698600645856,0.0,10,17,139.35,D10_CONTRIBUTORS_EXACTLY_RECONSTRUCTED
2026-10-03,2026020022,8485391,10.53864168618267,18.788,10.53864168618267,0.0,10,33,187.88,D10_CONTRIBUTORS_EXACTLY_RECONSTRUCTED
2026-10-03,2026020023,8473512,8.939560795491351,15.437,8.939560795491351,0.0,10,23,154.37,D10_CONTRIBUTORS_EXACTLY_RECONSTRUCTED
2026-10-03,2026020023,8475166,6.764374295377678,18.627,6.764374295377677,-8.881784197001252e-16,10,21,186.27,D10_CONTRIBUTORS_EXACTLY_RECONSTRUCTED
2026-10-03,2026020023,8475171,2.59361322742746,18.507,2.59361322742746,0.0,10,8,185.07,D10_CONTRIBUTORS_EXACTLY_RECONSTRUCTED
2026-10-03,2026020023,8475690,2.3600809170600137,17.796,2.3600809170600137,0.0,10,7,177.96,D10_CONTRIBUTORS_EXACTLY_RECONSTRUCTED
2026-10-03,2026020023,8476393,5.676931016686737,12.668,5.676931016686737,0.0,10,11,116.26,D10_CONTRIBUTORS_EXACTLY_RECONSTRUCTED
2026-10-03,2026020023,8476853,4.061502756019728,20.682,4.061502756019728,0.0,10,14,206.82,D10_CONTRIBUTORS_EXACTLY_RECONSTRUCTED
2026-10-03,2026020023,8476925,4.004805766920304,14.982,4.004805766920304,0.0,10,10,149.82,D10_CONTRIBUTORS_EXACTLY_RECONSTRUCTED
2026-10-03,2026020023,8476927,4.437869822485207,14.872,4.437869822485207,0.0,10,11,148.72,D10_CONTRIBUTORS_EXACTLY_RECONSTRUCTED
2026-10-03,2026020023,8476931,3.5573122529644268,20.24,3.5573122529644268,0.0,10,12,202.4,D10_CONTRIBUTORS_EXACTLY_RECONSTRUCTED
2026-10-03,2026020023,8477426,6.0471679096956255,14.883,6.047167909695627,1.7763568394002505e-15,10,15,148.82999999999998,D10_CONTRIBUTORS_EXACTLY_RECONSTRUCTED
2026-10-03,2026020023,8477939,8.482425778774436,20.513,8.482425778774436,0.0,10,29,205.13,D10_CONTRIBUTORS_EXACTLY_RECONSTRUCTED
2026-10-03,2026020023,8477998,6.595636732623034,11.826,6.595636732623033,-8.881784197001252e-16,10,13,118.26,D10_CONTRIBUTORS_EXACTLY_RECONSTRUCTED
2026-10-03,2026020023,8478020,3.5112816177904937,16.812,3.5112816177904937,0.0,10,9,153.79,D10_CONTRIBUTORS_EXACTLY_RECONSTRUCTED
2026-10-03,2026020023,8478173,5.334123573862795,7.606,5.334123573862794,-8.881784197001252e-16,10,6,67.49000000000001,D10_CONTRIBUTORS_EXACTLY_RECONSTRUCTED
2026-10-03,2026020023,8478178,8.247618144759919,21.097,8.247618144759917,-1.7763568394002505e-15,10,29,210.97,D10_CONTRIBUTORS_EXACTLY_RECONSTRUCTED
2026-10-03,2026020023,8478458,8.649168118205298,16.649,8.649168118205298,0.0,10,24,166.49,D10_CONTRIBUTORS_EXACTLY_RECONSTRUCTED
2026-10-03,2026020023,8478469,4.269449715370019,25.296,4.269449715370019,0.0,10,18,252.96,D10_CONTRIBUTORS_EXACTLY_RECONSTRUCTED
2026-10-03,2026020023,8479318,12.111890800730558,20.806,12.111890800730558,0.0,10,42,208.06,D10_CONTRIBUTORS_EXACTLY_RECONSTRUCTED
2026-10-03,2026020023,8479442,2.1494370522006143,19.54,2.1494370522006143,0.0,10,7,195.4,D10_CONTRIBUTORS_EXACTLY_RECONSTRUCTED
2026-10-03,2026020023,8479520,4.301417874780946,12.554,4.301417874780946,0.0,10,9,125.53999999999999,D10_CONTRIBUTORS_EXACTLY_RECONSTRUCTED
2026-10-03,2026020023,8480188,7.03146128188948,12.513,7.03146128188948,0.0,10,13,110.93,D10_CONTRIBUTORS_EXACTLY_RECONSTRUCTED
2026-10-03,2026020023,8480208,6.117870980898648,16.241,6.117870980898647,-8.881784197001252e-16,10,15,147.11,D10_CONTRIBUTORS_EXACTLY_RECONSTRUCTED
2026-10-03,2026020023,8480870,2.8694404591104736,14.637,2.869440459110473,-4.440892098500626e-16,10,7,146.37,D10_CONTRIBUTORS_EXACTLY_RECONSTRUCTED
2026-10-03,2026020023,8480893,8.151747922871923,19.137,8.151747922871923,0.0,10,26,191.37,D10_CONTRIBUTORS_EXACTLY_RECONSTRUCTED
2026-10-03,2026020023,8481528,10.260957689384345,17.403,10.260957689384343,-1.7763568394002505e-15,10,27,157.88,D10_CONTRIBUTORS_EXACTLY_RECONSTRUCTED
2026-10-03,2026020023,8481596,6.559766763848397,18.544,6.559766763848398,8.881784197001252e-16,10,18,164.64,D10_CONTRIBUTORS_EXACTLY_RECONSTRUCTED
2026-10-03,2026020023,8481606,4.404639553663192,22.841,4.404639553663191,-8.881784197001252e-16,10,15,204.33,D10_CONTRIBUTORS_EXACTLY_RECONSTRUCTED
2026-10-03,2026020023,8482095,5.048114844612715,21.127,5.048114844612715,0.0,10,16,190.17,D10_CONTRIBUTORS_EXACTLY_RECONSTRUCTED
2026-10-03,2026020023,8482105,7.208971164115344,22.472,7.2089711641153436,-8.881784197001252e-16,10,27,224.72,D10_CONTRIBUTORS_EXACTLY_RECONSTRUCTED
2026-10-03,2026020023,8482116,7.37402703809914,19.528,7.37402703809914,0.0,10,24,195.28,D10_CONTRIBUTORS_EXACTLY_RECONSTRUCTED
2026-10-03,2026020023,8482667,6.226488519911792,16.92,6.226488519911791,-8.881784197001252e-16,10,16,154.18,D10_CONTRIBUTORS_EXACTLY_RECONSTRUCTED
2026-10-03,2026020023,8483676,6.926952141057934,10.205,6.926952141057934,0.0,10,11,95.28,D10_CONTRIBUTORS_EXACTLY_RECONSTRUCTED
2026-10-03,2026020023,8484158,4.9666133215606205,18.121,4.9666133215606205,0.0,10,15,181.21,D10_CONTRIBUTORS_EXACTLY_RECONSTRUCTED
2026-10-03,2026020023,8484321,2.7607966870439755,17.661,2.7607966870439755,0.0,10,7,152.13,D10_CONTRIBUTORS_EXACTLY_RECONSTRUCTED
2026-10-03,2026020023,8484759,5.280140803754767,17.045,5.280140803754767,0.0,7,9,102.27,D10_CONTRIBUTORS_EXACTLY_RECONSTRUCTED
2026-10-03,2026020023,8486067,5.272407732864675,17.07,5.272407732864675,0.0,4,6,68.28,D10_CONTRIBUTORS_EXACTLY_RECONSTRUCTED
2026-10-03,2026020024,8471214,11.987649088817582,16.517,11.987649088817584,1.7763568394002505e-15,10,33,165.17,D10_CONTRIBUTORS_EXACTLY_RECONSTRUCTED
2026-10-03,2026020024,8474151,2.6276892757431436,18.267,2.6276892757431436,0.0,10,8,182.67,D10_CONTRIBUTORS_EXACTLY_RECONSTRUCTED
2026-10-03,2026020024,8474590,6.891271056661562,23.508,6.891271056661562,0.0,10,27,235.07999999999998,D10_CONTRIBUTORS_EXACTLY_RECONSTRUCTED
2026-10-03,2026020024,8475167,4.690117252931323,17.91,4.690117252931323,0.0,10,14,179.1,D10_CONTRIBUTORS_EXACTLY_RECONSTRUCTED
2026-10-03,2026020024,8476432,9.79776409998744,15.922,9.79776409998744,0.0,10,26,159.22,D10_CONTRIBUTORS_EXACTLY_RECONSTRUCTED
2026-10-03,2026020024,8476453,6.380202039731258,20.689,6.380202039731259,8.881784197001252e-16,10,22,206.89,D10_CONTRIBUTORS_EXACTLY_RECONSTRUCTED
2026-10-03,2026020024,8476878,1.2706480304955527,14.166,1.2706480304955527,0.0,10,3,141.66,D10_CONTRIBUTORS_EXACTLY_RECONSTRUCTED
2026-10-03,2026020024,8476880,6.806395851339672,18.512,6.806395851339671,-8.881784197001252e-16,10,21,185.12,D10_CONTRIBUTORS_EXACTLY_RECONSTRUCTED
2026-10-03,2026020024,8477404,8.77233060720976,21.887,8.772330607209758,-1.7763568394002505e-15,10,32,218.87,D10_CONTRIBUTORS_EXACTLY_RECONSTRUCTED
2026-10-03,2026020024,8477949,8.649687650168188,18.729,8.64968765016819,1.7763568394002505e-15,10,27,187.29,D10_CONTRIBUTORS_EXACTLY_RECONSTRUCTED
2026-10-03,2026020024,8478010,5.32804011700794,19.144,5.32804011700794,0.0,10,17,191.44,D10_CONTRIBUTORS_EXACTLY_RECONSTRUCTED
2026-10-03,2026020024,8478416,3.5614649492491246,16.847,3.5614649492491246,0.0,10,10,168.47,D10_CONTRIBUTORS_EXACTLY_RECONSTRUCTED
2026-10-03,2026020024,8478440,6.60338423442014,16.166,6.60338423442014,0.0,10,16,145.38,D10_CONTRIBUTORS_EXACTLY_RECONSTRUCTED
2026-10-03,2026020024,8478463,5.6771588973695835,15.853,5.6771588973695835,0.0,10,15,158.53,D10_CONTRIBUTORS_EXACTLY_RECONSTRUCTED
2026-10-03,2026020024,8478519,5.822250128431988,17.519,5.822250128431988,0.0,10,17,175.19,D10_CONTRIBUTORS_EXACTLY_RECONSTRUCTED
2026-10-03,2026020024,8478911,2.3833167825223436,20.14,2.3833167825223436,0.0,10,8,201.4,D10_CONTRIBUTORS_EXACTLY_RECONSTRUCTED
2026-10-03,2026020024,8479345,4.600811907983762,22.17,4.600811907983762,0.0,10,17,221.7,D10_CONTRIBUTORS_EXACTLY_RECONSTRUCTED
2026-10-03,2026020024,8479385,9.619054889686236,14.782,9.619054889686234,-1.7763568394002505e-15,10,21,130.99,D10_CONTRIBUTORS_EXACTLY_RECONSTRUCTED
2026-10-03,2026020024,8479400,5.194805194805195,15.015,5.194805194805195,0.0,10,13,150.15,D10_CONTRIBUTORS_EXACTLY_RECONSTRUCTED
2026-10-03,2026020024,8479542,10.92006322141865,20.879,10.92006322141865,0.0,10,38,208.79,D10_CONTRIBUTORS_EXACTLY_RECONSTRUCTED
2026-10-03,2026020024,8479576,2.0430002918571843,20.558,2.043000291857185,4.440892098500626e-16,10,7,205.57999999999998,D10_CONTRIBUTORS_EXACTLY_RECONSTRUCTED
2026-10-03,2026020024,8479705,6.832515767344079,11.416,6.832515767344079,0.0,10,13,114.16,D10_CONTRIBUTORS_EXACTLY_RECONSTRUCTED
2026-10-03,2026020024,8480043,4.534861749700825,18.37,4.534861749700825,0.0,10,12,158.77,D10_CONTRIBUTORS_EXACTLY_RECONSTRUCTED
2026-10-03,2026020024,8480426,4.957585105210973,18.154,4.957585105210973,0.0,10,15,181.54,D10_CONTRIBUTORS_EXACTLY_RECONSTRUCTED
2026-10-03,2026020024,8480796,2.4989587671803415,18.995,2.498958767180342,4.440892098500626e-16,10,7,168.07,D10_CONTRIBUTORS_EXACTLY_RECONSTRUCTED
2026-10-03,2026020024,8480995,8.443818976372121,13.501,8.443818976372121,0.0,10,19,135.01,D10_CONTRIBUTORS_EXACTLY_RECONSTRUCTED
2026-10-03,2026020024,8481624,4.8085814684668025,16.221,4.808581468466802,-8.881784197001252e-16,10,13,162.21,D10_CONTRIBUTORS_EXACTLY_RECONSTRUCTED
2026-10-03,2026020024,8481656,8.000561442908275,16.254,8.000561442908275,0.0,10,19,142.49,D10_CONTRIBUTORS_EXACTLY_RECONSTRUCTED
2026-10-03,2026020024,8482088,1.937483854301214,15.484,1.9374838543012138,-2.220446049250313e-16,10,5,154.84,D10_CONTRIBUTORS_EXACTLY_RECONSTRUCTED
2026-10-03,2026020024,8482201,3.410598117855113,15.833,3.410598117855113,0.0,10,9,158.32999999999998,D10_CONTRIBUTORS_EXACTLY_RECONSTRUCTED
2026-10-03,2026020024,8482655,2.1293855201784626,19.724,2.129385520178463,4.440892098500626e-16,10,7,197.24,D10_CONTRIBUTORS_EXACTLY_RECONSTRUCTED
2026-10-03,2026020024,8482929,2.4709152681972615,19.426,2.4709152681972615,0.0,10,8,194.26,D10_CONTRIBUTORS_EXACTLY_RECONSTRUCTED
2026-10-03,2026020024,8483447,6.122448979591836,12.74,6.122448979591837,8.881784197001252e-16,10,13,127.4,D10_CONTRIBUTORS_EXACTLY_RECONSTRUCTED
2026-10-03,2026020024,8484186,13.054627399176317,14.017,13.054627399176317,0.0,10,28,128.69,D10_CONTRIBUTORS_EXACTLY_RECONSTRUCTED
2026-10-03,2026020024,8484873,6.7164179104477615,18.76,6.7164179104477615,0.0,10,21,187.6,D10_CONTRIBUTORS_EXACTLY_RECONSTRUCTED
2026-10-03,2026020024,8484999,5.3345187819515445,14.996666666666666,5.3345187819515445,0.0,7,8,89.98,D10_CONTRIBUTORS_EXACTLY_RECONSTRUCTED
2026-10-03,2026020025,8473533,5.784526391901663,16.596,5.784526391901663,0.0,10,16,165.96,D10_CONTRIBUTORS_EXACTLY_RECONSTRUCTED
2026-10-03,2026020025,8475791,6.865479510834585,15.563,6.865479510834586,8.881784197001252e-16,10,16,139.82999999999998,D10_CONTRIBUTORS_EXACTLY_RECONSTRUCTED
2026-10-03,2026020025,8476372,2.793296089385475,17.184,2.793296089385475,0.0,10,8,171.84,D10_CONTRIBUTORS_EXACTLY_RECONSTRUCTED
2026-10-03,2026020025,8476422,5.567707297673493,15.087,5.567707297673494,8.881784197001252e-16,10,14,150.87,D10_CONTRIBUTORS_EXACTLY_RECONSTRUCTED
2026-10-03,2026020025,8476461,4.5584045584045585,15.795,4.558404558404559,8.881784197001252e-16,10,12,157.95,D10_CONTRIBUTORS_EXACTLY_RECONSTRUCTED
2026-10-03,2026020025,8476873,4.4352454169130695,13.528,4.4352454169130695,0.0,10,10,135.28,D10_CONTRIBUTORS_EXACTLY_RECONSTRUCTED
2026-10-03,2026020025,8476906,4.0519480519480515,19.25,4.0519480519480515,0.0,10,13,192.5,D10_CONTRIBUTORS_EXACTLY_RECONSTRUCTED
2026-10-03,2026020025,8476921,5.194459243473628,15.016,5.194459243473629,8.881784197001252e-16,10,13,150.16,D10_CONTRIBUTORS_EXACTLY_RECONSTRUCTED
2026-10-03,2026020025,8476958,4.182225541448842,20.085,4.182225541448843,8.881784197001252e-16,10,14,200.85,D10_CONTRIBUTORS_EXACTLY_RECONSTRUCTED
2026-10-03,2026020025,8477478,5.209840810419681,10.365,5.209840810419681,0.0,10,9,103.65,D10_CONTRIBUTORS_EXACTLY_RECONSTRUCTED
2026-10-03,2026020025,8477499,3.630270874057526,21.486,3.630270874057526,0.0,10,13,214.86,D10_CONTRIBUTORS_EXACTLY_RECONSTRUCTED
2026-10-03,2026020025,8477940,10.07979840403192,16.667,10.079798404031918,-1.7763568394002505e-15,10,28,166.67000000000002,D10_CONTRIBUTORS_EXACTLY_RECONSTRUCTED
2026-10-03,2026020025,8477948,5.017141901496781,23.918,5.017141901496781,0.0,10,20,239.18,D10_CONTRIBUTORS_EXACTLY_RECONSTRUCTED
2026-10-03,2026020025,8477989,5.938518863530508,17.176,5.938518863530508,0.0,10,17,171.76,D10_CONTRIBUTORS_EXACTLY_RECONSTRUCTED
2026-10-03,2026020025,8478427,9.277525993068515,18.755,9.277525993068515,0.0,10,29,187.55,D10_CONTRIBUTORS_EXACTLY_RECONSTRUCTED
2026-10-03,2026020025,8478439,4.4801194698525295,16.071,4.4801194698525295,0.0,10,12,160.71,D10_CONTRIBUTORS_EXACTLY_RECONSTRUCTED
2026-10-03,2026020025,8478569,3.646677471636953,14.808,3.6466774716369534,4.440892098500626e-16,10,9,148.07999999999998,D10_CONTRIBUTORS_EXACTLY_RECONSTRUCTED
2026-10-03,2026020025,8478970,3.154076644062451,19.023,3.154076644062451,0.0,10,10,190.23,D10_CONTRIBUTORS_EXACTLY_RECONSTRUCTED
2026-10-03,2026020025,8479336,8.052147239263803,11.747,8.052147239263803,0.0,10,14,104.32,D10_CONTRIBUTORS_EXACTLY_RECONSTRUCTED
2026-10-03,2026020025,8480015,7.817832102748651,16.117,7.8178321027486515,8.881784197001252e-16,10,21,161.17,D10_CONTRIBUTORS_EXACTLY_RECONSTRUCTED
2026-10-03,2026020025,8480220,9.618595952174203,14.971,9.618595952174203,0.0,10,24,149.71,D10_CONTRIBUTORS_EXACTLY_RECONSTRUCTED
2026-10-03,2026020025,8480336,6.002000666888963,20.993,6.0020006668889625,-8.881784197001252e-16,10,21,209.93,D10_CONTRIBUTORS_EXACTLY_RECONSTRUCTED
2026-10-03,2026020025,8480762,4.588910133843212,13.075,4.588910133843212,0.0,10,10,130.75,D10_CONTRIBUTORS_EXACTLY_RECONSTRUCTED
2026-10-03,2026020025,8480817,3.595298455865407,21.695,3.595298455865407,0.0,10,13,216.95,D10_CONTRIBUTORS_EXACTLY_RECONSTRUCTED
2026-10-03,2026020025,8480829,3.633532312483779,12.492,3.6335323124837786,-4.440892098500626e-16,10,7,115.59,D10_CONTRIBUTORS_EXACTLY_RECONSTRUCTED
2026-10-03,2026020025,8480830,11.142395015874918,16.693,11.142395015874916,-1.7763568394002505e-15,10,31,166.93,D10_CONTRIBUTORS_EXACTLY_RECONSTRUCTED
2026-10-03,2026020025,8481533,5.2551675814550975,17.126,5.2551675814550975,0.0,10,15,171.26,D10_CONTRIBUTORS_EXACTLY_RECONSTRUCTED
2026-10-03,2026020025,8481546,1.6187778227438283,22.239,1.6187778227438285,2.220446049250313e-16,10,6,222.39,D10_CONTRIBUTORS_EXACTLY_RECONSTRUCTED
2026-10-03,2026020025,8482142,4.315925766076823,20.853,4.315925766076823,0.0,10,15,208.53,D10_CONTRIBUTORS_EXACTLY_RECONSTRUCTED
2026-10-03,2026020025,8482159,7.20164609053498,17.496,7.201646090534979,-8.881784197001252e-16,10,21,174.96,D10_CONTRIBUTORS_EXACTLY_RECONSTRUCTED
2026-10-03,2026020025,8482702,10.186116700201207,17.419,10.186116700201207,0.0,10,27,159.04,D10_CONTRIBUTORS_EXACTLY_RECONSTRUCTED
2026-10-03,2026020025,8482809,8.31496062992126,17.445,8.31496062992126,0.0,10,22,158.75,D10_CONTRIBUTORS_EXACTLY_RECONSTRUCTED
2026-10-03,2026020025,8483460,3.901170351105331,13.224,3.901170351105331,0.0,10,8,123.04,D10_CONTRIBUTORS_EXACTLY_RECONSTRUCTED
2026-10-03,2026020025,8483731,7.413945278022948,12.307,7.413945278022948,0.0,10,14,113.3,D10_CONTRIBUTORS_EXACTLY_RECONSTRUCTED
2026-10-03,2026020025,8484387,9.668063164679342,15.515,9.668063164679342,0.0,10,25,155.15,D10_CONTRIBUTORS_EXACTLY_RECONSTRUCTED
2026-10-03,2026020025,8485406,7.918866351764379,16.116,7.918866351764379,0.0,10,19,143.96,D10_CONTRIBUTORS_EXACTLY_RECONSTRUCTED
2026-10-03,2026020026,8471215,8.2436455232425,17.468,8.2436455232425,0.0,10,24,174.68,D10_CONTRIBUTORS_EXACTLY_RECONSTRUCTED
2026-10-03,2026020026,8471675,7.514088916718848,17.567,7.514088916718848,0.0,10,22,175.67000000000002,D10_CONTRIBUTORS_EXACTLY_RECONSTRUCTED
2026-10-03,2026020026,8471724,1.891153603698256,19.036,1.8911536036982557,-2.220446049250313e-16,10,6,190.36,D10_CONTRIBUTORS_EXACTLY_RECONSTRUCTED
2026-10-03,2026020026,8474578,5.322377328540081,21.419,5.322377328540082,8.881784197001252e-16,10,19,214.19,D10_CONTRIBUTORS_EXACTLY_RECONSTRUCTED
2026-10-03,2026020026,8475184,6.8501382045427235,16.642,6.8501382045427235,0.0,10,19,166.42,D10_CONTRIBUTORS_EXACTLY_RECONSTRUCTED
2026-10-03,2026020026,8476479,7.019475603881357,14.531,7.019475603881357,0.0,10,17,145.31,D10_CONTRIBUTORS_EXACTLY_RECONSTRUCTED
2026-10-03,2026020026,8476483,10.412001791312136,17.864,10.412001791312136,0.0,10,31,178.64000000000001,D10_CONTRIBUTORS_EXACTLY_RECONSTRUCTED
2026-10-03,2026020026,8476875,4.095039030840763,23.443,4.095039030840762,-8.881784197001252e-16,10,16,234.43,D10_CONTRIBUTORS_EXACTLY_RECONSTRUCTED
2026-10-03,2026020026,8476981,4.264695429668064,14.069,4.264695429668064,0.0,10,10,140.69,D10_CONTRIBUTORS_EXACTLY_RECONSTRUCTED
2026-10-03,2026020026,8477845,2.528311825125099,18.985,2.528311825125099,0.0,10,8,189.85,D10_CONTRIBUTORS_EXACTLY_RECONSTRUCTED
2026-10-03,2026020026,8478133,5.4272195936543275,14.372,5.427219593654328,8.881784197001252e-16,10,13,143.72,D10_CONTRIBUTORS_EXACTLY_RECONSTRUCTED
2026-10-03,2026020026,8478438,5.9405940594059405,16.16,5.9405940594059405,0.0,10,16,161.6,D10_CONTRIBUTORS_EXACTLY_RECONSTRUCTED
2026-10-03,2026020026,8478851,1.5164535206995906,19.783,1.5164535206995906,0.0,10,5,197.82999999999998,D10_CONTRIBUTORS_EXACTLY_RECONSTRUCTED
2026-10-03,2026020026,8479398,3.119800332778702,19.232,3.1198003327787025,4.440892098500626e-16,10,10,192.32,D10_CONTRIBUTORS_EXACTLY_RECONSTRUCTED
2026-10-03,2026020026,8480018,6.6371681415929205,20.472,6.63716814159292,-8.881784197001252e-16,10,20,180.8,D10_CONTRIBUTORS_EXACTLY_RECONSTRUCTED
2026-10-03,2026020026,8480074,5.517471994649724,13.125,5.517471994649724,0.0,10,11,119.62,D10_CONTRIBUTORS_EXACTLY_RECONSTRUCTED
2026-10-03,2026020026,8480842,8.611262985237834,14.632,8.611262985237836,1.7763568394002505e-15,10,21,146.32,D10_CONTRIBUTORS_EXACTLY_RECONSTRUCTED
2026-10-03,2026020026,8480865,3.8773176915046976,22.292,3.8773176915046976,0.0,10,13,201.17,D10_CONTRIBUTORS_EXACTLY_RECONSTRUCTED
2026-10-03,2026020026,8480980,3.4606511150986927,15.604,3.4606511150986927,0.0,10,9,156.04,D10_CONTRIBUTORS_EXACTLY_RECONSTRUCTED
2026-10-03,2026020026,8481481,4.572853876532945,14.433,4.572853876532944,-8.881784197001252e-16,10,11,144.33,D10_CONTRIBUTORS_EXACTLY_RECONSTRUCTED
2026-10-03,2026020026,8481523,4.211265134234076,12.901,4.211265134234076,0.0,10,8,113.98,D10_CONTRIBUTORS_EXACTLY_RECONSTRUCTED
2026-10-03,2026020026,8481527,3.649141775915664,14.798,3.6491417759156644,4.440892098500626e-16,10,9,147.98,D10_CONTRIBUTORS_EXACTLY_RECONSTRUCTED
2026-10-03,2026020026,8481540,12.450411962160512,18.61,12.450411962160512,0.0,10,34,163.85,D10_CONTRIBUTORS_EXACTLY_RECONSTRUCTED
2026-10-03,2026020026,8481582,8.666137069401314,13.847,8.666137069401314,0.0,10,20,138.47,D10_CONTRIBUTORS_EXACTLY_RECONSTRUCTED
2026-10-03,2026020026,8481593,3.561535417491096,16.709,3.561535417491096,0.0,10,9,151.62,D10_CONTRIBUTORS_EXACTLY_RECONSTRUCTED
2026-10-03,2026020026,8481618,4.63743676222597,15.757,4.63743676222597,0.0,10,11,142.32,D10_CONTRIBUTORS_EXACTLY_RECONSTRUCTED
2026-10-03,2026020026,8482148,4.3072505384063176,12.537,4.3072505384063176,0.0,10,9,125.37,D10_CONTRIBUTORS_EXACTLY_RECONSTRUCTED
2026-10-03,2026020026,8482475,8.820826952526799,16.325,8.8208269525268,1.7763568394002505e-15,10,24,163.25,D10_CONTRIBUTORS_EXACTLY_RECONSTRUCTED
2026-10-03,2026020026,8482737,5.0110090350011385,14.233,5.0110090350011385,0.0,10,11,131.71,D10_CONTRIBUTORS_EXACTLY_RECONSTRUCTED
2026-10-03,2026020026,8482964,4.8076923076923075,14.728,4.8076923076923075,0.0,10,11,137.28,D10_CONTRIBUTORS_EXACTLY_RECONSTRUCTED
2026-10-03,2026020026,8483398,2.476123098691192,16.962,2.476123098691192,0.0,10,7,169.62,D10_CONTRIBUTORS_EXACTLY_RECONSTRUCTED
2026-10-03,2026020026,8483457,1.2813941568426448,26.002,1.2813941568426448,0.0,10,5,234.12,D10_CONTRIBUTORS_EXACTLY_RECONSTRUCTED
2026-10-03,2026020026,8483515,8.917343089059106,19.771,8.917343089059106,0.0,10,26,174.94,D10_CONTRIBUTORS_EXACTLY_RECONSTRUCTED
2026-10-03,2026020026,8483808,6.159742659639997,14.611,6.159742659639997,0.0,10,15,146.11,D10_CONTRIBUTORS_EXACTLY_RECONSTRUCTED
2026-10-03,2026020026,8484984,9.13068289899182,17.021,9.13068289899182,0.0,10,24,157.71,D10_CONTRIBUTORS_EXACTLY_RECONSTRUCTED
2026-10-03,2026020026,8485414,4.96016834510747,13.306,4.96016834510747,0.0,10,11,133.06,D10_CONTRIBUTORS_EXACTLY_RECONSTRUCTED
2026-10-03,2026020027,8475314,11.047543894259222,15.207,11.047543894259222,0.0,10,28,152.07,D10_CONTRIBUTORS_EXACTLY_RECONSTRUCTED
2026-10-03,2026020027,8475745,5.324424492352665,19.157,5.324424492352665,0.0,10,17,191.57,D10_CONTRIBUTORS_EXACTLY_RECONSTRUCTED
2026-10-03,2026020027,8475790,2.7737648078590005,17.305,2.773764807859,-4.440892098500626e-16,10,8,173.05,D10_CONTRIBUTORS_EXACTLY_RECONSTRUCTED
2026-10-03,2026020027,8476389,4.8159246575342465,18.688,4.815924657534247,8.881784197001252e-16,10,15,186.88,D10_CONTRIBUTORS_EXACTLY_RECONSTRUCTED
2026-10-03,2026020027,8477220,1.959503592423253,18.372,1.959503592423253,0.0,10,6,183.72,D10_CONTRIBUTORS_EXACTLY_RECONSTRUCTED
2026-10-03,2026020027,8477346,6.025306286402892,19.916,6.025306286402892,0.0,10,20,199.16,D10_CONTRIBUTORS_EXACTLY_RECONSTRUCTED
2026-10-03,2026020027,8477369,2.6048127015628877,16.124,2.6048127015628877,0.0,10,7,161.24,D10_CONTRIBUTORS_EXACTLY_RECONSTRUCTED
2026-10-03,2026020027,8477497,4.656577415599535,15.462,4.656577415599534,-8.881784197001252e-16,10,12,154.62,D10_CONTRIBUTORS_EXACTLY_RECONSTRUCTED
2026-10-03,2026020027,8477501,8.63201351097767,15.987,8.632013510977668,-1.7763568394002505e-15,10,23,159.87,D10_CONTRIBUTORS_EXACTLY_RECONSTRUCTED
2026-10-03,2026020027,8477951,9.97430859906302,19.851,9.974308599063018,-1.7763568394002505e-15,10,33,198.51,D10_CONTRIBUTORS_EXACTLY_RECONSTRUCTED
2026-10-03,2026020027,8478046,5.250596658711217,12.57,5.250596658711217,0.0,10,11,125.7,D10_CONTRIBUTORS_EXACTLY_RECONSTRUCTED
2026-10-03,2026020027,8478460,6.669878089450476,26.987,6.669878089450476,0.0,10,30,269.87,D10_CONTRIBUTORS_EXACTLY_RECONSTRUCTED
2026-10-03,2026020027,8478474,7.129277566539924,16.832,7.129277566539924,0.0,10,20,168.32,D10_CONTRIBUTORS_EXACTLY_RECONSTRUCTED
2026-10-03,2026020027,8478507,1.836453604040198,19.603,1.836453604040198,0.0,10,6,196.03,D10_CONTRIBUTORS_EXACTLY_RECONSTRUCTED
2026-10-03,2026020027,8478831,3.067484662576687,13.692,3.0674846625766876,4.440892098500626e-16,10,7,136.92,D10_CONTRIBUTORS_EXACTLY_RECONSTRUCTED
2026-10-03,2026020027,8478856,5.143591941705958,13.998,5.143591941705958,0.0,10,12,139.98,D10_CONTRIBUTORS_EXACTLY_RECONSTRUCTED
2026-10-03,2026020027,8479066,3.4598750600672754,10.405,3.459875060067276,4.440892098500626e-16,10,6,104.05,D10_CONTRIBUTORS_EXACTLY_RECONSTRUCTED
2026-10-03,2026020027,8479343,7.553900225567854,19.063,7.553900225567855,8.881784197001252e-16,10,24,190.63,D10_CONTRIBUTORS_EXACTLY_RECONSTRUCTED
2026-10-03,2026020027,8479369,2.583423035522067,18.58,2.5834230355220664,-4.440892098500626e-16,10,8,185.8,D10_CONTRIBUTORS_EXACTLY_RECONSTRUCTED
2026-10-03,2026020027,8479410,6.387421692666749,24.423,6.387421692666749,0.0,10,26,244.23000000000002,D10_CONTRIBUTORS_EXACTLY_RECONSTRUCTED
2026-10-03,2026020027,8479619,6.547835576573299,13.745,6.5478355765733,8.881784197001252e-16,10,15,137.45,D10_CONTRIBUTORS_EXACTLY_RECONSTRUCTED
2026-10-03,2026020027,8479671,8.3363802559415,13.675,8.3363802559415,0.0,10,19,136.75,D10_CONTRIBUTORS_EXACTLY_RECONSTRUCTED
2026-10-03,2026020027,8480849,5.994005994005994,14.014,5.9940059940059935,-8.881784197001252e-16,10,14,140.14000000000001,D10_CONTRIBUTORS_EXACTLY_RECONSTRUCTED
2026-10-03,2026020027,8480855,4.123711340206185,13.095,4.123711340206186,8.881784197001252e-16,10,9,130.95,D10_CONTRIBUTORS_EXACTLY_RECONSTRUCTED
2026-10-03,2026020027,8481161,3.39622641509434,10.6,3.3962264150943398,-4.440892098500626e-16,10,6,106.0,D10_CONTRIBUTORS_EXACTLY_RECONSTRUCTED
2026-10-03,2026020027,8481716,4.528301886792453,10.6,4.528301886792453,0.0,10,8,106.0,D10_CONTRIBUTORS_EXACTLY_RECONSTRUCTED
2026-10-03,2026020027,8482126,1.5683199372672023,15.303,1.5683199372672025,2.220446049250313e-16,10,4,153.03,D10_CONTRIBUTORS_EXACTLY_RECONSTRUCTED
2026-10-03,2026020027,8482660,5.94157451724707,12.118,5.94157451724707,0.0,10,12,121.18,D10_CONTRIBUTORS_EXACTLY_RECONSTRUCTED
2026-10-03,2026020027,8482699,10.437710437710438,17.82,10.437710437710438,0.0,10,31,178.2,D10_CONTRIBUTORS_EXACTLY_RECONSTRUCTED
2026-10-03,2026020027,8482705,5.897771952817824,15.26,5.897771952817824,0.0,10,15,152.6,D10_CONTRIBUTORS_EXACTLY_RECONSTRUCTED
2026-10-03,2026020027,8482720,4.6375531386297135,18.113,4.6375531386297135,0.0,10,14,181.13,D10_CONTRIBUTORS_EXACTLY_RECONSTRUCTED
2026-10-03,2026020027,8483431,6.979449398991857,18.053,6.979449398991857,0.0,10,21,180.53,D10_CONTRIBUTORS_EXACTLY_RECONSTRUCTED
2026-10-03,2026020027,8483485,4.544846945595508,22.443,4.544846945595509,8.881784197001252e-16,10,17,224.43,D10_CONTRIBUTORS_EXACTLY_RECONSTRUCTED
2026-10-03,2026020027,8484166,6.962663975782038,19.82,6.962663975782038,0.0,10,23,198.2,D10_CONTRIBUTORS_EXACTLY_RECONSTRUCTED
2026-10-03,2026020027,8484386,4.137360364087712,14.502,4.137360364087712,0.0,10,10,145.02,D10_CONTRIBUTORS_EXACTLY_RECONSTRUCTED
2026-10-03,2026020027,8484388,5.822887181560858,12.365,5.822887181560858,0.0,10,12,123.65,D10_CONTRIBUTORS_EXACTLY_RECONSTRUCTED
2026-10-03,2026020028,8474586,5.404796757121946,17.762,5.404796757121945,-8.881784197001252e-16,10,16,177.62,D10_CONTRIBUTORS_EXACTLY_RECONSTRUCTED
2026-10-03,2026020028,8475218,2.1358828315703824,19.664,2.135882831570383,4.440892098500626e-16,10,7,196.64,D10_CONTRIBUTORS_EXACTLY_RECONSTRUCTED
2026-10-03,2026020028,8476457,5.395413898186542,20.017,5.395413898186542,0.0,10,18,200.17000000000002,D10_CONTRIBUTORS_EXACTLY_RECONSTRUCTED
2026-10-03,2026020028,8476473,3.065632402805518,21.529,3.065632402805518,0.0,10,11,215.29,D10_CONTRIBUTORS_EXACTLY_RECONSTRUCTED
2026-10-03,2026020028,8476905,2.375296912114014,17.682,2.3752969121140146,4.440892098500626e-16,10,7,176.82,D10_CONTRIBUTORS_EXACTLY_RECONSTRUCTED
2026-10-03,2026020028,8477919,6.139677666922487,15.636,6.139677666922486,-8.881784197001252e-16,10,16,156.36,D10_CONTRIBUTORS_EXACTLY_RECONSTRUCTED
2026-10-03,2026020028,8477934,8.025682182985554,18.69,8.025682182985554,0.0,10,25,186.9,D10_CONTRIBUTORS_EXACTLY_RECONSTRUCTED
2026-10-03,2026020028,8477953,5.40475618544319,16.652,5.40475618544319,0.0,10,15,166.52,D10_CONTRIBUTORS_EXACTLY_RECONSTRUCTED
2026-10-03,2026020028,8477955,6.813880126182966,15.85,6.813880126182966,0.0,10,18,158.5,D10_CONTRIBUTORS_EXACTLY_RECONSTRUCTED
2026-10-03,2026020028,8477986,7.7369439071566735,23.265,7.7369439071566735,0.0,10,30,232.65,D10_CONTRIBUTORS_EXACTLY_RECONSTRUCTED
2026-10-03,2026020028,8478013,4.585537918871252,17.01,4.585537918871252,0.0,10,13,170.1,D10_CONTRIBUTORS_EXACTLY_RECONSTRUCTED
2026-10-03,2026020028,8478402,11.604905710141106,22.749,11.604905710141106,0.0,10,44,227.49,D10_CONTRIBUTORS_EXACTLY_RECONSTRUCTED
2026-10-03,2026020028,8478407,5.979669124975085,20.068,5.979669124975085,0.0,10,20,200.68,D10_CONTRIBUTORS_EXACTLY_RECONSTRUCTED
2026-10-03,2026020028,8478472,2.2964309635441587,10.451,2.2964309635441587,0.0,10,4,104.50999999999999,D10_CONTRIBUTORS_EXACTLY_RECONSTRUCTED
2026-10-03,2026020028,8478854,2.621104747111931,20.602,2.6211047471119313,4.440892098500626e-16,10,9,206.01999999999998,D10_CONTRIBUTORS_EXACTLY_RECONSTRUCTED
2026-10-03,2026020028,8479324,1.7113519680547633,17.53,1.711351968054763,-2.220446049250313e-16,10,5,175.3,D10_CONTRIBUTORS_EXACTLY_RECONSTRUCTED
2026-10-03,2026020028,8479365,7.4332171893147505,12.915,7.4332171893147505,0.0,10,16,129.15,D10_CONTRIBUTORS_EXACTLY_RECONSTRUCTED
2026-10-03,2026020028,8479368,4.638129287853899,10.349,4.638129287853899,0.0,10,8,103.49,D10_CONTRIBUTORS_EXACTLY_RECONSTRUCTED
2026-10-03,2026020028,8479985,3.296250515039143,14.562,3.296250515039143,0.0,10,8,145.62,D10_CONTRIBUTORS_EXACTLY_RECONSTRUCTED
2026-10-03,2026020028,8480029,7.881773399014779,15.225,7.881773399014777,-2.6645352591003757e-15,4,8,60.900000000000006,D10_CONTRIBUTORS_EXACTLY_RECONSTRUCTED
2026-10-03,2026020028,8480803,6.503412284223203,24.91,6.503412284223204,8.881784197001252e-16,10,27,249.1,D10_CONTRIBUTORS_EXACTLY_RECONSTRUCTED
2026-10-03,2026020028,8480834,1.5562183893139672,15.422,1.556218389313967,-2.220446049250313e-16,10,4,154.22,D10_CONTRIBUTORS_EXACTLY_RECONSTRUCTED
2026-10-03,2026020028,8481554,1.6403526758253024,14.631,1.6403526758253024,0.0,10,4,146.31,D10_CONTRIBUTORS_EXACTLY_RECONSTRUCTED
2026-10-03,2026020028,8481617,11.72221893315967,16.891,11.72221893315967,0.0,10,33,168.91,D10_CONTRIBUTORS_EXACTLY_RECONSTRUCTED
2026-10-03,2026020028,8482259,11.57840967137749,17.619,11.578409671377491,1.7763568394002505e-15,10,34,176.19,D10_CONTRIBUTORS_EXACTLY_RECONSTRUCTED
2026-10-03,2026020028,8482665,3.638568829593693,18.139,3.6385688295936935,4.440892098500626e-16,10,11,181.39,D10_CONTRIBUTORS_EXACTLY_RECONSTRUCTED
2026-10-03,2026020028,8482703,5.212858384013901,11.51,5.2128583840139004,-8.881784197001252e-16,10,10,115.1,D10_CONTRIBUTORS_EXACTLY_RECONSTRUCTED
2026-10-03,2026020028,8482713,7.99492385786802,15.76,7.994923857868021,8.881784197001252e-16,10,21,157.6,D10_CONTRIBUTORS_EXACTLY_RECONSTRUCTED
2026-10-03,2026020028,8482751,9.212730318257956,14.328,9.212730318257957,1.7763568394002505e-15,10,22,143.28,D10_CONTRIBUTORS_EXACTLY_RECONSTRUCTED
2026-10-03,2026020028,8482858,1.7366973804814512,20.729,1.7366973804814512,0.0,10,6,207.29,D10_CONTRIBUTORS_EXACTLY_RECONSTRUCTED
2026-10-03,2026020028,8483455,8.846124000931171,12.887,8.846124000931171,0.0,10,19,128.87,D10_CONTRIBUTORS_EXACTLY_RECONSTRUCTED
2026-10-03,2026020028,8483524,5.8580548253849045,13.315,5.858054825384904,-8.881784197001252e-16,10,13,133.15,D10_CONTRIBUTORS_EXACTLY_RECONSTRUCTED
2026-10-03,2026020028,8483570,3.4915620583589657,12.029,3.4915620583589657,0.0,10,7,120.29,D10_CONTRIBUTORS_EXACTLY_RECONSTRUCTED
2026-10-03,2026020028,8484509,2.5295109612141653,11.86,2.5295109612141653,0.0,10,5,118.6,D10_CONTRIBUTORS_EXACTLY_RECONSTRUCTED
2026-10-03,2026020028,8484800,5.31326101394731,13.551,5.31326101394731,0.0,10,12,135.51,D10_CONTRIBUTORS_EXACTLY_RECONSTRUCTED
2026-10-03,2026020028,8486161,3.827018752391887,13.065,3.827018752391887,0.0,6,5,78.39,D10_CONTRIBUTORS_EXACTLY_RECONSTRUCTED
2026-10-03,2026020029,8475151,8.167265599477295,18.366,8.167265599477295,0.0,10,25,183.66,D10_CONTRIBUTORS_EXACTLY_RECONSTRUCTED
2026-10-03,2026020029,8475170,4.08696145768292,17.617,4.08696145768292,0.0,10,12,176.17,D10_CONTRIBUTORS_EXACTLY_RECONSTRUCTED
2026-10-03,2026020029,8475231,5.722915507511327,12.581,5.722915507511326,-8.881784197001252e-16,10,12,125.81,D10_CONTRIBUTORS_EXACTLY_RECONSTRUCTED
2026-10-03,2026020029,8475455,2.6401188053462405,18.181,2.6401188053462405,0.0,10,8,181.81,D10_CONTRIBUTORS_EXACTLY_RECONSTRUCTED
2026-10-03,2026020029,8476292,3.529708378855366,11.899,3.529708378855366,0.0,10,7,118.99,D10_CONTRIBUTORS_EXACTLY_RECONSTRUCTED
2026-10-03,2026020029,8476419,4.170089088266885,15.827,4.170089088266886,8.881784197001252e-16,10,11,158.26999999999998,D10_CONTRIBUTORS_EXACTLY_RECONSTRUCTED
2026-10-03,2026020029,8476462,6.829175756426065,21.086,6.829175756426064,-8.881784197001252e-16,10,24,210.86,D10_CONTRIBUTORS_EXACTLY_RECONSTRUCTED
2026-10-03,2026020029,8476474,7.969538652262464,11.293,7.969538652262463,-8.881784197001252e-16,10,15,112.93,D10_CONTRIBUTORS_EXACTLY_RECONSTRUCTED
2026-10-03,2026020029,8476917,4.096208381472534,19.042,4.096208381472534,0.0,10,13,190.42000000000002,D10_CONTRIBUTORS_EXACTLY_RECONSTRUCTED
2026-10-03,2026020029,8477407,6.048387096774194,12.896,6.048387096774193,-8.881784197001252e-16,10,13,128.96,D10_CONTRIBUTORS_EXACTLY_RECONSTRUCTED
2026-10-03,2026020029,8477488,1.835330104511853,19.615,1.835330104511853,0.0,10,6,196.15,D10_CONTRIBUTORS_EXACTLY_RECONSTRUCTED
2026-10-03,2026020029,8477500,6.3473744950952105,20.796,6.3473744950952105,0.0,10,22,207.96,D10_CONTRIBUTORS_EXACTLY_RECONSTRUCTED
2026-10-03,2026020029,8477506,2.573036719378183,18.655,2.573036719378183,0.0,10,8,186.55,D10_CONTRIBUTORS_EXACTLY_RECONSTRUCTED
2026-10-03,2026020029,8477511,5.948053664661952,15.131,5.948053664661952,0.0,10,15,151.31,D10_CONTRIBUTORS_EXACTLY_RECONSTRUCTED
2026-10-03,2026020029,8477950,4.742583126943142,18.977,4.742583126943141,-8.881784197001252e-16,10,15,189.77,D10_CONTRIBUTORS_EXACTLY_RECONSTRUCTED
2026-10-03,2026020029,8478399,1.484119916889285,20.214,1.4841199168892845,-4.440892098500626e-16,10,5,202.14000000000001,D10_CONTRIBUTORS_EXACTLY_RECONSTRUCTED
2026-10-03,2026020029,8478414,10.328800137717336,17.427,10.328800137717334,-1.7763568394002505e-15,10,30,174.27,D10_CONTRIBUTORS_EXACTLY_RECONSTRUCTED
2026-10-03,2026020029,8478542,6.433453960595094,14.922,6.433453960595095,8.881784197001252e-16,10,16,149.22,D10_CONTRIBUTORS_EXACTLY_RECONSTRUCTED
2026-10-03,2026020029,8479378,4.964147821290679,14.504,4.964147821290679,0.0,10,12,145.04,D10_CONTRIBUTORS_EXACTLY_RECONSTRUCTED
2026-10-03,2026020029,8479407,8.45345182616235,18.454,8.453451826162349,-1.7763568394002505e-15,10,26,184.54,D10_CONTRIBUTORS_EXACTLY_RECONSTRUCTED
2026-10-03,2026020029,8479996,5.31051777548311,13.558,5.31051777548311,0.0,10,12,135.58,D10_CONTRIBUTORS_EXACTLY_RECONSTRUCTED
2026-10-03,2026020029,8480002,7.948639559767655,19.626,7.948639559767656,8.881784197001252e-16,10,26,196.26,D10_CONTRIBUTORS_EXACTLY_RECONSTRUCTED
2026-10-03,2026020029,8480990,3.026590761692008,13.877,3.0265907616920082,4.440892098500626e-16,10,7,138.77,D10_CONTRIBUTORS_EXACTLY_RECONSTRUCTED
2026-10-03,2026020029,8481014,4.282218597063622,19.616,4.282218597063622,0.0,10,14,196.16,D10_CONTRIBUTORS_EXACTLY_RECONSTRUCTED
2026-10-03,2026020029,8481559,10.919514081623367,21.979,10.919514081623369,1.7763568394002505e-15,10,40,219.79,D10_CONTRIBUTORS_EXACTLY_RECONSTRUCTED
2026-10-03,2026020029,8481601,3.3986631924776254,17.654,3.3986631924776254,0.0,10,10,176.54,D10_CONTRIBUTORS_EXACTLY_RECONSTRUCTED
2026-10-03,2026020029,8481711,3.1845020898294965,15.073,3.184502089829497,4.440892098500626e-16,10,8,150.73,D10_CONTRIBUTORS_EXACTLY_RECONSTRUCTED
2026-10-03,2026020029,8481721,10.219456272518832,15.265,10.219456272518833,1.7763568394002505e-15,10,26,152.65,D10_CONTRIBUTORS_EXACTLY_RECONSTRUCTED
2026-10-03,2026020029,8482110,7.368127267652805,17.915,7.368127267652805,0.0,10,22,179.15,D10_CONTRIBUTORS_EXACTLY_RECONSTRUCTED
2026-10-03,2026020029,8482146,8.830869648684969,15.627,8.830869648684969,0.0,10,23,156.27,D10_CONTRIBUTORS_EXACTLY_RECONSTRUCTED
2026-10-03,2026020029,8482476,5.213903743315508,14.96,5.213903743315508,0.0,10,13,149.6,D10_CONTRIBUTORS_EXACTLY_RECONSTRUCTED
2026-10-03,2026020029,8482684,5.0190304906102305,23.909,5.0190304906102305,0.0,10,20,239.09,D10_CONTRIBUTORS_EXACTLY_RECONSTRUCTED
2026-10-03,2026020029,8483695,2.9702970297029703,15.15,2.97029702970297,-4.440892098500626e-16,4,3,60.6,D10_CONTRIBUTORS_EXACTLY_RECONSTRUCTED
2026-10-03,2026020029,8484221,6.4171122994652405,16.83,6.4171122994652405,0.0,10,18,168.3,D10_CONTRIBUTORS_EXACTLY_RECONSTRUCTED
2026-10-03,2026020029,8485366,8.157715839564922,26.478,8.157715839564922,0.0,10,36,264.78,D10_CONTRIBUTORS_EXACTLY_RECONSTRUCTED
2026-10-03,2026020029,8485388,9.998333611064822,15.0025,9.998333611064822,0.0,4,10,60.01,D10_CONTRIBUTORS_EXACTLY_RECONSTRUCTED
2026-10-03,2026020030,8473994,3.2616292614739457,12.877,3.2616292614739453,-4.440892098500626e-16,10,7,128.77,D10_CONTRIBUTORS_EXACTLY_RECONSTRUCTED
2026-10-03,2026020030,8474564,8.651073373918615,18.726,8.651073373918615,0.0,10,27,187.26,D10_CONTRIBUTORS_EXACTLY_RECONSTRUCTED
2026-10-03,2026020030,8474574,1.998112893378476,18.017,1.9981128933784762,2.220446049250313e-16,10,6,180.17,D10_CONTRIBUTORS_EXACTLY_RECONSTRUCTED
2026-10-03,2026020030,8474600,6.9179389312977095,25.152,6.91793893129771,8.881784197001252e-16,10,29,251.51999999999998,D10_CONTRIBUTORS_EXACTLY_RECONSTRUCTED
2026-10-03,2026020030,8475158,5.737508964857757,20.915,5.737508964857757,0.0,10,20,209.15,D10_CONTRIBUTORS_EXACTLY_RECONSTRUCTED
2026-10-03,2026020030,8475794,3.6273258547726206,14.887,3.6273258547726206,0.0,10,9,148.87,D10_CONTRIBUTORS_EXACTLY_RECONSTRUCTED
2026-10-03,2026020030,8476278,3.2946344524631317,12.748,3.2946344524631312,-4.440892098500626e-16,10,7,127.48,D10_CONTRIBUTORS_EXACTLY_RECONSTRUCTED
2026-10-03,2026020030,8476539,6.203955021326095,17.201,6.203955021326095,0.0,10,16,154.74,D10_CONTRIBUTORS_EXACTLY_RECONSTRUCTED
2026-10-03,2026020030,8476869,2.916611427813867,22.629,2.9166114278138675,4.440892098500626e-16,10,11,226.29,D10_CONTRIBUTORS_EXACTLY_RECONSTRUCTED
2026-10-03,2026020030,8476887,6.765414381630875,19.511,6.765414381630875,0.0,10,22,195.11,D10_CONTRIBUTORS_EXACTLY_RECONSTRUCTED
2026-10-03,2026020030,8476889,4.939491232403062,12.147,4.939491232403063,8.881784197001252e-16,10,10,121.47,D10_CONTRIBUTORS_EXACTLY_RECONSTRUCTED
2026-10-03,2026020030,8476902,3.6933566930252377,21.119,3.693356693025238,4.440892098500626e-16,10,13,211.19,D10_CONTRIBUTORS_EXACTLY_RECONSTRUCTED
2026-10-03,2026020030,8477021,3.841502454293235,15.449,3.8415024542932352,4.440892098500626e-16,10,9,140.57,D10_CONTRIBUTORS_EXACTLY_RECONSTRUCTED
2026-10-03,2026020030,8478420,3.0037546933667083,19.975,3.0037546933667083,0.0,10,10,199.75,D10_CONTRIBUTORS_EXACTLY_RECONSTRUCTED
2026-10-03,2026020030,8478449,6.876998250588164,16.577,6.876998250588164,0.0,10,19,165.77,D10_CONTRIBUTORS_EXACTLY_RECONSTRUCTED
2026-10-03,2026020030,8479351,4.368257330068171,15.109,4.368257330068171,0.0,10,11,151.09,D10_CONTRIBUTORS_EXACTLY_RECONSTRUCTED
2026-10-03,2026020030,8479525,7.892340382474957,10.841,7.892340382474957,0.0,10,13,98.83,D10_CONTRIBUTORS_EXACTLY_RECONSTRUCTED
2026-10-03,2026020030,8479980,4.15748031496063,18.388,4.15748031496063,0.0,10,11,158.75,D10_CONTRIBUTORS_EXACTLY_RECONSTRUCTED
2026-10-03,2026020030,8480027,8.839127872716558,20.364,8.83912787271656,1.7763568394002505e-15,10,30,203.64,D10_CONTRIBUTORS_EXACTLY_RECONSTRUCTED
2026-10-03,2026020030,8480036,2.579203026264884,23.263,2.579203026264884,0.0,10,10,232.63,D10_CONTRIBUTORS_EXACTLY_RECONSTRUCTED
2026-10-03,2026020030,8480246,2.4692809688988184,18.489,2.4692809688988184,0.0,10,7,170.09,D10_CONTRIBUTORS_EXACTLY_RECONSTRUCTED
2026-10-03,2026020030,8480835,6.097560975609756,12.96,6.097560975609756,0.0,10,12,118.08,D10_CONTRIBUTORS_EXACTLY_RECONSTRUCTED
2026-10-03,2026020030,8480840,2.183088342308252,13.742,2.1830883423082517,-4.440892098500626e-16,10,5,137.42000000000002,D10_CONTRIBUTORS_EXACTLY_RECONSTRUCTED
2026-10-03,2026020030,8480878,1.8005041411595246,16.662,1.8005041411595246,0.0,10,5,166.62,D10_CONTRIBUTORS_EXACTLY_RECONSTRUCTED
2026-10-03,2026020030,8481535,4.443712969058591,12.152,4.443712969058591,0.0,10,9,121.52,D10_CONTRIBUTORS_EXACTLY_RECONSTRUCTED
2026-10-03,2026020030,8481581,5.257853919291942,22.823,5.257853919291943,8.881784197001252e-16,10,20,228.23,D10_CONTRIBUTORS_EXACTLY_RECONSTRUCTED
2026-10-03,2026020030,8481726,7.281553398058253,9.277,7.281553398058252,-8.881784197001252e-16,10,10,82.4,D10_CONTRIBUTORS_EXACTLY_RECONSTRUCTED
2026-10-03,2026020030,8482072,5.253940455341506,13.704,5.253940455341506,0.0,10,12,137.04,D10_CONTRIBUTORS_EXACTLY_RECONSTRUCTED
2026-10-03,2026020030,8482145,10.11109724129322,17.447,10.111097241293221,1.7763568394002505e-15,10,27,160.22,D10_CONTRIBUTORS_EXACTLY_RECONSTRUCTED
2026-10-03,2026020030,8482482,3.436229311036023,18.956,3.436229311036023,0.0,10,10,174.61,D10_CONTRIBUTORS_EXACTLY_RECONSTRUCTED
2026-10-03,2026020030,8482740,8.767509825657564,19.846,8.767509825657564,0.0,10,29,198.45999999999998,D10_CONTRIBUTORS_EXACTLY_RECONSTRUCTED
2026-10-03,2026020030,8482806,0.0,16.78,0.0,0.0,1,0,16.78,D10_CONTRIBUTORS_EXACTLY_RECONSTRUCTED
2026-10-03,2026020030,8483425,1.7683465959328029,16.965,1.7683465959328029,0.0,10,5,169.65,D10_CONTRIBUTORS_EXACTLY_RECONSTRUCTED
2026-10-03,2026020030,8484241,7.750356924332042,14.709,7.750356924332041,-8.881784197001252e-16,10,19,147.09,D10_CONTRIBUTORS_EXACTLY_RECONSTRUCTED
2026-10-03,2026020030,8484829,4.348876540227108,16.556,4.348876540227108,0.0,10,12,165.56,D10_CONTRIBUTORS_EXACTLY_RECONSTRUCTED
2026-10-03,2026020030,8484938,8.261468222334951,13.799,8.261468222334951,0.0,10,19,137.99,D10_CONTRIBUTORS_EXACTLY_RECONSTRUCTED
2026-10-03,2026020031,8473422,4.475941812756434,13.405,4.475941812756434,0.0,10,10,134.05,D10_CONTRIBUTORS_EXACTLY_RECONSTRUCTED
2026-10-03,2026020031,8474567,2.213532059322659,13.553,2.2135320593226595,4.440892098500626e-16,10,5,135.53,D10_CONTRIBUTORS_EXACTLY_RECONSTRUCTED
2026-10-03,2026020031,8474716,3.7340876944837342,17.675,3.734087694483734,-4.440892098500626e-16,10,11,176.75,D10_CONTRIBUTORS_EXACTLY_RECONSTRUCTED
2026-10-03,2026020031,8475220,5.963720699080593,12.073,5.963720699080593,0.0,10,12,120.73,D10_CONTRIBUTORS_EXACTLY_RECONSTRUCTED
2026-10-03,2026020031,8476374,5.29567519858782,13.596,5.295675198587819,-8.881784197001252e-16,10,12,135.96,D10_CONTRIBUTORS_EXACTLY_RECONSTRUCTED
2026-10-03,2026020031,8476399,9.835528113217856,18.301,9.835528113217858,1.7763568394002505e-15,10,30,183.01,D10_CONTRIBUTORS_EXACTLY_RECONSTRUCTED
2026-10-03,2026020031,8476463,4.008016032064128,17.964,4.008016032064129,8.881784197001252e-16,10,12,179.64,D10_CONTRIBUTORS_EXACTLY_RECONSTRUCTED
2026-10-03,2026020031,8476854,3.502456584131926,20.557,3.502456584131926,0.0,10,12,205.57,D10_CONTRIBUTORS_EXACTLY_RECONSTRUCTED
2026-10-03,2026020031,8476874,1.062934585234067,22.579,1.0629345852340673,2.220446049250313e-16,10,4,225.79,D10_CONTRIBUTORS_EXACTLY_RECONSTRUCTED
2026-10-03,2026020031,8477365,3.928085813567004,19.857,3.9280858135670043,4.440892098500626e-16,10,13,198.57,D10_CONTRIBUTORS_EXACTLY_RECONSTRUCTED
2026-10-03,2026020031,8477446,8.217993079584774,13.872,8.217993079584774,0.0,10,19,138.72,D10_CONTRIBUTORS_EXACTLY_RECONSTRUCTED
2026-10-03,2026020031,8477451,8.407457048860728,16.414,8.40745704886073,1.7763568394002505e-15,10,23,164.14,D10_CONTRIBUTORS_EXACTLY_RECONSTRUCTED
2026-10-03,2026020031,8477496,4.5021645021645025,17.325,4.5021645021645025,0.0,10,13,173.25,D10_CONTRIBUTORS_EXACTLY_RECONSTRUCTED
2026-10-03,2026020031,8477507,2.892123782897908,20.746,2.892123782897908,0.0,10,10,207.46,D10_CONTRIBUTORS_EXACTLY_RECONSTRUCTED
2026-10-03,2026020031,8477956,8.424336973478939,19.23,8.42433697347894,1.7763568394002505e-15,10,27,192.29999999999998,D10_CONTRIBUTORS_EXACTLY_RECONSTRUCTED
2026-10-03,2026020031,8478401,5.692239580039213,15.811,5.692239580039214,8.881784197001252e-16,10,15,158.10999999999999,D10_CONTRIBUTORS_EXACTLY_RECONSTRUCTED
2026-10-03,2026020031,8478493,8.418925745074928,17.817,8.418925745074928,0.0,10,25,178.17,D10_CONTRIBUTORS_EXACTLY_RECONSTRUCTED
2026-10-03,2026020031,8478508,4.598982649292732,14.351,4.598982649292732,0.0,10,11,143.51,D10_CONTRIBUTORS_EXACTLY_RECONSTRUCTED
2026-10-03,2026020031,8478840,1.6760712888988212,17.899,1.6760712888988212,0.0,10,5,178.99,D10_CONTRIBUTORS_EXACTLY_RECONSTRUCTED
2026-10-03,2026020031,8478864,9.057515221657525,19.873,9.057515221657527,1.7763568394002505e-15,10,30,198.73,D10_CONTRIBUTORS_EXACTLY_RECONSTRUCTED
2026-10-03,2026020031,8479661,1.996173999833652,12.023,1.9961739998336523,2.220446049250313e-16,10,4,120.23,D10_CONTRIBUTORS_EXACTLY_RECONSTRUCTED
2026-10-03,2026020031,8479987,6.239168110918544,17.31,6.239168110918544,0.0,10,18,173.1,D10_CONTRIBUTORS_EXACTLY_RECONSTRUCTED
2026-10-03,2026020031,8479999,3.960657469139877,15.149,3.960657469139877,0.0,10,10,151.49,D10_CONTRIBUTORS_EXACTLY_RECONSTRUCTED
2026-10-03,2026020031,8480355,7.644610549562558,11.773,7.644610549562558,0.0,10,15,117.72999999999999,D10_CONTRIBUTORS_EXACTLY_RECONSTRUCTED
2026-10-03,2026020031,8480800,5.509844255069057,27.224,5.509844255069057,0.0,10,25,272.24,D10_CONTRIBUTORS_EXACTLY_RECONSTRUCTED
2026-10-03,2026020031,8481219,4.223121590709132,17.049,4.223121590709132,0.0,10,12,170.49,D10_CONTRIBUTORS_EXACTLY_RECONSTRUCTED
2026-10-03,2026020031,8481553,5.505752805816334,14.167,5.505752805816333,-8.881784197001252e-16,10,13,141.67000000000002,D10_CONTRIBUTORS_EXACTLY_RECONSTRUCTED
2026-10-03,2026020031,8481557,11.027027027027026,18.5,11.027027027027028,1.7763568394002505e-15,10,34,185.0,D10_CONTRIBUTORS_EXACTLY_RECONSTRUCTED
2026-10-03,2026020031,8482094,2.5670802518183486,16.361,2.567080251818348,-4.440892098500626e-16,10,7,163.61,D10_CONTRIBUTORS_EXACTLY_RECONSTRUCTED
2026-10-03,2026020031,8482175,8.541189577273009,16.157,8.541189577273009,0.0,10,23,161.57,D10_CONTRIBUTORS_EXACTLY_RECONSTRUCTED
2026-10-03,2026020031,8482177,1.9683747785578376,15.241,1.9683747785578376,0.0,10,5,152.41,D10_CONTRIBUTORS_EXACTLY_RECONSTRUCTED
2026-10-03,2026020031,8482511,2.0234950255747286,17.791,2.023495025574729,4.440892098500626e-16,10,6,177.91,D10_CONTRIBUTORS_EXACTLY_RECONSTRUCTED
2026-10-03,2026020031,8483489,5.662714563794019,16.953,5.662714563794019,0.0,10,16,169.53,D10_CONTRIBUTORS_EXACTLY_RECONSTRUCTED
2026-10-03,2026020031,8483525,4.273199914536002,14.041,4.273199914536002,0.0,10,10,140.41,D10_CONTRIBUTORS_EXACTLY_RECONSTRUCTED
2026-10-03,2026020031,8485395,7.54242614707731,15.91,7.542426147077309,-8.881784197001252e-16,7,14,111.37,D10_CONTRIBUTORS_EXACTLY_RECONSTRUCTED
2026-10-03,2026020031,8485702,7.950736612362616,12.829,7.950736612362617,8.881784197001252e-16,10,17,128.29,D10_CONTRIBUTORS_EXACTLY_RECONSTRUCTED
2026-10-03,2026020032,8470613,6.324110671936759,18.975,6.324110671936759,0.0,10,20,189.75,D10_CONTRIBUTORS_EXACTLY_RECONSTRUCTED
2026-10-03,2026020032,8475172,8.128507838203987,15.501,8.128507838203987,0.0,10,21,155.01,D10_CONTRIBUTORS_EXACTLY_RECONSTRUCTED
2026-10-03,2026020032,8475754,5.015411942949689,19.141,5.015411942949689,0.0,10,16,191.41,D10_CONTRIBUTORS_EXACTLY_RECONSTRUCTED
2026-10-03,2026020032,8475764,2.9154518950437316,20.58,2.9154518950437316,0.0,10,10,205.8,D10_CONTRIBUTORS_EXACTLY_RECONSTRUCTED
2026-10-03,2026020032,8475768,3.997601439136518,15.009,3.997601439136518,0.0,10,10,150.09,D10_CONTRIBUTORS_EXACTLY_RECONSTRUCTED
2026-10-03,2026020032,8476312,7.191370355573312,17.521,7.191370355573311,-8.881784197001252e-16,10,21,175.21,D10_CONTRIBUTORS_EXACTLY_RECONSTRUCTED
2026-10-03,2026020032,8476455,7.208506037123806,16.647,7.208506037123806,0.0,10,20,166.47,D10_CONTRIBUTORS_EXACTLY_RECONSTRUCTED
2026-10-03,2026020032,8476892,3.969941868708351,21.159,3.9699418687083514,4.440892098500626e-16,10,14,211.59,D10_CONTRIBUTORS_EXACTLY_RECONSTRUCTED
2026-10-03,2026020032,8476967,3.936085469284476,21.341,3.936085469284476,0.0,10,14,213.41,D10_CONTRIBUTORS_EXACTLY_RECONSTRUCTED
2026-10-03,2026020032,8477402,4.329524954900782,16.63,4.329524954900781,-8.881784197001252e-16,10,12,166.3,D10_CONTRIBUTORS_EXACTLY_RECONSTRUCTED
2026-10-03,2026020032,8477476,4.309154190376223,18.101,4.309154190376223,0.0,10,13,181.01,D10_CONTRIBUTORS_EXACTLY_RECONSTRUCTED
2026-10-03,2026020032,8477492,11.701337295690935,21.536,11.701337295690935,0.0,10,42,215.35999999999999,D10_CONTRIBUTORS_EXACTLY_RECONSTRUCTED
2026-10-03,2026020032,8478038,2.9785297646134117,24.173,2.978529764613412,4.440892098500626e-16,10,12,241.73,D10_CONTRIBUTORS_EXACTLY_RECONSTRUCTED
2026-10-03,2026020032,8478443,2.658396101019052,18.056,2.658396101019052,0.0,10,8,180.56,D10_CONTRIBUTORS_EXACTLY_RECONSTRUCTED
2026-10-03,2026020032,8478454,1.7321016166281755,13.856,1.7321016166281755,0.0,10,4,138.56,D10_CONTRIBUTORS_EXACTLY_RECONSTRUCTED
2026-10-03,2026020032,8478462,6.037952846463485,13.912,6.037952846463485,0.0,10,14,139.12,D10_CONTRIBUTORS_EXACTLY_RECONSTRUCTED
2026-10-03,2026020032,8479346,4.197481511093344,10.006,4.197481511093344,0.0,10,7,100.06,D10_CONTRIBUTORS_EXACTLY_RECONSTRUCTED
2026-10-03,2026020032,8480023,4.376793269464573,20.563,4.376793269464573,0.0,10,15,205.63,D10_CONTRIBUTORS_EXACTLY_RECONSTRUCTED
2026-10-03,2026020032,8480039,9.419152276295131,21.021,9.419152276295133,1.7763568394002505e-15,10,33,210.21,D10_CONTRIBUTORS_EXACTLY_RECONSTRUCTED
2026-10-03,2026020032,8480069,6.400955876077494,23.434,6.400955876077495,8.881784197001252e-16,10,25,234.34,D10_CONTRIBUTORS_EXACTLY_RECONSTRUCTED
2026-10-03,2026020032,8480448,4.7062514707035845,12.749,4.7062514707035845,0.0,10,10,127.49000000000001,D10_CONTRIBUTORS_EXACTLY_RECONSTRUCTED
2026-10-03,2026020032,8480459,4.518381597864038,14.607,4.518381597864038,0.0,10,11,146.07,D10_CONTRIBUTORS_EXACTLY_RECONSTRUCTED
2026-10-03,2026020032,8481013,5.810334094210417,14.457,5.810334094210417,0.0,10,14,144.57,D10_CONTRIBUTORS_EXACTLY_RECONSTRUCTED
2026-10-03,2026020032,8481580,4.898574389248258,15.923,4.898574389248258,0.0,10,13,159.23,D10_CONTRIBUTORS_EXACTLY_RECONSTRUCTED
2026-10-03,2026020032,8481598,4.063664070436844,23.624,4.063664070436844,0.0,10,16,236.24,D10_CONTRIBUTORS_EXACTLY_RECONSTRUCTED
2026-10-03,2026020032,8482077,11.092851273623666,19.472,11.092851273623664,-1.7763568394002505e-15,10,36,194.72,D10_CONTRIBUTORS_EXACTLY_RECONSTRUCTED
2026-10-03,2026020032,8482089,5.302515295717199,14.71,5.302515295717199,0.0,10,13,147.1,D10_CONTRIBUTORS_EXACTLY_RECONSTRUCTED
2026-10-03,2026020032,8482745,11.191620632757012,13.939,11.191620632757012,0.0,10,26,139.39000000000001,D10_CONTRIBUTORS_EXACTLY_RECONSTRUCTED
2026-10-03,2026020032,8482768,4.908522980812138,13.446,4.908522980812137,-8.881784197001252e-16,10,11,134.46,D10_CONTRIBUTORS_EXACTLY_RECONSTRUCTED
2026-10-03,2026020032,8482784,7.555406312961719,11.912,7.555406312961718,-8.881784197001252e-16,10,15,119.12,D10_CONTRIBUTORS_EXACTLY_RECONSTRUCTED
2026-10-03,2026020032,8483516,11.092985318107669,18.39,11.092985318107667,-1.7763568394002505e-15,10,34,183.9,D10_CONTRIBUTORS_EXACTLY_RECONSTRUCTED
2026-10-03,2026020032,8484164,5.601034037052995,13.926,5.601034037052995,0.0,10,13,139.26,D10_CONTRIBUTORS_EXACTLY_RECONSTRUCTED
2026-10-03,2026020032,8484188,3.8126047022124663,17.311,3.812604702212466,-4.440892098500626e-16,10,11,173.11,D10_CONTRIBUTORS_EXACTLY_RECONSTRUCTED
2026-10-03,2026020032,8484258,6.36850484874801,20.727,6.368504848748009,-8.881784197001252e-16,10,22,207.27,D10_CONTRIBUTORS_EXACTLY_RECONSTRUCTED
2026-10-03,2026020032,8484790,8.779952441924273,18.223333333333333,8.779952441924273,0.0,3,8,54.67,D10_CONTRIBUTORS_EXACTLY_RECONSTRUCTED
2026-10-03,2026020032,8486171,6.481481481481482,16.2,6.481481481481482,0.0,4,7,64.8,D10_CONTRIBUTORS_EXACTLY_RECONSTRUCTED
2026-10-03,2026020033,8474150,5.988688033714095,18.034,5.988688033714096,8.881784197001252e-16,10,18,180.34,D10_CONTRIBUTORS_EXACTLY_RECONSTRUCTED
2026-10-03,2026020033,8474568,2.589555459646094,13.902,2.589555459646094,0.0,10,6,139.02,D10_CONTRIBUTORS_EXACTLY_RECONSTRUCTED
2026-10-03,2026020033,8475848,6.162464985994398,10.71,6.162464985994398,0.0,10,11,107.1,D10_CONTRIBUTORS_EXACTLY_RECONSTRUCTED
2026-10-03,2026020033,8476458,7.448275862068965,14.5,7.448275862068965,0.0,10,18,145.0,D10_CONTRIBUTORS_EXACTLY_RECONSTRUCTED
2026-10-03,2026020033,8476467,3.220439053190918,18.631,3.2204390531909186,4.440892098500626e-16,10,10,186.31,D10_CONTRIBUTORS_EXACTLY_RECONSTRUCTED
2026-10-03,2026020033,8477810,2.9660755113390596,16.183,2.9660755113390596,0.0,10,8,161.82999999999998,D10_CONTRIBUTORS_EXACTLY_RECONSTRUCTED
2026-10-03,2026020033,8478136,2.397533965064505,17.518,2.397533965064505,0.0,10,7,175.18,D10_CONTRIBUTORS_EXACTLY_RECONSTRUCTED
2026-10-03,2026020033,8478444,6.13591041570793,19.557,6.135910415707931,8.881784197001252e-16,10,20,195.57,D10_CONTRIBUTORS_EXACTLY_RECONSTRUCTED
2026-10-03,2026020033,8479425,5.3337456035249105,25.873,5.33374560352491,-8.881784197001252e-16,10,23,258.73,D10_CONTRIBUTORS_EXACTLY_RECONSTRUCTED
2026-10-03,2026020033,8480012,3.286230693394676,18.258,3.286230693394676,0.0,10,10,182.58,D10_CONTRIBUTORS_EXACTLY_RECONSTRUCTED
2026-10-03,2026020033,8480028,7.846067625630488,16.059,7.8460676256304875,-8.881784197001252e-16,10,21,160.59,D10_CONTRIBUTORS_EXACTLY_RECONSTRUCTED
2026-10-03,2026020033,8480727,1.618996222342148,22.236,1.6189962223421477,-2.220446049250313e-16,10,6,222.36,D10_CONTRIBUTORS_EXACTLY_RECONSTRUCTED
2026-10-03,2026020033,8480797,5.701389713742725,16.838,5.701389713742725,0.0,10,16,168.38,D10_CONTRIBUTORS_EXACTLY_RECONSTRUCTED
2026-10-03,2026020033,8480860,0.8718818115766529,20.645,0.871881811576653,1.1102230246251565e-16,10,3,206.45,D10_CONTRIBUTORS_EXACTLY_RECONSTRUCTED
2026-10-03,2026020033,8481024,7.757212847033206,14.696,7.757212847033205,-8.881784197001252e-16,10,19,146.96,D10_CONTRIBUTORS_EXACTLY_RECONSTRUCTED
2026-10-03,2026020033,8481028,4.023373886387585,10.439,4.023373886387585,0.0,10,7,104.39,D10_CONTRIBUTORS_EXACTLY_RECONSTRUCTED
2026-10-03,2026020033,8481032,5.332385353714895,11.252,5.332385353714895,0.0,10,10,112.52,D10_CONTRIBUTORS_EXACTLY_RECONSTRUCTED
2026-10-03,2026020033,8481068,5.0410392296258,15.473,5.041039229625799,-8.881784197001252e-16,10,13,154.73000000000002,D10_CONTRIBUTORS_EXACTLY_RECONSTRUCTED
2026-10-03,2026020033,8482055,6.524102935846321,16.554,6.5241029358463205,-8.881784197001252e-16,10,18,165.54000000000002,D10_CONTRIBUTORS_EXACTLY_RECONSTRUCTED
2026-10-03,2026020033,8482079,5.927475592747559,17.208,5.92747559274756,8.881784197001252e-16,10,17,172.07999999999998,D10_CONTRIBUTORS_EXACTLY_RECONSTRUCTED
2026-10-03,2026020033,8482679,8.516415699827203,16.204,8.516415699827204,1.7763568394002505e-15,10,23,162.04,D10_CONTRIBUTORS_EXACTLY_RECONSTRUCTED
2026-10-03,2026020033,8482691,6.090419301944249,12.807,6.090419301944249,0.0,10,13,128.07,D10_CONTRIBUTORS_EXACTLY_RECONSTRUCTED
2026-10-03,2026020033,8482747,4.914004914004914,9.768,4.914004914004914,0.0,10,8,97.68,D10_CONTRIBUTORS_EXACTLY_RECONSTRUCTED
2026-10-03,2026020033,8483395,4.545837191682802,11.879,4.545837191682802,0.0,10,9,118.78999999999999,D10_CONTRIBUTORS_EXACTLY_RECONSTRUCTED
2026-10-03,2026020033,8483476,5.492409794797467,13.109,5.492409794797467,0.0,10,12,131.09,D10_CONTRIBUTORS_EXACTLY_RECONSTRUCTED
2026-10-03,2026020033,8483495,4.886461626904283,20.874,4.886461626904283,0.0,10,17,208.74,D10_CONTRIBUTORS_EXACTLY_RECONSTRUCTED
2026-10-03,2026020033,8483499,2.057966043560281,17.493,2.057966043560281,0.0,10,6,174.93,D10_CONTRIBUTORS_EXACTLY_RECONSTRUCTED
2026-10-03,2026020033,8483609,7.551240560949299,11.124,7.5512405609493,8.881784197001252e-16,10,14,111.24,D10_CONTRIBUTORS_EXACTLY_RECONSTRUCTED
2026-10-03,2026020033,8483678,2.982107355864811,16.096,2.982107355864811,0.0,10,8,160.96,D10_CONTRIBUTORS_EXACTLY_RECONSTRUCTED
2026-10-03,2026020033,8484136,4.711593375214163,14.008,4.711593375214163,0.0,10,11,140.08,D10_CONTRIBUTORS_EXACTLY_RECONSTRUCTED
2026-10-03,2026020033,8484180,4.016661707825052,13.444,4.016661707825052,0.0,10,9,134.44,D10_CONTRIBUTORS_EXACTLY_RECONSTRUCTED
2026-10-03,2026020033,8484240,1.7590149516270888,20.466,1.7590149516270888,0.0,10,6,204.66,D10_CONTRIBUTORS_EXACTLY_RECONSTRUCTED
2026-10-03,2026020033,8484768,6.5365950282262055,20.194,6.5365950282262055,0.0,10,22,201.94,D10_CONTRIBUTORS_EXACTLY_RECONSTRUCTED
2026-10-03,2026020033,8484798,4.656683710737765,21.904,4.656683710737765,0.0,10,17,219.04,D10_CONTRIBUTORS_EXACTLY_RECONSTRUCTED
2026-10-03,2026020033,8484860,6.213071815800695,16.417,6.213071815800695,0.0,10,17,164.17,D10_CONTRIBUTORS_EXACTLY_RECONSTRUCTED
2026-10-03,2026020033,8484958,7.765057242409159,10.045,7.765057242409158,-8.881784197001252e-16,10,13,100.45,D10_CONTRIBUTORS_EXACTLY_RECONSTRUCTED
2026-10-03,2026020034,8470621,6.554818571985954,12.815,6.554818571985954,0.0,10,14,128.15,D10_CONTRIBUTORS_EXACTLY_RECONSTRUCTED
2026-10-03,2026020034,8474563,3.0850972662610334,23.338,3.085097266261034,4.440892098500626e-16,10,12,233.38,D10_CONTRIBUTORS_EXACTLY_RECONSTRUCTED
2026-10-03,2026020034,8475200,5.005889281507656,20.376,5.005889281507656,0.0,10,17,203.76,D10_CONTRIBUTORS_EXACTLY_RECONSTRUCTED
2026-10-03,2026020034,8475208,1.3945380592678676,17.21,1.3945380592678676,0.0,10,4,172.1,D10_CONTRIBUTORS_EXACTLY_RECONSTRUCTED
2026-10-03,2026020034,8475287,7.4710496824803885,16.062,7.471049682480388,-8.881784197001252e-16,10,20,160.62,D10_CONTRIBUTORS_EXACTLY_RECONSTRUCTED
2026-10-03,2026020034,8475692,5.117707267144319,17.586,5.1177072671443185,-8.881784197001252e-16,10,15,175.86,D10_CONTRIBUTORS_EXACTLY_RECONSTRUCTED
2026-10-03,2026020034,8475726,7.024116132053384,12.813,7.024116132053384,0.0,10,15,128.13,D10_CONTRIBUTORS_EXACTLY_RECONSTRUCTED
2026-10-03,2026020034,8476441,5.243036592026215,18.31,5.243036592026216,8.881784197001252e-16,10,16,183.1,D10_CONTRIBUTORS_EXACTLY_RECONSTRUCTED
2026-10-03,2026020034,8476469,8.1702859600086,13.953,8.1702859600086,0.0,10,19,139.53,D10_CONTRIBUTORS_EXACTLY_RECONSTRUCTED
2026-10-03,2026020034,8476624,1.501626762325853,11.987,1.5016267623258528,-2.220446049250313e-16,10,3,119.87,D10_CONTRIBUTORS_EXACTLY_RECONSTRUCTED
2026-10-03,2026020034,8476872,8.168529664660362,15.604,8.168529664660362,0.0,10,19,139.56,D10_CONTRIBUTORS_EXACTLY_RECONSTRUCTED
2026-10-03,2026020034,8476879,1.6776646907504753,17.882,1.6776646907504753,0.0,10,5,178.82,D10_CONTRIBUTORS_EXACTLY_RECONSTRUCTED
2026-10-03,2026020034,8476885,5.35437508806538,21.291,5.35437508806538,0.0,10,19,212.91,D10_CONTRIBUTORS_EXACTLY_RECONSTRUCTED
2026-10-03,2026020034,8476979,4.350716055350777,18.471,4.350716055350777,0.0,10,12,165.49,D10_CONTRIBUTORS_EXACTLY_RECONSTRUCTED
2026-10-03,2026020034,8477498,5.602240896358543,21.42,5.602240896358543,0.0,10,20,214.20000000000002,D10_CONTRIBUTORS_EXACTLY_RECONSTRUCTED
2026-10-03,2026020034,8477505,3.3150836305188607,19.909,3.315083630518861,4.440892098500626e-16,10,11,199.09,D10_CONTRIBUTORS_EXACTLY_RECONSTRUCTED
2026-10-03,2026020034,8477960,10.20513349139264,19.402,10.20513349139264,0.0,10,33,194.02,D10_CONTRIBUTORS_EXACTLY_RECONSTRUCTED
2026-10-03,2026020034,8478550,7.354022650389763,20.397,7.354022650389763,0.0,10,25,203.97,D10_CONTRIBUTORS_EXACTLY_RECONSTRUCTED
2026-10-03,2026020034,8478975,7.203745947892904,16.658,7.203745947892905,8.881784197001252e-16,10,20,166.57999999999998,D10_CONTRIBUTORS_EXACTLY_RECONSTRUCTED
2026-10-03,2026020034,8479675,7.380527707731103,18.032,7.380527707731103,0.0,10,20,162.59,D10_CONTRIBUTORS_EXACTLY_RECONSTRUCTED
2026-10-03,2026020034,8479998,1.6545638385881056,21.758,1.6545638385881056,0.0,10,6,217.57999999999998,D10_CONTRIBUTORS_EXACTLY_RECONSTRUCTED
2026-10-03,2026020034,8480748,4.09657997641363,16.111,4.09657997641363,0.0,10,11,161.11,D10_CONTRIBUTORS_EXACTLY_RECONSTRUCTED
2026-10-03,2026020034,8480891,6.268282490597576,14.358,6.268282490597576,0.0,10,15,143.58,D10_CONTRIBUTORS_EXACTLY_RECONSTRUCTED
2026-10-03,2026020034,8481532,5.797101449275362,11.385,5.797101449275362,0.0,10,11,113.85,D10_CONTRIBUTORS_EXACTLY_RECONSTRUCTED
2026-10-03,2026020034,8482124,7.223113964686998,19.936,7.223113964686998,0.0,10,24,199.36,D10_CONTRIBUTORS_EXACTLY_RECONSTRUCTED
2026-10-03,2026020034,8482155,9.645817633760362,19.905,9.64581763376036,-1.7763568394002505e-15,10,32,199.05,D10_CONTRIBUTORS_EXACTLY_RECONSTRUCTED
2026-10-03,2026020034,8482700,1.7450991798033857,17.191,1.7450991798033857,0.0,10,5,171.91,D10_CONTRIBUTORS_EXACTLY_RECONSTRUCTED
2026-10-03,2026020034,8482730,5.276013678553982,20.47,5.276013678553982,0.0,10,18,204.7,D10_CONTRIBUTORS_EXACTLY_RECONSTRUCTED
2026-10-03,2026020034,8482859,3.143006809848088,11.454,3.143006809848088,0.0,10,6,114.54,D10_CONTRIBUTORS_EXACTLY_RECONSTRUCTED
2026-10-03,2026020034,8484152,4.289249381358262,18.185,4.289249381358263,8.881784197001252e-16,10,13,181.85,D10_CONTRIBUTORS_EXACTLY_RECONSTRUCTED
2026-10-03,2026020034,8484227,6.392284400583156,17.834,6.392284400583156,0.0,10,19,178.34,D10_CONTRIBUTORS_EXACTLY_RECONSTRUCTED
2026-10-03,2026020034,8484801,9.742656103921664,20.323,9.742656103921664,0.0,10,33,203.23,D10_CONTRIBUTORS_EXACTLY_RECONSTRUCTED
2026-10-03,2026020034,8484911,3.544632835115496,16.927,3.544632835115496,0.0,10,10,169.27,D10_CONTRIBUTORS_EXACTLY_RECONSTRUCTED
2026-10-03,2026020034,8484994,6.997324552377032,14.577,6.997324552377032,0.0,10,17,145.77,D10_CONTRIBUTORS_EXACTLY_RECONSTRUCTED
2026-10-03,2026020034,8485402,9.135896459840122,13.135,9.135896459840122,0.0,10,20,131.35,D10_CONTRIBUTORS_EXACTLY_RECONSTRUCTED
2026-10-03,2026020034,8486103,7.400555041628122,16.215,7.400555041628122,0.0,4,8,64.86,D10_CONTRIBUTORS_EXACTLY_RECONSTRUCTED
2026-10-04,2026020035,8475279,3.9095784672447498,19.951,3.90957846724475,4.440892098500626e-16,10,13,199.51,D10_CONTRIBUTORS_EXACTLY_RECONSTRUCTED
2026-10-04,2026020035,8475753,6.581243456149973,20.057,6.581243456149973,0.0,10,22,200.57,D10_CONTRIBUTORS_EXACTLY_RECONSTRUCTED
2026-10-04,2026020035,8475799,7.0356472795497185,12.792,7.0356472795497185,0.0,10,15,127.92,D10_CONTRIBUTORS_EXACTLY_RECONSTRUCTED
2026-10-04,2026020035,8476331,1.9326339039204856,21.732,1.9326339039204858,2.220446049250313e-16,10,7,217.32,D10_CONTRIBUTORS_EXACTLY_RECONSTRUCTED
2026-10-04,2026020035,8476392,3.148573302722204,15.245,3.1485733027222045,4.440892098500626e-16,10,8,152.45,D10_CONTRIBUTORS_EXACTLY_RECONSTRUCTED
2026-10-04,2026020035,8476460,4.460551993309172,21.522,4.460551993309172,0.0,10,16,215.22,D10_CONTRIBUTORS_EXACTLY_RECONSTRUCTED
2026-10-04,2026020035,8476480,7.333767926988266,12.272,7.3337679269882665,8.881784197001252e-16,10,15,122.72,D10_CONTRIBUTORS_EXACTLY_RECONSTRUCTED
2026-10-04,2026020035,8477429,5.384574776962467,18.943,5.384574776962466,-8.881784197001252e-16,10,17,189.43,D10_CONTRIBUTORS_EXACTLY_RECONSTRUCTED
2026-10-04,2026020035,8477456,3.3228724386191617,16.251,3.322872438619162,4.440892098500626e-16,10,9,162.51,D10_CONTRIBUTORS_EXACTLY_RECONSTRUCTED
2026-10-04,2026020035,8477504,6.454282167976831,24.17,6.454282167976831,0.0,10,26,241.7,D10_CONTRIBUTORS_EXACTLY_RECONSTRUCTED
2026-10-04,2026020035,8477971,2.8555564369001347,12.607,2.855556436900135,4.440892098500626e-16,10,6,126.07,D10_CONTRIBUTORS_EXACTLY_RECONSTRUCTED
2026-10-04,2026020035,8478042,8.917032825019385,15.476,8.917032825019385,0.0,10,23,154.76,D10_CONTRIBUTORS_EXACTLY_RECONSTRUCTED
2026-10-04,2026020035,8478398,11.341619016114551,21.161,11.34161901611455,-1.7763568394002505e-15,10,40,211.61,D10_CONTRIBUTORS_EXACTLY_RECONSTRUCTED
2026-10-04,2026020035,8478434,1.9683424915935372,12.193,1.9683424915935372,0.0,10,4,121.93,D10_CONTRIBUTORS_EXACTLY_RECONSTRUCTED
2026-10-04,2026020035,8478891,5.023595676663114,13.138,5.023595676663115,8.881784197001252e-16,10,11,131.38,D10_CONTRIBUTORS_EXACTLY_RECONSTRUCTED
2026-10-04,2026020035,8479337,9.439404268708374,19.069,9.439404268708376,1.7763568394002505e-15,10,30,190.69,D10_CONTRIBUTORS_EXACTLY_RECONSTRUCTED
2026-10-04,2026020035,8479983,4.0201005025125625,20.895,4.020100502512563,8.881784197001252e-16,10,14,208.95,D10_CONTRIBUTORS_EXACTLY_RECONSTRUCTED
2026-10-04,2026020035,8479992,5.141388174807198,12.837,5.141388174807197,-8.881784197001252e-16,10,11,128.37,D10_CONTRIBUTORS_EXACTLY_RECONSTRUCTED
2026-10-04,2026020035,8480014,6.096184240234816,17.716,6.096184240234816,0.0,10,18,177.16,D10_CONTRIBUTORS_EXACTLY_RECONSTRUCTED
2026-10-04,2026020035,8480049,3.734827264239029,22.491,3.734827264239029,0.0,10,14,224.91,D10_CONTRIBUTORS_EXACTLY_RECONSTRUCTED
2026-10-04,2026020035,8480113,7.006330280867801,16.271,7.006330280867801,0.0,10,19,162.71,D10_CONTRIBUTORS_EXACTLY_RECONSTRUCTED
2026-10-04,2026020035,8480145,3.388652359023373,23.018,3.388652359023373,0.0,10,13,230.18,D10_CONTRIBUTORS_EXACTLY_RECONSTRUCTED
2026-10-04,2026020035,8480289,5.082592121982211,14.166,5.082592121982211,0.0,10,12,141.66,D10_CONTRIBUTORS_EXACTLY_RECONSTRUCTED
2026-10-04,2026020035,8481542,5.708622398414271,25.225,5.708622398414271,0.0,10,24,252.25,D10_CONTRIBUTORS_EXACTLY_RECONSTRUCTED
2026-10-04,2026020035,8481607,2.315559271885251,15.547,2.3155592718852516,4.440892098500626e-16,10,6,155.47,D10_CONTRIBUTORS_EXACTLY_RECONSTRUCTED
2026-10-04,2026020035,8482078,6.3535765341240005,18.887,6.3535765341240005,0.0,10,20,188.87,D10_CONTRIBUTORS_EXACTLY_RECONSTRUCTED
2026-10-04,2026020035,8482149,4.728992360858494,16.494,4.728992360858494,0.0,10,13,164.94,D10_CONTRIBUTORS_EXACTLY_RECONSTRUCTED
2026-10-04,2026020035,8482459,0.0,12.5075,0.0,0.0,4,0,50.03,D10_CONTRIBUTORS_EXACTLY_RECONSTRUCTED
2026-10-04,2026020035,8482765,5.936675461741425,12.128,5.936675461741425,0.0,10,12,121.28,D10_CONTRIBUTORS_EXACTLY_RECONSTRUCTED
2026-10-04,2026020035,8483471,6.448146157979581,13.027,6.44814615797958,-8.881784197001252e-16,10,14,130.27,D10_CONTRIBUTORS_EXACTLY_RECONSTRUCTED
2026-10-04,2026020035,8483679,3.163222269084774,18.968,3.163222269084774,0.0,5,5,94.84,D10_CONTRIBUTORS_EXACTLY_RECONSTRUCTED
2026-10-04,2026020035,8484160,2.4005761382731854,12.497,2.400576138273186,4.440892098500626e-16,10,5,124.97,D10_CONTRIBUTORS_EXACTLY_RECONSTRUCTED
2026-10-04,2026020035,8484223,4.566210045662101,17.082,4.566210045662101,0.0,10,13,170.82,D10_CONTRIBUTORS_EXACTLY_RECONSTRUCTED
2026-10-04,2026020035,8484471,2.882363538101243,16.653,2.882363538101243,0.0,10,8,166.53,D10_CONTRIBUTORS_EXACTLY_RECONSTRUCTED
2026-10-04,2026020035,8484794,7.546576527002594,12.721,7.546576527002594,0.0,10,16,127.21,D10_CONTRIBUTORS_EXACTLY_RECONSTRUCTED
2026-10-04,2026020035,8486025,5.551700208188758,14.41,5.551700208188758,0.0,3,4,43.23,D10_CONTRIBUTORS_EXACTLY_RECONSTRUCTED
2026-10-04,2026020036,8475314,10.680379746835444,15.168,10.680379746835444,0.0,10,27,151.68,D10_CONTRIBUTORS_EXACTLY_RECONSTRUCTED
2026-10-04,2026020036,8476389,4.213710766571228,18.511,4.213710766571228,0.0,10,13,185.11,D10_CONTRIBUTORS_EXACTLY_RECONSTRUCTED
2026-10-04,2026020036,8476459,5.50739418663947,19.61,5.50739418663947,0.0,10,18,196.1,D10_CONTRIBUTORS_EXACTLY_RECONSTRUCTED
2026-10-04,2026020036,8476468,5.910987482614742,17.256,5.910987482614742,0.0,10,17,172.56,D10_CONTRIBUTORS_EXACTLY_RECONSTRUCTED
2026-10-04,2026020036,8477220,1.9413287316652288,18.544,1.9413287316652288,0.0,10,6,185.44,D10_CONTRIBUTORS_EXACTLY_RECONSTRUCTED
2026-10-04,2026020036,8477346,5.444097187216453,19.838,5.444097187216454,8.881784197001252e-16,10,18,198.38,D10_CONTRIBUTORS_EXACTLY_RECONSTRUCTED
2026-10-04,2026020036,8477416,6.2075081288796925,13.532,6.2075081288796925,0.0,10,14,135.32,D10_CONTRIBUTORS_EXACTLY_RECONSTRUCTED
2026-10-04,2026020036,8477951,11.244491718583802,19.743,11.2444917185838,-1.7763568394002505e-15,10,37,197.43,D10_CONTRIBUTORS_EXACTLY_RECONSTRUCTED
2026-10-04,2026020036,8477969,1.65852759605639,21.706,1.6585275960563899,-2.220446049250313e-16,10,6,217.06,D10_CONTRIBUTORS_EXACTLY_RECONSTRUCTED
2026-10-04,2026020036,8478474,7.583052479537795,16.616,7.583052479537795,0.0,10,21,166.16,D10_CONTRIBUTORS_EXACTLY_RECONSTRUCTED
2026-10-04,2026020036,8478507,1.812688821752266,19.86,1.8126888217522659,-2.220446049250313e-16,10,6,198.6,D10_CONTRIBUTORS_EXACTLY_RECONSTRUCTED
2026-10-04,2026020036,8478831,3.495484998543548,13.732,3.495484998543548,0.0,10,8,137.32,D10_CONTRIBUTORS_EXACTLY_RECONSTRUCTED
2026-10-04,2026020036,8478882,3.534849995468141,22.066,3.534849995468141,0.0,10,13,220.66,D10_CONTRIBUTORS_EXACTLY_RECONSTRUCTED
2026-10-04,2026020036,8479323,3.855687138529331,21.786,3.8556871385293303,-8.881784197001252e-16,10,14,217.86,D10_CONTRIBUTORS_EXACTLY_RECONSTRUCTED
2026-10-04,2026020036,8479343,7.313195548489667,18.87,7.3131955484896665,-8.881784197001252e-16,10,23,188.7,D10_CONTRIBUTORS_EXACTLY_RECONSTRUCTED
2026-10-04,2026020036,8479369,2.2940790911077125,18.308,2.294079091107713,4.440892098500626e-16,10,7,183.07999999999998,D10_CONTRIBUTORS_EXACTLY_RECONSTRUCTED
2026-10-04,2026020036,8479410,6.423189360563264,24.287,6.423189360563264,0.0,10,26,242.87,D10_CONTRIBUTORS_EXACTLY_RECONSTRUCTED
2026-10-04,2026020036,8479619,6.644518272425249,13.545,6.64451827242525,8.881784197001252e-16,10,15,135.45,D10_CONTRIBUTORS_EXACTLY_RECONSTRUCTED
2026-10-04,2026020036,8480009,8.435259384226065,14.226,8.435259384226065,0.0,10,20,142.26,D10_CONTRIBUTORS_EXACTLY_RECONSTRUCTED
2026-10-04,2026020036,8480434,4.897426130489198,18.377,4.8974261304891975,-8.881784197001252e-16,10,15,183.77,D10_CONTRIBUTORS_EXACTLY_RECONSTRUCTED
2026-10-04,2026020036,8480813,3.4767492394611037,13.806,3.4767492394611037,0.0,10,8,138.06,D10_CONTRIBUTORS_EXACTLY_RECONSTRUCTED
2026-10-04,2026020036,8480849,6.087397637509964,13.799,6.087397637509964,0.0,10,14,137.99,D10_CONTRIBUTORS_EXACTLY_RECONSTRUCTED
2026-10-04,2026020036,8480855,3.1784471015589526,13.214,3.178447101558953,4.440892098500626e-16,10,7,132.14,D10_CONTRIBUTORS_EXACTLY_RECONSTRUCTED
2026-10-04,2026020036,8481604,11.481193565747772,16.723,11.481193565747773,1.7763568394002505e-15,10,32,167.23,D10_CONTRIBUTORS_EXACTLY_RECONSTRUCTED
2026-10-04,2026020036,8481789,3.392705682782019,14.148,3.392705682782019,0.0,10,8,141.48,D10_CONTRIBUTORS_EXACTLY_RECONSTRUCTED
2026-10-04,2026020036,8482073,4.309868493756216,18.098,4.309868493756216,0.0,10,13,180.98,D10_CONTRIBUTORS_EXACTLY_RECONSTRUCTED
2026-10-04,2026020036,8482109,4.649103387203897,18.068,4.649103387203897,0.0,10,14,180.68,D10_CONTRIBUTORS_EXACTLY_RECONSTRUCTED
2026-10-04,2026020036,8482157,9.411764705882351,15.3,9.411764705882353,1.7763568394002505e-15,10,24,153.0,D10_CONTRIBUTORS_EXACTLY_RECONSTRUCTED
2026-10-04,2026020036,8482699,11.107994389901824,17.825,11.107994389901823,-1.7763568394002505e-15,10,33,178.25,D10_CONTRIBUTORS_EXACTLY_RECONSTRUCTED
2026-10-04,2026020036,8482877,5.279366476022878,11.365,5.279366476022878,0.0,10,10,113.65,D10_CONTRIBUTORS_EXACTLY_RECONSTRUCTED
2026-10-04,2026020036,8483431,6.329816768461965,18.01,6.329816768461966,8.881784197001252e-16,10,19,180.1,D10_CONTRIBUTORS_EXACTLY_RECONSTRUCTED
2026-10-04,2026020036,8483690,4.575072785248857,14.426,4.575072785248857,0.0,10,11,144.26,D10_CONTRIBUTORS_EXACTLY_RECONSTRUCTED
2026-10-04,2026020036,8484210,5.093711225755894,15.313,5.093711225755894,0.0,10,13,153.13,D10_CONTRIBUTORS_EXACTLY_RECONSTRUCTED
2026-10-04,2026020036,8484386,3.613490364025696,14.944,3.6134903640256963,4.440892098500626e-16,10,9,149.44,D10_CONTRIBUTORS_EXACTLY_RECONSTRUCTED
2026-10-04,2026020036,8484388,5.854610505773296,12.298,5.854610505773296,0.0,10,12,122.98,D10_CONTRIBUTORS_EXACTLY_RECONSTRUCTED
2026-10-04,2026020036,8485957,1.199280431740955,16.676666666666666,1.1992804317409553,2.220446049250313e-16,6,2,100.06,D10_CONTRIBUTORS_EXACTLY_RECONSTRUCTED
2026-10-04,2026020037,8473419,7.227379012258202,14.113,7.227379012258202,0.0,10,17,141.13,D10_CONTRIBUTORS_EXACTLY_RECONSTRUCTED
2026-10-04,2026020037,8473986,5.628187840769185,17.057,5.628187840769186,8.881784197001252e-16,10,16,170.57,D10_CONTRIBUTORS_EXACTLY_RECONSTRUCTED
2026-10-04,2026020037,8474189,2.3275661416711926,12.889,2.3275661416711926,0.0,10,5,128.89,D10_CONTRIBUTORS_EXACTLY_RECONSTRUCTED
2026-10-04,2026020037,8475179,3.14520356456404,17.169,3.14520356456404,0.0,10,9,171.69,D10_CONTRIBUTORS_EXACTLY_RECONSTRUCTED
2026-10-04,2026020037,8475462,3.4008097165991904,12.35,3.4008097165991904,0.0,10,7,123.5,D10_CONTRIBUTORS_EXACTLY_RECONSTRUCTED
2026-10-04,2026020037,8475798,3.989565751112475,19.551,3.989565751112475,0.0,10,13,195.51,D10_CONTRIBUTORS_EXACTLY_RECONSTRUCTED
2026-10-04,2026020037,8477409,7.764896198436237,18.545,7.764896198436237,0.0,10,24,185.45,D10_CONTRIBUTORS_EXACTLY_RECONSTRUCTED
2026-10-04,2026020037,8477495,2.596789423984891,25.416,2.5967894239848914,4.440892098500626e-16,10,11,254.16,D10_CONTRIBUTORS_EXACTLY_RECONSTRUCTED
2026-10-04,2026020037,8477903,1.6556291390728477,10.872,1.6556291390728477,0.0,10,3,108.72,D10_CONTRIBUTORS_EXACTLY_RECONSTRUCTED
2026-10-04,2026020037,8477933,6.847275974992558,20.154,6.847275974992558,0.0,10,23,201.54,D10_CONTRIBUTORS_EXACTLY_RECONSTRUCTED
2026-10-04,2026020037,8477935,8.781915758659945,18.447,8.781915758659945,0.0,10,27,184.47,D10_CONTRIBUTORS_EXACTLY_RECONSTRUCTED
2026-10-04,2026020037,8478055,5.355230274901821,22.408,5.355230274901822,8.881784197001252e-16,10,20,224.07999999999998,D10_CONTRIBUTORS_EXACTLY_RECONSTRUCTED
2026-10-04,2026020037,8478147,6.263774504117852,8.621,6.263774504117852,0.0,10,9,86.21,D10_CONTRIBUTORS_EXACTLY_RECONSTRUCTED
2026-10-04,2026020037,8478421,7.770510911092404,15.443,7.770510911092405,8.881784197001252e-16,10,20,154.43,D10_CONTRIBUTORS_EXACTLY_RECONSTRUCTED
2026-10-04,2026020037,8478859,4.729996058336618,20.296,4.729996058336618,0.0,10,16,202.96,D10_CONTRIBUTORS_EXACTLY_RECONSTRUCTED
2026-10-04,2026020037,8479314,8.07491728817361,17.833,8.07491728817361,0.0,10,24,178.33,D10_CONTRIBUTORS_EXACTLY_RECONSTRUCTED
2026-10-04,2026020037,8480068,6.244714759643531,15.373,6.24471475964353,-8.881784197001252e-16,10,16,153.73000000000002,D10_CONTRIBUTORS_EXACTLY_RECONSTRUCTED
2026-10-04,2026020037,8480185,5.497861942577886,16.37,5.497861942577887,8.881784197001252e-16,10,15,163.7,D10_CONTRIBUTORS_EXACTLY_RECONSTRUCTED
2026-10-04,2026020037,8480801,12.171978273673188,15.281,12.171978273673188,0.0,10,31,152.81,D10_CONTRIBUTORS_EXACTLY_RECONSTRUCTED
2026-10-04,2026020037,8481538,0.930809804529941,16.115,0.9308098045299412,2.220446049250313e-16,4,1,64.46,D10_CONTRIBUTORS_EXACTLY_RECONSTRUCTED
2026-10-04,2026020037,8481605,3.2855939342881215,23.74,3.285593934288121,-4.440892098500626e-16,10,13,237.4,D10_CONTRIBUTORS_EXACTLY_RECONSTRUCTED
2026-10-04,2026020037,8481754,5.133789670192906,12.856,5.133789670192906,0.0,10,11,128.56,D10_CONTRIBUTORS_EXACTLY_RECONSTRUCTED
2026-10-04,2026020037,8482113,5.887213385664119,19.364,5.887213385664119,0.0,10,19,193.64,D10_CONTRIBUTORS_EXACTLY_RECONSTRUCTED
2026-10-04,2026020037,8482118,9.526329716856312,11.337,9.526329716856312,0.0,10,18,113.37,D10_CONTRIBUTORS_EXACTLY_RECONSTRUCTED
2026-10-04,2026020037,8482408,7.319507596761673,9.017,7.319507596761672,-8.881784197001252e-16,10,11,90.17,D10_CONTRIBUTORS_EXACTLY_RECONSTRUCTED
2026-10-04,2026020037,8482731,4.232970134044054,15.94625,4.232970134044054,0.0,8,9,127.57,D10_CONTRIBUTORS_EXACTLY_RECONSTRUCTED
2026-10-04,2026020037,8483445,13.045980686832513,15.637,13.045980686832511,-1.7763568394002505e-15,10,34,156.37,D10_CONTRIBUTORS_EXACTLY_RECONSTRUCTED
2026-10-04,2026020037,8483482,3.4587116299178557,20.817,3.4587116299178557,0.0,10,12,208.17000000000002,D10_CONTRIBUTORS_EXACTLY_RECONSTRUCTED
2026-10-04,2026020037,8483490,3.954773614561679,19.723,3.954773614561679,0.0,10,13,197.23,D10_CONTRIBUTORS_EXACTLY_RECONSTRUCTED
2026-10-04,2026020037,8483521,4.1161673908072265,14.576666666666666,4.116167390807226,-8.881784197001252e-16,3,3,43.730000000000004,D10_CONTRIBUTORS_EXACTLY_RECONSTRUCTED
2026-10-04,2026020037,8483771,7.006617360840794,12.845,7.006617360840795,8.881784197001252e-16,10,15,128.45,D10_CONTRIBUTORS_EXACTLY_RECONSTRUCTED
2026-10-04,2026020037,8484153,11.753183153770811,18.378,11.753183153770813,1.7763568394002505e-15,10,36,183.78,D10_CONTRIBUTORS_EXACTLY_RECONSTRUCTED
2026-10-04,2026020037,8484262,2.7085590465872156,18.46,2.708559046587215,-4.440892098500626e-16,6,5,110.76,D10_CONTRIBUTORS_EXACTLY_RECONSTRUCTED
2026-10-04,2026020037,8484304,4.940711462450593,18.216,4.940711462450593,0.0,10,15,182.16,D10_CONTRIBUTORS_EXACTLY_RECONSTRUCTED
2026-10-04,2026020037,8484762,8.373339287707937,17.914,8.373339287707937,0.0,10,25,179.14000000000001,D10_CONTRIBUTORS_EXACTLY_RECONSTRUCTED
2026-10-04,2026020037,8485512,2.6128610828857597,13.778,2.6128610828857597,0.0,10,6,137.78,D10_CONTRIBUTORS_EXACTLY_RECONSTRUCTED
2026-10-04,2026020038,8474150,7.040679481448368,17.896,7.040679481448368,0.0,10,21,178.96,D10_CONTRIBUTORS_EXACTLY_RECONSTRUCTED
2026-10-04,2026020038,8474586,5.45950864422202,17.584,5.459508644222019,-8.881784197001252e-16,10,16,175.84,D10_CONTRIBUTORS_EXACTLY_RECONSTRUCTED
2026-10-04,2026020038,8476457,4.162743446156896,20.179,4.162743446156896,0.0,10,14,201.79,D10_CONTRIBUTORS_EXACTLY_RECONSTRUCTED
2026-10-04,2026020038,8476458,7.158397080496877,14.249,7.158397080496877,0.0,10,17,142.49,D10_CONTRIBUTORS_EXACTLY_RECONSTRUCTED
2026-10-04,2026020038,8476905,2.7066651629637986,17.734,2.7066651629637986,0.0,10,8,177.34,D10_CONTRIBUTORS_EXACTLY_RECONSTRUCTED
2026-10-04,2026020038,8477919,6.627680311890838,15.39,6.627680311890838,0.0,10,17,153.9,D10_CONTRIBUTORS_EXACTLY_RECONSTRUCTED
2026-10-04,2026020038,8477955,7.254215717467388,15.715,7.254215717467388,0.0,10,19,157.15,D10_CONTRIBUTORS_EXACTLY_RECONSTRUCTED
2026-10-04,2026020038,8477986,6.754708811431046,23.095,6.754708811431046,0.0,10,26,230.95,D10_CONTRIBUTORS_EXACTLY_RECONSTRUCTED
2026-10-04,2026020038,8478136,2.4438496450599323,17.186,2.4438496450599323,0.0,10,7,171.86,D10_CONTRIBUTORS_EXACTLY_RECONSTRUCTED
2026-10-04,2026020038,8478407,5.851089765468819,20.509,5.851089765468818,-8.881784197001252e-16,10,20,205.09,D10_CONTRIBUTORS_EXACTLY_RECONSTRUCTED
2026-10-04,2026020038,8479324,2.4288688410825814,17.292,2.4288688410825814,0.0,10,7,172.92000000000002,D10_CONTRIBUTORS_EXACTLY_RECONSTRUCTED
2026-10-04,2026020038,8480028,8.589033422543102,16.067,8.589033422543102,0.0,10,23,160.67,D10_CONTRIBUTORS_EXACTLY_RECONSTRUCTED
2026-10-04,2026020038,8480727,1.8909549322407817,22.211,1.8909549322407817,0.0,10,7,222.11,D10_CONTRIBUTORS_EXACTLY_RECONSTRUCTED
2026-10-04,2026020038,8480797,5.47645125958379,16.434,5.47645125958379,0.0,10,15,164.34,D10_CONTRIBUTORS_EXACTLY_RECONSTRUCTED
2026-10-04,2026020038,8480860,0.87213527787199,20.639,0.8721352778719899,-1.1102230246251565e-16,10,3,206.39000000000001,D10_CONTRIBUTORS_EXACTLY_RECONSTRUCTED
2026-10-04,2026020038,8480876,6.5600656006560065,7.317,6.5600656006560065,0.0,10,8,73.17,D10_CONTRIBUTORS_EXACTLY_RECONSTRUCTED
2026-10-04,2026020038,8481028,4.513823584728231,10.634,4.51382358472823,-8.881784197001252e-16,10,8,106.34,D10_CONTRIBUTORS_EXACTLY_RECONSTRUCTED
2026-10-04,2026020038,8481068,4.731550239863311,15.217,4.731550239863311,0.0,10,12,152.17000000000002,D10_CONTRIBUTORS_EXACTLY_RECONSTRUCTED
2026-10-04,2026020038,8481554,1.2427506213753108,14.484,1.2427506213753108,0.0,10,3,144.84,D10_CONTRIBUTORS_EXACTLY_RECONSTRUCTED
2026-10-04,2026020038,8482074,5.3187560020684055,13.537,5.3187560020684055,0.0,10,12,135.37,D10_CONTRIBUTORS_EXACTLY_RECONSTRUCTED
2026-10-04,2026020038,8482165,3.87972841901067,18.558,3.8797284190106693,-4.440892098500626e-16,10,12,185.58,D10_CONTRIBUTORS_EXACTLY_RECONSTRUCTED
2026-10-04,2026020038,8482259,11.11048762695696,17.821,11.110487626956962,1.7763568394002505e-15,10,33,178.20999999999998,D10_CONTRIBUTORS_EXACTLY_RECONSTRUCTED
2026-10-04,2026020038,8482665,3.735778570215656,17.667,3.7357785702156567,8.881784197001252e-16,10,11,176.67,D10_CONTRIBUTORS_EXACTLY_RECONSTRUCTED
2026-10-04,2026020038,8482679,8.056640625,16.384,8.056640625,0.0,10,22,163.84,D10_CONTRIBUTORS_EXACTLY_RECONSTRUCTED
2026-10-04,2026020038,8482713,7.656479295603905,15.673,7.656479295603905,0.0,10,20,156.73,D10_CONTRIBUTORS_EXACTLY_RECONSTRUCTED
2026-10-04,2026020038,8482751,8.930469912821604,14.109,8.930469912821604,0.0,10,21,141.09,D10_CONTRIBUTORS_EXACTLY_RECONSTRUCTED
2026-10-04,2026020038,8482858,2.291278819991408,20.949,2.2912788199914074,-4.440892098500626e-16,10,8,209.49,D10_CONTRIBUTORS_EXACTLY_RECONSTRUCTED
2026-10-04,2026020038,8482866,4.205607476635514,14.266666666666667,4.205607476635514,0.0,3,3,42.800000000000004,D10_CONTRIBUTORS_EXACTLY_RECONSTRUCTED
2026-10-04,2026020038,8483495,4.278786726252734,21.034,4.278786726252733,-8.881784197001252e-16,10,15,210.34,D10_CONTRIBUTORS_EXACTLY_RECONSTRUCTED
2026-10-04,2026020038,8483524,5.45578540577404,13.197,5.45578540577404,0.0,10,12,131.97,D10_CONTRIBUTORS_EXACTLY_RECONSTRUCTED
2026-10-04,2026020038,8483609,6.695805821631173,10.753,6.695805821631173,0.0,10,12,107.53,D10_CONTRIBUTORS_EXACTLY_RECONSTRUCTED
2026-10-04,2026020038,8484180,3.112033195020747,13.496,3.1120331950207465,-4.440892098500626e-16,10,7,134.96,D10_CONTRIBUTORS_EXACTLY_RECONSTRUCTED
2026-10-04,2026020038,8484768,7.680189050807405,20.312,7.680189050807404,-8.881784197001252e-16,10,26,203.12,D10_CONTRIBUTORS_EXACTLY_RECONSTRUCTED
2026-10-04,2026020038,8484800,4.310344827586207,13.92,4.310344827586207,0.0,10,10,139.2,D10_CONTRIBUTORS_EXACTLY_RECONSTRUCTED
2026-10-04,2026020038,8484860,6.152361421074854,16.579,6.152361421074854,0.0,10,17,165.79,D10_CONTRIBUTORS_EXACTLY_RECONSTRUCTED
2026-10-04,2026020038,8484958,6.254145740547711,10.553,6.254145740547711,0.0,10,11,105.53,D10_CONTRIBUTORS_EXACTLY_RECONSTRUCTED
2026-10-04,2026020039,8474568,2.240980055277508,13.387,2.240980055277508,0.0,10,5,133.87,D10_CONTRIBUTORS_EXACTLY_RECONSTRUCTED
2026-10-04,2026020039,8475188,3.3700980392156863,19.584,3.3700980392156863,0.0,10,11,195.84,D10_CONTRIBUTORS_EXACTLY_RECONSTRUCTED
2026-10-04,2026020039,8475343,5.056037751748546,11.867,5.056037751748547,8.881784197001252e-16,10,10,118.67,D10_CONTRIBUTORS_EXACTLY_RECONSTRUCTED
2026-10-04,2026020039,8475848,7.37379466817924,10.578,7.37379466817924,0.0,10,13,105.78,D10_CONTRIBUTORS_EXACTLY_RECONSTRUCTED
2026-10-04,2026020039,8475913,7.382837577573293,18.692,7.382837577573293,0.0,10,23,186.92000000000002,D10_CONTRIBUTORS_EXACTLY_RECONSTRUCTED
2026-10-04,2026020039,8476448,7.182459677419355,15.872,7.182459677419355,0.0,10,19,158.72,D10_CONTRIBUTORS_EXACTLY_RECONSTRUCTED
2026-10-04,2026020039,8476467,2.236064526433477,18.783,2.236064526433477,0.0,10,7,187.83,D10_CONTRIBUTORS_EXACTLY_RECONSTRUCTED
2026-10-04,2026020039,8476881,9.14576055890759,15.745,9.14576055890759,0.0,10,24,157.45,D10_CONTRIBUTORS_EXACTLY_RECONSTRUCTED
2026-10-04,2026020039,8477447,6.078467489408731,21.716,6.078467489408731,0.0,10,22,217.16,D10_CONTRIBUTORS_EXACTLY_RECONSTRUCTED
2026-10-04,2026020039,8477964,5.0596782563570315,15.416,5.0596782563570315,0.0,10,13,154.16,D10_CONTRIBUTORS_EXACTLY_RECONSTRUCTED
2026-10-04,2026020039,8478109,7.3715400737154,13.837,7.3715400737154,0.0,10,17,138.37,D10_CONTRIBUTORS_EXACTLY_RECONSTRUCTED
2026-10-04,2026020039,8478396,4.618715419773875,20.785,4.618715419773876,8.881784197001252e-16,10,16,207.85,D10_CONTRIBUTORS_EXACTLY_RECONSTRUCTED
2026-10-04,2026020039,8478397,6.108283202221194,21.61,6.108283202221195,8.881784197001252e-16,10,22,216.1,D10_CONTRIBUTORS_EXACTLY_RECONSTRUCTED
2026-10-04,2026020039,8478403,9.027986758952752,19.938,9.027986758952753,1.7763568394002505e-15,10,30,199.38,D10_CONTRIBUTORS_EXACTLY_RECONSTRUCTED
2026-10-04,2026020039,8478444,6.486820428336079,19.424,6.486820428336079,0.0,10,21,194.24,D10_CONTRIBUTORS_EXACTLY_RECONSTRUCTED
2026-10-04,2026020039,8478450,3.4782608695652173,18.975,3.4782608695652173,0.0,10,11,189.75,D10_CONTRIBUTORS_EXACTLY_RECONSTRUCTED
2026-10-04,2026020039,8478468,7.408779403593258,16.197,7.4087794035932575,-8.881784197001252e-16,10,20,161.97,D10_CONTRIBUTORS_EXACTLY_RECONSTRUCTED
2026-10-04,2026020039,8478483,7.185270196097999,20.041,7.185270196097999,0.0,10,24,200.41,D10_CONTRIBUTORS_EXACTLY_RECONSTRUCTED
2026-10-04,2026020039,8479353,6.091370558375634,15.76,6.091370558375634,0.0,10,16,157.6,D10_CONTRIBUTORS_EXACTLY_RECONSTRUCTED
2026-10-04,2026020039,8479425,4.834625124702632,26.062,4.834625124702632,0.0,10,21,260.62,D10_CONTRIBUTORS_EXACTLY_RECONSTRUCTED
2026-10-04,2026020039,8480012,3.2318879612173443,18.565,3.2318879612173443,0.0,10,10,185.65,D10_CONTRIBUTORS_EXACTLY_RECONSTRUCTED
2026-10-04,2026020039,8481024,7.15042372881356,15.104,7.15042372881356,0.0,10,18,151.04,D10_CONTRIBUTORS_EXACTLY_RECONSTRUCTED
2026-10-04,2026020039,8481032,5.529027393817542,11.937,5.529027393817541,-8.881784197001252e-16,10,11,119.37,D10_CONTRIBUTORS_EXACTLY_RECONSTRUCTED
2026-10-04,2026020039,8482055,7.168458781362007,16.74,7.168458781362007,0.0,10,20,167.4,D10_CONTRIBUTORS_EXACTLY_RECONSTRUCTED
2026-10-04,2026020039,8482079,5.506165758531689,17.435,5.506165758531689,0.0,10,16,174.35,D10_CONTRIBUTORS_EXACTLY_RECONSTRUCTED
2026-10-04,2026020039,8482691,7.159904534606206,12.57,7.159904534606205,-8.881784197001252e-16,10,15,125.7,D10_CONTRIBUTORS_EXACTLY_RECONSTRUCTED
2026-10-04,2026020039,8483395,4.411404297034556,12.241,4.411404297034556,0.0,10,9,122.41,D10_CONTRIBUTORS_EXACTLY_RECONSTRUCTED
2026-10-04,2026020039,8483476,4.276888959290353,12.626,4.276888959290353,0.0,10,9,126.26,D10_CONTRIBUTORS_EXACTLY_RECONSTRUCTED
2026-10-04,2026020039,8483499,2.73084144051886,17.577,2.7308414405188595,-4.440892098500626e-16,10,8,175.77,D10_CONTRIBUTORS_EXACTLY_RECONSTRUCTED
2026-10-04,2026020039,8483553,9.506707510298932,10.579,9.506707510298932,0.0,10,15,94.67,D10_CONTRIBUTORS_EXACTLY_RECONSTRUCTED
2026-10-04,2026020039,8483678,3.444536582254258,15.677,3.4445365822542575,-4.440892098500626e-16,10,9,156.77,D10_CONTRIBUTORS_EXACTLY_RECONSTRUCTED
2026-10-04,2026020039,8483890,6.010016694490818,13.133,6.010016694490818,0.0,10,12,119.8,D10_CONTRIBUTORS_EXACTLY_RECONSTRUCTED
2026-10-04,2026020039,8484136,5.693015108386249,13.701,5.693015108386249,0.0,10,13,137.01,D10_CONTRIBUTORS_EXACTLY_RECONSTRUCTED
2026-10-04,2026020039,8484240,1.4584346135148274,20.57,1.4584346135148276,2.220446049250313e-16,10,5,205.7,D10_CONTRIBUTORS_EXACTLY_RECONSTRUCTED
2026-10-04,2026020039,8484798,4.330566582461206,22.168,4.330566582461206,0.0,10,16,221.68,D10_CONTRIBUTORS_EXACTLY_RECONSTRUCTED
2026-10-04,2026020039,8484803,13.613861386138614,12.12,13.613861386138616,1.7763568394002505e-15,5,11,48.48,D10_CONTRIBUTORS_EXACTLY_RECONSTRUCTED
2026-10-05,2026020040,8474151,2.32725660774644,18.047,2.3272566077464396,-4.440892098500626e-16,10,7,180.47,D10_CONTRIBUTORS_EXACTLY_RECONSTRUCTED
2026-10-05,2026020040,8474590,6.53765690376569,22.944,6.53765690376569,0.0,10,25,229.44,D10_CONTRIBUTORS_EXACTLY_RECONSTRUCTED
2026-10-05,2026020040,8475167,4.540955929440531,17.177,4.540955929440531,0.0,10,13,171.77,D10_CONTRIBUTORS_EXACTLY_RECONSTRUCTED
2026-10-05,2026020040,8476372,2.7268079304663977,17.603,2.726807930466398,4.440892098500626e-16,10,8,176.03,D10_CONTRIBUTORS_EXACTLY_RECONSTRUCTED
2026-10-05,2026020040,8476453,6.206215618975975,21.269,6.206215618975975,0.0,10,22,212.69,D10_CONTRIBUTORS_EXACTLY_RECONSTRUCTED
2026-10-05,2026020040,8476461,3.92695857058708,15.279,3.92695857058708,0.0,10,10,152.79,D10_CONTRIBUTORS_EXACTLY_RECONSTRUCTED
2026-10-05,2026020040,8476878,1.274065685164213,14.128,1.274065685164213,0.0,10,3,141.28,D10_CONTRIBUTORS_EXACTLY_RECONSTRUCTED
2026-10-05,2026020040,8477404,7.507994623905084,21.577,7.507994623905083,-8.881784197001252e-16,10,27,215.77,D10_CONTRIBUTORS_EXACTLY_RECONSTRUCTED
2026-10-05,2026020040,8477948,4.469088802449723,24.166,4.469088802449723,0.0,10,18,241.66,D10_CONTRIBUTORS_EXACTLY_RECONSTRUCTED
2026-10-05,2026020040,8477989,5.327335148573458,16.894,5.327335148573458,0.0,10,15,168.94,D10_CONTRIBUTORS_EXACTLY_RECONSTRUCTED
2026-10-05,2026020040,8478010,5.2580029898448375,19.399,5.2580029898448375,0.0,10,17,193.99,D10_CONTRIBUTORS_EXACTLY_RECONSTRUCTED
2026-10-05,2026020040,8478416,4.545719447520252,17.159,4.545719447520252,0.0,10,13,171.59,D10_CONTRIBUTORS_EXACTLY_RECONSTRUCTED
2026-10-05,2026020040,8478439,4.457100408567538,16.154,4.457100408567538,0.0,10,12,161.54,D10_CONTRIBUTORS_EXACTLY_RECONSTRUCTED
2026-10-05,2026020040,8478519,5.235297539410157,17.191,5.235297539410157,0.0,10,15,171.91,D10_CONTRIBUTORS_EXACTLY_RECONSTRUCTED
2026-10-05,2026020040,8478569,3.957522590858123,15.161,3.957522590858122,-8.881784197001252e-16,10,10,151.61,D10_CONTRIBUTORS_EXACTLY_RECONSTRUCTED
2026-10-05,2026020040,8479336,7.872539831302718,11.807,7.872539831302719,8.881784197001252e-16,10,14,106.7,D10_CONTRIBUTORS_EXACTLY_RECONSTRUCTED
2026-10-05,2026020040,8479542,11.881748314394832,21.209,11.881748314394832,0.0,10,42,212.09,D10_CONTRIBUTORS_EXACTLY_RECONSTRUCTED
2026-10-05,2026020040,8479705,7.754084741068956,10.833,7.754084741068955,-8.881784197001252e-16,10,14,108.33,D10_CONTRIBUTORS_EXACTLY_RECONSTRUCTED
2026-10-05,2026020040,8480015,7.806691449814126,16.14,7.806691449814126,0.0,10,21,161.4,D10_CONTRIBUTORS_EXACTLY_RECONSTRUCTED
2026-10-05,2026020040,8480220,8.25593395252838,14.535,8.25593395252838,0.0,10,20,145.35,D10_CONTRIBUTORS_EXACTLY_RECONSTRUCTED
2026-10-05,2026020040,8480426,5.1107325383304945,17.61,5.110732538330494,-8.881784197001252e-16,10,15,176.1,D10_CONTRIBUTORS_EXACTLY_RECONSTRUCTED
2026-10-05,2026020040,8480995,6.540222367560497,13.761,6.540222367560498,8.881784197001252e-16,10,15,137.60999999999999,D10_CONTRIBUTORS_EXACTLY_RECONSTRUCTED
2026-10-05,2026020040,8481122,5.319822672577581,17.672,5.319822672577581,0.0,10,14,157.9,D10_CONTRIBUTORS_EXACTLY_RECONSTRUCTED
2026-10-05,2026020040,8481533,4.915615271178109,18.309,4.915615271178109,0.0,10,15,183.09,D10_CONTRIBUTORS_EXACTLY_RECONSTRUCTED
2026-10-05,2026020040,8481546,1.6261631583702232,22.138,1.6261631583702232,0.0,10,6,221.38,D10_CONTRIBUTORS_EXACTLY_RECONSTRUCTED
2026-10-05,2026020040,8481624,4.985937100485809,15.644,4.985937100485809,0.0,10,13,156.44,D10_CONTRIBUTORS_EXACTLY_RECONSTRUCTED
2026-10-05,2026020040,8481719,5.866058334691218,18.411,5.866058334691217,-8.881784197001252e-16,10,18,184.11,D10_CONTRIBUTORS_EXACTLY_RECONSTRUCTED
2026-10-05,2026020040,8482142,3.922301083302204,21.416,3.9223010833022043,4.440892098500626e-16,10,14,214.16,D10_CONTRIBUTORS_EXACTLY_RECONSTRUCTED
2026-10-05,2026020040,8482159,7.532956685499058,17.523,7.532956685499059,8.881784197001252e-16,10,22,175.23,D10_CONTRIBUTORS_EXACTLY_RECONSTRUCTED
2026-10-05,2026020040,8482201,3.377533149862397,15.988,3.377533149862397,0.0,10,9,159.88,D10_CONTRIBUTORS_EXACTLY_RECONSTRUCTED
2026-10-05,2026020040,8482655,2.127659574468085,19.74,2.127659574468085,0.0,10,7,197.4,D10_CONTRIBUTORS_EXACTLY_RECONSTRUCTED
2026-10-05,2026020040,8483447,6.510618508758332,12.902,6.5106185087583315,-8.881784197001252e-16,10,14,129.02,D10_CONTRIBUTORS_EXACTLY_RECONSTRUCTED
2026-10-05,2026020040,8483460,4.3763676148796495,13.621,4.3763676148796495,0.0,10,9,123.39,D10_CONTRIBUTORS_EXACTLY_RECONSTRUCTED
2026-10-05,2026020040,8484142,3.839385698288274,13.954,3.839385698288274,0.0,10,8,125.02,D10_CONTRIBUTORS_EXACTLY_RECONSTRUCTED
2026-10-05,2026020040,8484387,9.702457956015524,15.46,9.702457956015525,1.7763568394002505e-15,10,25,154.6,D10_CONTRIBUTORS_EXACTLY_RECONSTRUCTED
2026-10-05,2026020040,8485406,7.755277897457992,15.499,7.755277897457992,0.0,10,18,139.26,D10_CONTRIBUTORS_EXACTLY_RECONSTRUCTED
2026-10-05,2026020041,8473512,9.069152286182138,15.878,9.069152286182138,0.0,10,24,158.78,D10_CONTRIBUTORS_EXACTLY_RECONSTRUCTED
2026-10-05,2026020041,8476393,5.971229530444223,12.361,5.971229530444223,0.0,10,11,110.53,D10_CONTRIBUTORS_EXACTLY_RECONSTRUCTED
2026-10-05,2026020041,8476854,2.5871981602146414,20.872,2.587198160214642,4.440892098500626e-16,10,9,208.72,D10_CONTRIBUTORS_EXACTLY_RECONSTRUCTED
2026-10-05,2026020041,8477365,3.3033033033033035,19.98,3.303303303303303,-4.440892098500626e-16,10,11,199.8,D10_CONTRIBUTORS_EXACTLY_RECONSTRUCTED
2026-10-05,2026020041,8477496,4.4850784888735555,17.391,4.4850784888735555,0.0,10,13,173.91,D10_CONTRIBUTORS_EXACTLY_RECONSTRUCTED
2026-10-05,2026020041,8477507,3.2529942333284048,20.289,3.2529942333284048,0.0,10,11,202.89,D10_CONTRIBUTORS_EXACTLY_RECONSTRUCTED
2026-10-05,2026020041,8477956,9.707217786128073,19.161,9.707217786128073,0.0,10,31,191.60999999999999,D10_CONTRIBUTORS_EXACTLY_RECONSTRUCTED
2026-10-05,2026020041,8477998,5.477178423236515,12.05,5.477178423236515,0.0,10,11,120.5,D10_CONTRIBUTORS_EXACTLY_RECONSTRUCTED
2026-10-05,2026020041,8478020,3.8928177512489457,17.301,3.892817751248946,4.440892098500626e-16,10,10,154.13,D10_CONTRIBUTORS_EXACTLY_RECONSTRUCTED
2026-10-05,2026020041,8478173,5.502063273727648,7.266,5.502063273727647,-8.881784197001252e-16,10,6,65.43,D10_CONTRIBUTORS_EXACTLY_RECONSTRUCTED
2026-10-05,2026020041,8478401,5.63627254509018,15.968,5.63627254509018,0.0,10,15,159.68,D10_CONTRIBUTORS_EXACTLY_RECONSTRUCTED
2026-10-05,2026020041,8478469,3.8166421500417447,25.153,3.8166421500417442,-4.440892098500626e-16,10,16,251.53,D10_CONTRIBUTORS_EXACTLY_RECONSTRUCTED
2026-10-05,2026020041,8478840,1.6702856188408215,17.961,1.6702856188408217,2.220446049250313e-16,10,5,179.61,D10_CONTRIBUTORS_EXACTLY_RECONSTRUCTED
2026-10-05,2026020041,8479661,2.0743301642178045,11.57,2.0743301642178045,0.0,10,4,115.7,D10_CONTRIBUTORS_EXACTLY_RECONSTRUCTED
2026-10-05,2026020041,8479987,5.849630096920341,17.437,5.849630096920341,0.0,10,17,174.37,D10_CONTRIBUTORS_EXACTLY_RECONSTRUCTED
2026-10-05,2026020041,8479999,4.266597711552136,15.469,4.266597711552136,0.0,10,11,154.69,D10_CONTRIBUTORS_EXACTLY_RECONSTRUCTED
2026-10-05,2026020041,8480075,3.0239758081935344,13.889,3.023975808193535,4.440892098500626e-16,10,7,138.89,D10_CONTRIBUTORS_EXACTLY_RECONSTRUCTED
2026-10-05,2026020041,8480188,6.879520197565708,12.303,6.879520197565708,0.0,10,13,113.38,D10_CONTRIBUTORS_EXACTLY_RECONSTRUCTED
2026-10-05,2026020041,8480208,6.35509069244009,16.514,6.35509069244009,0.0,10,16,151.06,D10_CONTRIBUTORS_EXACTLY_RECONSTRUCTED
2026-10-05,2026020041,8480355,8.157022686719348,11.769,8.157022686719348,0.0,10,16,117.69,D10_CONTRIBUTORS_EXACTLY_RECONSTRUCTED
2026-10-05,2026020041,8481528,10.275275910186478,17.416,10.275275910186478,0.0,10,27,157.66,D10_CONTRIBUTORS_EXACTLY_RECONSTRUCTED
2026-10-05,2026020041,8481596,6.912442396313364,18.509,6.912442396313363,-8.881784197001252e-16,10,19,164.92000000000002,D10_CONTRIBUTORS_EXACTLY_RECONSTRUCTED
2026-10-05,2026020041,8481606,4.591134010100495,22.683,4.591134010100495,0.0,10,15,196.03,D10_CONTRIBUTORS_EXACTLY_RECONSTRUCTED
2026-10-05,2026020041,8482095,4.647080084680126,21.189,4.647080084680126,0.0,10,15,193.67,D10_CONTRIBUTORS_EXACTLY_RECONSTRUCTED
2026-10-05,2026020041,8482116,7.024688215831,19.645,7.0246882158310004,8.881784197001252e-16,10,23,196.45,D10_CONTRIBUTORS_EXACTLY_RECONSTRUCTED
2026-10-05,2026020041,8482175,8.204518430439952,16.82,8.204518430439954,1.7763568394002505e-15,10,23,168.2,D10_CONTRIBUTORS_EXACTLY_RECONSTRUCTED
2026-10-05,2026020041,8482177,2.429477662302605,14.818,2.429477662302605,0.0,10,6,148.18,D10_CONTRIBUTORS_EXACTLY_RECONSTRUCTED
2026-10-05,2026020041,8482511,1.9237962913482605,18.713,1.9237962913482605,0.0,10,6,187.13,D10_CONTRIBUTORS_EXACTLY_RECONSTRUCTED
2026-10-05,2026020041,8482667,7.325065861337788,17.045,7.325065861337789,8.881784197001252e-16,10,19,155.63,D10_CONTRIBUTORS_EXACTLY_RECONSTRUCTED
2026-10-05,2026020041,8483017,5.07900677200903,17.72,5.07900677200903,0.0,4,6,70.88,D10_CONTRIBUTORS_EXACTLY_RECONSTRUCTED
2026-10-05,2026020041,8483489,5.820651185351362,16.493,5.820651185351361,-8.881784197001252e-16,10,16,164.93,D10_CONTRIBUTORS_EXACTLY_RECONSTRUCTED
2026-10-05,2026020041,8483505,7.428040854224698,12.924,7.428040854224697,-8.881784197001252e-16,10,16,129.24,D10_CONTRIBUTORS_EXACTLY_RECONSTRUCTED
2026-10-05,2026020041,8483676,7.331975560081466,10.54,7.3319755600814664,8.881784197001252e-16,10,12,98.2,D10_CONTRIBUTORS_EXACTLY_RECONSTRUCTED
2026-10-05,2026020041,8484321,2.740083507306889,17.093,2.7400835073068897,4.440892098500626e-16,10,7,153.28,D10_CONTRIBUTORS_EXACTLY_RECONSTRUCTED
2026-10-05,2026020041,8484759,4.995836802664447,17.15714285714286,4.995836802664447,0.0,8,10,120.1,D10_CONTRIBUTORS_EXACTLY_RECONSTRUCTED
2026-10-05,2026020041,8485395,8.154129027100488,15.63625,8.154129027100486,-1.7763568394002505e-15,8,17,125.09,D10_CONTRIBUTORS_EXACTLY_RECONSTRUCTED
2026-10-05,2026020042,8471215,8.413731209333632,17.828,8.413731209333633,1.7763568394002505e-15,10,25,178.28,D10_CONTRIBUTORS_EXACTLY_RECONSTRUCTED
2026-10-05,2026020042,8471675,7.048951048951049,17.875,7.048951048951048,-8.881784197001252e-16,10,21,178.75,D10_CONTRIBUTORS_EXACTLY_RECONSTRUCTED
2026-10-05,2026020042,8471724,2.840012622278321,19.014,2.8400126222783215,4.440892098500626e-16,10,9,190.14,D10_CONTRIBUTORS_EXACTLY_RECONSTRUCTED
2026-10-05,2026020042,8474578,5.1664753157290475,20.904,5.1664753157290475,0.0,10,18,209.04,D10_CONTRIBUTORS_EXACTLY_RECONSTRUCTED
2026-10-05,2026020042,8476331,1.948684637869438,21.553,1.948684637869438,0.0,10,7,215.53,D10_CONTRIBUTORS_EXACTLY_RECONSTRUCTED
2026-10-05,2026020042,8476392,3.1031807602792862,15.468,3.103180760279286,-4.440892098500626e-16,10,8,154.68,D10_CONTRIBUTORS_EXACTLY_RECONSTRUCTED
2026-10-05,2026020042,8476460,4.56729625576859,21.019,4.56729625576859,0.0,10,16,210.19,D10_CONTRIBUTORS_EXACTLY_RECONSTRUCTED
2026-10-05,2026020042,8476480,7.773908818527816,12.349,7.773908818527817,8.881784197001252e-16,10,16,123.49,D10_CONTRIBUTORS_EXACTLY_RECONSTRUCTED
2026-10-05,2026020042,8476483,10.388739946380698,17.904,10.388739946380698,0.0,10,31,179.04,D10_CONTRIBUTORS_EXACTLY_RECONSTRUCTED
2026-10-05,2026020042,8477504,7.902115727759368,23.538,7.902115727759368,0.0,10,31,235.38,D10_CONTRIBUTORS_EXACTLY_RECONSTRUCTED
2026-10-05,2026020042,8477845,2.8509582387413546,18.941,2.850958238741355,4.440892098500626e-16,10,9,189.41,D10_CONTRIBUTORS_EXACTLY_RECONSTRUCTED
2026-10-05,2026020042,8478398,11.76639403070742,20.907,11.766394030707419,-1.7763568394002505e-15,10,41,209.07,D10_CONTRIBUTORS_EXACTLY_RECONSTRUCTED
2026-10-05,2026020042,8478438,6.672845227062094,16.185,6.672845227062094,0.0,10,18,161.85,D10_CONTRIBUTORS_EXACTLY_RECONSTRUCTED
2026-10-05,2026020042,8479398,3.682299391397739,19.553,3.6822993913977395,4.440892098500626e-16,10,12,195.53,D10_CONTRIBUTORS_EXACTLY_RECONSTRUCTED
2026-10-05,2026020042,8479983,3.949967083607637,21.266,3.949967083607637,0.0,10,14,212.66,D10_CONTRIBUTORS_EXACTLY_RECONSTRUCTED
2026-10-05,2026020042,8480014,6.753954618164583,16.879,6.753954618164584,8.881784197001252e-16,10,19,168.79,D10_CONTRIBUTORS_EXACTLY_RECONSTRUCTED
2026-10-05,2026020042,8480049,2.6951756356122543,22.262,2.695175635612254,-4.440892098500626e-16,10,10,222.62,D10_CONTRIBUTORS_EXACTLY_RECONSTRUCTED
2026-10-05,2026020042,8480113,7.306755544161005,15.602,7.306755544161005,0.0,10,19,156.02,D10_CONTRIBUTORS_EXACTLY_RECONSTRUCTED
2026-10-05,2026020042,8480145,3.6682824577492466,22.899,3.6682824577492466,0.0,10,14,228.99,D10_CONTRIBUTORS_EXACTLY_RECONSTRUCTED
2026-10-05,2026020042,8480289,5.272764145203813,14.793,5.272764145203812,-8.881784197001252e-16,10,13,147.93,D10_CONTRIBUTORS_EXACTLY_RECONSTRUCTED
2026-10-05,2026020042,8480980,3.1639311844967373,15.171,3.1639311844967373,0.0,10,8,151.71,D10_CONTRIBUTORS_EXACTLY_RECONSTRUCTED
2026-10-05,2026020042,8481030,1.0370455723915424,17.357,1.0370455723915424,0.0,10,3,173.57,D10_CONTRIBUTORS_EXACTLY_RECONSTRUCTED
2026-10-05,2026020042,8481043,8.665906499429875,13.155,8.665906499429873,-1.7763568394002505e-15,10,19,131.55,D10_CONTRIBUTORS_EXACTLY_RECONSTRUCTED
2026-10-05,2026020042,8481481,3.73366521468575,14.463,3.73366521468575,0.0,10,9,144.63,D10_CONTRIBUTORS_EXACTLY_RECONSTRUCTED
2026-10-05,2026020042,8481527,3.814852492370295,15.728,3.8148524923702953,4.440892098500626e-16,10,10,157.28,D10_CONTRIBUTORS_EXACTLY_RECONSTRUCTED
2026-10-05,2026020042,8481582,8.123708401624741,14.033,8.12370840162474,-1.7763568394002505e-15,10,19,140.33,D10_CONTRIBUTORS_EXACTLY_RECONSTRUCTED
2026-10-05,2026020042,8482148,4.234961963767548,12.751,4.234961963767548,0.0,10,9,127.51,D10_CONTRIBUTORS_EXACTLY_RECONSTRUCTED
2026-10-05,2026020042,8482149,4.828525442614832,16.154,4.828525442614833,8.881784197001252e-16,10,13,161.54,D10_CONTRIBUTORS_EXACTLY_RECONSTRUCTED
2026-10-05,2026020042,8482475,9.137983551629606,16.415,9.137983551629606,0.0,10,25,164.15,D10_CONTRIBUTORS_EXACTLY_RECONSTRUCTED
2026-10-05,2026020042,8482758,4.452690166975882,13.475,4.452690166975882,0.0,10,10,134.75,D10_CONTRIBUTORS_EXACTLY_RECONSTRUCTED
2026-10-05,2026020042,8482765,5.877071259489021,12.251,5.877071259489021,0.0,10,12,122.51,D10_CONTRIBUTORS_EXACTLY_RECONSTRUCTED
2026-10-05,2026020042,8483398,3.4928396786587497,17.178,3.4928396786587492,-4.440892098500626e-16,10,10,171.78,D10_CONTRIBUTORS_EXACTLY_RECONSTRUCTED
2026-10-05,2026020042,8483471,6.036217303822937,12.922,6.036217303822938,8.881784197001252e-16,10,13,129.22,D10_CONTRIBUTORS_EXACTLY_RECONSTRUCTED
2026-10-05,2026020042,8483808,5.511977952088191,14.151,5.511977952088192,8.881784197001252e-16,10,13,141.51,D10_CONTRIBUTORS_EXACTLY_RECONSTRUCTED
2026-10-05,2026020042,8485414,6.37910085054678,13.168,6.37910085054678,0.0,10,14,131.68,D10_CONTRIBUTORS_EXACTLY_RECONSTRUCTED
2026-10-05,2026020042,8486025,5.302226935312832,14.145,5.302226935312831,-8.881784197001252e-16,4,5,56.58,D10_CONTRIBUTORS_EXACTLY_RECONSTRUCTED
2026-10-05,2026020043,8473994,3.690888119953864,13.005,3.6908881199538635,-4.440892098500626e-16,10,8,130.05,D10_CONTRIBUTORS_EXACTLY_RECONSTRUCTED
2026-10-05,2026020043,8474574,2.355052147583268,17.834,2.355052147583268,0.0,10,7,178.34,D10_CONTRIBUTORS_EXACTLY_RECONSTRUCTED
2026-10-05,2026020043,8475200,4.516258530710558,19.928,4.516258530710558,0.0,10,15,199.28,D10_CONTRIBUTORS_EXACTLY_RECONSTRUCTED
2026-10-05,2026020043,8475726,7.512912818907497,12.778,7.5129128189074965,-8.881784197001252e-16,10,16,127.78,D10_CONTRIBUTORS_EXACTLY_RECONSTRUCTED
2026-10-05,2026020043,8475794,4.996876951905059,14.409,4.996876951905059,0.0,10,12,144.09,D10_CONTRIBUTORS_EXACTLY_RECONSTRUCTED
2026-10-05,2026020043,8476624,1.9839629660246343,12.097,1.983962966024634,-2.220446049250313e-16,10,4,120.97,D10_CONTRIBUTORS_EXACTLY_RECONSTRUCTED
2026-10-05,2026020043,8476885,5.089538171536287,21.22,5.089538171536287,0.0,10,18,212.2,D10_CONTRIBUTORS_EXACTLY_RECONSTRUCTED
2026-10-05,2026020043,8476889,4.996252810392206,12.009,4.996252810392206,0.0,10,10,120.09,D10_CONTRIBUTORS_EXACTLY_RECONSTRUCTED
2026-10-05,2026020043,8476902,2.8832292167227296,20.81,2.8832292167227296,0.0,10,10,208.1,D10_CONTRIBUTORS_EXACTLY_RECONSTRUCTED
2026-10-05,2026020043,8477498,4.510218463706836,21.285,4.510218463706835,-8.881784197001252e-16,10,16,212.85000000000002,D10_CONTRIBUTORS_EXACTLY_RECONSTRUCTED
2026-10-05,2026020043,8477505,3.041208373460388,19.729,3.041208373460388,0.0,10,10,197.29,D10_CONTRIBUTORS_EXACTLY_RECONSTRUCTED
2026-10-05,2026020043,8478420,3.839527442776274,20.315,3.8395274427762733,-4.440892098500626e-16,10,13,203.15,D10_CONTRIBUTORS_EXACTLY_RECONSTRUCTED
2026-10-05,2026020043,8478449,7.424823660438064,16.162,7.424823660438064,0.0,10,20,161.62,D10_CONTRIBUTORS_EXACTLY_RECONSTRUCTED
2026-10-05,2026020043,8478975,7.609155142218733,16.559,7.609155142218733,0.0,10,21,165.59,D10_CONTRIBUTORS_EXACTLY_RECONSTRUCTED
2026-10-05,2026020043,8479351,4.39150974782088,15.029,4.39150974782088,0.0,10,11,150.29,D10_CONTRIBUTORS_EXACTLY_RECONSTRUCTED
2026-10-05,2026020043,8480027,8.115419296663662,19.962,8.11541929666366,-1.7763568394002505e-15,10,27,199.62,D10_CONTRIBUTORS_EXACTLY_RECONSTRUCTED
2026-10-05,2026020043,8480036,3.368166508334053,23.158,3.368166508334053,0.0,10,13,231.57999999999998,D10_CONTRIBUTORS_EXACTLY_RECONSTRUCTED
2026-10-05,2026020043,8480748,4.501969611705121,15.993,4.501969611705121,0.0,10,12,159.93,D10_CONTRIBUTORS_EXACTLY_RECONSTRUCTED
2026-10-05,2026020043,8480840,3.211745813259922,13.077,3.2117458132599217,-4.440892098500626e-16,10,7,130.77,D10_CONTRIBUTORS_EXACTLY_RECONSTRUCTED
2026-10-05,2026020043,8480848,3.7456106125634023,12.815,3.7456106125634023,0.0,10,8,128.15,D10_CONTRIBUTORS_EXACTLY_RECONSTRUCTED
2026-10-05,2026020043,8480878,2.4581528736977645,17.086,2.4581528736977645,0.0,10,7,170.85999999999999,D10_CONTRIBUTORS_EXACTLY_RECONSTRUCTED
2026-10-05,2026020043,8480891,4.690248192300176,15.351,4.690248192300176,0.0,10,12,153.51,D10_CONTRIBUTORS_EXACTLY_RECONSTRUCTED
2026-10-05,2026020043,8481581,5.122732123799359,23.425,5.12273212379936,8.881784197001252e-16,10,20,234.25,D10_CONTRIBUTORS_EXACTLY_RECONSTRUCTED
2026-10-05,2026020043,8481641,5.364060792688984,10.067,5.364060792688984,0.0,10,9,100.67,D10_CONTRIBUTORS_EXACTLY_RECONSTRUCTED
2026-10-05,2026020043,8482740,8.9126559714795,20.196,8.9126559714795,0.0,10,30,201.95999999999998,D10_CONTRIBUTORS_EXACTLY_RECONSTRUCTED
2026-10-05,2026020043,8482859,4.711219682428895,11.462,4.711219682428895,0.0,10,9,114.62,D10_CONTRIBUTORS_EXACTLY_RECONSTRUCTED
2026-10-05,2026020043,8483425,1.0610079575596818,16.965,1.0610079575596818,0.0,10,3,169.65,D10_CONTRIBUTORS_EXACTLY_RECONSTRUCTED
2026-10-05,2026020043,8484152,4.789017187250572,18.793,4.789017187250572,0.0,10,15,187.93,D10_CONTRIBUTORS_EXACTLY_RECONSTRUCTED
2026-10-05,2026020043,8484227,6.0623070446253156,17.815,6.0623070446253156,0.0,10,18,178.15,D10_CONTRIBUTORS_EXACTLY_RECONSTRUCTED
2026-10-05,2026020043,8484806,2.7049873203719357,17.745,2.704987320371936,4.440892098500626e-16,10,8,177.45,D10_CONTRIBUTORS_EXACTLY_RECONSTRUCTED
2026-10-05,2026020043,8484829,3.667930064800098,16.358,3.6679300648000983,4.440892098500626e-16,10,10,163.57999999999998,D10_CONTRIBUTORS_EXACTLY_RECONSTRUCTED
2026-10-05,2026020043,8484911,2.841245412572511,16.894,2.841245412572511,0.0,10,8,168.94,D10_CONTRIBUTORS_EXACTLY_RECONSTRUCTED
2026-10-05,2026020043,8484938,8.222142084385142,13.865,8.222142084385142,0.0,10,19,138.65,D10_CONTRIBUTORS_EXACTLY_RECONSTRUCTED
2026-10-05,2026020043,8484994,6.896551724137931,14.79,6.896551724137931,0.0,10,17,147.9,D10_CONTRIBUTORS_EXACTLY_RECONSTRUCTED
2026-10-05,2026020043,8485402,9.097111667045713,13.191,9.097111667045713,0.0,10,20,131.91,D10_CONTRIBUTORS_EXACTLY_RECONSTRUCTED
2026-10-05,2026020043,8486103,5.964214711729622,16.096,5.964214711729622,0.0,5,8,80.48,D10_CONTRIBUTORS_EXACTLY_RECONSTRUCTED
2026-10-06,2026020044,8474564,9.00225056264066,18.662,9.00225056264066,0.0,10,28,186.62,D10_CONTRIBUTORS_EXACTLY_RECONSTRUCTED
2026-10-06,2026020044,8474600,6.022403340426386,24.907,6.022403340426386,0.0,10,25,249.07,D10_CONTRIBUTORS_EXACTLY_RECONSTRUCTED
2026-10-06,2026020044,8475158,4.942339373970346,20.638,4.942339373970347,8.881784197001252e-16,10,17,206.38,D10_CONTRIBUTORS_EXACTLY_RECONSTRUCTED
2026-10-06,2026020044,8475166,7.501223025493287,18.397,7.501223025493287,0.0,10,23,183.97,D10_CONTRIBUTORS_EXACTLY_RECONSTRUCTED
2026-10-06,2026020044,8475171,2.4596464258262873,19.515,2.4596464258262873,0.0,10,8,195.15,D10_CONTRIBUTORS_EXACTLY_RECONSTRUCTED
2026-10-06,2026020044,8475690,1.37221269296741,17.49,1.3722126929674099,-2.220446049250313e-16,10,4,174.9,D10_CONTRIBUTORS_EXACTLY_RECONSTRUCTED
2026-10-06,2026020044,8476539,6.0036021612967785,17.111,6.003602161296778,-8.881784197001252e-16,10,15,149.91,D10_CONTRIBUTORS_EXACTLY_RECONSTRUCTED
2026-10-06,2026020044,8476853,4.449498195481287,20.227,4.4494981954812864,-8.881784197001252e-16,10,15,202.27,D10_CONTRIBUTORS_EXACTLY_RECONSTRUCTED
2026-10-06,2026020044,8476869,3.281826883631888,21.939,3.2818268836318887,8.881784197001252e-16,10,12,219.39,D10_CONTRIBUTORS_EXACTLY_RECONSTRUCTED
2026-10-06,2026020044,8476887,6.72748585698996,19.621,6.72748585698996,0.0,10,22,196.21,D10_CONTRIBUTORS_EXACTLY_RECONSTRUCTED
2026-10-06,2026020044,8476925,4.773902665428988,15.082,4.773902665428988,0.0,10,12,150.82,D10_CONTRIBUTORS_EXACTLY_RECONSTRUCTED
2026-10-06,2026020044,8476927,3.723624327678941,14.502,3.723624327678941,0.0,10,9,145.02,D10_CONTRIBUTORS_EXACTLY_RECONSTRUCTED
2026-10-06,2026020044,8476931,3.360488798370672,19.64,3.360488798370672,0.0,10,11,196.4,D10_CONTRIBUTORS_EXACTLY_RECONSTRUCTED
2026-10-06,2026020044,8477021,3.8461538461538463,15.695,3.846153846153846,-4.440892098500626e-16,10,9,140.4,D10_CONTRIBUTORS_EXACTLY_RECONSTRUCTED
2026-10-06,2026020044,8477426,6.089309878213802,14.78,6.089309878213802,0.0,10,15,147.8,D10_CONTRIBUTORS_EXACTLY_RECONSTRUCTED
2026-10-06,2026020044,8477939,8.269751415210436,20.315,8.269751415210436,0.0,10,28,203.15,D10_CONTRIBUTORS_EXACTLY_RECONSTRUCTED
2026-10-06,2026020044,8478178,8.205998868138087,21.204,8.205998868138089,1.7763568394002505e-15,10,29,212.04,D10_CONTRIBUTORS_EXACTLY_RECONSTRUCTED
2026-10-06,2026020044,8478458,7.919366450683945,16.668,7.9193664506839445,-8.881784197001252e-16,10,22,166.68,D10_CONTRIBUTORS_EXACTLY_RECONSTRUCTED
2026-10-06,2026020044,8479318,11.77682908876785,20.379,11.77682908876785,0.0,10,40,203.79,D10_CONTRIBUTORS_EXACTLY_RECONSTRUCTED
2026-10-06,2026020044,8479442,2.791130407815165,19.347,2.791130407815165,0.0,10,9,193.47,D10_CONTRIBUTORS_EXACTLY_RECONSTRUCTED
2026-10-06,2026020044,8479520,4.366459125090968,12.367,4.366459125090968,0.0,10,9,123.67,D10_CONTRIBUTORS_EXACTLY_RECONSTRUCTED
2026-10-06,2026020044,8479525,6.771372143327377,11.415,6.771372143327377,0.0,10,12,106.33,D10_CONTRIBUTORS_EXACTLY_RECONSTRUCTED
2026-10-06,2026020044,8479980,3.385579937304075,17.975,3.3855799373040756,4.440892098500626e-16,10,9,159.5,D10_CONTRIBUTORS_EXACTLY_RECONSTRUCTED
2026-10-06,2026020044,8480246,2.474809969948736,18.874,2.474809969948736,0.0,10,7,169.71,D10_CONTRIBUTORS_EXACTLY_RECONSTRUCTED
2026-10-06,2026020044,8480835,5.927877490531863,13.171,5.927877490531863,0.0,10,12,121.46000000000001,D10_CONTRIBUTORS_EXACTLY_RECONSTRUCTED
2026-10-06,2026020044,8480870,2.998072667570847,14.009,2.998072667570847,0.0,10,7,140.09,D10_CONTRIBUTORS_EXACTLY_RECONSTRUCTED
2026-10-06,2026020044,8480893,8.634424628668345,19.457,8.634424628668345,0.0,10,28,194.57,D10_CONTRIBUTORS_EXACTLY_RECONSTRUCTED
2026-10-06,2026020044,8481535,4.828585224529213,12.426,4.8285852245292125,-8.881784197001252e-16,10,10,124.26,D10_CONTRIBUTORS_EXACTLY_RECONSTRUCTED
2026-10-06,2026020044,8481726,8.713542296986567,9.638,8.713542296986567,0.0,10,12,82.63,D10_CONTRIBUTORS_EXACTLY_RECONSTRUCTED
2026-10-06,2026020044,8482072,5.471540390607189,13.159,5.471540390607189,0.0,10,12,131.59,D10_CONTRIBUTORS_EXACTLY_RECONSTRUCTED
2026-10-06,2026020044,8482145,10.104790419161676,17.83,10.104790419161677,1.7763568394002505e-15,10,27,160.32,D10_CONTRIBUTORS_EXACTLY_RECONSTRUCTED
2026-10-06,2026020044,8482482,3.093492208982585,18.916,3.093492208982585,0.0,10,9,174.56,D10_CONTRIBUTORS_EXACTLY_RECONSTRUCTED
2026-10-06,2026020044,8482806,2.0668274199104375,14.515,2.066827419910437,-4.440892098500626e-16,2,1,29.03,D10_CONTRIBUTORS_EXACTLY_RECONSTRUCTED
2026-10-06,2026020044,8484158,4.108885464817668,17.523,4.108885464817668,0.0,10,12,175.23000000000002,D10_CONTRIBUTORS_EXACTLY_RECONSTRUCTED
2026-10-06,2026020044,8484241,8.502598016060462,14.819,8.502598016060462,0.0,10,21,148.19,D10_CONTRIBUTORS_EXACTLY_RECONSTRUCTED
2026-10-06,2026020044,8486067,5.1819864281307835,16.21,5.1819864281307835,0.0,5,7,81.05,D10_CONTRIBUTORS_EXACTLY_RECONSTRUCTED
2026-10-06,2026020045,8473533,5.469129800680602,16.456,5.469129800680602,0.0,10,15,164.56,D10_CONTRIBUTORS_EXACTLY_RECONSTRUCTED
2026-10-06,2026020045,8475184,6.401004079071227,15.935,6.401004079071227,0.0,10,17,159.35,D10_CONTRIBUTORS_EXACTLY_RECONSTRUCTED
2026-10-06,2026020045,8475791,7.259786476868327,15.433,7.259786476868327,0.0,10,17,140.5,D10_CONTRIBUTORS_EXACTLY_RECONSTRUCTED
2026-10-06,2026020045,8476422,5.273833671399594,14.79,5.273833671399594,0.0,10,13,147.9,D10_CONTRIBUTORS_EXACTLY_RECONSTRUCTED
2026-10-06,2026020045,8476479,6.305170239596469,14.274,6.305170239596469,0.0,10,15,142.74,D10_CONTRIBUTORS_EXACTLY_RECONSTRUCTED
2026-10-06,2026020045,8476873,4.369038083448627,13.733,4.369038083448627,0.0,10,10,137.33,D10_CONTRIBUTORS_EXACTLY_RECONSTRUCTED
2026-10-06,2026020045,8476875,4.5481344226396025,23.746,4.5481344226396025,0.0,10,18,237.46,D10_CONTRIBUTORS_EXACTLY_RECONSTRUCTED
2026-10-06,2026020045,8476906,5.005213764337852,19.18,5.005213764337852,0.0,10,16,191.8,D10_CONTRIBUTORS_EXACTLY_RECONSTRUCTED
2026-10-06,2026020045,8476921,5.600746766235498,14.998,5.600746766235498,0.0,10,14,149.98,D10_CONTRIBUTORS_EXACTLY_RECONSTRUCTED
2026-10-06,2026020045,8476958,4.390029754646115,20.501,4.390029754646115,0.0,10,15,205.01,D10_CONTRIBUTORS_EXACTLY_RECONSTRUCTED
2026-10-06,2026020045,8476981,4.397859708275306,13.643,4.3978597082753055,-8.881784197001252e-16,10,10,136.43,D10_CONTRIBUTORS_EXACTLY_RECONSTRUCTED
2026-10-06,2026020045,8477478,6.2559241706161135,10.55,6.2559241706161135,0.0,10,11,105.5,D10_CONTRIBUTORS_EXACTLY_RECONSTRUCTED
2026-10-06,2026020045,8477940,9.712364587224505,16.062,9.712364587224505,0.0,10,26,160.62,D10_CONTRIBUTORS_EXACTLY_RECONSTRUCTED
2026-10-06,2026020045,8478133,5.43175487465181,14.36,5.431754874651811,8.881784197001252e-16,10,13,143.6,D10_CONTRIBUTORS_EXACTLY_RECONSTRUCTED
2026-10-06,2026020045,8478427,10.819411296738268,18.855,10.819411296738265,-3.552713678800501e-15,10,34,188.55,D10_CONTRIBUTORS_EXACTLY_RECONSTRUCTED
2026-10-06,2026020045,8478851,1.595405232929164,18.804,1.5954052329291641,2.220446049250313e-16,10,5,188.04,D10_CONTRIBUTORS_EXACTLY_RECONSTRUCTED
2026-10-06,2026020045,8478970,3.371475275847977,19.576,3.371475275847977,0.0,10,11,195.76,D10_CONTRIBUTORS_EXACTLY_RECONSTRUCTED
2026-10-06,2026020045,8480018,7.589924100758992,20.352,7.589924100758993,8.881784197001252e-16,10,23,181.82,D10_CONTRIBUTORS_EXACTLY_RECONSTRUCTED
2026-10-06,2026020045,8480074,6.2635928664636795,12.885,6.2635928664636795,0.0,10,12,114.95,D10_CONTRIBUTORS_EXACTLY_RECONSTRUCTED
2026-10-06,2026020045,8480336,5.680473372781065,21.125,5.680473372781065,0.0,10,20,211.25,D10_CONTRIBUTORS_EXACTLY_RECONSTRUCTED
2026-10-06,2026020045,8480762,5.52655818237642,13.028,5.52655818237642,0.0,10,12,130.28,D10_CONTRIBUTORS_EXACTLY_RECONSTRUCTED
2026-10-06,2026020045,8480817,2.979011509817197,22.155,2.9790115098171968,-4.440892098500626e-16,10,11,221.55,D10_CONTRIBUTORS_EXACTLY_RECONSTRUCTED
2026-10-06,2026020045,8480829,4.056109514956904,12.691,4.056109514956903,-8.881784197001252e-16,10,8,118.34,D10_CONTRIBUTORS_EXACTLY_RECONSTRUCTED
2026-10-06,2026020045,8480830,11.082643150807364,16.783,11.082643150807364,0.0,10,31,167.83,D10_CONTRIBUTORS_EXACTLY_RECONSTRUCTED
2026-10-06,2026020045,8480865,3.870583564906709,22.424,3.8705835649067084,-4.440892098500626e-16,10,13,201.52,D10_CONTRIBUTORS_EXACTLY_RECONSTRUCTED
2026-10-06,2026020045,8481523,3.8575906131961744,12.565,3.857590613196175,4.440892098500626e-16,10,8,124.43,D10_CONTRIBUTORS_EXACTLY_RECONSTRUCTED
2026-10-06,2026020045,8481540,12.309177577988294,18.668,12.309177577988295,1.7763568394002505e-15,10,34,165.73,D10_CONTRIBUTORS_EXACTLY_RECONSTRUCTED
2026-10-06,2026020045,8481593,2.7381185214159984,16.777,2.7381185214159984,0.0,10,7,153.39,D10_CONTRIBUTORS_EXACTLY_RECONSTRUCTED
2026-10-06,2026020045,8481618,4.971688993232979,15.804,4.971688993232979,0.0,10,12,144.82,D10_CONTRIBUTORS_EXACTLY_RECONSTRUCTED
2026-10-06,2026020045,8482702,11.288097328483632,17.621,11.288097328483632,0.0,10,30,159.46,D10_CONTRIBUTORS_EXACTLY_RECONSTRUCTED
2026-10-06,2026020045,8482737,4.611482591653217,14.323,4.611482591653217,0.0,10,10,130.10999999999999,D10_CONTRIBUTORS_EXACTLY_RECONSTRUCTED
2026-10-06,2026020045,8482809,7.826573079073234,17.747,7.826573079073233,-8.881784197001252e-16,10,21,160.99,D10_CONTRIBUTORS_EXACTLY_RECONSTRUCTED
2026-10-06,2026020045,8482964,4.747176868301805,15.1,4.747176868301805,0.0,10,11,139.03,D10_CONTRIBUTORS_EXACTLY_RECONSTRUCTED
2026-10-06,2026020045,8483457,1.7991775188485264,26.322,1.7991775188485264,0.0,10,7,233.44,D10_CONTRIBUTORS_EXACTLY_RECONSTRUCTED
2026-10-06,2026020045,8483515,8.787861034624173,19.314,8.787861034624173,0.0,10,25,170.69,D10_CONTRIBUTORS_EXACTLY_RECONSTRUCTED
2026-10-06,2026020045,8484403,5.726752113444232,10.477142857142857,5.726752113444232,0.0,8,7,73.34,D10_CONTRIBUTORS_EXACTLY_RECONSTRUCTED
2026-10-06,2026020046,8473512,9.098951093137874,15.826,9.098951093137876,1.7763568394002505e-15,10,24,158.26,D10_CONTRIBUTORS_EXACTLY_RECONSTRUCTED
2026-10-06,2026020046,8475279,3.8773176915046976,20.117,3.8773176915046976,0.0,10,13,201.17,D10_CONTRIBUTORS_EXACTLY_RECONSTRUCTED
2026-10-06,2026020046,8475753,6.989819176416958,19.743,6.989819176416957,-8.881784197001252e-16,10,23,197.43,D10_CONTRIBUTORS_EXACTLY_RECONSTRUCTED
2026-10-06,2026020046,8476393,5.054759898904802,12.15,5.054759898904802,0.0,10,9,106.83,D10_CONTRIBUTORS_EXACTLY_RECONSTRUCTED
2026-10-06,2026020046,8477429,4.982871379632513,19.266,4.982871379632513,0.0,10,16,192.66,D10_CONTRIBUTORS_EXACTLY_RECONSTRUCTED
2026-10-06,2026020046,8477946,9.845144087785869,19.502,9.845144087785867,-1.7763568394002505e-15,10,32,195.02,D10_CONTRIBUTORS_EXACTLY_RECONSTRUCTED
2026-10-06,2026020046,8477998,4.412125173625296,12.239,4.412125173625296,0.0,10,9,122.39,D10_CONTRIBUTORS_EXACTLY_RECONSTRUCTED
2026-10-06,2026020046,8478020,3.9375246095288094,16.986,3.93752460952881,4.440892098500626e-16,10,10,152.38,D10_CONTRIBUTORS_EXACTLY_RECONSTRUCTED
2026-10-06,2026020046,8478042,8.156707656182414,16.183,8.156707656182414,0.0,10,22,161.82999999999998,D10_CONTRIBUTORS_EXACTLY_RECONSTRUCTED
2026-10-06,2026020046,8478434,2.007024586051179,11.958,2.007024586051179,0.0,10,4,119.58,D10_CONTRIBUTORS_EXACTLY_RECONSTRUCTED
2026-10-06,2026020046,8478469,3.623917857861888,24.835,3.6239178578618887,8.881784197001252e-16,10,15,248.35,D10_CONTRIBUTORS_EXACTLY_RECONSTRUCTED
2026-10-06,2026020046,8479337,10.334568610052717,19.159,10.334568610052717,0.0,10,33,191.59,D10_CONTRIBUTORS_EXACTLY_RECONSTRUCTED
2026-10-06,2026020046,8479992,6.578947368421052,13.68,6.578947368421052,0.0,10,15,136.8,D10_CONTRIBUTORS_EXACTLY_RECONSTRUCTED
2026-10-06,2026020046,8480075,3.00493668169135,13.977,3.00493668169135,0.0,10,7,139.77,D10_CONTRIBUTORS_EXACTLY_RECONSTRUCTED
2026-10-06,2026020046,8480188,7.668711656441718,13.008,7.668711656441718,0.0,10,15,117.36,D10_CONTRIBUTORS_EXACTLY_RECONSTRUCTED
2026-10-06,2026020046,8480208,6.294256490952006,16.624,6.294256490952005,-8.881784197001252e-16,10,16,152.52,D10_CONTRIBUTORS_EXACTLY_RECONSTRUCTED
2026-10-06,2026020046,8481528,10.123734533183352,17.629,10.123734533183352,0.0,10,27,160.02,D10_CONTRIBUTORS_EXACTLY_RECONSTRUCTED
2026-10-06,2026020046,8481542,6.0033618826542865,24.986,6.0033618826542865,0.0,10,25,249.86,D10_CONTRIBUTORS_EXACTLY_RECONSTRUCTED
2026-10-06,2026020046,8481596,6.985294117647059,18.285,6.985294117647059,0.0,10,19,163.2,D10_CONTRIBUTORS_EXACTLY_RECONSTRUCTED
2026-10-06,2026020046,8481606,4.545454545454546,22.085,4.545454545454546,0.0,10,15,198.0,D10_CONTRIBUTORS_EXACTLY_RECONSTRUCTED
2026-10-06,2026020046,8481607,2.3574094689280334,15.271,2.3574094689280334,0.0,10,6,152.71,D10_CONTRIBUTORS_EXACTLY_RECONSTRUCTED
2026-10-06,2026020046,8482078,6.220517339692084,19.291,6.220517339692085,8.881784197001252e-16,10,20,192.91,D10_CONTRIBUTORS_EXACTLY_RECONSTRUCTED
2026-10-06,2026020046,8482092,8.399780875281515,18.142,8.399780875281515,0.0,10,23,164.29000000000002,D10_CONTRIBUTORS_EXACTLY_RECONSTRUCTED
2026-10-06,2026020046,8482095,3.1165593185123623,21.702,3.1165593185123623,0.0,10,10,192.52,D10_CONTRIBUTORS_EXACTLY_RECONSTRUCTED
2026-10-06,2026020046,8482116,7.411219763252702,19.43,7.411219763252701,-8.881784197001252e-16,10,24,194.3,D10_CONTRIBUTORS_EXACTLY_RECONSTRUCTED
2026-10-06,2026020046,8482171,1.1406844106463878,17.533333333333335,1.1406844106463878,0.0,3,1,52.6,D10_CONTRIBUTORS_EXACTLY_RECONSTRUCTED
2026-10-06,2026020046,8482667,7.572889057175312,17.351,7.572889057175312,0.0,10,20,158.46,D10_CONTRIBUTORS_EXACTLY_RECONSTRUCTED
2026-10-06,2026020046,8482802,3.247046090015333,11.087,3.247046090015333,0.0,10,6,110.87,D10_CONTRIBUTORS_EXACTLY_RECONSTRUCTED
2026-10-06,2026020046,8483676,6.58157159952134,10.785,6.58157159952134,0.0,10,11,100.28,D10_CONTRIBUTORS_EXACTLY_RECONSTRUCTED
2026-10-06,2026020046,8483679,2.769060365515968,18.05666666666667,2.7690603655159682,4.440892098500626e-16,6,5,108.34,D10_CONTRIBUTORS_EXACTLY_RECONSTRUCTED
2026-10-06,2026020046,8484160,1.983143282102132,12.102,1.983143282102132,0.0,10,4,121.02,D10_CONTRIBUTORS_EXACTLY_RECONSTRUCTED
2026-10-06,2026020046,8484223,5.306916681408102,16.959,5.306916681408102,0.0,10,15,169.59,D10_CONTRIBUTORS_EXACTLY_RECONSTRUCTED
2026-10-06,2026020046,8484321,3.046651856553475,17.353,3.046651856553475,0.0,10,8,157.55,D10_CONTRIBUTORS_EXACTLY_RECONSTRUCTED
2026-10-06,2026020046,8484471,3.5857287993784737,16.733,3.585728799378474,4.440892098500626e-16,10,10,167.32999999999998,D10_CONTRIBUTORS_EXACTLY_RECONSTRUCTED
2026-10-06,2026020046,8484759,4.886355223217591,16.88375,4.886355223217591,0.0,9,11,135.07,D10_CONTRIBUTORS_EXACTLY_RECONSTRUCTED
2026-10-06,2026020046,8484794,8.957897879964168,13.396,8.957897879964168,0.0,10,20,133.96,D10_CONTRIBUTORS_EXACTLY_RECONSTRUCTED
2026-10-06,2026020047,8475314,10.201305767138194,14.704,10.201305767138194,0.0,10,25,147.04,D10_CONTRIBUTORS_EXACTLY_RECONSTRUCTED
2026-10-06,2026020047,8475455,2.669929914339749,17.978,2.6699299143397486,-4.440892098500626e-16,10,8,179.78,D10_CONTRIBUTORS_EXACTLY_RECONSTRUCTED
2026-10-06,2026020047,8476389,4.855678446182897,18.535,4.855678446182898,8.881784197001252e-16,10,15,185.35,D10_CONTRIBUTORS_EXACTLY_RECONSTRUCTED
2026-10-06,2026020047,8476462,6.8493150684931505,21.024,6.8493150684931505,0.0,10,24,210.24,D10_CONTRIBUTORS_EXACTLY_RECONSTRUCTED
2026-10-06,2026020047,8477220,2.535122002746382,18.934,2.535122002746382,0.0,10,8,189.34,D10_CONTRIBUTORS_EXACTLY_RECONSTRUCTED
2026-10-06,2026020047,8477346,4.780162326345666,20.083,4.780162326345666,0.0,10,16,200.82999999999998,D10_CONTRIBUTORS_EXACTLY_RECONSTRUCTED
2026-10-06,2026020047,8477488,2.442250941284217,19.654,2.4422509412842173,4.440892098500626e-16,10,8,196.54,D10_CONTRIBUTORS_EXACTLY_RECONSTRUCTED
2026-10-06,2026020047,8477511,4.420925715051243,14.929,4.420925715051243,0.0,10,11,149.29,D10_CONTRIBUTORS_EXACTLY_RECONSTRUCTED
2026-10-06,2026020047,8477951,11.384615384615383,19.5,11.384615384615383,0.0,10,37,195.0,D10_CONTRIBUTORS_EXACTLY_RECONSTRUCTED
2026-10-06,2026020047,8478399,2.055297284071446,20.435,2.055297284071446,0.0,10,7,204.35,D10_CONTRIBUTORS_EXACTLY_RECONSTRUCTED
2026-10-06,2026020047,8478414,9.993108201240524,17.412,9.993108201240524,0.0,10,29,174.12,D10_CONTRIBUTORS_EXACTLY_RECONSTRUCTED
2026-10-06,2026020047,8478474,8.65696765660695,16.634,8.656967656606948,-1.7763568394002505e-15,10,24,166.34,D10_CONTRIBUTORS_EXACTLY_RECONSTRUCTED
2026-10-06,2026020047,8478507,2.084988085782367,20.144,2.084988085782367,0.0,10,7,201.44,D10_CONTRIBUTORS_EXACTLY_RECONSTRUCTED
2026-10-06,2026020047,8478542,6.841046277665996,14.91,6.841046277665996,0.0,10,17,149.1,D10_CONTRIBUTORS_EXACTLY_RECONSTRUCTED
2026-10-06,2026020047,8478831,3.5658569199910852,13.461,3.5658569199910857,4.440892098500626e-16,10,8,134.60999999999999,D10_CONTRIBUTORS_EXACTLY_RECONSTRUCTED
2026-10-06,2026020047,8479343,6.969376979936642,18.94,6.969376979936642,0.0,10,22,189.4,D10_CONTRIBUTORS_EXACTLY_RECONSTRUCTED
2026-10-06,2026020047,8479369,3.3467202141900936,17.928,3.346720214190094,4.440892098500626e-16,10,10,179.28,D10_CONTRIBUTORS_EXACTLY_RECONSTRUCTED
2026-10-06,2026020047,8479407,7.99911120986557,18.002,7.9991112098655694,-8.881784197001252e-16,10,24,180.02,D10_CONTRIBUTORS_EXACTLY_RECONSTRUCTED
2026-10-06,2026020047,8479410,6.454282167976831,24.17,6.45428216797683,-8.881784197001252e-16,10,26,241.70000000000002,D10_CONTRIBUTORS_EXACTLY_RECONSTRUCTED
2026-10-06,2026020047,8479619,7.095868135117156,13.529,7.095868135117157,8.881784197001252e-16,10,16,135.29,D10_CONTRIBUTORS_EXACTLY_RECONSTRUCTED
2026-10-06,2026020047,8479996,5.351966104214673,13.453,5.351966104214673,0.0,10,12,134.53,D10_CONTRIBUTORS_EXACTLY_RECONSTRUCTED
2026-10-06,2026020047,8480002,8.13347236704901,19.18,8.13347236704901,0.0,10,26,191.8,D10_CONTRIBUTORS_EXACTLY_RECONSTRUCTED
2026-10-06,2026020047,8480003,6.38043333776419,15.046,6.380433337764189,-8.881784197001252e-16,10,16,150.46,D10_CONTRIBUTORS_EXACTLY_RECONSTRUCTED
2026-10-06,2026020047,8480849,5.729396209784046,13.614,5.7293962097840465,8.881784197001252e-16,10,13,136.14,D10_CONTRIBUTORS_EXACTLY_RECONSTRUCTED
2026-10-06,2026020047,8480855,4.06871609403255,13.272,4.068716094032549,-8.881784197001252e-16,10,9,132.72,D10_CONTRIBUTORS_EXACTLY_RECONSTRUCTED
2026-10-06,2026020047,8480990,2.1116351094530863,14.207,2.1116351094530863,0.0,10,5,142.07,D10_CONTRIBUTORS_EXACTLY_RECONSTRUCTED
2026-10-06,2026020047,8481559,10.63532045899804,21.438,10.63532045899804,0.0,10,38,214.38,D10_CONTRIBUTORS_EXACTLY_RECONSTRUCTED
2026-10-06,2026020047,8481721,9.687419271506071,15.484,9.687419271506071,0.0,10,25,154.84,D10_CONTRIBUTORS_EXACTLY_RECONSTRUCTED
2026-10-06,2026020047,8482110,7.65661252900232,17.24,7.656612529002321,8.881784197001252e-16,10,22,172.4,D10_CONTRIBUTORS_EXACTLY_RECONSTRUCTED
2026-10-06,2026020047,8482146,9.126308104161597,16.436,9.126308104161597,0.0,10,25,164.36,D10_CONTRIBUTORS_EXACTLY_RECONSTRUCTED
2026-10-06,2026020047,8482684,5.812484205205964,23.742,5.812484205205964,0.0,10,23,237.42,D10_CONTRIBUTORS_EXACTLY_RECONSTRUCTED
2026-10-06,2026020047,8482699,11.1896015823679,17.695,11.189601582367901,1.7763568394002505e-15,10,33,176.95,D10_CONTRIBUTORS_EXACTLY_RECONSTRUCTED
2026-10-06,2026020047,8483431,5.8753128060058755,18.382,5.8753128060058755,0.0,10,18,183.82,D10_CONTRIBUTORS_EXACTLY_RECONSTRUCTED
2026-10-06,2026020047,8483695,3.4873583260680037,13.764,3.4873583260680037,0.0,5,4,68.82,D10_CONTRIBUTORS_EXACTLY_RECONSTRUCTED
2026-10-06,2026020047,8484386,3.5937707972847064,15.026,3.593770797284707,4.440892098500626e-16,10,9,150.26,D10_CONTRIBUTORS_EXACTLY_RECONSTRUCTED
2026-10-06,2026020047,8484388,4.975949577044286,12.058,4.975949577044286,0.0,10,10,120.58,D10_CONTRIBUTORS_EXACTLY_RECONSTRUCTED
2026-10-06,2026020048,8475151,8.18367810866106,17.596,8.18367810866106,0.0,10,24,175.96,D10_CONTRIBUTORS_EXACTLY_RECONSTRUCTED
2026-10-06,2026020048,8475170,5.151983513652756,17.469,5.151983513652756,0.0,10,15,174.69,D10_CONTRIBUTORS_EXACTLY_RECONSTRUCTED
2026-10-06,2026020048,8475231,7.108443250928047,12.661,7.108443250928047,0.0,10,15,126.61,D10_CONTRIBUTORS_EXACTLY_RECONSTRUCTED
2026-10-06,2026020048,8476292,4.990019960079841,12.024,4.990019960079841,0.0,10,10,120.24,D10_CONTRIBUTORS_EXACTLY_RECONSTRUCTED
2026-10-06,2026020048,8476419,4.563605248146035,15.777,4.563605248146036,8.881784197001252e-16,10,12,157.76999999999998,D10_CONTRIBUTORS_EXACTLY_RECONSTRUCTED
2026-10-06,2026020048,8476459,4.782543715438649,20.073,4.782543715438649,0.0,10,16,200.73,D10_CONTRIBUTORS_EXACTLY_RECONSTRUCTED
2026-10-06,2026020048,8476468,5.3920467310716695,17.804,5.3920467310716695,0.0,10,16,178.04,D10_CONTRIBUTORS_EXACTLY_RECONSTRUCTED
2026-10-06,2026020048,8476917,3.491694000634854,18.902,3.4916940006348534,-4.440892098500626e-16,10,11,189.02,D10_CONTRIBUTORS_EXACTLY_RECONSTRUCTED
2026-10-06,2026020048,8477407,5.922101586819528,13.171,5.922101586819527,-8.881784197001252e-16,10,13,131.71,D10_CONTRIBUTORS_EXACTLY_RECONSTRUCTED
2026-10-06,2026020048,8477416,5.6197315017171405,12.812,5.6197315017171405,0.0,10,12,128.12,D10_CONTRIBUTORS_EXACTLY_RECONSTRUCTED
2026-10-06,2026020048,8477500,6.728097118619277,20.511,6.728097118619278,8.881784197001252e-16,10,23,205.10999999999999,D10_CONTRIBUTORS_EXACTLY_RECONSTRUCTED
2026-10-06,2026020048,8477506,1.9456304383073015,18.503,1.9456304383073018,2.220446049250313e-16,10,6,185.03,D10_CONTRIBUTORS_EXACTLY_RECONSTRUCTED
2026-10-06,2026020048,8477950,4.826254826254826,18.648,4.826254826254825,-8.881784197001252e-16,10,15,186.48000000000002,D10_CONTRIBUTORS_EXACTLY_RECONSTRUCTED
2026-10-06,2026020048,8477969,1.6690620798368028,21.569,1.6690620798368028,0.0,10,6,215.69,D10_CONTRIBUTORS_EXACTLY_RECONSTRUCTED
2026-10-06,2026020048,8478882,3.840351117816486,21.873,3.840351117816486,0.0,10,14,218.73,D10_CONTRIBUTORS_EXACTLY_RECONSTRUCTED
2026-10-06,2026020048,8479323,3.8195707530010914,21.992,3.819570753001091,-4.440892098500626e-16,10,14,219.92,D10_CONTRIBUTORS_EXACTLY_RECONSTRUCTED
2026-10-06,2026020048,8479378,5.1271938473673835,15.213,5.1271938473673835,0.0,10,13,152.13,D10_CONTRIBUTORS_EXACTLY_RECONSTRUCTED
2026-10-06,2026020048,8480009,7.746933505487411,13.941,7.746933505487411,0.0,10,18,139.41,D10_CONTRIBUTORS_EXACTLY_RECONSTRUCTED
2026-10-06,2026020048,8480434,4.704160568680744,19.132,4.704160568680745,8.881784197001252e-16,10,15,191.32,D10_CONTRIBUTORS_EXACTLY_RECONSTRUCTED
2026-10-06,2026020048,8481014,4.226415094339623,19.875,4.226415094339623,0.0,10,14,198.75,D10_CONTRIBUTORS_EXACTLY_RECONSTRUCTED
2026-10-06,2026020048,8481601,3.702457085156513,17.826,3.702457085156513,0.0,10,11,178.26,D10_CONTRIBUTORS_EXACTLY_RECONSTRUCTED
2026-10-06,2026020048,8481604,11.778703152885187,16.81,11.778703152885187,0.0,10,33,168.1,D10_CONTRIBUTORS_EXACTLY_RECONSTRUCTED
2026-10-06,2026020048,8481711,3.974036296198172,15.098,3.9740362961981726,4.440892098500626e-16,10,10,150.98,D10_CONTRIBUTORS_EXACTLY_RECONSTRUCTED
2026-10-06,2026020048,8481789,4.080244814688881,14.705,4.08024481468888,-8.881784197001252e-16,10,10,147.05,D10_CONTRIBUTORS_EXACTLY_RECONSTRUCTED
2026-10-06,2026020048,8482073,3.697271861520363,17.851,3.6972718615203632,4.440892098500626e-16,10,11,178.51,D10_CONTRIBUTORS_EXACTLY_RECONSTRUCTED
2026-10-06,2026020048,8482109,5.208615918832402,18.431,5.208615918832402,0.0,10,16,184.31,D10_CONTRIBUTORS_EXACTLY_RECONSTRUCTED
2026-10-06,2026020048,8482157,7.785635502497891,15.413,7.785635502497892,8.881784197001252e-16,10,20,154.13,D10_CONTRIBUTORS_EXACTLY_RECONSTRUCTED
2026-10-06,2026020048,8482476,5.172413793103448,15.08,5.1724137931034475,-8.881784197001252e-16,10,13,150.8,D10_CONTRIBUTORS_EXACTLY_RECONSTRUCTED
2026-10-06,2026020048,8482877,5.012531328320802,10.773,5.012531328320802,0.0,10,9,107.73,D10_CONTRIBUTORS_EXACTLY_RECONSTRUCTED
2026-10-06,2026020048,8483690,4.102564102564102,14.625,4.102564102564103,8.881784197001252e-16,10,10,146.25,D10_CONTRIBUTORS_EXACTLY_RECONSTRUCTED
2026-10-06,2026020048,8484210,5.2737317930688095,15.928,5.2737317930688095,0.0,10,14,159.28,D10_CONTRIBUTORS_EXACTLY_RECONSTRUCTED
2026-10-06,2026020048,8484221,6.831665368250734,16.687,6.831665368250734,0.0,10,19,166.87,D10_CONTRIBUTORS_EXACTLY_RECONSTRUCTED
2026-10-06,2026020048,8484786,2.070393374741201,14.49,2.0703933747412013,4.440892098500626e-16,2,1,28.979999999999997,D10_CONTRIBUTORS_EXACTLY_RECONSTRUCTED
2026-10-06,2026020048,8485366,7.753116448768623,26.312,7.7531164487686235,8.881784197001252e-16,10,34,263.12,D10_CONTRIBUTORS_EXACTLY_RECONSTRUCTED
2026-10-06,2026020048,8485388,9.098428453267164,14.508,9.098428453267164,0.0,5,11,72.53999999999999,D10_CONTRIBUTORS_EXACTLY_RECONSTRUCTED
2026-10-06,2026020048,8485957,1.5482539136418372,16.60857142857143,1.5482539136418372,0.0,7,3,116.26,D10_CONTRIBUTORS_EXACTLY_RECONSTRUCTED
2026-10-06,2026020049,8473422,3.598740440845704,13.338,3.5987404408457038,-4.440892098500626e-16,10,8,133.38,D10_CONTRIBUTORS_EXACTLY_RECONSTRUCTED
2026-10-06,2026020049,8474567,1.7306028266512836,13.868,1.7306028266512834,-2.220446049250313e-16,10,4,138.68,D10_CONTRIBUTORS_EXACTLY_RECONSTRUCTED
2026-10-06,2026020049,8474716,4.066647839593335,17.705,4.066647839593335,0.0,10,12,177.05,D10_CONTRIBUTORS_EXACTLY_RECONSTRUCTED
2026-10-06,2026020049,8475220,5.464933344373603,12.077,5.464933344373603,0.0,10,11,120.77,D10_CONTRIBUTORS_EXACTLY_RECONSTRUCTED
2026-10-06,2026020049,8476399,10.163749294184075,17.71,10.163749294184077,1.7763568394002505e-15,10,30,177.1,D10_CONTRIBUTORS_EXACTLY_RECONSTRUCTED
2026-10-06,2026020049,8476463,3.5422928295405756,18.632,3.5422928295405756,0.0,10,11,186.32,D10_CONTRIBUTORS_EXACTLY_RECONSTRUCTED
2026-10-06,2026020049,8476874,1.047211798586264,22.918,1.0472117985862641,2.220446049250313e-16,10,4,229.18,D10_CONTRIBUTORS_EXACTLY_RECONSTRUCTED
2026-10-06,2026020049,8477446,9.268361185226794,14.242,9.268361185226796,1.7763568394002505e-15,10,22,142.42,D10_CONTRIBUTORS_EXACTLY_RECONSTRUCTED
2026-10-06,2026020049,8477451,7.089111373670792,16.081,7.089111373670791,-8.881784197001252e-16,10,19,160.81,D10_CONTRIBUTORS_EXACTLY_RECONSTRUCTED
2026-10-06,2026020049,8478493,8.17810086324398,17.608,8.17810086324398,0.0,10,24,176.07999999999998,D10_CONTRIBUTORS_EXACTLY_RECONSTRUCTED
2026-10-06,2026020049,8478508,5.87289379850381,14.303,5.87289379850381,0.0,10,14,143.03,D10_CONTRIBUTORS_EXACTLY_RECONSTRUCTED
2026-10-06,2026020049,8478864,9.634684865515856,19.928,9.634684865515856,0.0,10,32,199.28,D10_CONTRIBUTORS_EXACTLY_RECONSTRUCTED
2026-10-06,2026020049,8479359,2.6399155227032733,11.364,2.639915522703274,4.440892098500626e-16,10,5,113.64,D10_CONTRIBUTORS_EXACTLY_RECONSTRUCTED
2026-10-06,2026020049,8479420,10.915511798384076,18.689,10.915511798384077,1.7763568394002505e-15,10,34,186.89,D10_CONTRIBUTORS_EXACTLY_RECONSTRUCTED
2026-10-06,2026020049,8479941,5.763262893453525,13.534,5.763262893453525,0.0,10,13,135.34,D10_CONTRIBUTORS_EXACTLY_RECONSTRUCTED
2026-10-06,2026020049,8480064,7.024847144529725,15.374,7.024847144529725,0.0,10,18,153.74,D10_CONTRIBUTORS_EXACTLY_RECONSTRUCTED
2026-10-06,2026020049,8480800,5.3791557713858795,26.77,5.3791557713858795,0.0,10,24,267.7,D10_CONTRIBUTORS_EXACTLY_RECONSTRUCTED
2026-10-06,2026020049,8480802,3.642544924720738,16.472,3.642544924720738,0.0,10,10,164.72,D10_CONTRIBUTORS_EXACTLY_RECONSTRUCTED
2026-10-06,2026020049,8480807,3.621912571054882,19.879,3.621912571054882,0.0,10,12,198.79,D10_CONTRIBUTORS_EXACTLY_RECONSTRUCTED
2026-10-06,2026020049,8480839,5.637893477982318,23.413,5.637893477982318,0.0,10,22,234.13,D10_CONTRIBUTORS_EXACTLY_RECONSTRUCTED
2026-10-06,2026020049,8481522,6.183442116111302,14.555,6.183442116111301,-8.881784197001252e-16,10,15,145.55,D10_CONTRIBUTORS_EXACTLY_RECONSTRUCTED
2026-10-06,2026020049,8481553,5.257393209200438,13.695,5.257393209200439,8.881784197001252e-16,10,12,136.95,D10_CONTRIBUTORS_EXACTLY_RECONSTRUCTED
2026-10-06,2026020049,8481557,11.81919821114838,18.783,11.81919821114838,0.0,10,37,187.82999999999998,D10_CONTRIBUTORS_EXACTLY_RECONSTRUCTED
2026-10-06,2026020049,8481806,4.861186129415578,18.514,4.861186129415578,0.0,10,15,185.14,D10_CONTRIBUTORS_EXACTLY_RECONSTRUCTED
2026-10-06,2026020049,8482094,2.846299810246679,16.864,2.8462998102466788,-4.440892098500626e-16,10,8,168.64000000000001,D10_CONTRIBUTORS_EXACTLY_RECONSTRUCTED
2026-10-06,2026020049,8482097,11.34020618556701,17.46,11.340206185567009,-1.7763568394002505e-15,10,33,174.6,D10_CONTRIBUTORS_EXACTLY_RECONSTRUCTED
2026-10-06,2026020049,8482659,5.478379964781843,15.333,5.478379964781842,-8.881784197001252e-16,10,14,153.33,D10_CONTRIBUTORS_EXACTLY_RECONSTRUCTED
2026-10-06,2026020049,8482671,2.965092771463228,22.259,2.9650927714632282,4.440892098500626e-16,10,11,222.59,D10_CONTRIBUTORS_EXACTLY_RECONSTRUCTED
2026-10-06,2026020049,8482803,4.903417533432393,13.46,4.903417533432393,0.0,10,11,134.6,D10_CONTRIBUTORS_EXACTLY_RECONSTRUCTED
2026-10-06,2026020049,8483468,4.509120721459316,14.637,4.509120721459316,0.0,10,11,146.37,D10_CONTRIBUTORS_EXACTLY_RECONSTRUCTED
2026-10-06,2026020049,8483500,4.756967738000854,16.397,4.756967738000854,0.0,10,13,163.97,D10_CONTRIBUTORS_EXACTLY_RECONSTRUCTED
2026-10-06,2026020049,8483525,4.727116458960034,13.962,4.727116458960035,8.881784197001252e-16,10,11,139.62,D10_CONTRIBUTORS_EXACTLY_RECONSTRUCTED
2026-10-06,2026020049,8484145,6.966618287373004,17.225,6.966618287373005,8.881784197001252e-16,10,20,172.25,D10_CONTRIBUTORS_EXACTLY_RECONSTRUCTED
2026-10-06,2026020049,8484305,1.1049045485237248,16.291,1.1049045485237248,0.0,10,3,162.91,D10_CONTRIBUTORS_EXACTLY_RECONSTRUCTED
2026-10-06,2026020049,8484797,7.555089192025184,14.295,7.555089192025185,8.881784197001252e-16,10,18,142.95,D10_CONTRIBUTORS_EXACTLY_RECONSTRUCTED
2026-10-06,2026020049,8485702,7.946400747896541,12.836,7.94640074789654,-8.881784197001252e-16,10,17,128.36,D10_CONTRIBUTORS_EXACTLY_RECONSTRUCTED
2026-10-06,2026020050,8474013,2.3734177215189876,17.696,2.373417721518987,-4.440892098500626e-16,10,7,176.96,D10_CONTRIBUTORS_EXACTLY_RECONSTRUCTED
2026-10-06,2026020050,8474141,6.094627105052125,18.705,6.094627105052125,0.0,10,19,187.05,D10_CONTRIBUTORS_EXACTLY_RECONSTRUCTED
2026-10-06,2026020050,8475764,3.159708923783991,20.888,3.1597089237839913,4.440892098500626e-16,10,11,208.88,D10_CONTRIBUTORS_EXACTLY_RECONSTRUCTED
2026-10-06,2026020050,8476882,4.690318701142513,16.63,4.6903187011425125,-8.881784197001252e-16,10,13,166.3,D10_CONTRIBUTORS_EXACTLY_RECONSTRUCTED
2026-10-06,2026020050,8476892,4.005531448190358,20.971,4.005531448190358,0.0,10,14,209.71,D10_CONTRIBUTORS_EXACTLY_RECONSTRUCTED
2026-10-06,2026020050,8477402,4.773561811505508,16.34,4.773561811505508,0.0,10,13,163.4,D10_CONTRIBUTORS_EXACTLY_RECONSTRUCTED
2026-10-06,2026020050,8477479,3.286770747740345,18.255,3.286770747740345,0.0,10,10,182.55,D10_CONTRIBUTORS_EXACTLY_RECONSTRUCTED
2026-10-06,2026020050,8477527,4.673352156557297,10.271,4.673352156557296,-8.881784197001252e-16,10,8,102.71000000000001,D10_CONTRIBUTORS_EXACTLY_RECONSTRUCTED
2026-10-06,2026020050,8477987,5.504975651069236,14.169,5.504975651069236,0.0,10,13,141.69,D10_CONTRIBUTORS_EXACTLY_RECONSTRUCTED
2026-10-06,2026020050,8478413,5.396492280017989,13.342,5.396492280017988,-8.881784197001252e-16,10,12,133.42000000000002,D10_CONTRIBUTORS_EXACTLY_RECONSTRUCTED
2026-10-06,2026020050,8478443,2.669187566034588,17.983,2.6691875660345885,4.440892098500626e-16,10,8,179.82999999999998,D10_CONTRIBUTORS_EXACTLY_RECONSTRUCTED
2026-10-06,2026020050,8479346,2.8590488897360147,10.493,2.8590488897360147,0.0,10,5,104.92999999999999,D10_CONTRIBUTORS_EXACTLY_RECONSTRUCTED
2026-10-06,2026020050,8480023,4.121687929342492,20.38,4.121687929342492,0.0,10,14,203.8,D10_CONTRIBUTORS_EXACTLY_RECONSTRUCTED
2026-10-06,2026020050,8480459,4.440557088071049,14.863,4.440557088071049,0.0,10,11,148.63,D10_CONTRIBUTORS_EXACTLY_RECONSTRUCTED
2026-10-06,2026020050,8481013,6.134969325153374,14.67,6.134969325153374,0.0,10,15,146.7,D10_CONTRIBUTORS_EXACTLY_RECONSTRUCTED
2026-10-06,2026020050,8481524,2.4044883783061715,22.458,2.404488378306172,4.440892098500626e-16,10,9,224.57999999999998,D10_CONTRIBUTORS_EXACTLY_RECONSTRUCTED
2026-10-06,2026020050,8481568,3.568419487535313,20.177,3.5684194875353126,-4.440892098500626e-16,10,12,201.76999999999998,D10_CONTRIBUTORS_EXACTLY_RECONSTRUCTED
2026-10-06,2026020050,8481580,5.277376390023246,15.917,5.277376390023245,-8.881784197001252e-16,10,14,159.17000000000002,D10_CONTRIBUTORS_EXACTLY_RECONSTRUCTED
2026-10-06,2026020050,8481598,4.626456477039068,23.344,4.626456477039068,0.0,10,18,233.44,D10_CONTRIBUTORS_EXACTLY_RECONSTRUCTED
2026-10-06,2026020050,8482062,3.43755115403503,12.218,3.43755115403503,0.0,10,7,122.18,D10_CONTRIBUTORS_EXACTLY_RECONSTRUCTED
2026-10-06,2026020050,8482077,10.466222645099904,18.918,10.466222645099904,0.0,10,33,189.18,D10_CONTRIBUTORS_EXACTLY_RECONSTRUCTED
2026-10-06,2026020050,8482089,5.385252692626346,14.484,5.385252692626346,0.0,10,13,144.84,D10_CONTRIBUTORS_EXACTLY_RECONSTRUCTED
2026-10-06,2026020050,8482176,1.9746121297602257,21.27,1.974612129760226,2.220446049250313e-16,10,7,212.7,D10_CONTRIBUTORS_EXACTLY_RECONSTRUCTED
2026-10-06,2026020050,8482745,11.1256095048417,14.561,11.1256095048417,0.0,10,27,145.61,D10_CONTRIBUTORS_EXACTLY_RECONSTRUCTED
2026-10-06,2026020050,8483450,4.633204633204633,15.54,4.633204633204633,0.0,10,12,155.4,D10_CONTRIBUTORS_EXACTLY_RECONSTRUCTED
2026-10-06,2026020050,8483493,4.827586206896552,17.4,4.827586206896552,0.0,10,14,174.0,D10_CONTRIBUTORS_EXACTLY_RECONSTRUCTED
2026-10-06,2026020050,8483506,4.877784401929435,18.451,4.877784401929435,0.0,10,15,184.51,D10_CONTRIBUTORS_EXACTLY_RECONSTRUCTED
2026-10-06,2026020050,8483516,11.047874121191832,17.922,11.047874121191832,0.0,10,33,179.22,D10_CONTRIBUTORS_EXACTLY_RECONSTRUCTED
2026-10-06,2026020050,8484164,6.584241714829176,13.669,6.584241714829176,0.0,10,15,136.69,D10_CONTRIBUTORS_EXACTLY_RECONSTRUCTED
2026-10-06,2026020050,8484185,4.534461910519951,13.232,4.534461910519952,8.881784197001252e-16,10,10,132.32,D10_CONTRIBUTORS_EXACTLY_RECONSTRUCTED
2026-10-06,2026020050,8484188,3.166783954961295,17.052,3.166783954961295,0.0,10,9,170.52,D10_CONTRIBUTORS_EXACTLY_RECONSTRUCTED
2026-10-06,2026020050,8484197,6.695278969957082,11.65,6.695278969957082,0.0,10,13,116.5,D10_CONTRIBUTORS_EXACTLY_RECONSTRUCTED
2026-10-06,2026020050,8484390,4.61361014994233,17.34,4.613610149942329,-8.881784197001252e-16,6,8,104.04,D10_CONTRIBUTORS_EXACTLY_RECONSTRUCTED
2026-10-06,2026020050,8484783,4.126547455295736,21.81,4.126547455295736,0.0,10,15,218.1,D10_CONTRIBUTORS_EXACTLY_RECONSTRUCTED
2026-10-06,2026020050,8484790,7.259040193574405,18.5975,7.259040193574405,0.0,4,9,74.39,D10_CONTRIBUTORS_EXACTLY_RECONSTRUCTED
2026-10-06,2026020050,8485391,9.7165991902834,18.525,9.7165991902834,0.0,10,30,185.25,D10_CONTRIBUTORS_EXACTLY_RECONSTRUCTED
2026-10-06,2026020051,8474586,4.8479252034397184,17.327,4.847925203439718,-8.881784197001252e-16,10,14,173.27,D10_CONTRIBUTORS_EXACTLY_RECONSTRUCTED
2026-10-06,2026020051,8475188,3.432672803869558,19.227,3.4326728038695586,4.440892098500626e-16,10,11,192.26999999999998,D10_CONTRIBUTORS_EXACTLY_RECONSTRUCTED
2026-10-06,2026020051,8475343,4.620123203285421,11.688,4.620123203285421,0.0,10,9,116.88,D10_CONTRIBUTORS_EXACTLY_RECONSTRUCTED
2026-10-06,2026020051,8475913,7.056182177794408,18.707,7.056182177794409,8.881784197001252e-16,10,22,187.07,D10_CONTRIBUTORS_EXACTLY_RECONSTRUCTED
2026-10-06,2026020051,8476448,7.170713297270097,15.898,7.1707132972700975,8.881784197001252e-16,10,19,158.98,D10_CONTRIBUTORS_EXACTLY_RECONSTRUCTED
2026-10-06,2026020051,8476457,3.821656050955414,20.41,3.821656050955414,0.0,10,13,204.1,D10_CONTRIBUTORS_EXACTLY_RECONSTRUCTED
2026-10-06,2026020051,8476881,9.690644800596347,16.098,9.690644800596349,1.7763568394002505e-15,10,26,160.98,D10_CONTRIBUTORS_EXACTLY_RECONSTRUCTED
2026-10-06,2026020051,8476905,3.0846566891351537,17.506,3.0846566891351532,-4.440892098500626e-16,10,9,175.06,D10_CONTRIBUTORS_EXACTLY_RECONSTRUCTED
2026-10-06,2026020051,8477447,5.75158625097001,21.907,5.75158625097001,0.0,10,21,219.07,D10_CONTRIBUTORS_EXACTLY_RECONSTRUCTED
2026-10-06,2026020051,8477919,6.151874399231016,15.605,6.151874399231015,-8.881784197001252e-16,10,16,156.05,D10_CONTRIBUTORS_EXACTLY_RECONSTRUCTED
2026-10-06,2026020051,8477955,8.066581306017925,15.62,8.066581306017927,1.7763568394002505e-15,10,21,156.2,D10_CONTRIBUTORS_EXACTLY_RECONSTRUCTED
2026-10-06,2026020051,8477964,5.136309758988542,15.186,5.136309758988542,0.0,10,13,151.85999999999999,D10_CONTRIBUTORS_EXACTLY_RECONSTRUCTED
2026-10-06,2026020051,8477986,6.967142611388268,23.252,6.967142611388267,-8.881784197001252e-16,10,27,232.52,D10_CONTRIBUTORS_EXACTLY_RECONSTRUCTED
2026-10-06,2026020051,8478109,7.814761215629522,13.82,7.814761215629524,1.7763568394002505e-15,10,18,138.2,D10_CONTRIBUTORS_EXACTLY_RECONSTRUCTED
2026-10-06,2026020051,8478396,4.401193212382023,20.449,4.401193212382023,0.0,10,15,204.49,D10_CONTRIBUTORS_EXACTLY_RECONSTRUCTED
2026-10-06,2026020051,8478397,6.2485207100591715,21.125,6.2485207100591715,0.0,10,22,211.25,D10_CONTRIBUTORS_EXACTLY_RECONSTRUCTED
2026-10-06,2026020051,8478403,8.949880668257757,20.112,8.949880668257755,-1.7763568394002505e-15,10,30,201.12,D10_CONTRIBUTORS_EXACTLY_RECONSTRUCTED
2026-10-06,2026020051,8478407,5.574299545254511,20.451,5.574299545254512,8.881784197001252e-16,10,19,204.51,D10_CONTRIBUTORS_EXACTLY_RECONSTRUCTED
2026-10-06,2026020051,8478450,2.893115456737209,18.665,2.893115456737209,0.0,10,9,186.65,D10_CONTRIBUTORS_EXACTLY_RECONSTRUCTED
2026-10-06,2026020051,8478468,6.663787252421793,16.207,6.663787252421794,8.881784197001252e-16,10,18,162.07,D10_CONTRIBUTORS_EXACTLY_RECONSTRUCTED
2026-10-06,2026020051,8478483,7.772020725388601,20.072,7.7720207253886,-8.881784197001252e-16,10,26,200.72,D10_CONTRIBUTORS_EXACTLY_RECONSTRUCTED
2026-10-06,2026020051,8479324,2.059260954124242,17.482,2.059260954124242,0.0,10,6,174.82,D10_CONTRIBUTORS_EXACTLY_RECONSTRUCTED
2026-10-06,2026020051,8479353,4.909056580023916,15.889,4.909056580023916,0.0,10,13,158.89000000000001,D10_CONTRIBUTORS_EXACTLY_RECONSTRUCTED
2026-10-06,2026020051,8479985,3.912476452688016,13.802,3.912476452688016,0.0,10,9,138.02,D10_CONTRIBUTORS_EXACTLY_RECONSTRUCTED
2026-10-06,2026020051,8481554,1.2357544967733076,14.566,1.2357544967733076,0.0,10,3,145.66,D10_CONTRIBUTORS_EXACTLY_RECONSTRUCTED
2026-10-06,2026020051,8482259,12.217885627015102,17.679,12.217885627015104,1.7763568394002505e-15,10,36,176.79,D10_CONTRIBUTORS_EXACTLY_RECONSTRUCTED
2026-10-06,2026020051,8482665,3.384285633707485,17.729,3.384285633707485,0.0,10,10,177.29,D10_CONTRIBUTORS_EXACTLY_RECONSTRUCTED
2026-10-06,2026020051,8482713,7.796064843459968,16.162,7.796064843459967,-8.881784197001252e-16,10,21,161.62,D10_CONTRIBUTORS_EXACTLY_RECONSTRUCTED
2026-10-06,2026020051,8482751,9.275525261752511,14.231,9.275525261752513,1.7763568394002505e-15,10,22,142.31,D10_CONTRIBUTORS_EXACTLY_RECONSTRUCTED
2026-10-06,2026020051,8482858,2.5699600228440893,21.012,2.569960022844089,-4.440892098500626e-16,10,9,210.12,D10_CONTRIBUTORS_EXACTLY_RECONSTRUCTED
2026-10-06,2026020051,8483524,5.475285171102661,13.15,5.475285171102662,8.881784197001252e-16,10,12,131.5,D10_CONTRIBUTORS_EXACTLY_RECONSTRUCTED
2026-10-06,2026020051,8483553,9.660798626019751,10.379,9.660798626019751,0.0,10,15,93.16,D10_CONTRIBUTORS_EXACTLY_RECONSTRUCTED
2026-10-06,2026020051,8483570,3.002001334222815,11.992,3.002001334222815,0.0,10,6,119.92,D10_CONTRIBUTORS_EXACTLY_RECONSTRUCTED
2026-10-06,2026020051,8483890,6.712564543889845,13.048,6.712564543889845,0.0,10,13,116.2,D10_CONTRIBUTORS_EXACTLY_RECONSTRUCTED
2026-10-06,2026020051,8484800,5.173900546133947,13.916,5.173900546133947,0.0,10,12,139.16,D10_CONTRIBUTORS_EXACTLY_RECONSTRUCTED
2026-10-06,2026020051,8484803,12.816299704239238,12.172,12.816299704239238,0.0,6,13,60.86,D10_CONTRIBUTORS_EXACTLY_RECONSTRUCTED
2026-10-06,2026020052,8470621,7.19309462915601,12.512,7.19309462915601,0.0,10,15,125.12,D10_CONTRIBUTORS_EXACTLY_RECONSTRUCTED
2026-10-06,2026020052,8473419,8.1702859600086,13.953,8.1702859600086,0.0,10,19,139.53,D10_CONTRIBUTORS_EXACTLY_RECONSTRUCTED
2026-10-06,2026020052,8474189,2.816020025031289,12.784,2.816020025031289,0.0,10,6,127.84,D10_CONTRIBUTORS_EXACTLY_RECONSTRUCTED
2026-10-06,2026020052,8474563,2.9023746701846966,22.74,2.9023746701846966,0.0,10,11,227.4,D10_CONTRIBUTORS_EXACTLY_RECONSTRUCTED
2026-10-06,2026020052,8475179,2.8493410898729667,16.846,2.8493410898729667,0.0,10,8,168.46,D10_CONTRIBUTORS_EXACTLY_RECONSTRUCTED
2026-10-06,2026020052,8475208,1.416096294548029,16.948,1.4160962945480293,2.220446049250313e-16,10,4,169.48,D10_CONTRIBUTORS_EXACTLY_RECONSTRUCTED
2026-10-06,2026020052,8475287,7.932011331444759,15.885,7.93201133144476,8.881784197001252e-16,10,21,158.85,D10_CONTRIBUTORS_EXACTLY_RECONSTRUCTED
2026-10-06,2026020052,8475462,3.4132466477041854,12.305,3.4132466477041854,0.0,10,7,123.05,D10_CONTRIBUTORS_EXACTLY_RECONSTRUCTED
2026-10-06,2026020052,8475692,5.017841213202498,17.936,5.017841213202497,-8.881784197001252e-16,10,15,179.36,D10_CONTRIBUTORS_EXACTLY_RECONSTRUCTED
2026-10-06,2026020052,8476441,5.780346820809249,17.646,5.780346820809248,-8.881784197001252e-16,10,17,176.46,D10_CONTRIBUTORS_EXACTLY_RECONSTRUCTED
2026-10-06,2026020052,8476469,7.293528780836611,13.985,7.293528780836611,0.0,10,17,139.85,D10_CONTRIBUTORS_EXACTLY_RECONSTRUCTED
2026-10-06,2026020052,8476872,7.491186839012926,15.306,7.491186839012927,8.881784197001252e-16,10,17,136.16,D10_CONTRIBUTORS_EXACTLY_RECONSTRUCTED
2026-10-06,2026020052,8476879,2.347417840375587,17.892,2.3474178403755865,-4.440892098500626e-16,10,7,178.92000000000002,D10_CONTRIBUTORS_EXACTLY_RECONSTRUCTED
2026-10-06,2026020052,8476979,5.15053038199767,18.274,5.15053038199767,0.0,10,14,163.09,D10_CONTRIBUTORS_EXACTLY_RECONSTRUCTED
2026-10-06,2026020052,8477409,6.710337114555041,18.777,6.710337114555042,8.881784197001252e-16,10,21,187.76999999999998,D10_CONTRIBUTORS_EXACTLY_RECONSTRUCTED
2026-10-06,2026020052,8477495,3.2465022802813635,25.874,3.2465022802813635,0.0,10,14,258.74,D10_CONTRIBUTORS_EXACTLY_RECONSTRUCTED
2026-10-06,2026020052,8477903,1.6895062887178525,10.654,1.6895062887178522,-2.220446049250313e-16,10,3,106.54,D10_CONTRIBUTORS_EXACTLY_RECONSTRUCTED
2026-10-06,2026020052,8477933,7.147820907376154,20.146,7.147820907376154,0.0,10,24,201.46,D10_CONTRIBUTORS_EXACTLY_RECONSTRUCTED
2026-10-06,2026020052,8477935,8.887948365252354,18.902,8.887948365252354,0.0,10,28,189.02,D10_CONTRIBUTORS_EXACTLY_RECONSTRUCTED
2026-10-06,2026020052,8477960,10.736745232373844,19.559,10.736745232373842,-1.7763568394002505e-15,10,35,195.59,D10_CONTRIBUTORS_EXACTLY_RECONSTRUCTED
2026-10-06,2026020052,8478055,5.246686303387334,21.728,5.246686303387334,0.0,10,19,217.28,D10_CONTRIBUTORS_EXACTLY_RECONSTRUCTED
2026-10-06,2026020052,8478147,4.876349703935911,8.613,4.876349703935911,0.0,10,7,86.13,D10_CONTRIBUTORS_EXACTLY_RECONSTRUCTED
2026-10-06,2026020052,8478550,7.885514018691588,20.544,7.885514018691588,0.0,10,27,205.44,D10_CONTRIBUTORS_EXACTLY_RECONSTRUCTED
2026-10-06,2026020052,8478859,4.1928721174004195,20.034,4.192872117400419,-8.881784197001252e-16,10,14,200.34,D10_CONTRIBUTORS_EXACTLY_RECONSTRUCTED
2026-10-06,2026020052,8479314,7.222982216142271,18.275,7.22298221614227,-8.881784197001252e-16,10,22,182.75,D10_CONTRIBUTORS_EXACTLY_RECONSTRUCTED
2026-10-06,2026020052,8479675,7.899191273274403,17.871,7.899191273274403,0.0,10,21,159.51,D10_CONTRIBUTORS_EXACTLY_RECONSTRUCTED
2026-10-06,2026020052,8479998,1.6970725498515062,21.213,1.6970725498515062,0.0,10,6,212.13,D10_CONTRIBUTORS_EXACTLY_RECONSTRUCTED
2026-10-06,2026020052,8480185,5.155904738521974,16.292,5.155904738521974,0.0,10,14,162.92,D10_CONTRIBUTORS_EXACTLY_RECONSTRUCTED
2026-10-06,2026020052,8480801,13.73267067747842,15.292,13.732670677478419,-1.7763568394002505e-15,10,35,152.92000000000002,D10_CONTRIBUTORS_EXACTLY_RECONSTRUCTED
2026-10-06,2026020052,8481532,4.53857791225416,11.898,4.53857791225416,0.0,10,9,118.97999999999999,D10_CONTRIBUTORS_EXACTLY_RECONSTRUCTED
2026-10-06,2026020052,8482113,6.228589224540642,19.266,6.228589224540642,0.0,10,20,192.66,D10_CONTRIBUTORS_EXACTLY_RECONSTRUCTED
2026-10-06,2026020052,8482124,7.803511580211095,19.991,7.803511580211095,0.0,10,26,199.91,D10_CONTRIBUTORS_EXACTLY_RECONSTRUCTED
2026-10-06,2026020052,8482155,8.452026921270935,19.167,8.452026921270935,0.0,10,27,191.67000000000002,D10_CONTRIBUTORS_EXACTLY_RECONSTRUCTED
2026-10-06,2026020052,8482730,5.83203732503888,20.576,5.83203732503888,0.0,10,20,205.76,D10_CONTRIBUTORS_EXACTLY_RECONSTRUCTED
2026-10-06,2026020052,8483771,8.04709038074659,13.421,8.04709038074659,0.0,10,18,134.21,D10_CONTRIBUTORS_EXACTLY_RECONSTRUCTED
2026-10-06,2026020052,8484304,3.5116469624253774,17.086,3.511646962425377,-4.440892098500626e-16,10,10,170.86,D10_CONTRIBUTORS_EXACTLY_RECONSTRUCTED
2026-10-07,2026020053,8471214,11.913626209977664,16.116,11.913626209977663,-1.7763568394002505e-15,10,32,161.16,D10_CONTRIBUTORS_EXACTLY_RECONSTRUCTED
2026-10-07,2026020053,8471215,8.065871282137456,17.853,8.065871282137456,0.0,10,24,178.53,D10_CONTRIBUTORS_EXACTLY_RECONSTRUCTED
2026-10-07,2026020053,8471675,8.331944675887351,18.003,8.331944675887351,0.0,10,25,180.03,D10_CONTRIBUTORS_EXACTLY_RECONSTRUCTED
2026-10-07,2026020053,8471724,3.398558187435633,19.42,3.3985581874356336,4.440892098500626e-16,10,11,194.2,D10_CONTRIBUTORS_EXACTLY_RECONSTRUCTED
2026-10-07,2026020053,8474578,4.780652418447694,21.336,4.780652418447693,-8.881784197001252e-16,10,17,213.36,D10_CONTRIBUTORS_EXACTLY_RECONSTRUCTED
2026-10-07,2026020053,8475795,3.050330452465684,8.998,3.050330452465684,0.0,10,4,78.68,D10_CONTRIBUTORS_EXACTLY_RECONSTRUCTED
2026-10-07,2026020053,8475810,6.53707207982109,17.439,6.537072079821091,8.881784197001252e-16,10,19,174.39,D10_CONTRIBUTORS_EXACTLY_RECONSTRUCTED
2026-10-07,2026020053,8476432,10.559396605908232,15.91,10.559396605908235,3.552713678800501e-15,10,28,159.1,D10_CONTRIBUTORS_EXACTLY_RECONSTRUCTED
2026-10-07,2026020053,8476483,9.930486593843098,18.126,9.9304865938431,1.7763568394002505e-15,10,30,181.26,D10_CONTRIBUTORS_EXACTLY_RECONSTRUCTED
2026-10-07,2026020053,8476880,6.56311529205863,18.284,6.5631152920586295,-8.881784197001252e-16,10,20,182.84,D10_CONTRIBUTORS_EXACTLY_RECONSTRUCTED
2026-10-07,2026020053,8477845,2.7993779160186625,19.29,2.7993779160186625,0.0,10,9,192.9,D10_CONTRIBUTORS_EXACTLY_RECONSTRUCTED
2026-10-07,2026020053,8477949,9.021587369777682,18.622,9.02158736977768,-1.7763568394002505e-15,10,28,186.22,D10_CONTRIBUTORS_EXACTLY_RECONSTRUCTED
2026-10-07,2026020053,8478438,6.75422138836773,15.99,6.754221388367729,-8.881784197001252e-16,10,18,159.9,D10_CONTRIBUTORS_EXACTLY_RECONSTRUCTED
2026-10-07,2026020053,8478440,6.976267013200191,16.341,6.976267013200191,0.0,10,17,146.21,D10_CONTRIBUTORS_EXACTLY_RECONSTRUCTED
2026-10-07,2026020053,8478463,5.9610544442972575,15.098,5.961054444297258,8.881784197001252e-16,10,15,150.98,D10_CONTRIBUTORS_EXACTLY_RECONSTRUCTED
2026-10-07,2026020053,8479345,4.554384711555635,22.396,4.5543847115556355,8.881784197001252e-16,10,17,223.96,D10_CONTRIBUTORS_EXACTLY_RECONSTRUCTED
2026-10-07,2026020053,8479385,7.689987937273824,14.574,7.6899879372738225,-1.7763568394002505e-15,10,17,132.64000000000001,D10_CONTRIBUTORS_EXACTLY_RECONSTRUCTED
2026-10-07,2026020053,8479398,3.703703703703704,19.44,3.7037037037037033,-8.881784197001252e-16,10,12,194.4,D10_CONTRIBUTORS_EXACTLY_RECONSTRUCTED
2026-10-07,2026020053,8479400,5.547483819838859,15.142,5.547483819838859,0.0,10,14,151.42000000000002,D10_CONTRIBUTORS_EXACTLY_RECONSTRUCTED
2026-10-07,2026020053,8479576,2.097168822090178,20.027,2.097168822090178,0.0,10,7,200.27,D10_CONTRIBUTORS_EXACTLY_RECONSTRUCTED
2026-10-07,2026020053,8480043,4.228871660152496,17.595,4.228871660152496,0.0,10,11,156.07,D10_CONTRIBUTORS_EXACTLY_RECONSTRUCTED
2026-10-07,2026020053,8480796,2.4745183526777823,18.625,2.4745183526777823,0.0,10,7,169.73000000000002,D10_CONTRIBUTORS_EXACTLY_RECONSTRUCTED
2026-10-07,2026020053,8480980,4.7713717693836974,15.09,4.771371769383698,8.881784197001252e-16,10,12,150.9,D10_CONTRIBUTORS_EXACTLY_RECONSTRUCTED
2026-10-07,2026020053,8481481,4.636459430979979,14.235,4.636459430979979,0.0,10,11,142.35,D10_CONTRIBUTORS_EXACTLY_RECONSTRUCTED
2026-10-07,2026020053,8481527,3.446075303126994,15.67,3.4460753031269946,4.440892098500626e-16,10,9,156.7,D10_CONTRIBUTORS_EXACTLY_RECONSTRUCTED
2026-10-07,2026020053,8481582,7.431363104658364,14.533,7.431363104658363,-8.881784197001252e-16,10,18,145.33,D10_CONTRIBUTORS_EXACTLY_RECONSTRUCTED
2026-10-07,2026020053,8481656,7.1338925952837045,15.784,7.133892595283705,8.881784197001252e-16,10,18,151.39,D10_CONTRIBUTORS_EXACTLY_RECONSTRUCTED
2026-10-07,2026020053,8482088,2.3704484098241916,15.187,2.3704484098241916,0.0,10,6,151.87,D10_CONTRIBUTORS_EXACTLY_RECONSTRUCTED
2026-10-07,2026020053,8482148,3.6809815950920246,13.04,3.6809815950920246,0.0,10,8,130.4,D10_CONTRIBUTORS_EXACTLY_RECONSTRUCTED
2026-10-07,2026020053,8482475,7.883376087092536,15.983,7.883376087092534,-1.7763568394002505e-15,10,21,159.83,D10_CONTRIBUTORS_EXACTLY_RECONSTRUCTED
2026-10-07,2026020053,8482758,4.779145546705286,13.81,4.779145546705286,0.0,10,11,138.1,D10_CONTRIBUTORS_EXACTLY_RECONSTRUCTED
2026-10-07,2026020053,8483398,4.599599009317137,16.958,4.599599009317137,0.0,10,13,169.57999999999998,D10_CONTRIBUTORS_EXACTLY_RECONSTRUCTED
2026-10-07,2026020053,8484186,12.54938415059261,14.286,12.54938415059261,0.0,10,27,129.09,D10_CONTRIBUTORS_EXACTLY_RECONSTRUCTED
2026-10-07,2026020053,8484873,4.74058467210956,18.985,4.74058467210956,0.0,10,15,189.85,D10_CONTRIBUTORS_EXACTLY_RECONSTRUCTED
2026-10-07,2026020053,8484999,4.804804804804805,14.271428571428572,4.804804804804805,0.0,8,8,99.9,D10_CONTRIBUTORS_EXACTLY_RECONSTRUCTED
2026-10-07,2026020053,8485414,6.600660066006601,13.635,6.600660066006601,0.0,10,15,136.35,D10_CONTRIBUTORS_EXACTLY_RECONSTRUCTED
2026-10-07,2026020054,8470613,6.498781478472786,18.465,6.498781478472786,0.0,10,20,184.65,D10_CONTRIBUTORS_EXACTLY_RECONSTRUCTED
2026-10-07,2026020054,8475172,8.774160732451678,15.728,8.774160732451678,0.0,10,23,157.28,D10_CONTRIBUTORS_EXACTLY_RECONSTRUCTED
2026-10-07,2026020054,8475754,4.8619739614283395,18.511,4.8619739614283395,0.0,10,15,185.11,D10_CONTRIBUTORS_EXACTLY_RECONSTRUCTED
2026-10-07,2026020054,8475768,5.251110811902518,14.854,5.251110811902518,0.0,10,13,148.54,D10_CONTRIBUTORS_EXACTLY_RECONSTRUCTED
2026-10-07,2026020054,8476312,6.594169366034244,17.288,6.594169366034244,0.0,10,19,172.88,D10_CONTRIBUTORS_EXACTLY_RECONSTRUCTED
2026-10-07,2026020054,8476331,1.9462465245597775,21.58,1.9462465245597773,-2.220446049250313e-16,10,7,215.8,D10_CONTRIBUTORS_EXACTLY_RECONSTRUCTED
2026-10-07,2026020054,8476392,3.0637646007531756,15.667,3.063764600753175,-4.440892098500626e-16,10,8,156.67000000000002,D10_CONTRIBUTORS_EXACTLY_RECONSTRUCTED
2026-10-07,2026020054,8476455,6.835761827666847,16.677,6.835761827666848,8.881784197001252e-16,10,19,166.76999999999998,D10_CONTRIBUTORS_EXACTLY_RECONSTRUCTED
2026-10-07,2026020054,8476460,5.171423099023175,20.884,5.171423099023175,0.0,10,18,208.84,D10_CONTRIBUTORS_EXACTLY_RECONSTRUCTED
2026-10-07,2026020054,8476480,7.978060334081277,12.033,7.978060334081277,0.0,10,16,120.33,D10_CONTRIBUTORS_EXACTLY_RECONSTRUCTED
2026-10-07,2026020054,8476967,4.008972462177254,20.953,4.008972462177254,0.0,10,14,209.53,D10_CONTRIBUTORS_EXACTLY_RECONSTRUCTED
2026-10-07,2026020054,8477476,4.2492917847025495,18.356,4.2492917847025495,0.0,10,13,183.56,D10_CONTRIBUTORS_EXACTLY_RECONSTRUCTED
2026-10-07,2026020054,8477492,11.181192660550458,20.928,11.18119266055046,1.7763568394002505e-15,10,39,209.28,D10_CONTRIBUTORS_EXACTLY_RECONSTRUCTED
2026-10-07,2026020054,8477504,7.441303511097806,23.383,7.441303511097806,0.0,10,29,233.83,D10_CONTRIBUTORS_EXACTLY_RECONSTRUCTED
2026-10-07,2026020054,8478038,2.799575821845175,23.575,2.799575821845175,0.0,10,11,235.75,D10_CONTRIBUTORS_EXACTLY_RECONSTRUCTED
2026-10-07,2026020054,8478398,12.881679389312977,20.96,12.881679389312978,1.7763568394002505e-15,10,45,209.6,D10_CONTRIBUTORS_EXACTLY_RECONSTRUCTED
2026-10-07,2026020054,8478462,6.0444700295027705,13.897,6.0444700295027705,0.0,10,14,138.97,D10_CONTRIBUTORS_EXACTLY_RECONSTRUCTED
2026-10-07,2026020054,8479983,4.044489383215369,20.769,4.044489383215369,0.0,10,14,207.69,D10_CONTRIBUTORS_EXACTLY_RECONSTRUCTED
2026-10-07,2026020054,8480014,6.8823955566288335,16.564,6.882395556628833,-8.881784197001252e-16,10,19,165.64000000000001,D10_CONTRIBUTORS_EXACTLY_RECONSTRUCTED
2026-10-07,2026020054,8480039,9.796388782174414,20.824,9.796388782174414,0.0,10,34,208.24,D10_CONTRIBUTORS_EXACTLY_RECONSTRUCTED
2026-10-07,2026020054,8480049,2.745492815960465,21.854,2.745492815960465,0.0,10,10,218.54,D10_CONTRIBUTORS_EXACTLY_RECONSTRUCTED
2026-10-07,2026020054,8480069,6.2674094707520895,22.976,6.2674094707520895,0.0,10,24,229.76,D10_CONTRIBUTORS_EXACTLY_RECONSTRUCTED
2026-10-07,2026020054,8480113,8.792965627498,15.012,8.792965627498,0.0,10,22,150.12,D10_CONTRIBUTORS_EXACTLY_RECONSTRUCTED
2026-10-07,2026020054,8480145,4.245157866808172,22.614,4.245157866808172,0.0,10,16,226.14,D10_CONTRIBUTORS_EXACTLY_RECONSTRUCTED
2026-10-07,2026020054,8480289,5.255002358013878,14.843,5.255002358013878,0.0,10,13,148.43,D10_CONTRIBUTORS_EXACTLY_RECONSTRUCTED
2026-10-07,2026020054,8480448,5.097312326227989,12.948,5.097312326227989,0.0,10,11,129.48,D10_CONTRIBUTORS_EXACTLY_RECONSTRUCTED
2026-10-07,2026020054,8481030,1.0513404590853337,17.121,1.0513404590853337,0.0,10,3,171.21,D10_CONTRIBUTORS_EXACTLY_RECONSTRUCTED
2026-10-07,2026020054,8481043,8.467267738141905,12.755,8.467267738141905,0.0,10,18,127.55,D10_CONTRIBUTORS_EXACTLY_RECONSTRUCTED
2026-10-07,2026020054,8482149,5.431502715751358,16.57,5.431502715751359,8.881784197001252e-16,10,15,165.7,D10_CONTRIBUTORS_EXACTLY_RECONSTRUCTED
2026-10-07,2026020054,8482742,8.664259927797834,13.85,8.664259927797834,0.0,10,20,138.5,D10_CONTRIBUTORS_EXACTLY_RECONSTRUCTED
2026-10-07,2026020054,8482765,5.782668058790459,12.451,5.782668058790458,-8.881784197001252e-16,10,12,124.51,D10_CONTRIBUTORS_EXACTLY_RECONSTRUCTED
2026-10-07,2026020054,8482768,5.708430913348946,13.664,5.708430913348946,0.0,10,13,136.64000000000001,D10_CONTRIBUTORS_EXACTLY_RECONSTRUCTED
2026-10-07,2026020054,8483471,5.035477225909819,13.107,5.03547722590982,8.881784197001252e-16,10,11,131.07,D10_CONTRIBUTORS_EXACTLY_RECONSTRUCTED
2026-10-07,2026020054,8484258,5.9994000599940005,20.002,5.9994000599940005,0.0,10,20,200.02,D10_CONTRIBUTORS_EXACTLY_RECONSTRUCTED
2026-10-07,2026020054,8486025,5.136986301369863,14.016,5.136986301369863,0.0,5,6,70.08,D10_CONTRIBUTORS_EXACTLY_RECONSTRUCTED
2026-10-07,2026020054,8486171,6.373185412486722,16.946,6.373185412486722,0.0,5,9,84.73,D10_CONTRIBUTORS_EXACTLY_RECONSTRUCTED
2026-10-07,2026020055,8473986,4.952246197382384,16.962,4.952246197382384,0.0,10,14,169.62,D10_CONTRIBUTORS_EXACTLY_RECONSTRUCTED
2026-10-07,2026020055,8475218,1.7922039129785434,20.087,1.7922039129785432,-2.220446049250313e-16,10,6,200.87,D10_CONTRIBUTORS_EXACTLY_RECONSTRUCTED
2026-10-07,2026020055,8475798,4.2310985745227425,19.853,4.2310985745227425,0.0,10,14,198.53,D10_CONTRIBUTORS_EXACTLY_RECONSTRUCTED
2026-10-07,2026020055,8476473,3.0782146355114035,21.441,3.0782146355114035,0.0,10,11,214.41,D10_CONTRIBUTORS_EXACTLY_RECONSTRUCTED
2026-10-07,2026020055,8477450,4.860267314702309,14.814,4.860267314702308,-8.881784197001252e-16,10,12,148.14000000000001,D10_CONTRIBUTORS_EXACTLY_RECONSTRUCTED
2026-10-07,2026020055,8477934,9.494672433801034,18.958,9.494672433801034,0.0,10,30,189.58,D10_CONTRIBUTORS_EXACTLY_RECONSTRUCTED
2026-10-07,2026020055,8477953,4.6263345195729535,16.86,4.6263345195729535,0.0,10,13,168.6,D10_CONTRIBUTORS_EXACTLY_RECONSTRUCTED
2026-10-07,2026020055,8478013,5.042016806722689,16.66,5.04201680672269,8.881784197001252e-16,10,14,166.6,D10_CONTRIBUTORS_EXACTLY_RECONSTRUCTED
2026-10-07,2026020055,8478402,10.37299563469767,23.137,10.37299563469767,0.0,10,40,231.37,D10_CONTRIBUTORS_EXACTLY_RECONSTRUCTED
2026-10-07,2026020055,8478421,7.470021623746805,15.261,7.4700216237468045,-8.881784197001252e-16,10,19,152.61,D10_CONTRIBUTORS_EXACTLY_RECONSTRUCTED
2026-10-07,2026020055,8478472,2.727024815925825,11.001,2.7270248159258252,4.440892098500626e-16,10,5,110.00999999999999,D10_CONTRIBUTORS_EXACTLY_RECONSTRUCTED
2026-10-07,2026020055,8478854,2.271436683702442,21.132,2.271436683702442,0.0,10,8,211.32,D10_CONTRIBUTORS_EXACTLY_RECONSTRUCTED
2026-10-07,2026020055,8479365,6.78513731825525,12.38,6.78513731825525,0.0,10,14,123.8,D10_CONTRIBUTORS_EXACTLY_RECONSTRUCTED
2026-10-07,2026020055,8479368,4.646210434614268,10.331,4.646210434614268,0.0,10,8,103.31,D10_CONTRIBUTORS_EXACTLY_RECONSTRUCTED
2026-10-07,2026020055,8480029,8.005336891260841,14.99,8.005336891260841,0.0,5,10,74.95,D10_CONTRIBUTORS_EXACTLY_RECONSTRUCTED
2026-10-07,2026020055,8480068,5.919884233374992,15.203,5.919884233374992,0.0,10,15,152.03,D10_CONTRIBUTORS_EXACTLY_RECONSTRUCTED
2026-10-07,2026020055,8480803,6.404680952004428,25.294,6.404680952004428,0.0,10,27,252.94,D10_CONTRIBUTORS_EXACTLY_RECONSTRUCTED
2026-10-07,2026020055,8480834,1.5472890206949907,15.511,1.547289020694991,2.220446049250313e-16,10,4,155.10999999999999,D10_CONTRIBUTORS_EXACTLY_RECONSTRUCTED
2026-10-07,2026020055,8481538,0.8077544426494345,14.856,0.8077544426494345,0.0,5,1,74.28,D10_CONTRIBUTORS_EXACTLY_RECONSTRUCTED
2026-10-07,2026020055,8481605,2.9666254635352285,24.27,2.9666254635352285,0.0,10,12,242.7,D10_CONTRIBUTORS_EXACTLY_RECONSTRUCTED
2026-10-07,2026020055,8481617,11.009174311926603,17.44,11.009174311926605,1.7763568394002505e-15,10,32,174.4,D10_CONTRIBUTORS_EXACTLY_RECONSTRUCTED
2026-10-07,2026020055,8481754,3.8001741746496713,12.631,3.8001741746496718,4.440892098500626e-16,10,8,126.31,D10_CONTRIBUTORS_EXACTLY_RECONSTRUCTED
2026-10-07,2026020055,8482408,8.172531214528945,8.81,8.172531214528945,0.0,10,12,88.1,D10_CONTRIBUTORS_EXACTLY_RECONSTRUCTED
2026-10-07,2026020055,8482731,5.481377371749824,15.811111111111112,5.481377371749824,0.0,9,13,142.3,D10_CONTRIBUTORS_EXACTLY_RECONSTRUCTED
2026-10-07,2026020055,8483445,13.430330162283155,16.083,13.430330162283157,1.7763568394002505e-15,10,36,160.82999999999998,D10_CONTRIBUTORS_EXACTLY_RECONSTRUCTED
2026-10-07,2026020055,8483455,9.640877319836106,12.447,9.640877319836104,-1.7763568394002505e-15,10,20,124.47,D10_CONTRIBUTORS_EXACTLY_RECONSTRUCTED
2026-10-07,2026020055,8483482,3.3946251768033946,21.21,3.394625176803395,4.440892098500626e-16,10,12,212.1,D10_CONTRIBUTORS_EXACTLY_RECONSTRUCTED
2026-10-07,2026020055,8483490,3.678536759822204,19.573,3.678536759822204,0.0,10,12,195.73,D10_CONTRIBUTORS_EXACTLY_RECONSTRUCTED
2026-10-07,2026020055,8483521,5.02680965147453,14.92,5.026809651474531,8.881784197001252e-16,4,5,59.68,D10_CONTRIBUTORS_EXACTLY_RECONSTRUCTED
2026-10-07,2026020055,8484153,10.08622092077436,18.441,10.08622092077436,0.0,10,31,184.41,D10_CONTRIBUTORS_EXACTLY_RECONSTRUCTED
2026-10-07,2026020055,8484262,2.402113860196973,17.841428571428573,2.402113860196973,0.0,7,5,124.89,D10_CONTRIBUTORS_EXACTLY_RECONSTRUCTED
2026-10-07,2026020055,8484509,2.0851433536055604,11.51,2.0851433536055604,0.0,10,4,115.1,D10_CONTRIBUTORS_EXACTLY_RECONSTRUCTED
2026-10-07,2026020055,8484762,8.344923504867872,18.694,8.344923504867872,0.0,10,26,186.94,D10_CONTRIBUTORS_EXACTLY_RECONSTRUCTED
2026-10-07,2026020055,8485512,2.616279069767442,13.76,2.616279069767442,0.0,10,6,137.6,D10_CONTRIBUTORS_EXACTLY_RECONSTRUCTED
2026-10-07,2026020055,8486052,2.692998204667864,14.853333333333332,2.6929982046678633,-8.881784197001252e-16,3,2,44.56,D10_CONTRIBUTORS_EXACTLY_RECONSTRUCTED
2026-10-07,2026020055,8486161,5.197055002165439,13.194285714285714,5.197055002165439,0.0,7,8,92.36,D10_CONTRIBUTORS_EXACTLY_RECONSTRUCTED
2026-10-08,2026020056,8475314,9.780990856899852,14.109,9.780990856899852,0.0,10,23,141.09,D10_CONTRIBUTORS_EXACTLY_RECONSTRUCTED
2026-10-08,2026020056,8476389,4.261596459596787,18.303,4.261596459596787,0.0,10,13,183.03,D10_CONTRIBUTORS_EXACTLY_RECONSTRUCTED
2026-10-08,2026020056,8476854,2.878111958555188,20.847,2.8781119585551878,-4.440892098500626e-16,10,10,208.47,D10_CONTRIBUTORS_EXACTLY_RECONSTRUCTED
2026-10-08,2026020056,8477220,3.067955207853965,19.557,3.0679552078539656,4.440892098500626e-16,10,10,195.57,D10_CONTRIBUTORS_EXACTLY_RECONSTRUCTED
2026-10-08,2026020056,8477346,5.343096027309158,20.213,5.343096027309158,0.0,10,18,202.13,D10_CONTRIBUTORS_EXACTLY_RECONSTRUCTED
2026-10-08,2026020056,8477365,3.580130276962856,20.111,3.580130276962856,0.0,10,12,201.11,D10_CONTRIBUTORS_EXACTLY_RECONSTRUCTED
2026-10-08,2026020056,8477496,5.2835505459668894,17.034,5.2835505459668894,0.0,10,15,170.34,D10_CONTRIBUTORS_EXACTLY_RECONSTRUCTED
2026-10-08,2026020056,8477507,3.289473684210526,20.064,3.2894736842105265,4.440892098500626e-16,10,11,200.64,D10_CONTRIBUTORS_EXACTLY_RECONSTRUCTED
2026-10-08,2026020056,8477951,11.361310133060387,19.54,11.361310133060389,1.7763568394002505e-15,10,37,195.4,D10_CONTRIBUTORS_EXACTLY_RECONSTRUCTED
2026-10-08,2026020056,8477956,9.111855886049437,19.096,9.111855886049435,-1.7763568394002505e-15,10,29,190.96,D10_CONTRIBUTORS_EXACTLY_RECONSTRUCTED
2026-10-08,2026020056,8478401,5.5002138972071135,16.363,5.5002138972071135,0.0,10,15,163.63,D10_CONTRIBUTORS_EXACTLY_RECONSTRUCTED
2026-10-08,2026020056,8478474,8.579955235016165,16.084,8.579955235016165,0.0,10,23,160.84,D10_CONTRIBUTORS_EXACTLY_RECONSTRUCTED
2026-10-08,2026020056,8478507,2.068863602778188,20.301,2.0688636027781886,4.440892098500626e-16,10,7,203.01,D10_CONTRIBUTORS_EXACTLY_RECONSTRUCTED
2026-10-08,2026020056,8478831,3.4492670307559643,13.916,3.4492670307559643,0.0,10,8,139.16,D10_CONTRIBUTORS_EXACTLY_RECONSTRUCTED
2026-10-08,2026020056,8478840,1.6794491406818564,17.863,1.6794491406818564,0.0,10,5,178.63,D10_CONTRIBUTORS_EXACTLY_RECONSTRUCTED
2026-10-08,2026020056,8479343,7.016797788645546,18.812,7.016797788645545,-8.881784197001252e-16,10,22,188.12,D10_CONTRIBUTORS_EXACTLY_RECONSTRUCTED
2026-10-08,2026020056,8479369,3.4221182912222665,17.533,3.422118291222267,4.440892098500626e-16,10,10,175.32999999999998,D10_CONTRIBUTORS_EXACTLY_RECONSTRUCTED
2026-10-08,2026020056,8479410,6.4878892733564015,23.12,6.487889273356401,-8.881784197001252e-16,10,25,231.20000000000002,D10_CONTRIBUTORS_EXACTLY_RECONSTRUCTED
2026-10-08,2026020056,8479619,8.248052543149534,13.094,8.248052543149534,0.0,10,18,130.94,D10_CONTRIBUTORS_EXACTLY_RECONSTRUCTED
2026-10-08,2026020056,8479661,2.608468828797496,11.501,2.608468828797496,0.0,10,5,115.00999999999999,D10_CONTRIBUTORS_EXACTLY_RECONSTRUCTED
2026-10-08,2026020056,8479987,6.122796076875106,17.639,6.122796076875107,8.881784197001252e-16,10,18,176.39,D10_CONTRIBUTORS_EXACTLY_RECONSTRUCTED
2026-10-08,2026020056,8479999,3.965107057890563,15.132,3.965107057890563,0.0,10,10,151.32,D10_CONTRIBUTORS_EXACTLY_RECONSTRUCTED
2026-10-08,2026020056,8480355,7.63099881295574,11.794,7.630998812955741,8.881784197001252e-16,10,15,117.94,D10_CONTRIBUTORS_EXACTLY_RECONSTRUCTED
2026-10-08,2026020056,8480849,5.917608679159396,13.181,5.917608679159397,8.881784197001252e-16,10,13,131.81,D10_CONTRIBUTORS_EXACTLY_RECONSTRUCTED
2026-10-08,2026020056,8480855,3.1963470319634704,13.14,3.1963470319634704,0.0,10,7,131.4,D10_CONTRIBUTORS_EXACTLY_RECONSTRUCTED
2026-10-08,2026020056,8482175,7.189503325145288,16.691,7.189503325145289,8.881784197001252e-16,10,20,166.91,D10_CONTRIBUTORS_EXACTLY_RECONSTRUCTED
2026-10-08,2026020056,8482177,2.466767164588187,14.594,2.466767164588187,0.0,10,6,145.94,D10_CONTRIBUTORS_EXACTLY_RECONSTRUCTED
2026-10-08,2026020056,8482511,2.188868042526579,19.188,2.1888680425265794,4.440892098500626e-16,10,7,191.88,D10_CONTRIBUTORS_EXACTLY_RECONSTRUCTED
2026-10-08,2026020056,8482699,11.571185479296654,17.63,11.571185479296652,-1.7763568394002505e-15,10,34,176.3,D10_CONTRIBUTORS_EXACTLY_RECONSTRUCTED
2026-10-08,2026020056,8483017,4.6875,17.92,4.6875,0.0,5,7,89.6,D10_CONTRIBUTORS_EXACTLY_RECONSTRUCTED
2026-10-08,2026020056,8483431,5.211160568885028,18.422,5.211160568885028,0.0,10,16,184.22,D10_CONTRIBUTORS_EXACTLY_RECONSTRUCTED
2026-10-08,2026020056,8483489,5.780694887697958,16.607,5.780694887697959,8.881784197001252e-16,10,16,166.07,D10_CONTRIBUTORS_EXACTLY_RECONSTRUCTED
2026-10-08,2026020056,8483505,7.097232079488999,12.681,7.097232079488999,0.0,10,15,126.81,D10_CONTRIBUTORS_EXACTLY_RECONSTRUCTED
2026-10-08,2026020056,8484386,3.459099353020306,15.611,3.459099353020306,0.0,10,9,156.11,D10_CONTRIBUTORS_EXACTLY_RECONSTRUCTED
2026-10-08,2026020056,8484388,3.505550454886904,11.981,3.505550454886904,0.0,10,7,119.81,D10_CONTRIBUTORS_EXACTLY_RECONSTRUCTED
2026-10-08,2026020056,8485395,8.20084885979426,15.445555555555556,8.20084885979426,0.0,9,19,139.01,D10_CONTRIBUTORS_EXACTLY_RECONSTRUCTED
2026-10-08,2026020057,8473994,5.539313740575473,12.998,5.539313740575474,8.881784197001252e-16,10,12,129.98,D10_CONTRIBUTORS_EXACTLY_RECONSTRUCTED
2026-10-08,2026020057,8474574,2.331908278274388,18.011,2.331908278274388,0.0,10,7,180.11,D10_CONTRIBUTORS_EXACTLY_RECONSTRUCTED
2026-10-08,2026020057,8475794,5.379681357334989,14.499,5.379681357334988,-8.881784197001252e-16,10,13,144.99,D10_CONTRIBUTORS_EXACTLY_RECONSTRUCTED
2026-10-08,2026020057,8476278,3.4395217426910163,12.211,3.4395217426910163,0.0,10,7,122.11,D10_CONTRIBUTORS_EXACTLY_RECONSTRUCTED
2026-10-08,2026020057,8476889,4.985044865403789,12.036,4.985044865403789,0.0,10,10,120.36,D10_CONTRIBUTORS_EXACTLY_RECONSTRUCTED
2026-10-08,2026020057,8476902,3.17567242457778,20.783,3.17567242457778,0.0,10,11,207.82999999999998,D10_CONTRIBUTORS_EXACTLY_RECONSTRUCTED
2026-10-08,2026020057,8478420,4.824847967030205,19.897,4.824847967030205,0.0,10,16,198.97,D10_CONTRIBUTORS_EXACTLY_RECONSTRUCTED
2026-10-08,2026020057,8478449,6.707241336479941,16.102,6.707241336479941,0.0,10,18,161.02,D10_CONTRIBUTORS_EXACTLY_RECONSTRUCTED
2026-10-08,2026020057,8479351,4.848811367768874,14.849,4.848811367768873,-8.881784197001252e-16,10,12,148.49,D10_CONTRIBUTORS_EXACTLY_RECONSTRUCTED
2026-10-08,2026020057,8479359,2.1885828925770565,10.966,2.1885828925770565,0.0,10,4,109.66,D10_CONTRIBUTORS_EXACTLY_RECONSTRUCTED
2026-10-08,2026020057,8479420,12.942600094701952,19.007,12.942600094701952,0.0,10,41,190.07,D10_CONTRIBUTORS_EXACTLY_RECONSTRUCTED
2026-10-08,2026020057,8479941,4.203315949248852,12.847,4.203315949248852,0.0,10,9,128.47,D10_CONTRIBUTORS_EXACTLY_RECONSTRUCTED
2026-10-08,2026020057,8480027,8.414710159983379,19.252,8.414710159983379,0.0,10,27,192.51999999999998,D10_CONTRIBUTORS_EXACTLY_RECONSTRUCTED
2026-10-08,2026020057,8480036,3.9459838653104176,22.808,3.945983865310417,-4.440892098500626e-16,10,15,228.07999999999998,D10_CONTRIBUTORS_EXACTLY_RECONSTRUCTED
2026-10-08,2026020057,8480064,5.4309174371242,15.467,5.430917437124199,-8.881784197001252e-16,10,14,154.67000000000002,D10_CONTRIBUTORS_EXACTLY_RECONSTRUCTED
2026-10-08,2026020057,8480802,3.7905110872449304,15.829,3.7905110872449304,0.0,10,10,158.29,D10_CONTRIBUTORS_EXACTLY_RECONSTRUCTED
2026-10-08,2026020057,8480807,3.924725772365905,19.874,3.924725772365905,0.0,10,13,198.74,D10_CONTRIBUTORS_EXACTLY_RECONSTRUCTED
2026-10-08,2026020057,8480839,5.731849144376143,24.076,5.731849144376142,-8.881784197001252e-16,10,23,240.76,D10_CONTRIBUTORS_EXACTLY_RECONSTRUCTED
2026-10-08,2026020057,8480840,3.333597904595603,12.599,3.3335979045956026,-4.440892098500626e-16,10,7,125.99000000000001,D10_CONTRIBUTORS_EXACTLY_RECONSTRUCTED
2026-10-08,2026020057,8480878,2.8185554903112156,17.03,2.8185554903112156,0.0,10,8,170.3,D10_CONTRIBUTORS_EXACTLY_RECONSTRUCTED
2026-10-08,2026020057,8481522,5.644402634054563,14.882,5.644402634054562,-8.881784197001252e-16,10,14,148.82,D10_CONTRIBUTORS_EXACTLY_RECONSTRUCTED
2026-10-08,2026020057,8481581,4.8849466512405195,23.337,4.884946651240519,-8.881784197001252e-16,10,19,233.37,D10_CONTRIBUTORS_EXACTLY_RECONSTRUCTED
2026-10-08,2026020057,8481806,5.353856449723942,17.931,5.353856449723941,-8.881784197001252e-16,10,16,179.31,D10_CONTRIBUTORS_EXACTLY_RECONSTRUCTED
2026-10-08,2026020057,8482097,9.780775716694771,17.79,9.780775716694773,1.7763568394002505e-15,10,29,177.9,D10_CONTRIBUTORS_EXACTLY_RECONSTRUCTED
2026-10-08,2026020057,8482659,5.116096025186934,15.246,5.116096025186934,0.0,10,13,152.46,D10_CONTRIBUTORS_EXACTLY_RECONSTRUCTED
2026-10-08,2026020057,8482671,2.853560465216827,23.129,2.853560465216827,0.0,10,11,231.29,D10_CONTRIBUTORS_EXACTLY_RECONSTRUCTED
2026-10-08,2026020057,8482740,9.156577474819413,19.658,9.156577474819413,0.0,10,30,196.57999999999998,D10_CONTRIBUTORS_EXACTLY_RECONSTRUCTED
2026-10-08,2026020057,8482803,3.9496781743709777,13.672,3.949678174370977,-8.881784197001252e-16,10,9,136.72,D10_CONTRIBUTORS_EXACTLY_RECONSTRUCTED
2026-10-08,2026020057,8483425,0.6957328385899815,17.248,0.6957328385899815,0.0,10,2,172.48,D10_CONTRIBUTORS_EXACTLY_RECONSTRUCTED
2026-10-08,2026020057,8483468,5.018470760437722,14.347,5.018470760437722,0.0,10,12,143.47,D10_CONTRIBUTORS_EXACTLY_RECONSTRUCTED
2026-10-08,2026020057,8483500,5.330174711282203,16.885,5.330174711282203,0.0,10,15,168.85,D10_CONTRIBUTORS_EXACTLY_RECONSTRUCTED
2026-10-08,2026020057,8484145,6.418918918918919,17.76,6.418918918918919,0.0,10,19,177.6,D10_CONTRIBUTORS_EXACTLY_RECONSTRUCTED
2026-10-08,2026020057,8484305,0.7520210565895845,15.957,0.7520210565895846,1.1102230246251565e-16,10,2,159.57,D10_CONTRIBUTORS_EXACTLY_RECONSTRUCTED
2026-10-08,2026020057,8484797,6.8684267010088,13.977,6.8684267010088,0.0,10,16,139.77,D10_CONTRIBUTORS_EXACTLY_RECONSTRUCTED
2026-10-08,2026020057,8484829,3.6789502728554786,16.309,3.6789502728554786,0.0,10,10,163.09,D10_CONTRIBUTORS_EXACTLY_RECONSTRUCTED
2026-10-08,2026020057,8484938,6.589785831960461,14.568,6.5897858319604605,-8.881784197001252e-16,10,16,145.68,D10_CONTRIBUTORS_EXACTLY_RECONSTRUCTED
2026-10-08,2026020058,8474564,9.152595865551524,19.011,9.152595865551522,-1.7763568394002505e-15,10,29,190.11,D10_CONTRIBUTORS_EXACTLY_RECONSTRUCTED
2026-10-08,2026020058,8474600,5.326876513317191,24.78,5.326876513317191,0.0,10,22,247.8,D10_CONTRIBUTORS_EXACTLY_RECONSTRUCTED
2026-10-08,2026020058,8475158,4.8892723612309466,20.862,4.8892723612309466,0.0,10,17,208.62,D10_CONTRIBUTORS_EXACTLY_RECONSTRUCTED
2026-10-08,2026020058,8475184,5.402624131721121,15.548,5.402624131721122,8.881784197001252e-16,10,14,155.48,D10_CONTRIBUTORS_EXACTLY_RECONSTRUCTED
2026-10-08,2026020058,8476479,6.64865987949304,14.439,6.6486598794930405,8.881784197001252e-16,10,16,144.39,D10_CONTRIBUTORS_EXACTLY_RECONSTRUCTED
2026-10-08,2026020058,8476539,5.746733255798043,16.319,5.746733255798042,-8.881784197001252e-16,10,14,146.17000000000002,D10_CONTRIBUTORS_EXACTLY_RECONSTRUCTED
2026-10-08,2026020058,8476869,2.488020641356432,21.704,2.488020641356432,0.0,10,9,217.04,D10_CONTRIBUTORS_EXACTLY_RECONSTRUCTED
2026-10-08,2026020058,8476875,5.0853922108742635,23.597,5.0853922108742635,0.0,10,20,235.97,D10_CONTRIBUTORS_EXACTLY_RECONSTRUCTED
2026-10-08,2026020058,8476887,6.684898207231845,19.746,6.684898207231845,0.0,10,22,197.46,D10_CONTRIBUTORS_EXACTLY_RECONSTRUCTED
2026-10-08,2026020058,8476981,4.4632894443204645,13.443,4.463289444320464,-8.881784197001252e-16,10,10,134.43,D10_CONTRIBUTORS_EXACTLY_RECONSTRUCTED
2026-10-08,2026020058,8477021,4.189066536340152,15.923,4.189066536340152,0.0,10,10,143.23,D10_CONTRIBUTORS_EXACTLY_RECONSTRUCTED
2026-10-08,2026020058,8478133,5.418924551896624,14.394,5.418924551896624,0.0,10,13,143.94,D10_CONTRIBUTORS_EXACTLY_RECONSTRUCTED
2026-10-08,2026020058,8478851,1.9357960961445395,18.597,1.9357960961445393,-2.220446049250313e-16,10,6,185.97,D10_CONTRIBUTORS_EXACTLY_RECONSTRUCTED
2026-10-08,2026020058,8479525,5.593362543115503,11.92,5.593362543115502,-8.881784197001252e-16,10,10,107.27000000000001,D10_CONTRIBUTORS_EXACTLY_RECONSTRUCTED
2026-10-08,2026020058,8479980,3.4820737683776115,17.87,3.482073768377612,4.440892098500626e-16,10,9,155.07999999999998,D10_CONTRIBUTORS_EXACTLY_RECONSTRUCTED
2026-10-08,2026020058,8480018,7.166512840002172,20.364,7.166512840002172,0.0,10,22,184.19,D10_CONTRIBUTORS_EXACTLY_RECONSTRUCTED
2026-10-08,2026020058,8480074,5.973931933381608,12.678,5.973931933381607,-8.881784197001252e-16,10,11,110.48,D10_CONTRIBUTORS_EXACTLY_RECONSTRUCTED
2026-10-08,2026020058,8480246,2.52085709141108,19.053,2.52085709141108,0.0,10,7,166.60999999999999,D10_CONTRIBUTORS_EXACTLY_RECONSTRUCTED
2026-10-08,2026020058,8480835,6.426099851705388,13.703,6.426099851705389,8.881784197001252e-16,10,13,121.38,D10_CONTRIBUTORS_EXACTLY_RECONSTRUCTED
2026-10-08,2026020058,8480865,4.418912947414936,22.58,4.418912947414936,0.0,10,15,203.67000000000002,D10_CONTRIBUTORS_EXACTLY_RECONSTRUCTED
2026-10-08,2026020058,8481523,3.9930122285999503,13.406,3.99301222859995,-4.440892098500626e-16,10,8,120.21000000000001,D10_CONTRIBUTORS_EXACTLY_RECONSTRUCTED
2026-10-08,2026020058,8481535,5.158668125683914,12.794,5.158668125683914,0.0,10,11,127.94,D10_CONTRIBUTORS_EXACTLY_RECONSTRUCTED
2026-10-08,2026020058,8481540,11.762609160577435,18.748,11.762609160577435,0.0,10,33,168.33,D10_CONTRIBUTORS_EXACTLY_RECONSTRUCTED
2026-10-08,2026020058,8481618,4.993065187239944,16.145,4.993065187239945,8.881784197001252e-16,10,12,144.2,D10_CONTRIBUTORS_EXACTLY_RECONSTRUCTED
2026-10-08,2026020058,8481726,9.410710284561954,9.681,9.410710284561954,0.0,10,14,89.25999999999999,D10_CONTRIBUTORS_EXACTLY_RECONSTRUCTED
2026-10-08,2026020058,8482145,9.76709241172051,17.957,9.767092411720512,1.7763568394002505e-15,10,26,159.72,D10_CONTRIBUTORS_EXACTLY_RECONSTRUCTED
2026-10-08,2026020058,8482482,3.5690916661709595,18.964,3.569091666170959,-4.440892098500626e-16,10,10,168.11,D10_CONTRIBUTORS_EXACTLY_RECONSTRUCTED
2026-10-08,2026020058,8482737,6.040424378533261,14.423,6.040424378533261,0.0,10,13,129.13,D10_CONTRIBUTORS_EXACTLY_RECONSTRUCTED
2026-10-08,2026020058,8482806,3.02571860816944,13.22,3.0257186081694396,-4.440892098500626e-16,3,2,39.660000000000004,D10_CONTRIBUTORS_EXACTLY_RECONSTRUCTED
2026-10-08,2026020058,8482964,4.391422088853107,14.823,4.391422088853107,0.0,10,10,136.63,D10_CONTRIBUTORS_EXACTLY_RECONSTRUCTED
2026-10-08,2026020058,8483457,2.2678593927176514,26.279,2.2678593927176514,0.0,10,9,238.11,D10_CONTRIBUTORS_EXACTLY_RECONSTRUCTED
2026-10-08,2026020058,8483513,4.98960498960499,10.428,4.989604989604989,-8.881784197001252e-16,10,8,96.2,D10_CONTRIBUTORS_EXACTLY_RECONSTRUCTED
2026-10-08,2026020058,8483515,7.727884784263217,19.041,7.7278847842632175,8.881784197001252e-16,10,22,170.81,D10_CONTRIBUTORS_EXACTLY_RECONSTRUCTED
2026-10-08,2026020058,8483686,4.382761139517896,14.81,4.382761139517896,0.0,10,10,136.9,D10_CONTRIBUTORS_EXACTLY_RECONSTRUCTED
2026-10-08,2026020058,8484241,7.435429167753718,15.332,7.435429167753718,0.0,10,19,153.32,D10_CONTRIBUTORS_EXACTLY_RECONSTRUCTED
2026-10-08,2026020058,8484403,5.843681519357195,10.2675,5.843681519357196,8.881784197001252e-16,9,8,82.14,D10_CONTRIBUTORS_EXACTLY_RECONSTRUCTED
2026-10-08,2026020059,8473512,8.64066119842214,15.971,8.64066119842214,0.0,10,23,159.71,D10_CONTRIBUTORS_EXACTLY_RECONSTRUCTED
2026-10-08,2026020059,8476372,2.3381395089907033,17.963,2.3381395089907033,0.0,10,7,179.63,D10_CONTRIBUTORS_EXACTLY_RECONSTRUCTED
2026-10-08,2026020059,8476393,4.746366063482646,11.286,4.746366063482647,8.881784197001252e-16,10,8,101.13,D10_CONTRIBUTORS_EXACTLY_RECONSTRUCTED
2026-10-08,2026020059,8476461,3.858520900321543,15.55,3.858520900321543,0.0,10,10,155.5,D10_CONTRIBUTORS_EXACTLY_RECONSTRUCTED
2026-10-08,2026020059,8477948,4.483932574939799,24.086,4.483932574939799,0.0,10,18,240.86,D10_CONTRIBUTORS_EXACTLY_RECONSTRUCTED
2026-10-08,2026020059,8477989,5.512341520181295,16.327,5.512341520181295,0.0,10,15,163.27,D10_CONTRIBUTORS_EXACTLY_RECONSTRUCTED
2026-10-08,2026020059,8477998,4.442981734408425,12.154,4.442981734408425,0.0,10,9,121.54,D10_CONTRIBUTORS_EXACTLY_RECONSTRUCTED
2026-10-08,2026020059,8478020,3.968778939013097,16.803,3.968778939013097,0.0,10,10,151.18,D10_CONTRIBUTORS_EXACTLY_RECONSTRUCTED
2026-10-08,2026020059,8478047,6.837050301155787,12.286,6.837050301155787,0.0,10,14,122.86,D10_CONTRIBUTORS_EXACTLY_RECONSTRUCTED
2026-10-08,2026020059,8478439,4.432405811376508,16.244,4.432405811376508,0.0,10,12,162.44,D10_CONTRIBUTORS_EXACTLY_RECONSTRUCTED
2026-10-08,2026020059,8478469,4.876661112691511,24.607,4.876661112691511,0.0,10,20,246.07,D10_CONTRIBUTORS_EXACTLY_RECONSTRUCTED
2026-10-08,2026020059,8478569,2.7794322017073654,15.111,2.7794322017073654,0.0,10,7,151.11,D10_CONTRIBUTORS_EXACTLY_RECONSTRUCTED
2026-10-08,2026020059,8480015,7.199696854869269,15.834,7.199696854869268,-8.881784197001252e-16,10,19,158.34,D10_CONTRIBUTORS_EXACTLY_RECONSTRUCTED
2026-10-08,2026020059,8480188,6.342494714587738,13.236,6.342494714587737,-8.881784197001252e-16,10,13,122.98,D10_CONTRIBUTORS_EXACTLY_RECONSTRUCTED
2026-10-08,2026020059,8480208,7.0884746652664745,16.964,7.088474665266474,-8.881784197001252e-16,10,18,152.36,D10_CONTRIBUTORS_EXACTLY_RECONSTRUCTED
2026-10-08,2026020059,8480220,7.126388597778243,14.313,7.126388597778243,0.0,10,17,143.13,D10_CONTRIBUTORS_EXACTLY_RECONSTRUCTED
2026-10-08,2026020059,8481122,5.426707151624782,16.977,5.4267071516247825,8.881784197001252e-16,10,14,154.79,D10_CONTRIBUTORS_EXACTLY_RECONSTRUCTED
2026-10-08,2026020059,8481528,8.719346049046322,18.15,8.719346049046322,0.0,10,24,165.15,D10_CONTRIBUTORS_EXACTLY_RECONSTRUCTED
2026-10-08,2026020059,8481533,4.27608135518886,18.241,4.27608135518886,0.0,10,13,182.41,D10_CONTRIBUTORS_EXACTLY_RECONSTRUCTED
2026-10-08,2026020059,8481546,1.6058524400035683,22.418,1.6058524400035685,2.220446049250313e-16,10,6,224.18,D10_CONTRIBUTORS_EXACTLY_RECONSTRUCTED
2026-10-08,2026020059,8481596,6.271134337534583,17.982,6.271134337534583,0.0,10,17,162.65,D10_CONTRIBUTORS_EXACTLY_RECONSTRUCTED
2026-10-08,2026020059,8481606,4.488106517728021,22.048,4.488106517728021,0.0,10,15,200.53,D10_CONTRIBUTORS_EXACTLY_RECONSTRUCTED
2026-10-08,2026020059,8482092,7.030960897989392,17.746,7.030960897989392,0.0,10,19,162.14000000000001,D10_CONTRIBUTORS_EXACTLY_RECONSTRUCTED
2026-10-08,2026020059,8482095,3.600458240139654,21.149,3.600458240139654,0.0,10,11,183.31,D10_CONTRIBUTORS_EXACTLY_RECONSTRUCTED
2026-10-08,2026020059,8482116,7.348063479103945,19.597,7.348063479103944,-8.881784197001252e-16,10,24,195.97,D10_CONTRIBUTORS_EXACTLY_RECONSTRUCTED
2026-10-08,2026020059,8482142,3.712871287128713,21.008,3.7128712871287126,-4.440892098500626e-16,10,13,210.08,D10_CONTRIBUTORS_EXACTLY_RECONSTRUCTED
2026-10-08,2026020059,8482159,7.381311860426103,17.883,7.381311860426104,8.881784197001252e-16,10,22,178.82999999999998,D10_CONTRIBUTORS_EXACTLY_RECONSTRUCTED
2026-10-08,2026020059,8482667,7.8125,17.861,7.812500000000001,8.881784197001252e-16,10,21,161.28,D10_CONTRIBUTORS_EXACTLY_RECONSTRUCTED
2026-10-08,2026020059,8483460,4.059539918809202,14.109,4.059539918809201,-8.881784197001252e-16,10,9,133.02,D10_CONTRIBUTORS_EXACTLY_RECONSTRUCTED
2026-10-08,2026020059,8483676,7.480579265368754,11.09,7.480579265368754,0.0,10,13,104.27,D10_CONTRIBUTORS_EXACTLY_RECONSTRUCTED
2026-10-08,2026020059,8484142,3.8901045465596886,13.812,3.890104546559689,4.440892098500626e-16,10,8,123.39,D10_CONTRIBUTORS_EXACTLY_RECONSTRUCTED
2026-10-08,2026020059,8484321,3.09258424070614,17.413,3.0925842407061404,4.440892098500626e-16,10,8,155.20999999999998,D10_CONTRIBUTORS_EXACTLY_RECONSTRUCTED
2026-10-08,2026020059,8484387,9.904761904761903,15.75,9.904761904761905,1.7763568394002505e-15,10,26,157.5,D10_CONTRIBUTORS_EXACTLY_RECONSTRUCTED
2026-10-08,2026020059,8484759,5.125172481766214,16.91,5.125172481766213,-8.881784197001252e-16,10,13,152.19,D10_CONTRIBUTORS_EXACTLY_RECONSTRUCTED
2026-10-08,2026020059,8485406,6.711909911253636,15.386,6.711909911253636,0.0,10,15,134.09,D10_CONTRIBUTORS_EXACTLY_RECONSTRUCTED
2026-10-08,2026020060,8474151,2.35043930829929,17.869,2.350439308299289,-8.881784197001252e-16,10,7,178.69,D10_CONTRIBUTORS_EXACTLY_RECONSTRUCTED
2026-10-08,2026020060,8474567,1.313389273987596,13.705,1.3133892739875956,-4.440892098500626e-16,10,3,137.05,D10_CONTRIBUTORS_EXACTLY_RECONSTRUCTED
2026-10-08,2026020060,8474590,6.124079169255348,22.534,6.124079169255348,0.0,10,23,225.34,D10_CONTRIBUTORS_EXACTLY_RECONSTRUCTED
2026-10-08,2026020060,8474716,3.5803406748399698,18.434,3.5803406748399693,-4.440892098500626e-16,10,11,184.34,D10_CONTRIBUTORS_EXACTLY_RECONSTRUCTED
2026-10-08,2026020060,8475167,3.9363034532116656,16.767,3.9363034532116665,8.881784197001252e-16,10,11,167.67,D10_CONTRIBUTORS_EXACTLY_RECONSTRUCTED
2026-10-08,2026020060,8475220,4.936646371564917,12.154,4.936646371564917,0.0,10,10,121.54,D10_CONTRIBUTORS_EXACTLY_RECONSTRUCTED
2026-10-08,2026020060,8476399,8.40665807319397,17.843,8.40665807319397,0.0,10,25,178.43,D10_CONTRIBUTORS_EXACTLY_RECONSTRUCTED
2026-10-08,2026020060,8476453,5.68262537292229,21.117,5.68262537292229,0.0,10,20,211.17,D10_CONTRIBUTORS_EXACTLY_RECONSTRUCTED
2026-10-08,2026020060,8476463,3.1725888324873095,18.912,3.1725888324873095,0.0,10,10,189.12,D10_CONTRIBUTORS_EXACTLY_RECONSTRUCTED
2026-10-08,2026020060,8476878,1.277592448009085,14.089,1.2775924480090852,2.220446049250313e-16,10,3,140.89,D10_CONTRIBUTORS_EXACTLY_RECONSTRUCTED
2026-10-08,2026020060,8477404,8.610313859827794,21.602,8.610313859827793,-1.7763568394002505e-15,10,31,216.02,D10_CONTRIBUTORS_EXACTLY_RECONSTRUCTED
2026-10-08,2026020060,8477446,9.089657072028649,14.522,9.089657072028647,-1.7763568394002505e-15,10,22,145.22,D10_CONTRIBUTORS_EXACTLY_RECONSTRUCTED
2026-10-08,2026020060,8477451,6.0998856271444915,15.738,6.0998856271444915,0.0,10,16,157.38,D10_CONTRIBUTORS_EXACTLY_RECONSTRUCTED
2026-10-08,2026020060,8478010,6.147226064238512,19.521,6.147226064238512,0.0,10,20,195.21,D10_CONTRIBUTORS_EXACTLY_RECONSTRUCTED
2026-10-08,2026020060,8478416,4.3364652248846385,17.987,4.3364652248846385,0.0,10,13,179.87,D10_CONTRIBUTORS_EXACTLY_RECONSTRUCTED
2026-10-08,2026020060,8478493,6.260640342687682,18.209,6.260640342687682,0.0,10,19,182.09,D10_CONTRIBUTORS_EXACTLY_RECONSTRUCTED
2026-10-08,2026020060,8478508,5.473684210526316,14.25,5.473684210526316,0.0,10,13,142.5,D10_CONTRIBUTORS_EXACTLY_RECONSTRUCTED
2026-10-08,2026020060,8478519,5.214066392445397,17.261,5.214066392445397,0.0,10,15,172.61,D10_CONTRIBUTORS_EXACTLY_RECONSTRUCTED
2026-10-08,2026020060,8478864,9.398864303896612,20.428,9.398864303896612,0.0,10,32,204.28,D10_CONTRIBUTORS_EXACTLY_RECONSTRUCTED
2026-10-08,2026020060,8479542,12.849800114220445,21.012,12.849800114220445,0.0,10,45,210.12,D10_CONTRIBUTORS_EXACTLY_RECONSTRUCTED
2026-10-08,2026020060,8479705,7.344632768361582,10.62,7.344632768361582,0.0,10,13,106.2,D10_CONTRIBUTORS_EXACTLY_RECONSTRUCTED
2026-10-08,2026020060,8480426,4.615384615384615,16.9,4.615384615384616,8.881784197001252e-16,10,13,169.0,D10_CONTRIBUTORS_EXACTLY_RECONSTRUCTED
2026-10-08,2026020060,8480800,4.959609242908135,26.615,4.959609242908135,0.0,10,22,266.15,D10_CONTRIBUTORS_EXACTLY_RECONSTRUCTED
2026-10-08,2026020060,8480995,8.023178069979942,13.461,8.02317806997994,-1.7763568394002505e-15,10,18,134.61,D10_CONTRIBUTORS_EXACTLY_RECONSTRUCTED
2026-10-08,2026020060,8481477,3.959742616729912,12.122,3.9597426167299123,4.440892098500626e-16,10,8,121.22,D10_CONTRIBUTORS_EXACTLY_RECONSTRUCTED
2026-10-08,2026020060,8481553,5.583392984967788,13.97,5.583392984967789,8.881784197001252e-16,10,13,139.7,D10_CONTRIBUTORS_EXACTLY_RECONSTRUCTED
2026-10-08,2026020060,8481557,12.266722583350807,19.076,12.26672258335081,1.7763568394002505e-15,10,39,190.76,D10_CONTRIBUTORS_EXACTLY_RECONSTRUCTED
2026-10-08,2026020060,8481624,4.617456551016482,15.593,4.617456551016482,0.0,10,12,155.93,D10_CONTRIBUTORS_EXACTLY_RECONSTRUCTED
2026-10-08,2026020060,8481719,5.561310724606074,18.341,5.561310724606074,0.0,10,17,183.41,D10_CONTRIBUTORS_EXACTLY_RECONSTRUCTED
2026-10-08,2026020060,8482094,2.483737433471319,16.91,2.483737433471319,0.0,10,7,169.1,D10_CONTRIBUTORS_EXACTLY_RECONSTRUCTED
2026-10-08,2026020060,8482201,4.209183673469388,15.68,4.209183673469387,-8.881784197001252e-16,10,11,156.8,D10_CONTRIBUTORS_EXACTLY_RECONSTRUCTED
2026-10-08,2026020060,8482655,3.11284046692607,19.275,3.11284046692607,0.0,10,10,192.75,D10_CONTRIBUTORS_EXACTLY_RECONSTRUCTED
2026-10-08,2026020060,8483447,6.855575868372943,13.128,6.855575868372943,0.0,10,15,131.28,D10_CONTRIBUTORS_EXACTLY_RECONSTRUCTED
2026-10-08,2026020060,8483525,5.456835035679306,14.294,5.456835035679306,0.0,10,13,142.94,D10_CONTRIBUTORS_EXACTLY_RECONSTRUCTED
2026-10-08,2026020060,8483766,6.171428571428572,17.5,6.171428571428572,0.0,5,9,87.5,D10_CONTRIBUTORS_EXACTLY_RECONSTRUCTED
2026-10-08,2026020060,8485702,7.397737162750218,13.788,7.397737162750218,0.0,10,17,137.88,D10_CONTRIBUTORS_EXACTLY_RECONSTRUCTED
2026-10-08,2026020061,8473533,5.129457743038593,16.376,5.129457743038594,8.881784197001252e-16,10,14,163.76,D10_CONTRIBUTORS_EXACTLY_RECONSTRUCTED
2026-10-08,2026020061,8475791,8.724100327153762,15.362,8.724100327153764,1.7763568394002505e-15,10,20,137.54999999999998,D10_CONTRIBUTORS_EXACTLY_RECONSTRUCTED
2026-10-08,2026020061,8476422,5.229634596044251,14.915,5.22963459604425,-8.881784197001252e-16,10,13,149.15,D10_CONTRIBUTORS_EXACTLY_RECONSTRUCTED
2026-10-08,2026020061,8476467,1.8800919156047629,19.148,1.880091915604763,2.220446049250313e-16,10,6,191.48,D10_CONTRIBUTORS_EXACTLY_RECONSTRUCTED
2026-10-08,2026020061,8476873,4.482629809488233,13.385,4.482629809488234,8.881784197001252e-16,10,10,133.85,D10_CONTRIBUTORS_EXACTLY_RECONSTRUCTED
2026-10-08,2026020061,8476906,4.386881136411113,19.148,4.386881136411114,8.881784197001252e-16,10,14,191.48,D10_CONTRIBUTORS_EXACTLY_RECONSTRUCTED
2026-10-08,2026020061,8476921,5.88889615913106,15.283,5.88889615913106,0.0,10,15,152.83,D10_CONTRIBUTORS_EXACTLY_RECONSTRUCTED
2026-10-08,2026020061,8476958,4.089780417741857,20.539,4.089780417741857,0.0,10,14,205.39000000000001,D10_CONTRIBUTORS_EXACTLY_RECONSTRUCTED
2026-10-08,2026020061,8477478,6.191369606003752,10.66,6.191369606003753,8.881784197001252e-16,10,11,106.6,D10_CONTRIBUTORS_EXACTLY_RECONSTRUCTED
2026-10-08,2026020061,8477940,9.456562854621106,15.862,9.456562854621108,1.7763568394002505e-15,10,25,158.62,D10_CONTRIBUTORS_EXACTLY_RECONSTRUCTED
2026-10-08,2026020061,8478427,10.793650793650794,18.9,10.793650793650793,-1.7763568394002505e-15,10,34,189.0,D10_CONTRIBUTORS_EXACTLY_RECONSTRUCTED
2026-10-08,2026020061,8478444,6.577573606180831,19.156,6.577573606180831,0.0,10,21,191.56,D10_CONTRIBUTORS_EXACTLY_RECONSTRUCTED
2026-10-08,2026020061,8478498,12.311660901682592,17.057,12.311660901682593,1.7763568394002505e-15,10,35,170.57,D10_CONTRIBUTORS_EXACTLY_RECONSTRUCTED
2026-10-08,2026020061,8478970,3.957582830179106,19.709,3.9575828301791063,4.440892098500626e-16,10,13,197.09,D10_CONTRIBUTORS_EXACTLY_RECONSTRUCTED
2026-10-08,2026020061,8479425,4.612546125461255,26.016,4.612546125461254,-8.881784197001252e-16,10,20,260.16,D10_CONTRIBUTORS_EXACTLY_RECONSTRUCTED
2026-10-08,2026020061,8480012,4.066100192879111,19.183,4.066100192879112,8.881784197001252e-16,10,13,191.83,D10_CONTRIBUTORS_EXACTLY_RECONSTRUCTED
2026-10-08,2026020061,8480336,5.923000987166831,21.273,5.923000987166831,0.0,10,21,212.73,D10_CONTRIBUTORS_EXACTLY_RECONSTRUCTED
2026-10-08,2026020061,8480762,5.616224648985959,12.82,5.61622464898596,8.881784197001252e-16,10,12,128.2,D10_CONTRIBUTORS_EXACTLY_RECONSTRUCTED
2026-10-08,2026020061,8480817,3.7849772450772767,22.193,3.7849772450772767,0.0,10,14,221.93,D10_CONTRIBUTORS_EXACTLY_RECONSTRUCTED
2026-10-08,2026020061,8480829,4.150453955901427,12.522,4.150453955901426,-8.881784197001252e-16,10,8,115.65,D10_CONTRIBUTORS_EXACTLY_RECONSTRUCTED
2026-10-08,2026020061,8480830,11.750741839762613,16.85,11.750741839762611,-1.7763568394002505e-15,10,33,168.5,D10_CONTRIBUTORS_EXACTLY_RECONSTRUCTED
2026-10-08,2026020061,8481024,7.469042783201205,15.263,7.469042783201206,8.881784197001252e-16,10,19,152.63,D10_CONTRIBUTORS_EXACTLY_RECONSTRUCTED
2026-10-08,2026020061,8481032,6.179686262082079,12.622,6.179686262082079,0.0,10,13,126.22,D10_CONTRIBUTORS_EXACTLY_RECONSTRUCTED
2026-10-08,2026020061,8482055,7.955641272902604,16.592,7.955641272902603,-8.881784197001252e-16,10,22,165.92000000000002,D10_CONTRIBUTORS_EXACTLY_RECONSTRUCTED
2026-10-08,2026020061,8482079,5.148152385310605,17.482,5.148152385310605,0.0,10,15,174.82,D10_CONTRIBUTORS_EXACTLY_RECONSTRUCTED
2026-10-08,2026020061,8482691,6.797216378054701,12.358,6.797216378054701,0.0,10,14,123.58,D10_CONTRIBUTORS_EXACTLY_RECONSTRUCTED
2026-10-08,2026020061,8482702,10.3429169488395,17.716,10.3429169488395,0.0,10,28,162.43,D10_CONTRIBUTORS_EXACTLY_RECONSTRUCTED
2026-10-08,2026020061,8482809,8.544362578168535,17.674,8.544362578168535,0.0,10,23,161.51,D10_CONTRIBUTORS_EXACTLY_RECONSTRUCTED
2026-10-08,2026020061,8483395,5.218216318785578,12.648,5.218216318785578,0.0,10,11,126.48,D10_CONTRIBUTORS_EXACTLY_RECONSTRUCTED
2026-10-08,2026020061,8483476,4.791184221033299,12.523,4.791184221033299,0.0,10,10,125.23,D10_CONTRIBUTORS_EXACTLY_RECONSTRUCTED
2026-10-08,2026020061,8483499,3.4409588805413773,17.437,3.4409588805413773,0.0,10,10,174.37,D10_CONTRIBUTORS_EXACTLY_RECONSTRUCTED
2026-10-08,2026020061,8483678,3.4244403576637708,15.769,3.4244403576637708,0.0,10,9,157.69,D10_CONTRIBUTORS_EXACTLY_RECONSTRUCTED
2026-10-08,2026020061,8483768,3.817522427944264,15.717,3.8175224279442634,-4.440892098500626e-16,10,10,157.17000000000002,D10_CONTRIBUTORS_EXACTLY_RECONSTRUCTED
2026-10-08,2026020061,8484136,6.003859624044028,13.991,6.003859624044028,0.0,10,14,139.91,D10_CONTRIBUTORS_EXACTLY_RECONSTRUCTED
2026-10-08,2026020061,8484240,1.751143107306158,20.558,1.751143107306158,0.0,10,6,205.58,D10_CONTRIBUTORS_EXACTLY_RECONSTRUCTED
2026-10-08,2026020061,8484798,4.35374149659864,22.05,4.35374149659864,0.0,10,16,220.5,D10_CONTRIBUTORS_EXACTLY_RECONSTRUCTED
2026-10-08,2026020062,8474013,2.349518908033117,17.876,2.3495189080331174,4.440892098500626e-16,10,7,178.76,D10_CONTRIBUTORS_EXACTLY_RECONSTRUCTED
2026-10-08,2026020062,8474141,5.084207181442644,18.882,5.084207181442644,0.0,10,16,188.82,D10_CONTRIBUTORS_EXACTLY_RECONSTRUCTED
2026-10-08,2026020062,8475151,7.997681831353231,17.255,7.997681831353231,0.0,10,23,172.55,D10_CONTRIBUTORS_EXACTLY_RECONSTRUCTED
2026-10-08,2026020062,8475170,5.579449029408346,17.206,5.579449029408346,0.0,10,16,172.06,D10_CONTRIBUTORS_EXACTLY_RECONSTRUCTED
2026-10-08,2026020062,8475231,7.032898335547394,12.797,7.032898335547395,8.881784197001252e-16,10,15,127.97,D10_CONTRIBUTORS_EXACTLY_RECONSTRUCTED
2026-10-08,2026020062,8476292,4.48169972611835,12.049,4.48169972611835,0.0,10,9,120.49,D10_CONTRIBUTORS_EXACTLY_RECONSTRUCTED
2026-10-08,2026020062,8476419,4.325599685410932,15.258,4.325599685410932,0.0,10,11,152.58,D10_CONTRIBUTORS_EXACTLY_RECONSTRUCTED
2026-10-08,2026020062,8476429,2.106002106002106,14.245,2.106002106002106,0.0,10,5,142.45,D10_CONTRIBUTORS_EXACTLY_RECONSTRUCTED
2026-10-08,2026020062,8476917,3.117206982543641,19.248,3.117206982543641,0.0,10,10,192.48,D10_CONTRIBUTORS_EXACTLY_RECONSTRUCTED
2026-10-08,2026020062,8477407,5.402566218954004,13.327,5.402566218954003,-8.881784197001252e-16,10,12,133.27,D10_CONTRIBUTORS_EXACTLY_RECONSTRUCTED
2026-10-08,2026020062,8477479,2.331908278274388,18.011,2.331908278274388,0.0,10,7,180.11,D10_CONTRIBUTORS_EXACTLY_RECONSTRUCTED
2026-10-08,2026020062,8477500,6.275525450742106,20.078,6.275525450742105,-8.881784197001252e-16,10,21,200.78,D10_CONTRIBUTORS_EXACTLY_RECONSTRUCTED
2026-10-08,2026020062,8477506,1.6458196181698486,18.228,1.6458196181698486,0.0,10,5,182.28,D10_CONTRIBUTORS_EXACTLY_RECONSTRUCTED
2026-10-08,2026020062,8477950,4.607789358200768,18.23,4.607789358200767,-8.881784197001252e-16,10,14,182.3,D10_CONTRIBUTORS_EXACTLY_RECONSTRUCTED
2026-10-08,2026020062,8477987,5.314829851627667,13.547,5.314829851627667,0.0,10,12,135.47,D10_CONTRIBUTORS_EXACTLY_RECONSTRUCTED
2026-10-08,2026020062,8478413,5.8014131647452585,13.445,5.8014131647452585,0.0,10,13,134.45,D10_CONTRIBUTORS_EXACTLY_RECONSTRUCTED
2026-10-08,2026020062,8479378,4.899497487437186,15.92,4.899497487437186,0.0,10,13,159.2,D10_CONTRIBUTORS_EXACTLY_RECONSTRUCTED
2026-10-08,2026020062,8481524,2.933594097253089,22.498,2.9335940972530894,4.440892098500626e-16,10,11,224.98,D10_CONTRIBUTORS_EXACTLY_RECONSTRUCTED
2026-10-08,2026020062,8481568,3.502456584131926,20.557,3.502456584131926,0.0,10,12,205.57,D10_CONTRIBUTORS_EXACTLY_RECONSTRUCTED
2026-10-08,2026020062,8481601,3.11616365629869,17.329,3.1161636562986903,4.440892098500626e-16,10,9,173.29,D10_CONTRIBUTORS_EXACTLY_RECONSTRUCTED
2026-10-08,2026020062,8481711,3.9016777214202105,15.378,3.90167772142021,-4.440892098500626e-16,10,10,153.78,D10_CONTRIBUTORS_EXACTLY_RECONSTRUCTED
2026-10-08,2026020062,8482062,3.298515667949423,12.733,3.2985156679494225,-4.440892098500626e-16,10,7,127.33,D10_CONTRIBUTORS_EXACTLY_RECONSTRUCTED
2026-10-08,2026020062,8482176,2.5870742107028217,20.873,2.5870742107028217,0.0,10,9,208.73,D10_CONTRIBUTORS_EXACTLY_RECONSTRUCTED
2026-10-08,2026020062,8482476,4.749653671086484,15.159,4.749653671086483,-8.881784197001252e-16,10,12,151.59,D10_CONTRIBUTORS_EXACTLY_RECONSTRUCTED
2026-10-08,2026020062,8483450,4.205964822839664,15.692,4.205964822839664,0.0,10,11,156.92,D10_CONTRIBUTORS_EXACTLY_RECONSTRUCTED
2026-10-08,2026020062,8483493,3.837432408860981,17.199,3.8374324088609804,-4.440892098500626e-16,10,11,171.99,D10_CONTRIBUTORS_EXACTLY_RECONSTRUCTED
2026-10-08,2026020062,8483506,5.169906833970596,18.569,5.169906833970597,8.881784197001252e-16,10,16,185.69,D10_CONTRIBUTORS_EXACTLY_RECONSTRUCTED
2026-10-08,2026020062,8484185,3.3482142857142856,12.544,3.348214285714286,4.440892098500626e-16,10,7,125.44,D10_CONTRIBUTORS_EXACTLY_RECONSTRUCTED
2026-10-08,2026020062,8484197,5.596065796167543,11.794,5.596065796167543,0.0,10,11,117.94,D10_CONTRIBUTORS_EXACTLY_RECONSTRUCTED
2026-10-08,2026020062,8484221,7.312614259597806,16.41,7.312614259597806,0.0,10,20,164.1,D10_CONTRIBUTORS_EXACTLY_RECONSTRUCTED
2026-10-08,2026020062,8484390,4.813863928112966,17.805714285714284,4.813863928112966,0.0,7,10,124.64,D10_CONTRIBUTORS_EXACTLY_RECONSTRUCTED
2026-10-08,2026020062,8484783,4.252303330970943,21.165,4.252303330970943,0.0,10,15,211.65,D10_CONTRIBUTORS_EXACTLY_RECONSTRUCTED
2026-10-08,2026020062,8485366,7.427466150870406,25.85,7.427466150870406,0.0,10,32,258.5,D10_CONTRIBUTORS_EXACTLY_RECONSTRUCTED
2026-10-08,2026020062,8485388,8.908177249885792,14.593333333333334,8.908177249885792,0.0,6,13,87.56,D10_CONTRIBUTORS_EXACTLY_RECONSTRUCTED
2026-10-08,2026020062,8485391,8.507853403141361,18.336,8.50785340314136,-1.7763568394002505e-15,10,26,183.36,D10_CONTRIBUTORS_EXACTLY_RECONSTRUCTED
2026-10-08,2026020063,8475200,3.640040444893832,19.78,3.640040444893832,0.0,10,12,197.8,D10_CONTRIBUTORS_EXACTLY_RECONSTRUCTED
2026-10-08,2026020063,8475726,7.994356924523865,12.759,7.994356924523865,0.0,10,17,127.59,D10_CONTRIBUTORS_EXACTLY_RECONSTRUCTED
2026-10-08,2026020063,8475764,3.711987817065626,21.013,3.7119878170656264,4.440892098500626e-16,10,13,210.13,D10_CONTRIBUTORS_EXACTLY_RECONSTRUCTED
2026-10-08,2026020063,8476624,1.9343918755541227,12.407,1.934391875554123,2.220446049250313e-16,10,4,124.07,D10_CONTRIBUTORS_EXACTLY_RECONSTRUCTED
2026-10-08,2026020063,8476885,4.562520792737987,21.041,4.562520792737987,0.0,10,16,210.41,D10_CONTRIBUTORS_EXACTLY_RECONSTRUCTED
2026-10-08,2026020063,8476892,4.35497919287719,20.666,4.354979192877189,-8.881784197001252e-16,10,15,206.66,D10_CONTRIBUTORS_EXACTLY_RECONSTRUCTED
2026-10-08,2026020063,8477402,5.061765592045797,16.595,5.061765592045798,8.881784197001252e-16,10,14,165.95,D10_CONTRIBUTORS_EXACTLY_RECONSTRUCTED
2026-10-08,2026020063,8477498,5.0443717888837,21.41,5.044371788883699,-8.881784197001252e-16,10,18,214.10000000000002,D10_CONTRIBUTORS_EXACTLY_RECONSTRUCTED
2026-10-08,2026020063,8477505,3.0657605640999437,19.571,3.065760564099944,4.440892098500626e-16,10,10,195.70999999999998,D10_CONTRIBUTORS_EXACTLY_RECONSTRUCTED
2026-10-08,2026020063,8477527,5.448491575017657,9.911,5.448491575017657,0.0,10,9,99.11,D10_CONTRIBUTORS_EXACTLY_RECONSTRUCTED
2026-10-08,2026020063,8478443,2.73457528627585,17.553,2.7345752862758506,4.440892098500626e-16,10,8,175.53,D10_CONTRIBUTORS_EXACTLY_RECONSTRUCTED
2026-10-08,2026020063,8478975,7.638215324927256,16.496,7.638215324927255,-1.7763568394002505e-15,10,21,164.96,D10_CONTRIBUTORS_EXACTLY_RECONSTRUCTED
2026-10-08,2026020063,8479346,2.782931354359926,10.78,2.782931354359926,0.0,10,5,107.8,D10_CONTRIBUTORS_EXACTLY_RECONSTRUCTED
2026-10-08,2026020063,8480023,3.5276825085742285,20.41,3.5276825085742285,0.0,10,12,204.1,D10_CONTRIBUTORS_EXACTLY_RECONSTRUCTED
2026-10-08,2026020063,8480459,4.102564102564102,14.625,4.102564102564103,8.881784197001252e-16,10,10,146.25,D10_CONTRIBUTORS_EXACTLY_RECONSTRUCTED
2026-10-08,2026020063,8480748,4.0813802485931605,16.171,4.0813802485931605,0.0,10,11,161.71,D10_CONTRIBUTORS_EXACTLY_RECONSTRUCTED
2026-10-08,2026020063,8480848,3.685220729366603,13.025,3.6852207293666024,-4.440892098500626e-16,10,8,130.25,D10_CONTRIBUTORS_EXACTLY_RECONSTRUCTED
2026-10-08,2026020063,8480891,4.08997955010225,16.137,4.089979550102249,-8.881784197001252e-16,10,11,161.37,D10_CONTRIBUTORS_EXACTLY_RECONSTRUCTED
2026-10-08,2026020063,8481013,6.190672719768881,14.538,6.190672719768882,8.881784197001252e-16,10,15,145.38,D10_CONTRIBUTORS_EXACTLY_RECONSTRUCTED
2026-10-08,2026020063,8481580,5.217391304347826,16.1,5.217391304347826,0.0,10,14,161.0,D10_CONTRIBUTORS_EXACTLY_RECONSTRUCTED
2026-10-08,2026020063,8481598,4.881390768176757,23.354,4.881390768176758,8.881784197001252e-16,10,19,233.54,D10_CONTRIBUTORS_EXACTLY_RECONSTRUCTED
2026-10-08,2026020063,8482077,9.6411355115158,18.67,9.641135511515799,-1.7763568394002505e-15,10,30,186.70000000000002,D10_CONTRIBUTORS_EXACTLY_RECONSTRUCTED
2026-10-08,2026020063,8482089,5.37338109672086,14.516,5.37338109672086,0.0,10,13,145.16,D10_CONTRIBUTORS_EXACTLY_RECONSTRUCTED
2026-10-08,2026020063,8482111,2.755453501722158,17.42,2.7554535017221586,4.440892098500626e-16,10,8,174.2,D10_CONTRIBUTORS_EXACTLY_RECONSTRUCTED
2026-10-08,2026020063,8482745,10.912030176478511,14.846,10.912030176478511,0.0,10,27,148.46,D10_CONTRIBUTORS_EXACTLY_RECONSTRUCTED
2026-10-08,2026020063,8482859,4.5743329097839895,11.805,4.5743329097839895,0.0,10,9,118.05,D10_CONTRIBUTORS_EXACTLY_RECONSTRUCTED
2026-10-08,2026020063,8483516,9.299236134174691,18.066,9.299236134174693,1.7763568394002505e-15,10,28,180.66,D10_CONTRIBUTORS_EXACTLY_RECONSTRUCTED
2026-10-08,2026020063,8484152,4.050475151892818,19.257,4.050475151892819,8.881784197001252e-16,10,13,192.57,D10_CONTRIBUTORS_EXACTLY_RECONSTRUCTED
2026-10-08,2026020063,8484164,6.603081438004402,13.63,6.603081438004401,-8.881784197001252e-16,10,15,136.3,D10_CONTRIBUTORS_EXACTLY_RECONSTRUCTED
2026-10-08,2026020063,8484227,5.367926638335943,17.884,5.367926638335942,-8.881784197001252e-16,10,16,178.84,D10_CONTRIBUTORS_EXACTLY_RECONSTRUCTED
2026-10-08,2026020063,8484790,7.128199589588508,18.518,7.128199589588508,0.0,5,11,92.59,D10_CONTRIBUTORS_EXACTLY_RECONSTRUCTED
2026-10-08,2026020063,8484806,2.4284475281873372,17.295,2.4284475281873377,4.440892098500626e-16,10,7,172.95,D10_CONTRIBUTORS_EXACTLY_RECONSTRUCTED
2026-10-08,2026020063,8484911,2.608047690014903,16.104,2.6080476900149034,4.440892098500626e-16,10,7,161.04,D10_CONTRIBUTORS_EXACTLY_RECONSTRUCTED
2026-10-08,2026020063,8484994,6.4646464646464645,14.85,6.4646464646464645,0.0,10,16,148.5,D10_CONTRIBUTORS_EXACTLY_RECONSTRUCTED
2026-10-08,2026020063,8485402,8.40026527153489,13.571,8.400265271534892,1.7763568394002505e-15,10,19,135.71,D10_CONTRIBUTORS_EXACTLY_RECONSTRUCTED
2026-10-08,2026020063,8486103,5.730659025787966,15.705,5.730659025787966,0.0,6,9,94.23,D10_CONTRIBUTORS_EXACTLY_RECONSTRUCTED
2026-10-08,2026020064,8470613,6.190941674812643,18.414,6.190941674812642,-8.881784197001252e-16,10,19,184.14000000000001,D10_CONTRIBUTORS_EXACTLY_RECONSTRUCTED
2026-10-08,2026020064,8474150,8.344923504867872,17.256,8.344923504867872,0.0,10,24,172.56,D10_CONTRIBUTORS_EXACTLY_RECONSTRUCTED
2026-10-08,2026020064,8475172,10.067739730284009,16.091,10.067739730284009,0.0,10,27,160.91,D10_CONTRIBUTORS_EXACTLY_RECONSTRUCTED
2026-10-08,2026020064,8475754,3.993122954910987,18.031,3.993122954910987,0.0,10,12,180.31,D10_CONTRIBUTORS_EXACTLY_RECONSTRUCTED
2026-10-08,2026020064,8475768,5.687588868576071,14.769,5.687588868576072,8.881784197001252e-16,10,14,147.69,D10_CONTRIBUTORS_EXACTLY_RECONSTRUCTED
2026-10-08,2026020064,8476312,5.899705014749262,17.289,5.899705014749262,0.0,10,17,172.89000000000001,D10_CONTRIBUTORS_EXACTLY_RECONSTRUCTED
2026-10-08,2026020064,8476455,7.903718340219148,16.701,7.903718340219148,0.0,10,22,167.01,D10_CONTRIBUTORS_EXACTLY_RECONSTRUCTED
2026-10-08,2026020064,8476458,6.3970431445020965,14.069,6.3970431445020965,0.0,10,15,140.69,D10_CONTRIBUTORS_EXACTLY_RECONSTRUCTED
2026-10-08,2026020064,8476967,4.084014002333722,20.568,4.084014002333722,0.0,10,14,205.68,D10_CONTRIBUTORS_EXACTLY_RECONSTRUCTED
2026-10-08,2026020064,8477476,3.947152020174333,18.241,3.947152020174333,0.0,10,12,182.41,D10_CONTRIBUTORS_EXACTLY_RECONSTRUCTED
2026-10-08,2026020064,8477492,10.925819436457736,20.868,10.925819436457735,-1.7763568394002505e-15,10,38,208.68,D10_CONTRIBUTORS_EXACTLY_RECONSTRUCTED
2026-10-08,2026020064,8478038,3.342761635381846,23.334,3.342761635381846,0.0,10,13,233.34,D10_CONTRIBUTORS_EXACTLY_RECONSTRUCTED
2026-10-08,2026020064,8478136,2.8170667292681495,17.039,2.8170667292681495,0.0,10,8,170.39000000000001,D10_CONTRIBUTORS_EXACTLY_RECONSTRUCTED
2026-10-08,2026020064,8478454,0.9019165727170236,13.305,0.9019165727170236,0.0,10,2,133.05,D10_CONTRIBUTORS_EXACTLY_RECONSTRUCTED
2026-10-08,2026020064,8478462,6.738260686460308,14.247,6.738260686460308,0.0,10,16,142.47,D10_CONTRIBUTORS_EXACTLY_RECONSTRUCTED
2026-10-08,2026020064,8480028,7.730535615681943,16.299,7.730535615681943,0.0,10,21,162.99,D10_CONTRIBUTORS_EXACTLY_RECONSTRUCTED
2026-10-08,2026020064,8480039,9.571690998743112,20.686,9.571690998743112,0.0,10,33,206.86,D10_CONTRIBUTORS_EXACTLY_RECONSTRUCTED
2026-10-08,2026020064,8480069,6.23026002682473,23.113,6.23026002682473,0.0,10,24,231.13,D10_CONTRIBUTORS_EXACTLY_RECONSTRUCTED
2026-10-08,2026020064,8480448,5.044714515019491,13.083,5.044714515019491,0.0,10,11,130.83,D10_CONTRIBUTORS_EXACTLY_RECONSTRUCTED
2026-10-08,2026020064,8480727,1.6717748676511563,21.534,1.6717748676511563,0.0,10,6,215.34,D10_CONTRIBUTORS_EXACTLY_RECONSTRUCTED
2026-10-08,2026020064,8480797,6.163514411746934,16.549,6.163514411746933,-8.881784197001252e-16,10,17,165.49,D10_CONTRIBUTORS_EXACTLY_RECONSTRUCTED
2026-10-08,2026020064,8480860,0.899685110211426,20.007,0.8996851102114259,-1.1102230246251565e-16,10,3,200.07,D10_CONTRIBUTORS_EXACTLY_RECONSTRUCTED
2026-10-08,2026020064,8481028,4.879812036869691,11.066,4.879812036869691,0.0,10,9,110.66,D10_CONTRIBUTORS_EXACTLY_RECONSTRUCTED
2026-10-08,2026020064,8481068,5.060663076623629,15.413,5.06066307662363,8.881784197001252e-16,10,13,154.13,D10_CONTRIBUTORS_EXACTLY_RECONSTRUCTED
2026-10-08,2026020064,8482165,4.161331626120359,18.744,4.161331626120359,0.0,10,13,187.44,D10_CONTRIBUTORS_EXACTLY_RECONSTRUCTED
2026-10-08,2026020064,8482679,8.807985907222548,17.03,8.807985907222548,0.0,10,25,170.3,D10_CONTRIBUTORS_EXACTLY_RECONSTRUCTED
2026-10-08,2026020064,8482742,9.46514423076923,13.312,9.46514423076923,0.0,10,21,133.12,D10_CONTRIBUTORS_EXACTLY_RECONSTRUCTED
2026-10-08,2026020064,8482768,6.486019025655809,13.876,6.486019025655809,0.0,10,15,138.76,D10_CONTRIBUTORS_EXACTLY_RECONSTRUCTED
2026-10-08,2026020064,8483495,4.764796561872285,21.407,4.764796561872285,0.0,10,17,214.07,D10_CONTRIBUTORS_EXACTLY_RECONSTRUCTED
2026-10-08,2026020064,8483609,7.605939876856212,11.044,7.605939876856212,0.0,10,14,110.44,D10_CONTRIBUTORS_EXACTLY_RECONSTRUCTED
2026-10-08,2026020064,8484154,11.219147344801796,13.37,11.219147344801796,0.0,2,5,26.740000000000002,D10_CONTRIBUTORS_EXACTLY_RECONSTRUCTED
2026-10-08,2026020064,8484180,3.0492231740961233,13.774,3.049223174096123,-4.440892098500626e-16,10,7,137.74,D10_CONTRIBUTORS_EXACTLY_RECONSTRUCTED
2026-10-08,2026020064,8484234,8.450704225352112,14.2,8.450704225352114,1.7763568394002505e-15,6,12,85.2,D10_CONTRIBUTORS_EXACTLY_RECONSTRUCTED
2026-10-08,2026020064,8484768,7.307448726068105,20.527,7.307448726068105,0.0,10,25,205.27,D10_CONTRIBUTORS_EXACTLY_RECONSTRUCTED
2026-10-08,2026020064,8484860,5.41548829652807,16.619,5.41548829652807,0.0,10,15,166.19,D10_CONTRIBUTORS_EXACTLY_RECONSTRUCTED
2026-10-08,2026020064,8486171,6.207324643078833,16.11,6.207324643078833,0.0,6,10,96.66,D10_CONTRIBUTORS_EXACTLY_RECONSTRUCTED
2026-10-08,2026020065,8475166,8.514819060094974,18.321,8.514819060094972,-1.7763568394002505e-15,10,26,183.21,D10_CONTRIBUTORS_EXACTLY_RECONSTRUCTED
2026-10-08,2026020065,8475171,2.188297816912416,19.193,2.188297816912416,0.0,10,7,191.93,D10_CONTRIBUTORS_EXACTLY_RECONSTRUCTED
2026-10-08,2026020065,8475188,3.7793291690724895,19.051,3.7793291690724895,0.0,10,12,190.51,D10_CONTRIBUTORS_EXACTLY_RECONSTRUCTED
2026-10-08,2026020065,8475343,3.5656677137278208,11.779,3.5656677137278208,0.0,10,7,117.78999999999999,D10_CONTRIBUTORS_EXACTLY_RECONSTRUCTED
2026-10-08,2026020065,8475690,1.2794540995841774,18.758,1.2794540995841774,0.0,10,4,187.57999999999998,D10_CONTRIBUTORS_EXACTLY_RECONSTRUCTED
2026-10-08,2026020065,8475913,7.75235531628533,18.575,7.75235531628533,0.0,10,24,185.75,D10_CONTRIBUTORS_EXACTLY_RECONSTRUCTED
2026-10-08,2026020065,8476448,6.964809384164223,16.368,6.964809384164223,0.0,10,19,163.68,D10_CONTRIBUTORS_EXACTLY_RECONSTRUCTED
2026-10-08,2026020065,8476853,5.08423885953544,20.062,5.08423885953544,0.0,10,17,200.62,D10_CONTRIBUTORS_EXACTLY_RECONSTRUCTED
2026-10-08,2026020065,8476881,10.624007815362072,16.378,10.624007815362072,0.0,10,29,163.78,D10_CONTRIBUTORS_EXACTLY_RECONSTRUCTED
2026-10-08,2026020065,8476925,4.765056254136334,15.11,4.765056254136334,0.0,10,12,151.1,D10_CONTRIBUTORS_EXACTLY_RECONSTRUCTED
2026-10-08,2026020065,8476927,4.277464889142368,14.027,4.277464889142368,0.0,10,10,140.27,D10_CONTRIBUTORS_EXACTLY_RECONSTRUCTED
2026-10-08,2026020065,8476931,3.7065637065637063,19.425,3.7065637065637067,4.440892098500626e-16,10,12,194.25,D10_CONTRIBUTORS_EXACTLY_RECONSTRUCTED
2026-10-08,2026020065,8477426,6.089309878213802,14.78,6.089309878213802,0.0,10,15,147.8,D10_CONTRIBUTORS_EXACTLY_RECONSTRUCTED
2026-10-08,2026020065,8477447,6.619776582540339,21.753,6.619776582540339,0.0,10,24,217.53,D10_CONTRIBUTORS_EXACTLY_RECONSTRUCTED
2026-10-08,2026020065,8477939,8.17836627397527,20.542,8.17836627397527,0.0,10,28,205.42000000000002,D10_CONTRIBUTORS_EXACTLY_RECONSTRUCTED
2026-10-08,2026020065,8477964,5.530317993284614,15.189,5.530317993284615,8.881784197001252e-16,10,14,151.89,D10_CONTRIBUTORS_EXACTLY_RECONSTRUCTED
2026-10-08,2026020065,8478178,8.286911284010865,21.721,8.286911284010865,0.0,10,30,217.21,D10_CONTRIBUTORS_EXACTLY_RECONSTRUCTED
2026-10-08,2026020065,8478396,4.4308782985427335,20.312,4.4308782985427335,0.0,10,15,203.12,D10_CONTRIBUTORS_EXACTLY_RECONSTRUCTED
2026-10-08,2026020065,8478397,6.399069226294357,20.628,6.399069226294357,0.0,10,22,206.28,D10_CONTRIBUTORS_EXACTLY_RECONSTRUCTED
2026-10-08,2026020065,8478403,8.636092912447886,20.148,8.636092912447886,0.0,10,29,201.48000000000002,D10_CONTRIBUTORS_EXACTLY_RECONSTRUCTED
2026-10-08,2026020065,8478450,2.888781896966779,18.693,2.888781896966779,0.0,10,9,186.93,D10_CONTRIBUTORS_EXACTLY_RECONSTRUCTED
2026-10-08,2026020065,8478458,8.948812790836415,16.762,8.948812790836415,0.0,10,25,167.62,D10_CONTRIBUTORS_EXACTLY_RECONSTRUCTED
2026-10-08,2026020065,8478468,5.981681101626269,16.049,5.981681101626269,0.0,10,16,160.49,D10_CONTRIBUTORS_EXACTLY_RECONSTRUCTED
2026-10-08,2026020065,8478483,6.6505441354292625,19.848,6.650544135429262,-8.881784197001252e-16,10,22,198.48000000000002,D10_CONTRIBUTORS_EXACTLY_RECONSTRUCTED
2026-10-08,2026020065,8479318,11.177018481298102,20.399,11.177018481298102,0.0,10,38,203.99,D10_CONTRIBUTORS_EXACTLY_RECONSTRUCTED
2026-10-08,2026020065,8479353,4.572589864092468,15.746,4.572589864092468,0.0,10,12,157.46,D10_CONTRIBUTORS_EXACTLY_RECONSTRUCTED
2026-10-08,2026020065,8479442,3.1640563202024996,18.963,3.1640563202024996,0.0,10,10,189.63,D10_CONTRIBUTORS_EXACTLY_RECONSTRUCTED
2026-10-08,2026020065,8479520,3.948667324777888,12.156,3.948667324777887,-8.881784197001252e-16,10,8,121.56,D10_CONTRIBUTORS_EXACTLY_RECONSTRUCTED
2026-10-08,2026020065,8480870,2.729547350064448,13.189,2.7295473500644483,4.440892098500626e-16,10,6,131.89,D10_CONTRIBUTORS_EXACTLY_RECONSTRUCTED
2026-10-08,2026020065,8480893,8.780640777713897,19.133,8.780640777713899,1.7763568394002505e-15,10,28,191.32999999999998,D10_CONTRIBUTORS_EXACTLY_RECONSTRUCTED
2026-10-08,2026020065,8481534,8.58652575957728,9.931,8.586525759577277,-1.7763568394002505e-15,10,13,90.84,D10_CONTRIBUTORS_EXACTLY_RECONSTRUCTED
2026-10-08,2026020065,8483553,10.458655626974616,10.231,10.458655626974616,0.0,10,16,91.78999999999999,D10_CONTRIBUTORS_EXACTLY_RECONSTRUCTED
2026-10-08,2026020065,8483890,6.653586965793739,13.13,6.653586965793739,0.0,10,13,117.23,D10_CONTRIBUTORS_EXACTLY_RECONSTRUCTED
2026-10-08,2026020065,8484158,5.277973258268824,17.052,5.277973258268824,0.0,10,15,170.52,D10_CONTRIBUTORS_EXACTLY_RECONSTRUCTED
2026-10-08,2026020065,8484803,10.75268817204301,12.09,10.752688172043012,1.7763568394002505e-15,7,13,72.53999999999999,D10_CONTRIBUTORS_EXACTLY_RECONSTRUCTED
2026-10-08,2026020065,8486067,6.8893528183716075,15.966666666666669,6.8893528183716075,0.0,6,11,95.8,D10_CONTRIBUTORS_EXACTLY_RECONSTRUCTED
