slate_date,player_id,adjustment,base_d10,diagnostic_rate,rate_change,distance_to_next_game_before,distance_after,next_game_rate,label
2026-10-03,8470613,REMOVE_MAX_SOG,6.324110671936759,5.973645680819912,-0.3504649911168469,2.789813378696153,3.140278369813,9.113924050632912,RETROSPECTIVE_HISTORY_DIAGNOSTIC
2026-10-03,8470613,REMOVE_MAX_RATE,6.324110671936759,5.938173138499156,-0.38593753343760273,2.789813378696153,3.175750912133756,9.113924050632912,RETROSPECTIVE_HISTORY_DIAGNOSTIC
2026-10-03,8470613,WINSOR_TOP_SOG_TO_SECOND_MAX,6.324110671936759,6.324110671936759,0.0,2.789813378696153,2.789813378696153,9.113924050632912,RETROSPECTIVE_HISTORY_DIAGNOSTIC
2026-10-03,8470621,REMOVE_MAX_SOG,6.5548185719859555,5.359535506922733,-1.1952830650632222,11.53563368932058,12.730916754383802,18.090452261306535,RETROSPECTIVE_HISTORY_DIAGNOSTIC
2026-10-03,8470621,REMOVE_MAX_RATE,6.5548185719859555,5.547150781643973,-1.0076677903419826,11.53563368932058,12.543301479662562,18.090452261306535,RETROSPECTIVE_HISTORY_DIAGNOSTIC
2026-10-03,8470621,WINSOR_TOP_SOG_TO_SECOND_MAX,6.5548185719859555,6.086617245415529,-0.46820132657042635,11.53563368932058,12.003835015891006,18.090452261306535,RETROSPECTIVE_HISTORY_DIAGNOSTIC
2026-10-03,8471214,REMOVE_MAX_SOG,11.98764908881758,10.386843331779746,-1.6008057570378345,11.98764908881758,10.386843331779746,0.0,RETROSPECTIVE_HISTORY_DIAGNOSTIC
2026-10-03,8471214,REMOVE_MAX_RATE,11.98764908881758,10.386843331779746,-1.6008057570378345,11.98764908881758,10.386843331779746,0.0,RETROSPECTIVE_HISTORY_DIAGNOSTIC
2026-10-03,8471214,WINSOR_TOP_SOG_TO_SECOND_MAX,11.98764908881758,10.897862808015983,-1.0897862808015972,11.98764908881758,10.897862808015983,0.0,RETROSPECTIVE_HISTORY_DIAGNOSTIC
2026-10-03,8471215,REMOVE_MAX_SOG,8.2436455232425,6.931519157948784,-1.3121263652937172,5.19538134034665,3.883254975052933,3.0482641828958505,RETROSPECTIVE_HISTORY_DIAGNOSTIC
2026-10-03,8471215,REMOVE_MAX_RATE,8.2436455232425,6.931519157948784,-1.3121263652937172,5.19538134034665,3.883254975052933,3.0482641828958505,RETROSPECTIVE_HISTORY_DIAGNOSTIC
2026-10-03,8471215,WINSOR_TOP_SOG_TO_SECOND_MAX,8.2436455232425,7.900160293107397,-0.3434852301351041,5.19538134034665,4.8518961102115465,3.0482641828958505,RETROSPECTIVE_HISTORY_DIAGNOSTIC
2026-10-03,8471675,REMOVE_MAX_SOG,7.514088916718848,6.710158434296364,-0.8039304824224835,1.4788835520918564,0.6749530696693729,6.035205364626991,RETROSPECTIVE_HISTORY_DIAGNOSTIC
2026-10-03,8471675,REMOVE_MAX_RATE,7.514088916718848,6.710158434296364,-0.8039304824224835,1.4788835520918564,0.6749530696693729,6.035205364626991,RETROSPECTIVE_HISTORY_DIAGNOSTIC
2026-10-03,8471675,WINSOR_TOP_SOG_TO_SECOND_MAX,7.514088916718848,7.514088916718848,0.0,1.4788835520918564,1.4788835520918564,6.035205364626991,RETROSPECTIVE_HISTORY_DIAGNOSTIC
2026-10-03,8471724,REMOVE_MAX_SOG,1.8911536036982561,0.6991784653032687,-1.1919751383949875,7.339615627070976,8.531590765465964,9.230769230769232,RETROSPECTIVE_HISTORY_DIAGNOSTIC
2026-10-03,8471724,REMOVE_MAX_RATE,1.8911536036982561,0.6991784653032687,-1.1919751383949875,7.339615627070976,8.531590765465964,9.230769230769232,RETROSPECTIVE_HISTORY_DIAGNOSTIC
2026-10-03,8471724,WINSOR_TOP_SOG_TO_SECOND_MAX,1.8911536036982561,0.9455768018491281,-0.9455768018491281,7.339615627070976,8.285192428920103,9.230769230769232,RETROSPECTIVE_HISTORY_DIAGNOSTIC
2026-10-03,8473422,REMOVE_MAX_SOG,4.475941812756434,3.514644351464435,-0.9612974612919993,0.15421312127984432,0.807084340012155,4.32172869147659,RETROSPECTIVE_HISTORY_DIAGNOSTIC
2026-10-03,8473422,REMOVE_MAX_RATE,4.475941812756434,3.514644351464435,-0.9612974612919993,0.15421312127984432,0.807084340012155,4.32172869147659,RETROSPECTIVE_HISTORY_DIAGNOSTIC
2026-10-03,8473422,WINSOR_TOP_SOG_TO_SECOND_MAX,4.475941812756434,4.0283476314807904,-0.4475941812756439,0.15421312127984432,0.29338105999579955,4.32172869147659,RETROSPECTIVE_HISTORY_DIAGNOSTIC
2026-10-03,8473512,REMOVE_MAX_SOG,8.939560795491351,7.436028286068383,-1.5035325094229686,4.187148411436633,5.690680920859601,13.126709206927984,RETROSPECTIVE_HISTORY_DIAGNOSTIC
2026-10-03,8473512,REMOVE_MAX_RATE,8.939560795491351,7.436028286068383,-1.5035325094229686,4.187148411436633,5.690680920859601,13.126709206927984,RETROSPECTIVE_HISTORY_DIAGNOSTIC
2026-10-03,8473512,WINSOR_TOP_SOG_TO_SECOND_MAX,8.939560795491351,7.77353112651422,-1.1660296689771315,4.187148411436633,5.353178080413764,13.126709206927984,RETROSPECTIVE_HISTORY_DIAGNOSTIC
2026-10-03,8473533,REMOVE_MAX_SOG,5.784526391901663,4.902628353533978,-0.8818980383676847,2.166435939640356,1.2845379012726714,3.6180904522613067,RETROSPECTIVE_HISTORY_DIAGNOSTIC
2026-10-03,8473533,REMOVE_MAX_RATE,5.784526391901663,4.902628353533978,-0.8818980383676847,2.166435939640356,1.2845379012726714,3.6180904522613067,RETROSPECTIVE_HISTORY_DIAGNOSTIC
2026-10-03,8473533,WINSOR_TOP_SOG_TO_SECOND_MAX,5.784526391901663,5.422993492407809,-0.36153289949385403,2.166435939640356,1.804903040146502,3.6180904522613067,RETROSPECTIVE_HISTORY_DIAGNOSTIC
2026-10-03,8473994,REMOVE_MAX_SOG,3.2616292614739453,1.0865628395508873,-2.175066421923058,5.829279829435146,8.004346251358204,9.090909090909092,RETROSPECTIVE_HISTORY_DIAGNOSTIC
2026-10-03,8473994,REMOVE_MAX_RATE,3.2616292614739453,1.0865628395508873,-2.175066421923058,5.829279829435146,8.004346251358204,9.090909090909092,RETROSPECTIVE_HISTORY_DIAGNOSTIC
2026-10-03,8473994,WINSOR_TOP_SOG_TO_SECOND_MAX,3.2616292614739453,1.3978411120602625,-1.8637881494136828,5.829279829435146,7.693067978848829,9.090909090909092,RETROSPECTIVE_HISTORY_DIAGNOSTIC
2026-10-03,8474013,REMOVE_MAX_SOG,2.071465561885034,1.9250513347022589,-0.14641422718277508,0.8388012125692907,0.9852154397520658,2.9102667744543247,RETROSPECTIVE_HISTORY_DIAGNOSTIC
2026-10-03,8474013,REMOVE_MAX_RATE,2.071465561885034,1.9209835435743103,-0.1504820183107236,0.8388012125692907,0.9892832308800144,2.9102667744543247,RETROSPECTIVE_HISTORY_DIAGNOSTIC
2026-10-03,8474013,WINSOR_TOP_SOG_TO_SECOND_MAX,2.071465561885034,2.071465561885034,0.0,0.8388012125692907,0.8388012125692907,2.9102667744543247,RETROSPECTIVE_HISTORY_DIAGNOSTIC
2026-10-03,8474141,REMOVE_MAX_SOG,6.5923716841940045,5.582044423770206,-1.0103272604237983,6.5923716841940045,5.582044423770206,0.0,RETROSPECTIVE_HISTORY_DIAGNOSTIC
2026-10-03,8474141,REMOVE_MAX_RATE,6.5923716841940045,5.582044423770206,-1.0103272604237983,6.5923716841940045,5.582044423770206,0.0,RETROSPECTIVE_HISTORY_DIAGNOSTIC
2026-10-03,8474141,WINSOR_TOP_SOG_TO_SECOND_MAX,6.5923716841940045,6.278449223041909,-0.3139224611520959,6.5923716841940045,6.278449223041909,0.0,RETROSPECTIVE_HISTORY_DIAGNOSTIC
2026-10-03,8474150,REMOVE_MAX_SOG,5.988688033714096,4.7252680680923245,-1.2634199656217717,3.509992705072184,4.773412670693956,9.49868073878628,RETROSPECTIVE_HISTORY_DIAGNOSTIC
2026-10-03,8474150,REMOVE_MAX_RATE,5.988688033714096,4.7252680680923245,-1.2634199656217717,3.509992705072184,4.773412670693956,9.49868073878628,RETROSPECTIVE_HISTORY_DIAGNOSTIC
2026-10-03,8474150,WINSOR_TOP_SOG_TO_SECOND_MAX,5.988688033714096,5.323278252190308,-0.6654097815237883,3.509992705072184,4.1754024865959725,9.49868073878628,RETROSPECTIVE_HISTORY_DIAGNOSTIC
2026-10-03,8474151,REMOVE_MAX_SOG,2.6276892757431436,2.1642419141517375,-0.4634473615914061,2.6276892757431436,2.1642419141517375,0.0,RETROSPECTIVE_HISTORY_DIAGNOSTIC
2026-10-03,8474151,REMOVE_MAX_RATE,2.6276892757431436,2.1642419141517375,-0.4634473615914061,2.6276892757431436,2.1642419141517375,0.0,RETROSPECTIVE_HISTORY_DIAGNOSTIC
2026-10-03,8474151,WINSOR_TOP_SOG_TO_SECOND_MAX,2.6276892757431436,2.6276892757431436,0.0,2.6276892757431436,2.6276892757431436,0.0,RETROSPECTIVE_HISTORY_DIAGNOSTIC
2026-10-03,8474563,REMOVE_MAX_SOG,3.085097266261034,2.842928216062544,-0.2421690501984899,3.085097266261034,2.842928216062544,0.0,RETROSPECTIVE_HISTORY_DIAGNOSTIC
2026-10-03,8474563,REMOVE_MAX_RATE,3.085097266261034,2.8415818138763913,-0.24351545238464256,3.085097266261034,2.8415818138763913,0.0,RETROSPECTIVE_HISTORY_DIAGNOSTIC
2026-10-03,8474563,WINSOR_TOP_SOG_TO_SECOND_MAX,3.085097266261034,3.085097266261034,0.0,3.085097266261034,3.085097266261034,0.0,RETROSPECTIVE_HISTORY_DIAGNOSTIC
2026-10-03,8474564,REMOVE_MAX_SOG,8.651073373918615,6.568144499178982,-2.0829288747396335,3.328959903951601,5.411888778691234,11.980033277870216,RETROSPECTIVE_HISTORY_DIAGNOSTIC
2026-10-03,8474564,REMOVE_MAX_RATE,8.651073373918615,6.568144499178982,-2.0829288747396335,3.328959903951601,5.411888778691234,11.980033277870216,RETROSPECTIVE_HISTORY_DIAGNOSTIC
2026-10-03,8474564,WINSOR_TOP_SOG_TO_SECOND_MAX,8.651073373918615,6.728612624158924,-1.9224607497596917,3.328959903951601,5.251420653711293,11.980033277870216,RETROSPECTIVE_HISTORY_DIAGNOSTIC
2026-10-03,8474567,REMOVE_MAX_SOG,2.2135320593226595,1.9834710743801653,-0.23006098494249416,2.2135320593226595,1.9834710743801653,0.0,RETROSPECTIVE_HISTORY_DIAGNOSTIC
2026-10-03,8474567,REMOVE_MAX_RATE,2.2135320593226595,1.9038553069966684,-0.3096767523259911,2.2135320593226595,1.9038553069966684,0.0,RETROSPECTIVE_HISTORY_DIAGNOSTIC
2026-10-03,8474567,WINSOR_TOP_SOG_TO_SECOND_MAX,2.2135320593226595,2.2135320593226595,0.0,2.2135320593226595,2.2135320593226595,0.0,RETROSPECTIVE_HISTORY_DIAGNOSTIC
2026-10-03,8474568,REMOVE_MAX_SOG,2.589555459646094,1.9261637239165332,-0.6633917357295607,2.589555459646094,1.9261637239165332,0.0,RETROSPECTIVE_HISTORY_DIAGNOSTIC
2026-10-03,8474568,REMOVE_MAX_RATE,2.589555459646094,1.8751464958199862,-0.7144089638261077,2.589555459646094,1.8751464958199862,0.0,RETROSPECTIVE_HISTORY_DIAGNOSTIC
2026-10-03,8474568,WINSOR_TOP_SOG_TO_SECOND_MAX,2.589555459646094,2.589555459646094,0.0,2.589555459646094,2.589555459646094,0.0,RETROSPECTIVE_HISTORY_DIAGNOSTIC
2026-10-03,8474574,REMOVE_MAX_SOG,1.9981128933784762,1.1344299489506522,-0.863682944427824,2.1541362415696215,3.0178191859974453,4.152249134948097,RETROSPECTIVE_HISTORY_DIAGNOSTIC
2026-10-03,8474574,REMOVE_MAX_RATE,1.9981128933784762,1.1344299489506522,-0.863682944427824,2.1541362415696215,3.0178191859974453,4.152249134948097,RETROSPECTIVE_HISTORY_DIAGNOSTIC
2026-10-03,8474574,WINSOR_TOP_SOG_TO_SECOND_MAX,1.9981128933784762,1.3320752622523173,-0.6660376311261589,2.1541362415696215,2.82017387269578,4.152249134948097,RETROSPECTIVE_HISTORY_DIAGNOSTIC
2026-10-03,8474578,REMOVE_MAX_SOG,5.322377328540081,4.702440043889441,-0.6199372846506401,5.322377328540081,4.702440043889441,0.0,RETROSPECTIVE_HISTORY_DIAGNOSTIC
2026-10-03,8474578,REMOVE_MAX_RATE,5.322377328540081,4.702440043889441,-0.6199372846506401,5.322377328540081,4.702440043889441,0.0,RETROSPECTIVE_HISTORY_DIAGNOSTIC
2026-10-03,8474578,WINSOR_TOP_SOG_TO_SECOND_MAX,5.322377328540081,5.042252205985339,-0.2801251225547414,5.322377328540081,5.042252205985339,0.0,RETROSPECTIVE_HISTORY_DIAGNOSTIC
2026-10-03,8474586,REMOVE_MAX_SOG,5.404796757121945,4.507042253521127,-0.8977545036008179,1.909651126053984,1.011896622453166,3.495145631067961,RETROSPECTIVE_HISTORY_DIAGNOSTIC
2026-10-03,8474586,REMOVE_MAX_RATE,5.404796757121945,4.472049689440994,-0.9327470676809506,1.909651126053984,0.9769040583730333,3.495145631067961,RETROSPECTIVE_HISTORY_DIAGNOSTIC
2026-10-03,8474586,WINSOR_TOP_SOG_TO_SECOND_MAX,5.404796757121945,5.404796757121945,0.0,1.909651126053984,1.909651126053984,3.495145631067961,RETROSPECTIVE_HISTORY_DIAGNOSTIC
2026-10-03,8474590,REMOVE_MAX_SOG,6.891271056661562,5.965626627527105,-0.925644429134457,6.891271056661562,5.965626627527105,0.0,RETROSPECTIVE_HISTORY_DIAGNOSTIC
2026-10-03,8474590,REMOVE_MAX_RATE,6.891271056661562,5.965626627527105,-0.925644429134457,6.891271056661562,5.965626627527105,0.0,RETROSPECTIVE_HISTORY_DIAGNOSTIC
2026-10-03,8474590,WINSOR_TOP_SOG_TO_SECOND_MAX,6.891271056661562,6.380806533945892,-0.5104645227156706,6.891271056661562,6.380806533945892,0.0,RETROSPECTIVE_HISTORY_DIAGNOSTIC
2026-10-03,8474600,REMOVE_MAX_SOG,6.91793893129771,6.53765690376569,-0.38028202753202045,6.91793893129771,6.53765690376569,0.0,RETROSPECTIVE_HISTORY_DIAGNOSTIC
2026-10-03,8474600,REMOVE_MAX_RATE,6.91793893129771,6.53765690376569,-0.38028202753202045,6.91793893129771,6.53765690376569,0.0,RETROSPECTIVE_HISTORY_DIAGNOSTIC
2026-10-03,8474600,WINSOR_TOP_SOG_TO_SECOND_MAX,6.91793893129771,6.91793893129771,0.0,6.91793893129771,6.91793893129771,0.0,RETROSPECTIVE_HISTORY_DIAGNOSTIC
2026-10-03,8474716,REMOVE_MAX_SOG,3.7340876944837333,3.0538236416846924,-0.6802640527990409,0.749013067618062,0.06874901481902107,2.9850746268656714,RETROSPECTIVE_HISTORY_DIAGNOSTIC
2026-10-03,8474716,REMOVE_MAX_RATE,3.7340876944837333,3.0327920641940986,-0.7012956302896347,0.749013067618062,0.04771743732842726,2.9850746268656714,RETROSPECTIVE_HISTORY_DIAGNOSTIC
2026-10-03,8474716,WINSOR_TOP_SOG_TO_SECOND_MAX,3.7340876944837333,3.7340876944837333,0.0,0.749013067618062,0.749013067618062,2.9850746268656714,RETROSPECTIVE_HISTORY_DIAGNOSTIC
2026-10-03,8475151,REMOVE_MAX_SOG,8.167265599477295,7.072399032198027,-1.0948665672792677,0.04254055787732369,1.1374071251565914,8.209806157354619,RETROSPECTIVE_HISTORY_DIAGNOSTIC
2026-10-03,8475151,REMOVE_MAX_RATE,8.167265599477295,7.072399032198027,-1.0948665672792677,0.04254055787732369,1.1374071251565914,8.209806157354619,RETROSPECTIVE_HISTORY_DIAGNOSTIC
2026-10-03,8475151,WINSOR_TOP_SOG_TO_SECOND_MAX,8.167265599477295,7.513884351519112,-0.6533812479581833,0.04254055787732369,0.695921805835507,8.209806157354619,RETROSPECTIVE_HISTORY_DIAGNOSTIC
2026-10-03,8475158,REMOVE_MAX_SOG,5.737508964857757,5.116452592868945,-0.6210563719888125,2.7199062825442617,2.0988499105554492,3.0176026823134956,RETROSPECTIVE_HISTORY_DIAGNOSTIC
2026-10-03,8475158,REMOVE_MAX_RATE,5.737508964857757,5.116452592868945,-0.6210563719888125,2.7199062825442617,2.0988499105554492,3.0176026823134956,RETROSPECTIVE_HISTORY_DIAGNOSTIC
2026-10-03,8475158,WINSOR_TOP_SOG_TO_SECOND_MAX,5.737508964857757,5.737508964857757,0.0,2.7199062825442617,2.7199062825442617,3.0176026823134956,RETROSPECTIVE_HISTORY_DIAGNOSTIC
2026-10-03,8475166,REMOVE_MAX_SOG,6.764374295377678,5.604203152364274,-1.1601711430134038,3.20792487359739,4.368096016610794,9.972299168975068,RETROSPECTIVE_HISTORY_DIAGNOSTIC
2026-10-03,8475166,REMOVE_MAX_RATE,6.764374295377678,5.604203152364274,-1.1601711430134038,3.20792487359739,4.368096016610794,9.972299168975068,RETROSPECTIVE_HISTORY_DIAGNOSTIC
2026-10-03,8475166,WINSOR_TOP_SOG_TO_SECOND_MAX,6.764374295377678,6.442261233693027,-0.32211306168465104,3.20792487359739,3.5300379352820412,9.972299168975068,RETROSPECTIVE_HISTORY_DIAGNOSTIC
2026-10-03,8475167,REMOVE_MAX_SOG,4.690117252931323,4.151465593156372,-0.5386516597749509,0.26751283032690054,0.27113882944805034,4.422604422604422,RETROSPECTIVE_HISTORY_DIAGNOSTIC
2026-10-03,8475167,REMOVE_MAX_RATE,4.690117252931323,4.47324654470379,-0.21687070822753274,0.26751283032690054,0.0506421220993678,4.422604422604422,RETROSPECTIVE_HISTORY_DIAGNOSTIC
2026-10-03,8475167,WINSOR_TOP_SOG_TO_SECOND_MAX,4.690117252931323,4.3551088777219435,-0.3350083752093793,0.26751283032690054,0.06749554488247878,4.422604422604422,RETROSPECTIVE_HISTORY_DIAGNOSTIC
2026-10-03,8475170,REMOVE_MAX_SOG,4.086961457682919,3.471775749003472,-0.6151857086794466,12.276674905953449,12.891860614632895,16.363636363636367,RETROSPECTIVE_HISTORY_DIAGNOSTIC
2026-10-03,8475170,REMOVE_MAX_RATE,4.086961457682919,3.4342406512337824,-0.6527208064491363,12.276674905953449,12.929395712402584,16.363636363636367,RETROSPECTIVE_HISTORY_DIAGNOSTIC
2026-10-03,8475170,WINSOR_TOP_SOG_TO_SECOND_MAX,4.086961457682919,4.086961457682919,0.0,12.276674905953449,12.276674905953449,16.363636363636367,RETROSPECTIVE_HISTORY_DIAGNOSTIC
2026-10-03,8475171,REMOVE_MAX_SOG,2.59361322742746,2.1230170431090403,-0.47059618431841965,2.59361322742746,2.1230170431090403,0.0,RETROSPECTIVE_HISTORY_DIAGNOSTIC
2026-10-03,8475171,REMOVE_MAX_RATE,2.59361322742746,2.1230170431090403,-0.47059618431841965,2.59361322742746,2.1230170431090403,0.0,RETROSPECTIVE_HISTORY_DIAGNOSTIC
2026-10-03,8475171,WINSOR_TOP_SOG_TO_SECOND_MAX,2.59361322742746,2.2694115739990277,-0.3242016534284322,2.59361322742746,2.2694115739990277,0.0,RETROSPECTIVE_HISTORY_DIAGNOSTIC
2026-10-03,8475172,REMOVE_MAX_SOG,8.128507838203987,7.065057403591403,-1.0634504346125837,4.8796222430968275,5.943072677709411,13.008130081300814,RETROSPECTIVE_HISTORY_DIAGNOSTIC
2026-10-03,8475172,REMOVE_MAX_RATE,8.128507838203987,7.065057403591403,-1.0634504346125837,4.8796222430968275,5.943072677709411,13.008130081300814,RETROSPECTIVE_HISTORY_DIAGNOSTIC
2026-10-03,8475172,WINSOR_TOP_SOG_TO_SECOND_MAX,8.128507838203987,7.354364234565511,-0.7741436036384757,4.8796222430968275,5.653765846735303,13.008130081300814,RETROSPECTIVE_HISTORY_DIAGNOSTIC
2026-10-03,8475184,REMOVE_MAX_SOG,6.850138204542723,6.0790273556231,-0.7711108489196228,2.836760278121318,2.065649429201695,4.013377926421405,RETROSPECTIVE_HISTORY_DIAGNOSTIC
2026-10-03,8475184,REMOVE_MAX_RATE,6.850138204542723,6.0790273556231,-0.7711108489196228,2.836760278121318,2.065649429201695,4.013377926421405,RETROSPECTIVE_HISTORY_DIAGNOSTIC
2026-10-03,8475184,WINSOR_TOP_SOG_TO_SECOND_MAX,6.850138204542723,6.489604614829948,-0.3605335897127748,2.836760278121318,2.476226688408543,4.013377926421405,RETROSPECTIVE_HISTORY_DIAGNOSTIC
2026-10-03,8475200,REMOVE_MAX_SOG,5.005889281507655,4.300838112042347,-0.7050511694653085,1.7091859848043587,1.0041348153390501,3.2967032967032965,RETROSPECTIVE_HISTORY_DIAGNOSTIC
2026-10-03,8475200,REMOVE_MAX_RATE,5.005889281507655,4.300838112042347,-0.7050511694653085,1.7091859848043587,1.0041348153390501,3.2967032967032965,RETROSPECTIVE_HISTORY_DIAGNOSTIC
2026-10-03,8475200,WINSOR_TOP_SOG_TO_SECOND_MAX,5.005889281507655,4.7114252061248525,-0.2944640753828027,1.7091859848043587,1.414721909421556,3.2967032967032965,RETROSPECTIVE_HISTORY_DIAGNOSTIC
2026-10-03,8475208,REMOVE_MAX_SOG,1.3945380592678673,0.7712082262210797,-0.6233298330467877,1.3945380592678673,0.7712082262210797,0.0,RETROSPECTIVE_HISTORY_DIAGNOSTIC
2026-10-03,8475208,REMOVE_MAX_RATE,1.3945380592678673,0.7712082262210797,-0.6233298330467877,1.3945380592678673,0.7712082262210797,0.0,RETROSPECTIVE_HISTORY_DIAGNOSTIC
2026-10-03,8475208,WINSOR_TOP_SOG_TO_SECOND_MAX,1.3945380592678673,1.0459035444509006,-0.3486345148169667,1.3945380592678673,1.0459035444509006,0.0,RETROSPECTIVE_HISTORY_DIAGNOSTIC
2026-10-03,8475218,REMOVE_MAX_SOG,2.135882831570383,1.7073587160662458,-0.42852411550413705,2.135882831570383,1.7073587160662458,0.0,RETROSPECTIVE_HISTORY_DIAGNOSTIC
2026-10-03,8475218,REMOVE_MAX_RATE,2.135882831570383,1.7073587160662458,-0.42852411550413705,2.135882831570383,1.7073587160662458,0.0,RETROSPECTIVE_HISTORY_DIAGNOSTIC
2026-10-03,8475218,WINSOR_TOP_SOG_TO_SECOND_MAX,2.135882831570383,1.8307567127746136,-0.30512611879576923,2.135882831570383,1.8307567127746136,0.0,RETROSPECTIVE_HISTORY_DIAGNOSTIC
2026-10-03,8475220,REMOVE_MAX_SOG,5.963720699080592,5.450581395348837,-0.5131393037317551,0.991345008472857,0.4782057047411019,4.972375690607735,RETROSPECTIVE_HISTORY_DIAGNOSTIC
2026-10-03,8475220,REMOVE_MAX_RATE,5.963720699080592,5.450581395348837,-0.5131393037317551,0.991345008472857,0.4782057047411019,4.972375690607735,RETROSPECTIVE_HISTORY_DIAGNOSTIC
2026-10-03,8475220,WINSOR_TOP_SOG_TO_SECOND_MAX,5.963720699080592,5.963720699080592,0.0,0.991345008472857,0.991345008472857,4.972375690607735,RETROSPECTIVE_HISTORY_DIAGNOSTIC
2026-10-03,8475231,REMOVE_MAX_SOG,5.722915507511326,3.2048428736757764,-2.5180726338355495,11.318504610831871,13.83657724466742,17.041420118343197,RETROSPECTIVE_HISTORY_DIAGNOSTIC
2026-10-03,8475231,REMOVE_MAX_RATE,5.722915507511326,3.2048428736757764,-2.5180726338355495,11.318504610831871,13.83657724466742,17.041420118343197,RETROSPECTIVE_HISTORY_DIAGNOSTIC
2026-10-03,8475231,WINSOR_TOP_SOG_TO_SECOND_MAX,5.722915507511326,4.292186630633495,-1.430728876877831,11.318504610831871,12.749233487709702,17.041420118343197,RETROSPECTIVE_HISTORY_DIAGNOSTIC
2026-10-03,8475287,REMOVE_MAX_SOG,7.471049682480388,6.588881262868908,-0.8821684196114798,0.6645435378585951,1.546711957470075,8.135593220338983,RETROSPECTIVE_HISTORY_DIAGNOSTIC
2026-10-03,8475287,REMOVE_MAX_RATE,7.471049682480388,6.588881262868908,-0.8821684196114798,0.6645435378585951,1.546711957470075,8.135593220338983,RETROSPECTIVE_HISTORY_DIAGNOSTIC
2026-10-03,8475287,WINSOR_TOP_SOG_TO_SECOND_MAX,7.471049682480388,7.471049682480388,0.0,0.6645435378585951,0.6645435378585951,8.135593220338983,RETROSPECTIVE_HISTORY_DIAGNOSTIC
2026-10-03,8475314,REMOVE_MAX_SOG,11.047543894259222,10.289389067524118,-0.7581548267351046,6.694460460160069,5.936305633424964,4.353083434099154,RETROSPECTIVE_HISTORY_DIAGNOSTIC
2026-10-03,8475314,REMOVE_MAX_RATE,11.047543894259222,10.289389067524118,-0.7581548267351046,6.694460460160069,5.936305633424964,4.353083434099154,RETROSPECTIVE_HISTORY_DIAGNOSTIC
2026-10-03,8475314,WINSOR_TOP_SOG_TO_SECOND_MAX,11.047543894259222,11.047543894259222,0.0,6.694460460160069,6.694460460160069,4.353083434099154,RETROSPECTIVE_HISTORY_DIAGNOSTIC
2026-10-03,8475455,REMOVE_MAX_SOG,2.6401188053462405,2.1929824561403506,-0.44713634920588996,2.6401188053462405,2.1929824561403506,0.0,RETROSPECTIVE_HISTORY_DIAGNOSTIC
2026-10-03,8475455,REMOVE_MAX_RATE,2.6401188053462405,2.1929824561403506,-0.44713634920588996,2.6401188053462405,2.1929824561403506,0.0,RETROSPECTIVE_HISTORY_DIAGNOSTIC
2026-10-03,8475455,WINSOR_TOP_SOG_TO_SECOND_MAX,2.6401188053462405,2.6401188053462405,0.0,2.6401188053462405,2.6401188053462405,0.0,RETROSPECTIVE_HISTORY_DIAGNOSTIC
2026-10-03,8475690,REMOVE_MAX_SOG,2.3600809170600137,1.5244870736200216,-0.8355938434399921,2.3600809170600137,1.5244870736200216,0.0,RETROSPECTIVE_HISTORY_DIAGNOSTIC
2026-10-03,8475690,REMOVE_MAX_RATE,2.3600809170600137,1.5244870736200216,-0.8355938434399921,2.3600809170600137,1.5244870736200216,0.0,RETROSPECTIVE_HISTORY_DIAGNOSTIC
2026-10-03,8475690,WINSOR_TOP_SOG_TO_SECOND_MAX,2.3600809170600137,1.685772083614295,-0.6743088334457186,2.3600809170600137,1.685772083614295,0.0,RETROSPECTIVE_HISTORY_DIAGNOSTIC
2026-10-03,8475692,REMOVE_MAX_SOG,5.1177072671443185,4.178272980501392,-0.9394342866429266,2.008898976988878,1.0694646903459515,3.1088082901554404,RETROSPECTIVE_HISTORY_DIAGNOSTIC
2026-10-03,8475692,REMOVE_MAX_RATE,5.1177072671443185,4.178272980501392,-0.9394342866429266,2.008898976988878,1.0694646903459515,3.1088082901554404,RETROSPECTIVE_HISTORY_DIAGNOSTIC
2026-10-03,8475692,WINSOR_TOP_SOG_TO_SECOND_MAX,5.1177072671443185,4.776526782668031,-0.3411804844762871,2.008898976988878,1.667718492512591,3.1088082901554404,RETROSPECTIVE_HISTORY_DIAGNOSTIC
2026-10-03,8475726,REMOVE_MAX_SOG,7.024116132053384,5.686713768740306,-1.3374023633130774,5.375424625696328,6.712826989009406,12.399540757749712,RETROSPECTIVE_HISTORY_DIAGNOSTIC
2026-10-03,8475726,REMOVE_MAX_RATE,7.024116132053384,5.686713768740306,-1.3374023633130774,5.375424625696328,6.712826989009406,12.399540757749712,RETROSPECTIVE_HISTORY_DIAGNOSTIC
2026-10-03,8475726,WINSOR_TOP_SOG_TO_SECOND_MAX,7.024116132053384,6.087567314446266,-0.9365488176071173,5.375424625696328,6.311973443303446,12.399540757749712,RETROSPECTIVE_HISTORY_DIAGNOSTIC
2026-10-03,8475745,REMOVE_MAX_SOG,5.324424492352663,3.8894454593670815,-1.4349790329855816,5.324424492352663,3.8894454593670815,0.0,RETROSPECTIVE_HISTORY_DIAGNOSTIC
2026-10-03,8475745,REMOVE_MAX_RATE,5.324424492352663,3.8894454593670815,-1.4349790329855816,5.324424492352663,3.8894454593670815,0.0,RETROSPECTIVE_HISTORY_DIAGNOSTIC
2026-10-03,8475745,WINSOR_TOP_SOG_TO_SECOND_MAX,5.324424492352663,4.698021610899409,-0.6264028814532541,5.324424492352663,4.698021610899409,0.0,RETROSPECTIVE_HISTORY_DIAGNOSTIC
2026-10-03,8475754,REMOVE_MAX_SOG,5.015411942949689,4.468377635197067,-0.5470343077526225,1.307893920292635,0.7608596125400124,3.7075180226570543,RETROSPECTIVE_HISTORY_DIAGNOSTIC
2026-10-03,8475754,REMOVE_MAX_RATE,5.015411942949689,4.468377635197067,-0.5470343077526225,1.307893920292635,0.7608596125400124,3.7075180226570543,RETROSPECTIVE_HISTORY_DIAGNOSTIC
2026-10-03,8475754,WINSOR_TOP_SOG_TO_SECOND_MAX,5.015411942949689,5.015411942949689,0.0,1.307893920292635,1.307893920292635,3.7075180226570543,RETROSPECTIVE_HISTORY_DIAGNOSTIC
2026-10-03,8475764,REMOVE_MAX_SOG,2.9154518950437325,2.3281596452328164,-0.5872922498109161,0.35134933094116816,0.23594291886974794,2.5641025641025643,RETROSPECTIVE_HISTORY_DIAGNOSTIC
2026-10-03,8475764,REMOVE_MAX_RATE,2.9154518950437325,2.3281596452328164,-0.5872922498109161,0.35134933094116816,0.23594291886974794,2.5641025641025643,RETROSPECTIVE_HISTORY_DIAGNOSTIC
2026-10-03,8475764,WINSOR_TOP_SOG_TO_SECOND_MAX,2.9154518950437325,2.6239067055393592,-0.29154518950437325,0.35134933094116816,0.05980414143679491,2.5641025641025643,RETROSPECTIVE_HISTORY_DIAGNOSTIC
2026-10-03,8475768,REMOVE_MAX_SOG,3.997601439136518,2.6938042502244834,-1.3037971889120348,12.864225258755754,14.16802244766779,16.861826697892273,RETROSPECTIVE_HISTORY_DIAGNOSTIC
2026-10-03,8475768,REMOVE_MAX_RATE,3.997601439136518,2.6938042502244834,-1.3037971889120348,12.864225258755754,14.16802244766779,16.861826697892273,RETROSPECTIVE_HISTORY_DIAGNOSTIC
2026-10-03,8475768,WINSOR_TOP_SOG_TO_SECOND_MAX,3.997601439136518,3.1980811513092147,-0.7995202878273036,12.864225258755754,13.663745546583058,16.861826697892273,RETROSPECTIVE_HISTORY_DIAGNOSTIC
2026-10-03,8475790,REMOVE_MAX_SOG,2.773764807859,2.345582486317435,-0.428182321541565,2.773764807859,2.345582486317435,0.0,RETROSPECTIVE_HISTORY_DIAGNOSTIC
2026-10-03,8475790,REMOVE_MAX_RATE,2.773764807859,2.3273855702094646,-0.44637923764953547,2.773764807859,2.3273855702094646,0.0,RETROSPECTIVE_HISTORY_DIAGNOSTIC
2026-10-03,8475790,WINSOR_TOP_SOG_TO_SECOND_MAX,2.773764807859,2.773764807859,0.0,2.773764807859,2.773764807859,0.0,RETROSPECTIVE_HISTORY_DIAGNOSTIC
2026-10-03,8475791,REMOVE_MAX_SOG,6.865479510834586,6.476791497135266,-0.38868801369932005,1.410382558130932,1.799070571830252,8.275862068965518,RETROSPECTIVE_HISTORY_DIAGNOSTIC
2026-10-03,8475791,REMOVE_MAX_RATE,6.865479510834586,6.256015399422521,-0.6094641114120645,1.410382558130932,2.0198466695429964,8.275862068965518,RETROSPECTIVE_HISTORY_DIAGNOSTIC
2026-10-03,8475791,WINSOR_TOP_SOG_TO_SECOND_MAX,6.865479510834586,6.865479510834586,0.0,1.410382558130932,1.410382558130932,8.275862068965518,RETROSPECTIVE_HISTORY_DIAGNOSTIC
2026-10-03,8475794,REMOVE_MAX_SOG,3.627325854772621,2.2396416573348263,-1.3876841974377947,10.696281572283082,12.083965769720876,14.323607427055704,RETROSPECTIVE_HISTORY_DIAGNOSTIC
2026-10-03,8475794,REMOVE_MAX_RATE,3.627325854772621,3.250490959572019,-0.3768348952006022,10.696281572283082,11.073116467483684,14.323607427055704,RETROSPECTIVE_HISTORY_DIAGNOSTIC
2026-10-03,8475794,WINSOR_TOP_SOG_TO_SECOND_MAX,3.627325854772621,2.4182172365150807,-1.2091086182575403,10.696281572283082,11.905390190540622,14.323607427055704,RETROSPECTIVE_HISTORY_DIAGNOSTIC
2026-10-03,8475842,REMOVE_MAX_SOG,7.183643396573955,6.233766233766232,-0.9498771628077227,0.9981747852442284,1.9480519480519511,8.181818181818183,RETROSPECTIVE_HISTORY_DIAGNOSTIC
2026-10-03,8475842,REMOVE_MAX_RATE,7.183643396573955,6.233766233766232,-0.9498771628077227,0.9981747852442284,1.9480519480519511,8.181818181818183,RETROSPECTIVE_HISTORY_DIAGNOSTIC
2026-10-03,8475842,WINSOR_TOP_SOG_TO_SECOND_MAX,7.183643396573955,7.183643396573955,0.0,0.9981747852442284,0.9981747852442284,8.181818181818183,RETROSPECTIVE_HISTORY_DIAGNOSTIC
2026-10-03,8475848,REMOVE_MAX_SOG,6.162464985994398,4.316546762589928,-1.8459182234044702,5.6796402771634975,7.525558500567968,11.842105263157896,RETROSPECTIVE_HISTORY_DIAGNOSTIC
2026-10-03,8475848,REMOVE_MAX_RATE,6.162464985994398,4.316546762589928,-1.8459182234044702,5.6796402771634975,7.525558500567968,11.842105263157896,RETROSPECTIVE_HISTORY_DIAGNOSTIC
2026-10-03,8475848,WINSOR_TOP_SOG_TO_SECOND_MAX,6.162464985994398,5.602240896358543,-0.560224089635855,5.6796402771634975,6.2398643667993525,11.842105263157896,RETROSPECTIVE_HISTORY_DIAGNOSTIC
2026-10-03,8476278,REMOVE_MAX_SOG,3.2946344524631317,2.1451555237754736,-1.149478928687658,3.2946344524631317,2.1451555237754736,0.0,RETROSPECTIVE_HISTORY_DIAGNOSTIC
2026-10-03,8476278,REMOVE_MAX_RATE,3.2946344524631317,2.552105487026797,-0.7425289654363345,3.2946344524631317,2.552105487026797,0.0,RETROSPECTIVE_HISTORY_DIAGNOSTIC
2026-10-03,8476278,WINSOR_TOP_SOG_TO_SECOND_MAX,3.2946344524631317,2.8239723878255414,-0.4706620646375903,3.2946344524631317,2.8239723878255414,0.0,RETROSPECTIVE_HISTORY_DIAGNOSTIC
2026-10-03,8476292,REMOVE_MAX_SOG,3.5297083788553656,2.755073927817063,-0.7746344510383025,15.747400054879572,16.522034505917876,19.277108433734938,RETROSPECTIVE_HISTORY_DIAGNOSTIC
2026-10-03,8476292,REMOVE_MAX_RATE,3.5297083788553656,2.755073927817063,-0.7746344510383025,15.747400054879572,16.522034505917876,19.277108433734938,RETROSPECTIVE_HISTORY_DIAGNOSTIC
2026-10-03,8476292,WINSOR_TOP_SOG_TO_SECOND_MAX,3.5297083788553656,3.5297083788553656,0.0,15.747400054879572,15.747400054879572,19.277108433734938,RETROSPECTIVE_HISTORY_DIAGNOSTIC
2026-10-03,8476312,REMOVE_MAX_SOG,7.19137035557331,6.5267468646019955,-0.6646234909713149,0.03754530707729131,0.7021687980486062,7.228915662650602,RETROSPECTIVE_HISTORY_DIAGNOSTIC
2026-10-03,8476312,REMOVE_MAX_RATE,7.19137035557331,6.607929515418502,-0.5834408401548083,0.03754530707729131,0.6209861472320997,7.228915662650602,RETROSPECTIVE_HISTORY_DIAGNOSTIC
2026-10-03,8476312,WINSOR_TOP_SOG_TO_SECOND_MAX,7.19137035557331,6.848924148165058,-0.34244620740825216,0.03754530707729131,0.37999151448554347,7.228915662650602,RETROSPECTIVE_HISTORY_DIAGNOSTIC
2026-10-03,8476372,REMOVE_MAX_SOG,2.793296089385475,2.278913717794518,-0.514382371590957,2.793296089385475,2.278913717794518,0.0,RETROSPECTIVE_HISTORY_DIAGNOSTIC
2026-10-03,8476372,REMOVE_MAX_RATE,2.793296089385475,2.278913717794518,-0.514382371590957,2.793296089385475,2.278913717794518,0.0,RETROSPECTIVE_HISTORY_DIAGNOSTIC
2026-10-03,8476372,WINSOR_TOP_SOG_TO_SECOND_MAX,2.793296089385475,2.793296089385475,0.0,2.793296089385475,2.793296089385475,0.0,RETROSPECTIVE_HISTORY_DIAGNOSTIC
2026-10-03,8476374,REMOVE_MAX_SOG,5.295675198587819,4.96113775425831,-0.33453744432950927,11.68545687688388,12.019994321213389,16.9811320754717,RETROSPECTIVE_HISTORY_DIAGNOSTIC
2026-10-03,8476374,REMOVE_MAX_RATE,5.295675198587819,4.7352221608397125,-0.5604530377481067,11.68545687688388,12.245909914631987,16.9811320754717,RETROSPECTIVE_HISTORY_DIAGNOSTIC
2026-10-03,8476374,WINSOR_TOP_SOG_TO_SECOND_MAX,5.295675198587819,5.295675198587819,0.0,11.68545687688388,11.68545687688388,16.9811320754717,RETROSPECTIVE_HISTORY_DIAGNOSTIC
2026-10-03,8476389,REMOVE_MAX_SOG,4.815924657534247,3.9490217196194575,-0.8669029379147899,4.815924657534247,3.9490217196194575,0.0,RETROSPECTIVE_HISTORY_DIAGNOSTIC
2026-10-03,8476389,REMOVE_MAX_RATE,4.815924657534247,3.9490217196194575,-0.8669029379147899,4.815924657534247,3.9490217196194575,0.0,RETROSPECTIVE_HISTORY_DIAGNOSTIC
2026-10-03,8476389,WINSOR_TOP_SOG_TO_SECOND_MAX,4.815924657534247,4.49486301369863,-0.3210616438356171,4.815924657534247,4.49486301369863,0.0,RETROSPECTIVE_HISTORY_DIAGNOSTIC
2026-10-03,8476393,REMOVE_MAX_SOG,5.676931016686737,4.690706537672237,-0.9862244790145,5.676931016686737,4.690706537672237,0.0,RETROSPECTIVE_HISTORY_DIAGNOSTIC
2026-10-03,8476393,REMOVE_MAX_RATE,5.676931016686737,4.690706537672237,-0.9862244790145,5.676931016686737,4.690706537672237,0.0,RETROSPECTIVE_HISTORY_DIAGNOSTIC
2026-10-03,8476393,WINSOR_TOP_SOG_TO_SECOND_MAX,5.676931016686737,5.676931016686737,0.0,5.676931016686737,5.676931016686737,0.0,RETROSPECTIVE_HISTORY_DIAGNOSTIC
2026-10-03,8476399,REMOVE_MAX_SOG,9.835528113217858,8.642938599123703,-1.1925895140941556,0.9903192680090136,0.202270246085142,8.845208845208845,RETROSPECTIVE_HISTORY_DIAGNOSTIC
2026-10-03,8476399,REMOVE_MAX_RATE,9.835528113217858,8.642938599123703,-1.1925895140941556,0.9903192680090136,0.202270246085142,8.845208845208845,RETROSPECTIVE_HISTORY_DIAGNOSTIC
2026-10-03,8476399,WINSOR_TOP_SOG_TO_SECOND_MAX,9.835528113217858,9.179826239003333,-0.6557018742145253,0.9903192680090136,0.3346173937944883,8.845208845208845,RETROSPECTIVE_HISTORY_DIAGNOSTIC
2026-10-03,8476419,REMOVE_MAX_SOG,4.170089088266885,3.720289355838788,-0.44979973242809734,3.928898538279797,4.378698270707894,8.098987626546682,RETROSPECTIVE_HISTORY_DIAGNOSTIC
2026-10-03,8476419,REMOVE_MAX_RATE,4.170089088266885,3.720289355838788,-0.44979973242809734,3.928898538279797,4.378698270707894,8.098987626546682,RETROSPECTIVE_HISTORY_DIAGNOSTIC
2026-10-03,8476419,WINSOR_TOP_SOG_TO_SECOND_MAX,4.170089088266885,4.170089088266885,0.0,3.928898538279797,3.928898538279797,8.098987626546682,RETROSPECTIVE_HISTORY_DIAGNOSTIC
2026-10-03,8476422,REMOVE_MAX_SOG,5.567707297673494,4.878409342893045,-0.6892979547804492,0.0926700608170723,0.7819680155975215,5.660377358490567,RETROSPECTIVE_HISTORY_DIAGNOSTIC
2026-10-03,8476422,REMOVE_MAX_RATE,5.567707297673494,4.878409342893045,-0.6892979547804492,0.0926700608170723,0.7819680155975215,5.660377358490567,RETROSPECTIVE_HISTORY_DIAGNOSTIC
2026-10-03,8476422,WINSOR_TOP_SOG_TO_SECOND_MAX,5.567707297673494,5.170013919268244,-0.39769337840525054,0.0926700608170723,0.49036343922232284,5.660377358490567,RETROSPECTIVE_HISTORY_DIAGNOSTIC
2026-10-03,8476432,REMOVE_MAX_SOG,9.79776409998744,9.102192800992967,-0.6955712989944729,2.2423696792767753,2.9379409782712482,12.040133779264215,RETROSPECTIVE_HISTORY_DIAGNOSTIC
2026-10-03,8476432,REMOVE_MAX_RATE,9.79776409998744,9.102192800992967,-0.6955712989944729,2.2423696792767753,2.9379409782712482,12.040133779264215,RETROSPECTIVE_HISTORY_DIAGNOSTIC
2026-10-03,8476432,WINSOR_TOP_SOG_TO_SECOND_MAX,9.79776409998744,9.420927019218691,-0.3768370807687482,2.2423696792767753,2.6192067600455236,12.040133779264215,RETROSPECTIVE_HISTORY_DIAGNOSTIC
2026-10-03,8476441,REMOVE_MAX_SOG,5.243036592026215,4.415823367065317,-0.8272132249608974,0.7260980725782842,0.10111515238261326,4.516938519447931,RETROSPECTIVE_HISTORY_DIAGNOSTIC
2026-10-03,8476441,REMOVE_MAX_RATE,5.243036592026215,4.32900432900433,-0.9140322630218849,0.7260980725782842,0.1879341904436007,4.516938519447931,RETROSPECTIVE_HISTORY_DIAGNOSTIC
2026-10-03,8476441,WINSOR_TOP_SOG_TO_SECOND_MAX,5.243036592026215,5.243036592026215,0.0,0.7260980725782842,0.7260980725782842,4.516938519447931,RETROSPECTIVE_HISTORY_DIAGNOSTIC
2026-10-03,8476453,REMOVE_MAX_SOG,6.380202039731258,6.173173769426545,-0.20702827030471305,1.5260937142950963,1.7331219845998094,7.906295754026354,RETROSPECTIVE_HISTORY_DIAGNOSTIC
2026-10-03,8476453,REMOVE_MAX_RATE,6.380202039731258,5.987080510477391,-0.39312152925386723,1.5260937142950963,1.9192152435489636,7.906295754026354,RETROSPECTIVE_HISTORY_DIAGNOSTIC
2026-10-03,8476453,WINSOR_TOP_SOG_TO_SECOND_MAX,6.380202039731258,6.380202039731258,0.0,1.5260937142950963,1.5260937142950963,7.906295754026354,RETROSPECTIVE_HISTORY_DIAGNOSTIC
2026-10-03,8476455,REMOVE_MAX_SOG,7.208506037123806,6.019261637239165,-1.1892443998846414,7.208506037123806,6.019261637239165,0.0,RETROSPECTIVE_HISTORY_DIAGNOSTIC
2026-10-03,8476455,REMOVE_MAX_RATE,7.208506037123806,6.019261637239165,-1.1892443998846414,7.208506037123806,6.019261637239165,0.0,RETROSPECTIVE_HISTORY_DIAGNOSTIC
2026-10-03,8476455,WINSOR_TOP_SOG_TO_SECOND_MAX,7.208506037123806,6.487655433411426,-0.7208506037123801,7.208506037123806,6.487655433411426,0.0,RETROSPECTIVE_HISTORY_DIAGNOSTIC
2026-10-03,8476457,REMOVE_MAX_SOG,5.3954138981865425,4.698249342804408,-0.6971645553821348,5.3954138981865425,4.698249342804408,0.0,RETROSPECTIVE_HISTORY_DIAGNOSTIC
2026-10-03,8476457,REMOVE_MAX_RATE,5.3954138981865425,4.698249342804408,-0.6971645553821348,5.3954138981865425,4.698249342804408,0.0,RETROSPECTIVE_HISTORY_DIAGNOSTIC
2026-10-03,8476457,WINSOR_TOP_SOG_TO_SECOND_MAX,5.3954138981865425,5.3954138981865425,0.0,5.3954138981865425,5.3954138981865425,0.0,RETROSPECTIVE_HISTORY_DIAGNOSTIC
2026-10-03,8476458,REMOVE_MAX_SOG,7.4482758620689635,6.5126376182353845,-0.9356382438335791,2.926363907383487,3.862002151217066,10.37463976945245,RETROSPECTIVE_HISTORY_DIAGNOSTIC
2026-10-03,8476458,REMOVE_MAX_RATE,7.4482758620689635,6.5126376182353845,-0.9356382438335791,2.926363907383487,3.862002151217066,10.37463976945245,RETROSPECTIVE_HISTORY_DIAGNOSTIC
2026-10-03,8476458,WINSOR_TOP_SOG_TO_SECOND_MAX,7.4482758620689635,7.034482758620688,-0.4137931034482758,2.926363907383487,3.3401570108317626,10.37463976945245,RETROSPECTIVE_HISTORY_DIAGNOSTIC
2026-10-03,8476461,REMOVE_MAX_SOG,4.558404558404559,3.4059462144326966,-1.1524583439718628,4.558404558404559,3.4059462144326966,0.0,RETROSPECTIVE_HISTORY_DIAGNOSTIC
2026-10-03,8476461,REMOVE_MAX_RATE,4.558404558404559,3.4059462144326966,-1.1524583439718628,4.558404558404559,3.4059462144326966,0.0,RETROSPECTIVE_HISTORY_DIAGNOSTIC
2026-10-03,8476461,WINSOR_TOP_SOG_TO_SECOND_MAX,4.558404558404559,3.7986704653371324,-0.759734093067427,4.558404558404559,3.7986704653371324,0.0,RETROSPECTIVE_HISTORY_DIAGNOSTIC
2026-10-03,8476462,REMOVE_MAX_SOG,6.829175756426064,5.704325780383457,-1.124849976042607,1.2486103318312285,2.3734603078738354,8.077786088257293,RETROSPECTIVE_HISTORY_DIAGNOSTIC
2026-10-03,8476462,REMOVE_MAX_RATE,6.829175756426064,5.704325780383457,-1.124849976042607,1.2486103318312285,2.3734603078738354,8.077786088257293,RETROSPECTIVE_HISTORY_DIAGNOSTIC
2026-10-03,8476462,WINSOR_TOP_SOG_TO_SECOND_MAX,6.829175756426064,5.975528786872806,-0.8536469695532585,1.2486103318312285,2.102257301384487,8.077786088257293,RETROSPECTIVE_HISTORY_DIAGNOSTIC
2026-10-03,8476463,REMOVE_MAX_SOG,4.008016032064129,3.731111249300417,-0.27690478276371167,4.008016032064129,3.731111249300417,0.0,RETROSPECTIVE_HISTORY_DIAGNOSTIC
2026-10-03,8476463,REMOVE_MAX_RATE,4.008016032064129,3.677822728944465,-0.33019330311966355,4.008016032064129,3.677822728944465,0.0,RETROSPECTIVE_HISTORY_DIAGNOSTIC
2026-10-03,8476463,WINSOR_TOP_SOG_TO_SECOND_MAX,4.008016032064129,4.008016032064129,0.0,4.008016032064129,4.008016032064129,0.0,RETROSPECTIVE_HISTORY_DIAGNOSTIC
2026-10-03,8476467,REMOVE_MAX_SOG,3.2204390531909186,2.471605955393397,-0.7488330977975215,3.2204390531909186,2.471605955393397,0.0,RETROSPECTIVE_HISTORY_DIAGNOSTIC
2026-10-03,8476467,REMOVE_MAX_RATE,3.2204390531909186,2.471605955393397,-0.7488330977975215,3.2204390531909186,2.471605955393397,0.0,RETROSPECTIVE_HISTORY_DIAGNOSTIC
2026-10-03,8476467,WINSOR_TOP_SOG_TO_SECOND_MAX,3.2204390531909186,2.8983951478718266,-0.322043905319092,3.2204390531909186,2.8983951478718266,0.0,RETROSPECTIVE_HISTORY_DIAGNOSTIC
2026-10-03,8476469,REMOVE_MAX_SOG,8.1702859600086,7.1383248730964475,-1.031961086912153,0.7516471254932586,1.7836082124054116,8.921933085501859,RETROSPECTIVE_HISTORY_DIAGNOSTIC
2026-10-03,8476469,REMOVE_MAX_RATE,8.1702859600086,7.120253164556962,-1.0500327954516386,0.7516471254932586,1.8016799209448973,8.921933085501859,RETROSPECTIVE_HISTORY_DIAGNOSTIC
2026-10-03,8476469,WINSOR_TOP_SOG_TO_SECOND_MAX,8.1702859600086,8.1702859600086,0.0,0.7516471254932586,0.7516471254932586,8.921933085501859,RETROSPECTIVE_HISTORY_DIAGNOSTIC
2026-10-03,8476473,REMOVE_MAX_SOG,3.065632402805518,2.4798512089274642,-0.5857811938780539,3.065632402805518,2.4798512089274642,0.0,RETROSPECTIVE_HISTORY_DIAGNOSTIC
2026-10-03,8476473,REMOVE_MAX_RATE,3.065632402805518,2.4798512089274642,-0.5857811938780539,3.065632402805518,2.4798512089274642,0.0,RETROSPECTIVE_HISTORY_DIAGNOSTIC
2026-10-03,8476473,WINSOR_TOP_SOG_TO_SECOND_MAX,3.065632402805518,2.7869385480050166,-0.2786938548005016,3.065632402805518,2.7869385480050166,0.0,RETROSPECTIVE_HISTORY_DIAGNOSTIC
2026-10-03,8476474,REMOVE_MAX_SOG,7.969538652262463,7.125185551707076,-0.844353100555387,5.666824984101174,6.511178084656561,13.636363636363637,RETROSPECTIVE_HISTORY_DIAGNOSTIC
2026-10-03,8476474,REMOVE_MAX_RATE,7.969538652262463,7.355021216407355,-0.6145174358551078,5.666824984101174,6.281342419956282,13.636363636363637,RETROSPECTIVE_HISTORY_DIAGNOSTIC
2026-10-03,8476474,WINSOR_TOP_SOG_TO_SECOND_MAX,7.969538652262463,7.969538652262463,0.0,5.666824984101174,5.666824984101174,13.636363636363637,RETROSPECTIVE_HISTORY_DIAGNOSTIC
2026-10-03,8476479,REMOVE_MAX_SOG,7.019475603881357,6.12677715811798,-0.8926984457633775,7.019475603881357,6.12677715811798,0.0,RETROSPECTIVE_HISTORY_DIAGNOSTIC
2026-10-03,8476479,REMOVE_MAX_RATE,7.019475603881357,6.12677715811798,-0.8926984457633775,7.019475603881357,6.12677715811798,0.0,RETROSPECTIVE_HISTORY_DIAGNOSTIC
2026-10-03,8476479,WINSOR_TOP_SOG_TO_SECOND_MAX,7.019475603881357,6.6065652742412775,-0.4129103296400798,7.019475603881357,6.6065652742412775,0.0,RETROSPECTIVE_HISTORY_DIAGNOSTIC
2026-10-03,8476483,REMOVE_MAX_SOG,10.412001791312136,8.595988538681949,-1.8160132526301869,3.9020560408600575,2.0860427882298707,6.509945750452078,RETROSPECTIVE_HISTORY_DIAGNOSTIC
2026-10-03,8476483,REMOVE_MAX_RATE,10.412001791312136,8.595988538681949,-1.8160132526301869,3.9020560408600575,2.0860427882298707,6.509945750452078,RETROSPECTIVE_HISTORY_DIAGNOSTIC
2026-10-03,8476483,WINSOR_TOP_SOG_TO_SECOND_MAX,10.412001791312136,9.40438871473354,-1.0076130765785951,3.9020560408600575,2.8944429642814624,6.509945750452078,RETROSPECTIVE_HISTORY_DIAGNOSTIC
2026-10-03,8476539,REMOVE_MAX_SOG,6.203955021326096,5.391642953422196,-0.8123120679038998,4.794008318796103,5.606320386700003,10.9979633401222,RETROSPECTIVE_HISTORY_DIAGNOSTIC
2026-10-03,8476539,REMOVE_MAX_RATE,6.203955021326096,5.391642953422196,-0.8123120679038998,4.794008318796103,5.606320386700003,10.9979633401222,RETROSPECTIVE_HISTORY_DIAGNOSTIC
2026-10-03,8476539,WINSOR_TOP_SOG_TO_SECOND_MAX,6.203955021326096,5.816207832493215,-0.38774718883288095,4.794008318796103,5.181755507628984,10.9979633401222,RETROSPECTIVE_HISTORY_DIAGNOSTIC
2026-10-03,8476624,REMOVE_MAX_SOG,1.5016267623258528,0.5474952094169175,-0.9541315529089353,3.533338272639182,4.487469825548118,5.034965034965035,RETROSPECTIVE_HISTORY_DIAGNOSTIC
2026-10-03,8476624,REMOVE_MAX_RATE,1.5016267623258528,0.5474952094169175,-0.9541315529089353,3.533338272639182,4.487469825548118,5.034965034965035,RETROSPECTIVE_HISTORY_DIAGNOSTIC
2026-10-03,8476624,WINSOR_TOP_SOG_TO_SECOND_MAX,1.5016267623258528,1.0010845082172355,-0.5005422541086173,3.533338272639182,4.033880526747799,5.034965034965035,RETROSPECTIVE_HISTORY_DIAGNOSTIC
2026-10-03,8476853,REMOVE_MAX_SOG,4.061502756019728,3.2138839787883655,-0.8476187772313621,0.7976768267359562,0.04994195049540595,3.2638259292837715,RETROSPECTIVE_HISTORY_DIAGNOSTIC
2026-10-03,8476853,REMOVE_MAX_RATE,4.061502756019728,3.2138839787883655,-0.8476187772313621,0.7976768267359562,0.04994195049540595,3.2638259292837715,RETROSPECTIVE_HISTORY_DIAGNOSTIC
2026-10-03,8476853,WINSOR_TOP_SOG_TO_SECOND_MAX,4.061502756019728,3.7713954163040317,-0.2901073397156959,0.7976768267359562,0.5075694870202603,3.2638259292837715,RETROSPECTIVE_HISTORY_DIAGNOSTIC
2026-10-03,8476854,REMOVE_MAX_SOG,3.502456584131926,2.8863114009300337,-0.6161451832018923,3.502456584131926,2.8863114009300337,0.0,RETROSPECTIVE_HISTORY_DIAGNOSTIC
2026-10-03,8476854,REMOVE_MAX_RATE,3.502456584131926,2.8863114009300337,-0.6161451832018923,3.502456584131926,2.8863114009300337,0.0,RETROSPECTIVE_HISTORY_DIAGNOSTIC
2026-10-03,8476854,WINSOR_TOP_SOG_TO_SECOND_MAX,3.502456584131926,3.210585202120932,-0.29187138201099394,3.502456584131926,3.210585202120932,0.0,RETROSPECTIVE_HISTORY_DIAGNOSTIC
2026-10-03,8476869,REMOVE_MAX_SOG,2.9166114278138675,2.3873470605789318,-0.5292643672349358,3.7193332726469626,4.248597639881899,6.63594470046083,RETROSPECTIVE_HISTORY_DIAGNOSTIC
2026-10-03,8476869,REMOVE_MAX_RATE,2.9166114278138675,2.3873470605789318,-0.5292643672349358,3.7193332726469626,4.248597639881899,6.63594470046083,RETROSPECTIVE_HISTORY_DIAGNOSTIC
2026-10-03,8476869,WINSOR_TOP_SOG_TO_SECOND_MAX,2.9166114278138675,2.651464934376243,-0.26514649343762464,3.7193332726469626,3.984479766084587,6.63594470046083,RETROSPECTIVE_HISTORY_DIAGNOSTIC
2026-10-03,8476872,REMOVE_MAX_SOG,8.168529664660362,6.748071979434449,-1.4204576852259132,8.168529664660362,6.748071979434449,0.0,RETROSPECTIVE_HISTORY_DIAGNOSTIC
2026-10-03,8476872,REMOVE_MAX_RATE,8.168529664660362,6.748071979434449,-1.4204576852259132,8.168529664660362,6.748071979434449,0.0,RETROSPECTIVE_HISTORY_DIAGNOSTIC
2026-10-03,8476872,WINSOR_TOP_SOG_TO_SECOND_MAX,8.168529664660362,7.308684436801376,-0.8598452278589859,8.168529664660362,7.308684436801376,0.0,RETROSPECTIVE_HISTORY_DIAGNOSTIC
2026-10-03,8476873,REMOVE_MAX_SOG,4.4352454169130695,3.5323801513877213,-0.9028652655253482,4.4352454169130695,3.5323801513877213,0.0,RETROSPECTIVE_HISTORY_DIAGNOSTIC
2026-10-03,8476873,REMOVE_MAX_RATE,4.4352454169130695,3.5323801513877213,-0.9028652655253482,4.4352454169130695,3.5323801513877213,0.0,RETROSPECTIVE_HISTORY_DIAGNOSTIC
2026-10-03,8476873,WINSOR_TOP_SOG_TO_SECOND_MAX,4.4352454169130695,3.9917208752217626,-0.44352454169130695,4.4352454169130695,3.9917208752217626,0.0,RETROSPECTIVE_HISTORY_DIAGNOSTIC
2026-10-03,8476874,REMOVE_MAX_SOG,1.062934585234067,0.8939213349225268,-0.16901325031154024,1.5214157378097235,1.6904289881212637,2.5843503230437905,RETROSPECTIVE_HISTORY_DIAGNOSTIC
2026-10-03,8476874,REMOVE_MAX_RATE,1.062934585234067,0.8739561079821323,-0.18897847725193473,1.5214157378097235,1.7103942150616582,2.5843503230437905,RETROSPECTIVE_HISTORY_DIAGNOSTIC
2026-10-03,8476874,WINSOR_TOP_SOG_TO_SECOND_MAX,1.062934585234067,1.062934585234067,0.0,1.5214157378097235,1.5214157378097235,2.5843503230437905,RETROSPECTIVE_HISTORY_DIAGNOSTIC
2026-10-03,8476875,REMOVE_MAX_SOG,4.095039030840762,3.4548944337811895,-0.6401445970595723,0.45041551461378404,1.0905601116733563,4.545454545454546,RETROSPECTIVE_HISTORY_DIAGNOSTIC
2026-10-03,8476875,REMOVE_MAX_RATE,4.095039030840762,3.402485704834365,-0.6925533260063967,0.45041551461378404,1.1429688406201808,4.545454545454546,RETROSPECTIVE_HISTORY_DIAGNOSTIC
2026-10-03,8476875,WINSOR_TOP_SOG_TO_SECOND_MAX,4.095039030840762,4.095039030840762,0.0,0.45041551461378404,0.45041551461378404,4.545454545454546,RETROSPECTIVE_HISTORY_DIAGNOSTIC
2026-10-03,8476878,REMOVE_MAX_SOG,1.2706480304955527,0.942951438000943,-0.3276965924946097,2.8816011044525447,3.2092976969471545,4.152249134948097,RETROSPECTIVE_HISTORY_DIAGNOSTIC
2026-10-03,8476878,REMOVE_MAX_RATE,1.2706480304955527,0.942951438000943,-0.3276965924946097,2.8816011044525447,3.2092976969471545,4.152249134948097,RETROSPECTIVE_HISTORY_DIAGNOSTIC
2026-10-03,8476878,WINSOR_TOP_SOG_TO_SECOND_MAX,1.2706480304955527,1.2706480304955527,0.0,2.8816011044525447,2.8816011044525447,4.152249134948097,RETROSPECTIVE_HISTORY_DIAGNOSTIC
2026-10-03,8476879,REMOVE_MAX_SOG,1.677664690750475,1.505457282649605,-0.17220740810086999,5.127628314920603,5.299835723021473,6.805293005671078,RETROSPECTIVE_HISTORY_DIAGNOSTIC
2026-10-03,8476879,REMOVE_MAX_RATE,1.677664690750475,1.4453477868112015,-0.23231690393927362,5.127628314920603,5.359945218859876,6.805293005671078,RETROSPECTIVE_HISTORY_DIAGNOSTIC
2026-10-03,8476879,WINSOR_TOP_SOG_TO_SECOND_MAX,1.677664690750475,1.677664690750475,0.0,5.127628314920603,5.127628314920603,6.805293005671078,RETROSPECTIVE_HISTORY_DIAGNOSTIC
2026-10-03,8476880,REMOVE_MAX_SOG,6.806395851339672,5.748502994011976,-1.0578928573276958,0.07112924703658496,0.9867636102911108,6.735266604303087,RETROSPECTIVE_HISTORY_DIAGNOSTIC
2026-10-03,8476880,REMOVE_MAX_RATE,6.806395851339672,5.748502994011976,-1.0578928573276958,0.07112924703658496,0.9867636102911108,6.735266604303087,RETROSPECTIVE_HISTORY_DIAGNOSTIC
2026-10-03,8476880,WINSOR_TOP_SOG_TO_SECOND_MAX,6.806395851339672,6.48228176318064,-0.32411408815903187,0.07112924703658496,0.2529848411224469,6.735266604303087,RETROSPECTIVE_HISTORY_DIAGNOSTIC
2026-10-03,8476882,REMOVE_MAX_SOG,4.555808656036446,3.5901868226846623,-0.9656218333517841,0.3794745493079086,0.5861472840438755,4.176334106728538,RETROSPECTIVE_HISTORY_DIAGNOSTIC
2026-10-03,8476882,REMOVE_MAX_RATE,4.555808656036446,3.5901868226846623,-0.9656218333517841,0.3794745493079086,0.5861472840438755,4.176334106728538,RETROSPECTIVE_HISTORY_DIAGNOSTIC
2026-10-03,8476882,WINSOR_TOP_SOG_TO_SECOND_MAX,4.555808656036446,3.8549150166462236,-0.7008936393902228,0.3794745493079086,0.3214190900823142,4.176334106728538,RETROSPECTIVE_HISTORY_DIAGNOSTIC
2026-10-03,8476885,REMOVE_MAX_SOG,5.35437508806538,4.697040864255518,-0.6573342238098618,2.472069243389639,1.8147350195797771,2.882305844675741,RETROSPECTIVE_HISTORY_DIAGNOSTIC
2026-10-03,8476885,REMOVE_MAX_RATE,5.35437508806538,4.697040864255518,-0.6573342238098618,2.472069243389639,1.8147350195797771,2.882305844675741,RETROSPECTIVE_HISTORY_DIAGNOSTIC
2026-10-03,8476885,WINSOR_TOP_SOG_TO_SECOND_MAX,5.35437508806538,5.072565872904044,-0.28180921516133584,2.472069243389639,2.190260028228303,2.882305844675741,RETROSPECTIVE_HISTORY_DIAGNOSTIC
2026-10-03,8476887,REMOVE_MAX_SOG,6.765414381630875,5.822250128431988,-0.9431642531988871,3.996183612400106,3.053019359201219,2.769230769230769,RETROSPECTIVE_HISTORY_DIAGNOSTIC
2026-10-03,8476887,REMOVE_MAX_RATE,6.765414381630875,5.822250128431988,-0.9431642531988871,3.996183612400106,3.053019359201219,2.769230769230769,RETROSPECTIVE_HISTORY_DIAGNOSTIC
2026-10-03,8476887,WINSOR_TOP_SOG_TO_SECOND_MAX,6.765414381630875,6.457895546102199,-0.3075188355286764,3.996183612400106,3.6886647768714296,2.769230769230769,RETROSPECTIVE_HISTORY_DIAGNOSTIC
2026-10-03,8476889,REMOVE_MAX_SOG,4.939491232403063,3.8774002954209754,-1.062090936982088,0.7929928440300564,1.8550837810121443,5.73248407643312,RETROSPECTIVE_HISTORY_DIAGNOSTIC
2026-10-03,8476889,REMOVE_MAX_RATE,4.939491232403063,3.8774002954209754,-1.062090936982088,0.7929928440300564,1.8550837810121443,5.73248407643312,RETROSPECTIVE_HISTORY_DIAGNOSTIC
2026-10-03,8476889,WINSOR_TOP_SOG_TO_SECOND_MAX,4.939491232403063,4.445542109162756,-0.4939491232403075,0.7929928440300564,1.286941967270364,5.73248407643312,RETROSPECTIVE_HISTORY_DIAGNOSTIC
2026-10-03,8476892,REMOVE_MAX_SOG,3.9699418687083514,3.7668724495134462,-0.20306941919490518,1.8131906614121305,2.0162600806070357,5.783132530120482,RETROSPECTIVE_HISTORY_DIAGNOSTIC
2026-10-03,8476892,REMOVE_MAX_RATE,3.9699418687083514,3.7668724495134462,-0.20306941919490518,1.8131906614121305,2.0162600806070357,5.783132530120482,RETROSPECTIVE_HISTORY_DIAGNOSTIC
2026-10-03,8476892,WINSOR_TOP_SOG_TO_SECOND_MAX,3.9699418687083514,3.9699418687083514,0.0,1.8131906614121305,1.8131906614121305,5.783132530120482,RETROSPECTIVE_HISTORY_DIAGNOSTIC
2026-10-03,8476902,REMOVE_MAX_SOG,3.6933566930252377,3.1752751905165115,-0.5180815025087262,3.6933566930252377,3.1752751905165115,0.0,RETROSPECTIVE_HISTORY_DIAGNOSTIC
2026-10-03,8476902,REMOVE_MAX_RATE,3.6933566930252377,3.1752751905165115,-0.5180815025087262,3.6933566930252377,3.1752751905165115,0.0,RETROSPECTIVE_HISTORY_DIAGNOSTIC
2026-10-03,8476902,WINSOR_TOP_SOG_TO_SECOND_MAX,3.6933566930252377,3.6933566930252377,0.0,3.6933566930252377,3.6933566930252377,0.0,RETROSPECTIVE_HISTORY_DIAGNOSTIC
2026-10-03,8476905,REMOVE_MAX_SOG,2.375296912114014,1.876876876876877,-0.49842003523713707,0.936570613184974,1.434990648422111,3.311867525298988,RETROSPECTIVE_HISTORY_DIAGNOSTIC
2026-10-03,8476905,REMOVE_MAX_RATE,2.375296912114014,1.876876876876877,-0.49842003523713707,0.936570613184974,1.434990648422111,3.311867525298988,RETROSPECTIVE_HISTORY_DIAGNOSTIC
2026-10-03,8476905,WINSOR_TOP_SOG_TO_SECOND_MAX,2.375296912114014,2.375296912114014,0.0,0.936570613184974,0.936570613184974,3.311867525298988,RETROSPECTIVE_HISTORY_DIAGNOSTIC
2026-10-03,8476906,REMOVE_MAX_SOG,4.0519480519480515,3.4816921023617478,-0.5702559495863038,11.28351520683789,11.853771156424195,15.335463258785943,RETROSPECTIVE_HISTORY_DIAGNOSTIC
2026-10-03,8476906,REMOVE_MAX_RATE,4.0519480519480515,3.4378043889302696,-0.6141436630177819,11.28351520683789,11.897658869855674,15.335463258785943,RETROSPECTIVE_HISTORY_DIAGNOSTIC
2026-10-03,8476906,WINSOR_TOP_SOG_TO_SECOND_MAX,4.0519480519480515,4.0519480519480515,0.0,11.28351520683789,11.28351520683789,15.335463258785943,RETROSPECTIVE_HISTORY_DIAGNOSTIC
2026-10-03,8476917,REMOVE_MAX_SOG,4.096208381472535,3.147770329350044,-0.9484380521224911,4.096208381472535,3.147770329350044,0.0,RETROSPECTIVE_HISTORY_DIAGNOSTIC
2026-10-03,8476917,REMOVE_MAX_RATE,4.096208381472535,3.147770329350044,-0.9484380521224911,4.096208381472535,3.147770329350044,0.0,RETROSPECTIVE_HISTORY_DIAGNOSTIC
2026-10-03,8476917,WINSOR_TOP_SOG_TO_SECOND_MAX,4.096208381472535,3.78111542905157,-0.31509295242096513,4.096208381472535,3.78111542905157,0.0,RETROSPECTIVE_HISTORY_DIAGNOSTIC
2026-10-03,8476921,REMOVE_MAX_SOG,5.194459243473629,4.389494476552784,-0.8049647669208451,6.595933769626807,7.400898536547652,11.790393013100436,RETROSPECTIVE_HISTORY_DIAGNOSTIC
2026-10-03,8476921,REMOVE_MAX_RATE,5.194459243473629,4.389494476552784,-0.8049647669208451,6.595933769626807,7.400898536547652,11.790393013100436,RETROSPECTIVE_HISTORY_DIAGNOSTIC
2026-10-03,8476921,WINSOR_TOP_SOG_TO_SECOND_MAX,5.194459243473629,4.794885455514119,-0.39957378795951026,6.595933769626807,6.9955075575863175,11.790393013100436,RETROSPECTIVE_HISTORY_DIAGNOSTIC
2026-10-03,8476925,REMOVE_MAX_SOG,4.004805766920303,3.4669555796316365,-0.537850187288667,12.661860899746365,13.19971108703503,16.666666666666668,RETROSPECTIVE_HISTORY_DIAGNOSTIC
2026-10-03,8476925,REMOVE_MAX_RATE,4.004805766920303,3.4669555796316365,-0.537850187288667,12.661860899746365,13.19971108703503,16.666666666666668,RETROSPECTIVE_HISTORY_DIAGNOSTIC
2026-10-03,8476925,WINSOR_TOP_SOG_TO_SECOND_MAX,4.004805766920303,4.004805766920303,0.0,12.661860899746365,12.661860899746365,16.666666666666668,RETROSPECTIVE_HISTORY_DIAGNOSTIC
2026-10-03,8476927,REMOVE_MAX_SOG,4.437869822485207,3.6399484340638506,-0.7979213884213565,4.437869822485207,3.6399484340638506,0.0,RETROSPECTIVE_HISTORY_DIAGNOSTIC
2026-10-03,8476927,REMOVE_MAX_RATE,4.437869822485207,3.6399484340638506,-0.7979213884213565,4.437869822485207,3.6399484340638506,0.0,RETROSPECTIVE_HISTORY_DIAGNOSTIC
2026-10-03,8476927,WINSOR_TOP_SOG_TO_SECOND_MAX,4.437869822485207,4.034427111350189,-0.4034427111350185,4.437869822485207,4.034427111350189,0.0,RETROSPECTIVE_HISTORY_DIAGNOSTIC
2026-10-03,8476931,REMOVE_MAX_SOG,3.557312252964427,3.2990597679661295,-0.25825248499829767,0.1770305628235822,0.08122192217471547,3.380281690140845,RETROSPECTIVE_HISTORY_DIAGNOSTIC
2026-10-03,8476931,REMOVE_MAX_RATE,3.557312252964427,3.2661948829613503,-0.2911173700030769,0.1770305628235822,0.11408680717949471,3.380281690140845,RETROSPECTIVE_HISTORY_DIAGNOSTIC
2026-10-03,8476931,WINSOR_TOP_SOG_TO_SECOND_MAX,3.557312252964427,3.557312252964427,0.0,0.1770305628235822,0.1770305628235822,3.380281690140845,RETROSPECTIVE_HISTORY_DIAGNOSTIC
2026-10-03,8476958,REMOVE_MAX_SOG,4.182225541448843,3.290917068889864,-0.891308472558979,1.7612436988126627,0.8699352262536837,2.42098184263618,RETROSPECTIVE_HISTORY_DIAGNOSTIC
2026-10-03,8476958,REMOVE_MAX_RATE,4.182225541448843,3.290917068889864,-0.891308472558979,1.7612436988126627,0.8699352262536837,2.42098184263618,RETROSPECTIVE_HISTORY_DIAGNOSTIC
2026-10-03,8476958,WINSOR_TOP_SOG_TO_SECOND_MAX,4.182225541448843,4.182225541448843,0.0,1.7612436988126627,1.7612436988126627,2.42098184263618,RETROSPECTIVE_HISTORY_DIAGNOSTIC
2026-10-03,8476967,REMOVE_MAX_SOG,3.936085469284475,2.8105969916202573,-1.1254884776642178,3.936085469284475,2.8105969916202573,0.0,RETROSPECTIVE_HISTORY_DIAGNOSTIC
2026-10-03,8476967,REMOVE_MAX_RATE,3.936085469284475,2.8105969916202573,-1.1254884776642178,3.936085469284475,2.8105969916202573,0.0,RETROSPECTIVE_HISTORY_DIAGNOSTIC
2026-10-03,8476967,WINSOR_TOP_SOG_TO_SECOND_MAX,3.936085469284475,3.3737875451009787,-0.5622979241834964,3.936085469284475,3.3737875451009787,0.0,RETROSPECTIVE_HISTORY_DIAGNOSTIC
2026-10-03,8476979,REMOVE_MAX_SOG,4.350716055350776,3.263037041513082,-1.0876790138376937,2.605805683779659,3.6934846976173525,6.956521739130435,RETROSPECTIVE_HISTORY_DIAGNOSTIC
2026-10-03,8476979,REMOVE_MAX_RATE,4.350716055350776,4.014989293361884,-0.33572676198889173,2.605805683779659,2.9415324457685506,6.956521739130435,RETROSPECTIVE_HISTORY_DIAGNOSTIC
2026-10-03,8476979,WINSOR_TOP_SOG_TO_SECOND_MAX,4.350716055350776,3.9881563840715444,-0.3625596712792314,2.605805683779659,2.96836535505889,6.956521739130435,RETROSPECTIVE_HISTORY_DIAGNOSTIC
2026-10-03,8476981,REMOVE_MAX_SOG,4.264695429668064,3.286127846021438,-0.9785675836466265,10.529825118277142,11.508392701923768,14.794520547945206,RETROSPECTIVE_HISTORY_DIAGNOSTIC
2026-10-03,8476981,REMOVE_MAX_RATE,4.264695429668064,3.286127846021438,-0.9785675836466265,10.529825118277142,11.508392701923768,14.794520547945206,RETROSPECTIVE_HISTORY_DIAGNOSTIC
2026-10-03,8476981,WINSOR_TOP_SOG_TO_SECOND_MAX,4.264695429668064,4.264695429668064,0.0,10.529825118277142,10.529825118277142,14.794520547945206,RETROSPECTIVE_HISTORY_DIAGNOSTIC
2026-10-03,8477021,REMOVE_MAX_SOG,3.8415024542932352,2.88762332557953,-0.9538791287137052,0.17924406161775197,0.7746350670959532,3.6622583926754833,RETROSPECTIVE_HISTORY_DIAGNOSTIC
2026-10-03,8477021,REMOVE_MAX_RATE,3.8415024542932352,2.88762332557953,-0.9538791287137052,0.17924406161775197,0.7746350670959532,3.6622583926754833,RETROSPECTIVE_HISTORY_DIAGNOSTIC
2026-10-03,8477021,WINSOR_TOP_SOG_TO_SECOND_MAX,3.8415024542932352,3.414668848260653,-0.42683360603258214,0.17924406161775197,0.24758954441483016,3.6622583926754833,RETROSPECTIVE_HISTORY_DIAGNOSTIC
2026-10-03,8477220,REMOVE_MAX_SOG,1.959503592423253,1.4267031268576866,-0.5328004655655663,1.959503592423253,1.4267031268576866,0.0,RETROSPECTIVE_HISTORY_DIAGNOSTIC
2026-10-03,8477220,REMOVE_MAX_RATE,1.959503592423253,1.4267031268576866,-0.5328004655655663,1.959503592423253,1.4267031268576866,0.0,RETROSPECTIVE_HISTORY_DIAGNOSTIC
2026-10-03,8477220,WINSOR_TOP_SOG_TO_SECOND_MAX,1.959503592423253,1.6329196603527107,-0.32658393207054215,1.959503592423253,1.6329196603527107,0.0,RETROSPECTIVE_HISTORY_DIAGNOSTIC
2026-10-03,8477346,REMOVE_MAX_SOG,6.025306286402891,5.414857013931976,-0.6104492724709152,3.076903337999943,2.4664540655290277,2.9484029484029484,RETROSPECTIVE_HISTORY_DIAGNOSTIC
2026-10-03,8477346,REMOVE_MAX_RATE,6.025306286402891,5.414857013931976,-0.6104492724709152,3.076903337999943,2.4664540655290277,2.9484029484029484,RETROSPECTIVE_HISTORY_DIAGNOSTIC
2026-10-03,8477346,WINSOR_TOP_SOG_TO_SECOND_MAX,6.025306286402891,5.724040972082746,-0.3012653143201449,3.076903337999943,2.775638023679798,2.9484029484029484,RETROSPECTIVE_HISTORY_DIAGNOSTIC
2026-10-03,8477365,REMOVE_MAX_SOG,3.9280858135670034,3.4223134839151266,-0.5057723296518768,3.9280858135670034,3.4223134839151266,0.0,RETROSPECTIVE_HISTORY_DIAGNOSTIC
2026-10-03,8477365,REMOVE_MAX_RATE,3.9280858135670034,3.4223134839151266,-0.5057723296518768,3.9280858135670034,3.4223134839151266,0.0,RETROSPECTIVE_HISTORY_DIAGNOSTIC
2026-10-03,8477365,WINSOR_TOP_SOG_TO_SECOND_MAX,3.9280858135670034,3.6259253663695414,-0.30216044719746193,3.9280858135670034,3.6259253663695414,0.0,RETROSPECTIVE_HISTORY_DIAGNOSTIC
2026-10-03,8477369,REMOVE_MAX_SOG,2.6048127015628877,2.127810483012979,-0.47700221854990854,2.6048127015628877,2.127810483012979,0.0,RETROSPECTIVE_HISTORY_DIAGNOSTIC
2026-10-03,8477369,REMOVE_MAX_RATE,2.6048127015628877,2.0617139715483472,-0.5430987300145405,2.6048127015628877,2.0617139715483472,0.0,RETROSPECTIVE_HISTORY_DIAGNOSTIC
2026-10-03,8477369,WINSOR_TOP_SOG_TO_SECOND_MAX,2.6048127015628877,2.6048127015628877,0.0,2.6048127015628877,2.6048127015628877,0.0,RETROSPECTIVE_HISTORY_DIAGNOSTIC
2026-10-03,8477402,REMOVE_MAX_SOG,4.329524954900782,3.9906883937479214,-0.3388365611528603,3.305681831949695,3.644518393102555,7.6352067868504765,RETROSPECTIVE_HISTORY_DIAGNOSTIC
2026-10-03,8477402,REMOVE_MAX_RATE,4.329524954900782,3.978252221190824,-0.35127273370995793,3.305681831949695,3.6569545656596527,7.6352067868504765,RETROSPECTIVE_HISTORY_DIAGNOSTIC
2026-10-03,8477402,WINSOR_TOP_SOG_TO_SECOND_MAX,4.329524954900782,4.329524954900782,0.0,3.305681831949695,3.305681831949695,7.6352067868504765,RETROSPECTIVE_HISTORY_DIAGNOSTIC
2026-10-03,8477404,REMOVE_MAX_SOG,8.77233060720976,7.596090545399303,-1.1762400618104571,2.214953558029432,1.0387134962189748,6.557377049180328,RETROSPECTIVE_HISTORY_DIAGNOSTIC
2026-10-03,8477404,REMOVE_MAX_RATE,8.77233060720976,7.596090545399303,-1.1762400618104571,2.214953558029432,1.0387134962189748,6.557377049180328,RETROSPECTIVE_HISTORY_DIAGNOSTIC
2026-10-03,8477404,WINSOR_TOP_SOG_TO_SECOND_MAX,8.77233060720976,8.498195275734457,-0.27413533147530345,2.214953558029432,1.9408182265541285,6.557377049180328,RETROSPECTIVE_HISTORY_DIAGNOSTIC
2026-10-03,8477407,REMOVE_MAX_SOG,6.048387096774193,4.628042509427494,-1.4203445873466993,6.048387096774193,4.628042509427494,0.0,RETROSPECTIVE_HISTORY_DIAGNOSTIC
2026-10-03,8477407,REMOVE_MAX_RATE,6.048387096774193,4.628042509427494,-1.4203445873466993,6.048387096774193,4.628042509427494,0.0,RETROSPECTIVE_HISTORY_DIAGNOSTIC
2026-10-03,8477407,WINSOR_TOP_SOG_TO_SECOND_MAX,6.048387096774193,5.117866004962779,-0.9305210918114142,6.048387096774193,5.117866004962779,0.0,RETROSPECTIVE_HISTORY_DIAGNOSTIC
2026-10-03,8477426,REMOVE_MAX_SOG,6.047167909695627,5.720641983155888,-0.32652592653973933,0.990955257459798,1.3174811839995373,7.038123167155425,RETROSPECTIVE_HISTORY_DIAGNOSTIC
2026-10-03,8477426,REMOVE_MAX_RATE,6.047167909695627,5.828071879553181,-0.21909603014244627,0.990955257459798,1.2100512876022442,7.038123167155425,RETROSPECTIVE_HISTORY_DIAGNOSTIC
2026-10-03,8477426,WINSOR_TOP_SOG_TO_SECOND_MAX,6.047167909695627,6.047167909695627,0.0,0.990955257459798,0.990955257459798,7.038123167155425,RETROSPECTIVE_HISTORY_DIAGNOSTIC
2026-10-03,8477446,REMOVE_MAX_SOG,8.217993079584774,7.181615065432493,-1.0363780141522811,5.927390024540964,6.963768038693245,14.145383104125738,RETROSPECTIVE_HISTORY_DIAGNOSTIC
2026-10-03,8477446,REMOVE_MAX_RATE,8.217993079584774,7.181615065432493,-1.0363780141522811,5.927390024540964,6.963768038693245,14.145383104125738,RETROSPECTIVE_HISTORY_DIAGNOSTIC
2026-10-03,8477446,WINSOR_TOP_SOG_TO_SECOND_MAX,8.217993079584774,7.7854671280276815,-0.4325259515570927,5.927390024540964,6.359915976098057,14.145383104125738,RETROSPECTIVE_HISTORY_DIAGNOSTIC
2026-10-03,8477451,REMOVE_MAX_SOG,8.40745704886073,7.415545179895632,-0.9919118689650972,8.40745704886073,7.415545179895632,0.0,RETROSPECTIVE_HISTORY_DIAGNOSTIC
2026-10-03,8477451,REMOVE_MAX_RATE,8.40745704886073,7.415545179895632,-0.9919118689650972,8.40745704886073,7.415545179895632,0.0,RETROSPECTIVE_HISTORY_DIAGNOSTIC
2026-10-03,8477451,WINSOR_TOP_SOG_TO_SECOND_MAX,8.40745704886073,8.041915438040697,-0.3655416108200331,8.40745704886073,8.041915438040697,0.0,RETROSPECTIVE_HISTORY_DIAGNOSTIC
2026-10-03,8477476,REMOVE_MAX_SOG,4.309154190376223,3.713790542213419,-0.5953636481628037,1.8658029279771204,2.461166576139924,6.174957118353343,RETROSPECTIVE_HISTORY_DIAGNOSTIC
2026-10-03,8477476,REMOVE_MAX_RATE,4.309154190376223,3.713790542213419,-0.5953636481628037,1.8658029279771204,2.461166576139924,6.174957118353343,RETROSPECTIVE_HISTORY_DIAGNOSTIC
2026-10-03,8477476,WINSOR_TOP_SOG_TO_SECOND_MAX,4.309154190376223,4.309154190376223,0.0,1.8658029279771204,1.8658029279771204,6.174957118353343,RETROSPECTIVE_HISTORY_DIAGNOSTIC
2026-10-03,8477478,REMOVE_MAX_SOG,5.209840810419681,3.711340206185567,-1.4985006042341142,4.152968032233115,5.6514686364672295,9.362808842652797,RETROSPECTIVE_HISTORY_DIAGNOSTIC
2026-10-03,8477478,REMOVE_MAX_RATE,5.209840810419681,3.711340206185567,-1.4985006042341142,4.152968032233115,5.6514686364672295,9.362808842652797,RETROSPECTIVE_HISTORY_DIAGNOSTIC
2026-10-03,8477478,WINSOR_TOP_SOG_TO_SECOND_MAX,5.209840810419681,4.630969609261939,-0.5788712011577424,4.152968032233115,4.731839233390858,9.362808842652797,RETROSPECTIVE_HISTORY_DIAGNOSTIC
2026-10-03,8477479,REMOVE_MAX_SOG,3.8914711923035346,3.2776934749620636,-0.6137777173414709,0.21048959721150995,0.40328812012996096,3.6809815950920246,RETROSPECTIVE_HISTORY_DIAGNOSTIC
2026-10-03,8477479,REMOVE_MAX_RATE,3.8914711923035346,3.2481203007518795,-0.643350891551655,0.21048959721150995,0.4328612943401451,3.6809815950920246,RETROSPECTIVE_HISTORY_DIAGNOSTIC
2026-10-03,8477479,WINSOR_TOP_SOG_TO_SECOND_MAX,3.8914711923035346,3.8914711923035346,0.0,0.21048959721150995,0.21048959721150995,3.6809815950920246,RETROSPECTIVE_HISTORY_DIAGNOSTIC
2026-10-03,8477488,REMOVE_MAX_SOG,1.8353301045118533,1.3786764705882355,-0.4566536339236178,4.525093923756698,4.981747557680316,6.360424028268551,RETROSPECTIVE_HISTORY_DIAGNOSTIC
2026-10-03,8477488,REMOVE_MAX_RATE,1.8353301045118533,1.3623204858943068,-0.47300961861754653,4.525093923756698,4.998103542374245,6.360424028268551,RETROSPECTIVE_HISTORY_DIAGNOSTIC
2026-10-03,8477488,WINSOR_TOP_SOG_TO_SECOND_MAX,1.8353301045118533,1.8353301045118533,0.0,4.525093923756698,4.525093923756698,6.360424028268551,RETROSPECTIVE_HISTORY_DIAGNOSTIC
2026-10-03,8477492,REMOVE_MAX_SOG,11.701337295690935,10.322319485908011,-1.3790178097829244,1.4373488356959268,2.816366645478851,13.138686131386862,RETROSPECTIVE_HISTORY_DIAGNOSTIC
2026-10-03,8477492,REMOVE_MAX_RATE,11.701337295690935,10.322319485908011,-1.3790178097829244,1.4373488356959268,2.816366645478851,13.138686131386862,RETROSPECTIVE_HISTORY_DIAGNOSTIC
2026-10-03,8477492,WINSOR_TOP_SOG_TO_SECOND_MAX,11.701337295690935,11.422734026745914,-0.2786032689450213,1.4373488356959268,1.715952104640948,13.138686131386862,RETROSPECTIVE_HISTORY_DIAGNOSTIC
2026-10-03,8477496,REMOVE_MAX_SOG,4.5021645021645025,3.0501366207028022,-1.4520278814617003,2.584449671063844,4.036477552525544,7.086614173228346,RETROSPECTIVE_HISTORY_DIAGNOSTIC
2026-10-03,8477496,REMOVE_MAX_RATE,4.5021645021645025,3.0501366207028022,-1.4520278814617003,2.584449671063844,4.036477552525544,7.086614173228346,RETROSPECTIVE_HISTORY_DIAGNOSTIC
2026-10-03,8477496,WINSOR_TOP_SOG_TO_SECOND_MAX,4.5021645021645025,3.463203463203463,-1.0389610389610393,2.584449671063844,3.623410710024883,7.086614173228346,RETROSPECTIVE_HISTORY_DIAGNOSTIC
2026-10-03,8477497,REMOVE_MAX_SOG,4.656577415599534,3.447285262855501,-1.209292152744033,1.1027768232994348,0.10651532944459818,3.553800592300099,RETROSPECTIVE_HISTORY_DIAGNOSTIC
2026-10-03,8477497,REMOVE_MAX_RATE,4.656577415599534,3.447285262855501,-1.209292152744033,1.1027768232994348,0.10651532944459818,3.553800592300099,RETROSPECTIVE_HISTORY_DIAGNOSTIC
2026-10-03,8477497,WINSOR_TOP_SOG_TO_SECOND_MAX,4.656577415599534,4.268529297632907,-0.3880481179666271,1.1027768232994348,0.7147287053328077,3.553800592300099,RETROSPECTIVE_HISTORY_DIAGNOSTIC
2026-10-03,8477498,REMOVE_MAX_SOG,5.602240896358543,4.673382490393603,-0.9288584059649398,5.602240896358543,4.673382490393603,0.0,RETROSPECTIVE_HISTORY_DIAGNOSTIC
2026-10-03,8477498,REMOVE_MAX_RATE,5.602240896358543,4.673382490393603,-0.9288584059649398,5.602240896358543,4.673382490393603,0.0,RETROSPECTIVE_HISTORY_DIAGNOSTIC
2026-10-03,8477498,WINSOR_TOP_SOG_TO_SECOND_MAX,5.602240896358543,5.322128851540616,-0.28011204481792706,5.602240896358543,5.322128851540616,0.0,RETROSPECTIVE_HISTORY_DIAGNOSTIC
2026-10-03,8477499,REMOVE_MAX_SOG,3.630270874057526,2.810596991620257,-0.8196738824372689,3.630270874057526,2.810596991620257,0.0,RETROSPECTIVE_HISTORY_DIAGNOSTIC
2026-10-03,8477499,REMOVE_MAX_RATE,3.630270874057526,2.810596991620257,-0.8196738824372689,3.630270874057526,2.810596991620257,0.0,RETROSPECTIVE_HISTORY_DIAGNOSTIC
2026-10-03,8477499,WINSOR_TOP_SOG_TO_SECOND_MAX,3.630270874057526,3.0717676626640604,-0.5585032113934654,3.630270874057526,3.0717676626640604,0.0,RETROSPECTIVE_HISTORY_DIAGNOSTIC
2026-10-03,8477500,REMOVE_MAX_SOG,6.3473744950952105,5.823986194995686,-0.5233883000995245,6.6139216345177525,7.137309934617277,12.961296129612963,RETROSPECTIVE_HISTORY_DIAGNOSTIC
2026-10-03,8477500,REMOVE_MAX_RATE,6.3473744950952105,5.812388999515634,-0.5349854955795763,6.6139216345177525,7.148907130097329,12.961296129612963,RETROSPECTIVE_HISTORY_DIAGNOSTIC
2026-10-03,8477500,WINSOR_TOP_SOG_TO_SECOND_MAX,6.3473744950952105,6.3473744950952105,0.0,6.6139216345177525,6.6139216345177525,12.961296129612963,RETROSPECTIVE_HISTORY_DIAGNOSTIC
2026-10-03,8477501,REMOVE_MAX_SOG,8.632013510977668,7.077435470441299,-1.5545780405363692,1.482063163410638,0.07251487712573113,7.14995034756703,RETROSPECTIVE_HISTORY_DIAGNOSTIC
2026-10-03,8477501,REMOVE_MAX_RATE,8.632013510977668,7.077435470441299,-1.5545780405363692,1.482063163410638,0.07251487712573113,7.14995034756703,RETROSPECTIVE_HISTORY_DIAGNOSTIC
2026-10-03,8477501,WINSOR_TOP_SOG_TO_SECOND_MAX,8.632013510977668,8.25670857571777,-0.37530493525989783,1.482063163410638,1.1067582281507402,7.14995034756703,RETROSPECTIVE_HISTORY_DIAGNOSTIC
2026-10-03,8477505,REMOVE_MAX_SOG,3.315083630518861,2.7063599458728014,-0.6087236846460597,0.10938461003800581,0.49933907460805393,3.2056990204808553,RETROSPECTIVE_HISTORY_DIAGNOSTIC
2026-10-03,8477505,REMOVE_MAX_RATE,3.315083630518861,2.7063599458728014,-0.6087236846460597,0.10938461003800581,0.49933907460805393,3.2056990204808553,RETROSPECTIVE_HISTORY_DIAGNOSTIC
2026-10-03,8477505,WINSOR_TOP_SOG_TO_SECOND_MAX,3.315083630518861,3.013712391380783,-0.3013712391380783,0.10938461003800581,0.19198662910007247,3.2056990204808553,RETROSPECTIVE_HISTORY_DIAGNOSTIC
2026-10-03,8477506,REMOVE_MAX_SOG,2.573036719378183,2.12640283520378,-0.44663388417440286,2.573036719378183,2.12640283520378,0.0,RETROSPECTIVE_HISTORY_DIAGNOSTIC
2026-10-03,8477506,REMOVE_MAX_RATE,2.573036719378183,2.12640283520378,-0.44663388417440286,2.573036719378183,2.12640283520378,0.0,RETROSPECTIVE_HISTORY_DIAGNOSTIC
2026-10-03,8477506,WINSOR_TOP_SOG_TO_SECOND_MAX,2.573036719378183,2.573036719378183,0.0,2.573036719378183,2.573036719378183,0.0,RETROSPECTIVE_HISTORY_DIAGNOSTIC
2026-10-03,8477507,REMOVE_MAX_SOG,2.892123782897908,2.270515731430425,-0.6216080514674829,4.726923836149711,5.3485318876171934,7.619047619047619,RETROSPECTIVE_HISTORY_DIAGNOSTIC
2026-10-03,8477507,REMOVE_MAX_RATE,2.892123782897908,2.2306017313718205,-0.6615220515260876,4.726923836149711,5.388445887675799,7.619047619047619,RETROSPECTIVE_HISTORY_DIAGNOSTIC
2026-10-03,8477507,WINSOR_TOP_SOG_TO_SECOND_MAX,2.892123782897908,2.892123782897908,0.0,4.726923836149711,4.726923836149711,7.619047619047619,RETROSPECTIVE_HISTORY_DIAGNOSTIC
2026-10-03,8477511,REMOVE_MAX_SOG,5.948053664661952,4.919499105545617,-1.0285545591163352,5.948053664661952,4.919499105545617,0.0,RETROSPECTIVE_HISTORY_DIAGNOSTIC
2026-10-03,8477511,REMOVE_MAX_RATE,5.948053664661952,4.919499105545617,-1.0285545591163352,5.948053664661952,4.919499105545617,0.0,RETROSPECTIVE_HISTORY_DIAGNOSTIC
2026-10-03,8477511,WINSOR_TOP_SOG_TO_SECOND_MAX,5.948053664661952,5.5515167536844885,-0.39653691097746346,5.948053664661952,5.5515167536844885,0.0,RETROSPECTIVE_HISTORY_DIAGNOSTIC
2026-10-03,8477810,REMOVE_MAX_SOG,2.966075511339059,2.051562606852219,-0.9145129044868403,2.966075511339059,2.051562606852219,0.0,RETROSPECTIVE_HISTORY_DIAGNOSTIC
2026-10-03,8477810,REMOVE_MAX_RATE,2.966075511339059,2.051562606852219,-0.9145129044868403,2.966075511339059,2.051562606852219,0.0,RETROSPECTIVE_HISTORY_DIAGNOSTIC
2026-10-03,8477810,WINSOR_TOP_SOG_TO_SECOND_MAX,2.966075511339059,2.595316072421677,-0.37075943891738206,2.966075511339059,2.595316072421677,0.0,RETROSPECTIVE_HISTORY_DIAGNOSTIC
2026-10-03,8477845,REMOVE_MAX_SOG,2.5283118251250984,1.0534324340141628,-1.4748793911109357,0.780511704286666,2.2553910953976017,3.3088235294117645,RETROSPECTIVE_HISTORY_DIAGNOSTIC
2026-10-03,8477845,REMOVE_MAX_RATE,2.5283118251250984,1.0534324340141628,-1.4748793911109357,0.780511704286666,2.2553910953976017,3.3088235294117645,RETROSPECTIVE_HISTORY_DIAGNOSTIC
2026-10-03,8477845,WINSOR_TOP_SOG_TO_SECOND_MAX,2.5283118251250984,1.2641559125625492,-1.2641559125625492,0.780511704286666,2.0446676168492153,3.3088235294117645,RETROSPECTIVE_HISTORY_DIAGNOSTIC
2026-10-03,8477919,REMOVE_MAX_SOG,6.139677666922486,5.103125664469488,-1.0365520024529982,9.35530081227407,10.391852814727068,15.494978479196556,RETROSPECTIVE_HISTORY_DIAGNOSTIC
2026-10-03,8477919,REMOVE_MAX_RATE,6.139677666922486,5.103125664469488,-1.0365520024529982,9.35530081227407,10.391852814727068,15.494978479196556,RETROSPECTIVE_HISTORY_DIAGNOSTIC
2026-10-03,8477919,WINSOR_TOP_SOG_TO_SECOND_MAX,6.139677666922486,5.755947812739831,-0.38372985418265504,9.35530081227407,9.739030666456724,15.494978479196556,RETROSPECTIVE_HISTORY_DIAGNOSTIC
2026-10-03,8477934,REMOVE_MAX_SOG,8.025682182985555,7.203745947892905,-0.8219362350926502,4.405257043533782,5.227193278626432,12.430939226519337,RETROSPECTIVE_HISTORY_DIAGNOSTIC
2026-10-03,8477934,REMOVE_MAX_RATE,8.025682182985555,7.512248230811105,-0.5134339521744504,4.405257043533782,4.918690995708232,12.430939226519337,RETROSPECTIVE_HISTORY_DIAGNOSTIC
2026-10-03,8477934,WINSOR_TOP_SOG_TO_SECOND_MAX,8.025682182985555,8.025682182985555,0.0,4.405257043533782,4.405257043533782,12.430939226519337,RETROSPECTIVE_HISTORY_DIAGNOSTIC
2026-10-03,8477939,REMOVE_MAX_SOG,8.482425778774436,7.7332044465925565,-0.7492213321818797,2.8793129383075104,2.1300916061256308,5.603112840466926,RETROSPECTIVE_HISTORY_DIAGNOSTIC
2026-10-03,8477939,REMOVE_MAX_RATE,8.482425778774436,7.7332044465925565,-0.7492213321818797,2.8793129383075104,2.1300916061256308,5.603112840466926,RETROSPECTIVE_HISTORY_DIAGNOSTIC
2026-10-03,8477939,WINSOR_TOP_SOG_TO_SECOND_MAX,8.482425778774436,8.482425778774436,0.0,2.8793129383075104,2.8793129383075104,5.603112840466926,RETROSPECTIVE_HISTORY_DIAGNOSTIC
2026-10-03,8477940,REMOVE_MAX_SOG,10.079798404031918,8.785357737104826,-1.2944406669270911,5.678820408921893,4.384379741994802,4.400977995110025,RETROSPECTIVE_HISTORY_DIAGNOSTIC
2026-10-03,8477940,REMOVE_MAX_RATE,10.079798404031918,8.785357737104826,-1.2944406669270911,5.678820408921893,4.384379741994802,4.400977995110025,RETROSPECTIVE_HISTORY_DIAGNOSTIC
2026-10-03,8477940,WINSOR_TOP_SOG_TO_SECOND_MAX,10.079798404031918,9.71980560388792,-0.35999280014399737,5.678820408921893,5.318827608777895,4.400977995110025,RETROSPECTIVE_HISTORY_DIAGNOSTIC
2026-10-03,8477948,REMOVE_MAX_SOG,5.017141901496781,4.779756326148078,-0.23738557534870264,2.8017572861121653,2.5643717107634627,2.2153846153846155,RETROSPECTIVE_HISTORY_DIAGNOSTIC
2026-10-03,8477948,REMOVE_MAX_RATE,5.017141901496781,4.631942236955633,-0.3851996645411475,2.8017572861121653,2.416557621571018,2.2153846153846155,RETROSPECTIVE_HISTORY_DIAGNOSTIC
2026-10-03,8477948,WINSOR_TOP_SOG_TO_SECOND_MAX,5.017141901496781,5.017141901496781,0.0,2.8017572861121653,2.8017572861121653,2.2153846153846155,RETROSPECTIVE_HISTORY_DIAGNOSTIC
2026-10-03,8477949,REMOVE_MAX_SOG,8.649687650168188,7.441970350245112,-1.2077172999230754,1.939529215871823,0.7318119159487475,6.710158434296365,RETROSPECTIVE_HISTORY_DIAGNOSTIC
2026-10-03,8477949,REMOVE_MAX_RATE,8.649687650168188,7.441970350245112,-1.2077172999230754,1.939529215871823,0.7318119159487475,6.710158434296365,RETROSPECTIVE_HISTORY_DIAGNOSTIC
2026-10-03,8477949,WINSOR_TOP_SOG_TO_SECOND_MAX,8.649687650168188,8.329328848310107,-0.32035880185808097,1.939529215871823,1.619170414013742,6.710158434296365,RETROSPECTIVE_HISTORY_DIAGNOSTIC
2026-10-03,8477950,REMOVE_MAX_SOG,4.742583126943141,3.900248197612575,-0.842334929330566,5.407792812906483,6.25012774223705,10.150375939849624,RETROSPECTIVE_HISTORY_DIAGNOSTIC
2026-10-03,8477950,REMOVE_MAX_RATE,4.742583126943141,3.900248197612575,-0.842334929330566,5.407792812906483,6.25012774223705,10.150375939849624,RETROSPECTIVE_HISTORY_DIAGNOSTIC
2026-10-03,8477950,WINSOR_TOP_SOG_TO_SECOND_MAX,4.742583126943141,4.426410918480266,-0.3161722084628753,5.407792812906483,5.7239650213693585,10.150375939849624,RETROSPECTIVE_HISTORY_DIAGNOSTIC
2026-10-03,8477951,REMOVE_MAX_SOG,9.974308599063018,8.466922555881688,-1.5073860431813308,17.221158823033303,18.728544866214634,27.19546742209632,RETROSPECTIVE_HISTORY_DIAGNOSTIC
2026-10-03,8477951,REMOVE_MAX_RATE,9.974308599063018,8.466922555881688,-1.5073860431813308,17.221158823033303,18.728544866214634,27.19546742209632,RETROSPECTIVE_HISTORY_DIAGNOSTIC
2026-10-03,8477951,WINSOR_TOP_SOG_TO_SECOND_MAX,9.974308599063018,8.765301496146291,-1.2090071029167273,17.221158823033303,18.43016592595003,27.19546742209632,RETROSPECTIVE_HISTORY_DIAGNOSTIC
2026-10-03,8477953,REMOVE_MAX_SOG,5.4047561854431905,4.8452220726783315,-0.559534112764859,2.033969668589258,1.4744355558243991,3.3707865168539324,RETROSPECTIVE_HISTORY_DIAGNOSTIC
2026-10-03,8477953,REMOVE_MAX_RATE,5.4047561854431905,4.774535809018568,-0.6302203764246226,2.033969668589258,1.4037492921646355,3.3707865168539324,RETROSPECTIVE_HISTORY_DIAGNOSTIC
2026-10-03,8477953,WINSOR_TOP_SOG_TO_SECOND_MAX,5.4047561854431905,5.4047561854431905,0.0,2.033969668589258,2.033969668589258,3.3707865168539324,RETROSPECTIVE_HISTORY_DIAGNOSTIC
2026-10-03,8477955,REMOVE_MAX_SOG,6.813880126182966,5.974395448079658,-0.8394846781033074,1.4715053743924091,2.3109900524957165,8.285385500575375,RETROSPECTIVE_HISTORY_DIAGNOSTIC
2026-10-03,8477955,REMOVE_MAX_RATE,6.813880126182966,6.16860863605209,-0.6452714901308756,1.4715053743924091,2.1167768645232847,8.285385500575375,RETROSPECTIVE_HISTORY_DIAGNOSTIC
2026-10-03,8477955,WINSOR_TOP_SOG_TO_SECOND_MAX,6.813880126182966,6.813880126182966,0.0,1.4715053743924091,1.4715053743924091,8.285385500575375,RETROSPECTIVE_HISTORY_DIAGNOSTIC
2026-10-03,8477956,REMOVE_MAX_SOG,8.424336973478939,8.106679198731129,-0.31765777474780954,5.8387375114655935,6.156395286213403,14.263074484944532,RETROSPECTIVE_HISTORY_DIAGNOSTIC
2026-10-03,8477956,REMOVE_MAX_RATE,8.424336973478939,7.896092006637294,-0.5282449668416449,5.8387375114655935,6.366982478307238,14.263074484944532,RETROSPECTIVE_HISTORY_DIAGNOSTIC
2026-10-03,8477956,WINSOR_TOP_SOG_TO_SECOND_MAX,8.424336973478939,8.424336973478939,0.0,5.8387375114655935,5.8387375114655935,14.263074484944532,RETROSPECTIVE_HISTORY_DIAGNOSTIC
2026-10-03,8477960,REMOVE_MAX_SOG,10.20513349139264,8.966032530605206,-1.2391009607874341,6.158502872243723,7.397603833031157,16.363636363636363,RETROSPECTIVE_HISTORY_DIAGNOSTIC
2026-10-03,8477960,REMOVE_MAX_RATE,10.20513349139264,8.966032530605206,-1.2391009607874341,6.158502872243723,7.397603833031157,16.363636363636363,RETROSPECTIVE_HISTORY_DIAGNOSTIC
2026-10-03,8477960,WINSOR_TOP_SOG_TO_SECOND_MAX,10.20513349139264,9.586640552520358,-0.6184929388722828,6.158502872243723,6.776995811116006,16.363636363636363,RETROSPECTIVE_HISTORY_DIAGNOSTIC
2026-10-03,8477986,REMOVE_MAX_SOG,7.7369439071566735,7.18803910293272,-0.5489048042239535,7.7369439071566735,7.18803910293272,0.0,RETROSPECTIVE_HISTORY_DIAGNOSTIC
2026-10-03,8477986,REMOVE_MAX_RATE,7.7369439071566735,7.18803910293272,-0.5489048042239535,7.7369439071566735,7.18803910293272,0.0,RETROSPECTIVE_HISTORY_DIAGNOSTIC
2026-10-03,8477986,WINSOR_TOP_SOG_TO_SECOND_MAX,7.7369439071566735,7.479045776918117,-0.2578981302385568,7.7369439071566735,7.479045776918117,0.0,RETROSPECTIVE_HISTORY_DIAGNOSTIC
2026-10-03,8477987,REMOVE_MAX_SOG,7.323523428493933,5.44341120435473,-1.8801122241392028,0.951842012564728,0.9282702115744748,6.371681415929205,RETROSPECTIVE_HISTORY_DIAGNOSTIC
2026-10-03,8477987,REMOVE_MAX_RATE,7.323523428493933,5.44341120435473,-1.8801122241392028,0.951842012564728,0.9282702115744748,6.371681415929205,RETROSPECTIVE_HISTORY_DIAGNOSTIC
2026-10-03,8477987,WINSOR_TOP_SOG_TO_SECOND_MAX,7.323523428493933,6.916661015799825,-0.4068624126941076,0.951842012564728,0.5449795998706204,6.371681415929205,RETROSPECTIVE_HISTORY_DIAGNOSTIC
2026-10-03,8477989,REMOVE_MAX_SOG,5.938518863530508,5.408537763183311,-0.5299811003471966,1.7958261132428204,1.2658450128956238,4.142692750287687,RETROSPECTIVE_HISTORY_DIAGNOSTIC
2026-10-03,8477989,REMOVE_MAX_RATE,5.938518863530508,5.408537763183311,-0.5299811003471966,1.7958261132428204,1.2658450128956238,4.142692750287687,RETROSPECTIVE_HISTORY_DIAGNOSTIC
2026-10-03,8477989,WINSOR_TOP_SOG_TO_SECOND_MAX,5.938518863530508,5.938518863530508,0.0,1.7958261132428204,1.7958261132428204,4.142692750287687,RETROSPECTIVE_HISTORY_DIAGNOSTIC
2026-10-03,8477998,REMOVE_MAX_SOG,6.595636732623033,6.4655172413793105,-0.13011949124372268,6.595636732623033,6.4655172413793105,0.0,RETROSPECTIVE_HISTORY_DIAGNOSTIC
2026-10-03,8477998,REMOVE_MAX_RATE,6.595636732623033,6.115074585379412,-0.4805621472436208,6.595636732623033,6.115074585379412,0.0,RETROSPECTIVE_HISTORY_DIAGNOSTIC
2026-10-03,8477998,WINSOR_TOP_SOG_TO_SECOND_MAX,6.595636732623033,6.595636732623033,0.0,6.595636732623033,6.595636732623033,0.0,RETROSPECTIVE_HISTORY_DIAGNOSTIC
2026-10-03,8478010,REMOVE_MAX_SOG,5.32804011700794,4.4855943412502155,-0.8424457757577244,3.438193649225826,4.28063942498355,8.766233766233766,RETROSPECTIVE_HISTORY_DIAGNOSTIC
2026-10-03,8478010,REMOVE_MAX_RATE,5.32804011700794,4.4855943412502155,-0.8424457757577244,3.438193649225826,4.28063942498355,8.766233766233766,RETROSPECTIVE_HISTORY_DIAGNOSTIC
2026-10-03,8478010,WINSOR_TOP_SOG_TO_SECOND_MAX,5.32804011700794,5.014625992478061,-0.3134141245298787,3.438193649225826,3.7516077737557048,8.766233766233766,RETROSPECTIVE_HISTORY_DIAGNOSTIC
2026-10-03,8478013,REMOVE_MAX_SOG,4.5855379188712515,3.872966692486444,-0.7125712263848074,4.068308234974902,4.780879461359709,8.653846153846153,RETROSPECTIVE_HISTORY_DIAGNOSTIC
2026-10-03,8478013,REMOVE_MAX_RATE,4.5855379188712515,3.872966692486444,-0.7125712263848074,4.068308234974902,4.780879461359709,8.653846153846153,RETROSPECTIVE_HISTORY_DIAGNOSTIC
2026-10-03,8478013,WINSOR_TOP_SOG_TO_SECOND_MAX,4.5855379188712515,4.232804232804233,-0.35273368606701894,4.068308234974902,4.421041921041921,8.653846153846153,RETROSPECTIVE_HISTORY_DIAGNOSTIC
2026-10-03,8478020,REMOVE_MAX_SOG,3.5112816177904937,3.071971913399649,-0.43930970439084494,0.38899193869248805,0.05031776569835689,3.1222896790980057,RETROSPECTIVE_HISTORY_DIAGNOSTIC
2026-10-03,8478020,REMOVE_MAX_RATE,3.5112816177904937,3.071971913399649,-0.43930970439084494,0.38899193869248805,0.05031776569835689,3.1222896790980057,RETROSPECTIVE_HISTORY_DIAGNOSTIC
2026-10-03,8478020,WINSOR_TOP_SOG_TO_SECOND_MAX,3.5112816177904937,3.5112816177904937,0.0,0.38899193869248805,0.38899193869248805,3.1222896790980057,RETROSPECTIVE_HISTORY_DIAGNOSTIC
2026-10-03,8478038,REMOVE_MAX_SOG,2.978529764613412,2.5667839148208005,-0.41174584979261164,2.978529764613412,2.5667839148208005,0.0,RETROSPECTIVE_HISTORY_DIAGNOSTIC
2026-10-03,8478038,REMOVE_MAX_RATE,2.978529764613412,2.5667839148208005,-0.41174584979261164,2.978529764613412,2.5667839148208005,0.0,RETROSPECTIVE_HISTORY_DIAGNOSTIC
2026-10-03,8478038,WINSOR_TOP_SOG_TO_SECOND_MAX,2.978529764613412,2.7303189508956276,-0.24821081371778453,2.978529764613412,2.7303189508956276,0.0,RETROSPECTIVE_HISTORY_DIAGNOSTIC
2026-10-03,8478046,REMOVE_MAX_SOG,5.250596658711217,4.271222637479979,-0.9793740212312381,5.250596658711217,4.271222637479979,0.0,RETROSPECTIVE_HISTORY_DIAGNOSTIC
2026-10-03,8478046,REMOVE_MAX_RATE,5.250596658711217,4.271222637479979,-0.9793740212312381,5.250596658711217,4.271222637479979,0.0,RETROSPECTIVE_HISTORY_DIAGNOSTIC
2026-10-03,8478046,WINSOR_TOP_SOG_TO_SECOND_MAX,5.250596658711217,4.77326968973747,-0.47732696897374716,5.250596658711217,4.77326968973747,0.0,RETROSPECTIVE_HISTORY_DIAGNOSTIC
2026-10-03,8478133,REMOVE_MAX_SOG,5.427219593654328,4.596996628869139,-0.8302229647851895,1.3176305525584384,0.4874075877732489,4.10958904109589,RETROSPECTIVE_HISTORY_DIAGNOSTIC
2026-10-03,8478133,REMOVE_MAX_RATE,5.427219593654328,4.52932739488186,-0.8978921987724684,1.3176305525584384,0.41973835378597,4.10958904109589,RETROSPECTIVE_HISTORY_DIAGNOSTIC
2026-10-03,8478133,WINSOR_TOP_SOG_TO_SECOND_MAX,5.427219593654328,5.427219593654328,0.0,1.3176305525584384,1.3176305525584384,4.10958904109589,RETROSPECTIVE_HISTORY_DIAGNOSTIC
2026-10-03,8478136,REMOVE_MAX_SOG,2.3975339650645053,1.9447685725398676,-0.45276539252463777,1.0018994626975348,1.4546648552221726,3.39943342776204,RETROSPECTIVE_HISTORY_DIAGNOSTIC
2026-10-03,8478136,REMOVE_MAX_RATE,2.3975339650645053,1.8711407721574251,-0.5263931929070802,1.0018994626975348,1.528292655604615,3.39943342776204,RETROSPECTIVE_HISTORY_DIAGNOSTIC
2026-10-03,8478136,WINSOR_TOP_SOG_TO_SECOND_MAX,2.3975339650645053,2.3975339650645053,0.0,1.0018994626975348,1.0018994626975348,3.39943342776204,RETROSPECTIVE_HISTORY_DIAGNOSTIC
2026-10-03,8478173,REMOVE_MAX_SOG,5.334123573862795,3.8860103626943,-1.4481132111684945,5.334123573862795,3.8860103626943,0.0,RETROSPECTIVE_HISTORY_DIAGNOSTIC
2026-10-03,8478173,REMOVE_MAX_RATE,5.334123573862795,4.572473708276177,-0.7616498655866177,5.334123573862795,4.572473708276177,0.0,RETROSPECTIVE_HISTORY_DIAGNOSTIC
2026-10-03,8478173,WINSOR_TOP_SOG_TO_SECOND_MAX,5.334123573862795,4.445102978218996,-0.8890205956437987,5.334123573862795,4.445102978218996,0.0,RETROSPECTIVE_HISTORY_DIAGNOSTIC
2026-10-03,8478178,REMOVE_MAX_SOG,8.247618144759917,7.495315427857589,-0.752302716902328,2.976754308742347,2.224451591840019,5.27086383601757,RETROSPECTIVE_HISTORY_DIAGNOSTIC
2026-10-03,8478178,REMOVE_MAX_RATE,8.247618144759917,7.310015736839434,-0.9376024079204832,2.976754308742347,2.0391519008218637,5.27086383601757,RETROSPECTIVE_HISTORY_DIAGNOSTIC
2026-10-03,8478178,WINSOR_TOP_SOG_TO_SECOND_MAX,8.247618144759917,8.247618144759917,0.0,2.976754308742347,2.976754308742347,5.27086383601757,RETROSPECTIVE_HISTORY_DIAGNOSTIC
2026-10-03,8478399,REMOVE_MAX_SOG,1.4841199168892842,0.9973956890341884,-0.48672422785509584,4.19411352159652,4.680837749451616,5.678233438485805,RETROSPECTIVE_HISTORY_DIAGNOSTIC
2026-10-03,8478399,REMOVE_MAX_RATE,1.4841199168892842,0.9875459483184288,-0.49657396857085545,4.19411352159652,4.690687490167376,5.678233438485805,RETROSPECTIVE_HISTORY_DIAGNOSTIC
2026-10-03,8478399,WINSOR_TOP_SOG_TO_SECOND_MAX,1.4841199168892842,1.4841199168892842,0.0,4.19411352159652,4.19411352159652,5.678233438485805,RETROSPECTIVE_HISTORY_DIAGNOSTIC
2026-10-03,8478401,REMOVE_MAX_SOG,5.692239580039213,5.196304849884527,-0.49593473015468614,2.607406675154894,2.1114719450002077,3.084832904884319,RETROSPECTIVE_HISTORY_DIAGNOSTIC
2026-10-03,8478401,REMOVE_MAX_RATE,5.692239580039213,5.045196552449023,-0.6470430275901897,2.607406675154894,1.9603636475647042,3.084832904884319,RETROSPECTIVE_HISTORY_DIAGNOSTIC
2026-10-03,8478401,WINSOR_TOP_SOG_TO_SECOND_MAX,5.692239580039213,5.692239580039213,0.0,2.607406675154894,2.607406675154894,3.084832904884319,RETROSPECTIVE_HISTORY_DIAGNOSTIC
2026-10-03,8478402,REMOVE_MAX_SOG,11.604905710141104,10.469174098487786,-1.135731611653318,2.473643820477186,1.3379122088238677,9.131261889663918,RETROSPECTIVE_HISTORY_DIAGNOSTIC
2026-10-03,8478402,REMOVE_MAX_RATE,11.604905710141104,10.469174098487786,-1.135731611653318,2.473643820477186,1.3379122088238677,9.131261889663918,RETROSPECTIVE_HISTORY_DIAGNOSTIC
2026-10-03,8478402,WINSOR_TOP_SOG_TO_SECOND_MAX,11.604905710141104,11.604905710141104,0.0,2.473643820477186,2.473643820477186,9.131261889663918,RETROSPECTIVE_HISTORY_DIAGNOSTIC
2026-10-03,8478407,REMOVE_MAX_SOG,5.979669124975085,4.866180048661801,-1.113489076313284,3.4621866074925673,2.3486975311792833,2.5174825174825175,RETROSPECTIVE_HISTORY_DIAGNOSTIC
2026-10-03,8478407,REMOVE_MAX_RATE,5.979669124975085,4.866180048661801,-1.113489076313284,3.4621866074925673,2.3486975311792833,2.5174825174825175,RETROSPECTIVE_HISTORY_DIAGNOSTIC
2026-10-03,8478407,WINSOR_TOP_SOG_TO_SECOND_MAX,5.979669124975085,5.68068566872633,-0.298983456248755,3.4621866074925673,3.1632031512438123,2.5174825174825175,RETROSPECTIVE_HISTORY_DIAGNOSTIC
2026-10-03,8478413,REMOVE_MAX_SOG,4.661280298321939,2.61802949646566,-2.043250801856279,2.877986717384867,4.921237519241146,7.539267015706806,RETROSPECTIVE_HISTORY_DIAGNOSTIC
2026-10-03,8478413,REMOVE_MAX_RATE,4.661280298321939,2.61802949646566,-2.043250801856279,2.877986717384867,4.921237519241146,7.539267015706806,RETROSPECTIVE_HISTORY_DIAGNOSTIC
2026-10-03,8478413,WINSOR_TOP_SOG_TO_SECOND_MAX,4.661280298321939,2.7967681789931635,-1.8645121193287757,2.877986717384867,4.742498836713643,7.539267015706806,RETROSPECTIVE_HISTORY_DIAGNOSTIC
2026-10-03,8478414,REMOVE_MAX_SOG,10.328800137717334,8.951157812804047,-1.3776423249132872,7.716312644237551,9.093954969150838,18.045112781954884,RETROSPECTIVE_HISTORY_DIAGNOSTIC
2026-10-03,8478414,REMOVE_MAX_RATE,10.328800137717334,8.951157812804047,-1.3776423249132872,7.716312644237551,9.093954969150838,18.045112781954884,RETROSPECTIVE_HISTORY_DIAGNOSTIC
2026-10-03,8478414,WINSOR_TOP_SOG_TO_SECOND_MAX,10.328800137717334,9.295920123945601,-1.0328800137717327,7.716312644237551,8.749192658009283,18.045112781954884,RETROSPECTIVE_HISTORY_DIAGNOSTIC
2026-10-03,8478416,REMOVE_MAX_SOG,3.5614649492491246,3.226456946965114,-0.3350080022840105,8.107902959989127,8.442910962273139,11.669367909238252,RETROSPECTIVE_HISTORY_DIAGNOSTIC
2026-10-03,8478416,REMOVE_MAX_RATE,3.5614649492491246,3.226456946965114,-0.3350080022840105,8.107902959989127,8.442910962273139,11.669367909238252,RETROSPECTIVE_HISTORY_DIAGNOSTIC
2026-10-03,8478416,WINSOR_TOP_SOG_TO_SECOND_MAX,3.5614649492491246,3.205318454324212,-0.35614649492491246,8.107902959989127,8.46404945491404,11.669367909238252,RETROSPECTIVE_HISTORY_DIAGNOSTIC
2026-10-03,8478420,REMOVE_MAX_SOG,3.0037546933667083,2.35136042996305,-0.6523942634036581,4.522377710814476,5.1747719742181335,7.526132404181184,RETROSPECTIVE_HISTORY_DIAGNOSTIC
2026-10-03,8478420,REMOVE_MAX_RATE,3.0037546933667083,2.35136042996305,-0.6523942634036581,4.522377710814476,5.1747719742181335,7.526132404181184,RETROSPECTIVE_HISTORY_DIAGNOSTIC
2026-10-03,8478420,WINSOR_TOP_SOG_TO_SECOND_MAX,3.0037546933667083,2.703379224030037,-0.30037546933667114,4.522377710814476,4.822753180151147,7.526132404181184,RETROSPECTIVE_HISTORY_DIAGNOSTIC
2026-10-03,8478427,REMOVE_MAX_SOG,9.277525993068517,7.822222222222221,-1.455303770846296,8.283449616687578,9.738753387533874,17.560975609756095,RETROSPECTIVE_HISTORY_DIAGNOSTIC
2026-10-03,8478427,REMOVE_MAX_RATE,9.277525993068517,7.822222222222221,-1.455303770846296,8.283449616687578,9.738753387533874,17.560975609756095,RETROSPECTIVE_HISTORY_DIAGNOSTIC
2026-10-03,8478427,WINSOR_TOP_SOG_TO_SECOND_MAX,9.277525993068517,8.637696614236205,-0.639829378832312,8.283449616687578,8.92327899551989,17.560975609756095,RETROSPECTIVE_HISTORY_DIAGNOSTIC
2026-10-03,8478438,REMOVE_MAX_SOG,5.9405940594059405,4.961411245865491,-0.9791828135404499,6.304303899777734,7.283486713318184,12.244897959183675,RETROSPECTIVE_HISTORY_DIAGNOSTIC
2026-10-03,8478438,REMOVE_MAX_RATE,5.9405940594059405,4.961411245865491,-0.9791828135404499,6.304303899777734,7.283486713318184,12.244897959183675,RETROSPECTIVE_HISTORY_DIAGNOSTIC
2026-10-03,8478438,WINSOR_TOP_SOG_TO_SECOND_MAX,5.9405940594059405,5.569306930693069,-0.3712871287128712,6.304303899777734,6.675591028490605,12.244897959183675,RETROSPECTIVE_HISTORY_DIAGNOSTIC
2026-10-03,8478439,REMOVE_MAX_SOG,4.4801194698525295,3.705482742057229,-0.7746367277953006,0.7611112053897195,0.013525522405581025,3.71900826446281,RETROSPECTIVE_HISTORY_DIAGNOSTIC
2026-10-03,8478439,REMOVE_MAX_RATE,4.4801194698525295,3.705482742057229,-0.7746367277953006,0.7611112053897195,0.013525522405581025,3.71900826446281,RETROSPECTIVE_HISTORY_DIAGNOSTIC
2026-10-03,8478439,WINSOR_TOP_SOG_TO_SECOND_MAX,4.4801194698525295,4.1067761806981515,-0.373343289154378,0.7611112053897195,0.38776791623534157,3.71900826446281,RETROSPECTIVE_HISTORY_DIAGNOSTIC
2026-10-03,8478440,REMOVE_MAX_SOG,6.603384234420141,5.592233009708739,-1.0111512247114023,3.276212330538441,2.265061105827039,3.3271719038817,RETROSPECTIVE_HISTORY_DIAGNOSTIC
2026-10-03,8478440,REMOVE_MAX_RATE,6.603384234420141,5.592233009708739,-1.0111512247114023,3.276212330538441,2.265061105827039,3.3271719038817,RETROSPECTIVE_HISTORY_DIAGNOSTIC
2026-10-03,8478440,WINSOR_TOP_SOG_TO_SECOND_MAX,6.603384234420141,6.190672719768883,-0.4127115146512583,3.276212330538441,2.863500815887183,3.3271719038817,RETROSPECTIVE_HISTORY_DIAGNOSTIC
2026-10-03,8478443,REMOVE_MAX_SOG,2.658396101019052,2.219071688343709,-0.43932441267534283,4.159785717162766,4.59911012983811,6.818181818181818,RETROSPECTIVE_HISTORY_DIAGNOSTIC
2026-10-03,8478443,REMOVE_MAX_RATE,2.658396101019052,2.219071688343709,-0.43932441267534283,4.159785717162766,4.59911012983811,6.818181818181818,RETROSPECTIVE_HISTORY_DIAGNOSTIC
2026-10-03,8478443,WINSOR_TOP_SOG_TO_SECOND_MAX,2.658396101019052,2.3260965883916707,-0.33229951262738133,4.159785717162766,4.492085229790147,6.818181818181818,RETROSPECTIVE_HISTORY_DIAGNOSTIC
2026-10-03,8478444,REMOVE_MAX_SOG,6.135910415707932,5.720053835800807,-0.41585657990712477,3.532845179636742,3.9487017595438667,9.668755595344674,RETROSPECTIVE_HISTORY_DIAGNOSTIC
2026-10-03,8478444,REMOVE_MAX_RATE,6.135910415707932,5.720053835800807,-0.41585657990712477,3.532845179636742,3.9487017595438667,9.668755595344674,RETROSPECTIVE_HISTORY_DIAGNOSTIC
2026-10-03,8478444,WINSOR_TOP_SOG_TO_SECOND_MAX,6.135910415707932,6.135910415707932,0.0,3.532845179636742,3.532845179636742,9.668755595344674,RETROSPECTIVE_HISTORY_DIAGNOSTIC
2026-10-03,8478449,REMOVE_MAX_SOG,6.876998250588165,5.576208178438662,-1.3007900721495025,0.5996372634305267,1.9004273355800292,7.4766355140186915,RETROSPECTIVE_HISTORY_DIAGNOSTIC
2026-10-03,8478449,REMOVE_MAX_RATE,6.876998250588165,5.576208178438662,-1.3007900721495025,0.5996372634305267,1.9004273355800292,7.4766355140186915,RETROSPECTIVE_HISTORY_DIAGNOSTIC
2026-10-03,8478449,WINSOR_TOP_SOG_TO_SECOND_MAX,6.876998250588165,6.153103697894673,-0.7238945526934915,0.5996372634305267,1.3235318161240182,7.4766355140186915,RETROSPECTIVE_HISTORY_DIAGNOSTIC
2026-10-03,8478454,REMOVE_MAX_SOG,1.7321016166281755,0.491279783836895,-1.2408218327912806,3.764081589478695,5.004903422269975,5.4961832061068705,RETROSPECTIVE_HISTORY_DIAGNOSTIC
2026-10-03,8478454,REMOVE_MAX_RATE,1.7321016166281755,0.491279783836895,-1.2408218327912806,3.764081589478695,5.004903422269975,5.4961832061068705,RETROSPECTIVE_HISTORY_DIAGNOSTIC
2026-10-03,8478454,WINSOR_TOP_SOG_TO_SECOND_MAX,1.7321016166281755,0.8660508083140878,-0.8660508083140878,3.764081589478695,4.630132397792782,5.4961832061068705,RETROSPECTIVE_HISTORY_DIAGNOSTIC
2026-10-03,8478458,REMOVE_MAX_SOG,8.649168118205298,7.949125596184421,-0.7000425220208761,0.5501804916586153,0.14986203036226087,8.098987626546682,RETROSPECTIVE_HISTORY_DIAGNOSTIC
2026-10-03,8478458,REMOVE_MAX_RATE,8.649168118205298,7.902015013828526,-0.7471531043767712,0.5501804916586153,0.19697261271815591,8.098987626546682,RETROSPECTIVE_HISTORY_DIAGNOSTIC
2026-10-03,8478458,WINSOR_TOP_SOG_TO_SECOND_MAX,8.649168118205298,8.649168118205298,0.0,0.5501804916586153,0.5501804916586153,8.098987626546682,RETROSPECTIVE_HISTORY_DIAGNOSTIC
2026-10-03,8478460,REMOVE_MAX_SOG,6.669878089450476,5.513323866009523,-1.1565542234409527,4.778128220821994,3.621573997381042,1.8917498686284815,RETROSPECTIVE_HISTORY_DIAGNOSTIC
2026-10-03,8478460,REMOVE_MAX_RATE,6.669878089450476,5.513323866009523,-1.1565542234409527,4.778128220821994,3.621573997381042,1.8917498686284815,RETROSPECTIVE_HISTORY_DIAGNOSTIC
2026-10-03,8478460,WINSOR_TOP_SOG_TO_SECOND_MAX,6.669878089450476,6.225219550153778,-0.4446585392966984,4.778128220821994,4.333469681525296,1.8917498686284815,RETROSPECTIVE_HISTORY_DIAGNOSTIC
2026-10-03,8478462,REMOVE_MAX_SOG,6.037952846463486,5.462671743088893,-0.5752811033745928,7.93358661019887,8.508867713573462,13.971539456662356,RETROSPECTIVE_HISTORY_DIAGNOSTIC
2026-10-03,8478462,REMOVE_MAX_RATE,6.037952846463486,5.234356412086606,-0.80359643437688,7.93358661019887,8.737183044575751,13.971539456662356,RETROSPECTIVE_HISTORY_DIAGNOSTIC
2026-10-03,8478462,WINSOR_TOP_SOG_TO_SECOND_MAX,6.037952846463486,6.037952846463486,0.0,7.93358661019887,7.93358661019887,13.971539456662356,RETROSPECTIVE_HISTORY_DIAGNOSTIC
2026-10-03,8478463,REMOVE_MAX_SOG,5.6771588973695835,4.9789087891570425,-0.698250108212541,4.652826755428119,5.35107686364066,10.329985652797703,RETROSPECTIVE_HISTORY_DIAGNOSTIC
2026-10-03,8478463,REMOVE_MAX_RATE,5.6771588973695835,4.9789087891570425,-0.698250108212541,4.652826755428119,5.35107686364066,10.329985652797703,RETROSPECTIVE_HISTORY_DIAGNOSTIC
2026-10-03,8478463,WINSOR_TOP_SOG_TO_SECOND_MAX,5.6771588973695835,5.6771588973695835,0.0,4.652826755428119,4.652826755428119,10.329985652797703,RETROSPECTIVE_HISTORY_DIAGNOSTIC
2026-10-03,8478469,REMOVE_MAX_SOG,4.269449715370019,3.742815131666889,-0.5266345837031299,0.1585945650727858,0.6852291487759157,4.428044280442805,RETROSPECTIVE_HISTORY_DIAGNOSTIC
2026-10-03,8478469,REMOVE_MAX_RATE,4.269449715370019,3.742815131666889,-0.5266345837031299,0.1585945650727858,0.6852291487759157,4.428044280442805,RETROSPECTIVE_HISTORY_DIAGNOSTIC
2026-10-03,8478469,WINSOR_TOP_SOG_TO_SECOND_MAX,4.269449715370019,4.032258064516129,-0.23719165085389005,0.1585945650727858,0.39578621592667584,4.428044280442805,RETROSPECTIVE_HISTORY_DIAGNOSTIC
2026-10-03,8478472,REMOVE_MAX_SOG,2.2964309635441587,1.3424320393780067,-0.953998924166152,1.685869921411594,2.639868845577746,3.9823008849557526,RETROSPECTIVE_HISTORY_DIAGNOSTIC
2026-10-03,8478472,REMOVE_MAX_RATE,2.2964309635441587,1.8341145302628898,-0.4623164332812688,1.685869921411594,2.1481863546928626,3.9823008849557526,RETROSPECTIVE_HISTORY_DIAGNOSTIC
2026-10-03,8478472,WINSOR_TOP_SOG_TO_SECOND_MAX,2.2964309635441587,1.722323222658119,-0.5741077408860396,1.685869921411594,2.2599776622976337,3.9823008849557526,RETROSPECTIVE_HISTORY_DIAGNOSTIC
2026-10-03,8478474,REMOVE_MAX_SOG,7.1292775665399235,6.446414182111201,-0.6828633844287229,1.6834519316240906,2.3663153160528134,8.812729498164014,RETROSPECTIVE_HISTORY_DIAGNOSTIC
2026-10-03,8478474,REMOVE_MAX_RATE,7.1292775665399235,6.446414182111201,-0.6828633844287229,1.6834519316240906,2.3663153160528134,8.812729498164014,RETROSPECTIVE_HISTORY_DIAGNOSTIC
2026-10-03,8478474,WINSOR_TOP_SOG_TO_SECOND_MAX,7.1292775665399235,6.772813688212927,-0.35646387832699666,1.6834519316240906,2.0399158099510872,8.812729498164014,RETROSPECTIVE_HISTORY_DIAGNOSTIC
2026-10-03,8478493,REMOVE_MAX_SOG,8.418925745074928,7.125,-1.2939257450749277,1.6710344611011703,0.3771087160262425,6.7478912839737575,RETROSPECTIVE_HISTORY_DIAGNOSTIC
2026-10-03,8478493,REMOVE_MAX_RATE,8.418925745074928,7.32824427480916,-1.0906814702657677,1.6710344611011703,0.5803529908354026,6.7478912839737575,RETROSPECTIVE_HISTORY_DIAGNOSTIC
2026-10-03,8478493,WINSOR_TOP_SOG_TO_SECOND_MAX,8.418925745074928,8.082168715271932,-0.33675702980299604,1.6710344611011703,1.3342774312981742,6.7478912839737575,RETROSPECTIVE_HISTORY_DIAGNOSTIC
2026-10-03,8478507,REMOVE_MAX_SOG,1.836453604040198,1.3684570646595964,-0.4679965393806016,1.836453604040198,1.3684570646595964,0.0,RETROSPECTIVE_HISTORY_DIAGNOSTIC
2026-10-03,8478507,REMOVE_MAX_RATE,1.836453604040198,1.3684570646595964,-0.4679965393806016,1.836453604040198,1.3684570646595964,0.0,RETROSPECTIVE_HISTORY_DIAGNOSTIC
2026-10-03,8478507,WINSOR_TOP_SOG_TO_SECOND_MAX,1.836453604040198,1.836453604040198,0.0,1.836453604040198,1.836453604040198,0.0,RETROSPECTIVE_HISTORY_DIAGNOSTIC
2026-10-03,8478508,REMOVE_MAX_SOG,4.598982649292732,3.674500497588609,-0.9244821517041228,11.347861204527863,12.272343356231987,15.946843853820596,RETROSPECTIVE_HISTORY_DIAGNOSTIC
2026-10-03,8478508,REMOVE_MAX_RATE,4.598982649292732,3.674500497588609,-0.9244821517041228,11.347861204527863,12.272343356231987,15.946843853820596,RETROSPECTIVE_HISTORY_DIAGNOSTIC
2026-10-03,8478508,WINSOR_TOP_SOG_TO_SECOND_MAX,4.598982649292732,4.180893317538848,-0.4180893317538841,11.347861204527863,11.765950536281748,15.946843853820596,RETROSPECTIVE_HISTORY_DIAGNOSTIC
2026-10-03,8478519,REMOVE_MAX_SOG,5.822250128431988,5.410279531109108,-0.4119705973228802,2.432419619957412,2.0204490226345317,3.389830508474576,RETROSPECTIVE_HISTORY_DIAGNOSTIC
2026-10-03,8478519,REMOVE_MAX_RATE,5.822250128431988,5.248031988004499,-0.5742181404274893,2.432419619957412,1.8582014795299227,3.389830508474576,RETROSPECTIVE_HISTORY_DIAGNOSTIC
2026-10-03,8478519,WINSOR_TOP_SOG_TO_SECOND_MAX,5.822250128431988,5.822250128431988,0.0,2.432419619957412,2.432419619957412,3.389830508474576,RETROSPECTIVE_HISTORY_DIAGNOSTIC
2026-10-03,8478542,REMOVE_MAX_SOG,6.433453960595096,5.865984808603445,-0.5674691519916513,2.7373553979667595,2.1698862459751083,3.6960985626283365,RETROSPECTIVE_HISTORY_DIAGNOSTIC
2026-10-03,8478542,REMOVE_MAX_RATE,6.433453960595096,5.865984808603445,-0.5674691519916513,2.7373553979667595,2.1698862459751083,3.6960985626283365,RETROSPECTIVE_HISTORY_DIAGNOSTIC
2026-10-03,8478542,WINSOR_TOP_SOG_TO_SECOND_MAX,6.433453960595096,6.433453960595096,0.0,2.7373553979667595,2.7373553979667595,3.6960985626283365,RETROSPECTIVE_HISTORY_DIAGNOSTIC
2026-10-03,8478550,REMOVE_MAX_SOG,7.354022650389764,6.606110652353427,-0.7479119980363365,3.384232383167282,4.132144381203618,10.738255033557046,RETROSPECTIVE_HISTORY_DIAGNOSTIC
2026-10-03,8478550,REMOVE_MAX_RATE,7.354022650389764,6.606110652353427,-0.7479119980363365,3.384232383167282,4.132144381203618,10.738255033557046,RETROSPECTIVE_HISTORY_DIAGNOSTIC
2026-10-03,8478550,WINSOR_TOP_SOG_TO_SECOND_MAX,7.354022650389764,7.0598617443741745,-0.2941609060155894,3.384232383167282,3.6783932891828712,10.738255033557046,RETROSPECTIVE_HISTORY_DIAGNOSTIC
2026-10-03,8478569,REMOVE_MAX_SOG,3.6466774716369525,2.687971328305831,-0.9587061433311215,0.13086712437563985,1.0895732677067613,3.7775445960125924,RETROSPECTIVE_HISTORY_DIAGNOSTIC
2026-10-03,8478569,REMOVE_MAX_RATE,3.6466774716369525,2.687971328305831,-0.9587061433311215,0.13086712437563985,1.0895732677067613,3.7775445960125924,RETROSPECTIVE_HISTORY_DIAGNOSTIC
2026-10-03,8478569,WINSOR_TOP_SOG_TO_SECOND_MAX,3.6466774716369525,3.2414910858995136,-0.4051863857374389,0.13086712437563985,0.5360535101130788,3.7775445960125924,RETROSPECTIVE_HISTORY_DIAGNOSTIC
2026-10-03,8478831,REMOVE_MAX_SOG,3.0674846625766876,2.3849272597185784,-0.6825574028581092,5.433105656195449,6.115663059053558,8.500590318772137,RETROSPECTIVE_HISTORY_DIAGNOSTIC
2026-10-03,8478831,REMOVE_MAX_RATE,3.0674846625766876,2.3849272597185784,-0.6825574028581092,5.433105656195449,6.115663059053558,8.500590318772137,RETROSPECTIVE_HISTORY_DIAGNOSTIC
2026-10-03,8478831,WINSOR_TOP_SOG_TO_SECOND_MAX,3.0674846625766876,3.0674846625766876,0.0,5.433105656195449,5.433105656195449,8.500590318772137,RETROSPECTIVE_HISTORY_DIAGNOSTIC
2026-10-03,8478840,REMOVE_MAX_SOG,1.6760712888988212,1.1310795525951993,-0.5449917363036219,1.6760712888988212,1.1310795525951993,0.0,RETROSPECTIVE_HISTORY_DIAGNOSTIC
2026-10-03,8478840,REMOVE_MAX_RATE,1.6760712888988212,1.1310795525951993,-0.5449917363036219,1.6760712888988212,1.1310795525951993,0.0,RETROSPECTIVE_HISTORY_DIAGNOSTIC
2026-10-03,8478840,WINSOR_TOP_SOG_TO_SECOND_MAX,1.6760712888988212,1.3408570311190569,-0.3352142577797643,1.6760712888988212,1.3408570311190569,0.0,RETROSPECTIVE_HISTORY_DIAGNOSTIC
2026-10-03,8478851,REMOVE_MAX_SOG,1.5164535206995906,0.6820894674018075,-0.8343640532977831,1.5164535206995906,0.6820894674018075,0.0,RETROSPECTIVE_HISTORY_DIAGNOSTIC
2026-10-03,8478851,REMOVE_MAX_RATE,1.5164535206995906,0.6820894674018075,-0.8343640532977831,1.5164535206995906,0.6820894674018075,0.0,RETROSPECTIVE_HISTORY_DIAGNOSTIC
2026-10-03,8478851,WINSOR_TOP_SOG_TO_SECOND_MAX,1.5164535206995906,0.9098721124197544,-0.6065814082798362,1.5164535206995906,0.9098721124197544,0.0,RETROSPECTIVE_HISTORY_DIAGNOSTIC
2026-10-03,8478854,REMOVE_MAX_SOG,2.621104747111931,2.2888283378746594,-0.3322764092372714,2.621104747111931,2.2888283378746594,0.0,RETROSPECTIVE_HISTORY_DIAGNOSTIC
2026-10-03,8478854,REMOVE_MAX_RATE,2.621104747111931,2.2338049143708116,-0.38729983274111923,2.621104747111931,2.2338049143708116,0.0,RETROSPECTIVE_HISTORY_DIAGNOSTIC
2026-10-03,8478854,WINSOR_TOP_SOG_TO_SECOND_MAX,2.621104747111931,2.621104747111931,0.0,2.621104747111931,2.621104747111931,0.0,RETROSPECTIVE_HISTORY_DIAGNOSTIC
2026-10-03,8478856,REMOVE_MAX_SOG,5.1435919417059575,3.7697321919421976,-1.37385974976376,5.1435919417059575,3.7697321919421976,0.0,RETROSPECTIVE_HISTORY_DIAGNOSTIC
2026-10-03,8478856,REMOVE_MAX_RATE,5.1435919417059575,3.7697321919421976,-1.37385974976376,5.1435919417059575,3.7697321919421976,0.0,RETROSPECTIVE_HISTORY_DIAGNOSTIC
2026-10-03,8478856,WINSOR_TOP_SOG_TO_SECOND_MAX,5.1435919417059575,4.286326618088298,-0.8572653236176597,5.1435919417059575,4.286326618088298,0.0,RETROSPECTIVE_HISTORY_DIAGNOSTIC
2026-10-03,8478864,REMOVE_MAX_SOG,9.057515221657525,8.438343834383437,-0.619171387274088,0.5084723779881806,1.1276437652622686,9.565987599645705,RETROSPECTIVE_HISTORY_DIAGNOSTIC
2026-10-03,8478864,REMOVE_MAX_RATE,9.057515221657525,8.380824673147837,-0.6766905485096881,0.5084723779881806,1.1851629264978687,9.565987599645705,RETROSPECTIVE_HISTORY_DIAGNOSTIC
2026-10-03,8478864,WINSOR_TOP_SOG_TO_SECOND_MAX,9.057515221657525,9.057515221657525,0.0,0.5084723779881806,0.5084723779881806,9.565987599645705,RETROSPECTIVE_HISTORY_DIAGNOSTIC
2026-10-03,8478911,REMOVE_MAX_SOG,2.3833167825223436,1.3316318038062476,-1.051684978716096,2.3833167825223436,1.3316318038062476,0.0,RETROSPECTIVE_HISTORY_DIAGNOSTIC
2026-10-03,8478911,REMOVE_MAX_RATE,2.3833167825223436,1.3316318038062476,-1.051684978716096,2.3833167825223436,1.3316318038062476,0.0,RETROSPECTIVE_HISTORY_DIAGNOSTIC
2026-10-03,8478911,WINSOR_TOP_SOG_TO_SECOND_MAX,2.3833167825223436,1.4895729890764646,-0.893743793445879,2.3833167825223436,1.4895729890764646,0.0,RETROSPECTIVE_HISTORY_DIAGNOSTIC
2026-10-03,8478970,REMOVE_MAX_SOG,3.154076644062451,2.117522498676548,-1.0365541453859026,2.1013978084922944,3.137951953878197,5.255474452554745,RETROSPECTIVE_HISTORY_DIAGNOSTIC
2026-10-03,8478970,REMOVE_MAX_RATE,3.154076644062451,2.117522498676548,-1.0365541453859026,2.1013978084922944,3.137951953878197,5.255474452554745,RETROSPECTIVE_HISTORY_DIAGNOSTIC
2026-10-03,8478970,WINSOR_TOP_SOG_TO_SECOND_MAX,3.154076644062451,2.5232613152499606,-0.6308153288124903,2.1013978084922944,2.7322131373047847,5.255474452554745,RETROSPECTIVE_HISTORY_DIAGNOSTIC
2026-10-03,8478975,REMOVE_MAX_SOG,7.203745947892905,6.2398440038999015,-0.9639019439930037,3.541487555217422,2.577585611224418,3.6622583926754833,RETROSPECTIVE_HISTORY_DIAGNOSTIC
2026-10-03,8478975,REMOVE_MAX_RATE,7.203745947892905,6.2398440038999015,-0.9639019439930037,3.541487555217422,2.577585611224418,3.6622583926754833,RETROSPECTIVE_HISTORY_DIAGNOSTIC
2026-10-03,8478975,WINSOR_TOP_SOG_TO_SECOND_MAX,7.203745947892905,6.8435586504982595,-0.3601872973946456,3.541487555217422,3.1813002578227763,3.6622583926754833,RETROSPECTIVE_HISTORY_DIAGNOSTIC
2026-10-03,8479066,REMOVE_MAX_SOG,3.459875060067276,2.545068928950159,-0.9148061311171167,9.72693812674591,10.641744257863028,13.186813186813186,RETROSPECTIVE_HISTORY_DIAGNOSTIC
2026-10-03,8479066,REMOVE_MAX_RATE,3.459875060067276,2.5157232704402515,-0.9441517896270244,9.72693812674591,10.671089916372935,13.186813186813186,RETROSPECTIVE_HISTORY_DIAGNOSTIC
2026-10-03,8479066,WINSOR_TOP_SOG_TO_SECOND_MAX,3.459875060067276,3.459875060067276,0.0,9.72693812674591,9.72693812674591,13.186813186813186,RETROSPECTIVE_HISTORY_DIAGNOSTIC
2026-10-03,8479318,REMOVE_MAX_SOG,12.11189080073056,11.211255220927677,-0.9006355798028824,4.376658817590052,5.277294397392934,16.48854961832061,RETROSPECTIVE_HISTORY_DIAGNOSTIC
2026-10-03,8479318,REMOVE_MAX_RATE,12.11189080073056,11.441890030723593,-0.6700007700069666,4.376658817590052,5.046659587597018,16.48854961832061,RETROSPECTIVE_HISTORY_DIAGNOSTIC
2026-10-03,8479318,WINSOR_TOP_SOG_TO_SECOND_MAX,12.11189080073056,11.535134095933866,-0.5767567047966935,4.376658817590052,4.953415522386745,16.48854961832061,RETROSPECTIVE_HISTORY_DIAGNOSTIC
2026-10-03,8479324,REMOVE_MAX_SOG,1.711351968054763,1.1350737797956867,-0.5762781882590764,6.890798569579647,7.467076757838723,8.60215053763441,RETROSPECTIVE_HISTORY_DIAGNOSTIC
2026-10-03,8479324,REMOVE_MAX_RATE,1.711351968054763,1.1350737797956867,-0.5762781882590764,6.890798569579647,7.467076757838723,8.60215053763441,RETROSPECTIVE_HISTORY_DIAGNOSTIC
2026-10-03,8479324,WINSOR_TOP_SOG_TO_SECOND_MAX,1.711351968054763,1.3690815744438107,-0.34227039361095235,6.890798569579647,7.233068963190599,8.60215053763441,RETROSPECTIVE_HISTORY_DIAGNOSTIC
2026-10-03,8479336,REMOVE_MAX_SOG,8.052147239263803,6.520321669202347,-1.5318255700614563,3.68851087562744,2.1566853055659836,4.363636363636363,RETROSPECTIVE_HISTORY_DIAGNOSTIC
2026-10-03,8479336,REMOVE_MAX_RATE,8.052147239263803,6.520321669202347,-1.5318255700614563,3.68851087562744,2.1566853055659836,4.363636363636363,RETROSPECTIVE_HISTORY_DIAGNOSTIC
2026-10-03,8479336,WINSOR_TOP_SOG_TO_SECOND_MAX,8.052147239263803,7.476993865030674,-0.5751533742331292,3.68851087562744,3.1133575013943107,4.363636363636363,RETROSPECTIVE_HISTORY_DIAGNOSTIC
2026-10-03,8479343,REMOVE_MAX_SOG,7.553900225567855,6.940026603435312,-0.6138736221325427,0.5226502255678547,0.09122339656468803,7.03125,RETROSPECTIVE_HISTORY_DIAGNOSTIC
2026-10-03,8479343,REMOVE_MAX_RATE,7.553900225567855,6.940026603435312,-0.6138736221325427,0.5226502255678547,0.09122339656468803,7.03125,RETROSPECTIVE_HISTORY_DIAGNOSTIC
2026-10-03,8479343,WINSOR_TOP_SOG_TO_SECOND_MAX,7.553900225567855,7.23915438283586,-0.3147458427319947,0.5226502255678547,0.20790438283586,7.03125,RETROSPECTIVE_HISTORY_DIAGNOSTIC
2026-10-03,8479345,REMOVE_MAX_SOG,4.60081190798376,4.140990879960562,-0.4598210280231987,0.18634225746260835,0.27347877056059033,4.414469650521152,RETROSPECTIVE_HISTORY_DIAGNOSTIC
2026-10-03,8479345,REMOVE_MAX_RATE,4.60081190798376,4.140990879960562,-0.4598210280231987,0.18634225746260835,0.27347877056059033,4.414469650521152,RETROSPECTIVE_HISTORY_DIAGNOSTIC
2026-10-03,8479345,WINSOR_TOP_SOG_TO_SECOND_MAX,4.60081190798376,4.60081190798376,0.0,0.18634225746260835,0.18634225746260835,4.414469650521152,RETROSPECTIVE_HISTORY_DIAGNOSTIC
2026-10-03,8479346,REMOVE_MAX_SOG,4.197481511093344,3.322627090486211,-0.8748544206071331,4.197481511093344,3.322627090486211,0.0,RETROSPECTIVE_HISTORY_DIAGNOSTIC
2026-10-03,8479346,REMOVE_MAX_RATE,4.197481511093344,3.264062670003264,-0.9334188410900803,4.197481511093344,3.264062670003264,0.0,RETROSPECTIVE_HISTORY_DIAGNOSTIC
2026-10-03,8479346,WINSOR_TOP_SOG_TO_SECOND_MAX,4.197481511093344,4.197481511093344,0.0,4.197481511093344,4.197481511093344,0.0,RETROSPECTIVE_HISTORY_DIAGNOSTIC
2026-10-03,8479351,REMOVE_MAX_SOG,4.368257330068171,3.434213350504401,-0.93404397956377,3.0620832272073715,3.9961272067711415,7.430340557275542,RETROSPECTIVE_HISTORY_DIAGNOSTIC
2026-10-03,8479351,REMOVE_MAX_RATE,4.368257330068171,3.434213350504401,-0.93404397956377,3.0620832272073715,3.9961272067711415,7.430340557275542,RETROSPECTIVE_HISTORY_DIAGNOSTIC
2026-10-03,8479351,WINSOR_TOP_SOG_TO_SECOND_MAX,4.368257330068171,4.368257330068171,0.0,3.0620832272073715,3.0620832272073715,7.430340557275542,RETROSPECTIVE_HISTORY_DIAGNOSTIC
2026-10-03,8479359,REMOVE_MAX_SOG,2.616203017354146,1.7452006980802792,-0.871002319273867,2.616203017354146,1.7452006980802792,0.0,RETROSPECTIVE_HISTORY_DIAGNOSTIC
2026-10-03,8479359,REMOVE_MAX_RATE,2.616203017354146,1.7452006980802792,-0.871002319273867,2.616203017354146,1.7452006980802792,0.0,RETROSPECTIVE_HISTORY_DIAGNOSTIC
2026-10-03,8479359,WINSOR_TOP_SOG_TO_SECOND_MAX,2.616203017354146,2.092962413883317,-0.5232406034708292,2.616203017354146,2.092962413883317,0.0,RETROSPECTIVE_HISTORY_DIAGNOSTIC
2026-10-03,8479365,REMOVE_MAX_SOG,7.4332171893147505,6.737496760818864,-0.6957204284958864,7.4332171893147505,6.737496760818864,0.0,RETROSPECTIVE_HISTORY_DIAGNOSTIC
2026-10-03,8479365,REMOVE_MAX_RATE,7.4332171893147505,6.737496760818864,-0.6957204284958864,7.4332171893147505,6.737496760818864,0.0,RETROSPECTIVE_HISTORY_DIAGNOSTIC
2026-10-03,8479365,WINSOR_TOP_SOG_TO_SECOND_MAX,7.4332171893147505,6.968641114982578,-0.4645760743321725,7.4332171893147505,6.968641114982578,0.0,RETROSPECTIVE_HISTORY_DIAGNOSTIC
2026-10-03,8479368,REMOVE_MAX_SOG,4.638129287853899,3.209929381553606,-1.4281999063002933,1.5474377224553795,2.9756376287556727,6.185567010309279,RETROSPECTIVE_HISTORY_DIAGNOSTIC
2026-10-03,8479368,REMOVE_MAX_RATE,4.638129287853899,3.209929381553606,-1.4281999063002933,1.5474377224553795,2.9756376287556727,6.185567010309279,RETROSPECTIVE_HISTORY_DIAGNOSTIC
2026-10-03,8479368,WINSOR_TOP_SOG_TO_SECOND_MAX,4.638129287853899,4.058363126872162,-0.5797661609817375,1.5474377224553795,2.127203883437117,6.185567010309279,RETROSPECTIVE_HISTORY_DIAGNOSTIC
2026-10-03,8479369,REMOVE_MAX_SOG,2.5834230355220664,1.7853954650955188,-0.7980275704265476,5.389998891388231,6.188026461814779,7.973421926910298,RETROSPECTIVE_HISTORY_DIAGNOSTIC
2026-10-03,8479369,REMOVE_MAX_RATE,2.5834230355220664,1.7853954650955188,-0.7980275704265476,5.389998891388231,6.188026461814779,7.973421926910298,RETROSPECTIVE_HISTORY_DIAGNOSTIC
2026-10-03,8479369,WINSOR_TOP_SOG_TO_SECOND_MAX,2.5834230355220664,1.93756727664155,-0.6458557588805165,5.389998891388231,6.035854650268748,7.973421926910298,RETROSPECTIVE_HISTORY_DIAGNOSTIC
2026-10-03,8479378,REMOVE_MAX_SOG,4.964147821290678,4.327963452753066,-0.6361843685376121,1.8337130386819824,1.1975286701443704,3.1304347826086953,RETROSPECTIVE_HISTORY_DIAGNOSTIC
2026-10-03,8479378,REMOVE_MAX_RATE,4.964147821290678,4.098982844997723,-0.865164976292955,1.8337130386819824,0.9685480623890275,3.1304347826086953,RETROSPECTIVE_HISTORY_DIAGNOSTIC
2026-10-03,8479378,WINSOR_TOP_SOG_TO_SECOND_MAX,4.964147821290678,4.964147821290678,0.0,1.8337130386819824,1.8337130386819824,3.1304347826086953,RETROSPECTIVE_HISTORY_DIAGNOSTIC
2026-10-03,8479385,REMOVE_MAX_SOG,9.619054889686238,8.143184324370177,-1.475870565316061,5.551258279516746,4.075387714200685,4.067796610169491,RETROSPECTIVE_HISTORY_DIAGNOSTIC
2026-10-03,8479385,REMOVE_MAX_RATE,9.619054889686238,8.143184324370177,-1.475870565316061,5.551258279516746,4.075387714200685,4.067796610169491,RETROSPECTIVE_HISTORY_DIAGNOSTIC
2026-10-03,8479385,WINSOR_TOP_SOG_TO_SECOND_MAX,9.619054889686238,8.702954424001833,-0.916100465684405,5.551258279516746,4.6351578138323415,4.067796610169491,RETROSPECTIVE_HISTORY_DIAGNOSTIC
2026-10-03,8479398,REMOVE_MAX_SOG,3.119800332778703,2.462332180336518,-0.6574681524421848,5.3774459300065045,6.034914082448689,8.497246262785207,RETROSPECTIVE_HISTORY_DIAGNOSTIC
2026-10-03,8479398,REMOVE_MAX_RATE,3.119800332778703,2.462332180336518,-0.6574681524421848,5.3774459300065045,6.034914082448689,8.497246262785207,RETROSPECTIVE_HISTORY_DIAGNOSTIC
2026-10-03,8479398,WINSOR_TOP_SOG_TO_SECOND_MAX,3.119800332778703,2.8078202995008326,-0.3119800332778704,5.3774459300065045,5.689425963284375,8.497246262785207,RETROSPECTIVE_HISTORY_DIAGNOSTIC
2026-10-03,8479400,REMOVE_MAX_SOG,5.194805194805194,4.11836485661989,-1.0764403381853036,1.9632073492037567,0.8867670110184531,3.231597845601437,RETROSPECTIVE_HISTORY_DIAGNOSTIC
2026-10-03,8479400,REMOVE_MAX_RATE,5.194805194805194,4.11836485661989,-1.0764403381853036,1.9632073492037567,0.8867670110184531,3.231597845601437,RETROSPECTIVE_HISTORY_DIAGNOSTIC
2026-10-03,8479400,WINSOR_TOP_SOG_TO_SECOND_MAX,5.194805194805194,4.395604395604395,-0.7992007992007988,1.9632073492037567,1.164006550002958,3.231597845601437,RETROSPECTIVE_HISTORY_DIAGNOSTIC
2026-10-03,8479407,REMOVE_MAX_SOG,8.453451826162349,7.349788693575059,-1.1036631325872897,0.8983626341371638,0.20530049845012588,7.555089192025185,RETROSPECTIVE_HISTORY_DIAGNOSTIC
2026-10-03,8479407,REMOVE_MAX_RATE,8.453451826162349,7.274049827241317,-1.1794019989210316,0.8983626341371638,0.2810393647838678,7.555089192025185,RETROSPECTIVE_HISTORY_DIAGNOSTIC
2026-10-03,8479407,WINSOR_TOP_SOG_TO_SECOND_MAX,8.453451826162349,8.453451826162349,0.0,0.8983626341371638,0.8983626341371638,7.555089192025185,RETROSPECTIVE_HISTORY_DIAGNOSTIC
2026-10-03,8479410,REMOVE_MAX_SOG,6.387421692666749,5.513185702471744,-0.8742359901950048,4.51341100983136,5.387647000026365,10.900832702498109,RETROSPECTIVE_HISTORY_DIAGNOSTIC
2026-10-03,8479410,REMOVE_MAX_RATE,6.387421692666749,5.513185702471744,-0.8742359901950048,4.51341100983136,5.387647000026365,10.900832702498109,RETROSPECTIVE_HISTORY_DIAGNOSTIC
2026-10-03,8479410,WINSOR_TOP_SOG_TO_SECOND_MAX,6.387421692666749,5.896081562461614,-0.4913401302051348,4.51341100983136,5.004751140036495,10.900832702498109,RETROSPECTIVE_HISTORY_DIAGNOSTIC
2026-10-03,8479420,REMOVE_MAX_SOG,10.491177873152123,9.084027252081757,-1.4071506210703664,1.7018788584312787,3.109029479501645,12.193056731583402,RETROSPECTIVE_HISTORY_DIAGNOSTIC
2026-10-03,8479420,REMOVE_MAX_RATE,10.491177873152123,9.084027252081757,-1.4071506210703664,1.7018788584312787,3.109029479501645,12.193056731583402,RETROSPECTIVE_HISTORY_DIAGNOSTIC
2026-10-03,8479420,WINSOR_TOP_SOG_TO_SECOND_MAX,10.491177873152123,10.173263392147513,-0.3179144810046104,1.7018788584312787,2.019793339435889,12.193056731583402,RETROSPECTIVE_HISTORY_DIAGNOSTIC
2026-10-03,8479425,REMOVE_MAX_SOG,5.33374560352491,4.477415390017998,-0.8563302135069115,3.255223663571099,2.3988934500641874,2.0785219399538106,RETROSPECTIVE_HISTORY_DIAGNOSTIC
2026-10-03,8479425,REMOVE_MAX_RATE,5.33374560352491,4.477415390017998,-0.8563302135069115,3.255223663571099,2.3988934500641874,2.0785219399538106,RETROSPECTIVE_HISTORY_DIAGNOSTIC
2026-10-03,8479425,WINSOR_TOP_SOG_TO_SECOND_MAX,5.33374560352491,5.101843620762957,-0.2319019827619524,3.255223663571099,3.0233216808091465,2.0785219399538106,RETROSPECTIVE_HISTORY_DIAGNOSTIC
2026-10-03,8479442,REMOVE_MAX_SOG,2.1494370522006143,1.3606984918925047,-0.7887385603081096,4.4560675349553485,5.244806095263458,6.605504587155963,RETROSPECTIVE_HISTORY_DIAGNOSTIC
2026-10-03,8479442,REMOVE_MAX_RATE,2.1494370522006143,1.3606984918925047,-0.7887385603081096,4.4560675349553485,5.244806095263458,6.605504587155963,RETROSPECTIVE_HISTORY_DIAGNOSTIC
2026-10-03,8479442,WINSOR_TOP_SOG_TO_SECOND_MAX,2.1494370522006143,1.842374616171955,-0.30706243602865935,4.4560675349553485,4.763129970984008,6.605504587155963,RETROSPECTIVE_HISTORY_DIAGNOSTIC
2026-10-03,8479520,REMOVE_MAX_SOG,4.301417874780946,3.787537199026062,-0.5138806757548844,4.301417874780946,3.787537199026062,0.0,RETROSPECTIVE_HISTORY_DIAGNOSTIC
2026-10-03,8479520,REMOVE_MAX_RATE,4.301417874780946,3.747992147064073,-0.5534257277168733,4.301417874780946,3.747992147064073,0.0,RETROSPECTIVE_HISTORY_DIAGNOSTIC
2026-10-03,8479520,WINSOR_TOP_SOG_TO_SECOND_MAX,4.301417874780946,4.301417874780946,0.0,4.301417874780946,4.301417874780946,0.0,RETROSPECTIVE_HISTORY_DIAGNOSTIC
2026-10-03,8479525,REMOVE_MAX_SOG,7.892340382474956,6.21403912543153,-1.678301257043426,7.892340382474956,6.21403912543153,0.0,RETROSPECTIVE_HISTORY_DIAGNOSTIC
2026-10-03,8479525,REMOVE_MAX_RATE,7.892340382474956,6.670372429127293,-1.2219679533476624,7.892340382474956,6.670372429127293,0.0,RETROSPECTIVE_HISTORY_DIAGNOSTIC
2026-10-03,8479525,WINSOR_TOP_SOG_TO_SECOND_MAX,7.892340382474956,7.2852372761307285,-0.6071031063442272,7.892340382474956,7.2852372761307285,0.0,RETROSPECTIVE_HISTORY_DIAGNOSTIC
2026-10-03,8479542,REMOVE_MAX_SOG,10.92006322141865,10.502864417568428,-0.417198803850221,5.3572540355519624,5.7744528394021835,16.277317256970612,RETROSPECTIVE_HISTORY_DIAGNOSTIC
2026-10-03,8479542,REMOVE_MAX_RATE,10.92006322141865,10.502864417568428,-0.417198803850221,5.3572540355519624,5.7744528394021835,16.277317256970612,RETROSPECTIVE_HISTORY_DIAGNOSTIC
2026-10-03,8479542,WINSOR_TOP_SOG_TO_SECOND_MAX,10.92006322141865,10.92006322141865,0.0,5.3572540355519624,5.3572540355519624,16.277317256970612,RETROSPECTIVE_HISTORY_DIAGNOSTIC
2026-10-03,8479576,REMOVE_MAX_SOG,2.043000291857185,1.2796587576646228,-0.763341534192562,1.8488916000347073,2.612233134227269,3.891891891891892,RETROSPECTIVE_HISTORY_DIAGNOSTIC
2026-10-03,8479576,REMOVE_MAX_RATE,2.043000291857185,1.2796587576646228,-0.763341534192562,1.8488916000347073,2.612233134227269,3.891891891891892,RETROSPECTIVE_HISTORY_DIAGNOSTIC
2026-10-03,8479576,WINSOR_TOP_SOG_TO_SECOND_MAX,2.043000291857185,1.459285922755132,-0.5837143691020528,1.8488916000347073,2.43260596913676,3.891891891891892,RETROSPECTIVE_HISTORY_DIAGNOSTIC
2026-10-03,8479619,REMOVE_MAX_SOG,6.5478355765733,5.833265818682654,-0.7145697578906463,7.245267871702561,7.959837629593207,13.793103448275861,RETROSPECTIVE_HISTORY_DIAGNOSTIC
2026-10-03,8479619,REMOVE_MAX_RATE,6.5478355765733,5.833265818682654,-0.7145697578906463,7.245267871702561,7.959837629593207,13.793103448275861,RETROSPECTIVE_HISTORY_DIAGNOSTIC
2026-10-03,8479619,WINSOR_TOP_SOG_TO_SECOND_MAX,6.5478355765733,6.5478355765733,0.0,7.245267871702561,7.245267871702561,13.793103448275861,RETROSPECTIVE_HISTORY_DIAGNOSTIC
2026-10-03,8479661,REMOVE_MAX_SOG,1.9961739998336523,1.1414439265671075,-0.8547300732665448,5.350764775676553,6.205494848943098,7.346938775510205,RETROSPECTIVE_HISTORY_DIAGNOSTIC
2026-10-03,8479661,REMOVE_MAX_RATE,1.9961739998336523,1.1414439265671075,-0.8547300732665448,5.350764775676553,6.205494848943098,7.346938775510205,RETROSPECTIVE_HISTORY_DIAGNOSTIC
2026-10-03,8479661,WINSOR_TOP_SOG_TO_SECOND_MAX,1.9961739998336523,1.4971304998752393,-0.499043499958413,5.350764775676553,5.849808275634966,7.346938775510205,RETROSPECTIVE_HISTORY_DIAGNOSTIC
2026-10-03,8479671,REMOVE_MAX_SOG,8.3363802559415,6.998833527745376,-1.3375467281961235,4.436055228855909,3.0985085006597854,3.9003250270855903,RETROSPECTIVE_HISTORY_DIAGNOSTIC
2026-10-03,8479671,REMOVE_MAX_RATE,8.3363802559415,8.080808080808081,-0.2555721751334179,4.436055228855909,4.180483053722491,3.9003250270855903,RETROSPECTIVE_HISTORY_DIAGNOSTIC
2026-10-03,8479671,WINSOR_TOP_SOG_TO_SECOND_MAX,8.3363802559415,7.458866544789762,-0.877513711151737,4.436055228855909,3.558541517704172,3.9003250270855903,RETROSPECTIVE_HISTORY_DIAGNOSTIC
2026-10-03,8479675,REMOVE_MAX_SOG,7.380527707731104,6.237438491925983,-1.1430892158051211,0.06518066869081984,1.208269884495941,7.445708376421924,RETROSPECTIVE_HISTORY_DIAGNOSTIC
2026-10-03,8479675,REMOVE_MAX_RATE,7.380527707731104,6.237438491925983,-1.1430892158051211,0.06518066869081984,1.208269884495941,7.445708376421924,RETROSPECTIVE_HISTORY_DIAGNOSTIC
2026-10-03,8479675,WINSOR_TOP_SOG_TO_SECOND_MAX,7.380527707731104,6.642474936957994,-0.7380527707731099,0.06518066869081984,0.8032334394639298,7.445708376421924,RETROSPECTIVE_HISTORY_DIAGNOSTIC
2026-10-03,8479705,REMOVE_MAX_SOG,6.832515767344078,5.69584203531422,-1.136673732029858,1.096999651158125,2.233673383187983,7.929515418502203,RETROSPECTIVE_HISTORY_DIAGNOSTIC
2026-10-03,8479705,REMOVE_MAX_RATE,6.832515767344078,5.69584203531422,-1.136673732029858,1.096999651158125,2.233673383187983,7.929515418502203,RETROSPECTIVE_HISTORY_DIAGNOSTIC
2026-10-03,8479705,WINSOR_TOP_SOG_TO_SECOND_MAX,6.832515767344078,6.306937631394533,-0.5255781359495453,1.096999651158125,1.6225777871076703,7.929515418502203,RETROSPECTIVE_HISTORY_DIAGNOSTIC
2026-10-03,8479980,REMOVE_MAX_SOG,4.15748031496063,3.388155572810051,-0.7693247421505784,4.15748031496063,3.388155572810051,0.0,RETROSPECTIVE_HISTORY_DIAGNOSTIC
2026-10-03,8479980,REMOVE_MAX_RATE,4.15748031496063,3.388155572810051,-0.7693247421505784,4.15748031496063,3.388155572810051,0.0,RETROSPECTIVE_HISTORY_DIAGNOSTIC
2026-10-03,8479980,WINSOR_TOP_SOG_TO_SECOND_MAX,4.15748031496063,3.779527559055118,-0.3779527559055116,4.15748031496063,3.779527559055118,0.0,RETROSPECTIVE_HISTORY_DIAGNOSTIC
2026-10-03,8479985,REMOVE_MAX_SOG,3.296250515039143,2.3135652039793317,-0.9826853110598113,5.409916353159165,6.392601664218976,8.706166868198308,RETROSPECTIVE_HISTORY_DIAGNOSTIC
2026-10-03,8479985,REMOVE_MAX_RATE,3.296250515039143,2.3135652039793317,-0.9826853110598113,5.409916353159165,6.392601664218976,8.706166868198308,RETROSPECTIVE_HISTORY_DIAGNOSTIC
2026-10-03,8479985,WINSOR_TOP_SOG_TO_SECOND_MAX,3.296250515039143,2.4721878862793574,-0.8240626287597856,5.409916353159165,6.23397898191895,8.706166868198308,RETROSPECTIVE_HISTORY_DIAGNOSTIC
2026-10-03,8479987,REMOVE_MAX_SOG,6.239168110918546,5.402624131721122,-0.8365439791974234,3.0391681109185456,2.202624131721122,3.2,RETROSPECTIVE_HISTORY_DIAGNOSTIC
2026-10-03,8479987,REMOVE_MAX_RATE,6.239168110918546,5.402624131721122,-0.8365439791974234,3.0391681109185456,2.202624131721122,3.2,RETROSPECTIVE_HISTORY_DIAGNOSTIC
2026-10-03,8479987,WINSOR_TOP_SOG_TO_SECOND_MAX,6.239168110918546,5.892547660311959,-0.3466204506065864,3.0391681109185456,2.692547660311959,3.2,RETROSPECTIVE_HISTORY_DIAGNOSTIC
2026-10-03,8479996,REMOVE_MAX_SOG,5.31051777548311,4.24695241840346,-1.06356535707965,0.16766063262596642,0.8959047244536835,5.142857142857143,RETROSPECTIVE_HISTORY_DIAGNOSTIC
2026-10-03,8479996,REMOVE_MAX_RATE,5.31051777548311,4.24695241840346,-1.06356535707965,0.16766063262596642,0.8959047244536835,5.142857142857143,RETROSPECTIVE_HISTORY_DIAGNOSTIC
2026-10-03,8479996,WINSOR_TOP_SOG_TO_SECOND_MAX,5.31051777548311,5.31051777548311,0.0,0.16766063262596642,0.16766063262596642,5.142857142857143,RETROSPECTIVE_HISTORY_DIAGNOSTIC
2026-10-03,8479998,REMOVE_MAX_SOG,1.6545638385881056,1.210714826211976,-0.4438490123761296,2.000258496437275,2.4441075088134046,3.6548223350253806,RETROSPECTIVE_HISTORY_DIAGNOSTIC
2026-10-03,8479998,REMOVE_MAX_RATE,1.6545638385881056,1.210714826211976,-0.4438490123761296,2.000258496437275,2.4441075088134046,3.6548223350253806,RETROSPECTIVE_HISTORY_DIAGNOSTIC
2026-10-03,8479998,WINSOR_TOP_SOG_TO_SECOND_MAX,1.6545638385881056,1.3788031988234213,-0.27576063976468435,2.000258496437275,2.2760191362019593,3.6548223350253806,RETROSPECTIVE_HISTORY_DIAGNOSTIC
2026-10-03,8479999,REMOVE_MAX_SOG,3.960657469139877,3.065245949496424,-0.8954115196434529,0.49244937665432786,0.402962142989125,3.468208092485549,RETROSPECTIVE_HISTORY_DIAGNOSTIC
2026-10-03,8479999,REMOVE_MAX_RATE,3.960657469139877,3.065245949496424,-0.8954115196434529,0.49244937665432786,0.402962142989125,3.468208092485549,RETROSPECTIVE_HISTORY_DIAGNOSTIC
2026-10-03,8479999,WINSOR_TOP_SOG_TO_SECOND_MAX,3.960657469139877,3.564591722225889,-0.3960657469139881,0.49244937665432786,0.09638362974033976,3.468208092485549,RETROSPECTIVE_HISTORY_DIAGNOSTIC
2026-10-03,8480002,REMOVE_MAX_SOG,7.948639559767656,7.258482631487989,-0.6901569282796673,1.3697383522254434,2.0598952805051107,9.3183779119931,RETROSPECTIVE_HISTORY_DIAGNOSTIC
2026-10-03,8480002,REMOVE_MAX_RATE,7.948639559767656,7.36155261837042,-0.5870869413972359,1.3697383522254434,1.9568252936226793,9.3183779119931,RETROSPECTIVE_HISTORY_DIAGNOSTIC
2026-10-03,8480002,WINSOR_TOP_SOG_TO_SECOND_MAX,7.948639559767656,7.642922653622747,-0.30571690614490965,1.3697383522254434,1.675455258370353,9.3183779119931,RETROSPECTIVE_HISTORY_DIAGNOSTIC
2026-10-03,8480012,REMOVE_MAX_SOG,3.286230693394675,2.5496266618102346,-0.7366040315844407,0.6076592648232464,0.12894476676119426,2.678571428571429,RETROSPECTIVE_HISTORY_DIAGNOSTIC
2026-10-03,8480012,REMOVE_MAX_RATE,3.286230693394675,2.5496266618102346,-0.7366040315844407,0.6076592648232464,0.12894476676119426,2.678571428571429,RETROSPECTIVE_HISTORY_DIAGNOSTIC
2026-10-03,8480012,WINSOR_TOP_SOG_TO_SECOND_MAX,3.286230693394675,2.9576076240552083,-0.32862306933946694,0.6076592648232464,0.27903619548377945,2.678571428571429,RETROSPECTIVE_HISTORY_DIAGNOSTIC
2026-10-03,8480015,REMOVE_MAX_SOG,7.81783210274865,6.9392475678617584,-0.8785845348868913,2.3040048232119865,3.1825893580988778,10.121836925960636,RETROSPECTIVE_HISTORY_DIAGNOSTIC
2026-10-03,8480015,REMOVE_MAX_RATE,7.81783210274865,6.9392475678617584,-0.8785845348868913,2.3040048232119865,3.1825893580988778,10.121836925960636,RETROSPECTIVE_HISTORY_DIAGNOSTIC
2026-10-03,8480015,WINSOR_TOP_SOG_TO_SECOND_MAX,7.81783210274865,7.81783210274865,0.0,2.3040048232119865,2.3040048232119865,10.121836925960636,RETROSPECTIVE_HISTORY_DIAGNOSTIC
2026-10-03,8480018,REMOVE_MAX_SOG,6.637168141592922,5.914243469689502,-0.7229246719034199,3.9277621592141214,4.650686831117541,10.564930300807044,RETROSPECTIVE_HISTORY_DIAGNOSTIC
2026-10-03,8480018,REMOVE_MAX_RATE,6.637168141592922,5.914243469689502,-0.7229246719034199,3.9277621592141214,4.650686831117541,10.564930300807044,RETROSPECTIVE_HISTORY_DIAGNOSTIC
2026-10-03,8480018,WINSOR_TOP_SOG_TO_SECOND_MAX,6.637168141592922,6.305309734513276,-0.331858407079646,3.9277621592141214,4.259620566293767,10.564930300807044,RETROSPECTIVE_HISTORY_DIAGNOSTIC
2026-10-03,8480023,REMOVE_MAX_SOG,4.376793269464573,3.2360714093090985,-1.140721860155474,4.376793269464573,3.2360714093090985,0.0,RETROSPECTIVE_HISTORY_DIAGNOSTIC
2026-10-03,8480023,REMOVE_MAX_RATE,4.376793269464573,3.2360714093090985,-1.140721860155474,4.376793269464573,3.2360714093090985,0.0,RETROSPECTIVE_HISTORY_DIAGNOSTIC
2026-10-03,8480023,WINSOR_TOP_SOG_TO_SECOND_MAX,4.376793269464573,3.7932208335359627,-0.5835724359286099,4.376793269464573,3.7932208335359627,0.0,RETROSPECTIVE_HISTORY_DIAGNOSTIC
2026-10-03,8480027,REMOVE_MAX_SOG,8.839127872716558,8.026308455493005,-0.8128194172235528,5.653287164751956,4.840467747528403,3.1858407079646023,RETROSPECTIVE_HISTORY_DIAGNOSTIC
2026-10-03,8480027,REMOVE_MAX_RATE,8.839127872716558,8.142880408229738,-0.6962474644868202,5.653287164751956,4.957039700265136,3.1858407079646023,RETROSPECTIVE_HISTORY_DIAGNOSTIC
2026-10-03,8480027,WINSOR_TOP_SOG_TO_SECOND_MAX,8.839127872716558,8.544490276959339,-0.2946375957572194,5.653287164751956,5.358649568994736,3.1858407079646023,RETROSPECTIVE_HISTORY_DIAGNOSTIC
2026-10-03,8480028,REMOVE_MAX_SOG,7.846067625630489,6.677796327212019,-1.1682712984184702,3.5463374376606485,4.714608736079119,11.392405063291138,RETROSPECTIVE_HISTORY_DIAGNOSTIC
2026-10-03,8480028,REMOVE_MAX_RATE,7.846067625630489,6.617951192609956,-1.2281164330205332,3.5463374376606485,4.774453870681182,11.392405063291138,RETROSPECTIVE_HISTORY_DIAGNOSTIC
2026-10-03,8480028,WINSOR_TOP_SOG_TO_SECOND_MAX,7.846067625630489,7.846067625630489,0.0,3.5463374376606485,3.5463374376606485,11.392405063291138,RETROSPECTIVE_HISTORY_DIAGNOSTIC
2026-10-03,8480029,REMOVE_MAX_SOG,7.8817733990147785,5.439709882139619,-2.4420635168751597,0.6591518678891353,3.101215384764295,8.540925266903914,RETROSPECTIVE_HISTORY_DIAGNOSTIC
2026-10-03,8480029,REMOVE_MAX_RATE,7.8817733990147785,5.439709882139619,-2.4420635168751597,0.6591518678891353,3.101215384764295,8.540925266903914,RETROSPECTIVE_HISTORY_DIAGNOSTIC
2026-10-03,8480029,WINSOR_TOP_SOG_TO_SECOND_MAX,7.8817733990147785,5.911330049261084,-1.9704433497536948,0.6591518678891353,2.62959521764283,8.540925266903914,RETROSPECTIVE_HISTORY_DIAGNOSTIC
2026-10-03,8480036,REMOVE_MAX_SOG,2.579203026264884,2.3182806085486596,-0.2609224177162246,9.624186804243593,9.885109221959816,12.203389830508476,RETROSPECTIVE_HISTORY_DIAGNOSTIC
2026-10-03,8480036,REMOVE_MAX_RATE,2.579203026264884,2.3027104821300073,-0.2764925441348769,9.624186804243593,9.900679348378468,12.203389830508476,RETROSPECTIVE_HISTORY_DIAGNOSTIC
2026-10-03,8480036,WINSOR_TOP_SOG_TO_SECOND_MAX,2.579203026264884,2.579203026264884,0.0,9.624186804243593,9.624186804243593,12.203389830508476,RETROSPECTIVE_HISTORY_DIAGNOSTIC
2026-10-03,8480039,REMOVE_MAX_SOG,9.419152276295133,8.954746548691435,-0.46440572760369747,2.9839484988986644,3.448354226502362,12.403100775193797,RETROSPECTIVE_HISTORY_DIAGNOSTIC
2026-10-03,8480039,REMOVE_MAX_RATE,9.419152276295133,9.026769039219756,-0.3923832370753768,2.9839484988986644,3.3763317359740412,12.403100775193797,RETROSPECTIVE_HISTORY_DIAGNOSTIC
2026-10-03,8480039,WINSOR_TOP_SOG_TO_SECOND_MAX,9.419152276295133,9.133723419437706,-0.28542885685742725,2.9839484988986644,3.2693773557560917,12.403100775193797,RETROSPECTIVE_HISTORY_DIAGNOSTIC
2026-10-03,8480043,REMOVE_MAX_SOG,4.534861749700825,4.2375874002401295,-0.29727434946069575,1.043106172591223,0.7458318231305272,3.4917555771096023,RETROSPECTIVE_HISTORY_DIAGNOSTIC
2026-10-03,8480043,REMOVE_MAX_RATE,4.534861749700825,4.2375874002401295,-0.29727434946069575,1.043106172591223,0.7458318231305272,3.4917555771096023,RETROSPECTIVE_HISTORY_DIAGNOSTIC
2026-10-03,8480043,WINSOR_TOP_SOG_TO_SECOND_MAX,4.534861749700825,4.534861749700825,0.0,1.043106172591223,1.043106172591223,3.4917555771096023,RETROSPECTIVE_HISTORY_DIAGNOSTIC
2026-10-03,8480064,REMOVE_MAX_SOG,7.041335245794759,6.105538595726122,-0.935796650068637,3.412302987730243,2.476506337661606,3.629032258064516,RETROSPECTIVE_HISTORY_DIAGNOSTIC
2026-10-03,8480064,REMOVE_MAX_RATE,7.041335245794759,6.105538595726122,-0.935796650068637,3.412302987730243,2.476506337661606,3.629032258064516,RETROSPECTIVE_HISTORY_DIAGNOSTIC
2026-10-03,8480064,WINSOR_TOP_SOG_TO_SECOND_MAX,7.041335245794759,6.258964662928674,-0.7823705828660845,3.412302987730243,2.6299324048641584,3.629032258064516,RETROSPECTIVE_HISTORY_DIAGNOSTIC
2026-10-03,8480069,REMOVE_MAX_SOG,6.400955876077495,6.035639011304847,-0.36531686477264813,2.569143791696593,2.9344606564692413,8.970099667774088,RETROSPECTIVE_HISTORY_DIAGNOSTIC
2026-10-03,8480069,REMOVE_MAX_RATE,6.400955876077495,5.987454856491161,-0.41350101958633356,2.569143791696593,2.9826448112829267,8.970099667774088,RETROSPECTIVE_HISTORY_DIAGNOSTIC
2026-10-03,8480069,WINSOR_TOP_SOG_TO_SECOND_MAX,6.400955876077495,6.400955876077495,0.0,2.569143791696593,2.569143791696593,8.970099667774088,RETROSPECTIVE_HISTORY_DIAGNOSTIC
2026-10-03,8480074,REMOVE_MAX_SOG,5.517471994649725,4.012706905199799,-1.5047650894499256,0.9807229511986515,2.485488040648577,6.498194945848376,RETROSPECTIVE_HISTORY_DIAGNOSTIC
2026-10-03,8480074,REMOVE_MAX_RATE,5.517471994649725,5.098187311178247,-0.41928468347147785,0.9807229511986515,1.4000076346701293,6.498194945848376,RETROSPECTIVE_HISTORY_DIAGNOSTIC
2026-10-03,8480074,WINSOR_TOP_SOG_TO_SECOND_MAX,5.517471994649725,5.01588363149975,-0.5015883631499749,0.9807229511986515,1.4823113143486264,6.498194945848376,RETROSPECTIVE_HISTORY_DIAGNOSTIC
2026-10-03,8480188,REMOVE_MAX_SOG,7.03146128188948,6.117455138662316,-0.914006143227164,2.0727835959390664,1.1587774527119024,4.958677685950414,RETROSPECTIVE_HISTORY_DIAGNOSTIC
2026-10-03,8480188,REMOVE_MAX_RATE,7.03146128188948,6.117455138662316,-0.914006143227164,2.0727835959390664,1.1587774527119024,4.958677685950414,RETROSPECTIVE_HISTORY_DIAGNOSTIC
2026-10-03,8480188,WINSOR_TOP_SOG_TO_SECOND_MAX,7.03146128188948,6.490579644821058,-0.5408816370684217,2.0727835959390664,1.5319019588706446,4.958677685950414,RETROSPECTIVE_HISTORY_DIAGNOSTIC
2026-10-03,8480208,REMOVE_MAX_SOG,6.117870980898647,5.098887515451175,-1.018983465447472,0.5364728268647534,1.5554562923122255,6.6543438077634,RETROSPECTIVE_HISTORY_DIAGNOSTIC
2026-10-03,8480208,REMOVE_MAX_RATE,6.117870980898647,5.098887515451175,-1.018983465447472,0.5364728268647534,1.5554562923122255,6.6543438077634,RETROSPECTIVE_HISTORY_DIAGNOSTIC
2026-10-03,8480208,WINSOR_TOP_SOG_TO_SECOND_MAX,6.117870980898647,5.710012915505403,-0.40785806539324376,0.5364728268647534,0.9443308922579972,6.6543438077634,RETROSPECTIVE_HISTORY_DIAGNOSTIC
2026-10-03,8480220,REMOVE_MAX_SOG,9.618595952174203,8.893500333506262,-0.7250956186679414,9.618595952174203,8.893500333506262,0.0,RETROSPECTIVE_HISTORY_DIAGNOSTIC
2026-10-03,8480220,REMOVE_MAX_RATE,9.618595952174203,8.815103210166754,-0.8034927420074496,9.618595952174203,8.815103210166754,0.0,RETROSPECTIVE_HISTORY_DIAGNOSTIC
2026-10-03,8480220,WINSOR_TOP_SOG_TO_SECOND_MAX,9.618595952174203,9.618595952174203,0.0,9.618595952174203,9.618595952174203,0.0,RETROSPECTIVE_HISTORY_DIAGNOSTIC
2026-10-03,8480246,REMOVE_MAX_SOG,2.4692809688988184,2.0285347217526537,-0.4407462471461647,0.7478772080448812,1.188623455191046,3.2171581769436997,RETROSPECTIVE_HISTORY_DIAGNOSTIC
2026-10-03,8480246,REMOVE_MAX_RATE,2.4692809688988184,2.0285347217526537,-0.4407462471461647,0.7478772080448812,1.188623455191046,3.2171581769436997,RETROSPECTIVE_HISTORY_DIAGNOSTIC
2026-10-03,8480246,WINSOR_TOP_SOG_TO_SECOND_MAX,2.4692809688988184,2.1165265447704154,-0.3527544241284031,0.7478772080448812,1.1006316321732843,3.2171581769436997,RETROSPECTIVE_HISTORY_DIAGNOSTIC
2026-10-03,8480336,REMOVE_MAX_SOG,6.0020006668889625,5.131494547787042,-0.8705061191019201,3.9290338158696585,4.799539934971579,9.931034482758621,RETROSPECTIVE_HISTORY_DIAGNOSTIC
2026-10-03,8480336,REMOVE_MAX_RATE,6.0020006668889625,5.131494547787042,-0.8705061191019201,3.9290338158696585,4.799539934971579,9.931034482758621,RETROSPECTIVE_HISTORY_DIAGNOSTIC
2026-10-03,8480336,WINSOR_TOP_SOG_TO_SECOND_MAX,6.0020006668889625,5.43038155575668,-0.5716191111322821,3.9290338158696585,4.500652927001941,9.931034482758621,RETROSPECTIVE_HISTORY_DIAGNOSTIC
2026-10-03,8480355,REMOVE_MAX_SOG,7.64461054956256,6.34920634920635,-1.2954042003562103,2.1817880912924528,0.8863838909362425,5.462822458270107,RETROSPECTIVE_HISTORY_DIAGNOSTIC
2026-10-03,8480355,REMOVE_MAX_RATE,7.64461054956256,6.34920634920635,-1.2954042003562103,2.1817880912924528,0.8863838909362425,5.462822458270107,RETROSPECTIVE_HISTORY_DIAGNOSTIC
2026-10-03,8480355,WINSOR_TOP_SOG_TO_SECOND_MAX,7.64461054956256,7.1349698462583895,-0.5096407033041706,2.1817880912924528,1.6721473879882822,5.462822458270107,RETROSPECTIVE_HISTORY_DIAGNOSTIC
2026-10-03,8480426,REMOVE_MAX_SOG,4.957585105210973,4.450213239384387,-0.5073718658265864,8.10166519708649,8.609037062913075,13.059250302297462,RETROSPECTIVE_HISTORY_DIAGNOSTIC
2026-10-03,8480426,REMOVE_MAX_RATE,4.957585105210973,4.403400403645037,-0.5541847015659362,8.10166519708649,8.655849898652425,13.059250302297462,RETROSPECTIVE_HISTORY_DIAGNOSTIC
2026-10-03,8480426,WINSOR_TOP_SOG_TO_SECOND_MAX,4.957585105210973,4.957585105210973,0.0,8.10166519708649,8.10166519708649,13.059250302297462,RETROSPECTIVE_HISTORY_DIAGNOSTIC
2026-10-03,8480448,REMOVE_MAX_SOG,4.7062514707035845,4.199107689615957,-0.5071437810876276,0.8394415888561091,0.3322978077684815,3.8668098818474754,RETROSPECTIVE_HISTORY_DIAGNOSTIC
2026-10-03,8480448,REMOVE_MAX_RATE,4.7062514707035845,4.199107689615957,-0.5071437810876276,0.8394415888561091,0.3322978077684815,3.8668098818474754,RETROSPECTIVE_HISTORY_DIAGNOSTIC
2026-10-03,8480448,WINSOR_TOP_SOG_TO_SECOND_MAX,4.7062514707035845,4.7062514707035845,0.0,0.8394415888561091,0.8394415888561091,3.8668098818474754,RETROSPECTIVE_HISTORY_DIAGNOSTIC
2026-10-03,8480459,REMOVE_MAX_SOG,4.518381597864038,3.1902772502848467,-1.3281043475791914,4.518381597864038,3.1902772502848467,0.0,RETROSPECTIVE_HISTORY_DIAGNOSTIC
2026-10-03,8480459,REMOVE_MAX_RATE,4.518381597864038,3.1902772502848467,-1.3281043475791914,4.518381597864038,3.1902772502848467,0.0,RETROSPECTIVE_HISTORY_DIAGNOSTIC
2026-10-03,8480459,WINSOR_TOP_SOG_TO_SECOND_MAX,4.518381597864038,3.6968576709796674,-0.8215239268843706,4.518381597864038,3.6968576709796674,0.0,RETROSPECTIVE_HISTORY_DIAGNOSTIC
2026-10-03,8480727,REMOVE_MAX_SOG,1.6189962223421477,1.4662039978495673,-0.15279222449258034,3.177805909569911,3.330598134062491,4.796802131912059,RETROSPECTIVE_HISTORY_DIAGNOSTIC
2026-10-03,8480727,REMOVE_MAX_RATE,1.6189962223421477,1.4662039978495673,-0.15279222449258034,3.177805909569911,3.330598134062491,4.796802131912059,RETROSPECTIVE_HISTORY_DIAGNOSTIC
2026-10-03,8480727,WINSOR_TOP_SOG_TO_SECOND_MAX,1.6189962223421477,1.6189962223421477,0.0,3.177805909569911,3.177805909569911,4.796802131912059,RETROSPECTIVE_HISTORY_DIAGNOSTIC
2026-10-03,8480748,REMOVE_MAX_SOG,4.09657997641363,3.320420586607637,-0.7761593898059931,6.058568119496102,6.834727509302095,10.155148095909732,RETROSPECTIVE_HISTORY_DIAGNOSTIC
2026-10-03,8480748,REMOVE_MAX_RATE,4.09657997641363,3.320420586607637,-0.7761593898059931,6.058568119496102,6.834727509302095,10.155148095909732,RETROSPECTIVE_HISTORY_DIAGNOSTIC
2026-10-03,8480748,WINSOR_TOP_SOG_TO_SECOND_MAX,4.09657997641363,3.724163614921482,-0.3724163614921481,6.058568119496102,6.430984480988251,10.155148095909732,RETROSPECTIVE_HISTORY_DIAGNOSTIC
2026-10-03,8480762,REMOVE_MAX_SOG,4.588910133843212,3.6011317842750583,-0.987778349568154,5.638362593429516,6.6261409429976705,10.227272727272728,RETROSPECTIVE_HISTORY_DIAGNOSTIC
2026-10-03,8480762,REMOVE_MAX_RATE,4.588910133843212,3.6011317842750583,-0.987778349568154,5.638362593429516,6.6261409429976705,10.227272727272728,RETROSPECTIVE_HISTORY_DIAGNOSTIC
2026-10-03,8480762,WINSOR_TOP_SOG_TO_SECOND_MAX,4.588910133843212,4.130019120458891,-0.4588910133843216,5.638362593429516,6.097253606813838,10.227272727272728,RETROSPECTIVE_HISTORY_DIAGNOSTIC
2026-10-03,8480796,REMOVE_MAX_SOG,2.4989587671803415,2.002670226969292,-0.4962885402110495,2.4989587671803415,2.002670226969292,0.0,RETROSPECTIVE_HISTORY_DIAGNOSTIC
2026-10-03,8480796,REMOVE_MAX_RATE,2.4989587671803415,2.002670226969292,-0.4962885402110495,2.4989587671803415,2.002670226969292,0.0,RETROSPECTIVE_HISTORY_DIAGNOSTIC
2026-10-03,8480796,WINSOR_TOP_SOG_TO_SECOND_MAX,2.4989587671803415,2.1419646575831495,-0.356994109597192,2.4989587671803415,2.1419646575831495,0.0,RETROSPECTIVE_HISTORY_DIAGNOSTIC
2026-10-03,8480797,REMOVE_MAX_SOG,5.701389713742725,5.177563889810821,-0.5238258239319045,1.5871039994570104,1.063278175525106,4.114285714285715,RETROSPECTIVE_HISTORY_DIAGNOSTIC
2026-10-03,8480797,REMOVE_MAX_RATE,5.701389713742725,5.117102932493604,-0.584286781249121,1.5871039994570104,1.0028172182078894,4.114285714285715,RETROSPECTIVE_HISTORY_DIAGNOSTIC
2026-10-03,8480797,WINSOR_TOP_SOG_TO_SECOND_MAX,5.701389713742725,5.701389713742725,0.0,1.5871039994570104,1.5871039994570104,4.114285714285715,RETROSPECTIVE_HISTORY_DIAGNOSTIC
2026-10-03,8480800,REMOVE_MAX_SOG,5.509844255069057,4.9031625398381955,-0.6066817152308612,5.212419333910839,5.8191010491417,10.722263588979896,RETROSPECTIVE_HISTORY_DIAGNOSTIC
2026-10-03,8480800,REMOVE_MAX_RATE,5.509844255069057,4.891570194032284,-0.6182740610367725,5.212419333910839,5.830693394947612,10.722263588979896,RETROSPECTIVE_HISTORY_DIAGNOSTIC
2026-10-03,8480800,WINSOR_TOP_SOG_TO_SECOND_MAX,5.509844255069057,5.509844255069057,0.0,5.212419333910839,5.212419333910839,10.722263588979896,RETROSPECTIVE_HISTORY_DIAGNOSTIC
2026-10-03,8480802,REMOVE_MAX_SOG,3.8524398785897733,3.079489318021428,-0.7729505605683453,1.1337097058977617,1.906660266466107,4.986149584487535,RETROSPECTIVE_HISTORY_DIAGNOSTIC
2026-10-03,8480802,REMOVE_MAX_RATE,3.8524398785897733,3.079489318021428,-0.7729505605683453,1.1337097058977617,1.906660266466107,4.986149584487535,RETROSPECTIVE_HISTORY_DIAGNOSTIC
2026-10-03,8480802,WINSOR_TOP_SOG_TO_SECOND_MAX,3.8524398785897733,3.502218071445249,-0.35022180714452444,1.1337097058977617,1.483931513042286,4.986149584487535,RETROSPECTIVE_HISTORY_DIAGNOSTIC
2026-10-03,8480803,REMOVE_MAX_SOG,6.503412284223203,5.639602542297019,-0.8638097419261843,2.0617096315396743,1.19789988961349,4.441702652683529,RETROSPECTIVE_HISTORY_DIAGNOSTIC
2026-10-03,8480803,REMOVE_MAX_RATE,6.503412284223203,5.639602542297019,-0.8638097419261843,2.0617096315396743,1.19789988961349,4.441702652683529,RETROSPECTIVE_HISTORY_DIAGNOSTIC
2026-10-03,8480803,WINSOR_TOP_SOG_TO_SECOND_MAX,6.503412284223203,6.02167804094741,-0.48173424327579273,2.0617096315396743,1.5799753882638816,4.441702652683529,RETROSPECTIVE_HISTORY_DIAGNOSTIC
2026-10-03,8480807,REMOVE_MAX_SOG,4.182433778131847,3.7798522421396257,-0.4025815359922209,1.7013862247204066,1.2988046887281857,2.48104755341144,RETROSPECTIVE_HISTORY_DIAGNOSTIC
2026-10-03,8480807,REMOVE_MAX_RATE,4.182433778131847,3.7609694943585468,-0.4214642837732998,1.7013862247204066,1.2799219409471068,2.48104755341144,RETROSPECTIVE_HISTORY_DIAGNOSTIC
2026-10-03,8480807,WINSOR_TOP_SOG_TO_SECOND_MAX,4.182433778131847,3.883688508265286,-0.29874526986656047,1.7013862247204066,1.402640954853846,2.48104755341144,RETROSPECTIVE_HISTORY_DIAGNOSTIC
2026-10-03,8480817,REMOVE_MAX_SOG,3.595298455865407,2.127444027960693,-1.4678544279047139,3.595298455865407,2.127444027960693,0.0,RETROSPECTIVE_HISTORY_DIAGNOSTIC
2026-10-03,8480817,REMOVE_MAX_RATE,3.595298455865407,2.127444027960693,-1.4678544279047139,3.595298455865407,2.127444027960693,0.0,RETROSPECTIVE_HISTORY_DIAGNOSTIC
2026-10-03,8480817,WINSOR_TOP_SOG_TO_SECOND_MAX,3.595298455865407,2.4890527771375894,-1.1062456787278174,3.595298455865407,2.4890527771375894,0.0,RETROSPECTIVE_HISTORY_DIAGNOSTIC
2026-10-03,8480829,REMOVE_MAX_SOG,3.6335323124837786,2.076304178562159,-1.5572281339216194,1.6683822677813178,3.2256104017029372,5.301914580265096,RETROSPECTIVE_HISTORY_DIAGNOSTIC
2026-10-03,8480829,REMOVE_MAX_RATE,3.6335323124837786,3.40522133938706,-0.22831097309671877,1.6683822677813178,1.8966932408780366,5.301914580265096,RETROSPECTIVE_HISTORY_DIAGNOSTIC
2026-10-03,8480829,WINSOR_TOP_SOG_TO_SECOND_MAX,3.6335323124837786,2.5953802232026995,-1.0381520892810792,1.6683822677813178,2.706534357062397,5.301914580265096,RETROSPECTIVE_HISTORY_DIAGNOSTIC
2026-10-03,8480830,REMOVE_MAX_SOG,11.142395015874918,10.198531411476747,-0.943863604398171,2.3155489093587285,3.2594125137568994,13.457943925233646,RETROSPECTIVE_HISTORY_DIAGNOSTIC
2026-10-03,8480830,REMOVE_MAX_RATE,11.142395015874918,10.28684470820969,-0.8555503076652275,2.3155489093587285,3.171099217023956,13.457943925233646,RETROSPECTIVE_HISTORY_DIAGNOSTIC
2026-10-03,8480830,WINSOR_TOP_SOG_TO_SECOND_MAX,11.142395015874918,10.782962918588632,-0.35943209728628567,2.3155489093587285,2.674981006645014,13.457943925233646,RETROSPECTIVE_HISTORY_DIAGNOSTIC
2026-10-03,8480834,REMOVE_MAX_SOG,1.556218389313967,1.3574660633484164,-0.1987523259655506,1.556218389313967,1.3574660633484164,0.0,RETROSPECTIVE_HISTORY_DIAGNOSTIC
2026-10-03,8480834,REMOVE_MAX_RATE,1.556218389313967,1.263246543617096,-0.29297184569687085,1.556218389313967,1.263246543617096,0.0,RETROSPECTIVE_HISTORY_DIAGNOSTIC
2026-10-03,8480834,WINSOR_TOP_SOG_TO_SECOND_MAX,1.556218389313967,1.556218389313967,0.0,1.556218389313967,1.556218389313967,0.0,RETROSPECTIVE_HISTORY_DIAGNOSTIC
2026-10-03,8480835,REMOVE_MAX_SOG,6.097560975609755,4.993065187239944,-1.1044957883698112,6.097560975609755,4.993065187239944,0.0,RETROSPECTIVE_HISTORY_DIAGNOSTIC
2026-10-03,8480835,REMOVE_MAX_RATE,6.097560975609755,4.993065187239944,-1.1044957883698112,6.097560975609755,4.993065187239944,0.0,RETROSPECTIVE_HISTORY_DIAGNOSTIC
2026-10-03,8480835,WINSOR_TOP_SOG_TO_SECOND_MAX,6.097560975609755,6.097560975609755,0.0,6.097560975609755,6.097560975609755,0.0,RETROSPECTIVE_HISTORY_DIAGNOSTIC
2026-10-03,8480839,REMOVE_MAX_SOG,5.690145702215709,5.242463958060289,-0.44768174415542017,1.4011215335032663,1.8488032776586865,7.091267235718975,RETROSPECTIVE_HISTORY_DIAGNOSTIC
2026-10-03,8480839,REMOVE_MAX_RATE,5.690145702215709,5.242463958060289,-0.44768174415542017,1.4011215335032663,1.8488032776586865,7.091267235718975,RETROSPECTIVE_HISTORY_DIAGNOSTIC
2026-10-03,8480839,WINSOR_TOP_SOG_TO_SECOND_MAX,5.690145702215709,5.431502715751359,-0.25864298646435024,1.4011215335032663,1.6597645199676165,7.091267235718975,RETROSPECTIVE_HISTORY_DIAGNOSTIC
2026-10-03,8480840,REMOVE_MAX_SOG,2.1830883423082517,1.4637716516223471,-0.7193166906859045,10.27365906253604,10.992975753221945,12.456747404844291,RETROSPECTIVE_HISTORY_DIAGNOSTIC
2026-10-03,8480840,REMOVE_MAX_RATE,2.1830883423082517,1.4637716516223471,-0.7193166906859045,10.27365906253604,10.992975753221945,12.456747404844291,RETROSPECTIVE_HISTORY_DIAGNOSTIC
2026-10-03,8480840,WINSOR_TOP_SOG_TO_SECOND_MAX,2.1830883423082517,1.7464706738466014,-0.4366176684616503,10.27365906253604,10.71027673099769,12.456747404844291,RETROSPECTIVE_HISTORY_DIAGNOSTIC
2026-10-03,8480842,REMOVE_MAX_SOG,8.611262985237836,7.267771973654327,-1.3434910115835095,8.611262985237836,7.267771973654327,0.0,RETROSPECTIVE_HISTORY_DIAGNOSTIC
2026-10-03,8480842,REMOVE_MAX_RATE,8.611262985237836,7.267771973654327,-1.3434910115835095,8.611262985237836,7.267771973654327,0.0,RETROSPECTIVE_HISTORY_DIAGNOSTIC
2026-10-03,8480842,WINSOR_TOP_SOG_TO_SECOND_MAX,8.611262985237836,8.201202843083653,-0.4100601421541832,8.611262985237836,8.201202843083653,0.0,RETROSPECTIVE_HISTORY_DIAGNOSTIC
2026-10-03,8480849,REMOVE_MAX_SOG,5.9940059940059935,4.749841671944268,-1.2441643220617253,5.9940059940059935,4.749841671944268,0.0,RETROSPECTIVE_HISTORY_DIAGNOSTIC
2026-10-03,8480849,REMOVE_MAX_RATE,5.9940059940059935,4.749841671944268,-1.2441643220617253,5.9940059940059935,4.749841671944268,0.0,RETROSPECTIVE_HISTORY_DIAGNOSTIC
2026-10-03,8480849,WINSOR_TOP_SOG_TO_SECOND_MAX,5.9940059940059935,5.565862708719851,-0.42814328528614265,5.9940059940059935,5.565862708719851,0.0,RETROSPECTIVE_HISTORY_DIAGNOSTIC
2026-10-03,8480855,REMOVE_MAX_SOG,4.123711340206185,3.091986601391394,-1.0317247388147912,4.123711340206185,3.091986601391394,0.0,RETROSPECTIVE_HISTORY_DIAGNOSTIC
2026-10-03,8480855,REMOVE_MAX_RATE,4.123711340206185,3.091986601391394,-1.0317247388147912,4.123711340206185,3.091986601391394,0.0,RETROSPECTIVE_HISTORY_DIAGNOSTIC
2026-10-03,8480855,WINSOR_TOP_SOG_TO_SECOND_MAX,4.123711340206185,3.6655211912943866,-0.45819014891179854,4.123711340206185,3.6655211912943866,0.0,RETROSPECTIVE_HISTORY_DIAGNOSTIC
2026-10-03,8480860,REMOVE_MAX_SOG,0.8718818115766529,0.3245348334054522,-0.5473469781712007,0.8718818115766529,0.3245348334054522,0.0,RETROSPECTIVE_HISTORY_DIAGNOSTIC
2026-10-03,8480860,REMOVE_MAX_RATE,0.8718818115766529,0.3245348334054522,-0.5473469781712007,0.8718818115766529,0.3245348334054522,0.0,RETROSPECTIVE_HISTORY_DIAGNOSTIC
2026-10-03,8480860,WINSOR_TOP_SOG_TO_SECOND_MAX,0.8718818115766529,0.5812545410511019,-0.29062727052555104,0.8718818115766529,0.5812545410511019,0.0,RETROSPECTIVE_HISTORY_DIAGNOSTIC
2026-10-03,8480865,REMOVE_MAX_SOG,3.8773176915046976,3.3641715727502106,-0.513146118754487,1.2761616221405356,0.7630155033860486,2.601156069364162,RETROSPECTIVE_HISTORY_DIAGNOSTIC
2026-10-03,8480865,REMOVE_MAX_RATE,3.8773176915046976,3.3641715727502106,-0.513146118754487,1.2761616221405356,0.7630155033860486,2.601156069364162,RETROSPECTIVE_HISTORY_DIAGNOSTIC
2026-10-03,8480865,WINSOR_TOP_SOG_TO_SECOND_MAX,3.8773176915046976,3.8773176915046976,0.0,1.2761616221405356,1.2761616221405356,2.601156069364162,RETROSPECTIVE_HISTORY_DIAGNOSTIC
2026-10-03,8480870,REMOVE_MAX_SOG,2.869440459110473,2.365930599369085,-0.5035098597413881,5.275355920980026,5.778865780721414,8.144796380090499,RETROSPECTIVE_HISTORY_DIAGNOSTIC
2026-10-03,8480870,REMOVE_MAX_RATE,2.869440459110473,2.365930599369085,-0.5035098597413881,5.275355920980026,5.778865780721414,8.144796380090499,RETROSPECTIVE_HISTORY_DIAGNOSTIC
2026-10-03,8480870,WINSOR_TOP_SOG_TO_SECOND_MAX,2.869440459110473,2.459520393523263,-0.4099200655872104,5.275355920980026,5.685275986567236,8.144796380090499,RETROSPECTIVE_HISTORY_DIAGNOSTIC
2026-10-03,8480878,REMOVE_MAX_SOG,1.8005041411595246,1.1900826446280992,-0.6104214965314254,4.509750021855375,5.120171518386801,6.3102541630149,RETROSPECTIVE_HISTORY_DIAGNOSTIC
2026-10-03,8480878,REMOVE_MAX_RATE,1.8005041411595246,1.1900826446280992,-0.6104214965314254,4.509750021855375,5.120171518386801,6.3102541630149,RETROSPECTIVE_HISTORY_DIAGNOSTIC
2026-10-03,8480878,WINSOR_TOP_SOG_TO_SECOND_MAX,1.8005041411595246,1.4404033129276197,-0.3601008282319049,4.509750021855375,4.86985085008728,6.3102541630149,RETROSPECTIVE_HISTORY_DIAGNOSTIC
2026-10-03,8480891,REMOVE_MAX_SOG,6.268282490597577,5.415162454873646,-0.853120035723931,6.268282490597577,5.415162454873646,0.0,RETROSPECTIVE_HISTORY_DIAGNOSTIC
2026-10-03,8480891,REMOVE_MAX_RATE,6.268282490597577,5.415162454873646,-0.853120035723931,6.268282490597577,5.415162454873646,0.0,RETROSPECTIVE_HISTORY_DIAGNOSTIC
2026-10-03,8480891,WINSOR_TOP_SOG_TO_SECOND_MAX,6.268282490597577,6.268282490597577,0.0,6.268282490597577,6.268282490597577,0.0,RETROSPECTIVE_HISTORY_DIAGNOSTIC
2026-10-03,8480893,REMOVE_MAX_SOG,8.151747922871925,7.708479327259986,-0.4432685956119391,1.9767908045185818,1.5335222089066427,6.174957118353343,RETROSPECTIVE_HISTORY_DIAGNOSTIC
2026-10-03,8480893,REMOVE_MAX_RATE,8.151747922871925,7.578802319572832,-0.5729456032990932,1.9767908045185818,1.4038452012194886,6.174957118353343,RETROSPECTIVE_HISTORY_DIAGNOSTIC
2026-10-03,8480893,WINSOR_TOP_SOG_TO_SECOND_MAX,8.151747922871925,8.151747922871925,0.0,1.9767908045185818,1.9767908045185818,6.174957118353343,RETROSPECTIVE_HISTORY_DIAGNOSTIC
2026-10-03,8480980,REMOVE_MAX_SOG,3.4606511150986927,2.9558730382152163,-0.5047780768834764,0.8558956474912351,1.3606737243747116,4.316546762589928,RETROSPECTIVE_HISTORY_DIAGNOSTIC
2026-10-03,8480980,REMOVE_MAX_RATE,3.4606511150986927,2.9558730382152163,-0.5047780768834764,0.8558956474912351,1.3606737243747116,4.316546762589928,RETROSPECTIVE_HISTORY_DIAGNOSTIC
2026-10-03,8480980,WINSOR_TOP_SOG_TO_SECOND_MAX,3.4606511150986927,3.4606511150986927,0.0,0.8558956474912351,0.8558956474912351,4.316546762589928,RETROSPECTIVE_HISTORY_DIAGNOSTIC
2026-10-03,8480990,REMOVE_MAX_SOG,3.0265907616920082,2.414681262073406,-0.6119094996186023,3.0265907616920082,2.414681262073406,0.0,RETROSPECTIVE_HISTORY_DIAGNOSTIC
2026-10-03,8480990,REMOVE_MAX_RATE,3.0265907616920082,2.3183925811437405,-0.7081981805482678,3.0265907616920082,2.3183925811437405,0.0,RETROSPECTIVE_HISTORY_DIAGNOSTIC
2026-10-03,8480990,WINSOR_TOP_SOG_TO_SECOND_MAX,3.0265907616920082,3.0265907616920082,0.0,3.0265907616920082,3.0265907616920082,0.0,RETROSPECTIVE_HISTORY_DIAGNOSTIC
2026-10-03,8480995,REMOVE_MAX_SOG,8.443818976372121,7.365578197888534,-1.078240778483587,8.443818976372121,7.365578197888534,0.0,RETROSPECTIVE_HISTORY_DIAGNOSTIC
2026-10-03,8480995,REMOVE_MAX_RATE,8.443818976372121,7.365578197888534,-1.078240778483587,8.443818976372121,7.365578197888534,0.0,RETROSPECTIVE_HISTORY_DIAGNOSTIC
2026-10-03,8480995,WINSOR_TOP_SOG_TO_SECOND_MAX,8.443818976372121,7.999407451299905,-0.4444115250722165,8.443818976372121,7.999407451299905,0.0,RETROSPECTIVE_HISTORY_DIAGNOSTIC
2026-10-03,8481013,REMOVE_MAX_SOG,5.810334094210417,4.955326976499737,-0.8550071177106799,6.351828067951744,7.206835185662424,12.162162162162161,RETROSPECTIVE_HISTORY_DIAGNOSTIC
2026-10-03,8481013,REMOVE_MAX_RATE,5.810334094210417,4.955326976499737,-0.8550071177106799,6.351828067951744,7.206835185662424,12.162162162162161,RETROSPECTIVE_HISTORY_DIAGNOSTIC
2026-10-03,8481013,WINSOR_TOP_SOG_TO_SECOND_MAX,5.810334094210417,5.810334094210417,0.0,6.351828067951744,6.351828067951744,12.162162162162161,RETROSPECTIVE_HISTORY_DIAGNOSTIC
2026-10-03,8481014,REMOVE_MAX_SOG,4.282218597063622,3.7604694889180106,-0.5217491081456114,4.282218597063622,3.7604694889180106,0.0,RETROSPECTIVE_HISTORY_DIAGNOSTIC
2026-10-03,8481014,REMOVE_MAX_RATE,4.282218597063622,3.7604694889180106,-0.5217491081456114,4.282218597063622,3.7604694889180106,0.0,RETROSPECTIVE_HISTORY_DIAGNOSTIC
2026-10-03,8481014,WINSOR_TOP_SOG_TO_SECOND_MAX,4.282218597063622,3.976345840130506,-0.3058727569331161,4.282218597063622,3.976345840130506,0.0,RETROSPECTIVE_HISTORY_DIAGNOSTIC
2026-10-03,8481024,REMOVE_MAX_SOG,7.757212847033205,6.951954271589679,-0.805258575443526,1.1456425990993209,0.3403840236557949,6.6115702479338845,RETROSPECTIVE_HISTORY_DIAGNOSTIC
2026-10-03,8481024,REMOVE_MAX_RATE,7.757212847033205,6.951954271589679,-0.805258575443526,1.1456425990993209,0.3403840236557949,6.6115702479338845,RETROSPECTIVE_HISTORY_DIAGNOSTIC
2026-10-03,8481024,WINSOR_TOP_SOG_TO_SECOND_MAX,7.757212847033205,7.757212847033205,0.0,1.1456425990993209,1.1456425990993209,6.6115702479338845,RETROSPECTIVE_HISTORY_DIAGNOSTIC
2026-10-03,8481028,REMOVE_MAX_SOG,4.023373886387584,3.270824247710423,-0.7525496386771611,5.563843157553827,6.316392796230988,9.587217043941411,RETROSPECTIVE_HISTORY_DIAGNOSTIC
2026-10-03,8481028,REMOVE_MAX_RATE,4.023373886387584,3.270824247710423,-0.7525496386771611,5.563843157553827,6.316392796230988,9.587217043941411,RETROSPECTIVE_HISTORY_DIAGNOSTIC
2026-10-03,8481028,WINSOR_TOP_SOG_TO_SECOND_MAX,4.023373886387584,3.448606188332215,-0.5747676980553691,5.563843157553827,6.138610855609196,9.587217043941411,RETROSPECTIVE_HISTORY_DIAGNOSTIC
2026-10-03,8481032,REMOVE_MAX_SOG,5.332385353714894,3.5999999999999996,-1.7323853537148945,1.072030324129095,0.6603550295857996,4.260355029585799,RETROSPECTIVE_HISTORY_DIAGNOSTIC
2026-10-03,8481032,REMOVE_MAX_RATE,5.332385353714894,3.5999999999999996,-1.7323853537148945,1.072030324129095,0.6603550295857996,4.260355029585799,RETROSPECTIVE_HISTORY_DIAGNOSTIC
2026-10-03,8481032,WINSOR_TOP_SOG_TO_SECOND_MAX,5.332385353714894,4.799146818343406,-0.5332385353714884,1.072030324129095,0.5387917887576066,4.260355029585799,RETROSPECTIVE_HISTORY_DIAGNOSTIC
2026-10-03,8481068,REMOVE_MAX_SOG,5.0410392296258,4.306323117777937,-0.7347161118478631,5.0410392296258,4.306323117777937,0.0,RETROSPECTIVE_HISTORY_DIAGNOSTIC
2026-10-03,8481068,REMOVE_MAX_RATE,5.0410392296258,4.212595661026469,-0.8284435685993303,5.0410392296258,4.212595661026469,0.0,RETROSPECTIVE_HISTORY_DIAGNOSTIC
2026-10-03,8481068,WINSOR_TOP_SOG_TO_SECOND_MAX,5.0410392296258,5.0410392296258,0.0,5.0410392296258,5.0410392296258,0.0,RETROSPECTIVE_HISTORY_DIAGNOSTIC
2026-10-03,8481161,REMOVE_MAX_SOG,3.3962264150943398,3.17225335730147,-0.22397305779286958,3.3962264150943398,3.17225335730147,0.0,RETROSPECTIVE_HISTORY_DIAGNOSTIC
2026-10-03,8481161,REMOVE_MAX_RATE,3.3962264150943398,2.993414488126122,-0.40281192696821755,3.3962264150943398,2.993414488126122,0.0,RETROSPECTIVE_HISTORY_DIAGNOSTIC
2026-10-03,8481161,WINSOR_TOP_SOG_TO_SECOND_MAX,3.3962264150943398,3.3962264150943398,0.0,3.3962264150943398,3.3962264150943398,0.0,RETROSPECTIVE_HISTORY_DIAGNOSTIC
2026-10-03,8481219,REMOVE_MAX_SOG,4.223121590709133,3.497182824946571,-0.725938765762562,0.6086637593838322,0.11727500637872978,3.614457831325301,RETROSPECTIVE_HISTORY_DIAGNOSTIC
2026-10-03,8481219,REMOVE_MAX_RATE,4.223121590709133,3.497182824946571,-0.725938765762562,0.6086637593838322,0.11727500637872978,3.614457831325301,RETROSPECTIVE_HISTORY_DIAGNOSTIC
2026-10-03,8481219,WINSOR_TOP_SOG_TO_SECOND_MAX,4.223121590709133,3.8711947914833718,-0.3519267992257613,0.6086637593838322,0.2567369601580709,3.614457831325301,RETROSPECTIVE_HISTORY_DIAGNOSTIC
2026-10-03,8481481,REMOVE_MAX_SOG,4.572853876532944,3.203416978109984,-1.3694368984229603,4.572853876532944,3.203416978109984,0.0,RETROSPECTIVE_HISTORY_DIAGNOSTIC
2026-10-03,8481481,REMOVE_MAX_RATE,4.572853876532944,3.203416978109984,-1.3694368984229603,4.572853876532944,3.203416978109984,0.0,RETROSPECTIVE_HISTORY_DIAGNOSTIC
2026-10-03,8481481,WINSOR_TOP_SOG_TO_SECOND_MAX,4.572853876532944,3.7414258989815004,-0.8314279775514439,4.572853876532944,3.7414258989815004,0.0,RETROSPECTIVE_HISTORY_DIAGNOSTIC
2026-10-03,8481522,REMOVE_MAX_SOG,6.661115736885928,6.08566747288757,-0.575448263998358,2.2815536930903066,1.7061054290919486,4.379562043795621,RETROSPECTIVE_HISTORY_DIAGNOSTIC
2026-10-03,8481522,REMOVE_MAX_RATE,6.661115736885928,6.08566747288757,-0.575448263998358,2.2815536930903066,1.7061054290919486,4.379562043795621,RETROSPECTIVE_HISTORY_DIAGNOSTIC
2026-10-03,8481522,WINSOR_TOP_SOG_TO_SECOND_MAX,6.661115736885928,6.244796003330557,-0.4163197335553708,2.2815536930903066,1.8652339595349359,4.379562043795621,RETROSPECTIVE_HISTORY_DIAGNOSTIC
2026-10-03,8481523,REMOVE_MAX_SOG,4.211265134234077,3.078185922429715,-1.1330792118043624,4.211265134234077,3.078185922429715,0.0,RETROSPECTIVE_HISTORY_DIAGNOSTIC
2026-10-03,8481523,REMOVE_MAX_RATE,4.211265134234077,3.078185922429715,-1.1330792118043624,4.211265134234077,3.078185922429715,0.0,RETROSPECTIVE_HISTORY_DIAGNOSTIC
2026-10-03,8481523,WINSOR_TOP_SOG_TO_SECOND_MAX,4.211265134234077,3.1584488506755575,-1.0528162835585197,4.211265134234077,3.1584488506755575,0.0,RETROSPECTIVE_HISTORY_DIAGNOSTIC
2026-10-03,8481527,REMOVE_MAX_SOG,3.6491417759156644,2.780781708635872,-0.8683600672797924,0.2497083481536242,0.6186517191261682,3.39943342776204,RETROSPECTIVE_HISTORY_DIAGNOSTIC
2026-10-03,8481527,REMOVE_MAX_RATE,3.6491417759156644,2.780781708635872,-0.8683600672797924,0.2497083481536242,0.6186517191261682,3.39943342776204,RETROSPECTIVE_HISTORY_DIAGNOSTIC
2026-10-03,8481527,WINSOR_TOP_SOG_TO_SECOND_MAX,3.6491417759156644,3.2436815785917017,-0.40546019732396266,0.2497083481536242,0.15575184917033846,3.39943342776204,RETROSPECTIVE_HISTORY_DIAGNOSTIC
2026-10-03,8481528,REMOVE_MAX_SOG,10.260957689384343,9.90667623833453,-0.3542814510498129,2.891459224696523,2.53717777364671,7.36949846468782,RETROSPECTIVE_HISTORY_DIAGNOSTIC
2026-10-03,8481528,REMOVE_MAX_RATE,10.260957689384343,9.74507450038839,-0.5158831889959536,2.891459224696523,2.3755760357005693,7.36949846468782,RETROSPECTIVE_HISTORY_DIAGNOSTIC
2026-10-03,8481528,WINSOR_TOP_SOG_TO_SECOND_MAX,10.260957689384343,10.260957689384343,0.0,2.891459224696523,2.891459224696523,7.36949846468782,RETROSPECTIVE_HISTORY_DIAGNOSTIC
2026-10-03,8481532,REMOVE_MAX_SOG,5.797101449275362,4.773744405768275,-1.0233570435070876,5.797101449275362,4.773744405768275,0.0,RETROSPECTIVE_HISTORY_DIAGNOSTIC
2026-10-03,8481532,REMOVE_MAX_RATE,5.797101449275362,4.773744405768275,-1.0233570435070876,5.797101449275362,4.773744405768275,0.0,RETROSPECTIVE_HISTORY_DIAGNOSTIC
2026-10-03,8481532,WINSOR_TOP_SOG_TO_SECOND_MAX,5.797101449275362,5.270092226613966,-0.5270092226613965,5.797101449275362,5.270092226613966,0.0,RETROSPECTIVE_HISTORY_DIAGNOSTIC
2026-10-03,8481533,REMOVE_MAX_SOG,5.255167581455097,4.313443565780014,-0.9417240156750823,5.255167581455097,4.313443565780014,0.0,RETROSPECTIVE_HISTORY_DIAGNOSTIC
2026-10-03,8481533,REMOVE_MAX_RATE,5.255167581455097,4.313443565780014,-0.9417240156750823,5.255167581455097,4.313443565780014,0.0,RETROSPECTIVE_HISTORY_DIAGNOSTIC
2026-10-03,8481533,WINSOR_TOP_SOG_TO_SECOND_MAX,5.255167581455097,5.255167581455097,0.0,5.255167581455097,5.255167581455097,0.0,RETROSPECTIVE_HISTORY_DIAGNOSTIC
2026-10-03,8481535,REMOVE_MAX_SOG,4.443712969058591,3.9080673676374804,-0.5356456014211108,5.8862726837391115,6.421918285160222,10.329985652797703,RETROSPECTIVE_HISTORY_DIAGNOSTIC
2026-10-03,8481535,REMOVE_MAX_RATE,4.443712969058591,4.189578423671119,-0.2541345453874726,5.8862726837391115,6.140407229126584,10.329985652797703,RETROSPECTIVE_HISTORY_DIAGNOSTIC
2026-10-03,8481535,WINSOR_TOP_SOG_TO_SECOND_MAX,4.443712969058591,4.443712969058591,0.0,5.8862726837391115,5.8862726837391115,10.329985652797703,RETROSPECTIVE_HISTORY_DIAGNOSTIC
2026-10-03,8481540,REMOVE_MAX_SOG,12.450411962160512,10.105263157894736,-2.3451488042657758,4.567200283328395,2.2220514790626194,7.883211678832117,RETROSPECTIVE_HISTORY_DIAGNOSTIC
2026-10-03,8481540,REMOVE_MAX_RATE,12.450411962160512,10.105263157894736,-2.3451488042657758,4.567200283328395,2.2220514790626194,7.883211678832117,RETROSPECTIVE_HISTORY_DIAGNOSTIC
2026-10-03,8481540,WINSOR_TOP_SOG_TO_SECOND_MAX,12.450411962160512,10.619469026548673,-1.830942935611839,4.567200283328395,2.736257347716556,7.883211678832117,RETROSPECTIVE_HISTORY_DIAGNOSTIC
2026-10-03,8481546,REMOVE_MAX_SOG,1.6187778227438283,1.190062974165716,-0.42871484857811226,1.6187778227438283,1.190062974165716,0.0,RETROSPECTIVE_HISTORY_DIAGNOSTIC
2026-10-03,8481546,REMOVE_MAX_RATE,1.6187778227438283,1.190062974165716,-0.42871484857811226,1.6187778227438283,1.190062974165716,0.0,RETROSPECTIVE_HISTORY_DIAGNOSTIC
2026-10-03,8481546,WINSOR_TOP_SOG_TO_SECOND_MAX,1.6187778227438283,1.3489815189531902,-0.2697963037906381,1.6187778227438283,1.3489815189531902,0.0,RETROSPECTIVE_HISTORY_DIAGNOSTIC
2026-10-03,8481553,REMOVE_MAX_SOG,5.505752805816333,4.783926008611066,-0.7218267972052672,0.18817525781042388,0.5336515393948433,5.317577548005909,RETROSPECTIVE_HISTORY_DIAGNOSTIC
2026-10-03,8481553,REMOVE_MAX_RATE,5.505752805816333,4.783926008611066,-0.7218267972052672,0.18817525781042388,0.5336515393948433,5.317577548005909,RETROSPECTIVE_HISTORY_DIAGNOSTIC
2026-10-03,8481553,WINSOR_TOP_SOG_TO_SECOND_MAX,5.505752805816333,5.082233359215077,-0.4235194466012562,0.18817525781042388,0.2353441887908323,5.317577548005909,RETROSPECTIVE_HISTORY_DIAGNOSTIC
2026-10-03,8481554,REMOVE_MAX_SOG,1.6403526758253024,1.3900687311761528,-0.2502839446491496,1.6403526758253024,1.3900687311761528,0.0,RETROSPECTIVE_HISTORY_DIAGNOSTIC
2026-10-03,8481554,REMOVE_MAX_RATE,1.6403526758253024,1.351554287430545,-0.28879838839475735,1.6403526758253024,1.351554287430545,0.0,RETROSPECTIVE_HISTORY_DIAGNOSTIC
2026-10-03,8481554,WINSOR_TOP_SOG_TO_SECOND_MAX,1.6403526758253024,1.6403526758253024,0.0,1.6403526758253024,1.6403526758253024,0.0,RETROSPECTIVE_HISTORY_DIAGNOSTIC
2026-10-03,8481557,REMOVE_MAX_SOG,11.02702702702703,9.926144756277695,-1.1008822707493344,2.2448623738946303,3.3457446446439647,13.27188940092166,RETROSPECTIVE_HISTORY_DIAGNOSTIC
2026-10-03,8481557,REMOVE_MAX_RATE,11.02702702702703,9.926144756277695,-1.1008822707493344,2.2448623738946303,3.3457446446439647,13.27188940092166,RETROSPECTIVE_HISTORY_DIAGNOSTIC
2026-10-03,8481557,WINSOR_TOP_SOG_TO_SECOND_MAX,11.02702702702703,10.702702702702705,-0.32432432432432456,2.2448623738946303,2.569186698218955,13.27188940092166,RETROSPECTIVE_HISTORY_DIAGNOSTIC
2026-10-03,8481559,REMOVE_MAX_SOG,10.919514081623367,10.297309575488365,-0.6222045061350023,2.3548828365797494,1.732678330444747,8.564631245043618,RETROSPECTIVE_HISTORY_DIAGNOSTIC
2026-10-03,8481559,REMOVE_MAX_RATE,10.919514081623367,10.297309575488365,-0.6222045061350023,2.3548828365797494,1.732678330444747,8.564631245043618,RETROSPECTIVE_HISTORY_DIAGNOSTIC
2026-10-03,8481559,WINSOR_TOP_SOG_TO_SECOND_MAX,10.919514081623367,10.646526229582783,-0.2729878520405844,2.3548828365797494,2.081894984539165,8.564631245043618,RETROSPECTIVE_HISTORY_DIAGNOSTIC
2026-10-03,8481568,REMOVE_MAX_SOG,3.5701889224971493,2.967848309975268,-0.6023406125218811,3.5701889224971493,2.967848309975268,0.0,RETROSPECTIVE_HISTORY_DIAGNOSTIC
2026-10-03,8481568,REMOVE_MAX_RATE,3.5701889224971493,2.967848309975268,-0.6023406125218811,3.5701889224971493,2.967848309975268,0.0,RETROSPECTIVE_HISTORY_DIAGNOSTIC
2026-10-03,8481568,WINSOR_TOP_SOG_TO_SECOND_MAX,3.5701889224971493,3.27267317895572,-0.29751574354142907,3.5701889224971493,3.27267317895572,0.0,RETROSPECTIVE_HISTORY_DIAGNOSTIC
2026-10-03,8481580,REMOVE_MAX_SOG,4.898574389248258,3.3524235228383854,-1.5461508664098722,2.9360284399138754,4.482179306323747,7.834602829162133,RETROSPECTIVE_HISTORY_DIAGNOSTIC
2026-10-03,8481580,REMOVE_MAX_RATE,4.898574389248258,3.3524235228383854,-1.5461508664098722,2.9360284399138754,4.482179306323747,7.834602829162133,RETROSPECTIVE_HISTORY_DIAGNOSTIC
2026-10-03,8481580,WINSOR_TOP_SOG_TO_SECOND_MAX,4.898574389248258,3.7681341455755826,-1.130440243672675,2.9360284399138754,4.0664686835865504,7.834602829162133,RETROSPECTIVE_HISTORY_DIAGNOSTIC
2026-10-03,8481581,REMOVE_MAX_SOG,5.257853919291943,4.671987541366557,-0.5858663779253863,0.6335764626445437,0.047710084719157386,4.624277456647399,RETROSPECTIVE_HISTORY_DIAGNOSTIC
2026-10-03,8481581,REMOVE_MAX_RATE,5.257853919291943,4.671987541366557,-0.5858663779253863,0.6335764626445437,0.047710084719157386,4.624277456647399,RETROSPECTIVE_HISTORY_DIAGNOSTIC
2026-10-03,8481581,WINSOR_TOP_SOG_TO_SECOND_MAX,5.257853919291943,4.994961223327346,-0.26289269596459697,0.6335764626445437,0.37068376667994674,4.624277456647399,RETROSPECTIVE_HISTORY_DIAGNOSTIC
2026-10-03,8481582,REMOVE_MAX_SOG,8.666137069401312,6.777472970792319,-1.8886640986089933,4.248959155290883,2.36029505668189,4.417177914110429,RETROSPECTIVE_HISTORY_DIAGNOSTIC
2026-10-03,8481582,REMOVE_MAX_RATE,8.666137069401312,6.777472970792319,-1.8886640986089933,4.248959155290883,2.36029505668189,4.417177914110429,RETROSPECTIVE_HISTORY_DIAGNOSTIC
2026-10-03,8481582,WINSOR_TOP_SOG_TO_SECOND_MAX,8.666137069401312,7.799523362461181,-0.8666137069401314,4.248959155290883,3.382345448350752,4.417177914110429,RETROSPECTIVE_HISTORY_DIAGNOSTIC
2026-10-03,8481593,REMOVE_MAX_SOG,3.561535417491096,2.374356944994064,-1.187178472497032,3.561535417491096,2.374356944994064,0.0,RETROSPECTIVE_HISTORY_DIAGNOSTIC
2026-10-03,8481593,REMOVE_MAX_RATE,3.561535417491096,3.0603322646458757,-0.5012031528452203,3.561535417491096,3.0603322646458757,0.0,RETROSPECTIVE_HISTORY_DIAGNOSTIC
2026-10-03,8481593,WINSOR_TOP_SOG_TO_SECOND_MAX,3.561535417491096,3.1658092599920855,-0.3957261574990105,3.561535417491096,3.1658092599920855,0.0,RETROSPECTIVE_HISTORY_DIAGNOSTIC
2026-10-03,8481596,REMOVE_MAX_SOG,6.559766763848398,5.870431197148648,-0.68933556669975,5.176174556445002,5.865510123144752,11.7359413202934,RETROSPECTIVE_HISTORY_DIAGNOSTIC
2026-10-03,8481596,REMOVE_MAX_RATE,6.559766763848398,5.870431197148648,-0.68933556669975,5.176174556445002,5.865510123144752,11.7359413202934,RETROSPECTIVE_HISTORY_DIAGNOSTIC
2026-10-03,8481596,WINSOR_TOP_SOG_TO_SECOND_MAX,6.559766763848398,6.19533527696793,-0.3644314868804672,5.176174556445002,5.540606043325469,11.7359413202934,RETROSPECTIVE_HISTORY_DIAGNOSTIC
2026-10-03,8481598,REMOVE_MAX_SOG,4.063664070436845,3.754151224912163,-0.30951284552468206,4.817914876931576,5.127427722456258,8.881578947368421,RETROSPECTIVE_HISTORY_DIAGNOSTIC
2026-10-03,8481598,REMOVE_MAX_RATE,4.063664070436845,3.63449979031732,-0.429164280119525,4.817914876931576,5.247079157051101,8.881578947368421,RETROSPECTIVE_HISTORY_DIAGNOSTIC
2026-10-03,8481598,WINSOR_TOP_SOG_TO_SECOND_MAX,4.063664070436845,4.063664070436845,0.0,4.817914876931576,4.817914876931576,8.881578947368421,RETROSPECTIVE_HISTORY_DIAGNOSTIC
2026-10-03,8481601,REMOVE_MAX_SOG,3.398663192477625,2.6227051330086173,-0.7759580594690076,0.1798656345601488,0.9558236940291565,3.5785288270377738,RETROSPECTIVE_HISTORY_DIAGNOSTIC
2026-10-03,8481601,REMOVE_MAX_RATE,3.398663192477625,2.6227051330086173,-0.7759580594690076,0.1798656345601488,0.9558236940291565,3.5785288270377738,RETROSPECTIVE_HISTORY_DIAGNOSTIC
2026-10-03,8481601,WINSOR_TOP_SOG_TO_SECOND_MAX,3.398663192477625,3.398663192477625,0.0,0.1798656345601488,0.1798656345601488,3.5785288270377738,RETROSPECTIVE_HISTORY_DIAGNOSTIC
2026-10-03,8481606,REMOVE_MAX_SOG,4.404639553663191,3.3759072750801775,-1.0287322785830137,0.9286937796701427,1.9574260582531564,5.333333333333334,RETROSPECTIVE_HISTORY_DIAGNOSTIC
2026-10-03,8481606,REMOVE_MAX_RATE,4.404639553663191,3.3759072750801775,-1.0287322785830137,0.9286937796701427,1.9574260582531564,5.333333333333334,RETROSPECTIVE_HISTORY_DIAGNOSTIC
2026-10-03,8481606,WINSOR_TOP_SOG_TO_SECOND_MAX,4.404639553663191,3.5237116429305533,-0.880927910732638,0.9286937796701427,1.8096216904027806,5.333333333333334,RETROSPECTIVE_HISTORY_DIAGNOSTIC
2026-10-03,8481617,REMOVE_MAX_SOG,11.72221893315967,10.359941559304026,-1.362277373855644,5.830238573094205,4.467961199238561,5.891980360065466,RETROSPECTIVE_HISTORY_DIAGNOSTIC
2026-10-03,8481617,REMOVE_MAX_RATE,11.72221893315967,10.359941559304026,-1.362277373855644,5.830238573094205,4.467961199238561,5.891980360065466,RETROSPECTIVE_HISTORY_DIAGNOSTIC
2026-10-03,8481617,WINSOR_TOP_SOG_TO_SECOND_MAX,11.72221893315967,11.367000177609377,-0.35521875555029325,5.830238573094205,5.475019817543911,5.891980360065466,RETROSPECTIVE_HISTORY_DIAGNOSTIC
2026-10-03,8481618,REMOVE_MAX_SOG,4.63743676222597,3.794266441821248,-0.8431703204047216,2.997770024624507,3.8409403450292285,7.6352067868504765,RETROSPECTIVE_HISTORY_DIAGNOSTIC
2026-10-03,8481618,REMOVE_MAX_RATE,4.63743676222597,4.199393420950307,-0.43804334127566236,2.997770024624507,3.4358133659001693,7.6352067868504765,RETROSPECTIVE_HISTORY_DIAGNOSTIC
2026-10-03,8481618,WINSOR_TOP_SOG_TO_SECOND_MAX,4.63743676222597,4.63743676222597,0.0,2.997770024624507,2.997770024624507,7.6352067868504765,RETROSPECTIVE_HISTORY_DIAGNOSTIC
2026-10-03,8481624,REMOVE_MAX_SOG,4.808581468466802,4.156275976724854,-0.6523054917419477,3.7935690691676083,4.445874560909556,8.60215053763441,RETROSPECTIVE_HISTORY_DIAGNOSTIC
2026-10-03,8481624,REMOVE_MAX_RATE,4.808581468466802,4.156275976724854,-0.6523054917419477,3.7935690691676083,4.445874560909556,8.60215053763441,RETROSPECTIVE_HISTORY_DIAGNOSTIC
2026-10-03,8481624,WINSOR_TOP_SOG_TO_SECOND_MAX,4.808581468466802,4.808581468466802,0.0,3.7935690691676083,3.7935690691676083,8.60215053763441,RETROSPECTIVE_HISTORY_DIAGNOSTIC
2026-10-03,8481656,REMOVE_MAX_SOG,8.000561442908277,7.129277566539924,-0.8712838763683521,8.000561442908277,7.129277566539924,0.0,RETROSPECTIVE_HISTORY_DIAGNOSTIC
2026-10-03,8481656,REMOVE_MAX_RATE,8.000561442908277,7.129277566539924,-0.8712838763683521,8.000561442908277,7.129277566539924,0.0,RETROSPECTIVE_HISTORY_DIAGNOSTIC
2026-10-03,8481656,WINSOR_TOP_SOG_TO_SECOND_MAX,8.000561442908277,7.1583970804968775,-0.842164362411399,8.000561442908277,7.1583970804968775,0.0,RETROSPECTIVE_HISTORY_DIAGNOSTIC
2026-10-03,8481711,REMOVE_MAX_SOG,3.184502089829497,2.735562310030395,-0.44893977979910193,5.31608822894264,5.765028008741742,8.500590318772137,RETROSPECTIVE_HISTORY_DIAGNOSTIC
2026-10-03,8481711,REMOVE_MAX_RATE,3.184502089829497,2.6422018348623855,-0.5423002549671114,5.31608822894264,5.858388483909751,8.500590318772137,RETROSPECTIVE_HISTORY_DIAGNOSTIC
2026-10-03,8481711,WINSOR_TOP_SOG_TO_SECOND_MAX,3.184502089829497,3.184502089829497,0.0,5.31608822894264,5.31608822894264,8.500590318772137,RETROSPECTIVE_HISTORY_DIAGNOSTIC
2026-10-03,8481716,REMOVE_MAX_SOG,4.528301886792454,3.194888178913738,-1.3334137078787154,0.1470227885322215,1.4804364964109369,4.675324675324675,RETROSPECTIVE_HISTORY_DIAGNOSTIC
2026-10-03,8481716,REMOVE_MAX_RATE,4.528301886792454,3.194888178913738,-1.3334137078787154,0.1470227885322215,1.4804364964109369,4.675324675324675,RETROSPECTIVE_HISTORY_DIAGNOSTIC
2026-10-03,8481716,WINSOR_TOP_SOG_TO_SECOND_MAX,4.528301886792454,3.962264150943397,-0.5660377358490565,0.1470227885322215,0.713060524381278,4.675324675324675,RETROSPECTIVE_HISTORY_DIAGNOSTIC
2026-10-03,8481721,REMOVE_MAX_SOG,10.219456272518833,9.163636363636364,-1.0558199088824693,2.4103456434515884,1.354525734569119,7.809110629067245,RETROSPECTIVE_HISTORY_DIAGNOSTIC
2026-10-03,8481721,REMOVE_MAX_RATE,10.219456272518833,9.163636363636364,-1.0558199088824693,2.4103456434515884,1.354525734569119,7.809110629067245,RETROSPECTIVE_HISTORY_DIAGNOSTIC
2026-10-03,8481721,WINSOR_TOP_SOG_TO_SECOND_MAX,10.219456272518833,10.219456272518833,0.0,2.4103456434515884,2.4103456434515884,7.809110629067245,RETROSPECTIVE_HISTORY_DIAGNOSTIC
2026-10-03,8481726,REMOVE_MAX_SOG,7.281553398058254,5.825242718446602,-1.4563106796116516,9.881736232454262,11.338046912065913,17.163289630512516,RETROSPECTIVE_HISTORY_DIAGNOSTIC
2026-10-03,8481726,REMOVE_MAX_RATE,7.281553398058254,6.4821066846725195,-0.7994467133857341,9.881736232454262,10.681182945839996,17.163289630512516,RETROSPECTIVE_HISTORY_DIAGNOSTIC
2026-10-03,8481726,WINSOR_TOP_SOG_TO_SECOND_MAX,7.281553398058254,7.281553398058254,0.0,9.881736232454262,9.881736232454262,17.163289630512516,RETROSPECTIVE_HISTORY_DIAGNOSTIC
2026-10-03,8481806,REMOVE_MAX_SOG,4.760393525864804,3.8336431226765795,-0.9267504031882243,1.258448000572975,0.3316975973847507,3.501945525291829,RETROSPECTIVE_HISTORY_DIAGNOSTIC
2026-10-03,8481806,REMOVE_MAX_RATE,4.760393525864804,3.8336431226765795,-0.9267504031882243,1.258448000572975,0.3316975973847507,3.501945525291829,RETROSPECTIVE_HISTORY_DIAGNOSTIC
2026-10-03,8481806,WINSOR_TOP_SOG_TO_SECOND_MAX,4.760393525864804,4.760393525864804,0.0,1.258448000572975,1.258448000572975,3.501945525291829,RETROSPECTIVE_HISTORY_DIAGNOSTIC
2026-10-03,8482055,REMOVE_MAX_SOG,6.5241029358463205,6.086427267194157,-0.43767566865216345,0.20486902677050267,0.6425446954226661,6.728971962616823,RETROSPECTIVE_HISTORY_DIAGNOSTIC
2026-10-03,8482055,REMOVE_MAX_RATE,6.5241029358463205,5.988422383392109,-0.5356805524542114,0.20486902677050267,0.7405495792247141,6.728971962616823,RETROSPECTIVE_HISTORY_DIAGNOSTIC
2026-10-03,8482055,WINSOR_TOP_SOG_TO_SECOND_MAX,6.5241029358463205,6.5241029358463205,0.0,0.20486902677050267,0.20486902677050267,6.728971962616823,RETROSPECTIVE_HISTORY_DIAGNOSTIC
2026-10-03,8482062,REMOVE_MAX_SOG,5.071422534020793,3.924133420536298,-1.147289113484495,5.071422534020793,3.924133420536298,0.0,RETROSPECTIVE_HISTORY_DIAGNOSTIC
2026-10-03,8482062,REMOVE_MAX_RATE,5.071422534020793,3.924133420536298,-1.147289113484495,5.071422534020793,3.924133420536298,0.0,RETROSPECTIVE_HISTORY_DIAGNOSTIC
2026-10-03,8482062,WINSOR_TOP_SOG_TO_SECOND_MAX,5.071422534020793,4.564280280618713,-0.5071422534020797,5.071422534020793,4.564280280618713,0.0,RETROSPECTIVE_HISTORY_DIAGNOSTIC
2026-10-03,8482072,REMOVE_MAX_SOG,5.253940455341506,4.226468257462358,-1.0274721978791481,5.253940455341506,4.226468257462358,0.0,RETROSPECTIVE_HISTORY_DIAGNOSTIC
2026-10-03,8482072,REMOVE_MAX_RATE,5.253940455341506,4.751722499406035,-0.5022179559354711,5.253940455341506,4.751722499406035,0.0,RETROSPECTIVE_HISTORY_DIAGNOSTIC
2026-10-03,8482072,WINSOR_TOP_SOG_TO_SECOND_MAX,5.253940455341506,4.378283712784589,-0.8756567425569166,5.253940455341506,4.378283712784589,0.0,RETROSPECTIVE_HISTORY_DIAGNOSTIC
2026-10-03,8482077,REMOVE_MAX_SOG,11.092851273623664,10.145772594752186,-0.9470786788714776,3.392316514265376,2.4452378353938986,7.700534759358288,RETROSPECTIVE_HISTORY_DIAGNOSTIC
2026-10-03,8482077,REMOVE_MAX_RATE,11.092851273623664,10.145772594752186,-0.9470786788714776,3.392316514265376,2.4452378353938986,7.700534759358288,RETROSPECTIVE_HISTORY_DIAGNOSTIC
2026-10-03,8482077,WINSOR_TOP_SOG_TO_SECOND_MAX,11.092851273623664,10.47658175842235,-0.6162695152013136,3.392316514265376,2.7760469990640626,7.700534759358288,RETROSPECTIVE_HISTORY_DIAGNOSTIC
2026-10-03,8482079,REMOVE_MAX_SOG,5.927475592747559,4.974172565525158,-0.9533030272224012,2.9498080989510327,1.9965050717286315,2.977667493796526,RETROSPECTIVE_HISTORY_DIAGNOSTIC
2026-10-03,8482079,REMOVE_MAX_RATE,5.927475592747559,4.974172565525158,-0.9533030272224012,2.9498080989510327,1.9965050717286315,2.977667493796526,RETROSPECTIVE_HISTORY_DIAGNOSTIC
2026-10-03,8482079,WINSOR_TOP_SOG_TO_SECOND_MAX,5.927475592747559,5.578800557880055,-0.3486750348675036,2.9498080989510327,2.601133064083529,2.977667493796526,RETROSPECTIVE_HISTORY_DIAGNOSTIC
2026-10-03,8482088,REMOVE_MAX_SOG,1.9374838543012138,1.2916188289322617,-0.6458650253689522,2.901225823118141,3.5470908484870933,4.838709677419355,RETROSPECTIVE_HISTORY_DIAGNOSTIC
2026-10-03,8482088,REMOVE_MAX_RATE,1.9374838543012138,1.2916188289322617,-0.6458650253689522,2.901225823118141,3.5470908484870933,4.838709677419355,RETROSPECTIVE_HISTORY_DIAGNOSTIC
2026-10-03,8482088,WINSOR_TOP_SOG_TO_SECOND_MAX,1.9374838543012138,1.5499870834409715,-0.38749677086024237,2.901225823118141,3.2887225939783837,4.838709677419355,RETROSPECTIVE_HISTORY_DIAGNOSTIC
2026-10-03,8482089,REMOVE_MAX_SOG,5.302515295717199,4.114285714285715,-1.188229581431484,0.9282747124851216,0.25995486894636244,4.374240583232077,RETROSPECTIVE_HISTORY_DIAGNOSTIC
2026-10-03,8482089,REMOVE_MAX_RATE,5.302515295717199,4.114285714285715,-1.188229581431484,0.9282747124851216,0.25995486894636244,4.374240583232077,RETROSPECTIVE_HISTORY_DIAGNOSTIC
2026-10-03,8482089,WINSOR_TOP_SOG_TO_SECOND_MAX,5.302515295717199,4.486743711760707,-0.8157715839564919,0.9282747124851216,0.11250312852862976,4.374240583232077,RETROSPECTIVE_HISTORY_DIAGNOSTIC
2026-10-03,8482094,REMOVE_MAX_SOG,2.5670802518183486,1.6522098306484925,-0.9148704211698562,1.6732024336940188,2.588072854863875,4.240282685512367,RETROSPECTIVE_HISTORY_DIAGNOSTIC
2026-10-03,8482094,REMOVE_MAX_RATE,2.5670802518183486,1.6522098306484925,-0.9148704211698562,1.6732024336940188,2.588072854863875,4.240282685512367,RETROSPECTIVE_HISTORY_DIAGNOSTIC
2026-10-03,8482094,WINSOR_TOP_SOG_TO_SECOND_MAX,2.5670802518183486,2.2003545015585844,-0.3667257502597643,1.6732024336940188,2.039928183953783,4.240282685512367,RETROSPECTIVE_HISTORY_DIAGNOSTIC
2026-10-03,8482095,REMOVE_MAX_SOG,5.048114844612715,3.6216575119212897,-1.4264573326914252,2.2852598944975955,0.8588025618061703,2.7628549501151194,RETROSPECTIVE_HISTORY_DIAGNOSTIC
2026-10-03,8482095,REMOVE_MAX_RATE,5.048114844612715,3.6216575119212897,-1.4264573326914252,2.2852598944975955,0.8588025618061703,2.7628549501151194,RETROSPECTIVE_HISTORY_DIAGNOSTIC
2026-10-03,8482095,WINSOR_TOP_SOG_TO_SECOND_MAX,5.048114844612715,4.101593311247831,-0.9465215333648835,2.2852598944975955,1.338738361132712,2.7628549501151194,RETROSPECTIVE_HISTORY_DIAGNOSTIC
2026-10-03,8482097,REMOVE_MAX_SOG,10.54481546572935,9.458128078817735,-1.0866873869116151,5.148297001576665,6.2349843884882805,15.693112467306015,RETROSPECTIVE_HISTORY_DIAGNOSTIC
2026-10-03,8482097,REMOVE_MAX_RATE,10.54481546572935,9.458128078817735,-1.0866873869116151,5.148297001576665,6.2349843884882805,15.693112467306015,RETROSPECTIVE_HISTORY_DIAGNOSTIC
2026-10-03,8482097,WINSOR_TOP_SOG_TO_SECOND_MAX,10.54481546572935,10.193321616871707,-0.35149384885764334,5.148297001576665,5.499790850434309,15.693112467306015,RETROSPECTIVE_HISTORY_DIAGNOSTIC
2026-10-03,8482105,REMOVE_MAX_SOG,7.2089711641153436,6.580587267560696,-0.6283838965546478,7.2089711641153436,6.580587267560696,0.0,RETROSPECTIVE_HISTORY_DIAGNOSTIC
2026-10-03,8482105,REMOVE_MAX_RATE,7.2089711641153436,6.79726221383054,-0.4117089502848037,7.2089711641153436,6.79726221383054,0.0,RETROSPECTIVE_HISTORY_DIAGNOSTIC
2026-10-03,8482105,WINSOR_TOP_SOG_TO_SECOND_MAX,7.2089711641153436,6.9419722321110715,-0.26699893200427205,7.2089711641153436,6.9419722321110715,0.0,RETROSPECTIVE_HISTORY_DIAGNOSTIC
2026-10-03,8482110,REMOVE_MAX_SOG,7.368127267652805,6.366246411184621,-1.0018808564681843,4.605265193544535,5.6071460500127195,11.97339246119734,RETROSPECTIVE_HISTORY_DIAGNOSTIC
2026-10-03,8482110,REMOVE_MAX_RATE,7.368127267652805,6.366246411184621,-1.0018808564681843,4.605265193544535,5.6071460500127195,11.97339246119734,RETROSPECTIVE_HISTORY_DIAGNOSTIC
2026-10-03,8482110,WINSOR_TOP_SOG_TO_SECOND_MAX,7.368127267652805,6.6982975160480045,-0.6698297516048006,4.605265193544535,5.275094945149336,11.97339246119734,RETROSPECTIVE_HISTORY_DIAGNOSTIC
2026-10-03,8482116,REMOVE_MAX_SOG,7.374027038099141,6.7241958982405015,-0.6498311398586392,2.122385900243561,1.4725547603849218,5.25164113785558,RETROSPECTIVE_HISTORY_DIAGNOSTIC
2026-10-03,8482116,REMOVE_MAX_RATE,7.374027038099141,6.7241958982405015,-0.6498311398586392,2.122385900243561,1.4725547603849218,5.25164113785558,RETROSPECTIVE_HISTORY_DIAGNOSTIC
2026-10-03,8482116,WINSOR_TOP_SOG_TO_SECOND_MAX,7.374027038099141,7.374027038099141,0.0,2.122385900243561,2.122385900243561,5.25164113785558,RETROSPECTIVE_HISTORY_DIAGNOSTIC
2026-10-03,8482124,REMOVE_MAX_SOG,7.223113964686998,5.3607326334599055,-1.862381331227093,3.3651213294306483,5.227502660657741,10.588235294117647,RETROSPECTIVE_HISTORY_DIAGNOSTIC
2026-10-03,8482124,REMOVE_MAX_RATE,7.223113964686998,5.3607326334599055,-1.862381331227093,3.3651213294306483,5.227502660657741,10.588235294117647,RETROSPECTIVE_HISTORY_DIAGNOSTIC
2026-10-03,8482124,WINSOR_TOP_SOG_TO_SECOND_MAX,7.223113964686998,5.718298555377207,-1.5048154093097912,3.3651213294306483,4.8699367387404395,10.588235294117647,RETROSPECTIVE_HISTORY_DIAGNOSTIC
2026-10-03,8482126,REMOVE_MAX_SOG,1.5683199372672025,0.856775667571041,-0.7115442696961616,1.5683199372672025,0.856775667571041,0.0,RETROSPECTIVE_HISTORY_DIAGNOSTIC
2026-10-03,8482126,REMOVE_MAX_RATE,1.5683199372672025,0.856775667571041,-0.7115442696961616,1.5683199372672025,0.856775667571041,0.0,RETROSPECTIVE_HISTORY_DIAGNOSTIC
2026-10-03,8482126,WINSOR_TOP_SOG_TO_SECOND_MAX,1.5683199372672025,1.1762399529504017,-0.3920799843168008,1.5683199372672025,1.1762399529504017,0.0,RETROSPECTIVE_HISTORY_DIAGNOSTIC
2026-10-03,8482142,REMOVE_MAX_SOG,4.315925766076823,3.550104889462643,-0.7658208766141805,4.315925766076823,3.550104889462643,0.0,RETROSPECTIVE_HISTORY_DIAGNOSTIC
2026-10-03,8482142,REMOVE_MAX_RATE,4.315925766076823,3.550104889462643,-0.7658208766141805,4.315925766076823,3.550104889462643,0.0,RETROSPECTIVE_HISTORY_DIAGNOSTIC
2026-10-03,8482142,WINSOR_TOP_SOG_TO_SECOND_MAX,4.315925766076823,4.315925766076823,0.0,4.315925766076823,4.315925766076823,0.0,RETROSPECTIVE_HISTORY_DIAGNOSTIC
2026-10-03,8482145,REMOVE_MAX_SOG,10.111097241293221,8.31658465590131,-1.7945125853919102,3.475152540832391,1.6806399554404807,6.63594470046083,RETROSPECTIVE_HISTORY_DIAGNOSTIC
2026-10-03,8482145,REMOVE_MAX_RATE,10.111097241293221,8.31658465590131,-1.7945125853919102,3.475152540832391,1.6806399554404807,6.63594470046083,RETROSPECTIVE_HISTORY_DIAGNOSTIC
2026-10-03,8482145,WINSOR_TOP_SOG_TO_SECOND_MAX,10.111097241293221,8.987641992260642,-1.1234552490325793,3.475152540832391,2.3516972917998116,6.63594470046083,RETROSPECTIVE_HISTORY_DIAGNOSTIC
2026-10-03,8482146,REMOVE_MAX_SOG,8.830869648684967,7.526132404181183,-1.3047372445037837,0.6845488535176756,1.9892860980214593,9.515418502202643,RETROSPECTIVE_HISTORY_DIAGNOSTIC
2026-10-03,8482146,REMOVE_MAX_RATE,8.830869648684967,7.526132404181183,-1.3047372445037837,0.6845488535176756,1.9892860980214593,9.515418502202643,RETROSPECTIVE_HISTORY_DIAGNOSTIC
2026-10-03,8482146,WINSOR_TOP_SOG_TO_SECOND_MAX,8.830869648684967,8.446918794394316,-0.3839508542906511,0.6845488535176756,1.0684997078083267,9.515418502202643,RETROSPECTIVE_HISTORY_DIAGNOSTIC
2026-10-03,8482148,REMOVE_MAX_SOG,4.3072505384063176,3.378061368114854,-0.9291891702914636,4.3072505384063176,3.378061368114854,0.0,RETROSPECTIVE_HISTORY_DIAGNOSTIC
2026-10-03,8482148,REMOVE_MAX_RATE,4.3072505384063176,3.378061368114854,-0.9291891702914636,4.3072505384063176,3.378061368114854,0.0,RETROSPECTIVE_HISTORY_DIAGNOSTIC
2026-10-03,8482148,WINSOR_TOP_SOG_TO_SECOND_MAX,4.3072505384063176,3.8286671452500594,-0.4785833931562582,4.3072505384063176,3.8286671452500594,0.0,RETROSPECTIVE_HISTORY_DIAGNOSTIC
2026-10-03,8482155,REMOVE_MAX_SOG,9.64581763376036,8.920402561756633,-0.7254150720037273,9.64581763376036,8.920402561756633,0.0,RETROSPECTIVE_HISTORY_DIAGNOSTIC
2026-10-03,8482155,REMOVE_MAX_RATE,9.64581763376036,8.920402561756633,-0.7254150720037273,9.64581763376036,8.920402561756633,0.0,RETROSPECTIVE_HISTORY_DIAGNOSTIC
2026-10-03,8482155,WINSOR_TOP_SOG_TO_SECOND_MAX,9.64581763376036,9.34438583270535,-0.3014318010550099,9.64581763376036,9.34438583270535,0.0,RETROSPECTIVE_HISTORY_DIAGNOSTIC
2026-10-03,8482159,REMOVE_MAX_SOG,7.201646090534981,6.5038576802907615,-0.6977884102442191,2.4154509709075835,3.1132393811518027,9.617097061442564,RETROSPECTIVE_HISTORY_DIAGNOSTIC
2026-10-03,8482159,REMOVE_MAX_RATE,7.201646090534981,6.389376096216488,-0.812269994318493,2.4154509709075835,3.2277209652260765,9.617097061442564,RETROSPECTIVE_HISTORY_DIAGNOSTIC
2026-10-03,8482159,WINSOR_TOP_SOG_TO_SECOND_MAX,7.201646090534981,7.201646090534981,0.0,2.4154509709075835,2.4154509709075835,9.617097061442564,RETROSPECTIVE_HISTORY_DIAGNOSTIC
2026-10-03,8482175,REMOVE_MAX_SOG,8.541189577273009,7.633048271962682,-0.9081413053103269,2.7253575901970803,1.8172162848867535,5.815831987075929,RETROSPECTIVE_HISTORY_DIAGNOSTIC
2026-10-03,8482175,REMOVE_MAX_RATE,8.541189577273009,7.779445885082572,-0.7617436921904375,2.7253575901970803,1.9636138980066429,5.815831987075929,RETROSPECTIVE_HISTORY_DIAGNOSTIC
2026-10-03,8482175,WINSOR_TOP_SOG_TO_SECOND_MAX,8.541189577273009,8.169833508695922,-0.3713560685770876,2.7253575901970803,2.3540015216199928,5.815831987075929,RETROSPECTIVE_HISTORY_DIAGNOSTIC
2026-10-03,8482176,REMOVE_MAX_SOG,2.2812603963689937,1.9364208487978054,-0.3448395475711883,2.2812603963689937,1.9364208487978054,0.0,RETROSPECTIVE_HISTORY_DIAGNOSTIC
2026-10-03,8482176,REMOVE_MAX_RATE,2.2812603963689937,1.9056693663649356,-0.37559103000405814,2.2812603963689937,1.9056693663649356,0.0,RETROSPECTIVE_HISTORY_DIAGNOSTIC
2026-10-03,8482176,WINSOR_TOP_SOG_TO_SECOND_MAX,2.2812603963689937,2.2812603963689937,0.0,2.2812603963689937,2.2812603963689937,0.0,RETROSPECTIVE_HISTORY_DIAGNOSTIC
2026-10-03,8482177,REMOVE_MAX_SOG,1.9683747785578376,0.44732721986132856,-1.521047558696509,2.7498427836964208,4.27089034239293,4.718217562254258,RETROSPECTIVE_HISTORY_DIAGNOSTIC
2026-10-03,8482177,REMOVE_MAX_RATE,1.9683747785578376,0.44732721986132856,-1.521047558696509,2.7498427836964208,4.27089034239293,4.718217562254258,RETROSPECTIVE_HISTORY_DIAGNOSTIC
2026-10-03,8482177,WINSOR_TOP_SOG_TO_SECOND_MAX,1.9683747785578376,0.787349911423135,-1.1810248671347026,2.7498427836964208,3.9308676508311233,4.718217562254258,RETROSPECTIVE_HISTORY_DIAGNOSTIC
2026-10-03,8482201,REMOVE_MAX_SOG,3.410598117855113,3.033586132177682,-0.3770119856774312,3.410598117855113,3.033586132177682,0.0,RETROSPECTIVE_HISTORY_DIAGNOSTIC
2026-10-03,8482201,REMOVE_MAX_RATE,3.410598117855113,2.9808374733853804,-0.4297606444697326,3.410598117855113,2.9808374733853804,0.0,RETROSPECTIVE_HISTORY_DIAGNOSTIC
2026-10-03,8482201,WINSOR_TOP_SOG_TO_SECOND_MAX,3.410598117855113,3.410598117855113,0.0,3.410598117855113,3.410598117855113,0.0,RETROSPECTIVE_HISTORY_DIAGNOSTIC
2026-10-03,8482259,REMOVE_MAX_SOG,11.578409671377491,9.959141981613893,-1.619267689763598,1.5598567956817568,0.05941089408184119,10.018552875695734,RETROSPECTIVE_HISTORY_DIAGNOSTIC
2026-10-03,8482259,REMOVE_MAX_RATE,11.578409671377491,9.959141981613893,-1.619267689763598,1.5598567956817568,0.05941089408184119,10.018552875695734,RETROSPECTIVE_HISTORY_DIAGNOSTIC
2026-10-03,8482259,WINSOR_TOP_SOG_TO_SECOND_MAX,11.578409671377491,10.216243827686021,-1.3621658436914696,1.5598567956817568,0.1976909519902872,10.018552875695734,RETROSPECTIVE_HISTORY_DIAGNOSTIC
2026-10-03,8482475,REMOVE_MAX_SOG,8.8208269525268,8.18833162743091,-0.6324953250958902,2.1479817254647067,1.5154864003688164,6.672845227062094,RETROSPECTIVE_HISTORY_DIAGNOSTIC
2026-10-03,8482475,REMOVE_MAX_RATE,8.8208269525268,8.18833162743091,-0.6324953250958902,2.1479817254647067,1.5154864003688164,6.672845227062094,RETROSPECTIVE_HISTORY_DIAGNOSTIC
2026-10-03,8482475,WINSOR_TOP_SOG_TO_SECOND_MAX,8.8208269525268,8.8208269525268,0.0,2.1479817254647067,2.1479817254647067,6.672845227062094,RETROSPECTIVE_HISTORY_DIAGNOSTIC
2026-10-03,8482476,REMOVE_MAX_SOG,5.213903743315508,4.087193460490463,-1.1267102828250453,1.5885260998109763,0.461815816985931,3.6253776435045317,RETROSPECTIVE_HISTORY_DIAGNOSTIC
2026-10-03,8482476,REMOVE_MAX_RATE,5.213903743315508,4.087193460490463,-1.1267102828250453,1.5885260998109763,0.461815816985931,3.6253776435045317,RETROSPECTIVE_HISTORY_DIAGNOSTIC
2026-10-03,8482476,WINSOR_TOP_SOG_TO_SECOND_MAX,5.213903743315508,4.81283422459893,-0.4010695187165778,1.5885260998109763,1.1874565810943984,3.6253776435045317,RETROSPECTIVE_HISTORY_DIAGNOSTIC
2026-10-03,8482482,REMOVE_MAX_SOG,3.436229311036023,2.7597082594125766,-0.6765210516234466,0.687482029170162,1.3640030807936085,4.123711340206185,RETROSPECTIVE_HISTORY_DIAGNOSTIC
2026-10-03,8482482,REMOVE_MAX_RATE,3.436229311036023,2.999812511718017,-0.4364167993180059,0.687482029170162,1.123898828488168,4.123711340206185,RETROSPECTIVE_HISTORY_DIAGNOSTIC
2026-10-03,8482482,WINSOR_TOP_SOG_TO_SECOND_MAX,3.436229311036023,3.0926063799324206,-0.34362293110360254,0.687482029170162,1.0311049602737645,4.123711340206185,RETROSPECTIVE_HISTORY_DIAGNOSTIC
2026-10-03,8482511,REMOVE_MAX_SOG,2.0234950255747286,1.9010202141816106,-0.122474811393118,2.0234950255747286,1.9010202141816106,0.0,RETROSPECTIVE_HISTORY_DIAGNOSTIC
2026-10-03,8482511,REMOVE_MAX_RATE,2.0234950255747286,1.8310546875,-0.1924403380747286,2.0234950255747286,1.8310546875,0.0,RETROSPECTIVE_HISTORY_DIAGNOSTIC
2026-10-03,8482511,WINSOR_TOP_SOG_TO_SECOND_MAX,2.0234950255747286,2.0234950255747286,0.0,2.0234950255747286,2.0234950255747286,0.0,RETROSPECTIVE_HISTORY_DIAGNOSTIC
2026-10-03,8482655,REMOVE_MAX_SOG,2.129385520178463,1.3570055411059596,-0.7723799790725034,2.129385520178463,1.3570055411059596,0.0,RETROSPECTIVE_HISTORY_DIAGNOSTIC
2026-10-03,8482655,REMOVE_MAX_RATE,2.129385520178463,1.3570055411059596,-0.7723799790725034,2.129385520178463,1.3570055411059596,0.0,RETROSPECTIVE_HISTORY_DIAGNOSTIC
2026-10-03,8482655,WINSOR_TOP_SOG_TO_SECOND_MAX,2.129385520178463,1.825187588724397,-0.30419793145406615,2.129385520178463,1.825187588724397,0.0,RETROSPECTIVE_HISTORY_DIAGNOSTIC
2026-10-03,8482659,REMOVE_MAX_SOG,5.8574682720468605,4.749910039582584,-1.1075582324642763,2.5425511449750373,1.434992912510761,3.314917127071823,RETROSPECTIVE_HISTORY_DIAGNOSTIC
2026-10-03,8482659,REMOVE_MAX_RATE,5.8574682720468605,4.749910039582584,-1.1075582324642763,2.5425511449750373,1.434992912510761,3.314917127071823,RETROSPECTIVE_HISTORY_DIAGNOSTIC
2026-10-03,8482659,WINSOR_TOP_SOG_TO_SECOND_MAX,5.8574682720468605,5.466970387243737,-0.3904978848031231,2.5425511449750373,2.1520532601719142,3.314917127071823,RETROSPECTIVE_HISTORY_DIAGNOSTIC
2026-10-03,8482660,REMOVE_MAX_SOG,5.94157451724707,5.2148720424915505,-0.7267024747555197,11.466549273855446,12.193251748610965,17.408123791102515,RETROSPECTIVE_HISTORY_DIAGNOSTIC
2026-10-03,8482660,REMOVE_MAX_RATE,5.94157451724707,5.362888809438685,-0.5786857078083854,11.466549273855446,12.04523498166383,17.408123791102515,RETROSPECTIVE_HISTORY_DIAGNOSTIC
2026-10-03,8482660,WINSOR_TOP_SOG_TO_SECOND_MAX,5.94157451724707,5.446443307476481,-0.4951312097705891,11.466549273855446,11.961680483626033,17.408123791102515,RETROSPECTIVE_HISTORY_DIAGNOSTIC
2026-10-03,8482665,REMOVE_MAX_SOG,3.6385688295936927,2.9977516862353233,-0.6408171433583694,0.08813924494046832,0.7289563882988377,3.726708074534161,RETROSPECTIVE_HISTORY_DIAGNOSTIC
2026-10-03,8482665,REMOVE_MAX_RATE,3.6385688295936927,2.9545734334605447,-0.683995396133148,0.08813924494046832,0.7721346410736163,3.726708074534161,RETROSPECTIVE_HISTORY_DIAGNOSTIC
2026-10-03,8482665,WINSOR_TOP_SOG_TO_SECOND_MAX,3.6385688295936927,3.6385688295936927,0.0,0.08813924494046832,0.08813924494046832,3.726708074534161,RETROSPECTIVE_HISTORY_DIAGNOSTIC
2026-10-03,8482667,REMOVE_MAX_SOG,6.226488519911791,5.279366476022878,-0.9471220438889132,8.52760984074395,9.474731884632861,14.754098360655739,RETROSPECTIVE_HISTORY_DIAGNOSTIC
2026-10-03,8482667,REMOVE_MAX_RATE,6.226488519911791,5.279366476022878,-0.9471220438889132,8.52760984074395,9.474731884632861,14.754098360655739,RETROSPECTIVE_HISTORY_DIAGNOSTIC
2026-10-03,8482667,WINSOR_TOP_SOG_TO_SECOND_MAX,6.226488519911791,5.837332987417303,-0.3891555324944873,8.52760984074395,8.916765373238436,14.754098360655739,RETROSPECTIVE_HISTORY_DIAGNOSTIC
2026-10-03,8482671,REMOVE_MAX_SOG,3.31858407079646,3.0490903547108448,-0.269493716085615,0.9376316898440789,0.6681379737584638,2.380952380952381,RETROSPECTIVE_HISTORY_DIAGNOSTIC
2026-10-03,8482671,REMOVE_MAX_RATE,3.31858407079646,3.039667663002178,-0.2789164077942816,0.9376316898440789,0.6587152820497972,2.380952380952381,RETROSPECTIVE_HISTORY_DIAGNOSTIC
2026-10-03,8482671,WINSOR_TOP_SOG_TO_SECOND_MAX,3.31858407079646,3.31858407079646,0.0,0.9376316898440789,0.9376316898440789,2.380952380952381,RETROSPECTIVE_HISTORY_DIAGNOSTIC
2026-10-03,8482679,REMOVE_MAX_SOG,8.516415699827206,7.563554870789272,-0.9528608290379346,4.944987128398635,3.9921262993607005,3.571428571428571,RETROSPECTIVE_HISTORY_DIAGNOSTIC
2026-10-03,8482679,REMOVE_MAX_RATE,8.516415699827206,7.563554870789272,-0.9528608290379346,4.944987128398635,3.9921262993607005,3.571428571428571,RETROSPECTIVE_HISTORY_DIAGNOSTIC
2026-10-03,8482679,WINSOR_TOP_SOG_TO_SECOND_MAX,8.516415699827206,7.775857812885708,-0.7405578869414979,4.944987128398635,4.204429241457137,3.571428571428571,RETROSPECTIVE_HISTORY_DIAGNOSTIC
2026-10-03,8482684,REMOVE_MAX_SOG,5.0190304906102305,4.189749080582841,-0.8292814100273898,3.2822761965534877,4.111557606580877,8.301306687163718,RETROSPECTIVE_HISTORY_DIAGNOSTIC
2026-10-03,8482684,REMOVE_MAX_RATE,5.0190304906102305,4.189749080582841,-0.8292814100273898,3.2822761965534877,4.111557606580877,8.301306687163718,RETROSPECTIVE_HISTORY_DIAGNOSTIC
2026-10-03,8482684,WINSOR_TOP_SOG_TO_SECOND_MAX,5.0190304906102305,4.7680789660797185,-0.25095152453051206,3.2822761965534877,3.5332277210839997,8.301306687163718,RETROSPECTIVE_HISTORY_DIAGNOSTIC
2026-10-03,8482691,REMOVE_MAX_SOG,6.090419301944249,5.085176709890668,-1.0052425920535812,12.856949119108382,13.862191711161962,18.94736842105263,RETROSPECTIVE_HISTORY_DIAGNOSTIC
2026-10-03,8482691,REMOVE_MAX_RATE,6.090419301944249,5.085176709890668,-1.0052425920535812,12.856949119108382,13.862191711161962,18.94736842105263,RETROSPECTIVE_HISTORY_DIAGNOSTIC
2026-10-03,8482691,WINSOR_TOP_SOG_TO_SECOND_MAX,6.090419301944249,6.090419301944249,0.0,12.856949119108382,12.856949119108382,18.94736842105263,RETROSPECTIVE_HISTORY_DIAGNOSTIC
2026-10-03,8482699,REMOVE_MAX_SOG,10.437710437710436,9.480470231323471,-0.9572402063869649,7.3664438649601856,8.32368407134715,17.80415430267062,RETROSPECTIVE_HISTORY_DIAGNOSTIC
2026-10-03,8482699,REMOVE_MAX_RATE,10.437710437710436,9.532538955087075,-0.905171482623361,7.3664438649601856,8.271615347583547,17.80415430267062,RETROSPECTIVE_HISTORY_DIAGNOSTIC
2026-10-03,8482699,WINSOR_TOP_SOG_TO_SECOND_MAX,10.437710437710436,10.101010101010099,-0.3367003367003374,7.3664438649601856,7.703144201660523,17.80415430267062,RETROSPECTIVE_HISTORY_DIAGNOSTIC
2026-10-03,8482700,REMOVE_MAX_SOG,1.7450991798033852,1.5875115756052387,-0.15758760419814655,5.754900820196615,5.912488424394761,7.5,RETROSPECTIVE_HISTORY_DIAGNOSTIC
2026-10-03,8482700,REMOVE_MAX_RATE,1.7450991798033852,1.5273976961751417,-0.2177014836282436,5.754900820196615,5.972602303824859,7.5,RETROSPECTIVE_HISTORY_DIAGNOSTIC
2026-10-03,8482700,WINSOR_TOP_SOG_TO_SECOND_MAX,1.7450991798033852,1.7450991798033852,0.0,5.754900820196615,5.754900820196615,7.5,RETROSPECTIVE_HISTORY_DIAGNOSTIC
2026-10-03,8482702,REMOVE_MAX_SOG,10.186116700201207,7.545271629778673,-2.640845070422534,3.7944658240706364,6.4353108944931705,13.980582524271844,RETROSPECTIVE_HISTORY_DIAGNOSTIC
2026-10-03,8482702,REMOVE_MAX_RATE,10.186116700201207,9.97851846718869,-0.2075982330125168,3.7944658240706364,4.002064057083153,13.980582524271844,RETROSPECTIVE_HISTORY_DIAGNOSTIC
2026-10-03,8482702,WINSOR_TOP_SOG_TO_SECOND_MAX,10.186116700201207,9.054325955734408,-1.1317907444667998,3.7944658240706364,4.926256568537436,13.980582524271844,RETROSPECTIVE_HISTORY_DIAGNOSTIC
2026-10-03,8482703,REMOVE_MAX_SOG,5.2128583840139004,4.1551246537396125,-1.057733730274288,0.43198188998999587,0.6257518402842921,4.780876494023905,RETROSPECTIVE_HISTORY_DIAGNOSTIC
2026-10-03,8482703,REMOVE_MAX_RATE,5.2128583840139004,4.1551246537396125,-1.057733730274288,0.43198188998999587,0.6257518402842921,4.780876494023905,RETROSPECTIVE_HISTORY_DIAGNOSTIC
2026-10-03,8482703,WINSOR_TOP_SOG_TO_SECOND_MAX,5.2128583840139004,4.691572545612511,-0.5212858384013899,0.43198188998999587,0.089303948411394,4.780876494023905,RETROSPECTIVE_HISTORY_DIAGNOSTIC
2026-10-03,8482705,REMOVE_MAX_SOG,5.897771952817824,4.88093477296258,-1.0168371798552442,3.0909920921259966,4.107829271981241,8.98876404494382,RETROSPECTIVE_HISTORY_DIAGNOSTIC
2026-10-03,8482705,REMOVE_MAX_RATE,5.897771952817824,4.88093477296258,-1.0168371798552442,3.0909920921259966,4.107829271981241,8.98876404494382,RETROSPECTIVE_HISTORY_DIAGNOSTIC
2026-10-03,8482705,WINSOR_TOP_SOG_TO_SECOND_MAX,5.897771952817824,5.5045871559633035,-0.3931847968545208,3.0909920921259966,3.4841768889805174,8.98876404494382,RETROSPECTIVE_HISTORY_DIAGNOSTIC
2026-10-03,8482713,REMOVE_MAX_SOG,7.994923857868021,6.5440267577982985,-1.4508971000697226,7.994923857868021,6.5440267577982985,0.0,RETROSPECTIVE_HISTORY_DIAGNOSTIC
2026-10-03,8482713,REMOVE_MAX_RATE,7.994923857868021,6.5440267577982985,-1.4508971000697226,7.994923857868021,6.5440267577982985,0.0,RETROSPECTIVE_HISTORY_DIAGNOSTIC
2026-10-03,8482713,WINSOR_TOP_SOG_TO_SECOND_MAX,7.994923857868021,6.85279187817259,-1.1421319796954315,7.994923857868021,6.85279187817259,0.0,RETROSPECTIVE_HISTORY_DIAGNOSTIC
2026-10-03,8482720,REMOVE_MAX_SOG,4.6375531386297135,3.6357025995273586,-1.0018505391023549,1.2540944920131722,0.25224395291081736,3.3834586466165413,RETROSPECTIVE_HISTORY_DIAGNOSTIC
2026-10-03,8482720,REMOVE_MAX_RATE,4.6375531386297135,3.6357025995273586,-1.0018505391023549,1.2540944920131722,0.25224395291081736,3.3834586466165413,RETROSPECTIVE_HISTORY_DIAGNOSTIC
2026-10-03,8482720,WINSOR_TOP_SOG_TO_SECOND_MAX,4.6375531386297135,3.9750455473968977,-0.6625075912328158,1.2540944920131722,0.5915869007803565,3.3834586466165413,RETROSPECTIVE_HISTORY_DIAGNOSTIC
2026-10-03,8482730,REMOVE_MAX_SOG,5.276013678553981,4.664852557338813,-0.6111611212151677,9.193439697651804,9.804600818866973,14.469453376205786,RETROSPECTIVE_HISTORY_DIAGNOSTIC
2026-10-03,8482730,REMOVE_MAX_RATE,5.276013678553981,4.664852557338813,-0.6111611212151677,9.193439697651804,9.804600818866973,14.469453376205786,RETROSPECTIVE_HISTORY_DIAGNOSTIC
2026-10-03,8482730,WINSOR_TOP_SOG_TO_SECOND_MAX,5.276013678553981,4.982901807523204,-0.29311187103077696,9.193439697651804,9.486551568682582,14.469453376205786,RETROSPECTIVE_HISTORY_DIAGNOSTIC
2026-10-03,8482737,REMOVE_MAX_SOG,5.0110090350011385,4.158004158004157,-0.8530048769969811,5.0110090350011385,4.158004158004157,0.0,RETROSPECTIVE_HISTORY_DIAGNOSTIC
2026-10-03,8482737,REMOVE_MAX_RATE,5.0110090350011385,4.158004158004157,-0.8530048769969811,5.0110090350011385,4.158004158004157,0.0,RETROSPECTIVE_HISTORY_DIAGNOSTIC
2026-10-03,8482737,WINSOR_TOP_SOG_TO_SECOND_MAX,5.0110090350011385,4.555462759091943,-0.45554627590919505,5.0110090350011385,4.555462759091943,0.0,RETROSPECTIVE_HISTORY_DIAGNOSTIC
2026-10-03,8482740,REMOVE_MAX_SOG,8.767509825657564,8.08262236192187,-0.684887463735695,3.512035373102819,2.827147909367124,5.255474452554745,RETROSPECTIVE_HISTORY_DIAGNOSTIC
2026-10-03,8482740,REMOVE_MAX_RATE,8.767509825657564,8.08262236192187,-0.684887463735695,3.512035373102819,2.827147909367124,5.255474452554745,RETROSPECTIVE_HISTORY_DIAGNOSTIC
2026-10-03,8482740,WINSOR_TOP_SOG_TO_SECOND_MAX,8.767509825657564,8.767509825657564,0.0,3.512035373102819,3.512035373102819,5.255474452554745,RETROSPECTIVE_HISTORY_DIAGNOSTIC
2026-10-03,8482745,REMOVE_MAX_SOG,11.191620632757013,10.345676984974135,-0.8459436477828781,0.8485131465072016,1.6944567942900797,12.040133779264215,RETROSPECTIVE_HISTORY_DIAGNOSTIC
2026-10-03,8482745,REMOVE_MAX_RATE,11.191620632757013,10.345676984974135,-0.8459436477828781,0.8485131465072016,1.6944567942900797,12.040133779264215,RETROSPECTIVE_HISTORY_DIAGNOSTIC
2026-10-03,8482745,WINSOR_TOP_SOG_TO_SECOND_MAX,11.191620632757013,10.33072673792955,-0.8608938948274627,0.8485131465072016,1.7094070413346643,12.040133779264215,RETROSPECTIVE_HISTORY_DIAGNOSTIC
2026-10-03,8482747,REMOVE_MAX_SOG,4.914004914004915,4.212990052662376,-0.7010148613425384,0.8002808002807988,1.5012956616233373,5.7142857142857135,RETROSPECTIVE_HISTORY_DIAGNOSTIC
2026-10-03,8482747,REMOVE_MAX_RATE,4.914004914004915,4.338842975206612,-0.5751619387983027,0.8002808002807988,1.3754427390791015,5.7142857142857135,RETROSPECTIVE_HISTORY_DIAGNOSTIC
2026-10-03,8482747,WINSOR_TOP_SOG_TO_SECOND_MAX,4.914004914004915,4.914004914004915,0.0,0.8002808002807988,0.8002808002807988,5.7142857142857135,RETROSPECTIVE_HISTORY_DIAGNOSTIC
2026-10-03,8482751,REMOVE_MAX_SOG,9.212730318257957,8.286656947748023,-0.9260733705099344,3.9649169071792407,3.0388435366693063,5.247813411078717,RETROSPECTIVE_HISTORY_DIAGNOSTIC
2026-10-03,8482751,REMOVE_MAX_RATE,9.212730318257957,8.286656947748023,-0.9260733705099344,3.9649169071792407,3.0388435366693063,5.247813411078717,RETROSPECTIVE_HISTORY_DIAGNOSTIC
2026-10-03,8482751,WINSOR_TOP_SOG_TO_SECOND_MAX,9.212730318257957,9.212730318257957,0.0,3.9649169071792407,3.9649169071792407,5.247813411078717,RETROSPECTIVE_HISTORY_DIAGNOSTIC
2026-10-03,8482768,REMOVE_MAX_SOG,4.908522980812137,4.02583242472532,-0.8826905560868168,3.047278124160238,3.929968680247055,7.955801104972375,RETROSPECTIVE_HISTORY_DIAGNOSTIC
2026-10-03,8482768,REMOVE_MAX_RATE,4.908522980812137,4.02583242472532,-0.8826905560868168,3.047278124160238,3.929968680247055,7.955801104972375,RETROSPECTIVE_HISTORY_DIAGNOSTIC
2026-10-03,8482768,WINSOR_TOP_SOG_TO_SECOND_MAX,4.908522980812137,4.462293618920125,-0.4462293618920121,3.047278124160238,3.49350748605225,7.955801104972375,RETROSPECTIVE_HISTORY_DIAGNOSTIC
2026-10-03,8482784,REMOVE_MAX_SOG,7.555406312961718,6.727714445897963,-0.8276918670637556,7.555406312961718,6.727714445897963,0.0,RETROSPECTIVE_HISTORY_DIAGNOSTIC
2026-10-03,8482784,REMOVE_MAX_RATE,7.555406312961718,6.727714445897963,-0.8276918670637556,7.555406312961718,6.727714445897963,0.0,RETROSPECTIVE_HISTORY_DIAGNOSTIC
2026-10-03,8482784,WINSOR_TOP_SOG_TO_SECOND_MAX,7.555406312961718,7.051712558764271,-0.5036937541974478,7.555406312961718,7.051712558764271,0.0,RETROSPECTIVE_HISTORY_DIAGNOSTIC
2026-10-03,8482803,REMOVE_MAX_SOG,4.990548204158791,3.5404197926325547,-1.450128411526236,1.1237383223113153,0.32639008921492074,3.8668098818474754,RETROSPECTIVE_HISTORY_DIAGNOSTIC
2026-10-03,8482803,REMOVE_MAX_RATE,4.990548204158791,3.5404197926325547,-1.450128411526236,1.1237383223113153,0.32639008921492074,3.8668098818474754,RETROSPECTIVE_HISTORY_DIAGNOSTIC
2026-10-03,8482803,WINSOR_TOP_SOG_TO_SECOND_MAX,4.990548204158791,4.083175803402646,-0.9073724007561443,1.1237383223113153,0.21636592155517098,3.8668098818474754,RETROSPECTIVE_HISTORY_DIAGNOSTIC
2026-10-03,8482806,REMOVE_MAX_SOG,0.0,,,4.897959183673469,,4.897959183673469,RETROSPECTIVE_HISTORY_DIAGNOSTIC
2026-10-03,8482806,REMOVE_MAX_RATE,0.0,,,4.897959183673469,,4.897959183673469,RETROSPECTIVE_HISTORY_DIAGNOSTIC
2026-10-03,8482806,WINSOR_TOP_SOG_TO_SECOND_MAX,0.0,0.0,0.0,4.897959183673469,4.897959183673469,4.897959183673469,RETROSPECTIVE_HISTORY_DIAGNOSTIC
2026-10-03,8482807,REMOVE_MAX_SOG,3.2985156679494225,2.440843447013357,-0.8576722209360654,3.2985156679494225,2.440843447013357,0.0,RETROSPECTIVE_HISTORY_DIAGNOSTIC
2026-10-03,8482807,REMOVE_MAX_RATE,3.2985156679494225,2.440843447013357,-0.8576722209360654,3.2985156679494225,2.440843447013357,0.0,RETROSPECTIVE_HISTORY_DIAGNOSTIC
2026-10-03,8482807,WINSOR_TOP_SOG_TO_SECOND_MAX,3.2985156679494225,2.9320139270661536,-0.3665017408832689,3.2985156679494225,2.9320139270661536,0.0,RETROSPECTIVE_HISTORY_DIAGNOSTIC
2026-10-03,8482809,REMOVE_MAX_SOG,8.31496062992126,7.408423652078475,-0.9065369778427845,1.9035625889595487,0.9970256111167641,6.411398040961711,RETROSPECTIVE_HISTORY_DIAGNOSTIC
2026-10-03,8482809,REMOVE_MAX_RATE,8.31496062992126,7.408423652078475,-0.9065369778427845,1.9035625889595487,0.9970256111167641,6.411398040961711,RETROSPECTIVE_HISTORY_DIAGNOSTIC
2026-10-03,8482809,WINSOR_TOP_SOG_TO_SECOND_MAX,8.31496062992126,7.937007874015748,-0.37795275590551114,1.9035625889595487,1.5256098330540375,6.411398040961711,RETROSPECTIVE_HISTORY_DIAGNOSTIC
2026-10-03,8482858,REMOVE_MAX_SOG,1.7366973804814512,1.322022694722926,-0.41467468575852506,4.562515217943745,4.97718990370227,6.299212598425196,RETROSPECTIVE_HISTORY_DIAGNOSTIC
2026-10-03,8482858,REMOVE_MAX_RATE,1.7366973804814512,1.2996155304055883,-0.43708185007586287,4.562515217943745,4.999597068019608,6.299212598425196,RETROSPECTIVE_HISTORY_DIAGNOSTIC
2026-10-03,8482858,WINSOR_TOP_SOG_TO_SECOND_MAX,1.7366973804814512,1.7366973804814512,0.0,4.562515217943745,4.562515217943745,6.299212598425196,RETROSPECTIVE_HISTORY_DIAGNOSTIC
2026-10-03,8482859,REMOVE_MAX_SOG,3.1430068098480874,1.8535681186283592,-1.2894386912197282,14.446569737383184,15.736008428602911,17.58957654723127,RETROSPECTIVE_HISTORY_DIAGNOSTIC
2026-10-03,8482859,REMOVE_MAX_RATE,3.1430068098480874,1.8535681186283592,-1.2894386912197282,14.446569737383184,15.736008428602911,17.58957654723127,RETROSPECTIVE_HISTORY_DIAGNOSTIC
2026-10-03,8482859,WINSOR_TOP_SOG_TO_SECOND_MAX,3.1430068098480874,2.095337873232058,-1.0476689366160294,14.446569737383184,15.494238673999213,17.58957654723127,RETROSPECTIVE_HISTORY_DIAGNOSTIC
2026-10-03,8482929,REMOVE_MAX_SOG,2.4709152681972615,2.0874405659283317,-0.38347470226892977,3.243370446088452,3.626845148357382,5.7142857142857135,RETROSPECTIVE_HISTORY_DIAGNOSTIC
2026-10-03,8482929,REMOVE_MAX_RATE,2.4709152681972615,2.078401939841811,-0.3925133283554505,3.243370446088452,3.6358837744439025,5.7142857142857135,RETROSPECTIVE_HISTORY_DIAGNOSTIC
2026-10-03,8482929,WINSOR_TOP_SOG_TO_SECOND_MAX,2.4709152681972615,2.4709152681972615,0.0,3.243370446088452,3.243370446088452,5.7142857142857135,RETROSPECTIVE_HISTORY_DIAGNOSTIC
2026-10-03,8482964,REMOVE_MAX_SOG,4.8076923076923075,4.055766793409379,-0.7519255142829282,4.8076923076923075,4.055766793409379,0.0,RETROSPECTIVE_HISTORY_DIAGNOSTIC
2026-10-03,8482964,REMOVE_MAX_RATE,4.8076923076923075,4.055766793409379,-0.7519255142829282,4.8076923076923075,4.055766793409379,0.0,RETROSPECTIVE_HISTORY_DIAGNOSTIC
2026-10-03,8482964,WINSOR_TOP_SOG_TO_SECOND_MAX,4.8076923076923075,4.370629370629371,-0.43706293706293664,4.8076923076923075,4.370629370629371,0.0,RETROSPECTIVE_HISTORY_DIAGNOSTIC
2026-10-03,8483395,REMOVE_MAX_SOG,4.545837191682801,3.6068530207394045,-0.9389841709433964,4.545837191682801,3.6068530207394045,0.0,RETROSPECTIVE_HISTORY_DIAGNOSTIC
2026-10-03,8483395,REMOVE_MAX_RATE,4.545837191682801,3.8581664523240864,-0.6876707393587145,4.545837191682801,3.8581664523240864,0.0,RETROSPECTIVE_HISTORY_DIAGNOSTIC
2026-10-03,8483395,WINSOR_TOP_SOG_TO_SECOND_MAX,4.545837191682801,4.040744170384713,-0.5050930212980882,4.545837191682801,4.040744170384713,0.0,RETROSPECTIVE_HISTORY_DIAGNOSTIC
2026-10-03,8483398,REMOVE_MAX_SOG,2.476123098691192,1.9592476489028212,-0.5168754497883707,6.290110667542574,6.806986117330945,8.766233766233766,RETROSPECTIVE_HISTORY_DIAGNOSTIC
2026-10-03,8483398,REMOVE_MAX_RATE,2.476123098691192,1.9592476489028212,-0.5168754497883707,6.290110667542574,6.806986117330945,8.766233766233766,RETROSPECTIVE_HISTORY_DIAGNOSTIC
2026-10-03,8483398,WINSOR_TOP_SOG_TO_SECOND_MAX,2.476123098691192,2.476123098691192,0.0,6.290110667542574,6.290110667542574,8.766233766233766,RETROSPECTIVE_HISTORY_DIAGNOSTIC
2026-10-03,8483425,REMOVE_MAX_SOG,1.7683465959328029,1.1654257041113627,-0.6029208918214402,1.7683465959328029,1.1654257041113627,0.0,RETROSPECTIVE_HISTORY_DIAGNOSTIC
2026-10-03,8483425,REMOVE_MAX_RATE,1.7683465959328029,1.1654257041113627,-0.6029208918214402,1.7683465959328029,1.1654257041113627,0.0,RETROSPECTIVE_HISTORY_DIAGNOSTIC
2026-10-03,8483425,WINSOR_TOP_SOG_TO_SECOND_MAX,1.7683465959328029,1.414677276746242,-0.35366931918656075,1.7683465959328029,1.414677276746242,0.0,RETROSPECTIVE_HISTORY_DIAGNOSTIC
2026-10-03,8483431,REMOVE_MAX_SOG,6.979449398991857,5.967922417008579,-1.0115269819832777,3.408020827563286,2.396493845580008,3.571428571428571,RETROSPECTIVE_HISTORY_DIAGNOSTIC
2026-10-03,8483431,REMOVE_MAX_RATE,6.979449398991857,5.967922417008579,-1.0115269819832777,3.408020827563286,2.396493845580008,3.571428571428571,RETROSPECTIVE_HISTORY_DIAGNOSTIC
2026-10-03,8483431,WINSOR_TOP_SOG_TO_SECOND_MAX,6.979449398991857,6.314739932421205,-0.6647094665706526,3.408020827563286,2.7433113609926334,3.571428571428571,RETROSPECTIVE_HISTORY_DIAGNOSTIC
2026-10-03,8483447,REMOVE_MAX_SOG,6.122448979591837,5.348546978070958,-0.7739020015208791,6.968460111317254,7.7423621128381335,13.090909090909092,RETROSPECTIVE_HISTORY_DIAGNOSTIC
2026-10-03,8483447,REMOVE_MAX_RATE,6.122448979591837,5.348546978070958,-0.7739020015208791,6.968460111317254,7.7423621128381335,13.090909090909092,RETROSPECTIVE_HISTORY_DIAGNOSTIC
2026-10-03,8483447,WINSOR_TOP_SOG_TO_SECOND_MAX,6.122448979591837,6.122448979591837,0.0,6.968460111317254,6.968460111317254,13.090909090909092,RETROSPECTIVE_HISTORY_DIAGNOSTIC
2026-10-03,8483450,REMOVE_MAX_SOG,4.634099246958873,3.4275921165381322,-1.2065071304207406,4.634099246958873,3.4275921165381322,0.0,RETROSPECTIVE_HISTORY_DIAGNOSTIC
2026-10-03,8483450,REMOVE_MAX_RATE,4.634099246958873,3.4275921165381322,-1.2065071304207406,4.634099246958873,3.4275921165381322,0.0,RETROSPECTIVE_HISTORY_DIAGNOSTIC
2026-10-03,8483450,WINSOR_TOP_SOG_TO_SECOND_MAX,4.634099246958873,3.8617493724657272,-0.7723498744931456,4.634099246958873,3.8617493724657272,0.0,RETROSPECTIVE_HISTORY_DIAGNOSTIC
2026-10-03,8483455,REMOVE_MAX_SOG,8.846124000931171,6.492920912616106,-2.353203088315065,1.6748092598953148,0.6783938284197504,7.171314741035856,RETROSPECTIVE_HISTORY_DIAGNOSTIC
2026-10-03,8483455,REMOVE_MAX_RATE,8.846124000931171,6.492920912616106,-2.353203088315065,1.6748092598953148,0.6783938284197504,7.171314741035856,RETROSPECTIVE_HISTORY_DIAGNOSTIC
2026-10-03,8483455,WINSOR_TOP_SOG_TO_SECOND_MAX,8.846124000931171,6.9837821059982925,-1.8623418949328787,1.6748092598953148,0.1875326350375639,7.171314741035856,RETROSPECTIVE_HISTORY_DIAGNOSTIC
2026-10-03,8483457,REMOVE_MAX_SOG,1.2813941568426448,0.8637650559047938,-0.417629100937851,4.904172853466633,5.321801954404484,6.185567010309278,RETROSPECTIVE_HISTORY_DIAGNOSTIC
2026-10-03,8483457,REMOVE_MAX_RATE,1.2813941568426448,0.8637650559047938,-0.417629100937851,4.904172853466633,5.321801954404484,6.185567010309278,RETROSPECTIVE_HISTORY_DIAGNOSTIC
2026-10-03,8483457,WINSOR_TOP_SOG_TO_SECOND_MAX,1.2813941568426448,1.0251153254741157,-0.25627883136852914,4.904172853466633,5.160451684835162,6.185567010309278,RETROSPECTIVE_HISTORY_DIAGNOSTIC
2026-10-03,8483460,REMOVE_MAX_SOG,3.901170351105332,2.925877763328999,-0.975292587776333,0.655791674211124,1.631084261987457,4.556962025316456,RETROSPECTIVE_HISTORY_DIAGNOSTIC
2026-10-03,8483460,REMOVE_MAX_RATE,3.901170351105332,3.260574223349334,-0.6405961277559977,0.655791674211124,1.2963878019671218,4.556962025316456,RETROSPECTIVE_HISTORY_DIAGNOSTIC
2026-10-03,8483460,WINSOR_TOP_SOG_TO_SECOND_MAX,3.901170351105332,3.901170351105332,0.0,0.655791674211124,0.655791674211124,4.556962025316456,RETROSPECTIVE_HISTORY_DIAGNOSTIC
2026-10-03,8483466,REMOVE_MAX_SOG,2.2648631645171435,2.0869565217391304,-0.17790664277801316,8.30782406015246,8.485730702930473,10.572687224669604,RETROSPECTIVE_HISTORY_DIAGNOSTIC
2026-10-03,8483466,REMOVE_MAX_RATE,2.2648631645171435,2.0550760378133988,-0.20978712670374478,8.30782406015246,8.517611186856206,10.572687224669604,RETROSPECTIVE_HISTORY_DIAGNOSTIC
2026-10-03,8483466,WINSOR_TOP_SOG_TO_SECOND_MAX,2.2648631645171435,2.2648631645171435,0.0,8.30782406015246,8.30782406015246,10.572687224669604,RETROSPECTIVE_HISTORY_DIAGNOSTIC
2026-10-03,8483468,REMOVE_MAX_SOG,4.847505554433448,4.189944134078212,-0.6575614203552362,0.4085413127565065,0.24902010759872972,4.438964241676942,RETROSPECTIVE_HISTORY_DIAGNOSTIC
2026-10-03,8483468,REMOVE_MAX_RATE,4.847505554433448,4.189944134078212,-0.6575614203552362,0.4085413127565065,0.24902010759872972,4.438964241676942,RETROSPECTIVE_HISTORY_DIAGNOSTIC
2026-10-03,8483468,WINSOR_TOP_SOG_TO_SECOND_MAX,4.847505554433448,4.443546758230661,-0.4039587962027875,0.4085413127565065,0.004582516553718996,4.438964241676942,RETROSPECTIVE_HISTORY_DIAGNOSTIC
2026-10-03,8483476,REMOVE_MAX_SOG,5.492409794797467,4.173550126075993,-1.3188596687214744,0.15907646146413335,1.159783207257341,5.333333333333334,RETROSPECTIVE_HISTORY_DIAGNOSTIC
2026-10-03,8483476,REMOVE_MAX_RATE,5.492409794797467,4.173550126075993,-1.3188596687214744,0.15907646146413335,1.159783207257341,5.333333333333334,RETROSPECTIVE_HISTORY_DIAGNOSTIC
2026-10-03,8483476,WINSOR_TOP_SOG_TO_SECOND_MAX,5.492409794797467,4.577008162331223,-0.915401632466244,0.15907646146413335,0.7563251710021106,5.333333333333334,RETROSPECTIVE_HISTORY_DIAGNOSTIC
2026-10-03,8483485,REMOVE_MAX_SOG,4.544846945595509,3.9897698209718673,-0.5550771246236419,2.4108813261527113,1.8558042015290694,2.133965619442798,RETROSPECTIVE_HISTORY_DIAGNOSTIC
2026-10-03,8483485,REMOVE_MAX_RATE,4.544846945595509,3.780351863519605,-0.764495082075904,2.4108813261527113,1.6463862440768073,2.133965619442798,RETROSPECTIVE_HISTORY_DIAGNOSTIC
2026-10-03,8483485,WINSOR_TOP_SOG_TO_SECOND_MAX,4.544846945595509,4.544846945595509,0.0,2.4108813261527113,2.4108813261527113,2.133965619442798,RETROSPECTIVE_HISTORY_DIAGNOSTIC
2026-10-03,8483489,REMOVE_MAX_SOG,5.662714563794019,5.041039229625799,-0.62167533416822,6.7796817495700346,7.4013570837382545,12.442396313364053,RETROSPECTIVE_HISTORY_DIAGNOSTIC
2026-10-03,8483489,REMOVE_MAX_RATE,5.662714563794019,5.041039229625799,-0.62167533416822,6.7796817495700346,7.4013570837382545,12.442396313364053,RETROSPECTIVE_HISTORY_DIAGNOSTIC
2026-10-03,8483489,WINSOR_TOP_SOG_TO_SECOND_MAX,5.662714563794019,5.662714563794019,0.0,6.7796817495700346,6.7796817495700346,12.442396313364053,RETROSPECTIVE_HISTORY_DIAGNOSTIC
2026-10-03,8483493,REMOVE_MAX_SOG,4.509191814082554,2.7741083223249676,-1.7350834917575861,1.5008248804082642,3.2359083721658504,6.010016694490818,RETROSPECTIVE_HISTORY_DIAGNOSTIC
2026-10-03,8483493,REMOVE_MAX_RATE,4.509191814082554,2.7741083223249676,-1.7350834917575861,1.5008248804082642,3.2359083721658504,6.010016694490818,RETROSPECTIVE_HISTORY_DIAGNOSTIC
2026-10-03,8483493,WINSOR_TOP_SOG_TO_SECOND_MAX,4.509191814082554,3.468609087755811,-1.0405827263267429,1.5008248804082642,2.541407606735007,6.010016694490818,RETROSPECTIVE_HISTORY_DIAGNOSTIC
2026-10-03,8483495,REMOVE_MAX_SOG,4.886461626904283,4.161331626120359,-0.7251300007839241,4.886461626904283,4.161331626120359,0.0,RETROSPECTIVE_HISTORY_DIAGNOSTIC
2026-10-03,8483495,REMOVE_MAX_RATE,4.886461626904283,4.159112722619175,-0.7273489042851082,4.886461626904283,4.159112722619175,0.0,RETROSPECTIVE_HISTORY_DIAGNOSTIC
2026-10-03,8483495,WINSOR_TOP_SOG_TO_SECOND_MAX,4.886461626904283,4.886461626904283,0.0,4.886461626904283,4.886461626904283,0.0,RETROSPECTIVE_HISTORY_DIAGNOSTIC
2026-10-03,8483499,REMOVE_MAX_SOG,2.0579660435602816,1.918403887965213,-0.13956215559506857,8.33664415855714,8.476206314152208,10.394610202117422,RETROSPECTIVE_HISTORY_DIAGNOSTIC
2026-10-03,8483499,REMOVE_MAX_RATE,2.0579660435602816,1.8894067262879457,-0.16855931727233586,8.33664415855714,8.505203475829475,10.394610202117422,RETROSPECTIVE_HISTORY_DIAGNOSTIC
2026-10-03,8483499,WINSOR_TOP_SOG_TO_SECOND_MAX,2.0579660435602816,2.0579660435602816,0.0,8.33664415855714,8.33664415855714,10.394610202117422,RETROSPECTIVE_HISTORY_DIAGNOSTIC
2026-10-03,8483500,REMOVE_MAX_SOG,4.0650406504065035,3.2953453247288205,-0.7696953256776831,2.8381232997373127,3.6078186254149958,6.903163950143816,RETROSPECTIVE_HISTORY_DIAGNOSTIC
2026-10-03,8483500,REMOVE_MAX_RATE,4.0650406504065035,3.2953453247288205,-0.7696953256776831,2.8381232997373127,3.6078186254149958,6.903163950143816,RETROSPECTIVE_HISTORY_DIAGNOSTIC
2026-10-03,8483500,WINSOR_TOP_SOG_TO_SECOND_MAX,4.0650406504065035,3.695491500369549,-0.36954915003695454,2.8381232997373127,3.2076724497742672,6.903163950143816,RETROSPECTIVE_HISTORY_DIAGNOSTIC
2026-10-03,8483515,REMOVE_MAX_SOG,8.917343089059107,8.111239860950175,-0.8061032281089329,5.620639792355811,4.814536564246878,3.2967032967032965,RETROSPECTIVE_HISTORY_DIAGNOSTIC
2026-10-03,8483515,REMOVE_MAX_RATE,8.917343089059107,8.111239860950175,-0.8061032281089329,5.620639792355811,4.814536564246878,3.2967032967032965,RETROSPECTIVE_HISTORY_DIAGNOSTIC
2026-10-03,8483515,WINSOR_TOP_SOG_TO_SECOND_MAX,8.917343089059107,8.574368354864527,-0.3429747341945806,5.620639792355811,5.27766505816123,3.2967032967032965,RETROSPECTIVE_HISTORY_DIAGNOSTIC
2026-10-03,8483516,REMOVE_MAX_SOG,11.092985318107667,9.376690509106208,-1.7162948090014591,7.052581277703626,5.336286468702167,4.040404040404041,RETROSPECTIVE_HISTORY_DIAGNOSTIC
2026-10-03,8483516,REMOVE_MAX_RATE,11.092985318107667,9.376690509106208,-1.7162948090014591,7.052581277703626,5.336286468702167,4.040404040404041,RETROSPECTIVE_HISTORY_DIAGNOSTIC
2026-10-03,8483516,WINSOR_TOP_SOG_TO_SECOND_MAX,11.092985318107667,9.787928221859707,-1.3050570962479604,7.052581277703626,5.747524181455666,4.040404040404041,RETROSPECTIVE_HISTORY_DIAGNOSTIC
2026-10-03,8483524,REMOVE_MAX_SOG,5.858054825384904,4.498125780924615,-1.359929044460289,5.858054825384904,4.498125780924615,0.0,RETROSPECTIVE_HISTORY_DIAGNOSTIC
2026-10-03,8483524,REMOVE_MAX_RATE,5.858054825384904,4.498125780924615,-1.359929044460289,5.858054825384904,4.498125780924615,0.0,RETROSPECTIVE_HISTORY_DIAGNOSTIC
2026-10-03,8483524,WINSOR_TOP_SOG_TO_SECOND_MAX,5.858054825384904,5.407435223432219,-0.4506196019526847,5.858054825384904,5.407435223432219,0.0,RETROSPECTIVE_HISTORY_DIAGNOSTIC
2026-10-03,8483525,REMOVE_MAX_SOG,4.273199914536002,2.914743745445713,-1.3584561690902888,0.45741769387398534,1.815873862964274,4.730617608409987,RETROSPECTIVE_HISTORY_DIAGNOSTIC
2026-10-03,8483525,REMOVE_MAX_RATE,4.273199914536002,2.914743745445713,-1.3584561690902888,0.45741769387398534,1.815873862964274,4.730617608409987,RETROSPECTIVE_HISTORY_DIAGNOSTIC
2026-10-03,8483525,WINSOR_TOP_SOG_TO_SECOND_MAX,4.273199914536002,3.418559931628802,-0.8546399829071998,0.45741769387398534,1.3120576767811851,4.730617608409987,RETROSPECTIVE_HISTORY_DIAGNOSTIC
2026-10-03,8483570,REMOVE_MAX_SOG,3.4915620583589657,2.8216704288939054,-0.6698916294650603,3.4915620583589657,2.8216704288939054,0.0,RETROSPECTIVE_HISTORY_DIAGNOSTIC
2026-10-03,8483570,REMOVE_MAX_RATE,3.4915620583589657,2.8216704288939054,-0.6698916294650603,3.4915620583589657,2.8216704288939054,0.0,RETROSPECTIVE_HISTORY_DIAGNOSTIC
2026-10-03,8483570,WINSOR_TOP_SOG_TO_SECOND_MAX,3.4915620583589657,2.992767478593399,-0.49879457976556685,3.4915620583589657,2.992767478593399,0.0,RETROSPECTIVE_HISTORY_DIAGNOSTIC
2026-10-03,8483609,REMOVE_MAX_SOG,7.5512405609493,5.472788081483733,-2.078452479465567,7.5512405609493,5.472788081483733,0.0,RETROSPECTIVE_HISTORY_DIAGNOSTIC
2026-10-03,8483609,REMOVE_MAX_RATE,7.5512405609493,5.472788081483733,-2.078452479465567,7.5512405609493,5.472788081483733,0.0,RETROSPECTIVE_HISTORY_DIAGNOSTIC
2026-10-03,8483609,WINSOR_TOP_SOG_TO_SECOND_MAX,7.5512405609493,5.933117583603021,-1.618122977346279,7.5512405609493,5.933117583603021,0.0,RETROSPECTIVE_HISTORY_DIAGNOSTIC
2026-10-03,8483676,REMOVE_MAX_SOG,6.926952141057935,6.619269428781564,-0.307682712276371,4.934662356470893,5.242345068747264,11.861614497528828,RETROSPECTIVE_HISTORY_DIAGNOSTIC
2026-10-03,8483676,REMOVE_MAX_RATE,6.926952141057935,6.491945179129599,-0.43500696192833654,4.934662356470893,5.36966931839923,11.861614497528828,RETROSPECTIVE_HISTORY_DIAGNOSTIC
2026-10-03,8483676,WINSOR_TOP_SOG_TO_SECOND_MAX,6.926952141057935,6.926952141057935,0.0,4.934662356470893,4.934662356470893,11.861614497528828,RETROSPECTIVE_HISTORY_DIAGNOSTIC
2026-10-03,8483678,REMOVE_MAX_SOG,2.982107355864811,2.4837863943700844,-0.4983209614947266,1.076517221361796,1.5748381828565226,4.058624577226607,RETROSPECTIVE_HISTORY_DIAGNOSTIC
2026-10-03,8483678,REMOVE_MAX_RATE,2.982107355864811,2.446316933949443,-0.535790421915368,1.076517221361796,1.612307643277164,4.058624577226607,RETROSPECTIVE_HISTORY_DIAGNOSTIC
2026-10-03,8483678,WINSOR_TOP_SOG_TO_SECOND_MAX,2.982107355864811,2.982107355864811,0.0,1.076517221361796,1.076517221361796,4.058624577226607,RETROSPECTIVE_HISTORY_DIAGNOSTIC
2026-10-03,8483695,REMOVE_MAX_SOG,2.97029702970297,1.5026296018031555,-1.4676674278998143,4.331934207619545,5.79960163551936,7.302231237322515,RETROSPECTIVE_HISTORY_DIAGNOSTIC
2026-10-03,8483695,REMOVE_MAX_RATE,2.97029702970297,1.5026296018031555,-1.4676674278998143,4.331934207619545,5.79960163551936,7.302231237322515,RETROSPECTIVE_HISTORY_DIAGNOSTIC
2026-10-03,8483695,WINSOR_TOP_SOG_TO_SECOND_MAX,2.97029702970297,1.98019801980198,-0.9900990099009899,4.331934207619545,5.322033217520535,7.302231237322515,RETROSPECTIVE_HISTORY_DIAGNOSTIC
2026-10-03,8483731,REMOVE_MAX_SOG,7.413945278022948,6.7073170731707314,-0.7066282048522163,5.9689543502298426,6.675582555082059,13.38289962825279,RETROSPECTIVE_HISTORY_DIAGNOSTIC
2026-10-03,8483731,REMOVE_MAX_RATE,7.413945278022948,6.7073170731707314,-0.7066282048522163,5.9689543502298426,6.675582555082059,13.38289962825279,RETROSPECTIVE_HISTORY_DIAGNOSTIC
2026-10-03,8483731,WINSOR_TOP_SOG_TO_SECOND_MAX,7.413945278022948,6.884377758164166,-0.5295675198587819,5.9689543502298426,6.4985218700886245,13.38289962825279,RETROSPECTIVE_HISTORY_DIAGNOSTIC
2026-10-03,8483808,REMOVE_MAX_SOG,6.159742659639998,5.149812734082397,-1.0099299255576009,4.082078108496558,5.0920080340541585,10.241820768136556,RETROSPECTIVE_HISTORY_DIAGNOSTIC
2026-10-03,8483808,REMOVE_MAX_RATE,6.159742659639998,5.085137529855921,-1.0746051297840769,4.082078108496558,5.1566832382806345,10.241820768136556,RETROSPECTIVE_HISTORY_DIAGNOSTIC
2026-10-03,8483808,WINSOR_TOP_SOG_TO_SECOND_MAX,6.159742659639998,6.159742659639998,0.0,4.082078108496558,4.082078108496558,10.241820768136556,RETROSPECTIVE_HISTORY_DIAGNOSTIC
2026-10-03,8484136,REMOVE_MAX_SOG,4.711593375214163,3.878787878787879,-0.8328054964262845,14.906935235140057,15.739740731566343,19.618528610354222,RETROSPECTIVE_HISTORY_DIAGNOSTIC
2026-10-03,8484136,REMOVE_MAX_RATE,4.711593375214163,3.7688442211055273,-0.9427491541086361,14.906935235140057,15.849684389248694,19.618528610354222,RETROSPECTIVE_HISTORY_DIAGNOSTIC
2026-10-03,8484136,WINSOR_TOP_SOG_TO_SECOND_MAX,4.711593375214163,4.711593375214163,0.0,14.906935235140057,14.906935235140057,19.618528610354222,RETROSPECTIVE_HISTORY_DIAGNOSTIC
2026-10-03,8484145,REMOVE_MAX_SOG,7.04721634954193,6.157398499134115,-0.8898178504078151,3.9781626411020325,3.0883447906942174,3.0690537084398977,RETROSPECTIVE_HISTORY_DIAGNOSTIC
2026-10-03,8484145,REMOVE_MAX_RATE,7.04721634954193,6.157398499134115,-0.8898178504078151,3.9781626411020325,3.0883447906942174,3.0690537084398977,RETROSPECTIVE_HISTORY_DIAGNOSTIC
2026-10-03,8484145,WINSOR_TOP_SOG_TO_SECOND_MAX,7.04721634954193,6.6948555320648335,-0.3523608174770967,3.9781626411020325,3.625801823624936,3.0690537084398977,RETROSPECTIVE_HISTORY_DIAGNOSTIC
2026-10-03,8484152,REMOVE_MAX_SOG,4.289249381358263,3.7366880488260565,-0.5525613325322065,4.1416639675878715,4.6942253001200775,8.430913348946135,RETROSPECTIVE_HISTORY_DIAGNOSTIC
2026-10-03,8484152,REMOVE_MAX_RATE,4.289249381358263,3.7366880488260565,-0.5525613325322065,4.1416639675878715,4.6942253001200775,8.430913348946135,RETROSPECTIVE_HISTORY_DIAGNOSTIC
2026-10-03,8484152,WINSOR_TOP_SOG_TO_SECOND_MAX,4.289249381358263,3.9593071212537807,-0.32994226010448235,4.1416639675878715,4.471606227692353,8.430913348946135,RETROSPECTIVE_HISTORY_DIAGNOSTIC
2026-10-03,8484158,REMOVE_MAX_SOG,4.966613321560621,4.290055413215754,-0.6765579083448676,4.966613321560621,4.290055413215754,0.0,RETROSPECTIVE_HISTORY_DIAGNOSTIC
2026-10-03,8484158,REMOVE_MAX_RATE,4.966613321560621,4.290055413215754,-0.6765579083448676,4.966613321560621,4.290055413215754,0.0,RETROSPECTIVE_HISTORY_DIAGNOSTIC
2026-10-03,8484158,WINSOR_TOP_SOG_TO_SECOND_MAX,4.966613321560621,4.966613321560621,0.0,4.966613321560621,4.966613321560621,0.0,RETROSPECTIVE_HISTORY_DIAGNOSTIC
2026-10-03,8484164,REMOVE_MAX_SOG,5.601034037052995,5.229379605419539,-0.3716544316334556,9.052968676651211,9.424623108284667,14.654002713704207,RETROSPECTIVE_HISTORY_DIAGNOSTIC
2026-10-03,8484164,REMOVE_MAX_RATE,5.601034037052995,5.190311418685122,-0.41072261836787316,9.052968676651211,9.463691295019085,14.654002713704207,RETROSPECTIVE_HISTORY_DIAGNOSTIC
2026-10-03,8484164,WINSOR_TOP_SOG_TO_SECOND_MAX,5.601034037052995,5.601034037052995,0.0,9.052968676651211,9.052968676651211,14.654002713704207,RETROSPECTIVE_HISTORY_DIAGNOSTIC
2026-10-03,8484166,REMOVE_MAX_SOG,6.962663975782038,6.109288381038579,-0.8533755947434596,4.038212310469284,3.1848367157258246,2.924451665312754,RETROSPECTIVE_HISTORY_DIAGNOSTIC
2026-10-03,8484166,REMOVE_MAX_RATE,6.962663975782038,5.996668517490284,-0.9659954582917543,4.038212310469284,3.07221685217753,2.924451665312754,RETROSPECTIVE_HISTORY_DIAGNOSTIC
2026-10-03,8484166,WINSOR_TOP_SOG_TO_SECOND_MAX,6.962663975782038,6.962663975782038,0.0,4.038212310469284,4.038212310469284,2.924451665312754,RETROSPECTIVE_HISTORY_DIAGNOSTIC
2026-10-03,8484180,REMOVE_MAX_SOG,4.016661707825052,3.5320830880497858,-0.4845786197752662,4.016661707825052,3.5320830880497858,0.0,RETROSPECTIVE_HISTORY_DIAGNOSTIC
2026-10-03,8484180,REMOVE_MAX_RATE,4.016661707825052,3.5208315868890936,-0.49583012093595835,4.016661707825052,3.5208315868890936,0.0,RETROSPECTIVE_HISTORY_DIAGNOSTIC
2026-10-03,8484180,WINSOR_TOP_SOG_TO_SECOND_MAX,4.016661707825052,4.016661707825052,0.0,4.016661707825052,4.016661707825052,0.0,RETROSPECTIVE_HISTORY_DIAGNOSTIC
2026-10-03,8484185,REMOVE_MAX_SOG,4.357614932093834,3.4664905909541104,-0.8911243411397236,3.451495696973411,4.342620038113134,7.809110629067245,RETROSPECTIVE_HISTORY_DIAGNOSTIC
2026-10-03,8484185,REMOVE_MAX_RATE,4.357614932093834,3.4664905909541104,-0.8911243411397236,3.451495696973411,4.342620038113134,7.809110629067245,RETROSPECTIVE_HISTORY_DIAGNOSTIC
2026-10-03,8484185,WINSOR_TOP_SOG_TO_SECOND_MAX,4.357614932093834,3.9218534388844506,-0.4357614932093834,3.451495696973411,3.8872571901827944,7.809110629067245,RETROSPECTIVE_HISTORY_DIAGNOSTIC
2026-10-03,8484186,REMOVE_MAX_SOG,13.054627399176317,10.723443935037688,-2.331183464138629,0.34874504623514113,1.982438417903488,12.705882352941176,RETROSPECTIVE_HISTORY_DIAGNOSTIC
2026-10-03,8484186,REMOVE_MAX_RATE,13.054627399176317,12.486992715920916,-0.5676346832554007,0.34874504623514113,0.21888963702025954,12.705882352941176,RETROSPECTIVE_HISTORY_DIAGNOSTIC
2026-10-03,8484186,WINSOR_TOP_SOG_TO_SECOND_MAX,13.054627399176317,12.58839070634859,-0.4662366928277262,0.34874504623514113,0.11749164659258504,12.705882352941176,RETROSPECTIVE_HISTORY_DIAGNOSTIC
2026-10-03,8484188,REMOVE_MAX_SOG,3.812604702212466,3.0468452456518977,-0.7657594565605681,3.812604702212466,3.0468452456518977,0.0,RETROSPECTIVE_HISTORY_DIAGNOSTIC
2026-10-03,8484188,REMOVE_MAX_RATE,3.812604702212466,3.0468452456518977,-0.7657594565605681,3.812604702212466,3.0468452456518977,0.0,RETROSPECTIVE_HISTORY_DIAGNOSTIC
2026-10-03,8484188,WINSOR_TOP_SOG_TO_SECOND_MAX,3.812604702212466,3.466004274738605,-0.3466004274738608,3.812604702212466,3.466004274738605,0.0,RETROSPECTIVE_HISTORY_DIAGNOSTIC
2026-10-03,8484197,REMOVE_MAX_SOG,7.097591888466414,6.274957216200799,-0.8226346722656146,0.7818024147822031,0.04083225748341146,6.315789473684211,RETROSPECTIVE_HISTORY_DIAGNOSTIC
2026-10-03,8484197,REMOVE_MAX_RATE,7.097591888466414,6.274957216200799,-0.8226346722656146,0.7818024147822031,0.04083225748341146,6.315789473684211,RETROSPECTIVE_HISTORY_DIAGNOSTIC
2026-10-03,8484197,WINSOR_TOP_SOG_TO_SECOND_MAX,7.097591888466414,6.590621039290241,-0.5069708491761729,0.7818024147822031,0.2748315656060303,6.315789473684211,RETROSPECTIVE_HISTORY_DIAGNOSTIC
2026-10-03,8484221,REMOVE_MAX_SOG,6.417112299465241,5.498101845791334,-0.9190104536739074,2.03755025566962,1.1185398019957127,4.379562043795621,RETROSPECTIVE_HISTORY_DIAGNOSTIC
2026-10-03,8484221,REMOVE_MAX_RATE,6.417112299465241,5.498101845791334,-0.9190104536739074,2.03755025566962,1.1185398019957127,4.379562043795621,RETROSPECTIVE_HISTORY_DIAGNOSTIC
2026-10-03,8484221,WINSOR_TOP_SOG_TO_SECOND_MAX,6.417112299465241,6.060606060606061,-0.35650623885918,2.03755025566962,1.6810440168104401,4.379562043795621,RETROSPECTIVE_HISTORY_DIAGNOSTIC
2026-10-03,8484227,REMOVE_MAX_SOG,6.392284400583156,5.482122190412377,-0.9101622101707791,0.030552352316039588,0.9407145624868187,6.422836752899196,RETROSPECTIVE_HISTORY_DIAGNOSTIC
2026-10-03,8484227,REMOVE_MAX_RATE,6.392284400583156,5.482122190412377,-0.9101622101707791,0.030552352316039588,0.9407145624868187,6.422836752899196,RETROSPECTIVE_HISTORY_DIAGNOSTIC
2026-10-03,8484227,WINSOR_TOP_SOG_TO_SECOND_MAX,6.392284400583156,6.392284400583156,0.0,0.030552352316039588,0.030552352316039588,6.422836752899196,RETROSPECTIVE_HISTORY_DIAGNOSTIC
2026-10-03,8484240,REMOVE_MAX_SOG,1.7590149516270892,0.9818360333824252,-0.777178918244664,1.7590149516270892,0.9818360333824252,0.0,RETROSPECTIVE_HISTORY_DIAGNOSTIC
2026-10-03,8484240,REMOVE_MAX_RATE,1.7590149516270892,0.9818360333824252,-0.777178918244664,1.7590149516270892,0.9818360333824252,0.0,RETROSPECTIVE_HISTORY_DIAGNOSTIC
2026-10-03,8484240,WINSOR_TOP_SOG_TO_SECOND_MAX,1.7590149516270892,1.1726766344180595,-0.5863383172090297,1.7590149516270892,1.1726766344180595,0.0,RETROSPECTIVE_HISTORY_DIAGNOSTIC
2026-10-03,8484241,REMOVE_MAX_SOG,7.750356924332041,6.1325575910055825,-1.6177993333264586,3.429767299270442,5.047566632596901,11.180124223602483,RETROSPECTIVE_HISTORY_DIAGNOSTIC
2026-10-03,8484241,REMOVE_MAX_RATE,7.750356924332041,6.1325575910055825,-1.6177993333264586,3.429767299270442,5.047566632596901,11.180124223602483,RETROSPECTIVE_HISTORY_DIAGNOSTIC
2026-10-03,8484241,WINSOR_TOP_SOG_TO_SECOND_MAX,7.750356924332041,6.526616357332246,-1.223740566999795,3.429767299270442,4.653507866270237,11.180124223602483,RETROSPECTIVE_HISTORY_DIAGNOSTIC
2026-10-03,8484258,REMOVE_MAX_SOG,6.368504848748009,5.434203516249333,-0.9343013324986762,2.52645575589849,1.5921544233998137,3.8420490928495195,RETROSPECTIVE_HISTORY_DIAGNOSTIC
2026-10-03,8484258,REMOVE_MAX_RATE,6.368504848748009,5.434203516249333,-0.9343013324986762,2.52645575589849,1.5921544233998137,3.8420490928495195,RETROSPECTIVE_HISTORY_DIAGNOSTIC
2026-10-03,8484258,WINSOR_TOP_SOG_TO_SECOND_MAX,6.368504848748009,6.0790273556231,-0.28947749312490956,2.52645575589849,2.2369782627735804,3.8420490928495195,RETROSPECTIVE_HISTORY_DIAGNOSTIC
2026-10-03,8484305,REMOVE_MAX_SOG,1.0800432017280692,0.8369368112707491,-0.24310639045732008,1.0800432017280692,0.8369368112707491,0.0,RETROSPECTIVE_HISTORY_DIAGNOSTIC
2026-10-03,8484305,REMOVE_MAX_RATE,1.0800432017280692,0.7864211285143194,-0.2936220732137498,1.0800432017280692,0.7864211285143194,0.0,RETROSPECTIVE_HISTORY_DIAGNOSTIC
2026-10-03,8484305,WINSOR_TOP_SOG_TO_SECOND_MAX,1.0800432017280692,1.0800432017280692,0.0,1.0800432017280692,1.0800432017280692,0.0,RETROSPECTIVE_HISTORY_DIAGNOSTIC
2026-10-03,8484321,REMOVE_MAX_SOG,2.7607966870439755,1.9719976336028398,-0.7887990534411358,0.4306926746581521,1.2194917280992879,3.1914893617021276,RETROSPECTIVE_HISTORY_DIAGNOSTIC
2026-10-03,8484321,REMOVE_MAX_RATE,2.7607966870439755,2.252083176938668,-0.5087135101053075,0.4306926746581521,0.9394061847634596,3.1914893617021276,RETROSPECTIVE_HISTORY_DIAGNOSTIC
2026-10-03,8484321,WINSOR_TOP_SOG_TO_SECOND_MAX,2.7607966870439755,2.7607966870439755,0.0,0.4306926746581521,0.4306926746581521,3.1914893617021276,RETROSPECTIVE_HISTORY_DIAGNOSTIC
2026-10-03,8484386,REMOVE_MAX_SOG,4.137360364087712,3.736862592448424,-0.4004977716392881,4.137360364087712,3.736862592448424,0.0,RETROSPECTIVE_HISTORY_DIAGNOSTIC
2026-10-03,8484386,REMOVE_MAX_RATE,4.137360364087712,3.6248300860897142,-0.5125302779979979,4.137360364087712,3.6248300860897142,0.0,RETROSPECTIVE_HISTORY_DIAGNOSTIC
2026-10-03,8484386,WINSOR_TOP_SOG_TO_SECOND_MAX,4.137360364087712,4.137360364087712,0.0,4.137360364087712,4.137360364087712,0.0,RETROSPECTIVE_HISTORY_DIAGNOSTIC
2026-10-03,8484387,REMOVE_MAX_SOG,9.66806316467934,7.346056895930859,-2.3220062687484813,2.2300466357537205,0.09195963299476073,7.43801652892562,RETROSPECTIVE_HISTORY_DIAGNOSTIC
2026-10-03,8484387,REMOVE_MAX_RATE,9.66806316467934,7.346056895930859,-2.3220062687484813,2.2300466357537205,0.09195963299476073,7.43801652892562,RETROSPECTIVE_HISTORY_DIAGNOSTIC
2026-10-03,8484387,WINSOR_TOP_SOG_TO_SECOND_MAX,9.66806316467934,8.121173058330646,-1.5468901063486946,2.2300466357537205,0.6831565294050259,7.43801652892562,RETROSPECTIVE_HISTORY_DIAGNOSTIC
2026-10-03,8484388,REMOVE_MAX_SOG,5.822887181560858,4.953219592735278,-0.86966758882558,5.822887181560858,4.953219592735278,0.0,RETROSPECTIVE_HISTORY_DIAGNOSTIC
2026-10-03,8484388,REMOVE_MAX_RATE,5.822887181560858,4.823581956230461,-0.9993052253303967,5.822887181560858,4.823581956230461,0.0,RETROSPECTIVE_HISTORY_DIAGNOSTIC
2026-10-03,8484388,WINSOR_TOP_SOG_TO_SECOND_MAX,5.822887181560858,5.822887181560858,0.0,5.822887181560858,5.822887181560858,0.0,RETROSPECTIVE_HISTORY_DIAGNOSTIC
2026-10-03,8484390,REMOVE_MAX_SOG,5.631159080244016,4.64828013634955,-0.9828789438944661,5.631159080244016,4.64828013634955,0.0,RETROSPECTIVE_HISTORY_DIAGNOSTIC
2026-10-03,8484390,REMOVE_MAX_RATE,5.631159080244016,4.64828013634955,-0.9828789438944661,5.631159080244016,4.64828013634955,0.0,RETROSPECTIVE_HISTORY_DIAGNOSTIC
2026-10-03,8484390,WINSOR_TOP_SOG_TO_SECOND_MAX,5.631159080244016,4.927264195213514,-0.7038948850305022,5.631159080244016,4.927264195213514,0.0,RETROSPECTIVE_HISTORY_DIAGNOSTIC
2026-10-03,8484509,REMOVE_MAX_SOG,2.529510961214165,1.6778523489932886,-0.8516586122208762,2.529510961214165,1.6778523489932886,0.0,RETROSPECTIVE_HISTORY_DIAGNOSTIC
2026-10-03,8484509,REMOVE_MAX_RATE,2.529510961214165,1.6778523489932886,-0.8516586122208762,2.529510961214165,1.6778523489932886,0.0,RETROSPECTIVE_HISTORY_DIAGNOSTIC
2026-10-03,8484509,WINSOR_TOP_SOG_TO_SECOND_MAX,2.529510961214165,2.0236087689713322,-0.5059021922428326,2.529510961214165,2.0236087689713322,0.0,RETROSPECTIVE_HISTORY_DIAGNOSTIC
2026-10-03,8484759,REMOVE_MAX_SOG,5.280140803754767,5.0227218368811295,-0.2574189668736375,1.9156548224463554,1.658235855572718,3.3644859813084116,RETROSPECTIVE_HISTORY_DIAGNOSTIC
2026-10-03,8484759,REMOVE_MAX_RATE,5.280140803754767,4.692737430167598,-0.5874033735871693,1.9156548224463554,1.3282514488591861,3.3644859813084116,RETROSPECTIVE_HISTORY_DIAGNOSTIC
2026-10-03,8484759,WINSOR_TOP_SOG_TO_SECOND_MAX,5.280140803754767,5.280140803754767,0.0,1.9156548224463554,1.9156548224463554,3.3644859813084116,RETROSPECTIVE_HISTORY_DIAGNOSTIC
2026-10-03,8484768,REMOVE_MAX_SOG,6.5365950282262055,5.903574942604132,-0.6330200856220731,7.5810520305973235,8.214072116219397,14.117647058823529,RETROSPECTIVE_HISTORY_DIAGNOSTIC
2026-10-03,8484768,REMOVE_MAX_RATE,6.5365950282262055,5.903574942604132,-0.6330200856220731,7.5810520305973235,8.214072116219397,14.117647058823529,RETROSPECTIVE_HISTORY_DIAGNOSTIC
2026-10-03,8484768,WINSOR_TOP_SOG_TO_SECOND_MAX,6.5365950282262055,6.5365950282262055,0.0,7.5810520305973235,7.5810520305973235,14.117647058823529,RETROSPECTIVE_HISTORY_DIAGNOSTIC
2026-10-03,8484783,REMOVE_MAX_SOG,4.189749080582841,3.1207739519400812,-1.0689751286427596,0.6751157842820232,1.7440909129247828,4.864864864864864,RETROSPECTIVE_HISTORY_DIAGNOSTIC
2026-10-03,8484783,REMOVE_MAX_RATE,4.189749080582841,3.1207739519400812,-1.0689751286427596,0.6751157842820232,1.7440909129247828,4.864864864864864,RETROSPECTIVE_HISTORY_DIAGNOSTIC
2026-10-03,8484783,WINSOR_TOP_SOG_TO_SECOND_MAX,4.189749080582841,3.3517992644662726,-0.8379498161165682,0.6751157842820232,1.5130656003985914,4.864864864864864,RETROSPECTIVE_HISTORY_DIAGNOSTIC
2026-10-03,8484790,REMOVE_MAX_SOG,8.779952441924273,6.382978723404256,-2.396973718520017,5.736841706505845,3.339867987985828,3.043110735418428,RETROSPECTIVE_HISTORY_DIAGNOSTIC
2026-10-03,8484790,REMOVE_MAX_RATE,8.779952441924273,6.382978723404256,-2.396973718520017,5.736841706505845,3.339867987985828,3.043110735418428,RETROSPECTIVE_HISTORY_DIAGNOSTIC
2026-10-03,8484790,WINSOR_TOP_SOG_TO_SECOND_MAX,8.779952441924273,6.584964331443205,-2.1949881104810682,5.736841706505845,3.541853596024777,3.043110735418428,RETROSPECTIVE_HISTORY_DIAGNOSTIC
2026-10-03,8484797,REMOVE_MAX_SOG,7.319698600645856,6.48899188876014,-0.8307067118857168,4.966990819149365,5.797697531035082,12.286689419795222,RETROSPECTIVE_HISTORY_DIAGNOSTIC
2026-10-03,8484797,REMOVE_MAX_RATE,7.319698600645856,6.48899188876014,-0.8307067118857168,4.966990819149365,5.797697531035082,12.286689419795222,RETROSPECTIVE_HISTORY_DIAGNOSTIC
2026-10-03,8484797,WINSOR_TOP_SOG_TO_SECOND_MAX,7.319698600645856,6.889128094725511,-0.43057050592034507,4.966990819149365,5.39756132506971,12.286689419795222,RETROSPECTIVE_HISTORY_DIAGNOSTIC
2026-10-03,8484798,REMOVE_MAX_SOG,4.656683710737764,4.240924925531378,-0.41575878520638554,2.027027027027026,1.6112682418206403,2.629656683710738,RETROSPECTIVE_HISTORY_DIAGNOSTIC
2026-10-03,8484798,REMOVE_MAX_RATE,4.656683710737764,4.183892015739404,-0.47279169499836016,2.027027027027026,1.5542353320286657,2.629656683710738,RETROSPECTIVE_HISTORY_DIAGNOSTIC
2026-10-03,8484798,WINSOR_TOP_SOG_TO_SECOND_MAX,4.656683710737764,4.656683710737764,0.0,2.027027027027026,2.027027027027026,2.629656683710738,RETROSPECTIVE_HISTORY_DIAGNOSTIC
2026-10-03,8484800,REMOVE_MAX_SOG,5.31326101394731,4.435682602267128,-0.8775784116801821,1.483473779904756,0.6058953682245738,3.829787234042554,RETROSPECTIVE_HISTORY_DIAGNOSTIC
2026-10-03,8484800,REMOVE_MAX_RATE,5.31326101394731,4.371407755201165,-0.9418532587461446,1.483473779904756,0.5416205211586114,3.829787234042554,RETROSPECTIVE_HISTORY_DIAGNOSTIC
2026-10-03,8484800,WINSOR_TOP_SOG_TO_SECOND_MAX,5.31326101394731,5.31326101394731,0.0,1.483473779904756,1.483473779904756,3.829787234042554,RETROSPECTIVE_HISTORY_DIAGNOSTIC
2026-10-03,8484801,REMOVE_MAX_SOG,9.742656103921664,8.653206123807408,-1.0894499801142565,4.212702186870973,3.1232522067567166,5.529953917050691,RETROSPECTIVE_HISTORY_DIAGNOSTIC
2026-10-03,8484801,REMOVE_MAX_RATE,9.742656103921664,8.653206123807408,-1.0894499801142565,4.212702186870973,3.1232522067567166,5.529953917050691,RETROSPECTIVE_HISTORY_DIAGNOSTIC
2026-10-03,8484801,WINSOR_TOP_SOG_TO_SECOND_MAX,9.742656103921664,9.15219209762338,-0.5904640062982836,4.212702186870973,3.6222381805726895,5.529953917050691,RETROSPECTIVE_HISTORY_DIAGNOSTIC
2026-10-03,8484829,REMOVE_MAX_SOG,4.348876540227108,3.622216259726321,-0.7266602805007869,0.21094550574434923,0.5157147747564377,4.137931034482759,RETROSPECTIVE_HISTORY_DIAGNOSTIC
2026-10-03,8484829,REMOVE_MAX_RATE,4.348876540227108,3.622216259726321,-0.7266602805007869,0.21094550574434923,0.5157147747564377,4.137931034482759,RETROSPECTIVE_HISTORY_DIAGNOSTIC
2026-10-03,8484829,WINSOR_TOP_SOG_TO_SECOND_MAX,4.348876540227108,3.9864701618748493,-0.36240637835225886,0.21094550574434923,0.15146087260790964,4.137931034482759,RETROSPECTIVE_HISTORY_DIAGNOSTIC
2026-10-03,8484860,REMOVE_MAX_SOG,6.213071815800694,5.23419675211381,-0.9788750636868837,8.101043492350401,9.079918556037285,14.314115308151095,RETROSPECTIVE_HISTORY_DIAGNOSTIC
2026-10-03,8484860,REMOVE_MAX_RATE,6.213071815800694,5.23419675211381,-0.9788750636868837,8.101043492350401,9.079918556037285,14.314115308151095,RETROSPECTIVE_HISTORY_DIAGNOSTIC
2026-10-03,8484860,WINSOR_TOP_SOG_TO_SECOND_MAX,6.213071815800694,5.847597003106535,-0.36547481269415893,8.101043492350401,8.46651830504456,14.314115308151095,RETROSPECTIVE_HISTORY_DIAGNOSTIC
2026-10-03,8484873,REMOVE_MAX_SOG,6.7164179104477615,4.976303317535546,-1.7401145929122155,3.8660616159109447,2.125947022998729,2.850356294536817,RETROSPECTIVE_HISTORY_DIAGNOSTIC
2026-10-03,8484873,REMOVE_MAX_RATE,6.7164179104477615,4.976303317535546,-1.7401145929122155,3.8660616159109447,2.125947022998729,2.850356294536817,RETROSPECTIVE_HISTORY_DIAGNOSTIC
2026-10-03,8484873,WINSOR_TOP_SOG_TO_SECOND_MAX,6.7164179104477615,5.437100213219617,-1.2793176972281444,3.8660616159109447,2.5867439186828003,2.850356294536817,RETROSPECTIVE_HISTORY_DIAGNOSTIC
2026-10-03,8484911,REMOVE_MAX_SOG,3.544632835115496,2.7591643673630273,-0.7854684677524686,0.04459946797523218,0.8300679357277008,3.589232303090728,RETROSPECTIVE_HISTORY_DIAGNOSTIC
2026-10-03,8484911,REMOVE_MAX_RATE,3.544632835115496,2.7591643673630273,-0.7854684677524686,0.04459946797523218,0.8300679357277008,3.589232303090728,RETROSPECTIVE_HISTORY_DIAGNOSTIC
2026-10-03,8484911,WINSOR_TOP_SOG_TO_SECOND_MAX,3.544632835115496,3.190169551603946,-0.35446328351154976,0.04459946797523218,0.39906275148678194,3.589232303090728,RETROSPECTIVE_HISTORY_DIAGNOSTIC
2026-10-03,8484938,REMOVE_MAX_SOG,8.261468222334951,6.546919590397851,-1.7145486319370997,3.4550596776086495,1.7405110456715498,4.806408544726302,RETROSPECTIVE_HISTORY_DIAGNOSTIC
2026-10-03,8484938,REMOVE_MAX_RATE,8.261468222334951,7.0263096260441875,-1.2351585962907636,3.4550596776086495,2.219901081317886,4.806408544726302,RETROSPECTIVE_HISTORY_DIAGNOSTIC
2026-10-03,8484938,WINSOR_TOP_SOG_TO_SECOND_MAX,8.261468222334951,7.391839988404956,-0.869628233929995,3.4550596776086495,2.5854314436786545,4.806408544726302,RETROSPECTIVE_HISTORY_DIAGNOSTIC
2026-10-03,8484958,REMOVE_MAX_SOG,7.765057242409158,6.926007156874062,-0.8390500855350957,7.765057242409158,6.926007156874062,0.0,RETROSPECTIVE_HISTORY_DIAGNOSTIC
2026-10-03,8484958,REMOVE_MAX_RATE,7.765057242409158,6.594856012310397,-1.170201230098761,7.765057242409158,6.594856012310397,0.0,RETROSPECTIVE_HISTORY_DIAGNOSTIC
2026-10-03,8484958,WINSOR_TOP_SOG_TO_SECOND_MAX,7.765057242409158,7.765057242409158,0.0,7.765057242409158,7.765057242409158,0.0,RETROSPECTIVE_HISTORY_DIAGNOSTIC
2026-10-03,8484984,REMOVE_MAX_SOG,9.130682898991822,7.608902415826518,-1.521780483165304,2.0842703720362152,3.606050855201519,11.214953271028037,RETROSPECTIVE_HISTORY_DIAGNOSTIC
2026-10-03,8484984,REMOVE_MAX_RATE,9.130682898991822,8.405715886803026,-0.7249670121887952,2.0842703720362152,2.8092373842250105,11.214953271028037,RETROSPECTIVE_HISTORY_DIAGNOSTIC
2026-10-03,8484984,WINSOR_TOP_SOG_TO_SECOND_MAX,9.130682898991822,9.130682898991822,0.0,2.0842703720362152,2.0842703720362152,11.214953271028037,RETROSPECTIVE_HISTORY_DIAGNOSTIC
2026-10-03,8484994,REMOVE_MAX_SOG,6.997324552377033,6.1037639877924725,-0.8935605645845603,0.3271922329739336,1.220752797558494,7.3245167853509665,RETROSPECTIVE_HISTORY_DIAGNOSTIC
2026-10-03,8484994,REMOVE_MAX_RATE,6.997324552377033,6.1037639877924725,-0.8935605645845603,0.3271922329739336,1.220752797558494,7.3245167853509665,RETROSPECTIVE_HISTORY_DIAGNOSTIC
2026-10-03,8484994,WINSOR_TOP_SOG_TO_SECOND_MAX,6.997324552377033,6.585717225766619,-0.41160732661041344,0.3271922329739336,0.7387995595843471,7.3245167853509665,RETROSPECTIVE_HISTORY_DIAGNOSTIC
2026-10-03,8484999,REMOVE_MAX_SOG,5.334518781951544,4.041492657955004,-1.2930261239965395,5.334518781951544,4.041492657955004,0.0,RETROSPECTIVE_HISTORY_DIAGNOSTIC
2026-10-03,8484999,REMOVE_MAX_RATE,5.334518781951544,4.041492657955004,-1.2930261239965395,5.334518781951544,4.041492657955004,0.0,RETROSPECTIVE_HISTORY_DIAGNOSTIC
2026-10-03,8484999,WINSOR_TOP_SOG_TO_SECOND_MAX,5.334518781951544,5.334518781951544,0.0,5.334518781951544,5.334518781951544,0.0,RETROSPECTIVE_HISTORY_DIAGNOSTIC
2026-10-03,8485366,REMOVE_MAX_SOG,8.15771583956492,7.577352136392339,-0.5803637031725817,2.3230318849457943,1.7426681817732126,5.834683954619126,RETROSPECTIVE_HISTORY_DIAGNOSTIC
2026-10-03,8485366,REMOVE_MAX_RATE,8.15771583956492,7.577352136392339,-0.5803637031725817,2.3230318849457943,1.7426681817732126,5.834683954619126,RETROSPECTIVE_HISTORY_DIAGNOSTIC
2026-10-03,8485366,WINSOR_TOP_SOG_TO_SECOND_MAX,8.15771583956492,7.931112621799229,-0.2266032177656916,2.3230318849457943,2.0964286671801027,5.834683954619126,RETROSPECTIVE_HISTORY_DIAGNOSTIC
2026-10-03,8485388,REMOVE_MAX_SOG,9.998333611064822,7.853403141361256,-2.1449304697035663,5.21109956851163,3.0661690988080634,4.787234042553193,RETROSPECTIVE_HISTORY_DIAGNOSTIC
2026-10-03,8485388,REMOVE_MAX_RATE,9.998333611064822,7.853403141361256,-2.1449304697035663,5.21109956851163,3.0661690988080634,4.787234042553193,RETROSPECTIVE_HISTORY_DIAGNOSTIC
2026-10-03,8485388,WINSOR_TOP_SOG_TO_SECOND_MAX,9.998333611064822,8.99850024995834,-0.9998333611064822,5.21109956851163,4.2112662074051475,4.787234042553193,RETROSPECTIVE_HISTORY_DIAGNOSTIC
2026-10-03,8485391,REMOVE_MAX_SOG,10.53864168618267,9.60284528749259,-0.9357963986900799,6.811933611648509,5.8761372129584295,3.726708074534161,RETROSPECTIVE_HISTORY_DIAGNOSTIC
2026-10-03,8485391,REMOVE_MAX_RATE,10.53864168618267,9.60284528749259,-0.9357963986900799,6.811933611648509,5.8761372129584295,3.726708074534161,RETROSPECTIVE_HISTORY_DIAGNOSTIC
2026-10-03,8485391,WINSOR_TOP_SOG_TO_SECOND_MAX,10.53864168618267,10.219288907813498,-0.3193527783691721,6.811933611648509,6.492580833279337,3.726708074534161,RETROSPECTIVE_HISTORY_DIAGNOSTIC
2026-10-03,8485395,REMOVE_MAX_SOG,7.542426147077309,5.949102126253168,-1.5933240208241415,5.580295602618923,7.173619623443065,13.122721749696233,RETROSPECTIVE_HISTORY_DIAGNOSTIC
2026-10-03,8485395,REMOVE_MAX_RATE,7.542426147077309,5.949102126253168,-1.5933240208241415,5.580295602618923,7.173619623443065,13.122721749696233,RETROSPECTIVE_HISTORY_DIAGNOSTIC
2026-10-03,8485395,WINSOR_TOP_SOG_TO_SECOND_MAX,7.542426147077309,6.464936697494837,-1.0774894495824725,5.580295602618923,6.657785052201396,13.122721749696233,RETROSPECTIVE_HISTORY_DIAGNOSTIC
2026-10-03,8485402,REMOVE_MAX_SOG,9.135896459840122,7.797608733321782,-1.33828772651834,9.135896459840122,7.797608733321782,0.0,RETROSPECTIVE_HISTORY_DIAGNOSTIC
2026-10-03,8485402,REMOVE_MAX_RATE,9.135896459840122,8.014693604942392,-1.1212028548977298,9.135896459840122,8.014693604942392,0.0,RETROSPECTIVE_HISTORY_DIAGNOSTIC
2026-10-03,8485402,WINSOR_TOP_SOG_TO_SECOND_MAX,9.135896459840122,8.679101636848117,-0.4567948229920056,9.135896459840122,8.679101636848117,0.0,RETROSPECTIVE_HISTORY_DIAGNOSTIC
2026-10-03,8485406,REMOVE_MAX_SOG,7.918866351764379,6.648725660914992,-1.270140690849387,2.4807998865075795,1.2106591956581925,5.438066465256799,RETROSPECTIVE_HISTORY_DIAGNOSTIC
2026-10-03,8485406,REMOVE_MAX_RATE,7.918866351764379,6.648725660914992,-1.270140690849387,2.4807998865075795,1.2106591956581925,5.438066465256799,RETROSPECTIVE_HISTORY_DIAGNOSTIC
2026-10-03,8485406,WINSOR_TOP_SOG_TO_SECOND_MAX,7.918866351764379,7.085301472631286,-0.8335648791330925,2.4807998865075795,1.647235007374487,5.438066465256799,RETROSPECTIVE_HISTORY_DIAGNOSTIC
2026-10-03,8485414,REMOVE_MAX_SOG,4.96016834510747,4.04585300067431,-0.9143153444331604,16.018852633913507,16.933167978346667,20.979020979020977,RETROSPECTIVE_HISTORY_DIAGNOSTIC
2026-10-03,8485414,REMOVE_MAX_RATE,4.96016834510747,4.04585300067431,-0.9143153444331604,16.018852633913507,16.933167978346667,20.979020979020977,RETROSPECTIVE_HISTORY_DIAGNOSTIC
2026-10-03,8485414,WINSOR_TOP_SOG_TO_SECOND_MAX,4.96016834510747,4.509243950097701,-0.45092439500976944,16.018852633913507,16.469777028923275,20.979020979020977,RETROSPECTIVE_HISTORY_DIAGNOSTIC
2026-10-03,8485702,REMOVE_MAX_SOG,7.950736612362615,6.838506049447659,-1.1122305629149558,7.950736612362615,6.838506049447659,0.0,RETROSPECTIVE_HISTORY_DIAGNOSTIC
2026-10-03,8485702,REMOVE_MAX_RATE,7.950736612362615,6.836707862214042,-1.1140287501485728,7.950736612362615,6.836707862214042,0.0,RETROSPECTIVE_HISTORY_DIAGNOSTIC
2026-10-03,8485702,WINSOR_TOP_SOG_TO_SECOND_MAX,7.950736612362615,7.950736612362615,0.0,7.950736612362615,7.950736612362615,0.0,RETROSPECTIVE_HISTORY_DIAGNOSTIC
2026-10-03,8486067,REMOVE_MAX_SOG,5.272407732864675,3.779130799916019,-1.493276932948656,0.5726688294704196,0.9206081034782363,4.699738903394255,RETROSPECTIVE_HISTORY_DIAGNOSTIC
2026-10-03,8486067,REMOVE_MAX_RATE,5.272407732864675,3.779130799916019,-1.493276932948656,0.5726688294704196,0.9206081034782363,4.699738903394255,RETROSPECTIVE_HISTORY_DIAGNOSTIC
2026-10-03,8486067,WINSOR_TOP_SOG_TO_SECOND_MAX,5.272407732864675,3.51493848857645,-1.7574692442882252,0.5726688294704196,1.1848004148178055,4.699738903394255,RETROSPECTIVE_HISTORY_DIAGNOSTIC
2026-10-03,8486103,REMOVE_MAX_SOG,7.400555041628122,5.636449037106623,-1.7641060045214987,7.400555041628122,5.636449037106623,0.0,RETROSPECTIVE_HISTORY_DIAGNOSTIC
2026-10-03,8486103,REMOVE_MAX_RATE,7.400555041628122,6.063055780113177,-1.337499261514945,7.400555041628122,6.063055780113177,0.0,RETROSPECTIVE_HISTORY_DIAGNOSTIC
2026-10-03,8486103,WINSOR_TOP_SOG_TO_SECOND_MAX,7.400555041628122,6.475485661424607,-0.9250693802035155,7.400555041628122,6.475485661424607,0.0,RETROSPECTIVE_HISTORY_DIAGNOSTIC
2026-10-03,8486161,REMOVE_MAX_SOG,3.827018752391887,2.6682478505781204,-1.1587709018137664,9.060809409899282,10.219580311713047,12.887828162291168,RETROSPECTIVE_HISTORY_DIAGNOSTIC
2026-10-03,8486161,REMOVE_MAX_RATE,3.827018752391887,2.6682478505781204,-1.1587709018137664,9.060809409899282,10.219580311713047,12.887828162291168,RETROSPECTIVE_HISTORY_DIAGNOSTIC
2026-10-03,8486161,WINSOR_TOP_SOG_TO_SECOND_MAX,3.827018752391887,3.061615001913509,-0.7654037504783777,9.060809409899282,9.826213160377659,12.887828162291168,RETROSPECTIVE_HISTORY_DIAGNOSTIC
2026-10-03,8486171,REMOVE_MAX_SOG,6.481481481481482,4.880032533550223,-1.6014489479312592,0.46141459184937617,1.140034356081883,6.020066889632106,RETROSPECTIVE_HISTORY_DIAGNOSTIC
2026-10-03,8486171,REMOVE_MAX_RATE,6.481481481481482,4.880032533550223,-1.6014489479312592,0.46141459184937617,1.140034356081883,6.020066889632106,RETROSPECTIVE_HISTORY_DIAGNOSTIC
2026-10-03,8486171,WINSOR_TOP_SOG_TO_SECOND_MAX,6.481481481481482,5.555555555555556,-0.9259259259259256,0.46141459184937617,0.46451133407654943,6.020066889632106,RETROSPECTIVE_HISTORY_DIAGNOSTIC
2026-10-04,8473419,REMOVE_MAX_SOG,7.227379012258201,6.241997439180538,-0.9853815730776629,6.443507063691168,7.428888636768831,13.670886075949369,RETROSPECTIVE_HISTORY_DIAGNOSTIC
2026-10-04,8473419,REMOVE_MAX_RATE,7.227379012258201,6.241997439180538,-0.9853815730776629,6.443507063691168,7.428888636768831,13.670886075949369,RETROSPECTIVE_HISTORY_DIAGNOSTIC
2026-10-04,8473419,WINSOR_TOP_SOG_TO_SECOND_MAX,7.227379012258201,6.802239070360659,-0.4251399418975419,6.443507063691168,6.86864700558871,13.670886075949369,RETROSPECTIVE_HISTORY_DIAGNOSTIC
2026-10-04,8473986,REMOVE_MAX_SOG,5.628187840769186,5.17412935323383,-0.45405848753535594,5.628187840769186,5.17412935323383,0.0,RETROSPECTIVE_HISTORY_DIAGNOSTIC
2026-10-04,8473986,REMOVE_MAX_RATE,5.628187840769186,5.17412935323383,-0.45405848753535594,5.628187840769186,5.17412935323383,0.0,RETROSPECTIVE_HISTORY_DIAGNOSTIC
2026-10-04,8473986,WINSOR_TOP_SOG_TO_SECOND_MAX,5.628187840769186,5.276426100721112,-0.35176174004807415,5.628187840769186,5.276426100721112,0.0,RETROSPECTIVE_HISTORY_DIAGNOSTIC
2026-10-04,8474150,REMOVE_MAX_SOG,7.040679481448369,5.864744333801698,-1.1759351476466708,12.609975540385694,13.785910688032363,19.650655021834062,RETROSPECTIVE_HISTORY_DIAGNOSTIC
2026-10-04,8474150,REMOVE_MAX_RATE,7.040679481448369,5.864744333801698,-1.1759351476466708,12.609975540385694,13.785910688032363,19.650655021834062,RETROSPECTIVE_HISTORY_DIAGNOSTIC
2026-10-04,8474150,WINSOR_TOP_SOG_TO_SECOND_MAX,7.040679481448369,6.370138578453286,-0.6705409029950831,12.609975540385694,13.280516443380776,19.650655021834062,RETROSPECTIVE_HISTORY_DIAGNOSTIC
2026-10-04,8474189,REMOVE_MAX_SOG,2.327566141671192,1.5797788309636651,-0.747787310707527,8.077058135785457,8.824845446492983,10.404624277456648,RETROSPECTIVE_HISTORY_DIAGNOSTIC
2026-10-04,8474189,REMOVE_MAX_RATE,2.327566141671192,1.5797788309636651,-0.747787310707527,8.077058135785457,8.824845446492983,10.404624277456648,RETROSPECTIVE_HISTORY_DIAGNOSTIC
2026-10-04,8474189,WINSOR_TOP_SOG_TO_SECOND_MAX,2.327566141671192,1.8620529133369539,-0.46551322833423825,8.077058135785457,8.542571364119695,10.404624277456648,RETROSPECTIVE_HISTORY_DIAGNOSTIC
2026-10-04,8474568,REMOVE_MAX_SOG,2.2409800552775088,1.506906655504395,-0.7340733997731137,2.2409800552775088,1.506906655504395,0.0,RETROSPECTIVE_HISTORY_DIAGNOSTIC
2026-10-04,8474568,REMOVE_MAX_RATE,2.2409800552775088,1.4653207424291763,-0.7756593128483324,2.2409800552775088,1.4653207424291763,0.0,RETROSPECTIVE_HISTORY_DIAGNOSTIC
2026-10-04,8474568,WINSOR_TOP_SOG_TO_SECOND_MAX,2.2409800552775088,2.2409800552775088,0.0,2.2409800552775088,2.2409800552775088,0.0,RETROSPECTIVE_HISTORY_DIAGNOSTIC
2026-10-04,8474586,REMOVE_MAX_SOG,5.459508644222019,4.557827435589036,-0.9016812086329837,3.0814166226818944,3.983097831314878,8.540925266903914,RETROSPECTIVE_HISTORY_DIAGNOSTIC
2026-10-04,8474586,REMOVE_MAX_RATE,5.459508644222019,4.522044969224972,-0.9374636749970477,3.0814166226818944,4.018880297678942,8.540925266903914,RETROSPECTIVE_HISTORY_DIAGNOSTIC
2026-10-04,8474586,WINSOR_TOP_SOG_TO_SECOND_MAX,5.459508644222019,5.459508644222019,0.0,3.0814166226818944,3.0814166226818944,8.540925266903914,RETROSPECTIVE_HISTORY_DIAGNOSTIC
2026-10-04,8475179,REMOVE_MAX_SOG,3.1452035645640395,2.8054238193841425,-0.33977974517989695,3.1452035645640395,2.8054238193841425,0.0,RETROSPECTIVE_HISTORY_DIAGNOSTIC
2026-10-04,8475179,REMOVE_MAX_RATE,3.1452035645640395,2.697321944640678,-0.4478816199233613,3.1452035645640395,2.697321944640678,0.0,RETROSPECTIVE_HISTORY_DIAGNOSTIC
2026-10-04,8475179,WINSOR_TOP_SOG_TO_SECOND_MAX,3.1452035645640395,3.1452035645640395,0.0,3.1452035645640395,3.1452035645640395,0.0,RETROSPECTIVE_HISTORY_DIAGNOSTIC
2026-10-04,8475188,REMOVE_MAX_SOG,3.3700980392156867,2.7173913043478266,-0.6527067348678601,0.21220330237358143,0.4405034324942787,3.1578947368421053,RETROSPECTIVE_HISTORY_DIAGNOSTIC
2026-10-04,8475188,REMOVE_MAX_RATE,3.3700980392156867,2.7173913043478266,-0.6527067348678601,0.21220330237358143,0.4405034324942787,3.1578947368421053,RETROSPECTIVE_HISTORY_DIAGNOSTIC
2026-10-04,8475188,WINSOR_TOP_SOG_TO_SECOND_MAX,3.3700980392156867,3.0637254901960786,-0.3063725490196081,0.21220330237358143,0.09416924664602666,3.1578947368421053,RETROSPECTIVE_HISTORY_DIAGNOSTIC
2026-10-04,8475279,REMOVE_MAX_SOG,3.90957846724475,3.640575872910806,-0.26900259433394424,0.4579964921728421,0.18899389783889786,3.451581975071908,RETROSPECTIVE_HISTORY_DIAGNOSTIC
2026-10-04,8475279,REMOVE_MAX_RATE,3.90957846724475,3.640575872910806,-0.26900259433394424,0.4579964921728421,0.18899389783889786,3.451581975071908,RETROSPECTIVE_HISTORY_DIAGNOSTIC
2026-10-04,8475279,WINSOR_TOP_SOG_TO_SECOND_MAX,3.90957846724475,3.90957846724475,0.0,0.4579964921728421,0.4579964921728421,3.451581975071908,RETROSPECTIVE_HISTORY_DIAGNOSTIC
2026-10-04,8475314,REMOVE_MAX_SOG,10.680379746835444,9.888220120378332,-0.7921596264571118,6.059070375846996,5.266910749389885,4.621309370988447,RETROSPECTIVE_HISTORY_DIAGNOSTIC
2026-10-04,8475314,REMOVE_MAX_RATE,10.680379746835444,9.888220120378332,-0.7921596264571118,6.059070375846996,5.266910749389885,4.621309370988447,RETROSPECTIVE_HISTORY_DIAGNOSTIC
2026-10-04,8475314,WINSOR_TOP_SOG_TO_SECOND_MAX,10.680379746835444,10.680379746835444,0.0,6.059070375846996,6.059070375846996,4.621309370988447,RETROSPECTIVE_HISTORY_DIAGNOSTIC
2026-10-04,8475343,REMOVE_MAX_SOG,5.056037751748547,4.470522492316289,-0.5855152594322579,0.30908892485353956,0.8946041842857975,5.365126676602086,RETROSPECTIVE_HISTORY_DIAGNOSTIC
2026-10-04,8475343,REMOVE_MAX_RATE,5.056037751748547,4.470522492316289,-0.5855152594322579,0.30908892485353956,0.8946041842857975,5.365126676602086,RETROSPECTIVE_HISTORY_DIAGNOSTIC
2026-10-04,8475343,WINSOR_TOP_SOG_TO_SECOND_MAX,5.056037751748547,5.056037751748547,0.0,0.30908892485353956,0.30908892485353956,5.365126676602086,RETROSPECTIVE_HISTORY_DIAGNOSTIC
2026-10-04,8475462,REMOVE_MAX_SOG,3.40080971659919,2.7649769585253456,-0.6358327580738443,3.40080971659919,2.7649769585253456,0.0,RETROSPECTIVE_HISTORY_DIAGNOSTIC
2026-10-04,8475462,REMOVE_MAX_RATE,3.40080971659919,2.7649769585253456,-0.6358327580738443,3.40080971659919,2.7649769585253456,0.0,RETROSPECTIVE_HISTORY_DIAGNOSTIC
2026-10-04,8475462,WINSOR_TOP_SOG_TO_SECOND_MAX,3.40080971659919,2.9149797570850198,-0.4858299595141702,3.40080971659919,2.9149797570850198,0.0,RETROSPECTIVE_HISTORY_DIAGNOSTIC
2026-10-04,8475753,REMOVE_MAX_SOG,6.581243456149973,5.426794799321652,-1.154448656828321,2.633773608696443,3.788222265524764,9.215017064846416,RETROSPECTIVE_HISTORY_DIAGNOSTIC
2026-10-04,8475753,REMOVE_MAX_RATE,6.581243456149973,5.426794799321652,-1.154448656828321,2.633773608696443,3.788222265524764,9.215017064846416,RETROSPECTIVE_HISTORY_DIAGNOSTIC
2026-10-04,8475753,WINSOR_TOP_SOG_TO_SECOND_MAX,6.581243456149973,5.982948596499976,-0.5982948596499966,2.633773608696443,3.23206846834644,9.215017064846416,RETROSPECTIVE_HISTORY_DIAGNOSTIC
2026-10-04,8475798,REMOVE_MAX_SOG,3.989565751112475,3.435835767050335,-0.5537299840621399,1.3398198891539943,1.8935498732161342,5.329385640266469,RETROSPECTIVE_HISTORY_DIAGNOSTIC
2026-10-04,8475798,REMOVE_MAX_RATE,3.989565751112475,3.435835767050335,-0.5537299840621399,1.3398198891539943,1.8935498732161342,5.329385640266469,RETROSPECTIVE_HISTORY_DIAGNOSTIC
2026-10-04,8475798,WINSOR_TOP_SOG_TO_SECOND_MAX,3.989565751112475,3.989565751112475,0.0,1.3398198891539943,1.3398198891539943,5.329385640266469,RETROSPECTIVE_HISTORY_DIAGNOSTIC
2026-10-04,8475799,REMOVE_MAX_SOG,7.0356472795497185,5.736636245110821,-1.2990110344388972,7.0356472795497185,5.736636245110821,0.0,RETROSPECTIVE_HISTORY_DIAGNOSTIC
2026-10-04,8475799,REMOVE_MAX_RATE,7.0356472795497185,5.736636245110821,-1.2990110344388972,7.0356472795497185,5.736636245110821,0.0,RETROSPECTIVE_HISTORY_DIAGNOSTIC
2026-10-04,8475799,WINSOR_TOP_SOG_TO_SECOND_MAX,7.0356472795497185,7.0356472795497185,0.0,7.0356472795497185,7.0356472795497185,0.0,RETROSPECTIVE_HISTORY_DIAGNOSTIC
2026-10-04,8475848,REMOVE_MAX_SOG,7.37379466817924,5.626172119191498,-1.7476225489877422,0.5557207503229629,2.303343299310705,7.929515418502203,RETROSPECTIVE_HISTORY_DIAGNOSTIC
2026-10-04,8475848,REMOVE_MAX_RATE,7.37379466817924,5.626172119191498,-1.7476225489877422,0.5557207503229629,2.303343299310705,7.929515418502203,RETROSPECTIVE_HISTORY_DIAGNOSTIC
2026-10-04,8475848,WINSOR_TOP_SOG_TO_SECOND_MAX,7.37379466817924,6.806579693703913,-0.567214974475327,0.5557207503229629,1.1229357247982898,7.929515418502203,RETROSPECTIVE_HISTORY_DIAGNOSTIC
2026-10-04,8475913,REMOVE_MAX_SOG,7.3828375775732935,6.83371298405467,-0.5491245935186235,1.7310864730596185,2.280211066578242,9.113924050632912,RETROSPECTIVE_HISTORY_DIAGNOSTIC
2026-10-04,8475913,REMOVE_MAX_RATE,7.3828375775732935,6.813291895768588,-0.5695456818047058,1.7310864730596185,2.3006321548643243,9.113924050632912,RETROSPECTIVE_HISTORY_DIAGNOSTIC
2026-10-04,8475913,WINSOR_TOP_SOG_TO_SECOND_MAX,7.3828375775732935,7.3828375775732935,0.0,1.7310864730596185,1.7310864730596185,9.113924050632912,RETROSPECTIVE_HISTORY_DIAGNOSTIC
2026-10-04,8476331,REMOVE_MAX_SOG,1.9326339039204858,1.8514708907632174,-0.08116301315726848,1.9326339039204858,1.8514708907632174,0.0,RETROSPECTIVE_HISTORY_DIAGNOSTIC
2026-10-04,8476331,REMOVE_MAX_RATE,1.9326339039204858,1.805687916938356,-0.1269459869821299,1.9326339039204858,1.805687916938356,0.0,RETROSPECTIVE_HISTORY_DIAGNOSTIC
2026-10-04,8476331,WINSOR_TOP_SOG_TO_SECOND_MAX,1.9326339039204858,1.9326339039204858,0.0,1.9326339039204858,1.9326339039204858,0.0,RETROSPECTIVE_HISTORY_DIAGNOSTIC
2026-10-04,8476389,REMOVE_MAX_SOG,4.213710766571228,3.265602322206096,-0.9481084443651318,2.465324483892595,3.413432928257727,6.679035250463823,RETROSPECTIVE_HISTORY_DIAGNOSTIC
2026-10-04,8476389,REMOVE_MAX_RATE,4.213710766571228,3.265602322206096,-0.9481084443651318,2.465324483892595,3.413432928257727,6.679035250463823,RETROSPECTIVE_HISTORY_DIAGNOSTIC
2026-10-04,8476389,WINSOR_TOP_SOG_TO_SECOND_MAX,4.213710766571228,3.889579169142672,-0.32413159742855546,2.465324483892595,2.7894560813211506,6.679035250463823,RETROSPECTIVE_HISTORY_DIAGNOSTIC
2026-10-04,8476392,REMOVE_MAX_SOG,3.1485733027222036,2.640651360668965,-0.5079219420532386,3.1485733027222036,2.640651360668965,0.0,RETROSPECTIVE_HISTORY_DIAGNOSTIC
2026-10-04,8476392,REMOVE_MAX_RATE,3.1485733027222036,2.6363969242035883,-0.5121763785186153,3.1485733027222036,2.6363969242035883,0.0,RETROSPECTIVE_HISTORY_DIAGNOSTIC
2026-10-04,8476392,WINSOR_TOP_SOG_TO_SECOND_MAX,3.1485733027222036,3.1485733027222036,0.0,3.1485733027222036,3.1485733027222036,0.0,RETROSPECTIVE_HISTORY_DIAGNOSTIC
2026-10-04,8476448,REMOVE_MAX_SOG,7.182459677419357,5.888538380651945,-1.2939212967674116,0.6370051319648109,0.6569161648026007,6.545454545454546,RETROSPECTIVE_HISTORY_DIAGNOSTIC
2026-10-04,8476448,REMOVE_MAX_RATE,7.182459677419357,5.888538380651945,-1.2939212967674116,0.6370051319648109,0.6569161648026007,6.545454545454546,RETROSPECTIVE_HISTORY_DIAGNOSTIC
2026-10-04,8476448,WINSOR_TOP_SOG_TO_SECOND_MAX,7.182459677419357,6.426411290322582,-0.7560483870967749,0.6370051319648109,0.11904325513196401,6.545454545454546,RETROSPECTIVE_HISTORY_DIAGNOSTIC
2026-10-04,8476457,REMOVE_MAX_SOG,4.162743446156895,3.3257579956765144,-0.8369854504803809,1.4020072498378768,0.565021799357496,2.7607361963190185,RETROSPECTIVE_HISTORY_DIAGNOSTIC
2026-10-04,8476457,REMOVE_MAX_RATE,4.162743446156895,3.3257579956765144,-0.8369854504803809,1.4020072498378768,0.565021799357496,2.7607361963190185,RETROSPECTIVE_HISTORY_DIAGNOSTIC
2026-10-04,8476457,WINSOR_TOP_SOG_TO_SECOND_MAX,4.162743446156895,4.162743446156895,0.0,1.4020072498378768,1.4020072498378768,2.7607361963190185,RETROSPECTIVE_HISTORY_DIAGNOSTIC
2026-10-04,8476458,REMOVE_MAX_SOG,7.158397080496877,6.167470546374634,-0.9909265341222424,7.158397080496877,6.167470546374634,0.0,RETROSPECTIVE_HISTORY_DIAGNOSTIC
2026-10-04,8476458,REMOVE_MAX_RATE,7.158397080496877,6.167470546374634,-0.9909265341222424,7.158397080496877,6.167470546374634,0.0,RETROSPECTIVE_HISTORY_DIAGNOSTIC
2026-10-04,8476458,WINSOR_TOP_SOG_TO_SECOND_MAX,7.158397080496877,6.737314899291178,-0.4210821812056986,7.158397080496877,6.737314899291178,0.0,RETROSPECTIVE_HISTORY_DIAGNOSTIC
2026-10-04,8476459,REMOVE_MAX_SOG,5.50739418663947,5.078433585374111,-0.4289606012653584,5.50739418663947,5.078433585374111,0.0,RETROSPECTIVE_HISTORY_DIAGNOSTIC
2026-10-04,8476459,REMOVE_MAX_RATE,5.50739418663947,5.078433585374111,-0.4289606012653584,5.50739418663947,5.078433585374111,0.0,RETROSPECTIVE_HISTORY_DIAGNOSTIC
2026-10-04,8476459,WINSOR_TOP_SOG_TO_SECOND_MAX,5.50739418663947,5.50739418663947,0.0,5.50739418663947,5.50739418663947,0.0,RETROSPECTIVE_HISTORY_DIAGNOSTIC
2026-10-04,8476460,REMOVE_MAX_SOG,4.460551993309172,3.740454049561016,-0.7200979437481565,2.169282260834474,2.8893802045826305,6.629834254143646,RETROSPECTIVE_HISTORY_DIAGNOSTIC
2026-10-04,8476460,REMOVE_MAX_RATE,4.460551993309172,3.740454049561016,-0.7200979437481565,2.169282260834474,2.8893802045826305,6.629834254143646,RETROSPECTIVE_HISTORY_DIAGNOSTIC
2026-10-04,8476460,WINSOR_TOP_SOG_TO_SECOND_MAX,4.460551993309172,4.1817674937273495,-0.27878449958182294,2.169282260834474,2.448066760416297,6.629834254143646,RETROSPECTIVE_HISTORY_DIAGNOSTIC
2026-10-04,8476467,REMOVE_MAX_SOG,2.2360645264334775,1.7720023626698167,-0.46406216376366083,2.2360645264334775,1.7720023626698167,0.0,RETROSPECTIVE_HISTORY_DIAGNOSTIC
2026-10-04,8476467,REMOVE_MAX_RATE,2.2360645264334775,1.757881167233095,-0.4781833592003826,2.2360645264334775,1.757881167233095,0.0,RETROSPECTIVE_HISTORY_DIAGNOSTIC
2026-10-04,8476467,WINSOR_TOP_SOG_TO_SECOND_MAX,2.2360645264334775,2.2360645264334775,0.0,2.2360645264334775,2.2360645264334775,0.0,RETROSPECTIVE_HISTORY_DIAGNOSTIC
2026-10-04,8476468,REMOVE_MAX_SOG,5.910987482614742,5.53687957286929,-0.3741079097454527,2.9770021525413926,2.60289424279594,2.93398533007335,RETROSPECTIVE_HISTORY_DIAGNOSTIC
2026-10-04,8476468,REMOVE_MAX_RATE,5.910987482614742,5.53687957286929,-0.3741079097454527,2.9770021525413926,2.60289424279594,2.93398533007335,RETROSPECTIVE_HISTORY_DIAGNOSTIC
2026-10-04,8476468,WINSOR_TOP_SOG_TO_SECOND_MAX,5.910987482614742,5.563282336578582,-0.34770514603616043,2.9770021525413926,2.629297006505232,2.93398533007335,RETROSPECTIVE_HISTORY_DIAGNOSTIC
2026-10-04,8476480,REMOVE_MAX_SOG,7.3337679269882665,6.083510000921744,-1.2502579260665225,2.7710302844027153,1.5207723583361927,4.562737642585551,RETROSPECTIVE_HISTORY_DIAGNOSTIC
2026-10-04,8476480,REMOVE_MAX_RATE,7.3337679269882665,6.083510000921744,-1.2502579260665225,2.7710302844027153,1.5207723583361927,4.562737642585551,RETROSPECTIVE_HISTORY_DIAGNOSTIC
2026-10-04,8476480,WINSOR_TOP_SOG_TO_SECOND_MAX,7.3337679269882665,6.844850065189049,-0.4889178617992176,2.7710302844027153,2.2821124226034977,4.562737642585551,RETROSPECTIVE_HISTORY_DIAGNOSTIC
2026-10-04,8476881,REMOVE_MAX_SOG,9.14576055890759,8.138787748982653,-1.006972809924937,1.8656796691199258,0.8587068591949887,7.280080889787664,RETROSPECTIVE_HISTORY_DIAGNOSTIC
2026-10-04,8476881,REMOVE_MAX_RATE,9.14576055890759,8.138787748982653,-1.006972809924937,1.8656796691199258,0.8587068591949887,7.280080889787664,RETROSPECTIVE_HISTORY_DIAGNOSTIC
2026-10-04,8476881,WINSOR_TOP_SOG_TO_SECOND_MAX,9.14576055890759,8.764687202286442,-0.3810733566211475,1.8656796691199258,1.4846063124987783,7.280080889787664,RETROSPECTIVE_HISTORY_DIAGNOSTIC
2026-10-04,8476905,REMOVE_MAX_SOG,2.7066651629637986,2.244948865053629,-0.46171629791016944,1.0988316657888437,1.5605479636990132,3.8054968287526423,RETROSPECTIVE_HISTORY_DIAGNOSTIC
2026-10-04,8476905,REMOVE_MAX_RATE,2.7066651629637986,2.244948865053629,-0.46171629791016944,1.0988316657888437,1.5605479636990132,3.8054968287526423,RETROSPECTIVE_HISTORY_DIAGNOSTIC
2026-10-04,8476905,WINSOR_TOP_SOG_TO_SECOND_MAX,2.7066651629637986,2.7066651629637986,0.0,1.0988316657888437,1.0988316657888437,3.8054968287526423,RETROSPECTIVE_HISTORY_DIAGNOSTIC
2026-10-04,8477220,REMOVE_MAX_SOG,1.9413287316652288,1.4122631517006001,-0.5290655799646287,6.00569113588444,6.53475671584907,7.9470198675496695,RETROSPECTIVE_HISTORY_DIAGNOSTIC
2026-10-04,8477220,REMOVE_MAX_RATE,1.9413287316652288,1.4122631517006001,-0.5290655799646287,6.00569113588444,6.53475671584907,7.9470198675496695,RETROSPECTIVE_HISTORY_DIAGNOSTIC
2026-10-04,8477220,WINSOR_TOP_SOG_TO_SECOND_MAX,1.9413287316652288,1.6177739430543574,-0.3235547886108714,6.00569113588444,6.3292459244953125,7.9470198675496695,RETROSPECTIVE_HISTORY_DIAGNOSTIC
2026-10-04,8477346,REMOVE_MAX_SOG,5.444097187216454,4.758937170698543,-0.6851600165179113,5.444097187216454,4.758937170698543,0.0,RETROSPECTIVE_HISTORY_DIAGNOSTIC
2026-10-04,8477346,REMOVE_MAX_RATE,5.444097187216454,4.758937170698543,-0.6851600165179113,5.444097187216454,4.758937170698543,0.0,RETROSPECTIVE_HISTORY_DIAGNOSTIC
2026-10-04,8477346,WINSOR_TOP_SOG_TO_SECOND_MAX,5.444097187216454,5.141647343482206,-0.302449843734248,5.444097187216454,5.141647343482206,0.0,RETROSPECTIVE_HISTORY_DIAGNOSTIC
2026-10-04,8477409,REMOVE_MAX_SOG,7.764896198436237,6.410636908648424,-1.3542592897878123,1.561528672030084,2.9157879618178963,9.32642487046632,RETROSPECTIVE_HISTORY_DIAGNOSTIC
2026-10-04,8477409,REMOVE_MAX_RATE,7.764896198436237,6.410636908648424,-1.3542592897878123,1.561528672030084,2.9157879618178963,9.32642487046632,RETROSPECTIVE_HISTORY_DIAGNOSTIC
2026-10-04,8477409,WINSOR_TOP_SOG_TO_SECOND_MAX,7.764896198436237,7.441358856834727,-0.3235373416015097,1.561528672030084,1.8850660136315938,9.32642487046632,RETROSPECTIVE_HISTORY_DIAGNOSTIC
2026-10-04,8477416,REMOVE_MAX_SOG,6.2075081288796925,4.968121222157821,-1.2393869067218715,6.2075081288796925,4.968121222157821,0.0,RETROSPECTIVE_HISTORY_DIAGNOSTIC
2026-10-04,8477416,REMOVE_MAX_RATE,6.2075081288796925,4.908376963350786,-1.2991311655289062,6.2075081288796925,4.908376963350786,0.0,RETROSPECTIVE_HISTORY_DIAGNOSTIC
2026-10-04,8477416,WINSOR_TOP_SOG_TO_SECOND_MAX,6.2075081288796925,6.2075081288796925,0.0,6.2075081288796925,6.2075081288796925,0.0,RETROSPECTIVE_HISTORY_DIAGNOSTIC
2026-10-04,8477429,REMOVE_MAX_SOG,5.384574776962466,4.971590909090909,-0.4129838678715565,2.8564848893220165,2.44350102145046,2.528089887640449,RETROSPECTIVE_HISTORY_DIAGNOSTIC
2026-10-04,8477429,REMOVE_MAX_RATE,5.384574776962466,4.971590909090909,-0.4129838678715565,2.8564848893220165,2.44350102145046,2.528089887640449,RETROSPECTIVE_HISTORY_DIAGNOSTIC
2026-10-04,8477429,WINSOR_TOP_SOG_TO_SECOND_MAX,5.384574776962466,5.0678350841999675,-0.31673969276249814,2.8564848893220165,2.5397451965595184,2.528089887640449,RETROSPECTIVE_HISTORY_DIAGNOSTIC
2026-10-04,8477447,REMOVE_MAX_SOG,6.07846748940873,5.610681074341524,-0.46778641506720664,0.6690009229173715,0.20121450785016481,5.409466566491359,RETROSPECTIVE_HISTORY_DIAGNOSTIC
2026-10-04,8477447,REMOVE_MAX_RATE,6.07846748940873,5.445195119491781,-0.6332723699169494,0.6690009229173715,0.0357285530004221,5.409466566491359,RETROSPECTIVE_HISTORY_DIAGNOSTIC
2026-10-04,8477447,WINSOR_TOP_SOG_TO_SECOND_MAX,6.07846748940873,6.07846748940873,0.0,0.6690009229173715,0.6690009229173715,5.409466566491359,RETROSPECTIVE_HISTORY_DIAGNOSTIC
2026-10-04,8477456,REMOVE_MAX_SOG,3.3228724386191613,2.9669398135066403,-0.355932625112521,6.01564896215905,6.371581587271571,9.33852140077821,RETROSPECTIVE_HISTORY_DIAGNOSTIC
2026-10-04,8477456,REMOVE_MAX_RATE,3.3228724386191613,2.8608405421973977,-0.46203189642176357,6.01564896215905,6.477680858580813,9.33852140077821,RETROSPECTIVE_HISTORY_DIAGNOSTIC
2026-10-04,8477456,WINSOR_TOP_SOG_TO_SECOND_MAX,3.3228724386191613,3.3228724386191613,0.0,6.01564896215905,6.01564896215905,9.33852140077821,RETROSPECTIVE_HISTORY_DIAGNOSTIC
2026-10-04,8477495,REMOVE_MAX_SOG,2.5967894239848914,2.384737678855326,-0.21205174512956537,5.7997120337410575,6.011763778870622,8.396501457725948,RETROSPECTIVE_HISTORY_DIAGNOSTIC
2026-10-04,8477495,REMOVE_MAX_RATE,2.5967894239848914,2.384737678855326,-0.21205174512956537,5.7997120337410575,6.011763778870622,8.396501457725948,RETROSPECTIVE_HISTORY_DIAGNOSTIC
2026-10-04,8477495,WINSOR_TOP_SOG_TO_SECOND_MAX,2.5967894239848914,2.360717658168083,-0.23607176581680855,5.7997120337410575,6.035783799557866,8.396501457725948,RETROSPECTIVE_HISTORY_DIAGNOSTIC
2026-10-04,8477504,REMOVE_MAX_SOG,6.454282167976831,6.101788933573707,-0.3524932344031235,13.035276996756345,13.387770231159468,19.489559164733176,RETROSPECTIVE_HISTORY_DIAGNOSTIC
2026-10-04,8477504,REMOVE_MAX_RATE,6.454282167976831,6.015585836029714,-0.4386963319471171,13.035276996756345,13.473973328703462,19.489559164733176,RETROSPECTIVE_HISTORY_DIAGNOSTIC
2026-10-04,8477504,WINSOR_TOP_SOG_TO_SECOND_MAX,6.454282167976831,6.454282167976831,0.0,13.035276996756345,13.035276996756345,19.489559164733176,RETROSPECTIVE_HISTORY_DIAGNOSTIC
2026-10-04,8477903,REMOVE_MAX_SOG,1.6556291390728477,1.2612991381122554,-0.39433000096059234,4.660160334611363,5.0544903355719555,6.315789473684211,RETROSPECTIVE_HISTORY_DIAGNOSTIC
2026-10-04,8477903,REMOVE_MAX_RATE,1.6556291390728477,1.236603462489695,-0.4190256765831526,4.660160334611363,5.0791860111945155,6.315789473684211,RETROSPECTIVE_HISTORY_DIAGNOSTIC
2026-10-04,8477903,WINSOR_TOP_SOG_TO_SECOND_MAX,1.6556291390728477,1.6556291390728477,0.0,4.660160334611363,4.660160334611363,6.315789473684211,RETROSPECTIVE_HISTORY_DIAGNOSTIC
2026-10-04,8477919,REMOVE_MAX_SOG,6.627680311890838,5.626487773209263,-1.0011925386815754,6.627680311890838,5.626487773209263,0.0,RETROSPECTIVE_HISTORY_DIAGNOSTIC
2026-10-04,8477919,REMOVE_MAX_RATE,6.627680311890838,5.626487773209263,-1.0011925386815754,6.627680311890838,5.626487773209263,0.0,RETROSPECTIVE_HISTORY_DIAGNOSTIC
2026-10-04,8477919,WINSOR_TOP_SOG_TO_SECOND_MAX,6.627680311890838,6.237816764132553,-0.389863547758285,6.627680311890838,6.237816764132553,0.0,RETROSPECTIVE_HISTORY_DIAGNOSTIC
2026-10-04,8477933,REMOVE_MAX_SOG,6.847275974992558,5.967839973476266,-0.8794360015162912,1.2184447120873543,2.0978807136036455,8.065720687079912,RETROSPECTIVE_HISTORY_DIAGNOSTIC
2026-10-04,8477933,REMOVE_MAX_RATE,6.847275974992558,5.967839973476266,-0.8794360015162912,1.2184447120873543,2.0978807136036455,8.065720687079912,RETROSPECTIVE_HISTORY_DIAGNOSTIC
2026-10-04,8477933,WINSOR_TOP_SOG_TO_SECOND_MAX,6.847275974992558,6.549568323905924,-0.29770765108663344,1.2184447120873543,1.5161523631739877,8.065720687079912,RETROSPECTIVE_HISTORY_DIAGNOSTIC
2026-10-04,8477935,REMOVE_MAX_SOG,8.781915758659945,7.2904009720534635,-1.4915147866064817,2.193693997437615,3.6852087840440966,10.97560975609756,RETROSPECTIVE_HISTORY_DIAGNOSTIC
2026-10-04,8477935,REMOVE_MAX_RATE,8.781915758659945,7.2904009720534635,-1.4915147866064817,2.193693997437615,3.6852087840440966,10.97560975609756,RETROSPECTIVE_HISTORY_DIAGNOSTIC
2026-10-04,8477935,WINSOR_TOP_SOG_TO_SECOND_MAX,8.781915758659945,7.806147341031062,-0.975768417628883,2.193693997437615,3.169462415066498,10.97560975609756,RETROSPECTIVE_HISTORY_DIAGNOSTIC
2026-10-04,8477951,REMOVE_MAX_SOG,11.244491718583802,9.67849593948159,-1.565995779102213,0.8398674411271543,0.7261283379750587,10.404624277456648,RETROSPECTIVE_HISTORY_DIAGNOSTIC
2026-10-04,8477951,REMOVE_MAX_RATE,11.244491718583802,9.67849593948159,-1.565995779102213,0.8398674411271543,0.7261283379750587,10.404624277456648,RETROSPECTIVE_HISTORY_DIAGNOSTIC
2026-10-04,8477951,WINSOR_TOP_SOG_TO_SECOND_MAX,11.244491718583802,11.244491718583802,0.0,0.8398674411271543,0.8398674411271543,10.404624277456648,RETROSPECTIVE_HISTORY_DIAGNOSTIC
2026-10-04,8477955,REMOVE_MAX_SOG,7.254215717467388,6.4631956912028725,-0.7910200262645155,0.3890963844434401,1.1801164107079556,7.643312101910828,RETROSPECTIVE_HISTORY_DIAGNOSTIC
2026-10-04,8477955,REMOVE_MAX_RATE,7.254215717467388,6.641300588031824,-0.6129151294355637,0.3890963844434401,1.0020115138790038,7.643312101910828,RETROSPECTIVE_HISTORY_DIAGNOSTIC
2026-10-04,8477955,WINSOR_TOP_SOG_TO_SECOND_MAX,7.254215717467388,7.254215717467388,0.0,0.3890963844434401,0.3890963844434401,7.643312101910828,RETROSPECTIVE_HISTORY_DIAGNOSTIC
2026-10-04,8477964,REMOVE_MAX_SOG,5.0596782563570315,3.094378545642083,-1.9652997107149486,5.0596782563570315,3.094378545642083,0.0,RETROSPECTIVE_HISTORY_DIAGNOSTIC
2026-10-04,8477964,REMOVE_MAX_RATE,5.0596782563570315,3.094378545642083,-1.9652997107149486,5.0596782563570315,3.094378545642083,0.0,RETROSPECTIVE_HISTORY_DIAGNOSTIC
2026-10-04,8477964,WINSOR_TOP_SOG_TO_SECOND_MAX,5.0596782563570315,3.5028541774779454,-1.5568240788790861,5.0596782563570315,3.5028541774779454,0.0,RETROSPECTIVE_HISTORY_DIAGNOSTIC
2026-10-04,8477969,REMOVE_MAX_SOG,1.6585275960563899,1.2290045063498565,-0.4295230897065334,1.6585275960563899,1.2290045063498565,0.0,RETROSPECTIVE_HISTORY_DIAGNOSTIC
2026-10-04,8477969,REMOVE_MAX_RATE,1.6585275960563899,1.2290045063498565,-0.4295230897065334,1.6585275960563899,1.2290045063498565,0.0,RETROSPECTIVE_HISTORY_DIAGNOSTIC
2026-10-04,8477969,WINSOR_TOP_SOG_TO_SECOND_MAX,1.6585275960563899,1.3821063300469916,-0.2764212660093983,1.6585275960563899,1.3821063300469916,0.0,RETROSPECTIVE_HISTORY_DIAGNOSTIC
2026-10-04,8477971,REMOVE_MAX_SOG,2.855556436900135,1.6591390911604758,-1.1964173457396594,2.855556436900135,1.6591390911604758,0.0,RETROSPECTIVE_HISTORY_DIAGNOSTIC
2026-10-04,8477971,REMOVE_MAX_RATE,2.855556436900135,1.6591390911604758,-1.1964173457396594,2.855556436900135,1.6591390911604758,0.0,RETROSPECTIVE_HISTORY_DIAGNOSTIC
2026-10-04,8477971,WINSOR_TOP_SOG_TO_SECOND_MAX,2.855556436900135,1.9037042912667568,-0.9518521456333784,2.855556436900135,1.9037042912667568,0.0,RETROSPECTIVE_HISTORY_DIAGNOSTIC
2026-10-04,8477986,REMOVE_MAX_SOG,6.754708811431045,6.087544690308241,-0.6671641211228039,1.0039118782241276,1.6710759993469315,7.758620689655173,RETROSPECTIVE_HISTORY_DIAGNOSTIC
2026-10-04,8477986,REMOVE_MAX_RATE,6.754708811431045,6.087544690308241,-0.6671641211228039,1.0039118782241276,1.6710759993469315,7.758620689655173,RETROSPECTIVE_HISTORY_DIAGNOSTIC
2026-10-04,8477986,WINSOR_TOP_SOG_TO_SECOND_MAX,6.754708811431045,6.4949123186836974,-0.2597964927473475,1.0039118782241276,1.2637083709714751,7.758620689655173,RETROSPECTIVE_HISTORY_DIAGNOSTIC
2026-10-04,8478042,REMOVE_MAX_SOG,8.917032825019383,7.690664387951292,-1.226368437068091,0.5058178717483539,0.720550565319737,8.41121495327103,RETROSPECTIVE_HISTORY_DIAGNOSTIC
2026-10-04,8478042,REMOVE_MAX_RATE,8.917032825019383,7.690664387951292,-1.226368437068091,0.5058178717483539,0.720550565319737,8.41121495327103,RETROSPECTIVE_HISTORY_DIAGNOSTIC
2026-10-04,8478042,WINSOR_TOP_SOG_TO_SECOND_MAX,8.917032825019383,8.529335745670716,-0.3876970793486674,0.5058178717483539,0.11812079239968654,8.41121495327103,RETROSPECTIVE_HISTORY_DIAGNOSTIC
2026-10-04,8478055,REMOVE_MAX_SOG,5.355230274901822,4.806488759825765,-0.5487415150760571,5.355230274901822,4.806488759825765,0.0,RETROSPECTIVE_HISTORY_DIAGNOSTIC
2026-10-04,8478055,REMOVE_MAX_RATE,5.355230274901822,4.806488759825765,-0.5487415150760571,5.355230274901822,4.806488759825765,0.0,RETROSPECTIVE_HISTORY_DIAGNOSTIC
2026-10-04,8478055,WINSOR_TOP_SOG_TO_SECOND_MAX,5.355230274901822,5.08746876115673,-0.26776151374509194,5.355230274901822,5.08746876115673,0.0,RETROSPECTIVE_HISTORY_DIAGNOSTIC
2026-10-04,8478109,REMOVE_MAX_SOG,7.3715400737154,6.755669937268779,-0.6158701364466213,9.085602783427458,9.70147291987408,16.45714285714286,RETROSPECTIVE_HISTORY_DIAGNOSTIC
2026-10-04,8478109,REMOVE_MAX_RATE,7.3715400737154,6.755669937268779,-0.6158701364466213,9.085602783427458,9.70147291987408,16.45714285714286,RETROSPECTIVE_HISTORY_DIAGNOSTIC
2026-10-04,8478109,WINSOR_TOP_SOG_TO_SECOND_MAX,7.3715400737154,7.3715400737154,0.0,9.085602783427458,9.085602783427458,16.45714285714286,RETROSPECTIVE_HISTORY_DIAGNOSTIC
2026-10-04,8478136,REMOVE_MAX_SOG,2.4438496450599323,1.9875447197561944,-0.4563049253037379,1.1311255287235826,1.5874304540273205,3.574975173783515,RETROSPECTIVE_HISTORY_DIAGNOSTIC
2026-10-04,8478136,REMOVE_MAX_RATE,2.4438496450599323,1.910706324437934,-0.5331433206219982,1.1311255287235826,1.6642688493455808,3.574975173783515,RETROSPECTIVE_HISTORY_DIAGNOSTIC
2026-10-04,8478136,WINSOR_TOP_SOG_TO_SECOND_MAX,2.4438496450599323,2.4438496450599323,0.0,1.1311255287235826,1.1311255287235826,3.574975173783515,RETROSPECTIVE_HISTORY_DIAGNOSTIC
2026-10-04,8478147,REMOVE_MAX_SOG,6.263774504117852,5.818786367414797,-0.4449881367030555,6.263774504117852,5.818786367414797,0.0,RETROSPECTIVE_HISTORY_DIAGNOSTIC
2026-10-04,8478147,REMOVE_MAX_RATE,6.263774504117852,5.358509823934678,-0.9052646801831745,6.263774504117852,5.358509823934678,0.0,RETROSPECTIVE_HISTORY_DIAGNOSTIC
2026-10-04,8478147,WINSOR_TOP_SOG_TO_SECOND_MAX,6.263774504117852,6.263774504117852,0.0,6.263774504117852,6.263774504117852,0.0,RETROSPECTIVE_HISTORY_DIAGNOSTIC
2026-10-04,8478396,REMOVE_MAX_SOG,4.618715419773876,3.933996284559064,-0.6847191352148121,1.5600918004025934,0.8753726651877813,3.0586236193712826,RETROSPECTIVE_HISTORY_DIAGNOSTIC
2026-10-04,8478396,REMOVE_MAX_RATE,4.618715419773876,3.933996284559064,-0.6847191352148121,1.5600918004025934,0.8753726651877813,3.0586236193712826,RETROSPECTIVE_HISTORY_DIAGNOSTIC
2026-10-04,8478396,WINSOR_TOP_SOG_TO_SECOND_MAX,4.618715419773876,4.330045706038008,-0.28866971373586825,1.5600918004025934,1.2714220866667252,3.0586236193712826,RETROSPECTIVE_HISTORY_DIAGNOSTIC
2026-10-04,8478397,REMOVE_MAX_SOG,6.108283202221194,4.593477262287552,-1.514805939933642,2.619911109197938,1.105105169264296,3.488372093023256,RETROSPECTIVE_HISTORY_DIAGNOSTIC
2026-10-04,8478397,REMOVE_MAX_RATE,6.108283202221194,4.593477262287552,-1.514805939933642,2.619911109197938,1.105105169264296,3.488372093023256,RETROSPECTIVE_HISTORY_DIAGNOSTIC
2026-10-04,8478397,WINSOR_TOP_SOG_TO_SECOND_MAX,6.108283202221194,4.997686256362795,-1.1105969458583989,2.619911109197938,1.509314163339539,3.488372093023256,RETROSPECTIVE_HISTORY_DIAGNOSTIC
2026-10-04,8478398,REMOVE_MAX_SOG,11.34161901611455,9.75456261799874,-1.5870563981158092,3.596140319985036,5.183196718100845,14.937759336099585,RETROSPECTIVE_HISTORY_DIAGNOSTIC
2026-10-04,8478398,REMOVE_MAX_RATE,11.34161901611455,9.75456261799874,-1.5870563981158092,3.596140319985036,5.183196718100845,14.937759336099585,RETROSPECTIVE_HISTORY_DIAGNOSTIC
2026-10-04,8478398,WINSOR_TOP_SOG_TO_SECOND_MAX,11.34161901611455,10.490997589905957,-0.8506214262085923,3.596140319985036,4.446761746193628,14.937759336099585,RETROSPECTIVE_HISTORY_DIAGNOSTIC
2026-10-04,8478403,REMOVE_MAX_SOG,9.027986758952753,8.684518176251183,-0.3434685827015702,2.9877183025769147,2.6442497198753445,6.040268456375839,RETROSPECTIVE_HISTORY_DIAGNOSTIC
2026-10-04,8478403,REMOVE_MAX_RATE,9.027986758952753,8.580386117375282,-0.4476006415774716,2.9877183025769147,2.540117660999443,6.040268456375839,RETROSPECTIVE_HISTORY_DIAGNOSTIC
2026-10-04,8478403,WINSOR_TOP_SOG_TO_SECOND_MAX,9.027986758952753,9.027986758952753,0.0,2.9877183025769147,2.9877183025769147,6.040268456375839,RETROSPECTIVE_HISTORY_DIAGNOSTIC
2026-10-04,8478407,REMOVE_MAX_SOG,5.851089765468818,4.752851711026616,-1.0982380544422021,5.851089765468818,4.752851711026616,0.0,RETROSPECTIVE_HISTORY_DIAGNOSTIC
2026-10-04,8478407,REMOVE_MAX_RATE,5.851089765468818,4.752851711026616,-1.0982380544422021,5.851089765468818,4.752851711026616,0.0,RETROSPECTIVE_HISTORY_DIAGNOSTIC
2026-10-04,8478407,WINSOR_TOP_SOG_TO_SECOND_MAX,5.851089765468818,5.558535277195377,-0.2925544882734412,5.851089765468818,5.558535277195377,0.0,RETROSPECTIVE_HISTORY_DIAGNOSTIC
2026-10-04,8478421,REMOVE_MAX_SOG,7.770510911092405,6.487421610322209,-1.2830893007701958,0.21175072970582232,1.494840030476018,7.982261640798227,RETROSPECTIVE_HISTORY_DIAGNOSTIC
2026-10-04,8478421,REMOVE_MAX_RATE,7.770510911092405,6.487421610322209,-1.2830893007701958,0.21175072970582232,1.494840030476018,7.982261640798227,RETROSPECTIVE_HISTORY_DIAGNOSTIC
2026-10-04,8478421,WINSOR_TOP_SOG_TO_SECOND_MAX,7.770510911092405,7.381985365537783,-0.3885255455546215,0.21175072970582232,0.6002762752604438,7.982261640798227,RETROSPECTIVE_HISTORY_DIAGNOSTIC
2026-10-04,8478434,REMOVE_MAX_SOG,1.9683424915935375,1.6273393002441008,-0.3410031913494367,1.9683424915935375,1.6273393002441008,0.0,RETROSPECTIVE_HISTORY_DIAGNOSTIC
2026-10-04,8478434,REMOVE_MAX_RATE,1.9683424915935375,1.6110265819386018,-0.35731590965493565,1.9683424915935375,1.6110265819386018,0.0,RETROSPECTIVE_HISTORY_DIAGNOSTIC
2026-10-04,8478434,WINSOR_TOP_SOG_TO_SECOND_MAX,1.9683424915935375,1.9683424915935375,0.0,1.9683424915935375,1.9683424915935375,0.0,RETROSPECTIVE_HISTORY_DIAGNOSTIC
2026-10-04,8478444,REMOVE_MAX_SOG,6.48682042833608,6.149641270925864,-0.3371791574102163,6.48682042833608,6.149641270925864,0.0,RETROSPECTIVE_HISTORY_DIAGNOSTIC
2026-10-04,8478444,REMOVE_MAX_RATE,6.48682042833608,6.102039663257813,-0.38478076507826753,6.48682042833608,6.102039663257813,0.0,RETROSPECTIVE_HISTORY_DIAGNOSTIC
2026-10-04,8478444,WINSOR_TOP_SOG_TO_SECOND_MAX,6.48682042833608,6.48682042833608,0.0,6.48682042833608,6.48682042833608,0.0,RETROSPECTIVE_HISTORY_DIAGNOSTIC
2026-10-04,8478450,REMOVE_MAX_SOG,3.478260869565217,2.836376528984222,-0.6418843405809946,0.03328479301019316,0.6085995475708015,3.4449760765550237,RETROSPECTIVE_HISTORY_DIAGNOSTIC
2026-10-04,8478450,REMOVE_MAX_RATE,3.478260869565217,2.836376528984222,-0.6418843405809946,0.03328479301019316,0.6085995475708015,3.4449760765550237,RETROSPECTIVE_HISTORY_DIAGNOSTIC
2026-10-04,8478450,WINSOR_TOP_SOG_TO_SECOND_MAX,3.478260869565217,3.162055335968379,-0.3162055335968379,0.03328479301019316,0.28292074058664474,3.4449760765550237,RETROSPECTIVE_HISTORY_DIAGNOSTIC
2026-10-04,8478468,REMOVE_MAX_SOG,7.4087794035932575,6.586620926243568,-0.8221584773496895,7.4087794035932575,6.586620926243568,0.0,RETROSPECTIVE_HISTORY_DIAGNOSTIC
2026-10-04,8478468,REMOVE_MAX_RATE,7.4087794035932575,6.586620926243568,-0.8221584773496895,7.4087794035932575,6.586620926243568,0.0,RETROSPECTIVE_HISTORY_DIAGNOSTIC
2026-10-04,8478468,WINSOR_TOP_SOG_TO_SECOND_MAX,7.4087794035932575,7.0383404334135955,-0.370438970179662,7.4087794035932575,7.0383404334135955,0.0,RETROSPECTIVE_HISTORY_DIAGNOSTIC
2026-10-04,8478474,REMOVE_MAX_SOG,7.583052479537793,6.95012264922322,-0.6329298303145725,11.982164911766555,12.615094742081126,19.565217391304348,RETROSPECTIVE_HISTORY_DIAGNOSTIC
2026-10-04,8478474,REMOVE_MAX_RATE,7.583052479537793,6.95012264922322,-0.6329298303145725,11.982164911766555,12.615094742081126,19.565217391304348,RETROSPECTIVE_HISTORY_DIAGNOSTIC
2026-10-04,8478474,WINSOR_TOP_SOG_TO_SECOND_MAX,7.583052479537793,7.221954742416946,-0.36109773712084703,11.982164911766555,12.343262648887402,19.565217391304348,RETROSPECTIVE_HISTORY_DIAGNOSTIC
2026-10-04,8478483,REMOVE_MAX_SOG,7.185270196097999,5.945826910372165,-1.2394432857258346,1.0214167339931848,2.2608600197190194,8.206686930091184,RETROSPECTIVE_HISTORY_DIAGNOSTIC
2026-10-04,8478483,REMOVE_MAX_RATE,7.185270196097999,5.945826910372165,-1.2394432857258346,1.0214167339931848,2.2608600197190194,8.206686930091184,RETROSPECTIVE_HISTORY_DIAGNOSTIC
2026-10-04,8478483,WINSOR_TOP_SOG_TO_SECOND_MAX,7.185270196097999,6.5864976797565,-0.5987725163414996,1.0214167339931848,1.6201892503346844,8.206686930091184,RETROSPECTIVE_HISTORY_DIAGNOSTIC
2026-10-04,8478507,REMOVE_MAX_SOG,1.8126888217522659,1.3486934532171957,-0.4639953685350702,1.0286687157378682,1.4926640842729384,2.841357537490134,RETROSPECTIVE_HISTORY_DIAGNOSTIC
2026-10-04,8478507,REMOVE_MAX_RATE,1.8126888217522659,1.3486934532171957,-0.4639953685350702,1.0286687157378682,1.4926640842729384,2.841357537490134,RETROSPECTIVE_HISTORY_DIAGNOSTIC
2026-10-04,8478507,WINSOR_TOP_SOG_TO_SECOND_MAX,1.8126888217522659,1.8126888217522659,0.0,1.0286687157378682,1.0286687157378682,2.841357537490134,RETROSPECTIVE_HISTORY_DIAGNOSTIC
2026-10-04,8478831,REMOVE_MAX_SOG,3.495484998543548,2.9220779220779223,-0.5734070764656258,3.495484998543548,2.9220779220779223,0.0,RETROSPECTIVE_HISTORY_DIAGNOSTIC
2026-10-04,8478831,REMOVE_MAX_RATE,3.495484998543548,2.852840954116808,-0.6426440444267403,3.495484998543548,2.852840954116808,0.0,RETROSPECTIVE_HISTORY_DIAGNOSTIC
2026-10-04,8478831,WINSOR_TOP_SOG_TO_SECOND_MAX,3.495484998543548,3.495484998543548,0.0,3.495484998543548,3.495484998543548,0.0,RETROSPECTIVE_HISTORY_DIAGNOSTIC
2026-10-04,8478859,REMOVE_MAX_SOG,4.729996058336619,3.9684726891914237,-0.7615233691451953,1.7719023853703089,1.0103790162251136,2.95809367296631,RETROSPECTIVE_HISTORY_DIAGNOSTIC
2026-10-04,8478859,REMOVE_MAX_RATE,4.729996058336619,3.9684726891914237,-0.7615233691451953,1.7719023853703089,1.0103790162251136,2.95809367296631,RETROSPECTIVE_HISTORY_DIAGNOSTIC
2026-10-04,8478859,WINSOR_TOP_SOG_TO_SECOND_MAX,4.729996058336619,4.43437130469058,-0.295624753646039,1.7719023853703089,1.4762776317242698,2.95809367296631,RETROSPECTIVE_HISTORY_DIAGNOSTIC
2026-10-04,8478882,REMOVE_MAX_SOG,3.5348499954681407,2.7075812274368234,-0.8272687680313173,5.864627811320371,6.691896579351689,9.399477806788513,RETROSPECTIVE_HISTORY_DIAGNOSTIC
2026-10-04,8478882,REMOVE_MAX_RATE,3.5348499954681407,2.7075812274368234,-0.8272687680313173,5.864627811320371,6.691896579351689,9.399477806788513,RETROSPECTIVE_HISTORY_DIAGNOSTIC
2026-10-04,8478882,WINSOR_TOP_SOG_TO_SECOND_MAX,3.5348499954681407,2.9910269192422727,-0.543823076225868,5.864627811320371,6.408450887546239,9.399477806788513,RETROSPECTIVE_HISTORY_DIAGNOSTIC
2026-10-04,8478891,REMOVE_MAX_SOG,5.023595676663115,4.045171077026799,-0.9784245996363161,5.023595676663115,4.045171077026799,0.0,RETROSPECTIVE_HISTORY_DIAGNOSTIC
2026-10-04,8478891,REMOVE_MAX_RATE,5.023595676663115,4.045171077026799,-0.9784245996363161,5.023595676663115,4.045171077026799,0.0,RETROSPECTIVE_HISTORY_DIAGNOSTIC
2026-10-04,8478891,WINSOR_TOP_SOG_TO_SECOND_MAX,5.023595676663115,4.566905160602832,-0.45669051606028344,5.023595676663115,4.566905160602832,0.0,RETROSPECTIVE_HISTORY_DIAGNOSTIC
2026-10-04,8479314,REMOVE_MAX_SOG,8.07491728817361,7.075910868350816,-0.9990064198227948,5.518099106355429,4.519092686532634,2.556818181818182,RETROSPECTIVE_HISTORY_DIAGNOSTIC
2026-10-04,8479314,REMOVE_MAX_RATE,8.07491728817361,7.075910868350816,-0.9990064198227948,5.518099106355429,4.519092686532634,2.556818181818182,RETROSPECTIVE_HISTORY_DIAGNOSTIC
2026-10-04,8479314,WINSOR_TOP_SOG_TO_SECOND_MAX,8.07491728817361,7.738462401166377,-0.3364548870072337,5.518099106355429,5.181644219348195,2.556818181818182,RETROSPECTIVE_HISTORY_DIAGNOSTIC
2026-10-04,8479323,REMOVE_MAX_SOG,3.855687138529331,3.479361062786652,-0.3763260757426794,1.075764358606551,0.6994382828638717,2.77992277992278,RETROSPECTIVE_HISTORY_DIAGNOSTIC
2026-10-04,8479323,REMOVE_MAX_RATE,3.855687138529331,3.432494279176201,-0.4231928593531302,1.075764358606551,0.6525714992534208,2.77992277992278,RETROSPECTIVE_HISTORY_DIAGNOSTIC
2026-10-04,8479323,WINSOR_TOP_SOG_TO_SECOND_MAX,3.855687138529331,3.855687138529331,0.0,1.075764358606551,1.075764358606551,2.77992277992278,RETROSPECTIVE_HISTORY_DIAGNOSTIC
2026-10-04,8479324,REMOVE_MAX_SOG,2.4288688410825814,1.887148518588413,-0.5417203224941685,0.794049690698976,1.3357700131931445,3.2229185317815574,RETROSPECTIVE_HISTORY_DIAGNOSTIC
2026-10-04,8479324,REMOVE_MAX_RATE,2.4288688410825814,1.887148518588413,-0.5417203224941685,0.794049690698976,1.3357700131931445,3.2229185317815574,RETROSPECTIVE_HISTORY_DIAGNOSTIC
2026-10-04,8479324,WINSOR_TOP_SOG_TO_SECOND_MAX,2.4288688410825814,2.4288688410825814,0.0,0.794049690698976,0.794049690698976,3.2229185317815574,RETROSPECTIVE_HISTORY_DIAGNOSTIC
2026-10-04,8479337,REMOVE_MAX_SOG,9.439404268708376,7.6712965653513105,-1.7681077033570656,0.8757819777099627,2.6438896810670283,10.315186246418339,RETROSPECTIVE_HISTORY_DIAGNOSTIC
2026-10-04,8479337,REMOVE_MAX_RATE,9.439404268708376,7.6712965653513105,-1.7681077033570656,0.8757819777099627,2.6438896810670283,10.315186246418339,RETROSPECTIVE_HISTORY_DIAGNOSTIC
2026-10-04,8479337,WINSOR_TOP_SOG_TO_SECOND_MAX,9.439404268708376,8.810110650794483,-0.629293617913893,0.8757819777099627,1.5050755956238557,10.315186246418339,RETROSPECTIVE_HISTORY_DIAGNOSTIC
2026-10-04,8479343,REMOVE_MAX_SOG,7.313195548489667,6.667446484969003,-0.6457490635206646,0.6649961025062883,0.019247038985623632,6.648199445983379,RETROSPECTIVE_HISTORY_DIAGNOSTIC
2026-10-04,8479343,REMOVE_MAX_RATE,7.313195548489667,6.667446484969003,-0.6457490635206646,0.6649961025062883,0.019247038985623632,6.648199445983379,RETROSPECTIVE_HISTORY_DIAGNOSTIC
2026-10-04,8479343,WINSOR_TOP_SOG_TO_SECOND_MAX,7.313195548489667,6.995230524642291,-0.31796502384737657,0.6649961025062883,0.3470310786589117,6.648199445983379,RETROSPECTIVE_HISTORY_DIAGNOSTIC
2026-10-04,8479353,REMOVE_MAX_SOG,6.091370558375634,5.084027679706256,-1.0073428786693785,2.616467083472159,1.6091242048027805,3.474903474903475,RETROSPECTIVE_HISTORY_DIAGNOSTIC
2026-10-04,8479353,REMOVE_MAX_RATE,6.091370558375634,5.084027679706256,-1.0073428786693785,2.616467083472159,1.6091242048027805,3.474903474903475,RETROSPECTIVE_HISTORY_DIAGNOSTIC
2026-10-04,8479353,WINSOR_TOP_SOG_TO_SECOND_MAX,6.091370558375634,5.710659898477158,-0.38071065989847597,2.616467083472159,2.235756423573683,3.474903474903475,RETROSPECTIVE_HISTORY_DIAGNOSTIC
2026-10-04,8479369,REMOVE_MAX_SOG,2.294079091107713,1.7853954650955188,-0.5086836260121941,10.502129439697974,11.010813065710169,12.796208530805687,RETROSPECTIVE_HISTORY_DIAGNOSTIC
2026-10-04,8479369,REMOVE_MAX_RATE,2.294079091107713,1.7853954650955188,-0.5086836260121941,10.502129439697974,11.010813065710169,12.796208530805687,RETROSPECTIVE_HISTORY_DIAGNOSTIC
2026-10-04,8479369,WINSOR_TOP_SOG_TO_SECOND_MAX,2.294079091107713,1.9663535066637536,-0.3277255844439593,10.502129439697974,10.829855024141933,12.796208530805687,RETROSPECTIVE_HISTORY_DIAGNOSTIC
2026-10-04,8479410,REMOVE_MAX_SOG,6.423189360563264,5.547850208044382,-0.8753391525188823,1.1239804507574904,1.9993196032763727,7.547169811320755,RETROSPECTIVE_HISTORY_DIAGNOSTIC
2026-10-04,8479410,REMOVE_MAX_RATE,6.423189360563264,5.547850208044382,-0.8753391525188823,1.1239804507574904,1.9993196032763727,7.547169811320755,RETROSPECTIVE_HISTORY_DIAGNOSTIC
2026-10-04,8479410,WINSOR_TOP_SOG_TO_SECOND_MAX,6.423189360563264,5.929097871289167,-0.49409148927409774,1.1239804507574904,1.6180719400315882,7.547169811320755,RETROSPECTIVE_HISTORY_DIAGNOSTIC
2026-10-04,8479425,REMOVE_MAX_SOG,4.834625124702632,3.9181541140618203,-0.9164710106408118,2.5633317493083103,1.6468607386674985,2.271293375394322,RETROSPECTIVE_HISTORY_DIAGNOSTIC
2026-10-04,8479425,REMOVE_MAX_RATE,4.834625124702632,3.9181541140618203,-0.9164710106408118,2.5633317493083103,1.6468607386674985,2.271293375394322,RETROSPECTIVE_HISTORY_DIAGNOSTIC
2026-10-04,8479425,WINSOR_TOP_SOG_TO_SECOND_MAX,4.834625124702632,4.604404880669173,-0.2302202440334593,2.5633317493083103,2.333111505274851,2.271293375394322,RETROSPECTIVE_HISTORY_DIAGNOSTIC
2026-10-04,8479619,REMOVE_MAX_SOG,6.64451827242525,5.882352941176471,-0.762165331248779,2.7919168520832667,3.5540821833320457,9.436435124508517,RETROSPECTIVE_HISTORY_DIAGNOSTIC
2026-10-04,8479619,REMOVE_MAX_RATE,6.64451827242525,5.882352941176471,-0.762165331248779,2.7919168520832667,3.5540821833320457,9.436435124508517,RETROSPECTIVE_HISTORY_DIAGNOSTIC
2026-10-04,8479619,WINSOR_TOP_SOG_TO_SECOND_MAX,6.64451827242525,6.64451827242525,0.0,2.7919168520832667,2.7919168520832667,9.436435124508517,RETROSPECTIVE_HISTORY_DIAGNOSTIC
2026-10-04,8479983,REMOVE_MAX_SOG,4.020100502512563,3.4558592522777256,-0.5642412502348377,4.020100502512563,3.4558592522777256,0.0,RETROSPECTIVE_HISTORY_DIAGNOSTIC
2026-10-04,8479983,REMOVE_MAX_RATE,4.020100502512563,3.4558592522777256,-0.5642412502348377,4.020100502512563,3.4558592522777256,0.0,RETROSPECTIVE_HISTORY_DIAGNOSTIC
2026-10-04,8479983,WINSOR_TOP_SOG_TO_SECOND_MAX,4.020100502512563,4.020100502512563,0.0,4.020100502512563,4.020100502512563,0.0,RETROSPECTIVE_HISTORY_DIAGNOSTIC
2026-10-04,8479992,REMOVE_MAX_SOG,5.141388174807197,3.284671532846715,-1.8567166419604821,9.719292939743887,11.576009581704369,14.860681114551085,RETROSPECTIVE_HISTORY_DIAGNOSTIC
2026-10-04,8479992,REMOVE_MAX_RATE,5.141388174807197,3.284671532846715,-1.8567166419604821,9.719292939743887,11.576009581704369,14.860681114551085,RETROSPECTIVE_HISTORY_DIAGNOSTIC
2026-10-04,8479992,WINSOR_TOP_SOG_TO_SECOND_MAX,5.141388174807197,3.73919139985978,-1.4021967749474173,9.719292939743887,11.121489714691304,14.860681114551085,RETROSPECTIVE_HISTORY_DIAGNOSTIC
2026-10-04,8480009,REMOVE_MAX_SOG,8.435259384226063,7.670182166826462,-0.7650772173996012,0.014206752647115906,0.7508704647524853,8.421052631578947,RETROSPECTIVE_HISTORY_DIAGNOSTIC
2026-10-04,8480009,REMOVE_MAX_RATE,8.435259384226063,7.670182166826462,-0.7650772173996012,0.014206752647115906,0.7508704647524853,8.421052631578947,RETROSPECTIVE_HISTORY_DIAGNOSTIC
2026-10-04,8480009,WINSOR_TOP_SOG_TO_SECOND_MAX,8.435259384226063,8.013496415014762,-0.42176296921130074,0.014206752647115906,0.40755621656418484,8.421052631578947,RETROSPECTIVE_HISTORY_DIAGNOSTIC
2026-10-04,8480012,REMOVE_MAX_SOG,3.2318879612173443,2.502979737783075,-0.7289082234342694,5.5557442601008,6.284652483535069,8.787632221318145,RETROSPECTIVE_HISTORY_DIAGNOSTIC
2026-10-04,8480012,REMOVE_MAX_RATE,3.2318879612173443,2.502979737783075,-0.7289082234342694,5.5557442601008,6.284652483535069,8.787632221318145,RETROSPECTIVE_HISTORY_DIAGNOSTIC
2026-10-04,8480012,WINSOR_TOP_SOG_TO_SECOND_MAX,3.2318879612173443,2.90869916509561,-0.32318879612173435,5.5557442601008,5.878933056222534,8.787632221318145,RETROSPECTIVE_HISTORY_DIAGNOSTIC
2026-10-04,8480014,REMOVE_MAX_SOG,6.096184240234815,5.532333415293828,-0.563850824940987,2.07634697429413,2.640197799235117,8.172531214528945,RETROSPECTIVE_HISTORY_DIAGNOSTIC
2026-10-04,8480014,REMOVE_MAX_RATE,6.096184240234815,5.532333415293828,-0.563850824940987,2.07634697429413,2.640197799235117,8.172531214528945,RETROSPECTIVE_HISTORY_DIAGNOSTIC
2026-10-04,8480014,WINSOR_TOP_SOG_TO_SECOND_MAX,6.096184240234815,6.096184240234815,0.0,2.07634697429413,2.07634697429413,8.172531214528945,RETROSPECTIVE_HISTORY_DIAGNOSTIC
2026-10-04,8480028,REMOVE_MAX_SOG,8.589033422543102,7.508342602892101,-1.0806908196510001,1.4950001909022763,2.5756910105532764,10.084033613445378,RETROSPECTIVE_HISTORY_DIAGNOSTIC
2026-10-04,8480028,REMOVE_MAX_RATE,8.589033422543102,7.441091360066144,-1.1479420624769574,1.4950001909022763,2.6429422533792337,10.084033613445378,RETROSPECTIVE_HISTORY_DIAGNOSTIC
2026-10-04,8480028,WINSOR_TOP_SOG_TO_SECOND_MAX,8.589033422543102,8.589033422543102,0.0,1.4950001909022763,1.4950001909022763,10.084033613445378,RETROSPECTIVE_HISTORY_DIAGNOSTIC
2026-10-04,8480049,REMOVE_MAX_SOG,3.734827264239029,2.958725775432714,-0.7761014888063151,3.734827264239029,2.958725775432714,0.0,RETROSPECTIVE_HISTORY_DIAGNOSTIC
2026-10-04,8480049,REMOVE_MAX_RATE,3.734827264239029,2.958725775432714,-0.7761014888063151,3.734827264239029,2.958725775432714,0.0,RETROSPECTIVE_HISTORY_DIAGNOSTIC
2026-10-04,8480049,WINSOR_TOP_SOG_TO_SECOND_MAX,3.734827264239029,3.4680538882219554,-0.2667733760170736,3.734827264239029,3.4680538882219554,0.0,RETROSPECTIVE_HISTORY_DIAGNOSTIC
2026-10-04,8480068,REMOVE_MAX_SOG,6.24471475964353,5.192557334487235,-1.0521574251562953,2.2223683909284464,1.1702109657721511,4.022346368715084,RETROSPECTIVE_HISTORY_DIAGNOSTIC
2026-10-04,8480068,REMOVE_MAX_RATE,6.24471475964353,5.192557334487235,-1.0521574251562953,2.2223683909284464,1.1702109657721511,4.022346368715084,RETROSPECTIVE_HISTORY_DIAGNOSTIC
2026-10-04,8480068,WINSOR_TOP_SOG_TO_SECOND_MAX,6.24471475964353,5.85442008716581,-0.39029467247772054,2.2223683909284464,1.8320737184507259,4.022346368715084,RETROSPECTIVE_HISTORY_DIAGNOSTIC
2026-10-04,8480113,REMOVE_MAX_SOG,7.006330280867802,6.3398140321217245,-0.6665162487460776,1.8926939172314379,1.2261776684853603,5.113636363636364,RETROSPECTIVE_HISTORY_DIAGNOSTIC
2026-10-04,8480113,REMOVE_MAX_RATE,7.006330280867802,6.495703362879761,-0.5106269179880414,1.8926939172314379,1.3820669992433965,5.113636363636364,RETROSPECTIVE_HISTORY_DIAGNOSTIC
2026-10-04,8480113,WINSOR_TOP_SOG_TO_SECOND_MAX,7.006330280867802,6.637576055558971,-0.3687542253088312,1.8926939172314379,1.5239396919226067,5.113636363636364,RETROSPECTIVE_HISTORY_DIAGNOSTIC
2026-10-04,8480145,REMOVE_MAX_SOG,3.388652359023373,2.328853524816845,-1.0597988342065277,4.147984068052692,5.207782902259218,7.536636427076064,RETROSPECTIVE_HISTORY_DIAGNOSTIC
2026-10-04,8480145,REMOVE_MAX_RATE,3.388652359023373,2.328853524816845,-1.0597988342065277,4.147984068052692,5.207782902259218,7.536636427076064,RETROSPECTIVE_HISTORY_DIAGNOSTIC
2026-10-04,8480145,WINSOR_TOP_SOG_TO_SECOND_MAX,3.388652359023373,2.60665566078721,-0.781996698236163,4.147984068052692,4.929980766288854,7.536636427076064,RETROSPECTIVE_HISTORY_DIAGNOSTIC
2026-10-04,8480185,REMOVE_MAX_SOG,5.497861942577887,4.890307681858317,-0.6075542607195699,5.497861942577887,4.890307681858317,0.0,RETROSPECTIVE_HISTORY_DIAGNOSTIC
2026-10-04,8480185,REMOVE_MAX_RATE,5.497861942577887,4.890307681858317,-0.6075542607195699,5.497861942577887,4.890307681858317,0.0,RETROSPECTIVE_HISTORY_DIAGNOSTIC
2026-10-04,8480185,WINSOR_TOP_SOG_TO_SECOND_MAX,5.497861942577887,5.497861942577887,0.0,5.497861942577887,5.497861942577887,0.0,RETROSPECTIVE_HISTORY_DIAGNOSTIC
2026-10-04,8480289,REMOVE_MAX_SOG,5.082592121982211,3.8932597939816698,-1.1893323280005412,1.7054814277983459,0.5161490997978047,3.377110694183865,RETROSPECTIVE_HISTORY_DIAGNOSTIC
2026-10-04,8480289,REMOVE_MAX_RATE,5.082592121982211,3.8932597939816698,-1.1893323280005412,1.7054814277983459,0.5161490997978047,3.377110694183865,RETROSPECTIVE_HISTORY_DIAGNOSTIC
2026-10-04,8480289,WINSOR_TOP_SOG_TO_SECOND_MAX,5.082592121982211,4.235493434985176,-0.8470986869970352,1.7054814277983459,0.8583827408013107,3.377110694183865,RETROSPECTIVE_HISTORY_DIAGNOSTIC
2026-10-04,8480434,REMOVE_MAX_SOG,4.897426130489198,3.234695100035941,-1.6627310304532572,4.897426130489198,3.234695100035941,0.0,RETROSPECTIVE_HISTORY_DIAGNOSTIC
2026-10-04,8480434,REMOVE_MAX_RATE,4.897426130489198,3.234695100035941,-1.6627310304532572,4.897426130489198,3.234695100035941,0.0,RETROSPECTIVE_HISTORY_DIAGNOSTIC
2026-10-04,8480434,WINSOR_TOP_SOG_TO_SECOND_MAX,4.897426130489198,3.5914458290254125,-1.3059803014637859,4.897426130489198,3.5914458290254125,0.0,RETROSPECTIVE_HISTORY_DIAGNOSTIC
2026-10-04,8480727,REMOVE_MAX_SOG,1.8909549322407817,1.5221472423765792,-0.36880768986420254,1.8909549322407817,1.5221472423765792,0.0,RETROSPECTIVE_HISTORY_DIAGNOSTIC
2026-10-04,8480727,REMOVE_MAX_RATE,1.8909549322407817,1.5221472423765792,-0.36880768986420254,1.8909549322407817,1.5221472423765792,0.0,RETROSPECTIVE_HISTORY_DIAGNOSTIC
2026-10-04,8480727,WINSOR_TOP_SOG_TO_SECOND_MAX,1.8909549322407817,1.6208185133492414,-0.2701364188915403,1.8909549322407817,1.6208185133492414,0.0,RETROSPECTIVE_HISTORY_DIAGNOSTIC
2026-10-04,8480797,REMOVE_MAX_SOG,5.476451259583791,4.910988336402702,-0.565462923181089,8.766872182552707,9.332335105733794,14.243323442136496,RETROSPECTIVE_HISTORY_DIAGNOSTIC
2026-10-04,8480797,REMOVE_MAX_RATE,5.476451259583791,4.852078981063414,-0.6243722785203767,8.766872182552707,9.391244461073082,14.243323442136496,RETROSPECTIVE_HISTORY_DIAGNOSTIC
2026-10-04,8480797,WINSOR_TOP_SOG_TO_SECOND_MAX,5.476451259583791,5.476451259583791,0.0,8.766872182552707,8.766872182552707,14.243323442136496,RETROSPECTIVE_HISTORY_DIAGNOSTIC
2026-10-04,8480801,REMOVE_MAX_SOG,12.17197827367319,10.38511466897447,-1.7868636046987199,2.796836695141778,4.583700299840498,14.968814968814968,RETROSPECTIVE_HISTORY_DIAGNOSTIC
2026-10-04,8480801,REMOVE_MAX_RATE,12.17197827367319,10.38511466897447,-1.7868636046987199,2.796836695141778,4.583700299840498,14.968814968814968,RETROSPECTIVE_HISTORY_DIAGNOSTIC
2026-10-04,8480801,WINSOR_TOP_SOG_TO_SECOND_MAX,12.17197827367319,12.17197827367319,0.0,2.796836695141778,2.796836695141778,14.968814968814968,RETROSPECTIVE_HISTORY_DIAGNOSTIC
2026-10-04,8480813,REMOVE_MAX_SOG,3.4767492394611037,2.973240832507433,-0.5035084069536708,23.590919933471227,24.094428340424898,27.06766917293233,RETROSPECTIVE_HISTORY_DIAGNOSTIC
2026-10-04,8480813,REMOVE_MAX_RATE,3.4767492394611037,2.8698979591836733,-0.6068512802774304,23.590919933471227,24.197771213748656,27.06766917293233,RETROSPECTIVE_HISTORY_DIAGNOSTIC
2026-10-04,8480813,WINSOR_TOP_SOG_TO_SECOND_MAX,3.4767492394611037,3.4767492394611037,0.0,23.590919933471227,23.590919933471227,27.06766917293233,RETROSPECTIVE_HISTORY_DIAGNOSTIC
2026-10-04,8480849,REMOVE_MAX_SOG,6.087397637509964,4.832085044696786,-1.255312592813178,1.576119442021243,0.3208068492080649,4.511278195488721,RETROSPECTIVE_HISTORY_DIAGNOSTIC
2026-10-04,8480849,REMOVE_MAX_RATE,6.087397637509964,4.832085044696786,-1.255312592813178,1.576119442021243,0.3208068492080649,4.511278195488721,RETROSPECTIVE_HISTORY_DIAGNOSTIC
2026-10-04,8480849,WINSOR_TOP_SOG_TO_SECOND_MAX,6.087397637509964,5.652583520544967,-0.43481411696499705,1.576119442021243,1.141305325056246,4.511278195488721,RETROSPECTIVE_HISTORY_DIAGNOSTIC
2026-10-04,8480855,REMOVE_MAX_SOG,3.178447101558953,2.0404693079408265,-1.1379777936181266,7.5040454800434215,8.642023273661549,10.682492581602375,RETROSPECTIVE_HISTORY_DIAGNOSTIC
2026-10-04,8480855,REMOVE_MAX_RATE,3.178447101558953,2.0404693079408265,-1.1379777936181266,7.5040454800434215,8.642023273661549,10.682492581602375,RETROSPECTIVE_HISTORY_DIAGNOSTIC
2026-10-04,8480855,WINSOR_TOP_SOG_TO_SECOND_MAX,3.178447101558953,2.724383229907674,-0.45406387165127926,7.5040454800434215,7.958109351694701,10.682492581602375,RETROSPECTIVE_HISTORY_DIAGNOSTIC
2026-10-04,8480860,REMOVE_MAX_SOG,0.87213527787199,0.32464019045557835,-0.5474950874164116,0.87213527787199,0.32464019045557835,0.0,RETROSPECTIVE_HISTORY_DIAGNOSTIC
2026-10-04,8480860,REMOVE_MAX_RATE,0.87213527787199,0.32464019045557835,-0.5474950874164116,0.87213527787199,0.32464019045557835,0.0,RETROSPECTIVE_HISTORY_DIAGNOSTIC
2026-10-04,8480860,WINSOR_TOP_SOG_TO_SECOND_MAX,0.87213527787199,0.5814235185813267,-0.2907117592906633,0.87213527787199,0.5814235185813267,0.0,RETROSPECTIVE_HISTORY_DIAGNOSTIC
2026-10-04,8480876,REMOVE_MAX_SOG,6.560065600656007,2.6917900403768504,-3.868275560279157,1.1652562877560095,5.0335318480351665,7.725321888412017,RETROSPECTIVE_HISTORY_DIAGNOSTIC
2026-10-04,8480876,REMOVE_MAX_RATE,6.560065600656007,2.6917900403768504,-3.868275560279157,1.1652562877560095,5.0335318480351665,7.725321888412017,RETROSPECTIVE_HISTORY_DIAGNOSTIC
2026-10-04,8480876,WINSOR_TOP_SOG_TO_SECOND_MAX,6.560065600656007,3.2800328003280037,-3.2800328003280037,1.1652562877560095,4.445289088084014,7.725321888412017,RETROSPECTIVE_HISTORY_DIAGNOSTIC
2026-10-04,8481024,REMOVE_MAX_SOG,7.150423728813559,6.290250112325896,-0.8601736164876632,1.727504754540325,2.5876783710279883,8.877928483353884,RETROSPECTIVE_HISTORY_DIAGNOSTIC
2026-10-04,8481024,REMOVE_MAX_RATE,7.150423728813559,6.290250112325896,-0.8601736164876632,1.727504754540325,2.5876783710279883,8.877928483353884,RETROSPECTIVE_HISTORY_DIAGNOSTIC
2026-10-04,8481024,WINSOR_TOP_SOG_TO_SECOND_MAX,7.150423728813559,7.150423728813559,0.0,1.727504754540325,1.727504754540325,8.877928483353884,RETROSPECTIVE_HISTORY_DIAGNOSTIC
2026-10-04,8481028,REMOVE_MAX_SOG,4.51382358472823,3.837134939245363,-0.6766886454828667,0.06937914028378511,0.6073095051990816,4.444444444444445,RETROSPECTIVE_HISTORY_DIAGNOSTIC
2026-10-04,8481028,REMOVE_MAX_RATE,4.51382358472823,3.837134939245363,-0.6766886454828667,0.06937914028378511,0.6073095051990816,4.444444444444445,RETROSPECTIVE_HISTORY_DIAGNOSTIC
2026-10-04,8481028,WINSOR_TOP_SOG_TO_SECOND_MAX,4.51382358472823,4.51382358472823,0.0,0.06937914028378511,0.06937914028378511,4.444444444444445,RETROSPECTIVE_HISTORY_DIAGNOSTIC
2026-10-04,8481032,REMOVE_MAX_SOG,5.529027393817542,3.9307440336920916,-1.5982833601254507,0.8652887695927598,2.4635721297182105,6.394316163410302,RETROSPECTIVE_HISTORY_DIAGNOSTIC
2026-10-04,8481032,REMOVE_MAX_RATE,5.529027393817542,3.9307440336920916,-1.5982833601254507,0.8652887695927598,2.4635721297182105,6.394316163410302,RETROSPECTIVE_HISTORY_DIAGNOSTIC
2026-10-04,8481032,WINSOR_TOP_SOG_TO_SECOND_MAX,5.529027393817542,5.02638853983413,-0.5026388539834121,0.8652887695927598,1.367927623576172,6.394316163410302,RETROSPECTIVE_HISTORY_DIAGNOSTIC
2026-10-04,8481068,REMOVE_MAX_SOG,4.731550239863312,3.9482342618995405,-0.7833159779637713,0.8312252127777215,0.04790923481395026,3.9003250270855903,RETROSPECTIVE_HISTORY_DIAGNOSTIC
2026-10-04,8481068,REMOVE_MAX_RATE,4.731550239863312,3.8607278186887823,-0.8708224211745295,0.8312252127777215,0.039597208396807915,3.9003250270855903,RETROSPECTIVE_HISTORY_DIAGNOSTIC
2026-10-04,8481068,WINSOR_TOP_SOG_TO_SECOND_MAX,4.731550239863312,4.731550239863312,0.0,0.8312252127777215,0.8312252127777215,3.9003250270855903,RETROSPECTIVE_HISTORY_DIAGNOSTIC
2026-10-04,8481538,REMOVE_MAX_SOG,0.9308098045299412,0.0,-0.9308098045299412,0.9308098045299412,0.0,0.0,RETROSPECTIVE_HISTORY_DIAGNOSTIC
2026-10-04,8481538,REMOVE_MAX_RATE,0.9308098045299412,0.0,-0.9308098045299412,0.9308098045299412,0.0,0.0,RETROSPECTIVE_HISTORY_DIAGNOSTIC
2026-10-04,8481538,WINSOR_TOP_SOG_TO_SECOND_MAX,0.9308098045299412,0.0,-0.9308098045299412,0.9308098045299412,0.0,0.0,RETROSPECTIVE_HISTORY_DIAGNOSTIC
2026-10-04,8481542,REMOVE_MAX_SOG,5.7086223984142705,4.499338332598147,-1.2092840658161235,1.2998136820529576,2.509097747869081,7.008436080467228,RETROSPECTIVE_HISTORY_DIAGNOSTIC
2026-10-04,8481542,REMOVE_MAX_RATE,5.7086223984142705,4.499338332598147,-1.2092840658161235,1.2998136820529576,2.509097747869081,7.008436080467228,RETROSPECTIVE_HISTORY_DIAGNOSTIC
2026-10-04,8481542,WINSOR_TOP_SOG_TO_SECOND_MAX,5.7086223984142705,4.995044598612487,-0.7135777998017838,1.2998136820529576,2.0133914818547414,7.008436080467228,RETROSPECTIVE_HISTORY_DIAGNOSTIC
2026-10-04,8481554,REMOVE_MAX_SOG,1.2427506213753108,0.9373535385096078,-0.305397082865703,1.2427506213753108,0.9373535385096078,0.0,RETROSPECTIVE_HISTORY_DIAGNOSTIC
2026-10-04,8481554,REMOVE_MAX_RATE,1.2427506213753108,0.9110925518183889,-0.3316580695569219,1.2427506213753108,0.9110925518183889,0.0,RETROSPECTIVE_HISTORY_DIAGNOSTIC
2026-10-04,8481554,WINSOR_TOP_SOG_TO_SECOND_MAX,1.2427506213753108,1.2427506213753108,0.0,1.2427506213753108,1.2427506213753108,0.0,RETROSPECTIVE_HISTORY_DIAGNOSTIC
2026-10-04,8481604,REMOVE_MAX_SOG,11.481193565747772,10.553745928338762,-0.9274476374090099,1.4533384125444293,0.5258907751354194,10.027855153203342,RETROSPECTIVE_HISTORY_DIAGNOSTIC
2026-10-04,8481604,REMOVE_MAX_RATE,11.481193565747772,10.553745928338762,-0.9274476374090099,1.4533384125444293,0.5258907751354194,10.027855153203342,RETROSPECTIVE_HISTORY_DIAGNOSTIC
2026-10-04,8481604,WINSOR_TOP_SOG_TO_SECOND_MAX,11.481193565747772,11.481193565747772,0.0,1.4533384125444293,1.4533384125444293,10.027855153203342,RETROSPECTIVE_HISTORY_DIAGNOSTIC
2026-10-04,8481605,REMOVE_MAX_SOG,3.285593934288121,2.814654970211568,-0.4709389640765531,3.285593934288121,2.814654970211568,0.0,RETROSPECTIVE_HISTORY_DIAGNOSTIC
2026-10-04,8481605,REMOVE_MAX_RATE,3.285593934288121,2.814654970211568,-0.4709389640765531,3.285593934288121,2.814654970211568,0.0,RETROSPECTIVE_HISTORY_DIAGNOSTIC
2026-10-04,8481605,WINSOR_TOP_SOG_TO_SECOND_MAX,3.285593934288121,3.032855939342881,-0.2527379949452402,3.285593934288121,3.032855939342881,0.0,RETROSPECTIVE_HISTORY_DIAGNOSTIC
2026-10-04,8481607,REMOVE_MAX_SOG,2.3155592718852516,1.693121693121693,-0.6224375787635585,2.4400549949575483,3.062492573721107,4.7556142668428,RETROSPECTIVE_HISTORY_DIAGNOSTIC
2026-10-04,8481607,REMOVE_MAX_RATE,2.3155592718852516,1.693121693121693,-0.6224375787635585,2.4400549949575483,3.062492573721107,4.7556142668428,RETROSPECTIVE_HISTORY_DIAGNOSTIC
2026-10-04,8481607,WINSOR_TOP_SOG_TO_SECOND_MAX,2.3155592718852516,1.9296327265710427,-0.3859265453142089,2.4400549949575483,2.825981540271757,4.7556142668428,RETROSPECTIVE_HISTORY_DIAGNOSTIC
2026-10-04,8481754,REMOVE_MAX_SOG,5.133789670192906,4.132942999827794,-1.000846670365112,5.133789670192906,4.132942999827794,0.0,RETROSPECTIVE_HISTORY_DIAGNOSTIC
2026-10-04,8481754,REMOVE_MAX_RATE,5.133789670192906,4.132942999827794,-1.000846670365112,5.133789670192906,4.132942999827794,0.0,RETROSPECTIVE_HISTORY_DIAGNOSTIC
2026-10-04,8481754,WINSOR_TOP_SOG_TO_SECOND_MAX,5.133789670192906,5.133789670192906,0.0,5.133789670192906,5.133789670192906,0.0,RETROSPECTIVE_HISTORY_DIAGNOSTIC
2026-10-04,8481789,REMOVE_MAX_SOG,3.392705682782019,2.373417721518987,-1.0192879612630317,4.450431572119943,5.469719533382975,7.843137254901961,RETROSPECTIVE_HISTORY_DIAGNOSTIC
2026-10-04,8481789,REMOVE_MAX_RATE,3.392705682782019,2.373417721518987,-1.0192879612630317,4.450431572119943,5.469719533382975,7.843137254901961,RETROSPECTIVE_HISTORY_DIAGNOSTIC
2026-10-04,8481789,WINSOR_TOP_SOG_TO_SECOND_MAX,3.392705682782019,2.9686174724342664,-0.42408821034775235,4.450431572119943,4.874519782467695,7.843137254901961,RETROSPECTIVE_HISTORY_DIAGNOSTIC
2026-10-04,8482055,REMOVE_MAX_SOG,7.168458781362008,6.812262071729113,-0.3561967096328953,3.740632127728902,4.096828837361797,10.90909090909091,RETROSPECTIVE_HISTORY_DIAGNOSTIC
2026-10-04,8482055,REMOVE_MAX_RATE,7.168458781362008,6.703910614525139,-0.4645481668368694,3.740632127728902,4.205180294565771,10.90909090909091,RETROSPECTIVE_HISTORY_DIAGNOSTIC
2026-10-04,8482055,WINSOR_TOP_SOG_TO_SECOND_MAX,7.168458781362008,7.168458781362008,0.0,3.740632127728902,3.740632127728902,10.90909090909091,RETROSPECTIVE_HISTORY_DIAGNOSTIC
2026-10-04,8482073,REMOVE_MAX_SOG,4.309868493756215,3.6995930447650758,-0.6102754489911395,4.309868493756215,3.6995930447650758,0.0,RETROSPECTIVE_HISTORY_DIAGNOSTIC
2026-10-04,8482073,REMOVE_MAX_RATE,4.309868493756215,3.6995930447650758,-0.6102754489911395,4.309868493756215,3.6995930447650758,0.0,RETROSPECTIVE_HISTORY_DIAGNOSTIC
2026-10-04,8482073,WINSOR_TOP_SOG_TO_SECOND_MAX,4.309868493756215,4.309868493756215,0.0,4.309868493756215,4.309868493756215,0.0,RETROSPECTIVE_HISTORY_DIAGNOSTIC
2026-10-04,8482074,REMOVE_MAX_SOG,5.3187560020684055,4.476869507544354,-0.8418864945240516,1.0125359063746258,0.17064941185057414,4.30622009569378,RETROSPECTIVE_HISTORY_DIAGNOSTIC
2026-10-04,8482074,REMOVE_MAX_RATE,5.3187560020684055,4.3551899346721505,-0.9635660673962549,1.0125359063746258,0.04896983897837082,4.30622009569378,RETROSPECTIVE_HISTORY_DIAGNOSTIC
2026-10-04,8482074,WINSOR_TOP_SOG_TO_SECOND_MAX,5.3187560020684055,5.3187560020684055,0.0,1.0125359063746258,1.0125359063746258,4.30622009569378,RETROSPECTIVE_HISTORY_DIAGNOSTIC
2026-10-04,8482078,REMOVE_MAX_SOG,6.3535765341240005,5.551700208188758,-0.8018763259352424,1.3361549313365444,0.534278605401302,5.017421602787456,RETROSPECTIVE_HISTORY_DIAGNOSTIC
2026-10-04,8482078,REMOVE_MAX_RATE,6.3535765341240005,5.551700208188758,-0.8018763259352424,1.3361549313365444,0.534278605401302,5.017421602787456,RETROSPECTIVE_HISTORY_DIAGNOSTIC
2026-10-04,8482078,WINSOR_TOP_SOG_TO_SECOND_MAX,6.3535765341240005,6.3535765341240005,0.0,1.3361549313365444,1.3361549313365444,5.017421602787456,RETROSPECTIVE_HISTORY_DIAGNOSTIC
2026-10-04,8482079,REMOVE_MAX_SOG,5.506165758531689,4.526024641689716,-0.9801411168419731,2.262922515288446,1.2827813984464727,3.2432432432432434,RETROSPECTIVE_HISTORY_DIAGNOSTIC
2026-10-04,8482079,REMOVE_MAX_RATE,5.506165758531689,4.526024641689716,-0.9801411168419731,2.262922515288446,1.2827813984464727,3.2432432432432434,RETROSPECTIVE_HISTORY_DIAGNOSTIC
2026-10-04,8482079,WINSOR_TOP_SOG_TO_SECOND_MAX,5.506165758531689,5.162030398623458,-0.34413535990823085,2.262922515288446,1.918787155380215,3.2432432432432434,RETROSPECTIVE_HISTORY_DIAGNOSTIC
2026-10-04,8482109,REMOVE_MAX_SOG,4.649103387203898,3.989602853170526,-0.6595005340333717,6.393841398072176,7.053341932105548,11.042944785276074,RETROSPECTIVE_HISTORY_DIAGNOSTIC
2026-10-04,8482109,REMOVE_MAX_RATE,4.649103387203898,3.989602853170526,-0.6595005340333717,6.393841398072176,7.053341932105548,11.042944785276074,RETROSPECTIVE_HISTORY_DIAGNOSTIC
2026-10-04,8482109,WINSOR_TOP_SOG_TO_SECOND_MAX,4.649103387203898,4.31702457383219,-0.33207881337170786,6.393841398072176,6.725920211443884,11.042944785276074,RETROSPECTIVE_HISTORY_DIAGNOSTIC
2026-10-04,8482113,REMOVE_MAX_SOG,5.887213385664119,5.551700208188757,-0.33551317747536213,2.4684099668607002,2.132896789385338,3.418803418803419,RETROSPECTIVE_HISTORY_DIAGNOSTIC
2026-10-04,8482113,REMOVE_MAX_RATE,5.887213385664119,5.497966897657637,-0.3892464880064823,2.4684099668607002,2.079163478854218,3.418803418803419,RETROSPECTIVE_HISTORY_DIAGNOSTIC
2026-10-04,8482113,WINSOR_TOP_SOG_TO_SECOND_MAX,5.887213385664119,5.887213385664119,0.0,2.4684099668607002,2.4684099668607002,3.418803418803419,RETROSPECTIVE_HISTORY_DIAGNOSTIC
2026-10-04,8482118,REMOVE_MAX_SOG,9.526329716856312,7.833684844832781,-1.6926448720235303,9.526329716856312,7.833684844832781,0.0,RETROSPECTIVE_HISTORY_DIAGNOSTIC
2026-10-04,8482118,REMOVE_MAX_RATE,9.526329716856312,7.833684844832781,-1.6926448720235303,9.526329716856312,7.833684844832781,0.0,RETROSPECTIVE_HISTORY_DIAGNOSTIC
2026-10-04,8482118,WINSOR_TOP_SOG_TO_SECOND_MAX,9.526329716856312,9.526329716856312,0.0,9.526329716856312,9.526329716856312,0.0,RETROSPECTIVE_HISTORY_DIAGNOSTIC
2026-10-04,8482149,REMOVE_MAX_SOG,4.728992360858494,3.6525974025974026,-1.0763949582610914,2.261298901277428,3.3376938595385193,6.990291262135922,RETROSPECTIVE_HISTORY_DIAGNOSTIC
2026-10-04,8482149,REMOVE_MAX_RATE,4.728992360858494,3.6525974025974026,-1.0763949582610914,2.261298901277428,3.3376938595385193,6.990291262135922,RETROSPECTIVE_HISTORY_DIAGNOSTIC
2026-10-04,8482149,WINSOR_TOP_SOG_TO_SECOND_MAX,4.728992360858494,4.001455074572571,-0.7275372862859228,2.261298901277428,2.9888361875633507,6.990291262135922,RETROSPECTIVE_HISTORY_DIAGNOSTIC
2026-10-04,8482157,REMOVE_MAX_SOG,9.411764705882353,7.71263300721274,-1.6991316986696132,0.901126408010013,0.7980052906596002,8.51063829787234,RETROSPECTIVE_HISTORY_DIAGNOSTIC
2026-10-04,8482157,REMOVE_MAX_RATE,9.411764705882353,7.71263300721274,-1.6991316986696132,0.901126408010013,0.7980052906596002,8.51063829787234,RETROSPECTIVE_HISTORY_DIAGNOSTIC
2026-10-04,8482157,WINSOR_TOP_SOG_TO_SECOND_MAX,9.411764705882353,8.23529411764706,-1.1764705882352935,0.901126408010013,0.2753441802252805,8.51063829787234,RETROSPECTIVE_HISTORY_DIAGNOSTIC
2026-10-04,8482165,REMOVE_MAX_SOG,3.8797284190106693,3.573342862247632,-0.30638555676303714,5.335288645835746,5.641674202598784,9.215017064846416,RETROSPECTIVE_HISTORY_DIAGNOSTIC
2026-10-04,8482165,REMOVE_MAX_RATE,3.8797284190106693,3.573342862247632,-0.30638555676303714,5.335288645835746,5.641674202598784,9.215017064846416,RETROSPECTIVE_HISTORY_DIAGNOSTIC
2026-10-04,8482165,WINSOR_TOP_SOG_TO_SECOND_MAX,3.8797284190106693,3.8797284190106693,0.0,5.335288645835746,5.335288645835746,9.215017064846416,RETROSPECTIVE_HISTORY_DIAGNOSTIC
2026-10-04,8482259,REMOVE_MAX_SOG,11.11048762695696,9.454178747006177,-1.6563088799507835,12.190483246829448,13.846792126780231,23.300970873786408,RETROSPECTIVE_HISTORY_DIAGNOSTIC
2026-10-04,8482259,REMOVE_MAX_RATE,11.11048762695696,9.454178747006177,-1.6563088799507835,12.190483246829448,13.846792126780231,23.300970873786408,RETROSPECTIVE_HISTORY_DIAGNOSTIC
2026-10-04,8482259,WINSOR_TOP_SOG_TO_SECOND_MAX,11.11048762695696,9.763761853992479,-1.346725772964481,12.190483246829448,13.537209019793929,23.300970873786408,RETROSPECTIVE_HISTORY_DIAGNOSTIC
2026-10-04,8482408,REMOVE_MAX_SOG,7.319507596761672,6.290956749672347,-1.028550847089325,0.24351761332236155,1.2720684604116865,7.563025210084033,RETROSPECTIVE_HISTORY_DIAGNOSTIC
2026-10-04,8482408,REMOVE_MAX_RATE,7.319507596761672,5.825949751183396,-1.4935578455782759,0.24351761332236155,1.7370754589006374,7.563025210084033,RETROSPECTIVE_HISTORY_DIAGNOSTIC
2026-10-04,8482408,WINSOR_TOP_SOG_TO_SECOND_MAX,7.319507596761672,7.319507596761672,0.0,0.24351761332236155,0.24351761332236155,7.563025210084033,RETROSPECTIVE_HISTORY_DIAGNOSTIC
2026-10-04,8482459,REMOVE_MAX_SOG,0.0,0.0,0.0,0.0,0.0,0.0,RETROSPECTIVE_HISTORY_DIAGNOSTIC
2026-10-04,8482459,REMOVE_MAX_RATE,0.0,0.0,0.0,0.0,0.0,0.0,RETROSPECTIVE_HISTORY_DIAGNOSTIC
2026-10-04,8482459,WINSOR_TOP_SOG_TO_SECOND_MAX,0.0,0.0,0.0,0.0,0.0,0.0,RETROSPECTIVE_HISTORY_DIAGNOSTIC
2026-10-04,8482665,REMOVE_MAX_SOG,3.7357785702156567,3.0888030888030893,-0.6469754814125674,3.7357785702156567,3.0888030888030893,0.0,RETROSPECTIVE_HISTORY_DIAGNOSTIC
2026-10-04,8482665,REMOVE_MAX_RATE,3.7357785702156567,3.0429821224800304,-0.6927964477356263,3.7357785702156567,3.0429821224800304,0.0,RETROSPECTIVE_HISTORY_DIAGNOSTIC
2026-10-04,8482665,WINSOR_TOP_SOG_TO_SECOND_MAX,3.7357785702156567,3.7357785702156567,0.0,3.7357785702156567,3.7357785702156567,0.0,RETROSPECTIVE_HISTORY_DIAGNOSTIC
2026-10-04,8482679,REMOVE_MAX_SOG,8.056640625,7.054429766927175,-1.002210858072825,5.559093111762481,6.561303969835306,13.61573373676248,RETROSPECTIVE_HISTORY_DIAGNOSTIC
2026-10-04,8482679,REMOVE_MAX_RATE,8.056640625,7.054429766927175,-1.002210858072825,5.559093111762481,6.561303969835306,13.61573373676248,RETROSPECTIVE_HISTORY_DIAGNOSTIC
2026-10-04,8482679,WINSOR_TOP_SOG_TO_SECOND_MAX,8.056640625,7.32421875,-0.732421875,5.559093111762481,6.291514986762481,13.61573373676248,RETROSPECTIVE_HISTORY_DIAGNOSTIC
2026-10-04,8482691,REMOVE_MAX_SOG,7.159904534606205,6.196213425129088,-0.963691109477117,7.159904534606205,6.196213425129088,0.0,RETROSPECTIVE_HISTORY_DIAGNOSTIC
2026-10-04,8482691,REMOVE_MAX_RATE,7.159904534606205,6.196213425129088,-0.963691109477117,7.159904534606205,6.196213425129088,0.0,RETROSPECTIVE_HISTORY_DIAGNOSTIC
2026-10-04,8482691,WINSOR_TOP_SOG_TO_SECOND_MAX,7.159904534606205,7.159904534606205,0.0,7.159904534606205,7.159904534606205,0.0,RETROSPECTIVE_HISTORY_DIAGNOSTIC
2026-10-04,8482699,REMOVE_MAX_SOG,11.107994389901823,10.235673216655082,-0.8723211732467409,3.488946770854204,2.616625597607463,7.619047619047619,RETROSPECTIVE_HISTORY_DIAGNOSTIC
2026-10-04,8482699,REMOVE_MAX_RATE,11.107994389901823,10.262675626145388,-0.8453187637564348,3.488946770854204,2.643628007097769,7.619047619047619,RETROSPECTIVE_HISTORY_DIAGNOSTIC
2026-10-04,8482699,WINSOR_TOP_SOG_TO_SECOND_MAX,11.107994389901823,10.771388499298737,-0.3366058906030851,3.488946770854204,3.152340880251119,7.619047619047619,RETROSPECTIVE_HISTORY_DIAGNOSTIC
2026-10-04,8482713,REMOVE_MAX_SOG,7.656479295603903,6.146641299575589,-1.5098379960283141,1.9095083040418022,3.4193463000701163,9.565987599645705,RETROSPECTIVE_HISTORY_DIAGNOSTIC
2026-10-04,8482713,REMOVE_MAX_RATE,7.656479295603903,6.146641299575589,-1.5098379960283141,1.9095083040418022,3.4193463000701163,9.565987599645705,RETROSPECTIVE_HISTORY_DIAGNOSTIC
2026-10-04,8482713,WINSOR_TOP_SOG_TO_SECOND_MAX,7.656479295603903,6.508007401263319,-1.1484718943405845,1.9095083040418022,3.0579801983823867,9.565987599645705,RETROSPECTIVE_HISTORY_DIAGNOSTIC
2026-10-04,8482731,REMOVE_MAX_SOG,4.232970134044054,2.8790786948176583,-1.3538914392263957,12.056622626136944,13.41051406536334,16.289592760180998,RETROSPECTIVE_HISTORY_DIAGNOSTIC
2026-10-04,8482731,REMOVE_MAX_RATE,4.232970134044054,2.8790786948176583,-1.3538914392263957,12.056622626136944,13.41051406536334,16.289592760180998,RETROSPECTIVE_HISTORY_DIAGNOSTIC
2026-10-04,8482731,WINSOR_TOP_SOG_TO_SECOND_MAX,4.232970134044054,3.292310104256487,-0.9406600297875669,12.056622626136944,12.997282655924511,16.289592760180998,RETROSPECTIVE_HISTORY_DIAGNOSTIC
2026-10-04,8482751,REMOVE_MAX_SOG,8.930469912821604,7.960043702200718,-0.9704262106208859,2.5711275312678534,3.5415537418887393,11.501597444089457,RETROSPECTIVE_HISTORY_DIAGNOSTIC
2026-10-04,8482751,REMOVE_MAX_RATE,8.930469912821604,7.960043702200718,-0.9704262106208859,2.5711275312678534,3.5415537418887393,11.501597444089457,RETROSPECTIVE_HISTORY_DIAGNOSTIC
2026-10-04,8482751,WINSOR_TOP_SOG_TO_SECOND_MAX,8.930469912821604,8.930469912821604,0.0,2.5711275312678534,2.5711275312678534,11.501597444089457,RETROSPECTIVE_HISTORY_DIAGNOSTIC
2026-10-04,8482765,REMOVE_MAX_SOG,5.936675461741425,5.227492739593417,-0.7091827221480074,5.936675461741425,5.227492739593417,0.0,RETROSPECTIVE_HISTORY_DIAGNOSTIC
2026-10-04,8482765,REMOVE_MAX_RATE,5.936675461741425,5.227492739593417,-0.7091827221480074,5.936675461741425,5.227492739593417,0.0,RETROSPECTIVE_HISTORY_DIAGNOSTIC
2026-10-04,8482765,WINSOR_TOP_SOG_TO_SECOND_MAX,5.936675461741425,5.441952506596306,-0.4947229551451189,5.936675461741425,5.441952506596306,0.0,RETROSPECTIVE_HISTORY_DIAGNOSTIC
2026-10-04,8482858,REMOVE_MAX_SOG,2.291278819991408,1.8903591682419658,-0.400919651749442,0.38132697065447196,0.782246622403914,2.6726057906458798,RETROSPECTIVE_HISTORY_DIAGNOSTIC
2026-10-04,8482858,REMOVE_MAX_RATE,2.291278819991408,1.8903591682419658,-0.400919651749442,0.38132697065447196,0.782246622403914,2.6726057906458798,RETROSPECTIVE_HISTORY_DIAGNOSTIC
2026-10-04,8482858,WINSOR_TOP_SOG_TO_SECOND_MAX,2.291278819991408,2.291278819991408,0.0,0.38132697065447196,0.38132697065447196,2.6726057906458798,RETROSPECTIVE_HISTORY_DIAGNOSTIC
2026-10-04,8482866,REMOVE_MAX_SOG,4.205607476635515,1.8507094386181369,-2.354898038017378,4.205607476635515,1.8507094386181369,0.0,RETROSPECTIVE_HISTORY_DIAGNOSTIC
2026-10-04,8482866,REMOVE_MAX_RATE,4.205607476635515,1.8507094386181369,-2.354898038017378,4.205607476635515,1.8507094386181369,0.0,RETROSPECTIVE_HISTORY_DIAGNOSTIC
2026-10-04,8482866,WINSOR_TOP_SOG_TO_SECOND_MAX,4.205607476635515,2.8037383177570097,-1.401869158878505,4.205607476635515,2.8037383177570097,0.0,RETROSPECTIVE_HISTORY_DIAGNOSTIC
2026-10-04,8482877,REMOVE_MAX_SOG,5.279366476022878,4.837246800362794,-0.44211967566008337,5.279366476022878,4.837246800362794,0.0,RETROSPECTIVE_HISTORY_DIAGNOSTIC
2026-10-04,8482877,REMOVE_MAX_RATE,5.279366476022878,4.685212298682284,-0.5941541773405934,5.279366476022878,4.685212298682284,0.0,RETROSPECTIVE_HISTORY_DIAGNOSTIC
2026-10-04,8482877,WINSOR_TOP_SOG_TO_SECOND_MAX,5.279366476022878,5.279366476022878,0.0,5.279366476022878,5.279366476022878,0.0,RETROSPECTIVE_HISTORY_DIAGNOSTIC
2026-10-04,8483395,REMOVE_MAX_SOG,4.411404297034555,3.480614908633858,-0.9307893884006972,4.119401390169236,5.050190778569934,8.530805687203792,RETROSPECTIVE_HISTORY_DIAGNOSTIC
2026-10-04,8483395,REMOVE_MAX_RATE,4.411404297034555,3.7339971550497864,-0.6774071419847689,4.119401390169236,4.796808532154005,8.530805687203792,RETROSPECTIVE_HISTORY_DIAGNOSTIC
2026-10-04,8483395,WINSOR_TOP_SOG_TO_SECOND_MAX,4.411404297034555,3.9212482640307162,-0.49015603300383903,4.119401390169236,4.609557423173076,8.530805687203792,RETROSPECTIVE_HISTORY_DIAGNOSTIC
2026-10-04,8483431,REMOVE_MAX_SOG,6.329816768461966,5.235928442311288,-1.0938883261506778,6.329816768461966,5.235928442311288,0.0,RETROSPECTIVE_HISTORY_DIAGNOSTIC
2026-10-04,8483431,REMOVE_MAX_RATE,6.329816768461966,5.235928442311288,-1.0938883261506778,6.329816768461966,5.235928442311288,0.0,RETROSPECTIVE_HISTORY_DIAGNOSTIC
2026-10-04,8483431,WINSOR_TOP_SOG_TO_SECOND_MAX,6.329816768461966,5.663520266518601,-0.6662965019433651,6.329816768461966,5.663520266518601,0.0,RETROSPECTIVE_HISTORY_DIAGNOSTIC
2026-10-04,8483445,REMOVE_MAX_SOG,13.045980686832511,12.561362980075081,-0.48461770675742954,1.5259806868325114,1.0413629800750819,11.52,RETROSPECTIVE_HISTORY_DIAGNOSTIC
2026-10-04,8483445,REMOVE_MAX_RATE,13.045980686832511,12.310740059431158,-0.7352406274013532,1.5259806868325114,0.7907400594311582,11.52,RETROSPECTIVE_HISTORY_DIAGNOSTIC
2026-10-04,8483445,WINSOR_TOP_SOG_TO_SECOND_MAX,13.045980686832511,13.045980686832511,0.0,1.5259806868325114,1.5259806868325114,11.52,RETROSPECTIVE_HISTORY_DIAGNOSTIC
2026-10-04,8483471,REMOVE_MAX_SOG,6.44814615797958,5.527638190954773,-0.9205079670248066,5.035107430537166,5.955615397561973,11.483253588516746,RETROSPECTIVE_HISTORY_DIAGNOSTIC
2026-10-04,8483471,REMOVE_MAX_RATE,6.44814615797958,5.527638190954773,-0.9205079670248066,5.035107430537166,5.955615397561973,11.483253588516746,RETROSPECTIVE_HISTORY_DIAGNOSTIC
2026-10-04,8483471,WINSOR_TOP_SOG_TO_SECOND_MAX,6.44814615797958,6.44814615797958,0.0,5.035107430537166,5.035107430537166,11.483253588516746,RETROSPECTIVE_HISTORY_DIAGNOSTIC
2026-10-04,8483476,REMOVE_MAX_SOG,4.276888959290354,3.697508583502069,-0.5793803757882854,1.4283408346874582,2.0077212104757436,5.7052297939778125,RETROSPECTIVE_HISTORY_DIAGNOSTIC
2026-10-04,8483476,REMOVE_MAX_RATE,4.276888959290354,3.6790469516468116,-0.5978420076435427,1.4283408346874582,2.026182842331001,5.7052297939778125,RETROSPECTIVE_HISTORY_DIAGNOSTIC
2026-10-04,8483476,WINSOR_TOP_SOG_TO_SECOND_MAX,4.276888959290354,4.276888959290354,0.0,1.4283408346874582,1.4283408346874582,5.7052297939778125,RETROSPECTIVE_HISTORY_DIAGNOSTIC
2026-10-04,8483482,REMOVE_MAX_SOG,3.4587116299178557,2.6660742057320594,-0.7926374241857963,1.2030725321734952,0.4104351079876989,2.2556390977443606,RETROSPECTIVE_HISTORY_DIAGNOSTIC
2026-10-04,8483482,REMOVE_MAX_RATE,3.4587116299178557,2.4826730112754727,-0.9760386186423831,1.2030725321734952,0.22703391353111213,2.2556390977443606,RETROSPECTIVE_HISTORY_DIAGNOSTIC
2026-10-04,8483482,WINSOR_TOP_SOG_TO_SECOND_MAX,3.4587116299178557,3.4587116299178557,0.0,1.2030725321734952,1.2030725321734952,2.2556390977443606,RETROSPECTIVE_HISTORY_DIAGNOSTIC
2026-10-04,8483490,REMOVE_MAX_SOG,3.9547736145616783,3.6875628561850498,-0.26721075837662855,3.9547736145616783,3.6875628561850498,0.0,RETROSPECTIVE_HISTORY_DIAGNOSTIC
2026-10-04,8483490,REMOVE_MAX_RATE,3.9547736145616783,3.6768802228412256,-0.2778933917204527,3.9547736145616783,3.6768802228412256,0.0,RETROSPECTIVE_HISTORY_DIAGNOSTIC
2026-10-04,8483490,WINSOR_TOP_SOG_TO_SECOND_MAX,3.9547736145616783,3.9547736145616783,0.0,3.9547736145616783,3.9547736145616783,0.0,RETROSPECTIVE_HISTORY_DIAGNOSTIC
2026-10-04,8483495,REMOVE_MAX_SOG,4.278786726252733,3.4913245873889123,-0.7874621388638205,4.198450322412887,4.985912461276707,8.47723704866562,RETROSPECTIVE_HISTORY_DIAGNOSTIC
2026-10-04,8483495,REMOVE_MAX_RATE,4.278786726252733,3.489478693031617,-0.7893080332211158,4.198450322412887,4.987758355634003,8.47723704866562,RETROSPECTIVE_HISTORY_DIAGNOSTIC
2026-10-04,8483495,WINSOR_TOP_SOG_TO_SECOND_MAX,4.278786726252733,4.278786726252733,0.0,4.198450322412887,4.198450322412887,8.47723704866562,RETROSPECTIVE_HISTORY_DIAGNOSTIC
2026-10-04,8483499,REMOVE_MAX_SOG,2.730841440518859,1.8933417481855477,-0.8374996923333113,5.304872845195426,6.142372537528737,8.035714285714285,RETROSPECTIVE_HISTORY_DIAGNOSTIC
2026-10-04,8483499,REMOVE_MAX_RATE,2.730841440518859,1.8933417481855477,-0.8374996923333113,5.304872845195426,6.142372537528737,8.035714285714285,RETROSPECTIVE_HISTORY_DIAGNOSTIC
2026-10-04,8483499,WINSOR_TOP_SOG_TO_SECOND_MAX,2.730841440518859,2.0481310803891444,-0.6827103601297146,5.304872845195426,5.987583205325141,8.035714285714285,RETROSPECTIVE_HISTORY_DIAGNOSTIC
2026-10-04,8483521,REMOVE_MAX_SOG,4.116167390807226,0.0,-4.116167390807226,3.4073435809796093,7.523510971786835,7.523510971786835,RETROSPECTIVE_HISTORY_DIAGNOSTIC
2026-10-04,8483521,REMOVE_MAX_RATE,4.116167390807226,0.0,-4.116167390807226,3.4073435809796093,7.523510971786835,7.523510971786835,RETROSPECTIVE_HISTORY_DIAGNOSTIC
2026-10-04,8483521,WINSOR_TOP_SOG_TO_SECOND_MAX,4.116167390807226,0.0,-4.116167390807226,3.4073435809796093,7.523510971786835,7.523510971786835,RETROSPECTIVE_HISTORY_DIAGNOSTIC
2026-10-04,8483524,REMOVE_MAX_SOG,5.45578540577404,4.038024732901489,-1.417760672872551,1.3971608285474328,0.020599844325118077,4.058624577226607,RETROSPECTIVE_HISTORY_DIAGNOSTIC
2026-10-04,8483524,REMOVE_MAX_RATE,5.45578540577404,4.038024732901489,-1.417760672872551,1.3971608285474328,0.020599844325118077,4.058624577226607,RETROSPECTIVE_HISTORY_DIAGNOSTIC
2026-10-04,8483524,WINSOR_TOP_SOG_TO_SECOND_MAX,5.45578540577404,5.001136621959536,-0.4546487838145037,1.3971608285474328,0.9425120447329292,4.058624577226607,RETROSPECTIVE_HISTORY_DIAGNOSTIC
2026-10-04,8483553,REMOVE_MAX_SOG,9.506707510298934,7.114062129475931,-2.3926453808230033,2.925354676660909,0.5327092958379058,6.581352833638025,RETROSPECTIVE_HISTORY_DIAGNOSTIC
2026-10-04,8483553,REMOVE_MAX_RATE,9.506707510298934,7.114062129475931,-2.3926453808230033,2.925354676660909,0.5327092958379058,6.581352833638025,RETROSPECTIVE_HISTORY_DIAGNOSTIC
2026-10-04,8483553,WINSOR_TOP_SOG_TO_SECOND_MAX,9.506707510298934,8.239146508925742,-1.267561001373192,2.925354676660909,1.6577936752877172,6.581352833638025,RETROSPECTIVE_HISTORY_DIAGNOSTIC
2026-10-04,8483609,REMOVE_MAX_SOG,6.695805821631173,4.422914911541701,-2.2728909100894716,9.256926822386557,11.529817732476028,15.952732644017729,RETROSPECTIVE_HISTORY_DIAGNOSTIC
2026-10-04,8483609,REMOVE_MAX_RATE,6.695805821631173,4.422914911541701,-2.2728909100894716,9.256926822386557,11.529817732476028,15.952732644017729,RETROSPECTIVE_HISTORY_DIAGNOSTIC
2026-10-04,8483609,WINSOR_TOP_SOG_TO_SECOND_MAX,6.695805821631173,5.021854366223379,-1.6739514554077939,9.256926822386557,10.93087827779435,15.952732644017729,RETROSPECTIVE_HISTORY_DIAGNOSTIC
2026-10-04,8483678,REMOVE_MAX_SOG,3.4445365822542575,2.984014209591474,-0.4605223726627834,3.4445365822542575,2.984014209591474,0.0,RETROSPECTIVE_HISTORY_DIAGNOSTIC
2026-10-04,8483678,REMOVE_MAX_RATE,3.4445365822542575,2.9376792334056097,-0.5068573488486479,3.4445365822542575,2.9376792334056097,0.0,RETROSPECTIVE_HISTORY_DIAGNOSTIC
2026-10-04,8483678,WINSOR_TOP_SOG_TO_SECOND_MAX,3.4445365822542575,3.4445365822542575,0.0,3.4445365822542575,3.4445365822542575,0.0,RETROSPECTIVE_HISTORY_DIAGNOSTIC
2026-10-04,8483679,REMOVE_MAX_SOG,3.163222269084774,2.3355391202802647,-0.8276831488045095,3.163222269084774,2.3355391202802647,0.0,RETROSPECTIVE_HISTORY_DIAGNOSTIC
2026-10-04,8483679,REMOVE_MAX_RATE,3.163222269084774,2.3355391202802647,-0.8276831488045095,3.163222269084774,2.3355391202802647,0.0,RETROSPECTIVE_HISTORY_DIAGNOSTIC
2026-10-04,8483679,WINSOR_TOP_SOG_TO_SECOND_MAX,3.163222269084774,3.163222269084774,0.0,3.163222269084774,3.163222269084774,0.0,RETROSPECTIVE_HISTORY_DIAGNOSTIC
2026-10-04,8483690,REMOVE_MAX_SOG,4.575072785248857,4.085338175215615,-0.48973461003324203,1.16920712772757,0.6794725176943279,3.4058656575212867,RETROSPECTIVE_HISTORY_DIAGNOSTIC
2026-10-04,8483690,REMOVE_MAX_RATE,4.575072785248857,4.054358435317967,-0.5207143499308895,1.16920712772757,0.6484927777966805,3.4058656575212867,RETROSPECTIVE_HISTORY_DIAGNOSTIC
2026-10-04,8483690,WINSOR_TOP_SOG_TO_SECOND_MAX,4.575072785248857,4.575072785248857,0.0,1.16920712772757,1.16920712772757,3.4058656575212867,RETROSPECTIVE_HISTORY_DIAGNOSTIC
2026-10-04,8483771,REMOVE_MAX_SOG,7.006617360840793,6.376195536663124,-0.6304218241776693,10.597294619599307,11.227716443776975,17.6039119804401,RETROSPECTIVE_HISTORY_DIAGNOSTIC
2026-10-04,8483771,REMOVE_MAX_RATE,7.006617360840793,6.462303231151615,-0.5443141296891785,10.597294619599307,11.141608749288483,17.6039119804401,RETROSPECTIVE_HISTORY_DIAGNOSTIC
2026-10-04,8483771,WINSOR_TOP_SOG_TO_SECOND_MAX,7.006617360840793,6.53950953678474,-0.4671078240560531,10.597294619599307,11.064402443655359,17.6039119804401,RETROSPECTIVE_HISTORY_DIAGNOSTIC
2026-10-04,8483890,REMOVE_MAX_SOG,6.010016694490817,5.010670873155795,-0.9993458213350221,0.39379204550485714,0.605553775830165,5.61622464898596,RETROSPECTIVE_HISTORY_DIAGNOSTIC
2026-10-04,8483890,REMOVE_MAX_RATE,6.010016694490817,4.961867132224571,-1.0481495622662464,0.39379204550485714,0.6543575167613893,5.61622464898596,RETROSPECTIVE_HISTORY_DIAGNOSTIC
2026-10-04,8483890,WINSOR_TOP_SOG_TO_SECOND_MAX,6.010016694490817,6.010016694490817,0.0,0.39379204550485714,0.39379204550485714,5.61622464898596,RETROSPECTIVE_HISTORY_DIAGNOSTIC
2026-10-04,8484136,REMOVE_MAX_SOG,5.693015108386249,4.327616605225196,-1.3653985031610532,2.0344785230203954,0.6690800198593423,3.658536585365854,RETROSPECTIVE_HISTORY_DIAGNOSTIC
2026-10-04,8484136,REMOVE_MAX_RATE,5.693015108386249,4.327616605225196,-1.3653985031610532,2.0344785230203954,0.6690800198593423,3.658536585365854,RETROSPECTIVE_HISTORY_DIAGNOSTIC
2026-10-04,8484136,WINSOR_TOP_SOG_TO_SECOND_MAX,5.693015108386249,5.2550908692796146,-0.4379242391066347,2.0344785230203954,1.5965542839137608,3.658536585365854,RETROSPECTIVE_HISTORY_DIAGNOSTIC
2026-10-04,8484153,REMOVE_MAX_SOG,11.753183153770811,11.057869517139697,-0.6953136366311146,8.8168046872129,8.121491050581785,2.9363784665579113,RETROSPECTIVE_HISTORY_DIAGNOSTIC
2026-10-04,8484153,REMOVE_MAX_RATE,11.753183153770811,11.057869517139697,-0.6953136366311146,8.8168046872129,8.121491050581785,2.9363784665579113,RETROSPECTIVE_HISTORY_DIAGNOSTIC
2026-10-04,8484153,WINSOR_TOP_SOG_TO_SECOND_MAX,11.753183153770811,11.426705843943845,-0.32647730982696643,8.8168046872129,8.490327377385933,2.9363784665579113,RETROSPECTIVE_HISTORY_DIAGNOSTIC
2026-10-04,8484160,REMOVE_MAX_SOG,2.400576138273186,1.598011363636364,-0.8025647746368219,2.400576138273186,1.598011363636364,0.0,RETROSPECTIVE_HISTORY_DIAGNOSTIC
2026-10-04,8484160,REMOVE_MAX_RATE,2.400576138273186,1.598011363636364,-0.8025647746368219,2.400576138273186,1.598011363636364,0.0,RETROSPECTIVE_HISTORY_DIAGNOSTIC
2026-10-04,8484160,WINSOR_TOP_SOG_TO_SECOND_MAX,2.400576138273186,1.9204609106185484,-0.48011522765463743,2.400576138273186,1.9204609106185484,0.0,RETROSPECTIVE_HISTORY_DIAGNOSTIC
2026-10-04,8484180,REMOVE_MAX_SOG,3.1120331950207474,2.5119316754584275,-0.6001015195623198,3.1120331950207474,2.5119316754584275,0.0,RETROSPECTIVE_HISTORY_DIAGNOSTIC
2026-10-04,8484180,REMOVE_MAX_RATE,3.1120331950207474,2.5119316754584275,-0.6001015195623198,3.1120331950207474,2.5119316754584275,0.0,RETROSPECTIVE_HISTORY_DIAGNOSTIC
2026-10-04,8484180,WINSOR_TOP_SOG_TO_SECOND_MAX,3.1120331950207474,2.6674570243034976,-0.44457617071724975,3.1120331950207474,2.6674570243034976,0.0,RETROSPECTIVE_HISTORY_DIAGNOSTIC
2026-10-04,8484210,REMOVE_MAX_SOG,5.093711225755894,4.41306266548985,-0.6806485602660439,1.8150227011657298,1.134374140899686,3.278688524590164,RETROSPECTIVE_HISTORY_DIAGNOSTIC
2026-10-04,8484210,REMOVE_MAX_RATE,5.093711225755894,4.394638540980004,-0.6990726847758895,1.8150227011657298,1.1159500163898404,3.278688524590164,RETROSPECTIVE_HISTORY_DIAGNOSTIC
2026-10-04,8484210,WINSOR_TOP_SOG_TO_SECOND_MAX,5.093711225755894,5.093711225755894,0.0,1.8150227011657298,1.8150227011657298,3.278688524590164,RETROSPECTIVE_HISTORY_DIAGNOSTIC
2026-10-04,8484223,REMOVE_MAX_SOG,4.566210045662101,3.883746520810409,-0.6824635248516917,6.9599372328864595,7.642400757738152,11.52614727854856,RETROSPECTIVE_HISTORY_DIAGNOSTIC
2026-10-04,8484223,REMOVE_MAX_RATE,4.566210045662101,3.7209302325581404,-0.8452798131039603,6.9599372328864595,7.805217045990419,11.52614727854856,RETROSPECTIVE_HISTORY_DIAGNOSTIC
2026-10-04,8484223,WINSOR_TOP_SOG_TO_SECOND_MAX,4.566210045662101,4.566210045662101,0.0,6.9599372328864595,6.9599372328864595,11.52614727854856,RETROSPECTIVE_HISTORY_DIAGNOSTIC
2026-10-04,8484240,REMOVE_MAX_SOG,1.4584346135148274,0.6508651082063241,-0.8075695053085032,1.3941802834740789,2.201749788782582,2.8526148969889062,RETROSPECTIVE_HISTORY_DIAGNOSTIC
2026-10-04,8484240,REMOVE_MAX_RATE,1.4584346135148274,0.6508651082063241,-0.8075695053085032,1.3941802834740789,2.201749788782582,2.8526148969889062,RETROSPECTIVE_HISTORY_DIAGNOSTIC
2026-10-04,8484240,WINSOR_TOP_SOG_TO_SECOND_MAX,1.4584346135148274,0.8750607681088963,-0.5833738454059311,1.3941802834740789,1.9775541288800098,2.8526148969889062,RETROSPECTIVE_HISTORY_DIAGNOSTIC
2026-10-04,8484262,REMOVE_MAX_SOG,2.708559046587215,1.9695809169493377,-0.7389781296378775,2.708559046587215,1.9695809169493377,0.0,RETROSPECTIVE_HISTORY_DIAGNOSTIC
2026-10-04,8484262,REMOVE_MAX_RATE,2.708559046587215,1.9695809169493377,-0.7389781296378775,2.708559046587215,1.9695809169493377,0.0,RETROSPECTIVE_HISTORY_DIAGNOSTIC
2026-10-04,8484262,WINSOR_TOP_SOG_TO_SECOND_MAX,2.708559046587215,2.708559046587215,0.0,2.708559046587215,2.708559046587215,0.0,RETROSPECTIVE_HISTORY_DIAGNOSTIC
2026-10-04,8484304,REMOVE_MAX_SOG,4.940711462450592,3.8414751264485556,-1.0992363360020363,4.940711462450592,3.8414751264485556,0.0,RETROSPECTIVE_HISTORY_DIAGNOSTIC
2026-10-04,8484304,REMOVE_MAX_RATE,4.940711462450592,4.494900017288077,-0.4458114451625148,4.940711462450592,4.494900017288077,0.0,RETROSPECTIVE_HISTORY_DIAGNOSTIC
2026-10-04,8484304,WINSOR_TOP_SOG_TO_SECOND_MAX,4.940711462450592,4.281949934123847,-0.6587615283267452,4.940711462450592,4.281949934123847,0.0,RETROSPECTIVE_HISTORY_DIAGNOSTIC
2026-10-04,8484386,REMOVE_MAX_SOG,3.6134903640256963,3.160984420862497,-0.4525059431631995,3.6134903640256963,3.160984420862497,0.0,RETROSPECTIVE_HISTORY_DIAGNOSTIC
2026-10-04,8484386,REMOVE_MAX_RATE,3.6134903640256963,3.069277988892137,-0.5442123751335592,3.6134903640256963,3.069277988892137,0.0,RETROSPECTIVE_HISTORY_DIAGNOSTIC
2026-10-04,8484386,WINSOR_TOP_SOG_TO_SECOND_MAX,3.6134903640256963,3.6134903640256963,0.0,3.6134903640256963,3.6134903640256963,0.0,RETROSPECTIVE_HISTORY_DIAGNOSTIC
2026-10-04,8484388,REMOVE_MAX_SOG,5.854610505773296,4.983848638670974,-0.8707618671023223,5.854610505773296,4.983848638670974,0.0,RETROSPECTIVE_HISTORY_DIAGNOSTIC
2026-10-04,8484388,REMOVE_MAX_RATE,5.854610505773296,4.852624011502516,-1.0019864942707803,5.854610505773296,4.852624011502516,0.0,RETROSPECTIVE_HISTORY_DIAGNOSTIC
2026-10-04,8484388,WINSOR_TOP_SOG_TO_SECOND_MAX,5.854610505773296,5.854610505773296,0.0,5.854610505773296,5.854610505773296,0.0,RETROSPECTIVE_HISTORY_DIAGNOSTIC
2026-10-04,8484471,REMOVE_MAX_SOG,2.882363538101243,2.0040080160320644,-0.8783555220691786,4.204250635127103,5.082606157196282,7.086614173228346,RETROSPECTIVE_HISTORY_DIAGNOSTIC
2026-10-04,8484471,REMOVE_MAX_RATE,2.882363538101243,2.0040080160320644,-0.8783555220691786,4.204250635127103,5.082606157196282,7.086614173228346,RETROSPECTIVE_HISTORY_DIAGNOSTIC
2026-10-04,8484471,WINSOR_TOP_SOG_TO_SECOND_MAX,2.882363538101243,2.161772653575932,-0.7205908845253108,4.204250635127103,4.924841519652414,7.086614173228346,RETROSPECTIVE_HISTORY_DIAGNOSTIC
2026-10-04,8484762,REMOVE_MAX_SOG,8.373339287707939,7.173872003020578,-1.199467284687361,0.09113069875088442,1.1083365859364767,8.282208588957054,RETROSPECTIVE_HISTORY_DIAGNOSTIC
2026-10-04,8484762,REMOVE_MAX_RATE,8.373339287707939,7.173872003020578,-1.199467284687361,0.09113069875088442,1.1083365859364767,8.282208588957054,RETROSPECTIVE_HISTORY_DIAGNOSTIC
2026-10-04,8484762,WINSOR_TOP_SOG_TO_SECOND_MAX,8.373339287707939,7.3685385731829856,-1.0048007145249533,0.09113069875088442,0.9136700157740689,8.282208588957054,RETROSPECTIVE_HISTORY_DIAGNOSTIC
2026-10-04,8484768,REMOVE_MAX_SOG,7.680189050807404,7.092198581560283,-0.5879904692471207,1.961364586947198,1.3733741177000773,5.718824463860206,RETROSPECTIVE_HISTORY_DIAGNOSTIC
2026-10-04,8484768,REMOVE_MAX_RATE,7.680189050807404,7.092198581560283,-0.5879904692471207,1.961364586947198,1.3733741177000773,5.718824463860206,RETROSPECTIVE_HISTORY_DIAGNOSTIC
2026-10-04,8484768,WINSOR_TOP_SOG_TO_SECOND_MAX,7.680189050807404,7.680189050807404,0.0,1.961364586947198,1.961364586947198,5.718824463860206,RETROSPECTIVE_HISTORY_DIAGNOSTIC
2026-10-04,8484794,REMOVE_MAX_SOG,7.546576527002594,6.634909833276624,-0.9116666937259703,10.867745723636792,11.779412417362764,18.414322250639387,RETROSPECTIVE_HISTORY_DIAGNOSTIC
2026-10-04,8484794,REMOVE_MAX_RATE,7.546576527002594,6.634909833276624,-0.9116666937259703,10.867745723636792,11.779412417362764,18.414322250639387,RETROSPECTIVE_HISTORY_DIAGNOSTIC
2026-10-04,8484794,WINSOR_TOP_SOG_TO_SECOND_MAX,7.546576527002594,7.546576527002594,0.0,10.867745723636792,10.867745723636792,18.414322250639387,RETROSPECTIVE_HISTORY_DIAGNOSTIC
2026-10-04,8484798,REMOVE_MAX_SOG,4.330566582461206,3.886203975885606,-0.44436260657559945,4.330566582461206,3.886203975885606,0.0,RETROSPECTIVE_HISTORY_DIAGNOSTIC
2026-10-04,8484798,REMOVE_MAX_RATE,4.330566582461206,3.8346197335430903,-0.49594684891811536,4.330566582461206,3.8346197335430903,0.0,RETROSPECTIVE_HISTORY_DIAGNOSTIC
2026-10-04,8484798,WINSOR_TOP_SOG_TO_SECOND_MAX,4.330566582461206,4.330566582461206,0.0,4.330566582461206,4.330566582461206,0.0,RETROSPECTIVE_HISTORY_DIAGNOSTIC
2026-10-04,8484800,REMOVE_MAX_SOG,4.310344827586206,3.3484812245874194,-0.961863602998787,5.150890389233767,6.1127539922325544,9.461235216819974,RETROSPECTIVE_HISTORY_DIAGNOSTIC
2026-10-04,8484800,REMOVE_MAX_RATE,4.310344827586206,3.3484812245874194,-0.961863602998787,5.150890389233767,6.1127539922325544,9.461235216819974,RETROSPECTIVE_HISTORY_DIAGNOSTIC
2026-10-04,8484800,WINSOR_TOP_SOG_TO_SECOND_MAX,4.310344827586206,3.8793103448275854,-0.431034482758621,5.150890389233767,5.581924871992388,9.461235216819974,RETROSPECTIVE_HISTORY_DIAGNOSTIC
2026-10-04,8484803,REMOVE_MAX_SOG,13.613861386138616,11.317704122877931,-2.2961572632606853,3.923417240781953,1.627259977521268,9.690444145356663,RETROSPECTIVE_HISTORY_DIAGNOSTIC
2026-10-04,8484803,REMOVE_MAX_RATE,13.613861386138616,11.317704122877931,-2.2961572632606853,3.923417240781953,1.627259977521268,9.690444145356663,RETROSPECTIVE_HISTORY_DIAGNOSTIC
2026-10-04,8484803,WINSOR_TOP_SOG_TO_SECOND_MAX,13.613861386138616,12.376237623762378,-1.2376237623762378,3.923417240781953,2.6857934784057154,9.690444145356663,RETROSPECTIVE_HISTORY_DIAGNOSTIC
2026-10-04,8484860,REMOVE_MAX_SOG,6.152361421074854,5.23419675211381,-0.9181646689610439,1.9953175411672328,1.077152872206189,4.157043879907621,RETROSPECTIVE_HISTORY_DIAGNOSTIC
2026-10-04,8484860,REMOVE_MAX_RATE,6.152361421074854,5.23419675211381,-0.9181646689610439,1.9953175411672328,1.077152872206189,4.157043879907621,RETROSPECTIVE_HISTORY_DIAGNOSTIC
2026-10-04,8484860,WINSOR_TOP_SOG_TO_SECOND_MAX,6.152361421074854,5.7904578080704505,-0.36190361300440355,1.9953175411672328,1.6334139281628293,4.157043879907621,RETROSPECTIVE_HISTORY_DIAGNOSTIC
2026-10-04,8484958,REMOVE_MAX_SOG,6.254145740547711,5.233889434085705,-1.0202563064620067,6.254145740547711,5.233889434085705,0.0,RETROSPECTIVE_HISTORY_DIAGNOSTIC
2026-10-04,8484958,REMOVE_MAX_RATE,6.254145740547711,4.996876951905059,-1.2572687886426523,6.254145740547711,4.996876951905059,0.0,RETROSPECTIVE_HISTORY_DIAGNOSTIC
2026-10-04,8484958,WINSOR_TOP_SOG_TO_SECOND_MAX,6.254145740547711,6.254145740547711,0.0,6.254145740547711,6.254145740547711,0.0,RETROSPECTIVE_HISTORY_DIAGNOSTIC
2026-10-04,8485512,REMOVE_MAX_SOG,2.6128610828857606,2.0157903578027883,-0.5970707250829723,2.6128610828857606,2.0157903578027883,0.0,RETROSPECTIVE_HISTORY_DIAGNOSTIC
2026-10-04,8485512,REMOVE_MAX_RATE,2.6128610828857606,2.0157903578027883,-0.5970707250829723,2.6128610828857606,2.0157903578027883,0.0,RETROSPECTIVE_HISTORY_DIAGNOSTIC
2026-10-04,8485512,WINSOR_TOP_SOG_TO_SECOND_MAX,2.6128610828857606,2.177384235738134,-0.4354768471476267,2.6128610828857606,2.177384235738134,0.0,RETROSPECTIVE_HISTORY_DIAGNOSTIC
2026-10-04,8485957,REMOVE_MAX_SOG,1.1992804317409553,0.7338551859099804,-0.4654252458309749,2.5044232719627484,2.9698485177937233,3.7037037037037037,RETROSPECTIVE_HISTORY_DIAGNOSTIC
2026-10-04,8485957,REMOVE_MAX_RATE,1.1992804317409553,0.7338551859099804,-0.4654252458309749,2.5044232719627484,2.9698485177937233,3.7037037037037037,RETROSPECTIVE_HISTORY_DIAGNOSTIC
2026-10-04,8485957,WINSOR_TOP_SOG_TO_SECOND_MAX,1.1992804317409553,1.1992804317409553,0.0,2.5044232719627484,2.5044232719627484,3.7037037037037037,RETROSPECTIVE_HISTORY_DIAGNOSTIC
2026-10-04,8486025,REMOVE_MAX_SOG,5.551700208188758,4.358881220486742,-1.192818987702016,1.0573181857168477,0.13550080198516845,4.49438202247191,RETROSPECTIVE_HISTORY_DIAGNOSTIC
2026-10-04,8486025,REMOVE_MAX_RATE,5.551700208188758,4.358881220486742,-1.192818987702016,1.0573181857168477,0.13550080198516845,4.49438202247191,RETROSPECTIVE_HISTORY_DIAGNOSTIC
2026-10-04,8486025,WINSOR_TOP_SOG_TO_SECOND_MAX,5.551700208188758,4.163775156141568,-1.3879250520471897,1.0573181857168477,0.3306068663303421,4.49438202247191,RETROSPECTIVE_HISTORY_DIAGNOSTIC
2026-10-05,8471215,REMOVE_MAX_SOG,8.413731209333633,7.151370679380215,-1.2623605299534182,5.082051358613882,6.3444118885673,13.495782567947515,RETROSPECTIVE_HISTORY_DIAGNOSTIC
2026-10-05,8471215,REMOVE_MAX_RATE,8.413731209333633,7.151370679380215,-1.2623605299534182,5.082051358613882,6.3444118885673,13.495782567947515,RETROSPECTIVE_HISTORY_DIAGNOSTIC
2026-10-05,8471215,WINSOR_TOP_SOG_TO_SECOND_MAX,8.413731209333633,8.077181960960287,-0.33654924837334654,5.082051358613882,5.418600606987228,13.495782567947515,RETROSPECTIVE_HISTORY_DIAGNOSTIC
2026-10-05,8471675,REMOVE_MAX_SOG,7.048951048951048,6.218374687557153,-0.830576361393895,8.375213475470545,9.20578983686444,15.424164524421593,RETROSPECTIVE_HISTORY_DIAGNOSTIC
2026-10-05,8471675,REMOVE_MAX_RATE,7.048951048951048,6.218374687557153,-0.830576361393895,8.375213475470545,9.20578983686444,15.424164524421593,RETROSPECTIVE_HISTORY_DIAGNOSTIC
2026-10-05,8471675,WINSOR_TOP_SOG_TO_SECOND_MAX,7.048951048951048,7.048951048951048,0.0,8.375213475470545,8.375213475470545,15.424164524421593,RETROSPECTIVE_HISTORY_DIAGNOSTIC
2026-10-05,8471724,REMOVE_MAX_SOG,2.8400126222783215,1.7501896038737534,-1.089823018404568,2.2918476770801965,3.3816706954847646,5.131860299358518,RETROSPECTIVE_HISTORY_DIAGNOSTIC
2026-10-05,8471724,REMOVE_MAX_RATE,2.8400126222783215,1.7501896038737534,-1.089823018404568,2.2918476770801965,3.3816706954847646,5.131860299358518,RETROSPECTIVE_HISTORY_DIAGNOSTIC
2026-10-05,8471724,WINSOR_TOP_SOG_TO_SECOND_MAX,2.8400126222783215,2.5244556642473968,-0.31555695803092476,2.2918476770801965,2.6074046351111213,5.131860299358518,RETROSPECTIVE_HISTORY_DIAGNOSTIC
2026-10-05,8473512,REMOVE_MAX_SOG,9.069152286182138,7.62819607289165,-1.4409562132904883,4.798689652730181,3.357733439439693,4.270462633451957,RETROSPECTIVE_HISTORY_DIAGNOSTIC
2026-10-05,8473512,REMOVE_MAX_RATE,9.069152286182138,7.62819607289165,-1.4409562132904883,4.798689652730181,3.357733439439693,4.270462633451957,RETROSPECTIVE_HISTORY_DIAGNOSTIC
2026-10-05,8473512,WINSOR_TOP_SOG_TO_SECOND_MAX,9.069152286182138,8.313389595666962,-0.7557626905151764,4.798689652730181,4.042926962215005,4.270462633451957,RETROSPECTIVE_HISTORY_DIAGNOSTIC
2026-10-05,8473994,REMOVE_MAX_SOG,3.6908881199538635,1.6111707841031147,-2.0797173358507486,13.053297926557766,15.133015262408515,16.74418604651163,RETROSPECTIVE_HISTORY_DIAGNOSTIC
2026-10-05,8473994,REMOVE_MAX_RATE,3.6908881199538635,1.6111707841031147,-2.0797173358507486,13.053297926557766,15.133015262408515,16.74418604651163,RETROSPECTIVE_HISTORY_DIAGNOSTIC
2026-10-05,8473994,WINSOR_TOP_SOG_TO_SECOND_MAX,3.6908881199538635,2.3068050749711646,-1.3840830449826989,13.053297926557766,14.437380971540465,16.74418604651163,RETROSPECTIVE_HISTORY_DIAGNOSTIC
2026-10-05,8474151,REMOVE_MAX_SOG,2.3272566077464396,1.8277080541001585,-0.49954855364628115,2.3272566077464396,1.8277080541001585,0.0,RETROSPECTIVE_HISTORY_DIAGNOSTIC
2026-10-05,8474151,REMOVE_MAX_RATE,2.3272566077464396,1.8277080541001585,-0.49954855364628115,2.3272566077464396,1.8277080541001585,0.0,RETROSPECTIVE_HISTORY_DIAGNOSTIC
2026-10-05,8474151,WINSOR_TOP_SOG_TO_SECOND_MAX,2.3272566077464396,2.3272566077464396,0.0,2.3272566077464396,2.3272566077464396,0.0,RETROSPECTIVE_HISTORY_DIAGNOSTIC
2026-10-05,8474574,REMOVE_MAX_SOG,2.355052147583268,1.530221882172915,-0.824830265410353,2.355052147583268,1.530221882172915,0.0,RETROSPECTIVE_HISTORY_DIAGNOSTIC
2026-10-05,8474574,REMOVE_MAX_RATE,2.355052147583268,1.530221882172915,-0.824830265410353,2.355052147583268,1.530221882172915,0.0,RETROSPECTIVE_HISTORY_DIAGNOSTIC
2026-10-05,8474574,WINSOR_TOP_SOG_TO_SECOND_MAX,2.355052147583268,1.68218010541662,-0.6728720421666479,2.355052147583268,1.68218010541662,0.0,RETROSPECTIVE_HISTORY_DIAGNOSTIC
2026-10-05,8474578,REMOVE_MAX_SOG,5.166475315729047,4.510309278350515,-0.6561660373785312,2.6664753157290466,2.0103092783505154,2.5,RETROSPECTIVE_HISTORY_DIAGNOSTIC
2026-10-05,8474578,REMOVE_MAX_RATE,5.166475315729047,4.510309278350515,-0.6561660373785312,2.6664753157290466,2.0103092783505154,2.5,RETROSPECTIVE_HISTORY_DIAGNOSTIC
2026-10-05,8474578,WINSOR_TOP_SOG_TO_SECOND_MAX,5.166475315729047,4.879448909299655,-0.2870264064293915,2.6664753157290466,2.379448909299655,2.5,RETROSPECTIVE_HISTORY_DIAGNOSTIC
2026-10-05,8474590,REMOVE_MAX_SOG,6.53765690376569,5.545556258208883,-0.9921006455568069,3.1763123659505643,2.1842117203937574,3.3613445378151257,RETROSPECTIVE_HISTORY_DIAGNOSTIC
2026-10-05,8474590,REMOVE_MAX_RATE,6.53765690376569,5.545556258208883,-0.9921006455568069,3.1763123659505643,2.1842117203937574,3.3613445378151257,RETROSPECTIVE_HISTORY_DIAGNOSTIC
2026-10-05,8474590,WINSOR_TOP_SOG_TO_SECOND_MAX,6.53765690376569,6.014644351464435,-0.523012552301255,3.1763123659505643,2.6532998136493093,3.3613445378151257,RETROSPECTIVE_HISTORY_DIAGNOSTIC
2026-10-05,8475167,REMOVE_MAX_SOG,4.540955929440531,3.956478733926805,-0.5844771955137262,0.7948581146642559,0.2103809191505297,3.746097814776275,RETROSPECTIVE_HISTORY_DIAGNOSTIC
2026-10-05,8475167,REMOVE_MAX_RATE,4.540955929440531,4.310344827586207,-0.23061110185432376,0.7948581146642559,0.5642470128099322,3.746097814776275,RETROSPECTIVE_HISTORY_DIAGNOSTIC
2026-10-05,8475167,WINSOR_TOP_SOG_TO_SECOND_MAX,4.540955929440531,4.191651627175875,-0.34930430226465603,0.7948581146642559,0.4455538123995999,3.746097814776275,RETROSPECTIVE_HISTORY_DIAGNOSTIC
2026-10-05,8475200,REMOVE_MAX_SOG,4.516258530710558,3.7313432835820897,-0.7849152471284682,4.516258530710558,3.7313432835820897,0.0,RETROSPECTIVE_HISTORY_DIAGNOSTIC
2026-10-05,8475200,REMOVE_MAX_RATE,4.516258530710558,3.7313432835820897,-0.7849152471284682,4.516258530710558,3.7313432835820897,0.0,RETROSPECTIVE_HISTORY_DIAGNOSTIC
2026-10-05,8475200,WINSOR_TOP_SOG_TO_SECOND_MAX,4.516258530710558,4.2151746286631875,-0.30108390204737034,4.516258530710558,4.2151746286631875,0.0,RETROSPECTIVE_HISTORY_DIAGNOSTIC
2026-10-05,8475726,REMOVE_MAX_SOG,7.5129128189074965,6.22245268343272,-1.2904601354747767,5.268152269849898,6.558612405324674,12.781065088757394,RETROSPECTIVE_HISTORY_DIAGNOSTIC
2026-10-05,8475726,REMOVE_MAX_RATE,7.5129128189074965,6.22245268343272,-1.2904601354747767,5.268152269849898,6.558612405324674,12.781065088757394,RETROSPECTIVE_HISTORY_DIAGNOSTIC
2026-10-05,8475726,WINSOR_TOP_SOG_TO_SECOND_MAX,7.5129128189074965,7.043355767725779,-0.46955705118171753,5.268152269849898,5.737709321031615,12.781065088757394,RETROSPECTIVE_HISTORY_DIAGNOSTIC
2026-10-05,8475794,REMOVE_MAX_SOG,4.996876951905059,3.716033134628784,-1.280843817276275,2.290572440807492,3.571416258083767,7.287449392712551,RETROSPECTIVE_HISTORY_DIAGNOSTIC
2026-10-05,8475794,REMOVE_MAX_RATE,4.996876951905059,4.618937644341801,-0.377939307563258,2.290572440807492,2.66851174837075,7.287449392712551,RETROSPECTIVE_HISTORY_DIAGNOSTIC
2026-10-05,8475794,WINSOR_TOP_SOG_TO_SECOND_MAX,4.996876951905059,4.5804705392463045,-0.41640641265875455,2.290572440807492,2.7069788534662464,7.287449392712551,RETROSPECTIVE_HISTORY_DIAGNOSTIC
2026-10-05,8476331,REMOVE_MAX_SOG,1.948684637869438,1.8686737607059434,-0.08001087716349464,0.7298867907019908,0.8098976678654854,2.678571428571429,RETROSPECTIVE_HISTORY_DIAGNOSTIC
2026-10-05,8476331,REMOVE_MAX_RATE,1.948684637869438,1.8220467658669903,-0.1266378720024477,0.7298867907019908,0.8565246627044385,2.678571428571429,RETROSPECTIVE_HISTORY_DIAGNOSTIC
2026-10-05,8476331,WINSOR_TOP_SOG_TO_SECOND_MAX,1.948684637869438,1.948684637869438,0.0,0.7298867907019908,0.7298867907019908,2.678571428571429,RETROSPECTIVE_HISTORY_DIAGNOSTIC
2026-10-05,8476372,REMOVE_MAX_SOG,2.726807930466398,2.2200296003946716,-0.5067783300717266,2.726807930466398,2.2200296003946716,0.0,RETROSPECTIVE_HISTORY_DIAGNOSTIC
2026-10-05,8476372,REMOVE_MAX_RATE,2.726807930466398,2.2200296003946716,-0.5067783300717266,2.726807930466398,2.2200296003946716,0.0,RETROSPECTIVE_HISTORY_DIAGNOSTIC
2026-10-05,8476372,WINSOR_TOP_SOG_TO_SECOND_MAX,2.726807930466398,2.726807930466398,0.0,2.726807930466398,2.726807930466398,0.0,RETROSPECTIVE_HISTORY_DIAGNOSTIC
2026-10-05,8476392,REMOVE_MAX_SOG,3.103180760279286,2.5981524249422634,-0.5050283353370224,0.6902860468861518,1.1953143822231742,3.7934668071654376,RETROSPECTIVE_HISTORY_DIAGNOSTIC
2026-10-05,8476392,REMOVE_MAX_RATE,3.103180760279286,2.594033722438392,-0.509147037840894,0.6902860468861518,1.1994330847270458,3.7934668071654376,RETROSPECTIVE_HISTORY_DIAGNOSTIC
2026-10-05,8476392,WINSOR_TOP_SOG_TO_SECOND_MAX,3.103180760279286,3.103180760279286,0.0,0.6902860468861518,0.6902860468861518,3.7934668071654376,RETROSPECTIVE_HISTORY_DIAGNOSTIC
2026-10-05,8476393,REMOVE_MAX_SOG,5.971229530444223,4.968944099378882,-1.0022854310653413,0.5001049103834339,0.5021805206819074,5.471124620060789,RETROSPECTIVE_HISTORY_DIAGNOSTIC
2026-10-05,8476393,REMOVE_MAX_RATE,5.971229530444223,4.968944099378882,-1.0022854310653413,0.5001049103834339,0.5021805206819074,5.471124620060789,RETROSPECTIVE_HISTORY_DIAGNOSTIC
2026-10-05,8476393,WINSOR_TOP_SOG_TO_SECOND_MAX,5.971229530444223,5.971229530444223,0.0,0.5001049103834339,0.5001049103834339,5.471124620060789,RETROSPECTIVE_HISTORY_DIAGNOSTIC
2026-10-05,8476453,REMOVE_MAX_SOG,6.206215618975975,6.002527379949452,-0.20368823902652267,3.476875209574913,3.2731869705483905,2.7293404094010616,RETROSPECTIVE_HISTORY_DIAGNOSTIC
2026-10-05,8476453,REMOVE_MAX_RATE,6.206215618975975,5.810101421945875,-0.39611419703009965,3.476875209574913,3.0807610125448135,2.7293404094010616,RETROSPECTIVE_HISTORY_DIAGNOSTIC
2026-10-05,8476453,WINSOR_TOP_SOG_TO_SECOND_MAX,6.206215618975975,6.206215618975975,0.0,3.476875209574913,3.476875209574913,2.7293404094010616,RETROSPECTIVE_HISTORY_DIAGNOSTIC
2026-10-05,8476460,REMOVE_MAX_SOG,4.56729625576859,3.840819374799957,-0.726476880968633,3.8834079695835237,4.609884850552157,8.450704225352114,RETROSPECTIVE_HISTORY_DIAGNOSTIC
2026-10-05,8476460,REMOVE_MAX_RATE,4.56729625576859,3.840819374799957,-0.726476880968633,3.8834079695835237,4.609884850552157,8.450704225352114,RETROSPECTIVE_HISTORY_DIAGNOSTIC
2026-10-05,8476460,WINSOR_TOP_SOG_TO_SECOND_MAX,4.56729625576859,4.281840239783053,-0.28545601598553727,3.8834079695835237,4.168863985569061,8.450704225352114,RETROSPECTIVE_HISTORY_DIAGNOSTIC
2026-10-05,8476461,REMOVE_MAX_SOG,3.9269585705870793,2.6515430507475877,-1.2754155198394916,0.30886811832577266,0.966547401513719,3.6180904522613067,RETROSPECTIVE_HISTORY_DIAGNOSTIC
2026-10-05,8476461,REMOVE_MAX_RATE,3.9269585705870793,2.6515430507475877,-1.2754155198394916,0.30886811832577266,0.966547401513719,3.6180904522613067,RETROSPECTIVE_HISTORY_DIAGNOSTIC
2026-10-05,8476461,WINSOR_TOP_SOG_TO_SECOND_MAX,3.9269585705870793,3.1415668564696637,-0.7853917141174156,0.30886811832577266,0.47652359579164294,3.6180904522613067,RETROSPECTIVE_HISTORY_DIAGNOSTIC
2026-10-05,8476480,REMOVE_MAX_SOG,7.773908818527817,6.589785831960461,-1.1841229865673553,13.91283816942399,15.096961155991345,21.686746987951807,RETROSPECTIVE_HISTORY_DIAGNOSTIC
2026-10-05,8476480,REMOVE_MAX_RATE,7.773908818527817,6.589785831960461,-1.1841229865673553,13.91283816942399,15.096961155991345,21.686746987951807,RETROSPECTIVE_HISTORY_DIAGNOSTIC
2026-10-05,8476480,WINSOR_TOP_SOG_TO_SECOND_MAX,7.773908818527817,7.288039517369828,-0.48586930115798843,13.91283816942399,14.398707470581979,21.686746987951807,RETROSPECTIVE_HISTORY_DIAGNOSTIC
2026-10-05,8476483,REMOVE_MAX_SOG,10.388739946380698,8.57462408350938,-1.8141158628713168,4.568206397472048,2.7540905346007314,5.820533548908649,RETROSPECTIVE_HISTORY_DIAGNOSTIC
2026-10-05,8476483,REMOVE_MAX_RATE,10.388739946380698,8.57462408350938,-1.8141158628713168,4.568206397472048,2.7540905346007314,5.820533548908649,RETROSPECTIVE_HISTORY_DIAGNOSTIC
2026-10-05,8476483,WINSOR_TOP_SOG_TO_SECOND_MAX,10.388739946380698,9.383378016085791,-1.0053619302949066,4.568206397472048,3.5628444671771415,5.820533548908649,RETROSPECTIVE_HISTORY_DIAGNOSTIC
2026-10-05,8476624,REMOVE_MAX_SOG,1.983962966024634,1.0841087722468155,-0.8998541937778186,1.983962966024634,1.0841087722468155,0.0,RETROSPECTIVE_HISTORY_DIAGNOSTIC
2026-10-05,8476624,REMOVE_MAX_RATE,1.983962966024634,1.0841087722468155,-0.8998541937778186,1.983962966024634,1.0841087722468155,0.0,RETROSPECTIVE_HISTORY_DIAGNOSTIC
2026-10-05,8476624,WINSOR_TOP_SOG_TO_SECOND_MAX,1.983962966024634,1.4879722245184757,-0.4959907415061584,1.983962966024634,1.4879722245184757,0.0,RETROSPECTIVE_HISTORY_DIAGNOSTIC
2026-10-05,8476854,REMOVE_MAX_SOG,2.5871981602146414,2.245749117741418,-0.3414490424732235,3.8071180031956606,4.148567045668884,6.394316163410302,RETROSPECTIVE_HISTORY_DIAGNOSTIC
2026-10-05,8476854,REMOVE_MAX_RATE,2.5871981602146414,2.2382094324540365,-0.34898872776060497,3.8071180031956606,4.156106730956266,6.394316163410302,RETROSPECTIVE_HISTORY_DIAGNOSTIC
2026-10-05,8476854,WINSOR_TOP_SOG_TO_SECOND_MAX,2.5871981602146414,2.5871981602146414,0.0,3.8071180031956606,3.8071180031956606,6.394316163410302,RETROSPECTIVE_HISTORY_DIAGNOSTIC
2026-10-05,8476878,REMOVE_MAX_SOG,1.274065685164213,0.9461483876054562,-0.32791729755875676,1.274065685164213,0.9461483876054562,0.0,RETROSPECTIVE_HISTORY_DIAGNOSTIC
2026-10-05,8476878,REMOVE_MAX_RATE,1.274065685164213,0.9457755359394704,-0.32829014922474253,1.274065685164213,0.9457755359394704,0.0,RETROSPECTIVE_HISTORY_DIAGNOSTIC
2026-10-05,8476878,WINSOR_TOP_SOG_TO_SECOND_MAX,1.274065685164213,1.274065685164213,0.0,1.274065685164213,1.274065685164213,0.0,RETROSPECTIVE_HISTORY_DIAGNOSTIC
2026-10-05,8476885,REMOVE_MAX_SOG,5.089538171536286,4.400209533787323,-0.6893286377489627,5.089538171536286,4.400209533787323,0.0,RETROSPECTIVE_HISTORY_DIAGNOSTIC
2026-10-05,8476885,REMOVE_MAX_RATE,5.089538171536286,4.400209533787323,-0.6893286377489627,5.089538171536286,4.400209533787323,0.0,RETROSPECTIVE_HISTORY_DIAGNOSTIC
2026-10-05,8476885,WINSOR_TOP_SOG_TO_SECOND_MAX,5.089538171536286,4.806786050895382,-0.2827521206409038,5.089538171536286,4.806786050895382,0.0,RETROSPECTIVE_HISTORY_DIAGNOSTIC
2026-10-05,8476889,REMOVE_MAX_SOG,4.996252810392206,3.927435945389938,-1.068816865002268,0.1962528103922061,0.8725640546100619,4.8,RETROSPECTIVE_HISTORY_DIAGNOSTIC
2026-10-05,8476889,REMOVE_MAX_RATE,4.996252810392206,3.927435945389938,-1.068816865002268,0.1962528103922061,0.8725640546100619,4.8,RETROSPECTIVE_HISTORY_DIAGNOSTIC
2026-10-05,8476889,WINSOR_TOP_SOG_TO_SECOND_MAX,4.996252810392206,4.496627529352985,-0.4996252810392212,0.1962528103922061,0.3033724706470151,4.8,RETROSPECTIVE_HISTORY_DIAGNOSTIC
2026-10-05,8476902,REMOVE_MAX_SOG,2.88322921672273,2.2596438370904397,-0.6235853796322903,0.29137395788044484,0.9149593375127352,3.174603174603175,RETROSPECTIVE_HISTORY_DIAGNOSTIC
2026-10-05,8476902,REMOVE_MAX_RATE,2.88322921672273,2.2596438370904397,-0.6235853796322903,0.29137395788044484,0.9149593375127352,3.174603174603175,RETROSPECTIVE_HISTORY_DIAGNOSTIC
2026-10-05,8476902,WINSOR_TOP_SOG_TO_SECOND_MAX,2.88322921672273,2.88322921672273,0.0,0.29137395788044484,0.29137395788044484,3.174603174603175,RETROSPECTIVE_HISTORY_DIAGNOSTIC
2026-10-05,8477365,REMOVE_MAX_SOG,3.303303303303303,2.7187765505522514,-0.5845267527510516,0.1918080569765963,0.3927186957744553,3.1114952463267067,RETROSPECTIVE_HISTORY_DIAGNOSTIC
2026-10-05,8477365,REMOVE_MAX_RATE,3.303303303303303,2.7187765505522514,-0.5845267527510516,0.1918080569765963,0.3927186957744553,3.1114952463267067,RETROSPECTIVE_HISTORY_DIAGNOSTIC
2026-10-05,8477365,WINSOR_TOP_SOG_TO_SECOND_MAX,3.303303303303303,3.003003003003003,-0.3003003003003002,0.1918080569765963,0.10849224332370389,3.1114952463267067,RETROSPECTIVE_HISTORY_DIAGNOSTIC
2026-10-05,8477404,REMOVE_MAX_SOG,7.507994623905083,6.601351705349191,-0.9066429185558924,6.554505376094917,7.461148294650809,14.0625,RETROSPECTIVE_HISTORY_DIAGNOSTIC
2026-10-05,8477404,REMOVE_MAX_RATE,7.507994623905083,6.601351705349191,-0.9066429185558924,6.554505376094917,7.461148294650809,14.0625,RETROSPECTIVE_HISTORY_DIAGNOSTIC
2026-10-05,8477404,WINSOR_TOP_SOG_TO_SECOND_MAX,7.507994623905083,6.951846873986187,-0.556147749918896,6.554505376094917,7.110653126013813,14.0625,RETROSPECTIVE_HISTORY_DIAGNOSTIC
2026-10-05,8477496,REMOVE_MAX_SOG,4.4850784888735555,3.0373979624122,-1.4476805264613555,3.240243399538463,4.687923925999819,7.725321888412019,RETROSPECTIVE_HISTORY_DIAGNOSTIC
2026-10-05,8477496,REMOVE_MAX_RATE,4.4850784888735555,3.0373979624122,-1.4476805264613555,3.240243399538463,4.687923925999819,7.725321888412019,RETROSPECTIVE_HISTORY_DIAGNOSTIC
2026-10-05,8477496,WINSOR_TOP_SOG_TO_SECOND_MAX,4.4850784888735555,3.450060376056581,-1.0350181128169744,3.240243399538463,4.275261512355438,7.725321888412019,RETROSPECTIVE_HISTORY_DIAGNOSTIC
2026-10-05,8477498,REMOVE_MAX_SOG,4.510218463706835,3.451341316739005,-1.0588771469678298,3.5736138716225074,4.632491018590337,8.083832335329342,RETROSPECTIVE_HISTORY_DIAGNOSTIC
2026-10-05,8477498,REMOVE_MAX_RATE,4.510218463706835,3.451341316739005,-1.0588771469678298,3.5736138716225074,4.632491018590337,8.083832335329342,RETROSPECTIVE_HISTORY_DIAGNOSTIC
2026-10-05,8477498,WINSOR_TOP_SOG_TO_SECOND_MAX,4.510218463706835,3.6645525017618037,-0.8456659619450311,3.5736138716225074,4.419279833567538,8.083832335329342,RETROSPECTIVE_HISTORY_DIAGNOSTIC
2026-10-05,8477504,REMOVE_MAX_SOG,7.902115727759368,6.734321657391386,-1.1677940703679814,7.902115727759368,6.734321657391386,0.0,RETROSPECTIVE_HISTORY_DIAGNOSTIC
2026-10-05,8477504,REMOVE_MAX_RATE,7.902115727759368,6.734321657391386,-1.1677940703679814,7.902115727759368,6.734321657391386,0.0,RETROSPECTIVE_HISTORY_DIAGNOSTIC
2026-10-05,8477504,WINSOR_TOP_SOG_TO_SECOND_MAX,7.902115727759368,7.13739485087943,-0.7647208768799381,7.902115727759368,7.13739485087943,0.0,RETROSPECTIVE_HISTORY_DIAGNOSTIC
2026-10-05,8477505,REMOVE_MAX_SOG,3.041208373460388,2.392344497607656,-0.6488638758527321,0.3582250543016521,1.0070889301543842,3.39943342776204,RETROSPECTIVE_HISTORY_DIAGNOSTIC
2026-10-05,8477505,REMOVE_MAX_RATE,3.041208373460388,2.392344497607656,-0.6488638758527321,0.3582250543016521,1.0070889301543842,3.39943342776204,RETROSPECTIVE_HISTORY_DIAGNOSTIC
2026-10-05,8477505,WINSOR_TOP_SOG_TO_SECOND_MAX,3.041208373460388,2.7370875361143496,-0.30412083734603845,0.3582250543016521,0.6623458916476905,3.39943342776204,RETROSPECTIVE_HISTORY_DIAGNOSTIC
2026-10-05,8477507,REMOVE_MAX_SOG,3.2529942333284043,2.6606063965412114,-0.5923878367871929,0.19955911882458732,0.39282871796260554,3.053435114503817,RETROSPECTIVE_HISTORY_DIAGNOSTIC
2026-10-05,8477507,REMOVE_MAX_RATE,3.2529942333284043,2.612671456564337,-0.6403227767640671,0.19955911882458732,0.4407636579394798,3.053435114503817,RETROSPECTIVE_HISTORY_DIAGNOSTIC
2026-10-05,8477507,WINSOR_TOP_SOG_TO_SECOND_MAX,3.2529942333284043,3.2529942333284043,0.0,0.19955911882458732,0.19955911882458732,3.053435114503817,RETROSPECTIVE_HISTORY_DIAGNOSTIC
2026-10-05,8477845,REMOVE_MAX_SOG,2.850958238741354,1.408202781200493,-1.4427554575408612,2.850958238741354,1.408202781200493,0.0,RETROSPECTIVE_HISTORY_DIAGNOSTIC
2026-10-05,8477845,REMOVE_MAX_RATE,2.850958238741354,1.408202781200493,-1.4427554575408612,2.850958238741354,1.408202781200493,0.0,RETROSPECTIVE_HISTORY_DIAGNOSTIC
2026-10-05,8477845,WINSOR_TOP_SOG_TO_SECOND_MAX,2.850958238741354,1.5838656881896414,-1.2670925505517128,2.850958238741354,1.5838656881896414,0.0,RETROSPECTIVE_HISTORY_DIAGNOSTIC
2026-10-05,8477948,REMOVE_MAX_SOG,4.469088802449723,4.168982768204558,-0.30010603424516447,2.0754717811731265,1.775365746927962,2.3936170212765964,RETROSPECTIVE_HISTORY_DIAGNOSTIC
2026-10-05,8477948,REMOVE_MAX_RATE,4.469088802449723,4.041492657955005,-0.42759614449471783,2.0754717811731265,1.6478756366784086,2.3936170212765964,RETROSPECTIVE_HISTORY_DIAGNOSTIC
2026-10-05,8477948,WINSOR_TOP_SOG_TO_SECOND_MAX,4.469088802449723,4.469088802449723,0.0,2.0754717811731265,2.0754717811731265,2.3936170212765964,RETROSPECTIVE_HISTORY_DIAGNOSTIC
2026-10-05,8477956,REMOVE_MAX_SOG,9.707217786128071,9.145269081955679,-0.5619487041723925,3.9929320718423575,3.430983367669965,5.7142857142857135,RETROSPECTIVE_HISTORY_DIAGNOSTIC
2026-10-05,8477956,REMOVE_MAX_RATE,9.707217786128071,9.145269081955679,-0.5619487041723925,3.9929320718423575,3.430983367669965,5.7142857142857135,RETROSPECTIVE_HISTORY_DIAGNOSTIC
2026-10-05,8477956,WINSOR_TOP_SOG_TO_SECOND_MAX,9.707217786128071,9.394081728511036,-0.3131360576170348,3.9929320718423575,3.6797960142253228,5.7142857142857135,RETROSPECTIVE_HISTORY_DIAGNOSTIC
2026-10-05,8477989,REMOVE_MAX_SOG,5.327335148573458,4.721621089907535,-0.6057140586659235,1.1606684819067912,0.5549544232408676,4.166666666666667,RETROSPECTIVE_HISTORY_DIAGNOSTIC
2026-10-05,8477989,REMOVE_MAX_RATE,5.327335148573458,4.721621089907535,-0.6057140586659235,1.1606684819067912,0.5549544232408676,4.166666666666667,RETROSPECTIVE_HISTORY_DIAGNOSTIC
2026-10-05,8477989,WINSOR_TOP_SOG_TO_SECOND_MAX,5.327335148573458,5.327335148573458,0.0,1.1606684819067912,1.1606684819067912,4.166666666666667,RETROSPECTIVE_HISTORY_DIAGNOSTIC
2026-10-05,8477998,REMOVE_MAX_SOG,5.477178423236515,5.176380368098159,-0.30079805513835556,5.477178423236515,5.176380368098159,0.0,RETROSPECTIVE_HISTORY_DIAGNOSTIC
2026-10-05,8477998,REMOVE_MAX_RATE,5.477178423236515,4.901515839157665,-0.5756625840788496,5.477178423236515,4.901515839157665,0.0,RETROSPECTIVE_HISTORY_DIAGNOSTIC
2026-10-05,8477998,WINSOR_TOP_SOG_TO_SECOND_MAX,5.477178423236515,5.477178423236515,0.0,5.477178423236515,5.477178423236515,0.0,RETROSPECTIVE_HISTORY_DIAGNOSTIC
2026-10-05,8478010,REMOVE_MAX_SOG,5.2580029898448375,4.4207662661528,-0.8372367236920377,4.65935238205599,5.496589105748027,9.917355371900827,RETROSPECTIVE_HISTORY_DIAGNOSTIC
2026-10-05,8478010,REMOVE_MAX_RATE,5.2580029898448375,4.4207662661528,-0.8372367236920377,4.65935238205599,5.496589105748027,9.917355371900827,RETROSPECTIVE_HISTORY_DIAGNOSTIC
2026-10-05,8478010,WINSOR_TOP_SOG_TO_SECOND_MAX,5.2580029898448375,4.948708696324553,-0.3092942935202849,4.65935238205599,4.968646675576275,9.917355371900827,RETROSPECTIVE_HISTORY_DIAGNOSTIC
2026-10-05,8478020,REMOVE_MAX_SOG,3.892817751248946,3.5021158616664234,-0.3907018895825227,3.7343008928188497,4.125002782401372,7.627118644067796,RETROSPECTIVE_HISTORY_DIAGNOSTIC
2026-10-05,8478020,REMOVE_MAX_RATE,3.892817751248946,3.5021158616664234,-0.3907018895825227,3.7343008928188497,4.125002782401372,7.627118644067796,RETROSPECTIVE_HISTORY_DIAGNOSTIC
2026-10-05,8478020,WINSOR_TOP_SOG_TO_SECOND_MAX,3.892817751248946,3.892817751248946,0.0,3.7343008928188497,3.7343008928188497,7.627118644067796,RETROSPECTIVE_HISTORY_DIAGNOSTIC
2026-10-05,8478173,REMOVE_MAX_SOG,5.502063273727647,4.0201005025125625,-1.481962771215085,5.502063273727647,4.0201005025125625,0.0,RETROSPECTIVE_HISTORY_DIAGNOSTIC
2026-10-05,8478173,REMOVE_MAX_RATE,5.502063273727647,4.720692368214006,-0.7813709055136417,5.502063273727647,4.720692368214006,0.0,RETROSPECTIVE_HISTORY_DIAGNOSTIC
2026-10-05,8478173,WINSOR_TOP_SOG_TO_SECOND_MAX,5.502063273727647,4.585052728106373,-0.9170105456212747,5.502063273727647,4.585052728106373,0.0,RETROSPECTIVE_HISTORY_DIAGNOSTIC
2026-10-05,8478398,REMOVE_MAX_SOG,11.766394030707419,10.205166365472522,-1.561227665234897,4.609648425698952,6.170876090933849,16.37604245640637,RETROSPECTIVE_HISTORY_DIAGNOSTIC
2026-10-05,8478398,REMOVE_MAX_RATE,11.766394030707419,10.205166365472522,-1.561227665234897,4.609648425698952,6.170876090933849,16.37604245640637,RETROSPECTIVE_HISTORY_DIAGNOSTIC
2026-10-05,8478398,WINSOR_TOP_SOG_TO_SECOND_MAX,11.766394030707419,10.90543836992395,-0.8609556607834694,4.609648425698952,5.470604086482421,16.37604245640637,RETROSPECTIVE_HISTORY_DIAGNOSTIC
2026-10-05,8478401,REMOVE_MAX_SOG,5.63627254509018,5.138086062941555,-0.4981864821486255,2.641264225622626,2.1430777434740005,2.995008319467554,RETROSPECTIVE_HISTORY_DIAGNOSTIC
2026-10-05,8478401,REMOVE_MAX_RATE,5.63627254509018,4.990296645411701,-0.6459758996784792,2.641264225622626,1.9952883259441467,2.995008319467554,RETROSPECTIVE_HISTORY_DIAGNOSTIC
2026-10-05,8478401,WINSOR_TOP_SOG_TO_SECOND_MAX,5.63627254509018,5.63627254509018,0.0,2.641264225622626,2.641264225622626,2.995008319467554,RETROSPECTIVE_HISTORY_DIAGNOSTIC
2026-10-05,8478416,REMOVE_MAX_SOG,4.545719447520252,3.575685339690107,-0.9700341078301449,1.849090234037106,0.8790561262069612,2.696629213483146,RETROSPECTIVE_HISTORY_DIAGNOSTIC
2026-10-05,8478416,REMOVE_MAX_RATE,4.545719447520252,3.575685339690107,-0.9700341078301449,1.849090234037106,0.8790561262069612,2.696629213483146,RETROSPECTIVE_HISTORY_DIAGNOSTIC
2026-10-05,8478416,WINSOR_TOP_SOG_TO_SECOND_MAX,4.545719447520252,3.8463779940555978,-0.6993414534646543,1.849090234037106,1.1497487805724518,2.696629213483146,RETROSPECTIVE_HISTORY_DIAGNOSTIC
2026-10-05,8478420,REMOVE_MAX_SOG,3.8395274427762733,3.3476538525916424,-0.49187359018463095,6.407151874111772,6.899025464296402,10.246679316888045,RETROSPECTIVE_HISTORY_DIAGNOSTIC
2026-10-05,8478420,REMOVE_MAX_RATE,3.8395274427762733,3.296341061421822,-0.5431863813544515,6.407151874111772,6.950338255466223,10.246679316888045,RETROSPECTIVE_HISTORY_DIAGNOSTIC
2026-10-05,8478420,WINSOR_TOP_SOG_TO_SECOND_MAX,3.8395274427762733,3.8395274427762733,0.0,6.407151874111772,6.407151874111772,10.246679316888045,RETROSPECTIVE_HISTORY_DIAGNOSTIC
2026-10-05,8478438,REMOVE_MAX_SOG,6.672845227062096,5.778358670977505,-0.8944865560845905,1.221891615043167,2.1163781711277574,7.894736842105263,RETROSPECTIVE_HISTORY_DIAGNOSTIC
2026-10-05,8478438,REMOVE_MAX_RATE,6.672845227062096,5.778358670977505,-0.8944865560845905,1.221891615043167,2.1163781711277574,7.894736842105263,RETROSPECTIVE_HISTORY_DIAGNOSTIC
2026-10-05,8478438,WINSOR_TOP_SOG_TO_SECOND_MAX,6.672845227062096,6.302131603336424,-0.3707136237256723,1.221891615043167,1.5926052387688392,7.894736842105263,RETROSPECTIVE_HISTORY_DIAGNOSTIC
2026-10-05,8478439,REMOVE_MAX_SOG,4.457100408567538,3.684497816593886,-0.7726025919736514,1.8311091984193624,2.603711790393014,6.2882096069869,RETROSPECTIVE_HISTORY_DIAGNOSTIC
2026-10-05,8478439,REMOVE_MAX_RATE,4.457100408567538,3.684497816593886,-0.7726025919736514,1.8311091984193624,2.603711790393014,6.2882096069869,RETROSPECTIVE_HISTORY_DIAGNOSTIC
2026-10-05,8478439,WINSOR_TOP_SOG_TO_SECOND_MAX,4.457100408567538,4.085675374520243,-0.3714250340472942,1.8311091984193624,2.2025342324666566,6.2882096069869,RETROSPECTIVE_HISTORY_DIAGNOSTIC
2026-10-05,8478449,REMOVE_MAX_SOG,7.424823660438063,6.143764079459348,-1.2810595809787149,3.558013778590588,2.276954197611873,3.8668098818474754,RETROSPECTIVE_HISTORY_DIAGNOSTIC
2026-10-05,8478449,REMOVE_MAX_RATE,7.424823660438063,6.143764079459348,-1.2810595809787149,3.558013778590588,2.276954197611873,3.8668098818474754,RETROSPECTIVE_HISTORY_DIAGNOSTIC
2026-10-05,8478449,WINSOR_TOP_SOG_TO_SECOND_MAX,7.424823660438063,6.682341294394257,-0.7424823660438067,3.558013778590588,2.815531412546781,3.8668098818474754,RETROSPECTIVE_HISTORY_DIAGNOSTIC
2026-10-05,8478469,REMOVE_MAX_SOG,3.8166421500417442,3.498856143183959,-0.31778600685778535,1.3390096655269468,1.0212236586691614,2.4776324845147975,RETROSPECTIVE_HISTORY_DIAGNOSTIC
2026-10-05,8478469,REMOVE_MAX_RATE,3.8166421500417442,3.498856143183959,-0.31778600685778535,1.3390096655269468,1.0212236586691614,2.4776324845147975,RETROSPECTIVE_HISTORY_DIAGNOSTIC
2026-10-05,8478469,WINSOR_TOP_SOG_TO_SECOND_MAX,3.8166421500417442,3.5781020156641357,-0.23854013437760857,1.3390096655269468,1.1004695311493382,2.4776324845147975,RETROSPECTIVE_HISTORY_DIAGNOSTIC
2026-10-05,8478519,REMOVE_MAX_SOG,5.2352975394101575,4.737465455981049,-0.4978320834291088,1.6026032911760502,1.1047712077469414,3.6326942482341074,RETROSPECTIVE_HISTORY_DIAGNOSTIC
2026-10-05,8478519,REMOVE_MAX_RATE,5.2352975394101575,4.5924225028702645,-0.642875036539893,1.6026032911760502,0.9597282546361572,3.6326942482341074,RETROSPECTIVE_HISTORY_DIAGNOSTIC
2026-10-05,8478519,WINSOR_TOP_SOG_TO_SECOND_MAX,5.2352975394101575,5.2352975394101575,0.0,1.6026032911760502,1.6026032911760502,3.6326942482341074,RETROSPECTIVE_HISTORY_DIAGNOSTIC
2026-10-05,8478569,REMOVE_MAX_SOG,3.957522590858122,3.0554343081623743,-0.9020882826957477,3.957522590858122,3.0554343081623743,0.0,RETROSPECTIVE_HISTORY_DIAGNOSTIC
2026-10-05,8478569,REMOVE_MAX_RATE,3.957522590858122,3.0554343081623743,-0.9020882826957477,3.957522590858122,3.0554343081623743,0.0,RETROSPECTIVE_HISTORY_DIAGNOSTIC
2026-10-05,8478569,WINSOR_TOP_SOG_TO_SECOND_MAX,3.957522590858122,3.56177033177231,-0.3957522590858118,3.957522590858122,3.56177033177231,0.0,RETROSPECTIVE_HISTORY_DIAGNOSTIC
2026-10-05,8478840,REMOVE_MAX_SOG,1.6702856188408217,1.1266900350525786,-0.5435955837882431,1.6702856188408217,1.1266900350525786,0.0,RETROSPECTIVE_HISTORY_DIAGNOSTIC
2026-10-05,8478840,REMOVE_MAX_RATE,1.6702856188408217,1.1266900350525786,-0.5435955837882431,1.6702856188408217,1.1266900350525786,0.0,RETROSPECTIVE_HISTORY_DIAGNOSTIC
2026-10-05,8478840,WINSOR_TOP_SOG_TO_SECOND_MAX,1.6702856188408217,1.3362284950726573,-0.33405712376816443,1.6702856188408217,1.3362284950726573,0.0,RETROSPECTIVE_HISTORY_DIAGNOSTIC
2026-10-05,8478975,REMOVE_MAX_SOG,7.609155142218731,6.672772471542587,-0.936382670676144,3.9054514385150276,2.9690687678388836,3.7037037037037037,RETROSPECTIVE_HISTORY_DIAGNOSTIC
2026-10-05,8478975,REMOVE_MAX_RATE,7.609155142218731,6.672772471542587,-0.936382670676144,3.9054514385150276,2.9690687678388836,3.7037037037037037,RETROSPECTIVE_HISTORY_DIAGNOSTIC
2026-10-05,8478975,WINSOR_TOP_SOG_TO_SECOND_MAX,7.609155142218731,7.246814421160696,-0.36234072105803516,3.9054514385150276,3.5431107174569925,3.7037037037037037,RETROSPECTIVE_HISTORY_DIAGNOSTIC
2026-10-05,8479336,REMOVE_MAX_SOG,7.872539831302719,6.355932203389831,-1.5166076279128875,1.9901868901262478,0.47357926221336033,5.882352941176471,RETROSPECTIVE_HISTORY_DIAGNOSTIC
2026-10-05,8479336,REMOVE_MAX_RATE,7.872539831302719,6.355932203389831,-1.5166076279128875,1.9901868901262478,0.47357926221336033,5.882352941176471,RETROSPECTIVE_HISTORY_DIAGNOSTIC
2026-10-05,8479336,WINSOR_TOP_SOG_TO_SECOND_MAX,7.872539831302719,7.310215557638239,-0.5623242736644798,1.9901868901262478,1.427862616461768,5.882352941176471,RETROSPECTIVE_HISTORY_DIAGNOSTIC
2026-10-05,8479351,REMOVE_MAX_SOG,4.39150974782088,3.453982874001583,-0.937526873819297,0.3191115577756305,0.6184153160436665,4.0723981900452495,RETROSPECTIVE_HISTORY_DIAGNOSTIC
2026-10-05,8479351,REMOVE_MAX_RATE,4.39150974782088,3.453982874001583,-0.937526873819297,0.3191115577756305,0.6184153160436665,4.0723981900452495,RETROSPECTIVE_HISTORY_DIAGNOSTIC
2026-10-05,8479351,WINSOR_TOP_SOG_TO_SECOND_MAX,4.39150974782088,4.39150974782088,0.0,0.3191115577756305,0.3191115577756305,4.0723981900452495,RETROSPECTIVE_HISTORY_DIAGNOSTIC
2026-10-05,8479398,REMOVE_MAX_SOG,3.68229939139774,3.0972182391740755,-0.5850811522236645,0.1939272983744842,0.39115385384918033,3.488372093023256,RETROSPECTIVE_HISTORY_DIAGNOSTIC
2026-10-05,8479398,REMOVE_MAX_RATE,3.68229939139774,3.0972182391740755,-0.5850811522236645,0.1939272983744842,0.39115385384918033,3.488372093023256,RETROSPECTIVE_HISTORY_DIAGNOSTIC
2026-10-05,8479398,WINSOR_TOP_SOG_TO_SECOND_MAX,3.68229939139774,3.68229939139774,0.0,0.1939272983744842,0.1939272983744842,3.488372093023256,RETROSPECTIVE_HISTORY_DIAGNOSTIC
2026-10-05,8479542,REMOVE_MAX_SOG,11.881748314394832,11.370216349949992,-0.5115319644448402,11.900250034077503,12.411781998522343,23.781998348472335,RETROSPECTIVE_HISTORY_DIAGNOSTIC
2026-10-05,8479542,REMOVE_MAX_RATE,11.881748314394832,11.370216349949992,-0.5115319644448402,11.900250034077503,12.411781998522343,23.781998348472335,RETROSPECTIVE_HISTORY_DIAGNOSTIC
2026-10-05,8479542,WINSOR_TOP_SOG_TO_SECOND_MAX,11.881748314394832,11.59884954500448,-0.28289876939035175,11.900250034077503,12.183148803467855,23.781998348472335,RETROSPECTIVE_HISTORY_DIAGNOSTIC
2026-10-05,8479661,REMOVE_MAX_SOG,2.0743301642178045,1.1928429423459246,-0.8814872218718799,3.4898120305271734,4.371299252399053,5.564142194744978,RETROSPECTIVE_HISTORY_DIAGNOSTIC
2026-10-05,8479661,REMOVE_MAX_RATE,2.0743301642178045,1.1928429423459246,-0.8814872218718799,3.4898120305271734,4.371299252399053,5.564142194744978,RETROSPECTIVE_HISTORY_DIAGNOSTIC
2026-10-05,8479661,WINSOR_TOP_SOG_TO_SECOND_MAX,2.0743301642178045,1.5557476231633536,-0.5185825410544509,3.4898120305271734,4.008394571581624,5.564142194744978,RETROSPECTIVE_HISTORY_DIAGNOSTIC
2026-10-05,8479705,REMOVE_MAX_SOG,7.754084741068955,6.632499246306904,-1.1215854947620514,0.9487917353978776,0.17279375936417374,6.805293005671078,RETROSPECTIVE_HISTORY_DIAGNOSTIC
2026-10-05,8479705,REMOVE_MAX_RATE,7.754084741068955,6.632499246306904,-1.1215854947620514,0.9487917353978776,0.17279375936417374,6.805293005671078,RETROSPECTIVE_HISTORY_DIAGNOSTIC
2026-10-05,8479705,WINSOR_TOP_SOG_TO_SECOND_MAX,7.754084741068955,7.200221545278317,-0.5538631957906386,0.9487917353978776,0.39492853960723906,6.805293005671078,RETROSPECTIVE_HISTORY_DIAGNOSTIC
2026-10-05,8479983,REMOVE_MAX_SOG,3.949967083607637,3.3900046227335765,-0.5599624608740603,3.1576341009925613,3.7175965618666216,7.107601184600198,RETROSPECTIVE_HISTORY_DIAGNOSTIC
2026-10-05,8479983,REMOVE_MAX_RATE,3.949967083607637,3.3900046227335765,-0.5599624608740603,3.1576341009925613,3.7175965618666216,7.107601184600198,RETROSPECTIVE_HISTORY_DIAGNOSTIC
2026-10-05,8479983,WINSOR_TOP_SOG_TO_SECOND_MAX,3.949967083607637,3.949967083607637,0.0,3.1576341009925613,3.1576341009925613,7.107601184600198,RETROSPECTIVE_HISTORY_DIAGNOSTIC
2026-10-05,8479987,REMOVE_MAX_SOG,5.849630096920341,4.976076555023924,-0.8735535418964178,2.735425546958833,3.608979088855251,8.585055643879175,RETROSPECTIVE_HISTORY_DIAGNOSTIC
2026-10-05,8479987,REMOVE_MAX_RATE,5.849630096920341,4.976076555023924,-0.8735535418964178,2.735425546958833,3.608979088855251,8.585055643879175,RETROSPECTIVE_HISTORY_DIAGNOSTIC
2026-10-05,8479987,WINSOR_TOP_SOG_TO_SECOND_MAX,5.849630096920341,5.505534208866203,-0.34409588805413804,2.735425546958833,3.079521435012971,8.585055643879175,RETROSPECTIVE_HISTORY_DIAGNOSTIC
2026-10-05,8479999,REMOVE_MAX_SOG,4.266597711552135,3.423192126658109,-0.8434055848940263,4.266597711552135,3.423192126658109,0.0,RETROSPECTIVE_HISTORY_DIAGNOSTIC
2026-10-05,8479999,REMOVE_MAX_RATE,4.266597711552135,3.423192126658109,-0.8434055848940263,4.266597711552135,3.423192126658109,0.0,RETROSPECTIVE_HISTORY_DIAGNOSTIC
2026-10-05,8479999,WINSOR_TOP_SOG_TO_SECOND_MAX,4.266597711552135,3.8787251923201236,-0.3878725192320118,4.266597711552135,3.8787251923201236,0.0,RETROSPECTIVE_HISTORY_DIAGNOSTIC
2026-10-05,8480014,REMOVE_MAX_SOG,6.753954618164584,6.221242952498218,-0.5327116656663655,5.789599388804057,6.322311054470423,12.543554006968641,RETROSPECTIVE_HISTORY_DIAGNOSTIC
2026-10-05,8480014,REMOVE_MAX_RATE,6.753954618164584,6.221242952498218,-0.5327116656663655,5.789599388804057,6.322311054470423,12.543554006968641,RETROSPECTIVE_HISTORY_DIAGNOSTIC
2026-10-05,8480014,WINSOR_TOP_SOG_TO_SECOND_MAX,6.753954618164584,6.753954618164584,0.0,5.789599388804057,5.789599388804057,12.543554006968641,RETROSPECTIVE_HISTORY_DIAGNOSTIC
2026-10-05,8480015,REMOVE_MAX_SOG,7.806691449814126,6.928406466512702,-0.8782849833014241,7.806691449814126,6.928406466512702,0.0,RETROSPECTIVE_HISTORY_DIAGNOSTIC
2026-10-05,8480015,REMOVE_MAX_RATE,7.806691449814126,6.928406466512702,-0.8782849833014241,7.806691449814126,6.928406466512702,0.0,RETROSPECTIVE_HISTORY_DIAGNOSTIC
2026-10-05,8480015,WINSOR_TOP_SOG_TO_SECOND_MAX,7.806691449814126,7.806691449814126,0.0,7.806691449814126,7.806691449814126,0.0,RETROSPECTIVE_HISTORY_DIAGNOSTIC
2026-10-05,8480027,REMOVE_MAX_SOG,8.11541929666366,7.183989965220365,-0.9314293314432947,5.3930234800718,6.324452811515095,13.50844277673546,RETROSPECTIVE_HISTORY_DIAGNOSTIC
2026-10-05,8480027,REMOVE_MAX_RATE,8.11541929666366,7.325600754758866,-0.7898185419047943,5.3930234800718,6.182842021976595,13.50844277673546,RETROSPECTIVE_HISTORY_DIAGNOSTIC
2026-10-05,8480027,WINSOR_TOP_SOG_TO_SECOND_MAX,8.11541929666366,7.814848211602043,-0.300571085061617,5.3930234800718,5.693594565133417,13.50844277673546,RETROSPECTIVE_HISTORY_DIAGNOSTIC
2026-10-05,8480036,REMOVE_MAX_SOG,3.3681665083340526,2.318840579710145,-1.0493259286239076,2.4523670405745968,3.5016929691985044,5.820533548908649,RETROSPECTIVE_HISTORY_DIAGNOSTIC
2026-10-05,8480036,REMOVE_MAX_RATE,3.3681665083340526,2.318840579710145,-1.0493259286239076,2.4523670405745968,3.5016929691985044,5.820533548908649,RETROSPECTIVE_HISTORY_DIAGNOSTIC
2026-10-05,8480036,WINSOR_TOP_SOG_TO_SECOND_MAX,3.3681665083340526,2.5908973141031177,-0.7772691942309349,2.4523670405745968,3.2296362348055316,5.820533548908649,RETROSPECTIVE_HISTORY_DIAGNOSTIC
2026-10-05,8480049,REMOVE_MAX_SOG,2.6951756356122543,2.06723433577792,-0.6279412998343341,0.15518065892456256,0.7831219587588967,2.850356294536817,RETROSPECTIVE_HISTORY_DIAGNOSTIC
2026-10-05,8480049,REMOVE_MAX_RATE,2.6951756356122543,2.06723433577792,-0.6279412998343341,0.15518065892456256,0.7831219587588967,2.850356294536817,RETROSPECTIVE_HISTORY_DIAGNOSTIC
2026-10-05,8480049,WINSOR_TOP_SOG_TO_SECOND_MAX,2.6951756356122543,2.4256580720510286,-0.2695175635612257,0.15518065892456256,0.42469822248578826,2.850356294536817,RETROSPECTIVE_HISTORY_DIAGNOSTIC
2026-10-05,8480075,REMOVE_MAX_SOG,3.023975808193534,2.355527638190955,-0.6684481700025788,3.023975808193534,2.355527638190955,0.0,RETROSPECTIVE_HISTORY_DIAGNOSTIC
2026-10-05,8480075,REMOVE_MAX_RATE,3.023975808193534,2.355527638190955,-0.6684481700025788,3.023975808193534,2.355527638190955,0.0,RETROSPECTIVE_HISTORY_DIAGNOSTIC
2026-10-05,8480075,WINSOR_TOP_SOG_TO_SECOND_MAX,3.023975808193534,2.5919792641658863,-0.43199654402764764,3.023975808193534,2.5919792641658863,0.0,RETROSPECTIVE_HISTORY_DIAGNOSTIC
2026-10-05,8480113,REMOVE_MAX_SOG,7.306755544161005,6.65335994677312,-0.6533955973878847,4.2317059943005315,4.885101591688416,11.538461538461537,RETROSPECTIVE_HISTORY_DIAGNOSTIC
2026-10-05,8480113,REMOVE_MAX_RATE,7.306755544161005,6.803685329553509,-0.5030702146074963,4.2317059943005315,4.734776208908028,11.538461538461537,RETROSPECTIVE_HISTORY_DIAGNOSTIC
2026-10-05,8480113,WINSOR_TOP_SOG_TO_SECOND_MAX,7.306755544161005,6.9221894628893725,-0.3845660812716325,4.2317059943005315,4.616272075572164,11.538461538461537,RETROSPECTIVE_HISTORY_DIAGNOSTIC
2026-10-05,8480145,REMOVE_MAX_SOG,3.6682824577492466,2.6351747023228573,-1.0331077554263892,2.3117839874334787,3.344891742859868,5.980066445182725,RETROSPECTIVE_HISTORY_DIAGNOSTIC
2026-10-05,8480145,REMOVE_MAX_RATE,3.6682824577492466,2.6351747023228573,-1.0331077554263892,2.3117839874334787,3.344891742859868,5.980066445182725,RETROSPECTIVE_HISTORY_DIAGNOSTIC
2026-10-05,8480145,WINSOR_TOP_SOG_TO_SECOND_MAX,3.6682824577492466,3.1442421066422113,-0.5240403511070353,2.3117839874334787,2.835824338540514,5.980066445182725,RETROSPECTIVE_HISTORY_DIAGNOSTIC
2026-10-05,8480188,REMOVE_MAX_SOG,6.879520197565708,5.968367651447329,-0.9111525461183794,0.30610854494926176,1.2172610910676411,7.18562874251497,RETROSPECTIVE_HISTORY_DIAGNOSTIC
2026-10-05,8480188,REMOVE_MAX_RATE,6.879520197565708,5.968367651447329,-0.9111525461183794,0.30610854494926176,1.2172610910676411,7.18562874251497,RETROSPECTIVE_HISTORY_DIAGNOSTIC
2026-10-05,8480188,WINSOR_TOP_SOG_TO_SECOND_MAX,6.879520197565708,6.350326336214501,-0.5291938613512075,0.30610854494926176,0.8353024063004693,7.18562874251497,RETROSPECTIVE_HISTORY_DIAGNOSTIC
2026-10-05,8480208,REMOVE_MAX_SOG,6.35509069244009,5.397705974960641,-0.9573847174794485,1.5483121615664963,2.505696879045945,7.903402854006586,RETROSPECTIVE_HISTORY_DIAGNOSTIC
2026-10-05,8480208,REMOVE_MAX_RATE,6.35509069244009,5.397705974960641,-0.9573847174794485,1.5483121615664963,2.505696879045945,7.903402854006586,RETROSPECTIVE_HISTORY_DIAGNOSTIC
2026-10-05,8480208,WINSOR_TOP_SOG_TO_SECOND_MAX,6.35509069244009,5.9578975241625844,-0.3971931682775054,1.5483121615664963,1.9455053298440017,7.903402854006586,RETROSPECTIVE_HISTORY_DIAGNOSTIC
2026-10-05,8480220,REMOVE_MAX_SOG,8.25593395252838,7.352378034770622,-0.9035559177577586,8.25593395252838,7.352378034770622,0.0,RETROSPECTIVE_HISTORY_DIAGNOSTIC
2026-10-05,8480220,REMOVE_MAX_RATE,8.25593395252838,7.352378034770622,-0.9035559177577586,8.25593395252838,7.352378034770622,0.0,RETROSPECTIVE_HISTORY_DIAGNOSTIC
2026-10-05,8480220,WINSOR_TOP_SOG_TO_SECOND_MAX,8.25593395252838,7.843137254901961,-0.412796697626419,8.25593395252838,7.843137254901961,0.0,RETROSPECTIVE_HISTORY_DIAGNOSTIC
2026-10-05,8480289,REMOVE_MAX_SOG,5.272764145203814,4.1679530719357825,-1.1048110732680314,1.5031306373504107,0.39831956408237934,3.769633507853403,RETROSPECTIVE_HISTORY_DIAGNOSTIC
2026-10-05,8480289,REMOVE_MAX_RATE,5.272764145203814,4.1679530719357825,-1.1048110732680314,1.5031306373504107,0.39831956408237934,3.769633507853403,RETROSPECTIVE_HISTORY_DIAGNOSTIC
2026-10-05,8480289,WINSOR_TOP_SOG_TO_SECOND_MAX,5.272764145203814,4.461569661326304,-0.81119448387751,1.5031306373504107,0.6919361534729007,3.769633507853403,RETROSPECTIVE_HISTORY_DIAGNOSTIC
2026-10-05,8480355,REMOVE_MAX_SOG,8.157022686719348,6.929073236454625,-1.227949450264723,8.157022686719348,6.929073236454625,0.0,RETROSPECTIVE_HISTORY_DIAGNOSTIC
2026-10-05,8480355,REMOVE_MAX_RATE,8.157022686719348,6.929073236454625,-1.227949450264723,8.157022686719348,6.929073236454625,0.0,RETROSPECTIVE_HISTORY_DIAGNOSTIC
2026-10-05,8480355,WINSOR_TOP_SOG_TO_SECOND_MAX,8.157022686719348,7.647208768799389,-0.509813917919959,8.157022686719348,7.647208768799389,0.0,RETROSPECTIVE_HISTORY_DIAGNOSTIC
2026-10-05,8480426,REMOVE_MAX_SOG,5.110732538330494,4.435682602267128,-0.6750499360633659,0.37707233971828646,1.0521222757816524,5.48780487804878,RETROSPECTIVE_HISTORY_DIAGNOSTIC
2026-10-05,8480426,REMOVE_MAX_RATE,5.110732538330494,4.435682602267128,-0.6750499360633659,0.37707233971828646,1.0521222757816524,5.48780487804878,RETROSPECTIVE_HISTORY_DIAGNOSTIC
2026-10-05,8480426,WINSOR_TOP_SOG_TO_SECOND_MAX,5.110732538330494,5.110732538330494,0.0,0.37707233971828646,0.37707233971828646,5.48780487804878,RETROSPECTIVE_HISTORY_DIAGNOSTIC
2026-10-05,8480748,REMOVE_MAX_SOG,4.501969611705121,3.7662156507183706,-0.7357539609867505,0.5108387913060075,0.224915169680743,3.9911308203991136,RETROSPECTIVE_HISTORY_DIAGNOSTIC
2026-10-05,8480748,REMOVE_MAX_RATE,4.501969611705121,3.7662156507183706,-0.7357539609867505,0.5108387913060075,0.224915169680743,3.9911308203991136,RETROSPECTIVE_HISTORY_DIAGNOSTIC
2026-10-05,8480748,WINSOR_TOP_SOG_TO_SECOND_MAX,4.501969611705121,4.126805477396361,-0.3751641343087604,0.5108387913060075,0.13567465699724712,3.9911308203991136,RETROSPECTIVE_HISTORY_DIAGNOSTIC
2026-10-05,8480840,REMOVE_MAX_SOG,3.2117458132599226,2.4764735017335315,-0.735272311526391,1.8729999494519416,2.6082722609783326,5.084745762711864,RETROSPECTIVE_HISTORY_DIAGNOSTIC
2026-10-05,8480840,REMOVE_MAX_RATE,3.2117458132599226,2.4764735017335315,-0.735272311526391,1.8729999494519416,2.6082722609783326,5.084745762711864,RETROSPECTIVE_HISTORY_DIAGNOSTIC
2026-10-05,8480840,WINSOR_TOP_SOG_TO_SECOND_MAX,3.2117458132599226,3.2117458132599226,0.0,1.8729999494519416,1.8729999494519416,5.084745762711864,RETROSPECTIVE_HISTORY_DIAGNOSTIC
2026-10-05,8480848,REMOVE_MAX_SOG,3.7456106125634023,2.529510961214165,-1.2160996513492375,3.7456106125634023,2.529510961214165,0.0,RETROSPECTIVE_HISTORY_DIAGNOSTIC
2026-10-05,8480848,REMOVE_MAX_RATE,3.7456106125634023,2.529510961214165,-1.2160996513492375,3.7456106125634023,2.529510961214165,0.0,RETROSPECTIVE_HISTORY_DIAGNOSTIC
2026-10-05,8480848,WINSOR_TOP_SOG_TO_SECOND_MAX,3.7456106125634023,3.277409285992977,-0.46820132657042546,3.7456106125634023,3.277409285992977,0.0,RETROSPECTIVE_HISTORY_DIAGNOSTIC
2026-10-05,8480878,REMOVE_MAX_SOG,2.458152873697764,1.975763962065332,-0.482388911632432,0.9967415600834255,1.4791304717158575,3.4548944337811895,RETROSPECTIVE_HISTORY_DIAGNOSTIC
2026-10-05,8480878,REMOVE_MAX_RATE,2.458152873697764,1.9293845263360985,-0.5287683473616656,0.9967415600834255,1.525509907445091,3.4548944337811895,RETROSPECTIVE_HISTORY_DIAGNOSTIC
2026-10-05,8480878,WINSOR_TOP_SOG_TO_SECOND_MAX,2.458152873697764,2.458152873697764,0.0,0.9967415600834255,0.9967415600834255,3.4548944337811895,RETROSPECTIVE_HISTORY_DIAGNOSTIC
2026-10-05,8480891,REMOVE_MAX_SOG,4.690248192300176,3.77913079991602,-0.9111173923841562,1.8102481923001763,0.8991307999160201,2.88,RETROSPECTIVE_HISTORY_DIAGNOSTIC
2026-10-05,8480891,REMOVE_MAX_RATE,4.690248192300176,3.77913079991602,-0.9111173923841562,1.8102481923001763,0.8991307999160201,2.88,RETROSPECTIVE_HISTORY_DIAGNOSTIC
2026-10-05,8480891,WINSOR_TOP_SOG_TO_SECOND_MAX,4.690248192300176,4.299394176275161,-0.3908540160250151,1.8102481923001763,1.4193941762751612,2.88,RETROSPECTIVE_HISTORY_DIAGNOSTIC
2026-10-05,8480980,REMOVE_MAX_SOG,3.1639311844967373,2.6132404181184667,-0.5506907663782705,13.088890485932156,13.639581252310427,16.252821670428894,RETROSPECTIVE_HISTORY_DIAGNOSTIC
2026-10-05,8480980,REMOVE_MAX_RATE,3.1639311844967373,2.6132404181184667,-0.5506907663782705,13.088890485932156,13.639581252310427,16.252821670428894,RETROSPECTIVE_HISTORY_DIAGNOSTIC
2026-10-05,8480980,WINSOR_TOP_SOG_TO_SECOND_MAX,3.1639311844967373,2.768439786434645,-0.39549139806209244,13.088890485932156,13.48438188399425,16.252821670428894,RETROSPECTIVE_HISTORY_DIAGNOSTIC
2026-10-05,8480995,REMOVE_MAX_SOG,6.540222367560497,5.871320231590965,-0.6689021359695317,7.2177394158789925,7.886641551848524,13.75796178343949,RETROSPECTIVE_HISTORY_DIAGNOSTIC
2026-10-05,8480995,REMOVE_MAX_RATE,6.540222367560497,5.698005698005699,-0.8422166695547979,7.2177394158789925,8.05995608543379,13.75796178343949,RETROSPECTIVE_HISTORY_DIAGNOSTIC
2026-10-05,8480995,WINSOR_TOP_SOG_TO_SECOND_MAX,6.540222367560497,6.540222367560497,0.0,7.2177394158789925,7.2177394158789925,13.75796178343949,RETROSPECTIVE_HISTORY_DIAGNOSTIC
2026-10-05,8481030,REMOVE_MAX_SOG,1.0370455723915424,0.7956504442381646,-0.24139512815337782,1.0370455723915424,0.7956504442381646,0.0,RETROSPECTIVE_HISTORY_DIAGNOSTIC
2026-10-05,8481030,REMOVE_MAX_RATE,1.0370455723915424,0.7660389403127992,-0.2710066320787432,1.0370455723915424,0.7660389403127992,0.0,RETROSPECTIVE_HISTORY_DIAGNOSTIC
2026-10-05,8481030,WINSOR_TOP_SOG_TO_SECOND_MAX,1.0370455723915424,1.0370455723915424,0.0,1.0370455723915424,1.0370455723915424,0.0,RETROSPECTIVE_HISTORY_DIAGNOSTIC
2026-10-05,8481043,REMOVE_MAX_SOG,8.665906499429873,8.252385455170634,-0.4135210442592392,1.593214947367004,1.179693903107765,7.072691552062869,RETROSPECTIVE_HISTORY_DIAGNOSTIC
2026-10-05,8481043,REMOVE_MAX_RATE,8.665906499429873,7.956900124326564,-0.7090063751033089,1.593214947367004,0.8842085722636952,7.072691552062869,RETROSPECTIVE_HISTORY_DIAGNOSTIC
2026-10-05,8481043,WINSOR_TOP_SOG_TO_SECOND_MAX,8.665906499429873,8.665906499429873,0.0,1.593214947367004,1.593214947367004,7.072691552062869,RETROSPECTIVE_HISTORY_DIAGNOSTIC
2026-10-05,8481122,REMOVE_MAX_SOG,5.319822672577581,4.266514968356681,-1.0533077042208996,5.319822672577581,4.266514968356681,0.0,RETROSPECTIVE_HISTORY_DIAGNOSTIC
2026-10-05,8481122,REMOVE_MAX_RATE,5.319822672577581,4.266514968356681,-1.0533077042208996,5.319822672577581,4.266514968356681,0.0,RETROSPECTIVE_HISTORY_DIAGNOSTIC
2026-10-05,8481122,WINSOR_TOP_SOG_TO_SECOND_MAX,5.319822672577581,4.559848005066498,-0.7599746675110826,5.319822672577581,4.559848005066498,0.0,RETROSPECTIVE_HISTORY_DIAGNOSTIC
2026-10-05,8481481,REMOVE_MAX_SOG,3.73366521468575,2.2829312837683586,-1.4507339309173912,6.102400359084742,7.553134290002133,9.836065573770492,RETROSPECTIVE_HISTORY_DIAGNOSTIC
2026-10-05,8481481,REMOVE_MAX_RATE,3.73366521468575,2.2829312837683586,-1.4507339309173912,6.102400359084742,7.553134290002133,9.836065573770492,RETROSPECTIVE_HISTORY_DIAGNOSTIC
2026-10-05,8481481,WINSOR_TOP_SOG_TO_SECOND_MAX,3.73366521468575,2.9039618336444724,-0.8297033810412775,6.102400359084742,6.93210374012602,9.836065573770492,RETROSPECTIVE_HISTORY_DIAGNOSTIC
2026-10-05,8481527,REMOVE_MAX_SOG,3.8148524923702953,3.0268088786393776,-0.7880436137309177,3.8148524923702953,3.0268088786393776,0.0,RETROSPECTIVE_HISTORY_DIAGNOSTIC
2026-10-05,8481527,REMOVE_MAX_RATE,3.8148524923702953,3.0268088786393776,-0.7880436137309177,3.8148524923702953,3.0268088786393776,0.0,RETROSPECTIVE_HISTORY_DIAGNOSTIC
2026-10-05,8481527,WINSOR_TOP_SOG_TO_SECOND_MAX,3.8148524923702953,3.433367243133266,-0.3814852492370293,3.8148524923702953,3.433367243133266,0.0,RETROSPECTIVE_HISTORY_DIAGNOSTIC
2026-10-05,8481528,REMOVE_MAX_SOG,10.275275910186476,9.922346850733389,-0.3529290594530874,2.604867202514777,2.9577962619678644,12.880143112701253,RETROSPECTIVE_HISTORY_DIAGNOSTIC
2026-10-05,8481528,REMOVE_MAX_RATE,10.275275910186476,9.76023764056864,-0.5150382696178362,2.604867202514777,3.119905472132613,12.880143112701253,RETROSPECTIVE_HISTORY_DIAGNOSTIC
2026-10-05,8481528,WINSOR_TOP_SOG_TO_SECOND_MAX,10.275275910186476,10.275275910186476,0.0,2.604867202514777,2.604867202514777,12.880143112701253,RETROSPECTIVE_HISTORY_DIAGNOSTIC
2026-10-05,8481533,REMOVE_MAX_SOG,4.915615271178109,4.003882552778451,-0.9117327183996577,4.915615271178109,4.003882552778451,0.0,RETROSPECTIVE_HISTORY_DIAGNOSTIC
2026-10-05,8481533,REMOVE_MAX_RATE,4.915615271178109,4.003882552778451,-0.9117327183996577,4.915615271178109,4.003882552778451,0.0,RETROSPECTIVE_HISTORY_DIAGNOSTIC
2026-10-05,8481533,WINSOR_TOP_SOG_TO_SECOND_MAX,4.915615271178109,4.915615271178109,0.0,4.915615271178109,4.915615271178109,0.0,RETROSPECTIVE_HISTORY_DIAGNOSTIC
2026-10-05,8481546,REMOVE_MAX_SOG,1.6261631583702232,1.1960530250174426,-0.4301101333527806,3.476600838794908,3.906710972147689,5.102763997165131,RETROSPECTIVE_HISTORY_DIAGNOSTIC
2026-10-05,8481546,REMOVE_MAX_RATE,1.6261631583702232,1.1960530250174426,-0.4301101333527806,3.476600838794908,3.906710972147689,5.102763997165131,RETROSPECTIVE_HISTORY_DIAGNOSTIC
2026-10-05,8481546,WINSOR_TOP_SOG_TO_SECOND_MAX,1.6261631583702232,1.3551359653085193,-0.27102719306170386,3.476600838794908,3.747628031856612,5.102763997165131,RETROSPECTIVE_HISTORY_DIAGNOSTIC
2026-10-05,8481581,REMOVE_MAX_SOG,5.122732123799359,4.539007092198581,-0.5837250316007783,5.122732123799359,4.539007092198581,0.0,RETROSPECTIVE_HISTORY_DIAGNOSTIC
2026-10-05,8481581,REMOVE_MAX_RATE,5.122732123799359,4.539007092198581,-0.5837250316007783,5.122732123799359,4.539007092198581,0.0,RETROSPECTIVE_HISTORY_DIAGNOSTIC
2026-10-05,8481581,WINSOR_TOP_SOG_TO_SECOND_MAX,5.122732123799359,4.866595517609391,-0.25613660618996814,5.122732123799359,4.866595517609391,0.0,RETROSPECTIVE_HISTORY_DIAGNOSTIC
2026-10-05,8481582,REMOVE_MAX_SOG,8.123708401624741,6.200317965023848,-1.9233904366008936,4.184977548233055,2.261587111632162,3.9387308533916854,RETROSPECTIVE_HISTORY_DIAGNOSTIC
2026-10-05,8481582,REMOVE_MAX_RATE,8.123708401624741,6.200317965023848,-1.9233904366008936,4.184977548233055,2.261587111632162,3.9387308533916854,RETROSPECTIVE_HISTORY_DIAGNOSTIC
2026-10-05,8481582,WINSOR_TOP_SOG_TO_SECOND_MAX,8.123708401624741,7.268581201453717,-0.8551272001710242,4.184977548233055,3.3298503480620316,3.9387308533916854,RETROSPECTIVE_HISTORY_DIAGNOSTIC
2026-10-05,8481596,REMOVE_MAX_SOG,6.912442396313365,6.229667058904963,-0.682775337408402,0.2209925821869705,0.46178275522143153,6.691449814126394,RETROSPECTIVE_HISTORY_DIAGNOSTIC
2026-10-05,8481596,REMOVE_MAX_RATE,6.912442396313365,6.229667058904963,-0.682775337408402,0.2209925821869705,0.46178275522143153,6.691449814126394,RETROSPECTIVE_HISTORY_DIAGNOSTIC
2026-10-05,8481596,WINSOR_TOP_SOG_TO_SECOND_MAX,6.912442396313365,6.912442396313365,0.0,0.2209925821869705,0.2209925821869705,6.691449814126394,RETROSPECTIVE_HISTORY_DIAGNOSTIC
2026-10-05,8481606,REMOVE_MAX_SOG,4.591134010100495,3.541285486631648,-1.0498485234688468,2.1734039899527446,1.1235554664838978,2.4177300201477503,RETROSPECTIVE_HISTORY_DIAGNOSTIC
2026-10-05,8481606,REMOVE_MAX_RATE,4.591134010100495,3.541285486631648,-1.0498485234688468,2.1734039899527446,1.1235554664838978,2.4177300201477503,RETROSPECTIVE_HISTORY_DIAGNOSTIC
2026-10-05,8481606,WINSOR_TOP_SOG_TO_SECOND_MAX,4.591134010100495,3.672907208080396,-0.918226802020099,2.1734039899527446,1.2551771879326457,2.4177300201477503,RETROSPECTIVE_HISTORY_DIAGNOSTIC
2026-10-05,8481624,REMOVE_MAX_SOG,4.985937100485809,4.329316689515839,-0.6566204109699703,1.3967047973950808,0.7400843864251105,3.589232303090728,RETROSPECTIVE_HISTORY_DIAGNOSTIC
2026-10-05,8481624,REMOVE_MAX_RATE,4.985937100485809,4.329316689515839,-0.6566204109699703,1.3967047973950808,0.7400843864251105,3.589232303090728,RETROSPECTIVE_HISTORY_DIAGNOSTIC
2026-10-05,8481624,WINSOR_TOP_SOG_TO_SECOND_MAX,4.985937100485809,4.985937100485809,0.0,1.3967047973950808,1.3967047973950808,3.589232303090728,RETROSPECTIVE_HISTORY_DIAGNOSTIC
2026-10-05,8481641,REMOVE_MAX_SOG,5.364060792688983,4.647560030983733,-0.7165007617052499,0.2874305730880966,1.0039313347933465,5.65149136577708,RETROSPECTIVE_HISTORY_DIAGNOSTIC
2026-10-05,8481641,REMOVE_MAX_RATE,5.364060792688983,4.647560030983733,-0.7165007617052499,0.2874305730880966,1.0039313347933465,5.65149136577708,RETROSPECTIVE_HISTORY_DIAGNOSTIC
2026-10-05,8481641,WINSOR_TOP_SOG_TO_SECOND_MAX,5.364060792688983,5.364060792688983,0.0,0.2874305730880966,0.2874305730880966,5.65149136577708,RETROSPECTIVE_HISTORY_DIAGNOSTIC
2026-10-05,8481719,REMOVE_MAX_SOG,5.866058334691217,5.6915196357427424,-0.1745386989484743,1.9261494575165745,2.100688156465049,7.792207792207791,RETROSPECTIVE_HISTORY_DIAGNOSTIC
2026-10-05,8481719,REMOVE_MAX_RATE,5.866058334691217,5.330490405117271,-0.5355679295739462,1.9261494575165745,2.4617173870905207,7.792207792207791,RETROSPECTIVE_HISTORY_DIAGNOSTIC
2026-10-05,8481719,WINSOR_TOP_SOG_TO_SECOND_MAX,5.866058334691217,5.866058334691217,0.0,1.9261494575165745,1.9261494575165745,7.792207792207791,RETROSPECTIVE_HISTORY_DIAGNOSTIC
2026-10-05,8482095,REMOVE_MAX_SOG,4.647080084680125,3.192055328959035,-1.45502475572109,2.077486936928519,0.6224621812074291,2.569593147751606,RETROSPECTIVE_HISTORY_DIAGNOSTIC
2026-10-05,8482095,REMOVE_MAX_RATE,4.647080084680125,3.192055328959035,-1.45502475572109,2.077486936928519,0.6224621812074291,2.569593147751606,RETROSPECTIVE_HISTORY_DIAGNOSTIC
2026-10-05,8482095,WINSOR_TOP_SOG_TO_SECOND_MAX,4.647080084680125,3.7176640677441006,-0.9294160169360244,2.077486936928519,1.1480709199924948,2.569593147751606,RETROSPECTIVE_HISTORY_DIAGNOSTIC
2026-10-05,8482116,REMOVE_MAX_SOG,7.0246882158310004,6.34637866726048,-0.6783095485705202,2.482354037690124,3.160663586260644,9.507042253521124,RETROSPECTIVE_HISTORY_DIAGNOSTIC
2026-10-05,8482116,REMOVE_MAX_RATE,7.0246882158310004,6.34637866726048,-0.6783095485705202,2.482354037690124,3.160663586260644,9.507042253521124,RETROSPECTIVE_HISTORY_DIAGNOSTIC
2026-10-05,8482116,WINSOR_TOP_SOG_TO_SECOND_MAX,7.0246882158310004,7.0246882158310004,0.0,2.482354037690124,2.482354037690124,9.507042253521124,RETROSPECTIVE_HISTORY_DIAGNOSTIC
2026-10-05,8482142,REMOVE_MAX_SOG,3.9223010833022043,3.132504959799519,-0.7897961235026854,3.9223010833022043,3.132504959799519,0.0,RETROSPECTIVE_HISTORY_DIAGNOSTIC
2026-10-05,8482142,REMOVE_MAX_RATE,3.9223010833022043,3.132504959799519,-0.7897961235026854,3.9223010833022043,3.132504959799519,0.0,RETROSPECTIVE_HISTORY_DIAGNOSTIC
2026-10-05,8482142,WINSOR_TOP_SOG_TO_SECOND_MAX,3.9223010833022043,3.9223010833022043,0.0,3.9223010833022043,3.9223010833022043,0.0,RETROSPECTIVE_HISTORY_DIAGNOSTIC
2026-10-05,8482148,REMOVE_MAX_SOG,4.234961963767548,3.3115628737006717,-0.923399090066876,1.2361626562932413,2.1595617463601173,5.471124620060789,RETROSPECTIVE_HISTORY_DIAGNOSTIC
2026-10-05,8482148,REMOVE_MAX_RATE,4.234961963767548,3.3115628737006717,-0.923399090066876,1.2361626562932413,2.1595617463601173,5.471124620060789,RETROSPECTIVE_HISTORY_DIAGNOSTIC
2026-10-05,8482148,WINSOR_TOP_SOG_TO_SECOND_MAX,4.234961963767548,3.764410634460042,-0.47055132930750565,1.2361626562932413,1.706713985600747,5.471124620060789,RETROSPECTIVE_HISTORY_DIAGNOSTIC
2026-10-05,8482149,REMOVE_MAX_SOG,4.828525442614833,3.7385765715868184,-1.0899488710280143,7.181482897668735,8.271431768696749,12.010008340283568,RETROSPECTIVE_HISTORY_DIAGNOSTIC
2026-10-05,8482149,REMOVE_MAX_RATE,4.828525442614833,3.7385765715868184,-1.0899488710280143,7.181482897668735,8.271431768696749,12.010008340283568,RETROSPECTIVE_HISTORY_DIAGNOSTIC
2026-10-05,8482149,WINSOR_TOP_SOG_TO_SECOND_MAX,4.828525442614833,4.085675374520243,-0.7428500680945893,7.181482897668735,7.924332965763324,12.010008340283568,RETROSPECTIVE_HISTORY_DIAGNOSTIC
2026-10-05,8482159,REMOVE_MAX_SOG,7.532956685499059,6.874602164226608,-0.6583545212724511,5.1542679841044645,5.812622505376916,12.687224669603523,RETROSPECTIVE_HISTORY_DIAGNOSTIC
2026-10-05,8482159,REMOVE_MAX_RATE,7.532956685499059,6.753799011944219,-0.77915767355484,5.1542679841044645,5.9334256576593045,12.687224669603523,RETROSPECTIVE_HISTORY_DIAGNOSTIC
2026-10-05,8482159,WINSOR_TOP_SOG_TO_SECOND_MAX,7.532956685499059,7.532956685499059,0.0,5.1542679841044645,5.1542679841044645,12.687224669603523,RETROSPECTIVE_HISTORY_DIAGNOSTIC
2026-10-05,8482175,REMOVE_MAX_SOG,8.204518430439954,7.291385363219012,-0.9131330672209419,8.204518430439954,7.291385363219012,0.0,RETROSPECTIVE_HISTORY_DIAGNOSTIC
2026-10-05,8482175,REMOVE_MAX_RATE,8.204518430439954,7.4427107135862105,-0.7618077168537436,8.204518430439954,7.4427107135862105,0.0,RETROSPECTIVE_HISTORY_DIAGNOSTIC
2026-10-05,8482175,WINSOR_TOP_SOG_TO_SECOND_MAX,8.204518430439954,7.8478002378121285,-0.35671819262782556,8.204518430439954,7.8478002378121285,0.0,RETROSPECTIVE_HISTORY_DIAGNOSTIC
2026-10-05,8482177,REMOVE_MAX_SOG,2.429477662302605,0.9237875288683602,-1.505690133434245,2.429477662302605,0.9237875288683602,0.0,RETROSPECTIVE_HISTORY_DIAGNOSTIC
2026-10-05,8482177,REMOVE_MAX_RATE,2.429477662302605,0.9237875288683602,-1.505690133434245,2.429477662302605,0.9237875288683602,0.0,RETROSPECTIVE_HISTORY_DIAGNOSTIC
2026-10-05,8482177,WINSOR_TOP_SOG_TO_SECOND_MAX,2.429477662302605,1.2147388311513025,-1.2147388311513025,2.429477662302605,1.2147388311513025,0.0,RETROSPECTIVE_HISTORY_DIAGNOSTIC
2026-10-05,8482201,REMOVE_MAX_SOG,3.377533149862396,3.0,-0.37753314986239594,4.0298742575450115,4.407407407407407,7.407407407407407,RETROSPECTIVE_HISTORY_DIAGNOSTIC
2026-10-05,8482201,REMOVE_MAX_RATE,3.377533149862396,2.948402948402949,-0.42913020145944714,4.0298742575450115,4.459004459004459,7.407407407407407,RETROSPECTIVE_HISTORY_DIAGNOSTIC
2026-10-05,8482201,WINSOR_TOP_SOG_TO_SECOND_MAX,3.377533149862396,3.377533149862396,0.0,4.0298742575450115,4.0298742575450115,7.407407407407407,RETROSPECTIVE_HISTORY_DIAGNOSTIC
2026-10-05,8482475,REMOVE_MAX_SOG,9.137983551629608,8.545269582909462,-0.5927139687201457,9.137983551629608,8.545269582909462,0.0,RETROSPECTIVE_HISTORY_DIAGNOSTIC
2026-10-05,8482475,REMOVE_MAX_RATE,9.137983551629608,8.545269582909462,-0.5927139687201457,9.137983551629608,8.545269582909462,0.0,RETROSPECTIVE_HISTORY_DIAGNOSTIC
2026-10-05,8482475,WINSOR_TOP_SOG_TO_SECOND_MAX,9.137983551629608,9.137983551629608,0.0,9.137983551629608,9.137983551629608,0.0,RETROSPECTIVE_HISTORY_DIAGNOSTIC
2026-10-05,8482511,REMOVE_MAX_SOG,1.9237962913482605,1.7960845357121475,-0.12771175563611292,3.7859578720141505,3.9136696276502634,5.709754163362411,RETROSPECTIVE_HISTORY_DIAGNOSTIC
2026-10-05,8482511,REMOVE_MAX_RATE,1.9237962913482605,1.733502831387958,-0.19029345996030256,3.7859578720141505,3.976251331974453,5.709754163362411,RETROSPECTIVE_HISTORY_DIAGNOSTIC
2026-10-05,8482511,WINSOR_TOP_SOG_TO_SECOND_MAX,1.9237962913482605,1.9237962913482605,0.0,3.7859578720141505,3.7859578720141505,5.709754163362411,RETROSPECTIVE_HISTORY_DIAGNOSTIC
2026-10-05,8482655,REMOVE_MAX_SOG,2.127659574468085,1.3557790080216925,-0.7718805664463926,8.429525176265052,9.201405742711446,10.557184750733137,RETROSPECTIVE_HISTORY_DIAGNOSTIC
2026-10-05,8482655,REMOVE_MAX_RATE,2.127659574468085,1.3557790080216925,-0.7718805664463926,8.429525176265052,9.201405742711446,10.557184750733137,RETROSPECTIVE_HISTORY_DIAGNOSTIC
2026-10-05,8482655,WINSOR_TOP_SOG_TO_SECOND_MAX,2.127659574468085,1.8237082066869301,-0.30395136778115495,8.429525176265052,8.733476544046207,10.557184750733137,RETROSPECTIVE_HISTORY_DIAGNOSTIC
2026-10-05,8482667,REMOVE_MAX_SOG,7.325065861337789,6.458094144661308,-0.8669717166764812,0.6149074270414241,0.2520642896350571,6.710158434296365,RETROSPECTIVE_HISTORY_DIAGNOSTIC
2026-10-05,8482667,REMOVE_MAX_RATE,7.325065861337789,6.458094144661308,-0.8669717166764812,0.6149074270414241,0.2520642896350571,6.710158434296365,RETROSPECTIVE_HISTORY_DIAGNOSTIC
2026-10-05,8482667,WINSOR_TOP_SOG_TO_SECOND_MAX,7.325065861337789,7.325065861337789,0.0,0.6149074270414241,0.6149074270414241,6.710158434296365,RETROSPECTIVE_HISTORY_DIAGNOSTIC
2026-10-05,8482740,REMOVE_MAX_SOG,8.9126559714795,8.257183749862381,-0.6554722216171189,1.8336126852369166,2.4890849068540355,10.746268656716417,RETROSPECTIVE_HISTORY_DIAGNOSTIC
2026-10-05,8482740,REMOVE_MAX_RATE,8.9126559714795,8.257183749862381,-0.6554722216171189,1.8336126852369166,2.4890849068540355,10.746268656716417,RETROSPECTIVE_HISTORY_DIAGNOSTIC
2026-10-05,8482740,WINSOR_TOP_SOG_TO_SECOND_MAX,8.9126559714795,8.9126559714795,0.0,1.8336126852369166,1.8336126852369166,10.746268656716417,RETROSPECTIVE_HISTORY_DIAGNOSTIC
2026-10-05,8482758,REMOVE_MAX_SOG,4.452690166975882,3.5258562793821353,-0.9268338875937463,0.008245722531436961,0.9185881650623093,4.444444444444445,RETROSPECTIVE_HISTORY_DIAGNOSTIC
2026-10-05,8482758,REMOVE_MAX_RATE,4.452690166975882,3.5258562793821353,-0.9268338875937463,0.008245722531436961,0.9185881650623093,4.444444444444445,RETROSPECTIVE_HISTORY_DIAGNOSTIC
2026-10-05,8482758,WINSOR_TOP_SOG_TO_SECOND_MAX,4.452690166975882,4.007421150278293,-0.4452690166975888,0.008245722531436961,0.4370232941661518,4.444444444444445,RETROSPECTIVE_HISTORY_DIAGNOSTIC
2026-10-05,8482765,REMOVE_MAX_SOG,5.877071259489021,5.165981058069454,-0.7110902014195677,0.9115540181097108,0.20046381669014313,4.9655172413793105,RETROSPECTIVE_HISTORY_DIAGNOSTIC
2026-10-05,8482765,REMOVE_MAX_RATE,5.877071259489021,5.165981058069454,-0.7110902014195677,0.9115540181097108,0.20046381669014313,4.9655172413793105,RETROSPECTIVE_HISTORY_DIAGNOSTIC
2026-10-05,8482765,WINSOR_TOP_SOG_TO_SECOND_MAX,5.877071259489021,5.387315321198269,-0.48975593829075237,0.9115540181097108,0.42179807981895845,4.9655172413793105,RETROSPECTIVE_HISTORY_DIAGNOSTIC
2026-10-05,8482859,REMOVE_MAX_SOG,4.711219682428895,3.448606188332215,-1.2626134940966804,0.468636432679018,1.7312499267756984,5.179856115107913,RETROSPECTIVE_HISTORY_DIAGNOSTIC
2026-10-05,8482859,REMOVE_MAX_RATE,4.711219682428895,3.448606188332215,-1.2626134940966804,0.468636432679018,1.7312499267756984,5.179856115107913,RETROSPECTIVE_HISTORY_DIAGNOSTIC
2026-10-05,8482859,WINSOR_TOP_SOG_TO_SECOND_MAX,4.711219682428895,4.711219682428895,0.0,0.468636432679018,0.468636432679018,5.179856115107913,RETROSPECTIVE_HISTORY_DIAGNOSTIC
2026-10-05,8483017,REMOVE_MAX_SOG,5.07900677200903,3.433148960518787,-1.645857811490243,1.8733077515281744,0.2274499400379315,3.2056990204808553,RETROSPECTIVE_HISTORY_DIAGNOSTIC
2026-10-05,8483017,REMOVE_MAX_RATE,5.07900677200903,3.433148960518787,-1.645857811490243,1.8733077515281744,0.2274499400379315,3.2056990204808553,RETROSPECTIVE_HISTORY_DIAGNOSTIC
2026-10-05,8483017,WINSOR_TOP_SOG_TO_SECOND_MAX,5.07900677200903,4.232505643340858,-0.8465011286681721,1.8733077515281744,1.0268066228600023,3.2056990204808553,RETROSPECTIVE_HISTORY_DIAGNOSTIC
2026-10-05,8483398,REMOVE_MAX_SOG,3.49283967865875,2.776859504132231,-0.7159801745265191,6.298638109192565,7.014618283719084,9.791477787851315,RETROSPECTIVE_HISTORY_DIAGNOSTIC
2026-10-05,8483398,REMOVE_MAX_RATE,3.49283967865875,2.776859504132231,-0.7159801745265191,6.298638109192565,7.014618283719084,9.791477787851315,RETROSPECTIVE_HISTORY_DIAGNOSTIC
2026-10-05,8483398,WINSOR_TOP_SOG_TO_SECOND_MAX,3.49283967865875,3.143555710792875,-0.34928396786587523,6.298638109192565,6.647922077058441,9.791477787851315,RETROSPECTIVE_HISTORY_DIAGNOSTIC
2026-10-05,8483425,REMOVE_MAX_SOG,1.0610079575596816,0.805207005300946,-0.25580095225873556,1.0610079575596816,0.805207005300946,0.0,RETROSPECTIVE_HISTORY_DIAGNOSTIC
2026-10-05,8483425,REMOVE_MAX_RATE,1.0610079575596816,0.783801436969301,-0.27720652059038053,1.0610079575596816,0.783801436969301,0.0,RETROSPECTIVE_HISTORY_DIAGNOSTIC
2026-10-05,8483425,WINSOR_TOP_SOG_TO_SECOND_MAX,1.0610079575596816,1.0610079575596816,0.0,1.0610079575596816,1.0610079575596816,0.0,RETROSPECTIVE_HISTORY_DIAGNOSTIC
2026-10-05,8483447,REMOVE_MAX_SOG,6.5106185087583315,5.799648506151142,-0.7109700026071897,3.673257021651854,4.384227024259044,10.183875530410186,RETROSPECTIVE_HISTORY_DIAGNOSTIC
2026-10-05,8483447,REMOVE_MAX_RATE,6.5106185087583315,6.007509386733417,-0.5031091220249149,3.673257021651854,4.176366143676769,10.183875530410186,RETROSPECTIVE_HISTORY_DIAGNOSTIC
2026-10-05,8483447,WINSOR_TOP_SOG_TO_SECOND_MAX,6.5106185087583315,6.5106185087583315,0.0,3.673257021651854,3.673257021651854,10.183875530410186,RETROSPECTIVE_HISTORY_DIAGNOSTIC
2026-10-05,8483460,REMOVE_MAX_SOG,4.37636761487965,3.4038414782397273,-0.9725261366399232,0.9865371064050743,0.014010969765151149,3.389830508474576,RETROSPECTIVE_HISTORY_DIAGNOSTIC
2026-10-05,8483460,REMOVE_MAX_RATE,4.37636761487965,3.7919826652221023,-0.5843849496575482,0.9865371064050743,0.40215215674752613,3.389830508474576,RETROSPECTIVE_HISTORY_DIAGNOSTIC
2026-10-05,8483460,WINSOR_TOP_SOG_TO_SECOND_MAX,4.37636761487965,4.37636761487965,0.0,0.9865371064050743,0.9865371064050743,3.389830508474576,RETROSPECTIVE_HISTORY_DIAGNOSTIC
2026-10-05,8483471,REMOVE_MAX_SOG,6.036217303822939,5.069708491761725,-0.966508812061214,1.3179997415686806,0.35149092950746663,4.718217562254258,RETROSPECTIVE_HISTORY_DIAGNOSTIC
2026-10-05,8483471,REMOVE_MAX_RATE,6.036217303822939,5.069708491761725,-0.966508812061214,1.3179997415686806,0.35149092950746663,4.718217562254258,RETROSPECTIVE_HISTORY_DIAGNOSTIC
2026-10-05,8483471,WINSOR_TOP_SOG_TO_SECOND_MAX,6.036217303822939,5.57189289583656,-0.4643244079863793,1.3179997415686806,0.8536753335823013,4.718217562254258,RETROSPECTIVE_HISTORY_DIAGNOSTIC
2026-10-05,8483489,REMOVE_MAX_SOG,5.820651185351361,5.184102086933404,-0.6365490984179569,2.132126595187426,1.495577496769469,3.6885245901639347,RETROSPECTIVE_HISTORY_DIAGNOSTIC
2026-10-05,8483489,REMOVE_MAX_RATE,5.820651185351361,5.184102086933404,-0.6365490984179569,2.132126595187426,1.495577496769469,3.6885245901639347,RETROSPECTIVE_HISTORY_DIAGNOSTIC
2026-10-05,8483489,WINSOR_TOP_SOG_TO_SECOND_MAX,5.820651185351361,5.820651185351361,0.0,2.132126595187426,2.132126595187426,3.6885245901639347,RETROSPECTIVE_HISTORY_DIAGNOSTIC
2026-10-05,8483505,REMOVE_MAX_SOG,7.428040854224697,5.604143669864991,-1.8238971843597067,7.428040854224697,5.604143669864991,0.0,RETROSPECTIVE_HISTORY_DIAGNOSTIC
2026-10-05,8483505,REMOVE_MAX_RATE,7.428040854224697,5.604143669864991,-1.8238971843597067,7.428040854224697,5.604143669864991,0.0,RETROSPECTIVE_HISTORY_DIAGNOSTIC
2026-10-05,8483505,WINSOR_TOP_SOG_TO_SECOND_MAX,7.428040854224697,6.963788300835654,-0.46425255338904314,7.428040854224697,6.963788300835654,0.0,RETROSPECTIVE_HISTORY_DIAGNOSTIC
2026-10-05,8483676,REMOVE_MAX_SOG,7.331975560081467,6.81198910081744,-0.5199864592640271,7.331975560081467,6.81198910081744,0.0,RETROSPECTIVE_HISTORY_DIAGNOSTIC
2026-10-05,8483676,REMOVE_MAX_RATE,7.331975560081467,6.81198910081744,-0.5199864592640271,7.331975560081467,6.81198910081744,0.0,RETROSPECTIVE_HISTORY_DIAGNOSTIC
2026-10-05,8483676,WINSOR_TOP_SOG_TO_SECOND_MAX,7.331975560081467,7.331975560081467,0.0,7.331975560081467,7.331975560081467,0.0,RETROSPECTIVE_HISTORY_DIAGNOSTIC
2026-10-05,8483808,REMOVE_MAX_SOG,5.511977952088192,4.37034639041761,-1.1416315616705823,0.6273103808534559,0.5143211808171264,4.884667571234736,RETROSPECTIVE_HISTORY_DIAGNOSTIC
2026-10-05,8483808,REMOVE_MAX_RATE,5.511977952088192,4.37034639041761,-1.1416315616705823,0.6273103808534559,0.5143211808171264,4.884667571234736,RETROSPECTIVE_HISTORY_DIAGNOSTIC
2026-10-05,8483808,WINSOR_TOP_SOG_TO_SECOND_MAX,5.511977952088192,4.663981344074624,-0.8479966080135686,0.6273103808534559,0.22068622716011266,4.884667571234736,RETROSPECTIVE_HISTORY_DIAGNOSTIC
2026-10-05,8484142,REMOVE_MAX_SOG,3.839385698288274,2.726776949645519,-1.1126087486427547,3.839385698288274,2.726776949645519,0.0,RETROSPECTIVE_HISTORY_DIAGNOSTIC
2026-10-05,8484142,REMOVE_MAX_RATE,3.839385698288274,2.6932399676811203,-1.1461457306071536,3.839385698288274,2.6932399676811203,0.0,RETROSPECTIVE_HISTORY_DIAGNOSTIC
2026-10-05,8484142,WINSOR_TOP_SOG_TO_SECOND_MAX,3.839385698288274,3.839385698288274,0.0,3.839385698288274,3.839385698288274,0.0,RETROSPECTIVE_HISTORY_DIAGNOSTIC
2026-10-05,8484152,REMOVE_MAX_SOG,4.789017187250573,4.322247568735743,-0.4667696185148298,4.789017187250573,4.322247568735743,0.0,RETROSPECTIVE_HISTORY_DIAGNOSTIC
2026-10-05,8484152,REMOVE_MAX_RATE,4.789017187250573,4.320432043204321,-0.4685851440462514,4.789017187250573,4.320432043204321,0.0,RETROSPECTIVE_HISTORY_DIAGNOSTIC
2026-10-05,8484152,WINSOR_TOP_SOG_TO_SECOND_MAX,4.789017187250573,4.789017187250573,0.0,4.789017187250573,4.789017187250573,0.0,RETROSPECTIVE_HISTORY_DIAGNOSTIC
2026-10-05,8484227,REMOVE_MAX_SOG,6.0623070446253156,5.122575923893158,-0.9397311207321577,6.0623070446253156,5.122575923893158,0.0,RETROSPECTIVE_HISTORY_DIAGNOSTIC
2026-10-05,8484227,REMOVE_MAX_RATE,6.0623070446253156,5.122575923893158,-0.9397311207321577,6.0623070446253156,5.122575923893158,0.0,RETROSPECTIVE_HISTORY_DIAGNOSTIC
2026-10-05,8484227,WINSOR_TOP_SOG_TO_SECOND_MAX,6.0623070446253156,6.0623070446253156,0.0,6.0623070446253156,6.0623070446253156,0.0,RETROSPECTIVE_HISTORY_DIAGNOSTIC
2026-10-05,8484321,REMOVE_MAX_SOG,2.7400835073068897,1.9572025052192068,-0.7828810020876829,0.22287945565607314,1.005760457743756,2.962962962962963,RETROSPECTIVE_HISTORY_DIAGNOSTIC
2026-10-05,8484321,REMOVE_MAX_RATE,2.7400835073068897,2.2328073831497472,-0.5072761241571424,0.22287945565607314,0.7301555798132155,2.962962962962963,RETROSPECTIVE_HISTORY_DIAGNOSTIC
2026-10-05,8484321,WINSOR_TOP_SOG_TO_SECOND_MAX,2.7400835073068897,2.7400835073068897,0.0,0.22287945565607314,0.22287945565607314,2.962962962962963,RETROSPECTIVE_HISTORY_DIAGNOSTIC
2026-10-05,8484387,REMOVE_MAX_SOG,9.702457956015524,7.37527114967462,-2.3271868063409036,6.102457956015524,3.7752711496746203,3.5999999999999996,RETROSPECTIVE_HISTORY_DIAGNOSTIC
2026-10-05,8484387,REMOVE_MAX_RATE,9.702457956015524,7.37527114967462,-2.3271868063409036,6.102457956015524,3.7752711496746203,3.5999999999999996,RETROSPECTIVE_HISTORY_DIAGNOSTIC
2026-10-05,8484387,WINSOR_TOP_SOG_TO_SECOND_MAX,9.702457956015524,8.150064683053039,-1.552393272962485,6.102457956015524,4.550064683053039,3.5999999999999996,RETROSPECTIVE_HISTORY_DIAGNOSTIC
2026-10-05,8484759,REMOVE_MAX_SOG,4.995836802664447,4.7313947757516015,-0.26444202691284513,0.9869281166956272,0.7224860897827821,4.008908685968819,RETROSPECTIVE_HISTORY_DIAGNOSTIC
2026-10-05,8484759,REMOVE_MAX_RATE,4.995836802664447,4.472188577285008,-0.5236482253794383,0.9869281166956272,0.46327989131618885,4.008908685968819,RETROSPECTIVE_HISTORY_DIAGNOSTIC
2026-10-05,8484759,WINSOR_TOP_SOG_TO_SECOND_MAX,4.995836802664447,4.995836802664447,0.0,0.9869281166956272,0.9869281166956272,4.008908685968819,RETROSPECTIVE_HISTORY_DIAGNOSTIC
2026-10-05,8484806,REMOVE_MAX_SOG,2.7049873203719357,2.2399203583872573,-0.46506696198467834,0.9387373759843398,1.4038043379690182,3.6437246963562755,RETROSPECTIVE_HISTORY_DIAGNOSTIC
2026-10-05,8484806,REMOVE_MAX_RATE,2.7049873203719357,2.2399203583872573,-0.46506696198467834,0.9387373759843398,1.4038043379690182,3.6437246963562755,RETROSPECTIVE_HISTORY_DIAGNOSTIC
2026-10-05,8484806,WINSOR_TOP_SOG_TO_SECOND_MAX,2.7049873203719357,2.7049873203719357,0.0,0.9387373759843398,0.9387373759843398,3.6437246963562755,RETROSPECTIVE_HISTORY_DIAGNOSTIC
2026-10-05,8484829,REMOVE_MAX_SOG,3.6679300648000974,3.3384337181805535,-0.32949634661954397,3.6679300648000974,3.3384337181805535,0.0,RETROSPECTIVE_HISTORY_DIAGNOSTIC
2026-10-05,8484829,REMOVE_MAX_RATE,3.6679300648000974,3.2584345937139365,-0.4094954710861609,3.6679300648000974,3.2584345937139365,0.0,RETROSPECTIVE_HISTORY_DIAGNOSTIC
2026-10-05,8484829,WINSOR_TOP_SOG_TO_SECOND_MAX,3.6679300648000974,3.6679300648000974,0.0,3.6679300648000974,3.6679300648000974,0.0,RETROSPECTIVE_HISTORY_DIAGNOSTIC
2026-10-05,8484911,REMOVE_MAX_SOG,2.841245412572511,2.346193952033368,-0.49505146053914295,2.841245412572511,2.346193952033368,0.0,RETROSPECTIVE_HISTORY_DIAGNOSTIC
2026-10-05,8484911,REMOVE_MAX_RATE,2.841245412572511,2.3044424529509664,-0.5368029596215447,2.841245412572511,2.3044424529509664,0.0,RETROSPECTIVE_HISTORY_DIAGNOSTIC
2026-10-05,8484911,WINSOR_TOP_SOG_TO_SECOND_MAX,2.841245412572511,2.841245412572511,0.0,2.841245412572511,2.841245412572511,0.0,RETROSPECTIVE_HISTORY_DIAGNOSTIC
2026-10-05,8484938,REMOVE_MAX_SOG,8.222142084385142,6.510851419031719,-1.711290665353423,4.678834997770969,2.967544332417546,3.543307086614173,RETROSPECTIVE_HISTORY_DIAGNOSTIC
2026-10-05,8484938,REMOVE_MAX_RATE,8.222142084385142,6.990291262135923,-1.2318508222492195,4.678834997770969,3.4469841755217496,3.543307086614173,RETROSPECTIVE_HISTORY_DIAGNOSTIC
2026-10-05,8484938,WINSOR_TOP_SOG_TO_SECOND_MAX,8.222142084385142,7.356653443923548,-0.865488640461594,4.678834997770969,3.813346357309375,3.543307086614173,RETROSPECTIVE_HISTORY_DIAGNOSTIC
2026-10-05,8484994,REMOVE_MAX_SOG,6.8965517241379315,6.003694581280789,-0.8928571428571423,6.8965517241379315,6.003694581280789,0.0,RETROSPECTIVE_HISTORY_DIAGNOSTIC
2026-10-05,8484994,REMOVE_MAX_RATE,6.8965517241379315,6.003694581280789,-0.8928571428571423,6.8965517241379315,6.003694581280789,0.0,RETROSPECTIVE_HISTORY_DIAGNOSTIC
2026-10-05,8484994,WINSOR_TOP_SOG_TO_SECOND_MAX,6.8965517241379315,6.490872210953348,-0.40567951318458384,6.8965517241379315,6.490872210953348,0.0,RETROSPECTIVE_HISTORY_DIAGNOSTIC
2026-10-05,8485395,REMOVE_MAX_SOG,8.154129027100486,6.890611541774332,-1.2635174853261546,0.46862546391747806,1.7321429492436327,8.622754491017965,RETROSPECTIVE_HISTORY_DIAGNOSTIC
2026-10-05,8485395,REMOVE_MAX_RATE,8.154129027100486,6.890611541774332,-1.2635174853261546,0.46862546391747806,1.7321429492436327,8.622754491017965,RETROSPECTIVE_HISTORY_DIAGNOSTIC
2026-10-05,8485395,WINSOR_TOP_SOG_TO_SECOND_MAX,8.154129027100486,7.194819729794548,-0.9593092973059383,0.46862546391747806,1.4279347612234163,8.622754491017965,RETROSPECTIVE_HISTORY_DIAGNOSTIC
2026-10-05,8485402,REMOVE_MAX_SOG,9.097111667045711,7.759958613554059,-1.3371530534916518,9.097111667045711,7.759958613554059,0.0,RETROSPECTIVE_HISTORY_DIAGNOSTIC
2026-10-05,8485402,REMOVE_MAX_RATE,9.097111667045711,7.9773973741066975,-1.1197142929390136,9.097111667045711,7.9773973741066975,0.0,RETROSPECTIVE_HISTORY_DIAGNOSTIC
2026-10-05,8485402,WINSOR_TOP_SOG_TO_SECOND_MAX,9.097111667045711,8.642256083693427,-0.45485558335228404,9.097111667045711,8.642256083693427,0.0,RETROSPECTIVE_HISTORY_DIAGNOSTIC
2026-10-05,8485406,REMOVE_MAX_SOG,7.755277897457992,6.412364353830978,-1.3429135436270139,7.755277897457992,6.412364353830978,0.0,RETROSPECTIVE_HISTORY_DIAGNOSTIC
2026-10-05,8485406,REMOVE_MAX_RATE,7.755277897457992,6.412364353830978,-1.3429135436270139,7.755277897457992,6.412364353830978,0.0,RETROSPECTIVE_HISTORY_DIAGNOSTIC
2026-10-05,8485406,WINSOR_TOP_SOG_TO_SECOND_MAX,7.755277897457992,6.893580353295993,-0.8616975441619985,7.755277897457992,6.893580353295993,0.0,RETROSPECTIVE_HISTORY_DIAGNOSTIC
2026-10-05,8485414,REMOVE_MAX_SOG,6.37910085054678,4.600443005622764,-1.778657844924016,0.06673621301633492,1.845394057940351,6.445837063563115,RETROSPECTIVE_HISTORY_DIAGNOSTIC
2026-10-05,8485414,REMOVE_MAX_RATE,6.37910085054678,4.600443005622764,-1.778657844924016,0.06673621301633492,1.845394057940351,6.445837063563115,RETROSPECTIVE_HISTORY_DIAGNOSTIC
2026-10-05,8485414,WINSOR_TOP_SOG_TO_SECOND_MAX,6.37910085054678,5.467800729040097,-0.9113001215066827,0.06673621301633492,0.9780363345230176,6.445837063563115,RETROSPECTIVE_HISTORY_DIAGNOSTIC
2026-10-05,8486025,REMOVE_MAX_SOG,5.302226935312831,4.403131115459883,-0.8990958198529482,0.8577824908683862,0.04131332898456197,4.444444444444445,RETROSPECTIVE_HISTORY_DIAGNOSTIC
2026-10-05,8486025,REMOVE_MAX_RATE,5.302226935312831,4.403131115459883,-0.8990958198529482,0.8577824908683862,0.04131332898456197,4.444444444444445,RETROSPECTIVE_HISTORY_DIAGNOSTIC
2026-10-05,8486025,WINSOR_TOP_SOG_TO_SECOND_MAX,5.302226935312831,4.241781548250265,-1.0604453870625656,0.8577824908683862,0.20266289619417943,4.444444444444445,RETROSPECTIVE_HISTORY_DIAGNOSTIC
2026-10-05,8486103,REMOVE_MAX_SOG,5.964214711729622,4.123711340206185,-1.840503371523437,1.6005783480932587,0.23992502343017819,4.363636363636363,RETROSPECTIVE_HISTORY_DIAGNOSTIC
2026-10-05,8486103,REMOVE_MAX_RATE,5.964214711729622,4.6082949308755765,-1.3559197808540455,1.6005783480932587,0.2446585672392132,4.363636363636363,RETROSPECTIVE_HISTORY_DIAGNOSTIC
2026-10-05,8486103,WINSOR_TOP_SOG_TO_SECOND_MAX,5.964214711729622,5.21868787276342,-0.7455268389662022,1.6005783480932587,0.8550515091270565,4.363636363636363,RETROSPECTIVE_HISTORY_DIAGNOSTIC
2026-10-06,8470621,REMOVE_MAX_SOG,7.193094629156011,6.059493206022769,-1.1336014231332419,7.193094629156011,6.059493206022769,0.0,RETROSPECTIVE_HISTORY_DIAGNOSTIC
2026-10-06,8470621,REMOVE_MAX_RATE,7.193094629156011,6.2095730918499354,-0.9835215373060757,7.193094629156011,6.2095730918499354,0.0,RETROSPECTIVE_HISTORY_DIAGNOSTIC
2026-10-06,8470621,WINSOR_TOP_SOG_TO_SECOND_MAX,7.193094629156011,6.713554987212277,-0.47953964194373455,7.193094629156011,6.713554987212277,0.0,RETROSPECTIVE_HISTORY_DIAGNOSTIC
2026-10-06,8473419,REMOVE_MAX_SOG,8.1702859600086,7.295719844357976,-0.8745661156506248,4.3297140399914,5.204280155642024,12.5,RETROSPECTIVE_HISTORY_DIAGNOSTIC
2026-10-06,8473419,REMOVE_MAX_RATE,8.1702859600086,7.295719844357976,-0.8745661156506248,4.3297140399914,5.204280155642024,12.5,RETROSPECTIVE_HISTORY_DIAGNOSTIC
2026-10-06,8473419,WINSOR_TOP_SOG_TO_SECOND_MAX,8.1702859600086,7.740270909481831,-0.43001505052676947,4.3297140399914,4.759729090518169,12.5,RETROSPECTIVE_HISTORY_DIAGNOSTIC
2026-10-06,8473422,REMOVE_MAX_SOG,3.5987404408457038,2.9776674937965257,-0.621072947049178,3.5987404408457038,2.9776674937965257,0.0,RETROSPECTIVE_HISTORY_DIAGNOSTIC
2026-10-06,8473422,REMOVE_MAX_RATE,3.5987404408457038,2.9671144811670644,-0.6316259596786393,3.5987404408457038,2.9671144811670644,0.0,RETROSPECTIVE_HISTORY_DIAGNOSTIC
2026-10-06,8473422,WINSOR_TOP_SOG_TO_SECOND_MAX,3.5987404408457038,3.5987404408457038,0.0,3.5987404408457038,3.5987404408457038,0.0,RETROSPECTIVE_HISTORY_DIAGNOSTIC
2026-10-06,8473512,REMOVE_MAX_SOG,9.098951093137874,7.656316461080392,-1.4426346320574819,9.098951093137874,7.656316461080392,0.0,RETROSPECTIVE_HISTORY_DIAGNOSTIC
2026-10-06,8473512,REMOVE_MAX_RATE,9.098951093137874,7.656316461080392,-1.4426346320574819,9.098951093137874,7.656316461080392,0.0,RETROSPECTIVE_HISTORY_DIAGNOSTIC
2026-10-06,8473512,WINSOR_TOP_SOG_TO_SECOND_MAX,9.098951093137874,8.340705168709718,-0.7582459244281559,9.098951093137874,8.340705168709718,0.0,RETROSPECTIVE_HISTORY_DIAGNOSTIC
2026-10-06,8473533,REMOVE_MAX_SOG,5.469129800680602,4.53732985013062,-0.9317999505499825,1.9012408016716829,0.9694408511217003,3.5678889990089195,RETROSPECTIVE_HISTORY_DIAGNOSTIC
2026-10-06,8473533,REMOVE_MAX_RATE,5.469129800680602,4.53732985013062,-0.9317999505499825,1.9012408016716829,0.9694408511217003,3.5678889990089195,RETROSPECTIVE_HISTORY_DIAGNOSTIC
2026-10-06,8473533,WINSOR_TOP_SOG_TO_SECOND_MAX,5.469129800680602,5.104521147301896,-0.3646086533787063,1.9012408016716829,1.5366321482929766,3.5678889990089195,RETROSPECTIVE_HISTORY_DIAGNOSTIC
2026-10-06,8474013,REMOVE_MAX_SOG,2.3734177215189876,2.3026736599718562,-0.07074406154713131,0.6826094431669207,0.753353504714052,3.0560271646859083,RETROSPECTIVE_HISTORY_DIAGNOSTIC
2026-10-06,8474013,REMOVE_MAX_RATE,2.3734177215189876,2.259319693736664,-0.11409802778232336,0.6826094431669207,0.7967074709492441,3.0560271646859083,RETROSPECTIVE_HISTORY_DIAGNOSTIC
2026-10-06,8474013,WINSOR_TOP_SOG_TO_SECOND_MAX,2.3734177215189876,2.3734177215189876,0.0,0.6826094431669207,0.6826094431669207,3.0560271646859083,RETROSPECTIVE_HISTORY_DIAGNOSTIC
2026-10-06,8474141,REMOVE_MAX_SOG,6.094627105052125,5.002977963073258,-1.0916491419788672,0.35757531222343975,0.7340738297554275,5.7370517928286855,RETROSPECTIVE_HISTORY_DIAGNOSTIC
2026-10-06,8474141,REMOVE_MAX_RATE,6.094627105052125,5.002977963073258,-1.0916491419788672,0.35757531222343975,0.7340738297554275,5.7370517928286855,RETROSPECTIVE_HISTORY_DIAGNOSTIC
2026-10-06,8474141,WINSOR_TOP_SOG_TO_SECOND_MAX,6.094627105052125,5.773857257417802,-0.32076984763432304,0.35757531222343975,0.03680546458911671,5.7370517928286855,RETROSPECTIVE_HISTORY_DIAGNOSTIC
2026-10-06,8474189,REMOVE_MAX_SOG,2.816020025031289,2.0634511220015477,-0.7525689030297413,2.816020025031289,2.0634511220015477,0.0,RETROSPECTIVE_HISTORY_DIAGNOSTIC
2026-10-06,8474189,REMOVE_MAX_RATE,2.816020025031289,2.0634511220015477,-0.7525689030297413,2.816020025031289,2.0634511220015477,0.0,RETROSPECTIVE_HISTORY_DIAGNOSTIC
2026-10-06,8474189,WINSOR_TOP_SOG_TO_SECOND_MAX,2.816020025031289,2.816020025031289,0.0,2.816020025031289,2.816020025031289,0.0,RETROSPECTIVE_HISTORY_DIAGNOSTIC
2026-10-06,8474563,REMOVE_MAX_SOG,2.9023746701846966,2.6332471838884284,-0.26912748629626826,2.9023746701846966,2.6332471838884284,0.0,RETROSPECTIVE_HISTORY_DIAGNOSTIC
2026-10-06,8474563,REMOVE_MAX_RATE,2.9023746701846966,2.6319637373885074,-0.2704109327961892,2.9023746701846966,2.6319637373885074,0.0,RETROSPECTIVE_HISTORY_DIAGNOSTIC
2026-10-06,8474563,WINSOR_TOP_SOG_TO_SECOND_MAX,2.9023746701846966,2.9023746701846966,0.0,2.9023746701846966,2.9023746701846966,0.0,RETROSPECTIVE_HISTORY_DIAGNOSTIC
2026-10-06,8474564,REMOVE_MAX_SOG,9.002250562640661,6.960131876182918,-2.0421186864577434,0.1270816436146216,2.169200330072365,9.129332206255283,RETROSPECTIVE_HISTORY_DIAGNOSTIC
2026-10-06,8474564,REMOVE_MAX_RATE,9.002250562640661,6.960131876182918,-2.0421186864577434,0.1270816436146216,2.169200330072365,9.129332206255283,RETROSPECTIVE_HISTORY_DIAGNOSTIC
2026-10-06,8474564,WINSOR_TOP_SOG_TO_SECOND_MAX,9.002250562640661,7.394705819311972,-1.6075447433286891,0.1270816436146216,1.7346263869433107,9.129332206255283,RETROSPECTIVE_HISTORY_DIAGNOSTIC
2026-10-06,8474567,REMOVE_MAX_SOG,1.7306028266512834,1.4498590414820782,-0.2807437851692052,1.7306028266512834,1.4498590414820782,0.0,RETROSPECTIVE_HISTORY_DIAGNOSTIC
2026-10-06,8474567,REMOVE_MAX_RATE,1.7306028266512834,1.3930810308799628,-0.3375217957713206,1.7306028266512834,1.3930810308799628,0.0,RETROSPECTIVE_HISTORY_DIAGNOSTIC
2026-10-06,8474567,WINSOR_TOP_SOG_TO_SECOND_MAX,1.7306028266512834,1.7306028266512834,0.0,1.7306028266512834,1.7306028266512834,0.0,RETROSPECTIVE_HISTORY_DIAGNOSTIC
2026-10-06,8474586,REMOVE_MAX_SOG,4.8479252034397184,3.8610038610038613,-0.9869213424358572,4.8479252034397184,3.8610038610038613,0.0,RETROSPECTIVE_HISTORY_DIAGNOSTIC
2026-10-06,8474586,REMOVE_MAX_RATE,4.8479252034397184,3.8610038610038613,-0.9869213424358572,4.8479252034397184,3.8610038610038613,0.0,RETROSPECTIVE_HISTORY_DIAGNOSTIC
2026-10-06,8474586,WINSOR_TOP_SOG_TO_SECOND_MAX,4.8479252034397184,4.155364460091188,-0.6925607433485306,4.8479252034397184,4.155364460091188,0.0,RETROSPECTIVE_HISTORY_DIAGNOSTIC
2026-10-06,8474600,REMOVE_MAX_SOG,6.022403340426386,5.550905326225824,-0.47149801420056203,3.762516334776669,3.2910183205761068,2.2598870056497176,RETROSPECTIVE_HISTORY_DIAGNOSTIC
2026-10-06,8474600,REMOVE_MAX_RATE,6.022403340426386,5.550905326225824,-0.47149801420056203,3.762516334776669,3.2910183205761068,2.2598870056497176,RETROSPECTIVE_HISTORY_DIAGNOSTIC
2026-10-06,8474600,WINSOR_TOP_SOG_TO_SECOND_MAX,6.022403340426386,6.022403340426386,0.0,3.762516334776669,3.762516334776669,2.2598870056497176,RETROSPECTIVE_HISTORY_DIAGNOSTIC
2026-10-06,8474716,REMOVE_MAX_SOG,4.066647839593335,3.429006858013716,-0.6376409815796191,4.066647839593335,3.429006858013716,0.0,RETROSPECTIVE_HISTORY_DIAGNOSTIC
2026-10-06,8474716,REMOVE_MAX_RATE,4.066647839593335,3.4054360850097742,-0.6612117545835607,4.066647839593335,3.4054360850097742,0.0,RETROSPECTIVE_HISTORY_DIAGNOSTIC
2026-10-06,8474716,WINSOR_TOP_SOG_TO_SECOND_MAX,4.066647839593335,4.066647839593335,0.0,4.066647839593335,4.066647839593335,0.0,RETROSPECTIVE_HISTORY_DIAGNOSTIC
2026-10-06,8475151,REMOVE_MAX_SOG,8.183678108661061,7.036289009055964,-1.147389099605097,0.9620131136761065,0.18537598592899052,7.2216649949849545,RETROSPECTIVE_HISTORY_DIAGNOSTIC
2026-10-06,8475151,REMOVE_MAX_RATE,8.183678108661061,7.036289009055964,-1.147389099605097,0.9620131136761065,0.18537598592899052,7.2216649949849545,RETROSPECTIVE_HISTORY_DIAGNOSTIC
2026-10-06,8475151,WINSOR_TOP_SOG_TO_SECOND_MAX,8.183678108661061,7.501704932939305,-0.6819731757217564,0.9620131136761065,0.2800399379543501,7.2216649949849545,RETROSPECTIVE_HISTORY_DIAGNOSTIC
2026-10-06,8475158,REMOVE_MAX_SOG,4.942339373970347,4.219409282700422,-0.7229300912699248,2.4071281063647127,1.684198015094788,2.535211267605634,RETROSPECTIVE_HISTORY_DIAGNOSTIC
2026-10-06,8475158,REMOVE_MAX_RATE,4.942339373970347,4.219409282700422,-0.7229300912699248,2.4071281063647127,1.684198015094788,2.535211267605634,RETROSPECTIVE_HISTORY_DIAGNOSTIC
2026-10-06,8475158,WINSOR_TOP_SOG_TO_SECOND_MAX,4.942339373970347,4.942339373970347,0.0,2.4071281063647127,2.4071281063647127,2.535211267605634,RETROSPECTIVE_HISTORY_DIAGNOSTIC
2026-10-06,8475166,REMOVE_MAX_SOG,7.501223025493287,6.390532544378698,-1.110690481114589,11.68172546473762,12.792415945852209,19.182948490230906,RETROSPECTIVE_HISTORY_DIAGNOSTIC
2026-10-06,8475166,REMOVE_MAX_RATE,7.501223025493287,6.390532544378698,-1.110690481114589,11.68172546473762,12.792415945852209,19.182948490230906,RETROSPECTIVE_HISTORY_DIAGNOSTIC
2026-10-06,8475166,WINSOR_TOP_SOG_TO_SECOND_MAX,7.501223025493287,7.1750828939501,-0.32614013154318666,11.68172546473762,12.007865596280805,19.182948490230906,RETROSPECTIVE_HISTORY_DIAGNOSTIC
2026-10-06,8475170,REMOVE_MAX_SOG,5.151983513652756,4.1244844394450695,-1.0274990742076868,2.225065666675113,3.2525647408828,7.3770491803278695,RETROSPECTIVE_HISTORY_DIAGNOSTIC
2026-10-06,8475170,REMOVE_MAX_RATE,5.151983513652756,4.1244844394450695,-1.0274990742076868,2.225065666675113,3.2525647408828,7.3770491803278695,RETROSPECTIVE_HISTORY_DIAGNOSTIC
2026-10-06,8475170,WINSOR_TOP_SOG_TO_SECOND_MAX,5.151983513652756,4.808517946075906,-0.34346556757685054,2.225065666675113,2.5685312342519637,7.3770491803278695,RETROSPECTIVE_HISTORY_DIAGNOSTIC
2026-10-06,8475171,REMOVE_MAX_SOG,2.459646425826287,2.0038964653492903,-0.45574996047699656,2.459646425826287,2.0038964653492903,0.0,RETROSPECTIVE_HISTORY_DIAGNOSTIC
2026-10-06,8475171,REMOVE_MAX_RATE,2.459646425826287,2.0038964653492903,-0.45574996047699656,2.459646425826287,2.0038964653492903,0.0,RETROSPECTIVE_HISTORY_DIAGNOSTIC
2026-10-06,8475171,WINSOR_TOP_SOG_TO_SECOND_MAX,2.459646425826287,2.152190622598001,-0.3074558032282857,2.459646425826287,2.152190622598001,0.0,RETROSPECTIVE_HISTORY_DIAGNOSTIC
2026-10-06,8475179,REMOVE_MAX_SOG,2.8493410898729667,2.457673402512288,-0.3916676873606786,0.4144848394108047,0.8061525267714833,3.2638259292837715,RETROSPECTIVE_HISTORY_DIAGNOSTIC
2026-10-06,8475179,REMOVE_MAX_RATE,2.8493410898729667,2.360965372507869,-0.48837571736509755,0.4144848394108047,0.9028605567759023,3.2638259292837715,RETROSPECTIVE_HISTORY_DIAGNOSTIC
2026-10-06,8475179,WINSOR_TOP_SOG_TO_SECOND_MAX,2.8493410898729667,2.8493410898729667,0.0,0.4144848394108047,0.4144848394108047,3.2638259292837715,RETROSPECTIVE_HISTORY_DIAGNOSTIC
2026-10-06,8475184,REMOVE_MAX_SOG,6.401004079071227,5.5326996737125835,-0.8683044053586437,2.2630730445884684,1.3947686392298246,4.137931034482759,RETROSPECTIVE_HISTORY_DIAGNOSTIC
2026-10-06,8475184,REMOVE_MAX_RATE,6.401004079071227,5.5326996737125835,-0.8683044053586437,2.2630730445884684,1.3947686392298246,4.137931034482759,RETROSPECTIVE_HISTORY_DIAGNOSTIC
2026-10-06,8475184,WINSOR_TOP_SOG_TO_SECOND_MAX,6.401004079071227,6.024474427361155,-0.37652965171007224,2.2630730445884684,1.8865433928783961,4.137931034482759,RETROSPECTIVE_HISTORY_DIAGNOSTIC
2026-10-06,8475188,REMOVE_MAX_SOG,3.4326728038695586,2.7734442711041773,-0.6592285327653813,2.6845744348730065,3.343802967638388,6.117247238742565,RETROSPECTIVE_HISTORY_DIAGNOSTIC
2026-10-06,8475188,REMOVE_MAX_RATE,3.4326728038695586,2.7734442711041773,-0.6592285327653813,2.6845744348730065,3.343802967638388,6.117247238742565,RETROSPECTIVE_HISTORY_DIAGNOSTIC
2026-10-06,8475188,WINSOR_TOP_SOG_TO_SECOND_MAX,3.4326728038695586,3.120611639881417,-0.31206116398814165,2.6845744348730065,2.996635598861148,6.117247238742565,RETROSPECTIVE_HISTORY_DIAGNOSTIC
2026-10-06,8475208,REMOVE_MAX_SOG,1.4160962945480293,0.7844162635638646,-0.6316800309841647,2.7265964557396583,3.3582764867238226,4.142692750287687,RETROSPECTIVE_HISTORY_DIAGNOSTIC
2026-10-06,8475208,REMOVE_MAX_RATE,1.4160962945480293,0.7844162635638646,-0.6316800309841647,2.7265964557396583,3.3582764867238226,4.142692750287687,RETROSPECTIVE_HISTORY_DIAGNOSTIC
2026-10-06,8475208,WINSOR_TOP_SOG_TO_SECOND_MAX,1.4160962945480293,1.062072220911022,-0.3540240736370073,2.7265964557396583,3.0806205293766653,4.142692750287687,RETROSPECTIVE_HISTORY_DIAGNOSTIC
2026-10-06,8475220,REMOVE_MAX_SOG,5.464933344373603,4.903741373047585,-0.5611919713260178,0.9928836549326086,0.4316916836065907,4.472049689440994,RETROSPECTIVE_HISTORY_DIAGNOSTIC
2026-10-06,8475220,REMOVE_MAX_RATE,5.464933344373603,4.903741373047585,-0.5611919713260178,0.9928836549326086,0.4316916836065907,4.472049689440994,RETROSPECTIVE_HISTORY_DIAGNOSTIC
2026-10-06,8475220,WINSOR_TOP_SOG_TO_SECOND_MAX,5.464933344373603,5.464933344373603,0.0,0.9928836549326086,0.9928836549326086,4.472049689440994,RETROSPECTIVE_HISTORY_DIAGNOSTIC
2026-10-06,8475231,REMOVE_MAX_SOG,7.108443250928046,4.77326968973747,-2.335173561190576,7.108443250928046,4.77326968973747,0.0,RETROSPECTIVE_HISTORY_DIAGNOSTIC
2026-10-06,8475231,REMOVE_MAX_RATE,7.108443250928046,4.77326968973747,-2.335173561190576,7.108443250928046,4.77326968973747,0.0,RETROSPECTIVE_HISTORY_DIAGNOSTIC
2026-10-06,8475231,WINSOR_TOP_SOG_TO_SECOND_MAX,7.108443250928046,6.160650817470973,-0.9477924334570726,7.108443250928046,6.160650817470973,0.0,RETROSPECTIVE_HISTORY_DIAGNOSTIC
2026-10-06,8475279,REMOVE_MAX_SOG,3.8773176915046976,3.6075430445476906,-0.26977464695700704,0.586641274685685,0.316866627728678,3.2906764168190126,RETROSPECTIVE_HISTORY_DIAGNOSTIC
2026-10-06,8475279,REMOVE_MAX_RATE,3.8773176915046976,3.6075430445476906,-0.26977464695700704,0.586641274685685,0.316866627728678,3.2906764168190126,RETROSPECTIVE_HISTORY_DIAGNOSTIC
2026-10-06,8475279,WINSOR_TOP_SOG_TO_SECOND_MAX,3.8773176915046976,3.8773176915046976,0.0,0.586641274685685,0.586641274685685,3.2906764168190126,RETROSPECTIVE_HISTORY_DIAGNOSTIC
2026-10-06,8475287,REMOVE_MAX_SOG,7.932011331444758,7.086778295004516,-0.8452330364402423,3.2250134619436723,4.070246498383915,11.15702479338843,RETROSPECTIVE_HISTORY_DIAGNOSTIC
2026-10-06,8475287,REMOVE_MAX_RATE,7.932011331444758,7.086778295004516,-0.8452330364402423,3.2250134619436723,4.070246498383915,11.15702479338843,RETROSPECTIVE_HISTORY_DIAGNOSTIC
2026-10-06,8475287,WINSOR_TOP_SOG_TO_SECOND_MAX,7.932011331444758,7.932011331444758,0.0,3.2250134619436723,3.2250134619436723,11.15702479338843,RETROSPECTIVE_HISTORY_DIAGNOSTIC
2026-10-06,8475314,REMOVE_MAX_SOG,10.201305767138194,9.33886747702342,-0.862438290114774,0.8926849878695098,1.7551232779842838,11.093990755007704,RETROSPECTIVE_HISTORY_DIAGNOSTIC
2026-10-06,8475314,REMOVE_MAX_RATE,10.201305767138194,9.33886747702342,-0.862438290114774,0.8926849878695098,1.7551232779842838,11.093990755007704,RETROSPECTIVE_HISTORY_DIAGNOSTIC
2026-10-06,8475314,WINSOR_TOP_SOG_TO_SECOND_MAX,10.201305767138194,10.201305767138194,0.0,0.8926849878695098,0.8926849878695098,11.093990755007704,RETROSPECTIVE_HISTORY_DIAGNOSTIC
2026-10-06,8475343,REMOVE_MAX_SOG,4.620123203285421,3.978026141314643,-0.642097061970778,4.620123203285421,3.978026141314643,0.0,RETROSPECTIVE_HISTORY_DIAGNOSTIC
2026-10-06,8475343,REMOVE_MAX_RATE,4.620123203285421,3.978026141314643,-0.642097061970778,4.620123203285421,3.978026141314643,0.0,RETROSPECTIVE_HISTORY_DIAGNOSTIC
2026-10-06,8475343,WINSOR_TOP_SOG_TO_SECOND_MAX,4.620123203285421,4.620123203285421,0.0,4.620123203285421,4.620123203285421,0.0,RETROSPECTIVE_HISTORY_DIAGNOSTIC
2026-10-06,8475455,REMOVE_MAX_SOG,2.6699299143397486,2.2204403873434897,-0.4494895269962589,2.6699299143397486,2.2204403873434897,0.0,RETROSPECTIVE_HISTORY_DIAGNOSTIC
2026-10-06,8475455,REMOVE_MAX_RATE,2.6699299143397486,2.2204403873434897,-0.4494895269962589,2.6699299143397486,2.2204403873434897,0.0,RETROSPECTIVE_HISTORY_DIAGNOSTIC
2026-10-06,8475455,WINSOR_TOP_SOG_TO_SECOND_MAX,2.6699299143397486,2.6699299143397486,0.0,2.6699299143397486,2.6699299143397486,0.0,RETROSPECTIVE_HISTORY_DIAGNOSTIC
2026-10-06,8475462,REMOVE_MAX_SOG,3.413246647704185,2.776492364645997,-0.6367542830581878,1.5318082973507603,2.168562580408948,4.945054945054945,RETROSPECTIVE_HISTORY_DIAGNOSTIC
2026-10-06,8475462,REMOVE_MAX_RATE,3.413246647704185,2.776492364645997,-0.6367542830581878,1.5318082973507603,2.168562580408948,4.945054945054945,RETROSPECTIVE_HISTORY_DIAGNOSTIC
2026-10-06,8475462,WINSOR_TOP_SOG_TO_SECOND_MAX,3.413246647704185,2.9256399837464446,-0.4876066639577403,1.5318082973507603,2.0194149613085006,4.945054945054945,RETROSPECTIVE_HISTORY_DIAGNOSTIC
2026-10-06,8475690,REMOVE_MAX_SOG,1.3722126929674099,1.152,-0.22021269296740997,1.3722126929674099,1.152,0.0,RETROSPECTIVE_HISTORY_DIAGNOSTIC
2026-10-06,8475690,REMOVE_MAX_RATE,1.3722126929674099,1.1427120365667853,-0.22950065640062456,1.3722126929674099,1.1427120365667853,0.0,RETROSPECTIVE_HISTORY_DIAGNOSTIC
2026-10-06,8475690,WINSOR_TOP_SOG_TO_SECOND_MAX,1.3722126929674099,1.3722126929674099,0.0,1.3722126929674099,1.3722126929674099,0.0,RETROSPECTIVE_HISTORY_DIAGNOSTIC
2026-10-06,8475692,REMOVE_MAX_SOG,5.017841213202497,4.087699739873653,-0.9301414733288444,5.017841213202497,4.087699739873653,0.0,RETROSPECTIVE_HISTORY_DIAGNOSTIC
2026-10-06,8475692,REMOVE_MAX_RATE,5.017841213202497,4.087699739873653,-0.9301414733288444,5.017841213202497,4.087699739873653,0.0,RETROSPECTIVE_HISTORY_DIAGNOSTIC
2026-10-06,8475692,WINSOR_TOP_SOG_TO_SECOND_MAX,5.017841213202497,4.683318465655664,-0.3345227475468331,5.017841213202497,4.683318465655664,0.0,RETROSPECTIVE_HISTORY_DIAGNOSTIC
2026-10-06,8475753,REMOVE_MAX_SOG,6.989819176416957,5.870165745856354,-1.1196534305606036,2.8194451287601536,3.9390985593207573,9.809264305177111,RETROSPECTIVE_HISTORY_DIAGNOSTIC
2026-10-06,8475753,REMOVE_MAX_RATE,6.989819176416957,5.870165745856354,-1.1196534305606036,2.8194451287601536,3.9390985593207573,9.809264305177111,RETROSPECTIVE_HISTORY_DIAGNOSTIC
2026-10-06,8475753,WINSOR_TOP_SOG_TO_SECOND_MAX,6.989819176416957,6.382008813250265,-0.607810363166692,2.8194451287601536,3.4272554919268456,9.809264305177111,RETROSPECTIVE_HISTORY_DIAGNOSTIC
2026-10-06,8475764,REMOVE_MAX_SOG,3.1597089237839913,2.6160889470241986,-0.5436199767597927,2.03884703289471,2.582467009654503,5.198555956678701,RETROSPECTIVE_HISTORY_DIAGNOSTIC
2026-10-06,8475764,REMOVE_MAX_RATE,3.1597089237839913,2.6160889470241986,-0.5436199767597927,2.03884703289471,2.582467009654503,5.198555956678701,RETROSPECTIVE_HISTORY_DIAGNOSTIC
2026-10-06,8475764,WINSOR_TOP_SOG_TO_SECOND_MAX,3.1597089237839913,2.872462657985446,-0.28724626579854506,2.03884703289471,2.326093298693255,5.198555956678701,RETROSPECTIVE_HISTORY_DIAGNOSTIC
2026-10-06,8475791,REMOVE_MAX_SOG,7.259786476868327,6.936416184971099,-0.3233702918972279,11.03754516226763,11.360915454164859,18.297331639135958,RETROSPECTIVE_HISTORY_DIAGNOSTIC
2026-10-06,8475791,REMOVE_MAX_RATE,7.259786476868327,6.701236537694456,-0.5585499391738713,11.03754516226763,11.596095101441502,18.297331639135958,RETROSPECTIVE_HISTORY_DIAGNOSTIC
2026-10-06,8475791,WINSOR_TOP_SOG_TO_SECOND_MAX,7.259786476868327,7.259786476868327,0.0,11.03754516226763,11.03754516226763,18.297331639135958,RETROSPECTIVE_HISTORY_DIAGNOSTIC
2026-10-06,8475913,REMOVE_MAX_SOG,7.056182177794409,6.468227825357849,-0.5879543524365598,8.085773658167735,8.673728010604293,15.141955835962143,RETROSPECTIVE_HISTORY_DIAGNOSTIC
2026-10-06,8475913,REMOVE_MAX_RATE,7.056182177794409,6.468227825357849,-0.5879543524365598,8.085773658167735,8.673728010604293,15.141955835962143,RETROSPECTIVE_HISTORY_DIAGNOSTIC
2026-10-06,8475913,WINSOR_TOP_SOG_TO_SECOND_MAX,7.056182177794409,7.056182177794409,0.0,8.085773658167735,8.085773658167735,15.141955835962143,RETROSPECTIVE_HISTORY_DIAGNOSTIC
2026-10-06,8476292,REMOVE_MAX_SOG,4.990019960079841,3.339827442248817,-1.650192517831024,0.030900542012210153,1.681093059843234,5.020920502092051,RETROSPECTIVE_HISTORY_DIAGNOSTIC
2026-10-06,8476292,REMOVE_MAX_RATE,4.990019960079841,3.339827442248817,-1.650192517831024,0.030900542012210153,1.681093059843234,5.020920502092051,RETROSPECTIVE_HISTORY_DIAGNOSTIC
2026-10-06,8476292,WINSOR_TOP_SOG_TO_SECOND_MAX,4.990019960079841,3.992015968063873,-0.9980039920159678,0.030900542012210153,1.028904534028178,5.020920502092051,RETROSPECTIVE_HISTORY_DIAGNOSTIC
2026-10-06,8476389,REMOVE_MAX_SOG,4.855678446182897,3.985507246376811,-0.8701711998060859,0.7832802561376475,0.08689094366843841,4.0723981900452495,RETROSPECTIVE_HISTORY_DIAGNOSTIC
2026-10-06,8476389,REMOVE_MAX_RATE,4.855678446182897,3.985507246376811,-0.8701711998060859,0.7832802561376475,0.08689094366843841,4.0723981900452495,RETROSPECTIVE_HISTORY_DIAGNOSTIC
2026-10-06,8476389,WINSOR_TOP_SOG_TO_SECOND_MAX,4.855678446182897,4.531966549770703,-0.32371189641219367,0.7832802561376475,0.45956835972545385,4.0723981900452495,RETROSPECTIVE_HISTORY_DIAGNOSTIC
2026-10-06,8476393,REMOVE_MAX_SOG,5.054759898904802,3.8751345532831007,-1.1796253456217012,5.054759898904802,3.8751345532831007,0.0,RETROSPECTIVE_HISTORY_DIAGNOSTIC
2026-10-06,8476393,REMOVE_MAX_RATE,5.054759898904802,3.8751345532831007,-1.1796253456217012,5.054759898904802,3.8751345532831007,0.0,RETROSPECTIVE_HISTORY_DIAGNOSTIC
2026-10-06,8476393,WINSOR_TOP_SOG_TO_SECOND_MAX,5.054759898904802,4.493119910137602,-0.5616399887672001,5.054759898904802,4.493119910137602,0.0,RETROSPECTIVE_HISTORY_DIAGNOSTIC
2026-10-06,8476399,REMOVE_MAX_SOG,10.163749294184077,8.9607965152458,-1.2029527789382772,6.780290647567536,5.577337868629259,3.3834586466165413,RETROSPECTIVE_HISTORY_DIAGNOSTIC
2026-10-06,8476399,REMOVE_MAX_RATE,10.163749294184077,8.9607965152458,-1.2029527789382772,6.780290647567536,5.577337868629259,3.3834586466165413,RETROSPECTIVE_HISTORY_DIAGNOSTIC
2026-10-06,8476399,WINSOR_TOP_SOG_TO_SECOND_MAX,10.163749294184077,9.486166007905139,-0.6775832862789386,6.780290647567536,6.102707361288598,3.3834586466165413,RETROSPECTIVE_HISTORY_DIAGNOSTIC
2026-10-06,8476419,REMOVE_MAX_SOG,4.563605248146035,4.197271773347325,-0.3663334747987106,4.563605248146035,4.197271773347325,0.0,RETROSPECTIVE_HISTORY_DIAGNOSTIC
2026-10-06,8476419,REMOVE_MAX_RATE,4.563605248146035,4.14794331144141,-0.41566193670462503,4.563605248146035,4.14794331144141,0.0,RETROSPECTIVE_HISTORY_DIAGNOSTIC
2026-10-06,8476419,WINSOR_TOP_SOG_TO_SECOND_MAX,4.563605248146035,4.563605248146035,0.0,4.563605248146035,4.563605248146035,0.0,RETROSPECTIVE_HISTORY_DIAGNOSTIC
2026-10-06,8476422,REMOVE_MAX_SOG,5.273833671399594,4.534461910519952,-0.7393717608796422,0.5139476790827207,1.2533194399623628,5.787781350482315,RETROSPECTIVE_HISTORY_DIAGNOSTIC
2026-10-06,8476422,REMOVE_MAX_RATE,5.273833671399594,4.534461910519952,-0.7393717608796422,0.5139476790827207,1.2533194399623628,5.787781350482315,RETROSPECTIVE_HISTORY_DIAGNOSTIC
2026-10-06,8476422,WINSOR_TOP_SOG_TO_SECOND_MAX,5.273833671399594,4.86815415821501,-0.40567951318458473,0.5139476790827207,0.9196271922673054,5.787781350482315,RETROSPECTIVE_HISTORY_DIAGNOSTIC
2026-10-06,8476441,REMOVE_MAX_SOG,5.780346820809248,4.986893421136756,-0.793453399672492,3.2422095701681943,4.035662969840686,9.022556390977442,RETROSPECTIVE_HISTORY_DIAGNOSTIC
2026-10-06,8476441,REMOVE_MAX_RATE,5.780346820809248,4.884769539078156,-0.8955772817310921,3.2422095701681943,4.137786851899286,9.022556390977442,RETROSPECTIVE_HISTORY_DIAGNOSTIC
2026-10-06,8476441,WINSOR_TOP_SOG_TO_SECOND_MAX,5.780346820809248,5.780346820809248,0.0,3.2422095701681943,3.2422095701681943,9.022556390977442,RETROSPECTIVE_HISTORY_DIAGNOSTIC
2026-10-06,8476448,REMOVE_MAX_SOG,7.170713297270096,5.877825204674271,-1.2928880925958248,3.967866322181128,2.674978229585303,3.202846975088968,RETROSPECTIVE_HISTORY_DIAGNOSTIC
2026-10-06,8476448,REMOVE_MAX_RATE,7.170713297270096,5.877825204674271,-1.2928880925958248,3.967866322181128,2.674978229585303,3.202846975088968,RETROSPECTIVE_HISTORY_DIAGNOSTIC
2026-10-06,8476448,WINSOR_TOP_SOG_TO_SECOND_MAX,7.170713297270096,6.415901371241665,-0.754811926028431,3.967866322181128,3.213054396152697,3.202846975088968,RETROSPECTIVE_HISTORY_DIAGNOSTIC
2026-10-06,8476457,REMOVE_MAX_SOG,3.821656050955414,2.955341506129597,-0.8663145448258169,1.4802585293096824,2.3465730741354993,5.301914580265096,RETROSPECTIVE_HISTORY_DIAGNOSTIC
2026-10-06,8476457,REMOVE_MAX_RATE,3.821656050955414,2.955341506129597,-0.8663145448258169,1.4802585293096824,2.3465730741354993,5.301914580265096,RETROSPECTIVE_HISTORY_DIAGNOSTIC
2026-10-06,8476457,WINSOR_TOP_SOG_TO_SECOND_MAX,3.821656050955414,3.821656050955414,0.0,1.4802585293096824,1.4802585293096824,5.301914580265096,RETROSPECTIVE_HISTORY_DIAGNOSTIC
2026-10-06,8476459,REMOVE_MAX_SOG,4.782543715438649,4.289249381358263,-0.49329433408038614,4.180111886221102,4.673406220301488,8.962655601659751,RETROSPECTIVE_HISTORY_DIAGNOSTIC
2026-10-06,8476459,REMOVE_MAX_RATE,4.782543715438649,4.289249381358263,-0.49329433408038614,4.180111886221102,4.673406220301488,8.962655601659751,RETROSPECTIVE_HISTORY_DIAGNOSTIC
2026-10-06,8476459,WINSOR_TOP_SOG_TO_SECOND_MAX,4.782543715438649,4.782543715438649,0.0,4.180111886221102,4.180111886221102,8.962655601659751,RETROSPECTIVE_HISTORY_DIAGNOSTIC
2026-10-06,8476462,REMOVE_MAX_SOG,6.849315068493151,5.723067140056171,-1.1262479284369808,4.2100188808098675,3.0837709523728862,2.6392961876832843,RETROSPECTIVE_HISTORY_DIAGNOSTIC
2026-10-06,8476462,REMOVE_MAX_RATE,6.849315068493151,5.723067140056171,-1.1262479284369808,4.2100188808098675,3.0837709523728862,2.6392961876832843,RETROSPECTIVE_HISTORY_DIAGNOSTIC
2026-10-06,8476462,WINSOR_TOP_SOG_TO_SECOND_MAX,6.849315068493151,5.993150684931508,-0.8561643835616435,4.2100188808098675,3.3538544972482236,2.6392961876832843,RETROSPECTIVE_HISTORY_DIAGNOSTIC
2026-10-06,8476463,REMOVE_MAX_SOG,3.5422928295405756,3.22407307898979,-0.31821975055078555,0.4334845393851352,0.11526478883434965,3.1088082901554404,RETROSPECTIVE_HISTORY_DIAGNOSTIC
2026-10-06,8476463,REMOVE_MAX_RATE,3.5422928295405756,3.1798374749735014,-0.3624553545670741,0.4334845393851352,0.07102918481806109,3.1088082901554404,RETROSPECTIVE_HISTORY_DIAGNOSTIC
2026-10-06,8476463,WINSOR_TOP_SOG_TO_SECOND_MAX,3.5422928295405756,3.5422928295405756,0.0,0.4334845393851352,0.4334845393851352,3.1088082901554404,RETROSPECTIVE_HISTORY_DIAGNOSTIC
2026-10-06,8476468,REMOVE_MAX_SOG,5.3920467310716695,4.962147719320568,-0.42989901175110123,5.528074603609825,5.957973615360927,10.920121334681495,RETROSPECTIVE_HISTORY_DIAGNOSTIC
2026-10-06,8476468,REMOVE_MAX_RATE,5.3920467310716695,4.962147719320568,-0.42989901175110123,5.528074603609825,5.957973615360927,10.920121334681495,RETROSPECTIVE_HISTORY_DIAGNOSTIC
2026-10-06,8476468,WINSOR_TOP_SOG_TO_SECOND_MAX,5.3920467310716695,5.05504381037969,-0.33700292069197957,5.528074603609825,5.865077524301805,10.920121334681495,RETROSPECTIVE_HISTORY_DIAGNOSTIC
2026-10-06,8476469,REMOVE_MAX_SOG,7.293528780836611,6.170886075949367,-1.1226427048872436,7.293528780836611,6.170886075949367,0.0,RETROSPECTIVE_HISTORY_DIAGNOSTIC
2026-10-06,8476469,REMOVE_MAX_RATE,7.293528780836611,6.170886075949367,-1.1226427048872436,7.293528780836611,6.170886075949367,0.0,RETROSPECTIVE_HISTORY_DIAGNOSTIC
2026-10-06,8476469,WINSOR_TOP_SOG_TO_SECOND_MAX,7.293528780836611,6.435466571326422,-0.8580622095101891,7.293528780836611,6.435466571326422,0.0,RETROSPECTIVE_HISTORY_DIAGNOSTIC
2026-10-06,8476479,REMOVE_MAX_SOG,6.305170239596469,5.291005291005291,-1.0141649485911781,6.706877953174615,7.721042901765793,13.012048192771084,RETROSPECTIVE_HISTORY_DIAGNOSTIC
2026-10-06,8476479,REMOVE_MAX_RATE,6.305170239596469,5.291005291005291,-1.0141649485911781,6.706877953174615,7.721042901765793,13.012048192771084,RETROSPECTIVE_HISTORY_DIAGNOSTIC
2026-10-06,8476479,WINSOR_TOP_SOG_TO_SECOND_MAX,6.305170239596469,5.884825556956704,-0.4203446826397652,6.706877953174615,7.12722263581438,13.012048192771084,RETROSPECTIVE_HISTORY_DIAGNOSTIC
2026-10-06,8476539,REMOVE_MAX_SOG,6.003602161296778,5.391642953422196,-0.6119592078745812,3.0302748775990835,3.642234085473665,9.033877038895861,RETROSPECTIVE_HISTORY_DIAGNOSTIC
2026-10-06,8476539,REMOVE_MAX_RATE,6.003602161296778,5.391642953422196,-0.6119592078745812,3.0302748775990835,3.642234085473665,9.033877038895861,RETROSPECTIVE_HISTORY_DIAGNOSTIC
2026-10-06,8476539,WINSOR_TOP_SOG_TO_SECOND_MAX,6.003602161296778,6.003602161296778,0.0,3.0302748775990835,3.0302748775990835,9.033877038895861,RETROSPECTIVE_HISTORY_DIAGNOSTIC
2026-10-06,8476853,REMOVE_MAX_SOG,4.4494981954812864,3.6235862523333697,-0.8259119431479167,1.3616398190465588,2.1875517621944756,5.811138014527845,RETROSPECTIVE_HISTORY_DIAGNOSTIC
2026-10-06,8476853,REMOVE_MAX_RATE,4.4494981954812864,3.6235862523333697,-0.8259119431479167,1.3616398190465588,2.1875517621944756,5.811138014527845,RETROSPECTIVE_HISTORY_DIAGNOSTIC
2026-10-06,8476853,WINSOR_TOP_SOG_TO_SECOND_MAX,4.4494981954812864,4.152864982449201,-0.29663321303208523,1.3616398190465588,1.658273032078644,5.811138014527845,RETROSPECTIVE_HISTORY_DIAGNOSTIC
2026-10-06,8476869,REMOVE_MAX_SOG,3.2818268836318887,2.781211372064277,-0.5006155115676116,3.2818268836318887,2.781211372064277,0.0,RETROSPECTIVE_HISTORY_DIAGNOSTIC
2026-10-06,8476869,REMOVE_MAX_RATE,3.2818268836318887,2.781211372064277,-0.5006155115676116,3.2818268836318887,2.781211372064277,0.0,RETROSPECTIVE_HISTORY_DIAGNOSTIC
2026-10-06,8476869,WINSOR_TOP_SOG_TO_SECOND_MAX,3.2818268836318887,3.008341309995898,-0.2734855736359907,3.2818268836318887,3.008341309995898,0.0,RETROSPECTIVE_HISTORY_DIAGNOSTIC
2026-10-06,8476872,REMOVE_MAX_SOG,7.491186839012927,5.946481665014865,-1.5447051739980617,1.5313695519645156,3.0760747259625774,9.022556390977442,RETROSPECTIVE_HISTORY_DIAGNOSTIC
2026-10-06,8476872,REMOVE_MAX_RATE,7.491186839012927,5.946481665014865,-1.5447051739980617,1.5313695519645156,3.0760747259625774,9.022556390977442,RETROSPECTIVE_HISTORY_DIAGNOSTIC
2026-10-06,8476872,WINSOR_TOP_SOG_TO_SECOND_MAX,7.491186839012927,6.6098707403055235,-0.8813160987074031,1.5313695519645156,2.4126856506719188,9.022556390977442,RETROSPECTIVE_HISTORY_DIAGNOSTIC
2026-10-06,8476873,REMOVE_MAX_SOG,4.369038083448627,3.4725093013642003,-0.896528782084427,5.142190450236972,6.0387192323214,9.5112285336856,RETROSPECTIVE_HISTORY_DIAGNOSTIC
2026-10-06,8476873,REMOVE_MAX_RATE,4.369038083448627,3.4725093013642003,-0.896528782084427,5.142190450236972,6.0387192323214,9.5112285336856,RETROSPECTIVE_HISTORY_DIAGNOSTIC
2026-10-06,8476873,WINSOR_TOP_SOG_TO_SECOND_MAX,4.369038083448627,3.9321342751037642,-0.4369038083448631,5.142190450236972,5.5790942585818355,9.5112285336856,RETROSPECTIVE_HISTORY_DIAGNOSTIC
2026-10-06,8476874,REMOVE_MAX_SOG,1.0472117985862641,0.8739561079821323,-0.17325569060413182,1.0472117985862641,0.8739561079821323,0.0,RETROSPECTIVE_HISTORY_DIAGNOSTIC
2026-10-06,8476874,REMOVE_MAX_RATE,1.0472117985862641,0.8601739462869158,-0.18703785229934833,1.0472117985862641,0.8601739462869158,0.0,RETROSPECTIVE_HISTORY_DIAGNOSTIC
2026-10-06,8476874,WINSOR_TOP_SOG_TO_SECOND_MAX,1.0472117985862641,1.0472117985862641,0.0,1.0472117985862641,1.0472117985862641,0.0,RETROSPECTIVE_HISTORY_DIAGNOSTIC
2026-10-06,8476875,REMOVE_MAX_SOG,4.5481344226396025,3.972946128742373,-0.5751882938972295,0.7773093643426456,1.3524976582398751,5.325443786982248,RETROSPECTIVE_HISTORY_DIAGNOSTIC
2026-10-06,8476875,REMOVE_MAX_RATE,4.5481344226396025,3.9135296310100633,-0.6346047916295392,0.7773093643426456,1.4119141559721848,5.325443786982248,RETROSPECTIVE_HISTORY_DIAGNOSTIC
2026-10-06,8476875,WINSOR_TOP_SOG_TO_SECOND_MAX,4.5481344226396025,4.5481344226396025,0.0,0.7773093643426456,0.7773093643426456,5.325443786982248,RETROSPECTIVE_HISTORY_DIAGNOSTIC
2026-10-06,8476879,REMOVE_MAX_SOG,2.3474178403755865,1.8600037200074397,-0.4874141203681468,2.3474178403755865,1.8600037200074397,0.0,RETROSPECTIVE_HISTORY_DIAGNOSTIC
2026-10-06,8476879,REMOVE_MAX_RATE,2.3474178403755865,1.8600037200074397,-0.4874141203681468,2.3474178403755865,1.8600037200074397,0.0,RETROSPECTIVE_HISTORY_DIAGNOSTIC
2026-10-06,8476879,WINSOR_TOP_SOG_TO_SECOND_MAX,2.3474178403755865,2.0120724346076457,-0.3353454057679408,2.3474178403755865,2.0120724346076457,0.0,RETROSPECTIVE_HISTORY_DIAGNOSTIC
2026-10-06,8476881,REMOVE_MAX_SOG,9.690644800596347,8.774373259052924,-0.9162715415434235,1.5126747014783408,2.4289462430217643,11.203319502074688,RETROSPECTIVE_HISTORY_DIAGNOSTIC
2026-10-06,8476881,REMOVE_MAX_RATE,9.690644800596347,8.774373259052924,-0.9162715415434235,1.5126747014783408,2.4289462430217643,11.203319502074688,RETROSPECTIVE_HISTORY_DIAGNOSTIC
2026-10-06,8476881,WINSOR_TOP_SOG_TO_SECOND_MAX,9.690644800596347,9.317927692881103,-0.37271710771524447,1.5126747014783408,1.8853918091935853,11.203319502074688,RETROSPECTIVE_HISTORY_DIAGNOSTIC
2026-10-06,8476882,REMOVE_MAX_SOG,4.6903187011425125,3.711340206185567,-0.9789784949569453,4.6903187011425125,3.711340206185567,0.0,RETROSPECTIVE_HISTORY_DIAGNOSTIC
2026-10-06,8476882,REMOVE_MAX_RATE,4.6903187011425125,3.711340206185567,-0.9789784949569453,4.6903187011425125,3.711340206185567,0.0,RETROSPECTIVE_HISTORY_DIAGNOSTIC
2026-10-06,8476882,WINSOR_TOP_SOG_TO_SECOND_MAX,4.6903187011425125,3.968731208659049,-0.7215874924834633,4.6903187011425125,3.968731208659049,0.0,RETROSPECTIVE_HISTORY_DIAGNOSTIC
2026-10-06,8476887,REMOVE_MAX_SOG,6.727485856989959,5.785920925747347,-0.9415649312426115,1.0132001427042452,0.07163521146163365,5.7142857142857135,RETROSPECTIVE_HISTORY_DIAGNOSTIC
2026-10-06,8476887,REMOVE_MAX_RATE,6.727485856989959,5.785920925747347,-0.9415649312426115,1.0132001427042452,0.07163521146163365,5.7142857142857135,RETROSPECTIVE_HISTORY_DIAGNOSTIC
2026-10-06,8476887,WINSOR_TOP_SOG_TO_SECOND_MAX,6.727485856989959,6.421691045308597,-0.3057948116813618,1.0132001427042452,0.7074053310228834,5.7142857142857135,RETROSPECTIVE_HISTORY_DIAGNOSTIC
2026-10-06,8476892,REMOVE_MAX_SOG,4.005531448190359,3.810330228619814,-0.19520121957054481,1.9399681389277248,2.1351693584982696,5.945499587118084,RETROSPECTIVE_HISTORY_DIAGNOSTIC
2026-10-06,8476892,REMOVE_MAX_RATE,4.005531448190359,3.8042903941667547,-0.20124105402360426,1.9399681389277248,2.141209192951329,5.945499587118084,RETROSPECTIVE_HISTORY_DIAGNOSTIC
2026-10-06,8476892,WINSOR_TOP_SOG_TO_SECOND_MAX,4.005531448190359,4.005531448190359,0.0,1.9399681389277248,1.9399681389277248,5.945499587118084,RETROSPECTIVE_HISTORY_DIAGNOSTIC
2026-10-06,8476905,REMOVE_MAX_SOG,3.0846566891351532,2.656882591093117,-0.42777409804203614,3.0846566891351532,2.656882591093117,0.0,RETROSPECTIVE_HISTORY_DIAGNOSTIC
2026-10-06,8476905,REMOVE_MAX_RATE,3.0846566891351532,2.656882591093117,-0.42777409804203614,3.0846566891351532,2.656882591093117,0.0,RETROSPECTIVE_HISTORY_DIAGNOSTIC
2026-10-06,8476905,WINSOR_TOP_SOG_TO_SECOND_MAX,3.0846566891351532,3.0846566891351532,0.0,3.0846566891351532,3.0846566891351532,0.0,RETROSPECTIVE_HISTORY_DIAGNOSTIC
2026-10-06,8476906,REMOVE_MAX_SOG,5.005213764337853,4.087425489639511,-0.9177882746983421,1.6057803365758128,0.6879920618774706,3.39943342776204,RETROSPECTIVE_HISTORY_DIAGNOSTIC
2026-10-06,8476906,REMOVE_MAX_RATE,5.005213764337853,4.087425489639511,-0.9177882746983421,1.6057803365758128,0.6879920618774706,3.39943342776204,RETROSPECTIVE_HISTORY_DIAGNOSTIC
2026-10-06,8476906,WINSOR_TOP_SOG_TO_SECOND_MAX,5.005213764337853,4.692387904066736,-0.3128258602711167,1.6057803365758128,1.292954476304696,3.39943342776204,RETROSPECTIVE_HISTORY_DIAGNOSTIC
2026-10-06,8476917,REMOVE_MAX_SOG,3.4916940006348534,2.4684102262709375,-1.0232837743639158,3.4916940006348534,2.4684102262709375,0.0,RETROSPECTIVE_HISTORY_DIAGNOSTIC
2026-10-06,8476917,REMOVE_MAX_RATE,3.4916940006348534,2.4684102262709375,-1.0232837743639158,3.4916940006348534,2.4684102262709375,0.0,RETROSPECTIVE_HISTORY_DIAGNOSTIC
2026-10-06,8476917,WINSOR_TOP_SOG_TO_SECOND_MAX,3.4916940006348534,3.174267273304412,-0.3174267273304414,3.4916940006348534,3.174267273304412,0.0,RETROSPECTIVE_HISTORY_DIAGNOSTIC
2026-10-06,8476921,REMOVE_MAX_SOG,5.600746766235498,4.899413555044169,-0.7013332111913293,5.039647322434452,5.740980533625781,10.64039408866995,RETROSPECTIVE_HISTORY_DIAGNOSTIC
2026-10-06,8476921,REMOVE_MAX_RATE,5.600746766235498,4.8348106365834,-0.7659361296520979,5.039647322434452,5.80558345208655,10.64039408866995,RETROSPECTIVE_HISTORY_DIAGNOSTIC
2026-10-06,8476921,WINSOR_TOP_SOG_TO_SECOND_MAX,5.600746766235498,5.600746766235498,0.0,5.039647322434452,5.039647322434452,10.64039408866995,RETROSPECTIVE_HISTORY_DIAGNOSTIC
2026-10-06,8476925,REMOVE_MAX_SOG,4.773902665428988,3.5185456677906464,-1.2553569976383416,4.017306125779804,5.272663123418146,8.791208791208792,RETROSPECTIVE_HISTORY_DIAGNOSTIC
2026-10-06,8476925,REMOVE_MAX_RATE,4.773902665428988,3.5185456677906464,-1.2553569976383416,4.017306125779804,5.272663123418146,8.791208791208792,RETROSPECTIVE_HISTORY_DIAGNOSTIC
2026-10-06,8476925,WINSOR_TOP_SOG_TO_SECOND_MAX,4.773902665428988,3.978252221190824,-0.7956504442381642,4.017306125779804,4.812956570017969,8.791208791208792,RETROSPECTIVE_HISTORY_DIAGNOSTIC
2026-10-06,8476927,REMOVE_MAX_SOG,3.7236243276789414,2.808769602871187,-0.9148547248077543,2.3472019792350554,3.2620567040428097,6.070826306913997,RETROSPECTIVE_HISTORY_DIAGNOSTIC
2026-10-06,8476927,REMOVE_MAX_RATE,3.7236243276789414,2.808769602871187,-0.9148547248077543,2.3472019792350554,3.2620567040428097,6.070826306913997,RETROSPECTIVE_HISTORY_DIAGNOSTIC
2026-10-06,8476927,WINSOR_TOP_SOG_TO_SECOND_MAX,3.7236243276789414,3.30988829127017,-0.4137360364087712,2.3472019792350554,2.7609380156438266,6.070826306913997,RETROSPECTIVE_HISTORY_DIAGNOSTIC
2026-10-06,8476931,REMOVE_MAX_SOG,3.360488798370672,3.0704497640302497,-0.2900390343404222,0.35798671329978005,0.06794767895935783,3.002502085070892,RETROSPECTIVE_HISTORY_DIAGNOSTIC
2026-10-06,8476931,REMOVE_MAX_RATE,3.360488798370672,3.0388294879009567,-0.3216593104697152,0.35798671329978005,0.03632740283006486,3.002502085070892,RETROSPECTIVE_HISTORY_DIAGNOSTIC
2026-10-06,8476931,WINSOR_TOP_SOG_TO_SECOND_MAX,3.360488798370672,3.360488798370672,0.0,0.35798671329978005,0.35798671329978005,3.002502085070892,RETROSPECTIVE_HISTORY_DIAGNOSTIC
2026-10-06,8476958,REMOVE_MAX_SOG,4.390029754646115,3.539253539253539,-0.8507762153925755,1.5709224719523012,0.7201462565597256,2.8191072826938135,RETROSPECTIVE_HISTORY_DIAGNOSTIC
2026-10-06,8476958,REMOVE_MAX_RATE,4.390029754646115,3.539253539253539,-0.8507762153925755,1.5709224719523012,0.7201462565597256,2.8191072826938135,RETROSPECTIVE_HISTORY_DIAGNOSTIC
2026-10-06,8476958,WINSOR_TOP_SOG_TO_SECOND_MAX,4.390029754646115,4.390029754646115,0.0,1.5709224719523012,1.5709224719523012,2.8191072826938135,RETROSPECTIVE_HISTORY_DIAGNOSTIC
2026-10-06,8476979,REMOVE_MAX_SOG,5.150530381997669,4.046845300141026,-1.1036850818566428,5.150530381997669,4.046845300141026,0.0,RETROSPECTIVE_HISTORY_DIAGNOSTIC
2026-10-06,8476979,REMOVE_MAX_RATE,5.150530381997669,4.896626768226333,-0.2539036137713362,5.150530381997669,4.896626768226333,0.0,RETROSPECTIVE_HISTORY_DIAGNOSTIC
2026-10-06,8476979,WINSOR_TOP_SOG_TO_SECOND_MAX,5.150530381997669,4.782635354712122,-0.367895027285547,5.150530381997669,4.782635354712122,0.0,RETROSPECTIVE_HISTORY_DIAGNOSTIC
2026-10-06,8476981,REMOVE_MAX_SOG,4.3978597082753055,3.380009657170449,-1.0178500511048565,4.3978597082753055,3.380009657170449,0.0,RETROSPECTIVE_HISTORY_DIAGNOSTIC
2026-10-06,8476981,REMOVE_MAX_RATE,4.3978597082753055,3.380009657170449,-1.0178500511048565,4.3978597082753055,3.380009657170449,0.0,RETROSPECTIVE_HISTORY_DIAGNOSTIC
2026-10-06,8476981,WINSOR_TOP_SOG_TO_SECOND_MAX,4.3978597082753055,4.3978597082753055,0.0,4.3978597082753055,4.3978597082753055,0.0,RETROSPECTIVE_HISTORY_DIAGNOSTIC
2026-10-06,8477021,REMOVE_MAX_SOG,3.846153846153846,2.891566265060241,-0.9545875810936049,0.6603131381892435,0.29427444290436133,3.1858407079646023,RETROSPECTIVE_HISTORY_DIAGNOSTIC
2026-10-06,8477021,REMOVE_MAX_RATE,3.846153846153846,2.891566265060241,-0.9545875810936049,0.6603131381892435,0.29427444290436133,3.1858407079646023,RETROSPECTIVE_HISTORY_DIAGNOSTIC
2026-10-06,8477021,WINSOR_TOP_SOG_TO_SECOND_MAX,3.846153846153846,3.418803418803419,-0.4273504273504267,0.6603131381892435,0.2329627108388168,3.1858407079646023,RETROSPECTIVE_HISTORY_DIAGNOSTIC
2026-10-06,8477220,REMOVE_MAX_SOG,2.535122002746382,1.7997480352750617,-0.7353739674713204,2.582148786166198,3.3175227536375185,5.11727078891258,RETROSPECTIVE_HISTORY_DIAGNOSTIC
2026-10-06,8477220,REMOVE_MAX_RATE,2.535122002746382,1.7997480352750617,-0.7353739674713204,2.582148786166198,3.3175227536375185,5.11727078891258,RETROSPECTIVE_HISTORY_DIAGNOSTIC
2026-10-06,8477220,WINSOR_TOP_SOG_TO_SECOND_MAX,2.535122002746382,2.2182317524030846,-0.31689025034329754,2.582148786166198,2.8990390365094956,5.11727078891258,RETROSPECTIVE_HISTORY_DIAGNOSTIC
2026-10-06,8477346,REMOVE_MAX_SOG,4.780162326345666,4.023245417970497,-0.7569169083751692,4.094118692553266,4.851035600928435,8.874281018898932,RETROSPECTIVE_HISTORY_DIAGNOSTIC
2026-10-06,8477346,REMOVE_MAX_RATE,4.780162326345666,4.023245417970497,-0.7569169083751692,4.094118692553266,4.851035600928435,8.874281018898932,RETROSPECTIVE_HISTORY_DIAGNOSTIC
2026-10-06,8477346,WINSOR_TOP_SOG_TO_SECOND_MAX,4.780162326345666,4.481402180949062,-0.2987601453966038,4.094118692553266,4.39287883794987,8.874281018898932,RETROSPECTIVE_HISTORY_DIAGNOSTIC
2026-10-06,8477402,REMOVE_MAX_SOG,4.773561811505509,4.469122426868907,-0.30443938463660203,1.999721349359966,2.304160733996568,6.773283160865475,RETROSPECTIVE_HISTORY_DIAGNOSTIC
2026-10-06,8477402,REMOVE_MAX_RATE,4.773561811505509,4.461871281773932,-0.3116905297315773,1.999721349359966,2.311411879091543,6.773283160865475,RETROSPECTIVE_HISTORY_DIAGNOSTIC
2026-10-06,8477402,WINSOR_TOP_SOG_TO_SECOND_MAX,4.773561811505509,4.773561811505509,0.0,1.999721349359966,1.999721349359966,6.773283160865475,RETROSPECTIVE_HISTORY_DIAGNOSTIC
2026-10-06,8477407,REMOVE_MAX_SOG,5.922101586819527,4.52147701582517,-1.4006245709943572,5.922101586819527,4.52147701582517,0.0,RETROSPECTIVE_HISTORY_DIAGNOSTIC
2026-10-06,8477407,REMOVE_MAX_RATE,5.922101586819527,4.52147701582517,-1.4006245709943572,5.922101586819527,4.52147701582517,0.0,RETROSPECTIVE_HISTORY_DIAGNOSTIC
2026-10-06,8477407,WINSOR_TOP_SOG_TO_SECOND_MAX,5.922101586819527,5.0110090350011385,-0.9110925518183883,5.922101586819527,5.0110090350011385,0.0,RETROSPECTIVE_HISTORY_DIAGNOSTIC
2026-10-06,8477409,REMOVE_MAX_SOG,6.710337114555042,5.816419266888821,-0.8939178476662208,0.10483252739907911,0.7890853202671417,6.605504587155963,RETROSPECTIVE_HISTORY_DIAGNOSTIC
2026-10-06,8477409,REMOVE_MAX_RATE,6.710337114555042,5.816419266888821,-0.8939178476662208,0.10483252739907911,0.7890853202671417,6.605504587155963,RETROSPECTIVE_HISTORY_DIAGNOSTIC
2026-10-06,8477409,WINSOR_TOP_SOG_TO_SECOND_MAX,6.710337114555042,6.071257389359324,-0.6390797251957183,0.10483252739907911,0.5342471977966392,6.605504587155963,RETROSPECTIVE_HISTORY_DIAGNOSTIC
2026-10-06,8477416,REMOVE_MAX_SOG,5.6197315017171405,4.226468257462359,-1.3932632442547819,14.454617940662043,15.847881184916826,20.074349442379184,RETROSPECTIVE_HISTORY_DIAGNOSTIC
2026-10-06,8477416,REMOVE_MAX_RATE,5.6197315017171405,4.172461752433937,-1.4472697492832038,14.454617940662043,15.901887689945248,20.074349442379184,RETROSPECTIVE_HISTORY_DIAGNOSTIC
2026-10-06,8477416,WINSOR_TOP_SOG_TO_SECOND_MAX,5.6197315017171405,5.6197315017171405,0.0,14.454617940662043,14.454617940662043,20.074349442379184,RETROSPECTIVE_HISTORY_DIAGNOSTIC
2026-10-06,8477426,REMOVE_MAX_SOG,6.089309878213803,5.767844268204758,-0.32146561000904494,2.832623207288056,3.154088817297101,8.921933085501859,RETROSPECTIVE_HISTORY_DIAGNOSTIC
2026-10-06,8477426,REMOVE_MAX_RATE,6.089309878213803,5.870020964360587,-0.21928891385321592,2.832623207288056,3.051912121141272,8.921933085501859,RETROSPECTIVE_HISTORY_DIAGNOSTIC
2026-10-06,8477426,WINSOR_TOP_SOG_TO_SECOND_MAX,6.089309878213803,6.089309878213803,0.0,2.832623207288056,2.832623207288056,8.921933085501859,RETROSPECTIVE_HISTORY_DIAGNOSTIC
2026-10-06,8477429,REMOVE_MAX_SOG,4.982871379632512,4.529879783959579,-0.4529915956729331,4.7997373160196615,5.252728911692595,9.782608695652174,RETROSPECTIVE_HISTORY_DIAGNOSTIC
2026-10-06,8477429,REMOVE_MAX_RATE,4.982871379632512,4.529879783959579,-0.4529915956729331,4.7997373160196615,5.252728911692595,9.782608695652174,RETROSPECTIVE_HISTORY_DIAGNOSTIC
2026-10-06,8477429,WINSOR_TOP_SOG_TO_SECOND_MAX,4.982871379632512,4.67144191840548,-0.3114294612270321,4.7997373160196615,5.1111667772466935,9.782608695652174,RETROSPECTIVE_HISTORY_DIAGNOSTIC
2026-10-06,8477446,REMOVE_MAX_SOG,9.268361185226796,8.609007572738143,-0.659353612488653,9.268361185226796,8.609007572738143,0.0,RETROSPECTIVE_HISTORY_DIAGNOSTIC
2026-10-06,8477446,REMOVE_MAX_RATE,9.268361185226796,8.370795225546427,-0.8975659596803691,9.268361185226796,8.370795225546427,0.0,RETROSPECTIVE_HISTORY_DIAGNOSTIC
2026-10-06,8477446,WINSOR_TOP_SOG_TO_SECOND_MAX,9.268361185226796,9.268361185226796,0.0,9.268361185226796,9.268361185226796,0.0,RETROSPECTIVE_HISTORY_DIAGNOSTIC
2026-10-06,8477447,REMOVE_MAX_SOG,5.751586250970009,5.246913580246913,-0.504672670723096,6.824832963003791,7.329505633726887,12.5764192139738,RETROSPECTIVE_HISTORY_DIAGNOSTIC
2026-10-06,8477447,REMOVE_MAX_RATE,5.751586250970009,5.093632958801498,-0.6579532921685107,6.824832963003791,7.482786255172302,12.5764192139738,RETROSPECTIVE_HISTORY_DIAGNOSTIC
2026-10-06,8477447,WINSOR_TOP_SOG_TO_SECOND_MAX,5.751586250970009,5.751586250970009,0.0,6.824832963003791,6.824832963003791,12.5764192139738,RETROSPECTIVE_HISTORY_DIAGNOSTIC
2026-10-06,8477451,REMOVE_MAX_SOG,7.089111373670793,5.902606984751599,-1.186504388919194,7.089111373670793,5.902606984751599,0.0,RETROSPECTIVE_HISTORY_DIAGNOSTIC
2026-10-06,8477451,REMOVE_MAX_RATE,7.089111373670793,5.902606984751599,-1.186504388919194,7.089111373670793,5.902606984751599,0.0,RETROSPECTIVE_HISTORY_DIAGNOSTIC
2026-10-06,8477451,WINSOR_TOP_SOG_TO_SECOND_MAX,7.089111373670793,6.34288912381071,-0.7462222498600832,7.089111373670793,6.34288912381071,0.0,RETROSPECTIVE_HISTORY_DIAGNOSTIC
2026-10-06,8477478,REMOVE_MAX_SOG,6.2559241706161135,4.855842185128983,-1.4000819854871303,1.3244173213010448,0.07566466418608542,4.931506849315069,RETROSPECTIVE_HISTORY_DIAGNOSTIC
2026-10-06,8477478,REMOVE_MAX_RATE,6.2559241706161135,4.855842185128983,-1.4000819854871303,1.3244173213010448,0.07566466418608542,4.931506849315069,RETROSPECTIVE_HISTORY_DIAGNOSTIC
2026-10-06,8477478,WINSOR_TOP_SOG_TO_SECOND_MAX,6.2559241706161135,5.6872037914691935,-0.56872037914692,1.3244173213010448,0.7556969421541249,4.931506849315069,RETROSPECTIVE_HISTORY_DIAGNOSTIC
2026-10-06,8477479,REMOVE_MAX_SOG,3.2867707477403445,2.5881192999753506,-0.6986514477649939,3.2867707477403445,2.5881192999753506,0.0,RETROSPECTIVE_HISTORY_DIAGNOSTIC
2026-10-06,8477479,REMOVE_MAX_RATE,3.2867707477403445,2.5881192999753506,-0.6986514477649939,3.2867707477403445,2.5881192999753506,0.0,RETROSPECTIVE_HISTORY_DIAGNOSTIC
2026-10-06,8477479,WINSOR_TOP_SOG_TO_SECOND_MAX,3.2867707477403445,2.95809367296631,-0.3286770747740344,3.2867707477403445,2.95809367296631,0.0,RETROSPECTIVE_HISTORY_DIAGNOSTIC
2026-10-06,8477488,REMOVE_MAX_SOG,2.4422509412842173,2.026228400968087,-0.4160225403161304,0.4217108725582648,0.8377334128743952,2.863961813842482,RETROSPECTIVE_HISTORY_DIAGNOSTIC
2026-10-06,8477488,REMOVE_MAX_RATE,2.4422509412842173,2.026228400968087,-0.4160225403161304,0.4217108725582648,0.8377334128743952,2.863961813842482,RETROSPECTIVE_HISTORY_DIAGNOSTIC
2026-10-06,8477488,WINSOR_TOP_SOG_TO_SECOND_MAX,2.4422509412842173,2.4422509412842173,0.0,0.4217108725582648,0.4217108725582648,2.863961813842482,RETROSPECTIVE_HISTORY_DIAGNOSTIC
2026-10-06,8477495,REMOVE_MAX_SOG,3.2465022802813635,2.6068821689259645,-0.639620111355399,1.450170909542511,2.08979102089791,4.6966731898238745,RETROSPECTIVE_HISTORY_DIAGNOSTIC
2026-10-06,8477495,REMOVE_MAX_RATE,3.2465022802813635,2.6068821689259645,-0.639620111355399,1.450170909542511,2.08979102089791,4.6966731898238745,RETROSPECTIVE_HISTORY_DIAGNOSTIC
2026-10-06,8477495,WINSOR_TOP_SOG_TO_SECOND_MAX,3.2465022802813635,2.7827162402411685,-0.46378604004019497,1.450170909542511,1.913956949582706,4.6966731898238745,RETROSPECTIVE_HISTORY_DIAGNOSTIC
2026-10-06,8477500,REMOVE_MAX_SOG,6.728097118619277,6.109652178573342,-0.6184449400459346,0.0071694856838098175,0.6256144257297445,6.735266604303087,RETROSPECTIVE_HISTORY_DIAGNOSTIC
2026-10-06,8477500,REMOVE_MAX_RATE,6.728097118619277,6.109652178573342,-0.6184449400459346,0.0071694856838098175,0.6256144257297445,6.735266604303087,RETROSPECTIVE_HISTORY_DIAGNOSTIC
2026-10-06,8477500,WINSOR_TOP_SOG_TO_SECOND_MAX,6.728097118619277,6.728097118619277,0.0,0.0071694856838098175,0.0071694856838098175,6.735266604303087,RETROSPECTIVE_HISTORY_DIAGNOSTIC
2026-10-06,8477506,REMOVE_MAX_SOG,1.9456304383073018,1.430444629872452,-0.5151858084348497,1.6834018197572143,2.198587628192064,3.629032258064516,RETROSPECTIVE_HISTORY_DIAGNOSTIC
2026-10-06,8477506,REMOVE_MAX_RATE,1.9456304383073018,1.430444629872452,-0.5151858084348497,1.6834018197572143,2.198587628192064,3.629032258064516,RETROSPECTIVE_HISTORY_DIAGNOSTIC
2026-10-06,8477506,WINSOR_TOP_SOG_TO_SECOND_MAX,1.9456304383073018,1.9456304383073018,0.0,1.6834018197572143,1.6834018197572143,3.629032258064516,RETROSPECTIVE_HISTORY_DIAGNOSTIC
2026-10-06,8477511,REMOVE_MAX_SOG,4.420925715051243,3.6666412038805287,-0.7542845111707139,5.204742734146618,5.959027245317332,9.62566844919786,RETROSPECTIVE_HISTORY_DIAGNOSTIC
2026-10-06,8477511,REMOVE_MAX_RATE,4.420925715051243,3.547409651910428,-0.8735160631408148,5.204742734146618,6.0782587972874325,9.62566844919786,RETROSPECTIVE_HISTORY_DIAGNOSTIC
2026-10-06,8477511,WINSOR_TOP_SOG_TO_SECOND_MAX,4.420925715051243,4.420925715051243,0.0,5.204742734146618,5.204742734146618,9.62566844919786,RETROSPECTIVE_HISTORY_DIAGNOSTIC
2026-10-06,8477527,REMOVE_MAX_SOG,4.673352156557298,3.3127208480565375,-1.3606313085007606,3.6025099124082196,4.96314122090898,8.275862068965518,RETROSPECTIVE_HISTORY_DIAGNOSTIC
2026-10-06,8477527,REMOVE_MAX_RATE,4.673352156557298,3.3127208480565375,-1.3606313085007606,3.6025099124082196,4.96314122090898,8.275862068965518,RETROSPECTIVE_HISTORY_DIAGNOSTIC
2026-10-06,8477527,WINSOR_TOP_SOG_TO_SECOND_MAX,4.673352156557298,4.089183136987636,-0.5841690195696625,3.6025099124082196,4.186678931977882,8.275862068965518,RETROSPECTIVE_HISTORY_DIAGNOSTIC
2026-10-06,8477903,REMOVE_MAX_SOG,1.6895062887178525,1.236603462489695,-0.45290282622815736,1.6895062887178525,1.236603462489695,0.0,RETROSPECTIVE_HISTORY_DIAGNOSTIC
2026-10-06,8477903,REMOVE_MAX_RATE,1.6895062887178525,1.236603462489695,-0.45290282622815736,1.6895062887178525,1.236603462489695,0.0,RETROSPECTIVE_HISTORY_DIAGNOSTIC
2026-10-06,8477903,WINSOR_TOP_SOG_TO_SECOND_MAX,1.6895062887178525,1.6895062887178525,0.0,1.6895062887178525,1.6895062887178525,0.0,RETROSPECTIVE_HISTORY_DIAGNOSTIC
2026-10-06,8477919,REMOVE_MAX_SOG,6.1518743992310165,5.114362835630061,-1.0375115636009555,6.1518743992310165,5.114362835630061,0.0,RETROSPECTIVE_HISTORY_DIAGNOSTIC
2026-10-06,8477919,REMOVE_MAX_RATE,6.1518743992310165,5.114362835630061,-1.0375115636009555,6.1518743992310165,5.114362835630061,0.0,RETROSPECTIVE_HISTORY_DIAGNOSTIC
2026-10-06,8477919,WINSOR_TOP_SOG_TO_SECOND_MAX,6.1518743992310165,5.767382249279078,-0.3844921499519387,6.1518743992310165,5.767382249279078,0.0,RETROSPECTIVE_HISTORY_DIAGNOSTIC
2026-10-06,8477933,REMOVE_MAX_SOG,7.147820907376154,6.302172591077451,-0.8456483162987034,1.4168103376674637,2.262458653966167,8.564631245043618,RETROSPECTIVE_HISTORY_DIAGNOSTIC
2026-10-06,8477933,REMOVE_MAX_RATE,7.147820907376154,6.302172591077451,-0.8456483162987034,1.4168103376674637,2.262458653966167,8.564631245043618,RETROSPECTIVE_HISTORY_DIAGNOSTIC
2026-10-06,8477933,WINSOR_TOP_SOG_TO_SECOND_MAX,7.147820907376154,6.84999503623548,-0.2978258711406738,1.4168103376674637,1.7146362088081375,8.564631245043618,RETROSPECTIVE_HISTORY_DIAGNOSTIC
2026-10-06,8477935,REMOVE_MAX_SOG,8.887948365252354,7.449009754655632,-1.438938610596722,5.808393189888796,4.369454579292074,3.0795551753635584,RETROSPECTIVE_HISTORY_DIAGNOSTIC
2026-10-06,8477935,REMOVE_MAX_RATE,8.887948365252354,7.449009754655632,-1.438938610596722,5.808393189888796,4.369454579292074,3.0795551753635584,RETROSPECTIVE_HISTORY_DIAGNOSTIC
2026-10-06,8477935,WINSOR_TOP_SOG_TO_SECOND_MAX,8.887948365252354,7.935668183261032,-0.9522801819913225,5.808393189888796,4.8561130078974735,3.0795551753635584,RETROSPECTIVE_HISTORY_DIAGNOSTIC
2026-10-06,8477939,REMOVE_MAX_SOG,8.269751415210436,7.490636704119851,-0.7791147110905854,5.638172467842015,4.8590577567514295,2.631578947368421,RETROSPECTIVE_HISTORY_DIAGNOSTIC
2026-10-06,8477939,REMOVE_MAX_RATE,8.269751415210436,7.490636704119851,-0.7791147110905854,5.638172467842015,4.8590577567514295,2.631578947368421,RETROSPECTIVE_HISTORY_DIAGNOSTIC
2026-10-06,8477939,WINSOR_TOP_SOG_TO_SECOND_MAX,8.269751415210436,8.269751415210436,0.0,5.638172467842015,5.638172467842015,2.631578947368421,RETROSPECTIVE_HISTORY_DIAGNOSTIC
2026-10-06,8477940,REMOVE_MAX_SOG,9.712364587224505,8.321775312066576,-1.3905892751579287,2.1572753951993198,0.766686120041391,7.555089192025185,RETROSPECTIVE_HISTORY_DIAGNOSTIC
2026-10-06,8477940,REMOVE_MAX_RATE,9.712364587224505,8.321775312066576,-1.3905892751579287,2.1572753951993198,0.766686120041391,7.555089192025185,RETROSPECTIVE_HISTORY_DIAGNOSTIC
2026-10-06,8477940,WINSOR_TOP_SOG_TO_SECOND_MAX,9.712364587224505,9.338812103100485,-0.3735524841240192,2.1572753951993198,1.7837229110753006,7.555089192025185,RETROSPECTIVE_HISTORY_DIAGNOSTIC
2026-10-06,8477946,REMOVE_MAX_SOG,9.845144087785869,8.607333448097778,-1.2378106396880906,1.7584014400142909,2.9962120797023815,11.60354552780016,RETROSPECTIVE_HISTORY_DIAGNOSTIC
2026-10-06,8477946,REMOVE_MAX_RATE,9.845144087785869,8.607333448097778,-1.2378106396880906,1.7584014400142909,2.9962120797023815,11.60354552780016,RETROSPECTIVE_HISTORY_DIAGNOSTIC
2026-10-06,8477946,WINSOR_TOP_SOG_TO_SECOND_MAX,9.845144087785869,9.229822582299253,-0.6153215054866159,1.7584014400142909,2.373722945500907,11.60354552780016,RETROSPECTIVE_HISTORY_DIAGNOSTIC
2026-10-06,8477950,REMOVE_MAX_SOG,4.826254826254826,3.9775809076116437,-0.8486739186431822,1.5295515295515294,0.6808776109083472,3.2967032967032965,RETROSPECTIVE_HISTORY_DIAGNOSTIC
2026-10-06,8477950,REMOVE_MAX_RATE,4.826254826254826,3.9775809076116437,-0.8486739186431822,1.5295515295515294,0.6808776109083472,3.2967032967032965,RETROSPECTIVE_HISTORY_DIAGNOSTIC
2026-10-06,8477950,WINSOR_TOP_SOG_TO_SECOND_MAX,4.826254826254826,4.504504504504505,-0.32175032175032126,1.5295515295515294,1.2078012078012081,3.2967032967032965,RETROSPECTIVE_HISTORY_DIAGNOSTIC
2026-10-06,8477951,REMOVE_MAX_SOG,11.384615384615383,9.811107978573443,-1.5735074060419407,0.7468083727561403,2.320315778798081,12.131423757371524,RETROSPECTIVE_HISTORY_DIAGNOSTIC
2026-10-06,8477951,REMOVE_MAX_RATE,11.384615384615383,9.811107978573443,-1.5735074060419407,0.7468083727561403,2.320315778798081,12.131423757371524,RETROSPECTIVE_HISTORY_DIAGNOSTIC
2026-10-06,8477951,WINSOR_TOP_SOG_TO_SECOND_MAX,11.384615384615383,11.384615384615383,0.0,0.7468083727561403,0.7468083727561403,12.131423757371524,RETROSPECTIVE_HISTORY_DIAGNOSTIC
2026-10-06,8477955,REMOVE_MAX_SOG,8.066581306017927,7.37527114967462,-0.6913101563433068,19.71732167082882,20.408631827172126,27.783902976846747,RETROSPECTIVE_HISTORY_DIAGNOSTIC
2026-10-06,8477955,REMOVE_MAX_RATE,8.066581306017927,7.520891364902507,-0.5456899411154197,19.71732167082882,20.26301161194424,27.783902976846747,RETROSPECTIVE_HISTORY_DIAGNOSTIC
2026-10-06,8477955,WINSOR_TOP_SOG_TO_SECOND_MAX,8.066581306017927,8.066581306017927,0.0,19.71732167082882,19.71732167082882,27.783902976846747,RETROSPECTIVE_HISTORY_DIAGNOSTIC
2026-10-06,8477960,REMOVE_MAX_SOG,10.736745232373844,9.569377990430624,-1.1673672419432197,2.4418143567978063,1.2744471148545866,8.294930875576037,RETROSPECTIVE_HISTORY_DIAGNOSTIC
2026-10-06,8477960,REMOVE_MAX_RATE,10.736745232373844,9.569377990430624,-1.1673672419432197,2.4418143567978063,1.2744471148545866,8.294930875576037,RETROSPECTIVE_HISTORY_DIAGNOSTIC
2026-10-06,8477960,WINSOR_TOP_SOG_TO_SECOND_MAX,10.736745232373844,10.429981082877449,-0.3067641494963951,2.4418143567978063,2.1350502073014113,8.294930875576037,RETROSPECTIVE_HISTORY_DIAGNOSTIC
2026-10-06,8477964,REMOVE_MAX_SOG,5.136309758988542,3.147717904519223,-1.9885918544693189,2.605625724882426,4.594217579351745,7.741935483870968,RETROSPECTIVE_HISTORY_DIAGNOSTIC
2026-10-06,8477964,REMOVE_MAX_RATE,5.136309758988542,3.147717904519223,-1.9885918544693189,2.605625724882426,4.594217579351745,7.741935483870968,RETROSPECTIVE_HISTORY_DIAGNOSTIC
2026-10-06,8477964,WINSOR_TOP_SOG_TO_SECOND_MAX,5.136309758988542,3.5559067562228375,-1.5804030027657046,2.605625724882426,4.1860287276481305,7.741935483870968,RETROSPECTIVE_HISTORY_DIAGNOSTIC
2026-10-06,8477969,REMOVE_MAX_SOG,1.6690620798368025,1.2376875870249084,-0.4313744928118941,1.7048835621500762,2.1362580549619703,3.3739456419868787,RETROSPECTIVE_HISTORY_DIAGNOSTIC
2026-10-06,8477969,REMOVE_MAX_RATE,1.6690620798368025,1.2376875870249084,-0.4313744928118941,1.7048835621500762,2.1362580549619703,3.3739456419868787,RETROSPECTIVE_HISTORY_DIAGNOSTIC
2026-10-06,8477969,WINSOR_TOP_SOG_TO_SECOND_MAX,1.6690620798368025,1.390885066530669,-0.27817701330613365,1.7048835621500762,1.9830605754562098,3.3739456419868787,RETROSPECTIVE_HISTORY_DIAGNOSTIC
2026-10-06,8477986,REMOVE_MAX_SOG,6.967142611388268,6.329417405897867,-0.6377252054904012,6.967142611388268,6.329417405897867,0.0,RETROSPECTIVE_HISTORY_DIAGNOSTIC
2026-10-06,8477986,REMOVE_MAX_RATE,6.967142611388268,6.329417405897867,-0.6377252054904012,6.967142611388268,6.329417405897867,0.0,RETROSPECTIVE_HISTORY_DIAGNOSTIC
2026-10-06,8477986,WINSOR_TOP_SOG_TO_SECOND_MAX,6.967142611388268,6.709100292447962,-0.2580423189403058,6.967142611388268,6.709100292447962,0.0,RETROSPECTIVE_HISTORY_DIAGNOSTIC
2026-10-06,8477987,REMOVE_MAX_SOG,5.504975651069236,3.8204393505253105,-1.6845363005439253,0.8442306981371139,2.5287669986810393,6.34920634920635,RETROSPECTIVE_HISTORY_DIAGNOSTIC
2026-10-06,8477987,REMOVE_MAX_RATE,5.504975651069236,3.8204393505253105,-1.6845363005439253,0.8442306981371139,2.5287669986810393,6.34920634920635,RETROSPECTIVE_HISTORY_DIAGNOSTIC
2026-10-06,8477987,WINSOR_TOP_SOG_TO_SECOND_MAX,5.504975651069236,4.658056320135507,-0.8469193309337291,0.8442306981371139,1.691150029070843,6.34920634920635,RETROSPECTIVE_HISTORY_DIAGNOSTIC
2026-10-06,8477998,REMOVE_MAX_SOG,4.412125173625295,3.9544299030223145,-0.45769527060298065,4.412125173625295,3.9544299030223145,0.0,RETROSPECTIVE_HISTORY_DIAGNOSTIC
2026-10-06,8477998,REMOVE_MAX_RATE,4.412125173625295,3.827227993439037,-0.5848971801862581,4.412125173625295,3.827227993439037,0.0,RETROSPECTIVE_HISTORY_DIAGNOSTIC
2026-10-06,8477998,WINSOR_TOP_SOG_TO_SECOND_MAX,4.412125173625295,4.412125173625295,0.0,4.412125173625295,4.412125173625295,0.0,RETROSPECTIVE_HISTORY_DIAGNOSTIC
2026-10-06,8478020,REMOVE_MAX_SOG,3.93752460952881,3.512623490669594,-0.424901118859216,3.93752460952881,3.512623490669594,0.0,RETROSPECTIVE_HISTORY_DIAGNOSTIC
2026-10-06,8478020,REMOVE_MAX_RATE,3.93752460952881,3.512623490669594,-0.424901118859216,3.93752460952881,3.512623490669594,0.0,RETROSPECTIVE_HISTORY_DIAGNOSTIC
2026-10-06,8478020,WINSOR_TOP_SOG_TO_SECOND_MAX,3.93752460952881,3.93752460952881,0.0,3.93752460952881,3.93752460952881,0.0,RETROSPECTIVE_HISTORY_DIAGNOSTIC
2026-10-06,8478042,REMOVE_MAX_SOG,8.156707656182414,7.690664387951292,-0.46604326823112174,2.2279077284329727,2.6939509966640944,10.384615384615387,RETROSPECTIVE_HISTORY_DIAGNOSTIC
2026-10-06,8478042,REMOVE_MAX_RATE,8.156707656182414,7.406899389616624,-0.7498082665657897,2.2279077284329727,2.9777159949987624,10.384615384615387,RETROSPECTIVE_HISTORY_DIAGNOSTIC
2026-10-06,8478042,WINSOR_TOP_SOG_TO_SECOND_MAX,8.156707656182414,8.156707656182414,0.0,2.2279077284329727,2.2279077284329727,10.384615384615387,RETROSPECTIVE_HISTORY_DIAGNOSTIC
2026-10-06,8478055,REMOVE_MAX_SOG,5.246686303387334,4.664904369460426,-0.5817819339269086,0.36953834559862564,0.9513202795255342,5.61622464898596,RETROSPECTIVE_HISTORY_DIAGNOSTIC
2026-10-06,8478055,REMOVE_MAX_RATE,5.246686303387334,4.664904369460426,-0.5817819339269086,0.36953834559862564,0.9513202795255342,5.61622464898596,RETROSPECTIVE_HISTORY_DIAGNOSTIC
2026-10-06,8478055,WINSOR_TOP_SOG_TO_SECOND_MAX,5.246686303387334,4.970544918998527,-0.276141384388807,0.36953834559862564,0.6456797299874326,5.61622464898596,RETROSPECTIVE_HISTORY_DIAGNOSTIC
2026-10-06,8478109,REMOVE_MAX_SOG,7.814761215629524,6.795016987542469,-1.0197442280870552,3.296349895481587,4.316094123568642,11.11111111111111,RETROSPECTIVE_HISTORY_DIAGNOSTIC
2026-10-06,8478109,REMOVE_MAX_RATE,7.814761215629524,6.795016987542469,-1.0197442280870552,3.296349895481587,4.316094123568642,11.11111111111111,RETROSPECTIVE_HISTORY_DIAGNOSTIC
2026-10-06,8478109,WINSOR_TOP_SOG_TO_SECOND_MAX,7.814761215629524,7.380607814761216,-0.43415340086830767,3.296349895481587,3.7305032963498945,11.11111111111111,RETROSPECTIVE_HISTORY_DIAGNOSTIC
2026-10-06,8478133,REMOVE_MAX_SOG,5.431754874651811,4.601226993865031,-0.8305278807867804,5.431754874651811,4.601226993865031,0.0,RETROSPECTIVE_HISTORY_DIAGNOSTIC
2026-10-06,8478133,REMOVE_MAX_RATE,5.431754874651811,4.533434076312807,-0.8983207983390038,5.431754874651811,4.533434076312807,0.0,RETROSPECTIVE_HISTORY_DIAGNOSTIC
2026-10-06,8478133,WINSOR_TOP_SOG_TO_SECOND_MAX,5.431754874651811,5.431754874651811,0.0,5.431754874651811,5.431754874651811,0.0,RETROSPECTIVE_HISTORY_DIAGNOSTIC
2026-10-06,8478147,REMOVE_MAX_SOG,4.876349703935911,4.160887656033288,-0.7154620479026228,4.647459819873613,5.362921867776236,9.523809523809524,RETROSPECTIVE_HISTORY_DIAGNOSTIC
2026-10-06,8478147,REMOVE_MAX_RATE,4.876349703935911,3.922594142259415,-0.9537555616764957,4.647459819873613,5.601215381550109,9.523809523809524,RETROSPECTIVE_HISTORY_DIAGNOSTIC
2026-10-06,8478147,WINSOR_TOP_SOG_TO_SECOND_MAX,4.876349703935911,4.876349703935911,0.0,4.647459819873613,4.647459819873613,9.523809523809524,RETROSPECTIVE_HISTORY_DIAGNOSTIC
2026-10-06,8478178,REMOVE_MAX_SOG,8.205998868138087,7.453801956623014,-0.7521969115150728,3.5638325238440833,2.8116356123290105,4.6421663442940035,RETROSPECTIVE_HISTORY_DIAGNOSTIC
2026-10-06,8478178,REMOVE_MAX_RATE,8.205998868138087,7.2705240836110265,-0.9354747845270603,3.5638325238440833,2.628357739317023,4.6421663442940035,RETROSPECTIVE_HISTORY_DIAGNOSTIC
2026-10-06,8478178,WINSOR_TOP_SOG_TO_SECOND_MAX,8.205998868138087,8.205998868138087,0.0,3.5638325238440833,3.5638325238440833,4.6421663442940035,RETROSPECTIVE_HISTORY_DIAGNOSTIC
2026-10-06,8478396,REMOVE_MAX_SOG,4.401193212382023,3.673605699654904,-0.7275875127271192,1.5553434100104813,0.8277558972833621,2.845849802371542,RETROSPECTIVE_HISTORY_DIAGNOSTIC
2026-10-06,8478396,REMOVE_MAX_RATE,4.401193212382023,3.673605699654904,-0.7275875127271192,1.5553434100104813,0.8277558972833621,2.845849802371542,RETROSPECTIVE_HISTORY_DIAGNOSTIC
2026-10-06,8478396,WINSOR_TOP_SOG_TO_SECOND_MAX,4.401193212382023,4.1077803315565555,-0.2934128808254677,1.5553434100104813,1.2619305291850136,2.845849802371542,RETROSPECTIVE_HISTORY_DIAGNOSTIC
2026-10-06,8478397,REMOVE_MAX_SOG,6.2485207100591715,4.710069081013189,-1.5384516290459826,6.2485207100591715,4.710069081013189,0.0,RETROSPECTIVE_HISTORY_DIAGNOSTIC
2026-10-06,8478397,REMOVE_MAX_RATE,6.2485207100591715,4.710069081013189,-1.5384516290459826,6.2485207100591715,4.710069081013189,0.0,RETROSPECTIVE_HISTORY_DIAGNOSTIC
2026-10-06,8478397,WINSOR_TOP_SOG_TO_SECOND_MAX,6.2485207100591715,5.112426035502959,-1.1360946745562126,6.2485207100591715,5.112426035502959,0.0,RETROSPECTIVE_HISTORY_DIAGNOSTIC
2026-10-06,8478399,REMOVE_MAX_SOG,2.055297284071446,1.6373758323327146,-0.4179214517387313,2.055297284071446,1.6373758323327146,0.0,RETROSPECTIVE_HISTORY_DIAGNOSTIC
2026-10-06,8478399,REMOVE_MAX_RATE,2.055297284071446,1.6261925411968776,-0.42910474287456823,2.055297284071446,1.6261925411968776,0.0,RETROSPECTIVE_HISTORY_DIAGNOSTIC
2026-10-06,8478399,WINSOR_TOP_SOG_TO_SECOND_MAX,2.055297284071446,2.055297284071446,0.0,2.055297284071446,2.055297284071446,0.0,RETROSPECTIVE_HISTORY_DIAGNOSTIC
2026-10-06,8478403,REMOVE_MAX_SOG,8.949880668257755,8.601201962838397,-0.3486787054193581,2.4044261228032093,2.0557474173838512,6.545454545454546,RETROSPECTIVE_HISTORY_DIAGNOSTIC
2026-10-06,8478403,REMOVE_MAX_RATE,8.949880668257755,8.499046581312994,-0.4508340869447611,2.4044261228032093,1.9535920358584482,6.545454545454546,RETROSPECTIVE_HISTORY_DIAGNOSTIC
2026-10-06,8478403,WINSOR_TOP_SOG_TO_SECOND_MAX,8.949880668257755,8.949880668257755,0.0,2.4044261228032093,2.4044261228032093,6.545454545454546,RETROSPECTIVE_HISTORY_DIAGNOSTIC
2026-10-06,8478407,REMOVE_MAX_SOG,5.574299545254512,4.449623900836953,-1.1246756444175583,3.0760344515695706,1.9513588071520123,2.498265093684941,RETROSPECTIVE_HISTORY_DIAGNOSTIC
2026-10-06,8478407,REMOVE_MAX_RATE,5.574299545254512,4.449623900836953,-1.1246756444175583,3.0760344515695706,1.9513588071520123,2.498265093684941,RETROSPECTIVE_HISTORY_DIAGNOSTIC
2026-10-06,8478407,WINSOR_TOP_SOG_TO_SECOND_MAX,5.574299545254512,5.280915358662169,-0.293384186592343,3.0760344515695706,2.7826502649772276,2.498265093684941,RETROSPECTIVE_HISTORY_DIAGNOSTIC
2026-10-06,8478413,REMOVE_MAX_SOG,5.396492280017988,3.5208315868890936,-1.8756606931288942,0.6658746716080008,1.2097860215208933,4.730617608409987,RETROSPECTIVE_HISTORY_DIAGNOSTIC
2026-10-06,8478413,REMOVE_MAX_RATE,5.396492280017988,3.5208315868890936,-1.8756606931288942,0.6658746716080008,1.2097860215208933,4.730617608409987,RETROSPECTIVE_HISTORY_DIAGNOSTIC
2026-10-06,8478413,WINSOR_TOP_SOG_TO_SECOND_MAX,5.396492280017988,4.047369210013491,-1.349123070004497,0.6658746716080008,0.6832483983964961,4.730617608409987,RETROSPECTIVE_HISTORY_DIAGNOSTIC
2026-10-06,8478414,REMOVE_MAX_SOG,9.993108201240524,8.951157812804047,-1.0419503884364776,16.332303133311576,17.374253521748052,26.3254113345521,RETROSPECTIVE_HISTORY_DIAGNOSTIC
2026-10-06,8478414,REMOVE_MAX_RATE,9.993108201240524,8.951157812804047,-1.0419503884364776,16.332303133311576,17.374253521748052,26.3254113345521,RETROSPECTIVE_HISTORY_DIAGNOSTIC
2026-10-06,8478414,WINSOR_TOP_SOG_TO_SECOND_MAX,9.993108201240524,9.303928325292901,-0.6891798759476231,16.332303133311576,17.0214830092592,26.3254113345521,RETROSPECTIVE_HISTORY_DIAGNOSTIC
2026-10-06,8478427,REMOVE_MAX_SOG,10.819411296738267,9.543446244477174,-1.2759650522610926,1.7893109622901076,0.513345910029015,9.030100334448159,RETROSPECTIVE_HISTORY_DIAGNOSTIC
2026-10-06,8478427,REMOVE_MAX_RATE,10.819411296738267,9.543446244477174,-1.2759650522610926,1.7893109622901076,0.513345910029015,9.030100334448159,RETROSPECTIVE_HISTORY_DIAGNOSTIC
2026-10-06,8478427,WINSOR_TOP_SOG_TO_SECOND_MAX,10.819411296738267,10.501193317422436,-0.31821797931583085,1.7893109622901076,1.4710929829742767,9.030100334448159,RETROSPECTIVE_HISTORY_DIAGNOSTIC
2026-10-06,8478434,REMOVE_MAX_SOG,2.007024586051179,1.6626639571402182,-0.34436062891096086,1.962104410641213,2.306465039552174,3.969128996692392,RETROSPECTIVE_HISTORY_DIAGNOSTIC
2026-10-06,8478434,REMOVE_MAX_RATE,2.007024586051179,1.6456390565002743,-0.36138552955090475,1.962104410641213,2.323489940192118,3.969128996692392,RETROSPECTIVE_HISTORY_DIAGNOSTIC
2026-10-06,8478434,WINSOR_TOP_SOG_TO_SECOND_MAX,2.007024586051179,2.007024586051179,0.0,1.962104410641213,1.962104410641213,3.969128996692392,RETROSPECTIVE_HISTORY_DIAGNOSTIC
2026-10-06,8478443,REMOVE_MAX_SOG,2.669187566034588,2.219071688343709,-0.4501158776908789,0.6703300591973234,1.1204459368882023,3.3395176252319114,RETROSPECTIVE_HISTORY_DIAGNOSTIC
2026-10-06,8478443,REMOVE_MAX_RATE,2.669187566034588,2.219071688343709,-0.4501158776908789,0.6703300591973234,1.1204459368882023,3.3395176252319114,RETROSPECTIVE_HISTORY_DIAGNOSTIC
2026-10-06,8478443,WINSOR_TOP_SOG_TO_SECOND_MAX,2.669187566034588,2.3355391202802647,-0.3336484457543234,0.6703300591973234,1.0039785049516468,3.3395176252319114,RETROSPECTIVE_HISTORY_DIAGNOSTIC
2026-10-06,8478450,REMOVE_MAX_SOG,2.893115456737209,2.498512790005949,-0.3946026667312599,0.06497821622910127,0.45958088296036115,2.95809367296631,RETROSPECTIVE_HISTORY_DIAGNOSTIC
2026-10-06,8478450,REMOVE_MAX_RATE,2.893115456737209,2.4637766175866718,-0.42933883915053705,0.06497821622910127,0.4943170553796383,2.95809367296631,RETROSPECTIVE_HISTORY_DIAGNOSTIC
2026-10-06,8478450,WINSOR_TOP_SOG_TO_SECOND_MAX,2.893115456737209,2.893115456737209,0.0,0.06497821622910127,0.06497821622910127,2.95809367296631,RETROSPECTIVE_HISTORY_DIAGNOSTIC
2026-10-06,8478458,REMOVE_MAX_SOG,7.9193664506839445,7.145219980152168,-0.7741464705317762,5.589076326051516,6.363222796583292,13.50844277673546,RETROSPECTIVE_HISTORY_DIAGNOSTIC
2026-10-06,8478458,REMOVE_MAX_RATE,7.9193664506839445,7.145219980152168,-0.7741464705317762,5.589076326051516,6.363222796583292,13.50844277673546,RETROSPECTIVE_HISTORY_DIAGNOSTIC
2026-10-06,8478458,WINSOR_TOP_SOG_TO_SECOND_MAX,7.9193664506839445,7.9193664506839445,0.0,5.589076326051516,5.589076326051516,13.50844277673546,RETROSPECTIVE_HISTORY_DIAGNOSTIC
2026-10-06,8478468,REMOVE_MAX_SOG,6.663787252421794,5.759341789509771,-0.9044454629120224,6.663787252421794,5.759341789509771,0.0,RETROSPECTIVE_HISTORY_DIAGNOSTIC
2026-10-06,8478468,REMOVE_MAX_RATE,6.663787252421794,5.759341789509771,-0.9044454629120224,6.663787252421794,5.759341789509771,0.0,RETROSPECTIVE_HISTORY_DIAGNOSTIC
2026-10-06,8478468,WINSOR_TOP_SOG_TO_SECOND_MAX,6.663787252421794,6.2935768495094715,-0.3702104029123223,6.663787252421794,6.2935768495094715,0.0,RETROSPECTIVE_HISTORY_DIAGNOSTIC
2026-10-06,8478469,REMOVE_MAX_SOG,3.623917857861889,3.276450511945393,-0.3474673459164963,7.826463821527424,8.17393116744392,11.450381679389313,RETROSPECTIVE_HISTORY_DIAGNOSTIC
2026-10-06,8478469,REMOVE_MAX_RATE,3.623917857861889,3.276450511945393,-0.3474673459164963,7.826463821527424,8.17393116744392,11.450381679389313,RETROSPECTIVE_HISTORY_DIAGNOSTIC
2026-10-06,8478469,WINSOR_TOP_SOG_TO_SECOND_MAX,3.623917857861889,3.3823233340044294,-0.24159452385745972,7.826463821527424,8.068058345384884,11.450381679389313,RETROSPECTIVE_HISTORY_DIAGNOSTIC
2026-10-06,8478474,REMOVE_MAX_SOG,8.656967656606948,7.549168929209985,-1.107798727396963,4.790157774759473,3.68235904736251,3.8668098818474754,RETROSPECTIVE_HISTORY_DIAGNOSTIC
2026-10-06,8478474,REMOVE_MAX_RATE,8.656967656606948,7.549168929209985,-1.107798727396963,4.790157774759473,3.68235904736251,3.8668098818474754,RETROSPECTIVE_HISTORY_DIAGNOSTIC
2026-10-06,8478474,WINSOR_TOP_SOG_TO_SECOND_MAX,8.656967656606948,8.296260670914993,-0.36070698569195514,4.790157774759473,4.429450789067518,3.8668098818474754,RETROSPECTIVE_HISTORY_DIAGNOSTIC
2026-10-06,8478483,REMOVE_MAX_SOG,7.7720207253886,6.595218466611707,-1.1768022587768936,0.5139562092595682,0.6628460495173254,7.258064516129032,RETROSPECTIVE_HISTORY_DIAGNOSTIC
2026-10-06,8478483,REMOVE_MAX_RATE,7.7720207253886,6.595218466611707,-1.1768022587768936,0.5139562092595682,0.6628460495173254,7.258064516129032,RETROSPECTIVE_HISTORY_DIAGNOSTIC
2026-10-06,8478483,WINSOR_TOP_SOG_TO_SECOND_MAX,7.7720207253886,7.174172977281786,-0.5978477481068145,0.5139562092595682,0.08389153884724632,7.258064516129032,RETROSPECTIVE_HISTORY_DIAGNOSTIC
2026-10-06,8478493,REMOVE_MAX_SOG,8.17810086324398,6.839338863909822,-1.3387619993341584,8.17810086324398,6.839338863909822,0.0,RETROSPECTIVE_HISTORY_DIAGNOSTIC
2026-10-06,8478493,REMOVE_MAX_RATE,8.17810086324398,7.05183718916244,-1.1262636740815397,8.17810086324398,7.05183718916244,0.0,RETROSPECTIVE_HISTORY_DIAGNOSTIC
2026-10-06,8478493,WINSOR_TOP_SOG_TO_SECOND_MAX,8.17810086324398,7.837346660608815,-0.3407542026351651,8.17810086324398,7.837346660608815,0.0,RETROSPECTIVE_HISTORY_DIAGNOSTIC
2026-10-06,8478507,REMOVE_MAX_SOG,2.084988085782367,1.6593838154765197,-0.42560427030584735,2.084988085782367,1.6593838154765197,0.0,RETROSPECTIVE_HISTORY_DIAGNOSTIC
2026-10-06,8478507,REMOVE_MAX_RATE,2.084988085782367,1.6593838154765197,-0.42560427030584735,2.084988085782367,1.6593838154765197,0.0,RETROSPECTIVE_HISTORY_DIAGNOSTIC
2026-10-06,8478507,WINSOR_TOP_SOG_TO_SECOND_MAX,2.084988085782367,2.084988085782367,0.0,2.084988085782367,2.084988085782367,0.0,RETROSPECTIVE_HISTORY_DIAGNOSTIC
2026-10-06,8478508,REMOVE_MAX_SOG,5.87289379850381,4.688232536333802,-1.1846612621700077,5.87289379850381,4.688232536333802,0.0,RETROSPECTIVE_HISTORY_DIAGNOSTIC
2026-10-06,8478508,REMOVE_MAX_RATE,5.87289379850381,4.688232536333802,-1.1846612621700077,5.87289379850381,4.688232536333802,0.0,RETROSPECTIVE_HISTORY_DIAGNOSTIC
2026-10-06,8478508,WINSOR_TOP_SOG_TO_SECOND_MAX,5.87289379850381,5.453401384324967,-0.4194924141788432,5.87289379850381,5.453401384324967,0.0,RETROSPECTIVE_HISTORY_DIAGNOSTIC
2026-10-06,8478542,REMOVE_MAX_SOG,6.841046277665996,6.3229205871283405,-0.5181256905376559,6.841046277665996,6.3229205871283405,0.0,RETROSPECTIVE_HISTORY_DIAGNOSTIC
2026-10-06,8478542,REMOVE_MAX_RATE,6.841046277665996,6.3229205871283405,-0.5181256905376559,6.841046277665996,6.3229205871283405,0.0,RETROSPECTIVE_HISTORY_DIAGNOSTIC
2026-10-06,8478542,WINSOR_TOP_SOG_TO_SECOND_MAX,6.841046277665996,6.841046277665996,0.0,6.841046277665996,6.841046277665996,0.0,RETROSPECTIVE_HISTORY_DIAGNOSTIC
2026-10-06,8478550,REMOVE_MAX_SOG,7.885514018691588,7.208387942332896,-0.6771260763586922,3.869588022124737,4.546714098483429,11.755102040816325,RETROSPECTIVE_HISTORY_DIAGNOSTIC
2026-10-06,8478550,REMOVE_MAX_RATE,7.885514018691588,7.208387942332896,-0.6771260763586922,3.869588022124737,4.546714098483429,11.755102040816325,RETROSPECTIVE_HISTORY_DIAGNOSTIC
2026-10-06,8478550,WINSOR_TOP_SOG_TO_SECOND_MAX,7.885514018691588,7.593457943925234,-0.29205607476635453,3.869588022124737,4.1616440968910915,11.755102040816325,RETROSPECTIVE_HISTORY_DIAGNOSTIC
2026-10-06,8478831,REMOVE_MAX_SOG,3.5658569199910857,2.9877998174122333,-0.5780571025788523,0.24770240204281224,0.8257595046216646,3.813559322033898,RETROSPECTIVE_HISTORY_DIAGNOSTIC
2026-10-06,8478831,REMOVE_MAX_RATE,3.5658569199910857,2.915451895043732,-0.6504050249473536,0.24770240204281224,0.8981074269901659,3.813559322033898,RETROSPECTIVE_HISTORY_DIAGNOSTIC
2026-10-06,8478831,WINSOR_TOP_SOG_TO_SECOND_MAX,3.5658569199910857,3.5658569199910857,0.0,0.24770240204281224,0.24770240204281224,3.813559322033898,RETROSPECTIVE_HISTORY_DIAGNOSTIC
2026-10-06,8478851,REMOVE_MAX_SOG,1.595405232929164,0.7222824124232575,-0.8731228205059064,1.7043197899855924,2.5774426104914987,3.2997250229147563,RETROSPECTIVE_HISTORY_DIAGNOSTIC
2026-10-06,8478851,REMOVE_MAX_RATE,1.595405232929164,0.7222824124232575,-0.8731228205059064,1.7043197899855924,2.5774426104914987,3.2997250229147563,RETROSPECTIVE_HISTORY_DIAGNOSTIC
2026-10-06,8478851,WINSOR_TOP_SOG_TO_SECOND_MAX,1.595405232929164,0.9572431397574983,-0.6381620931716656,1.7043197899855924,2.342481883157258,3.2997250229147563,RETROSPECTIVE_HISTORY_DIAGNOSTIC
2026-10-06,8478859,REMOVE_MAX_SOG,4.1928721174004195,3.355517029248924,-0.8373550881514955,0.8901198238224381,0.05276473567094264,3.3027522935779814,RETROSPECTIVE_HISTORY_DIAGNOSTIC
2026-10-06,8478859,REMOVE_MAX_RATE,4.1928721174004195,3.355517029248924,-0.8373550881514955,0.8901198238224381,0.05276473567094264,3.3027522935779814,RETROSPECTIVE_HISTORY_DIAGNOSTIC
2026-10-06,8478859,WINSOR_TOP_SOG_TO_SECOND_MAX,4.1928721174004195,3.593890386343217,-0.5989817310572025,0.8901198238224381,0.2911380927652356,3.3027522935779814,RETROSPECTIVE_HISTORY_DIAGNOSTIC
2026-10-06,8478864,REMOVE_MAX_SOG,9.634684865515856,9.085300880489037,-0.5493839850268198,2.4250720484264034,1.8756880633995836,7.209612817089453,RETROSPECTIVE_HISTORY_DIAGNOSTIC
2026-10-06,8478864,REMOVE_MAX_RATE,9.634684865515856,9.023561521751239,-0.6111233437646177,2.4250720484264034,1.8139487046617857,7.209612817089453,RETROSPECTIVE_HISTORY_DIAGNOSTIC
2026-10-06,8478864,WINSOR_TOP_SOG_TO_SECOND_MAX,9.634684865515856,9.634684865515856,0.0,2.4250720484264034,2.4250720484264034,7.209612817089453,RETROSPECTIVE_HISTORY_DIAGNOSTIC
2026-10-06,8478882,REMOVE_MAX_SOG,3.840351117816486,3.037820869829376,-0.8025302479871099,3.6079247442524793,4.41045499223959,7.448275862068965,RETROSPECTIVE_HISTORY_DIAGNOSTIC
2026-10-06,8478882,REMOVE_MAX_RATE,3.840351117816486,3.037820869829376,-0.8025302479871099,3.6079247442524793,4.41045499223959,7.448275862068965,RETROSPECTIVE_HISTORY_DIAGNOSTIC
2026-10-06,8478882,WINSOR_TOP_SOG_TO_SECOND_MAX,3.840351117816486,3.5660403236867366,-0.27431079412974935,3.6079247442524793,3.8822355383822287,7.448275862068965,RETROSPECTIVE_HISTORY_DIAGNOSTIC
2026-10-06,8478970,REMOVE_MAX_SOG,3.3714752758479776,2.3926170673350806,-0.978858208512897,4.797964966209511,5.7768231747224075,8.169440242057489,RETROSPECTIVE_HISTORY_DIAGNOSTIC
2026-10-06,8478970,REMOVE_MAX_RATE,3.3714752758479776,2.3926170673350806,-0.978858208512897,4.797964966209511,5.7768231747224075,8.169440242057489,RETROSPECTIVE_HISTORY_DIAGNOSTIC
2026-10-06,8478970,WINSOR_TOP_SOG_TO_SECOND_MAX,3.3714752758479776,2.7584797711483455,-0.612995504699632,4.797964966209511,5.410960470909143,8.169440242057489,RETROSPECTIVE_HISTORY_DIAGNOSTIC
2026-10-06,8479314,REMOVE_MAX_SOG,7.22298221614227,6.162025010572101,-1.060957205570169,1.6198693756753446,0.5589121701051756,5.603112840466926,RETROSPECTIVE_HISTORY_DIAGNOSTIC
2026-10-06,8479314,REMOVE_MAX_RATE,7.22298221614227,6.162025010572101,-1.060957205570169,1.6198693756753446,0.5589121701051756,5.603112840466926,RETROSPECTIVE_HISTORY_DIAGNOSTIC
2026-10-06,8479314,WINSOR_TOP_SOG_TO_SECOND_MAX,7.22298221614227,6.894664842681259,-0.32831737346101164,1.6198693756753446,1.291552002214333,5.603112840466926,RETROSPECTIVE_HISTORY_DIAGNOSTIC
2026-10-06,8479318,REMOVE_MAX_SOG,11.77682908876785,11.211255220927677,-0.5655738678401718,2.2340855500004526,1.6685116821602808,9.542743538767397,RETROSPECTIVE_HISTORY_DIAGNOSTIC
2026-10-06,8479318,REMOVE_MAX_RATE,11.77682908876785,11.056311311040053,-0.720517777727796,2.2340855500004526,1.5135677722726566,9.542743538767397,RETROSPECTIVE_HISTORY_DIAGNOSTIC
2026-10-06,8479318,WINSOR_TOP_SOG_TO_SECOND_MAX,11.77682908876785,11.77682908876785,0.0,2.2340855500004526,2.2340855500004526,9.542743538767397,RETROSPECTIVE_HISTORY_DIAGNOSTIC
2026-10-06,8479323,REMOVE_MAX_SOG,3.819570753001092,3.4419817470664924,-0.37758900593459943,3.819570753001092,3.4419817470664924,0.0,RETROSPECTIVE_HISTORY_DIAGNOSTIC
2026-10-06,8479323,REMOVE_MAX_RATE,3.819570753001092,3.3961099104661936,-0.42346084253489824,3.819570753001092,3.3961099104661936,0.0,RETROSPECTIVE_HISTORY_DIAGNOSTIC
2026-10-06,8479323,WINSOR_TOP_SOG_TO_SECOND_MAX,3.819570753001092,3.819570753001092,0.0,3.819570753001092,3.819570753001092,0.0,RETROSPECTIVE_HISTORY_DIAGNOSTIC
2026-10-06,8479324,REMOVE_MAX_SOG,2.059260954124242,1.4918878597625413,-0.5673730943617006,2.059260954124242,1.4918878597625413,0.0,RETROSPECTIVE_HISTORY_DIAGNOSTIC
2026-10-06,8479324,REMOVE_MAX_RATE,2.059260954124242,1.4918878597625413,-0.5673730943617006,2.059260954124242,1.4918878597625413,0.0,RETROSPECTIVE_HISTORY_DIAGNOSTIC
2026-10-06,8479324,WINSOR_TOP_SOG_TO_SECOND_MAX,2.059260954124242,1.7160507951035349,-0.34321015902070706,2.059260954124242,1.7160507951035349,0.0,RETROSPECTIVE_HISTORY_DIAGNOSTIC
2026-10-06,8479337,REMOVE_MAX_SOG,10.334568610052717,8.672024050413366,-1.6625445596393504,0.7345686100527171,0.9279759495866333,9.6,RETROSPECTIVE_HISTORY_DIAGNOSTIC
2026-10-06,8479337,REMOVE_MAX_RATE,10.334568610052717,8.672024050413366,-1.6625445596393504,0.7345686100527171,0.9279759495866333,9.6,RETROSPECTIVE_HISTORY_DIAGNOSTIC
2026-10-06,8479337,WINSOR_TOP_SOG_TO_SECOND_MAX,10.334568610052717,9.708231118534371,-0.6263374915183455,0.7345686100527171,0.10823111853437162,9.6,RETROSPECTIVE_HISTORY_DIAGNOSTIC
2026-10-06,8479343,REMOVE_MAX_SOG,6.969376979936641,6.290773532152842,-0.6786034477837983,2.8666885938338496,3.545292041617648,9.83606557377049,RETROSPECTIVE_HISTORY_DIAGNOSTIC
2026-10-06,8479343,REMOVE_MAX_RATE,6.969376979936641,6.290773532152842,-0.6786034477837983,2.8666885938338496,3.545292041617648,9.83606557377049,RETROSPECTIVE_HISTORY_DIAGNOSTIC
2026-10-06,8479343,WINSOR_TOP_SOG_TO_SECOND_MAX,6.969376979936641,6.652587117212248,-0.31678986272439236,2.8666885938338496,3.183478456558242,9.83606557377049,RETROSPECTIVE_HISTORY_DIAGNOSTIC
2026-10-06,8479346,REMOVE_MAX_SOG,2.8590488897360147,1.8915510718789408,-0.9674978178570739,2.8590488897360147,1.8915510718789408,0.0,RETROSPECTIVE_HISTORY_DIAGNOSTIC
2026-10-06,8479346,REMOVE_MAX_RATE,2.8590488897360147,1.8598884066955985,-0.9991604830404162,2.8590488897360147,1.8598884066955985,0.0,RETROSPECTIVE_HISTORY_DIAGNOSTIC
2026-10-06,8479346,WINSOR_TOP_SOG_TO_SECOND_MAX,2.8590488897360147,2.8590488897360147,0.0,2.8590488897360147,2.8590488897360147,0.0,RETROSPECTIVE_HISTORY_DIAGNOSTIC
2026-10-06,8479353,REMOVE_MAX_SOG,4.909056580023916,4.1689827682045575,-0.7400738118193582,4.909056580023916,4.1689827682045575,0.0,RETROSPECTIVE_HISTORY_DIAGNOSTIC
2026-10-06,8479353,REMOVE_MAX_RATE,4.909056580023916,4.1689827682045575,-0.7400738118193582,4.909056580023916,4.1689827682045575,0.0,RETROSPECTIVE_HISTORY_DIAGNOSTIC
2026-10-06,8479353,WINSOR_TOP_SOG_TO_SECOND_MAX,4.909056580023916,4.909056580023916,0.0,4.909056580023916,4.909056580023916,0.0,RETROSPECTIVE_HISTORY_DIAGNOSTIC
2026-10-06,8479359,REMOVE_MAX_SOG,2.639915522703274,1.7628048183331702,-0.8771107043701036,2.639915522703274,1.7628048183331702,0.0,RETROSPECTIVE_HISTORY_DIAGNOSTIC
2026-10-06,8479359,REMOVE_MAX_RATE,2.639915522703274,1.7628048183331702,-0.8771107043701036,2.639915522703274,1.7628048183331702,0.0,RETROSPECTIVE_HISTORY_DIAGNOSTIC
2026-10-06,8479359,WINSOR_TOP_SOG_TO_SECOND_MAX,2.639915522703274,2.1119324181626187,-0.5279831045406551,2.639915522703274,2.1119324181626187,0.0,RETROSPECTIVE_HISTORY_DIAGNOSTIC
2026-10-06,8479369,REMOVE_MAX_SOG,3.3467202141900945,2.542218994007627,-0.8045012201824675,3.3467202141900945,2.542218994007627,0.0,RETROSPECTIVE_HISTORY_DIAGNOSTIC
2026-10-06,8479369,REMOVE_MAX_RATE,3.3467202141900945,2.542218994007627,-0.8045012201824675,3.3467202141900945,2.542218994007627,0.0,RETROSPECTIVE_HISTORY_DIAGNOSTIC
2026-10-06,8479369,WINSOR_TOP_SOG_TO_SECOND_MAX,3.3467202141900945,3.012048192771085,-0.33467202141900954,3.3467202141900945,3.012048192771085,0.0,RETROSPECTIVE_HISTORY_DIAGNOSTIC
2026-10-06,8479378,REMOVE_MAX_SOG,5.1271938473673835,4.550280600637039,-0.5769132467303448,2.026418653568934,1.4495054068385893,3.1007751937984493,RETROSPECTIVE_HISTORY_DIAGNOSTIC
2026-10-06,8479378,REMOVE_MAX_RATE,5.1271938473673835,4.3218324569617526,-0.8053613904056309,2.026418653568934,1.2210572631633032,3.1007751937984493,RETROSPECTIVE_HISTORY_DIAGNOSTIC
2026-10-06,8479378,WINSOR_TOP_SOG_TO_SECOND_MAX,5.1271938473673835,5.1271938473673835,0.0,2.026418653568934,2.026418653568934,3.1007751937984493,RETROSPECTIVE_HISTORY_DIAGNOSTIC
2026-10-06,8479407,REMOVE_MAX_SOG,7.9991112098655694,6.803149606299212,-1.1959616035663574,1.6777767059147362,0.48181510234837877,6.321334503950833,RETROSPECTIVE_HISTORY_DIAGNOSTIC
2026-10-06,8479407,REMOVE_MAX_RATE,7.9991112098655694,6.731068868806482,-1.268042341059087,1.6777767059147362,0.40973436485564907,6.321334503950833,RETROSPECTIVE_HISTORY_DIAGNOSTIC
2026-10-06,8479407,WINSOR_TOP_SOG_TO_SECOND_MAX,7.9991112098655694,7.9991112098655694,0.0,1.6777767059147362,1.6777767059147362,6.321334503950833,RETROSPECTIVE_HISTORY_DIAGNOSTIC
2026-10-06,8479410,REMOVE_MAX_SOG,6.454282167976831,5.578022590991494,-0.876259576985337,1.5103196019346745,2.3865791789200115,7.964601769911505,RETROSPECTIVE_HISTORY_DIAGNOSTIC
2026-10-06,8479410,REMOVE_MAX_RATE,6.454282167976831,5.578022590991494,-0.876259576985337,1.5103196019346745,2.3865791789200115,7.964601769911505,RETROSPECTIVE_HISTORY_DIAGNOSTIC
2026-10-06,8479410,WINSOR_TOP_SOG_TO_SECOND_MAX,6.454282167976831,5.957798924286306,-0.4964832436905251,1.5103196019346745,2.0068028456251996,7.964601769911505,RETROSPECTIVE_HISTORY_DIAGNOSTIC
2026-10-06,8479420,REMOVE_MAX_SOG,10.915511798384077,9.535581847077522,-1.379929951306556,15.576720417478555,16.956650368785112,26.492232215862632,RETROSPECTIVE_HISTORY_DIAGNOSTIC
2026-10-06,8479420,REMOVE_MAX_RATE,10.915511798384077,9.535581847077522,-1.379929951306556,15.576720417478555,16.956650368785112,26.492232215862632,RETROSPECTIVE_HISTORY_DIAGNOSTIC
2026-10-06,8479420,WINSOR_TOP_SOG_TO_SECOND_MAX,10.915511798384077,10.594467333725722,-0.321044464658355,15.576720417478555,15.89776488213691,26.492232215862632,RETROSPECTIVE_HISTORY_DIAGNOSTIC
2026-10-06,8479442,REMOVE_MAX_SOG,2.7911304078151655,2.063628546861565,-0.7275018609536006,0.6704080537232961,1.3979099146768967,3.4615384615384617,RETROSPECTIVE_HISTORY_DIAGNOSTIC
2026-10-06,8479442,REMOVE_MAX_RATE,2.7911304078151655,2.063628546861565,-0.7275018609536006,0.6704080537232961,1.3979099146768967,3.4615384615384617,RETROSPECTIVE_HISTORY_DIAGNOSTIC
2026-10-06,8479442,WINSOR_TOP_SOG_TO_SECOND_MAX,2.7911304078151655,2.481004806946814,-0.3101256008683517,0.6704080537232961,0.9805336545916479,3.4615384615384617,RETROSPECTIVE_HISTORY_DIAGNOSTIC
2026-10-06,8479520,REMOVE_MAX_SOG,4.366459125090968,3.852504127682994,-0.5139549974079736,0.912133250275601,1.4260882476835746,5.278592375366569,RETROSPECTIVE_HISTORY_DIAGNOSTIC
2026-10-06,8479520,REMOVE_MAX_RATE,4.366459125090968,3.811598148652328,-0.5548609764386399,0.912133250275601,1.4669942267142408,5.278592375366569,RETROSPECTIVE_HISTORY_DIAGNOSTIC
2026-10-06,8479520,WINSOR_TOP_SOG_TO_SECOND_MAX,4.366459125090968,4.366459125090968,0.0,0.912133250275601,0.912133250275601,5.278592375366569,RETROSPECTIVE_HISTORY_DIAGNOSTIC
2026-10-06,8479525,REMOVE_MAX_SOG,6.771372143327376,5.084745762711864,-1.686626380615512,2.5550527271389445,4.2416791077544564,9.32642487046632,RETROSPECTIVE_HISTORY_DIAGNOSTIC
2026-10-06,8479525,REMOVE_MAX_RATE,6.771372143327376,5.541303232426887,-1.2300689109004894,2.5550527271389445,3.785121638039434,9.32642487046632,RETROSPECTIVE_HISTORY_DIAGNOSTIC
2026-10-06,8479525,WINSOR_TOP_SOG_TO_SECOND_MAX,6.771372143327376,6.207091131383428,-0.5642810119439483,2.5550527271389445,3.119333739082893,9.32642487046632,RETROSPECTIVE_HISTORY_DIAGNOSTIC
2026-10-06,8479619,REMOVE_MAX_SOG,7.095868135117157,6.380890052356021,-0.7149780827611361,9.519516480267455,10.234494563028592,16.615384615384613,RETROSPECTIVE_HISTORY_DIAGNOSTIC
2026-10-06,8479619,REMOVE_MAX_RATE,7.095868135117157,6.380890052356021,-0.7149780827611361,9.519516480267455,10.234494563028592,16.615384615384613,RETROSPECTIVE_HISTORY_DIAGNOSTIC
2026-10-06,8479619,WINSOR_TOP_SOG_TO_SECOND_MAX,7.095868135117157,7.095868135117157,0.0,9.519516480267455,9.519516480267455,16.615384615384613,RETROSPECTIVE_HISTORY_DIAGNOSTIC
2026-10-06,8479675,REMOVE_MAX_SOG,7.899191273274403,6.798385383471427,-1.1008058898029764,0.49178386586699574,0.6090220239359807,7.407407407407407,RETROSPECTIVE_HISTORY_DIAGNOSTIC
2026-10-06,8479675,REMOVE_MAX_RATE,7.899191273274403,6.798385383471427,-1.1008058898029764,0.49178386586699574,0.6090220239359807,7.407407407407407,RETROSPECTIVE_HISTORY_DIAGNOSTIC
2026-10-06,8479675,WINSOR_TOP_SOG_TO_SECOND_MAX,7.899191273274403,7.146887342486365,-0.7523039307880381,0.49178386586699574,0.2605200649210424,7.407407407407407,RETROSPECTIVE_HISTORY_DIAGNOSTIC
2026-10-06,8479941,REMOVE_MAX_SOG,5.763262893453525,4.492886263416258,-1.2703766300372665,5.763262893453525,4.492886263416258,0.0,RETROSPECTIVE_HISTORY_DIAGNOSTIC
2026-10-06,8479941,REMOVE_MAX_RATE,5.763262893453525,4.492886263416258,-1.2703766300372665,5.763262893453525,4.492886263416258,0.0,RETROSPECTIVE_HISTORY_DIAGNOSTIC
2026-10-06,8479941,WINSOR_TOP_SOG_TO_SECOND_MAX,5.763262893453525,4.876607063691443,-0.8866558297620815,5.763262893453525,4.876607063691443,0.0,RETROSPECTIVE_HISTORY_DIAGNOSTIC
2026-10-06,8479980,REMOVE_MAX_SOG,3.3855799373040756,2.527734868698216,-0.8578450686058594,0.2605799373040756,0.5972651313017838,3.125,RETROSPECTIVE_HISTORY_DIAGNOSTIC
2026-10-06,8479980,REMOVE_MAX_RATE,3.3855799373040756,2.527734868698216,-0.8578450686058594,0.2605799373040756,0.5972651313017838,3.125,RETROSPECTIVE_HISTORY_DIAGNOSTIC
2026-10-06,8479980,WINSOR_TOP_SOG_TO_SECOND_MAX,3.3855799373040756,3.0094043887147333,-0.3761755485893423,0.2605799373040756,0.11559561128526674,3.125,RETROSPECTIVE_HISTORY_DIAGNOSTIC
2026-10-06,8479985,REMOVE_MAX_SOG,3.9124764526880167,2.9491275497665272,-0.9633489029214894,0.17415869567867093,0.7891902072428185,3.7383177570093458,RETROSPECTIVE_HISTORY_DIAGNOSTIC
2026-10-06,8479985,REMOVE_MAX_RATE,3.9124764526880167,2.9491275497665272,-0.9633489029214894,0.17415869567867093,0.7891902072428185,3.7383177570093458,RETROSPECTIVE_HISTORY_DIAGNOSTIC
2026-10-06,8479985,WINSOR_TOP_SOG_TO_SECOND_MAX,3.9124764526880167,3.4777568468337927,-0.434719605854224,0.17415869567867093,0.26056091017555305,3.7383177570093458,RETROSPECTIVE_HISTORY_DIAGNOSTIC
2026-10-06,8479992,REMOVE_MAX_SOG,6.578947368421053,5.0834533593154285,-1.4954940091056246,6.578947368421053,5.0834533593154285,0.0,RETROSPECTIVE_HISTORY_DIAGNOSTIC
2026-10-06,8479992,REMOVE_MAX_RATE,6.578947368421053,5.0834533593154285,-1.4954940091056246,6.578947368421053,5.0834533593154285,0.0,RETROSPECTIVE_HISTORY_DIAGNOSTIC
2026-10-06,8479992,WINSOR_TOP_SOG_TO_SECOND_MAX,6.578947368421053,6.140350877192983,-0.4385964912280702,6.578947368421053,6.140350877192983,0.0,RETROSPECTIVE_HISTORY_DIAGNOSTIC
2026-10-06,8479996,REMOVE_MAX_SOG,5.351966104214673,4.282315622521808,-1.0696504816928654,5.351966104214673,4.282315622521808,0.0,RETROSPECTIVE_HISTORY_DIAGNOSTIC
2026-10-06,8479996,REMOVE_MAX_RATE,5.351966104214673,4.282315622521808,-1.0696504816928654,5.351966104214673,4.282315622521808,0.0,RETROSPECTIVE_HISTORY_DIAGNOSTIC
2026-10-06,8479996,WINSOR_TOP_SOG_TO_SECOND_MAX,5.351966104214673,5.351966104214673,0.0,5.351966104214673,5.351966104214673,0.0,RETROSPECTIVE_HISTORY_DIAGNOSTIC
2026-10-06,8479998,REMOVE_MAX_SOG,1.697072549851506,1.2449424214130096,-0.4521301284384964,1.697072549851506,1.2449424214130096,0.0,RETROSPECTIVE_HISTORY_DIAGNOSTIC
2026-10-06,8479998,REMOVE_MAX_RATE,1.697072549851506,1.2449424214130096,-0.4521301284384964,1.697072549851506,1.2449424214130096,0.0,RETROSPECTIVE_HISTORY_DIAGNOSTIC
2026-10-06,8479998,WINSOR_TOP_SOG_TO_SECOND_MAX,1.697072549851506,1.414227124876255,-0.282845424975251,1.697072549851506,1.414227124876255,0.0,RETROSPECTIVE_HISTORY_DIAGNOSTIC
2026-10-06,8480002,REMOVE_MAX_SOG,8.13347236704901,7.449890616685391,-0.6835817503636186,8.13347236704901,7.449890616685391,0.0,RETROSPECTIVE_HISTORY_DIAGNOSTIC
2026-10-06,8480002,REMOVE_MAX_RATE,8.13347236704901,7.54932799542465,-0.5841443716243591,8.13347236704901,7.54932799542465,0.0,RETROSPECTIVE_HISTORY_DIAGNOSTIC
2026-10-06,8480002,WINSOR_TOP_SOG_TO_SECOND_MAX,8.13347236704901,7.8206465067778925,-0.3128258602711167,8.13347236704901,7.8206465067778925,0.0,RETROSPECTIVE_HISTORY_DIAGNOSTIC
2026-10-06,8480003,REMOVE_MAX_SOG,6.380433337764189,5.800118976799525,-0.5803143609646639,5.843675320979444,6.423989681944108,12.224108658743633,RETROSPECTIVE_HISTORY_DIAGNOSTIC
2026-10-06,8480003,REMOVE_MAX_RATE,6.380433337764189,5.697173325542328,-0.6832600122218615,5.843675320979444,6.526935333201306,12.224108658743633,RETROSPECTIVE_HISTORY_DIAGNOSTIC
2026-10-06,8480003,WINSOR_TOP_SOG_TO_SECOND_MAX,6.380433337764189,6.380433337764189,0.0,5.843675320979444,5.843675320979444,12.224108658743633,RETROSPECTIVE_HISTORY_DIAGNOSTIC
2026-10-06,8480009,REMOVE_MAX_SOG,7.746933505487411,7.218479307025986,-0.528454198461425,7.746933505487411,7.218479307025986,0.0,RETROSPECTIVE_HISTORY_DIAGNOSTIC
2026-10-06,8480009,REMOVE_MAX_RATE,7.746933505487411,7.218479307025986,-0.528454198461425,7.746933505487411,7.218479307025986,0.0,RETROSPECTIVE_HISTORY_DIAGNOSTIC
2026-10-06,8480009,WINSOR_TOP_SOG_TO_SECOND_MAX,7.746933505487411,7.316548310738111,-0.4303851947493005,7.746933505487411,7.316548310738111,0.0,RETROSPECTIVE_HISTORY_DIAGNOSTIC
2026-10-06,8480018,REMOVE_MAX_SOG,7.589924100758993,7.165304839723446,-0.4246192610355468,2.0895421297887857,1.664922868753239,5.500381970970207,RETROSPECTIVE_HISTORY_DIAGNOSTIC
2026-10-06,8480018,REMOVE_MAX_RATE,7.589924100758993,6.97930696706257,-0.6106171336964232,2.0895421297887857,1.4789249960923625,5.500381970970207,RETROSPECTIVE_HISTORY_DIAGNOSTIC
2026-10-06,8480018,WINSOR_TOP_SOG_TO_SECOND_MAX,7.589924100758993,7.589924100758993,0.0,2.0895421297887857,2.0895421297887857,5.500381970970207,RETROSPECTIVE_HISTORY_DIAGNOSTIC
2026-10-06,8480023,REMOVE_MAX_SOG,4.121687929342492,2.941496895086611,-1.1801910342558815,4.651667066595769,5.83185810085165,8.773354995938261,RETROSPECTIVE_HISTORY_DIAGNOSTIC
2026-10-06,8480023,REMOVE_MAX_RATE,4.121687929342492,2.941496895086611,-1.1801910342558815,4.651667066595769,5.83185810085165,8.773354995938261,RETROSPECTIVE_HISTORY_DIAGNOSTIC
2026-10-06,8480023,WINSOR_TOP_SOG_TO_SECOND_MAX,4.121687929342492,3.532875368007851,-0.5888125613346413,4.651667066595769,5.2404796279304104,8.773354995938261,RETROSPECTIVE_HISTORY_DIAGNOSTIC
2026-10-06,8480064,REMOVE_MAX_SOG,7.024847144529725,6.089604175728577,-0.9352429688011483,7.024847144529725,6.089604175728577,0.0,RETROSPECTIVE_HISTORY_DIAGNOSTIC
2026-10-06,8480064,REMOVE_MAX_RATE,7.024847144529725,6.089604175728577,-0.9352429688011483,7.024847144529725,6.089604175728577,0.0,RETROSPECTIVE_HISTORY_DIAGNOSTIC
2026-10-06,8480064,WINSOR_TOP_SOG_TO_SECOND_MAX,7.024847144529725,6.244308572915312,-0.7805385716144135,7.024847144529725,6.244308572915312,0.0,RETROSPECTIVE_HISTORY_DIAGNOSTIC
2026-10-06,8480074,REMOVE_MAX_SOG,6.26359286646368,4.69769464984776,-1.5658982166159205,6.26359286646368,4.69769464984776,0.0,RETROSPECTIVE_HISTORY_DIAGNOSTIC
2026-10-06,8480074,REMOVE_MAX_RATE,6.26359286646368,5.925925925925926,-0.3376669405377548,6.26359286646368,5.925925925925926,0.0,RETROSPECTIVE_HISTORY_DIAGNOSTIC
2026-10-06,8480074,WINSOR_TOP_SOG_TO_SECOND_MAX,6.26359286646368,5.741626794258374,-0.5219660722053066,6.26359286646368,5.741626794258374,0.0,RETROSPECTIVE_HISTORY_DIAGNOSTIC
2026-10-06,8480075,REMOVE_MAX_SOG,3.0049366816913503,2.3393636930754838,-0.6655729886158666,3.0049366816913503,2.3393636930754838,0.0,RETROSPECTIVE_HISTORY_DIAGNOSTIC
2026-10-06,8480075,REMOVE_MAX_RATE,3.0049366816913503,2.3393636930754838,-0.6655729886158666,3.0049366816913503,2.3393636930754838,0.0,RETROSPECTIVE_HISTORY_DIAGNOSTIC
2026-10-06,8480075,WINSOR_TOP_SOG_TO_SECOND_MAX,3.0049366816913503,2.5756600128783003,-0.42927666881305004,3.0049366816913503,2.5756600128783003,0.0,RETROSPECTIVE_HISTORY_DIAGNOSTIC
2026-10-06,8480185,REMOVE_MAX_SOG,5.155904738521973,4.506657562307954,-0.6492471762140193,2.4793020483285035,3.128549224542523,7.6352067868504765,RETROSPECTIVE_HISTORY_DIAGNOSTIC
2026-10-06,8480185,REMOVE_MAX_RATE,5.155904738521973,4.506657562307954,-0.6492471762140193,2.4793020483285035,3.128549224542523,7.6352067868504765,RETROSPECTIVE_HISTORY_DIAGNOSTIC
2026-10-06,8480185,WINSOR_TOP_SOG_TO_SECOND_MAX,5.155904738521973,5.155904738521973,0.0,2.4793020483285035,2.4793020483285035,7.6352067868504765,RETROSPECTIVE_HISTORY_DIAGNOSTIC
2026-10-06,8480188,REMOVE_MAX_SOG,7.668711656441718,6.889292890632476,-0.7794187658092415,7.668711656441718,6.889292890632476,0.0,RETROSPECTIVE_HISTORY_DIAGNOSTIC
2026-10-06,8480188,REMOVE_MAX_RATE,7.668711656441718,6.889292890632476,-0.7794187658092415,7.668711656441718,6.889292890632476,0.0,RETROSPECTIVE_HISTORY_DIAGNOSTIC
2026-10-06,8480188,WINSOR_TOP_SOG_TO_SECOND_MAX,7.668711656441718,7.157464212678938,-0.5112474437627803,7.668711656441718,7.157464212678938,0.0,RETROSPECTIVE_HISTORY_DIAGNOSTIC
2026-10-06,8480208,REMOVE_MAX_SOG,6.294256490952005,5.3392658509454956,-0.9549906400065096,0.716454317227158,1.6714449572336676,7.010710808179163,RETROSPECTIVE_HISTORY_DIAGNOSTIC
2026-10-06,8480208,REMOVE_MAX_RATE,6.294256490952005,5.3392658509454956,-0.9549906400065096,0.716454317227158,1.6714449572336676,7.010710808179163,RETROSPECTIVE_HISTORY_DIAGNOSTIC
2026-10-06,8480208,WINSOR_TOP_SOG_TO_SECOND_MAX,6.294256490952005,5.9008654602675055,-0.39339103068449965,0.716454317227158,1.1098453479116577,7.010710808179163,RETROSPECTIVE_HISTORY_DIAGNOSTIC
2026-10-06,8480246,REMOVE_MAX_SOG,2.4748099699487356,2.0337604230221684,-0.44104954692656717,0.40749587472700544,0.8485454216535726,2.882305844675741,RETROSPECTIVE_HISTORY_DIAGNOSTIC
2026-10-06,8480246,REMOVE_MAX_RATE,2.4748099699487356,2.0337604230221684,-0.44104954692656717,0.40749587472700544,0.8485454216535726,2.882305844675741,RETROSPECTIVE_HISTORY_DIAGNOSTIC
2026-10-06,8480246,WINSOR_TOP_SOG_TO_SECOND_MAX,2.4748099699487356,2.1212656885274876,-0.35354428142124794,0.40749587472700544,0.7610401561482534,2.882305844675741,RETROSPECTIVE_HISTORY_DIAGNOSTIC
2026-10-06,8480336,REMOVE_MAX_SOG,5.680473372781066,5.131494547787042,-0.5489788249940233,2.729653700649918,2.1806748756558947,2.9508196721311477,RETROSPECTIVE_HISTORY_DIAGNOSTIC
2026-10-06,8480336,REMOVE_MAX_RATE,5.680473372781066,5.131494547787042,-0.5489788249940233,2.729653700649918,2.1806748756558947,2.9508196721311477,RETROSPECTIVE_HISTORY_DIAGNOSTIC
2026-10-06,8480336,WINSOR_TOP_SOG_TO_SECOND_MAX,5.680473372781066,5.396449704142013,-0.28402366863905293,2.729653700649918,2.445630032010865,2.9508196721311477,RETROSPECTIVE_HISTORY_DIAGNOSTIC
2026-10-06,8480434,REMOVE_MAX_SOG,4.704160568680746,3.094733222534243,-1.6094273461465027,4.704160568680746,3.094733222534243,0.0,RETROSPECTIVE_HISTORY_DIAGNOSTIC
2026-10-06,8480434,REMOVE_MAX_RATE,4.704160568680746,3.094733222534243,-1.6094273461465027,4.704160568680746,3.094733222534243,0.0,RETROSPECTIVE_HISTORY_DIAGNOSTIC
2026-10-06,8480434,WINSOR_TOP_SOG_TO_SECOND_MAX,4.704160568680746,3.44971775036588,-1.2544428183148661,4.704160568680746,3.44971775036588,0.0,RETROSPECTIVE_HISTORY_DIAGNOSTIC
2026-10-06,8480459,REMOVE_MAX_SOG,4.440557088071049,3.1294240369570074,-1.3111330511140418,4.440557088071049,3.1294240369570074,0.0,RETROSPECTIVE_HISTORY_DIAGNOSTIC
2026-10-06,8480459,REMOVE_MAX_RATE,4.440557088071049,3.1294240369570074,-1.3111330511140418,4.440557088071049,3.1294240369570074,0.0,RETROSPECTIVE_HISTORY_DIAGNOSTIC
2026-10-06,8480459,WINSOR_TOP_SOG_TO_SECOND_MAX,4.440557088071049,3.633183072058131,-0.8073740160129184,4.440557088071049,3.633183072058131,0.0,RETROSPECTIVE_HISTORY_DIAGNOSTIC
2026-10-06,8480762,REMOVE_MAX_SOG,5.52655818237642,4.648760330578512,-0.8777978517979079,1.9268579666919017,2.8046558184898096,7.453416149068322,RETROSPECTIVE_HISTORY_DIAGNOSTIC
2026-10-06,8480762,REMOVE_MAX_RATE,5.52655818237642,4.648760330578512,-0.8777978517979079,1.9268579666919017,2.8046558184898096,7.453416149068322,RETROSPECTIVE_HISTORY_DIAGNOSTIC
2026-10-06,8480762,WINSOR_TOP_SOG_TO_SECOND_MAX,5.52655818237642,5.066011667178385,-0.46054651519803524,1.9268579666919017,2.387404481889937,7.453416149068322,RETROSPECTIVE_HISTORY_DIAGNOSTIC
2026-10-06,8480800,REMOVE_MAX_SOG,5.3791557713858795,4.746044962531223,-0.6331108088546564,3.345257466301134,2.7121466574464774,2.0338983050847457,RETROSPECTIVE_HISTORY_DIAGNOSTIC
2026-10-06,8480800,REMOVE_MAX_RATE,5.3791557713858795,4.746044962531223,-0.6331108088546564,3.345257466301134,2.7121466574464774,2.0338983050847457,RETROSPECTIVE_HISTORY_DIAGNOSTIC
2026-10-06,8480800,WINSOR_TOP_SOG_TO_SECOND_MAX,5.3791557713858795,5.155024280911468,-0.22413149047441117,3.345257466301134,3.1211259758267227,2.0338983050847457,RETROSPECTIVE_HISTORY_DIAGNOSTIC
2026-10-06,8480801,REMOVE_MAX_SOG,13.732670677478419,12.106363046768033,-1.6263076307103859,6.755926491431907,5.129618860721521,6.976744186046512,RETROSPECTIVE_HISTORY_DIAGNOSTIC
2026-10-06,8480801,REMOVE_MAX_RATE,13.732670677478419,12.106363046768033,-1.6263076307103859,6.755926491431907,5.129618860721521,6.976744186046512,RETROSPECTIVE_HISTORY_DIAGNOSTIC
2026-10-06,8480801,WINSOR_TOP_SOG_TO_SECOND_MAX,13.732670677478419,13.732670677478419,0.0,6.755926491431907,6.755926491431907,6.976744186046512,RETROSPECTIVE_HISTORY_DIAGNOSTIC
2026-10-06,8480802,REMOVE_MAX_SOG,3.642544924720738,2.81369330742949,-0.8288516172912481,0.5679813910687352,1.3968330083599834,4.2105263157894735,RETROSPECTIVE_HISTORY_DIAGNOSTIC
2026-10-06,8480802,REMOVE_MAX_RATE,3.642544924720738,2.81369330742949,-0.8288516172912481,0.5679813910687352,1.3968330083599834,4.2105263157894735,RETROSPECTIVE_HISTORY_DIAGNOSTIC
2026-10-06,8480802,WINSOR_TOP_SOG_TO_SECOND_MAX,3.642544924720738,3.2782904322486646,-0.36425449247207364,0.5679813910687352,0.9322358835408089,4.2105263157894735,RETROSPECTIVE_HISTORY_DIAGNOSTIC
2026-10-06,8480807,REMOVE_MAX_SOG,3.621912571054882,3.1680658957706322,-0.4538466752842498,1.6683152026409291,2.122161877925179,5.290227773695811,RETROSPECTIVE_HISTORY_DIAGNOSTIC
2026-10-06,8480807,REMOVE_MAX_RATE,3.621912571054882,3.1680658957706322,-0.4538466752842498,1.6683152026409291,2.122161877925179,5.290227773695811,RETROSPECTIVE_HISTORY_DIAGNOSTIC
2026-10-06,8480807,WINSOR_TOP_SOG_TO_SECOND_MAX,3.621912571054882,3.621912571054882,0.0,1.6683152026409291,1.6683152026409291,5.290227773695811,RETROSPECTIVE_HISTORY_DIAGNOSTIC
2026-10-06,8480817,REMOVE_MAX_SOG,2.9790115098171968,1.485001485001485,-1.4940100248157118,5.153518610664731,6.647528635480443,8.132530120481928,RETROSPECTIVE_HISTORY_DIAGNOSTIC
2026-10-06,8480817,REMOVE_MAX_RATE,2.9790115098171968,1.485001485001485,-1.4940100248157118,5.153518610664731,6.647528635480443,8.132530120481928,RETROSPECTIVE_HISTORY_DIAGNOSTIC
2026-10-06,8480817,WINSOR_TOP_SOG_TO_SECOND_MAX,2.9790115098171968,1.895734597156398,-1.0832769126607988,5.153518610664731,6.2367955233255294,8.132530120481928,RETROSPECTIVE_HISTORY_DIAGNOSTIC
2026-10-06,8480829,REMOVE_MAX_SOG,4.056109514956903,2.535068446848065,-1.521041068108838,4.056109514956903,2.535068446848065,0.0,RETROSPECTIVE_HISTORY_DIAGNOSTIC
2026-10-06,8480829,REMOVE_MAX_RATE,4.056109514956903,3.8720383516179586,-0.18407116333894447,4.056109514956903,3.8720383516179586,0.0,RETROSPECTIVE_HISTORY_DIAGNOSTIC
2026-10-06,8480829,WINSOR_TOP_SOG_TO_SECOND_MAX,4.056109514956903,3.0420821362176778,-1.0140273787392253,4.056109514956903,3.0420821362176778,0.0,RETROSPECTIVE_HISTORY_DIAGNOSTIC
2026-10-06,8480830,REMOVE_MAX_SOG,11.082643150807366,10.136504933099069,-0.9461382177082971,0.5870163286499306,0.3591218890583665,10.495626822157435,RETROSPECTIVE_HISTORY_DIAGNOSTIC
2026-10-06,8480830,REMOVE_MAX_RATE,11.082643150807366,10.226155358898724,-0.8564877919086413,0.5870163286499306,0.26947146325871074,10.495626822157435,RETROSPECTIVE_HISTORY_DIAGNOSTIC
2026-10-06,8480830,WINSOR_TOP_SOG_TO_SECOND_MAX,11.082643150807366,10.725138533039386,-0.3575046177679795,0.5870163286499306,0.2295117108819511,10.495626822157435,RETROSPECTIVE_HISTORY_DIAGNOSTIC
2026-10-06,8480835,REMOVE_MAX_SOG,5.927877490531863,4.841746615260468,-1.0861308752713947,2.073487768904454,0.9873568936330592,3.854389721627409,RETROSPECTIVE_HISTORY_DIAGNOSTIC
2026-10-06,8480835,REMOVE_MAX_RATE,5.927877490531863,4.841746615260468,-1.0861308752713947,2.073487768904454,0.9873568936330592,3.854389721627409,RETROSPECTIVE_HISTORY_DIAGNOSTIC
2026-10-06,8480835,WINSOR_TOP_SOG_TO_SECOND_MAX,5.927877490531863,5.927877490531863,0.0,2.073487768904454,2.073487768904454,3.854389721627409,RETROSPECTIVE_HISTORY_DIAGNOSTIC
2026-10-06,8480839,REMOVE_MAX_SOG,5.637893477982318,5.188316679477325,-0.4495767985049923,0.5159526758638355,0.9655294743688279,6.153846153846153,RETROSPECTIVE_HISTORY_DIAGNOSTIC
2026-10-06,8480839,REMOVE_MAX_RATE,5.637893477982318,5.188316679477325,-0.4495767985049923,0.5159526758638355,0.9655294743688279,6.153846153846153,RETROSPECTIVE_HISTORY_DIAGNOSTIC
2026-10-06,8480839,WINSOR_TOP_SOG_TO_SECOND_MAX,5.637893477982318,5.381625592619486,-0.2562678853628322,0.5159526758638355,0.7722205612266677,6.153846153846153,RETROSPECTIVE_HISTORY_DIAGNOSTIC
2026-10-06,8480849,REMOVE_MAX_SOG,5.7293962097840465,4.414650098103335,-1.3147461116807113,3.781832323901553,5.0965784355822645,9.5112285336856,RETROSPECTIVE_HISTORY_DIAGNOSTIC
2026-10-06,8480849,REMOVE_MAX_RATE,5.7293962097840465,4.414650098103335,-1.3147461116807113,3.781832323901553,5.0965784355822645,9.5112285336856,RETROSPECTIVE_HISTORY_DIAGNOSTIC
2026-10-06,8480849,WINSOR_TOP_SOG_TO_SECOND_MAX,5.7293962097840465,5.288673424416042,-0.44072278536800447,3.781832323901553,4.222555109269558,9.5112285336856,RETROSPECTIVE_HISTORY_DIAGNOSTIC
2026-10-06,8480855,REMOVE_MAX_SOG,4.068716094032549,3.045685279187817,-1.023030814844732,0.4767384514219968,1.4997692662667288,4.545454545454546,RETROSPECTIVE_HISTORY_DIAGNOSTIC
2026-10-06,8480855,REMOVE_MAX_RATE,4.068716094032549,3.045685279187817,-1.023030814844732,0.4767384514219968,1.4997692662667288,4.545454545454546,RETROSPECTIVE_HISTORY_DIAGNOSTIC
2026-10-06,8480855,WINSOR_TOP_SOG_TO_SECOND_MAX,4.068716094032549,3.616636528028933,-0.4520795660036159,0.4767384514219968,0.9288180174256127,4.545454545454546,RETROSPECTIVE_HISTORY_DIAGNOSTIC
2026-10-06,8480865,REMOVE_MAX_SOG,3.8705835649067084,3.3575825405707893,-0.5130010243359191,1.0710773822449728,1.584078406580892,4.941660947151681,RETROSPECTIVE_HISTORY_DIAGNOSTIC
2026-10-06,8480865,REMOVE_MAX_RATE,3.8705835649067084,3.3575825405707893,-0.5130010243359191,1.0710773822449728,1.584078406580892,4.941660947151681,RETROSPECTIVE_HISTORY_DIAGNOSTIC
2026-10-06,8480865,WINSOR_TOP_SOG_TO_SECOND_MAX,3.8705835649067084,3.8705835649067084,0.0,1.0710773822449728,1.0710773822449728,4.941660947151681,RETROSPECTIVE_HISTORY_DIAGNOSTIC
2026-10-06,8480870,REMOVE_MAX_SOG,2.998072667570847,2.489213408562894,-0.508859259007953,2.998072667570847,2.489213408562894,0.0,RETROSPECTIVE_HISTORY_DIAGNOSTIC
2026-10-06,8480870,REMOVE_MAX_RATE,2.998072667570847,2.7124773960216997,-0.28559527154914743,2.998072667570847,2.7124773960216997,0.0,RETROSPECTIVE_HISTORY_DIAGNOSTIC
2026-10-06,8480870,WINSOR_TOP_SOG_TO_SECOND_MAX,2.998072667570847,2.5697765722035832,-0.4282960953672639,2.998072667570847,2.5697765722035832,0.0,RETROSPECTIVE_HISTORY_DIAGNOSTIC
2026-10-06,8480893,REMOVE_MAX_SOG,8.634424628668345,8.254987388213713,-0.37943724045463156,0.29465628890000595,0.08478095155462562,8.339768339768339,RETROSPECTIVE_HISTORY_DIAGNOSTIC
2026-10-06,8480893,REMOVE_MAX_RATE,8.634424628668345,8.1186220894176,-0.5158025392507444,0.29465628890000595,0.22114625035073843,8.339768339768339,RETROSPECTIVE_HISTORY_DIAGNOSTIC
2026-10-06,8480893,WINSOR_TOP_SOG_TO_SECOND_MAX,8.634424628668345,8.634424628668345,0.0,0.29465628890000595,0.29465628890000595,8.339768339768339,RETROSPECTIVE_HISTORY_DIAGNOSTIC
2026-10-06,8480990,REMOVE_MAX_SOG,2.1116351094530863,1.411321938215462,-0.7003131712376243,2.1116351094530863,1.411321938215462,0.0,RETROSPECTIVE_HISTORY_DIAGNOSTIC
2026-10-06,8480990,REMOVE_MAX_RATE,2.1116351094530863,1.411321938215462,-0.7003131712376243,2.1116351094530863,1.411321938215462,0.0,RETROSPECTIVE_HISTORY_DIAGNOSTIC
2026-10-06,8480990,WINSOR_TOP_SOG_TO_SECOND_MAX,2.1116351094530863,1.6893080875624693,-0.422327021890617,2.1116351094530863,1.6893080875624693,0.0,RETROSPECTIVE_HISTORY_DIAGNOSTIC
2026-10-06,8481013,REMOVE_MAX_SOG,6.1349693251533735,5.458680818802123,-0.6762885063512503,2.3375009707229943,1.661212464371744,3.797468354430379,RETROSPECTIVE_HISTORY_DIAGNOSTIC
2026-10-06,8481013,REMOVE_MAX_RATE,6.1349693251533735,5.32072125332545,-0.8142480718279232,2.3375009707229943,1.523252898895071,3.797468354430379,RETROSPECTIVE_HISTORY_DIAGNOSTIC
2026-10-06,8481013,WINSOR_TOP_SOG_TO_SECOND_MAX,6.1349693251533735,6.1349693251533735,0.0,2.3375009707229943,2.3375009707229943,3.797468354430379,RETROSPECTIVE_HISTORY_DIAGNOSTIC
2026-10-06,8481014,REMOVE_MAX_SOG,4.226415094339623,3.7057832678270635,-0.5206318265125591,0.2735849056603774,0.7942167321729365,4.5,RETROSPECTIVE_HISTORY_DIAGNOSTIC
2026-10-06,8481014,REMOVE_MAX_RATE,4.226415094339623,3.7057832678270635,-0.5206318265125591,0.2735849056603774,0.7942167321729365,4.5,RETROSPECTIVE_HISTORY_DIAGNOSTIC
2026-10-06,8481014,WINSOR_TOP_SOG_TO_SECOND_MAX,4.226415094339623,3.9245283018867925,-0.3018867924528301,0.2735849056603774,0.5754716981132075,4.5,RETROSPECTIVE_HISTORY_DIAGNOSTIC
2026-10-06,8481522,REMOVE_MAX_SOG,6.183442116111301,5.555555555555556,-0.6278865605557451,2.2746473278376858,1.6467607672819407,3.9087947882736156,RETROSPECTIVE_HISTORY_DIAGNOSTIC
2026-10-06,8481522,REMOVE_MAX_RATE,6.183442116111301,5.555555555555556,-0.6278865605557451,2.2746473278376858,1.6467607672819407,3.9087947882736156,RETROSPECTIVE_HISTORY_DIAGNOSTIC
2026-10-06,8481522,WINSOR_TOP_SOG_TO_SECOND_MAX,6.183442116111301,5.771212641703881,-0.41222947440741997,2.2746473278376858,1.8624178534302658,3.9087947882736156,RETROSPECTIVE_HISTORY_DIAGNOSTIC
2026-10-06,8481523,REMOVE_MAX_SOG,3.857590613196175,2.7800945232137892,-1.0774960899823856,3.857590613196175,2.7800945232137892,0.0,RETROSPECTIVE_HISTORY_DIAGNOSTIC
2026-10-06,8481523,REMOVE_MAX_RATE,3.857590613196175,2.7800945232137892,-1.0774960899823856,3.857590613196175,2.7800945232137892,0.0,RETROSPECTIVE_HISTORY_DIAGNOSTIC
2026-10-06,8481523,WINSOR_TOP_SOG_TO_SECOND_MAX,3.857590613196175,2.893192959897131,-0.9643976532990437,3.857590613196175,2.893192959897131,0.0,RETROSPECTIVE_HISTORY_DIAGNOSTIC
2026-10-06,8481524,REMOVE_MAX_SOG,2.404488378306172,1.1936735302894659,-1.210814848016706,3.207358854741373,4.418173702758079,5.611847233047545,RETROSPECTIVE_HISTORY_DIAGNOSTIC
2026-10-06,8481524,REMOVE_MAX_RATE,2.404488378306172,1.1936735302894659,-1.210814848016706,3.207358854741373,4.418173702758079,5.611847233047545,RETROSPECTIVE_HISTORY_DIAGNOSTIC
2026-10-06,8481524,WINSOR_TOP_SOG_TO_SECOND_MAX,2.404488378306172,1.6029922522041145,-0.8014961261020574,3.207358854741373,4.008854980843431,5.611847233047545,RETROSPECTIVE_HISTORY_DIAGNOSTIC
2026-10-06,8481528,REMOVE_MAX_SOG,10.123734533183354,9.76023764056864,-0.3634968926147142,7.330871848931997,6.967374956317283,2.7928626842513573,RETROSPECTIVE_HISTORY_DIAGNOSTIC
2026-10-06,8481528,REMOVE_MAX_RATE,10.123734533183354,9.605345583629152,-0.5183889495542022,7.330871848931997,6.812482899377795,2.7928626842513573,RETROSPECTIVE_HISTORY_DIAGNOSTIC
2026-10-06,8481528,WINSOR_TOP_SOG_TO_SECOND_MAX,10.123734533183354,10.123734533183354,0.0,7.330871848931997,7.330871848931997,2.7928626842513573,RETROSPECTIVE_HISTORY_DIAGNOSTIC
2026-10-06,8481532,REMOVE_MAX_SOG,4.53857791225416,3.406510219530659,-1.1320676927235014,4.53857791225416,3.406510219530659,0.0,RETROSPECTIVE_HISTORY_DIAGNOSTIC
2026-10-06,8481532,REMOVE_MAX_RATE,4.53857791225416,3.406510219530659,-1.1320676927235014,4.53857791225416,3.406510219530659,0.0,RETROSPECTIVE_HISTORY_DIAGNOSTIC
2026-10-06,8481532,WINSOR_TOP_SOG_TO_SECOND_MAX,4.53857791225416,4.034291477559253,-0.5042864346949072,4.53857791225416,4.034291477559253,0.0,RETROSPECTIVE_HISTORY_DIAGNOSTIC
2026-10-06,8481535,REMOVE_MAX_SOG,4.828585224529213,4.261363636363637,-0.5672215881655767,6.456681233151038,7.023902821316614,11.285266457680251,RETROSPECTIVE_HISTORY_DIAGNOSTIC
2026-10-06,8481535,REMOVE_MAX_RATE,4.828585224529213,4.261363636363637,-0.5672215881655767,6.456681233151038,7.023902821316614,11.285266457680251,RETROSPECTIVE_HISTORY_DIAGNOSTIC
2026-10-06,8481535,WINSOR_TOP_SOG_TO_SECOND_MAX,4.828585224529213,4.828585224529213,0.0,6.456681233151038,6.456681233151038,11.285266457680251,RETROSPECTIVE_HISTORY_DIAGNOSTIC
2026-10-06,8481540,REMOVE_MAX_SOG,12.309177577988292,9.973680565175233,-2.335497012813059,9.55055688833312,7.21505987552006,2.7586206896551726,RETROSPECTIVE_HISTORY_DIAGNOSTIC
2026-10-06,8481540,REMOVE_MAX_RATE,12.309177577988292,9.973680565175233,-2.335497012813059,9.55055688833312,7.21505987552006,2.7586206896551726,RETROSPECTIVE_HISTORY_DIAGNOSTIC
2026-10-06,8481540,WINSOR_TOP_SOG_TO_SECOND_MAX,12.309177577988292,10.49900440475472,-1.8101731732335722,9.55055688833312,7.740383715099547,2.7586206896551726,RETROSPECTIVE_HISTORY_DIAGNOSTIC
2026-10-06,8481542,REMOVE_MAX_SOG,6.003361882654286,4.8147652801925895,-1.188596602461696,1.4914333984005372,2.6800300008622333,7.494795281054823,RETROSPECTIVE_HISTORY_DIAGNOSTIC
2026-10-06,8481542,REMOVE_MAX_RATE,6.003361882654286,4.8147652801925895,-1.188596602461696,1.4914333984005372,2.6800300008622333,7.494795281054823,RETROSPECTIVE_HISTORY_DIAGNOSTIC
2026-10-06,8481542,WINSOR_TOP_SOG_TO_SECOND_MAX,6.003361882654286,5.282958456735772,-0.7204034259185139,1.4914333984005372,2.211836824319051,7.494795281054823,RETROSPECTIVE_HISTORY_DIAGNOSTIC
2026-10-06,8481553,REMOVE_MAX_SOG,5.257393209200437,4.473902236951118,-0.7834909722493189,3.5878156360084077,4.3713066082577265,8.845208845208845,RETROSPECTIVE_HISTORY_DIAGNOSTIC
2026-10-06,8481553,REMOVE_MAX_RATE,5.257393209200437,4.473902236951118,-0.7834909722493189,3.5878156360084077,4.3713066082577265,8.845208845208845,RETROSPECTIVE_HISTORY_DIAGNOSTIC
2026-10-06,8481553,WINSOR_TOP_SOG_TO_SECOND_MAX,5.257393209200437,4.8192771084337345,-0.4381161007667025,3.5878156360084077,4.02593173677511,8.845208845208845,RETROSPECTIVE_HISTORY_DIAGNOSTIC
2026-10-06,8481554,REMOVE_MAX_SOG,1.2357544967733074,0.9313877677739832,-0.30436672899932415,6.791001356069502,7.095368085068826,8.02675585284281,RETROSPECTIVE_HISTORY_DIAGNOSTIC
2026-10-06,8481554,REMOVE_MAX_RATE,1.2357544967733074,0.9054553685957897,-0.3302991281775177,6.791001356069502,7.12130048424702,8.02675585284281,RETROSPECTIVE_HISTORY_DIAGNOSTIC
2026-10-06,8481554,WINSOR_TOP_SOG_TO_SECOND_MAX,1.2357544967733074,1.2357544967733074,0.0,6.791001356069502,6.791001356069502,8.02675585284281,RETROSPECTIVE_HISTORY_DIAGNOSTIC
2026-10-06,8481557,REMOVE_MAX_SOG,11.819198211148379,10.808926080892608,-1.0102721302557711,6.12951973756957,7.139791867825341,17.94871794871795,RETROSPECTIVE_HISTORY_DIAGNOSTIC
2026-10-06,8481557,REMOVE_MAX_RATE,11.819198211148379,10.808926080892608,-1.0102721302557711,6.12951973756957,7.139791867825341,17.94871794871795,RETROSPECTIVE_HISTORY_DIAGNOSTIC
2026-10-06,8481557,WINSOR_TOP_SOG_TO_SECOND_MAX,11.819198211148379,11.49976042165788,-0.3194377894904985,6.12951973756957,6.4489575270600685,17.94871794871795,RETROSPECTIVE_HISTORY_DIAGNOSTIC
2026-10-06,8481559,REMOVE_MAX_SOG,10.63532045899804,9.963674104826154,-0.6716463541718856,3.2965680858936004,3.968214440065486,13.93188854489164,RETROSPECTIVE_HISTORY_DIAGNOSTIC
2026-10-06,8481559,REMOVE_MAX_RATE,10.63532045899804,9.963674104826154,-0.6716463541718856,3.2965680858936004,3.968214440065486,13.93188854489164,RETROSPECTIVE_HISTORY_DIAGNOSTIC
2026-10-06,8481559,WINSOR_TOP_SOG_TO_SECOND_MAX,10.63532045899804,10.355443604813882,-0.27987685418415786,3.2965680858936004,3.5764449400777583,13.93188854489164,RETROSPECTIVE_HISTORY_DIAGNOSTIC
2026-10-06,8481568,REMOVE_MAX_SOG,3.5684194875353126,2.966218071958253,-0.6022014155770594,0.8161259095536613,0.21392449397660185,2.7522935779816513,RETROSPECTIVE_HISTORY_DIAGNOSTIC
2026-10-06,8481568,REMOVE_MAX_RATE,3.5684194875353126,2.966218071958253,-0.6022014155770594,0.8161259095536613,0.21392449397660185,2.7522935779816513,RETROSPECTIVE_HISTORY_DIAGNOSTIC
2026-10-06,8481568,WINSOR_TOP_SOG_TO_SECOND_MAX,3.5684194875353126,3.27105119690737,-0.2973682906279427,0.8161259095536613,0.5187576189257186,2.7522935779816513,RETROSPECTIVE_HISTORY_DIAGNOSTIC
2026-10-06,8481580,REMOVE_MAX_SOG,5.277376390023245,3.7730575740637224,-1.5043188159595227,11.498019695717666,13.00233851167719,16.775396085740912,RETROSPECTIVE_HISTORY_DIAGNOSTIC
2026-10-06,8481580,REMOVE_MAX_RATE,5.277376390023245,3.7730575740637224,-1.5043188159595227,11.498019695717666,13.00233851167719,16.775396085740912,RETROSPECTIVE_HISTORY_DIAGNOSTIC
2026-10-06,8481580,WINSOR_TOP_SOG_TO_SECOND_MAX,5.277376390023245,4.14651002073255,-1.130866369290695,11.498019695717666,12.628886065008363,16.775396085740912,RETROSPECTIVE_HISTORY_DIAGNOSTIC
2026-10-06,8481593,REMOVE_MAX_SOG,2.738118521415998,1.5646391550948562,-1.1734793663211418,2.738118521415998,1.5646391550948562,0.0,RETROSPECTIVE_HISTORY_DIAGNOSTIC
2026-10-06,8481593,REMOVE_MAX_RATE,2.738118521415998,2.640070401877383,-0.09804811953861492,2.738118521415998,2.640070401877383,0.0,RETROSPECTIVE_HISTORY_DIAGNOSTIC
2026-10-06,8481593,WINSOR_TOP_SOG_TO_SECOND_MAX,2.738118521415998,1.95579894386857,-0.7823195775474281,2.738118521415998,1.95579894386857,0.0,RETROSPECTIVE_HISTORY_DIAGNOSTIC
2026-10-06,8481596,REMOVE_MAX_SOG,6.985294117647059,6.304728546409807,-0.6805655712372518,3.3744616201545816,2.69389604891733,3.6108324974924773,RETROSPECTIVE_HISTORY_DIAGNOSTIC
2026-10-06,8481596,REMOVE_MAX_RATE,6.985294117647059,6.304728546409807,-0.6805655712372518,3.3744616201545816,2.69389604891733,3.6108324974924773,RETROSPECTIVE_HISTORY_DIAGNOSTIC
2026-10-06,8481596,WINSOR_TOP_SOG_TO_SECOND_MAX,6.985294117647059,6.985294117647059,0.0,3.3744616201545816,3.3744616201545816,3.6108324974924773,RETROSPECTIVE_HISTORY_DIAGNOSTIC
2026-10-06,8481598,REMOVE_MAX_SOG,4.626456477039068,4.221982455317353,-0.40447402172171465,1.9498765513885106,1.545402529666796,2.6765799256505574,RETROSPECTIVE_HISTORY_DIAGNOSTIC
2026-10-06,8481598,REMOVE_MAX_RATE,4.626456477039068,4.221982455317353,-0.40447402172171465,1.9498765513885106,1.545402529666796,2.6765799256505574,RETROSPECTIVE_HISTORY_DIAGNOSTIC
2026-10-06,8481598,WINSOR_TOP_SOG_TO_SECOND_MAX,4.626456477039068,4.626456477039068,0.0,1.9498765513885106,1.9498765513885106,2.6765799256505574,RETROSPECTIVE_HISTORY_DIAGNOSTIC
2026-10-06,8481601,REMOVE_MAX_SOG,3.702457085156513,2.9655257630050658,-0.7369313221514471,0.24924434184678024,0.9861756639982273,3.951701427003293,RETROSPECTIVE_HISTORY_DIAGNOSTIC
2026-10-06,8481601,REMOVE_MAX_RATE,3.702457085156513,2.9655257630050658,-0.7369313221514471,0.24924434184678024,0.9861756639982273,3.951701427003293,RETROSPECTIVE_HISTORY_DIAGNOSTIC
2026-10-06,8481601,WINSOR_TOP_SOG_TO_SECOND_MAX,3.702457085156513,3.702457085156513,0.0,0.24924434184678024,0.24924434184678024,3.951701427003293,RETROSPECTIVE_HISTORY_DIAGNOSTIC
2026-10-06,8481604,REMOVE_MAX_SOG,11.778703152885186,10.882943577119907,-0.895759575765279,11.778703152885186,10.882943577119907,0.0,RETROSPECTIVE_HISTORY_DIAGNOSTIC
2026-10-06,8481604,REMOVE_MAX_RATE,11.778703152885186,10.882943577119907,-0.895759575765279,11.778703152885186,10.882943577119907,0.0,RETROSPECTIVE_HISTORY_DIAGNOSTIC
2026-10-06,8481604,WINSOR_TOP_SOG_TO_SECOND_MAX,11.778703152885186,11.778703152885186,0.0,11.778703152885186,11.778703152885186,0.0,RETROSPECTIVE_HISTORY_DIAGNOSTIC
2026-10-06,8481606,REMOVE_MAX_SOG,4.545454545454547,3.5005834305717625,-1.0448711148827843,1.8768111058696695,0.8319399909868852,2.6686434395848773,RETROSPECTIVE_HISTORY_DIAGNOSTIC
2026-10-06,8481606,REMOVE_MAX_RATE,4.545454545454547,3.5005834305717625,-1.0448711148827843,1.8768111058696695,0.8319399909868852,2.6686434395848773,RETROSPECTIVE_HISTORY_DIAGNOSTIC
2026-10-06,8481606,WINSOR_TOP_SOG_TO_SECOND_MAX,4.545454545454547,3.6363636363636367,-0.9090909090909101,1.8768111058696695,0.9677201967787594,2.6686434395848773,RETROSPECTIVE_HISTORY_DIAGNOSTIC
2026-10-06,8481607,REMOVE_MAX_SOG,2.3574094689280334,1.7267429311461255,-0.6306665377819078,8.230825825189616,8.861492362971523,10.588235294117649,RETROSPECTIVE_HISTORY_DIAGNOSTIC
2026-10-06,8481607,REMOVE_MAX_RATE,2.3574094689280334,1.7267429311461255,-0.6306665377819078,8.230825825189616,8.861492362971523,10.588235294117649,RETROSPECTIVE_HISTORY_DIAGNOSTIC
2026-10-06,8481607,WINSOR_TOP_SOG_TO_SECOND_MAX,2.3574094689280334,1.964507890773361,-0.3929015781546723,8.230825825189616,8.623727403344287,10.588235294117649,RETROSPECTIVE_HISTORY_DIAGNOSTIC
2026-10-06,8481618,REMOVE_MAX_SOG,4.971688993232979,4.647560030983733,-0.3241289622492456,4.971688993232979,4.647560030983733,0.0,RETROSPECTIVE_HISTORY_DIAGNOSTIC
2026-10-06,8481618,REMOVE_MAX_RATE,4.971688993232979,4.577008162331223,-0.39468083090175554,4.971688993232979,4.577008162331223,0.0,RETROSPECTIVE_HISTORY_DIAGNOSTIC
2026-10-06,8481618,WINSOR_TOP_SOG_TO_SECOND_MAX,4.971688993232979,4.971688993232979,0.0,4.971688993232979,4.971688993232979,0.0,RETROSPECTIVE_HISTORY_DIAGNOSTIC
2026-10-06,8481711,REMOVE_MAX_SOG,3.9740362961981726,3.507233669443227,-0.46680262675494566,0.15440407077430507,0.6212066975292507,4.128440366972478,RETROSPECTIVE_HISTORY_DIAGNOSTIC
2026-10-06,8481711,REMOVE_MAX_RATE,3.9740362961981726,3.507233669443227,-0.46680262675494566,0.15440407077430507,0.6212066975292507,4.128440366972478,RETROSPECTIVE_HISTORY_DIAGNOSTIC
2026-10-06,8481711,WINSOR_TOP_SOG_TO_SECOND_MAX,3.9740362961981726,3.9740362961981726,0.0,0.15440407077430507,0.15440407077430507,4.128440366972478,RETROSPECTIVE_HISTORY_DIAGNOSTIC
2026-10-06,8481721,REMOVE_MAX_SOG,9.687419271506073,8.59045028276899,-1.0969689887370837,0.4820722539176554,1.579041242654739,10.169491525423728,RETROSPECTIVE_HISTORY_DIAGNOSTIC
2026-10-06,8481721,REMOVE_MAX_RATE,9.687419271506073,8.59045028276899,-1.0969689887370837,0.4820722539176554,1.579041242654739,10.169491525423728,RETROSPECTIVE_HISTORY_DIAGNOSTIC
2026-10-06,8481721,WINSOR_TOP_SOG_TO_SECOND_MAX,9.687419271506073,9.687419271506073,0.0,0.4820722539176554,0.4820722539176554,10.169491525423728,RETROSPECTIVE_HISTORY_DIAGNOSTIC
2026-10-06,8481726,REMOVE_MAX_SOG,8.713542296986567,6.99198834668609,-1.7215539503004775,3.977409524400036,5.698963474700514,12.690951821386603,RETROSPECTIVE_HISTORY_DIAGNOSTIC
2026-10-06,8481726,REMOVE_MAX_RATE,8.713542296986567,6.99198834668609,-1.7215539503004775,3.977409524400036,5.698963474700514,12.690951821386603,RETROSPECTIVE_HISTORY_DIAGNOSTIC
2026-10-06,8481726,WINSOR_TOP_SOG_TO_SECOND_MAX,8.713542296986567,7.261285247488805,-1.4522570494977618,3.977409524400036,5.429666573897798,12.690951821386603,RETROSPECTIVE_HISTORY_DIAGNOSTIC
2026-10-06,8481789,REMOVE_MAX_SOG,4.08024481468888,3.182541486701523,-0.8977033279873572,0.12854338768558726,0.7691599403017699,3.951701427003293,RETROSPECTIVE_HISTORY_DIAGNOSTIC
2026-10-06,8481789,REMOVE_MAX_RATE,4.08024481468888,3.182541486701523,-0.8977033279873572,0.12854338768558726,0.7691599403017699,3.951701427003293,RETROSPECTIVE_HISTORY_DIAGNOSTIC
2026-10-06,8481789,WINSOR_TOP_SOG_TO_SECOND_MAX,4.08024481468888,3.672220333219993,-0.40802448146888715,0.12854338768558726,0.2794810937832999,3.951701427003293,RETROSPECTIVE_HISTORY_DIAGNOSTIC
2026-10-06,8481806,REMOVE_MAX_SOG,4.861186129415577,3.922967189728958,-0.9382189396866187,3.5206532186635844,4.458872158350204,8.381839348079161,RETROSPECTIVE_HISTORY_DIAGNOSTIC
2026-10-06,8481806,REMOVE_MAX_RATE,4.861186129415577,3.922967189728958,-0.9382189396866187,3.5206532186635844,4.458872158350204,8.381839348079161,RETROSPECTIVE_HISTORY_DIAGNOSTIC
2026-10-06,8481806,WINSOR_TOP_SOG_TO_SECOND_MAX,4.861186129415577,4.861186129415577,0.0,3.5206532186635844,3.5206532186635844,8.381839348079161,RETROSPECTIVE_HISTORY_DIAGNOSTIC
2026-10-06,8482062,REMOVE_MAX_SOG,3.43755115403503,2.6790498303268446,-0.7585013237081855,0.6580119858967111,1.4165133096048965,4.095563139931741,RETROSPECTIVE_HISTORY_DIAGNOSTIC
2026-10-06,8482062,REMOVE_MAX_RATE,3.43755115403503,2.6790498303268446,-0.7585013237081855,0.6580119858967111,1.4165133096048965,4.095563139931741,RETROSPECTIVE_HISTORY_DIAGNOSTIC
2026-10-06,8482062,WINSOR_TOP_SOG_TO_SECOND_MAX,3.43755115403503,2.9464724177443116,-0.4910787362907185,0.6580119858967111,1.1490907221874296,4.095563139931741,RETROSPECTIVE_HISTORY_DIAGNOSTIC
2026-10-06,8482072,REMOVE_MAX_SOG,5.471540390607189,4.439511653718091,-1.0320287368890986,5.471540390607189,4.439511653718091,0.0,RETROSPECTIVE_HISTORY_DIAGNOSTIC
2026-10-06,8482072,REMOVE_MAX_RATE,5.471540390607189,4.966065220989902,-0.505475169617287,5.471540390607189,4.966065220989902,0.0,RETROSPECTIVE_HISTORY_DIAGNOSTIC
2026-10-06,8482072,WINSOR_TOP_SOG_TO_SECOND_MAX,5.471540390607189,4.559616992172657,-0.9119233984345323,5.471540390607189,4.559616992172657,0.0,RETROSPECTIVE_HISTORY_DIAGNOSTIC
2026-10-06,8482073,REMOVE_MAX_SOG,3.6972718615203632,3.005447373364223,-0.6918244881561404,3.101594994003717,3.7934194821598575,6.79886685552408,RETROSPECTIVE_HISTORY_DIAGNOSTIC
2026-10-06,8482073,REMOVE_MAX_RATE,3.6972718615203632,3.005447373364223,-0.6918244881561404,3.101594994003717,3.7934194821598575,6.79886685552408,RETROSPECTIVE_HISTORY_DIAGNOSTIC
2026-10-06,8482073,WINSOR_TOP_SOG_TO_SECOND_MAX,3.6972718615203632,3.6972718615203632,0.0,3.101594994003717,3.101594994003717,6.79886685552408,RETROSPECTIVE_HISTORY_DIAGNOSTIC
2026-10-06,8482077,REMOVE_MAX_SOG,10.466222645099904,9.399855386840201,-1.066367258259703,6.727904888090558,5.661537629830855,3.7383177570093458,RETROSPECTIVE_HISTORY_DIAGNOSTIC
2026-10-06,8482077,REMOVE_MAX_RATE,10.466222645099904,9.399855386840201,-1.066367258259703,6.727904888090558,5.661537629830855,3.7383177570093458,RETROSPECTIVE_HISTORY_DIAGNOSTIC
2026-10-06,8482077,WINSOR_TOP_SOG_TO_SECOND_MAX,10.466222645099904,9.831906121154455,-0.6343165239454489,6.727904888090558,6.093588364145109,3.7383177570093458,RETROSPECTIVE_HISTORY_DIAGNOSTIC
2026-10-06,8482078,REMOVE_MAX_SOG,6.220517339692083,5.4249547920433985,-0.795562547648685,11.976618296365203,12.772180844013889,18.197135636057286,RETROSPECTIVE_HISTORY_DIAGNOSTIC
2026-10-06,8482078,REMOVE_MAX_RATE,6.220517339692083,5.4249547920433985,-0.795562547648685,11.976618296365203,12.772180844013889,18.197135636057286,RETROSPECTIVE_HISTORY_DIAGNOSTIC
2026-10-06,8482078,WINSOR_TOP_SOG_TO_SECOND_MAX,6.220517339692083,6.220517339692083,0.0,11.976618296365203,11.976618296365203,18.197135636057286,RETROSPECTIVE_HISTORY_DIAGNOSTIC
2026-10-06,8482089,REMOVE_MAX_SOG,5.385252692626346,4.186371036514458,-1.1988816561118876,5.385252692626346,4.186371036514458,0.0,RETROSPECTIVE_HISTORY_DIAGNOSTIC
2026-10-06,8482089,REMOVE_MAX_RATE,5.385252692626346,4.186371036514458,-1.1988816561118876,5.385252692626346,4.186371036514458,0.0,RETROSPECTIVE_HISTORY_DIAGNOSTIC
2026-10-06,8482089,WINSOR_TOP_SOG_TO_SECOND_MAX,5.385252692626346,4.5567522783761385,-0.8285004142502075,5.385252692626346,4.5567522783761385,0.0,RETROSPECTIVE_HISTORY_DIAGNOSTIC
2026-10-06,8482092,REMOVE_MAX_SOG,8.399780875281516,6.84701617775391,-1.5527646975276062,0.7141431753513956,2.2669078728790018,9.113924050632912,RETROSPECTIVE_HISTORY_DIAGNOSTIC
2026-10-06,8482092,REMOVE_MAX_RATE,8.399780875281516,6.84701617775391,-1.5527646975276062,0.7141431753513956,2.2669078728790018,9.113924050632912,RETROSPECTIVE_HISTORY_DIAGNOSTIC
2026-10-06,8482092,WINSOR_TOP_SOG_TO_SECOND_MAX,8.399780875281516,8.034573011138841,-0.3652078641426755,0.7141431753513956,1.079351039494071,9.113924050632912,RETROSPECTIVE_HISTORY_DIAGNOSTIC
2026-10-06,8482094,REMOVE_MAX_SOG,2.8462998102466788,1.9961407944640361,-0.8501590157826426,2.8462998102466788,1.9961407944640361,0.0,RETROSPECTIVE_HISTORY_DIAGNOSTIC
2026-10-06,8482094,REMOVE_MAX_RATE,2.8462998102466788,1.9961407944640361,-0.8501590157826426,2.8462998102466788,1.9961407944640361,0.0,RETROSPECTIVE_HISTORY_DIAGNOSTIC
2026-10-06,8482094,WINSOR_TOP_SOG_TO_SECOND_MAX,2.8462998102466788,2.490512333965844,-0.3557874762808346,2.8462998102466788,2.490512333965844,0.0,RETROSPECTIVE_HISTORY_DIAGNOSTIC
2026-10-06,8482095,REMOVE_MAX_SOG,3.116559318512363,2.4724789544946137,-0.644080364017749,3.2103299609252476,3.8544103249429966,6.32688927943761,RETROSPECTIVE_HISTORY_DIAGNOSTIC
2026-10-06,8482095,REMOVE_MAX_RATE,3.116559318512363,2.4724789544946137,-0.644080364017749,3.2103299609252476,3.8544103249429966,6.32688927943761,RETROSPECTIVE_HISTORY_DIAGNOSTIC
2026-10-06,8482095,WINSOR_TOP_SOG_TO_SECOND_MAX,3.116559318512363,2.804903386661126,-0.31165593185123663,3.2103299609252476,3.521985892776484,6.32688927943761,RETROSPECTIVE_HISTORY_DIAGNOSTIC
2026-10-06,8482097,REMOVE_MAX_SOG,11.340206185567009,10.374639769452449,-0.9655664161145605,5.822964806256664,4.857398390142103,5.517241379310345,RETROSPECTIVE_HISTORY_DIAGNOSTIC
2026-10-06,8482097,REMOVE_MAX_RATE,11.340206185567009,10.374639769452449,-0.9655664161145605,5.822964806256664,4.857398390142103,5.517241379310345,RETROSPECTIVE_HISTORY_DIAGNOSTIC
2026-10-06,8482097,WINSOR_TOP_SOG_TO_SECOND_MAX,11.340206185567009,10.996563573883162,-0.3436426116838476,5.822964806256664,5.479322194572816,5.517241379310345,RETROSPECTIVE_HISTORY_DIAGNOSTIC
2026-10-06,8482109,REMOVE_MAX_SOG,5.208615918832401,4.428589002337311,-0.7800269164950899,4.315193604977124,5.095220521472214,9.523809523809526,RETROSPECTIVE_HISTORY_DIAGNOSTIC
2026-10-06,8482109,REMOVE_MAX_RATE,5.208615918832401,4.613746598840648,-0.5948693199917532,4.315193604977124,4.910062924968877,9.523809523809526,RETROSPECTIVE_HISTORY_DIAGNOSTIC
2026-10-06,8482109,WINSOR_TOP_SOG_TO_SECOND_MAX,5.208615918832401,4.883077423905376,-0.32553849492702547,4.315193604977124,4.64073209990415,9.523809523809526,RETROSPECTIVE_HISTORY_DIAGNOSTIC
2026-10-06,8482110,REMOVE_MAX_SOG,7.656612529002321,6.646250081449143,-1.0103624475531783,3.1867609649735824,4.197123412526761,10.843373493975903,RETROSPECTIVE_HISTORY_DIAGNOSTIC
2026-10-06,8482110,REMOVE_MAX_RATE,7.656612529002321,6.646250081449143,-1.0103624475531783,3.1867609649735824,4.197123412526761,10.843373493975903,RETROSPECTIVE_HISTORY_DIAGNOSTIC
2026-10-06,8482110,WINSOR_TOP_SOG_TO_SECOND_MAX,7.656612529002321,6.960556844547565,-0.6960556844547563,3.1867609649735824,3.8828166494283387,10.843373493975903,RETROSPECTIVE_HISTORY_DIAGNOSTIC
2026-10-06,8482113,REMOVE_MAX_SOG,6.228589224540642,5.932301965802024,-0.2962872587386176,3.414267918316501,3.7105551770551184,9.642857142857142,RETROSPECTIVE_HISTORY_DIAGNOSTIC
2026-10-06,8482113,REMOVE_MAX_RATE,6.228589224540642,5.874560847779762,-0.35402837676087984,3.414267918316501,3.7682962950773806,9.642857142857142,RETROSPECTIVE_HISTORY_DIAGNOSTIC
2026-10-06,8482113,WINSOR_TOP_SOG_TO_SECOND_MAX,6.228589224540642,6.228589224540642,0.0,3.414267918316501,3.414267918316501,9.642857142857142,RETROSPECTIVE_HISTORY_DIAGNOSTIC
2026-10-06,8482116,REMOVE_MAX_SOG,7.411219763252701,6.76132521974307,-0.6498945435096308,1.8599475967145365,1.2100530532049056,5.551272166538165,RETROSPECTIVE_HISTORY_DIAGNOSTIC
2026-10-06,8482116,REMOVE_MAX_RATE,7.411219763252701,6.76132521974307,-0.6498945435096308,1.8599475967145365,1.2100530532049056,5.551272166538165,RETROSPECTIVE_HISTORY_DIAGNOSTIC
2026-10-06,8482116,WINSOR_TOP_SOG_TO_SECOND_MAX,7.411219763252701,7.411219763252701,0.0,1.8599475967145365,1.8599475967145365,5.551272166538165,RETROSPECTIVE_HISTORY_DIAGNOSTIC
2026-10-06,8482124,REMOVE_MAX_SOG,7.803511580211094,6.012358737404664,-1.7911528428064294,7.803511580211094,6.012358737404664,0.0,RETROSPECTIVE_HISTORY_DIAGNOSTIC
2026-10-06,8482124,REMOVE_MAX_RATE,7.803511580211094,6.012358737404664,-1.7911528428064294,7.803511580211094,6.012358737404664,0.0,RETROSPECTIVE_HISTORY_DIAGNOSTIC
2026-10-06,8482124,WINSOR_TOP_SOG_TO_SECOND_MAX,7.803511580211094,6.602971337101695,-1.2005402431093986,7.803511580211094,6.602971337101695,0.0,RETROSPECTIVE_HISTORY_DIAGNOSTIC
2026-10-06,8482145,REMOVE_MAX_SOG,10.104790419161677,8.3108248493663,-1.7939655697953771,6.98790730227856,5.193941732483183,3.116883116883117,RETROSPECTIVE_HISTORY_DIAGNOSTIC
2026-10-06,8482145,REMOVE_MAX_RATE,10.104790419161677,8.3108248493663,-1.7939655697953771,6.98790730227856,5.193941732483183,3.116883116883117,RETROSPECTIVE_HISTORY_DIAGNOSTIC
2026-10-06,8482145,WINSOR_TOP_SOG_TO_SECOND_MAX,10.104790419161677,8.982035928143713,-1.1227544910179645,6.98790730227856,5.865152811260596,3.116883116883117,RETROSPECTIVE_HISTORY_DIAGNOSTIC
2026-10-06,8482146,REMOVE_MAX_SOG,9.126308104161595,7.916089451810804,-1.2102186523507905,2.5689310549812667,1.3587124026304762,6.557377049180328,RETROSPECTIVE_HISTORY_DIAGNOSTIC
2026-10-06,8482146,REMOVE_MAX_RATE,9.126308104161595,7.916089451810804,-1.2102186523507905,2.5689310549812667,1.3587124026304762,6.557377049180328,RETROSPECTIVE_HISTORY_DIAGNOSTIC
2026-10-06,8482146,WINSOR_TOP_SOG_TO_SECOND_MAX,9.126308104161595,8.76125577999513,-0.3650523241664647,2.5689310549812667,2.203878730814802,6.557377049180328,RETROSPECTIVE_HISTORY_DIAGNOSTIC
2026-10-06,8482155,REMOVE_MAX_SOG,8.452026921270935,7.522388059701492,-0.9296388615694431,2.0334099719329473,2.9630488335023903,10.485436893203882,RETROSPECTIVE_HISTORY_DIAGNOSTIC
2026-10-06,8482155,REMOVE_MAX_RATE,8.452026921270935,7.522388059701492,-0.9296388615694431,2.0334099719329473,2.9630488335023903,10.485436893203882,RETROSPECTIVE_HISTORY_DIAGNOSTIC
2026-10-06,8482155,WINSOR_TOP_SOG_TO_SECOND_MAX,8.452026921270935,8.138988887149788,-0.3130380341211474,2.0334099719329473,2.3464480060540946,10.485436893203882,RETROSPECTIVE_HISTORY_DIAGNOSTIC
2026-10-06,8482157,REMOVE_MAX_SOG,7.785635502497892,7.289358965196884,-0.49627653730100807,5.748199083968273,6.244475621269281,13.533834586466165,RETROSPECTIVE_HISTORY_DIAGNOSTIC
2026-10-06,8482157,REMOVE_MAX_RATE,7.785635502497892,7.289358965196884,-0.49627653730100807,5.748199083968273,6.244475621269281,13.533834586466165,RETROSPECTIVE_HISTORY_DIAGNOSTIC
2026-10-06,8482157,WINSOR_TOP_SOG_TO_SECOND_MAX,7.785635502497892,7.785635502497892,0.0,5.748199083968273,5.748199083968273,13.533834586466165,RETROSPECTIVE_HISTORY_DIAGNOSTIC
2026-10-06,8482171,REMOVE_MAX_SOG,1.140684410646388,0.0,-1.140684410646388,1.140684410646388,0.0,0.0,RETROSPECTIVE_HISTORY_DIAGNOSTIC
2026-10-06,8482171,REMOVE_MAX_RATE,1.140684410646388,0.0,-1.140684410646388,1.140684410646388,0.0,0.0,RETROSPECTIVE_HISTORY_DIAGNOSTIC
2026-10-06,8482171,WINSOR_TOP_SOG_TO_SECOND_MAX,1.140684410646388,0.0,-1.140684410646388,1.140684410646388,0.0,0.0,RETROSPECTIVE_HISTORY_DIAGNOSTIC
2026-10-06,8482176,REMOVE_MAX_SOG,1.9746121297602255,1.594048884165781,-0.38056324559444454,4.716837684366169,5.097400929960614,6.691449814126394,RETROSPECTIVE_HISTORY_DIAGNOSTIC
2026-10-06,8482176,REMOVE_MAX_RATE,1.9746121297602255,1.5690376569037656,-0.40557447285645987,4.716837684366169,5.122412157222628,6.691449814126394,RETROSPECTIVE_HISTORY_DIAGNOSTIC
2026-10-06,8482176,WINSOR_TOP_SOG_TO_SECOND_MAX,1.9746121297602255,1.9746121297602255,0.0,4.716837684366169,4.716837684366169,6.691449814126394,RETROSPECTIVE_HISTORY_DIAGNOSTIC
2026-10-06,8482259,REMOVE_MAX_SOG,12.217885627015102,10.68430424828288,-1.5335813787322223,1.5353930454127287,0.001811666680506363,10.682492581602373,RETROSPECTIVE_HISTORY_DIAGNOSTIC
2026-10-06,8482259,REMOVE_MAX_RATE,12.217885627015102,10.68430424828288,-1.5335813787322223,1.5353930454127287,0.001811666680506363,10.682492581602373,RETROSPECTIVE_HISTORY_DIAGNOSTIC
2026-10-06,8482259,WINSOR_TOP_SOG_TO_SECOND_MAX,12.217885627015102,11.539114203292039,-0.6787714237230631,1.5353930454127287,0.8566216216896656,10.682492581602373,RETROSPECTIVE_HISTORY_DIAGNOSTIC
2026-10-06,8482476,REMOVE_MAX_SOG,5.1724137931034475,4.05040504050405,-1.1220087525993971,5.1724137931034475,4.05040504050405,0.0,RETROSPECTIVE_HISTORY_DIAGNOSTIC
2026-10-06,8482476,REMOVE_MAX_RATE,5.1724137931034475,4.05040504050405,-1.1220087525993971,5.1724137931034475,4.05040504050405,0.0,RETROSPECTIVE_HISTORY_DIAGNOSTIC
2026-10-06,8482476,WINSOR_TOP_SOG_TO_SECOND_MAX,5.1724137931034475,4.774535809018568,-0.3978779840848796,5.1724137931034475,4.774535809018568,0.0,RETROSPECTIVE_HISTORY_DIAGNOSTIC
2026-10-06,8482482,REMOVE_MAX_SOG,3.093492208982584,2.3662416195609306,-0.7272505894216534,4.862308895989791,5.589559485411444,7.955801104972375,RETROSPECTIVE_HISTORY_DIAGNOSTIC
2026-10-06,8482482,REMOVE_MAX_RATE,3.093492208982584,2.3662416195609306,-0.7272505894216534,4.862308895989791,5.589559485411444,7.955801104972375,RETROSPECTIVE_HISTORY_DIAGNOSTIC
2026-10-06,8482482,WINSOR_TOP_SOG_TO_SECOND_MAX,3.093492208982584,2.7497708524289637,-0.34372135655362035,4.862308895989791,5.206030252543411,7.955801104972375,RETROSPECTIVE_HISTORY_DIAGNOSTIC
2026-10-06,8482659,REMOVE_MAX_SOG,5.478379964781843,4.328067517853278,-1.1503124469285648,5.478379964781843,4.328067517853278,0.0,RETROSPECTIVE_HISTORY_DIAGNOSTIC
2026-10-06,8482659,REMOVE_MAX_RATE,5.478379964781843,4.328067517853278,-1.1503124469285648,5.478379964781843,4.328067517853278,0.0,RETROSPECTIVE_HISTORY_DIAGNOSTIC
2026-10-06,8482659,WINSOR_TOP_SOG_TO_SECOND_MAX,5.478379964781843,5.087067110154569,-0.39131285462727394,5.478379964781843,5.087067110154569,0.0,RETROSPECTIVE_HISTORY_DIAGNOSTIC
2026-10-06,8482665,REMOVE_MAX_SOG,3.384285633707485,2.6919625689014226,-0.6923230648060623,3.384285633707485,2.6919625689014226,0.0,RETROSPECTIVE_HISTORY_DIAGNOSTIC
2026-10-06,8482665,REMOVE_MAX_RATE,3.384285633707485,2.6521848951755493,-0.7321007385319356,3.384285633707485,2.6521848951755493,0.0,RETROSPECTIVE_HISTORY_DIAGNOSTIC
2026-10-06,8482665,WINSOR_TOP_SOG_TO_SECOND_MAX,3.384285633707485,3.384285633707485,0.0,3.384285633707485,3.384285633707485,0.0,RETROSPECTIVE_HISTORY_DIAGNOSTIC
2026-10-06,8482667,REMOVE_MAX_SOG,7.572889057175313,6.751529643434841,-0.8213594137404723,1.3601134242142656,2.181472837954738,8.933002481389579,RETROSPECTIVE_HISTORY_DIAGNOSTIC
2026-10-06,8482667,REMOVE_MAX_RATE,7.572889057175313,6.751529643434841,-0.8213594137404723,1.3601134242142656,2.181472837954738,8.933002481389579,RETROSPECTIVE_HISTORY_DIAGNOSTIC
2026-10-06,8482667,WINSOR_TOP_SOG_TO_SECOND_MAX,7.572889057175313,7.572889057175313,0.0,1.3601134242142656,1.3601134242142656,8.933002481389579,RETROSPECTIVE_HISTORY_DIAGNOSTIC
2026-10-06,8482671,REMOVE_MAX_SOG,2.9650927714632282,2.6678523788350375,-0.2972403926281908,1.1633475955092494,1.4605879881374402,4.128440366972478,RETROSPECTIVE_HISTORY_DIAGNOSTIC
2026-10-06,8482671,REMOVE_MAX_RATE,2.9650927714632282,2.6628531978894423,-0.30223957357378595,1.1633475955092494,1.4655871690830353,4.128440366972478,RETROSPECTIVE_HISTORY_DIAGNOSTIC
2026-10-06,8482671,WINSOR_TOP_SOG_TO_SECOND_MAX,2.9650927714632282,2.9650927714632282,0.0,1.1633475955092494,1.1633475955092494,4.128440366972478,RETROSPECTIVE_HISTORY_DIAGNOSTIC
2026-10-06,8482684,REMOVE_MAX_SOG,5.812484205205964,5.067092052172281,-0.7453921530336824,1.0533772061099933,1.7987693591436758,6.865861411315957,RETROSPECTIVE_HISTORY_DIAGNOSTIC
2026-10-06,8482684,REMOVE_MAX_RATE,5.812484205205964,5.067092052172281,-0.7453921530336824,1.0533772061099933,1.7987693591436758,6.865861411315957,RETROSPECTIVE_HISTORY_DIAGNOSTIC
2026-10-06,8482684,WINSOR_TOP_SOG_TO_SECOND_MAX,5.812484205205964,5.559767500631792,-0.25271670457417184,1.0533772061099933,1.3060939106841651,6.865861411315957,RETROSPECTIVE_HISTORY_DIAGNOSTIC
2026-10-06,8482699,REMOVE_MAX_SOG,11.189601582367901,10.320443396827416,-0.8691581855404849,5.936944564159218,6.806102749699702,17.12654614652712,RETROSPECTIVE_HISTORY_DIAGNOSTIC
2026-10-06,8482699,REMOVE_MAX_RATE,11.189601582367901,10.344827586206897,-0.8447739961610043,5.936944564159218,6.781718560320222,17.12654614652712,RETROSPECTIVE_HISTORY_DIAGNOSTIC
2026-10-06,8482699,WINSOR_TOP_SOG_TO_SECOND_MAX,11.189601582367901,10.850522746538571,-0.33907883582932996,5.936944564159218,6.2760233999885475,17.12654614652712,RETROSPECTIVE_HISTORY_DIAGNOSTIC
2026-10-06,8482702,REMOVE_MAX_SOG,11.288097328483634,8.654207951837451,-2.6338893766461826,7.8982668200090576,5.264377443362875,3.389830508474576,RETROSPECTIVE_HISTORY_DIAGNOSTIC
2026-10-06,8482702,REMOVE_MAX_RATE,11.288097328483634,10.963525195024246,-0.3245721334593874,7.8982668200090576,7.57369468654967,3.389830508474576,RETROSPECTIVE_HISTORY_DIAGNOSTIC
2026-10-06,8482702,WINSOR_TOP_SOG_TO_SECOND_MAX,11.288097328483634,10.15928759563527,-1.1288097328483637,7.8982668200090576,6.769457087160694,3.389830508474576,RETROSPECTIVE_HISTORY_DIAGNOSTIC
2026-10-06,8482713,REMOVE_MAX_SOG,7.796064843459967,6.358177322500882,-1.4378875209590847,5.200325048236784,6.638212569195868,12.99638989169675,RETROSPECTIVE_HISTORY_DIAGNOSTIC
2026-10-06,8482713,REMOVE_MAX_RATE,7.796064843459967,6.358177322500882,-1.4378875209590847,5.200325048236784,6.638212569195868,12.99638989169675,RETROSPECTIVE_HISTORY_DIAGNOSTIC
2026-10-06,8482713,WINSOR_TOP_SOG_TO_SECOND_MAX,7.796064843459967,6.6823412943942575,-1.1137235490657096,5.200325048236784,6.314048597302493,12.99638989169675,RETROSPECTIVE_HISTORY_DIAGNOSTIC
2026-10-06,8482730,REMOVE_MAX_SOG,5.83203732503888,4.864076095768253,-0.9679612292706272,5.83203732503888,4.864076095768253,0.0,RETROSPECTIVE_HISTORY_DIAGNOSTIC
2026-10-06,8482730,REMOVE_MAX_RATE,5.83203732503888,4.864076095768253,-0.9679612292706272,5.83203732503888,4.864076095768253,0.0,RETROSPECTIVE_HISTORY_DIAGNOSTIC
2026-10-06,8482730,WINSOR_TOP_SOG_TO_SECOND_MAX,5.83203732503888,5.540435458786936,-0.29160186625194395,5.83203732503888,5.540435458786936,0.0,RETROSPECTIVE_HISTORY_DIAGNOSTIC
2026-10-06,8482737,REMOVE_MAX_SOG,4.611482591653216,3.689388615600843,-0.922093976052373,8.139402886504989,9.061496862557362,12.750885478158205,RETROSPECTIVE_HISTORY_DIAGNOSTIC
2026-10-06,8482737,REMOVE_MAX_RATE,4.611482591653216,3.689388615600843,-0.922093976052373,8.139402886504989,9.061496862557362,12.750885478158205,RETROSPECTIVE_HISTORY_DIAGNOSTIC
2026-10-06,8482737,WINSOR_TOP_SOG_TO_SECOND_MAX,4.611482591653216,4.150334332487895,-0.4611482591653209,8.139402886504989,8.600551145670309,12.750885478158205,RETROSPECTIVE_HISTORY_DIAGNOSTIC
2026-10-06,8482745,REMOVE_MAX_SOG,11.1256095048417,10.311694398875089,-0.8139151059666112,4.2025325817647765,3.3886174757981653,6.923076923076923,RETROSPECTIVE_HISTORY_DIAGNOSTIC
2026-10-06,8482745,REMOVE_MAX_RATE,11.1256095048417,10.311694398875089,-0.8139151059666112,4.2025325817647765,3.3886174757981653,6.923076923076923,RETROSPECTIVE_HISTORY_DIAGNOSTIC
2026-10-06,8482745,WINSOR_TOP_SOG_TO_SECOND_MAX,11.1256095048417,10.301490282260833,-0.8241192225808671,4.2025325817647765,3.3784133591839094,6.923076923076923,RETROSPECTIVE_HISTORY_DIAGNOSTIC
2026-10-06,8482751,REMOVE_MAX_SOG,9.275525261752513,8.348794063079778,-0.9267311986727353,4.494648767728608,3.567917569055873,4.780876494023905,RETROSPECTIVE_HISTORY_DIAGNOSTIC
2026-10-06,8482751,REMOVE_MAX_RATE,9.275525261752513,8.348794063079778,-0.9267311986727353,4.494648767728608,3.567917569055873,4.780876494023905,RETROSPECTIVE_HISTORY_DIAGNOSTIC
2026-10-06,8482751,WINSOR_TOP_SOG_TO_SECOND_MAX,9.275525261752513,9.275525261752513,0.0,4.494648767728608,4.494648767728608,4.780876494023905,RETROSPECTIVE_HISTORY_DIAGNOSTIC
2026-10-06,8482802,REMOVE_MAX_SOG,3.247046090015333,2.3762376237623757,-0.8708084662529574,4.842841550434105,5.713650016687063,8.089887640449438,RETROSPECTIVE_HISTORY_DIAGNOSTIC
2026-10-06,8482802,REMOVE_MAX_RATE,3.247046090015333,2.3762376237623757,-0.8708084662529574,4.842841550434105,5.713650016687063,8.089887640449438,RETROSPECTIVE_HISTORY_DIAGNOSTIC
2026-10-06,8482802,WINSOR_TOP_SOG_TO_SECOND_MAX,3.247046090015333,3.247046090015333,0.0,4.842841550434105,4.842841550434105,8.089887640449438,RETROSPECTIVE_HISTORY_DIAGNOSTIC
2026-10-06,8482803,REMOVE_MAX_SOG,4.903417533432392,3.471648206315093,-1.4317693271172987,4.903417533432392,3.471648206315093,0.0,RETROSPECTIVE_HISTORY_DIAGNOSTIC
2026-10-06,8482803,REMOVE_MAX_RATE,4.903417533432392,3.471648206315093,-1.4317693271172987,4.903417533432392,3.471648206315093,0.0,RETROSPECTIVE_HISTORY_DIAGNOSTIC
2026-10-06,8482803,WINSOR_TOP_SOG_TO_SECOND_MAX,4.903417533432392,4.01188707280832,-0.8915304606240717,4.903417533432392,4.01188707280832,0.0,RETROSPECTIVE_HISTORY_DIAGNOSTIC
2026-10-06,8482806,REMOVE_MAX_SOG,2.066827419910437,0.0,-2.066827419910437,3.5758058089296885,5.6426332288401255,5.6426332288401255,RETROSPECTIVE_HISTORY_DIAGNOSTIC
2026-10-06,8482806,REMOVE_MAX_RATE,2.066827419910437,0.0,-2.066827419910437,3.5758058089296885,5.6426332288401255,5.6426332288401255,RETROSPECTIVE_HISTORY_DIAGNOSTIC
2026-10-06,8482806,WINSOR_TOP_SOG_TO_SECOND_MAX,2.066827419910437,0.0,-2.066827419910437,3.5758058089296885,5.6426332288401255,5.6426332288401255,RETROSPECTIVE_HISTORY_DIAGNOSTIC
2026-10-06,8482809,REMOVE_MAX_SOG,7.826573079073235,6.890960680989057,-0.935612398084178,0.20752546002561623,0.7280869380585617,7.619047619047619,RETROSPECTIVE_HISTORY_DIAGNOSTIC
2026-10-06,8482809,REMOVE_MAX_RATE,7.826573079073235,6.890960680989057,-0.935612398084178,0.20752546002561623,0.7280869380585617,7.619047619047619,RETROSPECTIVE_HISTORY_DIAGNOSTIC
2026-10-06,8482809,WINSOR_TOP_SOG_TO_SECOND_MAX,7.826573079073235,7.453879122926891,-0.37269395614634426,0.20752546002561623,0.16516849612072804,7.619047619047619,RETROSPECTIVE_HISTORY_DIAGNOSTIC
2026-10-06,8482858,REMOVE_MAX_SOG,2.569960022844089,2.198147275867483,-0.3718127469766057,2.569960022844089,2.198147275867483,0.0,RETROSPECTIVE_HISTORY_DIAGNOSTIC
2026-10-06,8482858,REMOVE_MAX_RATE,2.569960022844089,2.198147275867483,-0.3718127469766057,2.569960022844089,2.198147275867483,0.0,RETROSPECTIVE_HISTORY_DIAGNOSTIC
2026-10-06,8482858,WINSOR_TOP_SOG_TO_SECOND_MAX,2.569960022844089,2.569960022844089,0.0,2.569960022844089,2.569960022844089,0.0,RETROSPECTIVE_HISTORY_DIAGNOSTIC
2026-10-06,8482877,REMOVE_MAX_SOG,5.012531328320803,4.50112528132033,-0.5114060470004729,5.012531328320803,4.50112528132033,0.0,RETROSPECTIVE_HISTORY_DIAGNOSTIC
2026-10-06,8482877,REMOVE_MAX_RATE,5.012531328320803,4.350978970268311,-0.661552358052492,5.012531328320803,4.350978970268311,0.0,RETROSPECTIVE_HISTORY_DIAGNOSTIC
2026-10-06,8482877,WINSOR_TOP_SOG_TO_SECOND_MAX,5.012531328320803,5.012531328320803,0.0,5.012531328320803,5.012531328320803,0.0,RETROSPECTIVE_HISTORY_DIAGNOSTIC
2026-10-06,8482964,REMOVE_MAX_SOG,4.747176868301805,3.996669442131557,-0.7505074261702482,4.747176868301805,3.996669442131557,0.0,RETROSPECTIVE_HISTORY_DIAGNOSTIC
2026-10-06,8482964,REMOVE_MAX_RATE,4.747176868301805,3.996669442131557,-0.7505074261702482,4.747176868301805,3.996669442131557,0.0,RETROSPECTIVE_HISTORY_DIAGNOSTIC
2026-10-06,8482964,WINSOR_TOP_SOG_TO_SECOND_MAX,4.747176868301805,4.315615334819823,-0.43156153348198245,4.747176868301805,4.315615334819823,0.0,RETROSPECTIVE_HISTORY_DIAGNOSTIC
2026-10-06,8483431,REMOVE_MAX_SOG,5.8753128060058755,4.751751446847396,-1.1235613591584794,2.6951007918716,1.5715394327131205,3.1802120141342756,RETROSPECTIVE_HISTORY_DIAGNOSTIC
2026-10-06,8483431,REMOVE_MAX_RATE,5.8753128060058755,4.751751446847396,-1.1235613591584794,2.6951007918716,1.5715394327131205,3.1802120141342756,RETROSPECTIVE_HISTORY_DIAGNOSTIC
2026-10-06,8483431,WINSOR_TOP_SOG_TO_SECOND_MAX,5.8753128060058755,5.222500272005223,-0.6528125340006525,2.6951007918716,2.0422882578709474,3.1802120141342756,RETROSPECTIVE_HISTORY_DIAGNOSTIC
2026-10-06,8483450,REMOVE_MAX_SOG,4.633204633204633,3.4268579995716433,-1.2063466336329896,0.34749034749034724,0.8588562861426423,4.285714285714286,RETROSPECTIVE_HISTORY_DIAGNOSTIC
2026-10-06,8483450,REMOVE_MAX_RATE,4.633204633204633,3.4268579995716433,-1.2063466336329896,0.34749034749034724,0.8588562861426423,4.285714285714286,RETROSPECTIVE_HISTORY_DIAGNOSTIC
2026-10-06,8483450,WINSOR_TOP_SOG_TO_SECOND_MAX,4.633204633204633,3.8610038610038613,-0.7722007722007715,0.34749034749034724,0.4247104247104243,4.285714285714286,RETROSPECTIVE_HISTORY_DIAGNOSTIC
2026-10-06,8483457,REMOVE_MAX_SOG,1.7991775188485264,1.1745130664578642,-0.6246644523906622,2.2894085118158687,2.9140729642065306,4.088586030664395,RETROSPECTIVE_HISTORY_DIAGNOSTIC
2026-10-06,8483457,REMOVE_MAX_RATE,1.7991775188485264,1.1745130664578642,-0.6246644523906622,2.2894085118158687,2.9140729642065306,4.088586030664395,RETROSPECTIVE_HISTORY_DIAGNOSTIC
2026-10-06,8483457,WINSOR_TOP_SOG_TO_SECOND_MAX,1.7991775188485264,1.5421521590130227,-0.2570253598355037,2.2894085118158687,2.546433871651372,4.088586030664395,RETROSPECTIVE_HISTORY_DIAGNOSTIC
2026-10-06,8483468,REMOVE_MAX_SOG,4.509120721459316,3.787878787878788,-0.7212419335805276,4.103319469928244,4.824561403508771,8.61244019138756,RETROSPECTIVE_HISTORY_DIAGNOSTIC
2026-10-06,8483468,REMOVE_MAX_RATE,4.509120721459316,3.787878787878788,-0.7212419335805276,4.103319469928244,4.824561403508771,8.61244019138756,RETROSPECTIVE_HISTORY_DIAGNOSTIC
2026-10-06,8483468,WINSOR_TOP_SOG_TO_SECOND_MAX,4.509120721459316,3.6892805902848944,-0.8198401311744212,4.103319469928244,4.923159601102665,8.61244019138756,RETROSPECTIVE_HISTORY_DIAGNOSTIC
2026-10-06,8483493,REMOVE_MAX_SOG,4.827586206896552,3.149193019288808,-1.6783931876077438,4.37173236209834,6.050125549706085,9.199318568994892,RETROSPECTIVE_HISTORY_DIAGNOSTIC
2026-10-06,8483493,REMOVE_MAX_RATE,4.827586206896552,3.149193019288808,-1.6783931876077438,4.37173236209834,6.050125549706085,9.199318568994892,RETROSPECTIVE_HISTORY_DIAGNOSTIC
2026-10-06,8483493,WINSOR_TOP_SOG_TO_SECOND_MAX,4.827586206896552,3.7931034482758625,-1.034482758620689,4.37173236209834,5.406215120719029,9.199318568994892,RETROSPECTIVE_HISTORY_DIAGNOSTIC
2026-10-06,8483500,REMOVE_MAX_SOG,4.756967738000853,4.07414952128743,-0.6828182167134225,1.0541702765269925,1.736988493240415,5.811138014527845,RETROSPECTIVE_HISTORY_DIAGNOSTIC
2026-10-06,8483500,REMOVE_MAX_RATE,4.756967738000853,4.07414952128743,-0.6828182167134225,1.0541702765269925,1.736988493240415,5.811138014527845,RETROSPECTIVE_HISTORY_DIAGNOSTIC
2026-10-06,8483500,WINSOR_TOP_SOG_TO_SECOND_MAX,4.756967738000853,4.3910471427700175,-0.3659205952308353,1.0541702765269925,1.4200908717578278,5.811138014527845,RETROSPECTIVE_HISTORY_DIAGNOSTIC
2026-10-06,8483506,REMOVE_MAX_SOG,4.877784401929435,3.939592908732765,-0.93819149319667,1.8827789783522553,2.820970471548925,6.76056338028169,RETROSPECTIVE_HISTORY_DIAGNOSTIC
2026-10-06,8483506,REMOVE_MAX_RATE,4.877784401929435,3.939592908732765,-0.93819149319667,1.8827789783522553,2.820970471548925,6.76056338028169,RETROSPECTIVE_HISTORY_DIAGNOSTIC
2026-10-06,8483506,WINSOR_TOP_SOG_TO_SECOND_MAX,4.877784401929435,4.227413148338844,-0.650371253590591,1.8827789783522553,2.5331502319428463,6.76056338028169,RETROSPECTIVE_HISTORY_DIAGNOSTIC
2026-10-06,8483515,REMOVE_MAX_SOG,8.787861034624173,7.9422860546694025,-0.8455749799547707,2.7016395637873174,1.8560645838325467,6.086221470836856,RETROSPECTIVE_HISTORY_DIAGNOSTIC
2026-10-06,8483515,REMOVE_MAX_RATE,8.787861034624173,7.9422860546694025,-0.8455749799547707,2.7016395637873174,1.8560645838325467,6.086221470836856,RETROSPECTIVE_HISTORY_DIAGNOSTIC
2026-10-06,8483515,WINSOR_TOP_SOG_TO_SECOND_MAX,8.787861034624173,8.436346593239206,-0.35151444138496757,2.7016395637873174,2.35012512240235,6.086221470836856,RETROSPECTIVE_HISTORY_DIAGNOSTIC
2026-10-06,8483516,REMOVE_MAX_SOG,11.047874121191832,9.277011565341086,-1.770862555850746,1.5575402020354154,0.2133223538153306,9.490333919156416,RETROSPECTIVE_HISTORY_DIAGNOSTIC
2026-10-06,8483516,REMOVE_MAX_RATE,11.047874121191832,9.277011565341086,-1.770862555850746,1.5575402020354154,0.2133223538153306,9.490333919156416,RETROSPECTIVE_HISTORY_DIAGNOSTIC
2026-10-06,8483516,WINSOR_TOP_SOG_TO_SECOND_MAX,11.047874121191832,9.70873786407767,-1.3391362571141627,1.5575402020354154,0.2184039449212527,9.490333919156416,RETROSPECTIVE_HISTORY_DIAGNOSTIC
2026-10-06,8483524,REMOVE_MAX_SOG,5.475285171102662,4.0540540540540535,-1.4212311170486087,10.832755598999263,12.253986716047873,16.308040770101925,RETROSPECTIVE_HISTORY_DIAGNOSTIC
2026-10-06,8483524,REMOVE_MAX_RATE,5.475285171102662,4.0540540540540535,-1.4212311170486087,10.832755598999263,12.253986716047873,16.308040770101925,RETROSPECTIVE_HISTORY_DIAGNOSTIC
2026-10-06,8483524,WINSOR_TOP_SOG_TO_SECOND_MAX,5.475285171102662,5.019011406844106,-0.45627376425855637,10.832755598999263,11.28902936325782,16.308040770101925,RETROSPECTIVE_HISTORY_DIAGNOSTIC
2026-10-06,8483525,REMOVE_MAX_SOG,4.727116458960035,3.4224250325945245,-1.3046914263655105,3.635252879019058,4.939944305384568,8.362369337979093,RETROSPECTIVE_HISTORY_DIAGNOSTIC
2026-10-06,8483525,REMOVE_MAX_RATE,4.727116458960035,3.4224250325945245,-1.3046914263655105,3.635252879019058,4.939944305384568,8.362369337979093,RETROSPECTIVE_HISTORY_DIAGNOSTIC
2026-10-06,8483525,WINSOR_TOP_SOG_TO_SECOND_MAX,4.727116458960035,3.8676407391491185,-0.8594757198109164,3.635252879019058,4.494728598829974,8.362369337979093,RETROSPECTIVE_HISTORY_DIAGNOSTIC
2026-10-06,8483553,REMOVE_MAX_SOG,9.660798626019751,7.243752263672583,-2.4170463623471683,10.01133252152123,12.428378883868398,19.67213114754098,RETROSPECTIVE_HISTORY_DIAGNOSTIC
2026-10-06,8483553,REMOVE_MAX_RATE,9.660798626019751,7.243752263672583,-2.4170463623471683,10.01133252152123,12.428378883868398,19.67213114754098,RETROSPECTIVE_HISTORY_DIAGNOSTIC
2026-10-06,8483553,WINSOR_TOP_SOG_TO_SECOND_MAX,9.660798626019751,8.37269214255045,-1.288106483469301,10.01133252152123,11.29943900499053,19.67213114754098,RETROSPECTIVE_HISTORY_DIAGNOSTIC
2026-10-06,8483570,REMOVE_MAX_SOG,3.002001334222815,2.2652194431335535,-0.7367818910892616,3.002001334222815,2.2652194431335535,0.0,RETROSPECTIVE_HISTORY_DIAGNOSTIC
2026-10-06,8483570,REMOVE_MAX_RATE,3.002001334222815,2.2652194431335535,-0.7367818910892616,3.002001334222815,2.2652194431335535,0.0,RETROSPECTIVE_HISTORY_DIAGNOSTIC
2026-10-06,8483570,WINSOR_TOP_SOG_TO_SECOND_MAX,3.002001334222815,2.5016677785190127,-0.5003335557038024,3.002001334222815,2.5016677785190127,0.0,RETROSPECTIVE_HISTORY_DIAGNOSTIC
2026-10-06,8483676,REMOVE_MAX_SOG,6.581571599521341,5.989352262644188,-0.5922193368771529,4.721411132032818,5.313630468909971,11.30298273155416,RETROSPECTIVE_HISTORY_DIAGNOSTIC
2026-10-06,8483676,REMOVE_MAX_RATE,6.581571599521341,5.989352262644188,-0.5922193368771529,4.721411132032818,5.313630468909971,11.30298273155416,RETROSPECTIVE_HISTORY_DIAGNOSTIC
2026-10-06,8483676,WINSOR_TOP_SOG_TO_SECOND_MAX,6.581571599521341,6.581571599521341,0.0,4.721411132032818,4.721411132032818,11.30298273155416,RETROSPECTIVE_HISTORY_DIAGNOSTIC
2026-10-06,8483679,REMOVE_MAX_SOG,2.7690603655159682,1.987413050679033,-0.7816473148369352,2.7690603655159682,1.987413050679033,0.0,RETROSPECTIVE_HISTORY_DIAGNOSTIC
2026-10-06,8483679,REMOVE_MAX_RATE,2.7690603655159682,1.987413050679033,-0.7816473148369352,2.7690603655159682,1.987413050679033,0.0,RETROSPECTIVE_HISTORY_DIAGNOSTIC
2026-10-06,8483679,WINSOR_TOP_SOG_TO_SECOND_MAX,2.7690603655159682,2.7690603655159682,0.0,2.7690603655159682,2.7690603655159682,0.0,RETROSPECTIVE_HISTORY_DIAGNOSTIC
2026-10-06,8483690,REMOVE_MAX_SOG,4.102564102564103,3.577550868301408,-0.525013234262695,4.102564102564103,3.577550868301408,0.0,RETROSPECTIVE_HISTORY_DIAGNOSTIC
2026-10-06,8483690,REMOVE_MAX_RATE,4.102564102564103,3.5508211273857078,-0.5517429751783953,4.102564102564103,3.5508211273857078,0.0,RETROSPECTIVE_HISTORY_DIAGNOSTIC
2026-10-06,8483690,WINSOR_TOP_SOG_TO_SECOND_MAX,4.102564102564103,4.102564102564103,0.0,4.102564102564103,4.102564102564103,0.0,RETROSPECTIVE_HISTORY_DIAGNOSTIC
2026-10-06,8483695,REMOVE_MAX_SOG,3.4873583260680037,2.4922118380062304,-0.9951464880617733,14.15970049746141,15.154846985523182,17.647058823529413,RETROSPECTIVE_HISTORY_DIAGNOSTIC
2026-10-06,8483695,REMOVE_MAX_RATE,3.4873583260680037,2.97029702970297,-0.5170612963650338,14.15970049746141,14.676761793826444,17.647058823529413,RETROSPECTIVE_HISTORY_DIAGNOSTIC
2026-10-06,8483695,WINSOR_TOP_SOG_TO_SECOND_MAX,3.4873583260680037,2.615518744551003,-0.8718395815170008,14.15970049746141,15.03154007897841,17.647058823529413,RETROSPECTIVE_HISTORY_DIAGNOSTIC
2026-10-06,8483771,REMOVE_MAX_SOG,8.04709038074659,6.966329407862,-1.0807609728845904,2.9695163327917244,1.888755359907134,5.077574047954866,RETROSPECTIVE_HISTORY_DIAGNOSTIC
2026-10-06,8483771,REMOVE_MAX_RATE,8.04709038074659,6.966329407862,-1.0807609728845904,2.9695163327917244,1.888755359907134,5.077574047954866,RETROSPECTIVE_HISTORY_DIAGNOSTIC
2026-10-06,8483771,WINSOR_TOP_SOG_TO_SECOND_MAX,8.04709038074659,7.600029804038446,-0.4470605767081448,2.9695163327917244,2.5224557560835796,5.077574047954866,RETROSPECTIVE_HISTORY_DIAGNOSTIC
2026-10-06,8483890,REMOVE_MAX_SOG,6.712564543889846,5.75981568589805,-0.9527488579917955,2.739054610115011,1.7863057521232153,3.9735099337748347,RETROSPECTIVE_HISTORY_DIAGNOSTIC
2026-10-06,8483890,REMOVE_MAX_RATE,6.712564543889846,5.701796065760715,-1.0107684781291306,2.739054610115011,1.7282861319858802,3.9735099337748347,RETROSPECTIVE_HISTORY_DIAGNOSTIC
2026-10-06,8483890,WINSOR_TOP_SOG_TO_SECOND_MAX,6.712564543889846,6.712564543889846,0.0,2.739054610115011,2.739054610115011,3.9735099337748347,RETROSPECTIVE_HISTORY_DIAGNOSTIC
2026-10-06,8484145,REMOVE_MAX_SOG,6.966618287373005,6.080567519635165,-0.8860507677378395,1.1648455234729251,0.2787947557350856,5.80177276390008,RETROSPECTIVE_HISTORY_DIAGNOSTIC
2026-10-06,8484145,REMOVE_MAX_RATE,6.966618287373005,6.080567519635165,-0.8860507677378395,1.1648455234729251,0.2787947557350856,5.80177276390008,RETROSPECTIVE_HISTORY_DIAGNOSTIC
2026-10-06,8484145,WINSOR_TOP_SOG_TO_SECOND_MAX,6.966618287373005,6.618287373004354,-0.3483309143686508,1.1648455234729251,0.8165146091042743,5.80177276390008,RETROSPECTIVE_HISTORY_DIAGNOSTIC
2026-10-06,8484158,REMOVE_MAX_SOG,4.108885464817669,3.336422613531047,-0.7724628512866216,7.129407979511156,7.901870830797778,11.238293444328825,RETROSPECTIVE_HISTORY_DIAGNOSTIC
2026-10-06,8484158,REMOVE_MAX_RATE,4.108885464817669,3.336422613531047,-0.7724628512866216,7.129407979511156,7.901870830797778,11.238293444328825,RETROSPECTIVE_HISTORY_DIAGNOSTIC
2026-10-06,8484158,WINSOR_TOP_SOG_TO_SECOND_MAX,4.108885464817669,3.7664783427495294,-0.3424071220681393,7.129407979511156,7.4718151015792955,11.238293444328825,RETROSPECTIVE_HISTORY_DIAGNOSTIC
2026-10-06,8484160,REMOVE_MAX_SOG,1.983143282102132,1.1040574109853711,-0.8790858711167608,5.485736385947661,6.3648222570644215,7.468879668049793,RETROSPECTIVE_HISTORY_DIAGNOSTIC
2026-10-06,8484160,REMOVE_MAX_RATE,1.983143282102132,1.1040574109853711,-0.8790858711167608,5.485736385947661,6.3648222570644215,7.468879668049793,RETROSPECTIVE_HISTORY_DIAGNOSTIC
2026-10-06,8484160,WINSOR_TOP_SOG_TO_SECOND_MAX,1.983143282102132,1.487357461576599,-0.495785820525533,5.485736385947661,5.981522206473194,7.468879668049793,RETROSPECTIVE_HISTORY_DIAGNOSTIC
2026-10-06,8484164,REMOVE_MAX_SOG,6.584241714829176,5.787316132143719,-0.7969255826854571,1.0457801763676375,0.24885459368218044,5.538461538461538,RETROSPECTIVE_HISTORY_DIAGNOSTIC
2026-10-06,8484164,REMOVE_MAX_RATE,6.584241714829176,5.787316132143719,-0.7969255826854571,1.0457801763676375,0.24885459368218044,5.538461538461538,RETROSPECTIVE_HISTORY_DIAGNOSTIC
2026-10-06,8484164,WINSOR_TOP_SOG_TO_SECOND_MAX,6.584241714829176,6.145292267173897,-0.4389494476552791,1.0457801763676375,0.6068307287123584,5.538461538461538,RETROSPECTIVE_HISTORY_DIAGNOSTIC
2026-10-06,8484185,REMOVE_MAX_SOG,4.534461910519952,3.627256239744365,-0.9072056707755873,4.534461910519952,3.627256239744365,0.0,RETROSPECTIVE_HISTORY_DIAGNOSTIC
2026-10-06,8484185,REMOVE_MAX_RATE,4.534461910519952,3.627256239744365,-0.9072056707755873,4.534461910519952,3.627256239744365,0.0,RETROSPECTIVE_HISTORY_DIAGNOSTIC
2026-10-06,8484185,WINSOR_TOP_SOG_TO_SECOND_MAX,4.534461910519952,4.081015719467957,-0.45344619105199513,4.534461910519952,4.081015719467957,0.0,RETROSPECTIVE_HISTORY_DIAGNOSTIC
2026-10-06,8484188,REMOVE_MAX_SOG,3.166783954961295,2.323330106485963,-0.843453848475332,0.8827098583120461,1.726163706787378,4.049493813273341,RETROSPECTIVE_HISTORY_DIAGNOSTIC
2026-10-06,8484188,REMOVE_MAX_RATE,3.166783954961295,2.323330106485963,-0.843453848475332,0.8827098583120461,1.726163706787378,4.049493813273341,RETROSPECTIVE_HISTORY_DIAGNOSTIC
2026-10-06,8484188,WINSOR_TOP_SOG_TO_SECOND_MAX,3.166783954961295,2.8149190710767065,-0.3518648838845886,0.8827098583120461,1.2345747421966347,4.049493813273341,RETROSPECTIVE_HISTORY_DIAGNOSTIC
2026-10-06,8484197,REMOVE_MAX_SOG,6.695278969957082,5.806638923836253,-0.8886400461208286,6.695278969957082,5.806638923836253,0.0,RETROSPECTIVE_HISTORY_DIAGNOSTIC
2026-10-06,8484197,REMOVE_MAX_RATE,6.695278969957082,5.806638923836253,-0.8886400461208286,6.695278969957082,5.806638923836253,0.0,RETROSPECTIVE_HISTORY_DIAGNOSTIC
2026-10-06,8484197,WINSOR_TOP_SOG_TO_SECOND_MAX,6.695278969957082,6.180257510729613,-0.5150214592274684,6.695278969957082,6.180257510729613,0.0,RETROSPECTIVE_HISTORY_DIAGNOSTIC
2026-10-06,8484210,REMOVE_MAX_SOG,5.2737317930688095,4.644289634789951,-0.6294421582788585,0.9100954294324461,0.2806532711535876,4.363636363636363,RETROSPECTIVE_HISTORY_DIAGNOSTIC
2026-10-06,8484210,REMOVE_MAX_RATE,5.2737317930688095,4.625735912531539,-0.6479958805372705,0.9100954294324461,0.2620995488951756,4.363636363636363,RETROSPECTIVE_HISTORY_DIAGNOSTIC
2026-10-06,8484210,WINSOR_TOP_SOG_TO_SECOND_MAX,5.2737317930688095,5.2737317930688095,0.0,0.9100954294324461,0.9100954294324461,4.363636363636363,RETROSPECTIVE_HISTORY_DIAGNOSTIC
2026-10-06,8484221,REMOVE_MAX_SOG,6.831665368250734,5.946481665014866,-0.8851837032358683,1.4728329016454609,2.358016604881329,8.304498269896195,RETROSPECTIVE_HISTORY_DIAGNOSTIC
2026-10-06,8484221,REMOVE_MAX_RATE,6.831665368250734,5.946481665014866,-0.8851837032358683,1.4728329016454609,2.358016604881329,8.304498269896195,RETROSPECTIVE_HISTORY_DIAGNOSTIC
2026-10-06,8484221,WINSOR_TOP_SOG_TO_SECOND_MAX,6.831665368250734,6.472104033079643,-0.3595613351710911,1.4728329016454609,1.832394236816552,8.304498269896195,RETROSPECTIVE_HISTORY_DIAGNOSTIC
2026-10-06,8484223,REMOVE_MAX_SOG,5.306916681408103,4.676235630317596,-0.630681051090507,0.06674200891901894,0.563939042171488,5.240174672489084,RETROSPECTIVE_HISTORY_DIAGNOSTIC
2026-10-06,8484223,REMOVE_MAX_RATE,5.306916681408103,4.499437570303712,-0.8074791111043904,0.06674200891901894,0.7407371021853715,5.240174672489084,RETROSPECTIVE_HISTORY_DIAGNOSTIC
2026-10-06,8484223,WINSOR_TOP_SOG_TO_SECOND_MAX,5.306916681408103,5.306916681408103,0.0,0.06674200891901894,0.06674200891901894,5.240174672489084,RETROSPECTIVE_HISTORY_DIAGNOSTIC
2026-10-06,8484241,REMOVE_MAX_SOG,8.502598016060462,7.015355834437601,-1.487242181622861,4.952302158072296,3.465059976449435,3.550295857988166,RETROSPECTIVE_HISTORY_DIAGNOSTIC
2026-10-06,8484241,REMOVE_MAX_RATE,8.502598016060462,7.015355834437601,-1.487242181622861,4.952302158072296,3.465059976449435,3.550295857988166,RETROSPECTIVE_HISTORY_DIAGNOSTIC
2026-10-06,8484241,WINSOR_TOP_SOG_TO_SECOND_MAX,8.502598016060462,7.287941156623254,-1.2146568594372082,4.952302158072296,3.737645298635088,3.550295857988166,RETROSPECTIVE_HISTORY_DIAGNOSTIC
2026-10-06,8484304,REMOVE_MAX_SOG,3.511646962425378,2.708978328173375,-0.8026686342520031,0.7087516307750898,1.511420265027093,4.220398593200468,RETROSPECTIVE_HISTORY_DIAGNOSTIC
2026-10-06,8484304,REMOVE_MAX_RATE,3.511646962425378,2.9587622511249463,-0.5528847113004316,0.7087516307750898,1.2616363420755214,4.220398593200468,RETROSPECTIVE_HISTORY_DIAGNOSTIC
2026-10-06,8484304,WINSOR_TOP_SOG_TO_SECOND_MAX,3.511646962425378,3.1604822661828402,-0.35116469624253766,0.7087516307750898,1.0599163270176275,4.220398593200468,RETROSPECTIVE_HISTORY_DIAGNOSTIC
2026-10-06,8484305,REMOVE_MAX_SOG,1.104904548523725,0.8594141660101697,-0.24549038251355526,1.104904548523725,0.8594141660101697,0.0,RETROSPECTIVE_HISTORY_DIAGNOSTIC
2026-10-06,8484305,REMOVE_MAX_RATE,1.104904548523725,0.806234883095942,-0.29866966542778295,1.104904548523725,0.806234883095942,0.0,RETROSPECTIVE_HISTORY_DIAGNOSTIC
2026-10-06,8484305,WINSOR_TOP_SOG_TO_SECOND_MAX,1.104904548523725,1.104904548523725,0.0,1.104904548523725,1.104904548523725,0.0,RETROSPECTIVE_HISTORY_DIAGNOSTIC
2026-10-06,8484321,REMOVE_MAX_SOG,3.046651856553475,2.2849888924151065,-0.7616629641383685,4.189529047969138,4.951192012107507,7.236180904522613,RETROSPECTIVE_HISTORY_DIAGNOSTIC
2026-10-06,8484321,REMOVE_MAX_RATE,3.046651856553475,2.596840510711967,-0.44981134584150784,4.189529047969138,4.639340393810646,7.236180904522613,RETROSPECTIVE_HISTORY_DIAGNOSTIC
2026-10-06,8484321,WINSOR_TOP_SOG_TO_SECOND_MAX,3.046651856553475,3.046651856553475,0.0,4.189529047969138,4.189529047969138,7.236180904522613,RETROSPECTIVE_HISTORY_DIAGNOSTIC
2026-10-06,8484386,REMOVE_MAX_SOG,3.5937707972847064,3.1415962300845237,-0.4521745672001827,3.5937707972847064,3.1415962300845237,0.0,RETROSPECTIVE_HISTORY_DIAGNOSTIC
2026-10-06,8484386,REMOVE_MAX_RATE,3.5937707972847064,3.0509952055789626,-0.5427755917057437,3.5937707972847064,3.0509952055789626,0.0,RETROSPECTIVE_HISTORY_DIAGNOSTIC
2026-10-06,8484386,WINSOR_TOP_SOG_TO_SECOND_MAX,3.5937707972847064,3.5937707972847064,0.0,3.5937707972847064,3.5937707972847064,0.0,RETROSPECTIVE_HISTORY_DIAGNOSTIC
2026-10-06,8484388,REMOVE_MAX_SOG,4.975949577044286,3.9641340254837183,-1.0118155515605678,4.975949577044286,3.9641340254837183,0.0,RETROSPECTIVE_HISTORY_DIAGNOSTIC
2026-10-06,8484388,REMOVE_MAX_RATE,4.975949577044286,3.8574577516531954,-1.1184918253910907,4.975949577044286,3.8574577516531954,0.0,RETROSPECTIVE_HISTORY_DIAGNOSTIC
2026-10-06,8484388,WINSOR_TOP_SOG_TO_SECOND_MAX,4.975949577044286,4.975949577044286,0.0,4.975949577044286,4.975949577044286,0.0,RETROSPECTIVE_HISTORY_DIAGNOSTIC
2026-10-06,8484390,REMOVE_MAX_SOG,4.613610149942328,3.5997120230381565,-1.0138981269041718,1.2116325685042737,2.2255306954084455,5.825242718446602,RETROSPECTIVE_HISTORY_DIAGNOSTIC
2026-10-06,8484390,REMOVE_MAX_RATE,4.613610149942328,3.5997120230381565,-1.0138981269041718,1.2116325685042737,2.2255306954084455,5.825242718446602,RETROSPECTIVE_HISTORY_DIAGNOSTIC
2026-10-06,8484390,WINSOR_TOP_SOG_TO_SECOND_MAX,4.613610149942328,4.036908881199538,-0.5767012687427906,1.2116325685042737,1.7883338372470643,5.825242718446602,RETROSPECTIVE_HISTORY_DIAGNOSTIC
2026-10-06,8484403,REMOVE_MAX_SOG,5.726752113444232,5.0033355570380245,-0.7234165564062076,1.0914297047375863,1.8148462611437939,6.818181818181818,RETROSPECTIVE_HISTORY_DIAGNOSTIC
2026-10-06,8484403,REMOVE_MAX_RATE,5.726752113444232,4.721435316336166,-1.0053167971080663,1.0914297047375863,2.0967465018456526,6.818181818181818,RETROSPECTIVE_HISTORY_DIAGNOSTIC
2026-10-06,8484403,WINSOR_TOP_SOG_TO_SECOND_MAX,5.726752113444232,5.726752113444232,0.0,1.0914297047375863,1.0914297047375863,6.818181818181818,RETROSPECTIVE_HISTORY_DIAGNOSTIC
2026-10-06,8484471,REMOVE_MAX_SOG,3.585728799378474,2.7906976744186047,-0.7950311249598694,2.977625804085518,3.7726569290453873,6.563354603463992,RETROSPECTIVE_HISTORY_DIAGNOSTIC
2026-10-06,8484471,REMOVE_MAX_RATE,3.585728799378474,2.7906976744186047,-0.7950311249598694,2.977625804085518,3.7726569290453873,6.563354603463992,RETROSPECTIVE_HISTORY_DIAGNOSTIC
2026-10-06,8484471,WINSOR_TOP_SOG_TO_SECOND_MAX,3.585728799378474,3.2271559194406265,-0.3585728799378476,2.977625804085518,3.3361986840233655,6.563354603463992,RETROSPECTIVE_HISTORY_DIAGNOSTIC
2026-10-06,8484759,REMOVE_MAX_SOG,4.886355223217591,4.638378285517952,-0.24797693769963924,2.124355584961572,2.3723325226612113,7.010710808179163,RETROSPECTIVE_HISTORY_DIAGNOSTIC
2026-10-06,8484759,REMOVE_MAX_RATE,4.886355223217591,4.415372035977105,-0.4709831872404857,2.124355584961572,2.5953387722020578,7.010710808179163,RETROSPECTIVE_HISTORY_DIAGNOSTIC
2026-10-06,8484759,WINSOR_TOP_SOG_TO_SECOND_MAX,4.886355223217591,4.886355223217591,0.0,2.124355584961572,2.124355584961572,7.010710808179163,RETROSPECTIVE_HISTORY_DIAGNOSTIC
2026-10-06,8484783,REMOVE_MAX_SOG,4.126547455295737,3.0682689849143445,-1.0582784703813921,0.7932141219624036,0.2650643484189885,3.333333333333333,RETROSPECTIVE_HISTORY_DIAGNOSTIC
2026-10-06,8484783,REMOVE_MAX_RATE,4.126547455295737,3.0682689849143445,-1.0582784703813921,0.7932141219624036,0.2650643484189885,3.333333333333333,RETROSPECTIVE_HISTORY_DIAGNOSTIC
2026-10-06,8484783,WINSOR_TOP_SOG_TO_SECOND_MAX,4.126547455295737,3.301237964236589,-0.8253094910591474,0.7932141219624036,0.03209536909674382,3.333333333333333,RETROSPECTIVE_HISTORY_DIAGNOSTIC
2026-10-06,8484786,REMOVE_MAX_SOG,2.0703933747412013,0.0,-2.0703933747412013,2.0703933747412013,0.0,0.0,RETROSPECTIVE_HISTORY_DIAGNOSTIC
2026-10-06,8484786,REMOVE_MAX_RATE,2.0703933747412013,0.0,-2.0703933747412013,2.0703933747412013,0.0,0.0,RETROSPECTIVE_HISTORY_DIAGNOSTIC
2026-10-06,8484786,WINSOR_TOP_SOG_TO_SECOND_MAX,2.0703933747412013,0.0,-2.0703933747412013,2.0703933747412013,0.0,0.0,RETROSPECTIVE_HISTORY_DIAGNOSTIC
2026-10-06,8484790,REMOVE_MAX_SOG,7.259040193574405,5.233775296580601,-2.0252648969938045,0.665633600167812,1.3596312968259925,6.593406593406593,RETROSPECTIVE_HISTORY_DIAGNOSTIC
2026-10-06,8484790,REMOVE_MAX_RATE,7.259040193574405,5.233775296580601,-2.0252648969938045,0.665633600167812,1.3596312968259925,6.593406593406593,RETROSPECTIVE_HISTORY_DIAGNOSTIC
2026-10-06,8484790,WINSOR_TOP_SOG_TO_SECOND_MAX,7.259040193574405,5.645920150557871,-1.6131200430165338,0.665633600167812,0.9474864428487217,6.593406593406593,RETROSPECTIVE_HISTORY_DIAGNOSTIC
2026-10-06,8484794,REMOVE_MAX_SOG,8.957897879964168,7.342015558080588,-1.6158823218835803,4.202283613121368,2.586401291237788,4.7556142668428,RETROSPECTIVE_HISTORY_DIAGNOSTIC
2026-10-06,8484794,REMOVE_MAX_RATE,8.957897879964168,8.205293218566487,-0.7526046613976813,4.202283613121368,3.449678951723687,4.7556142668428,RETROSPECTIVE_HISTORY_DIAGNOSTIC
2026-10-06,8484794,WINSOR_TOP_SOG_TO_SECOND_MAX,8.957897879964168,7.614213197969542,-1.3436846819946258,4.202283613121368,2.8585989311267426,4.7556142668428,RETROSPECTIVE_HISTORY_DIAGNOSTIC
2026-10-06,8484797,REMOVE_MAX_SOG,7.555089192025185,7.014809041309432,-0.5402801507157529,7.555089192025185,7.014809041309432,0.0,RETROSPECTIVE_HISTORY_DIAGNOSTIC
2026-10-06,8484797,REMOVE_MAX_RATE,7.555089192025185,6.764374295377678,-0.7907148966475068,7.555089192025185,6.764374295377678,0.0,RETROSPECTIVE_HISTORY_DIAGNOSTIC
2026-10-06,8484797,WINSOR_TOP_SOG_TO_SECOND_MAX,7.555089192025185,7.555089192025185,0.0,7.555089192025185,7.555089192025185,0.0,RETROSPECTIVE_HISTORY_DIAGNOSTIC
2026-10-06,8484800,REMOVE_MAX_SOG,5.173900546133947,4.306563521811946,-0.8673370243220004,6.3769015929034865,7.244238617225487,11.550802139037433,RETROSPECTIVE_HISTORY_DIAGNOSTIC
2026-10-06,8484800,REMOVE_MAX_RATE,5.173900546133947,4.306563521811946,-0.8673370243220004,6.3769015929034865,7.244238617225487,11.550802139037433,RETROSPECTIVE_HISTORY_DIAGNOSTIC
2026-10-06,8484800,WINSOR_TOP_SOG_TO_SECOND_MAX,5.173900546133947,4.742742167289451,-0.43115837884449526,6.3769015929034865,6.808059971747982,11.550802139037433,RETROSPECTIVE_HISTORY_DIAGNOSTIC
2026-10-06,8484803,REMOVE_MAX_SOG,12.816299704239238,10.911295211153767,-1.905004493085471,12.816299704239238,10.911295211153767,0.0,RETROSPECTIVE_HISTORY_DIAGNOSTIC
2026-10-06,8484803,REMOVE_MAX_RATE,12.816299704239238,10.911295211153767,-1.905004493085471,12.816299704239238,10.911295211153767,0.0,RETROSPECTIVE_HISTORY_DIAGNOSTIC
2026-10-06,8484803,WINSOR_TOP_SOG_TO_SECOND_MAX,12.816299704239238,11.830430496220835,-0.9858692080184035,12.816299704239238,11.830430496220835,0.0,RETROSPECTIVE_HISTORY_DIAGNOSTIC
2026-10-06,8485366,REMOVE_MAX_SOG,7.7531164487686235,7.121963627114333,-0.6311528216542905,2.9626972870919763,2.331544465437686,4.790419161676647,RETROSPECTIVE_HISTORY_DIAGNOSTIC
2026-10-06,8485366,REMOVE_MAX_RATE,7.7531164487686235,7.121963627114333,-0.6311528216542905,2.9626972870919763,2.331544465437686,4.790419161676647,RETROSPECTIVE_HISTORY_DIAGNOSTIC
2026-10-06,8485366,WINSOR_TOP_SOG_TO_SECOND_MAX,7.7531164487686235,7.525083612040134,-0.22803283672848984,2.9626972870919763,2.7346644503634865,4.790419161676647,RETROSPECTIVE_HISTORY_DIAGNOSTIC
2026-10-06,8485388,REMOVE_MAX_SOG,9.098428453267164,7.1954771286619845,-1.90295132460518,1.1073074765746016,0.7956438480305783,7.991120976692563,RETROSPECTIVE_HISTORY_DIAGNOSTIC
2026-10-06,8485388,REMOVE_MAX_RATE,9.098428453267164,7.1954771286619845,-1.90295132460518,1.1073074765746016,0.7956438480305783,7.991120976692563,RETROSPECTIVE_HISTORY_DIAGNOSTIC
2026-10-06,8485388,WINSOR_TOP_SOG_TO_SECOND_MAX,9.098428453267164,8.27129859387924,-0.8271298593879237,1.1073074765746016,0.2801776171866779,7.991120976692563,RETROSPECTIVE_HISTORY_DIAGNOSTIC
2026-10-06,8485391,REMOVE_MAX_SOG,9.7165991902834,8.671042331546937,-1.0455568587364628,6.496563412108086,5.451006553371624,3.2200357781753133,RETROSPECTIVE_HISTORY_DIAGNOSTIC
2026-10-06,8485391,REMOVE_MAX_RATE,9.7165991902834,8.671042331546937,-1.0455568587364628,6.496563412108086,5.451006553371624,3.2200357781753133,RETROSPECTIVE_HISTORY_DIAGNOSTIC
2026-10-06,8485391,WINSOR_TOP_SOG_TO_SECOND_MAX,9.7165991902834,9.392712550607285,-0.32388663967611464,6.496563412108086,6.172676772431972,3.2200357781753133,RETROSPECTIVE_HISTORY_DIAGNOSTIC
2026-10-06,8485702,REMOVE_MAX_SOG,7.94640074789654,6.834311749759046,-1.1120889981374935,1.0892578907536832,0.022831107383810334,6.857142857142857,RETROSPECTIVE_HISTORY_DIAGNOSTIC
2026-10-06,8485702,REMOVE_MAX_RATE,7.94640074789654,6.832515767344078,-1.113884980552462,1.0892578907536832,0.024627089798778812,6.857142857142857,RETROSPECTIVE_HISTORY_DIAGNOSTIC
2026-10-06,8485702,WINSOR_TOP_SOG_TO_SECOND_MAX,7.94640074789654,7.94640074789654,0.0,1.0892578907536832,1.0892578907536832,6.857142857142857,RETROSPECTIVE_HISTORY_DIAGNOSTIC
2026-10-06,8485957,REMOVE_MAX_SOG,1.5482539136418372,1.1992804317409553,-0.34897348190088184,1.5482539136418372,1.1992804317409553,0.0,RETROSPECTIVE_HISTORY_DIAGNOSTIC
2026-10-06,8485957,REMOVE_MAX_RATE,1.5482539136418372,1.1992804317409553,-0.34897348190088184,1.5482539136418372,1.1992804317409553,0.0,RETROSPECTIVE_HISTORY_DIAGNOSTIC
2026-10-06,8485957,WINSOR_TOP_SOG_TO_SECOND_MAX,1.5482539136418372,1.5482539136418372,0.0,1.5482539136418372,1.5482539136418372,0.0,RETROSPECTIVE_HISTORY_DIAGNOSTIC
2026-10-06,8486067,REMOVE_MAX_SOG,5.1819864281307835,3.9735099337748347,-1.2084764943559487,11.089200012547181,12.29767650690313,16.271186440677965,RETROSPECTIVE_HISTORY_DIAGNOSTIC
2026-10-06,8486067,REMOVE_MAX_RATE,5.1819864281307835,3.9735099337748347,-1.2084764943559487,11.089200012547181,12.29767650690313,16.271186440677965,RETROSPECTIVE_HISTORY_DIAGNOSTIC
2026-10-06,8486067,WINSOR_TOP_SOG_TO_SECOND_MAX,5.1819864281307835,3.7014188772362737,-1.4805675508945098,11.089200012547181,12.569767563441692,16.271186440677965,RETROSPECTIVE_HISTORY_DIAGNOSTIC
2026-10-07,8470613,REMOVE_MAX_SOG,6.498781478472787,6.157561122849381,-0.34122035562340614,0.37144752916080126,0.7126678847842074,6.870229007633588,RETROSPECTIVE_HISTORY_DIAGNOSTIC
2026-10-07,8470613,REMOVE_MAX_RATE,6.498781478472787,6.119877602447952,-0.3789038760248351,0.37144752916080126,0.7503514051856364,6.870229007633588,RETROSPECTIVE_HISTORY_DIAGNOSTIC
2026-10-07,8470613,WINSOR_TOP_SOG_TO_SECOND_MAX,6.498781478472787,6.498781478472787,0.0,0.37144752916080126,0.37144752916080126,6.870229007633588,RETROSPECTIVE_HISTORY_DIAGNOSTIC
2026-10-07,8471214,REMOVE_MAX_SOG,11.913626209977663,10.26132165822958,-1.6523045517480828,3.392916150806064,1.7406115990579814,8.520710059171599,RETROSPECTIVE_HISTORY_DIAGNOSTIC
2026-10-07,8471214,REMOVE_MAX_RATE,11.913626209977663,10.26132165822958,-1.6523045517480828,3.392916150806064,1.7406115990579814,8.520710059171599,RETROSPECTIVE_HISTORY_DIAGNOSTIC
2026-10-07,8471214,WINSOR_TOP_SOG_TO_SECOND_MAX,11.913626209977663,10.796723752792255,-1.1169024571854074,3.392916150806064,2.2760136936206568,8.520710059171599,RETROSPECTIVE_HISTORY_DIAGNOSTIC
2026-10-07,8471215,REMOVE_MAX_SOG,8.065871282137454,6.764374295377676,-1.301496986759778,4.610976848356264,3.3094798615964867,3.4548944337811895,RETROSPECTIVE_HISTORY_DIAGNOSTIC
2026-10-07,8471215,REMOVE_MAX_RATE,8.065871282137454,6.764374295377676,-1.301496986759778,4.610976848356264,3.3094798615964867,3.4548944337811895,RETROSPECTIVE_HISTORY_DIAGNOSTIC
2026-10-07,8471215,WINSOR_TOP_SOG_TO_SECOND_MAX,8.065871282137454,7.393715341959333,-0.6721559401781212,4.610976848356264,3.9388209081781436,3.4548944337811895,RETROSPECTIVE_HISTORY_DIAGNOSTIC
2026-10-07,8471675,REMOVE_MAX_SOG,8.331944675887351,7.47291069871715,-0.8590339771702018,2.054699688964946,1.195665711794744,6.277244986922406,RETROSPECTIVE_HISTORY_DIAGNOSTIC
2026-10-07,8471675,REMOVE_MAX_RATE,8.331944675887351,7.622043433549089,-0.7099012423382627,2.054699688964946,1.3447984466266831,6.277244986922406,RETROSPECTIVE_HISTORY_DIAGNOSTIC
2026-10-07,8471675,WINSOR_TOP_SOG_TO_SECOND_MAX,8.331944675887351,7.998666888851858,-0.3332777870354935,2.054699688964946,1.7214219019294523,6.277244986922406,RETROSPECTIVE_HISTORY_DIAGNOSTIC
2026-10-07,8471724,REMOVE_MAX_SOG,3.3985581874356336,2.3935715506924264,-1.0049866367432072,7.026152237274792,8.031138874018,10.424710424710426,RETROSPECTIVE_HISTORY_DIAGNOSTIC
2026-10-07,8471724,REMOVE_MAX_RATE,3.3985581874356336,2.3935715506924264,-1.0049866367432072,7.026152237274792,8.031138874018,10.424710424710426,RETROSPECTIVE_HISTORY_DIAGNOSTIC
2026-10-07,8471724,WINSOR_TOP_SOG_TO_SECOND_MAX,3.3985581874356336,3.089598352214212,-0.30895983522142156,7.026152237274792,7.335112072496214,10.424710424710426,RETROSPECTIVE_HISTORY_DIAGNOSTIC
2026-10-07,8473986,REMOVE_MAX_SOG,4.952246197382385,4.405874499332444,-0.5463716980499411,7.679332749986036,8.225704448035977,12.631578947368421,RETROSPECTIVE_HISTORY_DIAGNOSTIC
2026-10-07,8473986,REMOVE_MAX_RATE,4.952246197382385,4.405874499332444,-0.5463716980499411,7.679332749986036,8.225704448035977,12.631578947368421,RETROSPECTIVE_HISTORY_DIAGNOSTIC
2026-10-07,8473986,WINSOR_TOP_SOG_TO_SECOND_MAX,4.952246197382385,4.598514326140786,-0.35373187124159866,7.679332749986036,8.033064621227634,12.631578947368421,RETROSPECTIVE_HISTORY_DIAGNOSTIC
2026-10-07,8474578,REMOVE_MAX_SOG,4.780652418447693,4.093198992443325,-0.6874534260043683,4.92285162467899,5.610305050683358,9.703504043126683,RETROSPECTIVE_HISTORY_DIAGNOSTIC
2026-10-07,8474578,REMOVE_MAX_RATE,4.780652418447693,4.093198992443325,-0.6874534260043683,4.92285162467899,5.610305050683358,9.703504043126683,RETROSPECTIVE_HISTORY_DIAGNOSTIC
2026-10-07,8474578,WINSOR_TOP_SOG_TO_SECOND_MAX,4.780652418447693,4.499437570303711,-0.281214848143982,4.92285162467899,5.204066472822972,9.703504043126683,RETROSPECTIVE_HISTORY_DIAGNOSTIC
2026-10-07,8475172,REMOVE_MAX_SOG,8.774160732451678,7.817589576547231,-0.956571155904447,4.4855077758356146,5.4420789317400615,13.259668508287293,RETROSPECTIVE_HISTORY_DIAGNOSTIC
2026-10-07,8475172,REMOVE_MAX_RATE,8.774160732451678,7.817589576547231,-0.956571155904447,4.4855077758356146,5.4420789317400615,13.259668508287293,RETROSPECTIVE_HISTORY_DIAGNOSTIC
2026-10-07,8475172,WINSOR_TOP_SOG_TO_SECOND_MAX,8.774160732451678,8.39267548321465,-0.38148524923702887,4.4855077758356146,4.866993025072643,13.259668508287293,RETROSPECTIVE_HISTORY_DIAGNOSTIC
2026-10-07,8475218,REMOVE_MAX_SOG,1.7922039129785434,1.3337779259753253,-0.4584259870032181,0.9433583970518511,1.4017843840550692,2.7355623100303945,RETROSPECTIVE_HISTORY_DIAGNOSTIC
2026-10-07,8475218,REMOVE_MAX_RATE,1.7922039129785434,1.3337779259753253,-0.4584259870032181,0.9433583970518511,1.4017843840550692,2.7355623100303945,RETROSPECTIVE_HISTORY_DIAGNOSTIC
2026-10-07,8475218,WINSOR_TOP_SOG_TO_SECOND_MAX,1.7922039129785434,1.493503260815453,-0.2987006521630904,0.9433583970518511,1.2420590492149415,2.7355623100303945,RETROSPECTIVE_HISTORY_DIAGNOSTIC
2026-10-07,8475754,REMOVE_MAX_SOG,4.8619739614283395,4.279091881611792,-0.5828820798165477,4.8619739614283395,4.279091881611792,0.0,RETROSPECTIVE_HISTORY_DIAGNOSTIC
2026-10-07,8475754,REMOVE_MAX_RATE,4.8619739614283395,4.279091881611792,-0.5828820798165477,4.8619739614283395,4.279091881611792,0.0,RETROSPECTIVE_HISTORY_DIAGNOSTIC
2026-10-07,8475754,WINSOR_TOP_SOG_TO_SECOND_MAX,4.8619739614283395,4.8619739614283395,0.0,4.8619739614283395,4.8619739614283395,0.0,RETROSPECTIVE_HISTORY_DIAGNOSTIC
2026-10-07,8475768,REMOVE_MAX_SOG,5.251110811902518,4.0205494750949295,-1.2305613368075887,3.782766226993343,5.013327563800932,9.033877038895861,RETROSPECTIVE_HISTORY_DIAGNOSTIC
2026-10-07,8475768,REMOVE_MAX_RATE,5.251110811902518,4.0205494750949295,-1.2305613368075887,3.782766226993343,5.013327563800932,9.033877038895861,RETROSPECTIVE_HISTORY_DIAGNOSTIC
2026-10-07,8475768,WINSOR_TOP_SOG_TO_SECOND_MAX,5.251110811902518,5.251110811902518,0.0,3.782766226993343,3.782766226993343,9.033877038895861,RETROSPECTIVE_HISTORY_DIAGNOSTIC
2026-10-07,8475795,REMOVE_MAX_SOG,3.050330452465684,1.7283594987757451,-1.3219709536899387,3.050330452465684,1.7283594987757451,0.0,RETROSPECTIVE_HISTORY_DIAGNOSTIC
2026-10-07,8475795,REMOVE_MAX_RATE,3.050330452465684,1.7283594987757451,-1.3219709536899387,3.050330452465684,1.7283594987757451,0.0,RETROSPECTIVE_HISTORY_DIAGNOSTIC
2026-10-07,8475795,WINSOR_TOP_SOG_TO_SECOND_MAX,3.050330452465684,2.287747839349263,-0.7625826131164208,3.050330452465684,2.287747839349263,0.0,RETROSPECTIVE_HISTORY_DIAGNOSTIC
2026-10-07,8475798,REMOVE_MAX_SOG,4.231098574522742,3.7151702786377707,-0.5159282958849709,1.3373469011153087,1.8532751970002797,5.56844547563805,RETROSPECTIVE_HISTORY_DIAGNOSTIC
2026-10-07,8475798,REMOVE_MAX_RATE,4.231098574522742,3.7151702786377707,-0.5159282958849709,1.3373469011153087,1.8532751970002797,5.56844547563805,RETROSPECTIVE_HISTORY_DIAGNOSTIC
2026-10-07,8475798,WINSOR_TOP_SOG_TO_SECOND_MAX,4.231098574522742,4.231098574522742,0.0,1.3373469011153087,1.3373469011153087,5.56844547563805,RETROSPECTIVE_HISTORY_DIAGNOSTIC
2026-10-07,8475810,REMOVE_MAX_SOG,6.53707207982109,5.706676811869887,-0.8303952679512037,2.862405726967422,3.692800994918626,9.399477806788513,RETROSPECTIVE_HISTORY_DIAGNOSTIC
2026-10-07,8475810,REMOVE_MAX_RATE,6.53707207982109,5.706676811869887,-0.8303952679512037,2.862405726967422,3.692800994918626,9.399477806788513,RETROSPECTIVE_HISTORY_DIAGNOSTIC
2026-10-07,8475810,WINSOR_TOP_SOG_TO_SECOND_MAX,6.53707207982109,6.53707207982109,0.0,2.862405726967422,2.862405726967422,9.399477806788513,RETROSPECTIVE_HISTORY_DIAGNOSTIC
2026-10-07,8476312,REMOVE_MAX_SOG,6.594169366034244,5.958661783874371,-0.6355075821598728,6.594169366034244,5.958661783874371,0.0,RETROSPECTIVE_HISTORY_DIAGNOSTIC
2026-10-07,8476312,REMOVE_MAX_RATE,6.594169366034244,5.958661783874371,-0.6355075821598728,6.594169366034244,5.958661783874371,0.0,RETROSPECTIVE_HISTORY_DIAGNOSTIC
2026-10-07,8476312,WINSOR_TOP_SOG_TO_SECOND_MAX,6.594169366034244,6.594169366034244,0.0,6.594169366034244,6.594169366034244,0.0,RETROSPECTIVE_HISTORY_DIAGNOSTIC
2026-10-07,8476331,REMOVE_MAX_SOG,1.9462465245597773,1.861427094105481,-0.08481943045429641,1.9462465245597773,1.861427094105481,0.0,RETROSPECTIVE_HISTORY_DIAGNOSTIC
2026-10-07,8476331,REMOVE_MAX_RATE,1.9462465245597773,1.819560272934041,-0.12668625162573632,1.9462465245597773,1.819560272934041,0.0,RETROSPECTIVE_HISTORY_DIAGNOSTIC
2026-10-07,8476331,WINSOR_TOP_SOG_TO_SECOND_MAX,1.9462465245597773,1.9462465245597773,0.0,1.9462465245597773,1.9462465245597773,0.0,RETROSPECTIVE_HISTORY_DIAGNOSTIC
2026-10-07,8476392,REMOVE_MAX_SOG,3.063764600753175,2.5613660618996796,-0.5023985388534955,5.035223025793507,5.537621564647003,8.098987626546682,RETROSPECTIVE_HISTORY_DIAGNOSTIC
2026-10-07,8476392,REMOVE_MAX_RATE,3.063764600753175,2.557363074518718,-0.5064015262344572,5.035223025793507,5.541624552027964,8.098987626546682,RETROSPECTIVE_HISTORY_DIAGNOSTIC
2026-10-07,8476392,WINSOR_TOP_SOG_TO_SECOND_MAX,3.063764600753175,3.063764600753175,0.0,5.035223025793507,5.035223025793507,8.098987626546682,RETROSPECTIVE_HISTORY_DIAGNOSTIC
2026-10-07,8476432,REMOVE_MAX_SOG,10.559396605908235,9.937888198757763,-0.621508407150472,3.8429786954604737,3.2214702883100017,6.7164179104477615,RETROSPECTIVE_HISTORY_DIAGNOSTIC
2026-10-07,8476432,REMOVE_MAX_RATE,10.559396605908235,9.937888198757763,-0.621508407150472,3.8429786954604737,3.2214702883100017,6.7164179104477615,RETROSPECTIVE_HISTORY_DIAGNOSTIC
2026-10-07,8476432,WINSOR_TOP_SOG_TO_SECOND_MAX,10.559396605908235,10.18227529855437,-0.37712130735386573,3.8429786954604737,3.465857388106608,6.7164179104477615,RETROSPECTIVE_HISTORY_DIAGNOSTIC
2026-10-07,8476455,REMOVE_MAX_SOG,6.835761827666848,5.606728073688426,-1.2290337539784213,4.9546311854335885,6.18366493941201,11.790393013100436,RETROSPECTIVE_HISTORY_DIAGNOSTIC
2026-10-07,8476455,REMOVE_MAX_RATE,6.835761827666848,5.606728073688426,-1.2290337539784213,4.9546311854335885,6.18366493941201,11.790393013100436,RETROSPECTIVE_HISTORY_DIAGNOSTIC
2026-10-07,8476455,WINSOR_TOP_SOG_TO_SECOND_MAX,6.835761827666848,6.116207951070336,-0.7195538765965113,4.9546311854335885,5.6741850620301,11.790393013100436,RETROSPECTIVE_HISTORY_DIAGNOSTIC
2026-10-07,8476460,REMOVE_MAX_SOG,5.171423099023175,4.513459781849443,-0.6579633171737322,2.48084013938192,1.8228768222081877,2.6905829596412554,RETROSPECTIVE_HISTORY_DIAGNOSTIC
2026-10-07,8476460,REMOVE_MAX_RATE,5.171423099023175,4.513459781849443,-0.6579633171737322,2.48084013938192,1.8228768222081877,2.6905829596412554,RETROSPECTIVE_HISTORY_DIAGNOSTIC
2026-10-07,8476460,WINSOR_TOP_SOG_TO_SECOND_MAX,5.171423099023175,4.88412181574411,-0.28730128327906534,2.48084013938192,2.1935388561028546,2.6905829596412554,RETROSPECTIVE_HISTORY_DIAGNOSTIC
2026-10-07,8476473,REMOVE_MAX_SOG,3.078214635511404,2.491177081170853,-0.5870375543405508,3.078214635511404,2.491177081170853,0.0,RETROSPECTIVE_HISTORY_DIAGNOSTIC
2026-10-07,8476473,REMOVE_MAX_RATE,3.078214635511404,2.491177081170853,-0.5870375543405508,3.078214635511404,2.491177081170853,0.0,RETROSPECTIVE_HISTORY_DIAGNOSTIC
2026-10-07,8476473,WINSOR_TOP_SOG_TO_SECOND_MAX,3.078214635511404,2.7983769413740034,-0.27983769413740056,3.078214635511404,2.7983769413740034,0.0,RETROSPECTIVE_HISTORY_DIAGNOSTIC
2026-10-07,8476480,REMOVE_MAX_SOG,7.978060334081277,6.589785831960461,-1.3882745021208152,7.978060334081277,6.589785831960461,0.0,RETROSPECTIVE_HISTORY_DIAGNOSTIC
2026-10-07,8476480,REMOVE_MAX_RATE,7.978060334081277,6.589785831960461,-1.3882745021208152,7.978060334081277,6.589785831960461,0.0,RETROSPECTIVE_HISTORY_DIAGNOSTIC
2026-10-07,8476480,WINSOR_TOP_SOG_TO_SECOND_MAX,7.978060334081277,7.479431563201197,-0.49862877088007984,7.978060334081277,7.479431563201197,0.0,RETROSPECTIVE_HISTORY_DIAGNOSTIC
2026-10-07,8476483,REMOVE_MAX_SOG,9.930486593843098,8.090218190733022,-1.8402684031100751,0.636166456149466,1.2041019469606091,9.294320137693632,RETROSPECTIVE_HISTORY_DIAGNOSTIC
2026-10-07,8476483,REMOVE_MAX_RATE,9.930486593843098,8.090218190733022,-1.8402684031100751,0.636166456149466,1.2041019469606091,9.294320137693632,RETROSPECTIVE_HISTORY_DIAGNOSTIC
2026-10-07,8476483,WINSOR_TOP_SOG_TO_SECOND_MAX,9.930486593843098,8.937437934458787,-0.9930486593843106,0.636166456149466,0.35688220323484465,9.294320137693632,RETROSPECTIVE_HISTORY_DIAGNOSTIC
2026-10-07,8476880,REMOVE_MAX_SOG,6.5631152920586295,5.463817387081107,-1.0992979049775222,0.5076064611082503,0.591691443869272,6.055508830950379,RETROSPECTIVE_HISTORY_DIAGNOSTIC
2026-10-07,8476880,REMOVE_MAX_RATE,6.5631152920586295,5.463817387081107,-1.0992979049775222,0.5076064611082503,0.591691443869272,6.055508830950379,RETROSPECTIVE_HISTORY_DIAGNOSTIC
2026-10-07,8476880,WINSOR_TOP_SOG_TO_SECOND_MAX,6.5631152920586295,6.234959527455699,-0.32815576460293094,0.5076064611082503,0.1794506965053193,6.055508830950379,RETROSPECTIVE_HISTORY_DIAGNOSTIC
2026-10-07,8476967,REMOVE_MAX_SOG,4.008972462177254,2.8685258964143427,-1.140446565762911,2.9881120859277033,4.128558651690614,6.997084548104957,RETROSPECTIVE_HISTORY_DIAGNOSTIC
2026-10-07,8476967,REMOVE_MAX_RATE,4.008972462177254,2.8685258964143427,-1.140446565762911,2.9881120859277033,4.128558651690614,6.997084548104957,RETROSPECTIVE_HISTORY_DIAGNOSTIC
2026-10-07,8476967,WINSOR_TOP_SOG_TO_SECOND_MAX,4.008972462177254,3.436262110437646,-0.5727103517396079,2.9881120859277033,3.560822437667311,6.997084548104957,RETROSPECTIVE_HISTORY_DIAGNOSTIC
2026-10-07,8477450,REMOVE_MAX_SOG,4.860267314702309,4.51773209848656,-0.3425352162157491,1.4224551983866958,1.7649904146024449,6.282722513089005,RETROSPECTIVE_HISTORY_DIAGNOSTIC
2026-10-07,8477450,REMOVE_MAX_RATE,4.860267314702309,4.512635379061372,-0.347631935640937,1.4224551983866958,1.7700871340276327,6.282722513089005,RETROSPECTIVE_HISTORY_DIAGNOSTIC
2026-10-07,8477450,WINSOR_TOP_SOG_TO_SECOND_MAX,4.860267314702309,4.860267314702309,0.0,1.4224551983866958,1.4224551983866958,6.282722513089005,RETROSPECTIVE_HISTORY_DIAGNOSTIC
2026-10-07,8477476,REMOVE_MAX_SOG,4.2492917847025495,3.65608433367863,-0.5932074510239196,4.2492917847025495,3.65608433367863,0.0,RETROSPECTIVE_HISTORY_DIAGNOSTIC
2026-10-07,8477476,REMOVE_MAX_RATE,4.2492917847025495,3.65608433367863,-0.5932074510239196,4.2492917847025495,3.65608433367863,0.0,RETROSPECTIVE_HISTORY_DIAGNOSTIC
2026-10-07,8477476,WINSOR_TOP_SOG_TO_SECOND_MAX,4.2492917847025495,4.2492917847025495,0.0,4.2492917847025495,4.2492917847025495,0.0,RETROSPECTIVE_HISTORY_DIAGNOSTIC
2026-10-07,8477492,REMOVE_MAX_SOG,11.18119266055046,9.71025841816758,-1.4709342423828797,8.208442866991419,6.737508624608538,2.972749793559042,RETROSPECTIVE_HISTORY_DIAGNOSTIC
2026-10-07,8477492,REMOVE_MAX_RATE,11.18119266055046,9.71025841816758,-1.4709342423828797,8.208442866991419,6.737508624608538,2.972749793559042,RETROSPECTIVE_HISTORY_DIAGNOSTIC
2026-10-07,8477492,WINSOR_TOP_SOG_TO_SECOND_MAX,11.18119266055046,10.607798165137615,-0.5733944954128454,8.208442866991419,7.635048371578573,2.972749793559042,RETROSPECTIVE_HISTORY_DIAGNOSTIC
2026-10-07,8477504,REMOVE_MAX_SOG,7.441303511097806,6.218202374222725,-1.2231011368750817,1.147597217391512,0.0755039194835696,6.293706293706294,RETROSPECTIVE_HISTORY_DIAGNOSTIC
2026-10-07,8477504,REMOVE_MAX_RATE,7.441303511097806,6.218202374222725,-1.2231011368750817,1.147597217391512,0.0755039194835696,6.293706293706294,RETROSPECTIVE_HISTORY_DIAGNOSTIC
2026-10-07,8477504,WINSOR_TOP_SOG_TO_SECOND_MAX,7.441303511097806,6.671513492708378,-0.7697900183894282,1.147597217391512,0.3778071990020839,6.293706293706294,RETROSPECTIVE_HISTORY_DIAGNOSTIC
2026-10-07,8477845,REMOVE_MAX_SOG,2.799377916018662,1.3799448022079117,-1.4194331138107503,0.8591586693471918,2.278591783157942,3.658536585365854,RETROSPECTIVE_HISTORY_DIAGNOSTIC
2026-10-07,8477845,REMOVE_MAX_RATE,2.799377916018662,1.3799448022079117,-1.4194331138107503,0.8591586693471918,2.278591783157942,3.658536585365854,RETROSPECTIVE_HISTORY_DIAGNOSTIC
2026-10-07,8477845,WINSOR_TOP_SOG_TO_SECOND_MAX,2.799377916018662,1.555209953343701,-1.244167962674961,0.8591586693471918,2.103326632022153,3.658536585365854,RETROSPECTIVE_HISTORY_DIAGNOSTIC
2026-10-07,8477934,REMOVE_MAX_SOG,9.494672433801036,9.066183136899365,-0.42848929690167026,3.277055853490155,2.8485665565884846,6.217616580310881,RETROSPECTIVE_HISTORY_DIAGNOSTIC
2026-10-07,8477934,REMOVE_MAX_RATE,9.494672433801036,9.013842686983581,-0.48082974681745405,3.277055853490155,2.7962261066727008,6.217616580310881,RETROSPECTIVE_HISTORY_DIAGNOSTIC
2026-10-07,8477934,WINSOR_TOP_SOG_TO_SECOND_MAX,9.494672433801036,9.494672433801036,0.0,3.277055853490155,3.277055853490155,6.217616580310881,RETROSPECTIVE_HISTORY_DIAGNOSTIC
2026-10-07,8477949,REMOVE_MAX_SOG,9.021587369777682,7.845934379457916,-1.1756529903197661,10.35060993963936,11.526262929959127,19.372197309417043,RETROSPECTIVE_HISTORY_DIAGNOSTIC
2026-10-07,8477949,REMOVE_MAX_RATE,9.021587369777682,7.845934379457916,-1.1756529903197661,10.35060993963936,11.526262929959127,19.372197309417043,RETROSPECTIVE_HISTORY_DIAGNOSTIC
2026-10-07,8477949,WINSOR_TOP_SOG_TO_SECOND_MAX,9.021587369777682,8.699387820857053,-0.3221995489206293,10.35060993963936,10.67280948855999,19.372197309417043,RETROSPECTIVE_HISTORY_DIAGNOSTIC
2026-10-07,8477953,REMOVE_MAX_SOG,4.6263345195729535,3.981948500132732,-0.6443860194402213,6.371628820549246,7.016014839989467,10.9979633401222,RETROSPECTIVE_HISTORY_DIAGNOSTIC
2026-10-07,8477953,REMOVE_MAX_RATE,4.6263345195729535,3.981948500132732,-0.6443860194402213,6.371628820549246,7.016014839989467,10.9979633401222,RETROSPECTIVE_HISTORY_DIAGNOSTIC
2026-10-07,8477953,WINSOR_TOP_SOG_TO_SECOND_MAX,4.6263345195729535,4.270462633451958,-0.35587188612099574,6.371628820549246,6.7275007066702415,10.9979633401222,RETROSPECTIVE_HISTORY_DIAGNOSTIC
2026-10-07,8478013,REMOVE_MAX_SOG,5.04201680672269,4.358737287016246,-0.6832795197064438,1.2525431225121633,0.5692636028057194,3.7894736842105265,RETROSPECTIVE_HISTORY_DIAGNOSTIC
2026-10-07,8478013,REMOVE_MAX_RATE,5.04201680672269,4.358737287016246,-0.6832795197064438,1.2525431225121633,0.5692636028057194,3.7894736842105265,RETROSPECTIVE_HISTORY_DIAGNOSTIC
2026-10-07,8478013,WINSOR_TOP_SOG_TO_SECOND_MAX,5.04201680672269,4.68187274909964,-0.36014405762304946,1.2525431225121633,0.8923990648891138,3.7894736842105265,RETROSPECTIVE_HISTORY_DIAGNOSTIC
2026-10-07,8478038,REMOVE_MAX_SOG,2.799575821845175,2.3483365949119372,-0.4512392269332377,2.7904862899560676,3.2417255168893053,5.590062111801243,RETROSPECTIVE_HISTORY_DIAGNOSTIC
2026-10-07,8478038,REMOVE_MAX_RATE,2.799575821845175,2.3483365949119372,-0.4512392269332377,2.7904862899560676,3.2417255168893053,5.590062111801243,RETROSPECTIVE_HISTORY_DIAGNOSTIC
2026-10-07,8478038,WINSOR_TOP_SOG_TO_SECOND_MAX,2.799575821845175,2.545068928950159,-0.2545068928950158,2.7904862899560676,3.0449931828510834,5.590062111801243,RETROSPECTIVE_HISTORY_DIAGNOSTIC
2026-10-07,8478398,REMOVE_MAX_SOG,12.881679389312977,11.448560979487993,-1.4331184098249832,0.8314701842920567,0.6016482255329265,12.05020920502092,RETROSPECTIVE_HISTORY_DIAGNOSTIC
2026-10-07,8478398,REMOVE_MAX_RATE,12.881679389312977,11.448560979487993,-1.4331184098249832,0.8314701842920567,0.6016482255329265,12.05020920502092,RETROSPECTIVE_HISTORY_DIAGNOSTIC
2026-10-07,8478398,WINSOR_TOP_SOG_TO_SECOND_MAX,12.881679389312977,12.022900763358777,-0.8587786259541996,0.8314701842920567,0.027308441662142968,12.05020920502092,RETROSPECTIVE_HISTORY_DIAGNOSTIC
2026-10-07,8478402,REMOVE_MAX_SOG,10.37299563469767,9.134157944814461,-1.2388376898832085,7.9256808828281935,6.686843192944985,2.4473147518694764,RETROSPECTIVE_HISTORY_DIAGNOSTIC
2026-10-07,8478402,REMOVE_MAX_RATE,10.37299563469767,9.134157944814461,-1.2388376898832085,7.9256808828281935,6.686843192944985,2.4473147518694764,RETROSPECTIVE_HISTORY_DIAGNOSTIC
2026-10-07,8478402,WINSOR_TOP_SOG_TO_SECOND_MAX,10.37299563469767,9.854345852962785,-0.5186497817348847,7.9256808828281935,7.407031101093309,2.4473147518694764,RETROSPECTIVE_HISTORY_DIAGNOSTIC
2026-10-07,8478421,REMOVE_MAX_SOG,7.470021623746806,6.135417427507122,-1.3346041962396846,1.0184087205210002,0.31619547571868445,6.451612903225806,RETROSPECTIVE_HISTORY_DIAGNOSTIC
2026-10-07,8478421,REMOVE_MAX_RATE,7.470021623746806,6.135417427507122,-1.3346041962396846,1.0184087205210002,0.31619547571868445,6.451612903225806,RETROSPECTIVE_HISTORY_DIAGNOSTIC
2026-10-07,8478421,WINSOR_TOP_SOG_TO_SECOND_MAX,7.470021623746806,7.076862590918028,-0.3931590328287786,1.0184087205210002,0.6252496876922216,6.451612903225806,RETROSPECTIVE_HISTORY_DIAGNOSTIC
2026-10-07,8478438,REMOVE_MAX_SOG,6.75422138836773,5.856923720541069,-0.8972976678266615,5.02331405328985,5.9206117211165115,11.77753544165758,RETROSPECTIVE_HISTORY_DIAGNOSTIC
2026-10-07,8478438,REMOVE_MAX_RATE,6.75422138836773,5.856923720541069,-0.8972976678266615,5.02331405328985,5.9206117211165115,11.77753544165758,RETROSPECTIVE_HISTORY_DIAGNOSTIC
2026-10-07,8478438,WINSOR_TOP_SOG_TO_SECOND_MAX,6.75422138836773,6.378986866791746,-0.375234521575984,5.02331405328985,5.398548574865834,11.77753544165758,RETROSPECTIVE_HISTORY_DIAGNOSTIC
2026-10-07,8478440,REMOVE_MAX_SOG,6.976267013200191,6.019447445593455,-0.9568195676067361,2.5373027715232492,1.580483203916513,4.438964241676942,RETROSPECTIVE_HISTORY_DIAGNOSTIC
2026-10-07,8478440,REMOVE_MAX_RATE,6.976267013200191,6.019447445593455,-0.9568195676067361,2.5373027715232492,1.580483203916513,4.438964241676942,RETROSPECTIVE_HISTORY_DIAGNOSTIC
2026-10-07,8478440,WINSOR_TOP_SOG_TO_SECOND_MAX,6.976267013200191,6.565898365364886,-0.41036864783530547,2.5373027715232492,2.1269341236879438,4.438964241676942,RETROSPECTIVE_HISTORY_DIAGNOSTIC
2026-10-07,8478462,REMOVE_MAX_SOG,6.0444700295027705,5.234356412086606,-0.8101136174161647,8.750050518442436,9.5601641358586,14.794520547945206,RETROSPECTIVE_HISTORY_DIAGNOSTIC
2026-10-07,8478462,REMOVE_MAX_RATE,6.0444700295027705,5.234356412086606,-0.8101136174161647,8.750050518442436,9.5601641358586,14.794520547945206,RETROSPECTIVE_HISTORY_DIAGNOSTIC
2026-10-07,8478462,WINSOR_TOP_SOG_TO_SECOND_MAX,6.0444700295027705,6.0444700295027705,0.0,8.750050518442436,8.750050518442436,14.794520547945206,RETROSPECTIVE_HISTORY_DIAGNOSTIC
2026-10-07,8478463,REMOVE_MAX_SOG,5.961054444297258,5.253173792499636,-0.7078806517976224,0.38829902634060254,0.31958162545701985,5.572755417956656,RETROSPECTIVE_HISTORY_DIAGNOSTIC
2026-10-07,8478463,REMOVE_MAX_RATE,5.961054444297258,5.253173792499636,-0.7078806517976224,0.38829902634060254,0.31958162545701985,5.572755417956656,RETROSPECTIVE_HISTORY_DIAGNOSTIC
2026-10-07,8478463,WINSOR_TOP_SOG_TO_SECOND_MAX,5.961054444297258,5.961054444297258,0.0,0.38829902634060254,0.38829902634060254,5.572755417956656,RETROSPECTIVE_HISTORY_DIAGNOSTIC
2026-10-07,8478472,REMOVE_MAX_SOG,2.7270248159258252,1.8969332911792602,-0.830091524746565,2.7270248159258252,1.8969332911792602,0.0,RETROSPECTIVE_HISTORY_DIAGNOSTIC
2026-10-07,8478472,REMOVE_MAX_RATE,2.7270248159258252,2.3157082207641837,-0.41131659516164154,2.7270248159258252,2.3157082207641837,0.0,RETROSPECTIVE_HISTORY_DIAGNOSTIC
2026-10-07,8478472,WINSOR_TOP_SOG_TO_SECOND_MAX,2.7270248159258252,2.18161985274066,-0.5454049631851654,2.7270248159258252,2.18161985274066,0.0,RETROSPECTIVE_HISTORY_DIAGNOSTIC
2026-10-07,8478854,REMOVE_MAX_SOG,2.271436683702442,1.9067796610169494,-0.3646570226854924,2.626522499971027,2.991179522656519,4.897959183673469,RETROSPECTIVE_HISTORY_DIAGNOSTIC
2026-10-07,8478854,REMOVE_MAX_RATE,2.271436683702442,1.86219739292365,-0.40923929077879184,2.626522499971027,3.0357617907498184,4.897959183673469,RETROSPECTIVE_HISTORY_DIAGNOSTIC
2026-10-07,8478854,WINSOR_TOP_SOG_TO_SECOND_MAX,2.271436683702442,2.271436683702442,0.0,2.626522499971027,2.626522499971027,4.897959183673469,RETROSPECTIVE_HISTORY_DIAGNOSTIC
2026-10-07,8479345,REMOVE_MAX_SOG,4.554384711555635,4.095363463507386,-0.4590212480482485,2.189075907350641,1.7300546593023927,2.3653088042049935,RETROSPECTIVE_HISTORY_DIAGNOSTIC
2026-10-07,8479345,REMOVE_MAX_RATE,4.554384711555635,4.095363463507386,-0.4590212480482485,2.189075907350641,1.7300546593023927,2.3653088042049935,RETROSPECTIVE_HISTORY_DIAGNOSTIC
2026-10-07,8479345,WINSOR_TOP_SOG_TO_SECOND_MAX,4.554384711555635,4.554384711555635,0.0,2.189075907350641,2.189075907350641,2.3653088042049935,RETROSPECTIVE_HISTORY_DIAGNOSTIC
2026-10-07,8479365,REMOVE_MAX_SOG,6.7851373182552495,5.977178047455172,-0.8079592708000778,6.7851373182552495,5.977178047455172,0.0,RETROSPECTIVE_HISTORY_DIAGNOSTIC
2026-10-07,8479365,REMOVE_MAX_RATE,6.7851373182552495,5.977178047455172,-0.8079592708000778,6.7851373182552495,5.977178047455172,0.0,RETROSPECTIVE_HISTORY_DIAGNOSTIC
2026-10-07,8479365,WINSOR_TOP_SOG_TO_SECOND_MAX,6.7851373182552495,6.300484652665589,-0.48465266558966036,6.7851373182552495,6.300484652665589,0.0,RETROSPECTIVE_HISTORY_DIAGNOSTIC
2026-10-07,8479368,REMOVE_MAX_SOG,4.646210434614268,3.216123499142367,-1.430086935471901,4.646210434614268,3.216123499142367,0.0,RETROSPECTIVE_HISTORY_DIAGNOSTIC
2026-10-07,8479368,REMOVE_MAX_RATE,4.646210434614268,3.216123499142367,-1.430086935471901,4.646210434614268,3.216123499142367,0.0,RETROSPECTIVE_HISTORY_DIAGNOSTIC
2026-10-07,8479368,WINSOR_TOP_SOG_TO_SECOND_MAX,4.646210434614268,4.065434130287484,-0.5807763043267844,4.646210434614268,4.065434130287484,0.0,RETROSPECTIVE_HISTORY_DIAGNOSTIC
2026-10-07,8479385,REMOVE_MAX_SOG,7.6899879372738225,7.257646448937273,-0.43234148833654906,2.6760603606721522,2.243718872335603,5.01392757660167,RETROSPECTIVE_HISTORY_DIAGNOSTIC
2026-10-07,8479385,REMOVE_MAX_RATE,7.6899879372738225,7.257646448937273,-0.43234148833654906,2.6760603606721522,2.243718872335603,5.01392757660167,RETROSPECTIVE_HISTORY_DIAGNOSTIC
2026-10-07,8479385,WINSOR_TOP_SOG_TO_SECOND_MAX,7.6899879372738225,7.237635705669481,-0.45235223160434135,2.6760603606721522,2.223708129067811,5.01392757660167,RETROSPECTIVE_HISTORY_DIAGNOSTIC
2026-10-07,8479398,REMOVE_MAX_SOG,3.7037037037037033,3.117422930377554,-0.5862807733261493,0.545808966861598,0.040471806464551285,3.1578947368421053,RETROSPECTIVE_HISTORY_DIAGNOSTIC
2026-10-07,8479398,REMOVE_MAX_RATE,3.7037037037037033,3.117422930377554,-0.5862807733261493,0.545808966861598,0.040471806464551285,3.1578947368421053,RETROSPECTIVE_HISTORY_DIAGNOSTIC
2026-10-07,8479398,WINSOR_TOP_SOG_TO_SECOND_MAX,3.7037037037037033,3.7037037037037033,0.0,0.545808966861598,0.545808966861598,3.1578947368421053,RETROSPECTIVE_HISTORY_DIAGNOSTIC
2026-10-07,8479400,REMOVE_MAX_SOG,5.547483819838859,4.532064355313845,-1.0154194645250136,4.6315925232337145,5.647011987758728,10.179076343072573,RETROSPECTIVE_HISTORY_DIAGNOSTIC
2026-10-07,8479400,REMOVE_MAX_RATE,5.547483819838859,4.532064355313845,-1.0154194645250136,4.6315925232337145,5.647011987758728,10.179076343072573,RETROSPECTIVE_HISTORY_DIAGNOSTIC
2026-10-07,8479400,WINSOR_TOP_SOG_TO_SECOND_MAX,5.547483819838859,4.75498613129045,-0.7924976885484085,4.6315925232337145,5.424090211782123,10.179076343072573,RETROSPECTIVE_HISTORY_DIAGNOSTIC
2026-10-07,8479576,REMOVE_MAX_SOG,2.097168822090178,1.3169446883230904,-0.7802241337670877,2.097168822090178,1.3169446883230904,0.0,RETROSPECTIVE_HISTORY_DIAGNOSTIC
2026-10-07,8479576,REMOVE_MAX_RATE,2.097168822090178,1.3169446883230904,-0.7802241337670877,2.097168822090178,1.3169446883230904,0.0,RETROSPECTIVE_HISTORY_DIAGNOSTIC
2026-10-07,8479576,WINSOR_TOP_SOG_TO_SECOND_MAX,2.097168822090178,1.497977730064413,-0.599191092025765,2.097168822090178,1.497977730064413,0.0,RETROSPECTIVE_HISTORY_DIAGNOSTIC
2026-10-07,8479983,REMOVE_MAX_SOG,4.044489383215369,3.4788108791903856,-0.5656785040249837,4.044489383215369,3.4788108791903856,0.0,RETROSPECTIVE_HISTORY_DIAGNOSTIC
2026-10-07,8479983,REMOVE_MAX_RATE,4.044489383215369,3.4788108791903856,-0.5656785040249837,4.044489383215369,3.4788108791903856,0.0,RETROSPECTIVE_HISTORY_DIAGNOSTIC
2026-10-07,8479983,WINSOR_TOP_SOG_TO_SECOND_MAX,4.044489383215369,4.044489383215369,0.0,4.044489383215369,4.044489383215369,0.0,RETROSPECTIVE_HISTORY_DIAGNOSTIC
2026-10-07,8480014,REMOVE_MAX_SOG,6.882395556628833,6.345429307951616,-0.5369662486772162,1.4799737813502603,2.0169400300274765,8.362369337979093,RETROSPECTIVE_HISTORY_DIAGNOSTIC
2026-10-07,8480014,REMOVE_MAX_RATE,6.882395556628833,6.345429307951616,-0.5369662486772162,1.4799737813502603,2.0169400300274765,8.362369337979093,RETROSPECTIVE_HISTORY_DIAGNOSTIC
2026-10-07,8480014,WINSOR_TOP_SOG_TO_SECOND_MAX,6.882395556628833,6.882395556628833,0.0,1.4799737813502603,1.4799737813502603,8.362369337979093,RETROSPECTIVE_HISTORY_DIAGNOSTIC
2026-10-07,8480029,REMOVE_MAX_SOG,8.005336891260841,6.188757091284167,-1.8165797999766742,8.005336891260841,6.188757091284167,0.0,RETROSPECTIVE_HISTORY_DIAGNOSTIC
2026-10-07,8480029,REMOVE_MAX_RATE,8.005336891260841,6.188757091284167,-1.8165797999766742,8.005336891260841,6.188757091284167,0.0,RETROSPECTIVE_HISTORY_DIAGNOSTIC
2026-10-07,8480029,WINSOR_TOP_SOG_TO_SECOND_MAX,8.005336891260841,6.404269513008672,-1.6010673782521687,8.005336891260841,6.404269513008672,0.0,RETROSPECTIVE_HISTORY_DIAGNOSTIC
2026-10-07,8480039,REMOVE_MAX_SOG,9.796388782174414,9.372979961215256,-0.42340882095915866,1.0372646945831736,0.613855873624015,8.75912408759124,RETROSPECTIVE_HISTORY_DIAGNOSTIC
2026-10-07,8480039,REMOVE_MAX_RATE,9.796388782174414,9.434456732533151,-0.361932049641263,1.0372646945831736,0.6753326449419106,8.75912408759124,RETROSPECTIVE_HISTORY_DIAGNOSTIC
2026-10-07,8480039,WINSOR_TOP_SOG_TO_SECOND_MAX,9.796388782174414,9.508259700345755,-0.28812908182865904,1.0372646945831736,0.7491356127545146,8.75912408759124,RETROSPECTIVE_HISTORY_DIAGNOSTIC
2026-10-07,8480043,REMOVE_MAX_SOG,4.228871660152496,3.88796889624883,-0.3409027639036659,0.7098100765747835,0.36890731267111754,3.5190615835777126,RETROSPECTIVE_HISTORY_DIAGNOSTIC
2026-10-07,8480043,REMOVE_MAX_RATE,4.228871660152496,3.88796889624883,-0.3409027639036659,0.7098100765747835,0.36890731267111754,3.5190615835777126,RETROSPECTIVE_HISTORY_DIAGNOSTIC
2026-10-07,8480043,WINSOR_TOP_SOG_TO_SECOND_MAX,4.228871660152496,4.228871660152496,0.0,0.7098100765747835,0.7098100765747835,3.5190615835777126,RETROSPECTIVE_HISTORY_DIAGNOSTIC
2026-10-07,8480049,REMOVE_MAX_SOG,2.745492815960465,2.109598673966548,-0.635894141993917,1.975818659449371,2.611712801443288,4.721311475409836,RETROSPECTIVE_HISTORY_DIAGNOSTIC
2026-10-07,8480049,REMOVE_MAX_RATE,2.745492815960465,2.109598673966548,-0.635894141993917,1.975818659449371,2.611712801443288,4.721311475409836,RETROSPECTIVE_HISTORY_DIAGNOSTIC
2026-10-07,8480049,WINSOR_TOP_SOG_TO_SECOND_MAX,2.745492815960465,2.470943534364418,-0.27454928159604686,1.975818659449371,2.250367941045418,4.721311475409836,RETROSPECTIVE_HISTORY_DIAGNOSTIC
2026-10-07,8480068,REMOVE_MAX_SOG,5.919884233374992,4.818925233644859,-1.1009589997301328,5.919884233374992,4.818925233644859,0.0,RETROSPECTIVE_HISTORY_DIAGNOSTIC
2026-10-07,8480068,REMOVE_MAX_RATE,5.919884233374992,4.818925233644859,-1.1009589997301328,5.919884233374992,4.818925233644859,0.0,RETROSPECTIVE_HISTORY_DIAGNOSTIC
2026-10-07,8480068,WINSOR_TOP_SOG_TO_SECOND_MAX,5.919884233374992,5.525225284483326,-0.3946589488916663,5.919884233374992,5.525225284483326,0.0,RETROSPECTIVE_HISTORY_DIAGNOSTIC
2026-10-07,8480069,REMOVE_MAX_SOG,6.2674094707520895,5.877167205406994,-0.3902422653450959,3.231271268034191,3.6215135333792867,9.49868073878628,RETROSPECTIVE_HISTORY_DIAGNOSTIC
2026-10-07,8480069,REMOVE_MAX_RATE,6.2674094707520895,5.829204313611193,-0.4382051571408967,3.231271268034191,3.6694764251750875,9.49868073878628,RETROSPECTIVE_HISTORY_DIAGNOSTIC
2026-10-07,8480069,WINSOR_TOP_SOG_TO_SECOND_MAX,6.2674094707520895,6.2674094707520895,0.0,3.231271268034191,3.231271268034191,9.49868073878628,RETROSPECTIVE_HISTORY_DIAGNOSTIC
2026-10-07,8480113,REMOVE_MAX_SOG,8.792965627498,8.348148720723506,-0.4448169067744949,1.0007578352902096,0.5559409285157146,7.792207792207791,RETROSPECTIVE_HISTORY_DIAGNOSTIC
2026-10-07,8480113,REMOVE_MAX_RATE,8.792965627498,8.159175493844831,-0.6337901336531697,1.0007578352902096,0.36696770163703984,7.792207792207791,RETROSPECTIVE_HISTORY_DIAGNOSTIC
2026-10-07,8480113,WINSOR_TOP_SOG_TO_SECOND_MAX,8.792965627498,8.393285371702639,-0.3996802557953618,1.0007578352902096,0.6010775794948477,7.792207792207791,RETROSPECTIVE_HISTORY_DIAGNOSTIC
2026-10-07,8480145,REMOVE_MAX_SOG,4.245157866808172,3.2661948829613503,-0.9789629838468215,1.655229809254215,0.6762668254073936,2.5899280575539567,RETROSPECTIVE_HISTORY_DIAGNOSTIC
2026-10-07,8480145,REMOVE_MAX_RATE,4.245157866808172,3.2661948829613503,-0.9789629838468215,1.655229809254215,0.6762668254073936,2.5899280575539567,RETROSPECTIVE_HISTORY_DIAGNOSTIC
2026-10-07,8480145,WINSOR_TOP_SOG_TO_SECOND_MAX,4.245157866808172,3.714513133457151,-0.5306447333510209,1.655229809254215,1.1245850759031941,2.5899280575539567,RETROSPECTIVE_HISTORY_DIAGNOSTIC
2026-10-07,8480289,REMOVE_MAX_SOG,5.255002358013878,4.151929878517608,-1.1030724794962703,5.255002358013878,4.151929878517608,0.0,RETROSPECTIVE_HISTORY_DIAGNOSTIC
2026-10-07,8480289,REMOVE_MAX_RATE,5.255002358013878,4.151929878517608,-1.1030724794962703,5.255002358013878,4.151929878517608,0.0,RETROSPECTIVE_HISTORY_DIAGNOSTIC
2026-10-07,8480289,WINSOR_TOP_SOG_TO_SECOND_MAX,5.255002358013878,4.4465404567809745,-0.8084619012329037,5.255002358013878,4.4465404567809745,0.0,RETROSPECTIVE_HISTORY_DIAGNOSTIC
2026-10-07,8480448,REMOVE_MAX_SOG,5.097312326227988,4.643164230438521,-0.454148095789467,0.4581370684960291,0.003988972706562066,4.639175257731959,RETROSPECTIVE_HISTORY_DIAGNOSTIC
2026-10-07,8480448,REMOVE_MAX_RATE,5.097312326227988,4.643164230438521,-0.454148095789467,0.4581370684960291,0.003988972706562066,4.639175257731959,RETROSPECTIVE_HISTORY_DIAGNOSTIC
2026-10-07,8480448,WINSOR_TOP_SOG_TO_SECOND_MAX,5.097312326227988,5.097312326227988,0.0,0.4581370684960291,0.4581370684960291,4.639175257731959,RETROSPECTIVE_HISTORY_DIAGNOSTIC
2026-10-07,8480796,REMOVE_MAX_SOG,2.474518352677783,1.9807209824376066,-0.49379737024017656,2.474518352677783,1.9807209824376066,0.0,RETROSPECTIVE_HISTORY_DIAGNOSTIC
2026-10-07,8480796,REMOVE_MAX_RATE,2.474518352677783,1.9807209824376066,-0.49379737024017656,2.474518352677783,1.9807209824376066,0.0,RETROSPECTIVE_HISTORY_DIAGNOSTIC
2026-10-07,8480796,WINSOR_TOP_SOG_TO_SECOND_MAX,2.474518352677783,2.121015730866671,-0.35350262181111214,2.474518352677783,2.121015730866671,0.0,RETROSPECTIVE_HISTORY_DIAGNOSTIC
2026-10-07,8480803,REMOVE_MAX_SOG,6.404680952004426,5.544310481386957,-0.8603704706174691,3.9624896743454663,4.822860144962935,10.367170626349893,RETROSPECTIVE_HISTORY_DIAGNOSTIC
2026-10-07,8480803,REMOVE_MAX_RATE,6.404680952004426,5.544310481386957,-0.8603704706174691,3.9624896743454663,4.822860144962935,10.367170626349893,RETROSPECTIVE_HISTORY_DIAGNOSTIC
2026-10-07,8480803,WINSOR_TOP_SOG_TO_SECOND_MAX,6.404680952004426,5.930260140744839,-0.4744208112595869,3.9624896743454663,4.436910485605053,10.367170626349893,RETROSPECTIVE_HISTORY_DIAGNOSTIC
2026-10-07,8480834,REMOVE_MAX_SOG,1.5472890206949905,1.3484156116563037,-0.19887340903868678,1.5472890206949905,1.3484156116563037,0.0,RETROSPECTIVE_HISTORY_DIAGNOSTIC
2026-10-07,8480834,REMOVE_MAX_RATE,1.5472890206949905,1.2554052169061236,-0.2918838037888669,1.5472890206949905,1.2554052169061236,0.0,RETROSPECTIVE_HISTORY_DIAGNOSTIC
2026-10-07,8480834,WINSOR_TOP_SOG_TO_SECOND_MAX,1.5472890206949905,1.5472890206949905,0.0,1.5472890206949905,1.5472890206949905,0.0,RETROSPECTIVE_HISTORY_DIAGNOSTIC
2026-10-07,8480980,REMOVE_MAX_SOG,4.771371769383698,3.526041284066701,-1.2453304853169973,4.771371769383698,3.526041284066701,0.0,RETROSPECTIVE_HISTORY_DIAGNOSTIC
2026-10-07,8480980,REMOVE_MAX_RATE,4.771371769383698,3.526041284066701,-1.2453304853169973,4.771371769383698,3.526041284066701,0.0,RETROSPECTIVE_HISTORY_DIAGNOSTIC
2026-10-07,8480980,WINSOR_TOP_SOG_TO_SECOND_MAX,4.771371769383698,3.9761431411530825,-0.7952286282306158,4.771371769383698,3.9761431411530825,0.0,RETROSPECTIVE_HISTORY_DIAGNOSTIC
2026-10-07,8481030,REMOVE_MAX_SOG,1.0513404590853337,0.808298531591001,-0.24304192749433273,1.0513404590853337,0.808298531591001,0.0,RETROSPECTIVE_HISTORY_DIAGNOSTIC
2026-10-07,8481030,REMOVE_MAX_RATE,1.0513404590853337,0.7777561734396267,-0.273584285645707,1.0513404590853337,0.7777561734396267,0.0,RETROSPECTIVE_HISTORY_DIAGNOSTIC
2026-10-07,8481030,WINSOR_TOP_SOG_TO_SECOND_MAX,1.0513404590853337,1.0513404590853337,0.0,1.0513404590853337,1.0513404590853337,0.0,RETROSPECTIVE_HISTORY_DIAGNOSTIC
2026-10-07,8481043,REMOVE_MAX_SOG,8.467267738141905,8.012107184189443,-0.4551605539524619,8.467267738141905,8.012107184189443,0.0,RETROSPECTIVE_HISTORY_DIAGNOSTIC
2026-10-07,8481043,REMOVE_MAX_RATE,8.467267738141905,7.715387912558936,-0.7518798255829688,8.467267738141905,7.715387912558936,0.0,RETROSPECTIVE_HISTORY_DIAGNOSTIC
2026-10-07,8481043,WINSOR_TOP_SOG_TO_SECOND_MAX,8.467267738141905,8.467267738141905,0.0,8.467267738141905,8.467267738141905,0.0,RETROSPECTIVE_HISTORY_DIAGNOSTIC
2026-10-07,8481481,REMOVE_MAX_SOG,4.636459430979979,3.2525362038256023,-1.3839232271543769,0.8765574143492705,2.2604806415036474,5.51301684532925,RETROSPECTIVE_HISTORY_DIAGNOSTIC
2026-10-07,8481481,REMOVE_MAX_RATE,4.636459430979979,3.2525362038256023,-1.3839232271543769,0.8765574143492705,2.2604806415036474,5.51301684532925,RETROSPECTIVE_HISTORY_DIAGNOSTIC
2026-10-07,8481481,WINSOR_TOP_SOG_TO_SECOND_MAX,4.636459430979979,3.7934668071654376,-0.8429926238145415,0.8765574143492705,1.719550038163812,5.51301684532925,RETROSPECTIVE_HISTORY_DIAGNOSTIC
2026-10-07,8481527,REMOVE_MAX_SOG,3.446075303126995,2.605297438124186,-0.840777865002809,0.005506671944913055,0.8462845369477221,3.451581975071908,RETROSPECTIVE_HISTORY_DIAGNOSTIC
2026-10-07,8481527,REMOVE_MAX_RATE,3.446075303126995,2.605297438124186,-0.840777865002809,0.005506671944913055,0.8462845369477221,3.451581975071908,RETROSPECTIVE_HISTORY_DIAGNOSTIC
2026-10-07,8481527,WINSOR_TOP_SOG_TO_SECOND_MAX,3.446075303126995,3.063178047223996,-0.38289725590299906,0.005506671944913055,0.3884039278479121,3.451581975071908,RETROSPECTIVE_HISTORY_DIAGNOSTIC
2026-10-07,8481538,REMOVE_MAX_SOG,0.8077544426494345,0.0,-0.8077544426494345,5.132839616756506,5.9405940594059405,5.9405940594059405,RETROSPECTIVE_HISTORY_DIAGNOSTIC
2026-10-07,8481538,REMOVE_MAX_RATE,0.8077544426494345,0.0,-0.8077544426494345,5.132839616756506,5.9405940594059405,5.9405940594059405,RETROSPECTIVE_HISTORY_DIAGNOSTIC
2026-10-07,8481538,WINSOR_TOP_SOG_TO_SECOND_MAX,0.8077544426494345,0.0,-0.8077544426494345,5.132839616756506,5.9405940594059405,5.9405940594059405,RETROSPECTIVE_HISTORY_DIAGNOSTIC
2026-10-07,8481582,REMOVE_MAX_SOG,7.431363104658363,5.504587155963303,-1.9267759486950604,0.40011310465836303,1.5266628440366974,7.03125,RETROSPECTIVE_HISTORY_DIAGNOSTIC
2026-10-07,8481582,REMOVE_MAX_RATE,7.431363104658363,5.504587155963303,-1.9267759486950604,0.40011310465836303,1.5266628440366974,7.03125,RETROSPECTIVE_HISTORY_DIAGNOSTIC
2026-10-07,8481582,WINSOR_TOP_SOG_TO_SECOND_MAX,7.431363104658363,6.605656093029657,-0.8257070116287064,0.40011310465836303,0.4255939069703434,7.03125,RETROSPECTIVE_HISTORY_DIAGNOSTIC
2026-10-07,8481605,REMOVE_MAX_SOG,2.9666254635352285,2.4717352496910334,-0.49489021384419507,2.9666254635352285,2.4717352496910334,0.0,RETROSPECTIVE_HISTORY_DIAGNOSTIC
2026-10-07,8481605,REMOVE_MAX_RATE,2.9666254635352285,2.4717352496910334,-0.49489021384419507,2.9666254635352285,2.4717352496910334,0.0,RETROSPECTIVE_HISTORY_DIAGNOSTIC
2026-10-07,8481605,WINSOR_TOP_SOG_TO_SECOND_MAX,2.9666254635352285,2.719406674907293,-0.24721878862793556,2.9666254635352285,2.719406674907293,0.0,RETROSPECTIVE_HISTORY_DIAGNOSTIC
2026-10-07,8481617,REMOVE_MAX_SOG,11.009174311926605,9.611071954892035,-1.3981023570345705,1.1281130127500258,0.2699893442845447,9.88106129917658,RETROSPECTIVE_HISTORY_DIAGNOSTIC
2026-10-07,8481617,REMOVE_MAX_RATE,11.009174311926605,9.611071954892035,-1.3981023570345705,1.1281130127500258,0.2699893442845447,9.88106129917658,RETROSPECTIVE_HISTORY_DIAGNOSTIC
2026-10-07,8481617,WINSOR_TOP_SOG_TO_SECOND_MAX,11.009174311926605,10.665137614678898,-0.3440366972477076,1.1281130127500258,0.7840763155023183,9.88106129917658,RETROSPECTIVE_HISTORY_DIAGNOSTIC
2026-10-07,8481656,REMOVE_MAX_SOG,7.133892595283705,6.215776232055647,-0.9181163632280587,3.399452761258809,2.4813363980307503,3.7344398340248963,RETROSPECTIVE_HISTORY_DIAGNOSTIC
2026-10-07,8481656,REMOVE_MAX_RATE,7.133892595283705,6.215776232055647,-0.9181163632280587,3.399452761258809,2.4813363980307503,3.7344398340248963,RETROSPECTIVE_HISTORY_DIAGNOSTIC
2026-10-07,8481656,WINSOR_TOP_SOG_TO_SECOND_MAX,7.133892595283705,6.341237862474404,-0.792654732809301,3.399452761258809,2.606798028449508,3.7344398340248963,RETROSPECTIVE_HISTORY_DIAGNOSTIC
2026-10-07,8481754,REMOVE_MAX_SOG,3.8001741746496718,2.6341206427254367,-1.166053531924235,1.589047382236556,2.755100914160791,5.389221556886228,RETROSPECTIVE_HISTORY_DIAGNOSTIC
2026-10-07,8481754,REMOVE_MAX_RATE,3.8001741746496718,2.6341206427254367,-1.166053531924235,1.589047382236556,2.755100914160791,5.389221556886228,RETROSPECTIVE_HISTORY_DIAGNOSTIC
2026-10-07,8481754,WINSOR_TOP_SOG_TO_SECOND_MAX,3.8001741746496718,2.8501306309872536,-0.9500435436624182,1.589047382236556,2.5390909258989742,5.389221556886228,RETROSPECTIVE_HISTORY_DIAGNOSTIC
2026-10-07,8482088,REMOVE_MAX_SOG,2.370448409824192,1.7596597991055063,-0.6107886107186857,2.370448409824192,1.7596597991055063,0.0,RETROSPECTIVE_HISTORY_DIAGNOSTIC
2026-10-07,8482088,REMOVE_MAX_RATE,2.370448409824192,1.7596597991055063,-0.6107886107186857,2.370448409824192,1.7596597991055063,0.0,RETROSPECTIVE_HISTORY_DIAGNOSTIC
2026-10-07,8482088,WINSOR_TOP_SOG_TO_SECOND_MAX,2.370448409824192,1.9753736748534936,-0.39507473497069845,2.370448409824192,1.9753736748534936,0.0,RETROSPECTIVE_HISTORY_DIAGNOSTIC
2026-10-07,8482148,REMOVE_MAX_SOG,3.6809815950920246,2.6881720430107525,-0.9928095520812721,0.922598967567823,1.915408519649095,4.603580562659848,RETROSPECTIVE_HISTORY_DIAGNOSTIC
2026-10-07,8482148,REMOVE_MAX_RATE,3.6809815950920246,2.6881720430107525,-0.9928095520812721,0.922598967567823,1.915408519649095,4.603580562659848,RETROSPECTIVE_HISTORY_DIAGNOSTIC
2026-10-07,8482148,WINSOR_TOP_SOG_TO_SECOND_MAX,3.6809815950920246,3.220858895705521,-0.4601226993865035,0.922598967567823,1.3827216669543265,4.603580562659848,RETROSPECTIVE_HISTORY_DIAGNOSTIC
2026-10-07,8482149,REMOVE_MAX_SOG,5.431502715751358,4.529234147680483,-0.9022685680708751,0.8732258306584484,1.7754943987293235,6.304728546409806,RETROSPECTIVE_HISTORY_DIAGNOSTIC
2026-10-07,8482149,REMOVE_MAX_RATE,5.431502715751358,4.441453566621804,-0.990049149129554,0.8732258306584484,1.8632749797880024,6.304728546409806,RETROSPECTIVE_HISTORY_DIAGNOSTIC
2026-10-07,8482149,WINSOR_TOP_SOG_TO_SECOND_MAX,5.431502715751358,5.431502715751358,0.0,0.8732258306584484,0.8732258306584484,6.304728546409806,RETROSPECTIVE_HISTORY_DIAGNOSTIC
2026-10-07,8482408,REMOVE_MAX_SOG,8.172531214528945,7.274686784319009,-0.8978444302099362,5.160802118804387,6.058646549014323,13.333333333333332,RETROSPECTIVE_HISTORY_DIAGNOSTIC
2026-10-07,8482408,REMOVE_MAX_RATE,8.172531214528945,6.723107569721116,-1.4494236448078288,5.160802118804387,6.610225763612216,13.333333333333332,RETROSPECTIVE_HISTORY_DIAGNOSTIC
2026-10-07,8482408,WINSOR_TOP_SOG_TO_SECOND_MAX,8.172531214528945,8.172531214528945,0.0,5.160802118804387,5.160802118804387,13.333333333333332,RETROSPECTIVE_HISTORY_DIAGNOSTIC
2026-10-07,8482475,REMOVE_MAX_SOG,7.883376087092534,7.126388597778243,-0.7569874893142909,0.13310698052633452,0.6238805087879564,7.7502691065662,RETROSPECTIVE_HISTORY_DIAGNOSTIC
2026-10-07,8482475,REMOVE_MAX_RATE,7.883376087092534,7.126388597778243,-0.7569874893142909,0.13310698052633452,0.6238805087879564,7.7502691065662,RETROSPECTIVE_HISTORY_DIAGNOSTIC
2026-10-07,8482475,WINSOR_TOP_SOG_TO_SECOND_MAX,7.883376087092534,7.507977225802413,-0.37539886129012157,0.13310698052633452,0.24229188076378705,7.7502691065662,RETROSPECTIVE_HISTORY_DIAGNOSTIC
2026-10-07,8482731,REMOVE_MAX_SOG,5.481377371749824,4.232970134044054,-1.24840723770577,4.616799346342743,5.865206584048513,10.098176718092567,RETROSPECTIVE_HISTORY_DIAGNOSTIC
2026-10-07,8482731,REMOVE_MAX_RATE,5.481377371749824,4.232970134044054,-1.24840723770577,4.616799346342743,5.865206584048513,10.098176718092567,RETROSPECTIVE_HISTORY_DIAGNOSTIC
2026-10-07,8482731,WINSOR_TOP_SOG_TO_SECOND_MAX,5.481377371749824,5.481377371749824,0.0,4.616799346342743,4.616799346342743,10.098176718092567,RETROSPECTIVE_HISTORY_DIAGNOSTIC
2026-10-07,8482742,REMOVE_MAX_SOG,8.664259927797834,7.306380905991231,-1.3578790218066032,12.849684295309734,14.207563317116337,21.51394422310757,RETROSPECTIVE_HISTORY_DIAGNOSTIC
2026-10-07,8482742,REMOVE_MAX_RATE,8.664259927797834,7.306380905991231,-1.3578790218066032,12.849684295309734,14.207563317116337,21.51394422310757,RETROSPECTIVE_HISTORY_DIAGNOSTIC
2026-10-07,8482742,WINSOR_TOP_SOG_TO_SECOND_MAX,8.664259927797834,8.231046931407942,-0.4332129963898925,12.849684295309734,13.282897291699626,21.51394422310757,RETROSPECTIVE_HISTORY_DIAGNOSTIC
2026-10-07,8482758,REMOVE_MAX_SOG,4.779145546705286,3.9193271821670614,-0.8598183645382247,0.5338625278373614,0.32595583670086326,4.245283018867925,RETROSPECTIVE_HISTORY_DIAGNOSTIC
2026-10-07,8482758,REMOVE_MAX_RATE,4.779145546705286,3.9193271821670614,-0.8598183645382247,0.5338625278373614,0.32595583670086326,4.245283018867925,RETROSPECTIVE_HISTORY_DIAGNOSTIC
2026-10-07,8482758,WINSOR_TOP_SOG_TO_SECOND_MAX,4.779145546705286,4.344677769732079,-0.43446777697320726,0.5338625278373614,0.09939475086415417,4.245283018867925,RETROSPECTIVE_HISTORY_DIAGNOSTIC
2026-10-07,8482765,REMOVE_MAX_SOG,5.782668058790459,5.068994649394536,-0.7136734093959225,0.07099047779490686,0.7846638871908294,5.853658536585366,RETROSPECTIVE_HISTORY_DIAGNOSTIC
2026-10-07,8482765,REMOVE_MAX_RATE,5.782668058790459,5.068994649394536,-0.7136734093959225,0.07099047779490686,0.7846638871908294,5.853658536585366,RETROSPECTIVE_HISTORY_DIAGNOSTIC
2026-10-07,8482765,WINSOR_TOP_SOG_TO_SECOND_MAX,5.782668058790459,5.3007790538912545,-0.4818890048992044,0.07099047779490686,0.5528794826941112,5.853658536585366,RETROSPECTIVE_HISTORY_DIAGNOSTIC
2026-10-07,8482768,REMOVE_MAX_SOG,5.708430913348947,4.941932295527551,-0.7664986178213953,3.5818916672962153,4.348390285117611,9.290322580645162,RETROSPECTIVE_HISTORY_DIAGNOSTIC
2026-10-07,8482768,REMOVE_MAX_RATE,5.708430913348947,4.941932295527551,-0.7664986178213953,3.5818916672962153,4.348390285117611,9.290322580645162,RETROSPECTIVE_HISTORY_DIAGNOSTIC
2026-10-07,8482768,WINSOR_TOP_SOG_TO_SECOND_MAX,5.708430913348947,5.269320843091336,-0.43911007025761073,3.5818916672962153,4.021001737553826,9.290322580645162,RETROSPECTIVE_HISTORY_DIAGNOSTIC
2026-10-07,8483398,REMOVE_MAX_SOG,4.599599009317136,3.968253968253969,-0.6313450410631671,4.599599009317136,3.968253968253969,0.0,RETROSPECTIVE_HISTORY_DIAGNOSTIC
2026-10-07,8483398,REMOVE_MAX_RATE,4.599599009317136,3.968253968253969,-0.6313450410631671,4.599599009317136,3.968253968253969,0.0,RETROSPECTIVE_HISTORY_DIAGNOSTIC
2026-10-07,8483398,WINSOR_TOP_SOG_TO_SECOND_MAX,4.599599009317136,4.599599009317136,0.0,4.599599009317136,4.599599009317136,0.0,RETROSPECTIVE_HISTORY_DIAGNOSTIC
2026-10-07,8483445,REMOVE_MAX_SOG,13.430330162283157,13.008812421317668,-0.42151774096548955,3.9489801825444264,4.370497923509916,17.379310344827584,RETROSPECTIVE_HISTORY_DIAGNOSTIC
2026-10-07,8483445,REMOVE_MAX_RATE,13.430330162283157,12.757201646090534,-0.673128516192623,3.9489801825444264,4.622108698737049,17.379310344827584,RETROSPECTIVE_HISTORY_DIAGNOSTIC
2026-10-07,8483445,WINSOR_TOP_SOG_TO_SECOND_MAX,13.430330162283157,13.430330162283157,0.0,3.9489801825444264,3.9489801825444264,17.379310344827584,RETROSPECTIVE_HISTORY_DIAGNOSTIC
2026-10-07,8483455,REMOVE_MAX_SOG,9.640877319836104,7.324631420790685,-2.316245899045419,9.640877319836104,7.324631420790685,0.0,RETROSPECTIVE_HISTORY_DIAGNOSTIC
2026-10-07,8483455,REMOVE_MAX_RATE,9.640877319836104,7.324631420790685,-2.316245899045419,9.640877319836104,7.324631420790685,0.0,RETROSPECTIVE_HISTORY_DIAGNOSTIC
2026-10-07,8483455,WINSOR_TOP_SOG_TO_SECOND_MAX,9.640877319836104,7.712701855868885,-1.9281754639672188,9.640877319836104,7.712701855868885,0.0,RETROSPECTIVE_HISTORY_DIAGNOSTIC
2026-10-07,8483471,REMOVE_MAX_SOG,5.035477225909818,4.476869507544355,-0.5586077183654634,5.035477225909818,4.476869507544355,0.0,RETROSPECTIVE_HISTORY_DIAGNOSTIC
2026-10-07,8483471,REMOVE_MAX_RATE,5.035477225909818,4.476869507544355,-0.5586077183654634,5.035477225909818,4.476869507544355,0.0,RETROSPECTIVE_HISTORY_DIAGNOSTIC
2026-10-07,8483471,WINSOR_TOP_SOG_TO_SECOND_MAX,5.035477225909818,5.035477225909818,0.0,5.035477225909818,5.035477225909818,0.0,RETROSPECTIVE_HISTORY_DIAGNOSTIC
2026-10-07,8483482,REMOVE_MAX_SOG,3.3946251768033946,2.6091210523454906,-0.785504124457904,3.3946251768033946,2.6091210523454906,0.0,RETROSPECTIVE_HISTORY_DIAGNOSTIC
2026-10-07,8483482,REMOVE_MAX_RATE,3.3946251768033946,2.433213362396715,-0.9614118144066794,3.3946251768033946,2.433213362396715,0.0,RETROSPECTIVE_HISTORY_DIAGNOSTIC
2026-10-07,8483482,WINSOR_TOP_SOG_TO_SECOND_MAX,3.3946251768033946,3.3946251768033946,0.0,3.3946251768033946,3.3946251768033946,0.0,RETROSPECTIVE_HISTORY_DIAGNOSTIC
2026-10-07,8483490,REMOVE_MAX_SOG,3.678536759822204,3.380662609871535,-0.29787414995066896,3.082026620459486,3.379900770410155,6.76056338028169,RETROSPECTIVE_HISTORY_DIAGNOSTIC
2026-10-07,8483490,REMOVE_MAX_RATE,3.678536759822204,3.3707865168539324,-0.3077502429682717,3.082026620459486,3.3897768634277576,6.76056338028169,RETROSPECTIVE_HISTORY_DIAGNOSTIC
2026-10-07,8483490,WINSOR_TOP_SOG_TO_SECOND_MAX,3.678536759822204,3.678536759822204,0.0,3.082026620459486,3.082026620459486,6.76056338028169,RETROSPECTIVE_HISTORY_DIAGNOSTIC
2026-10-07,8483521,REMOVE_MAX_SOG,5.026809651474531,3.0769230769230766,-1.9498865745514546,1.5552570960261227,0.3946294785253319,3.4715525554484086,RETROSPECTIVE_HISTORY_DIAGNOSTIC
2026-10-07,8483521,REMOVE_MAX_RATE,5.026809651474531,3.0769230769230766,-1.9498865745514546,1.5552570960261227,0.3946294785253319,3.4715525554484086,RETROSPECTIVE_HISTORY_DIAGNOSTIC
2026-10-07,8483521,WINSOR_TOP_SOG_TO_SECOND_MAX,5.026809651474531,4.021447721179625,-1.0053619302949066,1.5552570960261227,0.5498951657312161,3.4715525554484086,RETROSPECTIVE_HISTORY_DIAGNOSTIC
2026-10-07,8484153,REMOVE_MAX_SOG,10.08622092077436,9.179364787956674,-0.906856132817687,10.08622092077436,9.179364787956674,0.0,RETROSPECTIVE_HISTORY_DIAGNOSTIC
2026-10-07,8484153,REMOVE_MAX_RATE,10.08622092077436,9.179364787956674,-0.906856132817687,10.08622092077436,9.179364787956674,0.0,RETROSPECTIVE_HISTORY_DIAGNOSTIC
2026-10-07,8484153,WINSOR_TOP_SOG_TO_SECOND_MAX,10.08622092077436,9.435496990401823,-0.6507239303725374,10.08622092077436,9.435496990401823,0.0,RETROSPECTIVE_HISTORY_DIAGNOSTIC
2026-10-07,8484186,REMOVE_MAX_SOG,12.549384150592612,10.225424122705089,-2.323960027887523,3.905926767639432,1.581966739751909,8.64345738295318,RETROSPECTIVE_HISTORY_DIAGNOSTIC
2026-10-07,8484186,REMOVE_MAX_RATE,12.549384150592612,11.925337020394055,-0.6240471301985568,3.905926767639432,3.281879637440875,8.64345738295318,RETROSPECTIVE_HISTORY_DIAGNOSTIC
2026-10-07,8484186,WINSOR_TOP_SOG_TO_SECOND_MAX,12.549384150592612,12.084592145015108,-0.4647920055775039,3.905926767639432,3.441134762061928,8.64345738295318,RETROSPECTIVE_HISTORY_DIAGNOSTIC
2026-10-07,8484258,REMOVE_MAX_SOG,5.999400059994001,4.987531172069826,-1.0118688879241757,2.776481528212444,1.7646126402882683,3.2229185317815574,RETROSPECTIVE_HISTORY_DIAGNOSTIC
2026-10-07,8484258,REMOVE_MAX_RATE,5.999400059994001,4.987531172069826,-1.0118688879241757,2.776481528212444,1.7646126402882683,3.2229185317815574,RETROSPECTIVE_HISTORY_DIAGNOSTIC
2026-10-07,8484258,WINSOR_TOP_SOG_TO_SECOND_MAX,5.999400059994001,5.699430056994301,-0.2999700029997001,2.776481528212444,2.476511525212744,3.2229185317815574,RETROSPECTIVE_HISTORY_DIAGNOSTIC
2026-10-07,8484262,REMOVE_MAX_SOG,2.402113860196973,1.7058377558756632,-0.6962761043213099,6.688795230712119,7.3850713350334285,9.090909090909092,RETROSPECTIVE_HISTORY_DIAGNOSTIC
2026-10-07,8484262,REMOVE_MAX_RATE,2.402113860196973,1.7058377558756632,-0.6962761043213099,6.688795230712119,7.3850713350334285,9.090909090909092,RETROSPECTIVE_HISTORY_DIAGNOSTIC
2026-10-07,8484262,WINSOR_TOP_SOG_TO_SECOND_MAX,2.402113860196973,2.402113860196973,0.0,6.688795230712119,6.688795230712119,9.090909090909092,RETROSPECTIVE_HISTORY_DIAGNOSTIC
2026-10-07,8484509,REMOVE_MAX_SOG,2.08514335360556,1.1562921564848718,-0.9288511971206881,2.08514335360556,1.1562921564848718,0.0,RETROSPECTIVE_HISTORY_DIAGNOSTIC
2026-10-07,8484509,REMOVE_MAX_RATE,2.08514335360556,1.1562921564848718,-0.9288511971206881,2.08514335360556,1.1562921564848718,0.0,RETROSPECTIVE_HISTORY_DIAGNOSTIC
2026-10-07,8484509,WINSOR_TOP_SOG_TO_SECOND_MAX,2.08514335360556,1.5638575152041703,-0.5212858384013896,2.08514335360556,1.5638575152041703,0.0,RETROSPECTIVE_HISTORY_DIAGNOSTIC
2026-10-07,8484762,REMOVE_MAX_SOG,8.344923504867872,7.198128486593486,-1.1467950182743856,8.477506401674187,9.624301419948573,16.82242990654206,RETROSPECTIVE_HISTORY_DIAGNOSTIC
2026-10-07,8484762,REMOVE_MAX_RATE,8.344923504867872,7.198128486593486,-1.1467950182743856,8.477506401674187,9.624301419948573,16.82242990654206,RETROSPECTIVE_HISTORY_DIAGNOSTIC
2026-10-07,8484762,WINSOR_TOP_SOG_TO_SECOND_MAX,8.344923504867872,7.382047715844656,-0.962875789023216,8.477506401674187,9.440382190697402,16.82242990654206,RETROSPECTIVE_HISTORY_DIAGNOSTIC
2026-10-07,8484873,REMOVE_MAX_SOG,4.74058467210956,4.168596572487263,-0.5719880996222972,6.179536662571935,6.751524762194232,10.920121334681495,RETROSPECTIVE_HISTORY_DIAGNOSTIC
2026-10-07,8484873,REMOVE_MAX_RATE,4.74058467210956,4.168596572487263,-0.5719880996222972,6.179536662571935,6.751524762194232,10.920121334681495,RETROSPECTIVE_HISTORY_DIAGNOSTIC
2026-10-07,8484873,WINSOR_TOP_SOG_TO_SECOND_MAX,4.74058467210956,4.4245456939689225,-0.31603897814063764,6.179536662571935,6.495575640712572,10.920121334681495,RETROSPECTIVE_HISTORY_DIAGNOSTIC
2026-10-07,8484999,REMOVE_MAX_SOG,4.804804804804805,3.5650623885918002,-1.2397424162130046,0.3088315588315593,1.548573975044564,5.113636363636364,RETROSPECTIVE_HISTORY_DIAGNOSTIC
2026-10-07,8484999,REMOVE_MAX_RATE,4.804804804804805,3.5650623885918002,-1.2397424162130046,0.3088315588315593,1.548573975044564,5.113636363636364,RETROSPECTIVE_HISTORY_DIAGNOSTIC
2026-10-07,8484999,WINSOR_TOP_SOG_TO_SECOND_MAX,4.804804804804805,4.804804804804805,0.0,0.3088315588315593,0.3088315588315593,5.113636363636364,RETROSPECTIVE_HISTORY_DIAGNOSTIC
2026-10-07,8485414,REMOVE_MAX_SOG,6.600660066006601,4.916018025399426,-1.6846420406071747,0.4782110864147642,1.2064309541924105,6.122448979591836,RETROSPECTIVE_HISTORY_DIAGNOSTIC
2026-10-07,8485414,REMOVE_MAX_RATE,6.600660066006601,4.916018025399426,-1.6846420406071747,0.4782110864147642,1.2064309541924105,6.122448979591836,RETROSPECTIVE_HISTORY_DIAGNOSTIC
2026-10-07,8485414,WINSOR_TOP_SOG_TO_SECOND_MAX,6.600660066006601,5.720572057205721,-0.8800880088008798,0.4782110864147642,0.4018769223861156,6.122448979591836,RETROSPECTIVE_HISTORY_DIAGNOSTIC
2026-10-07,8485512,REMOVE_MAX_SOG,2.616279069767442,2.018842530282638,-0.597436539484804,0.8485909976050316,1.4460275370898357,3.4648700673724737,RETROSPECTIVE_HISTORY_DIAGNOSTIC
2026-10-07,8485512,REMOVE_MAX_RATE,2.616279069767442,2.018842530282638,-0.597436539484804,0.8485909976050316,1.4460275370898357,3.4648700673724737,RETROSPECTIVE_HISTORY_DIAGNOSTIC
2026-10-07,8485512,WINSOR_TOP_SOG_TO_SECOND_MAX,2.616279069767442,2.180232558139535,-0.43604651162790686,0.8485909976050316,1.2846375092329385,3.4648700673724737,RETROSPECTIVE_HISTORY_DIAGNOSTIC
2026-10-07,8486025,REMOVE_MAX_SOG,5.136986301369863,4.413387274733357,-0.7235990266365055,0.7467423989308379,0.023143372294332387,4.390243902439025,RETROSPECTIVE_HISTORY_DIAGNOSTIC
2026-10-07,8486025,REMOVE_MAX_RATE,5.136986301369863,4.413387274733357,-0.7235990266365055,0.7467423989308379,0.023143372294332387,4.390243902439025,RETROSPECTIVE_HISTORY_DIAGNOSTIC
2026-10-07,8486025,WINSOR_TOP_SOG_TO_SECOND_MAX,5.136986301369863,4.280821917808219,-0.8561643835616435,0.7467423989308379,0.10942198463080555,4.390243902439025,RETROSPECTIVE_HISTORY_DIAGNOSTIC
2026-10-07,8486052,REMOVE_MAX_SOG,2.6929982046678633,1.987413050679033,-0.7055851539888303,2.6929982046678633,1.987413050679033,0.0,RETROSPECTIVE_HISTORY_DIAGNOSTIC
2026-10-07,8486052,REMOVE_MAX_RATE,2.6929982046678633,1.987413050679033,-0.7055851539888303,2.6929982046678633,1.987413050679033,0.0,RETROSPECTIVE_HISTORY_DIAGNOSTIC
2026-10-07,8486052,WINSOR_TOP_SOG_TO_SECOND_MAX,2.6929982046678633,2.6929982046678633,0.0,2.6929982046678633,2.6929982046678633,0.0,RETROSPECTIVE_HISTORY_DIAGNOSTIC
2026-10-07,8486161,REMOVE_MAX_SOG,5.197055002165439,3.827018752391887,-1.3700362497735523,0.8121585344431494,0.5578777153304029,4.38489646772229,RETROSPECTIVE_HISTORY_DIAGNOSTIC
2026-10-07,8486161,REMOVE_MAX_RATE,5.197055002165439,3.827018752391887,-1.3700362497735523,0.8121585344431494,0.5578777153304029,4.38489646772229,RETROSPECTIVE_HISTORY_DIAGNOSTIC
2026-10-07,8486161,WINSOR_TOP_SOG_TO_SECOND_MAX,5.197055002165439,4.54742312689476,-0.6496318752706793,0.8121585344431494,0.1625266591724701,4.38489646772229,RETROSPECTIVE_HISTORY_DIAGNOSTIC
2026-10-07,8486171,REMOVE_MAX_SOG,6.373185412486722,5.209086962812907,-1.1640984496738156,1.3452524515928683,0.18115400191905273,5.027932960893854,RETROSPECTIVE_HISTORY_DIAGNOSTIC
2026-10-07,8486171,REMOVE_MAX_RATE,6.373185412486722,5.209086962812907,-1.1640984496738156,1.3452524515928683,0.18115400191905273,5.027932960893854,RETROSPECTIVE_HISTORY_DIAGNOSTIC
2026-10-07,8486171,WINSOR_TOP_SOG_TO_SECOND_MAX,6.373185412486722,5.6650536999881975,-0.7081317124985249,1.3452524515928683,0.6371207390943434,5.027932960893854,RETROSPECTIVE_HISTORY_DIAGNOSTIC
2026-10-08,8470613,REMOVE_MAX_SOG,6.190941674812642,5.813249364175851,-0.37769231063679065,0.1909416748126418,0.18675063582414886,6.0,RETROSPECTIVE_HISTORY_DIAGNOSTIC
2026-10-08,8470613,REMOVE_MAX_RATE,6.190941674812642,5.798151839101286,-0.39278983571135573,0.1909416748126418,0.20184816089871394,6.0,RETROSPECTIVE_HISTORY_DIAGNOSTIC
2026-10-08,8470613,WINSOR_TOP_SOG_TO_SECOND_MAX,6.190941674812642,6.190941674812642,0.0,0.1909416748126418,0.1909416748126418,6.0,RETROSPECTIVE_HISTORY_DIAGNOSTIC
2026-10-08,8473512,REMOVE_MAX_SOG,8.64066119842214,7.157392463686758,-1.4832687347353826,5.597550463003713,4.11428172826833,3.043110735418428,RETROSPECTIVE_HISTORY_DIAGNOSTIC
2026-10-08,8473512,REMOVE_MAX_RATE,8.64066119842214,7.157392463686758,-1.4832687347353826,5.597550463003713,4.11428172826833,3.043110735418428,RETROSPECTIVE_HISTORY_DIAGNOSTIC
2026-10-08,8473512,WINSOR_TOP_SOG_TO_SECOND_MAX,8.64066119842214,7.889299355081084,-0.7513618433410567,5.597550463003713,4.846188619662656,3.043110735418428,RETROSPECTIVE_HISTORY_DIAGNOSTIC
2026-10-08,8473533,REMOVE_MAX_SOG,5.129457743038594,4.14765657403567,-0.9818011690029236,5.129457743038594,4.14765657403567,0.0,RETROSPECTIVE_HISTORY_DIAGNOSTIC
2026-10-08,8473533,REMOVE_MAX_RATE,5.129457743038594,4.14765657403567,-0.9818011690029236,5.129457743038594,4.14765657403567,0.0,RETROSPECTIVE_HISTORY_DIAGNOSTIC
2026-10-08,8473533,WINSOR_TOP_SOG_TO_SECOND_MAX,5.129457743038594,4.763067904250122,-0.3663898387884714,5.129457743038594,4.763067904250122,0.0,RETROSPECTIVE_HISTORY_DIAGNOSTIC
2026-10-08,8473994,REMOVE_MAX_SOG,5.539313740575474,3.7617554858934166,-1.7775582546820572,5.539313740575474,3.7617554858934166,0.0,RETROSPECTIVE_HISTORY_DIAGNOSTIC
2026-10-08,8473994,REMOVE_MAX_RATE,5.539313740575474,4.150453955901426,-1.3888597846740476,5.539313740575474,4.150453955901426,0.0,RETROSPECTIVE_HISTORY_DIAGNOSTIC
2026-10-08,8473994,WINSOR_TOP_SOG_TO_SECOND_MAX,5.539313740575474,5.077704262194184,-0.4616094783812894,5.539313740575474,5.077704262194184,0.0,RETROSPECTIVE_HISTORY_DIAGNOSTIC
2026-10-08,8474013,REMOVE_MAX_SOG,2.3495189080331174,2.2623012631182053,-0.08721764491491202,1.7694742269783243,1.8566918718932364,4.118993135011442,RETROSPECTIVE_HISTORY_DIAGNOSTIC
2026-10-08,8474013,REMOVE_MAX_RATE,2.3495189080331174,2.2340821645773863,-0.11543674345573107,1.7694742269783243,1.8849109704340554,4.118993135011442,RETROSPECTIVE_HISTORY_DIAGNOSTIC
2026-10-08,8474013,WINSOR_TOP_SOG_TO_SECOND_MAX,2.3495189080331174,2.3495189080331174,0.0,1.7694742269783243,1.7694742269783243,4.118993135011442,RETROSPECTIVE_HISTORY_DIAGNOSTIC
2026-10-08,8474141,REMOVE_MAX_SOG,5.084207181442643,4.3057050592034445,-0.7785021222391988,5.084207181442643,4.3057050592034445,0.0,RETROSPECTIVE_HISTORY_DIAGNOSTIC
2026-10-08,8474141,REMOVE_MAX_RATE,5.084207181442643,4.491276558991189,-0.5929306224514539,5.084207181442643,4.491276558991189,0.0,RETROSPECTIVE_HISTORY_DIAGNOSTIC
2026-10-08,8474141,WINSOR_TOP_SOG_TO_SECOND_MAX,5.084207181442643,4.766444232602478,-0.31776294884016565,5.084207181442643,4.766444232602478,0.0,RETROSPECTIVE_HISTORY_DIAGNOSTIC
2026-10-08,8474150,REMOVE_MAX_SOG,8.34492350486787,7.247758916650773,-1.0971645882170966,18.799280076658988,19.896444664876086,27.14420358152686,RETROSPECTIVE_HISTORY_DIAGNOSTIC
2026-10-08,8474150,REMOVE_MAX_RATE,8.34492350486787,7.247758916650773,-1.0971645882170966,18.799280076658988,19.896444664876086,27.14420358152686,RETROSPECTIVE_HISTORY_DIAGNOSTIC
2026-10-08,8474150,WINSOR_TOP_SOG_TO_SECOND_MAX,8.34492350486787,8.34492350486787,0.0,18.799280076658988,18.799280076658988,27.14420358152686,RETROSPECTIVE_HISTORY_DIAGNOSTIC
2026-10-08,8474151,REMOVE_MAX_SOG,2.3504393082992894,1.8477457501847747,-0.5026935581145147,2.3504393082992894,1.8477457501847747,0.0,RETROSPECTIVE_HISTORY_DIAGNOSTIC
2026-10-08,8474151,REMOVE_MAX_RATE,2.3504393082992894,1.8477457501847747,-0.5026935581145147,2.3504393082992894,1.8477457501847747,0.0,RETROSPECTIVE_HISTORY_DIAGNOSTIC
2026-10-08,8474151,WINSOR_TOP_SOG_TO_SECOND_MAX,2.3504393082992894,2.3504393082992894,0.0,2.3504393082992894,2.3504393082992894,0.0,RETROSPECTIVE_HISTORY_DIAGNOSTIC
2026-10-08,8474564,REMOVE_MAX_SOG,9.152595865551522,7.173601147776183,-1.9789947177753389,3.3741046938019226,1.3951099760265837,5.778491171749599,RETROSPECTIVE_HISTORY_DIAGNOSTIC
2026-10-08,8474564,REMOVE_MAX_RATE,9.152595865551522,7.173601147776183,-1.9789947177753389,3.3741046938019226,1.3951099760265837,5.778491171749599,RETROSPECTIVE_HISTORY_DIAGNOSTIC
2026-10-08,8474564,WINSOR_TOP_SOG_TO_SECOND_MAX,9.152595865551522,7.5745620956288455,-1.5780337699226763,3.3741046938019226,1.7960709238792463,5.778491171749599,RETROSPECTIVE_HISTORY_DIAGNOSTIC
2026-10-08,8474567,REMOVE_MAX_SOG,1.3133892739875956,0.9794319294809011,-0.33395734450669456,11.004831427466637,11.338788771973332,12.318220701454234,RETROSPECTIVE_HISTORY_DIAGNOSTIC
2026-10-08,8474567,REMOVE_MAX_RATE,1.3133892739875956,0.9405862987929141,-0.37280297519468153,11.004831427466637,11.37763440266132,12.318220701454234,RETROSPECTIVE_HISTORY_DIAGNOSTIC
2026-10-08,8474567,WINSOR_TOP_SOG_TO_SECOND_MAX,1.3133892739875956,1.3133892739875956,0.0,11.004831427466637,11.004831427466637,12.318220701454234,RETROSPECTIVE_HISTORY_DIAGNOSTIC
2026-10-08,8474574,REMOVE_MAX_SOG,2.331908278274388,1.5131454511064875,-0.8187628271679004,2.331908278274388,1.5131454511064875,0.0,RETROSPECTIVE_HISTORY_DIAGNOSTIC
2026-10-08,8474574,REMOVE_MAX_RATE,2.331908278274388,1.5131454511064875,-0.8187628271679004,2.331908278274388,1.5131454511064875,0.0,RETROSPECTIVE_HISTORY_DIAGNOSTIC
2026-10-08,8474574,WINSOR_TOP_SOG_TO_SECOND_MAX,2.331908278274388,1.6656487701959912,-0.6662595080783966,2.331908278274388,1.6656487701959912,0.0,RETROSPECTIVE_HISTORY_DIAGNOSTIC
2026-10-08,8474590,REMOVE_MAX_SOG,6.124079169255348,5.0627885044919845,-1.061290664763363,26.018777973601793,27.080068638365155,32.14285714285714,RETROSPECTIVE_HISTORY_DIAGNOSTIC
2026-10-08,8474590,REMOVE_MAX_RATE,6.124079169255348,5.0627885044919845,-1.061290664763363,26.018777973601793,27.080068638365155,32.14285714285714,RETROSPECTIVE_HISTORY_DIAGNOSTIC
2026-10-08,8474590,WINSOR_TOP_SOG_TO_SECOND_MAX,6.124079169255348,5.591550545841839,-0.5325286234135085,26.018777973601793,26.551306597015298,32.14285714285714,RETROSPECTIVE_HISTORY_DIAGNOSTIC
2026-10-08,8474600,REMOVE_MAX_SOG,5.326876513317192,4.78468899521531,-0.5421875181018816,1.0129160579546985,0.47072853985281693,4.313960455362493,RETROSPECTIVE_HISTORY_DIAGNOSTIC
2026-10-08,8474600,REMOVE_MAX_RATE,5.326876513317192,4.78468899521531,-0.5421875181018816,1.0129160579546985,0.47072853985281693,4.313960455362493,RETROSPECTIVE_HISTORY_DIAGNOSTIC
2026-10-08,8474600,WINSOR_TOP_SOG_TO_SECOND_MAX,5.326876513317192,5.326876513317192,0.0,1.0129160579546985,1.0129160579546985,4.313960455362493,RETROSPECTIVE_HISTORY_DIAGNOSTIC
2026-10-08,8474716,REMOVE_MAX_SOG,3.5803406748399693,2.9131516659586087,-0.6671890088813606,3.648574987810634,4.315763996691995,7.2289156626506035,RETROSPECTIVE_HISTORY_DIAGNOSTIC
2026-10-08,8474716,REMOVE_MAX_RATE,3.5803406748399693,2.894006993850235,-0.6863336809897342,3.648574987810634,4.334908668800368,7.2289156626506035,RETROSPECTIVE_HISTORY_DIAGNOSTIC
2026-10-08,8474716,WINSOR_TOP_SOG_TO_SECOND_MAX,3.5803406748399693,3.5803406748399693,0.0,3.648574987810634,3.648574987810634,7.2289156626506035,RETROSPECTIVE_HISTORY_DIAGNOSTIC
2026-10-08,8475151,REMOVE_MAX_SOG,7.997681831353231,6.79637526652452,-1.2013065648287107,3.5422362867987767,2.340929721970066,4.455445544554454,RETROSPECTIVE_HISTORY_DIAGNOSTIC
2026-10-08,8475151,REMOVE_MAX_RATE,7.997681831353231,6.79637526652452,-1.2013065648287107,3.5422362867987767,2.340929721970066,4.455445544554454,RETROSPECTIVE_HISTORY_DIAGNOSTIC
2026-10-08,8475151,WINSOR_TOP_SOG_TO_SECOND_MAX,7.997681831353231,7.302231237322516,-0.6954505940307145,3.5422362867987767,2.846785692768062,4.455445544554454,RETROSPECTIVE_HISTORY_DIAGNOSTIC
2026-10-08,8475158,REMOVE_MAX_SOG,4.8892723612309466,4.168893639764831,-0.7203787214661155,0.31303977749737744,1.033418498963493,5.202312138728324,RETROSPECTIVE_HISTORY_DIAGNOSTIC
2026-10-08,8475158,REMOVE_MAX_RATE,4.8892723612309466,4.168893639764831,-0.7203787214661155,0.31303977749737744,1.033418498963493,5.202312138728324,RETROSPECTIVE_HISTORY_DIAGNOSTIC
2026-10-08,8475158,WINSOR_TOP_SOG_TO_SECOND_MAX,4.8892723612309466,4.8892723612309466,0.0,0.31303977749737744,0.31303977749737744,5.202312138728324,RETROSPECTIVE_HISTORY_DIAGNOSTIC
2026-10-08,8475166,REMOVE_MAX_SOG,8.51481906009497,7.297494526879105,-1.2173245332158649,8.51481906009497,7.297494526879105,0.0,RETROSPECTIVE_HISTORY_DIAGNOSTIC
2026-10-08,8475166,REMOVE_MAX_RATE,8.51481906009497,7.4893009985734675,-1.0255180615215025,8.51481906009497,7.4893009985734675,0.0,RETROSPECTIVE_HISTORY_DIAGNOSTIC
2026-10-08,8475166,WINSOR_TOP_SOG_TO_SECOND_MAX,8.51481906009497,8.187326019322088,-0.32749304077288244,8.51481906009497,8.187326019322088,0.0,RETROSPECTIVE_HISTORY_DIAGNOSTIC
2026-10-08,8475167,REMOVE_MAX_SOG,3.9363034532116656,3.6019210245464244,-0.33438242866524126,3.9363034532116656,3.6019210245464244,0.0,RETROSPECTIVE_HISTORY_DIAGNOSTIC
2026-10-08,8475167,REMOVE_MAX_RATE,3.9363034532116656,3.6823370565852462,-0.2539663966264194,3.9363034532116656,3.6823370565852462,0.0,RETROSPECTIVE_HISTORY_DIAGNOSTIC
2026-10-08,8475167,WINSOR_TOP_SOG_TO_SECOND_MAX,3.9363034532116656,3.9363034532116656,0.0,3.9363034532116656,3.9363034532116656,0.0,RETROSPECTIVE_HISTORY_DIAGNOSTIC
2026-10-08,8475170,REMOVE_MAX_SOG,5.579449029408346,4.574623546603978,-1.0048254828043683,1.7373999365588269,0.7325744537544585,3.8420490928495195,RETROSPECTIVE_HISTORY_DIAGNOSTIC
2026-10-08,8475170,REMOVE_MAX_RATE,5.579449029408346,4.574623546603978,-1.0048254828043683,1.7373999365588269,0.7325744537544585,3.8420490928495195,RETROSPECTIVE_HISTORY_DIAGNOSTIC
2026-10-08,8475170,WINSOR_TOP_SOG_TO_SECOND_MAX,5.579449029408346,5.230733465070323,-0.34871556433802287,1.7373999365588269,1.388684372220804,3.8420490928495195,RETROSPECTIVE_HISTORY_DIAGNOSTIC
2026-10-08,8475171,REMOVE_MAX_SOG,2.188297816912416,1.7003910899506884,-0.48790672696172743,2.188297816912416,1.7003910899506884,0.0,RETROSPECTIVE_HISTORY_DIAGNOSTIC
2026-10-08,8475171,REMOVE_MAX_RATE,2.188297816912416,1.7003910899506884,-0.48790672696172743,2.188297816912416,1.7003910899506884,0.0,RETROSPECTIVE_HISTORY_DIAGNOSTIC
2026-10-08,8475171,WINSOR_TOP_SOG_TO_SECOND_MAX,2.188297816912416,1.875683843067785,-0.31261397384463097,2.188297816912416,1.875683843067785,0.0,RETROSPECTIVE_HISTORY_DIAGNOSTIC
2026-10-08,8475172,REMOVE_MAX_SOG,10.067739730284009,9.310198899703765,-0.7575408305802434,3.104490213843003,2.3469493832627597,6.963249516441006,RETROSPECTIVE_HISTORY_DIAGNOSTIC
2026-10-08,8475172,REMOVE_MAX_RATE,10.067739730284009,9.310198899703765,-0.7575408305802434,3.104490213843003,2.3469493832627597,6.963249516441006,RETROSPECTIVE_HISTORY_DIAGNOSTIC
2026-10-08,8475172,WINSOR_TOP_SOG_TO_SECOND_MAX,10.067739730284009,9.694860481014231,-0.37287924926977745,3.104490213843003,2.7316109645732256,6.963249516441006,RETROSPECTIVE_HISTORY_DIAGNOSTIC
2026-10-08,8475184,REMOVE_MAX_SOG,5.402624131721122,4.692165505474193,-0.710458626246929,5.402624131721122,4.692165505474193,0.0,RETROSPECTIVE_HISTORY_DIAGNOSTIC
2026-10-08,8475184,REMOVE_MAX_RATE,5.402624131721122,4.692165505474193,-0.710458626246929,5.402624131721122,4.692165505474193,0.0,RETROSPECTIVE_HISTORY_DIAGNOSTIC
2026-10-08,8475184,WINSOR_TOP_SOG_TO_SECOND_MAX,5.402624131721122,5.016722408026756,-0.38590172369436626,5.402624131721122,5.016722408026756,0.0,RETROSPECTIVE_HISTORY_DIAGNOSTIC
2026-10-08,8475188,REMOVE_MAX_SOG,3.7793291690724895,3.1521802580117915,-0.627148911060698,0.4765768754945081,0.15057203556618992,3.3027522935779814,RETROSPECTIVE_HISTORY_DIAGNOSTIC
2026-10-08,8475188,REMOVE_MAX_RATE,3.7793291690724895,3.1521802580117915,-0.627148911060698,0.4765768754945081,0.15057203556618992,3.3027522935779814,RETROSPECTIVE_HISTORY_DIAGNOSTIC
2026-10-08,8475188,WINSOR_TOP_SOG_TO_SECOND_MAX,3.7793291690724895,3.464385071649782,-0.31494409742270735,0.4765768754945081,0.16163277807180076,3.3027522935779814,RETROSPECTIVE_HISTORY_DIAGNOSTIC
2026-10-08,8475200,REMOVE_MAX_SOG,3.6400404448938324,2.73660205245154,-0.9034383924422924,3.6400404448938324,2.73660205245154,0.0,RETROSPECTIVE_HISTORY_DIAGNOSTIC
2026-10-08,8475200,REMOVE_MAX_RATE,3.6400404448938324,2.73660205245154,-0.9034383924422924,3.6400404448938324,2.73660205245154,0.0,RETROSPECTIVE_HISTORY_DIAGNOSTIC
2026-10-08,8475200,WINSOR_TOP_SOG_TO_SECOND_MAX,3.6400404448938324,3.033367037411527,-0.6066734074823055,3.6400404448938324,3.033367037411527,0.0,RETROSPECTIVE_HISTORY_DIAGNOSTIC
2026-10-08,8475220,REMOVE_MAX_SOG,4.936646371564917,4.328613941744071,-0.6080324298208462,0.5679407843983855,1.1759732142192316,5.504587155963303,RETROSPECTIVE_HISTORY_DIAGNOSTIC
2026-10-08,8475220,REMOVE_MAX_RATE,4.936646371564917,4.328613941744071,-0.6080324298208462,0.5679407843983855,1.1759732142192316,5.504587155963303,RETROSPECTIVE_HISTORY_DIAGNOSTIC
2026-10-08,8475220,WINSOR_TOP_SOG_TO_SECOND_MAX,4.936646371564917,4.936646371564917,0.0,0.5679407843983855,0.5679407843983855,5.504587155963303,RETROSPECTIVE_HISTORY_DIAGNOSTIC
2026-10-08,8475231,REMOVE_MAX_SOG,7.032898335547395,4.7165691326753425,-2.316329202872052,1.2239823983975606,3.5403116012696128,8.256880733944955,RETROSPECTIVE_HISTORY_DIAGNOSTIC
2026-10-08,8475231,REMOVE_MAX_RATE,7.032898335547395,4.7165691326753425,-2.316329202872052,1.2239823983975606,3.5403116012696128,8.256880733944955,RETROSPECTIVE_HISTORY_DIAGNOSTIC
2026-10-08,8475231,WINSOR_TOP_SOG_TO_SECOND_MAX,7.032898335547395,6.095178557474408,-0.9377197780729869,1.2239823983975606,2.1617021764705475,8.256880733944955,RETROSPECTIVE_HISTORY_DIAGNOSTIC
2026-10-08,8475314,REMOVE_MAX_SOG,9.780990856899852,8.839264945336124,-0.9417259115637275,5.863689442318785,4.9219635307550575,3.9173014145810665,RETROSPECTIVE_HISTORY_DIAGNOSTIC
2026-10-08,8475314,REMOVE_MAX_RATE,9.780990856899852,8.839264945336124,-0.9417259115637275,5.863689442318785,4.9219635307550575,3.9173014145810665,RETROSPECTIVE_HISTORY_DIAGNOSTIC
2026-10-08,8475314,WINSOR_TOP_SOG_TO_SECOND_MAX,9.780990856899852,9.355730384860728,-0.425260472039124,5.863689442318785,5.438428970279661,3.9173014145810665,RETROSPECTIVE_HISTORY_DIAGNOSTIC
2026-10-08,8475343,REMOVE_MAX_SOG,3.5656677137278203,2.8171659310733403,-0.74850178265448,3.5656677137278203,2.8171659310733403,0.0,RETROSPECTIVE_HISTORY_DIAGNOSTIC
2026-10-08,8475343,REMOVE_MAX_RATE,3.5656677137278203,2.8171659310733403,-0.74850178265448,3.5656677137278203,2.8171659310733403,0.0,RETROSPECTIVE_HISTORY_DIAGNOSTIC
2026-10-08,8475343,WINSOR_TOP_SOG_TO_SECOND_MAX,3.5656677137278203,3.5656677137278203,0.0,3.5656677137278203,3.5656677137278203,0.0,RETROSPECTIVE_HISTORY_DIAGNOSTIC
2026-10-08,8475690,REMOVE_MAX_SOG,1.2794540995841772,1.0655301012253597,-0.21392399835881748,1.2794540995841772,1.0655301012253597,0.0,RETROSPECTIVE_HISTORY_DIAGNOSTIC
2026-10-08,8475690,REMOVE_MAX_RATE,1.2794540995841772,1.0575793184488835,-0.22187478113529369,1.2794540995841772,1.0575793184488835,0.0,RETROSPECTIVE_HISTORY_DIAGNOSTIC
2026-10-08,8475690,WINSOR_TOP_SOG_TO_SECOND_MAX,1.2794540995841772,1.2794540995841772,0.0,1.2794540995841772,1.2794540995841772,0.0,RETROSPECTIVE_HISTORY_DIAGNOSTIC
2026-10-08,8475726,REMOVE_MAX_SOG,7.994356924523865,6.752077562326869,-1.2422793621969959,7.147598911438278,8.389878273635274,15.141955835962143,RETROSPECTIVE_HISTORY_DIAGNOSTIC
2026-10-08,8475726,REMOVE_MAX_RATE,7.994356924523865,6.752077562326869,-1.2422793621969959,7.147598911438278,8.389878273635274,15.141955835962143,RETROSPECTIVE_HISTORY_DIAGNOSTIC
2026-10-08,8475726,WINSOR_TOP_SOG_TO_SECOND_MAX,7.994356924523865,7.524100634845991,-0.4702562896778746,7.147598911438278,7.617855201116153,15.141955835962143,RETROSPECTIVE_HISTORY_DIAGNOSTIC
2026-10-08,8475754,REMOVE_MAX_SOG,3.993122954910987,3.3035605040988614,-0.6895624508121254,0.142855575231843,0.5467068755802824,3.850267379679144,RETROSPECTIVE_HISTORY_DIAGNOSTIC
2026-10-08,8475754,REMOVE_MAX_RATE,3.993122954910987,3.3035605040988614,-0.6895624508121254,0.142855575231843,0.5467068755802824,3.850267379679144,RETROSPECTIVE_HISTORY_DIAGNOSTIC
2026-10-08,8475754,WINSOR_TOP_SOG_TO_SECOND_MAX,3.993122954910987,3.6603627086684045,-0.33276024624258227,0.142855575231843,0.18990467101073927,3.850267379679144,RETROSPECTIVE_HISTORY_DIAGNOSTIC
2026-10-08,8475764,REMOVE_MAX_SOG,3.7119878170656264,3.2479835435500464,-0.46400427351558005,3.7119878170656264,3.2479835435500464,0.0,RETROSPECTIVE_HISTORY_DIAGNOSTIC
2026-10-08,8475764,REMOVE_MAX_RATE,3.7119878170656264,3.2479835435500464,-0.46400427351558005,3.7119878170656264,3.2479835435500464,0.0,RETROSPECTIVE_HISTORY_DIAGNOSTIC
2026-10-08,8475764,WINSOR_TOP_SOG_TO_SECOND_MAX,3.7119878170656264,3.4264502926759626,-0.28553752438966384,3.7119878170656264,3.4264502926759626,0.0,RETROSPECTIVE_HISTORY_DIAGNOSTIC
2026-10-08,8475768,REMOVE_MAX_SOG,5.687588868576072,4.495729057395474,-1.1918598111805982,2.9766710592217622,4.1685308704023605,8.664259927797834,RETROSPECTIVE_HISTORY_DIAGNOSTIC
2026-10-08,8475768,REMOVE_MAX_RATE,5.687588868576072,4.495729057395474,-1.1918598111805982,2.9766710592217622,4.1685308704023605,8.664259927797834,RETROSPECTIVE_HISTORY_DIAGNOSTIC
2026-10-08,8475768,WINSOR_TOP_SOG_TO_SECOND_MAX,5.687588868576072,5.687588868576072,0.0,2.9766710592217622,2.9766710592217622,8.664259927797834,RETROSPECTIVE_HISTORY_DIAGNOSTIC
2026-10-08,8475791,REMOVE_MAX_SOG,8.724100327153762,7.71518122639235,-1.0089191007614122,0.024380839310392588,1.0332999400718048,8.748481166464154,RETROSPECTIVE_HISTORY_DIAGNOSTIC
2026-10-08,8475791,REMOVE_MAX_RATE,8.724100327153762,7.71518122639235,-1.0089191007614122,0.024380839310392588,1.0332999400718048,8.748481166464154,RETROSPECTIVE_HISTORY_DIAGNOSTIC
2026-10-08,8475791,WINSOR_TOP_SOG_TO_SECOND_MAX,8.724100327153762,8.287895310796074,-0.4362050163576878,0.024380839310392588,0.4605858556680804,8.748481166464154,RETROSPECTIVE_HISTORY_DIAGNOSTIC
2026-10-08,8475794,REMOVE_MAX_SOG,5.379681357334988,4.151610671177059,-1.2280706861579294,5.379681357334988,4.151610671177059,0.0,RETROSPECTIVE_HISTORY_DIAGNOSTIC
2026-10-08,8475794,REMOVE_MAX_RATE,5.379681357334988,5.00730231587732,-0.372379041457668,5.379681357334988,5.00730231587732,0.0,RETROSPECTIVE_HISTORY_DIAGNOSTIC
2026-10-08,8475794,WINSOR_TOP_SOG_TO_SECOND_MAX,5.379681357334988,4.9658597144630665,-0.41382164287192147,5.379681357334988,4.9658597144630665,0.0,RETROSPECTIVE_HISTORY_DIAGNOSTIC
2026-10-08,8475913,REMOVE_MAX_SOG,7.75235531628533,7.062978222483814,-0.6893770938015162,4.773740717117592,5.463117810919108,12.526096033402922,RETROSPECTIVE_HISTORY_DIAGNOSTIC
2026-10-08,8475913,REMOVE_MAX_RATE,7.75235531628533,7.062978222483814,-0.6893770938015162,4.773740717117592,5.463117810919108,12.526096033402922,RETROSPECTIVE_HISTORY_DIAGNOSTIC
2026-10-08,8475913,WINSOR_TOP_SOG_TO_SECOND_MAX,7.75235531628533,7.75235531628533,0.0,4.773740717117592,4.773740717117592,12.526096033402922,RETROSPECTIVE_HISTORY_DIAGNOSTIC
2026-10-08,8476278,REMOVE_MAX_SOG,3.4395217426910163,2.253309548399211,-1.1862121942918051,6.316575818284593,7.502788012576398,9.75609756097561,RETROSPECTIVE_HISTORY_DIAGNOSTIC
2026-10-08,8476278,REMOVE_MAX_RATE,3.4395217426910163,2.674273489035479,-0.7652482536555372,6.316575818284593,7.08182407194013,9.75609756097561,RETROSPECTIVE_HISTORY_DIAGNOSTIC
2026-10-08,8476278,WINSOR_TOP_SOG_TO_SECOND_MAX,3.4395217426910163,2.9481614937351566,-0.4913602489558597,6.316575818284593,6.807936067240453,9.75609756097561,RETROSPECTIVE_HISTORY_DIAGNOSTIC
2026-10-08,8476292,REMOVE_MAX_SOG,4.48169972611835,2.776749352091818,-1.7049503740265322,4.48169972611835,2.776749352091818,0.0,RETROSPECTIVE_HISTORY_DIAGNOSTIC
2026-10-08,8476292,REMOVE_MAX_RATE,4.48169972611835,2.776749352091818,-1.7049503740265322,4.48169972611835,2.776749352091818,0.0,RETROSPECTIVE_HISTORY_DIAGNOSTIC
2026-10-08,8476292,WINSOR_TOP_SOG_TO_SECOND_MAX,4.48169972611835,3.485766453647605,-0.995933272470745,4.48169972611835,3.485766453647605,0.0,RETROSPECTIVE_HISTORY_DIAGNOSTIC
2026-10-08,8476312,REMOVE_MAX_SOG,5.899705014749262,5.213505461767626,-0.6861995529816358,0.031734354602562576,0.6544651983790732,5.8679706601467,RETROSPECTIVE_HISTORY_DIAGNOSTIC
2026-10-08,8476312,REMOVE_MAX_RATE,5.899705014749262,5.213505461767626,-0.6861995529816358,0.031734354602562576,0.6544651983790732,5.8679706601467,RETROSPECTIVE_HISTORY_DIAGNOSTIC
2026-10-08,8476312,WINSOR_TOP_SOG_TO_SECOND_MAX,5.899705014749262,5.899705014749262,0.0,0.031734354602562576,0.031734354602562576,5.8679706601467,RETROSPECTIVE_HISTORY_DIAGNOSTIC
2026-10-08,8476372,REMOVE_MAX_SOG,2.3381395089907033,1.8098455598455596,-0.5282939491451437,1.2156610833093957,1.7439550324545394,3.553800592300099,RETROSPECTIVE_HISTORY_DIAGNOSTIC
2026-10-08,8476372,REMOVE_MAX_RATE,2.3381395089907033,1.8098455598455596,-0.5282939491451437,1.2156610833093957,1.7439550324545394,3.553800592300099,RETROSPECTIVE_HISTORY_DIAGNOSTIC
2026-10-08,8476372,WINSOR_TOP_SOG_TO_SECOND_MAX,2.3381395089907033,2.3381395089907033,0.0,1.2156610833093957,1.2156610833093957,3.553800592300099,RETROSPECTIVE_HISTORY_DIAGNOSTIC
2026-10-08,8476389,REMOVE_MAX_SOG,4.261596459596787,3.307202351788339,-0.9543941078084481,6.305918217506931,7.260312325315379,10.567514677103718,RETROSPECTIVE_HISTORY_DIAGNOSTIC
2026-10-08,8476389,REMOVE_MAX_RATE,4.261596459596787,3.307202351788339,-0.9543941078084481,6.305918217506931,7.260312325315379,10.567514677103718,RETROSPECTIVE_HISTORY_DIAGNOSTIC
2026-10-08,8476389,WINSOR_TOP_SOG_TO_SECOND_MAX,4.261596459596787,3.6059662350434354,-0.6556302245533518,6.305918217506931,6.961548442060282,10.567514677103718,RETROSPECTIVE_HISTORY_DIAGNOSTIC
2026-10-08,8476393,REMOVE_MAX_SOG,4.746366063482647,3.440366972477064,-1.305999091005583,5.951999464006208,7.257998555011792,10.698365527488855,RETROSPECTIVE_HISTORY_DIAGNOSTIC
2026-10-08,8476393,REMOVE_MAX_RATE,4.746366063482647,3.440366972477064,-1.305999091005583,5.951999464006208,7.257998555011792,10.698365527488855,RETROSPECTIVE_HISTORY_DIAGNOSTIC
2026-10-08,8476393,WINSOR_TOP_SOG_TO_SECOND_MAX,4.746366063482647,4.153070305547315,-0.5932957579353317,5.951999464006208,6.54529522194154,10.698365527488855,RETROSPECTIVE_HISTORY_DIAGNOSTIC
2026-10-08,8476399,REMOVE_MAX_SOG,8.40665807319397,7.793171697179614,-0.6134863760143565,16.70962099657347,17.323107372587828,25.11627906976744,RETROSPECTIVE_HISTORY_DIAGNOSTIC
2026-10-08,8476399,REMOVE_MAX_RATE,8.40665807319397,7.793171697179614,-0.6134863760143565,16.70962099657347,17.323107372587828,25.11627906976744,RETROSPECTIVE_HISTORY_DIAGNOSTIC
2026-10-08,8476399,WINSOR_TOP_SOG_TO_SECOND_MAX,8.40665807319397,8.07039175026621,-0.3362663229277594,16.70962099657347,17.04588731950123,25.11627906976744,RETROSPECTIVE_HISTORY_DIAGNOSTIC
2026-10-08,8476419,REMOVE_MAX_SOG,4.325599685410932,3.9198606271777,-0.4057390582332321,4.325599685410932,3.9198606271777,0.0,RETROSPECTIVE_HISTORY_DIAGNOSTIC
2026-10-08,8476419,REMOVE_MAX_RATE,4.325599685410932,3.8720780152014913,-0.4535216702094407,4.325599685410932,3.8720780152014913,0.0,RETROSPECTIVE_HISTORY_DIAGNOSTIC
2026-10-08,8476419,WINSOR_TOP_SOG_TO_SECOND_MAX,4.325599685410932,4.325599685410932,0.0,4.325599685410932,4.325599685410932,0.0,RETROSPECTIVE_HISTORY_DIAGNOSTIC
2026-10-08,8476422,REMOVE_MAX_SOG,5.22963459604425,4.4920266526914725,-0.7376079433527778,1.633230999640654,0.8956230562878762,3.5964035964035963,RETROSPECTIVE_HISTORY_DIAGNOSTIC
2026-10-08,8476422,REMOVE_MAX_RATE,5.22963459604425,4.4920266526914725,-0.7376079433527778,1.633230999640654,0.8956230562878762,3.5964035964035963,RETROSPECTIVE_HISTORY_DIAGNOSTIC
2026-10-08,8476422,WINSOR_TOP_SOG_TO_SECOND_MAX,5.22963459604425,4.827355011733155,-0.40227958431109556,1.633230999640654,1.2309514153295584,3.5964035964035963,RETROSPECTIVE_HISTORY_DIAGNOSTIC
2026-10-08,8476429,REMOVE_MAX_SOG,2.106002106002106,1.3858946720049277,-0.7201074339971782,2.106002106002106,1.3858946720049277,0.0,RETROSPECTIVE_HISTORY_DIAGNOSTIC
2026-10-08,8476429,REMOVE_MAX_RATE,2.106002106002106,1.3858946720049277,-0.7201074339971782,2.106002106002106,1.3858946720049277,0.0,RETROSPECTIVE_HISTORY_DIAGNOSTIC
2026-10-08,8476429,WINSOR_TOP_SOG_TO_SECOND_MAX,2.106002106002106,1.684801684801685,-0.421200421200421,2.106002106002106,1.684801684801685,0.0,RETROSPECTIVE_HISTORY_DIAGNOSTIC
2026-10-08,8476448,REMOVE_MAX_SOG,6.964809384164223,5.690671363728744,-1.2741380204354789,3.793003216763342,2.518865196327863,3.171806167400881,RETROSPECTIVE_HISTORY_DIAGNOSTIC
2026-10-08,8476448,REMOVE_MAX_RATE,6.964809384164223,5.690671363728744,-1.2741380204354789,3.793003216763342,2.518865196327863,3.171806167400881,RETROSPECTIVE_HISTORY_DIAGNOSTIC
2026-10-08,8476448,WINSOR_TOP_SOG_TO_SECOND_MAX,6.964809384164223,6.231671554252199,-0.7331378299120237,3.793003216763342,3.0598653868513184,3.171806167400881,RETROSPECTIVE_HISTORY_DIAGNOSTIC
2026-10-08,8476453,REMOVE_MAX_SOG,5.68262537292229,5.414012738853503,-0.2686126340687869,2.8140994765079475,2.5454868424391606,2.8685258964143427,RETROSPECTIVE_HISTORY_DIAGNOSTIC
2026-10-08,8476453,REMOVE_MAX_RATE,5.68262537292229,5.239098053315527,-0.44352731960676284,2.8140994765079475,2.3705721569011846,2.8685258964143427,RETROSPECTIVE_HISTORY_DIAGNOSTIC
2026-10-08,8476453,WINSOR_TOP_SOG_TO_SECOND_MAX,5.68262537292229,5.68262537292229,0.0,2.8140994765079475,2.8140994765079475,2.8685258964143427,RETROSPECTIVE_HISTORY_DIAGNOSTIC
2026-10-08,8476455,REMOVE_MAX_SOG,7.903718340219147,6.797281087564972,-1.1064372526541746,3.6634356547067792,2.5569984020526046,4.240282685512367,RETROSPECTIVE_HISTORY_DIAGNOSTIC
2026-10-08,8476455,REMOVE_MAX_RATE,7.903718340219147,6.797281087564972,-1.1064372526541746,3.6634356547067792,2.5569984020526046,4.240282685512367,RETROSPECTIVE_HISTORY_DIAGNOSTIC
2026-10-08,8476455,WINSOR_TOP_SOG_TO_SECOND_MAX,7.903718340219147,7.185198491108316,-0.7185198491108302,3.6634356547067792,2.944915805595949,4.240282685512367,RETROSPECTIVE_HISTORY_DIAGNOSTIC
2026-10-08,8476458,REMOVE_MAX_SOG,6.3970431445020965,5.293976096895805,-1.1030670476062916,6.3970431445020965,5.293976096895805,0.0,RETROSPECTIVE_HISTORY_DIAGNOSTIC
2026-10-08,8476458,REMOVE_MAX_RATE,6.3970431445020965,5.293976096895805,-1.1030670476062916,6.3970431445020965,5.293976096895805,0.0,RETROSPECTIVE_HISTORY_DIAGNOSTIC
2026-10-08,8476458,WINSOR_TOP_SOG_TO_SECOND_MAX,6.3970431445020965,5.97057360153529,-0.4264695429668066,6.3970431445020965,5.97057360153529,0.0,RETROSPECTIVE_HISTORY_DIAGNOSTIC
2026-10-08,8476461,REMOVE_MAX_SOG,3.858520900321543,2.5996533795493932,-1.2588675207721498,10.108501408116865,11.367368928889016,13.967022308438409,RETROSPECTIVE_HISTORY_DIAGNOSTIC
2026-10-08,8476461,REMOVE_MAX_RATE,3.858520900321543,2.5996533795493932,-1.2588675207721498,10.108501408116865,11.367368928889016,13.967022308438409,RETROSPECTIVE_HISTORY_DIAGNOSTIC
2026-10-08,8476461,WINSOR_TOP_SOG_TO_SECOND_MAX,3.858520900321543,3.0868167202572345,-0.7717041800643085,10.108501408116865,10.880205588181175,13.967022308438409,RETROSPECTIVE_HISTORY_DIAGNOSTIC
2026-10-08,8476463,REMOVE_MAX_SOG,3.17258883248731,2.8187210053438254,-0.3538678271434845,2.0448024718605162,2.3986702990040007,5.217391304347826,RETROSPECTIVE_HISTORY_DIAGNOSTIC
2026-10-08,8476463,REMOVE_MAX_RATE,3.17258883248731,2.7932960893854752,-0.3792927431018347,2.0448024718605162,2.424095214962351,5.217391304347826,RETROSPECTIVE_HISTORY_DIAGNOSTIC
2026-10-08,8476463,WINSOR_TOP_SOG_TO_SECOND_MAX,3.17258883248731,3.17258883248731,0.0,2.0448024718605162,2.0448024718605162,5.217391304347826,RETROSPECTIVE_HISTORY_DIAGNOSTIC
2026-10-08,8476467,REMOVE_MAX_SOG,1.8800919156047626,1.3876843018213358,-0.4924076137834268,2.1739621384492906,2.6663697522327174,4.0540540540540535,RETROSPECTIVE_HISTORY_DIAGNOSTIC
2026-10-08,8476467,REMOVE_MAX_RATE,1.8800919156047626,1.3768573231598875,-0.5032345924448751,2.1739621384492906,2.677196730894166,4.0540540540540535,RETROSPECTIVE_HISTORY_DIAGNOSTIC
2026-10-08,8476467,WINSOR_TOP_SOG_TO_SECOND_MAX,1.8800919156047626,1.8800919156047626,0.0,2.1739621384492906,2.1739621384492906,4.0540540540540535,RETROSPECTIVE_HISTORY_DIAGNOSTIC
2026-10-08,8476479,REMOVE_MAX_SOG,6.6486598794930405,5.696653216235462,-0.9520066632575785,0.20858832314241393,0.7434183401151646,6.440071556350627,RETROSPECTIVE_HISTORY_DIAGNOSTIC
2026-10-08,8476479,REMOVE_MAX_RATE,6.6486598794930405,5.696653216235462,-0.9520066632575785,0.20858832314241393,0.7434183401151646,6.440071556350627,RETROSPECTIVE_HISTORY_DIAGNOSTIC
2026-10-08,8476479,WINSOR_TOP_SOG_TO_SECOND_MAX,6.6486598794930405,6.233118637024726,-0.4155412424683149,0.20858832314241393,0.20695291932590099,6.440071556350627,RETROSPECTIVE_HISTORY_DIAGNOSTIC
2026-10-08,8476539,REMOVE_MAX_SOG,5.746733255798042,5.084745762711864,-0.661987493086178,5.746733255798042,5.084745762711864,0.0,RETROSPECTIVE_HISTORY_DIAGNOSTIC
2026-10-08,8476539,REMOVE_MAX_RATE,5.746733255798042,5.084745762711864,-0.661987493086178,5.746733255798042,5.084745762711864,0.0,RETROSPECTIVE_HISTORY_DIAGNOSTIC
2026-10-08,8476539,WINSOR_TOP_SOG_TO_SECOND_MAX,5.746733255798042,5.746733255798042,0.0,5.746733255798042,5.746733255798042,0.0,RETROSPECTIVE_HISTORY_DIAGNOSTIC
2026-10-08,8476624,REMOVE_MAX_SOG,1.9343918755541225,1.054574215660427,-0.8798176598936955,1.9343918755541225,1.054574215660427,0.0,RETROSPECTIVE_HISTORY_DIAGNOSTIC
2026-10-08,8476624,REMOVE_MAX_RATE,1.9343918755541225,1.054574215660427,-0.8798176598936955,1.9343918755541225,1.054574215660427,0.0,RETROSPECTIVE_HISTORY_DIAGNOSTIC
2026-10-08,8476624,WINSOR_TOP_SOG_TO_SECOND_MAX,1.9343918755541225,1.450793906665592,-0.48359796888853057,1.9343918755541225,1.450793906665592,0.0,RETROSPECTIVE_HISTORY_DIAGNOSTIC
2026-10-08,8476853,REMOVE_MAX_SOG,5.08423885953544,4.321569061997894,-0.762669797537546,2.220277045692958,1.457607248155412,2.863961813842482,RETROSPECTIVE_HISTORY_DIAGNOSTIC
2026-10-08,8476853,REMOVE_MAX_RATE,5.08423885953544,4.321569061997894,-0.762669797537546,2.220277045692958,1.457607248155412,2.863961813842482,RETROSPECTIVE_HISTORY_DIAGNOSTIC
2026-10-08,8476853,WINSOR_TOP_SOG_TO_SECOND_MAX,5.08423885953544,4.78516598544512,-0.2990728740903199,2.220277045692958,1.9212041716026382,2.863961813842482,RETROSPECTIVE_HISTORY_DIAGNOSTIC
2026-10-08,8476854,REMOVE_MAX_SOG,2.8781119585551878,2.530311017395888,-0.3478009411592997,0.25504731037431627,0.602848251533616,3.133159268929504,RETROSPECTIVE_HISTORY_DIAGNOSTIC
2026-10-08,8476854,REMOVE_MAX_RATE,2.8781119585551878,2.530311017395888,-0.3478009411592997,0.25504731037431627,0.602848251533616,3.133159268929504,RETROSPECTIVE_HISTORY_DIAGNOSTIC
2026-10-08,8476854,WINSOR_TOP_SOG_TO_SECOND_MAX,2.8781119585551878,2.8781119585551878,0.0,0.25504731037431627,0.25504731037431627,3.133159268929504,RETROSPECTIVE_HISTORY_DIAGNOSTIC
2026-10-08,8476869,REMOVE_MAX_SOG,2.4880206413564325,2.1109770808202653,-0.3770435605361673,2.4880206413564325,2.1109770808202653,0.0,RETROSPECTIVE_HISTORY_DIAGNOSTIC
2026-10-08,8476869,REMOVE_MAX_RATE,2.4880206413564325,2.1109770808202653,-0.3770435605361673,2.4880206413564325,2.1109770808202653,0.0,RETROSPECTIVE_HISTORY_DIAGNOSTIC
2026-10-08,8476869,WINSOR_TOP_SOG_TO_SECOND_MAX,2.4880206413564325,2.4880206413564325,0.0,2.4880206413564325,2.4880206413564325,0.0,RETROSPECTIVE_HISTORY_DIAGNOSTIC
2026-10-08,8476873,REMOVE_MAX_SOG,4.482629809488234,3.5753809483272327,-0.9072488611610012,3.4556281838965504,4.362877045057552,7.938257993384784,RETROSPECTIVE_HISTORY_DIAGNOSTIC
2026-10-08,8476873,REMOVE_MAX_RATE,4.482629809488234,3.5753809483272327,-0.9072488611610012,3.4556281838965504,4.362877045057552,7.938257993384784,RETROSPECTIVE_HISTORY_DIAGNOSTIC
2026-10-08,8476873,WINSOR_TOP_SOG_TO_SECOND_MAX,4.482629809488234,4.03436682853941,-0.4482629809488241,3.4556281838965504,3.9038911648453745,7.938257993384784,RETROSPECTIVE_HISTORY_DIAGNOSTIC
2026-10-08,8476875,REMOVE_MAX_SOG,5.0853922108742635,4.572735067162046,-0.5126571437122172,5.0853922108742635,4.572735067162046,0.0,RETROSPECTIVE_HISTORY_DIAGNOSTIC
2026-10-08,8476875,REMOVE_MAX_RATE,5.0853922108742635,4.50387051372273,-0.5815216971515333,5.0853922108742635,4.50387051372273,0.0,RETROSPECTIVE_HISTORY_DIAGNOSTIC
2026-10-08,8476875,WINSOR_TOP_SOG_TO_SECOND_MAX,5.0853922108742635,5.0853922108742635,0.0,5.0853922108742635,5.0853922108742635,0.0,RETROSPECTIVE_HISTORY_DIAGNOSTIC
2026-10-08,8476878,REMOVE_MAX_SOG,1.2775924480090852,0.9490667510281557,-0.3285256969809295,2.879451431898536,3.2079771288794654,4.157043879907621,RETROSPECTIVE_HISTORY_DIAGNOSTIC
2026-10-08,8476878,REMOVE_MAX_RATE,1.2775924480090852,0.9486915961736105,-0.3289008518354747,2.879451431898536,3.2083522837340106,4.157043879907621,RETROSPECTIVE_HISTORY_DIAGNOSTIC
2026-10-08,8476878,WINSOR_TOP_SOG_TO_SECOND_MAX,1.2775924480090852,1.2775924480090852,0.0,2.879451431898536,2.879451431898536,4.157043879907621,RETROSPECTIVE_HISTORY_DIAGNOSTIC
2026-10-08,8476881,REMOVE_MAX_SOG,10.624007815362074,9.83606557377049,-0.7879422415915833,1.6347890064313422,2.4227312480229255,12.258796821793416,RETROSPECTIVE_HISTORY_DIAGNOSTIC
2026-10-08,8476881,REMOVE_MAX_RATE,10.624007815362074,9.83606557377049,-0.7879422415915833,1.6347890064313422,2.4227312480229255,12.258796821793416,RETROSPECTIVE_HISTORY_DIAGNOSTIC
2026-10-08,8476881,WINSOR_TOP_SOG_TO_SECOND_MAX,10.624007815362074,10.257662718280622,-0.36634509708145124,1.6347890064313422,2.0011341035127934,12.258796821793416,RETROSPECTIVE_HISTORY_DIAGNOSTIC
2026-10-08,8476885,REMOVE_MAX_SOG,4.562520792737987,3.807307916027709,-0.7552128767102784,5.556945124338612,6.312158001048891,10.1194659170766,RETROSPECTIVE_HISTORY_DIAGNOSTIC
2026-10-08,8476885,REMOVE_MAX_RATE,4.562520792737987,3.807307916027709,-0.7552128767102784,5.556945124338612,6.312158001048891,10.1194659170766,RETROSPECTIVE_HISTORY_DIAGNOSTIC
2026-10-08,8476885,WINSOR_TOP_SOG_TO_SECOND_MAX,4.562520792737987,4.277363243191863,-0.28515754954612405,5.556945124338612,5.842102673884736,10.1194659170766,RETROSPECTIVE_HISTORY_DIAGNOSTIC
2026-10-08,8476887,REMOVE_MAX_SOG,6.684898207231845,5.745184183845893,-0.9397140233859513,2.406010883677247,3.3457249070631985,9.090909090909092,RETROSPECTIVE_HISTORY_DIAGNOSTIC
2026-10-08,8476887,REMOVE_MAX_RATE,6.684898207231845,5.745184183845893,-0.9397140233859513,2.406010883677247,3.3457249070631985,9.090909090909092,RETROSPECTIVE_HISTORY_DIAGNOSTIC
2026-10-08,8476887,WINSOR_TOP_SOG_TO_SECOND_MAX,6.684898207231845,6.381039197812215,-0.3038590094196296,2.406010883677247,2.7098698930968768,9.090909090909092,RETROSPECTIVE_HISTORY_DIAGNOSTIC
2026-10-08,8476889,REMOVE_MAX_SOG,4.985044865403789,3.917545005130118,-1.0674998602736707,0.4338438540257865,0.6336560062478842,4.551201011378002,RETROSPECTIVE_HISTORY_DIAGNOSTIC
2026-10-08,8476889,REMOVE_MAX_RATE,4.985044865403789,3.917545005130118,-1.0674998602736707,0.4338438540257865,0.6336560062478842,4.551201011378002,RETROSPECTIVE_HISTORY_DIAGNOSTIC
2026-10-08,8476889,WINSOR_TOP_SOG_TO_SECOND_MAX,4.985044865403789,4.48654037886341,-0.49850448654037915,0.4338438540257865,0.06466063251459264,4.551201011378002,RETROSPECTIVE_HISTORY_DIAGNOSTIC
2026-10-08,8476892,REMOVE_MAX_SOG,4.354979192877189,4.1827541827541825,-0.1722250101230065,4.354979192877189,4.1827541827541825,0.0,RETROSPECTIVE_HISTORY_DIAGNOSTIC
2026-10-08,8476892,REMOVE_MAX_RATE,4.354979192877189,4.1827541827541825,-0.1722250101230065,4.354979192877189,4.1827541827541825,0.0,RETROSPECTIVE_HISTORY_DIAGNOSTIC
2026-10-08,8476892,WINSOR_TOP_SOG_TO_SECOND_MAX,4.354979192877189,4.354979192877189,0.0,4.354979192877189,4.354979192877189,0.0,RETROSPECTIVE_HISTORY_DIAGNOSTIC
2026-10-08,8476902,REMOVE_MAX_SOG,3.17567242457778,2.586206896551724,-0.5894655280260559,3.17567242457778,2.586206896551724,0.0,RETROSPECTIVE_HISTORY_DIAGNOSTIC
2026-10-08,8476902,REMOVE_MAX_RATE,3.17567242457778,2.586206896551724,-0.5894655280260559,3.17567242457778,2.586206896551724,0.0,RETROSPECTIVE_HISTORY_DIAGNOSTIC
2026-10-08,8476902,WINSOR_TOP_SOG_TO_SECOND_MAX,3.17567242457778,3.17567242457778,0.0,3.17567242457778,3.17567242457778,0.0,RETROSPECTIVE_HISTORY_DIAGNOSTIC
2026-10-08,8476906,REMOVE_MAX_SOG,4.386881136411113,3.412386964681795,-0.9744941717293183,1.7722292143160034,2.7467233860453217,6.159110350727117,RETROSPECTIVE_HISTORY_DIAGNOSTIC
2026-10-08,8476906,REMOVE_MAX_RATE,4.386881136411113,3.412386964681795,-0.9744941717293183,1.7722292143160034,2.7467233860453217,6.159110350727117,RETROSPECTIVE_HISTORY_DIAGNOSTIC
2026-10-08,8476906,WINSOR_TOP_SOG_TO_SECOND_MAX,4.386881136411113,4.073532483810319,-0.31334865260079425,1.7722292143160034,2.0855778669167977,6.159110350727117,RETROSPECTIVE_HISTORY_DIAGNOSTIC
2026-10-08,8476917,REMOVE_MAX_SOG,3.1172069825436406,2.073613271124935,-1.0435937114187057,2.5210075828439864,3.564601294262692,5.638214565387627,RETROSPECTIVE_HISTORY_DIAGNOSTIC
2026-10-08,8476917,REMOVE_MAX_RATE,3.1172069825436406,2.073613271124935,-1.0435937114187057,2.5210075828439864,3.564601294262692,5.638214565387627,RETROSPECTIVE_HISTORY_DIAGNOSTIC
2026-10-08,8476917,WINSOR_TOP_SOG_TO_SECOND_MAX,3.1172069825436406,2.8054862842892767,-0.3117206982543639,2.5210075828439864,2.8327282810983503,5.638214565387627,RETROSPECTIVE_HISTORY_DIAGNOSTIC
2026-10-08,8476921,REMOVE_MAX_SOG,5.88889615913106,5.297623427268045,-0.5912727318630155,5.515538898947082,6.106811630810098,11.404435058078143,RETROSPECTIVE_HISTORY_DIAGNOSTIC
2026-10-08,8476921,REMOVE_MAX_RATE,5.88889615913106,5.166475315729047,-0.7224208434020136,5.515538898947082,6.237959742349096,11.404435058078143,RETROSPECTIVE_HISTORY_DIAGNOSTIC
2026-10-08,8476921,WINSOR_TOP_SOG_TO_SECOND_MAX,5.88889615913106,5.88889615913106,0.0,5.515538898947082,5.515538898947082,11.404435058078143,RETROSPECTIVE_HISTORY_DIAGNOSTIC
2026-10-08,8476925,REMOVE_MAX_SOG,4.765056254136334,3.511338697878567,-1.253717556257767,4.765056254136334,3.511338697878567,0.0,RETROSPECTIVE_HISTORY_DIAGNOSTIC
2026-10-08,8476925,REMOVE_MAX_RATE,4.765056254136334,3.511338697878567,-1.253717556257767,4.765056254136334,3.511338697878567,0.0,RETROSPECTIVE_HISTORY_DIAGNOSTIC
2026-10-08,8476925,WINSOR_TOP_SOG_TO_SECOND_MAX,4.765056254136334,3.970880211780278,-0.7941760423560558,4.765056254136334,3.970880211780278,0.0,RETROSPECTIVE_HISTORY_DIAGNOSTIC
2026-10-08,8476927,REMOVE_MAX_SOG,4.277464889142368,3.4030140982012638,-0.8744507909411041,4.277464889142368,3.4030140982012638,0.0,RETROSPECTIVE_HISTORY_DIAGNOSTIC
2026-10-08,8476927,REMOVE_MAX_RATE,4.277464889142368,3.4030140982012638,-0.8744507909411041,4.277464889142368,3.4030140982012638,0.0,RETROSPECTIVE_HISTORY_DIAGNOSTIC
2026-10-08,8476927,WINSOR_TOP_SOG_TO_SECOND_MAX,4.277464889142368,3.8497184002281317,-0.42774648891423617,4.277464889142368,3.8497184002281317,0.0,RETROSPECTIVE_HISTORY_DIAGNOSTIC
2026-10-08,8476931,REMOVE_MAX_SOG,3.7065637065637067,3.45383375546857,-0.25272995109513685,1.1569886357421773,0.9042586846470404,2.5495750708215295,RETROSPECTIVE_HISTORY_DIAGNOSTIC
2026-10-08,8476931,REMOVE_MAX_RATE,3.7065637065637067,3.417829678154372,-0.2887340284093347,1.1569886357421773,0.8682546073328425,2.5495750708215295,RETROSPECTIVE_HISTORY_DIAGNOSTIC
2026-10-08,8476931,WINSOR_TOP_SOG_TO_SECOND_MAX,3.7065637065637067,3.7065637065637067,0.0,1.1569886357421773,1.1569886357421773,2.5495750708215295,RETROSPECTIVE_HISTORY_DIAGNOSTIC
2026-10-08,8476958,REMOVE_MAX_SOG,4.089780417741857,3.2109600770630413,-0.878820340678816,4.089780417741857,3.2109600770630413,0.0,RETROSPECTIVE_HISTORY_DIAGNOSTIC
2026-10-08,8476958,REMOVE_MAX_RATE,4.089780417741857,3.2109600770630413,-0.878820340678816,4.089780417741857,3.2109600770630413,0.0,RETROSPECTIVE_HISTORY_DIAGNOSTIC
2026-10-08,8476958,WINSOR_TOP_SOG_TO_SECOND_MAX,4.089780417741857,4.089780417741857,0.0,4.089780417741857,4.089780417741857,0.0,RETROSPECTIVE_HISTORY_DIAGNOSTIC
2026-10-08,8476967,REMOVE_MAX_SOG,4.084014002333722,2.9284164859002164,-1.155597516433506,4.084014002333722,2.9284164859002164,0.0,RETROSPECTIVE_HISTORY_DIAGNOSTIC
2026-10-08,8476967,REMOVE_MAX_RATE,4.084014002333722,2.9284164859002164,-1.155597516433506,4.084014002333722,2.9284164859002164,0.0,RETROSPECTIVE_HISTORY_DIAGNOSTIC
2026-10-08,8476967,WINSOR_TOP_SOG_TO_SECOND_MAX,4.084014002333722,3.500583430571762,-0.5834305717619603,4.084014002333722,3.500583430571762,0.0,RETROSPECTIVE_HISTORY_DIAGNOSTIC
2026-10-08,8476981,REMOVE_MAX_SOG,4.463289444320464,3.4353018158023882,-1.0279876285180753,12.203377222346205,13.23136485086428,16.666666666666668,RETROSPECTIVE_HISTORY_DIAGNOSTIC
2026-10-08,8476981,REMOVE_MAX_RATE,4.463289444320464,3.4353018158023882,-1.0279876285180753,12.203377222346205,13.23136485086428,16.666666666666668,RETROSPECTIVE_HISTORY_DIAGNOSTIC
2026-10-08,8476981,WINSOR_TOP_SOG_TO_SECOND_MAX,4.463289444320464,4.463289444320464,0.0,12.203377222346205,12.203377222346205,16.666666666666668,RETROSPECTIVE_HISTORY_DIAGNOSTIC
2026-10-08,8477021,REMOVE_MAX_SOG,4.189066536340152,3.298515667949423,-0.8905508683907293,0.12586111873292882,0.7646897496578005,4.063205417607223,RETROSPECTIVE_HISTORY_DIAGNOSTIC
2026-10-08,8477021,REMOVE_MAX_RATE,4.189066536340152,3.298515667949423,-0.8905508683907293,0.12586111873292882,0.7646897496578005,4.063205417607223,RETROSPECTIVE_HISTORY_DIAGNOSTIC
2026-10-08,8477021,WINSOR_TOP_SOG_TO_SECOND_MAX,4.189066536340152,3.770159882706137,-0.41890665363401514,0.12586111873292882,0.2930455349010863,4.063205417607223,RETROSPECTIVE_HISTORY_DIAGNOSTIC
2026-10-08,8477220,REMOVE_MAX_SOG,3.0679552078539656,2.4288688410825814,-0.6390863667713842,3.3150235155502896,3.954109882321674,6.382978723404255,RETROSPECTIVE_HISTORY_DIAGNOSTIC
2026-10-08,8477220,REMOVE_MAX_RATE,3.0679552078539656,2.4288688410825814,-0.6390863667713842,3.3150235155502896,3.954109882321674,6.382978723404255,RETROSPECTIVE_HISTORY_DIAGNOSTIC
2026-10-08,8477220,WINSOR_TOP_SOG_TO_SECOND_MAX,3.0679552078539656,2.761159687068569,-0.30679552078539674,3.3150235155502896,3.6218190363356864,6.382978723404255,RETROSPECTIVE_HISTORY_DIAGNOSTIC
2026-10-08,8477346,REMOVE_MAX_SOG,5.343096027309158,4.6599356485077115,-0.6831603788014462,1.5075224313016893,2.1906828101031355,6.850618458610847,RETROSPECTIVE_HISTORY_DIAGNOSTIC
2026-10-08,8477346,REMOVE_MAX_RATE,5.343096027309158,4.6599356485077115,-0.6831603788014462,1.5075224313016893,2.1906828101031355,6.850618458610847,RETROSPECTIVE_HISTORY_DIAGNOSTIC
2026-10-08,8477346,WINSOR_TOP_SOG_TO_SECOND_MAX,5.343096027309158,5.046257359125315,-0.29683866818384264,1.5075224313016893,1.804361099485532,6.850618458610847,RETROSPECTIVE_HISTORY_DIAGNOSTIC
2026-10-08,8477365,REMOVE_MAX_SOG,3.580130276962856,3.036095805689868,-0.5440344712729877,3.580130276962856,3.036095805689868,0.0,RETROSPECTIVE_HISTORY_DIAGNOSTIC
2026-10-08,8477365,REMOVE_MAX_RATE,3.580130276962856,3.036095805689868,-0.5440344712729877,3.580130276962856,3.036095805689868,0.0,RETROSPECTIVE_HISTORY_DIAGNOSTIC
2026-10-08,8477365,WINSOR_TOP_SOG_TO_SECOND_MAX,3.580130276962856,3.281786087215951,-0.2983441897469046,3.580130276962856,3.281786087215951,0.0,RETROSPECTIVE_HISTORY_DIAGNOSTIC
2026-10-08,8477402,REMOVE_MAX_SOG,5.061765592045798,4.857316332726169,-0.20444925931962832,1.9979358048117546,1.7934865454921263,3.063829787234043,RETROSPECTIVE_HISTORY_DIAGNOSTIC
2026-10-08,8477402,REMOVE_MAX_RATE,5.061765592045798,4.7850069781351765,-0.27675861391062107,1.9979358048117546,1.7211771909011335,3.063829787234043,RETROSPECTIVE_HISTORY_DIAGNOSTIC
2026-10-08,8477402,WINSOR_TOP_SOG_TO_SECOND_MAX,5.061765592045798,5.061765592045798,0.0,1.9979358048117546,1.9979358048117546,3.063829787234043,RETROSPECTIVE_HISTORY_DIAGNOSTIC
2026-10-08,8477404,REMOVE_MAX_SOG,8.610313859827794,7.848472164085392,-0.7618416957424028,5.780125180582511,5.018283484840108,2.8301886792452833,RETROSPECTIVE_HISTORY_DIAGNOSTIC
2026-10-08,8477404,REMOVE_MAX_RATE,8.610313859827794,7.848472164085392,-0.7618416957424028,5.780125180582511,5.018283484840108,2.8301886792452833,RETROSPECTIVE_HISTORY_DIAGNOSTIC
2026-10-08,8477404,WINSOR_TOP_SOG_TO_SECOND_MAX,8.610313859827794,8.33256179983335,-0.2777520599944445,5.780125180582511,5.502373120588066,2.8301886792452833,RETROSPECTIVE_HISTORY_DIAGNOSTIC
2026-10-08,8477407,REMOVE_MAX_SOG,5.402566218954004,3.9672700223158937,-1.43529619663811,4.3271635107757245,5.762459707413834,9.729729729729728,RETROSPECTIVE_HISTORY_DIAGNOSTIC
2026-10-08,8477407,REMOVE_MAX_RATE,5.402566218954004,3.9672700223158937,-1.43529619663811,4.3271635107757245,5.762459707413834,9.729729729729728,RETROSPECTIVE_HISTORY_DIAGNOSTIC
2026-10-08,8477407,WINSOR_TOP_SOG_TO_SECOND_MAX,5.402566218954004,4.502138515795004,-0.900427703159,4.3271635107757245,5.2275912139347245,9.729729729729728,RETROSPECTIVE_HISTORY_DIAGNOSTIC
2026-10-08,8477426,REMOVE_MAX_SOG,6.089309878213802,5.767844268204758,-0.32146561000904406,0.9350803656886368,1.256545975697681,7.024390243902439,RETROSPECTIVE_HISTORY_DIAGNOSTIC
2026-10-08,8477426,REMOVE_MAX_RATE,6.089309878213802,5.870020964360587,-0.21928891385321503,0.9350803656886368,1.1543692795418519,7.024390243902439,RETROSPECTIVE_HISTORY_DIAGNOSTIC
2026-10-08,8477426,WINSOR_TOP_SOG_TO_SECOND_MAX,6.089309878213802,6.089309878213802,0.0,0.9350803656886368,0.9350803656886368,7.024390243902439,RETROSPECTIVE_HISTORY_DIAGNOSTIC
2026-10-08,8477446,REMOVE_MAX_SOG,9.089657072028647,8.421052631578947,-0.6686044404497,3.5511955335671086,2.8825910931174086,5.538461538461538,RETROSPECTIVE_HISTORY_DIAGNOSTIC
2026-10-08,8477446,REMOVE_MAX_RATE,9.089657072028647,8.192990441511151,-0.8966666305174957,3.5511955335671086,2.654528903049613,5.538461538461538,RETROSPECTIVE_HISTORY_DIAGNOSTIC
2026-10-08,8477446,WINSOR_TOP_SOG_TO_SECOND_MAX,9.089657072028647,9.089657072028647,0.0,3.5511955335671086,3.5511955335671086,5.538461538461538,RETROSPECTIVE_HISTORY_DIAGNOSTIC
2026-10-08,8477447,REMOVE_MAX_SOG,6.619776582540339,6.046863189720332,-0.5729133928200074,2.0271409514868832,2.6000543443068906,8.646917534027223,RETROSPECTIVE_HISTORY_DIAGNOSTIC
2026-10-08,8477447,REMOVE_MAX_RATE,6.619776582540339,6.038951235468773,-0.5808253470715661,2.0271409514868832,2.6079662985584493,8.646917534027223,RETROSPECTIVE_HISTORY_DIAGNOSTIC
2026-10-08,8477447,WINSOR_TOP_SOG_TO_SECOND_MAX,6.619776582540339,6.619776582540339,0.0,2.0271409514868832,2.0271409514868832,8.646917534027223,RETROSPECTIVE_HISTORY_DIAGNOSTIC
2026-10-08,8477451,REMOVE_MAX_SOG,6.0998856271444915,4.752304147465438,-1.3475814796790537,6.0998856271444915,4.752304147465438,0.0,RETROSPECTIVE_HISTORY_DIAGNOSTIC
2026-10-08,8477451,REMOVE_MAX_RATE,6.0998856271444915,4.752304147465438,-1.3475814796790537,6.0998856271444915,4.752304147465438,0.0,RETROSPECTIVE_HISTORY_DIAGNOSTIC
2026-10-08,8477451,WINSOR_TOP_SOG_TO_SECOND_MAX,6.0998856271444915,5.33739992375143,-0.7624857033930619,6.0998856271444915,5.33739992375143,0.0,RETROSPECTIVE_HISTORY_DIAGNOSTIC
2026-10-08,8477476,REMOVE_MAX_SOG,3.947152020174333,3.3136966126656846,-0.6334554075086483,0.4922575863931433,0.14119782111550494,3.4548944337811895,RETROSPECTIVE_HISTORY_DIAGNOSTIC
2026-10-08,8477476,REMOVE_MAX_RATE,3.947152020174333,3.3136966126656846,-0.6334554075086483,0.4922575863931433,0.14119782111550494,3.4548944337811895,RETROSPECTIVE_HISTORY_DIAGNOSTIC
2026-10-08,8477476,WINSOR_TOP_SOG_TO_SECOND_MAX,3.947152020174333,3.947152020174333,0.0,0.4922575863931433,0.4922575863931433,3.4548944337811895,RETROSPECTIVE_HISTORY_DIAGNOSTIC
2026-10-08,8477478,REMOVE_MAX_SOG,6.191369606003751,4.802401200600299,-1.3889684054034523,1.503869606003751,0.11490120060029874,4.6875,RETROSPECTIVE_HISTORY_DIAGNOSTIC
2026-10-08,8477478,REMOVE_MAX_RATE,6.191369606003751,4.802401200600299,-1.3889684054034523,1.503869606003751,0.11490120060029874,4.6875,RETROSPECTIVE_HISTORY_DIAGNOSTIC
2026-10-08,8477478,WINSOR_TOP_SOG_TO_SECOND_MAX,6.191369606003751,5.628517823639774,-0.5628517823639774,1.503869606003751,0.9410178236397737,4.6875,RETROSPECTIVE_HISTORY_DIAGNOSTIC
2026-10-08,8477479,REMOVE_MAX_SOG,2.331908278274388,1.853453601878166,-0.47845467639622186,0.5573373076004118,1.0357919839966336,2.8892455858747996,RETROSPECTIVE_HISTORY_DIAGNOSTIC
2026-10-08,8477479,REMOVE_MAX_RATE,2.331908278274388,1.853453601878166,-0.47845467639622186,0.5573373076004118,1.0357919839966336,2.8892455858747996,RETROSPECTIVE_HISTORY_DIAGNOSTIC
2026-10-08,8477479,WINSOR_TOP_SOG_TO_SECOND_MAX,2.331908278274388,1.9987785242351894,-0.3331297540391984,0.5573373076004118,0.8904670616396102,2.8892455858747996,RETROSPECTIVE_HISTORY_DIAGNOSTIC
2026-10-08,8477492,REMOVE_MAX_SOG,10.925819436457735,9.426551453260018,-1.4992679831977167,4.508707136992494,3.0094391537947773,6.4171122994652405,RETROSPECTIVE_HISTORY_DIAGNOSTIC
2026-10-08,8477492,REMOVE_MAX_RATE,10.925819436457735,9.426551453260018,-1.4992679831977167,4.508707136992494,3.0094391537947773,6.4171122994652405,RETROSPECTIVE_HISTORY_DIAGNOSTIC
2026-10-08,8477492,WINSOR_TOP_SOG_TO_SECOND_MAX,10.925819436457735,10.350776308223116,-0.5750431282346185,4.508707136992494,3.9336640087578756,6.4171122994652405,RETROSPECTIVE_HISTORY_DIAGNOSTIC
2026-10-08,8477496,REMOVE_MAX_SOG,5.2835505459668894,3.8845008416418487,-1.3990497043250407,5.2835505459668894,3.8845008416418487,0.0,RETROSPECTIVE_HISTORY_DIAGNOSTIC
2026-10-08,8477496,REMOVE_MAX_RATE,5.2835505459668894,3.8845008416418487,-1.3990497043250407,5.2835505459668894,3.8845008416418487,0.0,RETROSPECTIVE_HISTORY_DIAGNOSTIC
2026-10-08,8477496,WINSOR_TOP_SOG_TO_SECOND_MAX,5.2835505459668894,4.226840436773512,-1.0567101091933777,5.2835505459668894,4.226840436773512,0.0,RETROSPECTIVE_HISTORY_DIAGNOSTIC
2026-10-08,8477498,REMOVE_MAX_SOG,5.044371788883699,4.052369077306732,-0.9920027115769665,0.2575427913813977,1.2495455029583642,5.301914580265096,RETROSPECTIVE_HISTORY_DIAGNOSTIC
2026-10-08,8477498,REMOVE_MAX_RATE,5.044371788883699,4.052369077306732,-0.9920027115769665,0.2575427913813977,1.2495455029583642,5.301914580265096,RETROSPECTIVE_HISTORY_DIAGNOSTIC
2026-10-08,8477498,WINSOR_TOP_SOG_TO_SECOND_MAX,5.044371788883699,4.483886034563288,-0.5604857543204105,0.2575427913813977,0.8180285457018082,5.301914580265096,RETROSPECTIVE_HISTORY_DIAGNOSTIC
2026-10-08,8477500,REMOVE_MAX_SOG,6.275525450742105,5.596400746186766,-0.6791247045553392,7.144791417850625,7.823916122405964,13.42031686859273,RETROSPECTIVE_HISTORY_DIAGNOSTIC
2026-10-08,8477500,REMOVE_MAX_RATE,6.275525450742105,5.596400746186766,-0.6791247045553392,7.144791417850625,7.823916122405964,13.42031686859273,RETROSPECTIVE_HISTORY_DIAGNOSTIC
2026-10-08,8477500,WINSOR_TOP_SOG_TO_SECOND_MAX,6.275525450742105,6.275525450742105,0.0,7.144791417850625,7.144791417850625,13.42031686859273,RETROSPECTIVE_HISTORY_DIAGNOSTIC
2026-10-08,8477505,REMOVE_MAX_SOG,3.065760564099944,2.414070582825612,-0.6516899812743322,0.06576056409994413,0.5859294171743881,3.0,RETROSPECTIVE_HISTORY_DIAGNOSTIC
2026-10-08,8477505,REMOVE_MAX_RATE,3.065760564099944,2.414070582825612,-0.6516899812743322,0.06576056409994413,0.5859294171743881,3.0,RETROSPECTIVE_HISTORY_DIAGNOSTIC
2026-10-08,8477505,WINSOR_TOP_SOG_TO_SECOND_MAX,3.065760564099944,2.75918450768995,-0.3065760564099942,0.06576056409994413,0.24081549231005006,3.0,RETROSPECTIVE_HISTORY_DIAGNOSTIC
2026-10-08,8477506,REMOVE_MAX_SOG,1.6458196181698486,1.0907107798582076,-0.5551088383116409,1.6458196181698486,1.0907107798582076,0.0,RETROSPECTIVE_HISTORY_DIAGNOSTIC
2026-10-08,8477506,REMOVE_MAX_RATE,1.6458196181698486,1.0907107798582076,-0.5551088383116409,1.6458196181698486,1.0907107798582076,0.0,RETROSPECTIVE_HISTORY_DIAGNOSTIC
2026-10-08,8477506,WINSOR_TOP_SOG_TO_SECOND_MAX,1.6458196181698486,1.6458196181698486,0.0,1.6458196181698486,1.6458196181698486,0.0,RETROSPECTIVE_HISTORY_DIAGNOSTIC
2026-10-08,8477507,REMOVE_MAX_SOG,3.2894736842105265,2.6942074539739562,-0.5952662302365703,0.5806700724723775,0.014596157764192874,2.708803611738149,RETROSPECTIVE_HISTORY_DIAGNOSTIC
2026-10-08,8477507,REMOVE_MAX_RATE,3.2894736842105265,2.6450653000495947,-0.6444083841609318,0.5806700724723775,0.06373831168855437,2.708803611738149,RETROSPECTIVE_HISTORY_DIAGNOSTIC
2026-10-08,8477507,WINSOR_TOP_SOG_TO_SECOND_MAX,3.2894736842105265,3.2894736842105265,0.0,0.5806700724723775,0.5806700724723775,2.708803611738149,RETROSPECTIVE_HISTORY_DIAGNOSTIC
2026-10-08,8477527,REMOVE_MAX_SOG,5.448491575017657,4.139834406623735,-1.308657168393922,2.0203880930321354,3.3290452614260575,7.468879668049793,RETROSPECTIVE_HISTORY_DIAGNOSTIC
2026-10-08,8477527,REMOVE_MAX_RATE,5.448491575017657,4.139834406623735,-1.308657168393922,2.0203880930321354,3.3290452614260575,7.468879668049793,RETROSPECTIVE_HISTORY_DIAGNOSTIC
2026-10-08,8477527,WINSOR_TOP_SOG_TO_SECOND_MAX,5.448491575017657,4.843103622237917,-0.6053879527797399,2.0203880930321354,2.6257760458118753,7.468879668049793,RETROSPECTIVE_HISTORY_DIAGNOSTIC
2026-10-08,8477939,REMOVE_MAX_SOG,8.17836627397527,7.399463806970509,-0.7789024670047606,6.443892052588501,7.222794519593261,14.62225832656377,RETROSPECTIVE_HISTORY_DIAGNOSTIC
2026-10-08,8477939,REMOVE_MAX_RATE,8.17836627397527,7.399463806970509,-0.7789024670047606,6.443892052588501,7.222794519593261,14.62225832656377,RETROSPECTIVE_HISTORY_DIAGNOSTIC
2026-10-08,8477939,WINSOR_TOP_SOG_TO_SECOND_MAX,8.17836627397527,8.17836627397527,0.0,6.443892052588501,6.443892052588501,14.62225832656377,RETROSPECTIVE_HISTORY_DIAGNOSTIC
2026-10-08,8477940,REMOVE_MAX_SOG,9.456562854621108,8.0168776371308,-1.4396852174903074,4.06734129773488,2.6276560802445728,5.389221556886228,RETROSPECTIVE_HISTORY_DIAGNOSTIC
2026-10-08,8477940,REMOVE_MAX_RATE,9.456562854621108,8.0168776371308,-1.4396852174903074,4.06734129773488,2.6276560802445728,5.389221556886228,RETROSPECTIVE_HISTORY_DIAGNOSTIC
2026-10-08,8477940,WINSOR_TOP_SOG_TO_SECOND_MAX,9.456562854621108,9.078300340436263,-0.37826251418484524,4.06734129773488,3.689078783550035,5.389221556886228,RETROSPECTIVE_HISTORY_DIAGNOSTIC
2026-10-08,8477948,REMOVE_MAX_SOG,4.483932574939799,4.1844894922819424,-0.2994430826578567,1.8407607687723981,1.5413176861145415,2.643171806167401,RETROSPECTIVE_HISTORY_DIAGNOSTIC
2026-10-08,8477948,REMOVE_MAX_RATE,4.483932574939799,4.056063815404029,-0.4278687595357704,1.8407607687723981,1.4128920092366277,2.643171806167401,RETROSPECTIVE_HISTORY_DIAGNOSTIC
2026-10-08,8477948,WINSOR_TOP_SOG_TO_SECOND_MAX,4.483932574939799,4.483932574939799,0.0,1.8407607687723981,1.8407607687723981,2.643171806167401,RETROSPECTIVE_HISTORY_DIAGNOSTIC
2026-10-08,8477950,REMOVE_MAX_SOG,4.607789358200767,3.7094281298299836,-0.8983612283707836,4.607789358200767,3.7094281298299836,0.0,RETROSPECTIVE_HISTORY_DIAGNOSTIC
2026-10-08,8477950,REMOVE_MAX_RATE,4.607789358200767,3.7094281298299836,-0.8983612283707836,4.607789358200767,3.7094281298299836,0.0,RETROSPECTIVE_HISTORY_DIAGNOSTIC
2026-10-08,8477950,WINSOR_TOP_SOG_TO_SECOND_MAX,4.607789358200767,4.278661546900713,-0.3291278113000544,4.607789358200767,4.278661546900713,0.0,RETROSPECTIVE_HISTORY_DIAGNOSTIC
2026-10-08,8477951,REMOVE_MAX_SOG,11.361310133060389,9.789029535864978,-1.5722805971954106,2.3009074484966305,0.72862685130122,9.060402684563758,RETROSPECTIVE_HISTORY_DIAGNOSTIC
2026-10-08,8477951,REMOVE_MAX_RATE,11.361310133060389,9.789029535864978,-1.5722805971954106,2.3009074484966305,0.72862685130122,9.060402684563758,RETROSPECTIVE_HISTORY_DIAGNOSTIC
2026-10-08,8477951,WINSOR_TOP_SOG_TO_SECOND_MAX,11.361310133060389,11.361310133060389,0.0,2.3009074484966305,2.3009074484966305,9.060402684563758,RETROSPECTIVE_HISTORY_DIAGNOSTIC
2026-10-08,8477956,REMOVE_MAX_SOG,9.111855886049435,8.474077561348789,-0.6377783247006459,5.507433454052087,6.145211778752733,14.619289340101522,RETROSPECTIVE_HISTORY_DIAGNOSTIC
2026-10-08,8477956,REMOVE_MAX_RATE,9.111855886049435,8.474077561348789,-0.6377783247006459,5.507433454052087,6.145211778752733,14.619289340101522,RETROSPECTIVE_HISTORY_DIAGNOSTIC
2026-10-08,8477956,WINSOR_TOP_SOG_TO_SECOND_MAX,9.111855886049435,8.79765395894428,-0.31420192710515416,5.507433454052087,5.821635381157241,14.619289340101522,RETROSPECTIVE_HISTORY_DIAGNOSTIC
2026-10-08,8477964,REMOVE_MAX_SOG,5.530317993284615,3.59658324591638,-1.9337347473682347,7.396073389121134,9.329808136489369,12.926391382405749,RETROSPECTIVE_HISTORY_DIAGNOSTIC
2026-10-08,8477964,REMOVE_MAX_RATE,5.530317993284615,3.59658324591638,-1.9337347473682347,7.396073389121134,9.329808136489369,12.926391382405749,RETROSPECTIVE_HISTORY_DIAGNOSTIC
2026-10-08,8477964,WINSOR_TOP_SOG_TO_SECOND_MAX,5.530317993284615,3.950227138060439,-1.5800908552241757,7.396073389121134,8.97616424434531,12.926391382405749,RETROSPECTIVE_HISTORY_DIAGNOSTIC
2026-10-08,8477987,REMOVE_MAX_SOG,5.314829851627667,3.516998827667058,-1.7978310239606086,5.314829851627667,3.516998827667058,0.0,RETROSPECTIVE_HISTORY_DIAGNOSTIC
2026-10-08,8477987,REMOVE_MAX_RATE,5.314829851627667,3.516998827667058,-1.7978310239606086,5.314829851627667,3.516998827667058,0.0,RETROSPECTIVE_HISTORY_DIAGNOSTIC
2026-10-08,8477987,WINSOR_TOP_SOG_TO_SECOND_MAX,5.314829851627667,4.429024876356389,-0.8858049752712773,5.314829851627667,4.429024876356389,0.0,RETROSPECTIVE_HISTORY_DIAGNOSTIC
2026-10-08,8477989,REMOVE_MAX_SOG,5.512341520181295,4.903964037597058,-0.6083774825842365,5.512341520181295,4.903964037597058,0.0,RETROSPECTIVE_HISTORY_DIAGNOSTIC
2026-10-08,8477989,REMOVE_MAX_RATE,5.512341520181295,4.903964037597058,-0.6083774825842365,5.512341520181295,4.903964037597058,0.0,RETROSPECTIVE_HISTORY_DIAGNOSTIC
2026-10-08,8477989,WINSOR_TOP_SOG_TO_SECOND_MAX,5.512341520181295,5.512341520181295,0.0,5.512341520181295,5.512341520181295,0.0,RETROSPECTIVE_HISTORY_DIAGNOSTIC
2026-10-08,8477998,REMOVE_MAX_SOG,4.442981734408425,3.9863325740318905,-0.4566491603765348,0.5849512264854289,1.0416003868619637,5.027932960893854,RETROSPECTIVE_HISTORY_DIAGNOSTIC
2026-10-08,8477998,REMOVE_MAX_RATE,4.442981734408425,3.8571034989438884,-0.5858782354645369,0.5849512264854289,1.1708294619499657,5.027932960893854,RETROSPECTIVE_HISTORY_DIAGNOSTIC
2026-10-08,8477998,WINSOR_TOP_SOG_TO_SECOND_MAX,4.442981734408425,4.442981734408425,0.0,0.5849512264854289,0.5849512264854289,5.027932960893854,RETROSPECTIVE_HISTORY_DIAGNOSTIC
2026-10-08,8478010,REMOVE_MAX_SOG,6.147226064238512,5.403579871664978,-0.743646192573534,0.683893480353519,1.427539672927053,6.831119544592031,RETROSPECTIVE_HISTORY_DIAGNOSTIC
2026-10-08,8478010,REMOVE_MAX_RATE,6.147226064238512,5.403579871664978,-0.743646192573534,0.683893480353519,1.427539672927053,6.831119544592031,RETROSPECTIVE_HISTORY_DIAGNOSTIC
2026-10-08,8478010,WINSOR_TOP_SOG_TO_SECOND_MAX,6.147226064238512,5.839864761026586,-0.307361303211926,0.683893480353519,0.991254783565445,6.831119544592031,RETROSPECTIVE_HISTORY_DIAGNOSTIC
2026-10-08,8478020,REMOVE_MAX_SOG,3.9687789390130974,3.5437430786268,-0.4250358603862976,6.336564572437284,6.761600432823581,10.305343511450381,RETROSPECTIVE_HISTORY_DIAGNOSTIC
2026-10-08,8478020,REMOVE_MAX_RATE,3.9687789390130974,3.5437430786268,-0.4250358603862976,6.336564572437284,6.761600432823581,10.305343511450381,RETROSPECTIVE_HISTORY_DIAGNOSTIC
2026-10-08,8478020,WINSOR_TOP_SOG_TO_SECOND_MAX,3.9687789390130974,3.9687789390130974,0.0,6.336564572437284,6.336564572437284,10.305343511450381,RETROSPECTIVE_HISTORY_DIAGNOSTIC
2026-10-08,8478038,REMOVE_MAX_SOG,3.342761635381846,2.9704440813901676,-0.37231755399167854,6.181047888427679,6.5533654424193575,9.523809523809526,RETROSPECTIVE_HISTORY_DIAGNOSTIC
2026-10-08,8478038,REMOVE_MAX_RATE,3.342761635381846,2.9704440813901676,-0.37231755399167854,6.181047888427679,6.5533654424193575,9.523809523809526,RETROSPECTIVE_HISTORY_DIAGNOSTIC
2026-10-08,8478038,WINSOR_TOP_SOG_TO_SECOND_MAX,3.342761635381846,3.085626124967858,-0.2571355104139883,6.181047888427679,6.438183398841668,9.523809523809526,RETROSPECTIVE_HISTORY_DIAGNOSTIC
2026-10-08,8478047,REMOVE_MAX_SOG,6.837050301155788,4.8975149646290586,-1.9395353365267294,4.138559454941772,6.0780947914685015,10.97560975609756,RETROSPECTIVE_HISTORY_DIAGNOSTIC
2026-10-08,8478047,REMOVE_MAX_RATE,6.837050301155788,4.8975149646290586,-1.9395353365267294,4.138559454941772,6.0780947914685015,10.97560975609756,RETROSPECTIVE_HISTORY_DIAGNOSTIC
2026-10-08,8478047,WINSOR_TOP_SOG_TO_SECOND_MAX,6.837050301155788,5.860328829562103,-0.9767214715936845,4.138559454941772,5.115280926535457,10.97560975609756,RETROSPECTIVE_HISTORY_DIAGNOSTIC
2026-10-08,8478133,REMOVE_MAX_SOG,5.418924551896624,4.5892611289582375,-0.8296634229383866,0.6695841825034838,0.16007924043490274,4.74934036939314,RETROSPECTIVE_HISTORY_DIAGNOSTIC
2026-10-08,8478133,REMOVE_MAX_RATE,5.418924551896624,4.521817770743839,-0.8971067811527851,0.6695841825034838,0.22752259864930124,4.74934036939314,RETROSPECTIVE_HISTORY_DIAGNOSTIC
2026-10-08,8478133,WINSOR_TOP_SOG_TO_SECOND_MAX,5.418924551896624,5.418924551896624,0.0,0.6695841825034838,0.6695841825034838,4.74934036939314,RETROSPECTIVE_HISTORY_DIAGNOSTIC
2026-10-08,8478136,REMOVE_MAX_SOG,2.81706672926815,2.4085100689101493,-0.40855666035800065,0.4145311163332872,0.8230877766912879,3.231597845601437,RETROSPECTIVE_HISTORY_DIAGNOSTIC
2026-10-08,8478136,REMOVE_MAX_RATE,2.81706672926815,2.314517166002314,-0.5025495632658359,0.4145311163332872,0.9170806795991231,3.231597845601437,RETROSPECTIVE_HISTORY_DIAGNOSTIC
2026-10-08,8478136,WINSOR_TOP_SOG_TO_SECOND_MAX,2.81706672926815,2.81706672926815,0.0,0.4145311163332872,0.4145311163332872,3.231597845601437,RETROSPECTIVE_HISTORY_DIAGNOSTIC
2026-10-08,8478178,REMOVE_MAX_SOG,8.286911284010866,7.562008469449485,-0.7249028145613812,5.862668859768442,5.13776604520706,2.4242424242424243,RETROSPECTIVE_HISTORY_DIAGNOSTIC
2026-10-08,8478178,REMOVE_MAX_RATE,8.286911284010866,7.380800078728535,-0.9061112052823317,5.862668859768442,4.95655765448611,2.4242424242424243,RETROSPECTIVE_HISTORY_DIAGNOSTIC
2026-10-08,8478178,WINSOR_TOP_SOG_TO_SECOND_MAX,8.286911284010866,8.286911284010866,0.0,5.862668859768442,5.862668859768442,2.4242424242424243,RETROSPECTIVE_HISTORY_DIAGNOSTIC
2026-10-08,8478396,REMOVE_MAX_SOG,4.4308782985427335,3.7018340905266696,-0.729044208016064,1.6785847205610822,0.9495405125450183,2.7522935779816513,RETROSPECTIVE_HISTORY_DIAGNOSTIC
2026-10-08,8478396,REMOVE_MAX_RATE,4.4308782985427335,3.7018340905266696,-0.729044208016064,1.6785847205610822,0.9495405125450183,2.7522935779816513,RETROSPECTIVE_HISTORY_DIAGNOSTIC
2026-10-08,8478396,WINSOR_TOP_SOG_TO_SECOND_MAX,4.4308782985427335,4.1354864119732175,-0.295391886569516,1.6785847205610822,1.3831928339915662,2.7522935779816513,RETROSPECTIVE_HISTORY_DIAGNOSTIC
2026-10-08,8478397,REMOVE_MAX_SOG,6.399069226294357,4.835849766267261,-1.5632194600270966,3.226599222903503,4.7898186829305995,9.62566844919786,RETROSPECTIVE_HISTORY_DIAGNOSTIC
2026-10-08,8478397,REMOVE_MAX_RATE,6.399069226294357,4.835849766267261,-1.5632194600270966,3.226599222903503,4.7898186829305995,9.62566844919786,RETROSPECTIVE_HISTORY_DIAGNOSTIC
2026-10-08,8478397,WINSOR_TOP_SOG_TO_SECOND_MAX,6.399069226294357,5.2356020942408374,-1.16346713205352,3.226599222903503,4.390066354957023,9.62566844919786,RETROSPECTIVE_HISTORY_DIAGNOSTIC
2026-10-08,8478401,REMOVE_MAX_SOG,5.5002138972071135,4.997223764575237,-0.5029901326318766,1.845391562181733,1.3424014295498563,3.6548223350253806,RETROSPECTIVE_HISTORY_DIAGNOSTIC
2026-10-08,8478401,REMOVE_MAX_RATE,5.5002138972071135,4.857316332726169,-0.6428975644809443,1.845391562181733,1.2024939977007887,3.6548223350253806,RETROSPECTIVE_HISTORY_DIAGNOSTIC
2026-10-08,8478401,WINSOR_TOP_SOG_TO_SECOND_MAX,5.5002138972071135,5.5002138972071135,0.0,1.845391562181733,1.845391562181733,3.6548223350253806,RETROSPECTIVE_HISTORY_DIAGNOSTIC
2026-10-08,8478403,REMOVE_MAX_SOG,8.636092912447888,8.2540031915479,-0.3820897208999874,4.8808032077023,5.262892928602287,13.516896120150188,RETROSPECTIVE_HISTORY_DIAGNOSTIC
2026-10-08,8478403,REMOVE_MAX_RATE,8.636092912447888,8.156163340764504,-0.47992957168338357,4.8808032077023,5.360732779385684,13.516896120150188,RETROSPECTIVE_HISTORY_DIAGNOSTIC
2026-10-08,8478403,WINSOR_TOP_SOG_TO_SECOND_MAX,8.636092912447888,8.636092912447888,0.0,4.8808032077023,4.8808032077023,13.516896120150188,RETROSPECTIVE_HISTORY_DIAGNOSTIC
2026-10-08,8478413,REMOVE_MAX_SOG,5.8014131647452585,3.9893617021276597,-1.8120514626175988,1.9322065989496924,3.744258061567291,7.733619763694951,RETROSPECTIVE_HISTORY_DIAGNOSTIC
2026-10-08,8478413,REMOVE_MAX_RATE,5.8014131647452585,3.9893617021276597,-1.8120514626175988,1.9322065989496924,3.744258061567291,7.733619763694951,RETROSPECTIVE_HISTORY_DIAGNOSTIC
2026-10-08,8478413,WINSOR_TOP_SOG_TO_SECOND_MAX,5.8014131647452585,4.462625511342507,-1.3387876534027514,1.9322065989496924,3.270994252352444,7.733619763694951,RETROSPECTIVE_HISTORY_DIAGNOSTIC
2026-10-08,8478416,REMOVE_MAX_SOG,4.3364652248846385,3.3898305084745757,-0.9466347164100628,1.264792869935833,0.31815815352577026,3.0716723549488054,RETROSPECTIVE_HISTORY_DIAGNOSTIC
2026-10-08,8478416,REMOVE_MAX_RATE,4.3364652248846385,3.3898305084745757,-0.9466347164100628,1.264792869935833,0.31815815352577026,3.0716723549488054,RETROSPECTIVE_HISTORY_DIAGNOSTIC
2026-10-08,8478416,WINSOR_TOP_SOG_TO_SECOND_MAX,4.3364652248846385,3.669316728748541,-0.6671484961360976,1.264792869935833,0.5976443737997355,3.0716723549488054,RETROSPECTIVE_HISTORY_DIAGNOSTIC
2026-10-08,8478420,REMOVE_MAX_SOG,4.824847967030205,4.299889746416759,-0.5249582206134464,2.9421423242319316,3.467100544845378,7.766990291262137,RETROSPECTIVE_HISTORY_DIAGNOSTIC
2026-10-08,8478420,REMOVE_MAX_RATE,4.824847967030205,4.299889746416759,-0.5249582206134464,2.9421423242319316,3.467100544845378,7.766990291262137,RETROSPECTIVE_HISTORY_DIAGNOSTIC
2026-10-08,8478420,WINSOR_TOP_SOG_TO_SECOND_MAX,4.824847967030205,4.824847967030205,0.0,2.9421423242319316,2.9421423242319316,7.766990291262137,RETROSPECTIVE_HISTORY_DIAGNOSTIC
2026-10-08,8478427,REMOVE_MAX_SOG,10.793650793650793,9.518213866039954,-1.2754369276108388,7.400625345959935,6.125188418349096,3.3930254476908575,RETROSPECTIVE_HISTORY_DIAGNOSTIC
2026-10-08,8478427,REMOVE_MAX_RATE,10.793650793650793,9.518213866039954,-1.2754369276108388,7.400625345959935,6.125188418349096,3.3930254476908575,RETROSPECTIVE_HISTORY_DIAGNOSTIC
2026-10-08,8478427,WINSOR_TOP_SOG_TO_SECOND_MAX,10.793650793650793,10.476190476190476,-0.31746031746031633,7.400625345959935,7.083165028499619,3.3930254476908575,RETROSPECTIVE_HISTORY_DIAGNOSTIC
2026-10-08,8478439,REMOVE_MAX_SOG,4.432405811376509,3.662010036620101,-0.7703957747564081,2.5988441886234908,3.369239963379899,7.03125,RETROSPECTIVE_HISTORY_DIAGNOSTIC
2026-10-08,8478439,REMOVE_MAX_RATE,4.432405811376509,3.662010036620101,-0.7703957747564081,2.5988441886234908,3.369239963379899,7.03125,RETROSPECTIVE_HISTORY_DIAGNOSTIC
2026-10-08,8478439,WINSOR_TOP_SOG_TO_SECOND_MAX,4.432405811376509,4.063038660428466,-0.36936715094804295,2.5988441886234908,2.9682113395715337,7.03125,RETROSPECTIVE_HISTORY_DIAGNOSTIC
2026-10-08,8478443,REMOVE_MAX_SOG,2.734575286275851,2.279490913695941,-0.45508437257990986,0.4854604918994623,0.9405448644793721,3.2200357781753133,RETROSPECTIVE_HISTORY_DIAGNOSTIC
2026-10-08,8478443,REMOVE_MAX_RATE,2.734575286275851,2.279490913695941,-0.45508437257990986,0.4854604918994623,0.9405448644793721,3.2200357781753133,RETROSPECTIVE_HISTORY_DIAGNOSTIC
2026-10-08,8478443,WINSOR_TOP_SOG_TO_SECOND_MAX,2.734575286275851,2.3927533754913695,-0.34182191078448154,0.4854604918994623,0.8272824026839438,3.2200357781753133,RETROSPECTIVE_HISTORY_DIAGNOSTIC
2026-10-08,8478444,REMOVE_MAX_SOG,6.577573606180832,6.244940441771714,-0.33263316440911783,3.2899023733041197,2.957269208895002,3.287671232876712,RETROSPECTIVE_HISTORY_DIAGNOSTIC
2026-10-08,8478444,REMOVE_MAX_RATE,6.577573606180832,6.195857954219495,-0.38171565196133717,3.2899023733041197,2.9081867213427826,3.287671232876712,RETROSPECTIVE_HISTORY_DIAGNOSTIC
2026-10-08,8478444,WINSOR_TOP_SOG_TO_SECOND_MAX,6.577573606180832,6.577573606180832,0.0,3.2899023733041197,3.2899023733041197,3.287671232876712,RETROSPECTIVE_HISTORY_DIAGNOSTIC
2026-10-08,8478449,REMOVE_MAX_SOG,6.707241336479941,5.3464939337857285,-1.3607474026942121,17.373026222048487,18.733773624742703,24.08026755852843,RETROSPECTIVE_HISTORY_DIAGNOSTIC
2026-10-08,8478449,REMOVE_MAX_RATE,6.707241336479941,5.3464939337857285,-1.3607474026942121,17.373026222048487,18.733773624742703,24.08026755852843,RETROSPECTIVE_HISTORY_DIAGNOSTIC
2026-10-08,8478449,WINSOR_TOP_SOG_TO_SECOND_MAX,6.707241336479941,5.58936778039995,-1.1178735560799904,17.373026222048487,18.49089977812848,24.08026755852843,RETROSPECTIVE_HISTORY_DIAGNOSTIC
2026-10-08,8478450,REMOVE_MAX_SOG,2.8887818969667793,2.494357999762442,-0.39442389720433724,4.170041632444985,4.564465529649322,7.0588235294117645,RETROSPECTIVE_HISTORY_DIAGNOSTIC
2026-10-08,8478450,REMOVE_MAX_RATE,2.8887818969667793,2.459736456808199,-0.42904544015858015,4.170041632444985,4.599087072603565,7.0588235294117645,RETROSPECTIVE_HISTORY_DIAGNOSTIC
2026-10-08,8478450,WINSOR_TOP_SOG_TO_SECOND_MAX,2.8887818969667793,2.8887818969667793,0.0,4.170041632444985,4.170041632444985,7.0588235294117645,RETROSPECTIVE_HISTORY_DIAGNOSTIC
2026-10-08,8478454,REMOVE_MAX_SOG,0.9019165727170236,0.491279783836895,-0.4106367888801286,0.9019165727170236,0.491279783836895,0.0,RETROSPECTIVE_HISTORY_DIAGNOSTIC
2026-10-08,8478454,REMOVE_MAX_RATE,0.9019165727170236,0.491279783836895,-0.4106367888801286,0.9019165727170236,0.491279783836895,0.0,RETROSPECTIVE_HISTORY_DIAGNOSTIC
2026-10-08,8478454,WINSOR_TOP_SOG_TO_SECOND_MAX,0.9019165727170236,0.9019165727170236,0.0,0.9019165727170236,0.9019165727170236,0.0,RETROSPECTIVE_HISTORY_DIAGNOSTIC
2026-10-08,8478458,REMOVE_MAX_SOG,8.948812790836415,8.408408408408409,-0.5404043824280063,1.3173469049810755,1.8577512874090818,10.26615969581749,RETROSPECTIVE_HISTORY_DIAGNOSTIC
2026-10-08,8478458,REMOVE_MAX_RATE,8.948812790836415,8.28456834768887,-0.6642444431475454,1.3173469049810755,1.981591348128621,10.26615969581749,RETROSPECTIVE_HISTORY_DIAGNOSTIC
2026-10-08,8478458,WINSOR_TOP_SOG_TO_SECOND_MAX,8.948812790836415,8.948812790836415,0.0,1.3173469049810755,1.3173469049810755,10.26615969581749,RETROSPECTIVE_HISTORY_DIAGNOSTIC
2026-10-08,8478462,REMOVE_MAX_SOG,6.738260686460308,5.986185725249424,-0.7520749612108837,6.738260686460308,5.986185725249424,0.0,RETROSPECTIVE_HISTORY_DIAGNOSTIC
2026-10-08,8478462,REMOVE_MAX_RATE,6.738260686460308,5.986185725249424,-0.7520749612108837,6.738260686460308,5.986185725249424,0.0,RETROSPECTIVE_HISTORY_DIAGNOSTIC
2026-10-08,8478462,WINSOR_TOP_SOG_TO_SECOND_MAX,6.738260686460308,6.738260686460308,0.0,6.738260686460308,6.738260686460308,0.0,RETROSPECTIVE_HISTORY_DIAGNOSTIC
2026-10-08,8478468,REMOVE_MAX_SOG,5.981681101626269,4.990642545227699,-0.9910385563985704,1.5261395448805093,2.5171781012790797,7.5078206465067785,RETROSPECTIVE_HISTORY_DIAGNOSTIC
2026-10-08,8478468,REMOVE_MAX_RATE,5.981681101626269,4.990642545227699,-0.9910385563985704,1.5261395448805093,2.5171781012790797,7.5078206465067785,RETROSPECTIVE_HISTORY_DIAGNOSTIC
2026-10-08,8478468,WINSOR_TOP_SOG_TO_SECOND_MAX,5.981681101626269,5.607826032774628,-0.37385506885164155,1.5261395448805093,1.8999946137321508,7.5078206465067785,RETROSPECTIVE_HISTORY_DIAGNOSTIC
2026-10-08,8478469,REMOVE_MAX_SOG,4.876661112691511,4.093327875562833,-0.7833332371286774,3.309808472299964,4.093141709428641,8.186469584991475,RETROSPECTIVE_HISTORY_DIAGNOSTIC
2026-10-08,8478469,REMOVE_MAX_RATE,4.876661112691511,4.093327875562833,-0.7833332371286774,3.309808472299964,4.093141709428641,8.186469584991475,RETROSPECTIVE_HISTORY_DIAGNOSTIC
2026-10-08,8478469,WINSOR_TOP_SOG_TO_SECOND_MAX,4.876661112691511,4.3889950014223595,-0.48766611126915116,3.309808472299964,3.797474583569115,8.186469584991475,RETROSPECTIVE_HISTORY_DIAGNOSTIC
2026-10-08,8478474,REMOVE_MAX_SOG,8.579955235016167,7.42217029757405,-1.1577849374421163,4.498322581954942,3.3405376445128256,4.081632653061225,RETROSPECTIVE_HISTORY_DIAGNOSTIC
2026-10-08,8478474,REMOVE_MAX_RATE,8.579955235016167,7.42217029757405,-1.1577849374421163,4.498322581954942,3.3405376445128256,4.081632653061225,RETROSPECTIVE_HISTORY_DIAGNOSTIC
2026-10-08,8478474,WINSOR_TOP_SOG_TO_SECOND_MAX,8.579955235016167,8.206913703058943,-0.3730415319572238,4.498322581954942,4.125281049997718,4.081632653061225,RETROSPECTIVE_HISTORY_DIAGNOSTIC
2026-10-08,8478483,REMOVE_MAX_SOG,6.650544135429262,6.097216733472591,-0.553327401956671,5.763248968019014,6.316576369975685,12.413793103448276,RETROSPECTIVE_HISTORY_DIAGNOSTIC
2026-10-08,8478483,REMOVE_MAX_RATE,6.650544135429262,6.097216733472591,-0.553327401956671,5.763248968019014,6.316576369975685,12.413793103448276,RETROSPECTIVE_HISTORY_DIAGNOSTIC
2026-10-08,8478483,WINSOR_TOP_SOG_TO_SECOND_MAX,6.650544135429262,6.348246674727932,-0.3022974607013298,5.763248968019014,6.065546428720344,12.413793103448276,RETROSPECTIVE_HISTORY_DIAGNOSTIC
2026-10-08,8478493,REMOVE_MAX_SOG,6.260640342687682,4.758418740849195,-1.502221601838487,10.667259343832693,12.169480945671182,16.927899686520377,RETROSPECTIVE_HISTORY_DIAGNOSTIC
2026-10-08,8478493,REMOVE_MAX_RATE,6.260640342687682,4.758418740849195,-1.502221601838487,10.667259343832693,12.169480945671182,16.927899686520377,RETROSPECTIVE_HISTORY_DIAGNOSTIC
2026-10-08,8478493,WINSOR_TOP_SOG_TO_SECOND_MAX,6.260640342687682,5.272118183315943,-0.9885221593717395,10.667259343832693,11.655781503204434,16.927899686520377,RETROSPECTIVE_HISTORY_DIAGNOSTIC
2026-10-08,8478498,REMOVE_MAX_SOG,12.311660901682593,10.602094240837697,-1.7095666608448958,0.4997269986732782,2.209293659518174,12.811387900355871,RETROSPECTIVE_HISTORY_DIAGNOSTIC
2026-10-08,8478498,REMOVE_MAX_RATE,12.311660901682593,10.602094240837697,-1.7095666608448958,0.4997269986732782,2.209293659518174,12.811387900355871,RETROSPECTIVE_HISTORY_DIAGNOSTIC
2026-10-08,8478498,WINSOR_TOP_SOG_TO_SECOND_MAX,12.311660901682593,11.959899161634521,-0.35176174004807237,0.4997269986732782,0.8514887387213506,12.811387900355871,RETROSPECTIVE_HISTORY_DIAGNOSTIC
2026-10-08,8478507,REMOVE_MAX_SOG,2.0688636027781886,1.6450976091248082,-0.4237659936533804,1.000190105661709,1.4239560993150895,3.0690537084398977,RETROSPECTIVE_HISTORY_DIAGNOSTIC
2026-10-08,8478507,REMOVE_MAX_RATE,2.0688636027781886,1.6450976091248082,-0.4237659936533804,1.000190105661709,1.4239560993150895,3.0690537084398977,RETROSPECTIVE_HISTORY_DIAGNOSTIC
2026-10-08,8478507,WINSOR_TOP_SOG_TO_SECOND_MAX,2.0688636027781886,2.0688636027781886,0.0,1.000190105661709,1.000190105661709,3.0690537084398977,RETROSPECTIVE_HISTORY_DIAGNOSTIC
2026-10-08,8478508,REMOVE_MAX_SOG,5.473684210526316,4.236955668889761,-1.2367285416365545,5.473684210526316,4.236955668889761,0.0,RETROSPECTIVE_HISTORY_DIAGNOSTIC
2026-10-08,8478508,REMOVE_MAX_RATE,5.473684210526316,4.236955668889761,-1.2367285416365545,5.473684210526316,4.236955668889761,0.0,RETROSPECTIVE_HISTORY_DIAGNOSTIC
2026-10-08,8478508,WINSOR_TOP_SOG_TO_SECOND_MAX,5.473684210526316,5.052631578947368,-0.4210526315789478,5.473684210526316,5.052631578947368,0.0,RETROSPECTIVE_HISTORY_DIAGNOSTIC
2026-10-08,8478519,REMOVE_MAX_SOG,5.214066392445397,4.7157453497511135,-0.49832104269428346,7.14644862901383,7.644769671708113,12.360515021459227,RETROSPECTIVE_HISTORY_DIAGNOSTIC
2026-10-08,8478519,REMOVE_MAX_RATE,5.214066392445397,4.5720091440182875,-0.6420572484271094,7.14644862901383,7.788505877440939,12.360515021459227,RETROSPECTIVE_HISTORY_DIAGNOSTIC
2026-10-08,8478519,WINSOR_TOP_SOG_TO_SECOND_MAX,5.214066392445397,5.214066392445397,0.0,7.14644862901383,7.14644862901383,12.360515021459227,RETROSPECTIVE_HISTORY_DIAGNOSTIC
2026-10-08,8478569,REMOVE_MAX_SOG,2.779432201707366,2.196514863083907,-0.5829173386234587,2.779432201707366,2.196514863083907,0.0,RETROSPECTIVE_HISTORY_DIAGNOSTIC
2026-10-08,8478569,REMOVE_MAX_RATE,2.779432201707366,2.196514863083907,-0.5829173386234587,2.779432201707366,2.196514863083907,0.0,RETROSPECTIVE_HISTORY_DIAGNOSTIC
2026-10-08,8478569,WINSOR_TOP_SOG_TO_SECOND_MAX,2.779432201707366,2.3823704586063132,-0.3970617431010526,2.779432201707366,2.3823704586063132,0.0,RETROSPECTIVE_HISTORY_DIAGNOSTIC
2026-10-08,8478831,REMOVE_MAX_SOG,3.4492670307559643,2.8790786948176583,-0.570188335938306,1.3700100776777702,1.9401984136160761,4.8192771084337345,RETROSPECTIVE_HISTORY_DIAGNOSTIC
2026-10-08,8478831,REMOVE_MAX_RATE,3.4492670307559643,2.811840974771538,-0.6374260559844265,1.3700100776777702,2.0074361336621966,4.8192771084337345,RETROSPECTIVE_HISTORY_DIAGNOSTIC
2026-10-08,8478831,WINSOR_TOP_SOG_TO_SECOND_MAX,3.4492670307559643,3.4492670307559643,0.0,1.3700100776777702,1.3700100776777702,4.8192771084337345,RETROSPECTIVE_HISTORY_DIAGNOSTIC
2026-10-08,8478840,REMOVE_MAX_SOG,1.6794491406818561,1.1336440357727673,-0.5458051049090888,1.207479488027045,1.7532845929361338,2.886928628708901,RETROSPECTIVE_HISTORY_DIAGNOSTIC
2026-10-08,8478840,REMOVE_MAX_RATE,1.6794491406818561,1.1336440357727673,-0.5458051049090888,1.207479488027045,1.7532845929361338,2.886928628708901,RETROSPECTIVE_HISTORY_DIAGNOSTIC
2026-10-08,8478840,WINSOR_TOP_SOG_TO_SECOND_MAX,1.6794491406818561,1.343559312545485,-0.33588982813637114,1.207479488027045,1.543369316163416,2.886928628708901,RETROSPECTIVE_HISTORY_DIAGNOSTIC
2026-10-08,8478851,REMOVE_MAX_SOG,1.9357960961445393,1.0970927043335161,-0.8387033918110232,0.797689097477329,1.6363924892883521,2.7334851936218683,RETROSPECTIVE_HISTORY_DIAGNOSTIC
2026-10-08,8478851,REMOVE_MAX_RATE,1.9357960961445393,1.0970927043335161,-0.8387033918110232,0.797689097477329,1.6363924892883521,2.7334851936218683,RETROSPECTIVE_HISTORY_DIAGNOSTIC
2026-10-08,8478851,WINSOR_TOP_SOG_TO_SECOND_MAX,1.9357960961445393,1.2905307307630263,-0.645265365381513,0.797689097477329,1.442954462858842,2.7334851936218683,RETROSPECTIVE_HISTORY_DIAGNOSTIC
2026-10-08,8478864,REMOVE_MAX_SOG,9.398864303896612,8.837488407615515,-0.5613758962810973,9.398864303896612,8.837488407615515,0.0,RETROSPECTIVE_HISTORY_DIAGNOSTIC
2026-10-08,8478864,REMOVE_MAX_RATE,9.398864303896612,8.77906031539587,-0.6198039885007418,9.398864303896612,8.77906031539587,0.0,RETROSPECTIVE_HISTORY_DIAGNOSTIC
2026-10-08,8478864,WINSOR_TOP_SOG_TO_SECOND_MAX,9.398864303896612,9.398864303896612,0.0,9.398864303896612,9.398864303896612,0.0,RETROSPECTIVE_HISTORY_DIAGNOSTIC
2026-10-08,8478970,REMOVE_MAX_SOG,3.9575828301791067,3.053089839995477,-0.9044929901836296,0.8780276548155483,0.026465335368081266,3.0795551753635584,RETROSPECTIVE_HISTORY_DIAGNOSTIC
2026-10-08,8478970,REMOVE_MAX_RATE,3.9575828301791067,3.053089839995477,-0.9044929901836296,0.8780276548155483,0.026465335368081266,3.0795551753635584,RETROSPECTIVE_HISTORY_DIAGNOSTIC
2026-10-08,8478970,WINSOR_TOP_SOG_TO_SECOND_MAX,3.9575828301791067,3.653153381703791,-0.30442944847531583,0.8780276548155483,0.5735982063402325,3.0795551753635584,RETROSPECTIVE_HISTORY_DIAGNOSTIC
2026-10-08,8478975,REMOVE_MAX_SOG,7.638215324927255,6.700387571437957,-0.937827753489298,2.2973872509697104,3.2352150044590084,9.935602575896965,RETROSPECTIVE_HISTORY_DIAGNOSTIC
2026-10-08,8478975,REMOVE_MAX_RATE,7.638215324927255,6.700387571437957,-0.937827753489298,2.2973872509697104,3.2352150044590084,9.935602575896965,RETROSPECTIVE_HISTORY_DIAGNOSTIC
2026-10-08,8478975,WINSOR_TOP_SOG_TO_SECOND_MAX,7.638215324927255,7.274490785645004,-0.36372453928225035,2.2973872509697104,2.6611117902519608,9.935602575896965,RETROSPECTIVE_HISTORY_DIAGNOSTIC
2026-10-08,8479318,REMOVE_MAX_SOG,11.177018481298102,10.540184453227932,-0.6368340280701705,5.604263063341446,4.967429035271276,5.572755417956656,RETROSPECTIVE_HISTORY_DIAGNOSTIC
2026-10-08,8479318,REMOVE_MAX_RATE,11.177018481298102,10.394672730225759,-0.7823457510723433,5.604263063341446,4.821917312269103,5.572755417956656,RETROSPECTIVE_HISTORY_DIAGNOSTIC
2026-10-08,8479318,WINSOR_TOP_SOG_TO_SECOND_MAX,11.177018481298102,11.177018481298102,0.0,5.604263063341446,5.604263063341446,5.572755417956656,RETROSPECTIVE_HISTORY_DIAGNOSTIC
2026-10-08,8479343,REMOVE_MAX_SOG,7.016797788645545,6.338028169014084,-0.6787696196314608,5.176258942937857,5.855028562569318,12.193056731583402,RETROSPECTIVE_HISTORY_DIAGNOSTIC
2026-10-08,8479343,REMOVE_MAX_RATE,7.016797788645545,6.338028169014084,-0.6787696196314608,5.176258942937857,5.855028562569318,12.193056731583402,RETROSPECTIVE_HISTORY_DIAGNOSTIC
2026-10-08,8479343,WINSOR_TOP_SOG_TO_SECOND_MAX,7.016797788645545,6.697852434616202,-0.318945354029343,5.176258942937857,5.4952042969672,12.193056731583402,RETROSPECTIVE_HISTORY_DIAGNOSTIC
2026-10-08,8479346,REMOVE_MAX_SOG,2.782931354359926,1.8361726002244212,-0.9467587541355047,2.6143699949654113,3.561128749100916,5.397301349325337,RETROSPECTIVE_HISTORY_DIAGNOSTIC
2026-10-08,8479346,REMOVE_MAX_RATE,2.782931354359926,1.8063221274460612,-0.9766092269138646,2.6143699949654113,3.5909792218792758,5.397301349325337,RETROSPECTIVE_HISTORY_DIAGNOSTIC
2026-10-08,8479346,WINSOR_TOP_SOG_TO_SECOND_MAX,2.782931354359926,2.782931354359926,0.0,2.6143699949654113,2.6143699949654113,5.397301349325337,RETROSPECTIVE_HISTORY_DIAGNOSTIC
2026-10-08,8479351,REMOVE_MAX_SOG,4.848811367768873,3.9367208573303203,-0.9120905104385524,0.9820014859213972,0.06991097548284486,3.8668098818474754,RETROSPECTIVE_HISTORY_DIAGNOSTIC
2026-10-08,8479351,REMOVE_MAX_RATE,4.848811367768873,3.9367208573303203,-0.9120905104385524,0.9820014859213972,0.06991097548284486,3.8668098818474754,RETROSPECTIVE_HISTORY_DIAGNOSTIC
2026-10-08,8479351,WINSOR_TOP_SOG_TO_SECOND_MAX,4.848811367768873,4.848811367768873,0.0,0.9820014859213972,0.9820014859213972,3.8668098818474754,RETROSPECTIVE_HISTORY_DIAGNOSTIC
2026-10-08,8479353,REMOVE_MAX_SOG,4.572589864092468,3.7897396308512876,-0.78285023324118,7.192116018260473,7.974966251501653,11.76470588235294,RETROSPECTIVE_HISTORY_DIAGNOSTIC
2026-10-08,8479353,REMOVE_MAX_RATE,4.572589864092468,3.7897396308512876,-0.78285023324118,7.192116018260473,7.974966251501653,11.76470588235294,RETROSPECTIVE_HISTORY_DIAGNOSTIC
2026-10-08,8479353,WINSOR_TOP_SOG_TO_SECOND_MAX,4.572589864092468,4.572589864092468,0.0,7.192116018260473,7.192116018260473,11.76470588235294,RETROSPECTIVE_HISTORY_DIAGNOSTIC
2026-10-08,8479359,REMOVE_MAX_SOG,2.1885828925770565,1.2228676245796393,-0.9657152679974172,2.1885828925770565,1.2228676245796393,0.0,RETROSPECTIVE_HISTORY_DIAGNOSTIC
2026-10-08,8479359,REMOVE_MAX_RATE,2.1885828925770565,1.2228676245796393,-0.9657152679974172,2.1885828925770565,1.2228676245796393,0.0,RETROSPECTIVE_HISTORY_DIAGNOSTIC
2026-10-08,8479359,WINSOR_TOP_SOG_TO_SECOND_MAX,2.1885828925770565,1.6414371694327923,-0.5471457231442642,2.1885828925770565,1.6414371694327923,0.0,RETROSPECTIVE_HISTORY_DIAGNOSTIC
2026-10-08,8479369,REMOVE_MAX_SOG,3.422118291222267,2.604489644053082,-0.8176286471691849,1.2170569665096922,2.034685613678877,4.639175257731959,RETROSPECTIVE_HISTORY_DIAGNOSTIC
2026-10-08,8479369,REMOVE_MAX_RATE,3.422118291222267,2.604489644053082,-0.8176286471691849,1.2170569665096922,2.034685613678877,4.639175257731959,RETROSPECTIVE_HISTORY_DIAGNOSTIC
2026-10-08,8479369,WINSOR_TOP_SOG_TO_SECOND_MAX,3.422118291222267,3.0799064621000403,-0.3422118291222267,1.2170569665096922,1.559268795631919,4.639175257731959,RETROSPECTIVE_HISTORY_DIAGNOSTIC
2026-10-08,8479378,REMOVE_MAX_SOG,4.899497487437186,4.318721658389117,-0.5807758290480693,4.899497487437186,4.318721658389117,0.0,RETROSPECTIVE_HISTORY_DIAGNOSTIC
2026-10-08,8479378,REMOVE_MAX_RATE,4.899497487437186,4.11240575736806,-0.7870917300691262,4.899497487437186,4.11240575736806,0.0,RETROSPECTIVE_HISTORY_DIAGNOSTIC
2026-10-08,8479378,WINSOR_TOP_SOG_TO_SECOND_MAX,4.899497487437186,4.899497487437186,0.0,4.899497487437186,4.899497487437186,0.0,RETROSPECTIVE_HISTORY_DIAGNOSTIC
2026-10-08,8479410,REMOVE_MAX_SOG,6.4878892733564015,5.571030640668524,-0.9168586326878776,6.4878892733564015,5.571030640668524,0.0,RETROSPECTIVE_HISTORY_DIAGNOSTIC
2026-10-08,8479410,REMOVE_MAX_RATE,6.4878892733564015,5.571030640668524,-0.9168586326878776,6.4878892733564015,5.571030640668524,0.0,RETROSPECTIVE_HISTORY_DIAGNOSTIC
2026-10-08,8479410,WINSOR_TOP_SOG_TO_SECOND_MAX,6.4878892733564015,5.96885813148789,-0.5190311418685116,6.4878892733564015,5.96885813148789,0.0,RETROSPECTIVE_HISTORY_DIAGNOSTIC
2026-10-08,8479420,REMOVE_MAX_SOG,12.942600094701952,11.31475042724969,-1.6278496674522618,5.8727309157510135,7.500580583203275,18.815331010452965,RETROSPECTIVE_HISTORY_DIAGNOSTIC
2026-10-08,8479420,REMOVE_MAX_RATE,12.942600094701952,11.31475042724969,-1.6278496674522618,5.8727309157510135,7.500580583203275,18.815331010452965,RETROSPECTIVE_HISTORY_DIAGNOSTIC
2026-10-08,8479420,WINSOR_TOP_SOG_TO_SECOND_MAX,12.942600094701952,12.31125374861893,-0.6313463460830224,5.8727309157510135,6.504077261834036,18.815331010452965,RETROSPECTIVE_HISTORY_DIAGNOSTIC
2026-10-08,8479425,REMOVE_MAX_SOG,4.612546125461254,3.6642819752224742,-0.9482641502387796,2.098579645014327,1.1503154947755472,2.513966480446927,RETROSPECTIVE_HISTORY_DIAGNOSTIC
2026-10-08,8479425,REMOVE_MAX_RATE,4.612546125461254,3.6642819752224742,-0.9482641502387796,2.098579645014327,1.1503154947755472,2.513966480446927,RETROSPECTIVE_HISTORY_DIAGNOSTIC
2026-10-08,8479425,WINSOR_TOP_SOG_TO_SECOND_MAX,4.612546125461254,4.381918819188192,-0.23062730627306216,2.098579645014327,1.8679523387412647,2.513966480446927,RETROSPECTIVE_HISTORY_DIAGNOSTIC
2026-10-08,8479442,REMOVE_MAX_SOG,3.1640563202024996,2.4617548795498507,-0.7023014406526489,0.45403413205880705,1.156335572711456,3.6180904522613067,RETROSPECTIVE_HISTORY_DIAGNOSTIC
2026-10-08,8479442,REMOVE_MAX_RATE,3.1640563202024996,2.4617548795498507,-0.7023014406526489,0.45403413205880705,1.156335572711456,3.6180904522613067,RETROSPECTIVE_HISTORY_DIAGNOSTIC
2026-10-08,8479442,WINSOR_TOP_SOG_TO_SECOND_MAX,3.1640563202024996,2.8476506881822496,-0.31640563202024996,0.45403413205880705,0.770439764079057,3.6180904522613067,RETROSPECTIVE_HISTORY_DIAGNOSTIC
2026-10-08,8479520,REMOVE_MAX_SOG,3.948667324777888,3.367318305116453,-0.581349019661435,3.948667324777888,3.367318305116453,0.0,RETROSPECTIVE_HISTORY_DIAGNOSTIC
2026-10-08,8479520,REMOVE_MAX_RATE,3.948667324777888,3.367318305116453,-0.581349019661435,3.948667324777888,3.367318305116453,0.0,RETROSPECTIVE_HISTORY_DIAGNOSTIC
2026-10-08,8479520,WINSOR_TOP_SOG_TO_SECOND_MAX,3.948667324777888,3.948667324777888,0.0,3.948667324777888,3.948667324777888,0.0,RETROSPECTIVE_HISTORY_DIAGNOSTIC
2026-10-08,8479525,REMOVE_MAX_SOG,5.593362543115502,4.268726496595182,-1.32463604652032,0.6954033594420332,0.6292326870782867,4.897959183673469,RETROSPECTIVE_HISTORY_DIAGNOSTIC
2026-10-08,8479525,REMOVE_MAX_RATE,5.593362543115502,4.268726496595182,-1.32463604652032,0.6954033594420332,0.6292326870782867,4.897959183673469,RETROSPECTIVE_HISTORY_DIAGNOSTIC
2026-10-08,8479525,WINSOR_TOP_SOG_TO_SECOND_MAX,5.593362543115502,5.034026288803952,-0.5593362543115497,0.6954033594420332,0.1360671051304836,4.897959183673469,RETROSPECTIVE_HISTORY_DIAGNOSTIC
2026-10-08,8479542,REMOVE_MAX_SOG,12.849800114220447,11.687901442560808,-1.161898671659639,4.995254659674993,3.833355988015354,7.854545454545454,RETROSPECTIVE_HISTORY_DIAGNOSTIC
2026-10-08,8479542,REMOVE_MAX_RATE,12.849800114220447,11.687901442560808,-1.161898671659639,4.995254659674993,3.833355988015354,7.854545454545454,RETROSPECTIVE_HISTORY_DIAGNOSTIC
2026-10-08,8479542,WINSOR_TOP_SOG_TO_SECOND_MAX,12.849800114220447,12.27869788692176,-0.5711022272986863,4.995254659674993,4.424152432376307,7.854545454545454,RETROSPECTIVE_HISTORY_DIAGNOSTIC
2026-10-08,8479619,REMOVE_MAX_SOG,8.248052543149534,7.493131296311715,-0.754921246837819,23.65068163406566,24.40560288090348,31.898734177215193,RETROSPECTIVE_HISTORY_DIAGNOSTIC
2026-10-08,8479619,REMOVE_MAX_RATE,8.248052543149534,7.493131296311715,-0.754921246837819,23.65068163406566,24.40560288090348,31.898734177215193,RETROSPECTIVE_HISTORY_DIAGNOSTIC
2026-10-08,8479619,WINSOR_TOP_SOG_TO_SECOND_MAX,8.248052543149534,8.248052543149534,0.0,23.65068163406566,23.65068163406566,31.898734177215193,RETROSPECTIVE_HISTORY_DIAGNOSTIC
2026-10-08,8479661,REMOVE_MAX_SOG,2.6084688287974958,1.8016214593133821,-0.8068473694841136,2.6084688287974958,1.8016214593133821,0.0,RETROSPECTIVE_HISTORY_DIAGNOSTIC
2026-10-08,8479661,REMOVE_MAX_RATE,2.6084688287974958,1.8016214593133821,-0.8068473694841136,2.6084688287974958,1.8016214593133821,0.0,RETROSPECTIVE_HISTORY_DIAGNOSTIC
2026-10-08,8479661,WINSOR_TOP_SOG_TO_SECOND_MAX,2.6084688287974958,2.0867750630379964,-0.5216937657594993,2.6084688287974958,2.0867750630379964,0.0,RETROSPECTIVE_HISTORY_DIAGNOSTIC
2026-10-08,8479705,REMOVE_MAX_SOG,7.344632768361583,6.161429451632779,-1.1832033167288039,14.12654019386506,15.309743510593863,21.471172962226643,RETROSPECTIVE_HISTORY_DIAGNOSTIC
2026-10-08,8479705,REMOVE_MAX_RATE,7.344632768361583,6.161429451632779,-1.1832033167288039,14.12654019386506,15.309743510593863,21.471172962226643,RETROSPECTIVE_HISTORY_DIAGNOSTIC
2026-10-08,8479705,WINSOR_TOP_SOG_TO_SECOND_MAX,7.344632768361583,6.779661016949153,-0.56497175141243,14.12654019386506,14.69151194527749,21.471172962226643,RETROSPECTIVE_HISTORY_DIAGNOSTIC
2026-10-08,8479941,REMOVE_MAX_SOG,4.203315949248852,3.790613718411552,-0.41270223083729984,0.9103204143875123,1.3230226452248122,5.113636363636364,RETROSPECTIVE_HISTORY_DIAGNOSTIC
2026-10-08,8479941,REMOVE_MAX_RATE,4.203315949248852,3.5317860746720484,-0.6715298745768035,0.9103204143875123,1.5818502889643158,5.113636363636364,RETROSPECTIVE_HISTORY_DIAGNOSTIC
2026-10-08,8479941,WINSOR_TOP_SOG_TO_SECOND_MAX,4.203315949248852,4.203315949248852,0.0,0.9103204143875123,0.9103204143875123,5.113636363636364,RETROSPECTIVE_HISTORY_DIAGNOSTIC
2026-10-08,8479980,REMOVE_MAX_SOG,3.482073768377612,2.608695652173913,-0.8733781162036989,3.482073768377612,2.608695652173913,0.0,RETROSPECTIVE_HISTORY_DIAGNOSTIC
2026-10-08,8479980,REMOVE_MAX_RATE,3.482073768377612,2.608695652173913,-0.8733781162036989,3.482073768377612,2.608695652173913,0.0,RETROSPECTIVE_HISTORY_DIAGNOSTIC
2026-10-08,8479980,WINSOR_TOP_SOG_TO_SECOND_MAX,3.482073768377612,3.0951766830023217,-0.3868970853752902,3.482073768377612,3.0951766830023217,0.0,RETROSPECTIVE_HISTORY_DIAGNOSTIC
2026-10-08,8479987,REMOVE_MAX_SOG,6.1227960768751055,5.290672041317629,-0.8321240355574764,1.416913723933929,0.5847896883764525,4.705882352941177,RETROSPECTIVE_HISTORY_DIAGNOSTIC
2026-10-08,8479987,REMOVE_MAX_RATE,6.1227960768751055,5.290672041317629,-0.8321240355574764,1.416913723933929,0.5847896883764525,4.705882352941177,RETROSPECTIVE_HISTORY_DIAGNOSTIC
2026-10-08,8479987,WINSOR_TOP_SOG_TO_SECOND_MAX,6.1227960768751055,5.782640739270933,-0.3401553376041724,1.416913723933929,1.0767583863297565,4.705882352941177,RETROSPECTIVE_HISTORY_DIAGNOSTIC
2026-10-08,8479999,REMOVE_MAX_SOG,3.965107057890563,3.0690537084398977,-0.8960533494506655,1.3368075223745333,2.2328608718251988,5.301914580265096,RETROSPECTIVE_HISTORY_DIAGNOSTIC
2026-10-08,8479999,REMOVE_MAX_RATE,3.965107057890563,3.0690537084398977,-0.8960533494506655,1.3368075223745333,2.2328608718251988,5.301914580265096,RETROSPECTIVE_HISTORY_DIAGNOSTIC
2026-10-08,8479999,WINSOR_TOP_SOG_TO_SECOND_MAX,3.965107057890563,3.568596352101507,-0.39651070578905623,1.3368075223745333,1.7333182281635895,5.301914580265096,RETROSPECTIVE_HISTORY_DIAGNOSTIC
2026-10-08,8480012,REMOVE_MAX_SOG,4.066100192879112,3.5016049022468634,-0.5644952906322489,1.1152805207479646,0.5507852301157157,2.9508196721311477,RETROSPECTIVE_HISTORY_DIAGNOSTIC
2026-10-08,8480012,REMOVE_MAX_RATE,4.066100192879112,3.4486722611794463,-0.617427931699666,1.1152805207479646,0.49785258904829854,2.9508196721311477,RETROSPECTIVE_HISTORY_DIAGNOSTIC
2026-10-08,8480012,WINSOR_TOP_SOG_TO_SECOND_MAX,4.066100192879112,4.066100192879112,0.0,1.1152805207479646,1.1152805207479646,2.9508196721311477,RETROSPECTIVE_HISTORY_DIAGNOSTIC
2026-10-08,8480015,REMOVE_MAX_SOG,7.199696854869269,6.243063263041066,-0.9566335918282034,6.63315617106733,7.589789762895533,13.832853025936599,RETROSPECTIVE_HISTORY_DIAGNOSTIC
2026-10-08,8480015,REMOVE_MAX_RATE,7.199696854869269,6.243063263041066,-0.9566335918282034,6.63315617106733,7.589789762895533,13.832853025936599,RETROSPECTIVE_HISTORY_DIAGNOSTIC
2026-10-08,8480015,WINSOR_TOP_SOG_TO_SECOND_MAX,7.199696854869269,7.199696854869269,0.0,6.63315617106733,6.63315617106733,13.832853025936599,RETROSPECTIVE_HISTORY_DIAGNOSTIC
2026-10-08,8480018,REMOVE_MAX_SOG,7.166512840002172,6.6885489564625,-0.47796388353967156,4.311635758320966,3.833671874781295,2.8548770816812055,RETROSPECTIVE_HISTORY_DIAGNOSTIC
2026-10-08,8480018,REMOVE_MAX_RATE,7.166512840002172,6.517409933015507,-0.6491029069866645,4.311635758320966,3.662532851334302,2.8548770816812055,RETROSPECTIVE_HISTORY_DIAGNOSTIC
2026-10-08,8480018,WINSOR_TOP_SOG_TO_SECOND_MAX,7.166512840002172,7.166512840002172,0.0,4.311635758320966,4.311635758320966,2.8548770816812055,RETROSPECTIVE_HISTORY_DIAGNOSTIC
2026-10-08,8480023,REMOVE_MAX_SOG,3.5276825085742285,2.941496895086611,-0.5861856134876176,2.292851040334421,2.8790366538220384,5.820533548908649,RETROSPECTIVE_HISTORY_DIAGNOSTIC
2026-10-08,8480023,REMOVE_MAX_RATE,3.5276825085742285,2.941496895086611,-0.5861856134876176,2.292851040334421,2.8790366538220384,5.820533548908649,RETROSPECTIVE_HISTORY_DIAGNOSTIC
2026-10-08,8480023,WINSOR_TOP_SOG_TO_SECOND_MAX,3.5276825085742285,3.5276825085742285,0.0,2.292851040334421,2.292851040334421,5.820533548908649,RETROSPECTIVE_HISTORY_DIAGNOSTIC
2026-10-08,8480027,REMOVE_MAX_SOG,8.414710159983379,7.487075880919842,-0.927634279063537,7.340213253583363,8.2678475326469,15.754923413566742,RETROSPECTIVE_HISTORY_DIAGNOSTIC
2026-10-08,8480027,REMOVE_MAX_RATE,8.414710159983379,7.626090473164251,-0.7886196868191275,7.340213253583363,8.12883294040249,15.754923413566742,RETROSPECTIVE_HISTORY_DIAGNOSTIC
2026-10-08,8480027,WINSOR_TOP_SOG_TO_SECOND_MAX,8.414710159983379,8.103054228132143,-0.3116559318512362,7.340213253583363,7.651869185434599,15.754923413566742,RETROSPECTIVE_HISTORY_DIAGNOSTIC
2026-10-08,8480028,REMOVE_MAX_SOG,7.730535615681945,6.568144499178982,-1.1623911165029632,4.28225975361298,3.119868637110016,3.4482758620689657,RETROSPECTIVE_HISTORY_DIAGNOSTIC
2026-10-08,8480028,REMOVE_MAX_RATE,7.730535615681945,6.568144499178982,-1.1623911165029632,4.28225975361298,3.119868637110016,3.4482758620689657,RETROSPECTIVE_HISTORY_DIAGNOSTIC
2026-10-08,8480028,WINSOR_TOP_SOG_TO_SECOND_MAX,7.730535615681945,6.994294128474141,-0.7362414872078045,4.28225975361298,3.546018266405175,3.4482758620689657,RETROSPECTIVE_HISTORY_DIAGNOSTIC
2026-10-08,8480036,REMOVE_MAX_SOG,3.945983865310417,2.9484029484029484,-0.9975809169074688,0.8951364076832986,0.10244450922417014,3.0508474576271185,RETROSPECTIVE_HISTORY_DIAGNOSTIC
2026-10-08,8480036,REMOVE_MAX_RATE,3.945983865310417,2.9484029484029484,-0.9975809169074688,0.8951364076832986,0.10244450922417014,3.0508474576271185,RETROSPECTIVE_HISTORY_DIAGNOSTIC
2026-10-08,8480036,WINSOR_TOP_SOG_TO_SECOND_MAX,3.945983865310417,3.1567870922483334,-0.7891967730620837,0.8951364076832986,0.10593963462121492,3.0508474576271185,RETROSPECTIVE_HISTORY_DIAGNOSTIC
2026-10-08,8480039,REMOVE_MAX_SOG,9.571690998743112,9.117551286225986,-0.4541397125171258,2.6352748137720132,2.1811351012548874,6.936416184971098,RETROSPECTIVE_HISTORY_DIAGNOSTIC
2026-10-08,8480039,REMOVE_MAX_RATE,9.571690998743112,9.186420991499922,-0.3852700072431894,2.6352748137720132,2.250004806528824,6.936416184971098,RETROSPECTIVE_HISTORY_DIAGNOSTIC
2026-10-08,8480039,WINSOR_TOP_SOG_TO_SECOND_MAX,9.571690998743112,9.281639756356958,-0.2900512423861539,2.6352748137720132,2.3452235713858594,6.936416184971098,RETROSPECTIVE_HISTORY_DIAGNOSTIC
2026-10-08,8480064,REMOVE_MAX_SOG,5.430917437124199,5.133689839572193,-0.29722759755200645,7.141841584994545,7.439069182546551,12.572759022118744,RETROSPECTIVE_HISTORY_DIAGNOSTIC
2026-10-08,8480064,REMOVE_MAX_RATE,5.430917437124199,5.067210922654654,-0.36370651446954483,7.141841584994545,7.5055480994640895,12.572759022118744,RETROSPECTIVE_HISTORY_DIAGNOSTIC
2026-10-08,8480064,WINSOR_TOP_SOG_TO_SECOND_MAX,5.430917437124199,5.430917437124199,0.0,7.141841584994545,7.141841584994545,12.572759022118744,RETROSPECTIVE_HISTORY_DIAGNOSTIC
2026-10-08,8480069,REMOVE_MAX_SOG,6.230260026824731,5.829204313611193,-0.4010557132135384,0.84506930131987,0.4440135881063316,5.385190725504861,RETROSPECTIVE_HISTORY_DIAGNOSTIC
2026-10-08,8480069,REMOVE_MAX_RATE,6.230260026824731,5.829204313611193,-0.4010557132135384,0.84506930131987,0.4440135881063316,5.385190725504861,RETROSPECTIVE_HISTORY_DIAGNOSTIC
2026-10-08,8480069,WINSOR_TOP_SOG_TO_SECOND_MAX,6.230260026824731,6.230260026824731,0.0,0.84506930131987,0.84506930131987,5.385190725504861,RETROSPECTIVE_HISTORY_DIAGNOSTIC
2026-10-08,8480074,REMOVE_MAX_SOG,5.973931933381608,4.344677769732078,-1.62925416364953,1.5996913501495307,0.02956281349999923,4.374240583232077,RETROSPECTIVE_HISTORY_DIAGNOSTIC
2026-10-08,8480074,REMOVE_MAX_RATE,5.973931933381608,5.579665220086795,-0.39426671329481255,1.5996913501495307,1.2054246368547181,4.374240583232077,RETROSPECTIVE_HISTORY_DIAGNOSTIC
2026-10-08,8480074,WINSOR_TOP_SOG_TO_SECOND_MAX,5.973931933381608,5.430847212165098,-0.54308472121651,1.5996913501495307,1.0566066289330207,4.374240583232077,RETROSPECTIVE_HISTORY_DIAGNOSTIC
2026-10-08,8480188,REMOVE_MAX_SOG,6.342494714587737,5.448106782892945,-0.8943879316947916,7.276673002940633,8.171060934635424,13.61916771752837,RETROSPECTIVE_HISTORY_DIAGNOSTIC
2026-10-08,8480188,REMOVE_MAX_RATE,6.342494714587737,5.448106782892945,-0.8943879316947916,7.276673002940633,8.171060934635424,13.61916771752837,RETROSPECTIVE_HISTORY_DIAGNOSTIC
2026-10-08,8480188,WINSOR_TOP_SOG_TO_SECOND_MAX,6.342494714587737,5.854610505773296,-0.4878842088144406,7.276673002940633,7.764557211755074,13.61916771752837,RETROSPECTIVE_HISTORY_DIAGNOSTIC
2026-10-08,8480208,REMOVE_MAX_SOG,7.088474665266474,6.236543173212563,-0.8519314920539109,4.080087899366412,4.932019391420323,11.168562564632886,RETROSPECTIVE_HISTORY_DIAGNOSTIC
2026-10-08,8480208,REMOVE_MAX_RATE,7.088474665266474,6.236543173212563,-0.8519314920539109,4.080087899366412,4.932019391420323,11.168562564632886,RETROSPECTIVE_HISTORY_DIAGNOSTIC
2026-10-08,8480208,WINSOR_TOP_SOG_TO_SECOND_MAX,7.088474665266474,6.694670517196114,-0.3938041480703598,4.080087899366412,4.473892047436772,11.168562564632886,RETROSPECTIVE_HISTORY_DIAGNOSTIC
2026-10-08,8480220,REMOVE_MAX_SOG,7.126388597778243,6.077132839890924,-1.0492557578873196,2.0559660625669753,1.0067103046796557,5.070422535211268,RETROSPECTIVE_HISTORY_DIAGNOSTIC
2026-10-08,8480220,REMOVE_MAX_RATE,7.126388597778243,6.077132839890924,-1.0492557578873196,2.0559660625669753,1.0067103046796557,5.070422535211268,RETROSPECTIVE_HISTORY_DIAGNOSTIC
2026-10-08,8480220,WINSOR_TOP_SOG_TO_SECOND_MAX,7.126388597778243,6.707189268497171,-0.4191993292810725,2.0559660625669753,1.6367667332859028,5.070422535211268,RETROSPECTIVE_HISTORY_DIAGNOSTIC
2026-10-08,8480246,REMOVE_MAX_SOG,2.52085709141108,2.0774184613253928,-0.4434386300856872,0.36607153729782116,0.8095101673835083,2.886928628708901,RETROSPECTIVE_HISTORY_DIAGNOSTIC
2026-10-08,8480246,REMOVE_MAX_RATE,2.52085709141108,2.0774184613253928,-0.4434386300856872,0.36607153729782116,0.8095101673835083,2.886928628708901,RETROSPECTIVE_HISTORY_DIAGNOSTIC
2026-10-08,8480246,WINSOR_TOP_SOG_TO_SECOND_MAX,2.52085709141108,2.1607346497809257,-0.3601224416301543,0.36607153729782116,0.7261939789279754,2.886928628708901,RETROSPECTIVE_HISTORY_DIAGNOSTIC
2026-10-08,8480336,REMOVE_MAX_SOG,5.92300098716683,5.409418752651676,-0.5135822345151544,5.92300098716683,5.409418752651676,0.0,RETROSPECTIVE_HISTORY_DIAGNOSTIC
2026-10-08,8480336,REMOVE_MAX_RATE,5.92300098716683,5.409418752651676,-0.5135822345151544,5.92300098716683,5.409418752651676,0.0,RETROSPECTIVE_HISTORY_DIAGNOSTIC
2026-10-08,8480336,WINSOR_TOP_SOG_TO_SECOND_MAX,5.92300098716683,5.640953321111267,-0.2820476660555631,5.92300098716683,5.640953321111267,0.0,RETROSPECTIVE_HISTORY_DIAGNOSTIC
2026-10-08,8480355,REMOVE_MAX_SOG,7.630998812955741,6.336405529953917,-1.2945932830018236,3.3706437833699416,2.076050500368118,4.260355029585799,RETROSPECTIVE_HISTORY_DIAGNOSTIC
2026-10-08,8480355,REMOVE_MAX_RATE,7.630998812955741,6.336405529953917,-1.2945932830018236,3.3706437833699416,2.076050500368118,4.260355029585799,RETROSPECTIVE_HISTORY_DIAGNOSTIC
2026-10-08,8480355,WINSOR_TOP_SOG_TO_SECOND_MAX,7.630998812955741,7.122265558758691,-0.5087332541970495,3.3706437833699416,2.861910529172892,4.260355029585799,RETROSPECTIVE_HISTORY_DIAGNOSTIC
2026-10-08,8480426,REMOVE_MAX_SOG,4.615384615384617,3.8654812524159254,-0.7499033629686913,2.853495052665176,3.603398415633867,7.468879668049793,RETROSPECTIVE_HISTORY_DIAGNOSTIC
2026-10-08,8480426,REMOVE_MAX_RATE,4.615384615384617,3.8654812524159254,-0.7499033629686913,2.853495052665176,3.603398415633867,7.468879668049793,RETROSPECTIVE_HISTORY_DIAGNOSTIC
2026-10-08,8480426,WINSOR_TOP_SOG_TO_SECOND_MAX,4.615384615384617,4.615384615384617,0.0,2.853495052665176,2.853495052665176,7.468879668049793,RETROSPECTIVE_HISTORY_DIAGNOSTIC
2026-10-08,8480448,REMOVE_MAX_SOG,5.044714515019491,4.589885252868679,-0.4548292621508123,5.329925254432959,5.784754516583772,10.37463976945245,RETROSPECTIVE_HISTORY_DIAGNOSTIC
2026-10-08,8480448,REMOVE_MAX_RATE,5.044714515019491,4.589885252868679,-0.4548292621508123,5.329925254432959,5.784754516583772,10.37463976945245,RETROSPECTIVE_HISTORY_DIAGNOSTIC
2026-10-08,8480448,WINSOR_TOP_SOG_TO_SECOND_MAX,5.044714515019491,5.044714515019491,0.0,5.329925254432959,5.329925254432959,10.37463976945245,RETROSPECTIVE_HISTORY_DIAGNOSTIC
2026-10-08,8480459,REMOVE_MAX_SOG,4.102564102564103,2.7307896533414246,-1.3717744492226784,6.595801424924752,7.96757587414743,10.698365527488855,RETROSPECTIVE_HISTORY_DIAGNOSTIC
2026-10-08,8480459,REMOVE_MAX_RATE,4.102564102564103,2.7307896533414246,-1.3717744492226784,6.595801424924752,7.96757587414743,10.698365527488855,RETROSPECTIVE_HISTORY_DIAGNOSTIC
2026-10-08,8480459,WINSOR_TOP_SOG_TO_SECOND_MAX,4.102564102564103,3.282051282051282,-0.8205128205128212,6.595801424924752,7.416314245437573,10.698365527488855,RETROSPECTIVE_HISTORY_DIAGNOSTIC
2026-10-08,8480727,REMOVE_MAX_SOG,1.6717748676511563,1.2610340479192939,-0.4107408197318625,1.6249284290521402,2.0356692487840027,3.2967032967032965,RETROSPECTIVE_HISTORY_DIAGNOSTIC
2026-10-08,8480727,REMOVE_MAX_RATE,1.6717748676511563,1.2610340479192939,-0.4107408197318625,1.6249284290521402,2.0356692487840027,3.2967032967032965,RETROSPECTIVE_HISTORY_DIAGNOSTIC
2026-10-08,8480727,WINSOR_TOP_SOG_TO_SECOND_MAX,1.6717748676511563,1.3931457230426303,-0.27862914460852606,1.6249284290521402,1.9035575736606662,3.2967032967032965,RETROSPECTIVE_HISTORY_DIAGNOSTIC
2026-10-08,8480748,REMOVE_MAX_SOG,4.0813802485931605,3.306696059520529,-0.7746841890726315,0.7387618641920461,0.03592232488058533,3.3426183844011144,RETROSPECTIVE_HISTORY_DIAGNOSTIC
2026-10-08,8480748,REMOVE_MAX_RATE,4.0813802485931605,3.306696059520529,-0.7746841890726315,0.7387618641920461,0.03592232488058533,3.3426183844011144,RETROSPECTIVE_HISTORY_DIAGNOSTIC
2026-10-08,8480748,WINSOR_TOP_SOG_TO_SECOND_MAX,4.0813802485931605,3.7103456805392367,-0.37103456805392376,0.7387618641920461,0.3677272961381224,3.3426183844011144,RETROSPECTIVE_HISTORY_DIAGNOSTIC
2026-10-08,8480762,REMOVE_MAX_SOG,5.61622464898596,4.733520336605891,-0.8827043123800689,15.097239102452477,15.979943414832544,20.713463751438436,RETROSPECTIVE_HISTORY_DIAGNOSTIC
2026-10-08,8480762,REMOVE_MAX_RATE,5.61622464898596,4.733520336605891,-0.8827043123800689,15.097239102452477,15.979943414832544,20.713463751438436,RETROSPECTIVE_HISTORY_DIAGNOSTIC
2026-10-08,8480762,WINSOR_TOP_SOG_TO_SECOND_MAX,5.61622464898596,5.14820592823713,-0.4680187207488302,15.097239102452477,15.565257823201307,20.713463751438436,RETROSPECTIVE_HISTORY_DIAGNOSTIC
2026-10-08,8480797,REMOVE_MAX_SOG,6.163514411746933,5.247578040904199,-0.9159363708427337,0.8746087554084925,1.7905451262512262,7.038123167155425,RETROSPECTIVE_HISTORY_DIAGNOSTIC
2026-10-08,8480797,REMOVE_MAX_RATE,6.163514411746933,5.247578040904199,-0.9159363708427337,0.8746087554084925,1.7905451262512262,7.038123167155425,RETROSPECTIVE_HISTORY_DIAGNOSTIC
2026-10-08,8480797,WINSOR_TOP_SOG_TO_SECOND_MAX,6.163514411746933,5.800954740467702,-0.3625596712792305,0.8746087554084925,1.237168426687723,7.038123167155425,RETROSPECTIVE_HISTORY_DIAGNOSTIC
2026-10-08,8480800,REMOVE_MAX_SOG,4.959609242908135,4.274041483343809,-0.6855677595643259,2.4023539472759143,3.0879217068402403,7.361963190184049,RETROSPECTIVE_HISTORY_DIAGNOSTIC
2026-10-08,8480800,REMOVE_MAX_RATE,4.959609242908135,4.274041483343809,-0.6855677595643259,2.4023539472759143,3.0879217068402403,7.361963190184049,RETROSPECTIVE_HISTORY_DIAGNOSTIC
2026-10-08,8480800,WINSOR_TOP_SOG_TO_SECOND_MAX,4.959609242908135,4.734172459139583,-0.22543678376855159,2.4023539472759143,2.627790731044466,7.361963190184049,RETROSPECTIVE_HISTORY_DIAGNOSTIC
2026-10-08,8480802,REMOVE_MAX_SOG,3.7905110872449304,2.9403528423410807,-0.8501582449038496,0.25068807839537266,0.599470166508477,3.5398230088495577,RETROSPECTIVE_HISTORY_DIAGNOSTIC
2026-10-08,8480802,REMOVE_MAX_RATE,3.7905110872449304,2.9403528423410807,-0.8501582449038496,0.25068807839537266,0.599470166508477,3.5398230088495577,RETROSPECTIVE_HISTORY_DIAGNOSTIC
2026-10-08,8480802,WINSOR_TOP_SOG_TO_SECOND_MAX,3.7905110872449304,3.4114599785204374,-0.379051108724493,0.25068807839537266,0.12836303032912033,3.5398230088495577,RETROSPECTIVE_HISTORY_DIAGNOSTIC
2026-10-08,8480807,REMOVE_MAX_SOG,3.924725772365906,3.748722026581847,-0.17600374578405908,0.5252923446038658,0.3492885988198067,3.39943342776204,RETROSPECTIVE_HISTORY_DIAGNOSTIC
2026-10-08,8480807,REMOVE_MAX_RATE,3.924725772365906,3.485792753776276,-0.43893301858962985,0.5252923446038658,0.0863593260142359,3.39943342776204,RETROSPECTIVE_HISTORY_DIAGNOSTIC
2026-10-08,8480807,WINSOR_TOP_SOG_TO_SECOND_MAX,3.924725772365906,3.924725772365906,0.0,0.5252923446038658,0.5252923446038658,3.39943342776204,RETROSPECTIVE_HISTORY_DIAGNOSTIC
2026-10-08,8480817,REMOVE_MAX_SOG,3.7849772450772767,2.371541501976285,-1.4134357431009916,0.8268835721109666,0.586552170990025,2.95809367296631,RETROSPECTIVE_HISTORY_DIAGNOSTIC
2026-10-08,8480817,REMOVE_MAX_RATE,3.7849772450772767,2.371541501976285,-1.4134357431009916,0.8268835721109666,0.586552170990025,2.95809367296631,RETROSPECTIVE_HISTORY_DIAGNOSTIC
2026-10-08,8480817,WINSOR_TOP_SOG_TO_SECOND_MAX,3.7849772450772767,2.9739106925607173,-0.8110665525165595,0.8268835721109666,0.015817019594407178,2.95809367296631,RETROSPECTIVE_HISTORY_DIAGNOSTIC
2026-10-08,8480829,REMOVE_MAX_SOG,4.150453955901427,2.594033722438392,-1.5564202334630353,4.150453955901427,2.594033722438392,0.0,RETROSPECTIVE_HISTORY_DIAGNOSTIC
2026-10-08,8480829,REMOVE_MAX_RATE,4.150453955901427,3.970504821327283,-0.17994913457414397,4.150453955901427,3.970504821327283,0.0,RETROSPECTIVE_HISTORY_DIAGNOSTIC
2026-10-08,8480829,WINSOR_TOP_SOG_TO_SECOND_MAX,4.150453955901427,3.11284046692607,-1.037613488975357,4.150453955901427,3.11284046692607,0.0,RETROSPECTIVE_HISTORY_DIAGNOSTIC
2026-10-08,8480830,REMOVE_MAX_SOG,11.750741839762615,10.89808274470232,-0.8526590950602948,3.9184638185616514,4.771122913621946,15.669205658324266,RETROSPECTIVE_HISTORY_DIAGNOSTIC
2026-10-08,8480830,REMOVE_MAX_RATE,11.750741839762615,10.96462602793369,-0.7861158118289246,3.9184638185616514,4.704579630390576,15.669205658324266,RETROSPECTIVE_HISTORY_DIAGNOSTIC
2026-10-08,8480830,WINSOR_TOP_SOG_TO_SECOND_MAX,11.750741839762615,11.394658753709201,-0.3560830860534132,3.9184638185616514,4.274546904615065,15.669205658324266,RETROSPECTIVE_HISTORY_DIAGNOSTIC
2026-10-08,8480835,REMOVE_MAX_SOG,6.426099851705389,5.383580080753702,-1.042519770951687,0.7667073411018039,1.8092271120534908,7.192807192807193,RETROSPECTIVE_HISTORY_DIAGNOSTIC
2026-10-08,8480835,REMOVE_MAX_RATE,6.426099851705389,5.383580080753702,-1.042519770951687,0.7667073411018039,1.8092271120534908,7.192807192807193,RETROSPECTIVE_HISTORY_DIAGNOSTIC
2026-10-08,8480835,WINSOR_TOP_SOG_TO_SECOND_MAX,6.426099851705389,6.426099851705389,0.0,0.7667073411018039,0.7667073411018039,7.192807192807193,RETROSPECTIVE_HISTORY_DIAGNOSTIC
2026-10-08,8480839,REMOVE_MAX_SOG,5.731849144376142,5.307509660598725,-0.42433948377741704,3.4591218716488688,3.0347823878714517,2.272727272727273,RETROSPECTIVE_HISTORY_DIAGNOSTIC
2026-10-08,8480839,REMOVE_MAX_RATE,5.731849144376142,5.307509660598725,-0.42433948377741704,3.4591218716488688,3.0347823878714517,2.272727272727273,RETROSPECTIVE_HISTORY_DIAGNOSTIC
2026-10-08,8480839,WINSOR_TOP_SOG_TO_SECOND_MAX,5.731849144376142,5.482638312011963,-0.24921083236417907,3.4591218716488688,3.2099110392846897,2.272727272727273,RETROSPECTIVE_HISTORY_DIAGNOSTIC
2026-10-08,8480840,REMOVE_MAX_SOG,3.3335979045956026,2.5782055689240293,-0.7553923356715733,3.3335979045956026,2.5782055689240293,0.0,RETROSPECTIVE_HISTORY_DIAGNOSTIC
2026-10-08,8480840,REMOVE_MAX_RATE,3.3335979045956026,2.5782055689240293,-0.7553923356715733,3.3335979045956026,2.5782055689240293,0.0,RETROSPECTIVE_HISTORY_DIAGNOSTIC
2026-10-08,8480840,WINSOR_TOP_SOG_TO_SECOND_MAX,3.3335979045956026,3.3335979045956026,0.0,3.3335979045956026,3.3335979045956026,0.0,RETROSPECTIVE_HISTORY_DIAGNOSTIC
2026-10-08,8480848,REMOVE_MAX_SOG,3.6852207293666024,2.4855012427506216,-1.1997194866159808,1.1083877926041033,2.308107279220084,4.793608521970706,RETROSPECTIVE_HISTORY_DIAGNOSTIC
2026-10-08,8480848,REMOVE_MAX_RATE,3.6852207293666024,2.4855012427506216,-1.1997194866159808,1.1083877926041033,2.308107279220084,4.793608521970706,RETROSPECTIVE_HISTORY_DIAGNOSTIC
2026-10-08,8480848,WINSOR_TOP_SOG_TO_SECOND_MAX,3.6852207293666024,3.224568138195777,-0.46065259117082524,1.1083877926041033,1.5690403837749285,4.793608521970706,RETROSPECTIVE_HISTORY_DIAGNOSTIC
2026-10-08,8480849,REMOVE_MAX_SOG,5.917608679159397,4.576659038901602,-1.3409496402577945,6.341188142634019,7.682137782891814,12.258796821793416,RETROSPECTIVE_HISTORY_DIAGNOSTIC
2026-10-08,8480849,REMOVE_MAX_RATE,5.917608679159397,4.576659038901602,-1.3409496402577945,6.341188142634019,7.682137782891814,12.258796821793416,RETROSPECTIVE_HISTORY_DIAGNOSTIC
2026-10-08,8480849,WINSOR_TOP_SOG_TO_SECOND_MAX,5.917608679159397,5.462408011531751,-0.4552006676276461,6.341188142634019,6.796388810261665,12.258796821793416,RETROSPECTIVE_HISTORY_DIAGNOSTIC
2026-10-08,8480855,REMOVE_MAX_SOG,3.196347031963471,2.4964633435965715,-0.6998836883668993,9.815701160807613,10.515584849174513,13.012048192771084,RETROSPECTIVE_HISTORY_DIAGNOSTIC
2026-10-08,8480855,REMOVE_MAX_RATE,3.196347031963471,2.4964633435965715,-0.6998836883668993,9.815701160807613,10.515584849174513,13.012048192771084,RETROSPECTIVE_HISTORY_DIAGNOSTIC
2026-10-08,8480855,WINSOR_TOP_SOG_TO_SECOND_MAX,3.196347031963471,3.196347031963471,0.0,9.815701160807613,9.815701160807613,13.012048192771084,RETROSPECTIVE_HISTORY_DIAGNOSTIC
2026-10-08,8480860,REMOVE_MAX_SOG,0.8996851102114259,0.33613445378151263,-0.5635506564299133,1.8296552991896355,2.393205955619549,2.7293404094010616,RETROSPECTIVE_HISTORY_DIAGNOSTIC
2026-10-08,8480860,REMOVE_MAX_RATE,0.8996851102114259,0.33613445378151263,-0.5635506564299133,1.8296552991896355,2.393205955619549,2.7293404094010616,RETROSPECTIVE_HISTORY_DIAGNOSTIC
2026-10-08,8480860,WINSOR_TOP_SOG_TO_SECOND_MAX,0.8996851102114259,0.599790073474284,-0.2998950367371419,1.8296552991896355,2.1295503359267776,2.7293404094010616,RETROSPECTIVE_HISTORY_DIAGNOSTIC
2026-10-08,8480865,REMOVE_MAX_SOG,4.418912947414936,3.981199889411114,-0.43771305800382176,4.2627590783085365,4.700472136312358,8.681672025723472,RETROSPECTIVE_HISTORY_DIAGNOSTIC
2026-10-08,8480865,REMOVE_MAX_RATE,4.418912947414936,3.981199889411114,-0.43771305800382176,4.2627590783085365,4.700472136312358,8.681672025723472,RETROSPECTIVE_HISTORY_DIAGNOSTIC
2026-10-08,8480865,WINSOR_TOP_SOG_TO_SECOND_MAX,4.418912947414936,4.418912947414936,0.0,4.2627590783085365,4.2627590783085365,8.681672025723472,RETROSPECTIVE_HISTORY_DIAGNOSTIC
2026-10-08,8480870,REMOVE_MAX_SOG,2.7295473500644474,2.1367521367521367,-0.5927952133123107,2.7295473500644474,2.1367521367521367,0.0,RETROSPECTIVE_HISTORY_DIAGNOSTIC
2026-10-08,8480870,REMOVE_MAX_RATE,2.7295473500644474,2.4092515258592995,-0.3202958242051479,2.7295473500644474,2.4092515258592995,0.0,RETROSPECTIVE_HISTORY_DIAGNOSTIC
2026-10-08,8480870,WINSOR_TOP_SOG_TO_SECOND_MAX,2.7295473500644474,2.2746227917203727,-0.45492455834407464,2.7295473500644474,2.2746227917203727,0.0,RETROSPECTIVE_HISTORY_DIAGNOSTIC
2026-10-08,8480878,REMOVE_MAX_SOG,2.8185554903112156,2.3796932839767324,-0.43886220633448314,2.8185554903112156,2.3796932839767324,0.0,RETROSPECTIVE_HISTORY_DIAGNOSTIC
2026-10-08,8480878,REMOVE_MAX_RATE,2.8185554903112156,2.3236300264635643,-0.49492546384765124,2.8185554903112156,2.3236300264635643,0.0,RETROSPECTIVE_HISTORY_DIAGNOSTIC
2026-10-08,8480878,WINSOR_TOP_SOG_TO_SECOND_MAX,2.8185554903112156,2.8185554903112156,0.0,2.8185554903112156,2.8185554903112156,0.0,RETROSPECTIVE_HISTORY_DIAGNOSTIC
2026-10-08,8480891,REMOVE_MAX_SOG,4.089979550102249,3.18407960199005,-0.9058999481121988,2.9966346231260976,3.9025345712382964,7.086614173228346,RETROSPECTIVE_HISTORY_DIAGNOSTIC
2026-10-08,8480891,REMOVE_MAX_RATE,4.089979550102249,3.18407960199005,-0.9058999481121988,2.9966346231260976,3.9025345712382964,7.086614173228346,RETROSPECTIVE_HISTORY_DIAGNOSTIC
2026-10-08,8480891,WINSOR_TOP_SOG_TO_SECOND_MAX,4.089979550102249,3.7181632273656815,-0.3718163227365672,2.9966346231260976,3.368450945862665,7.086614173228346,RETROSPECTIVE_HISTORY_DIAGNOSTIC
2026-10-08,8480893,REMOVE_MAX_SOG,8.780640777713899,8.411214953271028,-0.369425824442871,1.0375410404679197,1.4069668649107907,9.818181818181818,RETROSPECTIVE_HISTORY_DIAGNOSTIC
2026-10-08,8480893,REMOVE_MAX_RATE,8.780640777713899,8.269683569746743,-0.5109572079671558,1.0375410404679197,1.5484982484350756,9.818181818181818,RETROSPECTIVE_HISTORY_DIAGNOSTIC
2026-10-08,8480893,WINSOR_TOP_SOG_TO_SECOND_MAX,8.780640777713899,8.780640777713899,0.0,1.0375410404679197,1.0375410404679197,9.818181818181818,RETROSPECTIVE_HISTORY_DIAGNOSTIC
2026-10-08,8480995,REMOVE_MAX_SOG,8.023178069979943,7.405578869414959,-0.6175992005649844,3.7476436281747167,3.1300444276097323,4.275534441805227,RETROSPECTIVE_HISTORY_DIAGNOSTIC
2026-10-08,8480995,REMOVE_MAX_RATE,8.023178069979943,7.2957198443579765,-0.7274582256219668,3.7476436281747167,3.02018540255275,4.275534441805227,RETROSPECTIVE_HISTORY_DIAGNOSTIC
2026-10-08,8480995,WINSOR_TOP_SOG_TO_SECOND_MAX,8.023178069979943,8.023178069979943,0.0,3.7476436281747167,3.7476436281747167,4.275534441805227,RETROSPECTIVE_HISTORY_DIAGNOSTIC
2026-10-08,8481013,REMOVE_MAX_SOG,6.190672719768881,5.513861234492264,-0.6768114852766169,6.190672719768881,5.513861234492264,0.0,RETROSPECTIVE_HISTORY_DIAGNOSTIC
2026-10-08,8481013,REMOVE_MAX_RATE,6.190672719768881,5.3731343283582085,-0.8175383914106726,6.190672719768881,5.3731343283582085,0.0,RETROSPECTIVE_HISTORY_DIAGNOSTIC
2026-10-08,8481013,WINSOR_TOP_SOG_TO_SECOND_MAX,6.190672719768881,6.190672719768881,0.0,6.190672719768881,6.190672719768881,0.0,RETROSPECTIVE_HISTORY_DIAGNOSTIC
2026-10-08,8481024,REMOVE_MAX_SOG,7.469042783201206,6.660253089617405,-0.808789693583801,0.16616400364927042,0.9749536972330715,7.6352067868504765,RETROSPECTIVE_HISTORY_DIAGNOSTIC
2026-10-08,8481024,REMOVE_MAX_RATE,7.469042783201206,6.660253089617405,-0.808789693583801,0.16616400364927042,0.9749536972330715,7.6352067868504765,RETROSPECTIVE_HISTORY_DIAGNOSTIC
2026-10-08,8481024,WINSOR_TOP_SOG_TO_SECOND_MAX,7.469042783201206,7.469042783201206,0.0,0.16616400364927042,0.16616400364927042,7.6352067868504765,RETROSPECTIVE_HISTORY_DIAGNOSTIC
2026-10-08,8481028,REMOVE_MAX_SOG,4.879812036869691,4.279600570613409,-0.6002114662562814,3.246598798344756,3.8468102646010376,8.126410835214447,RETROSPECTIVE_HISTORY_DIAGNOSTIC
2026-10-08,8481028,REMOVE_MAX_RATE,4.879812036869691,4.279600570613409,-0.6002114662562814,3.246598798344756,3.8468102646010376,8.126410835214447,RETROSPECTIVE_HISTORY_DIAGNOSTIC
2026-10-08,8481028,WINSOR_TOP_SOG_TO_SECOND_MAX,4.879812036869691,4.879812036869691,0.0,3.246598798344756,3.246598798344756,8.126410835214447,RETROSPECTIVE_HISTORY_DIAGNOSTIC
2026-10-08,8481032,REMOVE_MAX_SOG,6.179686262082079,4.74934036939314,-1.4303458926889387,6.179686262082079,4.74934036939314,0.0,RETROSPECTIVE_HISTORY_DIAGNOSTIC
2026-10-08,8481032,REMOVE_MAX_RATE,6.179686262082079,4.74934036939314,-1.4303458926889387,6.179686262082079,4.74934036939314,0.0,RETROSPECTIVE_HISTORY_DIAGNOSTIC
2026-10-08,8481032,WINSOR_TOP_SOG_TO_SECOND_MAX,6.179686262082079,5.704325780383457,-0.47536048169862166,6.179686262082079,5.704325780383457,0.0,RETROSPECTIVE_HISTORY_DIAGNOSTIC
2026-10-08,8481068,REMOVE_MAX_SOG,5.06066307662363,4.324947740214806,-0.7357153364088242,11.137312176469734,11.873027512878558,16.197975253093365,RETROSPECTIVE_HISTORY_DIAGNOSTIC
2026-10-08,8481068,REMOVE_MAX_RATE,5.06066307662363,4.23041669604456,-0.8302463805790703,11.137312176469734,11.967558557048804,16.197975253093365,RETROSPECTIVE_HISTORY_DIAGNOSTIC
2026-10-08,8481068,WINSOR_TOP_SOG_TO_SECOND_MAX,5.06066307662363,5.06066307662363,0.0,11.137312176469734,11.137312176469734,16.197975253093365,RETROSPECTIVE_HISTORY_DIAGNOSTIC
2026-10-08,8481122,REMOVE_MAX_SOG,5.4267071516247825,4.363001745200698,-1.0637054064240843,5.4267071516247825,4.363001745200698,0.0,RETROSPECTIVE_HISTORY_DIAGNOSTIC
2026-10-08,8481122,REMOVE_MAX_RATE,5.4267071516247825,4.363001745200698,-1.0637054064240843,5.4267071516247825,4.363001745200698,0.0,RETROSPECTIVE_HISTORY_DIAGNOSTIC
2026-10-08,8481122,WINSOR_TOP_SOG_TO_SECOND_MAX,5.4267071516247825,4.651463272821242,-0.7752438788035407,5.4267071516247825,4.651463272821242,0.0,RETROSPECTIVE_HISTORY_DIAGNOSTIC
2026-10-08,8481477,REMOVE_MAX_SOG,3.9597426167299123,3.2727272727272725,-0.6870153440026399,1.5280622613188677,2.2150776053215075,5.48780487804878,RETROSPECTIVE_HISTORY_DIAGNOSTIC
2026-10-08,8481477,REMOVE_MAX_RATE,3.9597426167299123,3.2727272727272725,-0.6870153440026399,1.5280622613188677,2.2150776053215075,5.48780487804878,RETROSPECTIVE_HISTORY_DIAGNOSTIC
2026-10-08,8481477,WINSOR_TOP_SOG_TO_SECOND_MAX,3.9597426167299123,3.464774789638674,-0.49496782709123854,1.5280622613188677,2.0230300884101062,5.48780487804878,RETROSPECTIVE_HISTORY_DIAGNOSTIC
2026-10-08,8481522,REMOVE_MAX_SOG,5.644402634054562,4.967261232783924,-0.6771414012706378,1.9558780438906274,1.2787366426199895,3.6885245901639347,RETROSPECTIVE_HISTORY_DIAGNOSTIC
2026-10-08,8481522,REMOVE_MAX_RATE,5.644402634054562,4.967261232783924,-0.6771414012706378,1.9558780438906274,1.2787366426199895,3.6885245901639347,RETROSPECTIVE_HISTORY_DIAGNOSTIC
2026-10-08,8481522,WINSOR_TOP_SOG_TO_SECOND_MAX,5.644402634054562,5.241231017336379,-0.4031716167181827,1.9558780438906274,1.5527064271724447,3.6885245901639347,RETROSPECTIVE_HISTORY_DIAGNOSTIC
2026-10-08,8481523,REMOVE_MAX_SOG,3.9930122285999508,2.893239463786286,-1.0997727648136646,3.9930122285999508,2.893239463786286,0.0,RETROSPECTIVE_HISTORY_DIAGNOSTIC
2026-10-08,8481523,REMOVE_MAX_RATE,3.9930122285999508,2.893239463786286,-1.0997727648136646,3.9930122285999508,2.893239463786286,0.0,RETROSPECTIVE_HISTORY_DIAGNOSTIC
2026-10-08,8481523,WINSOR_TOP_SOG_TO_SECOND_MAX,3.9930122285999508,2.9947591714499633,-0.9982530571499875,3.9930122285999508,2.9947591714499633,0.0,RETROSPECTIVE_HISTORY_DIAGNOSTIC
2026-10-08,8481524,REMOVE_MAX_SOG,2.933594097253089,1.7869552268440385,-1.1466388704090504,1.5805124858190118,2.7271513562280623,4.514106583072101,RETROSPECTIVE_HISTORY_DIAGNOSTIC
2026-10-08,8481524,REMOVE_MAX_RATE,2.933594097253089,1.7869552268440385,-1.1466388704090504,1.5805124858190118,2.7271513562280623,4.514106583072101,RETROSPECTIVE_HISTORY_DIAGNOSTIC
2026-10-08,8481524,WINSOR_TOP_SOG_TO_SECOND_MAX,2.933594097253089,2.1335229798204285,-0.8000711174326605,1.5805124858190118,2.3805836032516723,4.514106583072101,RETROSPECTIVE_HISTORY_DIAGNOSTIC
2026-10-08,8481528,REMOVE_MAX_SOG,8.719346049046322,8.19000819000819,-0.529337859038133,5.345400407059444,4.816062548021311,3.3739456419868787,RETROSPECTIVE_HISTORY_DIAGNOSTIC
2026-10-08,8481528,REMOVE_MAX_RATE,8.719346049046322,8.128979813033464,-0.5903662360128585,5.345400407059444,4.755034171046585,3.3739456419868787,RETROSPECTIVE_HISTORY_DIAGNOSTIC
2026-10-08,8481528,WINSOR_TOP_SOG_TO_SECOND_MAX,8.719346049046322,8.719346049046322,0.0,5.345400407059444,5.345400407059444,3.3739456419868787,RETROSPECTIVE_HISTORY_DIAGNOSTIC
2026-10-08,8481533,REMOVE_MAX_SOG,4.276081355188859,3.2894736842105257,-0.9866076709783336,4.99430491090556,5.980912581883894,9.27038626609442,RETROSPECTIVE_HISTORY_DIAGNOSTIC
2026-10-08,8481533,REMOVE_MAX_RATE,4.276081355188859,3.2894736842105257,-0.9866076709783336,4.99430491090556,5.980912581883894,9.27038626609442,RETROSPECTIVE_HISTORY_DIAGNOSTIC
2026-10-08,8481533,WINSOR_TOP_SOG_TO_SECOND_MAX,4.276081355188859,4.276081355188859,0.0,4.99430491090556,4.99430491090556,9.27038626609442,RETROSPECTIVE_HISTORY_DIAGNOSTIC
2026-10-08,8481534,REMOVE_MAX_SOG,8.586525759577277,6.846709775580068,-1.7398159839972092,8.586525759577277,6.846709775580068,0.0,RETROSPECTIVE_HISTORY_DIAGNOSTIC
2026-10-08,8481534,REMOVE_MAX_RATE,8.586525759577277,6.846709775580068,-1.7398159839972092,8.586525759577277,6.846709775580068,0.0,RETROSPECTIVE_HISTORY_DIAGNOSTIC
2026-10-08,8481534,WINSOR_TOP_SOG_TO_SECOND_MAX,8.586525759577277,7.926023778071333,-0.6605019815059441,8.586525759577277,7.926023778071333,0.0,RETROSPECTIVE_HISTORY_DIAGNOSTIC
2026-10-08,8481535,REMOVE_MAX_SOG,5.158668125683914,4.603188134003922,-0.5554799916799924,0.4711681256839144,0.08431186599607798,4.6875,RETROSPECTIVE_HISTORY_DIAGNOSTIC
2026-10-08,8481535,REMOVE_MAX_RATE,5.158668125683914,4.603188134003922,-0.5554799916799924,0.4711681256839144,0.08431186599607798,4.6875,RETROSPECTIVE_HISTORY_DIAGNOSTIC
2026-10-08,8481535,WINSOR_TOP_SOG_TO_SECOND_MAX,5.158668125683914,5.158668125683914,0.0,0.4711681256839144,0.4711681256839144,4.6875,RETROSPECTIVE_HISTORY_DIAGNOSTIC
2026-10-08,8481540,REMOVE_MAX_SOG,11.762609160577439,9.389032521431487,-2.373576639145952,8.237390839422561,10.610967478568513,20.0,RETROSPECTIVE_HISTORY_DIAGNOSTIC
2026-10-08,8481540,REMOVE_MAX_RATE,11.762609160577439,9.389032521431487,-2.373576639145952,8.237390839422561,10.610967478568513,20.0,RETROSPECTIVE_HISTORY_DIAGNOSTIC
2026-10-08,8481540,WINSOR_TOP_SOG_TO_SECOND_MAX,11.762609160577439,9.980395651399038,-1.7822135091784013,8.237390839422561,10.019604348600962,20.0,RETROSPECTIVE_HISTORY_DIAGNOSTIC
2026-10-08,8481546,REMOVE_MAX_SOG,1.6058524400035685,1.1960530250174426,-0.40979941498612593,4.957502163460424,5.36730157844655,6.563354603463992,RETROSPECTIVE_HISTORY_DIAGNOSTIC
2026-10-08,8481546,REMOVE_MAX_RATE,1.6058524400035685,1.1960530250174426,-0.40979941498612593,4.957502163460424,5.36730157844655,6.563354603463992,RETROSPECTIVE_HISTORY_DIAGNOSTIC
2026-10-08,8481546,WINSOR_TOP_SOG_TO_SECOND_MAX,1.6058524400035685,1.3382103666696405,-0.267642073333928,4.957502163460424,5.2251442367943515,6.563354603463992,RETROSPECTIVE_HISTORY_DIAGNOSTIC
2026-10-08,8481553,REMOVE_MAX_SOG,5.583392984967789,4.860267314702308,-0.7231256702654809,0.5903277977278449,0.13279787253763597,4.993065187239944,RETROSPECTIVE_HISTORY_DIAGNOSTIC
2026-10-08,8481553,REMOVE_MAX_RATE,5.583392984967789,4.860267314702308,-0.7231256702654809,0.5903277977278449,0.13279787253763597,4.993065187239944,RETROSPECTIVE_HISTORY_DIAGNOSTIC
2026-10-08,8481553,WINSOR_TOP_SOG_TO_SECOND_MAX,5.583392984967789,5.153901216893344,-0.42949176807444545,0.5903277977278449,0.1608360296533995,4.993065187239944,RETROSPECTIVE_HISTORY_DIAGNOSTIC
2026-10-08,8481557,REMOVE_MAX_SOG,12.266722583350806,11.47227533460803,-0.7944472487427756,4.170770559362799,3.376323310620023,8.095952023988007,RETROSPECTIVE_HISTORY_DIAGNOSTIC
2026-10-08,8481557,REMOVE_MAX_RATE,12.266722583350806,11.313639220615963,-0.9530833627348425,4.170770559362799,3.2176871966279563,8.095952023988007,RETROSPECTIVE_HISTORY_DIAGNOSTIC
2026-10-08,8481557,WINSOR_TOP_SOG_TO_SECOND_MAX,12.266722583350806,11.952191235059761,-0.31453134829104457,4.170770559362799,3.8562392110717543,8.095952023988007,RETROSPECTIVE_HISTORY_DIAGNOSTIC
2026-10-08,8481568,REMOVE_MAX_SOG,3.5024565841319264,2.9055690072639226,-0.5968875768680038,0.1412681122243491,0.7381556890923529,3.6437246963562755,RETROSPECTIVE_HISTORY_DIAGNOSTIC
2026-10-08,8481568,REMOVE_MAX_RATE,3.5024565841319264,2.9055690072639226,-0.5968875768680038,0.1412681122243491,0.7381556890923529,3.6437246963562755,RETROSPECTIVE_HISTORY_DIAGNOSTIC
2026-10-08,8481568,WINSOR_TOP_SOG_TO_SECOND_MAX,3.5024565841319264,3.2105852021209325,-0.29187138201099394,0.1412681122243491,0.43313949423534304,3.6437246963562755,RETROSPECTIVE_HISTORY_DIAGNOSTIC
2026-10-08,8481580,REMOVE_MAX_SOG,5.217391304347826,3.7730575740637224,-1.4443337302841037,2.2206252245777938,3.6649589548618975,7.43801652892562,RETROSPECTIVE_HISTORY_DIAGNOSTIC
2026-10-08,8481580,REMOVE_MAX_RATE,5.217391304347826,3.7730575740637224,-1.4443337302841037,2.2206252245777938,3.6649589548618975,7.43801652892562,RETROSPECTIVE_HISTORY_DIAGNOSTIC
2026-10-08,8481580,WINSOR_TOP_SOG_TO_SECOND_MAX,5.217391304347826,4.099378881987578,-1.1180124223602483,2.2206252245777938,3.338637646938042,7.43801652892562,RETROSPECTIVE_HISTORY_DIAGNOSTIC
2026-10-08,8481581,REMOVE_MAX_SOG,4.884946651240519,4.273098471180325,-0.6118481800601936,4.884946651240519,4.273098471180325,0.0,RETROSPECTIVE_HISTORY_DIAGNOSTIC
2026-10-08,8481581,REMOVE_MAX_RATE,4.884946651240519,4.273098471180325,-0.6118481800601936,4.884946651240519,4.273098471180325,0.0,RETROSPECTIVE_HISTORY_DIAGNOSTIC
2026-10-08,8481581,WINSOR_TOP_SOG_TO_SECOND_MAX,4.884946651240519,4.627844195912071,-0.25710245532844755,4.884946651240519,4.627844195912071,0.0,RETROSPECTIVE_HISTORY_DIAGNOSTIC
2026-10-08,8481596,REMOVE_MAX_SOG,6.271134337534582,5.485232067510549,-0.7859022700240326,1.0156598849798364,0.22975761495580382,5.255474452554745,RETROSPECTIVE_HISTORY_DIAGNOSTIC
2026-10-08,8481596,REMOVE_MAX_RATE,6.271134337534582,5.485232067510549,-0.7859022700240326,1.0156598849798364,0.22975761495580382,5.255474452554745,RETROSPECTIVE_HISTORY_DIAGNOSTIC
2026-10-08,8481596,WINSOR_TOP_SOG_TO_SECOND_MAX,6.271134337534582,6.271134337534582,0.0,1.0156598849798364,1.0156598849798364,5.255474452554745,RETROSPECTIVE_HISTORY_DIAGNOSTIC
2026-10-08,8481598,REMOVE_MAX_SOG,4.881390768176758,4.501336334224224,-0.3800544339525347,0.0332849997413307,0.4133394336938654,4.914675767918089,RETROSPECTIVE_HISTORY_DIAGNOSTIC
2026-10-08,8481598,REMOVE_MAX_RATE,4.881390768176758,4.501336334224224,-0.3800544339525347,0.0332849997413307,0.4133394336938654,4.914675767918089,RETROSPECTIVE_HISTORY_DIAGNOSTIC
2026-10-08,8481598,WINSOR_TOP_SOG_TO_SECOND_MAX,4.881390768176758,4.881390768176758,0.0,0.0332849997413307,0.0332849997413307,4.914675767918089,RETROSPECTIVE_HISTORY_DIAGNOSTIC
2026-10-08,8481601,REMOVE_MAX_SOG,3.11616365629869,2.2946013130218623,-0.8215623432768275,3.11616365629869,2.2946013130218623,0.0,RETROSPECTIVE_HISTORY_DIAGNOSTIC
2026-10-08,8481601,REMOVE_MAX_RATE,3.11616365629869,2.2946013130218623,-0.8215623432768275,3.11616365629869,2.2946013130218623,0.0,RETROSPECTIVE_HISTORY_DIAGNOSTIC
2026-10-08,8481601,WINSOR_TOP_SOG_TO_SECOND_MAX,3.11616365629869,2.7699232500432798,-0.3462404062554101,3.11616365629869,2.7699232500432798,0.0,RETROSPECTIVE_HISTORY_DIAGNOSTIC
2026-10-08,8481606,REMOVE_MAX_SOG,4.4881065177280215,3.4496636577933653,-1.0384428599346562,4.4881065177280215,3.4496636577933653,0.0,RETROSPECTIVE_HISTORY_DIAGNOSTIC
2026-10-08,8481606,REMOVE_MAX_RATE,4.4881065177280215,3.4496636577933653,-1.0384428599346562,4.4881065177280215,3.4496636577933653,0.0,RETROSPECTIVE_HISTORY_DIAGNOSTIC
2026-10-08,8481606,WINSOR_TOP_SOG_TO_SECOND_MAX,4.4881065177280215,3.5904852141824173,-0.8976213035456042,4.4881065177280215,3.5904852141824173,0.0,RETROSPECTIVE_HISTORY_DIAGNOSTIC
2026-10-08,8481618,REMOVE_MAX_SOG,4.993065187239945,4.669987546699875,-0.3230776405400704,1.470560294872039,1.1474826543319687,3.522504892367906,RETROSPECTIVE_HISTORY_DIAGNOSTIC
2026-10-08,8481618,REMOVE_MAX_RATE,4.993065187239945,4.5987583352494825,-0.39430685199046245,1.470560294872039,1.0762534428815766,3.522504892367906,RETROSPECTIVE_HISTORY_DIAGNOSTIC
2026-10-08,8481618,WINSOR_TOP_SOG_TO_SECOND_MAX,4.993065187239945,4.993065187239945,0.0,1.470560294872039,1.470560294872039,3.522504892367906,RETROSPECTIVE_HISTORY_DIAGNOSTIC
2026-10-08,8481624,REMOVE_MAX_SOG,4.617456551016483,3.9107763615295474,-0.7066801894869355,3.31205886748572,4.018739056972656,7.929515418502203,RETROSPECTIVE_HISTORY_DIAGNOSTIC
2026-10-08,8481624,REMOVE_MAX_RATE,4.617456551016483,3.9107763615295474,-0.7066801894869355,3.31205886748572,4.018739056972656,7.929515418502203,RETROSPECTIVE_HISTORY_DIAGNOSTIC
2026-10-08,8481624,WINSOR_TOP_SOG_TO_SECOND_MAX,4.617456551016483,4.617456551016483,0.0,3.31205886748572,3.31205886748572,7.929515418502203,RETROSPECTIVE_HISTORY_DIAGNOSTIC
2026-10-08,8481711,REMOVE_MAX_SOG,3.90167772142021,3.4369182299871115,-0.4647594914330986,3.8569429682349607,4.321702459668059,7.758620689655171,RETROSPECTIVE_HISTORY_DIAGNOSTIC
2026-10-08,8481711,REMOVE_MAX_RATE,3.90167772142021,3.4369182299871115,-0.4647594914330986,3.8569429682349607,4.321702459668059,7.758620689655171,RETROSPECTIVE_HISTORY_DIAGNOSTIC
2026-10-08,8481711,WINSOR_TOP_SOG_TO_SECOND_MAX,3.90167772142021,3.90167772142021,0.0,3.8569429682349607,3.8569429682349607,7.758620689655171,RETROSPECTIVE_HISTORY_DIAGNOSTIC
2026-10-08,8481719,REMOVE_MAX_SOG,5.561310724606073,5.335704757670074,-0.22560596693599866,0.14391906937173982,0.3695250363077385,5.7052297939778125,RETROSPECTIVE_HISTORY_DIAGNOSTIC
2026-10-08,8481719,REMOVE_MAX_RATE,5.561310724606073,4.995836802664446,-0.5654739219416269,0.14391906937173982,0.7093929913133667,5.7052297939778125,RETROSPECTIVE_HISTORY_DIAGNOSTIC
2026-10-08,8481719,WINSOR_TOP_SOG_TO_SECOND_MAX,5.561310724606073,5.561310724606073,0.0,0.14391906937173982,0.14391906937173982,5.7052297939778125,RETROSPECTIVE_HISTORY_DIAGNOSTIC
2026-10-08,8481726,REMOVE_MAX_SOG,9.410710284561954,7.970244420828905,-1.4404658637330492,2.220953689589903,3.6614195533229523,11.631663974151857,RETROSPECTIVE_HISTORY_DIAGNOSTIC
2026-10-08,8481726,REMOVE_MAX_RATE,9.410710284561954,7.970244420828905,-1.4404658637330492,2.220953689589903,3.6614195533229523,11.631663974151857,RETROSPECTIVE_HISTORY_DIAGNOSTIC
2026-10-08,8481726,WINSOR_TOP_SOG_TO_SECOND_MAX,9.410710284561954,8.73851669280753,-0.6721935917544251,2.220953689589903,2.893147281344328,11.631663974151857,RETROSPECTIVE_HISTORY_DIAGNOSTIC
2026-10-08,8481806,REMOVE_MAX_SOG,5.353856449723941,4.43322455513823,-0.9206318945857115,5.353856449723941,4.43322455513823,0.0,RETROSPECTIVE_HISTORY_DIAGNOSTIC
2026-10-08,8481806,REMOVE_MAX_RATE,5.353856449723941,4.43322455513823,-0.9206318945857115,5.353856449723941,4.43322455513823,0.0,RETROSPECTIVE_HISTORY_DIAGNOSTIC
2026-10-08,8481806,WINSOR_TOP_SOG_TO_SECOND_MAX,5.353856449723941,5.353856449723941,0.0,5.353856449723941,5.353856449723941,0.0,RETROSPECTIVE_HISTORY_DIAGNOSTIC
2026-10-08,8482055,REMOVE_MAX_SOG,7.9556412729026045,7.629500736179896,-0.3261405367227086,7.9556412729026045,7.629500736179896,0.0,RETROSPECTIVE_HISTORY_DIAGNOSTIC
2026-10-08,8482055,REMOVE_MAX_RATE,7.9556412729026045,7.566204287515763,-0.38943698538684135,7.9556412729026045,7.566204287515763,0.0,RETROSPECTIVE_HISTORY_DIAGNOSTIC
2026-10-08,8482055,WINSOR_TOP_SOG_TO_SECOND_MAX,7.9556412729026045,7.9556412729026045,0.0,7.9556412729026045,7.9556412729026045,0.0,RETROSPECTIVE_HISTORY_DIAGNOSTIC
2026-10-08,8482062,REMOVE_MAX_SOG,3.2985156679494225,2.5612567232988988,-0.7372589446505238,4.755175607218364,5.492434551868888,8.053691275167786,RETROSPECTIVE_HISTORY_DIAGNOSTIC
2026-10-08,8482062,REMOVE_MAX_RATE,3.2985156679494225,2.5612567232988988,-0.7372589446505238,4.755175607218364,5.492434551868888,8.053691275167786,RETROSPECTIVE_HISTORY_DIAGNOSTIC
2026-10-08,8482062,WINSOR_TOP_SOG_TO_SECOND_MAX,3.2985156679494225,2.827299143956648,-0.4712165239927746,4.755175607218364,5.2263921312111385,8.053691275167786,RETROSPECTIVE_HISTORY_DIAGNOSTIC
2026-10-08,8482077,REMOVE_MAX_SOG,9.641135511515799,8.441399559579153,-1.1997359519366455,2.7643446805702396,1.5646087286335941,6.876790830945559,RETROSPECTIVE_HISTORY_DIAGNOSTIC
2026-10-08,8482077,REMOVE_MAX_RATE,9.641135511515799,8.441399559579153,-1.1997359519366455,2.7643446805702396,1.5646087286335941,6.876790830945559,RETROSPECTIVE_HISTORY_DIAGNOSTIC
2026-10-08,8482077,WINSOR_TOP_SOG_TO_SECOND_MAX,9.641135511515799,8.998393144081414,-0.6427423674343853,2.7643446805702396,2.1216023131358543,6.876790830945559,RETROSPECTIVE_HISTORY_DIAGNOSTIC
2026-10-08,8482079,REMOVE_MAX_SOG,5.148152385310605,4.136634283923536,-1.011518101387069,4.367266116892037,5.378784218279106,9.515418502202643,RETROSPECTIVE_HISTORY_DIAGNOSTIC
2026-10-08,8482079,REMOVE_MAX_RATE,5.148152385310605,4.136634283923536,-1.011518101387069,4.367266116892037,5.378784218279106,9.515418502202643,RETROSPECTIVE_HISTORY_DIAGNOSTIC
2026-10-08,8482079,WINSOR_TOP_SOG_TO_SECOND_MAX,5.148152385310605,4.804942226289898,-0.34321015902070684,4.367266116892037,4.710476275912744,9.515418502202643,RETROSPECTIVE_HISTORY_DIAGNOSTIC
2026-10-08,8482089,REMOVE_MAX_SOG,5.373381096720861,4.176011136029696,-1.197369960691165,2.698367782202906,3.895737742894071,8.071748878923767,RETROSPECTIVE_HISTORY_DIAGNOSTIC
2026-10-08,8482089,REMOVE_MAX_RATE,5.373381096720861,4.176011136029696,-1.197369960691165,2.698367782202906,3.895737742894071,8.071748878923767,RETROSPECTIVE_HISTORY_DIAGNOSTIC
2026-10-08,8482089,WINSOR_TOP_SOG_TO_SECOND_MAX,5.373381096720861,4.5467070818407285,-0.8266740148801324,2.698367782202906,3.5250417970830386,8.071748878923767,RETROSPECTIVE_HISTORY_DIAGNOSTIC
2026-10-08,8482092,REMOVE_MAX_SOG,7.030960897989392,6.055363321799308,-0.9755975761900837,2.5265612259044143,3.502158802094498,9.557522123893806,RETROSPECTIVE_HISTORY_DIAGNOSTIC
2026-10-08,8482092,REMOVE_MAX_RATE,7.030960897989392,6.055363321799308,-0.9755975761900837,2.5265612259044143,3.502158802094498,9.557522123893806,RETROSPECTIVE_HISTORY_DIAGNOSTIC
2026-10-08,8482092,WINSOR_TOP_SOG_TO_SECOND_MAX,7.030960897989392,6.290859750832613,-0.7401011471567784,2.5265612259044143,3.266662373061193,9.557522123893806,RETROSPECTIVE_HISTORY_DIAGNOSTIC
2026-10-08,8482094,REMOVE_MAX_SOG,2.483737433471319,1.592039800995025,-0.891697632476294,2.483737433471319,1.592039800995025,0.0,RETROSPECTIVE_HISTORY_DIAGNOSTIC
2026-10-08,8482094,REMOVE_MAX_RATE,2.483737433471319,1.592039800995025,-0.891697632476294,2.483737433471319,1.592039800995025,0.0,RETROSPECTIVE_HISTORY_DIAGNOSTIC
2026-10-08,8482094,WINSOR_TOP_SOG_TO_SECOND_MAX,2.483737433471319,2.1289178001182734,-0.35481963335304556,2.483737433471319,2.1289178001182734,0.0,RETROSPECTIVE_HISTORY_DIAGNOSTIC
2026-10-08,8482095,REMOVE_MAX_SOG,3.600458240139654,2.987675837171667,-0.6127824029679871,3.600458240139654,2.987675837171667,0.0,RETROSPECTIVE_HISTORY_DIAGNOSTIC
2026-10-08,8482095,REMOVE_MAX_RATE,3.600458240139654,2.987675837171667,-0.6127824029679871,3.600458240139654,2.987675837171667,0.0,RETROSPECTIVE_HISTORY_DIAGNOSTIC
2026-10-08,8482095,WINSOR_TOP_SOG_TO_SECOND_MAX,3.600458240139654,3.273143854672413,-0.3273143854672411,3.600458240139654,3.273143854672413,0.0,RETROSPECTIVE_HISTORY_DIAGNOSTIC
2026-10-08,8482097,REMOVE_MAX_SOG,9.780775716694773,9.069152286182138,-0.7116234305126348,6.450525947962118,5.738902517449484,3.330249768732655,RETROSPECTIVE_HISTORY_DIAGNOSTIC
2026-10-08,8482097,REMOVE_MAX_RATE,9.780775716694773,9.174311926605505,-0.6064637900892684,6.450525947962118,5.84406215787285,3.330249768732655,RETROSPECTIVE_HISTORY_DIAGNOSTIC
2026-10-08,8482097,WINSOR_TOP_SOG_TO_SECOND_MAX,9.780775716694773,9.780775716694773,0.0,6.450525947962118,6.450525947962118,3.330249768732655,RETROSPECTIVE_HISTORY_DIAGNOSTIC
2026-10-08,8482111,REMOVE_MAX_SOG,2.7554535017221586,2.3341762303053883,-0.4212772714167703,1.4998656472140115,1.9211429186307818,4.25531914893617,RETROSPECTIVE_HISTORY_DIAGNOSTIC
2026-10-08,8482111,REMOVE_MAX_RATE,2.7554535017221586,2.330398757120663,-0.42505474460149584,1.4998656472140115,1.9249203918155073,4.25531914893617,RETROSPECTIVE_HISTORY_DIAGNOSTIC
2026-10-08,8482111,WINSOR_TOP_SOG_TO_SECOND_MAX,2.7554535017221586,2.7554535017221586,0.0,1.4998656472140115,1.4998656472140115,4.25531914893617,RETROSPECTIVE_HISTORY_DIAGNOSTIC
2026-10-08,8482116,REMOVE_MAX_SOG,7.348063479103944,6.6982975160480045,-0.6497659630559394,7.348063479103944,6.6982975160480045,0.0,RETROSPECTIVE_HISTORY_DIAGNOSTIC
2026-10-08,8482116,REMOVE_MAX_RATE,7.348063479103944,6.6982975160480045,-0.6497659630559394,7.348063479103944,6.6982975160480045,0.0,RETROSPECTIVE_HISTORY_DIAGNOSTIC
2026-10-08,8482116,WINSOR_TOP_SOG_TO_SECOND_MAX,7.348063479103944,7.348063479103944,0.0,7.348063479103944,7.348063479103944,0.0,RETROSPECTIVE_HISTORY_DIAGNOSTIC
2026-10-08,8482142,REMOVE_MAX_SOG,3.712871287128713,2.880614531099968,-0.832256756028745,4.0290641967422545,4.861320952771,7.741935483870968,RETROSPECTIVE_HISTORY_DIAGNOSTIC
2026-10-08,8482142,REMOVE_MAX_RATE,3.712871287128713,2.880614531099968,-0.832256756028745,4.0290641967422545,4.861320952771,7.741935483870968,RETROSPECTIVE_HISTORY_DIAGNOSTIC
2026-10-08,8482142,WINSOR_TOP_SOG_TO_SECOND_MAX,3.712871287128713,3.712871287128713,0.0,4.0290641967422545,4.0290641967422545,7.741935483870968,RETROSPECTIVE_HISTORY_DIAGNOSTIC
2026-10-08,8482145,REMOVE_MAX_SOG,9.767092411720512,7.928228666805756,-1.8388637449147556,9.767092411720512,7.928228666805756,0.0,RETROSPECTIVE_HISTORY_DIAGNOSTIC
2026-10-08,8482145,REMOVE_MAX_RATE,9.767092411720512,7.928228666805756,-1.8388637449147556,9.767092411720512,7.928228666805756,0.0,RETROSPECTIVE_HISTORY_DIAGNOSTIC
2026-10-08,8482145,WINSOR_TOP_SOG_TO_SECOND_MAX,9.767092411720512,8.640120210368144,-1.126972201352368,9.767092411720512,8.640120210368144,0.0,RETROSPECTIVE_HISTORY_DIAGNOSTIC
2026-10-08,8482159,REMOVE_MAX_SOG,7.381311860426104,6.753799011944219,-0.627512848481885,3.4948210700874913,4.122333918569376,10.876132930513595,RETROSPECTIVE_HISTORY_DIAGNOSTIC
2026-10-08,8482159,REMOVE_MAX_RATE,7.381311860426104,6.72059738643435,-0.6607144739917539,3.4948210700874913,4.155535544079245,10.876132930513595,RETROSPECTIVE_HISTORY_DIAGNOSTIC
2026-10-08,8482159,WINSOR_TOP_SOG_TO_SECOND_MAX,7.381311860426104,7.381311860426104,0.0,3.4948210700874913,3.4948210700874913,10.876132930513595,RETROSPECTIVE_HISTORY_DIAGNOSTIC
2026-10-08,8482165,REMOVE_MAX_SOG,4.161331626120358,3.5733428622476326,-0.5879887638727253,2.204716119237732,2.7927048831104573,6.36604774535809,RETROSPECTIVE_HISTORY_DIAGNOSTIC
2026-10-08,8482165,REMOVE_MAX_RATE,4.161331626120358,3.5733428622476326,-0.5879887638727253,2.204716119237732,2.7927048831104573,6.36604774535809,RETROSPECTIVE_HISTORY_DIAGNOSTIC
2026-10-08,8482165,WINSOR_TOP_SOG_TO_SECOND_MAX,4.161331626120358,3.8412291933418685,-0.3201024327784894,2.204716119237732,2.5248185520162214,6.36604774535809,RETROSPECTIVE_HISTORY_DIAGNOSTIC
2026-10-08,8482175,REMOVE_MAX_SOG,7.189503325145289,6.129537560444052,-1.0599657647012366,7.189503325145289,6.129537560444052,0.0,RETROSPECTIVE_HISTORY_DIAGNOSTIC
2026-10-08,8482175,REMOVE_MAX_RATE,7.189503325145289,6.3207795628127466,-0.8687237623325421,7.189503325145289,6.3207795628127466,0.0,RETROSPECTIVE_HISTORY_DIAGNOSTIC
2026-10-08,8482175,WINSOR_TOP_SOG_TO_SECOND_MAX,7.189503325145289,6.830028158888023,-0.3594751662572655,7.189503325145289,6.830028158888023,0.0,RETROSPECTIVE_HISTORY_DIAGNOSTIC
2026-10-08,8482176,REMOVE_MAX_SOG,2.5870742107028213,2.20125786163522,-0.3858163490676012,2.5870742107028213,2.20125786163522,0.0,RETROSPECTIVE_HISTORY_DIAGNOSTIC
2026-10-08,8482176,REMOVE_MAX_RATE,2.5870742107028213,2.20125786163522,-0.3858163490676012,2.5870742107028213,2.20125786163522,0.0,RETROSPECTIVE_HISTORY_DIAGNOSTIC
2026-10-08,8482176,WINSOR_TOP_SOG_TO_SECOND_MAX,2.5870742107028213,2.5870742107028213,0.0,2.5870742107028213,2.5870742107028213,0.0,RETROSPECTIVE_HISTORY_DIAGNOSTIC
2026-10-08,8482177,REMOVE_MAX_SOG,2.466767164588187,0.939996866677111,-1.526770297911076,1.4335578624974032,2.960328160408479,3.9003250270855903,RETROSPECTIVE_HISTORY_DIAGNOSTIC
2026-10-08,8482177,REMOVE_MAX_RATE,2.466767164588187,0.939996866677111,-1.526770297911076,1.4335578624974032,2.960328160408479,3.9003250270855903,RETROSPECTIVE_HISTORY_DIAGNOSTIC
2026-10-08,8482177,WINSOR_TOP_SOG_TO_SECOND_MAX,2.466767164588187,1.2333835822940935,-1.2333835822940935,1.4335578624974032,2.6669414447914965,3.9003250270855903,RETROSPECTIVE_HISTORY_DIAGNOSTIC
2026-10-08,8482201,REMOVE_MAX_SOG,4.209183673469388,3.8406827880512084,-0.3685008854181797,4.209183673469388,3.8406827880512084,0.0,RETROSPECTIVE_HISTORY_DIAGNOSTIC
2026-10-08,8482201,REMOVE_MAX_RATE,4.209183673469388,3.8406827880512084,-0.3685008854181797,4.209183673469388,3.8406827880512084,0.0,RETROSPECTIVE_HISTORY_DIAGNOSTIC
2026-10-08,8482201,WINSOR_TOP_SOG_TO_SECOND_MAX,4.209183673469388,4.209183673469388,0.0,4.209183673469388,4.209183673469388,0.0,RETROSPECTIVE_HISTORY_DIAGNOSTIC
2026-10-08,8482476,REMOVE_MAX_SOG,4.749653671086483,3.579151442845425,-1.1705022282410575,1.1460500674828786,0.02445216075817891,3.603603603603604,RETROSPECTIVE_HISTORY_DIAGNOSTIC
2026-10-08,8482476,REMOVE_MAX_RATE,4.749653671086483,3.579151442845425,-1.1705022282410575,1.1460500674828786,0.02445216075817891,3.603603603603604,RETROSPECTIVE_HISTORY_DIAGNOSTIC
2026-10-08,8482476,WINSOR_TOP_SOG_TO_SECOND_MAX,4.749653671086483,4.353849198495943,-0.3958044725905401,1.1460500674828786,0.7502455948923386,3.603603603603604,RETROSPECTIVE_HISTORY_DIAGNOSTIC
2026-10-08,8482482,REMOVE_MAX_SOG,3.569091666170959,2.8828334134120395,-0.6862582527589196,3.569091666170959,2.8828334134120395,0.0,RETROSPECTIVE_HISTORY_DIAGNOSTIC
2026-10-08,8482482,REMOVE_MAX_RATE,3.569091666170959,2.8828334134120395,-0.6862582527589196,3.569091666170959,2.8828334134120395,0.0,RETROSPECTIVE_HISTORY_DIAGNOSTIC
2026-10-08,8482482,WINSOR_TOP_SOG_TO_SECOND_MAX,3.569091666170959,3.2121824995538635,-0.3569091666170956,3.569091666170959,3.2121824995538635,0.0,RETROSPECTIVE_HISTORY_DIAGNOSTIC
2026-10-08,8482511,REMOVE_MAX_SOG,2.1888680425265794,1.755823481212689,-0.43304456131389046,5.4463387443238975,5.879383305637788,7.6352067868504765,RETROSPECTIVE_HISTORY_DIAGNOSTIC
2026-10-08,8482511,REMOVE_MAX_RATE,2.1888680425265794,1.755823481212689,-0.43304456131389046,5.4463387443238975,5.879383305637788,7.6352067868504765,RETROSPECTIVE_HISTORY_DIAGNOSTIC
2026-10-08,8482511,WINSOR_TOP_SOG_TO_SECOND_MAX,2.1888680425265794,1.8761726078799248,-0.3126954346466546,5.4463387443238975,5.759034178970552,7.6352067868504765,RETROSPECTIVE_HISTORY_DIAGNOSTIC
2026-10-08,8482655,REMOVE_MAX_SOG,3.11284046692607,2.3904382470119523,-0.7224022199141178,3.11284046692607,2.3904382470119523,0.0,RETROSPECTIVE_HISTORY_DIAGNOSTIC
2026-10-08,8482655,REMOVE_MAX_RATE,3.11284046692607,2.3904382470119523,-0.7224022199141178,3.11284046692607,2.3904382470119523,0.0,RETROSPECTIVE_HISTORY_DIAGNOSTIC
2026-10-08,8482655,WINSOR_TOP_SOG_TO_SECOND_MAX,3.11284046692607,3.11284046692607,0.0,3.11284046692607,3.11284046692607,0.0,RETROSPECTIVE_HISTORY_DIAGNOSTIC
2026-10-08,8482659,REMOVE_MAX_SOG,5.116096025186935,3.919860627177701,-1.1962353980092342,1.4649804065256773,0.2687450085164431,3.6511156186612577,RETROSPECTIVE_HISTORY_DIAGNOSTIC
2026-10-08,8482659,REMOVE_MAX_RATE,5.116096025186935,3.919860627177701,-1.1962353980092342,1.4649804065256773,0.2687450085164431,3.6511156186612577,RETROSPECTIVE_HISTORY_DIAGNOSTIC
2026-10-08,8482659,WINSOR_TOP_SOG_TO_SECOND_MAX,5.116096025186935,4.722550177095632,-0.39354584809130255,1.4649804065256773,1.0714345584343747,3.6511156186612577,RETROSPECTIVE_HISTORY_DIAGNOSTIC
2026-10-08,8482667,REMOVE_MAX_SOG,7.812500000000001,7.033997655334115,-0.7785023446658856,7.812500000000001,7.033997655334115,0.0,RETROSPECTIVE_HISTORY_DIAGNOSTIC
2026-10-08,8482667,REMOVE_MAX_RATE,7.812500000000001,7.033997655334115,-0.7785023446658856,7.812500000000001,7.033997655334115,0.0,RETROSPECTIVE_HISTORY_DIAGNOSTIC
2026-10-08,8482667,WINSOR_TOP_SOG_TO_SECOND_MAX,7.812500000000001,7.812500000000001,0.0,7.812500000000001,7.812500000000001,0.0,RETROSPECTIVE_HISTORY_DIAGNOSTIC
2026-10-08,8482671,REMOVE_MAX_SOG,2.853560465216827,2.6703590149342302,-0.18320145028259693,1.8739510252624902,2.057152475545087,4.727511490479317,RETROSPECTIVE_HISTORY_DIAGNOSTIC
2026-10-08,8482671,REMOVE_MAX_RATE,2.853560465216827,2.5533122133434203,-0.30024825187340687,1.8739510252624902,2.174199277135897,4.727511490479317,RETROSPECTIVE_HISTORY_DIAGNOSTIC
2026-10-08,8482671,WINSOR_TOP_SOG_TO_SECOND_MAX,2.853560465216827,2.853560465216827,0.0,1.8739510252624902,1.8739510252624902,4.727511490479317,RETROSPECTIVE_HISTORY_DIAGNOSTIC
2026-10-08,8482679,REMOVE_MAX_SOG,8.80798590722255,8.093343225197275,-0.7146426820252749,8.80798590722255,8.093343225197275,0.0,RETROSPECTIVE_HISTORY_DIAGNOSTIC
2026-10-08,8482679,REMOVE_MAX_RATE,8.80798590722255,7.944389275074478,-0.8635966321480719,8.80798590722255,7.944389275074478,0.0,RETROSPECTIVE_HISTORY_DIAGNOSTIC
2026-10-08,8482679,WINSOR_TOP_SOG_TO_SECOND_MAX,8.80798590722255,8.80798590722255,0.0,8.80798590722255,8.80798590722255,0.0,RETROSPECTIVE_HISTORY_DIAGNOSTIC
2026-10-08,8482691,REMOVE_MAX_SOG,6.7972163780547,5.7854137447405325,-1.0118026333141676,6.7972163780547,5.7854137447405325,0.0,RETROSPECTIVE_HISTORY_DIAGNOSTIC
2026-10-08,8482691,REMOVE_MAX_RATE,6.7972163780547,5.7854137447405325,-1.0118026333141676,6.7972163780547,5.7854137447405325,0.0,RETROSPECTIVE_HISTORY_DIAGNOSTIC
2026-10-08,8482691,WINSOR_TOP_SOG_TO_SECOND_MAX,6.7972163780547,6.7972163780547,0.0,6.7972163780547,6.7972163780547,0.0,RETROSPECTIVE_HISTORY_DIAGNOSTIC
2026-10-08,8482699,REMOVE_MAX_SOG,11.571185479296652,10.747185261003068,-0.8240002182935839,11.571185479296652,10.747185261003068,0.0,RETROSPECTIVE_HISTORY_DIAGNOSTIC
2026-10-08,8482699,REMOVE_MAX_RATE,11.571185479296652,10.757341576506954,-0.8138439027896975,11.571185479296652,10.757341576506954,0.0,RETROSPECTIVE_HISTORY_DIAGNOSTIC
2026-10-08,8482699,WINSOR_TOP_SOG_TO_SECOND_MAX,11.571185479296652,11.230856494611457,-0.3403289846851951,11.571185479296652,11.230856494611457,0.0,RETROSPECTIVE_HISTORY_DIAGNOSTIC
2026-10-08,8482702,REMOVE_MAX_SOG,10.3429169488395,7.757187711629625,-2.5857292372098755,9.480871597416007,12.066600834625882,19.823788546255507,RETROSPECTIVE_HISTORY_DIAGNOSTIC
2026-10-08,8482702,REMOVE_MAX_RATE,10.3429169488395,9.913258983890955,-0.4296579649485448,9.480871597416007,9.910529562364552,19.823788546255507,RETROSPECTIVE_HISTORY_DIAGNOSTIC
2026-10-08,8482702,WINSOR_TOP_SOG_TO_SECOND_MAX,10.3429169488395,9.234747275749553,-1.1081696730899466,9.480871597416007,10.589041270505954,19.823788546255507,RETROSPECTIVE_HISTORY_DIAGNOSTIC
2026-10-08,8482737,REMOVE_MAX_SOG,6.040424378533261,5.2169376575949915,-0.8234867209382699,1.5305535394478103,2.35404026038608,7.570977917981072,RETROSPECTIVE_HISTORY_DIAGNOSTIC
2026-10-08,8482737,REMOVE_MAX_RATE,6.040424378533261,5.2169376575949915,-0.8234867209382699,1.5305535394478103,2.35404026038608,7.570977917981072,RETROSPECTIVE_HISTORY_DIAGNOSTIC
2026-10-08,8482737,WINSOR_TOP_SOG_TO_SECOND_MAX,6.040424378533261,6.040424378533261,0.0,1.5305535394478103,1.5305535394478103,7.570977917981072,RETROSPECTIVE_HISTORY_DIAGNOSTIC
2026-10-08,8482740,REMOVE_MAX_SOG,9.156577474819413,8.50918992511913,-0.6473875497002819,5.556577474819413,4.909189925119131,3.5999999999999996,RETROSPECTIVE_HISTORY_DIAGNOSTIC
2026-10-08,8482740,REMOVE_MAX_RATE,9.156577474819413,8.50918992511913,-0.6473875497002819,5.556577474819413,4.909189925119131,3.5999999999999996,RETROSPECTIVE_HISTORY_DIAGNOSTIC
2026-10-08,8482740,WINSOR_TOP_SOG_TO_SECOND_MAX,9.156577474819413,9.156577474819413,0.0,5.556577474819413,5.556577474819413,3.5999999999999996,RETROSPECTIVE_HISTORY_DIAGNOSTIC
2026-10-08,8482742,REMOVE_MAX_SOG,9.46514423076923,8.149405772495754,-1.3157384582734757,1.5104655253283301,2.826203983601806,10.97560975609756,RETROSPECTIVE_HISTORY_DIAGNOSTIC
2026-10-08,8482742,REMOVE_MAX_RATE,9.46514423076923,8.657314629258515,-0.8078296015107149,1.5104655253283301,2.318295126839045,10.97560975609756,RETROSPECTIVE_HISTORY_DIAGNOSTIC
2026-10-08,8482742,WINSOR_TOP_SOG_TO_SECOND_MAX,9.46514423076923,9.014423076923077,-0.4507211538461533,1.5104655253283301,1.9611866791744834,10.97560975609756,RETROSPECTIVE_HISTORY_DIAGNOSTIC
2026-10-08,8482745,REMOVE_MAX_SOG,10.91203017647851,10.08711600183402,-0.8249141746444906,9.801433574959926,10.626347749604417,20.713463751438436,RETROSPECTIVE_HISTORY_DIAGNOSTIC
2026-10-08,8482745,REMOVE_MAX_RATE,10.91203017647851,10.08711600183402,-0.8249141746444906,9.801433574959926,10.626347749604417,20.713463751438436,RETROSPECTIVE_HISTORY_DIAGNOSTIC
2026-10-08,8482745,WINSOR_TOP_SOG_TO_SECOND_MAX,10.91203017647851,10.10373164488751,-0.8082985315909994,9.801433574959926,10.609732106550926,20.713463751438436,RETROSPECTIVE_HISTORY_DIAGNOSTIC
2026-10-08,8482768,REMOVE_MAX_SOG,6.486019025655809,5.828543673601555,-0.657475352054254,6.486019025655809,5.828543673601555,0.0,RETROSPECTIVE_HISTORY_DIAGNOSTIC
2026-10-08,8482768,REMOVE_MAX_RATE,6.486019025655809,5.828543673601555,-0.657475352054254,6.486019025655809,5.828543673601555,0.0,RETROSPECTIVE_HISTORY_DIAGNOSTIC
2026-10-08,8482768,WINSOR_TOP_SOG_TO_SECOND_MAX,6.486019025655809,6.053617757278755,-0.4324012683770535,6.486019025655809,6.053617757278755,0.0,RETROSPECTIVE_HISTORY_DIAGNOSTIC
2026-10-08,8482803,REMOVE_MAX_SOG,3.949678174370977,2.4370430544272947,-1.512635119943682,3.949678174370977,2.4370430544272947,0.0,RETROSPECTIVE_HISTORY_DIAGNOSTIC
2026-10-08,8482803,REMOVE_MAX_RATE,3.949678174370977,2.4370430544272947,-1.512635119943682,3.949678174370977,2.4370430544272947,0.0,RETROSPECTIVE_HISTORY_DIAGNOSTIC
2026-10-08,8482803,WINSOR_TOP_SOG_TO_SECOND_MAX,3.949678174370977,2.633118782913985,-1.316559391456992,3.949678174370977,2.633118782913985,0.0,RETROSPECTIVE_HISTORY_DIAGNOSTIC
2026-10-08,8482806,REMOVE_MAX_SOG,3.0257186081694396,2.066827419910437,-0.9588911882590025,3.0257186081694396,2.066827419910437,0.0,RETROSPECTIVE_HISTORY_DIAGNOSTIC
2026-10-08,8482806,REMOVE_MAX_RATE,3.0257186081694396,2.066827419910437,-0.9588911882590025,3.0257186081694396,2.066827419910437,0.0,RETROSPECTIVE_HISTORY_DIAGNOSTIC
2026-10-08,8482806,WINSOR_TOP_SOG_TO_SECOND_MAX,3.0257186081694396,3.0257186081694396,0.0,3.0257186081694396,3.0257186081694396,0.0,RETROSPECTIVE_HISTORY_DIAGNOSTIC
2026-10-08,8482809,REMOVE_MAX_SOG,8.544362578168535,7.6747004173959885,-0.8696621607725463,10.789686831068842,11.659348991841387,19.334049409237377,RETROSPECTIVE_HISTORY_DIAGNOSTIC
2026-10-08,8482809,REMOVE_MAX_RATE,8.544362578168535,7.6747004173959885,-0.8696621607725463,10.789686831068842,11.659348991841387,19.334049409237377,RETROSPECTIVE_HISTORY_DIAGNOSTIC
2026-10-08,8482809,WINSOR_TOP_SOG_TO_SECOND_MAX,8.544362578168535,8.172868553030773,-0.3714940251377623,10.789686831068842,11.161180856206604,19.334049409237377,RETROSPECTIVE_HISTORY_DIAGNOSTIC
2026-10-08,8482859,REMOVE_MAX_SOG,4.574332909783989,3.3388981636060104,-1.2354347461779782,0.22566709021601117,1.4611018363939894,4.8,RETROSPECTIVE_HISTORY_DIAGNOSTIC
2026-10-08,8482859,REMOVE_MAX_RATE,4.574332909783989,3.3388981636060104,-1.2354347461779782,0.22566709021601117,1.4611018363939894,4.8,RETROSPECTIVE_HISTORY_DIAGNOSTIC
2026-10-08,8482859,WINSOR_TOP_SOG_TO_SECOND_MAX,4.574332909783989,4.574332909783989,0.0,0.22566709021601117,0.22566709021601117,4.8,RETROSPECTIVE_HISTORY_DIAGNOSTIC
2026-10-08,8482964,REMOVE_MAX_SOG,4.391422088853107,3.56839422259983,-0.8230278662532764,5.622486116988341,6.445513983241618,10.013908205841448,RETROSPECTIVE_HISTORY_DIAGNOSTIC
2026-10-08,8482964,REMOVE_MAX_RATE,4.391422088853107,3.56839422259983,-0.8230278662532764,5.622486116988341,6.445513983241618,10.013908205841448,RETROSPECTIVE_HISTORY_DIAGNOSTIC
2026-10-08,8482964,WINSOR_TOP_SOG_TO_SECOND_MAX,4.391422088853107,3.9522798799677963,-0.4391422088853103,5.622486116988341,6.061628325873651,10.013908205841448,RETROSPECTIVE_HISTORY_DIAGNOSTIC
2026-10-08,8483017,REMOVE_MAX_SOG,4.6875,3.3731553056921997,-1.3143446943078003,1.7296122994652405,3.043956993773041,6.4171122994652405,RETROSPECTIVE_HISTORY_DIAGNOSTIC
2026-10-08,8483017,REMOVE_MAX_RATE,4.6875,3.3731553056921997,-1.3143446943078003,1.7296122994652405,3.043956993773041,6.4171122994652405,RETROSPECTIVE_HISTORY_DIAGNOSTIC
2026-10-08,8483017,WINSOR_TOP_SOG_TO_SECOND_MAX,4.6875,4.017857142857142,-0.6696428571428577,1.7296122994652405,2.399255156608098,6.4171122994652405,RETROSPECTIVE_HISTORY_DIAGNOSTIC
2026-10-08,8483395,REMOVE_MAX_SOG,5.218216318785578,4.465116279069768,-0.7531000397158101,5.218216318785578,4.465116279069768,0.0,RETROSPECTIVE_HISTORY_DIAGNOSTIC
2026-10-08,8483395,REMOVE_MAX_RATE,5.218216318785578,4.633204633204633,-0.5850116855809455,5.218216318785578,4.633204633204633,0.0,RETROSPECTIVE_HISTORY_DIAGNOSTIC
2026-10-08,8483395,WINSOR_TOP_SOG_TO_SECOND_MAX,5.218216318785578,4.743833017077798,-0.4743833017077801,5.218216318785578,4.743833017077798,0.0,RETROSPECTIVE_HISTORY_DIAGNOSTIC
2026-10-08,8483425,REMOVE_MAX_SOG,0.6957328385899815,0.3951007506914263,-0.30063208789855517,0.6957328385899815,0.3951007506914263,0.0,RETROSPECTIVE_HISTORY_DIAGNOSTIC
2026-10-08,8483425,REMOVE_MAX_RATE,0.6957328385899815,0.3945810864132579,-0.3011517521767236,0.6957328385899815,0.3945810864132579,0.0,RETROSPECTIVE_HISTORY_DIAGNOSTIC
2026-10-08,8483425,WINSOR_TOP_SOG_TO_SECOND_MAX,0.6957328385899815,0.6957328385899815,0.0,0.6957328385899815,0.6957328385899815,0.0,RETROSPECTIVE_HISTORY_DIAGNOSTIC
2026-10-08,8483431,REMOVE_MAX_SOG,5.2111605688850275,4.010938924339107,-1.2002216445459206,5.2111605688850275,4.010938924339107,0.0,RETROSPECTIVE_HISTORY_DIAGNOSTIC
2026-10-08,8483431,REMOVE_MAX_RATE,5.2111605688850275,4.010938924339107,-1.2002216445459206,5.2111605688850275,4.010938924339107,0.0,RETROSPECTIVE_HISTORY_DIAGNOSTIC
2026-10-08,8483431,WINSOR_TOP_SOG_TO_SECOND_MAX,5.2111605688850275,4.5597654977744,-0.6513950711106276,5.2111605688850275,4.5597654977744,0.0,RETROSPECTIVE_HISTORY_DIAGNOSTIC
2026-10-08,8483447,REMOVE_MAX_SOG,6.855575868372943,6.203687747716698,-0.6518881206562455,10.287281274484199,10.939169395140445,17.142857142857142,RETROSPECTIVE_HISTORY_DIAGNOSTIC
2026-10-08,8483447,REMOVE_MAX_RATE,6.855575868372943,6.387683236426173,-0.46789263194677044,10.287281274484199,10.755173906430969,17.142857142857142,RETROSPECTIVE_HISTORY_DIAGNOSTIC
2026-10-08,8483447,WINSOR_TOP_SOG_TO_SECOND_MAX,6.855575868372943,6.855575868372943,0.0,10.287281274484199,10.287281274484199,17.142857142857142,RETROSPECTIVE_HISTORY_DIAGNOSTIC
2026-10-08,8483450,REMOVE_MAX_SOG,4.205964822839664,2.966311180168091,-1.239653642671573,3.8930228037070185,5.132676446378591,8.098987626546682,RETROSPECTIVE_HISTORY_DIAGNOSTIC
2026-10-08,8483450,REMOVE_MAX_RATE,4.205964822839664,2.966311180168091,-1.239653642671573,3.8930228037070185,5.132676446378591,8.098987626546682,RETROSPECTIVE_HISTORY_DIAGNOSTIC
2026-10-08,8483450,WINSOR_TOP_SOG_TO_SECOND_MAX,4.205964822839664,3.4412439459597244,-0.7647208768799394,3.8930228037070185,4.657743680586957,8.098987626546682,RETROSPECTIVE_HISTORY_DIAGNOSTIC
2026-10-08,8483457,REMOVE_MAX_SOG,2.2678593927176514,1.722405626525047,-0.5454537661926044,7.442187808900691,7.987641575093296,9.710047201618343,RETROSPECTIVE_HISTORY_DIAGNOSTIC
2026-10-08,8483457,REMOVE_MAX_RATE,2.2678593927176514,1.722405626525047,-0.5454537661926044,7.442187808900691,7.987641575093296,9.710047201618343,RETROSPECTIVE_HISTORY_DIAGNOSTIC
2026-10-08,8483457,WINSOR_TOP_SOG_TO_SECOND_MAX,2.2678593927176514,2.0158750157490237,-0.25198437696862763,7.442187808900691,7.694172185869319,9.710047201618343,RETROSPECTIVE_HISTORY_DIAGNOSTIC
2026-10-08,8483460,REMOVE_MAX_SOG,4.059539918809202,3.1574199368516007,-0.9021199819576013,2.456297185263195,3.3584171672207965,6.515837104072397,RETROSPECTIVE_HISTORY_DIAGNOSTIC
2026-10-08,8483460,REMOVE_MAX_RATE,4.059539918809202,3.48866184899078,-0.5708780698184222,2.456297185263195,3.0271752550816173,6.515837104072397,RETROSPECTIVE_HISTORY_DIAGNOSTIC
2026-10-08,8483460,WINSOR_TOP_SOG_TO_SECOND_MAX,4.059539918809202,4.059539918809202,0.0,2.456297185263195,2.456297185263195,6.515837104072397,RETROSPECTIVE_HISTORY_DIAGNOSTIC
2026-10-08,8483468,REMOVE_MAX_SOG,5.018470760437722,4.361169439508965,-0.6573013209287577,5.018470760437722,4.361169439508965,0.0,RETROSPECTIVE_HISTORY_DIAGNOSTIC
2026-10-08,8483468,REMOVE_MAX_RATE,5.018470760437722,4.361169439508965,-0.6573013209287577,5.018470760437722,4.361169439508965,0.0,RETROSPECTIVE_HISTORY_DIAGNOSTIC
2026-10-08,8483468,WINSOR_TOP_SOG_TO_SECOND_MAX,5.018470760437722,4.600264863734578,-0.4182058967031441,5.018470760437722,4.600264863734578,0.0,RETROSPECTIVE_HISTORY_DIAGNOSTIC
2026-10-08,8483476,REMOVE_MAX_SOG,4.7911842210332996,4.264392324093817,-0.5267918969394829,5.593431163582087,6.12022306052157,10.384615384615387,RETROSPECTIVE_HISTORY_DIAGNOSTIC
2026-10-08,8483476,REMOVE_MAX_RATE,4.7911842210332996,4.242906390877751,-0.5482778301555484,5.593431163582087,6.141708993737636,10.384615384615387,RETROSPECTIVE_HISTORY_DIAGNOSTIC
2026-10-08,8483476,WINSOR_TOP_SOG_TO_SECOND_MAX,4.7911842210332996,4.7911842210332996,0.0,5.593431163582087,5.593431163582087,10.384615384615387,RETROSPECTIVE_HISTORY_DIAGNOSTIC
2026-10-08,8483489,REMOVE_MAX_SOG,5.780694887697959,5.145118733509235,-0.6355761541887244,9.837526370436532,10.473102524625254,15.61822125813449,RETROSPECTIVE_HISTORY_DIAGNOSTIC
2026-10-08,8483489,REMOVE_MAX_RATE,5.780694887697959,5.145118733509235,-0.6355761541887244,9.837526370436532,10.473102524625254,15.61822125813449,RETROSPECTIVE_HISTORY_DIAGNOSTIC
2026-10-08,8483489,WINSOR_TOP_SOG_TO_SECOND_MAX,5.780694887697959,5.780694887697959,0.0,9.837526370436532,9.837526370436532,15.61822125813449,RETROSPECTIVE_HISTORY_DIAGNOSTIC
2026-10-08,8483493,REMOVE_MAX_SOG,3.8374324088609804,3.149193019288808,-0.6882393895721726,0.7205492919778633,0.03230990240569076,3.116883116883117,RETROSPECTIVE_HISTORY_DIAGNOSTIC
2026-10-08,8483493,REMOVE_MAX_RATE,3.8374324088609804,3.1174904202117295,-0.7199419886492509,0.7205492919778633,0.000607303328612474,3.116883116883117,RETROSPECTIVE_HISTORY_DIAGNOSTIC
2026-10-08,8483493,WINSOR_TOP_SOG_TO_SECOND_MAX,3.8374324088609804,3.8374324088609804,0.0,0.7205492919778633,0.7205492919778633,3.116883116883117,RETROSPECTIVE_HISTORY_DIAGNOSTIC
2026-10-08,8483495,REMOVE_MAX_SOG,4.764796561872285,4.046272760284276,-0.7185238015880095,1.7895899503020374,1.0710661487140278,2.975206611570248,RETROSPECTIVE_HISTORY_DIAGNOSTIC
2026-10-08,8483495,REMOVE_MAX_RATE,4.764796561872285,4.044174832788926,-0.7206217290833594,1.7895899503020374,1.068968221218678,2.975206611570248,RETROSPECTIVE_HISTORY_DIAGNOSTIC
2026-10-08,8483495,WINSOR_TOP_SOG_TO_SECOND_MAX,4.764796561872285,4.764796561872285,0.0,1.7895899503020374,1.7895899503020374,2.975206611570248,RETROSPECTIVE_HISTORY_DIAGNOSTIC
2026-10-08,8483499,REMOVE_MAX_SOG,3.4409588805413773,2.674307545367717,-0.7666513351736604,1.121778762044174,1.8884300972178343,4.562737642585551,RETROSPECTIVE_HISTORY_DIAGNOSTIC
2026-10-08,8483499,REMOVE_MAX_RATE,3.4409588805413773,2.674307545367717,-0.7666513351736604,1.121778762044174,1.8884300972178343,4.562737642585551,RETROSPECTIVE_HISTORY_DIAGNOSTIC
2026-10-08,8483499,WINSOR_TOP_SOG_TO_SECOND_MAX,3.4409588805413773,3.0968629924872397,-0.3440958880541376,1.121778762044174,1.4658746500983115,4.562737642585551,RETROSPECTIVE_HISTORY_DIAGNOSTIC
2026-10-08,8483500,REMOVE_MAX_SOG,5.330174711282202,4.732172198488334,-0.5980025127938688,1.6942155326202366,2.2922180454141055,7.024390243902439,RETROSPECTIVE_HISTORY_DIAGNOSTIC
2026-10-08,8483500,REMOVE_MAX_RATE,5.330174711282202,4.732172198488334,-0.5980025127938688,1.6942155326202366,2.2922180454141055,7.024390243902439,RETROSPECTIVE_HISTORY_DIAGNOSTIC
2026-10-08,8483500,WINSOR_TOP_SOG_TO_SECOND_MAX,5.330174711282202,4.974829730530056,-0.3553449807521467,1.6942155326202366,2.0495605133723833,7.024390243902439,RETROSPECTIVE_HISTORY_DIAGNOSTIC
2026-10-08,8483505,REMOVE_MAX_SOG,7.097232079488999,5.202011444425177,-1.895220635063822,5.085509037262269,6.980729672326091,12.182741116751268,RETROSPECTIVE_HISTORY_DIAGNOSTIC
2026-10-08,8483505,REMOVE_MAX_RATE,7.097232079488999,5.202011444425177,-1.895220635063822,5.085509037262269,6.980729672326091,12.182741116751268,RETROSPECTIVE_HISTORY_DIAGNOSTIC
2026-10-08,8483505,WINSOR_TOP_SOG_TO_SECOND_MAX,7.097232079488999,6.624083274189733,-0.4731488052992665,5.085509037262269,5.558657842561535,12.182741116751268,RETROSPECTIVE_HISTORY_DIAGNOSTIC
2026-10-08,8483506,REMOVE_MAX_SOG,5.169906833970598,4.267678264477507,-0.9022285694930909,1.8519344837401825,0.9497059142470916,3.317972350230415,RETROSPECTIVE_HISTORY_DIAGNOSTIC
2026-10-08,8483506,REMOVE_MAX_RATE,5.169906833970598,4.267678264477507,-0.9022285694930909,1.8519344837401825,0.9497059142470916,3.317972350230415,RETROSPECTIVE_HISTORY_DIAGNOSTIC
2026-10-08,8483506,WINSOR_TOP_SOG_TO_SECOND_MAX,5.169906833970598,4.5236684797242726,-0.646238354246325,1.8519344837401825,1.2056961294938575,3.317972350230415,RETROSPECTIVE_HISTORY_DIAGNOSTIC
2026-10-08,8483513,REMOVE_MAX_SOG,4.989604989604989,4.171494785631518,-0.8181102039734709,7.510395010395011,8.328505214368482,12.5,RETROSPECTIVE_HISTORY_DIAGNOSTIC
2026-10-08,8483513,REMOVE_MAX_RATE,4.989604989604989,4.171494785631518,-0.8181102039734709,7.510395010395011,8.328505214368482,12.5,RETROSPECTIVE_HISTORY_DIAGNOSTIC
2026-10-08,8483513,WINSOR_TOP_SOG_TO_SECOND_MAX,4.989604989604989,4.365904365904366,-0.6237006237006231,7.510395010395011,8.134095634095633,12.5,RETROSPECTIVE_HISTORY_DIAGNOSTIC
2026-10-08,8483515,REMOVE_MAX_SOG,7.7278847842632175,7.098724858682793,-0.6291599255804243,9.513494526081612,10.142654451662036,17.24137931034483,RETROSPECTIVE_HISTORY_DIAGNOSTIC
2026-10-08,8483515,REMOVE_MAX_RATE,7.7278847842632175,7.098724858682793,-0.6291599255804243,9.513494526081612,10.142654451662036,17.24137931034483,RETROSPECTIVE_HISTORY_DIAGNOSTIC
2026-10-08,8483515,WINSOR_TOP_SOG_TO_SECOND_MAX,7.7278847842632175,7.376617294069434,-0.35126749019378334,9.513494526081612,9.864762016275396,17.24137931034483,RETROSPECTIVE_HISTORY_DIAGNOSTIC
2026-10-08,8483516,REMOVE_MAX_SOG,9.299236134174693,8.906481939633844,-0.39275419454084926,5.810864041151437,5.418109846610588,3.488372093023256,RETROSPECTIVE_HISTORY_DIAGNOSTIC
2026-10-08,8483516,REMOVE_MAX_RATE,9.299236134174693,8.830022075055188,-0.46921405911950487,5.810864041151437,5.3416499820319325,3.488372093023256,RETROSPECTIVE_HISTORY_DIAGNOSTIC
2026-10-08,8483516,WINSOR_TOP_SOG_TO_SECOND_MAX,9.299236134174693,9.299236134174693,0.0,5.810864041151437,5.810864041151437,3.488372093023256,RETROSPECTIVE_HISTORY_DIAGNOSTIC
2026-10-08,8483525,REMOVE_MAX_SOG,5.456835035679306,4.284354173278325,-1.172480862400981,5.456835035679306,4.284354173278325,0.0,RETROSPECTIVE_HISTORY_DIAGNOSTIC
2026-10-08,8483525,REMOVE_MAX_RATE,5.456835035679306,4.284354173278325,-1.172480862400981,5.456835035679306,4.284354173278325,0.0,RETROSPECTIVE_HISTORY_DIAGNOSTIC
2026-10-08,8483525,WINSOR_TOP_SOG_TO_SECOND_MAX,5.456835035679306,4.617321953267105,-0.8395130824122008,5.456835035679306,4.617321953267105,0.0,RETROSPECTIVE_HISTORY_DIAGNOSTIC
2026-10-08,8483553,REMOVE_MAX_SOG,10.458655626974615,8.102136017677386,-2.3565196092972283,4.537602995395667,2.1810833860984387,5.921052631578948,RETROSPECTIVE_HISTORY_DIAGNOSTIC
2026-10-08,8483553,REMOVE_MAX_RATE,10.458655626974615,8.102136017677386,-2.3565196092972283,4.537602995395667,2.1810833860984387,5.921052631578948,RETROSPECTIVE_HISTORY_DIAGNOSTIC
2026-10-08,8483553,WINSOR_TOP_SOG_TO_SECOND_MAX,10.458655626974615,9.151323673602787,-1.3073319533718273,4.537602995395667,3.2302710420238396,5.921052631578948,RETROSPECTIVE_HISTORY_DIAGNOSTIC
2026-10-08,8483609,REMOVE_MAX_SOG,7.605939876856212,5.517523245121079,-2.088416631735133,1.9809398768562119,0.10747675487892128,5.625,RETROSPECTIVE_HISTORY_DIAGNOSTIC
2026-10-08,8483609,REMOVE_MAX_RATE,7.605939876856212,5.517523245121079,-2.088416631735133,1.9809398768562119,0.10747675487892128,5.625,RETROSPECTIVE_HISTORY_DIAGNOSTIC
2026-10-08,8483609,WINSOR_TOP_SOG_TO_SECOND_MAX,7.605939876856212,6.519377037305325,-1.0865628395508873,1.9809398768562119,0.8943770373053246,5.625,RETROSPECTIVE_HISTORY_DIAGNOSTIC
2026-10-08,8483676,REMOVE_MAX_SOG,7.480579265368753,7.047517351841965,-0.4330619135267879,2.3596688813004754,1.9266069677736875,5.120910384068278,RETROSPECTIVE_HISTORY_DIAGNOSTIC
2026-10-08,8483676,REMOVE_MAX_RATE,7.480579265368753,7.010090281465747,-0.47048898390300664,2.3596688813004754,1.8891798973974687,5.120910384068278,RETROSPECTIVE_HISTORY_DIAGNOSTIC
2026-10-08,8483676,WINSOR_TOP_SOG_TO_SECOND_MAX,7.480579265368753,7.480579265368753,0.0,2.3596688813004754,2.3596688813004754,5.120910384068278,RETROSPECTIVE_HISTORY_DIAGNOSTIC
2026-10-08,8483678,REMOVE_MAX_SOG,3.4244403576637703,2.9646361262087946,-0.45980423145497573,7.195028668884903,7.654832900339878,10.619469026548673,RETROSPECTIVE_HISTORY_DIAGNOSTIC
2026-10-08,8483678,REMOVE_MAX_RATE,3.4244403576637703,2.9188963791785385,-0.5055439784852318,7.195028668884903,7.700572647370135,10.619469026548673,RETROSPECTIVE_HISTORY_DIAGNOSTIC
2026-10-08,8483678,WINSOR_TOP_SOG_TO_SECOND_MAX,3.4244403576637703,3.4244403576637703,0.0,7.195028668884903,7.195028668884903,10.619469026548673,RETROSPECTIVE_HISTORY_DIAGNOSTIC
2026-10-08,8483686,REMOVE_MAX_SOG,4.382761139517896,3.7168141592920354,-0.6659469802258609,4.382761139517896,3.7168141592920354,0.0,RETROSPECTIVE_HISTORY_DIAGNOSTIC
2026-10-08,8483686,REMOVE_MAX_RATE,4.382761139517896,3.7168141592920354,-0.6659469802258609,4.382761139517896,3.7168141592920354,0.0,RETROSPECTIVE_HISTORY_DIAGNOSTIC
2026-10-08,8483686,WINSOR_TOP_SOG_TO_SECOND_MAX,4.382761139517896,3.506208911614317,-0.8765522279035793,4.382761139517896,3.506208911614317,0.0,RETROSPECTIVE_HISTORY_DIAGNOSTIC
2026-10-08,8483766,REMOVE_MAX_SOG,6.171428571428572,3.7813140066172997,-2.390114564811272,0.9856290826469758,3.375743647458248,7.1570576540755475,RETROSPECTIVE_HISTORY_DIAGNOSTIC
2026-10-08,8483766,REMOVE_MAX_RATE,6.171428571428572,3.7813140066172997,-2.390114564811272,0.9856290826469758,3.375743647458248,7.1570576540755475,RETROSPECTIVE_HISTORY_DIAGNOSTIC
2026-10-08,8483766,WINSOR_TOP_SOG_TO_SECOND_MAX,6.171428571428572,4.8,-1.3714285714285719,0.9856290826469758,2.3570576540755477,7.1570576540755475,RETROSPECTIVE_HISTORY_DIAGNOSTIC
2026-10-08,8483768,REMOVE_MAX_SOG,3.8175224279442643,2.9751363604165193,-0.842386067527745,3.8175224279442643,2.9751363604165193,0.0,RETROSPECTIVE_HISTORY_DIAGNOSTIC
2026-10-08,8483768,REMOVE_MAX_RATE,3.8175224279442643,2.9751363604165193,-0.842386067527745,3.8175224279442643,2.9751363604165193,0.0,RETROSPECTIVE_HISTORY_DIAGNOSTIC
2026-10-08,8483768,WINSOR_TOP_SOG_TO_SECOND_MAX,3.8175224279442643,3.435770185149838,-0.38175224279442643,3.8175224279442643,3.435770185149838,0.0,RETROSPECTIVE_HISTORY_DIAGNOSTIC
2026-10-08,8483890,REMOVE_MAX_SOG,6.653586965793739,5.703422053231939,-0.9501649125618004,6.653586965793739,5.703422053231939,0.0,RETROSPECTIVE_HISTORY_DIAGNOSTIC
2026-10-08,8483890,REMOVE_MAX_RATE,6.653586965793739,5.64652738565782,-1.0070595801359188,6.653586965793739,5.64652738565782,0.0,RETROSPECTIVE_HISTORY_DIAGNOSTIC
2026-10-08,8483890,WINSOR_TOP_SOG_TO_SECOND_MAX,6.653586965793739,6.653586965793739,0.0,6.653586965793739,6.653586965793739,0.0,RETROSPECTIVE_HISTORY_DIAGNOSTIC
2026-10-08,8484136,REMOVE_MAX_SOG,6.003859624044028,4.6992481203007515,-1.3046115037432768,6.003859624044028,4.6992481203007515,0.0,RETROSPECTIVE_HISTORY_DIAGNOSTIC
2026-10-08,8484136,REMOVE_MAX_RATE,6.003859624044028,4.6992481203007515,-1.3046115037432768,6.003859624044028,4.6992481203007515,0.0,RETROSPECTIVE_HISTORY_DIAGNOSTIC
2026-10-08,8484136,WINSOR_TOP_SOG_TO_SECOND_MAX,6.003859624044028,5.575012508040883,-0.42884711600314507,6.003859624044028,5.575012508040883,0.0,RETROSPECTIVE_HISTORY_DIAGNOSTIC
2026-10-08,8484142,REMOVE_MAX_SOG,3.890104546559689,2.7677830058123445,-1.1223215407473446,3.890104546559689,2.7677830058123445,0.0,RETROSPECTIVE_HISTORY_DIAGNOSTIC
2026-10-08,8484142,REMOVE_MAX_RATE,3.890104546559689,2.7332361516034984,-1.1568683949561906,3.890104546559689,2.7332361516034984,0.0,RETROSPECTIVE_HISTORY_DIAGNOSTIC
2026-10-08,8484142,WINSOR_TOP_SOG_TO_SECOND_MAX,3.890104546559689,3.890104546559689,0.0,3.890104546559689,3.890104546559689,0.0,RETROSPECTIVE_HISTORY_DIAGNOSTIC
2026-10-08,8484145,REMOVE_MAX_SOG,6.418918918918919,5.5136923359676535,-0.9052265829512658,6.695835179441737,7.601061762393003,13.114754098360656,RETROSPECTIVE_HISTORY_DIAGNOSTIC
2026-10-08,8484145,REMOVE_MAX_RATE,6.418918918918919,5.5136923359676535,-0.9052265829512658,6.695835179441737,7.601061762393003,13.114754098360656,RETROSPECTIVE_HISTORY_DIAGNOSTIC
2026-10-08,8484145,WINSOR_TOP_SOG_TO_SECOND_MAX,6.418918918918919,6.081081081081082,-0.3378378378378377,6.695835179441737,7.0336730172795745,13.114754098360656,RETROSPECTIVE_HISTORY_DIAGNOSTIC
2026-10-08,8484152,REMOVE_MAX_SOG,4.050475151892818,3.5042635206167505,-0.5462116312760674,3.402940997175504,3.9491526284515714,7.453416149068322,RETROSPECTIVE_HISTORY_DIAGNOSTIC
2026-10-08,8484152,REMOVE_MAX_RATE,4.050475151892818,3.50283145542647,-0.547643696466348,3.402940997175504,3.950584693641852,7.453416149068322,RETROSPECTIVE_HISTORY_DIAGNOSTIC
2026-10-08,8484152,WINSOR_TOP_SOG_TO_SECOND_MAX,4.050475151892818,4.050475151892818,0.0,3.402940997175504,3.402940997175504,7.453416149068322,RETROSPECTIVE_HISTORY_DIAGNOSTIC
2026-10-08,8484154,REMOVE_MAX_SOG,11.219147344801796,4.389173372348207,-6.829973972453589,11.219147344801796,4.389173372348207,0.0,RETROSPECTIVE_HISTORY_DIAGNOSTIC
2026-10-08,8484154,REMOVE_MAX_RATE,11.219147344801796,4.389173372348207,-6.829973972453589,11.219147344801796,4.389173372348207,0.0,RETROSPECTIVE_HISTORY_DIAGNOSTIC
2026-10-08,8484154,WINSOR_TOP_SOG_TO_SECOND_MAX,11.219147344801796,4.487658937920718,-6.731488406881078,11.219147344801796,4.487658937920718,0.0,RETROSPECTIVE_HISTORY_DIAGNOSTIC
2026-10-08,8484158,REMOVE_MAX_SOG,5.277973258268824,4.660194174757281,-0.6177790835115431,11.864883884588318,12.482662968099861,17.142857142857142,RETROSPECTIVE_HISTORY_DIAGNOSTIC
2026-10-08,8484158,REMOVE_MAX_RATE,5.277973258268824,4.581901489117984,-0.6960717691508407,11.864883884588318,12.560955653739159,17.142857142857142,RETROSPECTIVE_HISTORY_DIAGNOSTIC
2026-10-08,8484158,WINSOR_TOP_SOG_TO_SECOND_MAX,5.277973258268824,5.277973258268824,0.0,11.864883884588318,11.864883884588318,17.142857142857142,RETROSPECTIVE_HISTORY_DIAGNOSTIC
2026-10-08,8484164,REMOVE_MAX_SOG,6.603081438004401,5.805515239477503,-0.7975661985268978,1.5050266701037058,2.3025928686306036,8.108108108108107,RETROSPECTIVE_HISTORY_DIAGNOSTIC
2026-10-08,8484164,REMOVE_MAX_RATE,6.603081438004401,5.805515239477503,-0.7975661985268978,1.5050266701037058,2.3025928686306036,8.108108108108107,RETROSPECTIVE_HISTORY_DIAGNOSTIC
2026-10-08,8484164,WINSOR_TOP_SOG_TO_SECOND_MAX,6.603081438004401,6.162876008804108,-0.4402054292002928,1.5050266701037058,1.9452320993039987,8.108108108108107,RETROSPECTIVE_HISTORY_DIAGNOSTIC
2026-10-08,8484180,REMOVE_MAX_SOG,3.049223174096123,2.4547909336388183,-0.5944322404573046,0.7283214219164695,1.3227536623737741,3.7775445960125924,RETROSPECTIVE_HISTORY_DIAGNOSTIC
2026-10-08,8484180,REMOVE_MAX_RATE,3.049223174096123,2.4547909336388183,-0.5944322404573046,0.7283214219164695,1.3227536623737741,3.7775445960125924,RETROSPECTIVE_HISTORY_DIAGNOSTIC
2026-10-08,8484180,WINSOR_TOP_SOG_TO_SECOND_MAX,3.049223174096123,2.613619863510962,-0.43560331058516066,0.7283214219164695,1.1639247325016302,3.7775445960125924,RETROSPECTIVE_HISTORY_DIAGNOSTIC
2026-10-08,8484185,REMOVE_MAX_SOG,3.348214285714286,2.6382903878286874,-0.7099238978855986,1.938129326620516,2.6480532245061146,5.286343612334802,RETROSPECTIVE_HISTORY_DIAGNOSTIC
2026-10-08,8484185,REMOVE_MAX_RATE,3.348214285714286,2.6382903878286874,-0.7099238978855986,1.938129326620516,2.6480532245061146,5.286343612334802,RETROSPECTIVE_HISTORY_DIAGNOSTIC
2026-10-08,8484185,WINSOR_TOP_SOG_TO_SECOND_MAX,3.348214285714286,2.8698979591836733,-0.47831632653061273,1.938129326620516,2.4164456531511287,5.286343612334802,RETROSPECTIVE_HISTORY_DIAGNOSTIC
2026-10-08,8484197,REMOVE_MAX_SOG,5.596065796167543,4.581464159587668,-1.014601636579875,0.5960657961675428,0.41853584041233205,5.0,RETROSPECTIVE_HISTORY_DIAGNOSTIC
2026-10-08,8484197,REMOVE_MAX_RATE,5.596065796167543,4.581464159587668,-1.014601636579875,0.5960657961675428,0.41853584041233205,5.0,RETROSPECTIVE_HISTORY_DIAGNOSTIC
2026-10-08,8484197,WINSOR_TOP_SOG_TO_SECOND_MAX,5.596065796167543,5.087332541970493,-0.5087332541970495,0.5960657961675428,0.08733254197049334,5.0,RETROSPECTIVE_HISTORY_DIAGNOSTIC
2026-10-08,8484221,REMOVE_MAX_SOG,7.312614259597805,6.461165701978731,-0.851448557619074,7.312614259597805,6.461165701978731,0.0,RETROSPECTIVE_HISTORY_DIAGNOSTIC
2026-10-08,8484221,REMOVE_MAX_RATE,7.312614259597805,6.461165701978731,-0.851448557619074,7.312614259597805,6.461165701978731,0.0,RETROSPECTIVE_HISTORY_DIAGNOSTIC
2026-10-08,8484221,WINSOR_TOP_SOG_TO_SECOND_MAX,7.312614259597805,6.946983546617915,-0.3656307129798906,7.312614259597805,6.946983546617915,0.0,RETROSPECTIVE_HISTORY_DIAGNOSTIC
2026-10-08,8484227,REMOVE_MAX_SOG,5.367926638335943,4.37238112588814,-0.9955455124478032,1.5094057380144,0.5138602255665967,3.858520900321543,RETROSPECTIVE_HISTORY_DIAGNOSTIC
2026-10-08,8484227,REMOVE_MAX_RATE,5.367926638335943,4.37238112588814,-0.9955455124478032,1.5094057380144,0.5138602255665967,3.858520900321543,RETROSPECTIVE_HISTORY_DIAGNOSTIC
2026-10-08,8484227,WINSOR_TOP_SOG_TO_SECOND_MAX,5.367926638335943,5.367926638335943,0.0,1.5094057380144,1.5094057380144,3.858520900321543,RETROSPECTIVE_HISTORY_DIAGNOSTIC
2026-10-08,8484234,REMOVE_MAX_SOG,8.450704225352114,6.876790830945559,-1.5739133944065546,3.3151835406160224,1.7412701462094677,5.1355206847360915,RETROSPECTIVE_HISTORY_DIAGNOSTIC
2026-10-08,8484234,REMOVE_MAX_RATE,8.450704225352114,6.460296096904441,-1.9904081284476725,3.3151835406160224,1.32477541216835,5.1355206847360915,RETROSPECTIVE_HISTORY_DIAGNOSTIC
2026-10-08,8484234,WINSOR_TOP_SOG_TO_SECOND_MAX,8.450704225352114,8.450704225352114,0.0,3.3151835406160224,3.3151835406160224,5.1355206847360915,RETROSPECTIVE_HISTORY_DIAGNOSTIC
2026-10-08,8484240,REMOVE_MAX_SOG,1.751143107306158,0.976933514246947,-0.7742095930592111,1.751143107306158,0.976933514246947,0.0,RETROSPECTIVE_HISTORY_DIAGNOSTIC
2026-10-08,8484240,REMOVE_MAX_RATE,1.751143107306158,0.976933514246947,-0.7742095930592111,1.751143107306158,0.976933514246947,0.0,RETROSPECTIVE_HISTORY_DIAGNOSTIC
2026-10-08,8484240,WINSOR_TOP_SOG_TO_SECOND_MAX,1.751143107306158,1.1674287382041055,-0.5837143691020525,1.751143107306158,1.1674287382041055,0.0,RETROSPECTIVE_HISTORY_DIAGNOSTIC
2026-10-08,8484241,REMOVE_MAX_SOG,7.435429167753718,5.846199970019486,-1.5892291977342312,2.985490972450874,1.3962617747166428,4.449938195302844,RETROSPECTIVE_HISTORY_DIAGNOSTIC
2026-10-08,8484241,REMOVE_MAX_RATE,7.435429167753718,5.846199970019486,-1.5892291977342312,2.985490972450874,1.3962617747166428,4.449938195302844,RETROSPECTIVE_HISTORY_DIAGNOSTIC
2026-10-08,8484241,WINSOR_TOP_SOG_TO_SECOND_MAX,7.435429167753718,6.2614140360031305,-1.1740151317505871,2.985490972450874,1.8114758407002869,4.449938195302844,RETROSPECTIVE_HISTORY_DIAGNOSTIC
2026-10-08,8484305,REMOVE_MAX_SOG,0.7520210565895846,0.4402377283733216,-0.31178332821626303,3.6760232238532202,3.9878065520694834,4.428044280442805,RETROSPECTIVE_HISTORY_DIAGNOSTIC
2026-10-08,8484305,REMOVE_MAX_RATE,0.7520210565895846,0.4181184668989547,-0.3339025896906299,3.6760232238532202,4.00992581354385,4.428044280442805,RETROSPECTIVE_HISTORY_DIAGNOSTIC
2026-10-08,8484305,WINSOR_TOP_SOG_TO_SECOND_MAX,0.7520210565895846,0.7520210565895846,0.0,3.6760232238532202,3.6760232238532202,4.428044280442805,RETROSPECTIVE_HISTORY_DIAGNOSTIC
2026-10-08,8484321,REMOVE_MAX_SOG,3.09258424070614,2.596840510711967,-0.4957437299941727,3.09258424070614,2.596840510711967,0.0,RETROSPECTIVE_HISTORY_DIAGNOSTIC
2026-10-08,8484321,REMOVE_MAX_RATE,3.09258424070614,2.596840510711967,-0.4957437299941727,3.09258424070614,2.596840510711967,0.0,RETROSPECTIVE_HISTORY_DIAGNOSTIC
2026-10-08,8484321,WINSOR_TOP_SOG_TO_SECOND_MAX,3.09258424070614,3.09258424070614,0.0,3.09258424070614,3.09258424070614,0.0,RETROSPECTIVE_HISTORY_DIAGNOSTIC
2026-10-08,8484386,REMOVE_MAX_SOG,3.4590993530203065,3.009889637379963,-0.4492097156403436,4.7600787291714735,5.209288444811817,8.21917808219178,RETROSPECTIVE_HISTORY_DIAGNOSTIC
2026-10-08,8484386,REMOVE_MAX_RATE,3.4590993530203065,2.9266253222771934,-0.5324740307431131,4.7600787291714735,5.292552759914587,8.21917808219178,RETROSPECTIVE_HISTORY_DIAGNOSTIC
2026-10-08,8484386,WINSOR_TOP_SOG_TO_SECOND_MAX,3.4590993530203065,3.4590993530203065,0.0,4.7600787291714735,4.7600787291714735,8.21917808219178,RETROSPECTIVE_HISTORY_DIAGNOSTIC
2026-10-08,8484387,REMOVE_MAX_SOG,9.904761904761907,7.64872521246459,-2.256036692297317,5.991718426501038,3.73568173420372,3.9130434782608696,RETROSPECTIVE_HISTORY_DIAGNOSTIC
2026-10-08,8484387,REMOVE_MAX_RATE,9.904761904761907,7.64872521246459,-2.256036692297317,5.991718426501038,3.73568173420372,3.9130434782608696,RETROSPECTIVE_HISTORY_DIAGNOSTIC
2026-10-08,8484387,WINSOR_TOP_SOG_TO_SECOND_MAX,9.904761904761907,8.380952380952383,-1.5238095238095237,5.991718426501038,4.467908902691514,3.9130434782608696,RETROSPECTIVE_HISTORY_DIAGNOSTIC
2026-10-08,8484388,REMOVE_MAX_SOG,3.505550454886904,2.2818026240730176,-1.2237478308138865,14.464499461918418,15.688247292732305,17.970049916805323,RETROSPECTIVE_HISTORY_DIAGNOSTIC
2026-10-08,8484388,REMOVE_MAX_RATE,3.505550454886904,2.2818026240730176,-1.2237478308138865,14.464499461918418,15.688247292732305,17.970049916805323,RETROSPECTIVE_HISTORY_DIAGNOSTIC
2026-10-08,8484388,WINSOR_TOP_SOG_TO_SECOND_MAX,3.505550454886904,3.0047575327602036,-0.5007929221267005,14.464499461918418,14.965292384045119,17.970049916805323,RETROSPECTIVE_HISTORY_DIAGNOSTIC
2026-10-08,8484390,REMOVE_MAX_SOG,4.813863928112965,4.0407927650567625,-0.7730711630562022,0.8598949371352633,1.6329661001914655,5.673758865248228,RETROSPECTIVE_HISTORY_DIAGNOSTIC
2026-10-08,8484390,REMOVE_MAX_RATE,4.813863928112965,4.0407927650567625,-0.7730711630562022,0.8598949371352633,1.6329661001914655,5.673758865248228,RETROSPECTIVE_HISTORY_DIAGNOSTIC
2026-10-08,8484390,WINSOR_TOP_SOG_TO_SECOND_MAX,4.813863928112965,4.332477535301669,-0.481386392811296,0.8598949371352633,1.3412813299465594,5.673758865248228,RETROSPECTIVE_HISTORY_DIAGNOSTIC
2026-10-08,8484403,REMOVE_MAX_SOG,5.843681519357196,5.235602094240838,-0.6080794251163573,3.5313184806428044,4.139397905759162,9.375,RETROSPECTIVE_HISTORY_DIAGNOSTIC
2026-10-08,8484403,REMOVE_MAX_RATE,5.843681519357196,4.976499861763893,-0.8671816575933029,3.5313184806428044,4.398500138236107,9.375,RETROSPECTIVE_HISTORY_DIAGNOSTIC
2026-10-08,8484403,WINSOR_TOP_SOG_TO_SECOND_MAX,5.843681519357196,5.843681519357196,0.0,3.5313184806428044,3.5313184806428044,9.375,RETROSPECTIVE_HISTORY_DIAGNOSTIC
2026-10-08,8484759,REMOVE_MAX_SOG,5.125172481766213,4.886355223217591,-0.23881725854862168,3.01042073857277,3.2492379971213916,8.135593220338983,RETROSPECTIVE_HISTORY_DIAGNOSTIC
2026-10-08,8484759,REMOVE_MAX_RATE,5.125172481766213,4.733897575670636,-0.39127490609557647,3.01042073857277,3.4016956446683464,8.135593220338983,RETROSPECTIVE_HISTORY_DIAGNOSTIC
2026-10-08,8484759,WINSOR_TOP_SOG_TO_SECOND_MAX,5.125172481766213,5.125172481766213,0.0,3.01042073857277,3.01042073857277,8.135593220338983,RETROSPECTIVE_HISTORY_DIAGNOSTIC
2026-10-08,8484768,REMOVE_MAX_SOG,7.307448726068105,6.692516067350082,-0.6149326587180228,4.488341443374292,3.873408784656269,2.8191072826938135,RETROSPECTIVE_HISTORY_DIAGNOSTIC
2026-10-08,8484768,REMOVE_MAX_RATE,7.307448726068105,6.692516067350082,-0.6149326587180228,4.488341443374292,3.873408784656269,2.8191072826938135,RETROSPECTIVE_HISTORY_DIAGNOSTIC
2026-10-08,8484768,WINSOR_TOP_SOG_TO_SECOND_MAX,7.307448726068105,7.307448726068105,0.0,4.488341443374292,4.488341443374292,2.8191072826938135,RETROSPECTIVE_HISTORY_DIAGNOSTIC
2026-10-08,8484783,REMOVE_MAX_SOG,4.2523033309709435,3.172924378635643,-1.0793789523353006,1.8858040859088518,2.9651830382441524,6.138107416879795,RETROSPECTIVE_HISTORY_DIAGNOSTIC
2026-10-08,8484783,REMOVE_MAX_RATE,4.2523033309709435,3.172924378635643,-1.0793789523353006,1.8858040859088518,2.9651830382441524,6.138107416879795,RETROSPECTIVE_HISTORY_DIAGNOSTIC
2026-10-08,8484783,WINSOR_TOP_SOG_TO_SECOND_MAX,4.2523033309709435,3.4018426647767543,-0.8504606661941891,1.8858040859088518,2.736264752103041,6.138107416879795,RETROSPECTIVE_HISTORY_DIAGNOSTIC
2026-10-08,8484790,REMOVE_MAX_SOG,7.128199589588509,5.561440677966102,-1.566758911622407,2.932395393784314,1.3656364821619071,4.195804195804195,RETROSPECTIVE_HISTORY_DIAGNOSTIC
2026-10-08,8484790,REMOVE_MAX_RATE,7.128199589588509,5.561440677966102,-1.566758911622407,2.932395393784314,1.3656364821619071,4.195804195804195,RETROSPECTIVE_HISTORY_DIAGNOSTIC
2026-10-08,8484790,WINSOR_TOP_SOG_TO_SECOND_MAX,7.128199589588509,5.832163300572416,-1.2960362890160928,2.932395393784314,1.6363591047682213,4.195804195804195,RETROSPECTIVE_HISTORY_DIAGNOSTIC
2026-10-08,8484797,REMOVE_MAX_SOG,6.8684267010088,6.234015345268542,-0.6344113557402578,2.467448705898775,1.8330373501585173,4.400977995110025,RETROSPECTIVE_HISTORY_DIAGNOSTIC
2026-10-08,8484797,REMOVE_MAX_RATE,6.8684267010088,6.006006006006006,-0.8624206950027942,2.467448705898775,1.605028010895981,4.400977995110025,RETROSPECTIVE_HISTORY_DIAGNOSTIC
2026-10-08,8484797,WINSOR_TOP_SOG_TO_SECOND_MAX,6.8684267010088,6.8684267010088,0.0,2.467448705898775,2.467448705898775,4.400977995110025,RETROSPECTIVE_HISTORY_DIAGNOSTIC
2026-10-08,8484798,REMOVE_MAX_SOG,4.353741496598641,3.9091865884829353,-0.4445549081157054,4.353741496598641,3.9091865884829353,0.0,RETROSPECTIVE_HISTORY_DIAGNOSTIC
2026-10-08,8484798,REMOVE_MAX_RATE,4.353741496598641,3.8569945112001185,-0.49674698539852224,4.353741496598641,3.8569945112001185,0.0,RETROSPECTIVE_HISTORY_DIAGNOSTIC
2026-10-08,8484798,WINSOR_TOP_SOG_TO_SECOND_MAX,4.353741496598641,4.353741496598641,0.0,4.353741496598641,4.353741496598641,0.0,RETROSPECTIVE_HISTORY_DIAGNOSTIC
2026-10-08,8484803,REMOVE_MAX_SOG,10.752688172043012,8.827856792545365,-1.9248313794976468,0.9103787826006169,2.8352101620982637,11.663066954643629,RETROSPECTIVE_HISTORY_DIAGNOSTIC
2026-10-08,8484803,REMOVE_MAX_RATE,10.752688172043012,8.827856792545365,-1.9248313794976468,0.9103787826006169,2.8352101620982637,11.663066954643629,RETROSPECTIVE_HISTORY_DIAGNOSTIC
2026-10-08,8484803,WINSOR_TOP_SOG_TO_SECOND_MAX,10.752688172043012,9.925558312655088,-0.8271298593879237,0.9103787826006169,1.7375086419885406,11.663066954643629,RETROSPECTIVE_HISTORY_DIAGNOSTIC
2026-10-08,8484806,REMOVE_MAX_SOG,2.4284475281873372,1.9203687107924718,-0.5080788173948654,2.4284475281873372,1.9203687107924718,0.0,RETROSPECTIVE_HISTORY_DIAGNOSTIC
2026-10-08,8484806,REMOVE_MAX_RATE,2.4284475281873372,1.9203687107924718,-0.5080788173948654,2.4284475281873372,1.9203687107924718,0.0,RETROSPECTIVE_HISTORY_DIAGNOSTIC
2026-10-08,8484806,WINSOR_TOP_SOG_TO_SECOND_MAX,2.4284475281873372,2.081526452732003,-0.346921075455334,2.4284475281873372,2.081526452732003,0.0,RETROSPECTIVE_HISTORY_DIAGNOSTIC
2026-10-08,8484829,REMOVE_MAX_SOG,3.6789502728554777,3.349849954637448,-0.32910031821802965,3.6789502728554777,3.349849954637448,0.0,RETROSPECTIVE_HISTORY_DIAGNOSTIC
2026-10-08,8484829,REMOVE_MAX_RATE,3.6789502728554777,3.2693093583980377,-0.40964091445744,3.6789502728554777,3.2693093583980377,0.0,RETROSPECTIVE_HISTORY_DIAGNOSTIC
2026-10-08,8484829,WINSOR_TOP_SOG_TO_SECOND_MAX,3.6789502728554777,3.6789502728554777,0.0,3.6789502728554777,3.6789502728554777,0.0,RETROSPECTIVE_HISTORY_DIAGNOSTIC
2026-10-08,8484860,REMOVE_MAX_SOG,5.41548829652807,4.417079373577834,-0.9984089229502366,2.6926198115800366,3.6910287345302732,8.108108108108107,RETROSPECTIVE_HISTORY_DIAGNOSTIC
2026-10-08,8484860,REMOVE_MAX_RATE,5.41548829652807,4.417079373577834,-0.9984089229502366,2.6926198115800366,3.6910287345302732,8.108108108108107,RETROSPECTIVE_HISTORY_DIAGNOSTIC
2026-10-08,8484860,WINSOR_TOP_SOG_TO_SECOND_MAX,5.41548829652807,4.693423190324328,-0.7220651062037424,2.6926198115800366,3.414684917783779,8.108108108108107,RETROSPECTIVE_HISTORY_DIAGNOSTIC
2026-10-08,8484911,REMOVE_MAX_SOG,2.6080476900149034,2.0612889927167792,-0.5467586972981242,10.008774739891638,10.555533437189762,12.616822429906541,RETROSPECTIVE_HISTORY_DIAGNOSTIC
2026-10-08,8484911,REMOVE_MAX_RATE,2.6080476900149034,2.0226537216828477,-0.5853939683320557,10.008774739891638,10.594168708223695,12.616822429906541,RETROSPECTIVE_HISTORY_DIAGNOSTIC
2026-10-08,8484911,WINSOR_TOP_SOG_TO_SECOND_MAX,2.6080476900149034,2.6080476900149034,0.0,10.008774739891638,10.008774739891638,12.616822429906541,RETROSPECTIVE_HISTORY_DIAGNOSTIC
2026-10-08,8484938,REMOVE_MAX_SOG,6.5897858319604605,4.730741938027281,-1.8590438939331797,6.5897858319604605,4.730741938027281,0.0,RETROSPECTIVE_HISTORY_DIAGNOSTIC
2026-10-08,8484938,REMOVE_MAX_RATE,6.5897858319604605,4.730741938027281,-1.8590438939331797,6.5897858319604605,4.730741938027281,0.0,RETROSPECTIVE_HISTORY_DIAGNOSTIC
2026-10-08,8484938,WINSOR_TOP_SOG_TO_SECOND_MAX,6.5897858319604605,5.354200988467874,-1.2355848434925862,6.5897858319604605,5.354200988467874,0.0,RETROSPECTIVE_HISTORY_DIAGNOSTIC
2026-10-08,8484994,REMOVE_MAX_SOG,6.464646464646466,5.516395954642967,-0.9482505100034997,6.464646464646466,5.516395954642967,0.0,RETROSPECTIVE_HISTORY_DIAGNOSTIC
2026-10-08,8484994,REMOVE_MAX_RATE,6.464646464646466,5.516395954642967,-0.9482505100034997,6.464646464646466,5.516395954642967,0.0,RETROSPECTIVE_HISTORY_DIAGNOSTIC
2026-10-08,8484994,WINSOR_TOP_SOG_TO_SECOND_MAX,6.464646464646466,6.060606060606062,-0.404040404040404,6.464646464646466,6.060606060606062,0.0,RETROSPECTIVE_HISTORY_DIAGNOSTIC
2026-10-08,8485366,REMOVE_MAX_SOG,7.427466150870406,6.745362563237774,-0.682103587632632,1.5444964659520233,2.2266000535846553,8.97196261682243,RETROSPECTIVE_HISTORY_DIAGNOSTIC
2026-10-08,8485366,REMOVE_MAX_RATE,7.427466150870406,6.745362563237774,-0.682103587632632,1.5444964659520233,2.2266000535846553,8.97196261682243,RETROSPECTIVE_HISTORY_DIAGNOSTIC
2026-10-08,8485366,WINSOR_TOP_SOG_TO_SECOND_MAX,7.427466150870406,7.195357833655706,-0.23210831721470004,1.5444964659520233,1.7766047831667233,8.97196261682243,RETROSPECTIVE_HISTORY_DIAGNOSTIC
2026-10-08,8485388,REMOVE_MAX_SOG,8.908177249885794,7.357950674478813,-1.550226575406981,8.908177249885794,7.357950674478813,0.0,RETROSPECTIVE_HISTORY_DIAGNOSTIC
2026-10-08,8485388,REMOVE_MAX_RATE,8.908177249885794,7.357950674478813,-1.550226575406981,8.908177249885794,7.357950674478813,0.0,RETROSPECTIVE_HISTORY_DIAGNOSTIC
2026-10-08,8485388,WINSOR_TOP_SOG_TO_SECOND_MAX,8.908177249885794,8.222932846048426,-0.685244403837368,8.908177249885794,8.222932846048426,0.0,RETROSPECTIVE_HISTORY_DIAGNOSTIC
2026-10-08,8485391,REMOVE_MAX_SOG,8.50785340314136,7.309051041539774,-1.1988023616015857,0.36642761575757277,1.5652299773591585,8.874281018898932,RETROSPECTIVE_HISTORY_DIAGNOSTIC
2026-10-08,8485391,REMOVE_MAX_RATE,8.50785340314136,7.309051041539774,-1.1988023616015857,0.36642761575757277,1.5652299773591585,8.874281018898932,RETROSPECTIVE_HISTORY_DIAGNOSTIC
2026-10-08,8485391,WINSOR_TOP_SOG_TO_SECOND_MAX,8.50785340314136,8.180628272251308,-0.3272251308900511,0.36642761575757277,0.6936527466476239,8.874281018898932,RETROSPECTIVE_HISTORY_DIAGNOSTIC
2026-10-08,8485395,REMOVE_MAX_SOG,8.20084885979426,7.0939954395743605,-1.106853420219899,8.20084885979426,7.0939954395743605,0.0,RETROSPECTIVE_HISTORY_DIAGNOSTIC
2026-10-08,8485395,REMOVE_MAX_RATE,8.20084885979426,7.0939954395743605,-1.106853420219899,8.20084885979426,7.0939954395743605,0.0,RETROSPECTIVE_HISTORY_DIAGNOSTIC
2026-10-08,8485395,WINSOR_TOP_SOG_TO_SECOND_MAX,8.20084885979426,7.337601611394865,-0.8632472483993947,8.20084885979426,7.337601611394865,0.0,RETROSPECTIVE_HISTORY_DIAGNOSTIC
2026-10-08,8485402,REMOVE_MAX_SOG,8.400265271534892,7.012856904324594,-1.3874083672102975,8.400265271534892,7.012856904324594,0.0,RETROSPECTIVE_HISTORY_DIAGNOSTIC
2026-10-08,8485402,REMOVE_MAX_RATE,8.400265271534892,7.249879168680521,-1.1503861028543705,8.400265271534892,7.249879168680521,0.0,RETROSPECTIVE_HISTORY_DIAGNOSTIC
2026-10-08,8485402,WINSOR_TOP_SOG_TO_SECOND_MAX,8.400265271534892,7.958146046717264,-0.44211922481762755,8.400265271534892,7.958146046717264,0.0,RETROSPECTIVE_HISTORY_DIAGNOSTIC
2026-10-08,8485406,REMOVE_MAX_SOG,6.7119099112536365,5.151541169399845,-1.5603687418537913,6.7119099112536365,5.151541169399845,0.0,RETROSPECTIVE_HISTORY_DIAGNOSTIC
2026-10-08,8485406,REMOVE_MAX_RATE,6.7119099112536365,5.151541169399845,-1.5603687418537913,6.7119099112536365,5.151541169399845,0.0,RETROSPECTIVE_HISTORY_DIAGNOSTIC
2026-10-08,8485406,WINSOR_TOP_SOG_TO_SECOND_MAX,6.7119099112536365,5.816988589753152,-0.8949213215004841,6.7119099112536365,5.816988589753152,0.0,RETROSPECTIVE_HISTORY_DIAGNOSTIC
2026-10-08,8485702,REMOVE_MAX_SOG,7.397737162750218,6.308127780024261,-1.089609382725957,3.4456363312256837,4.535245713951641,10.843373493975902,RETROSPECTIVE_HISTORY_DIAGNOSTIC
2026-10-08,8485702,REMOVE_MAX_RATE,7.397737162750218,6.30659767141009,-1.0911394913401278,3.4456363312256837,4.5367758225658115,10.843373493975902,RETROSPECTIVE_HISTORY_DIAGNOSTIC
2026-10-08,8485702,WINSOR_TOP_SOG_TO_SECOND_MAX,7.397737162750218,7.397737162750218,0.0,3.4456363312256837,3.4456363312256837,10.843373493975902,RETROSPECTIVE_HISTORY_DIAGNOSTIC
2026-10-08,8486067,REMOVE_MAX_SOG,6.889352818371607,5.1819864281307835,-1.7073663902408232,2.644069799503682,0.9367034092628588,4.245283018867925,RETROSPECTIVE_HISTORY_DIAGNOSTIC
2026-10-08,8486067,REMOVE_MAX_RATE,6.889352818371607,5.1819864281307835,-1.7073663902408232,2.644069799503682,0.9367034092628588,4.245283018867925,RETROSPECTIVE_HISTORY_DIAGNOSTIC
2026-10-08,8486067,WINSOR_TOP_SOG_TO_SECOND_MAX,6.889352818371607,6.26304801670146,-0.6263048016701465,2.644069799503682,2.0177649978335355,4.245283018867925,RETROSPECTIVE_HISTORY_DIAGNOSTIC
2026-10-08,8486103,REMOVE_MAX_SOG,5.730659025787967,4.169562195969424,-1.5610968298185428,1.1857674871803328,2.7468643169988756,6.916426512968299,RETROSPECTIVE_HISTORY_DIAGNOSTIC
2026-10-08,8486103,REMOVE_MAX_RATE,5.730659025787967,4.56563094483196,-1.1650280809560067,1.1857674871803328,2.3507955681363395,6.916426512968299,RETROSPECTIVE_HISTORY_DIAGNOSTIC
2026-10-08,8486103,WINSOR_TOP_SOG_TO_SECOND_MAX,5.730659025787967,5.093919134033748,-0.6367398917542184,1.1857674871803328,1.8225073789345512,6.916426512968299,RETROSPECTIVE_HISTORY_DIAGNOSTIC
2026-10-08,8486171,REMOVE_MAX_SOG,6.207324643078832,5.182625863770977,-1.0246987793078546,15.699369068888714,16.72406784819657,21.906693711967545,RETROSPECTIVE_HISTORY_DIAGNOSTIC
2026-10-08,8486171,REMOVE_MAX_RATE,6.207324643078832,5.182625863770977,-1.0246987793078546,15.699369068888714,16.72406784819657,21.906693711967545,RETROSPECTIVE_HISTORY_DIAGNOSTIC
2026-10-08,8486171,WINSOR_TOP_SOG_TO_SECOND_MAX,6.207324643078832,5.586592178770949,-0.6207324643078831,15.699369068888714,16.320101533196596,21.906693711967545,RETROSPECTIVE_HISTORY_DIAGNOSTIC
