player_id,game_id,team_id,opponent_id,is_home,game_date,season,shots_on_goal,d5_sog_per60,d10_sog_per60,d20_sog_per60,attempts_d10_per60,team_d10_sf_per_game,opp_d10_sf_allowed_per_game,pace_matchup_index,pace_index,rest_days,b2b_flag,role_pp_share,d10_top_mate_overlap_share_avg,d10_top_mate_overlap_share_std,d10_top3_mates_overlap_share_avg,d10_top3_mates_overlap_share_std,d10_shiftcharts_games,d10_shiftcharts_coverage_rate,d20_top_mate_overlap_share_avg,d20_top_mate_overlap_share_std,d20_top3_mates_overlap_share_avg,d20_top3_mates_overlap_share_std,d20_shiftcharts_games,d20_shiftcharts_coverage_rate,d10_pairings_available,d20_pairings_available,d10_pairings_cov_bucket,d20_pairings_cov_bucket,d20_top_mate_repeat_rate,opp_d10_sf_per60,team_d10_sa_per60,opp_d10_sa_per60,szn_toi_per_game_5on5,szn_toi_per_game_pp,szn_toi_per_game_pk,szn_shifts_per_game_5on5,szn_shifts_per_game_pp,szn_shifts_per_game_pk,season_5on5_icetime_per_game,season_5on4_icetime_per_game,season_4on5_icetime_per_game,season_5on5_shifts_per_game,season_5on4_shifts_per_game,season_4on5_shifts_per_game,team_szn_5on5_top_line_xgf_share,team_5v5_top_line_icetime_share,team_5v5_top_line_shotattempts_share,last10_team_sog_share,hot_last5_flag,num_sog_last5,num_sog_last10,num_sog_szn_to_date,num_event_last5,num_event_last10,num_event_szn_to_date,team_num_sog_last10,team_num_event_last10,line,p_over_lr_1_5,p_over_rf_1_5,p_over_1_5
8470613,2025020819,21,10,0,2026-01-25,2025,,8.822602667786997,9.623344370860927,7.684713290818368,12.106788079470197,27.4,24.6,0.9499439950217796,0.9499439950217796,2,0,0.070172917134516,0.997742626997531,0.0051355120094238,0.670133806605209,0.0343642417396343,10,1,0.988115807713025,0.0419653865314274,0.68655718320964,0.046872933095808,20,1,t,t,3,3,,8.535,8.883,9.134,15.79516129032258,1.2333333333333332,2.4612903225806453,,,,947.7096774193549,,,,,,,,,0.574827021554698,0.0,6.0,16.0,193.0,11.0,32.0,315.0,305.0,508.0,1.5,0.05627339846295702,0.4828325771901244,0.2695529878265407
8475166,2025020819,10,21,1,2026-01-25,2025,,9.722372258831156,7.683352735739232,7.3251555142142895,9.080325960419092,25.7,24.1,1.113727442439328,1.113727442439328,2,0,0.1206419699237685,0.984625986693281,0.0261630389422331,0.857884547739445,0.0524243068978929,10,1,0.98173503875454,0.0286033711976148,0.83428846434815,0.0699320518037053,20,1,t,t,3,3,,9.924,9.134,8.883,14.597142857142856,2.566666666666667,0.2947619047619047,,,,875.8285714285713,,,,,,,,,0.489173134486948,1.0,17.0,30.0,224.0,26.0,48.0,320.0,256.0,403.0,1.5,0.0644779162040102,0.4974127605123375,0.28094533835817387
8475171,2025020819,10,21,1,2026-01-25,2025,,5.22420548541576,4.174742806023557,3.520868480891953,6.262114209035336,26.0,24.4,1.113727442439328,1.113727442439328,2,0,0.065059428809342,0.964901515333272,0.101243816771476,0.665957273552849,0.0725566748775453,10,1,0.95828130137952,0.102844571700716,0.674740436668435,0.0701554131396197,20,1,t,t,3,3,,9.924,9.134,8.883,18.5625,1.6161458333333332,0.4447916666666666,,,,1113.75,,,,,,,,,0.480545796912242,0.0,4.0,13.0,126.0,6.0,20.0,198.0,252.0,402.0,1.5,0.02739935432875056,0.5165249728325478,0.2719621635806492
8475690,2025020819,10,21,1,2026-01-25,2025,,1.504136375031336,2.4048096192384767,1.6283992835043153,6.527340395075866,25.6,24.6,0.9827006845052892,0.9827006845052892,28,0,0.0017546120523013,0.999276934201012,0.0017711422579777,0.762283448785807,0.0398920563279047,7,1,0.999276934201012,0.0017711422579777,0.762283448785807,0.0398920563279047,7,1,t,t,3,3,,9.924,9.134,8.883,16.679166666666667,0.1708333333333333,2.31875,,,,1000.75,,,,,,,,,0.4884405337543473,0.0,3.0,9.0,46.0,7.0,14.0,73.0,260.0,409.0,1.5,0.022663993754821525,0.42579539344497974,0.22422969359990064
8475714,2025020819,10,21,1,2026-01-25,2025,,4.387568555758684,3.814021067925899,4.602599616450032,4.358881220486742,25.7,24.1,1.113727442439328,1.113727442439328,2,0,0.0026666137970003,0.964312662002544,0.0741936357157472,0.855995970323621,0.0726970892899444,10,1,0.980815049332121,0.0552906794606821,0.831025193349754,0.0711243002109492,20,1,t,t,3,3,,9.924,9.134,8.883,9.463636363636365,0.1621212121212121,1.462878787878788,,,,567.8181818181819,,,,,,,,,0.489173134486948,0.0,3.0,8.0,11.0,6.0,15.0,21.0,256.0,403.0,1.5,0.019575725165147113,0.3847269466104111,0.20215133588777912
8475754,2025020819,21,10,0,2026-01-25,2025,,10.416666666666666,10.374639769452449,9.659681973547332,12.680115273775217,32.2,35.1,0.9499439950217796,0.9499439950217796,2,0,0.0925455425351723,0.967933797276217,0.0375926283108493,0.734090694388737,0.0571945194841903,10,1,0.978705463582243,0.0327935311732171,0.743946775957834,0.0589425763246606,20,1,t,t,3,3,,8.535,8.883,9.134,14.16010101010101,3.587878787878788,2.0752525252525253,,,,849.6060606060606,,,,,,,,,0.545447849221361,1.0,10.0,22.0,199.0,16.0,32.0,290.0,331.0,516.0,1.5,0.1050815105388953,0.47825639703060274,0.291668953784749
8476312,2025020819,21,10,0,2026-01-25,2025,,8.689355539464156,7.555485597355581,5.7483849775539255,12.277664095702816,32.2,35.1,0.9499439950217796,0.9499439950217796,2,0,0.0004839434477513,1.0,0.0,0.675824117133623,0.0391288873487226,10,1,0.991531806447888,0.0317934385557119,0.698636039953402,0.0513833322751324,20,1,t,t,3,3,,8.535,8.883,9.134,15.758602150537634,0.2897849462365591,2.216666666666667,,,,945.516129032258,,,,,,,,,0.545447849221361,1.0,13.0,21.0,76.0,18.0,32.0,110.0,331.0,516.0,1.5,0.09685784126734685,0.4841336471313729,0.29049574419935986
8476455,2025020819,21,10,0,2026-01-25,2025,,5.46448087431694,8.416091567076249,9.541659567217586,10.435953543174548,32.2,35.1,0.9499439950217796,0.9499439950217796,21,0,,0.98186116209372,0.0424208427156606,0.83265452404468,0.0763010710526909,10,1,0.961847423553621,0.0738426685016642,0.786863067644958,0.0856274378035564,20,1,t,t,3,3,,8.535,8.883,9.134,13.130666666666666,2.868666666666667,0.1313333333333333,,,,787.84,,,,,,,,,,0.0,8.0,8.0,8.0,12.0,12.0,12.0,331.0,516.0,1.5,0.06810621103733329,0.46512325049555947,0.2666147307664464
8476853,2025020819,10,21,1,2026-01-25,2025,,5.594405594405594,6.122151498955347,5.373809748279438,10.203585831592244,25.7,24.1,1.113727442439328,1.113727442439328,2,0,0.0858570338134559,0.962216260472758,0.0865607316831641,0.638600467233086,0.0402192840539396,10,1,0.958785230996772,0.0883355104146417,0.64571957818964,0.0488906878245836,20,1,t,t,3,3,,9.924,9.134,8.883,17.83225806451613,2.4526881720430107,1.0629032258064517,,,,1069.9354838709676,,,,,,,,,0.489173134486948,0.0,4.0,12.0,136.0,7.0,21.0,217.0,256.0,403.0,1.5,0.027309024689033227,0.49829826959110113,0.26280364714006715
8476872,2025020819,10,21,1,2026-01-25,2025,,6.263982102908278,3.7809830555944544,5.347402944636555,7.982075339588293,25.7,24.1,1.113727442439328,1.113727442439328,2,0,0.0236624800499618,0.992864749733759,0.021405750798722,0.799090975999839,0.0594555442541256,10,1,0.980072569054837,0.0630566392567933,0.798054382804504,0.0683991310830258,20,1,t,t,3,3,,9.924,9.134,8.883,11.27716049382716,0.2709876543209876,2.3493827160493828,,,,676.6296296296296,,,,,,,,,0.489173134486948,0.0,3.0,8.0,125.0,7.0,19.0,202.0,256.0,403.0,1.5,0.022294261677487777,0.4720815701014953,0.24718791588949154
8476931,2025020819,10,21,1,2026-01-25,2025,,3.478837074463679,3.1746031746031744,2.12544556866739,8.201058201058201,25.7,24.1,1.113727442439328,1.113727442439328,2,0,0.0068697522725695,0.97037037037037,0.0888888888888889,0.683086488507443,0.0698458110657703,10,1,0.975503465866641,0.0709538583965871,0.700273307596631,0.0572024071748217,20,1,t,t,3,3,,9.924,9.134,8.883,19.447222222222223,0.535,2.7105555555555556,,,,1166.8333333333333,,,,,,,,,0.489173134486948,0.0,3.0,9.0,78.0,6.0,18.0,112.0,256.0,403.0,1.5,0.025542471049079824,0.451687483141732,0.2386149770954059
8477476,2025020819,21,10,0,2026-01-25,2025,,5.825871183514942,7.4792694162918,7.782101167315174,8.454826296677686,32.2,35.1,0.9499439950217796,0.9499439950217796,2,0,0.0791938884856026,0.972764495136726,0.0435144655104073,0.851442824421339,0.060930348231159,10,1,0.980412225425628,0.0364337304529431,0.842053206261492,0.0609592259354082,20,1,t,t,3,3,,8.535,8.883,9.134,15.093434343434344,2.8934343434343432,1.2747474747474747,,,,905.6060606060606,,,,,,,,,0.545447849221361,1.0,19.0,37.0,163.0,25.0,49.0,253.0,331.0,516.0,1.5,0.13722059153389962,0.4831591512134946,0.31018987137369713
8477492,2025020819,21,10,0,2026-01-25,2025,,10.21980695920188,12.183278891145052,12.293185873851645,13.242694446896795,32.2,35.1,0.9499439950217796,0.9499439950217796,2,0,0.1492101351584914,0.96584761465553,0.0425385195466274,0.874575977057116,0.0411672285819711,10,1,0.97499045192899,0.0375350875559252,0.842715309387546,0.0638616416769006,20,1,t,t,3,3,,8.535,8.883,9.134,17.818686868686868,4.52020202020202,0.2994949494949494,,,,1069.121212121212,,,,,,,,,0.545447849221361,1.0,26.0,53.0,339.0,35.0,73.0,463.0,331.0,516.0,1.5,0.28131209132141544,0.49561081188521827,0.38846145160331685
8477501,2025020819,21,10,0,2026-01-25,2025,,3.6913990402362495,6.088280060882801,7.776092651316696,8.117706747843734,32.2,35.1,0.9499439950217796,0.9499439950217796,2,0,0.0663434615783469,0.969496503736721,0.0368824392088297,0.811295397844539,0.0374103529488932,10,1,0.982093812676611,0.0307527440400936,0.761655154051648,0.0733651991797817,20,1,t,t,3,3,,8.535,8.883,9.134,13.411666666666665,2.6122222222222224,1.731666666666667,,,,804.7,,,,,,,,,0.545447849221361,1.0,11.0,24.0,125.0,15.0,36.0,179.0,331.0,516.0,1.5,0.1015979742640908,0.46706803603935654,0.28433300515172366
8477503,2025020819,10,21,1,2026-01-25,2025,,7.003618536243725,6.714747575230042,5.928670680870773,8.95299676697339,25.7,24.1,1.113727442439328,1.113727442439328,2,0,0.0514983593881657,0.976205841820443,0.0494821970158062,0.85672757819005,0.0591339477837021,10,1,0.980737329512372,0.0471308089361828,0.855893000835389,0.0696186803732937,20,1,t,t,3,3,,9.924,9.134,8.883,13.649509803921568,1.440686274509804,0.084313725490196,,,,818.970588235294,,,,,,,,,0.489173134486948,0.0,7.0,15.0,109.0,14.0,24.0,163.0,256.0,403.0,1.5,0.03068418294624186,0.4804687079112632,0.2555764454287525
8477541,2025020819,10,21,1,2026-01-25,2025,,1.855287569573284,1.8448766238757783,2.919052430672505,5.995849027596279,25.8,28.8,0.9827006845052892,0.9827006845052892,48,0,5.94783746542e-05,1.0,0.0,0.715181344373367,0.0392321627080904,4,1,1.0,0.0,0.715181344373367,0.0392321627080904,4,1,t,t,3,3,,9.924,9.134,8.883,11.154166666666667,0.0,0.3625,,,,669.25,,,,,,,,,0.4759488415588852,0.0,3.0,3.0,3.0,5.0,5.0,5.0,273.0,404.0,1.5,0.017844798608900297,0.34603753438589946,0.1819411664973999
8477939,2025020819,10,21,1,2026-01-25,2025,,7.708366789786415,7.42671009771987,6.823152062982943,8.208469055374591,25.7,24.1,1.113727442439328,1.113727442439328,10,0,0.1508768103730285,0.983585777831895,0.025671514724071,0.874511844801692,0.0628682716908856,10,1,0.977912669068741,0.0351052575080542,0.845918463571381,0.0752949684022357,20,1,t,t,3,3,,9.924,9.134,8.883,14.535416666666666,2.551388888888889,0.3284722222222222,,,,872.125,,,,,,,,,0.489173134486948,1.0,15.0,31.0,284.0,17.0,42.0,391.0,256.0,403.0,1.5,0.05334118841366593,0.4734327396888122,0.26338696405123907
8478038,2025020819,21,10,0,2026-01-25,2025,,4.566644467700504,5.659309564233163,6.161889646158155,11.884550084889645,32.2,35.1,0.9499439950217796,0.9499439950217796,22,0,0.0402710083307407,1.0,0.0,0.733560656139034,0.0409355012522327,10,1,0.980165063350172,0.0612022388930215,0.716867035327198,0.0508712468639131,20,1,t,t,3,3,,8.535,8.883,9.134,17.975757575757576,1.7174242424242423,2.762121212121212,,,,1078.5454545454545,,,,,,,,,0.545447849221361,0.0,2.0,9.0,135.0,8.0,20.0,217.0,331.0,516.0,1.5,0.07142694231996483,0.4886312494421894,0.2800290958810771
8478057,2025020819,10,21,1,2026-01-25,2025,,4.067107269954245,4.951720722951226,3.9037085230969426,6.932409012131716,26.2,23.7,1.113727442439328,1.113727442439328,28,0,0.017924726136148,0.978662443748777,0.0614967806221246,0.842662340312313,0.0734717257546844,10,1,0.986950269493436,0.0454054609638888,0.825465638845115,0.071054478728219,20,1,t,t,3,3,,9.924,9.134,8.883,11.356349206349206,0.1365079365079365,0.6595238095238095,,,,681.3809523809524,,,,,,,,,0.4816135803798209,1.0,11.0,16.0,50.0,14.0,21.0,76.0,270.0,436.0,1.5,0.0262734884056018,0.40479982857481844,0.21553665849021011
8478109,2025020819,21,10,0,2026-01-25,2025,,7.745569768806479,6.866837215564831,6.912442396313364,8.482563619227143,28.5,27.5,1.0809707529558183,1.0809707529558183,2,0,0.0479691572545612,0.991711508143247,0.0173865815051177,0.826308171909046,0.0840775474614607,10,1,0.987514042929971,0.02476811596972,0.820417568079338,0.0770393312315611,20,1,t,t,3,3,,8.535,8.883,9.134,10.743627450980393,2.2416666666666667,0.0769607843137254,,,,644.6176470588235,,,,,,,,,0.5148910183150965,1.0,10.0,21.0,123.0,17.0,36.0,180.0,288.0,467.0,1.5,0.07839472331944813,0.4870813278938085,0.2827380256066283
8478443,2025020819,10,21,1,2026-01-25,2025,,3.182686187141948,2.5391451544646637,3.00895163110253,9.839187473550572,25.7,24.1,1.113727442439328,1.113727442439328,2,0,0.0015563508034537,0.970350877192982,0.0889473684210526,0.659672595671836,0.0314713309702894,10,1,0.982298215973247,0.0677291063634714,0.671044122664458,0.0355794250021945,18,1,t,t,3,3,,9.924,9.134,8.883,16.392592592592592,0.0907407407407407,2.900925925925926,,,,983.5555555555557,,,,,,,,,0.489173134486948,0.0,7.0,14.0,90.0,12.0,25.0,151.0,256.0,403.0,1.5,0.027560458660423164,0.4620071026439318,0.24478378065217749
8478462,2025020819,10,21,1,2026-01-25,2025,,2.6998650067496626,3.1049013084941226,3.592561284868977,5.766245287203371,28.5,27.5,1.0809707529558183,1.0809707529558183,2,0,0.0528236316246741,0.987785234899329,0.0366442953020134,0.771153520636034,0.0537502645855947,10,1,0.981807798057513,0.0530218982906483,0.769946975196092,0.0787537363856273,20,1,t,t,3,3,,9.924,9.134,8.883,11.584761904761905,1.0295238095238095,1.759047619047619,,,,695.0857142857143,,,,,,,,,0.5148910183150965,0.0,5.0,11.0,110.0,11.0,29.0,163.0,288.0,467.0,1.5,0.03635017253981287,0.48939475415171574,0.2628724633457643
8478904,2025020819,10,21,1,2026-01-25,2025,,8.868451305633108,7.210382951450088,5.995683108162123,9.613843935266784,25.7,24.1,1.113727442439328,1.113727442439328,2,0,0.0013878287419332,0.99646017699115,0.0106194690265487,0.837872760610881,0.0555774754608287,10,1,0.991139985098234,0.0314570054886058,0.839969839913457,0.056502170525201,20,1,t,t,3,3,,9.924,9.134,8.883,9.537222222222223,0.1694444444444444,2.0588888888888888,,,,572.2333333333333,,,,,,,,,0.489173134486948,0.0,8.0,17.0,84.0,10.0,22.0,121.0,256.0,403.0,1.5,0.02366067077083213,0.4337468705113722,0.22870377064110214
8479026,2025020819,10,21,1,2026-01-25,2025,,8.582326764144945,7.018569966369352,4.283781752592815,11.405176195350196,25.8,28.8,0.9827006845052892,0.9827006845052892,8,0,0.0001883481864052,0.990855457227139,0.0274336283185841,0.703373031171537,0.0436163694813661,10,1,0.99346818373367,0.0235507984701609,0.689245778022964,0.0507317213708164,14,1,t,t,3,3,,9.924,9.134,8.883,12.544117647058824,0.0,0.9872549019607844,,,,752.6470588235294,,,,,,,,,0.4759488415588852,0.0,6.0,19.0,42.0,9.0,26.0,66.0,273.0,404.0,1.5,0.02597897044641881,0.4500014212763912,0.23799019586140502
8479318,2025020819,10,21,1,2026-01-25,2025,,8.649427876385259,8.76490269073088,10.354130714823906,11.026813062532396,25.7,24.1,1.113727442439328,1.113727442439328,2,0,0.1142976099606451,0.956995979152933,0.0943998725110777,0.746010726270017,0.0503225096018494,10,1,0.967046680470284,0.0716913534899223,0.788088996052448,0.0636277739232646,20,1,t,t,3,3,,9.924,9.134,8.883,16.73787878787879,2.797979797979798,1.3863636363636365,,,,1004.2727272727273,,,,,,,,,0.489173134486948,1.0,19.0,36.0,302.0,27.0,56.0,451.0,256.0,403.0,1.5,0.07193788986253279,0.5144954439924697,0.29321666692750126
8479398,2025020819,21,10,0,2026-01-25,2025,,1.1951000896325068,1.854140914709518,3.124828682638013,4.326328800988875,32.2,35.1,0.9499439950217796,0.9499439950217796,2,0,0.0267465173355456,0.996364675117772,0.0072707391964306,0.623752511393617,0.0577900609137807,10,1,0.987977025641038,0.0402772979445074,0.665155955812689,0.0697653615020601,20,1,t,t,3,3,,8.535,8.883,9.134,16.43525641025641,0.3089743589743589,1.1705128205128204,,,,986.1153846153846,,,,,,,,,0.545447849221361,0.0,7.0,19.0,97.0,11.0,26.0,144.0,331.0,516.0,1.5,0.07802805946180881,0.4780675023069649,0.27804778088438686
8479442,2025020819,10,21,1,2026-01-25,2025,,5.874290189935382,3.5046728971962615,3.3777168592128453,8.761682242990654,31.3,30.7,0.91718730553827,0.91718730553827,2,0,0.0007395197576513,0.958178582566379,0.110606400662829,0.674844343038721,0.0481919124462317,10,1,0.964632128704251,0.0885685779161382,0.69098773094417,0.0512356546646456,20,1,t,t,3,3,,9.924,9.134,8.883,18.405555555555555,0.2354166666666666,2.254861111111111,,,,1104.3333333333333,,,,,,,,,0.516435825599132,0.0,4.0,12.0,57.0,7.0,19.0,84.0,324.0,478.0,1.5,0.03376802654805706,0.4974458170143381,0.2656069217811976
8479525,2025020819,21,10,0,2026-01-25,2025,,18.26086956521739,15.834715729150956,11.701133547312397,17.191977077363894,30.2,36.8,0.9499439950217796,0.9499439950217796,4,0,0.0473486812541048,0.996659822401603,0.0069793916581196,0.823850257849102,0.0631470669302746,10,1,0.99449058369261,0.0149724958343891,0.824904650709042,0.0660945770000037,20,1,t,t,3,3,,8.535,8.883,9.134,11.169791666666667,1.1098958333333333,0.0645833333333333,,,,670.1875,,,,,,,,,0.5439451124031105,1.0,10.0,16.0,119.0,20.0,28.0,192.0,304.0,475.0,1.5,0.09185066688808227,0.4859071284951707,0.2888788976916265
8480039,2025020819,21,10,0,2026-01-25,2025,,9.612952188211485,7.1984003554765605,8.17497310864109,9.064652299489001,32.2,35.1,0.9499439950217796,0.9499439950217796,2,0,0.1398337308583082,0.971352115888291,0.0348865057903907,0.880885489961091,0.0272316530344981,10,1,0.976289622344263,0.0342690717114419,0.858778703507968,0.0710174205013558,20,1,t,t,3,3,,8.535,8.883,9.134,16.64393939393939,4.204040404040404,0.2035353535353535,,,,998.6363636363636,,,,,,,,,0.545447849221361,1.0,12.0,23.0,204.0,22.0,37.0,315.0,331.0,516.0,1.5,0.13036128631636376,0.457395989863933,0.29387863809014836
8480069,2025020819,21,10,0,2026-01-25,2025,,5.921651989067719,4.471640385973171,5.574406204556471,8.237232289950576,32.2,35.1,0.9499439950217796,0.9499439950217796,2,0,0.1427287496975353,0.97370512234496,0.0351610962568539,0.76669528240762,0.0543273133897705,10,1,0.964301741891267,0.0567800592916225,0.747618926244403,0.054622451618229,20,1,t,t,3,3,,8.535,8.883,9.134,18.68763440860215,4.363978494623656,2.0435483870967746,,,,1121.258064516129,,,,,,,,,0.545447849221361,1.0,24.0,33.0,259.0,34.0,58.0,417.0,331.0,516.0,1.5,0.19800675006278565,0.4908420419062102,0.3444243959844979
8480448,2025020819,21,10,0,2026-01-25,2025,,4.060638873849485,4.707224876970259,5.466212469302067,8.986520219670494,33.1,34.4,1.1464841319228376,1.1464841319228376,2,0,0.0010629472155968,0.989455926612499,0.0236851338065672,0.753639733407754,0.079305438097756,10,1,0.99472796330625,0.0175581078883161,0.781771940256814,0.0802068246260871,20,1,t,t,3,3,,8.535,8.883,9.134,9.742424242424244,0.3373737373737373,2.230808080808081,,,,584.5454545454545,,,,,,,,,0.5445174105860043,0.0,8.0,16.0,98.0,16.0,26.0,154.0,322.0,496.0,1.5,0.07758562109149489,0.49122641430345737,0.28440601769747614
8480835,2025020819,21,10,0,2026-01-25,2025,,6.191151812201728,5.847953216374269,4.676373684769901,10.526315789473683,32.2,35.1,0.9499439950217796,0.9499439950217796,2,0,0.0311106502125894,0.99581715639222,0.0085683816584849,0.759989600348322,0.0699001584328593,10,1,0.99790857819611,0.006409573096901,0.764913029907206,0.0638509376054438,20,1,t,t,3,3,,8.535,8.883,9.134,11.73080808080808,0.4171717171717171,2.17020202020202,,,,703.8484848484848,,,,,,,,,0.545447849221361,0.0,8.0,12.0,98.0,15.0,30.0,162.0,331.0,516.0,1.5,0.08255368113559731,0.48347452959343756,0.28301410536451743
8481122,2025020819,10,21,1,2026-01-25,2025,,2.1812893843916625,2.44612696563774,1.7775671031581441,7.68782760629004,25.7,24.1,1.113727442439328,1.113727442439328,2,0,0.0007335666207361,0.970846311047519,0.0755701411538758,0.667014392079011,0.0334552758444647,10,1,0.953366786248887,0.108564939718633,0.660000116080416,0.0556201676312858,20,1,t,t,3,3,,9.924,9.134,8.883,15.192307692307692,0.0942307692307692,1.810897435897436,,,,911.5384615384615,,,,,,,,,0.489173134486948,0.0,3.0,12.0,55.0,6.0,18.0,85.0,256.0,403.0,1.5,0.022413059909002962,0.4436241077098028,0.23301858380940288
8481567,2025020819,10,21,1,2026-01-25,2025,,3.5902345619913834,2.776206878823711,2.7534080172762856,4.318544033725773,25.7,27.0,0.9827006845052892,0.9827006845052892,38,0,0.0106121327889933,0.870150375171975,0.108944663597684,0.611142962390265,0.0737984684071409,3,1,0.870150375171975,0.108944663597684,0.611142962390265,0.0737984684071409,3,1,t,t,3,3,,9.924,9.134,8.883,16.97222222222222,0.0,0.4777777777777777,,,,1018.3333333333331,,,,,,,,,0.4321364534043989,0.0,4.0,13.0,49.0,6.0,19.0,70.0,261.0,389.0,1.5,0.025515695084369888,0.4404618683513462,0.23298878171785806
8481582,2025020819,10,21,1,2026-01-25,2025,,5.680921571721635,6.338028169014085,8.960053096610942,8.97887323943662,26.0,24.4,1.113727442439328,1.113727442439328,2,0,0.041000426261685,0.99488188976378,0.0153543307086614,0.85311866558951,0.0420744002185769,10,1,0.965981398319006,0.0913810065355762,0.821489569629006,0.0777532336584631,20,1,t,t,3,3,,9.924,9.134,8.883,10.8328125,1.1942708333333332,0.1494791666666666,,,,649.96875,,,,,,,,,0.480545796912242,1.0,10.0,20.0,112.0,16.0,30.0,172.0,252.0,402.0,1.5,0.03448632749943822,0.4649376306454184,0.2497119790724283
8481641,2025020819,21,10,0,2026-01-25,2025,,4.166666666666666,4.983980064079744,4.18230563002681,4.983980064079744,32.2,35.1,0.9499439950217796,0.9499439950217796,2,0,0.0023505824605067,1.0,0.0,0.855007663159265,0.0605239566881701,10,1,0.984441317196735,0.0595014505108336,0.804929699161045,0.0803318025561845,17,1,t,t,3,3,,8.535,8.883,9.134,8.054629629629629,0.0925925925925925,1.0129629629629628,,,,483.27777777777777,,,,,,,,,0.545447849221361,0.0,7.0,13.0,86.0,13.0,23.0,127.0,331.0,516.0,1.5,0.06830617711454533,0.4810556945435884,0.27468093582906683
8481711,2025020819,10,21,1,2026-01-25,2025,,5.223068552774755,6.021962451292951,4.878658994245684,6.376195536663124,29.7,26.8,1.0459713758726157,1.0459713758726157,2,0,0.0782837954592013,0.980748344358471,0.0303951643445565,0.864905299632037,0.0603972068819222,10,1,0.983489131785513,0.0266533670470242,0.867470071461002,0.0529201081954025,20,1,t,t,3,3,,9.924,9.134,8.883,13.12948717948718,2.094871794871795,0.1282051282051282,,,,787.7692307692307,,,,,,,,,0.502345240526932,1.0,11.0,25.0,148.0,16.0,33.0,203.0,308.0,446.0,1.5,0.04489241129645877,0.49720471960634005,0.27104856545139944
8482072,2025020819,21,10,0,2026-01-25,2025,,2.018502943650126,1.9382975286706507,1.9382975286706507,4.845743821676627,30.4,32.1,0.9499439950217796,0.9499439950217796,2,0,0.000630854851533,1.0,0.0,0.678002510363151,0.0136349908581733,3,1,1.0,0.0,0.678002510363151,0.0136349908581733,3,1,t,t,3,3,,8.535,8.883,9.134,10.522222222222222,0.0,0.0111111111111111,,,,631.3333333333334,,,,,,,,,0.5443016186419697,0.0,0.0,0.0,0.0,1.0,1.0,1.0,308.0,472.0,1.5,0.036546121043603004,0.38395705667068164,0.21025158885714232
8482259,2025020819,10,21,1,2026-01-25,2025,,7.334963325183375,7.913194652598765,8.648980217758012,10.071338648762064,25.7,24.1,1.113727442439328,1.113727442439328,2,0,0.0508936625791805,0.992866756393001,0.021399730820996,0.812401283382874,0.10603429243224,10,1,0.982564922553795,0.0498228906206903,0.807346132469194,0.0920601972434762,20,1,t,t,3,3,,9.924,9.134,8.883,14.283333333333331,0.7289215686274509,0.3627450980392156,,,,857.0,,,,,,,,,0.489173134486948,0.0,7.0,16.0,182.0,10.0,22.0,251.0,256.0,403.0,1.5,0.029887653090794143,0.5081071660043684,0.2689974095475813
8482720,2025020819,10,21,1,2026-01-25,2025,,3.7543018041505887,3.579369813981235,5.675021559518179,5.531753348880091,25.7,24.1,1.113727442439328,1.113727442439328,2,0,0.1069520306908413,0.986211969812275,0.0272482144833787,0.813544503005393,0.0792036054212752,10,1,0.981593564231378,0.0347377576213432,0.817618385507306,0.073072711911841,20,1,t,t,3,3,,9.924,9.134,8.883,15.154761904761903,2.5971428571428574,0.929047619047619,,,,909.2857142857142,,,,,,,,,0.489173134486948,1.0,12.0,24.0,177.0,18.0,31.0,256.0,256.0,403.0,1.5,0.041350593899585876,0.4906775312606993,0.2660140625801426
8482947,2025020819,21,10,0,2026-01-25,2025,,3.7511722413254143,2.4141630901287554,3.8382804503582393,8.851931330472102,,,,,2,0,,1.0,0.0,0.820988321528589,0.0555387091642587,10,1,0.981532076079948,0.0554045469708317,0.816212134157814,0.071304853428155,20,1,t,t,3,3,,8.535,8.883,9.134,6.792063492063492,0.1468253968253968,0.1706349206349206,,,,407.5238095238095,,,,,,,,,,,,,,,,,,,1.5,0.008566318435910329,0.509370483840748,0.2589684011383292
8482953,2025020819,21,10,0,2026-01-25,2025,,6.289308176100628,8.587786259541984,8.587786259541984,10.019083969465647,,,,,2,0,,1.0,0.0,0.886847563844199,0.0969378142964133,7,1,1.0,0.0,0.886847563844199,0.0969378142964133,7,1,t,t,3,3,,8.535,8.883,9.134,5.930952380952381,0.0571428571428571,0.0,,,,355.85714285714283,,,,,,,,,,,,,,,,,,,1.5,0.008567702483415537,0.4853774325569129,0.24697256752016422
8484149,2025020819,21,10,0,2026-01-25,2025,,7.140023800079334,4.882459312839059,6.263900866960192,7.052441229656419,,,,,2,0,,0.993116807302447,0.0138887224294762,0.779959689119151,0.0662232759118692,10,1,0.981491933931873,0.0657081361987772,0.793191634437152,0.098230926661672,20,1,t,t,3,3,,8.535,8.883,9.134,9.436,1.4846666666666668,0.0686666666666666,,,,566.16,,,,,,,,,,,,,,,,,,,1.5,0.009076562080435375,0.5362024816485361,0.27263952186448576
8484158,2025020819,10,21,1,2026-01-25,2025,,5.180452426178553,6.117767015039511,6.96668802049968,8.666836604639307,,,,,2,0,,0.993891199408276,0.015653185952848,0.824323104518091,0.0625435379348206,10,1,0.975400908001915,0.0665646221588587,0.807529430527224,0.0943348184835989,20,1,t,t,3,3,,9.924,9.134,8.883,11.529885057471263,1.3350574712643677,0.125287356321839,,,,691.7931034482758,,,,,,,,,,,,,,,,,,,1.5,0.005253216911961283,0.5179728922058335,0.2616130545588974
8484258,2025020819,21,10,0,2026-01-25,2025,,10.766905931242915,8.10179174240457,7.159308488497933,13.08750973773046,33.1,34.4,1.1464841319228376,1.1464841319228376,2,0,0.0087196239068063,0.991162528640206,0.0101648933888221,0.702811447680001,0.0727135879376397,10,1,0.986784491864426,0.0340778257400116,0.705075813375904,0.0597758303418574,20,1,t,t,3,3,,8.535,8.883,9.134,15.755913978494624,0.225268817204301,0.8876344086021505,,,,945.3548387096774,,,,,,,,,0.5445174105860043,1.0,13.0,23.0,118.0,21.0,33.0,170.0,322.0,496.0,1.5,0.11060732250689703,0.4961891758211346,0.3033982491640158
8474149,2025020820,1,55,0,2026-01-25,2025,,3.697617091207888,4.078857919782461,3.9540576162681225,5.826939885403515,24.5,26.3,0.9827006845052892,0.9827006845052892,2,0,0.0325820798560791,0.997400756143667,0.0068769528406688,0.848313004824184,0.0483154782189695,8,1,0.997400756143667,0.0068769528406688,0.848313004824184,0.0483154782189695,8,1,t,t,3,3,,7.87,8.059,8.106,8.864583333333332,0.9645833333333332,0.11875,,,,531.875,,,,,,,,,0.4455827655687726,0.0,3.0,11.0,132.0,13.0,23.0,206.0,235.0,397.0,1.5,0.05982473112642752,0.4559386820746086,0.25788170660051807
8474586,2025020820,55,1,1,2026-01-25,2025,,3.936577364680153,4.2885418957554435,6.258749897060034,6.267868924565648,28.2,24.4,1.015457373988799,1.015457373988799,2,0,0.0549278620020398,0.977140950832711,0.0225407632608028,0.862766054669311,0.047390070107833,10,1,0.969756538627838,0.0277028992432656,0.878237689104775,0.0438748088297562,20,1,t,t,3,3,,8.349,8.106,8.059,15.4510101010101,2.5156565656565655,0.3429292929292929,,,,927.0606060606061,,,,,,,,,0.4961302391121783,0.0,7.0,15.0,61.0,13.0,25.0,96.0,280.0,434.0,1.5,0.059651038141093786,0.4342185387041737,0.24693478842263375
8475455,2025020820,1,55,0,2026-01-25,2025,,2.4407607037526695,2.715546503733876,2.221209704977788,6.788866259334691,25.2,28.6,1.0809707529558183,1.0809707529558183,2,0,0.0040718013419739,0.998384388247988,0.0040247606149649,0.70768884696571,0.0404047672465013,10,1,0.995114029298166,0.0178370487161918,0.722449020864371,0.0366897635503919,20,1,t,t,3,3,,7.87,8.059,8.106,16.31722222222222,0.0772222222222222,2.305555555555556,,,,979.0333333333333,,,,,,,,,0.5021646123475126,0.0,4.0,10.0,47.0,9.0,22.0,98.0,247.0,408.0,1.5,0.054382522437273366,0.42516003271861125,0.2397712775779423
8475768,2025020820,55,1,1,2026-01-25,2025,,5.673375658516818,5.824488739321771,6.513872135102533,9.707481232202952,28.2,24.4,1.015457373988799,1.015457373988799,2,0,0.1006961292047491,0.963695627849621,0.0558539118741722,0.78765271649015,0.0905983303708369,10,1,0.965869987304936,0.0649594322767034,0.781558987436197,0.0891856105035307,17,1,t,t,3,3,,8.349,8.106,8.059,13.587254901960783,1.857843137254902,1.0598039215686277,,,,815.2352941176471,,,,,,,,,0.4961302391121783,1.0,12.0,28.0,184.0,19.0,39.0,278.0,280.0,434.0,1.5,0.0842384230888147,0.4763760008695679,0.2803072119791913
8476292,2025020820,1,55,0,2026-01-25,2025,,3.3994334277620397,2.0249746878164023,4.6981442330279535,5.062436719541005,27.5,25.9,1.0809707529558183,1.0809707529558183,2,0,0.0332243696354495,0.997818181818182,0.0065454545454545,0.889678300145469,0.0768993156673268,10,1,0.989739885226561,0.0247081543671019,0.86277241396592,0.0746716557596997,20,1,t,t,3,3,,7.87,8.059,8.106,11.906451612903224,0.9317204301075268,0.4403225806451612,,,,714.3870967741935,,,,,,,,,0.4832535867852125,0.0,4.0,11.0,95.0,7.0,16.0,150.0,256.0,431.0,1.5,0.054045359236417935,0.4583237209465269,0.2561845400914724
8476457,2025020820,55,1,1,2026-01-25,2025,,3.475238922675934,3.567834598847315,3.463126581716468,8.782362089470313,28.2,24.4,1.015457373988799,1.015457373988799,2,0,0.0047233802370602,0.998774941533562,0.002621531007371,0.726792270579715,0.0368127470448535,10,1,0.984572811808,0.0584536401160014,0.713023341774279,0.0515408362704742,20,1,t,t,3,3,,8.349,8.106,8.059,19.49427083333333,0.203125,2.69375,,,,1169.65625,,,,,,,,,0.4961302391121783,0.0,8.0,20.0,106.0,10.0,25.0,170.0,280.0,434.0,1.5,0.05356985801739147,0.4339486229430487,0.24375924048022007
8476462,2025020820,1,55,0,2026-01-25,2025,,5.141877737573795,7.207873215358314,7.1788500034513705,9.98013214434228,27.5,25.9,1.0809707529558183,1.0809707529558183,2,0,0.1023207356005429,0.987873356742597,0.0304245011788425,0.710684723045148,0.034244771031852,10,1,0.974662591386279,0.0416697096575638,0.711659092103851,0.0330655108715384,20,1,t,t,3,3,,7.87,8.059,8.106,19.407142857142855,1.7589285714285714,1.380952380952381,,,,1164.4285714285713,,,,,,,,,0.4832535867852125,1.0,12.0,32.0,187.0,24.0,52.0,287.0,256.0,431.0,1.5,0.15229939118955182,0.5259294923573866,0.3391144417734692
8476467,2025020820,55,1,1,2026-01-25,2025,,2.103786816269285,1.4453477868112015,2.55790819951684,5.0587172538392045,32.1,32.8,0.91718730553827,0.91718730553827,2,0,0.0034063790388861,0.998007033997655,0.0059788980070339,0.732124787542592,0.0328936586984118,10,1,0.971040439055186,0.0803422429179294,0.715153507559381,0.0519084851545942,20,1,t,t,3,3,,8.349,8.106,8.059,14.755,0.08,2.0588888888888888,,,,885.3,,,,,,,,,0.5317500213303181,0.0,6.0,12.0,64.0,8.0,18.0,111.0,317.0,475.0,1.5,0.05839987712798026,0.49239374869466396,0.2753968129113221
8476474,2025020820,1,55,0,2026-01-25,2025,,7.978723404255319,8.068854222700375,8.257913834091003,10.758472296933837,27.5,25.9,1.0809707529558183,1.0809707529558183,17,0,0.0963277322169333,0.962470472664282,0.0722140126924603,0.747422931262255,0.0945039688109121,10,1,0.977923109037037,0.0542120926553637,0.78158617605531,0.101425618140877,20,1,t,t,3,3,,7.87,8.059,8.106,10.645454545454545,2.1075757575757574,0.106060606060606,,,,638.7272727272727,,,,,,,,,0.4832535867852125,1.0,12.0,21.0,168.0,18.0,32.0,253.0,256.0,431.0,1.5,0.09216425866253404,0.4760923341342281,0.28412829639838105
8476822,2025020820,1,55,0,2026-01-25,2025,,5.092297899427117,6.077795786061588,3.6930652441526464,12.155591572123177,24.7,23.7,0.9499439950217796,0.9499439950217796,8,0,0.0007441464905519,0.997689075630252,0.0069327731092437,0.794696110499417,0.0361457495852379,10,1,0.994217914438503,0.0205275965752291,0.788456855278802,0.0603373014524461,20,1,t,t,3,3,,7.87,8.059,8.106,8.522413793103448,0.1316091954022988,1.5724137931034483,,,,511.34482758620686,,,,,,,,,0.4999652018805291,0.0,4.0,8.0,50.0,6.0,12.0,73.0,258.0,431.0,1.5,0.037257689528611526,0.36089105610325867,0.1990743728159351
8476905,2025020820,55,1,1,2026-01-25,2025,,2.666962995888432,2.2722354468729713,3.870668077310144,4.544470893745943,28.2,24.4,1.015457373988799,1.015457373988799,2,0,0.106904849138998,0.96673478148968,0.0406972147929245,0.777414032383154,0.0770001272149854,10,1,0.965069029715683,0.0361249058235571,0.774533123845614,0.0684013201332307,20,1,t,t,3,3,,8.349,8.106,8.059,14.972727272727273,2.507070707070707,2.1282828282828286,,,,898.3636363636364,,,,,,,,,0.4961302391121783,0.0,5.0,13.0,69.0,7.0,18.0,100.0,280.0,434.0,1.5,0.05082085176082894,0.42473043822887147,0.2377756449948502
8477015,2025020820,1,55,0,2026-01-25,2025,,4.567948229920061,5.0,5.547602004294918,5.384615384615385,31.5,30.7,0.9499439950217796,0.9499439950217796,2,0,0.0082416358533434,0.998653198653199,0.004040404040404,0.75093629970061,0.0772957808046136,10,1,0.988440281532841,0.0316539978388735,0.773083152240878,0.0658482556769199,20,1,t,t,3,3,,7.87,8.059,8.106,14.722988505747127,0.7925287356321838,1.7885057471264367,,,,883.3793103448276,,,,,,,,,0.5117929684562749,0.0,6.0,14.0,148.0,11.0,25.0,210.0,313.0,470.0,1.5,0.08550843693712584,0.5141532391813296,0.2998308380592277
8477488,2025020820,1,55,0,2026-01-25,2025,,4.995836802664447,3.890468352536286,4.2808640456625495,8.379470297770462,27.5,25.9,1.0809707529558183,1.0809707529558183,2,0,0.0060025616027221,0.997570007859642,0.0050254058483388,0.711471982226412,0.0524268513908321,10,1,0.980359076698811,0.0729582627864575,0.703033242520072,0.0570883129447676,18,1,t,t,3,3,,7.87,8.059,8.106,19.614166666666662,0.125,2.334166666666667,,,,1176.85,,,,,,,,,0.4832535867852125,0.0,8.0,17.0,104.0,12.0,27.0,143.0,256.0,431.0,1.5,0.08140932070847551,0.5015093821128006,0.29145935141063806
8477919,2025020820,55,1,1,2026-01-25,2025,,3.0230507620607128,3.9030159668835007,4.75503099261272,7.09639266706091,29.8,24.4,0.9827006845052892,0.9827006845052892,2,0,0.0513563810750841,0.994336060223398,0.0131921920234527,0.793324127182032,0.0603705740968537,10,1,0.994343450946417,0.0131319854118031,0.807789049925322,0.0607854708251875,20,1,t,t,3,3,,8.349,8.106,8.059,14.09,0.5788888888888888,2.1005555555555557,,,,845.4,,,,,,,,,0.5033598094195424,0.0,4.0,13.0,104.0,7.0,19.0,145.0,304.0,472.0,1.5,0.0515954121387259,0.4711955750022788,0.26139549357050235
8477955,2025020820,55,1,1,2026-01-25,2025,,9.112770535375269,8.644495137471484,8.879023307436183,11.525993516628645,28.2,24.4,1.015457373988799,1.015457373988799,2,0,0.1110538980264786,0.960300385447546,0.052251861058338,0.794827309096341,0.118306322947485,10,1,0.970452681926029,0.0422040312648507,0.850782029695903,0.108542923604372,19,1,t,t,3,3,,8.349,8.106,8.059,13.48181818181818,2.478030303030303,0.3598484848484848,,,,808.9090909090909,,,,,,,,,0.4961302391121783,1.0,13.0,31.0,190.0,19.0,43.0,297.0,280.0,434.0,1.5,0.0864776482351509,0.488040306021076,0.28725897712811344
8477986,2025020820,55,1,1,2026-01-25,2025,,7.4128984432913265,7.549461992363764,7.135964813859031,10.673377299548768,28.2,24.4,1.015457373988799,1.015457373988799,2,0,0.1036866131284224,0.947925422406184,0.0264663732435695,0.654607871896214,0.0400640217454508,10,1,0.925991565173004,0.101341251189448,0.659482262898466,0.0532594345822525,19,1,t,t,3,3,,8.349,8.106,8.059,21.457894736842103,0.6991228070175438,0.3719298245614035,,,,1287.4736842105265,,,,,,,,,0.4961302391121783,1.0,13.0,28.0,222.0,19.0,40.0,348.0,280.0,434.0,1.5,0.0938558143705272,0.492375473418706,0.29311564389461664
8477996,2025020820,1,55,0,2026-01-25,2025,,0.0,1.78359096313912,3.3251045392715,3.56718192627824,,,,,8,0,,0.997822931785196,0.0065312046444122,0.868118155094068,0.0736823523794148,10,1,0.998185776487663,0.0060170986762616,0.842695886238432,0.0900380713462783,12,1,t,t,3,3,,7.87,8.059,8.106,9.990277777777775,0.1861111111111111,0.2416666666666666,,,,599.4166666666666,,,,,,,,,,,,,,,,,,,1.5,0.010526049655056538,0.517554060229881,0.2640400549424688
8478399,2025020820,1,55,0,2026-01-25,2025,,1.6909347111319868,2.0172910662824206,2.3376433632843887,6.9164265129683,27.5,25.9,1.0809707529558183,1.0809707529558183,2,0,0.0011756609508516,0.998247981232826,0.0032804627686226,0.739184265120837,0.0377835731557293,10,1,0.990669658109442,0.0325973697923381,0.739059395712888,0.0302493589674022,20,1,t,t,3,3,,7.87,8.059,8.106,19.113888888888887,0.2127777777777777,1.5038888888888888,,,,1146.8333333333333,,,,,,,,,0.4832535867852125,0.0,8.0,15.0,52.0,11.0,24.0,81.0,256.0,431.0,1.5,0.07070227567366508,0.44207657634659137,0.2563894260101282
8478407,2025020820,55,1,1,2026-01-25,2025,,6.514657980456025,6.210900580584185,5.209999542982496,8.911292137359917,28.2,24.4,1.015457373988799,1.015457373988799,2,0,0.0837632566567974,0.96029338125445,0.0393008885471841,0.729563141667023,0.0628835832442778,10,1,0.936695869814393,0.0883001571619775,0.717302023779606,0.0660095094829777,20,1,t,t,3,3,,8.349,8.106,8.059,19.119354838709675,2.674193548387097,0.1908602150537634,,,,1147.1612903225805,,,,,,,,,0.4961302391121783,0.0,4.0,14.0,128.0,8.0,23.0,173.0,280.0,434.0,1.5,0.06339624508733674,0.4619463012832369,0.2626712731852868
8478414,2025020820,1,55,0,2026-01-25,2025,,10.691613765452724,11.373773416592329,11.787819253438112,14.049955396966991,27.5,25.9,1.0809707529558183,1.0809707529558183,2,0,0.0813500028674657,0.971212034153369,0.0558910031107478,0.836400297286544,0.0541720878607746,10,1,0.969220602752535,0.0459542019295872,0.839912951666595,0.0490764667976195,20,1,t,t,3,3,,7.87,8.059,8.106,16.583333333333332,1.9555555555555555,0.2753086419753086,,,,995.0,,,,,,,,,0.4832535867852125,1.0,17.0,30.0,245.0,38.0,64.0,409.0,256.0,431.0,1.5,0.2026360641740915,0.5168920959247354,0.35976408004941346
8478841,2025020820,1,55,0,2026-01-25,2025,,1.9636720667648504,3.4762456546929315,2.899834870514318,6.952491309385863,,,,,19,0,,0.987287234776624,0.0236568745064004,0.759369332190467,0.0386942390552035,10,1,0.98940602898052,0.0221092636068074,0.764553939946208,0.0372681225370782,12,1,t,t,3,3,,7.87,8.059,8.106,13.214285714285714,0.0357142857142857,0.2523809523809523,,,,792.8571428571429,,,,,,,,,,,,,,,,,,,1.5,0.01114311523286237,0.5079409345240495,0.25954202487845596
8479324,2025020820,55,1,1,2026-01-25,2025,,2.258469259723965,2.3510971786833856,2.5458113447718054,8.06090461262875,33.1,34.4,1.1464841319228376,1.1464841319228376,2,0,0.0005790037678454,1.0,0.0,0.734223568950131,0.0507220156134475,10,1,0.981397306397306,0.081087261491792,0.715811056162177,0.0616507067610065,20,1,t,t,3,3,,8.349,8.106,8.059,16.318229166666665,0.1645833333333333,2.5322916666666666,,,,979.09375,,,,,,,,,0.5445174105860043,0.0,5.0,15.0,67.0,13.0,27.0,117.0,322.0,496.0,1.5,0.07856467460412103,0.5101123575814462,0.2943385160927836
8479372,2025020820,55,1,1,2026-01-25,2025,,1.4938379185858335,1.5840538578311663,2.3371311714869996,7.52425582469804,29.7,25.9,1.113727442439328,1.113727442439328,33,0,0.0013269034628219,0.991376537154069,0.0239230781181059,0.715936446382703,0.0292922314964553,10,1,0.992813780961724,0.0220738851213535,0.709840309012783,0.0306685086216914,12,1,t,t,3,3,,8.349,8.106,8.059,13.645833333333332,0.1736111111111111,1.2916666666666667,,,,818.75,,,,,,,,,0.5093164064167163,0.0,5.0,14.0,55.0,7.0,21.0,82.0,302.0,443.0,1.5,0.04567182827407971,0.38314213730581315,0.21440698278994644
8479407,2025020820,1,55,0,2026-01-25,2025,,1.400070003500175,4.877784401929435,6.7019494162389295,6.503712535905913,27.5,25.9,1.0809707529558183,1.0809707529558183,2,0,0.126072910095391,0.982741266026717,0.0309634403843703,0.892222021646065,0.0415417192892928,10,1,0.975168551196618,0.0336746127656086,0.866404583162529,0.0547123305293853,20,1,t,t,3,3,,7.87,8.059,8.106,15.841145833333332,2.802604166666667,0.9244791666666666,,,,950.46875,,,,,,,,,0.4832535867852125,1.0,17.0,31.0,187.0,19.0,41.0,292.0,256.0,431.0,1.5,0.1087867065395685,0.4953957480006639,0.30209122727011617
8479985,2025020820,55,1,1,2026-01-25,2025,,2.0274836674926786,3.851091142490372,5.099717694199072,8.664955070603337,30.8,25.1,1.015457373988799,1.015457373988799,10,0,0.0009803242001445,0.996698802733028,0.0067399152410781,0.733565940196517,0.0422931850973501,10,1,0.996698802733028,0.0067399152410781,0.733565940196517,0.0422931850973501,10,1,t,t,3,3,,8.349,8.106,8.059,17.175641025641024,0.0782051282051282,0.7794871794871794,,,,1030.5384615384617,,,,,,,,,0.528338507471043,0.0,9.0,14.0,14.0,13.0,22.0,22.0,321.0,480.0,1.5,0.05644848625283609,0.43551018525658486,0.24597933575471048
8479996,2025020820,1,55,0,2026-01-25,2025,,13.542107490478204,10.042937195255076,7.388657043168914,14.409431627974675,27.5,25.9,1.0809707529558183,1.0809707529558183,2,0,0.0218787635487755,0.99129111163682,0.0224851077833412,0.820745957235242,0.0636309486043508,10,1,0.986049626852729,0.0291140431814235,0.837375897513981,0.0508502939897081,20,1,t,t,3,3,,7.87,8.059,8.106,14.075,0.7136904761904761,0.3011904761904761,,,,844.5,,,,,,,,,0.4832535867852125,0.0,8.0,12.0,93.0,12.0,18.0,139.0,256.0,431.0,1.5,0.06494196581766423,0.4711371633223013,0.2680395645699828
8480002,2025020820,1,55,0,2026-01-25,2025,,4.224502112251056,7.487760391667467,8.203602868862289,8.92771431314198,27.5,25.9,1.0809707529558183,1.0809707529558183,2,0,0.1179197491923304,0.979214424406617,0.0418573186421936,0.840371428979892,0.0488584510908632,10,1,0.972167090405937,0.0425074493566093,0.83996525117273,0.0497762489566472,20,1,t,t,3,3,,7.87,8.059,8.106,16.71302083333333,2.95625,1.540625,,,,1002.78125,,,,,,,,,0.4832535867852125,1.0,12.0,18.0,191.0,17.0,28.0,272.0,256.0,431.0,1.5,0.10276454467459228,0.48170984828322444,0.29223719647890833
8480009,2025020820,55,1,1,2026-01-25,2025,,6.688963210702341,6.334223436626715,6.648293888683694,10.805439980127925,28.2,24.4,1.015457373988799,1.015457373988799,2,0,0.0361036569063344,0.981666199212984,0.0222160999461363,0.836983795083653,0.0684448173861966,10,1,0.979790486218293,0.0258656552064752,0.847829403976302,0.055317654509643,20,1,t,t,3,3,,8.349,8.106,8.059,13.575,2.051470588235294,1.2299019607843136,,,,814.5,,,,,,,,,0.4961302391121783,1.0,10.0,17.0,127.0,15.0,25.0,199.0,280.0,434.0,1.5,0.059730153026557736,0.46822883711080804,0.2639794950686829
8480192,2025020820,1,55,0,2026-01-25,2025,,2.128414331323164,2.1451555237754736,2.615376232768485,6.077940650697175,26.2,24.8,1.0482140634723087,1.0482140634723087,2,0,0.0031828869645007,1.0,0.0,0.751737412702614,0.0449181250758143,5,1,1.0,0.0,0.751737412702614,0.0449181250758143,5,1,t,t,3,3,,7.87,8.059,8.106,15.306666666666667,0.21,1.3966666666666667,,,,918.4,,,,,,,,,0.4893213757429009,0.0,6.0,12.0,75.0,12.0,20.0,128.0,258.0,421.0,1.5,0.055454514855611994,0.39720232718912096,0.22632842102236647
8481032,2025020820,1,55,0,2026-01-25,2025,,3.778337531486146,3.1652247309558974,4.646289800938368,6.330449461911796,27.5,25.9,1.0809707529558183,1.0809707529558183,2,0,0.0202920991760815,0.998007246376812,0.0059782608695652,0.827813149230378,0.0789528213994004,10,1,0.989487285187619,0.0291557656166501,0.7984927942783,0.0712588101159243,20,1,t,t,3,3,,7.87,8.059,8.106,11.289655172413791,0.4178160919540229,0.1827586206896551,,,,677.3793103448276,,,,,,,,,0.4832535867852125,0.0,6.0,11.0,93.0,8.0,15.0,148.0,256.0,431.0,1.5,0.05239282387904609,0.45425307665711123,0.25332295026807866
8481554,2025020820,55,1,1,2026-01-25,2025,,3.4236804564907275,5.1570247933884295,6.163226084363299,6.347107438016529,28.2,24.4,1.015457373988799,1.015457373988799,2,0,0.0696624317981522,0.984991484735015,0.0250422288375093,0.853971906040443,0.0842380684048441,10,1,0.98773912438881,0.0225015267094233,0.867489456027342,0.0654343651267773,20,1,t,t,3,3,,8.349,8.106,8.059,12.797222222222222,1.5022222222222221,0.1222222222222222,,,,767.8333333333333,,,,,,,,,0.4961302391121783,0.0,6.0,14.0,107.0,11.0,24.0,163.0,280.0,434.0,1.5,0.05581980300600743,0.45615869692151334,0.2559892499637604
8481559,2025020820,1,55,0,2026-01-25,2025,,8.476970895733258,9.107216779356976,10.143934201507882,10.487098109562575,25.8,24.2,1.015457373988799,1.015457373988799,2,0,0.1087247424059949,0.978177579637672,0.0394889937497745,0.829022708288604,0.0528638610007111,10,1,0.965259016885648,0.0499063781377943,0.797234003831829,0.0648128019782034,20,1,t,t,3,3,,7.87,8.059,8.106,18.865151515151517,2.724242424242424,0.6818181818181818,,,,1131.9090909090908,,,,,,,,,0.4695872396928489,1.0,18.0,37.0,218.0,26.0,49.0,306.0,277.0,420.0,1.5,0.126444916263315,0.5048367088561486,0.3156408125597318
8481721,2025020820,1,55,0,2026-01-25,2025,,9.33786078098472,9.373726395870126,7.511365882585491,9.781279717429696,,,,,2,0,,0.985860040508617,0.0269005541855241,0.835757914187525,0.0551890958349985,10,1,0.980143323930731,0.0326142498498157,0.838383023436652,0.0590432445623622,20,1,t,t,3,3,,7.87,8.059,8.106,14.264880952380953,1.200595238095238,0.0982142857142857,,,,855.8928571428571,,,,,,,,,,,,,,,,,,,1.5,0.011555422526736324,0.5180778454811151,0.26481663400392574
8481789,2025020820,55,1,1,2026-01-25,2025,,4.69208211143695,5.104753801978092,4.149582571753198,7.019036477719877,28.2,24.4,1.015457373988799,1.015457373988799,15,0,0.0020596710467683,0.994238683127572,0.0172839506172839,0.922133867907021,0.032719367783044,10,1,0.965699591174685,0.0920623139243014,0.828733253746756,0.115708244810685,20,1,t,t,3,3,,8.349,8.106,8.059,9.461363636363636,0.1651515151515151,0.8257575757575757,,,,567.6818181818181,,,,,,,,,0.4961302391121783,0.0,5.0,13.0,53.0,8.0,20.0,78.0,280.0,434.0,1.5,0.043292233017390415,0.38613378762115624,0.21471301031927334
8482110,2025020820,1,55,0,2026-01-25,2025,,3.136107045787163,4.900359359686377,6.212534059945504,6.533812479581836,27.5,25.9,1.0809707529558183,1.0809707529558183,2,0,0.0709984515685037,0.978874484487358,0.0463989659058899,0.835169296086365,0.0452498104880478,10,1,0.968798747836568,0.0486375946316775,0.838049359538945,0.0485221074961792,20,1,t,t,3,3,,7.87,8.059,8.106,15.759895833333331,1.7963541666666667,1.4901041666666668,,,,945.59375,,,,,,,,,0.4832535867852125,0.0,8.0,17.0,144.0,19.0,31.0,219.0,256.0,431.0,1.5,0.09730150876348642,0.5000945793515948,0.29869804405754063
8482665,2025020820,55,1,1,2026-01-25,2025,,6.451612903225806,6.5359477124183005,6.8277449916638,9.337068160597573,28.2,24.4,1.015457373988799,1.015457373988799,2,0,0.1105488825294344,0.963926190989252,0.0363414898708401,0.850666138610788,0.052709059327022,10,1,0.967807080898795,0.0335588240583915,0.862875813556898,0.0458948668929721,20,1,t,t,3,3,,8.349,8.106,8.059,15.85190476190476,2.4595238095238097,0.9276190476190476,,,,951.1142857142856,,,,,,,,,0.4961302391121783,0.0,7.0,18.0,138.0,12.0,27.0,228.0,280.0,434.0,1.5,0.0607027780830344,0.45738200833778686,0.2590423932104106
8482684,2025020820,1,55,0,2026-01-25,2025,,4.7114252061248525,4.271476032273374,5.102597091083538,5.695301376364499,25.6,25.0,1.0482140634723087,1.0482140634723087,6,0,0.0638966947678308,0.983500743602156,0.0280895485070699,0.727956360983156,0.0433612280768962,10,1,0.975212345829357,0.0367576497063067,0.710721764159114,0.0427204672498683,20,1,t,t,3,3,,7.87,8.059,8.106,20.55238095238095,2.019047619047619,1.2333333333333332,,,,1233.142857142857,,,,,,,,,0.5076591178420181,1.0,18.0,30.0,119.0,27.0,46.0,177.0,252.0,412.0,1.5,0.12614979237309795,0.4833722510248961,0.30476102169899705
8482751,2025020820,55,1,1,2026-01-25,2025,,5.482456140350877,4.284566633937338,6.304536525195303,8.033562438632508,28.0,26.3,0.8844306160547604,0.8844306160547604,2,0,0.0,0.99756446991404,0.0073065902578796,0.894754821270248,0.0464583167407536,10,1,0.996586696644084,0.0086075613621587,0.875967706856553,0.0649480208697798,20,1,t,t,3,3,,8.349,8.106,8.059,10.474242424242425,0.1732323232323232,1.0308080808080808,,,,628.4545454545455,,,,,,,,,0.5084689487895976,1.0,10.0,11.0,11.0,11.0,12.0,12.0,297.0,446.0,1.5,0.041221540481909014,0.4322656291042079,0.23674358479305846
8482858,2025020820,55,1,1,2026-01-25,2025,,0.7111532535261348,1.4246705449364834,1.350438892640108,5.342514543511813,28.2,24.4,1.015457373988799,1.015457373988799,2,0,0.0308158475843425,0.996317432112265,0.0073673555078797,0.722771123687079,0.0483679561528287,10,1,0.973999811914166,0.0758072980292651,0.714187886999244,0.0550075940757372,20,1,t,t,3,3,,8.349,8.106,8.059,16.342753623188404,0.6826086956521739,0.5239130434782608,,,,980.5652173913045,,,,,,,,,0.4961302391121783,0.0,9.0,11.0,57.0,12.0,17.0,104.0,280.0,434.0,1.5,0.04813123664582158,0.43343058070323975,0.24078090867453067
8482874,2025020820,55,1,1,2026-01-25,2025,,3.4535686876438985,4.526166902404526,4.455721269880562,6.789250353606789,,,,,2,0,,1.0,0.0,0.920580002010565,0.0312970562607389,10,1,1.0,0.0,0.91539505605905,0.0334737683229186,13,1,t,t,3,3,,8.349,8.106,8.059,9.353125,0.1291666666666666,0.0,,,,561.1875,,,,,,,,,,,,,,,,,,,1.5,0.008820233546012803,0.5287243078852606,0.2687722707156367
8483495,2025020820,1,55,0,2026-01-25,2025,,5.885558583106267,6.9730586370839935,5.710614604896852,10.142630744849445,27.5,25.9,1.0809707529558183,1.0809707529558183,2,0,0.0082869759706371,0.981435691352012,0.0423514746930621,0.666828888896431,0.0458642340705183,10,1,0.97610962842065,0.0601229657825385,0.683203481285447,0.0576671712168703,18,1,t,t,3,3,,7.87,8.059,8.106,16.58148148148148,1.573148148148148,0.3796296296296296,,,,994.8888888888889,,,,,,,,,0.4832535867852125,0.0,8.0,16.0,29.0,12.0,24.0,47.0,256.0,431.0,1.5,0.0699213277094814,0.43161756969829085,0.2507694487038861
8483524,2025020820,55,1,1,2026-01-25,2025,,7.35970561177553,7.002801120448179,7.401315789473685,9.803921568627452,28.2,24.4,1.015457373988799,1.015457373988799,2,0,0.0873478764593462,0.986887994172426,0.023690348598608,0.860459161806553,0.0751702297396508,10,1,0.986858361687151,0.0229726905968251,0.86105592013692,0.06318332017856,20,1,t,t,3,3,,8.349,8.106,8.059,11.938095238095238,1.5904761904761904,0.0966666666666666,,,,716.2857142857142,,,,,,,,,0.4961302391121783,1.0,11.0,13.0,87.0,22.0,34.0,155.0,280.0,434.0,1.5,0.07906834803813576,0.49399084755610423,0.28652959779712
8483570,2025020820,55,1,1,2026-01-25,2025,,3.550821127385708,4.045853000674309,7.339594349301556,6.293549112160036,28.3,30.7,1.015457373988799,1.015457373988799,4,0,0.0,0.993135803457106,0.0148320412188944,0.820754555366111,0.040497018852032,10,1,0.995670674974883,0.0114416162418673,0.800754700201905,0.0657646034172895,20,1,t,t,3,3,,8.349,8.106,8.059,10.009333333333332,0.252,1.66,,,,600.56,,,,,,,,,0.501695146281364,0.0,3.0,3.0,3.0,3.0,3.0,3.0,291.0,445.0,1.5,0.033385372956181526,0.3140100451222012,0.17369770903919138
8484177,2025020820,1,55,0,2026-01-25,2025,,9.612303748798462,9.612303748798462,9.612303748798462,13.457225248317846,,,,,2,0,,0.997361477572559,0.003731434201512,0.847062274220549,0.0101693571809675,3,1,0.997361477572559,0.003731434201512,0.847062274220549,0.0101693571809675,3,1,t,t,3,3,,7.87,8.059,8.106,10.405555555555557,0.0,0.0,,,,624.3333333333334,,,,,,,,,,,,,,,,,,,1.5,0.010788616452765831,0.5218657738235526,0.2663271951381592
8484800,2025020820,55,1,1,2026-01-25,2025,,3.127171646977067,6.7361668003207695,6.233766233766233,7.698476343223738,,,,,2,0,,0.988613352676278,0.0260826703281535,0.841083608965745,0.0501980981424785,10,1,0.959444293106924,0.0845851783007773,0.808188004810027,0.0828125239494423,20,1,t,t,3,3,,8.349,8.106,8.059,11.816666666666666,0.86875,0.0548611111111111,,,,709.0,,,,,,,,,,,,,,,,,,,1.5,0.009278660699239183,0.5251054796605298,0.2671920701798845
8473512,2025020821,9,54,1,2026-01-25,2025,,2.8540849090260436,4.55607476635514,5.546568061012249,6.658878504672897,27.2,26.1,0.9499439950217796,0.9499439950217796,1,1,0.0827678204422246,0.937906473173622,0.0831359132557406,0.757434123647443,0.0847215981728269,10,1,0.932764595042819,0.109083797080851,0.740738988057995,0.103818808695122,20,1,t,t,3,3,,8.827,8.018,7.697,12.804166666666665,2.347395833333333,2.103645833333333,,,,768.25,,,,,,,,,0.5188081092315023,0.0,7.0,16.0,144.0,9.0,20.0,197.0,285.0,451.0,1.5,0.04041481946292746,0.4889893476379934,0.26470208355046043
8474102,2025020821,9,54,1,2026-01-25,2025,,4.904364884747426,5.563047875927174,7.909429280397022,6.574511126095752,27.2,26.1,0.9499439950217796,0.9499439950217796,5,0,0.0386772039491542,0.958618951125013,0.0590204807958283,0.778459845803208,0.0778833538602257,10,1,0.961279262539368,0.0799087702009951,0.77231549982016,0.0868275386445321,20,1,t,t,3,3,,8.827,8.018,7.697,10.843888888888888,2.1105555555555555,0.165,,,,650.6333333333333,,,,,,,,,0.5188081092315023,0.0,8.0,19.0,78.0,16.0,30.0,111.0,285.0,451.0,1.5,0.047615212307260735,0.4517248289675406,0.24967002063740068
8474189,2025020821,9,54,1,2026-01-25,2025,,9.378663540445487,5.906093119401516,4.196170993968004,8.268530367162121,25.1,25.1,1.0482140634723087,1.0482140634723087,1,1,0.0137507994650851,0.967624378109453,0.084159858403757,0.813852231425648,0.0866132115704907,10,1,0.979531429216888,0.0648782758499635,0.77698469829801,0.089037250616181,18,1,t,t,3,3,,8.827,8.018,7.697,9.353703703703705,0.5611111111111111,0.9777777777777776,,,,561.2222222222223,,,,,,,,,0.4598758911163238,0.0,9.0,17.0,102.0,12.0,25.0,148.0,260.0,414.0,1.5,0.03478443489403313,0.45421036441798907,0.24449739965601108
8475188,2025020821,54,9,0,2026-01-25,2025,,4.699563611950318,3.8222646918299086,2.960331557134399,10.51122790253225,28.5,27.5,1.0809707529558183,1.0809707529558183,25,0,0.000781928757602,0.97729537366548,0.0681138790035587,0.739665397348963,0.089289879242793,10,1,0.980513433495573,0.0565877948972409,0.746751099957086,0.0720807275600274,18,1,t,t,3,3,,8.758,7.697,8.018,17.973333333333333,0.1758333333333333,2.4741666666666666,,,,1078.4,,,,,,,,,0.5148910183150965,0.0,5.0,16.0,99.0,7.0,21.0,156.0,288.0,467.0,1.5,0.03473974198032284,0.43906010178543,0.2368999218828764
8475191,2025020821,54,9,0,2026-01-25,2025,,4.77643624784397,5.996402158704777,4.278728606356968,5.996402158704777,28.5,27.5,1.0809707529558183,1.0809707529558183,2,0,0.0474695916594265,0.985474096383915,0.0390462386678356,0.818396723338479,0.0782556539193957,10,1,0.992737048191957,0.0285491654172016,0.819651798937734,0.0896862650074804,20,1,t,t,3,3,,8.758,7.697,8.018,12.762777777777776,0.435,1.0683333333333331,,,,765.7666666666668,,,,,,,,,0.5148910183150965,1.0,10.0,19.0,140.0,13.0,24.0,191.0,288.0,467.0,1.5,0.04468489732845694,0.46334207993621024,0.2540134886323336
8475324,2025020821,9,54,1,2026-01-25,2025,,2.016580775263276,2.4799244213509684,2.5503233445669005,6.376948512045347,28.5,27.9,0.9827006845052892,0.9827006845052892,3,0,0.008368298187515,0.993071895424837,0.0207843137254902,0.744149497307491,0.03590364294662,10,1,0.984048979475505,0.0386795363399292,0.729380865068065,0.0473247808750553,20,1,t,t,3,3,,8.827,8.018,7.697,15.475,0.173076923076923,1.092948717948718,,,,928.5,,,,,,,,,0.5275037614054153,0.0,4.0,11.0,80.0,10.0,23.0,126.0,296.0,467.0,1.5,0.04208216827495586,0.46658628236103783,0.2543342253179968
8475913,2025020821,54,9,0,2026-01-25,2025,,6.378660481298927,6.6,6.329113924050633,9.9,28.8,27.0,0.9827006845052892,0.9827006845052892,2,0,0.108905299739357,0.97861632820232,0.0264790256635276,0.832631395709784,0.0622615624379165,10,1,0.971297839962227,0.0375639314744655,0.802294184312722,0.0642988329826397,20,1,t,t,3,3,,8.758,7.697,8.018,15.036111111111111,3.4266666666666667,1.25,,,,902.1666666666667,,,,,,,,,0.5361163147577842,1.0,11.0,20.0,151.0,16.0,29.0,218.0,294.0,490.0,1.5,0.05665106984520396,0.47515189755233095,0.2659014836987674
8476393,2025020821,9,54,1,2026-01-25,2025,,1.1476664116296864,2.292920607623961,4.482741445435075,5.732301519059902,28.5,27.9,0.9827006845052892,0.9827006845052892,1,1,0.0023499484252243,0.965348089606131,0.0920922201704158,0.804501289005181,0.0974438902834847,10,1,0.955275441612096,0.100294319053734,0.748442042473249,0.0970279523760731,20,1,t,t,3,3,,8.827,8.018,7.697,9.440625,0.3041666666666666,0.1208333333333333,,,,566.4375,,,,,,,,,0.5275037614054153,0.0,4.0,12.0,65.0,8.0,20.0,96.0,296.0,467.0,1.5,0.03522899713909545,0.39550107546359137,0.2153650363013434
8476438,2025020821,54,9,0,2026-01-25,2025,,7.689021785561726,8.12544547398432,7.644146767617937,8.980755523877404,31.2,26.8,1.0809707529558183,1.0809707529558183,17,0,0.0330147697654213,0.987926829268293,0.0362195121951219,0.796205085226884,0.0832566714047865,10,1,0.989760152400771,0.0312618145151509,0.805248549108178,0.0855272119698834,20,1,t,t,3,3,,8.758,7.697,8.018,12.529710144927536,0.1485507246376811,1.1210144927536232,,,,751.7826086956521,,,,,,,,,0.5582375268789964,0.0,9.0,19.0,140.0,13.0,31.0,194.0,309.0,504.0,1.5,0.05270604078193025,0.5057362494112733,0.2792211450966018
8476448,2025020821,54,9,0,2026-01-25,2025,,8.84564352056612,8.151066431191415,6.88884188899296,11.81904632522755,28.5,27.5,1.0809707529558183,1.0809707529558183,78,0,0.0464378801042571,0.907953952620532,0.129115490564795,0.718363384674606,0.0786548376885655,6,1,0.907953952620532,0.129115490564795,0.718363384674606,0.0786548376885655,6,1,t,t,3,3,,8.758,7.697,8.018,15.619444444444444,0.9444444444444444,0.7166666666666666,,,,937.1666666666667,,,,,,,,,0.5148910183150965,0.0,8.0,17.0,128.0,14.0,27.0,197.0,288.0,467.0,1.5,0.04559045747531616,0.4914150715779635,0.26850276452663985
8476881,2025020821,54,9,0,2026-01-25,2025,,10.289389067524116,11.144648247039703,9.758694109297375,14.27908056651962,28.5,27.5,1.0809707529558183,1.0809707529558183,2,0,0.1235664639443961,0.959859229712851,0.048553931259977,0.746953446528098,0.104353340039151,10,1,0.954621742497195,0.0726150820824907,0.769616028857474,0.0987962700209736,20,1,t,t,3,3,,8.758,7.697,8.018,14.024509803921568,3.255392156862745,0.1583333333333333,,,,841.470588235294,,,,,,,,,0.5148910183150965,1.0,12.0,26.0,194.0,15.0,33.0,286.0,288.0,467.0,1.5,0.05589879041269691,0.4754453970897686,0.26567209375123274
8476925,2025020821,54,9,0,2026-01-25,2025,,6.066734074823054,6.299975769323964,6.101529450048812,10.176883935061788,24.7,27.5,1.0809707529558183,1.0809707529558183,11,0,0.0117135407336637,0.982065081015199,0.0479664535230688,0.790353523474516,0.084638437470285,10,1,0.9910325405076,0.0350828399867827,0.787008470274515,0.0793404797532623,20,1,t,t,3,3,,8.758,7.697,8.018,10.251923076923076,0.2955128205128205,1.5134615384615384,,,,615.1153846153846,,,,,,,,,0.5235595906969043,0.0,7.0,11.0,80.0,11.0,18.0,121.0,264.0,392.0,1.5,0.02669306990949649,0.43424914530168257,0.23047110760558953
8477018,2025020821,54,9,0,2026-01-25,2025,,0.0,1.70261066969353,4.238648770149637,5.107832009080591,29.2,29.0,1.113727442439328,1.113727442439328,2,0,0.0012163336229365,0.995496417604913,0.013510747185261,0.7573594785579,0.0487781788863813,10,1,0.997748208802457,0.0098153302720465,0.743926457904475,0.0577312969786003,20,1,t,t,3,3,,8.758,7.697,8.018,14.590123456790124,0.2660493827160493,0.0296296296296296,,,,875.4074074074074,,,,,,,,,0.5444620972084139,0.0,7.0,8.0,8.0,11.0,13.0,13.0,285.0,428.0,1.5,0.034568407454695936,0.38711126173131566,0.2108398345930058
8477073,2025020821,9,54,1,2026-01-25,2025,,0.0,0.0,2.5149324111914493,1.5764582238570677,25.2,28.6,1.0809707529558183,1.0809707529558183,27,0,0.0006977499952208,1.0,0.0,0.905411361101403,0.0603067001674161,10,1,1.0,0.0,0.905411361101403,0.0603067001674161,10,1,t,t,3,3,,8.827,8.018,7.697,3.687878787878788,0.0712121212121212,0.0015151515151515,,,,221.27272727272728,,,,,,,,,0.5021646123475126,0.0,2.0,6.0,6.0,5.0,10.0,11.0,247.0,408.0,1.5,0.023924678240383385,0.3013765283927782,0.16265060331658077
8477447,2025020821,54,9,0,2026-01-25,2025,,3.703703703703704,5.009887936717205,5.760491561946619,9.228740936058008,28.5,27.5,1.0809707529558183,1.0809707529558183,2,0,0.1110447437011294,0.966591869320615,0.046917459458095,0.720903215539595,0.0806530204238514,10,1,0.973469194012656,0.0459241986724909,0.723995855728938,0.0622689198019388,20,1,t,t,3,3,,8.758,7.697,8.018,20.381884057971018,0.9710144927536232,1.960144927536232,,,,1222.9130434782608,,,,,,,,,0.5148910183150965,0.0,9.0,23.0,145.0,13.0,33.0,211.0,288.0,467.0,1.5,0.05736941026181058,0.516123087377975,0.28674624881989275
8477964,2025020821,54,9,0,2026-01-25,2025,,6.4872657376261404,4.04040404040404,4.288910989557435,5.876951331496786,28.5,27.5,1.0809707529558183,1.0809707529558183,2,0,0.0413662033014769,0.989428097216521,0.0233876008462407,0.841036618926683,0.0536857368164834,10,1,0.984181022893227,0.0355614012401451,0.821357139150219,0.065829319217171,20,1,t,t,3,3,,8.758,7.697,8.018,15.2,0.8242424242424242,0.0641414141414141,,,,912.0,,,,,,,,,0.5148910183150965,0.0,9.0,18.0,118.0,19.0,31.0,191.0,288.0,467.0,1.5,0.05145992310158332,0.4933596927030499,0.2724098079023166
8478020,2025020821,9,54,1,2026-01-25,2025,,2.524544179523142,1.6578020308074877,3.1961646024770274,2.9011535539131037,27.2,26.1,0.9499439950217796,0.9499439950217796,1,1,0.0148752510877236,0.954930818324429,0.110842533732023,0.772506997688072,0.121060615588873,10,1,0.949506464880689,0.112953422583134,0.787822236685142,0.106023345297225,20,1,t,t,3,3,,8.827,8.018,7.697,14.05,0.2791666666666666,1.121875,,,,843.0,,,,,,,,,0.5188081092315023,0.0,8.0,15.0,87.0,14.0,27.0,130.0,285.0,451.0,1.5,0.044457512472274724,0.4500650913953773,0.247261301933826
8478396,2025020821,54,9,0,2026-01-25,2025,,2.61210274270788,3.096774193548387,4.362548559320274,8.258064516129032,28.5,27.5,1.0809707529558183,1.0809707529558183,2,0,0.0666811468288444,0.984470022036965,0.0315733949360522,0.70829625187407,0.0600216597899027,10,1,0.974781542527128,0.0518867941563784,0.69156543760828,0.0650393599698907,20,1,t,t,3,3,,8.758,7.697,8.018,20.632183908045977,1.314367816091954,1.6827586206896552,,,,1237.9310344827586,,,,,,,,,0.5148910183150965,1.0,12.0,26.0,161.0,16.0,37.0,232.0,288.0,467.0,1.5,0.06364418265782519,0.4728168890507933,0.2682305358543092
8478397,2025020821,54,9,0,2026-01-25,2025,,4.426592343634724,4.960112429215062,5.966191581040769,10.41623610135163,32.1,23.3,1.0482140634723087,1.0482140634723087,2,0,0.0786182999096052,0.987952451100992,0.0200088179270814,0.766667622154816,0.0284282169596059,10,1,0.972642076517111,0.0684555426989587,0.739079519407786,0.0558445344654294,20,1,t,t,3,3,,8.758,7.697,8.018,18.970555555555556,2.6088888888888886,2.5605555555555557,,,,1138.2333333333331,,,,,,,,,0.5479790838866752,1.0,12.0,26.0,154.0,16.0,33.0,247.0,330.0,499.0,1.5,0.054557789017304896,0.4686772765357549,0.2616175327765299
8478403,2025020821,54,9,0,2026-01-25,2025,,11.425462459194776,12.103016371909744,9.846673231115489,12.947412862973213,28.5,27.5,1.0809707529558183,1.0809707529558183,2,0,0.1351107732406602,0.966860491224031,0.0411979967671682,0.811881986528104,0.0644268595201261,10,1,0.965595965917319,0.0523426744143314,0.76961206974452,0.0754839916692638,20,1,t,t,3,3,,8.758,7.697,8.018,16.608024691358025,3.407407407407407,1.4265432098765432,,,,996.4814814814814,,,,,,,,,0.5148910183150965,1.0,10.0,26.0,245.0,17.0,41.0,331.0,288.0,467.0,1.5,0.07985798317679298,0.47744454376304146,0.2786512634699172
8478434,2025020821,54,9,0,2026-01-25,2025,,7.642095207769464,5.610972568578553,4.689621127977292,5.610972568578553,28.5,27.5,1.0809707529558183,1.0809707529558183,2,0,0.0004235447437011,0.984661452373268,0.0416028592071062,0.855605780618167,0.0557952789640741,10,1,0.982407966163934,0.0474646894257004,0.850609905027788,0.0694065174569209,20,1,t,t,3,3,,8.758,7.697,8.018,10.876470588235295,0.0588235294117647,0.4627450980392156,,,,652.5882352941176,,,,,,,,,0.5148910183150965,0.0,5.0,10.0,91.0,9.0,22.0,149.0,288.0,467.0,1.5,0.03339717075121584,0.42581423801291357,0.2296057043820647
8478468,2025020821,54,9,0,2026-01-25,2025,,3.8330494037478706,4.615858036721715,3.6048407861986096,8.92399220432865,28.4,27.5,1.0482140634723087,1.0482140634723087,2,0,0.0009155868712804,0.993598339572185,0.0163027363034247,0.771277530340492,0.0408812929772704,10,1,0.991208138563726,0.0242219006191053,0.748898526710753,0.0557118613604577,20,1,t,t,3,3,,8.758,7.697,8.018,15.84375,0.09375,1.49375,,,,950.625,,,,,,,,,0.5056481740976082,0.0,9.0,14.0,24.0,11.0,19.0,37.0,291.0,411.0,1.5,0.033642735942319646,0.43523310829371825,0.23443792211801895
8478469,2025020821,9,54,1,2026-01-25,2025,,5.174892189746047,5.371783997738196,5.656775166757018,10.743567995476392,27.2,26.1,0.9499439950217796,0.9499439950217796,1,1,0.0716462823505688,0.968999119971605,0.0728104915583496,0.681813922991133,0.0466656229780517,10,1,0.947369224354016,0.112547589010449,0.6799464599725,0.0640958203418765,20,1,t,t,3,3,,8.827,8.018,7.697,17.793181818181818,2.531060606060606,1.8053030303030304,,,,1067.590909090909,,,,,,,,,0.5188081092315023,1.0,11.0,23.0,182.0,19.0,35.0,263.0,285.0,451.0,1.5,0.06651608449669232,0.45670612927865767,0.26161110688767497
8478483,2025020821,54,9,0,2026-01-25,2025,,5.995802937943439,6.773051464928934,6.643849406080129,8.620247319000462,25.7,24.1,1.113727442439328,1.113727442439328,2,0,0.136998522953696,0.962590494201788,0.0470453669954543,0.790418331715289,0.0835849651521323,10,1,0.966513139668917,0.0425958604784114,0.77500727502508,0.0731452910423642,20,1,t,t,3,3,,8.758,7.697,8.018,15.463636363636365,3.4429292929292927,1.148989898989899,,,,927.8181818181818,,,,,,,,,0.489173134486948,0.0,8.0,14.0,182.0,15.0,25.0,281.0,256.0,403.0,1.5,0.04308040721870782,0.48693267236436405,0.26500653979153593
8479353,2025020821,54,9,0,2026-01-25,2025,,6.739679865206402,4.798720341242335,4.940874205342732,5.998400426552919,28.5,27.5,1.0809707529558183,1.0809707529558183,15,0,0.0053105994787141,0.952622298238179,0.114825114166595,0.799419698734872,0.109722216739785,10,1,0.976311149119089,0.0845787507459401,0.808488392619887,0.0894458536592132,20,1,t,t,3,3,,8.758,7.697,8.018,13.162179487179488,0.5673076923076923,1.0121794871794871,,,,789.7307692307693,,,,,,,,,0.5148910183150965,0.0,7.0,17.0,135.0,15.0,30.0,200.0,288.0,467.0,1.5,0.04636530135797992,0.4762862421838758,0.26132577177092786
8479550,2025020821,54,9,0,2026-01-25,2025,,12.070226773957572,8.067852709971039,6.317324046327043,11.170872983036823,31.8,29.1,0.8516739265712507,0.8516739265712507,2,0,0.0003366637706342,0.981303978535594,0.0354477236107087,0.78462047084941,0.0929523028918134,6,1,0.981303978535594,0.0354477236107087,0.78462047084941,0.0929523028918134,6,1,t,t,3,3,,8.758,7.697,8.018,9.305555555555557,0.8361111111111111,0.2583333333333333,,,,558.3333333333334,,,,,,,,,0.5579062677096991,0.0,1.0,1.0,1.0,3.0,3.0,3.0,321.0,482.0,1.5,0.026983456255263893,0.35606199040140973,0.1915227233283368
8480188,2025020821,9,54,1,2026-01-25,2025,,7.313250914156365,6.790073559130224,7.288790723357261,9.70010508447175,27.2,26.1,0.9499439950217796,0.9499439950217796,1,1,0.0680011478295938,0.936212417763134,0.108690600901799,0.763174463449827,0.119375710839919,10,1,0.942020200963824,0.0968639600572147,0.749410652732114,0.102715592861387,20,1,t,t,3,3,,8.827,8.018,7.697,12.564141414141414,1.5297979797979797,0.152020202020202,,,,753.8484848484848,,,,,,,,,0.5188081092315023,0.0,6.0,21.0,180.0,14.0,36.0,284.0,285.0,451.0,1.5,0.05083370181090444,0.47301239018298524,0.2619230459969448
8480208,2025020821,9,54,1,2026-01-25,2025,,7.380073800738008,7.923644876643256,7.008746687939827,8.283810552854314,27.2,26.1,0.9499439950217796,0.9499439950217796,1,1,0.1153180961539953,0.947378239261269,0.0697959354109959,0.803317977381512,0.0624730455033306,10,1,0.9549666891923,0.060532721133855,0.793572668903308,0.0707550547561608,20,1,t,t,3,3,,8.827,8.018,7.697,14.507471264367815,3.2994252873563217,0.1551724137931034,,,,870.448275862069,,,,,,,,,0.5188081092315023,1.0,13.0,27.0,195.0,21.0,41.0,288.0,285.0,451.0,1.5,0.07286210199241051,0.4795401141355156,0.2762011080639631
8480801,2025020821,9,54,1,2026-01-25,2025,,10.803024846957149,13.525039600341172,13.896218117854,14.256122821981236,27.2,26.1,0.9499439950217796,0.9499439950217796,1,1,0.104491271066163,0.948374344196581,0.0554754961695512,0.777961892407181,0.0857372215164339,10,1,0.948955396158282,0.0795728177827692,0.790351760399535,0.092310079786441,20,1,t,t,3,3,,8.827,8.018,7.697,13.757142857142856,3.5148809523809526,0.2482142857142857,,,,825.4285714285713,,,,,,,,,0.5188081092315023,1.0,20.0,41.0,308.0,32.0,64.0,447.0,285.0,451.0,1.5,0.12475380679295096,0.4910036224862715,0.30787871463961125
8481133,2025020821,54,9,0,2026-01-25,2025,,7.2522159548751,5.303476723629935,4.797121726963821,6.482027106658809,30.4,30.6,1.0809707529558183,1.0809707529558183,3,0,0.0,0.995993732475672,0.0087085427818339,0.868949307943705,0.0472648064362753,10,1,0.997996866237836,0.0064754848127871,0.873740665314296,0.0607337668111615,20,1,t,t,3,3,,8.758,7.697,8.018,9.682575757575757,0.0424242424242424,0.0318181818181818,,,,580.9545454545455,,,,,,,,,0.4895512872764468,0.0,9.0,13.0,13.0,11.0,16.0,16.0,297.0,420.0,1.5,0.03517564742960953,0.40690201521574343,0.2210388313226765
8481527,2025020821,54,9,0,2026-01-25,2025,,3.5650623885918002,3.7589702699624103,3.4914169333721268,8.201389679917986,30.9,27.5,1.015457373988799,1.015457373988799,2,0,0.0011185925282363,0.986745644670513,0.0331380525288391,0.729008086965266,0.0456254753801266,10,1,0.992786052347456,0.024307677198196,0.710890295682409,0.0477632096078168,20,1,t,t,3,3,,8.758,7.697,8.018,16.460752688172043,0.096774193548387,0.7290322580645161,,,,987.6451612903226,,,,,,,,,0.5704597491012185,0.0,4.0,11.0,32.0,7.0,16.0,46.0,317.0,510.0,1.5,0.03553511167554567,0.42590168494952435,0.23071839831253502
8481528,2025020821,9,54,1,2026-01-25,2025,,8.891084218325512,9.082308420056766,8.927242969796161,9.839167455061494,27.2,26.1,0.9499439950217796,0.9499439950217796,1,1,0.0897943989018062,0.961052699543094,0.0376403791542216,0.802636183413568,0.0751711375199491,10,1,0.96528815751421,0.0417069725517511,0.800764266047987,0.0752619223667684,20,1,t,t,3,3,,8.827,8.018,7.697,13.909375,3.291145833333333,0.2770833333333333,,,,834.5625,,,,,,,,,0.5188081092315023,1.0,12.0,23.0,200.0,20.0,32.0,273.0,285.0,451.0,1.5,0.06631873103350591,0.46702958893360397,0.2666741599835549
8481596,2025020821,9,54,1,2026-01-25,2025,,8.093525179856115,7.462686567164179,6.495669553630913,9.49796472184532,27.2,26.1,0.9499439950217796,0.9499439950217796,1,1,0.0352026927461823,0.957215686264013,0.0702015450581109,0.734356535008869,0.0933131905320885,10,1,0.956078563276644,0.0741237018243963,0.750299417111182,0.0815564388305041,20,1,t,t,3,3,,8.827,8.018,7.697,12.88181818181818,2.0795454545454546,2.9553030303030305,,,,772.9090909090909,,,,,,,,,0.5188081092315023,0.0,6.0,16.0,130.0,12.0,30.0,209.0,285.0,451.0,1.5,0.043462685982384903,0.48286869043506214,0.26316568820872355
8481604,2025020821,54,9,0,2026-01-25,2025,,13.267347583447403,9.644087256027555,9.562025100315887,11.021814006888633,28.5,27.5,1.0809707529558183,1.0809707529558183,2,0,0.1122936576889661,0.964338650178791,0.0508409679939068,0.81345435755034,0.0795792083691476,10,1,0.956827576003139,0.0726608448869505,0.807992154929644,0.0927489826149263,20,1,t,t,3,3,,8.758,7.697,8.018,14.173529411764704,3.2882352941176474,0.0789215686274509,,,,850.4117647058824,,,,,,,,,0.5148910183150965,1.0,14.0,36.0,268.0,21.0,53.0,379.0,288.0,467.0,1.5,0.08818831065052575,0.48280935273526737,0.2854988316928966
8481606,2025020821,9,54,1,2026-01-25,2025,,5.801104972375691,5.672507248203706,4.972528315786242,8.697844447245684,30.3,27.4,0.9827006845052892,0.9827006845052892,1,1,0.0470899571996331,0.97719198063013,0.0466887899106652,0.70351298260746,0.0623785755665026,10,1,0.967261856110621,0.061263410840851,0.709322434157383,0.0750104785314558,20,1,t,t,3,3,,8.827,8.018,7.697,15.948666666666666,0.794,0.2593333333333333,,,,956.92,,,,,,,,,0.4976675080194806,0.0,5.0,11.0,81.0,7.0,19.0,149.0,305.0,462.0,1.5,0.03930301515705555,0.48001150505530427,0.2596572601061799
8482092,2025020821,9,54,1,2026-01-25,2025,,5.609442561645436,7.30949625388317,7.184966838614591,9.502345130048122,27.2,26.1,0.9499439950217796,0.9499439950217796,1,1,0.0645654146534407,0.95831339400611,0.0908293506724255,0.740758091970206,0.0717564229776941,10,1,0.96026285368492,0.0838540026909353,0.767507241681184,0.0837279573719346,20,1,t,t,3,3,,8.827,8.018,7.697,13.102083333333333,1.028125,2.4046875,,,,786.125,,,,,,,,,0.5188081092315023,0.0,7.0,17.0,121.0,13.0,27.0,198.0,285.0,451.0,1.5,0.04293499095347639,0.4964130441054471,0.26967401752946174
8482095,2025020821,9,54,1,2026-01-25,2025,,4.2313117066290555,3.637465898757199,4.550913343025093,8.729918157017279,27.2,26.1,0.9499439950217796,0.9499439950217796,1,1,0.0036761569424301,0.979335144020824,0.0413209983326823,0.698114182737894,0.0502138910305299,10,1,0.978107051611082,0.0498928181526034,0.69011304459027,0.0551991861242489,20,1,t,t,3,3,,8.827,8.018,7.697,13.914583333333333,0.1798611111111111,1.8326388888888887,,,,834.875,,,,,,,,,0.5188081092315023,0.0,8.0,13.0,79.0,11.0,22.0,114.0,285.0,451.0,1.5,0.03863727511830041,0.41581475649968036,0.22722601580899038
8482105,2025020821,9,54,1,2026-01-25,2025,,5.249761374482977,5.643248548294758,4.561277157604128,11.531855729124068,27.2,26.1,0.9499439950217796,0.9499439950217796,1,1,0.1189554750696065,0.940465984227487,0.0869703528841263,0.697613809667189,0.0554609514398986,10,1,0.926270702182701,0.108570344076324,0.692965280235284,0.0606424267522802,20,1,t,t,3,3,,8.827,8.018,7.697,18.198850574712644,3.585632183908046,3.5517241379310343,,,,1091.9310344827586,,,,,,,,,0.5188081092315023,0.0,9.0,32.0,200.0,20.0,50.0,290.0,285.0,451.0,1.5,0.08509628969580979,0.4839606359264275,0.28452846281111865
8482116,2025020821,9,54,1,2026-01-25,2025,,8.20072244459631,7.369196757553428,7.615124883258699,8.548268238761974,27.2,26.1,0.9499439950217796,0.9499439950217796,1,1,0.1240974414257904,0.930438953244573,0.08204600608806,0.732605417545431,0.0651803695469935,10,1,0.92280040494669,0.120708338170745,0.721524059453002,0.0814220944695339,20,1,t,t,3,3,,8.827,8.018,7.697,14.94375,3.583333333333333,2.369270833333333,,,,896.625,,,,,,,,,0.5188081092315023,1.0,11.0,27.0,169.0,12.0,33.0,237.0,285.0,451.0,1.5,0.055729026168946115,0.47664258942764137,0.26618580779829376
8482125,2025020821,54,9,0,2026-01-25,2025,,6.270903010033445,4.008016032064128,5.6480253305378465,6.870884626395648,29.2,29.0,1.113727442439328,1.113727442439328,2,0,0.0179843614248479,0.997053726169844,0.0088388214904679,0.874418106346961,0.0406097805522843,10,1,0.9619221202095,0.111415079264319,0.842262557652425,0.108807280450001,11,1,t,t,3,3,,8.758,7.697,8.018,11.216666666666667,0.4089743589743589,0.1371794871794871,,,,673.0,,,,,,,,,0.5444620972084139,0.0,9.0,12.0,64.0,16.0,22.0,103.0,285.0,428.0,1.5,0.04161379921963132,0.44411283122442635,0.24286331522202884
8482245,2025020821,9,54,1,2026-01-25,2025,,2.9357079949114393,4.362050163576881,3.8479298137601967,9.658825362205953,29.6,28.4,1.0809707529558183,1.0809707529558183,1,1,0.0033891995439704,0.974729591279032,0.0626706651017968,0.753939410971335,0.052620622608656,10,1,0.973961008462099,0.0574016840404327,0.754205377436592,0.0602084940159669,20,1,t,t,3,3,,8.827,8.018,7.697,16.05595238095238,0.3494047619047619,3.3059523809523808,,,,963.3571428571429,,,,,,,,,0.5243911411450871,0.0,7.0,14.0,58.0,10.0,21.0,85.0,296.0,451.0,1.5,0.04332358017557,0.4378242132823684,0.24057389672896923
8483676,2025020821,9,54,1,2026-01-25,2025,,7.672634271099744,5.818338541105484,7.476413694891117,6.464820601228316,,,,,1,1,,0.934220193103882,0.126969552778555,0.700662882929688,0.0910112473927281,10,1,0.956146795402588,0.108208425420214,0.726598167306404,0.101531617054846,15,1,t,t,3,3,,8.827,8.018,7.697,6.683333333333334,2.228125,0.0822916666666666,,,,401.0,,,,,,,,,,,,,,,,,,,1.5,0.006573066829348738,0.5000599439274345,0.2533165053783916
8483890,2025020821,54,9,0,2026-01-25,2025,,2.8873917228103942,3.993676678592229,5.0008334722453744,6.489724602712372,,,,,2,0,,0.985815129525752,0.0379283331066335,0.803506219504514,0.0912818952975488,10,1,0.992907564762876,0.0277413385350576,0.818282501707333,0.100632266108352,20,1,t,t,3,3,,8.758,7.697,8.018,12.71358024691358,0.6506172839506172,0.0222222222222222,,,,762.8148148148149,,,,,,,,,,,,,,,,,,,1.5,0.006487891902397094,0.5305028759446112,0.26849538392350414
8484321,2025020821,9,54,1,2026-01-25,2025,,2.2857142857142856,1.9034325233170484,2.3307759541614064,6.471670579277965,27.2,26.1,0.9499439950217796,0.9499439950217796,1,1,8.53116590015e-05,0.962581220521173,0.0651141694770206,0.717197241762998,0.0668557878060877,10,1,0.976613262825733,0.0545717243824244,0.73113120668984,0.0693368102019273,16,1,t,t,3,3,,8.827,8.018,7.697,13.363725490196078,0.080392156862745,1.7117647058823529,,,,801.8235294117646,,,,,,,,,0.5188081092315023,0.0,2.0,10.0,45.0,6.0,16.0,68.0,285.0,451.0,1.5,0.031282038827768525,0.4096702535108481,0.22047614616930833
8471215,2025020822,5,23,0,2026-01-25,2025,,11.062456787278174,8.834522595990487,8.83927812561974,10.873258579680599,28.5,26.1,1.0482140634723087,1.0482140634723087,3,0,0.0952253723220028,0.968360721367276,0.0382661381043435,0.764598350455756,0.0700154936000459,10,1,0.969643503830127,0.0365798527477739,0.771321375698216,0.0705188282161933,19,1,t,t,3,3,,8.005,8.354,9.799,14.684210526315788,2.875438596491228,0.143859649122807,,,,881.0526315789474,,,,,,,,,0.4908896828954143,1.0,13.0,23.0,119.0,20.0,34.0,168.0,274.0,417.0,1.5,0.1054507737835292,0.4670245654661926,0.2862376696248609
8471675,2025020822,5,23,0,2026-01-25,2025,,7.158351409978308,6.617868244259501,6.3995124181014775,8.121929208863932,28.5,26.1,1.0482140634723087,1.0482140634723087,3,0,0.143921626836871,0.968129255682813,0.0281042250769954,0.902747510437281,0.0532100976884235,10,1,0.968738852801956,0.0293872738987298,0.891210747695515,0.0508941666842578,20,1,t,t,3,3,,8.005,8.354,9.799,16.568627450980394,3.227941176470588,0.2230392156862745,,,,994.1176470588236,,,,,,,,,0.4908896828954143,1.0,17.0,29.0,215.0,26.0,43.0,325.0,274.0,417.0,1.5,0.13691791328747652,0.49363050286827004,0.31527420807787326
8471724,2025020822,5,23,0,2026-01-25,2025,,2.496671105193076,3.3066259697316545,3.8888764722973423,6.613251939463309,27.4,28.5,1.0482140634723087,1.0482140634723087,6,0,0.0826183761318094,0.968367760644926,0.0313957472557338,0.734700983049124,0.0327058096417035,10,1,0.968273449079602,0.0454426106326632,0.723536511627552,0.0390157748849094,20,1,t,t,3,3,,8.005,8.354,9.799,19.379885057471263,1.7563218390804598,1.463793103448276,,,,1162.7931034482758,,,,,,,,,0.4884934484067536,1.0,10.0,25.0,159.0,12.0,34.0,225.0,283.0,426.0,1.5,0.0881327331698496,0.4854529638933423,0.2867928485315959
8474574,2025020822,23,5,1,2026-01-25,2025,,5.913077756972504,5.473620191576706,4.369334304296512,8.514520298008211,26.2,28.7,1.015457373988799,1.015457373988799,2,0,0.023506855333979,0.9643220292194,0.102021863253438,0.66282233070147,0.0624699222183043,10,1,0.966429722092693,0.0983015606015547,0.646164125759845,0.0536099768051877,20,1,t,t,3,3,,8.838,9.799,8.354,17.41505376344086,0.2693548387096774,2.259677419354839,,,,1044.9032258064517,,,,,,,,,0.514269915665959,1.0,10.0,16.0,83.0,13.0,27.0,146.0,269.0,431.0,1.5,0.06613519000062565,0.4550663432039302,0.26060076660227793
8474578,2025020822,5,23,0,2026-01-25,2025,,4.1053711939787885,4.390377755419372,5.994879373868154,5.762370803987927,28.5,26.1,1.0482140634723087,1.0482140634723087,3,0,0.1127702736133788,0.974807978421298,0.0321838584177807,0.729252380792098,0.0259478531984037,10,1,0.972872446074572,0.0382682653334993,0.728492086955136,0.0218353951859726,20,1,t,t,3,3,,8.005,8.354,9.799,18.500641025641023,2.9,2.332051282051282,,,,1110.0384615384617,,,,,,,,,0.4908896828954143,0.0,7.0,18.0,182.0,15.0,35.0,283.0,274.0,417.0,1.5,0.09938979556161502,0.4955555618122155,0.29747267868691524
8475169,2025020822,23,5,1,2026-01-25,2025,,10.691103474608628,8.201304753028891,8.065524571714393,9.319664492078285,31.5,30.7,0.9499439950217796,0.9499439950217796,2,0,,0.938251197100902,0.110642471702794,0.739668003946382,0.0891771252520006,10,1,0.954173067426831,0.0916122431667186,0.754118487266663,0.0902750719706714,20,1,t,t,3,3,,8.838,9.799,8.354,14.505555555555556,1.7883838383838384,0.0606060606060606,,,,870.3333333333333,,,,,,,,,,0.0,7.0,18.0,45.0,14.0,29.0,72.0,313.0,470.0,1.5,0.09430669722444658,0.48680472449119777,0.29055571085782217
8475763,2025020822,5,23,0,2026-01-25,2025,,6.775832862789385,7.782822199573799,8.34073444800556,10.006485685166313,27.4,28.5,1.0482140634723087,1.0482140634723087,14,0,0.0661323041907871,0.980211796564591,0.0416321818367153,0.851821284938774,0.0675267558719025,10,1,0.986523571554788,0.0351587720530496,0.863184577271532,0.0624334232195148,15,1,t,t,3,3,,8.005,8.354,9.799,10.494444444444444,1.3966666666666667,0.0144444444444444,,,,629.6666666666666,,,,,,,,,0.4884934484067536,1.0,13.0,17.0,95.0,17.0,26.0,153.0,283.0,426.0,1.5,0.06960317693919174,0.43978818011784965,0.2546956785285207
8475810,2025020822,5,23,0,2026-01-25,2025,,8.240887480190175,9.648726066636513,9.002804152112954,13.568521031207599,28.5,26.1,1.0482140634723087,1.0482140634723087,3,0,0.1090693186878432,0.982022552578708,0.0194409776597196,0.90407586124869,0.0168135676977815,10,1,0.978468491949808,0.0306259253301462,0.877905715695034,0.0432652655722744,20,1,t,t,3,3,,8.005,8.354,9.799,15.655,3.1705555555555556,1.541111111111111,,,,939.3,,,,,,,,,0.4908896828954143,1.0,18.0,34.0,185.0,20.0,39.0,273.0,274.0,417.0,1.5,0.1075157546217905,0.4863570856943971,0.2969364201580938
8476483,2025020822,5,23,0,2026-01-25,2025,,11.902137976636544,11.10277569392348,10.849356933655928,13.2033008252063,28.5,26.1,1.0482140634723087,1.0482140634723087,3,0,0.1231309682845974,0.966367678660834,0.0333728121428942,0.893862055197615,0.0570912037759206,10,1,0.969917479700453,0.0347275176187952,0.889652376443027,0.0588874477095644,20,1,t,t,3,3,,8.005,8.354,9.799,15.817948717948717,3.053205128205128,0.8923076923076922,,,,949.0769230769231,,,,,,,,,0.4908896828954143,1.0,20.0,29.0,196.0,30.0,52.0,309.0,274.0,417.0,1.5,0.15670701741465035,0.5099969087392371,0.3333519630769437
8476967,2025020822,5,23,0,2026-01-25,2025,,3.966005665722379,4.571210894719299,3.4276346836889298,8.856721108518641,31.5,30.7,0.9499439950217796,0.9499439950217796,3,0,0.0067982358444335,1.0,0.0,0.755691231509971,0.0418064695247041,10,1,0.999387254901961,0.0026708939605028,0.750974769806146,0.0347026382819881,20,1,t,t,3,3,,8.005,8.354,9.799,17.723333333333333,0.4511111111111111,1.185,,,,1063.4,,,,,,,,,0.5117929684562749,0.0,6.0,11.0,153.0,9.0,16.0,226.0,313.0,470.0,1.5,0.07273206061213928,0.5209062221965178,0.2968191414043286
8477365,2025020822,5,23,0,2026-01-25,2025,,2.628120893561104,3.3703657470977406,2.794770673539732,7.115216577206341,29.9,29.3,0.9499439950217796,0.9499439950217796,3,0,0.0004081336501659,0.998925886143931,0.0032223415682062,0.761952640339904,0.0342036942524159,10,1,0.998964179891318,0.002855186956007,0.753626980851559,0.0403146893290839,15,1,t,t,3,3,,8.005,8.354,9.799,14.262222222222222,0.1344444444444444,1.767777777777778,,,,855.7333333333332,,,,,,,,,0.4833192484535186,0.0,7.0,16.0,60.0,11.0,23.0,100.0,289.0,427.0,1.5,0.06882648178784391,0.4747726257413138,0.27179955376457887
8477435,2025020822,5,23,0,2026-01-25,2025,,2.410929547281007,3.9737730975561294,3.699857198494093,10.331810053645937,28.5,26.1,1.0482140634723087,1.0482140634723087,4,0,0.0003760328533966,0.998421059611432,0.0034392003023669,0.7704293617181,0.0185681537457872,10,1,0.998421059611432,0.0034392003023669,0.7704293617181,0.0185681537457872,10,1,t,t,3,3,,8.005,8.354,9.799,14.53,0.0016666666666666,0.975,,,,871.8,,,,,,,,,0.4908896828954143,0.0,4.0,10.0,37.0,8.0,19.0,69.0,274.0,417.0,1.5,0.055562602059874594,0.4062300811206883,0.23089634159028144
8477511,2025020822,5,23,0,2026-01-25,2025,,8.739985433357612,8.516996638027644,8.224088848276104,9.861785580874113,27.8,30.6,1.015457373988799,1.015457373988799,3,0,0.0121363286350396,0.94651795997374,0.0598148096259533,0.846439663021615,0.09755358224182,10,1,0.947165351607945,0.0597563476591397,0.806613149412502,0.0890100685922614,20,1,t,t,3,3,,8.005,8.354,9.799,12.66127450980392,2.257843137254902,0.0642156862745098,,,,759.6764705882354,,,,,,,,,0.4574387875055978,0.0,6.0,13.0,13.0,16.0,25.0,25.0,274.0,418.0,1.5,0.07588313717169526,0.42909458741789963,0.25248886229479744
8477969,2025020822,23,5,1,2026-01-25,2025,,2.7816411682892905,3.0930733901958942,2.8470072530899064,7.873277720498642,26.2,23.7,1.113727442439328,1.113727442439328,2,0,0.0058717208735682,0.959042328715366,0.113015853667664,0.637995199780169,0.0654190292231027,10,1,0.960533540139796,0.111602688708495,0.646322798251768,0.0666492323932133,20,1,t,t,3,3,,8.838,9.799,8.354,18.318817204301077,0.3370967741935483,2.545161290322581,,,,1099.1290322580644,,,,,,,,,0.4816135803798209,0.0,6.0,10.0,65.0,6.0,14.0,119.0,270.0,436.0,1.5,0.04127414109750963,0.4133620225228284,0.22731808181016902
8478438,2025020822,5,23,0,2026-01-25,2025,,7.028847561868502,7.173279533736831,7.035801971490344,8.518269446312486,29.1,31.8,0.9499439950217796,0.9499439950217796,3,0,0.0413438226708228,1.0,0.0,0.877684028803328,0.0436677956042345,10,1,0.992928284547813,0.0164016462390508,0.854949533038032,0.0441785479421886,20,1,t,t,3,3,,8.005,8.354,9.799,12.596078431372549,0.9416666666666667,0.0661764705882352,,,,755.7647058823529,,,,,,,,,0.5168544266116769,0.0,8.0,18.0,89.0,13.0,26.0,121.0,294.0,446.0,1.5,0.08025396952784794,0.4589791305541002,0.26961655004097407
8478444,2025020822,23,5,1,2026-01-25,2025,,9.8543742472353,8.037293039704227,6.310807257428346,9.001768204468734,26.2,23.7,1.113727442439328,1.113727442439328,2,0,0.1379055531700302,0.926141117784611,0.108448203646578,0.748511978152103,0.099386883136665,10,1,0.955701370681424,0.084721459815945,0.773414106383477,0.0963110209139661,20,1,t,t,3,3,,8.838,9.799,8.354,14.987254901960783,3.390686274509804,0.9308823529411764,,,,899.2352941176471,,,,,,,,,0.4816135803798209,1.0,11.0,24.0,143.0,19.0,37.0,217.0,270.0,436.0,1.5,0.08963727238287632,0.46850724602729266,0.2790722592050845
8478450,2025020822,5,23,0,2026-01-25,2025,,1.8798955613577024,2.5126943412029523,2.7548209366391183,8.166256608909595,25.0,23.7,0.9827006845052892,0.9827006845052892,3,0,0.0039077641931462,1.0,0.0,0.750571456974307,0.0286570416101725,10,1,0.999655469422911,0.0015017739684894,0.752324191974161,0.0232203809827463,20,1,t,t,3,3,,8.005,8.354,9.799,17.61720430107527,0.1408602150537634,2.479569892473118,,,,1057.032258064516,,,,,,,,,0.4533281679366649,0.0,7.0,12.0,41.0,9.0,16.0,60.0,239.0,367.0,1.5,0.050977921330504106,0.4099488973672998,0.23046340934890194
8478498,2025020822,23,5,1,2026-01-25,2025,,4.678970626462179,8.01068090787717,9.4694670389705,9.917985885943162,26.2,23.7,1.113727442439328,1.113727442439328,2,0,0.1168152904404789,0.94637096581292,0.0744403815960288,0.814235747032522,0.0858338929101311,10,1,0.952759376966926,0.0880159214653897,0.785038337595952,0.0981866170031898,20,1,t,t,3,3,,8.838,9.799,8.354,12.64040404040404,3.2469696969696966,0.8661616161616161,,,,758.4242424242424,,,,,,,,,0.4816135803798209,1.0,12.0,24.0,161.0,17.0,34.0,229.0,270.0,436.0,1.5,0.0812594647402083,0.4650609063866492,0.27316018556342875
8478569,2025020822,5,23,0,2026-01-25,2025,,3.6551934206518433,5.9981544140264536,6.493748833737637,9.227929867733005,28.2,26.3,0.9827006845052892,0.9827006845052892,3,0,0.0012567413784572,0.999645808736718,0.0010625737898465,0.862869967171753,0.0670027370647599,10,1,0.997845749350952,0.0064454793303013,0.858647417803122,0.0585772505505481,20,1,t,t,3,3,,8.005,8.354,9.799,10.197777777777777,0.2,2.5144444444444445,,,,611.8666666666667,,,,,,,,,0.4739370660022608,0.0,5.0,10.0,71.0,8.0,17.0,109.0,278.0,429.0,1.5,0.05185735381303696,0.3949931306951258,0.2234252422540814
8478854,2025020822,5,23,0,2026-01-25,2025,,4.939796233405372,4.08905043162199,2.7214741318214033,7.496592457973648,28.5,26.1,1.0482140634723087,1.0482140634723087,3,0,0.001019246944733,0.996906278434941,0.0092811646951774,0.73275179829522,0.0355573495790269,10,1,0.995758824407681,0.0102266708975031,0.737775236465785,0.0319740354671392,20,1,t,t,3,3,,8.005,8.354,9.799,16.491935483870968,0.303763440860215,2.356989247311828,,,,989.516129032258,,,,,,,,,0.4908896828954143,0.0,2.0,8.0,16.0,6.0,16.0,35.0,274.0,417.0,1.5,0.053670217725474596,0.3958665370513906,0.22476837738843258
8478856,2025020822,23,5,1,2026-01-25,2025,,1.3979496738117427,3.243048465557624,5.010910854279479,4.6844033391387905,26.2,23.7,1.113727442439328,1.113727442439328,2,0,0.1330424102016157,0.967277030971347,0.0385408554751125,0.75204072608769,0.0778949610663947,10,1,0.967950864948702,0.041810507876313,0.779212820811849,0.0878364892386827,20,1,t,t,3,3,,8.838,9.799,8.354,14.182692307692308,2.2352564102564103,1.6083333333333332,,,,850.9615384615385,,,,,,,,,0.4816135803798209,0.0,7.0,17.0,162.0,14.0,35.0,253.0,270.0,436.0,1.5,0.07564685403829378,0.47043627406143995,0.27304156404986685
8479425,2025020822,23,5,1,2026-01-25,2025,,1.9749835418038184,2.7776608728588865,3.2784894663347703,6.060350995328479,26.2,23.7,1.113727442439328,1.113727442439328,2,0,0.0602750122327518,0.924579763783175,0.0989064296282284,0.654476306257406,0.0669100786379307,10,1,0.935307254705203,0.0882291634327494,0.667502964317298,0.0698363234934196,20,1,t,t,3,3,,8.838,9.799,8.354,20.58064516129032,1.6317204301075268,2.1763440860215058,,,,1234.8387096774193,,,,,,,,,0.4816135803798209,0.0,9.0,18.0,79.0,15.0,31.0,147.0,270.0,436.0,1.5,0.06803395358232685,0.4879093398272429,0.27797164670478486
8479638,2025020822,5,23,0,2026-01-25,2025,,9.364757296706728,10.273134936812067,8.853681267474371,11.740725642070933,28.8,24.5,1.0809707529558183,1.0809707529558183,3,0,0.047115453439267,1.0,0.0,0.896656687387471,0.0620524452677,10,1,0.992640180543352,0.0190241832886484,0.880418374396679,0.0620255302424085,20,1,t,t,3,3,,8.005,8.354,9.799,11.51264367816092,1.3373563218390805,0.0436781609195402,,,,690.7586206896552,,,,,,,,,0.4931914592511923,0.0,5.0,11.0,88.0,8.0,16.0,131.0,298.0,464.0,1.5,0.05119831302572283,0.44090075745841567,0.24604953524206924
8480012,2025020822,23,5,1,2026-01-25,2025,,6.142645887839836,4.841777624070552,4.906383938642003,9.337713989278921,25.1,22.2,1.015457373988799,1.015457373988799,8,0,0.1123615701860376,0.917365119097547,0.0958366735597156,0.761421103894815,0.0699536528280005,10,1,0.941448071975978,0.0793012965938435,0.773636024862319,0.0683316068007988,20,1,t,t,3,3,,8.838,9.799,8.354,18.41025641025641,0.4647435897435897,0.1224358974358974,,,,1104.6153846153845,,,,,,,,,0.5094896655606392,0.0,8.0,16.0,106.0,18.0,35.0,177.0,250.0,417.0,1.5,0.08340602779343004,0.46364983846755436,0.2735279331304922
8480058,2025020822,23,5,1,2026-01-25,2025,,0.8068854222700376,1.381321464200752,3.323854193596041,6.90660732100376,30.2,28.1,1.0809707529558183,1.0809707529558183,12,0,0.0009103953292761,0.997567844342038,0.0068791750345849,0.718800343799794,0.037160732133572,9,1,0.997567844342038,0.0068791750345849,0.718800343799794,0.037160732133572,9,1,t,t,3,3,,8.838,9.799,8.354,12.428333333333333,0.2016666666666666,0.485,,,,745.7,,,,,,,,,0.5551933475155199,0.0,5.0,9.0,39.0,7.0,17.0,58.0,312.0,499.0,1.5,0.053283400401599804,0.42603227604921534,0.23965783822540757
8480078,2025020822,23,5,1,2026-01-25,2025,,8.396946564885496,9.649404953361207,10.173880873103958,13.509166934705693,26.2,30.9,0.9499439950217796,0.9499439950217796,2,0,0.0502591346201855,0.946722332079874,0.0517907406104834,0.783751885708407,0.0363664422811665,4,1,0.946722332079874,0.0517907406104834,0.783751885708407,0.0363664422811665,4,1,t,t,3,3,,8.838,9.799,8.354,15.5375,1.5041666666666669,0.1833333333333333,,,,932.25,,,,,,,,,0.511561513199905,1.0,15.0,32.0,125.0,19.0,47.0,182.0,272.0,454.0,1.5,0.10959011910220066,0.49274320719497944,0.30116666314859003
8480144,2025020822,23,5,1,2026-01-25,2025,,7.331975560081466,5.254294375210509,3.97456279809221,6.871000336813743,26.0,24.4,1.113727442439328,1.113727442439328,2,0,0.0013085242423942,0.97069825436409,0.0879052369077307,0.807593374315825,0.0793109350184521,10,1,0.971070488857441,0.0777013302254203,0.788117589688515,0.0738478978506918,20,1,t,t,3,3,,8.838,9.799,8.354,13.793055555555556,0.1493055555555555,1.4083333333333332,,,,827.5833333333333,,,,,,,,,0.480545796912242,0.0,7.0,13.0,45.0,12.0,19.0,66.0,252.0,402.0,1.5,0.053571877226658196,0.40833018480426214,0.23095103101546016
8480842,2025020822,5,23,0,2026-01-25,2025,,7.3932092004381165,7.969303423848879,7.725171182770528,10.182998819362457,,,,,83,0,,0.996551724137931,0.0077105792327578,0.784236761710064,0.0711895343051341,6,1,0.996551724137931,0.0077105792327578,0.784236761710064,0.0711895343051341,6,1,t,t,3,3,,8.005,8.354,9.799,10.586111111111112,0.2555555555555555,1.1472222222222221,,,,635.1666666666666,,,,,,,,,,,,,,,,,,,1.5,0.010650426967506224,0.49190119277332445,0.2512758098704153
8480980,2025020822,5,23,0,2026-01-25,2025,,7.916727752528955,6.719426608929371,6.618863761720905,9.855159026429744,28.5,26.1,1.0482140634723087,1.0482140634723087,3,0,0.0005937360843105,0.999345692475464,0.0019629225736095,0.862589199825814,0.0495999304232487,10,1,0.997779039493244,0.006356385362238,0.858966975830641,0.039064610364181,20,1,t,t,3,3,,8.005,8.354,9.799,10.576470588235294,0.1862745098039215,2.7122549019607844,,,,634.5882352941176,,,,,,,,,0.4908896828954143,0.0,8.0,18.0,52.0,9.0,22.0,68.0,274.0,417.0,1.5,0.05755100996370929,0.42261390073933114,0.24008245535152023
8481024,2025020822,23,5,1,2026-01-25,2025,,14.941634241245136,9.405090691945958,8.473208521626855,11.196536538030902,26.2,23.7,1.113727442439328,1.113727442439328,2,0,0.0111942161552211,0.926577153865737,0.103206041951044,0.746786441996573,0.105166020384444,10,1,0.949259475234744,0.0886439930867563,0.751641222084777,0.0937114688382847,20,1,t,t,3,3,,8.838,9.799,8.354,10.447849462365593,1.5543010752688171,0.0801075268817204,,,,626.8709677419355,,,,,,,,,0.4816135803798209,0.0,8.0,20.0,28.0,16.0,33.0,42.0,270.0,436.0,1.5,0.06357602369891123,0.45053725605000333,0.25705663987445726
8481030,2025020822,5,23,0,2026-01-25,2025,,0.6779661016949152,2.578427159432746,3.082222826579639,6.998588004174596,27.6,28.6,1.015457373988799,1.015457373988799,3,0,0.0002770768393449,0.995545777478913,0.0095315561354463,0.744425949475078,0.0328841475715863,10,1,0.995950706799012,0.0091777501531097,0.748889573093148,0.0343845955909899,11,1,t,t,3,3,,8.005,8.354,9.799,14.88095238095238,0.0357142857142857,1.5452380952380953,,,,892.8571428571429,,,,,,,,,0.4716838686033886,0.0,5.0,11.0,11.0,9.0,18.0,21.0,277.0,429.0,1.5,0.056089292220579755,0.38863958642656987,0.2223644393235748
8481481,2025020822,5,23,0,2026-01-25,2025,,3.8004750593824226,3.710575139146568,3.0803080308030806,7.421150278293136,27.8,25.9,1.0809707529558183,1.0809707529558183,3,0,0.0022561971203799,0.998792270531401,0.0036231884057971,0.846562474448545,0.0607741248727084,10,1,0.9992086352657,0.0027147595112495,0.836981953301065,0.0606832202544195,20,1,t,t,3,3,,8.005,8.354,9.799,10.874666666666666,0.2266666666666666,2.48,,,,652.48,,,,,,,,,0.463534767151686,0.0,8.0,11.0,50.0,11.0,18.0,76.0,271.0,413.0,1.5,0.053652684737614725,0.4153286571827345,0.23449067096017462
8481535,2025020822,23,5,1,2026-01-25,2025,,6.023088505939435,5.192557334487235,4.659337066252503,6.231068801384682,26.2,23.7,1.113727442439328,1.113727442439328,2,0,0.0274013640766519,0.947371454382967,0.0850595649097214,0.798543846922346,0.0834278966783268,10,1,0.93363330467716,0.107668205525401,0.783986990458499,0.106132324023864,15,1,t,t,3,3,,8.838,9.799,8.354,11.25625,0.4302083333333333,0.0177083333333333,,,,675.375,,,,,,,,,0.4816135803798209,0.0,7.0,19.0,84.0,10.0,24.0,114.0,270.0,436.0,1.5,0.05208781977034665,0.4302567847564599,0.24117230226340328
8482055,2025020822,23,5,1,2026-01-25,2025,,10.968921389396709,9.575353871773522,7.881003940501969,9.575353871773522,26.2,23.7,1.113727442439328,1.113727442439328,2,0,0.0094766379405038,0.948278087026687,0.0853717474020254,0.763135593983235,0.0738381815986619,10,1,0.949108835543087,0.111066621344891,0.761485233903754,0.0869265854995098,20,1,t,t,3,3,,8.838,9.799,8.354,12.281372549019608,0.3200980392156862,1.2892156862745099,,,,736.8823529411765,,,,,,,,,0.4816135803798209,0.0,7.0,13.0,110.0,14.0,26.0,190.0,270.0,436.0,1.5,0.054077436362438405,0.45129084924094637,0.2526841428016924
8482079,2025020822,23,5,1,2026-01-25,2025,,3.86058981233244,3.612874972629735,4.745799694523239,7.554193124589446,28.8,24.5,1.0809707529558183,1.0809707529558183,26,0,0.101281225395462,0.982465641023693,0.0383729094453927,0.824171952140683,0.0706898362397583,10,1,0.979645857901599,0.0382708535478411,0.824819045503243,0.064813636678406,12,1,t,t,3,3,,8.838,9.799,8.354,14.783333333333331,2.8916666666666666,0.8666666666666666,,,,887.0,,,,,,,,,0.4931914592511923,1.0,10.0,23.0,138.0,13.0,33.0,206.0,298.0,464.0,1.5,0.07849324246280116,0.4628213505710251,0.2706572965169131
8482470,2025020822,5,23,0,2026-01-25,2025,,4.103265515472731,3.734329154441184,4.426229508196721,9.069085089357161,29.4,25.7,0.9827006845052892,0.9827006845052892,6,0,0.0,0.989873417721519,0.030379746835443,0.702974761834815,0.05056855128258,10,1,0.990794016110472,0.029111877193725,0.696717632710142,0.0521174084729507,11,1,t,t,3,3,,8.005,8.354,9.799,10.94090909090909,0.1,0.1969696969696969,,,,656.4545454545455,,,,,,,,,0.5195653698761067,0.0,5.0,5.0,5.0,7.0,7.0,7.0,304.0,445.0,1.5,0.0423055236659607,0.3597170950675191,0.2010113093667399
8482475,2025020822,5,23,0,2026-01-25,2025,,6.974716652136007,7.29816025543561,7.251208534755792,8.210430287365059,28.5,31.9,1.0482140634723087,1.0482140634723087,3,0,0.0383520533133261,1.0,0.0,0.87601734173491,0.0489874315060657,10,1,0.998687218172012,0.004029125839775,0.88297245324393,0.0535017949718929,20,1,t,t,3,3,,8.005,8.354,9.799,10.339333333333332,0.952,0.0266666666666666,,,,620.36,,,,,,,,,0.4581310795185056,1.0,10.0,23.0,68.0,20.0,41.0,103.0,267.0,447.0,1.5,0.11632741806599708,0.4625018185934093,0.28941461832970317
8482691,2025020822,23,5,1,2026-01-25,2025,,8.1008100810081,7.030151538822059,6.379992344009187,7.498828308076862,26.2,23.7,1.113727442439328,1.113727442439328,6,0,0.0036248889066416,0.971900603125878,0.0741037383840238,0.815915704520969,0.0686900738598916,10,1,0.967155552159598,0.0955330540825304,0.806573680546127,0.0906318001816482,20,1,t,t,3,3,,8.838,9.799,8.354,11.30432098765432,0.3129629629629629,0.9074074074074074,,,,678.2592592592592,,,,,,,,,0.4816135803798209,1.0,10.0,19.0,33.0,14.0,27.0,44.0,270.0,436.0,1.5,0.05794286376807957,0.4369530148158434,0.2474479392919615
8483499,2025020822,23,5,1,2026-01-25,2025,,7.8901227352425485,7.6410217993857215,7.985480943738658,8.989437411042026,25.0,26.3,1.113727442439328,1.113727442439328,2,0,0.0142974733376279,0.956130535894626,0.0943331308981872,0.790249120036123,0.0991496919500741,10,1,0.978065267947313,0.0702175352939025,0.79728221168195,0.0999921193128553,20,1,t,t,3,3,,8.838,9.799,8.354,10.941397849462364,0.3666666666666666,0.0698924731182795,,,,656.483870967742,,,,,,,,,0.4789812063866452,0.0,9.0,17.0,25.0,12.0,24.0,38.0,246.0,387.0,1.5,0.05305493345698779,0.4140843125960114,0.2335696230264996
8483678,2025020822,23,5,1,2026-01-25,2025,,0.8274720728175424,2.6873120481156825,2.6299817924337447,7.678034423187664,27.0,34.1,0.91718730553827,0.91718730553827,2,0,0.0002995775955902,0.982734154796488,0.049576408469175,0.690075244977663,0.0571599903176223,10,1,0.982596244064911,0.0487134423975675,0.688835078585766,0.0541630053674836,20,1,t,t,3,3,,8.838,9.799,8.354,13.174242424242424,0.1106060606060606,1.0401515151515153,,,,790.4545454545455,,,,,,,,,0.4637253365481808,0.0,6.0,11.0,19.0,13.0,21.0,40.0,260.0,415.0,1.5,0.06988176513885289,0.4292521410724145,0.2495669531056337
8484136,2025020822,23,5,1,2026-01-25,2025,,2.1082220660576247,3.8152770050075513,5.4536440257808625,5.246005881885383,26.2,23.7,1.113727442439328,1.113727442439328,4,0,0.0003395212750022,0.965880031547019,0.0885095317219751,0.783506082856348,0.0861491813316618,10,1,0.970057522670926,0.0754498582990477,0.768664163661869,0.0759119162562077,20,1,t,t,3,3,,8.838,9.799,8.354,11.295,0.6744444444444444,0.085,,,,677.7,,,,,,,,,0.4816135803798209,0.0,7.0,15.0,28.0,7.0,18.0,33.0,270.0,436.0,1.5,0.04288815799826439,0.38100699840594293,0.21194757820210366
8484240,2025020822,23,5,1,2026-01-25,2025,,3.8570326562098223,3.177405119152692,3.729951510630362,7.06090026478376,,,,,2,0,,0.963602661345889,0.0923188286083832,0.680973391056481,0.053252847641617,10,1,0.966049018650427,0.0899827305251393,0.66886239004278,0.0522112253506029,20,1,t,t,3,3,,8.838,9.799,8.354,13.738461538461538,1.5102564102564104,0.4025641025641025,,,,824.3076923076923,,,,,,,,,,,,,,,,,,,1.5,0.011076070000889292,0.5232610998142752,0.2671685849075822
8484798,2025020822,23,5,1,2026-01-25,2025,,2.9408881482207625,3.500583430571762,2.491633485599824,5.834305717619603,30.4,23.5,1.1464841319228376,1.1464841319228376,2,0,,0.927308751621827,0.0808095663896445,0.6748903581219,0.0669804217848771,10,1,0.955161827617704,0.0660545192575018,0.676692995801753,0.0521269500235681,20,1,t,t,3,3,,8.838,9.799,8.354,16.135632183908047,3.0913793103448275,0.1149425287356321,,,,968.1379310344829,,,,,,,,,,0.0,1.0,1.0,1.0,1.0,1.0,1.0,296.0,463.0,1.5,0.04364648080697511,0.3543818736508295,0.1990141772289023
8485414,2025020822,5,23,0,2026-01-25,2025,,3.9380414807035966,5.912495072920772,5.194805194805195,7.883326763894363,,,,,3,0,,0.998841251448436,0.0034762456546929,0.838575952573321,0.0687250589260776,10,1,0.98494379787454,0.0364114858753889,0.815138837781972,0.0772826879245628,20,1,t,t,3,3,,8.005,8.354,9.799,13.025980392156862,1.942156862745098,0.688235294117647,,,,781.5588235294118,,,,,,,,,,,,,,,,,,,1.5,0.011143543189165776,0.5210781541987941,0.26611084869397994
8473419,2025020823,13,16,0,2026-01-25,2025,,13.66742596810934,9.621850913041229,9.272598685072165,10.242615488076147,28.0,29.9,0.9499439950217796,0.9499439950217796,1,1,0.1024851673569909,0.971959528994054,0.0447233641413299,0.809174431508895,0.0666173285347911,10,1,0.977188656523085,0.0379005206931638,0.828062525523826,0.0675051119260351,20,1,t,t,3,3,,7.255,7.72,7.907,13.595833333333331,3.917261904761905,1.4857142857142855,,,,815.75,,,,,,,,,0.4744084982723885,1.0,22.0,30.0,226.0,28.0,38.0,334.0,275.0,450.0,1.5,0.16263276672443083,0.48124520993645065,0.32193898833044077
8473422,2025020823,16,13,1,2026-01-25,2025,,2.283539486203616,1.5278838808250572,4.254816215577355,6.111535523300229,24.2,31.3,0.8844306160547604,0.8844306160547604,2,0,0.0225248242621773,0.992109025044977,0.0194229373254877,0.79337702781025,0.0638458464050276,10,1,0.98768114032679,0.024025617484216,0.743975557899107,0.0881114521704863,20,1,t,t,3,3,,7.846,7.907,7.72,10.621014492753623,1.3847826086956523,1.0043478260869565,,,,637.2608695652174,,,,,,,,,0.4771223216462892,0.0,9.0,14.0,98.0,11.0,18.0,127.0,254.0,370.0,1.5,0.0563649130443931,0.47327314700071893,0.264819030022556
8473507,2025020823,13,16,0,2026-01-25,2025,,1.6490311941734233,1.9855715136673504,3.1915954652747764,6.3538288437355215,27.1,24.2,1.0809707529558183,1.0809707529558183,1,1,0.0046414120145742,0.994767230197399,0.010538441168952,0.66659305375024,0.0516673633807189,10,1,0.997197395359407,0.0078777708835562,0.708390645779742,0.0772986928739584,20,1,t,t,3,3,,7.255,7.72,7.907,13.267241379310343,0.9482758620689656,1.049425287356322,,,,796.0344827586206,,,,,,,,,0.483218383464342,0.0,8.0,12.0,33.0,8.0,16.0,54.0,268.0,426.0,1.5,0.059247798597011306,0.4112059598484307,0.235226879222721
8476473,2025020823,16,13,1,2026-01-25,2025,,2.7372262773722627,2.978488692774407,2.9988337868606654,8.273579702151132,24.2,31.3,0.8844306160547604,0.8844306160547604,2,0,0.0034249886063887,0.998867595818815,0.003397212543554,0.695638299859059,0.0668321474933715,10,1,0.998644340526082,0.0032362784824025,0.68638028053976,0.0552847312957392,20,1,t,t,3,3,,7.846,7.907,7.72,14.027083333333332,0.1223958333333333,2.9916666666666667,,,,841.625,,,,,,,,,0.4771223216462892,0.0,5.0,14.0,78.0,10.0,21.0,112.0,254.0,370.0,1.5,0.057727634617913616,0.48052529173668895,0.26912646317730127
8476882,2025020823,16,13,1,2026-01-25,2025,,5.086182537439955,5.437245129134572,4.49209391471011,6.602369085377695,24.2,31.3,0.8844306160547604,0.8844306160547604,13,0,0.1474678562057202,0.986631070549246,0.0189047713953359,0.730110076338878,0.0643674194697877,10,1,0.982289539614455,0.0241464940691243,0.734930489962297,0.0617859468418475,20,1,t,t,3,3,,7.846,7.907,7.72,12.538505747126436,2.333333333333333,2.5867816091954023,,,,752.3103448275863,,,,,,,,,0.4771223216462892,0.0,8.0,14.0,109.0,12.0,24.0,157.0,254.0,370.0,1.5,0.07202659224819247,0.46721312428601736,0.2696198582671049
8476891,2025020823,16,13,1,2026-01-25,2025,,2.8345340734616746,2.107728337236534,2.790392296328719,3.864168618266979,28.5,26.1,1.0482140634723087,1.0482140634723087,2,0,0.0991044480728316,0.972945773514452,0.0500287787512945,0.690189812581556,0.0403914793009936,10,1,0.981253993074019,0.0377581778861913,0.693685264950949,0.0546570960367965,20,1,t,t,3,3,,7.846,7.907,7.72,15.492708333333333,1.0979166666666669,0.5661458333333333,,,,929.5625,,,,,,,,,0.4908896828954143,1.0,13.0,17.0,91.0,19.0,28.0,154.0,274.0,417.0,1.5,0.09172068142101047,0.4762804091704688,0.28400054529573965
8477409,2025020823,13,16,0,2026-01-25,2025,,6.389095942924076,5.236173230064361,5.851307939421753,6.545216537580451,28.0,29.9,0.9499439950217796,0.9499439950217796,1,1,0.0926420495434264,0.97350166252062,0.0525673380887168,0.816302799566605,0.0577250113916557,10,1,0.973766865345368,0.0478087690752831,0.822160895103376,0.0954950445029702,20,1,t,t,3,3,,7.255,7.72,7.907,14.438725490196077,2.896078431372549,0.2544117647058823,,,,866.3235294117646,,,,,,,,,0.4744084982723885,1.0,10.0,18.0,284.0,17.0,37.0,434.0,275.0,450.0,1.5,0.13756838272961497,0.4662437133535242,0.3019060480415696
8477444,2025020823,16,13,1,2026-01-25,2025,,5.44080604534005,6.670902160101652,5.290567909399025,9.529860228716645,28.0,26.3,0.8844306160547604,0.8844306160547604,2,0,0.0728806678087278,0.982526374810267,0.0255008115899027,0.818025837051564,0.0555045629360615,10,1,0.973581464012729,0.0298962397270502,0.840495446915472,0.0543746103935506,20,1,t,t,3,3,,7.846,7.907,7.72,14.895454545454545,2.8429292929292926,0.2974747474747474,,,,893.7272727272726,,,,,,,,,0.5084689487895976,0.0,9.0,16.0,112.0,13.0,23.0,164.0,297.0,446.0,1.5,0.07087865497516509,0.5035681067879998,0.28722338088158245
8477450,2025020823,16,13,1,2026-01-25,2025,,6.806150743634989,5.285678328718852,5.1044522166556385,8.306065945129626,22.1,22.2,1.015457373988799,1.015457373988799,2,0,0.0017539256169813,0.998322147651007,0.0050335570469798,0.854539041501533,0.0514358639307051,10,1,0.999161073825503,0.003656794415722,0.846869612650028,0.052451356582801,20,1,t,t,3,3,,7.846,7.907,7.72,12.91547619047619,0.2636904761904761,2.25,,,,774.9285714285713,,,,,,,,,0.4309849086539387,0.0,5.0,9.0,52.0,9.0,18.0,90.0,216.0,336.0,1.5,0.042870026622308086,0.42859747991000346,0.23573375326615578
8477479,2025020823,16,13,1,2026-01-25,2025,,3.916875204003917,9.571558796718323,7.519411524315488,10.938924339106654,25.4,29.2,1.015457373988799,1.015457373988799,2,0,0.1545111795495035,0.966550520194518,0.0558874221542946,0.755815638938038,0.0818355891391731,10,1,0.965153824504063,0.0454227598925051,0.768185767122106,0.0865388537507665,20,1,t,t,3,3,,7.846,7.907,7.72,14.950980392156861,3.0725490196078433,0.1612745098039215,,,,897.0588235294118,,,,,,,,,0.4746975724824096,0.0,8.0,17.0,118.0,11.0,24.0,192.0,256.0,363.0,1.5,0.06877424946222792,0.48202528870608774,0.2753997690841578
8477495,2025020823,13,16,0,2026-01-25,2025,,6.648534300392868,6.338028169014085,5.65540583963497,10.299295774647888,28.0,29.9,0.9499439950217796,0.9499439950217796,23,0,0.0692776382914074,0.990693168043366,0.0186251139126795,0.742323838367352,0.0342059227953692,10,1,0.979501249792211,0.0334964651268954,0.735905695930891,0.03758191586412,19,1,t,t,3,3,,7.255,7.72,7.907,16.296825396825398,3.962698412698413,2.253174603174603,,,,977.8095238095239,,,,,,,,,0.4744084982723885,0.0,9.0,16.0,149.0,14.0,27.0,228.0,275.0,450.0,1.5,0.10790213728115458,0.4687405229921556,0.28832133013665506
8477932,2025020823,13,16,0,2026-01-25,2025,,3.0364372469635628,2.5452848597972255,3.0308354563823245,5.599626691553896,27.5,30.4,0.91718730553827,0.91718730553827,1,1,0.0680222609585645,0.99275127665126,0.0157986842483706,0.797923213066539,0.0400734361185679,10,1,0.99131581010638,0.0203295333985868,0.772580897395228,0.051557340799842,20,1,t,t,3,3,,7.255,7.72,7.907,17.056451612903224,2.4817204301075266,3.111290322580645,,,,1023.3870967741937,,,,,,,,,0.4880196093834996,0.0,8.0,15.0,139.0,15.0,29.0,228.0,289.0,474.0,1.5,0.10249057951055604,0.48501842175496973,0.29375450063276287
8477933,2025020823,13,16,0,2026-01-25,2025,,3.755364806866953,6.127342154337981,7.441147289618472,7.459373057454933,28.0,29.9,0.9499439950217796,0.9499439950217796,1,1,0.1148390398362412,0.979605191203861,0.0339022788774178,0.804303436865499,0.0570200639781799,10,1,0.970423475859936,0.043961842587724,0.780275896111987,0.0615609793537777,20,1,t,t,3,3,,7.255,7.72,7.907,15.288571428571428,4.086190476190476,2.263809523809524,,,,917.3142857142856,,,,,,,,,0.4744084982723885,1.0,18.0,26.0,268.0,28.0,44.0,420.0,275.0,450.0,1.5,0.177478595166703,0.4717867503542568,0.3246326727604799
8477935,2025020823,13,16,0,2026-01-25,2025,,10.272018261365796,9.334435315280277,9.604255423941686,10.79294083329282,28.0,29.9,0.9499439950217796,0.9499439950217796,1,1,0.0799923238073915,0.975273784008636,0.0493529772016677,0.793948864224411,0.0608648848136048,10,1,0.972323861914571,0.043219255670659,0.81562454709857,0.0593855060210109,20,1,t,t,3,3,,7.255,7.72,7.907,14.43904761904762,3.6319047619047615,1.3461904761904762,,,,866.3428571428572,,,,,,,,,0.4744084982723885,1.0,15.0,31.0,293.0,26.0,49.0,411.0,275.0,450.0,1.5,0.20124201598103497,0.4856243730397277,0.34343319451038135
8477987,2025020823,16,13,1,2026-01-25,2025,,2.638135717426352,4.605722260990928,4.721311475409836,5.861828332170272,24.2,31.3,0.8844306160547604,0.8844306160547604,2,0,0.1185211783065641,0.984693846898696,0.0291579959917126,0.776822416656987,0.077849857901875,10,1,0.983289902632302,0.0338482898756812,0.772534167761303,0.0852930367018492,20,1,t,t,3,3,,7.846,7.907,7.72,12.963333333333331,1.7095238095238097,0.0861904761904761,,,,777.8,,,,,,,,,0.4771223216462892,1.0,11.0,23.0,176.0,21.0,35.0,251.0,254.0,370.0,1.5,0.10276839824644865,0.47862164040455235,0.2906950193255005
8478043,2025020823,16,13,1,2026-01-25,2025,,5.018820577164367,2.6690391459074734,2.337098658950531,3.3362989323843415,29.9,29.3,0.9499439950217796,0.9499439950217796,6,0,0.0008616154836837,0.997912713472486,0.0062618595825427,0.848920856251968,0.0685897789555833,10,1,0.997912713472486,0.0062618595825427,0.848920856251968,0.0685897789555833,10,1,t,t,3,3,,7.846,7.907,7.72,8.633333333333333,0.0712121212121212,0.0757575757575757,,,,518.0,,,,,,,,,0.4833192484535186,0.0,6.0,14.0,48.0,12.0,20.0,66.0,289.0,427.0,1.5,0.06841232017383753,0.40910707149521935,0.23875969583452844
8478055,2025020823,13,16,0,2026-01-25,2025,,2.7592550011496897,3.108436615789264,2.762915533725112,5.499541704857929,28.0,29.9,0.9499439950217796,0.9499439950217796,1,1,0.0112424237578161,0.986041807147674,0.0418745785569791,0.776800638133845,0.0545348624392273,10,1,0.991985400615257,0.030518310286782,0.747278839035299,0.0606863416105051,20,1,t,t,3,3,,7.255,7.72,7.907,18.79731182795699,0.8913978494623656,3.3543010752688174,,,,1127.8387096774193,,,,,,,,,0.4744084982723885,0.0,8.0,13.0,221.0,14.0,22.0,315.0,275.0,450.0,1.5,0.10840009271137788,0.4835210228965281,0.295960557803953
8478421,2025020823,13,16,0,2026-01-25,2025,,9.716599190283402,7.412555015056752,7.333282407761057,9.26569376882094,28.0,29.9,0.9499439950217796,0.9499439950217796,1,1,0.0030624810094193,0.996800947867299,0.0095971563981042,0.83993210222316,0.0912855863235487,10,1,0.994293710697816,0.0156249388446915,0.839451836493963,0.076117289850484,20,1,t,t,3,3,,7.255,7.72,7.907,11.448095238095238,0.1833333333333333,0.3557142857142857,,,,686.8857142857142,,,,,,,,,0.4744084982723885,0.0,7.0,11.0,94.0,10.0,18.0,139.0,275.0,450.0,1.5,0.07849235514947865,0.4460907832058873,0.262291569177683
8478542,2025020823,13,16,0,2026-01-25,2025,,8.530438154323381,8.867868755542418,8.814714697067638,10.996157256872598,28.0,29.9,0.9499439950217796,0.9499439950217796,1,1,0.0548208088787961,0.973759672001581,0.0526551136695601,0.745892859685586,0.0749960836596227,10,1,0.971922470524825,0.0507156330357037,0.748620301552831,0.0741644839146996,20,1,t,t,3,3,,7.255,7.72,7.907,13.133333333333333,2.197142857142857,1.4323809523809523,,,,788.0,,,,,,,,,0.4744084982723885,0.0,8.0,16.0,190.0,15.0,25.0,297.0,275.0,450.0,1.5,0.10017173194283167,0.4993832105303509,0.29977747123659126
8478859,2025020823,13,16,0,2026-01-25,2025,,1.8858040859088527,3.200310333123212,2.3140336499059924,5.818746060224021,28.0,29.9,0.9499439950217796,0.9499439950217796,1,1,0.0041419455949848,1.0,0.0,0.711606458963525,0.0372696747019457,10,1,1.0,0.0,0.723149687764621,0.0547596090999721,20,1,t,t,3,3,,7.255,7.72,7.907,17.438172043010752,0.3123655913978494,2.6564516129032256,,,,1046.2903225806451,,,,,,,,,0.4744084982723885,0.0,7.0,11.0,132.0,14.0,23.0,207.0,275.0,450.0,1.5,0.0980418661039576,0.47314330019051243,0.285592583147235
8479314,2025020823,13,16,0,2026-01-25,2025,,7.270323859881031,7.1800208116545265,6.611303716842699,10.301768990634756,28.0,29.9,0.9499439950217796,0.9499439950217796,1,1,0.0773696246661655,0.990990990990991,0.0127406627240819,0.811771634917119,0.0785054122400288,3,1,0.990990990990991,0.0127406627240819,0.811771634917119,0.0785054122400288,3,1,t,t,3,3,,7.255,7.72,7.907,15.144444444444444,4.277777777777778,0.4388888888888888,,,,908.6666666666667,,,,,,,,,0.4744084982723885,1.0,12.0,22.0,193.0,21.0,42.0,301.0,275.0,450.0,1.5,0.15225537956200363,0.46298042952497015,0.3076179045434869
8479316,2025020823,13,16,0,2026-01-25,2025,,3.150433184562877,3.0124262583155517,6.345848757271285,8.284172210367766,33.4,23.8,1.1464841319228376,1.1464841319228376,1,1,0.0321292230288854,1.0,0.0,0.813726454547951,0.0589517632800384,10,1,0.985987903225806,0.0610773138258219,0.827850099733626,0.0881115917771952,20,1,t,t,3,3,,7.255,7.72,7.907,7.4696428571428575,0.1988095238095238,0.8571428571428571,,,,448.17857142857144,,,,,,,,,0.5243159982336806,0.0,9.0,15.0,108.0,14.0,23.0,159.0,324.0,500.0,1.5,0.08920852544900093,0.4937799100602843,0.2914942177546426
8479981,2025020823,13,16,0,2026-01-25,2025,,9.458749343142406,6.043817678166709,4.202483285577841,8.310249307479223,28.0,29.9,0.9499439950217796,0.9499439950217796,92,0,0.002206905374934,1.0,0.0,0.911081177347122,0.048048843241947,5,1,1.0,0.0,0.911081177347122,0.048048843241947,5,1,t,t,3,3,,7.255,7.72,7.907,7.563333333333333,0.09,0.0,,,,453.8,,,,,,,,,0.4744084982723885,0.0,1.0,6.0,52.0,6.0,12.0,87.0,275.0,450.0,1.5,0.060547443250473294,0.37677328008980154,0.21866036167013742
8480003,2025020823,13,16,0,2026-01-25,2025,,3.2414910858995136,4.4543429844097995,3.668500917125229,7.423904974016333,27.2,27.0,1.1792408214063472,1.1792408214063472,6,0,0.0039660328477075,0.995368782161235,0.013893653516295,0.802054943649766,0.0807113598743904,10,1,0.995157795335937,0.0145419279492984,0.814222357126781,0.07322915997066,20,1,t,t,3,3,,7.255,7.72,7.907,9.084848484848484,0.408080808080808,0.359090909090909,,,,545.0909090909091,,,,,,,,,0.5076436241399296,0.0,4.0,12.0,89.0,7.0,15.0,135.0,267.0,459.0,1.5,0.05831705013389393,0.4249701012900386,0.24164357571196626
8480185,2025020823,13,16,0,2026-01-25,2025,,7.2930594384344225,5.191209551825575,4.564206091459668,8.30593528292092,28.0,29.9,0.9499439950217796,0.9499439950217796,1,1,0.0179031200524539,0.997350343473994,0.0079489695780176,0.843183362658073,0.0420336131514908,10,1,0.994573356550844,0.0137884975353986,0.823513979853652,0.0517138861158544,20,1,t,t,3,3,,7.255,7.72,7.907,13.482828282828281,1.5676767676767676,2.018686868686869,,,,808.969696969697,,,,,,,,,0.4744084982723885,1.0,14.0,22.0,119.0,22.0,33.0,189.0,275.0,450.0,1.5,0.12204382042986527,0.472874098250218,0.29745895934004163
8481568,2025020823,16,13,1,2026-01-25,2025,,4.4622106535279356,4.385964912280701,3.3224990971469843,8.187134502923977,25.4,29.2,1.015457373988799,1.015457373988799,2,0,0.0919637061691226,0.999293008641006,0.0021209740769835,0.771018009853233,0.0504316046041811,10,1,0.999646504320503,0.0015408519439067,0.734225593916209,0.0578827198007462,20,1,t,t,3,3,,7.846,7.907,7.72,17.66774193548387,0.2435483870967741,3.031182795698925,,,,1060.0645161290322,,,,,,,,,0.4746975724824096,0.0,5.0,12.0,101.0,6.0,15.0,146.0,256.0,363.0,1.5,0.057206951937672786,0.5255096440294341,0.29135829798355345
8481624,2025020823,16,13,1,2026-01-25,2025,,4.6875,3.705159153427272,4.956558894744338,4.378824454050413,24.2,31.3,0.8844306160547604,0.8844306160547604,2,0,0.0113107486638401,0.998923679060665,0.0032289628180039,0.812592949880641,0.0669013399850211,10,1,0.999461839530333,0.0023457871026882,0.823259823660486,0.0570129106770114,20,1,t,t,3,3,,7.846,7.907,7.72,14.2359375,0.2208333333333333,2.902083333333333,,,,854.15625,,,,,,,,,0.4771223216462892,0.0,9.0,26.0,131.0,14.0,32.0,173.0,254.0,370.0,1.5,0.07600474884147783,0.4721464873686442,0.274075618105061
8481655,2025020823,13,16,0,2026-01-25,2025,,0.0,2.3391812865497075,3.367003367003367,5.458089668615984,28.5,27.5,1.0809707529558183,1.0809707529558183,3,0,0.0002172024326672,0.971890216910137,0.0795064729620996,0.853347872679846,0.0954329777445162,9,1,0.971890216910137,0.0795064729620996,0.853347872679846,0.0954329777445162,9,1,t,t,3,3,,7.255,7.72,7.907,7.662962962962963,0.124074074074074,0.7462962962962962,,,,459.77777777777777,,,,,,,,,0.5148910183150965,0.0,4.0,10.0,30.0,8.0,17.0,47.0,288.0,467.0,1.5,0.061310298171632006,0.3484899098217945,0.20490010399671327
8481806,2025020823,16,13,1,2026-01-25,2025,,5.961844197138315,4.919292851652576,5.77555549613626,11.068408916218292,24.2,29.6,1.0482140634723087,1.0482140634723087,2,0,0.0013948542308276,0.990455066402708,0.022905938471728,0.758692059707582,0.0372531099166436,10,1,0.992601074057385,0.019776641143483,0.747254931286813,0.0415771909065569,20,1,t,t,3,3,,7.846,7.907,7.72,14.605172413793104,0.178735632183908,2.1333333333333333,,,,876.3103448275863,,,,,,,,,0.4764197271751047,0.0,5.0,11.0,28.0,8.0,19.0,44.0,250.0,363.0,1.5,0.05029898737843905,0.3963222243029961,0.22331060584071755
8482113,2025020823,13,16,0,2026-01-25,2025,,7.741935483870968,8.31353919239905,7.626019980172349,8.907363420427554,28.0,29.9,0.9499439950217796,0.9499439950217796,1,1,0.0460091794469942,0.983360208063871,0.0277698443442557,0.852227443474077,0.0407810575464593,10,1,0.978350981014199,0.0291912003985043,0.837033068253213,0.045028134878674,20,1,t,t,3,3,,7.255,7.72,7.907,14.454761904761904,2.4590476190476194,2.4752380952380952,,,,867.2857142857142,,,,,,,,,0.4744084982723885,1.0,13.0,23.0,197.0,15.0,29.0,294.0,275.0,450.0,1.5,0.10986760103642132,0.506905231884584,0.3083864164605027
8482131,2025020823,13,16,0,2026-01-25,2025,,2.151308712800287,1.603706343549537,2.40606327946425,2.1382751247327154,,,,,9,0,,0.996428571428572,0.0107142857142857,0.750924243351914,0.0318280893209014,10,1,0.994701726844584,0.0129884464233696,0.75426217780451,0.0318748026966053,14,1,t,t,3,3,,7.255,7.72,7.907,12.082142857142856,0.0059523809523809,0.5595238095238095,,,,724.9285714285713,,,,,,,,,,,,,,,,,,,1.5,0.013781723196050618,0.5116900990396478,0.2627359111178492
8482172,2025020823,16,13,1,2026-01-25,2025,,6.185567010309279,5.91910555738244,5.847435102330114,9.371917132522197,25.4,29.2,1.015457373988799,1.015457373988799,2,0,0.0002485878827217,1.0,0.0,0.814873067802582,0.0627883244120555,10,1,1.0,0.0,0.826705159348579,0.0591850480612257,15,1,t,t,3,3,,7.846,7.907,7.72,10.472222222222221,0.0759259259259259,1.3296296296296295,,,,628.3333333333334,,,,,,,,,0.4746975724824096,0.0,5.0,13.0,28.0,9.0,20.0,41.0,256.0,363.0,1.5,0.05185964398961651,0.4191936051448051,0.2355266245672108
8482176,2025020823,16,13,1,2026-01-25,2025,,3.992015968063872,3.7993180711154406,3.6399484340638506,5.552849488553337,25.4,29.2,1.015457373988799,1.015457373988799,2,0,0.0024720683892886,0.991037138620434,0.0189009649942039,0.703007090759772,0.0491463721372941,10,1,0.99175000579476,0.0205112131382164,0.689687977396902,0.0455087219109863,20,1,t,t,3,3,,7.846,7.907,7.72,17.265625,0.1265625,2.2729166666666667,,,,1035.9375,,,,,,,,,0.4746975724824096,0.0,8.0,15.0,61.0,10.0,18.0,85.0,256.0,363.0,1.5,0.05754737927894452,0.43771438461105305,0.2476308819449988
8482703,2025020823,16,13,1,2026-01-25,2025,,3.534956794972506,2.761159687068569,3.1409501374165685,5.522319374137138,22.5,26.1,1.015457373988799,1.015457373988799,3,0,0.011435042605201,1.0,0.0,0.876652950852153,0.0339072899557697,10,1,0.990718466591007,0.0258450496955313,0.817482718913756,0.0866121125647239,20,1,t,t,3,3,,7.846,7.907,7.72,10.581313131313133,1.0515151515151515,0.1398989898989898,,,,634.8787878787879,,,,,,,,,0.4510495268294872,0.0,3.0,9.0,23.0,7.0,16.0,34.0,224.0,338.0,1.5,0.04253335637341619,0.4137046286330585,0.22811899250323736
8482713,2025020823,13,16,0,2026-01-25,2025,,6.487488415199258,11.482814054964404,10.084394221141467,12.860751741560131,27.3,26.9,0.9499439950217796,0.9499439950217796,1,1,0.0542051142633253,0.99414382401309,0.0117299410968666,0.813424678590787,0.0789715884009454,10,1,0.993634264245325,0.0158512922616914,0.836850697221136,0.0767770112308821,20,1,t,t,3,3,,7.255,7.72,7.907,11.825757575757576,2.2449494949494953,0.1717171717171717,,,,709.5454545454545,,,,,,,,,0.5239725084685009,1.0,11.0,22.0,133.0,17.0,39.0,222.0,275.0,421.0,1.5,0.10580402861771801,0.4763728296679094,0.2910884291428137
8483450,2025020823,16,13,1,2026-01-25,2025,,3.956043956043956,4.656577415599535,5.105803596754979,5.98702810577083,24.2,31.3,0.8844306160547604,0.8844306160547604,2,0,0.0008286262757392,0.988264318193295,0.0234522538521944,0.765605025958134,0.0846235999282471,10,1,0.986620164873964,0.0241484386881421,0.750141367816672,0.0822356184963844,20,1,t,t,3,3,,7.846,7.907,7.72,13.43095238095238,1.3457142857142856,1.9095238095238096,,,,805.8571428571429,,,,,,,,,0.4771223216462892,0.0,0.0,0.0,0.0,1.0,1.0,1.0,254.0,370.0,1.5,0.03595305538460376,0.40096996702394727,0.2184615112042755
8483493,2025020823,16,13,1,2026-01-25,2025,,9.345794392523365,7.371913011426465,7.001555901311402,8.109104312569112,24.2,31.3,0.8844306160547604,0.8844306160547604,2,0,0.0569542460191412,0.977144031678323,0.0274680646084549,0.783396230738919,0.0919601365580533,10,1,0.982667547028691,0.0264987004746742,0.785302573343498,0.0710112640088228,20,1,t,t,3,3,,7.846,7.907,7.72,14.213492063492064,2.6134920634920635,1.634126984126984,,,,852.8095238095239,,,,,,,,,0.4771223216462892,1.0,13.0,23.0,80.0,16.0,34.0,120.0,254.0,370.0,1.5,0.08169310936916777,0.481643788113224,0.2816684487411959
8483771,2025020823,13,16,0,2026-01-25,2025,,3.7886760681961698,4.2040358744394615,4.2040358744394615,5.885650224215246,,,,,1,1,,0.995455443588224,0.0111318443161456,0.850548856902943,0.0988248023843507,7,1,0.995455443588224,0.0111318443161456,0.850548856902943,0.0988248023843507,7,1,t,t,3,3,,7.255,7.72,7.907,9.923809523809524,0.1952380952380952,0.25,,,,595.4285714285714,,,,,,,,,,,,,,,,,,,1.5,0.01342815335296398,0.5158694842064665,0.26464881877971524
8484144,2025020823,16,13,1,2026-01-25,2025,,8.61244019138756,8.413040212329111,9.550223079705777,9.013971656066904,24.2,31.3,0.8844306160547604,0.8844306160547604,2,0,0.1630184093137593,0.971078511876861,0.0445032872360362,0.784521319080448,0.0461997831154914,10,1,0.978560010344782,0.0389345327229518,0.779184995390628,0.0457179040293821,20,1,t,t,3,3,,7.846,7.907,7.72,16.992424242424242,3.2136363636363634,0.3795454545454545,,,,1019.5454545454544,,,,,,,,,0.4771223216462892,1.0,11.0,20.0,177.0,19.0,32.0,265.0,254.0,370.0,1.5,0.10345695869003867,0.4768507630848412,0.29015386088743994
8484185,2025020823,16,13,1,2026-01-25,2025,,3.917727717923604,6.842619745845552,7.372568958942417,8.79765395894428,,,,,2,0,,0.990354101792152,0.0193351223327635,0.829817326541537,0.0462468870644559,10,1,0.981058144459886,0.0308194255684097,0.821123511916133,0.0636821413255635,17,1,t,t,3,3,,7.846,7.907,7.72,11.041666666666666,1.4808333333333332,0.0575,,,,662.5,,,,,,,,,,,,,,,,,,,1.5,0.011324697146139682,0.5244016137838202,0.26786315546497996
8484197,2025020823,16,13,1,2026-01-25,2025,,3.3812341504649197,3.84642780824845,4.761544856775753,4.701189543414773,24.2,31.3,0.8844306160547604,0.8844306160547604,2,0,0.0037288182408264,0.98445381070562,0.0223617726389551,0.781593984600865,0.0550216088066873,10,1,0.98651671742007,0.0246527931212418,0.802145667900115,0.065117962172787,20,1,t,t,3,3,,7.846,7.907,7.72,11.71896551724138,0.9678160919540229,0.4356321839080459,,,,703.1379310344827,,,,,,,,,0.4771223216462892,0.0,6.0,6.0,6.0,9.0,9.0,9.0,254.0,370.0,1.5,0.04530061728052747,0.43204108609482084,0.23867085168767416
8484304,2025020823,13,16,0,2026-01-25,2025,,5.054759898904802,3.5399970500024582,3.6984853821768224,7.0799941000049165,27.8,22.2,1.0809707529558183,1.0809707529558183,1,1,0.0336633030017111,0.997035745422842,0.0088927637314733,0.74133352451363,0.048567334655725,10,1,0.998313373733916,0.0064750069085347,0.749633794567446,0.0591753623469118,20,1,t,t,3,3,,7.255,7.72,7.907,14.682,1.086,0.7066666666666666,,,,880.92,,,,,,,,,0.5389774443117029,0.0,6.0,12.0,91.0,11.0,20.0,130.0,287.0,480.0,1.5,0.07243876092820994,0.4357718013715766,0.2541052811498933
8484783,2025020823,16,13,1,2026-01-25,2025,,2.905006294180304,3.803486529318542,3.4818319792875636,5.433552184740774,25.4,29.2,1.015457373988799,1.015457373988799,2,0,0.0208813821486279,0.978125164253324,0.0359989818955267,0.717279973795364,0.0503469672443362,10,1,0.981664560669417,0.0294377823926693,0.740207442786221,0.0566197108491773,20,1,t,t,3,3,,7.846,7.907,7.72,16.820967741935483,2.7774193548387096,0.5994623655913978,,,,1009.258064516129,,,,,,,,,0.4746975724824096,1.0,10.0,17.0,21.0,14.0,25.0,33.0,256.0,363.0,1.5,0.07005784818112092,0.4187489063155418,0.24440337724833136
8473986,2025020824,24,20,0,2026-01-25,2025,,6.218260959684941,8.353753619959903,7.236716815844602,9.690354199153486,27.9,29.7,0.9499439950217796,0.9499439950217796,2,0,0.0832519421868979,0.985975522200493,0.0367378611136343,0.800704487406758,0.0418925642998482,10,1,0.980119594459929,0.0552154320396753,0.792830880347959,0.0707897127400663,20,1,t,t,3,3,,8.238,8.944,9.745,12.315656565656564,1.0651515151515152,2.252020202020202,,,,738.9393939393939,,,,,,,,,0.4838020112064451,0.0,7.0,16.0,128.0,12.0,27.0,194.0,287.0,434.0,1.5,0.07499249461220978,0.49938321626599014,0.28718785543909997
8474150,2025020824,20,24,1,2026-01-25,2025,,6.288648988575621,8.929995216073992,10.20664268384506,10.205708818370276,30.2,25.4,1.0482140634723087,1.0482140634723087,2,0,0.0661471760018748,0.985906012755509,0.0224470097307364,0.820898844178449,0.05366520538018,10,1,0.990862130455652,0.017716167270483,0.84181225630278,0.0601811466830952,20,1,t,t,3,3,,8.454,9.745,8.944,14.465714285714284,1.0576190476190477,2.018095238095238,,,,867.9428571428571,,,,,,,,,0.5319184778260692,1.0,14.0,23.0,166.0,22.0,39.0,255.0,321.0,490.0,1.5,0.11835020372193397,0.44398965175445754,0.28116992773819577
8475172,2025020824,20,24,1,2026-01-25,2025,,5.129849310676499,6.24187256176853,6.351665375677769,6.866059817945384,30.2,25.4,1.0482140634723087,1.0482140634723087,2,0,0.1125246911513609,0.985571404097962,0.0226483789243478,0.80271429197054,0.0387010598336577,10,1,0.981931960221673,0.0283993367314993,0.788376610376854,0.0608365422124315,20,1,t,t,3,3,,8.454,9.745,8.944,16.273809523809526,3.0933333333333333,0.3109523809523809,,,,976.4285714285713,,,,,,,,,0.5319184778260692,1.0,18.0,32.0,261.0,26.0,52.0,372.0,321.0,490.0,1.5,0.17240940155720713,0.46743640472926634,0.31992290314323674
8475184,2025020824,24,20,0,2026-01-25,2025,,3.123373243102551,3.094777562862669,4.326923076923077,4.642166344294004,30.8,28.4,1.0809707529558183,1.0809707529558183,2,0,0.108221012049163,0.981134470237505,0.0294933833325374,0.774597862839129,0.0686340453566931,10,1,0.962466713844391,0.0641027110233635,0.802057724996583,0.0879347620867024,20,1,t,t,3,3,,8.238,8.944,9.745,12.896111111111113,2.8216666666666668,1.0827777777777778,,,,773.7666666666668,,,,,,,,,0.5244388137667476,0.0,7.0,17.0,145.0,9.0,23.0,203.0,309.0,464.0,1.5,0.07637258032348647,0.5212796611021394,0.29882612071281295
8475462,2025020824,24,20,0,2026-01-25,2025,,2.821206065593041,3.0922521903453015,2.91054358681695,5.497337227280536,27.7,25.1,1.0482140634723087,1.0482140634723087,2,0,0.0009408517844822,0.970773062353076,0.0856070674658575,0.70602764650451,0.0651743010018272,10,1,0.966803941890824,0.0994769629582829,0.69931031131668,0.0732723226712342,20,1,t,t,3,3,,8.238,8.944,9.745,14.536231884057973,0.0644927536231884,2.2405797101449276,,,,872.1739130434783,,,,,,,,,0.4661535773588528,0.0,8.0,14.0,84.0,11.0,24.0,141.0,279.0,426.0,1.5,0.057873971049587365,0.46165720286279877,0.25976558695619306
8475798,2025020824,24,20,0,2026-01-25,2025,,6.184987348889513,6.40527950310559,6.333187446901629,9.025621118012422,25.5,25.8,1.0809707529558183,1.0809707529558183,2,0,0.0968039007117513,0.956461020432813,0.0967572999998449,0.761872527182885,0.0722229583088271,10,1,0.941816021878019,0.0884952417595243,0.735258144200673,0.0901357198392946,20,1,t,t,3,3,,8.238,8.944,9.745,14.516666666666666,2.9727777777777775,1.8794444444444445,,,,871.0,,,,,,,,,0.4704476304336375,1.0,13.0,22.0,188.0,20.0,31.0,273.0,245.0,411.0,1.5,0.09448647123714876,0.46580213678006466,0.2801443040086067
8476399,2025020824,20,24,1,2026-01-25,2025,,10.27900146842878,9.47867298578199,8.933524070884303,10.88292083552747,30.2,25.4,1.0482140634723087,1.0482140634723087,17,0,0.0590997355117345,0.994418811002662,0.0111793108251877,0.856615247218165,0.0434683399259126,10,1,0.973389525618162,0.0693793496392106,0.841968511834436,0.075729104961538,20,1,t,t,3,3,,8.454,9.745,8.944,13.873809523809523,1.4214285714285715,1.8940476190476192,,,,832.4285714285713,,,,,,,,,0.5319184778260692,1.0,10.0,26.0,184.0,16.0,40.0,281.0,321.0,490.0,1.5,0.10489410077728428,0.4727599888750645,0.2888270448261744
8476456,2025020824,20,24,1,2026-01-25,2025,,4.419889502762431,5.888465535157604,5.211689876432515,6.927606511950121,32.1,23.3,1.0482140634723087,1.0482140634723087,2,0,0.109444574642606,0.982489620400489,0.029576569359831,0.798517394375813,0.0464507636328989,10,1,0.980709847452291,0.0336328600276321,0.790860663000402,0.0609173258661997,20,1,t,t,3,3,,8.454,9.745,8.944,14.490555555555556,2.825555555555556,0.9488888888888888,,,,869.4333333333333,,,,,,,,,0.5479790838866752,0.0,7.0,17.0,147.0,11.0,28.0,198.0,330.0,499.0,1.5,0.09820857324932372,0.5062355815166703,0.302222077382997
8476458,2025020824,24,20,0,2026-01-25,2025,,4.752098843655948,4.7033001489378385,5.054121214673798,6.11429019361919,27.7,25.1,1.0482140634723087,1.0482140634723087,2,0,0.1006084174872985,0.996443341604632,0.0077350970642704,0.872986351002827,0.054151063098832,10,1,0.980095605654267,0.0461266270093324,0.833639598361969,0.0818930295741293,20,1,t,t,3,3,,8.238,8.944,9.745,10.543478260869565,1.182608695652174,0.044927536231884,,,,632.6086956521739,,,,,,,,,0.4661535773588528,0.0,6.0,13.0,129.0,9.0,22.0,199.0,279.0,426.0,1.5,0.05918812177402934,0.45646948444568336,0.25782880310985634
8476885,2025020824,24,20,0,2026-01-25,2025,,3.345014335775725,5.112256635283091,5.952637708665833,12.525028756443572,27.7,25.1,1.0482140634723087,1.0482140634723087,2,0,0.0053046119658425,0.961296827268342,0.108763056330937,0.686413213229058,0.0630714933668736,10,1,0.963774716019493,0.0894701988901828,0.689830651820005,0.0669501377930174,20,1,t,t,3,3,,8.238,8.944,9.745,18.59404761904762,0.8595238095238095,3.1184523809523808,,,,1115.642857142857,,,,,,,,,0.4661535773588528,0.0,8.0,17.0,106.0,9.0,24.0,155.0,279.0,426.0,1.5,0.06318281788024645,0.465879188965461,0.26453100342285374
8477346,2025020824,20,24,1,2026-01-25,2025,,3.9355322338830585,4.081447553398939,6.273497808725056,10.339667135277312,30.2,25.4,1.0482140634723087,1.0482140634723087,2,0,0.1091599986608189,0.989301816330697,0.0221891521183904,0.739790195630805,0.0291486052043465,10,1,0.979913443235902,0.0610999114843557,0.734282615429026,0.0385643323697962,20,1,t,t,3,3,,8.454,9.745,8.944,19.078125,2.203125,1.8151041666666667,,,,1144.6875,,,,,,,,,0.5319184778260692,1.0,12.0,24.0,177.0,18.0,42.0,270.0,321.0,490.0,1.5,0.1277372346117106,0.45479751202199764,0.29126737331685415
8477527,2025020824,24,20,0,2026-01-25,2025,,1.1076241462063872,2.979441851226537,3.8035792656166185,3.575330221471844,25.3,24.9,1.0482140634723087,1.0482140634723087,2,0,0.0001792098637108,0.995573770491803,0.0132786885245902,0.877975627097969,0.0451998320978152,10,1,0.988986598853992,0.0363335202753964,0.875397327646134,0.0695432735292852,20,1,t,t,3,3,,8.238,8.944,9.745,9.93125,0.209375,0.0078125,,,,595.875,,,,,,,,,0.4424778479807514,0.0,2.0,8.0,9.0,7.0,17.0,20.0,250.0,398.0,1.5,0.044730983035837536,0.36445198830292524,0.2045914856693814
8477810,2025020824,20,24,1,2026-01-25,2025,,0.8788633367511351,0.889943636902996,2.0470829068577276,4.894690002966478,32.1,23.3,1.0482140634723087,1.0482140634723087,2,0,0.0025109645451806,0.996282208249953,0.0066510340521664,0.753173251478042,0.0423387113205375,10,1,0.98167945796036,0.0663128012318459,0.738073440872471,0.0681876880836303,20,1,t,t,3,3,,8.454,9.745,8.944,13.186666666666666,0.1188888888888888,1.2155555555555555,,,,791.2,,,,,,,,,0.5479790838866752,0.0,6.0,15.0,39.0,11.0,25.0,76.0,330.0,499.0,1.5,0.07057099509093796,0.4432470029821114,0.2569089990365247
8477993,2025020824,20,24,1,2026-01-25,2025,,2.326934264107039,2.4174053182917,2.9535634195700924,6.647864625302176,32.7,25.5,0.9499439950217796,0.9499439950217796,4,0,0.000560782081757,0.968311862138197,0.0935243070968211,0.787381425443308,0.0953330578110013,10,1,0.975624509337074,0.0831056796657275,0.790191121328802,0.0880830704332321,13,1,t,t,3,3,,8.454,9.745,8.944,7.88974358974359,0.1089743589743589,1.6717948717948719,,,,473.38461538461536,,,,,,,,,0.5399122442339545,0.0,5.0,8.0,9.0,9.0,16.0,17.0,331.0,483.0,1.5,0.0636249470051429,0.44659344201398765,0.25510919450956526
8478366,2025020824,24,20,0,2026-01-25,2025,,6.9617105917454,10.068803490518544,9.02005776001899,13.592884712200032,27.7,25.1,1.0482140634723087,1.0482140634723087,29,0,0.1070151701149631,0.956194893150768,0.0874487353827584,0.756062384615141,0.0640581723958902,10,1,0.961838228747967,0.0794829447180858,0.762386109436005,0.0866214816520198,20,1,t,t,3,3,,8.238,8.944,9.745,10.293333333333331,1.0008333333333332,1.045,,,,617.6,,,,,,,,,0.4661535773588528,0.0,8.0,19.0,224.0,13.0,30.0,324.0,279.0,426.0,1.5,0.07705034253404185,0.475575518162309,0.2763129303481754
8478424,2025020824,24,20,0,2026-01-25,2025,,3.711148909850008,3.9168143243495286,3.9537712895377126,7.833628648699057,30.4,23.9,1.113727442439328,1.113727442439328,2,0,0.0009139703049255,0.99625468164794,0.0112359550561798,0.830362473949285,0.0743611575063328,10,1,0.990059124138657,0.0256324708056687,0.831034351908966,0.0819475302028755,13,1,t,t,3,3,,8.238,8.944,9.745,9.806666666666667,0.4066666666666666,0.1233333333333333,,,,588.4,,,,,,,,,0.4920511694556034,0.0,6.0,14.0,46.0,9.0,18.0,63.0,313.0,469.0,1.5,0.05121017448560977,0.3840200893395737,0.21761513191259174
8478873,2025020824,24,20,0,2026-01-25,2025,,6.982427557314093,7.6561684357055855,8.049501697513962,9.396206716547763,27.7,25.1,1.0482140634723087,1.0482140634723087,19,0,0.1103574340731713,0.943017537916326,0.0741649258357884,0.790155006143351,0.0938106594230309,10,1,0.952701536893371,0.0628311599318829,0.820091057319456,0.0893292831797344,20,1,t,t,3,3,,8.238,8.944,9.745,14.196666666666665,3.0153333333333334,0.94,,,,851.8,,,,,,,,,0.4661535773588528,0.0,9.0,23.0,176.0,12.0,35.0,262.0,279.0,426.0,1.5,0.08164028458804048,0.47311239343429107,0.27737633901116576
8479066,2025020824,20,24,1,2026-01-25,2025,,6.206040546131568,4.4491525423728815,6.214566070649804,5.720338983050847,30.2,25.4,1.0482140634723087,1.0482140634723087,2,0,0.0019250728179718,0.998292566342909,0.003819870560988,0.83980791074105,0.0549461572388766,10,1,0.9985438735329,0.0037270650064504,0.845538537162475,0.0550810610742322,20,1,t,t,3,3,,8.454,9.745,8.944,8.581372549019608,0.0651960784313725,0.1063725490196078,,,,514.8823529411765,,,,,,,,,0.5319184778260692,0.0,9.0,12.0,62.0,16.0,21.0,96.0,321.0,490.0,1.5,0.06870277457925138,0.4281804810645023,0.24844162782187684
8479402,2025020824,20,24,1,2026-01-25,2025,,2.4128686327077746,3.8754682857511953,4.3156999934610605,9.688670714377988,32.1,23.3,1.0482140634723087,1.0482140634723087,50,0,0.002460745254277,0.966910866910867,0.0935902015636408,0.709619312786525,0.0647999885296995,9,1,0.966910866910867,0.0935902015636408,0.709619312786525,0.0647999885296995,9,1,t,t,3,3,,8.454,9.745,8.944,14.651851851851852,0.1314814814814814,0.5537037037037037,,,,879.1111111111111,,,,,,,,,0.5479790838866752,0.0,9.0,12.0,68.0,13.0,20.0,109.0,330.0,499.0,1.5,0.07306918521016319,0.43328660184122264,0.2531778935256929
8479705,2025020824,24,20,0,2026-01-25,2025,,9.227614490772384,9.707756092628173,7.473598700243704,12.741429871574477,28.9,30.7,0.91718730553827,0.91718730553827,2,0,0.0,1.0,0.0,0.901447450168672,0.0409275660228803,8,1,1.0,0.0,0.901447450168672,0.0409275660228803,8,1,t,t,3,3,,8.238,8.944,9.745,10.883333333333333,0.0,0.23125,,,,653.0,,,,,,,,,0.4976056070853655,0.0,2.0,2.0,2.0,3.0,3.0,3.0,288.0,458.0,1.5,0.04517369928037603,0.3255813944225984,0.18537754685148722
8480028,2025020824,20,24,1,2026-01-25,2025,,1.7538731365097924,5.3412462908011875,6.835128417564209,6.231454005934719,30.2,25.4,1.0482140634723087,1.0482140634723087,2,0,0.0997438816163915,0.980454016606737,0.031261356711297,0.795333462396485,0.0615966963063312,10,1,0.98197784234271,0.0306726316121148,0.831647229526268,0.070758092685249,20,1,t,t,3,3,,8.454,9.745,8.944,12.13047619047619,2.7285714285714286,0.1057142857142857,,,,727.8285714285713,,,,,,,,,0.5319184778260692,1.0,11.0,21.0,138.0,14.0,30.0,196.0,321.0,490.0,1.5,0.09273031894056508,0.4643709855384537,0.27855065223950937
8480068,2025020824,24,20,0,2026-01-25,2025,,3.4714186530895623,4.586571537775513,4.848811367768874,8.7909287807364,26.0,30.1,0.9499439950217796,0.9499439950217796,2,0,0.012790152141373,0.982406209573092,0.0527813712807244,0.77303669158502,0.0671989176283177,10,1,0.981846107336234,0.0460583388847623,0.776863730438419,0.0755629431146918,20,1,t,t,3,3,,8.238,8.944,9.745,11.755913978494624,0.2118279569892473,2.4446236559139782,,,,705.3548387096774,,,,,,,,,0.4719250049649873,1.0,10.0,17.0,69.0,14.0,27.0,100.0,263.0,409.0,1.5,0.07102980888571582,0.45933529915727633,0.2651825540214961
8480727,2025020824,20,24,1,2026-01-25,2025,,3.3563304120827895,2.8582317073170733,2.4149120821070107,7.145579268292683,28.8,27.0,0.9827006845052892,0.9827006845052892,2,0,0.0005212858384013,0.997040509974317,0.0080410472608566,0.760172156778559,0.044092855470165,10,1,0.99432966945329,0.0188620254733215,0.728171551091757,0.0604741411345864,20,1,t,t,3,3,,8.454,9.745,8.944,17.601041666666667,0.0729166666666666,1.9588541666666668,,,,1056.0625,,,,,,,,,0.5361163147577842,0.0,4.0,10.0,78.0,7.0,17.0,123.0,294.0,490.0,1.5,0.06721350668946045,0.4744401063319361,0.2708268065106983
8480797,2025020824,20,24,1,2026-01-25,2025,,2.8456248517903724,5.58301831927886,6.094828358877835,6.978772899098575,30.2,25.4,1.0482140634723087,1.0482140634723087,2,0,0.0564632227392949,0.993765189398277,0.012507973435697,0.788983516478826,0.0801507802127275,10,1,0.991250952178908,0.0188724094750098,0.799284552403995,0.0787273065495523,20,1,t,t,3,3,,8.454,9.745,8.944,13.94190476190476,1.3533333333333333,1.8895238095238096,,,,836.5142857142857,,,,,,,,,0.5319184778260692,0.0,9.0,20.0,140.0,15.0,28.0,190.0,321.0,490.0,1.5,0.091402500905834,0.46618091987556254,0.2787917103906983
8480860,2025020824,20,24,1,2026-01-25,2025,,2.5041736227045077,2.582088909928132,2.432596797080884,6.455222274820329,30.2,25.4,1.0482140634723087,1.0482140634723087,2,0,0.00379992634504,0.993882503057423,0.0122406677344923,0.768555101587779,0.0295159524283654,10,1,0.985755492982787,0.0447524869174819,0.764301865085533,0.048934804119284,20,1,t,t,3,3,,8.454,9.745,8.944,19.344270833333333,0.3333333333333333,2.49375,,,,1160.65625,,,,,,,,,0.5319184778260692,0.0,7.0,14.0,76.0,10.0,22.0,128.0,321.0,490.0,1.5,0.07003961591569921,0.4473692457497308,0.258704430832715
8481068,2025020824,20,24,1,2026-01-25,2025,,10.710699542563871,8.762194053390969,8.550906396077984,11.916583912611715,30.2,25.4,1.0482140634723087,1.0482140634723087,2,0,0.0728430814556898,0.980247023794892,0.0261636295619227,0.814716494667602,0.0628239814355452,10,1,0.985892078391401,0.0263898641264739,0.809941403751231,0.0617894815895611,20,1,t,t,3,3,,8.454,9.745,8.944,13.684895833333332,1.8786458333333331,0.9489583333333332,,,,821.09375,,,,,,,,,0.5319184778260692,1.0,14.0,19.0,124.0,24.0,32.0,198.0,321.0,490.0,1.5,0.10949090707201353,0.46756054611374837,0.28852572659288095
8481167,2025020824,20,24,1,2026-01-25,2025,,3.013056578506863,2.8333070990083424,2.93332330487759,8.027703447190303,32.1,23.3,1.0482140634723087,1.0482140634723087,2,0,0.0006193712544778,0.972636154817338,0.0622781573603209,0.75706980456896,0.0621780822083987,10,1,0.969240675981476,0.0641839429470563,0.738406427929136,0.0733127420505787,14,1,t,t,3,3,,8.454,9.745,8.944,12.258333333333333,0.05,0.5333333333333333,,,,735.5,,,,,,,,,0.5479790838866752,0.0,9.0,15.0,55.0,10.0,19.0,93.0,330.0,499.0,1.5,0.06256162906240632,0.45312614098949916,0.25784388502595273
8481556,2025020824,20,24,1,2026-01-25,2025,,2.6229508196721314,4.531233142733844,4.8087198119256245,8.41514726507714,23.0,27.5,1.0482140634723087,1.0482140634723087,22,0,0.0030067783470052,1.0,0.0,0.820861752083204,0.0629325990567863,10,1,0.978489771359807,0.0713413575542753,0.814459794066006,0.0927084401554841,12,1,t,t,3,3,,8.454,9.745,8.944,7.90952380952381,0.1035714285714285,1.255952380952381,,,,474.57142857142856,,,,,,,,,0.4256043351818724,0.0,6.0,9.0,40.0,9.0,16.0,73.0,216.0,338.0,1.5,0.049269464096402885,0.4012902590066757,0.22527986155153928
8481563,2025020824,24,20,0,2026-01-25,2025,,2.249437640589852,1.8975332068311197,1.6450374702979345,7.969639468690702,28.7,25.8,0.9499439950217796,0.9499439950217796,2,0,0.0006272345229881,1.0,0.0,0.707652332376568,0.0551727149609765,10,1,0.984197285296878,0.0659611229071423,0.688861252787018,0.0546019813591333,20,1,t,t,3,3,,8.238,8.944,9.745,15.13076923076923,0.1589743589743589,1.6121794871794872,,,,907.8461538461539,,,,,,,,,0.4883474657518997,1.0,13.0,21.0,63.0,14.0,23.0,90.0,304.0,455.0,1.5,0.06385545122543014,0.43966503675870067,0.2517602439920654
8481605,2025020824,24,20,0,2026-01-25,2025,,3.3830044301248487,4.007123775601069,4.424685531278313,8.281389136242208,27.7,25.1,1.0482140634723087,1.0482140634723087,2,0,0.0816211324271287,0.960534952693571,0.102287354288195,0.686022405204128,0.0773740274132579,10,1,0.956160842261991,0.0838752895086943,0.694984875251341,0.0607184849489209,20,1,t,t,3,3,,8.238,8.944,9.745,18.767816091954025,2.933333333333333,2.1517241379310343,,,,1126.0689655172412,,,,,,,,,0.4661535773588528,0.0,5.0,13.0,130.0,10.0,28.0,181.0,279.0,426.0,1.5,0.08046984045032811,0.47977584708500687,0.2801228437676675
8481754,2025020824,24,20,0,2026-01-25,2025,,5.729746936176985,6.581167735403307,6.088022660973238,8.09989875126561,28.7,25.8,0.9499439950217796,0.9499439950217796,12,0,0.0003853012069784,0.993223162793835,0.0172427776023149,0.802998440661964,0.0976262760673253,10,1,0.993839238903486,0.0165553733914841,0.8129952154166,0.0983046301472107,11,1,t,t,3,3,,8.238,8.944,9.745,11.624358974358975,0.1423076923076923,0.7102564102564102,,,,697.4615384615385,,,,,,,,,0.4883474657518997,0.0,7.0,15.0,19.0,10.0,24.0,30.0,304.0,455.0,1.5,0.05640084652186858,0.4100475606972382,0.23322420360955337
8482074,2025020824,20,24,1,2026-01-25,2025,,4.324843825084095,8.468855477140227,6.155679110405083,9.573488800245473,30.7,29.9,1.015457373988799,1.015457373988799,2,0,0.0575680471391743,0.986696249960596,0.0212234687266479,0.784369153506669,0.0565345804577723,10,1,0.990464983217846,0.0174937768887005,0.820315179326987,0.0734386082620047,20,1,t,t,3,3,,8.454,9.745,8.944,12.468627450980392,1.827941176470588,0.084313725490196,,,,748.1176470588235,,,,,,,,,0.5217394056966425,1.0,13.0,22.0,102.0,17.0,29.0,152.0,292.0,435.0,1.5,0.1107811381424444,0.4762500994206086,0.2935156187815265
8482118,2025020824,24,20,0,2026-01-25,2025,,4.682013265704253,3.738650525191383,4.3413594886843265,5.8750222538721735,27.7,25.1,1.0482140634723087,1.0482140634723087,9,0,0.0208869096155052,0.946969696969697,0.0749961737622095,0.804499381925875,0.0768126259550166,3,1,0.946969696969697,0.0749961737622095,0.804499381925875,0.0768126259550166,3,1,t,t,3,3,,8.238,8.944,9.745,10.733333333333333,0.6666666666666666,0.0,,,,644.0,,,,,,,,,0.4661535773588528,0.0,8.0,13.0,41.0,11.0,23.0,66.0,279.0,426.0,1.5,0.05663074374970344,0.42199909607541175,0.2393149199125576
8482165,2025020824,20,24,1,2026-01-25,2025,,2.4806201550387597,3.942181340341656,3.461841070023603,8.794096836146771,33.5,35.4,1.111344586864654,1.111344586864654,2,0,0.0,0.995865481336487,0.0095845211160577,0.760619670086894,0.0298921616703196,10,1,0.988038603860426,0.0432351999027406,0.745799168206439,0.0561119152875144,20,1,t,t,3,3,,8.454,9.745,8.944,19.379166666666663,0.0736111111111111,1.027777777777778,,,,1162.75,,,,,,,,,0.5199662560595243,,,,,,,,325.0,448.0,1.5,0.0642172698272861,0.43328895634310816,0.24875311308519713
8482178,2025020824,24,20,0,2026-01-25,2025,,3.1277150304083405,3.250019345353246,4.081910334036329,7.428615646521705,27.9,29.7,0.9499439950217796,0.9499439950217796,2,0,0.0,0.98360914105595,0.0491725768321513,0.804896027728173,0.103918177080624,10,1,0.95936931377364,0.105337014906113,0.733840837396154,0.128525270978559,18,1,t,t,3,3,,8.238,8.944,9.745,14.339166666666666,0.1833333333333333,0.5383333333333333,,,,860.35,,,,,,,,,0.4838020112064451,0.0,3.0,3.0,3.0,6.0,6.0,6.0,287.0,434.0,1.5,0.04689273282610398,0.34283018977419544,0.1948614613001497
8482679,2025020824,20,24,1,2026-01-25,2025,,5.985037406483791,6.56734569778048,5.739323623796594,8.02675585284281,30.2,25.4,1.0482140634723087,1.0482140634723087,2,0,0.0897586126083899,0.985901272111054,0.02821143096299,0.82015335322372,0.0313877570388178,10,1,0.987699953345167,0.0268168743032833,0.842350441794173,0.0547363733309349,20,1,t,t,3,3,,8.454,9.745,8.944,13.64,2.835238095238095,0.1142857142857142,,,,818.4,,,,,,,,,0.5319184778260692,1.0,16.0,27.0,171.0,25.0,42.0,258.0,321.0,490.0,1.5,0.13074794094525,0.4530293600277059,0.29188865048647794
8482745,2025020824,24,20,0,2026-01-25,2025,,9.872168079989875,8.885049669895725,9.549369616776932,11.106312087369655,27.7,25.1,1.0482140634723087,1.0482140634723087,6,0,0.0967554054175141,0.983720798387713,0.0254326502690593,0.817808760300305,0.0621536968606238,10,1,0.968932672890524,0.0484555979155636,0.844344489047298,0.0631110078921162,20,1,t,t,3,3,,8.238,8.944,9.745,13.624731182795697,2.1811827956989247,0.3489247311827956,,,,817.483870967742,,,,,,,,,0.4661535773588528,0.0,9.0,32.0,169.0,15.0,42.0,263.0,279.0,426.0,1.5,0.08758648771536964,0.46197922702601796,0.2747828573706938
8482803,2025020824,24,20,0,2026-01-25,2025,,4.118521908248484,6.0643494862148355,4.837409298575652,9.770340838901678,27.9,29.7,0.9499439950217796,0.9499439950217796,2,0,0.0773469771776238,0.961627673959816,0.0916327105821434,0.700319599411562,0.065094766115968,10,1,0.954383772271491,0.100617460656741,0.69491230810495,0.0734069682777532,20,1,t,t,3,3,,8.238,8.944,9.745,16.106896551724137,0.9247126436781608,0.7522988505747126,,,,966.4137931034484,,,,,,,,,0.4838020112064451,1.0,12.0,27.0,120.0,16.0,37.0,180.0,287.0,434.0,1.5,0.09670512098585166,0.48452698882824685,0.2906160549070492
8483445,2025020824,24,20,0,2026-01-25,2025,,16.9209075759518,12.748696156074946,13.107692307692307,14.680316785783273,27.7,25.1,1.0482140634723087,1.0482140634723087,2,0,0.0668900816300929,0.971265818620463,0.0715793830786458,0.800392482954994,0.0517647328695498,10,1,0.964030197469136,0.0743315956260776,0.796466508192385,0.0702326127823004,20,1,t,t,3,3,,8.238,8.944,9.745,13.764583333333333,2.296875,0.634375,,,,825.875,,,,,,,,,0.4661535773588528,1.0,19.0,33.0,181.0,27.0,48.0,292.0,279.0,426.0,1.5,0.11583839206556797,0.4865163866250621,0.301177389345315
8483490,2025020824,24,20,0,2026-01-25,2025,,2.9148853478429846,3.3818694222639736,3.805368105941448,6.481916392672616,27.7,25.1,1.0482140634723087,1.0482140634723087,2,0,0.032410103852116,0.97611178509422,0.0672775700822885,0.662503481836722,0.0426627074149395,10,1,0.96804331826737,0.0909198317899519,0.676452140634151,0.0601927559140334,20,1,t,t,3,3,,8.238,8.944,9.745,15.167283950617284,1.0746913580246913,2.2493827160493827,,,,910.037037037037,,,,,,,,,0.4661535773588528,0.0,3.0,11.0,65.0,8.0,17.0,107.0,279.0,426.0,1.5,0.053514159083796246,0.40736141490278416,0.2304377869932902
8483609,2025020824,20,24,1,2026-01-25,2025,,5.977087829985058,5.553218342448464,5.398920215956808,9.591922591501893,30.2,25.4,1.0482140634723087,1.0482140634723087,2,0,0.0041347216177307,0.98340569844526,0.0328810984619301,0.819913443213659,0.0525730375678759,10,1,0.984811405214548,0.0333203870277625,0.800225395095096,0.0854107190796157,20,1,t,t,3,3,,8.454,9.745,8.944,10.216666666666667,0.5738095238095238,0.0323809523809523,,,,613.0,,,,,,,,,0.5319184778260692,1.0,11.0,22.0,42.0,15.0,27.0,56.0,321.0,490.0,1.5,0.07633087663453916,0.435160202934666,0.25574553978460257
8484150,2025020824,20,24,1,2026-01-25,2025,,4.0155267032525765,4.001778568252557,4.508312200619893,6.224988883948422,30.2,25.4,1.0482140634723087,1.0482140634723087,4,0,0.0,0.997489183025343,0.0063837402898685,0.739043347938729,0.0720846235063081,10,1,0.997717439113948,0.0061293073426204,0.737711481710642,0.0688589169652564,11,1,t,t,3,3,,8.454,9.745,8.944,12.824358974358974,0.946153846153846,0.1423076923076923,,,,769.4615384615385,,,,,,,,,0.5319184778260692,,,,,,,,321.0,490.0,1.5,0.04046486797690352,0.3858308043755177,0.2131478361762106
8484153,2025020824,24,20,0,2026-01-25,2025,,6.045001679167132,7.503410641200546,6.986529758911796,8.185538881309686,27.7,25.1,1.0482140634723087,1.0482140634723087,15,0,0.0939328500640675,0.934486844438103,0.101957359044732,0.747315933973044,0.0935829336387555,10,1,0.945654079438064,0.0784207926389111,0.796622900146803,0.0957959630274857,20,1,t,t,3,3,,8.238,8.944,9.745,14.59551282051282,3.230769230769231,0.9974358974358974,,,,875.7307692307693,,,,,,,,,0.4661535773588528,1.0,12.0,27.0,104.0,16.0,41.0,161.0,279.0,426.0,1.5,0.09324273447969869,0.4445373097265356,0.26889002210311713
8484180,2025020824,20,24,1,2026-01-25,2025,,2.048131080389145,4.8693393929556885,5.822180891925767,6.330141210842396,29.0,20.0,1.015457373988799,1.015457373988799,71,0,0.002276607854297,0.982239272520603,0.0458873408978549,0.851743124512931,0.0683299539979059,9,1,0.982239272520603,0.0458873408978549,0.851743124512931,0.0683299539979059,9,1,t,t,3,3,,8.454,9.745,8.944,10.872222222222222,0.2685185185185185,1.3962962962962964,,,,652.3333333333334,,,,,,,,,0.4771241830065359,0.0,4.0,4.0,4.0,5.0,5.0,5.0,58.0,86.0,1.5,0.10602724718660513,0.4055581569444129,0.255792702065509
8484762,2025020824,24,20,0,2026-01-25,2025,,11.549566891241579,9.0820629257217,8.318008204838026,9.730781706130392,,,,,2,0,,0.97687923485103,0.0394160145990111,0.835515392246913,0.0557311250474635,10,1,0.963245414493944,0.0553466500620221,0.822967733199648,0.0659314252007277,20,1,t,t,3,3,,8.238,8.944,9.745,14.744444444444444,2.269191919191919,0.3111111111111111,,,,884.6666666666667,,,,,,,,,,,,,,,,,,,1.5,0.011854605949822126,0.5051956806315271,0.2585251432906746
8484768,2025020824,20,24,1,2026-01-25,2025,,1.8091361374943464,3.722854188210962,4.264159195276624,5.377456049638056,30.2,25.4,1.0482140634723087,1.0482140634723087,79,0,0.0009709062908031,0.955904921229272,0.0392107770068587,0.69616845223425,0.0350277570536216,5,1,0.955904921229272,0.0392107770068587,0.69616845223425,0.0350277570536216,5,1,t,t,3,3,,8.454,9.745,8.944,12.7,2.8466666666666667,0.03,,,,762.0,,,,,,,,,0.5319184778260692,,,,,,,,321.0,490.0,1.5,0.04032543227064182,0.35207333719287986,0.19619938473176085
8484860,2025020824,20,24,1,2026-01-25,2025,,4.561350159647255,7.180997974590316,7.180997974590316,9.390535812925798,,,,,2,0,,0.984575078425336,0.0297820172819141,0.848989265960271,0.0690512701321371,8,1,0.984575078425336,0.0297820172819141,0.848989265960271,0.0690512701321371,8,1,t,t,3,3,,8.454,9.745,8.944,11.883333333333333,1.5395833333333333,0.1541666666666666,,,,713.0,,,,,,,,,,,,,,,,,,,1.5,0.012954358542512517,0.5131836054566365,0.2630689819995745
8485512,2025020824,24,20,0,2026-01-25,2025,,1.8203883495145632,2.104524728165556,2.104524728165556,7.365836548579447,27.7,25.1,1.0482140634723087,1.0482140634723087,2,0,0.0,1.0,0.0,0.800803641656925,0.0563405536403901,8,1,1.0,0.0,0.800803641656925,0.0563405536403901,8,1,t,t,3,3,,8.238,8.944,9.745,10.122916666666667,0.3020833333333333,2.135416666666667,,,,607.375,,,,,,,,,0.4661535773588528,0.0,1.0,1.0,1.0,2.0,2.0,2.0,279.0,426.0,1.5,0.03488282827622854,0.3216213047166852,0.17825206649645686
