slate_date,game_pk,player_mlb_id,player,team,opponent,scheduled_first_pitch_utc,capture_timestamp_utc,minutes_until_first_pitch,provider_event_id,governing_run_tag,batting_position,lineup_observation_timestamp,lineup_ingestion_run,over_odds,under_odds,market_observation_timestamp,market_ingestion_run,market_source_payload,market_source_sha256,lineup_source_sha256,population_membership,membership_reason,original_partition,normal_player_stats_row_count,local_status,local_player_id,local_game_id,local_game_date,local_team,local_opponent,local_is_home,local_position,local_is_starter,local_plate_appearances,local_at_bats,local_hits,local_singles,local_doubles,local_triples,local_home_runs,local_total_bases,local_pa_source,local_pa_backfilled_at,official_game_final,official_source_status,final_participation_role,official_final_batting_position,official_plate_appearances,official_at_bats,official_hits,official_singles,official_doubles,official_triples,official_home_runs,official_total_bases,official_source_payload,official_source_sha256,source_observation_timestamp,source_acquisition,final_support_decision,team_mlb_id
2026-08-02,822783,543807,George Springer,Toronto Blue Jays,St. Louis Cardinals,2026-08-02T17:37:00+00:00,2026-08-02T15:45:53.488523+00:00,111.10852461666667,2ee28b25d57aa155a35d9706065b4963,cleanroom_20260802T154517Z,4,2026-08-02 15:43:42.758155+00:00,7fcf9127-c016-45df-bdcc-47b3d8625c3e,134,-175,2026-08-02 15:44:51+00:00,b5241658-c7bb-443f-976f-4b44a82d51d1,/Users/jerrystrain/Projects/proppadia/backend/mlb/exports/cleanroom_v1/raw/THE_ODDS_API/2026-08-02/cleanroom_20260802T154517Z/event_2ee28b25d57aa155a35d9706065b4963.json,bbe4e4ed053b7a4abf764382737d931d9ea966769ce4de18358a99e2394323e6,bfcdb96ceb43c76faf3a455b504fb7893e222d989a97bf80304c510fa473e85d,SCHEDULE_COHORT_BASELINE,SAME_RUN_FIXED_WINDOW_CONFIRMED_ORDER_TWO_SIDED_EXACT_ID,FORMERLY_LINEUP_ADMITTED,1,LOCAL_ROW_VERIFIED_EXACT,543807,822783,2026-08-02,141,138,True,LF,0,4,4,1,0,0,1,0,3,statsapi,2026-08-03 12:42:12.988997+00:00,True,OFFICIAL_APPEARANCE_RESULT_RECOVERED,STARTED,4,4,4,1,0,0,1,0,3,backend/mlb/exports/cleanroom_v1/bol_tb15/schedule_cohorts/2026-08-02/outcome_sources/game_822783_3d28f303484db711ad0f1b949c50dd69098dcee039338696fe9532b662cf9087.json,3d28f303484db711ad0f1b949c50dd69098dcee039338696fe9532b662cf9087,2026-08-03T13:47:42.240378+00:00,PRESERVED_OFFICIAL_FEED,LOCAL_ROW_VERIFIED_EXACT,
2026-08-02,822783,649966,Luis Urías,Toronto Blue Jays,St. Louis Cardinals,2026-08-02T17:37:00+00:00,2026-08-02T15:45:53.488523+00:00,111.10852461666667,2ee28b25d57aa155a35d9706065b4963,cleanroom_20260802T154517Z,1,2026-08-02 15:43:42.758155+00:00,7fcf9127-c016-45df-bdcc-47b3d8625c3e,141,-185,2026-08-02 15:44:51+00:00,b5241658-c7bb-443f-976f-4b44a82d51d1,/Users/jerrystrain/Projects/proppadia/backend/mlb/exports/cleanroom_v1/raw/THE_ODDS_API/2026-08-02/cleanroom_20260802T154517Z/event_2ee28b25d57aa155a35d9706065b4963.json,bbe4e4ed053b7a4abf764382737d931d9ea966769ce4de18358a99e2394323e6,bfcdb96ceb43c76faf3a455b504fb7893e222d989a97bf80304c510fa473e85d,SCHEDULE_COHORT_BASELINE,SAME_RUN_FIXED_WINDOW_CONFIRMED_ORDER_TWO_SIDED_EXACT_ID,FORMERLY_LINEUP_ADMITTED,1,LOCAL_ROW_VERIFIED_EXACT,649966,822783,2026-08-02,141,138,True,2B,0,4,3,1,0,1,0,0,2,statsapi,2026-08-03 12:42:12.988997+00:00,True,OFFICIAL_APPEARANCE_RESULT_RECOVERED,STARTED,1,4,3,1,0,1,0,0,2,backend/mlb/exports/cleanroom_v1/bol_tb15/schedule_cohorts/2026-08-02/outcome_sources/game_822783_3d28f303484db711ad0f1b949c50dd69098dcee039338696fe9532b662cf9087.json,3d28f303484db711ad0f1b949c50dd69098dcee039338696fe9532b662cf9087,2026-08-03T13:47:42.240378+00:00,PRESERVED_OFFICIAL_FEED,LOCAL_ROW_VERIFIED_EXACT,
2026-08-02,822783,662139,Daulton Varsho,Toronto Blue Jays,St. Louis Cardinals,2026-08-02T17:37:00+00:00,2026-08-02T15:45:53.488523+00:00,111.10852461666667,2ee28b25d57aa155a35d9706065b4963,cleanroom_20260802T154517Z,8,2026-08-02 15:43:42.758155+00:00,7fcf9127-c016-45df-bdcc-47b3d8625c3e,171,-227,2026-08-02 15:44:51+00:00,b5241658-c7bb-443f-976f-4b44a82d51d1,/Users/jerrystrain/Projects/proppadia/backend/mlb/exports/cleanroom_v1/raw/THE_ODDS_API/2026-08-02/cleanroom_20260802T154517Z/event_2ee28b25d57aa155a35d9706065b4963.json,bbe4e4ed053b7a4abf764382737d931d9ea966769ce4de18358a99e2394323e6,bfcdb96ceb43c76faf3a455b504fb7893e222d989a97bf80304c510fa473e85d,SCHEDULE_COHORT_BASELINE,SAME_RUN_FIXED_WINDOW_CONFIRMED_ORDER_TWO_SIDED_EXACT_ID,FORMERLY_LINEUP_ADMITTED,1,LOCAL_ROW_VERIFIED_EXACT,662139,822783,2026-08-02,141,138,True,CF,0,3,3,0,0,0,0,0,0,statsapi,2026-08-03 12:42:12.988997+00:00,True,OFFICIAL_APPEARANCE_RESULT_RECOVERED,STARTED,8,3,3,0,0,0,0,0,0,backend/mlb/exports/cleanroom_v1/bol_tb15/schedule_cohorts/2026-08-02/outcome_sources/game_822783_3d28f303484db711ad0f1b949c50dd69098dcee039338696fe9532b662cf9087.json,3d28f303484db711ad0f1b949c50dd69098dcee039338696fe9532b662cf9087,2026-08-03T13:47:42.240378+00:00,PRESERVED_OFFICIAL_FEED,LOCAL_ROW_VERIFIED_EXACT,
2026-08-02,822783,663457,Lars Nootbaar,St. Louis Cardinals,Toronto Blue Jays,2026-08-02T17:37:00+00:00,2026-08-02T15:45:53.488523+00:00,111.10852461666667,2ee28b25d57aa155a35d9706065b4963,cleanroom_20260802T154517Z,1,2026-08-02 15:43:42.758155+00:00,7fcf9127-c016-45df-bdcc-47b3d8625c3e,118,-154,2026-08-02 15:44:51+00:00,b5241658-c7bb-443f-976f-4b44a82d51d1,/Users/jerrystrain/Projects/proppadia/backend/mlb/exports/cleanroom_v1/raw/THE_ODDS_API/2026-08-02/cleanroom_20260802T154517Z/event_2ee28b25d57aa155a35d9706065b4963.json,bbe4e4ed053b7a4abf764382737d931d9ea966769ce4de18358a99e2394323e6,bfcdb96ceb43c76faf3a455b504fb7893e222d989a97bf80304c510fa473e85d,SCHEDULE_COHORT_BASELINE,SAME_RUN_FIXED_WINDOW_CONFIRMED_ORDER_TWO_SIDED_EXACT_ID,FORMERLY_LINEUP_ADMITTED,1,LOCAL_ROW_VERIFIED_EXACT,663457,822783,2026-08-02,138,141,False,RF,0,5,5,1,0,1,0,0,2,statsapi,2026-08-03 12:42:12.988997+00:00,True,OFFICIAL_APPEARANCE_RESULT_RECOVERED,STARTED,1,5,5,1,0,1,0,0,2,backend/mlb/exports/cleanroom_v1/bol_tb15/schedule_cohorts/2026-08-02/outcome_sources/game_822783_3d28f303484db711ad0f1b949c50dd69098dcee039338696fe9532b662cf9087.json,3d28f303484db711ad0f1b949c50dd69098dcee039338696fe9532b662cf9087,2026-08-03T13:47:42.240378+00:00,PRESERVED_OFFICIAL_FEED,LOCAL_ROW_VERIFIED_EXACT,
2026-08-02,822783,663494,Bryan Torres,St. Louis Cardinals,Toronto Blue Jays,2026-08-02T17:37:00+00:00,2026-08-02T15:45:53.488523+00:00,111.10852461666667,2ee28b25d57aa155a35d9706065b4963,cleanroom_20260802T154517Z,6,2026-08-02 15:43:42.758155+00:00,7fcf9127-c016-45df-bdcc-47b3d8625c3e,171,-227,2026-08-02 15:44:51+00:00,b5241658-c7bb-443f-976f-4b44a82d51d1,/Users/jerrystrain/Projects/proppadia/backend/mlb/exports/cleanroom_v1/raw/THE_ODDS_API/2026-08-02/cleanroom_20260802T154517Z/event_2ee28b25d57aa155a35d9706065b4963.json,bbe4e4ed053b7a4abf764382737d931d9ea966769ce4de18358a99e2394323e6,bfcdb96ceb43c76faf3a455b504fb7893e222d989a97bf80304c510fa473e85d,SCHEDULE_COHORT_BASELINE,SAME_RUN_FIXED_WINDOW_CONFIRMED_ORDER_TWO_SIDED_EXACT_ID,FORMERLY_LINEUP_ADMITTED,1,LOCAL_ROW_VERIFIED_EXACT,663494,822783,2026-08-02,138,141,False,LF,0,4,4,1,1,0,0,0,1,statsapi,2026-08-03 12:42:12.988997+00:00,True,OFFICIAL_APPEARANCE_RESULT_RECOVERED,STARTED,6,4,4,1,1,0,0,0,1,backend/mlb/exports/cleanroom_v1/bol_tb15/schedule_cohorts/2026-08-02/outcome_sources/game_822783_3d28f303484db711ad0f1b949c50dd69098dcee039338696fe9532b662cf9087.json,3d28f303484db711ad0f1b949c50dd69098dcee039338696fe9532b662cf9087,2026-08-03T13:47:42.240378+00:00,PRESERVED_OFFICIAL_FEED,LOCAL_ROW_VERIFIED_EXACT,
2026-08-02,822783,665489,Vladimir Guerrero Jr.,Toronto Blue Jays,St. Louis Cardinals,2026-08-02T17:37:00+00:00,2026-08-02T15:45:53.488523+00:00,111.10852461666667,2ee28b25d57aa155a35d9706065b4963,cleanroom_20260802T154517Z,2,2026-08-02 15:43:42.758155+00:00,7fcf9127-c016-45df-bdcc-47b3d8625c3e,107,-139,2026-08-02 15:44:51+00:00,b5241658-c7bb-443f-976f-4b44a82d51d1,/Users/jerrystrain/Projects/proppadia/backend/mlb/exports/cleanroom_v1/raw/THE_ODDS_API/2026-08-02/cleanroom_20260802T154517Z/event_2ee28b25d57aa155a35d9706065b4963.json,bbe4e4ed053b7a4abf764382737d931d9ea966769ce4de18358a99e2394323e6,bfcdb96ceb43c76faf3a455b504fb7893e222d989a97bf80304c510fa473e85d,SCHEDULE_COHORT_BASELINE,SAME_RUN_FIXED_WINDOW_CONFIRMED_ORDER_TWO_SIDED_EXACT_ID,FORMERLY_LINEUP_ADMITTED,1,LOCAL_ROW_VERIFIED_EXACT,665489,822783,2026-08-02,141,138,True,DH,0,4,4,0,0,0,0,0,0,statsapi,2026-08-03 12:42:12.988997+00:00,True,OFFICIAL_APPEARANCE_RESULT_RECOVERED,STARTED,2,4,4,0,0,0,0,0,0,backend/mlb/exports/cleanroom_v1/bol_tb15/schedule_cohorts/2026-08-02/outcome_sources/game_822783_3d28f303484db711ad0f1b949c50dd69098dcee039338696fe9532b662cf9087.json,3d28f303484db711ad0f1b949c50dd69098dcee039338696fe9532b662cf9087,2026-08-03T13:47:42.240378+00:00,PRESERVED_OFFICIAL_FEED,LOCAL_ROW_VERIFIED_EXACT,
2026-08-02,822783,671056,Iván Herrera,St. Louis Cardinals,Toronto Blue Jays,2026-08-02T17:37:00+00:00,2026-08-02T15:45:53.488523+00:00,111.10852461666667,2ee28b25d57aa155a35d9706065b4963,cleanroom_20260802T154517Z,4,2026-08-02 15:43:42.758155+00:00,7fcf9127-c016-45df-bdcc-47b3d8625c3e,149,-196,2026-08-02 15:44:51+00:00,b5241658-c7bb-443f-976f-4b44a82d51d1,/Users/jerrystrain/Projects/proppadia/backend/mlb/exports/cleanroom_v1/raw/THE_ODDS_API/2026-08-02/cleanroom_20260802T154517Z/event_2ee28b25d57aa155a35d9706065b4963.json,bbe4e4ed053b7a4abf764382737d931d9ea966769ce4de18358a99e2394323e6,bfcdb96ceb43c76faf3a455b504fb7893e222d989a97bf80304c510fa473e85d,SCHEDULE_COHORT_BASELINE,SAME_RUN_FIXED_WINDOW_CONFIRMED_ORDER_TWO_SIDED_EXACT_ID,FORMERLY_LINEUP_ADMITTED,1,LOCAL_ROW_VERIFIED_EXACT,671056,822783,2026-08-02,138,141,False,C,0,4,4,0,0,0,0,0,0,statsapi,2026-08-03 12:42:12.988997+00:00,True,OFFICIAL_APPEARANCE_RESULT_RECOVERED,STARTED,4,4,4,0,0,0,0,0,0,backend/mlb/exports/cleanroom_v1/bol_tb15/schedule_cohorts/2026-08-02/outcome_sources/game_822783_3d28f303484db711ad0f1b949c50dd69098dcee039338696fe9532b662cf9087.json,3d28f303484db711ad0f1b949c50dd69098dcee039338696fe9532b662cf9087,2026-08-03T13:47:42.240378+00:00,PRESERVED_OFFICIAL_FEED,LOCAL_ROW_VERIFIED_EXACT,
2026-08-02,822783,672386,Alejandro Kirk,Toronto Blue Jays,St. Louis Cardinals,2026-08-02T17:37:00+00:00,2026-08-02T15:45:53.488523+00:00,111.10852461666667,2ee28b25d57aa155a35d9706065b4963,cleanroom_20260802T154517Z,5,2026-08-02 15:43:42.758155+00:00,7fcf9127-c016-45df-bdcc-47b3d8625c3e,136,-179,2026-08-02 15:44:51+00:00,b5241658-c7bb-443f-976f-4b44a82d51d1,/Users/jerrystrain/Projects/proppadia/backend/mlb/exports/cleanroom_v1/raw/THE_ODDS_API/2026-08-02/cleanroom_20260802T154517Z/event_2ee28b25d57aa155a35d9706065b4963.json,bbe4e4ed053b7a4abf764382737d931d9ea966769ce4de18358a99e2394323e6,bfcdb96ceb43c76faf3a455b504fb7893e222d989a97bf80304c510fa473e85d,SCHEDULE_COHORT_BASELINE,SAME_RUN_FIXED_WINDOW_CONFIRMED_ORDER_TWO_SIDED_EXACT_ID,FORMERLY_LINEUP_ADMITTED,1,LOCAL_ROW_VERIFIED_EXACT,672386,822783,2026-08-02,141,138,True,C,0,4,4,1,1,0,0,0,1,statsapi,2026-08-03 12:42:12.988997+00:00,True,OFFICIAL_APPEARANCE_RESULT_RECOVERED,STARTED,5,4,4,1,1,0,0,0,1,backend/mlb/exports/cleanroom_v1/bol_tb15/schedule_cohorts/2026-08-02/outcome_sources/game_822783_3d28f303484db711ad0f1b949c50dd69098dcee039338696fe9532b662cf9087.json,3d28f303484db711ad0f1b949c50dd69098dcee039338696fe9532b662cf9087,2026-08-03T13:47:42.240378+00:00,PRESERVED_OFFICIAL_FEED,LOCAL_ROW_VERIFIED_EXACT,
2026-08-02,822783,672960,Kazuma Okamoto,Toronto Blue Jays,St. Louis Cardinals,2026-08-02T17:37:00+00:00,2026-08-02T15:45:53.488523+00:00,111.10852461666667,2ee28b25d57aa155a35d9706065b4963,cleanroom_20260802T154517Z,3,2026-08-02 15:43:42.758155+00:00,7fcf9127-c016-45df-bdcc-47b3d8625c3e,122,-159,2026-08-02 15:44:51+00:00,b5241658-c7bb-443f-976f-4b44a82d51d1,/Users/jerrystrain/Projects/proppadia/backend/mlb/exports/cleanroom_v1/raw/THE_ODDS_API/2026-08-02/cleanroom_20260802T154517Z/event_2ee28b25d57aa155a35d9706065b4963.json,bbe4e4ed053b7a4abf764382737d931d9ea966769ce4de18358a99e2394323e6,bfcdb96ceb43c76faf3a455b504fb7893e222d989a97bf80304c510fa473e85d,SCHEDULE_COHORT_BASELINE,SAME_RUN_FIXED_WINDOW_CONFIRMED_ORDER_TWO_SIDED_EXACT_ID,FORMERLY_LINEUP_ADMITTED,1,LOCAL_ROW_VERIFIED_EXACT,672960,822783,2026-08-02,141,138,True,1B,0,4,4,1,1,0,0,0,1,statsapi,2026-08-03 12:42:12.988997+00:00,True,OFFICIAL_APPEARANCE_RESULT_RECOVERED,STARTED,3,4,4,1,1,0,0,0,1,backend/mlb/exports/cleanroom_v1/bol_tb15/schedule_cohorts/2026-08-02/outcome_sources/game_822783_3d28f303484db711ad0f1b949c50dd69098dcee039338696fe9532b662cf9087.json,3d28f303484db711ad0f1b949c50dd69098dcee039338696fe9532b662cf9087,2026-08-03T13:47:42.240378+00:00,PRESERVED_OFFICIAL_FEED,LOCAL_ROW_VERIFIED_EXACT,
2026-08-02,822783,676391,Ernie Clement,Toronto Blue Jays,St. Louis Cardinals,2026-08-02T17:37:00+00:00,2026-08-02T15:45:53.488523+00:00,111.10852461666667,2ee28b25d57aa155a35d9706065b4963,cleanroom_20260802T154517Z,6,2026-08-02 15:43:42.758155+00:00,7fcf9127-c016-45df-bdcc-47b3d8625c3e,120,-156,2026-08-02 15:44:51+00:00,b5241658-c7bb-443f-976f-4b44a82d51d1,/Users/jerrystrain/Projects/proppadia/backend/mlb/exports/cleanroom_v1/raw/THE_ODDS_API/2026-08-02/cleanroom_20260802T154517Z/event_2ee28b25d57aa155a35d9706065b4963.json,bbe4e4ed053b7a4abf764382737d931d9ea966769ce4de18358a99e2394323e6,bfcdb96ceb43c76faf3a455b504fb7893e222d989a97bf80304c510fa473e85d,SCHEDULE_COHORT_BASELINE,SAME_RUN_FIXED_WINDOW_CONFIRMED_ORDER_TWO_SIDED_EXACT_ID,FORMERLY_LINEUP_ADMITTED,1,LOCAL_ROW_VERIFIED_EXACT,676391,822783,2026-08-02,141,138,True,3B,0,4,4,0,0,0,0,0,0,statsapi,2026-08-03 12:42:12.988997+00:00,True,OFFICIAL_APPEARANCE_RESULT_RECOVERED,STARTED,6,4,4,0,0,0,0,0,0,backend/mlb/exports/cleanroom_v1/bol_tb15/schedule_cohorts/2026-08-02/outcome_sources/game_822783_3d28f303484db711ad0f1b949c50dd69098dcee039338696fe9532b662cf9087.json,3d28f303484db711ad0f1b949c50dd69098dcee039338696fe9532b662cf9087,2026-08-03T13:47:42.240378+00:00,PRESERVED_OFFICIAL_FEED,LOCAL_ROW_VERIFIED_EXACT,
2026-08-02,822783,676475,Alec Burleson,St. Louis Cardinals,Toronto Blue Jays,2026-08-02T17:37:00+00:00,2026-08-02T15:45:53.488523+00:00,111.10852461666667,2ee28b25d57aa155a35d9706065b4963,cleanroom_20260802T154517Z,3,2026-08-02 15:43:42.758155+00:00,7fcf9127-c016-45df-bdcc-47b3d8625c3e,100,-130,2026-08-02 15:44:51+00:00,b5241658-c7bb-443f-976f-4b44a82d51d1,/Users/jerrystrain/Projects/proppadia/backend/mlb/exports/cleanroom_v1/raw/THE_ODDS_API/2026-08-02/cleanroom_20260802T154517Z/event_2ee28b25d57aa155a35d9706065b4963.json,bbe4e4ed053b7a4abf764382737d931d9ea966769ce4de18358a99e2394323e6,bfcdb96ceb43c76faf3a455b504fb7893e222d989a97bf80304c510fa473e85d,SCHEDULE_COHORT_BASELINE,SAME_RUN_FIXED_WINDOW_CONFIRMED_ORDER_TWO_SIDED_EXACT_ID,FORMERLY_LINEUP_ADMITTED,1,LOCAL_ROW_VERIFIED_EXACT,676475,822783,2026-08-02,138,141,False,1B,0,5,4,1,1,0,0,0,1,statsapi,2026-08-03 12:42:12.988997+00:00,True,OFFICIAL_APPEARANCE_RESULT_RECOVERED,STARTED,3,5,4,1,1,0,0,0,1,backend/mlb/exports/cleanroom_v1/bol_tb15/schedule_cohorts/2026-08-02/outcome_sources/game_822783_3d28f303484db711ad0f1b949c50dd69098dcee039338696fe9532b662cf9087.json,3d28f303484db711ad0f1b949c50dd69098dcee039338696fe9532b662cf9087,2026-08-03T13:47:42.240378+00:00,PRESERVED_OFFICIAL_FEED,LOCAL_ROW_VERIFIED_EXACT,
2026-08-02,822783,691023,Jordan Walker,St. Louis Cardinals,Toronto Blue Jays,2026-08-02T17:37:00+00:00,2026-08-02T15:45:53.488523+00:00,111.10852461666667,2ee28b25d57aa155a35d9706065b4963,cleanroom_20260802T154517Z,2,2026-08-02 15:43:42.758155+00:00,7fcf9127-c016-45df-bdcc-47b3d8625c3e,120,-156,2026-08-02 15:44:51+00:00,b5241658-c7bb-443f-976f-4b44a82d51d1,/Users/jerrystrain/Projects/proppadia/backend/mlb/exports/cleanroom_v1/raw/THE_ODDS_API/2026-08-02/cleanroom_20260802T154517Z/event_2ee28b25d57aa155a35d9706065b4963.json,bbe4e4ed053b7a4abf764382737d931d9ea966769ce4de18358a99e2394323e6,bfcdb96ceb43c76faf3a455b504fb7893e222d989a97bf80304c510fa473e85d,SCHEDULE_COHORT_BASELINE,SAME_RUN_FIXED_WINDOW_CONFIRMED_ORDER_TWO_SIDED_EXACT_ID,FORMERLY_LINEUP_ADMITTED,1,LOCAL_ROW_VERIFIED_EXACT,691023,822783,2026-08-02,138,141,False,DH,0,5,5,2,2,0,0,0,2,statsapi,2026-08-03 12:42:12.988997+00:00,True,OFFICIAL_APPEARANCE_RESULT_RECOVERED,STARTED,2,5,5,2,2,0,0,0,2,backend/mlb/exports/cleanroom_v1/bol_tb15/schedule_cohorts/2026-08-02/outcome_sources/game_822783_3d28f303484db711ad0f1b949c50dd69098dcee039338696fe9532b662cf9087.json,3d28f303484db711ad0f1b949c50dd69098dcee039338696fe9532b662cf9087,2026-08-03T13:47:42.240378+00:00,PRESERVED_OFFICIAL_FEED,LOCAL_ROW_VERIFIED_EXACT,
2026-08-02,822783,691026,Masyn Winn,St. Louis Cardinals,Toronto Blue Jays,2026-08-02T17:37:00+00:00,2026-08-02T15:45:53.488523+00:00,111.10852461666667,2ee28b25d57aa155a35d9706065b4963,cleanroom_20260802T154517Z,5,2026-08-02 15:43:42.758155+00:00,7fcf9127-c016-45df-bdcc-47b3d8625c3e,158,-208,2026-08-02 15:44:51+00:00,b5241658-c7bb-443f-976f-4b44a82d51d1,/Users/jerrystrain/Projects/proppadia/backend/mlb/exports/cleanroom_v1/raw/THE_ODDS_API/2026-08-02/cleanroom_20260802T154517Z/event_2ee28b25d57aa155a35d9706065b4963.json,bbe4e4ed053b7a4abf764382737d931d9ea966769ce4de18358a99e2394323e6,bfcdb96ceb43c76faf3a455b504fb7893e222d989a97bf80304c510fa473e85d,SCHEDULE_COHORT_BASELINE,SAME_RUN_FIXED_WINDOW_CONFIRMED_ORDER_TWO_SIDED_EXACT_ID,FORMERLY_LINEUP_ADMITTED,1,LOCAL_ROW_VERIFIED_EXACT,691026,822783,2026-08-02,138,141,False,SS,0,4,3,0,0,0,0,0,0,statsapi,2026-08-03 12:42:12.988997+00:00,True,OFFICIAL_APPEARANCE_RESULT_RECOVERED,STARTED,5,4,3,0,0,0,0,0,0,backend/mlb/exports/cleanroom_v1/bol_tb15/schedule_cohorts/2026-08-02/outcome_sources/game_822783_3d28f303484db711ad0f1b949c50dd69098dcee039338696fe9532b662cf9087.json,3d28f303484db711ad0f1b949c50dd69098dcee039338696fe9532b662cf9087,2026-08-03T13:47:42.240378+00:00,PRESERVED_OFFICIAL_FEED,LOCAL_ROW_VERIFIED_EXACT,
2026-08-02,822943,650490,Yandy Díaz,Tampa Bay Rays,Chicago White Sox,2026-08-02T17:40:00+00:00,2026-08-02T15:45:53.488523+00:00,114.10852461666667,47af60aedd60c2f453d5618c98f9a180,cleanroom_20260802T154517Z,1,2026-08-02 15:43:42.763293+00:00,7fcf9127-c016-45df-bdcc-47b3d8625c3e,112,-145,2026-08-02 15:45:06+00:00,b5241658-c7bb-443f-976f-4b44a82d51d1,/Users/jerrystrain/Projects/proppadia/backend/mlb/exports/cleanroom_v1/raw/THE_ODDS_API/2026-08-02/cleanroom_20260802T154517Z/event_47af60aedd60c2f453d5618c98f9a180.json,de2b99413bc7144073fcbde5d9876702a12a48d5bb75849b6f241fe1086a6ed8,553779a53ff49b37ae910ae1a400ed5fa9ab75a297f391d4c5d4f167070c7cfc,SCHEDULE_COHORT_BASELINE,SAME_RUN_FIXED_WINDOW_CONFIRMED_ORDER_TWO_SIDED_EXACT_ID,FORMERLY_LINEUP_ADMITTED,1,LOCAL_ROW_VERIFIED_EXACT,650490,822943,2026-08-02,139,145,True,DH,0,4,4,0,0,0,0,0,0,statsapi,2026-08-03 12:42:12.988997+00:00,True,OFFICIAL_APPEARANCE_RESULT_RECOVERED,STARTED,1,4,4,0,0,0,0,0,0,backend/mlb/exports/cleanroom_v1/bol_tb15/schedule_cohorts/2026-08-02/outcome_sources/game_822943_d24797c198a698f1a77fb256f4780295d10b333926298d456c6737743cf2f9ca.json,d24797c198a698f1a77fb256f4780295d10b333926298d456c6737743cf2f9ca,2026-08-03T13:47:42.364038+00:00,PRESERVED_OFFICIAL_FEED,LOCAL_ROW_VERIFIED_EXACT,
2026-08-02,822943,666018,Jonathan Aranda,Tampa Bay Rays,Chicago White Sox,2026-08-02T17:40:00+00:00,2026-08-02T15:45:53.488523+00:00,114.10852461666667,47af60aedd60c2f453d5618c98f9a180,cleanroom_20260802T154517Z,2,2026-08-02 15:43:42.763293+00:00,7fcf9127-c016-45df-bdcc-47b3d8625c3e,167,-222,2026-08-02 15:45:06+00:00,b5241658-c7bb-443f-976f-4b44a82d51d1,/Users/jerrystrain/Projects/proppadia/backend/mlb/exports/cleanroom_v1/raw/THE_ODDS_API/2026-08-02/cleanroom_20260802T154517Z/event_47af60aedd60c2f453d5618c98f9a180.json,de2b99413bc7144073fcbde5d9876702a12a48d5bb75849b6f241fe1086a6ed8,553779a53ff49b37ae910ae1a400ed5fa9ab75a297f391d4c5d4f167070c7cfc,SCHEDULE_COHORT_BASELINE,SAME_RUN_FIXED_WINDOW_CONFIRMED_ORDER_TWO_SIDED_EXACT_ID,FORMERLY_LINEUP_ADMITTED,1,LOCAL_ROW_VERIFIED_EXACT,666018,822943,2026-08-02,139,145,True,1B,0,5,5,1,1,0,0,0,1,statsapi,2026-08-03 12:42:12.988997+00:00,True,OFFICIAL_APPEARANCE_RESULT_RECOVERED,STARTED,2,5,5,1,1,0,0,0,1,backend/mlb/exports/cleanroom_v1/bol_tb15/schedule_cohorts/2026-08-02/outcome_sources/game_822943_d24797c198a698f1a77fb256f4780295d10b333926298d456c6737743cf2f9ca.json,d24797c198a698f1a77fb256f4780295d10b333926298d456c6737743cf2f9ca,2026-08-03T13:47:42.364038+00:00,PRESERVED_OFFICIAL_FEED,LOCAL_ROW_VERIFIED_EXACT,
2026-08-02,822943,676356,Jonny DeLuca,Tampa Bay Rays,Chicago White Sox,2026-08-02T17:40:00+00:00,2026-08-02T15:45:53.488523+00:00,114.10852461666667,47af60aedd60c2f453d5618c98f9a180,cleanroom_20260802T154517Z,6,2026-08-02 15:43:42.763293+00:00,7fcf9127-c016-45df-bdcc-47b3d8625c3e,178,-238,2026-08-02 15:45:06+00:00,b5241658-c7bb-443f-976f-4b44a82d51d1,/Users/jerrystrain/Projects/proppadia/backend/mlb/exports/cleanroom_v1/raw/THE_ODDS_API/2026-08-02/cleanroom_20260802T154517Z/event_47af60aedd60c2f453d5618c98f9a180.json,de2b99413bc7144073fcbde5d9876702a12a48d5bb75849b6f241fe1086a6ed8,553779a53ff49b37ae910ae1a400ed5fa9ab75a297f391d4c5d4f167070c7cfc,SCHEDULE_COHORT_BASELINE,SAME_RUN_FIXED_WINDOW_CONFIRMED_ORDER_TWO_SIDED_EXACT_ID,FORMERLY_LINEUP_ADMITTED,1,LOCAL_ROW_VERIFIED_EXACT,676356,822943,2026-08-02,139,145,True,RF,0,4,4,1,1,0,0,0,1,statsapi,2026-08-03 12:42:12.988997+00:00,True,OFFICIAL_APPEARANCE_RESULT_RECOVERED,STARTED,6,4,4,1,1,0,0,0,1,backend/mlb/exports/cleanroom_v1/bol_tb15/schedule_cohorts/2026-08-02/outcome_sources/game_822943_d24797c198a698f1a77fb256f4780295d10b333926298d456c6737743cf2f9ca.json,d24797c198a698f1a77fb256f4780295d10b333926298d456c6737743cf2f9ca,2026-08-03T13:47:42.364038+00:00,PRESERVED_OFFICIAL_FEED,LOCAL_ROW_VERIFIED_EXACT,
2026-08-02,822943,678246,Miguel Vargas,Chicago White Sox,Tampa Bay Rays,2026-08-02T17:40:00+00:00,2026-08-02T15:45:53.488523+00:00,114.10852461666667,47af60aedd60c2f453d5618c98f9a180,cleanroom_20260802T154517Z,3,2026-08-02 15:43:42.763293+00:00,7fcf9127-c016-45df-bdcc-47b3d8625c3e,136,-179,2026-08-02 15:45:06+00:00,b5241658-c7bb-443f-976f-4b44a82d51d1,/Users/jerrystrain/Projects/proppadia/backend/mlb/exports/cleanroom_v1/raw/THE_ODDS_API/2026-08-02/cleanroom_20260802T154517Z/event_47af60aedd60c2f453d5618c98f9a180.json,de2b99413bc7144073fcbde5d9876702a12a48d5bb75849b6f241fe1086a6ed8,553779a53ff49b37ae910ae1a400ed5fa9ab75a297f391d4c5d4f167070c7cfc,SCHEDULE_COHORT_BASELINE,SAME_RUN_FIXED_WINDOW_CONFIRMED_ORDER_TWO_SIDED_EXACT_ID,FORMERLY_LINEUP_ADMITTED,1,LOCAL_ROW_VERIFIED_EXACT,678246,822943,2026-08-02,145,139,False,1B,0,5,5,1,0,0,0,1,4,statsapi,2026-08-03 12:42:12.988997+00:00,True,OFFICIAL_APPEARANCE_RESULT_RECOVERED,STARTED,3,5,5,1,0,0,0,1,4,backend/mlb/exports/cleanroom_v1/bol_tb15/schedule_cohorts/2026-08-02/outcome_sources/game_822943_d24797c198a698f1a77fb256f4780295d10b333926298d456c6737743cf2f9ca.json,d24797c198a698f1a77fb256f4780295d10b333926298d456c6737743cf2f9ca,2026-08-03T13:47:42.364038+00:00,PRESERVED_OFFICIAL_FEED,LOCAL_ROW_VERIFIED_EXACT,
2026-08-02,822943,691406,Junior Caminero,Tampa Bay Rays,Chicago White Sox,2026-08-02T17:40:00+00:00,2026-08-02T15:45:53.488523+00:00,114.10852461666667,47af60aedd60c2f453d5618c98f9a180,cleanroom_20260802T154517Z,3,2026-08-02 15:43:42.763293+00:00,7fcf9127-c016-45df-bdcc-47b3d8625c3e,109,-141,2026-08-02 15:45:06+00:00,b5241658-c7bb-443f-976f-4b44a82d51d1,/Users/jerrystrain/Projects/proppadia/backend/mlb/exports/cleanroom_v1/raw/THE_ODDS_API/2026-08-02/cleanroom_20260802T154517Z/event_47af60aedd60c2f453d5618c98f9a180.json,de2b99413bc7144073fcbde5d9876702a12a48d5bb75849b6f241fe1086a6ed8,553779a53ff49b37ae910ae1a400ed5fa9ab75a297f391d4c5d4f167070c7cfc,SCHEDULE_COHORT_BASELINE,SAME_RUN_FIXED_WINDOW_CONFIRMED_ORDER_TWO_SIDED_EXACT_ID,FORMERLY_LINEUP_ADMITTED,1,LOCAL_ROW_VERIFIED_EXACT,691406,822943,2026-08-02,139,145,True,3B,0,4,4,2,2,0,0,0,2,statsapi,2026-08-03 12:42:12.988997+00:00,True,OFFICIAL_APPEARANCE_RESULT_RECOVERED,STARTED,3,4,4,2,2,0,0,0,2,backend/mlb/exports/cleanroom_v1/bol_tb15/schedule_cohorts/2026-08-02/outcome_sources/game_822943_d24797c198a698f1a77fb256f4780295d10b333926298d456c6737743cf2f9ca.json,d24797c198a698f1a77fb256f4780295d10b333926298d456c6737743cf2f9ca,2026-08-03T13:47:42.364038+00:00,PRESERVED_OFFICIAL_FEED,LOCAL_ROW_VERIFIED_EXACT,
2026-08-02,822943,695657,Colson Montgomery,Chicago White Sox,Tampa Bay Rays,2026-08-02T17:40:00+00:00,2026-08-02T15:45:53.488523+00:00,114.10852461666667,47af60aedd60c2f453d5618c98f9a180,cleanroom_20260802T154517Z,4,2026-08-02 15:43:42.763293+00:00,7fcf9127-c016-45df-bdcc-47b3d8625c3e,167,-222,2026-08-02 15:45:06+00:00,b5241658-c7bb-443f-976f-4b44a82d51d1,/Users/jerrystrain/Projects/proppadia/backend/mlb/exports/cleanroom_v1/raw/THE_ODDS_API/2026-08-02/cleanroom_20260802T154517Z/event_47af60aedd60c2f453d5618c98f9a180.json,de2b99413bc7144073fcbde5d9876702a12a48d5bb75849b6f241fe1086a6ed8,553779a53ff49b37ae910ae1a400ed5fa9ab75a297f391d4c5d4f167070c7cfc,SCHEDULE_COHORT_BASELINE,SAME_RUN_FIXED_WINDOW_CONFIRMED_ORDER_TWO_SIDED_EXACT_ID,FORMERLY_LINEUP_ADMITTED,1,LOCAL_ROW_VERIFIED_EXACT,695657,822943,2026-08-02,145,139,False,3B,0,5,5,1,0,1,0,0,2,statsapi,2026-08-03 12:42:12.988997+00:00,True,OFFICIAL_APPEARANCE_RESULT_RECOVERED,STARTED,4,5,5,1,0,1,0,0,2,backend/mlb/exports/cleanroom_v1/bol_tb15/schedule_cohorts/2026-08-02/outcome_sources/game_822943_d24797c198a698f1a77fb256f4780295d10b333926298d456c6737743cf2f9ca.json,d24797c198a698f1a77fb256f4780295d10b333926298d456c6737743cf2f9ca,2026-08-03T13:47:42.364038+00:00,PRESERVED_OFFICIAL_FEED,LOCAL_ROW_VERIFIED_EXACT,
2026-08-02,822943,802415,Chandler Simpson,Tampa Bay Rays,Chicago White Sox,2026-08-02T17:40:00+00:00,2026-08-02T15:45:53.488523+00:00,114.10852461666667,47af60aedd60c2f453d5618c98f9a180,cleanroom_20260802T154517Z,5,2026-08-02 15:43:42.763293+00:00,7fcf9127-c016-45df-bdcc-47b3d8625c3e,178,-238,2026-08-02 15:45:06+00:00,b5241658-c7bb-443f-976f-4b44a82d51d1,/Users/jerrystrain/Projects/proppadia/backend/mlb/exports/cleanroom_v1/raw/THE_ODDS_API/2026-08-02/cleanroom_20260802T154517Z/event_47af60aedd60c2f453d5618c98f9a180.json,de2b99413bc7144073fcbde5d9876702a12a48d5bb75849b6f241fe1086a6ed8,553779a53ff49b37ae910ae1a400ed5fa9ab75a297f391d4c5d4f167070c7cfc,SCHEDULE_COHORT_BASELINE,SAME_RUN_FIXED_WINDOW_CONFIRMED_ORDER_TWO_SIDED_EXACT_ID,FORMERLY_LINEUP_ADMITTED,1,LOCAL_ROW_VERIFIED_EXACT,802415,822943,2026-08-02,139,145,True,LF,0,4,3,3,3,0,0,0,3,statsapi,2026-08-03 12:42:12.988997+00:00,True,OFFICIAL_APPEARANCE_RESULT_RECOVERED,STARTED,5,4,3,3,3,0,0,0,3,backend/mlb/exports/cleanroom_v1/bol_tb15/schedule_cohorts/2026-08-02/outcome_sources/game_822943_d24797c198a698f1a77fb256f4780295d10b333926298d456c6737743cf2f9ca.json,d24797c198a698f1a77fb256f4780295d10b333926298d456c6737743cf2f9ca,2026-08-03T13:47:42.364038+00:00,PRESERVED_OFFICIAL_FEED,LOCAL_ROW_VERIFIED_EXACT,
2026-08-02,822943,803011,Sam Antonacci,Chicago White Sox,Tampa Bay Rays,2026-08-02T17:40:00+00:00,2026-08-02T15:45:53.488523+00:00,114.10852461666667,47af60aedd60c2f453d5618c98f9a180,cleanroom_20260802T154517Z,1,2026-08-02 15:43:42.763293+00:00,7fcf9127-c016-45df-bdcc-47b3d8625c3e,155,-204,2026-08-02 15:45:06+00:00,b5241658-c7bb-443f-976f-4b44a82d51d1,/Users/jerrystrain/Projects/proppadia/backend/mlb/exports/cleanroom_v1/raw/THE_ODDS_API/2026-08-02/cleanroom_20260802T154517Z/event_47af60aedd60c2f453d5618c98f9a180.json,de2b99413bc7144073fcbde5d9876702a12a48d5bb75849b6f241fe1086a6ed8,553779a53ff49b37ae910ae1a400ed5fa9ab75a297f391d4c5d4f167070c7cfc,SCHEDULE_COHORT_BASELINE,SAME_RUN_FIXED_WINDOW_CONFIRMED_ORDER_TWO_SIDED_EXACT_ID,FORMERLY_LINEUP_ADMITTED,1,LOCAL_ROW_VERIFIED_EXACT,803011,822943,2026-08-02,145,139,False,LF,0,5,5,0,0,0,0,0,0,statsapi,2026-08-03 12:42:12.988997+00:00,True,OFFICIAL_APPEARANCE_RESULT_RECOVERED,STARTED,1,5,5,0,0,0,0,0,0,backend/mlb/exports/cleanroom_v1/bol_tb15/schedule_cohorts/2026-08-02/outcome_sources/game_822943_d24797c198a698f1a77fb256f4780295d10b333926298d456c6737743cf2f9ca.json,d24797c198a698f1a77fb256f4780295d10b333926298d456c6737743cf2f9ca,2026-08-03T13:47:42.364038+00:00,PRESERVED_OFFICIAL_FEED,LOCAL_ROW_VERIFIED_EXACT,
2026-08-02,822943,808959,Munetaka Murakami,Chicago White Sox,Tampa Bay Rays,2026-08-02T17:40:00+00:00,2026-08-02T15:45:53.488523+00:00,114.10852461666667,47af60aedd60c2f453d5618c98f9a180,cleanroom_20260802T154517Z,2,2026-08-02 15:43:42.763293+00:00,7fcf9127-c016-45df-bdcc-47b3d8625c3e,167,-222,2026-08-02 15:45:06+00:00,b5241658-c7bb-443f-976f-4b44a82d51d1,/Users/jerrystrain/Projects/proppadia/backend/mlb/exports/cleanroom_v1/raw/THE_ODDS_API/2026-08-02/cleanroom_20260802T154517Z/event_47af60aedd60c2f453d5618c98f9a180.json,de2b99413bc7144073fcbde5d9876702a12a48d5bb75849b6f241fe1086a6ed8,553779a53ff49b37ae910ae1a400ed5fa9ab75a297f391d4c5d4f167070c7cfc,SCHEDULE_COHORT_BASELINE,SAME_RUN_FIXED_WINDOW_CONFIRMED_ORDER_TWO_SIDED_EXACT_ID,FORMERLY_LINEUP_ADMITTED,1,LOCAL_ROW_VERIFIED_EXACT,808959,822943,2026-08-02,145,139,False,1B,0,5,5,1,0,1,0,0,2,statsapi,2026-08-03 12:42:12.988997+00:00,True,OFFICIAL_APPEARANCE_RESULT_RECOVERED,STARTED,2,5,5,1,0,1,0,0,2,backend/mlb/exports/cleanroom_v1/bol_tb15/schedule_cohorts/2026-08-02/outcome_sources/game_822943_d24797c198a698f1a77fb256f4780295d10b333926298d456c6737743cf2f9ca.json,d24797c198a698f1a77fb256f4780295d10b333926298d456c6737743cf2f9ca,2026-08-03T13:47:42.364038+00:00,PRESERVED_OFFICIAL_FEED,LOCAL_ROW_VERIFIED_EXACT,
2026-08-02,823592,596019,Francisco Lindor,New York Mets,Miami Marlins,2026-08-02T17:40:00+00:00,2026-08-02T15:45:53.488523+00:00,114.10852461666667,42cc8ab6df88e7bec73eafe4f684cbb1,cleanroom_20260802T154517Z,2,2026-08-02 15:43:42.759837+00:00,7fcf9127-c016-45df-bdcc-47b3d8625c3e,126,-164,2026-08-02 15:44:05+00:00,b5241658-c7bb-443f-976f-4b44a82d51d1,/Users/jerrystrain/Projects/proppadia/backend/mlb/exports/cleanroom_v1/raw/THE_ODDS_API/2026-08-02/cleanroom_20260802T154517Z/event_42cc8ab6df88e7bec73eafe4f684cbb1.json,fada44aa979f09855e07cd8f4a5ad9b5606ecac46ba41efe0fc7f29ee078f11a,06c8d85dfee3e2c3fad947c5d62ea3f39c721442cd8fad9deeec4f57aad9fee2,SCHEDULE_COHORT_BASELINE,SAME_RUN_FIXED_WINDOW_CONFIRMED_ORDER_TWO_SIDED_EXACT_ID,FORMERLY_LINEUP_ADMITTED,1,LOCAL_ROW_VERIFIED_EXACT,596019,823592,2026-08-02,121,146,True,SS,0,4,4,1,0,1,0,0,2,statsapi,2026-08-03 12:42:12.988997+00:00,True,OFFICIAL_APPEARANCE_RESULT_RECOVERED,STARTED,2,4,4,1,0,1,0,0,2,backend/mlb/exports/cleanroom_v1/bol_tb15/schedule_cohorts/2026-08-02/outcome_sources/game_823592_5990811e440d60480a4241bd4d03f211da0f6d0c6d2664a5dc1a80bde1b23d17.json,5990811e440d60480a4241bd4d03f211da0f6d0c6d2664a5dc1a80bde1b23d17,2026-08-03T13:47:42.490633+00:00,PRESERVED_OFFICIAL_FEED,LOCAL_ROW_VERIFIED_EXACT,
2026-08-02,823592,665052,Griffin Conine,Miami Marlins,New York Mets,2026-08-02T17:40:00+00:00,2026-08-02T15:45:53.488523+00:00,114.10852461666667,42cc8ab6df88e7bec73eafe4f684cbb1,cleanroom_20260802T154517Z,5,2026-08-02 15:43:42.759837+00:00,7fcf9127-c016-45df-bdcc-47b3d8625c3e,164,-217,2026-08-02 15:44:05+00:00,b5241658-c7bb-443f-976f-4b44a82d51d1,/Users/jerrystrain/Projects/proppadia/backend/mlb/exports/cleanroom_v1/raw/THE_ODDS_API/2026-08-02/cleanroom_20260802T154517Z/event_42cc8ab6df88e7bec73eafe4f684cbb1.json,fada44aa979f09855e07cd8f4a5ad9b5606ecac46ba41efe0fc7f29ee078f11a,06c8d85dfee3e2c3fad947c5d62ea3f39c721442cd8fad9deeec4f57aad9fee2,SCHEDULE_COHORT_BASELINE,SAME_RUN_FIXED_WINDOW_CONFIRMED_ORDER_TWO_SIDED_EXACT_ID,FORMERLY_LINEUP_ADMITTED,1,LOCAL_ROW_VERIFIED_EXACT,665052,823592,2026-08-02,146,121,False,LF,0,4,4,0,0,0,0,0,0,statsapi,2026-08-03 12:42:12.988997+00:00,True,OFFICIAL_APPEARANCE_RESULT_RECOVERED,STARTED,5,4,4,0,0,0,0,0,0,backend/mlb/exports/cleanroom_v1/bol_tb15/schedule_cohorts/2026-08-02/outcome_sources/game_823592_5990811e440d60480a4241bd4d03f211da0f6d0c6d2664a5dc1a80bde1b23d17.json,5990811e440d60480a4241bd4d03f211da0f6d0c6d2664a5dc1a80bde1b23d17,2026-08-03T13:47:42.490633+00:00,PRESERVED_OFFICIAL_FEED,LOCAL_ROW_VERIFIED_EXACT,
2026-08-02,823592,666182,Bo Bichette,New York Mets,Miami Marlins,2026-08-02T17:40:00+00:00,2026-08-02T15:45:53.488523+00:00,114.10852461666667,42cc8ab6df88e7bec73eafe4f684cbb1,cleanroom_20260802T154517Z,3,2026-08-02 15:43:42.759837+00:00,7fcf9127-c016-45df-bdcc-47b3d8625c3e,126,-164,2026-08-02 15:44:05+00:00,b5241658-c7bb-443f-976f-4b44a82d51d1,/Users/jerrystrain/Projects/proppadia/backend/mlb/exports/cleanroom_v1/raw/THE_ODDS_API/2026-08-02/cleanroom_20260802T154517Z/event_42cc8ab6df88e7bec73eafe4f684cbb1.json,fada44aa979f09855e07cd8f4a5ad9b5606ecac46ba41efe0fc7f29ee078f11a,06c8d85dfee3e2c3fad947c5d62ea3f39c721442cd8fad9deeec4f57aad9fee2,SCHEDULE_COHORT_BASELINE,SAME_RUN_FIXED_WINDOW_CONFIRMED_ORDER_TWO_SIDED_EXACT_ID,FORMERLY_LINEUP_ADMITTED,1,LOCAL_ROW_VERIFIED_EXACT,666182,823592,2026-08-02,121,146,True,3B,0,4,4,0,0,0,0,0,0,statsapi,2026-08-03 12:42:12.988997+00:00,True,OFFICIAL_APPEARANCE_RESULT_RECOVERED,STARTED,3,4,4,0,0,0,0,0,0,backend/mlb/exports/cleanroom_v1/bol_tb15/schedule_cohorts/2026-08-02/outcome_sources/game_823592_5990811e440d60480a4241bd4d03f211da0f6d0c6d2664a5dc1a80bde1b23d17.json,5990811e440d60480a4241bd4d03f211da0f6d0c6d2664a5dc1a80bde1b23d17,2026-08-03T13:47:42.490633+00:00,PRESERVED_OFFICIAL_FEED,LOCAL_ROW_VERIFIED_EXACT,
2026-08-02,823592,669065,Kyle Stowers,Miami Marlins,New York Mets,2026-08-02T17:40:00+00:00,2026-08-02T15:45:53.488523+00:00,114.10852461666667,42cc8ab6df88e7bec73eafe4f684cbb1,cleanroom_20260802T154517Z,2,2026-08-02 15:43:42.759837+00:00,7fcf9127-c016-45df-bdcc-47b3d8625c3e,118,-154,2026-08-02 15:44:05+00:00,b5241658-c7bb-443f-976f-4b44a82d51d1,/Users/jerrystrain/Projects/proppadia/backend/mlb/exports/cleanroom_v1/raw/THE_ODDS_API/2026-08-02/cleanroom_20260802T154517Z/event_42cc8ab6df88e7bec73eafe4f684cbb1.json,fada44aa979f09855e07cd8f4a5ad9b5606ecac46ba41efe0fc7f29ee078f11a,06c8d85dfee3e2c3fad947c5d62ea3f39c721442cd8fad9deeec4f57aad9fee2,SCHEDULE_COHORT_BASELINE,SAME_RUN_FIXED_WINDOW_CONFIRMED_ORDER_TWO_SIDED_EXACT_ID,FORMERLY_LINEUP_ADMITTED,1,LOCAL_ROW_VERIFIED_EXACT,669065,823592,2026-08-02,146,121,False,1B,0,4,4,0,0,0,0,0,0,statsapi,2026-08-03 12:42:12.988997+00:00,True,OFFICIAL_APPEARANCE_RESULT_RECOVERED,STARTED,2,4,4,0,0,0,0,0,0,backend/mlb/exports/cleanroom_v1/bol_tb15/schedule_cohorts/2026-08-02/outcome_sources/game_823592_5990811e440d60480a4241bd4d03f211da0f6d0c6d2664a5dc1a80bde1b23d17.json,5990811e440d60480a4241bd4d03f211da0f6d0c6d2664a5dc1a80bde1b23d17,2026-08-03T13:47:42.490633+00:00,PRESERVED_OFFICIAL_FEED,LOCAL_ROW_VERIFIED_EXACT,
2026-08-02,823592,669364,Xavier Edwards,Miami Marlins,New York Mets,2026-08-02T17:40:00+00:00,2026-08-02T15:45:53.488523+00:00,114.10852461666667,42cc8ab6df88e7bec73eafe4f684cbb1,cleanroom_20260802T154517Z,4,2026-08-02 15:43:42.759837+00:00,7fcf9127-c016-45df-bdcc-47b3d8625c3e,146,-192,2026-08-02 15:44:05+00:00,b5241658-c7bb-443f-976f-4b44a82d51d1,/Users/jerrystrain/Projects/proppadia/backend/mlb/exports/cleanroom_v1/raw/THE_ODDS_API/2026-08-02/cleanroom_20260802T154517Z/event_42cc8ab6df88e7bec73eafe4f684cbb1.json,fada44aa979f09855e07cd8f4a5ad9b5606ecac46ba41efe0fc7f29ee078f11a,06c8d85dfee3e2c3fad947c5d62ea3f39c721442cd8fad9deeec4f57aad9fee2,SCHEDULE_COHORT_BASELINE,SAME_RUN_FIXED_WINDOW_CONFIRMED_ORDER_TWO_SIDED_EXACT_ID,FORMERLY_LINEUP_ADMITTED,1,LOCAL_ROW_VERIFIED_EXACT,669364,823592,2026-08-02,146,121,False,2B,0,4,4,1,1,0,0,0,1,statsapi,2026-08-03 12:42:12.988997+00:00,True,OFFICIAL_APPEARANCE_RESULT_RECOVERED,STARTED,4,4,4,1,1,0,0,0,1,backend/mlb/exports/cleanroom_v1/bol_tb15/schedule_cohorts/2026-08-02/outcome_sources/game_823592_5990811e440d60480a4241bd4d03f211da0f6d0c6d2664a5dc1a80bde1b23d17.json,5990811e440d60480a4241bd4d03f211da0f6d0c6d2664a5dc1a80bde1b23d17,2026-08-03T13:47:42.490633+00:00,PRESERVED_OFFICIAL_FEED,LOCAL_ROW_VERIFIED_EXACT,
2026-08-02,823592,672640,Otto Lopez,Miami Marlins,New York Mets,2026-08-02T17:40:00+00:00,2026-08-02T15:45:53.488523+00:00,114.10852461666667,42cc8ab6df88e7bec73eafe4f684cbb1,cleanroom_20260802T154517Z,3,2026-08-02 15:43:42.759837+00:00,7fcf9127-c016-45df-bdcc-47b3d8625c3e,117,-152,2026-08-02 15:44:05+00:00,b5241658-c7bb-443f-976f-4b44a82d51d1,/Users/jerrystrain/Projects/proppadia/backend/mlb/exports/cleanroom_v1/raw/THE_ODDS_API/2026-08-02/cleanroom_20260802T154517Z/event_42cc8ab6df88e7bec73eafe4f684cbb1.json,fada44aa979f09855e07cd8f4a5ad9b5606ecac46ba41efe0fc7f29ee078f11a,06c8d85dfee3e2c3fad947c5d62ea3f39c721442cd8fad9deeec4f57aad9fee2,SCHEDULE_COHORT_BASELINE,SAME_RUN_FIXED_WINDOW_CONFIRMED_ORDER_TWO_SIDED_EXACT_ID,FORMERLY_LINEUP_ADMITTED,1,LOCAL_ROW_VERIFIED_EXACT,672640,823592,2026-08-02,146,121,False,SS,0,4,4,1,1,0,0,0,1,statsapi,2026-08-03 12:42:12.988997+00:00,True,OFFICIAL_APPEARANCE_RESULT_RECOVERED,STARTED,3,4,4,1,1,0,0,0,1,backend/mlb/exports/cleanroom_v1/bol_tb15/schedule_cohorts/2026-08-02/outcome_sources/game_823592_5990811e440d60480a4241bd4d03f211da0f6d0c6d2664a5dc1a80bde1b23d17.json,5990811e440d60480a4241bd4d03f211da0f6d0c6d2664a5dc1a80bde1b23d17,2026-08-03T13:47:42.490633+00:00,PRESERVED_OFFICIAL_FEED,LOCAL_ROW_VERIFIED_EXACT,
2026-08-02,823592,673357,Luis Robert Jr.,New York Mets,Miami Marlins,2026-08-02T17:40:00+00:00,2026-08-02T15:45:53.488523+00:00,114.10852461666667,42cc8ab6df88e7bec73eafe4f684cbb1,cleanroom_20260802T154517Z,5,2026-08-02 15:43:42.759837+00:00,7fcf9127-c016-45df-bdcc-47b3d8625c3e,155,-204,2026-08-02 15:44:05+00:00,b5241658-c7bb-443f-976f-4b44a82d51d1,/Users/jerrystrain/Projects/proppadia/backend/mlb/exports/cleanroom_v1/raw/THE_ODDS_API/2026-08-02/cleanroom_20260802T154517Z/event_42cc8ab6df88e7bec73eafe4f684cbb1.json,fada44aa979f09855e07cd8f4a5ad9b5606ecac46ba41efe0fc7f29ee078f11a,06c8d85dfee3e2c3fad947c5d62ea3f39c721442cd8fad9deeec4f57aad9fee2,SCHEDULE_COHORT_BASELINE,SAME_RUN_FIXED_WINDOW_CONFIRMED_ORDER_TWO_SIDED_EXACT_ID,FORMERLY_LINEUP_ADMITTED,1,LOCAL_ROW_VERIFIED_EXACT,673357,823592,2026-08-02,121,146,True,CF,0,4,4,1,1,0,0,0,1,statsapi,2026-08-03 12:42:12.988997+00:00,True,OFFICIAL_APPEARANCE_RESULT_RECOVERED,STARTED,5,4,4,1,1,0,0,0,1,backend/mlb/exports/cleanroom_v1/bol_tb15/schedule_cohorts/2026-08-02/outcome_sources/game_823592_5990811e440d60480a4241bd4d03f211da0f6d0c6d2664a5dc1a80bde1b23d17.json,5990811e440d60480a4241bd4d03f211da0f6d0c6d2664a5dc1a80bde1b23d17,2026-08-03T13:47:42.490633+00:00,PRESERVED_OFFICIAL_FEED,LOCAL_ROW_VERIFIED_EXACT,
2026-08-02,823592,676724,Jared Young,New York Mets,Miami Marlins,2026-08-02T17:40:00+00:00,2026-08-02T15:45:53.488523+00:00,114.10852461666667,42cc8ab6df88e7bec73eafe4f684cbb1,cleanroom_20260802T154517Z,6,2026-08-02 15:43:42.759837+00:00,7fcf9127-c016-45df-bdcc-47b3d8625c3e,167,-222,2026-08-02 15:44:05+00:00,b5241658-c7bb-443f-976f-4b44a82d51d1,/Users/jerrystrain/Projects/proppadia/backend/mlb/exports/cleanroom_v1/raw/THE_ODDS_API/2026-08-02/cleanroom_20260802T154517Z/event_42cc8ab6df88e7bec73eafe4f684cbb1.json,fada44aa979f09855e07cd8f4a5ad9b5606ecac46ba41efe0fc7f29ee078f11a,06c8d85dfee3e2c3fad947c5d62ea3f39c721442cd8fad9deeec4f57aad9fee2,SCHEDULE_COHORT_BASELINE,SAME_RUN_FIXED_WINDOW_CONFIRMED_ORDER_TWO_SIDED_EXACT_ID,FORMERLY_LINEUP_ADMITTED,1,LOCAL_ROW_VERIFIED_EXACT,676724,823592,2026-08-02,121,146,True,1B,0,4,3,1,0,1,0,0,2,statsapi,2026-08-03 12:42:12.988997+00:00,True,OFFICIAL_APPEARANCE_RESULT_RECOVERED,STARTED,6,4,3,1,0,1,0,0,2,backend/mlb/exports/cleanroom_v1/bol_tb15/schedule_cohorts/2026-08-02/outcome_sources/game_823592_5990811e440d60480a4241bd4d03f211da0f6d0c6d2664a5dc1a80bde1b23d17.json,5990811e440d60480a4241bd4d03f211da0f6d0c6d2664a5dc1a80bde1b23d17,2026-08-03T13:47:42.490633+00:00,PRESERVED_OFFICIAL_FEED,LOCAL_ROW_VERIFIED_EXACT,
2026-08-02,823592,682626,Francisco Alvarez,New York Mets,Miami Marlins,2026-08-02T17:40:00+00:00,2026-08-02T15:45:53.488523+00:00,114.10852461666667,42cc8ab6df88e7bec73eafe4f684cbb1,cleanroom_20260802T154517Z,9,2026-08-02 15:43:42.759837+00:00,7fcf9127-c016-45df-bdcc-47b3d8625c3e,182,-244,2026-08-02 15:44:05+00:00,b5241658-c7bb-443f-976f-4b44a82d51d1,/Users/jerrystrain/Projects/proppadia/backend/mlb/exports/cleanroom_v1/raw/THE_ODDS_API/2026-08-02/cleanroom_20260802T154517Z/event_42cc8ab6df88e7bec73eafe4f684cbb1.json,fada44aa979f09855e07cd8f4a5ad9b5606ecac46ba41efe0fc7f29ee078f11a,06c8d85dfee3e2c3fad947c5d62ea3f39c721442cd8fad9deeec4f57aad9fee2,SCHEDULE_COHORT_BASELINE,SAME_RUN_FIXED_WINDOW_CONFIRMED_ORDER_TWO_SIDED_EXACT_ID,FORMERLY_LINEUP_ADMITTED,1,LOCAL_ROW_VERIFIED_EXACT,682626,823592,2026-08-02,121,146,True,C,0,4,3,1,0,1,0,0,2,statsapi,2026-08-03 12:42:12.988997+00:00,True,OFFICIAL_APPEARANCE_RESULT_RECOVERED,STARTED,9,4,3,1,0,1,0,0,2,backend/mlb/exports/cleanroom_v1/bol_tb15/schedule_cohorts/2026-08-02/outcome_sources/game_823592_5990811e440d60480a4241bd4d03f211da0f6d0c6d2664a5dc1a80bde1b23d17.json,5990811e440d60480a4241bd4d03f211da0f6d0c6d2664a5dc1a80bde1b23d17,2026-08-03T13:47:42.490633+00:00,PRESERVED_OFFICIAL_FEED,LOCAL_ROW_VERIFIED_EXACT,
2026-08-02,823592,683357,Owen Caissie,Miami Marlins,New York Mets,2026-08-02T17:40:00+00:00,2026-08-02T15:45:53.488523+00:00,114.10852461666667,42cc8ab6df88e7bec73eafe4f684cbb1,cleanroom_20260802T154517Z,6,2026-08-02 15:43:42.759837+00:00,7fcf9127-c016-45df-bdcc-47b3d8625c3e,167,-222,2026-08-02 15:44:05+00:00,b5241658-c7bb-443f-976f-4b44a82d51d1,/Users/jerrystrain/Projects/proppadia/backend/mlb/exports/cleanroom_v1/raw/THE_ODDS_API/2026-08-02/cleanroom_20260802T154517Z/event_42cc8ab6df88e7bec73eafe4f684cbb1.json,fada44aa979f09855e07cd8f4a5ad9b5606ecac46ba41efe0fc7f29ee078f11a,06c8d85dfee3e2c3fad947c5d62ea3f39c721442cd8fad9deeec4f57aad9fee2,SCHEDULE_COHORT_BASELINE,SAME_RUN_FIXED_WINDOW_CONFIRMED_ORDER_TWO_SIDED_EXACT_ID,FORMERLY_LINEUP_ADMITTED,1,LOCAL_ROW_VERIFIED_EXACT,683357,823592,2026-08-02,146,121,False,RF,0,3,3,0,0,0,0,0,0,statsapi,2026-08-03 12:42:12.988997+00:00,True,OFFICIAL_APPEARANCE_RESULT_RECOVERED,STARTED,6,3,3,0,0,0,0,0,0,backend/mlb/exports/cleanroom_v1/bol_tb15/schedule_cohorts/2026-08-02/outcome_sources/game_823592_5990811e440d60480a4241bd4d03f211da0f6d0c6d2664a5dc1a80bde1b23d17.json,5990811e440d60480a4241bd4d03f211da0f6d0c6d2664a5dc1a80bde1b23d17,2026-08-03T13:47:42.490633+00:00,PRESERVED_OFFICIAL_FEED,LOCAL_ROW_VERIFIED_EXACT,
2026-08-02,823592,689414,Liam Hicks,Miami Marlins,New York Mets,2026-08-02T17:40:00+00:00,2026-08-02T15:45:53.488523+00:00,114.10852461666667,42cc8ab6df88e7bec73eafe4f684cbb1,cleanroom_20260802T154517Z,1,2026-08-02 15:43:42.759837+00:00,7fcf9127-c016-45df-bdcc-47b3d8625c3e,120,-156,2026-08-02 15:44:05+00:00,b5241658-c7bb-443f-976f-4b44a82d51d1,/Users/jerrystrain/Projects/proppadia/backend/mlb/exports/cleanroom_v1/raw/THE_ODDS_API/2026-08-02/cleanroom_20260802T154517Z/event_42cc8ab6df88e7bec73eafe4f684cbb1.json,fada44aa979f09855e07cd8f4a5ad9b5606ecac46ba41efe0fc7f29ee078f11a,06c8d85dfee3e2c3fad947c5d62ea3f39c721442cd8fad9deeec4f57aad9fee2,SCHEDULE_COHORT_BASELINE,SAME_RUN_FIXED_WINDOW_CONFIRMED_ORDER_TWO_SIDED_EXACT_ID,FORMERLY_LINEUP_ADMITTED,1,LOCAL_ROW_VERIFIED_EXACT,689414,823592,2026-08-02,146,121,False,DH,0,4,4,1,1,0,0,0,1,statsapi,2026-08-03 12:42:12.988997+00:00,True,OFFICIAL_APPEARANCE_RESULT_RECOVERED,STARTED,1,4,4,1,1,0,0,0,1,backend/mlb/exports/cleanroom_v1/bol_tb15/schedule_cohorts/2026-08-02/outcome_sources/game_823592_5990811e440d60480a4241bd4d03f211da0f6d0c6d2664a5dc1a80bde1b23d17.json,5990811e440d60480a4241bd4d03f211da0f6d0c6d2664a5dc1a80bde1b23d17,2026-08-03T13:47:42.490633+00:00,PRESERVED_OFFICIAL_FEED,LOCAL_ROW_VERIFIED_EXACT,
2026-08-02,823592,701807,Carson Benge,New York Mets,Miami Marlins,2026-08-02T17:40:00+00:00,2026-08-02T15:45:53.488523+00:00,114.10852461666667,42cc8ab6df88e7bec73eafe4f684cbb1,cleanroom_20260802T154517Z,4,2026-08-02 15:43:42.759837+00:00,7fcf9127-c016-45df-bdcc-47b3d8625c3e,136,-179,2026-08-02 15:44:05+00:00,b5241658-c7bb-443f-976f-4b44a82d51d1,/Users/jerrystrain/Projects/proppadia/backend/mlb/exports/cleanroom_v1/raw/THE_ODDS_API/2026-08-02/cleanroom_20260802T154517Z/event_42cc8ab6df88e7bec73eafe4f684cbb1.json,fada44aa979f09855e07cd8f4a5ad9b5606ecac46ba41efe0fc7f29ee078f11a,06c8d85dfee3e2c3fad947c5d62ea3f39c721442cd8fad9deeec4f57aad9fee2,SCHEDULE_COHORT_BASELINE,SAME_RUN_FIXED_WINDOW_CONFIRMED_ORDER_TWO_SIDED_EXACT_ID,FORMERLY_LINEUP_ADMITTED,1,LOCAL_ROW_VERIFIED_EXACT,701807,823592,2026-08-02,121,146,True,RF,0,4,3,0,0,0,0,0,0,statsapi,2026-08-03 12:42:12.988997+00:00,True,OFFICIAL_APPEARANCE_RESULT_RECOVERED,STARTED,4,4,3,0,0,0,0,0,0,backend/mlb/exports/cleanroom_v1/bol_tb15/schedule_cohorts/2026-08-02/outcome_sources/game_823592_5990811e440d60480a4241bd4d03f211da0f6d0c6d2664a5dc1a80bde1b23d17.json,5990811e440d60480a4241bd4d03f211da0f6d0c6d2664a5dc1a80bde1b23d17,2026-08-03T13:47:42.490633+00:00,PRESERVED_OFFICIAL_FEED,LOCAL_ROW_VERIFIED_EXACT,
2026-08-02,823592,805300,Jakob Marsee,Miami Marlins,New York Mets,2026-08-02T17:40:00+00:00,2026-08-02T15:45:53.488523+00:00,114.10852461666667,42cc8ab6df88e7bec73eafe4f684cbb1,cleanroom_20260802T154517Z,7,2026-08-02 15:43:42.759837+00:00,7fcf9127-c016-45df-bdcc-47b3d8625c3e,171,-227,2026-08-02 15:44:05+00:00,b5241658-c7bb-443f-976f-4b44a82d51d1,/Users/jerrystrain/Projects/proppadia/backend/mlb/exports/cleanroom_v1/raw/THE_ODDS_API/2026-08-02/cleanroom_20260802T154517Z/event_42cc8ab6df88e7bec73eafe4f684cbb1.json,fada44aa979f09855e07cd8f4a5ad9b5606ecac46ba41efe0fc7f29ee078f11a,06c8d85dfee3e2c3fad947c5d62ea3f39c721442cd8fad9deeec4f57aad9fee2,SCHEDULE_COHORT_BASELINE,SAME_RUN_FIXED_WINDOW_CONFIRMED_ORDER_TWO_SIDED_EXACT_ID,FORMERLY_LINEUP_ADMITTED,1,LOCAL_ROW_VERIFIED_EXACT,805300,823592,2026-08-02,146,121,False,CF,0,0,0,0,0,0,0,0,0,statsapi,2026-08-03 12:42:12.988997+00:00,True,OFFICIAL_ZERO_PA_APPEARANCE_RECOVERED,OTHER_SUBSTITUTE,,0,0,0,0,0,0,0,0,backend/mlb/exports/cleanroom_v1/bol_tb15/schedule_cohorts/2026-08-02/outcome_sources/game_823592_5990811e440d60480a4241bd4d03f211da0f6d0c6d2664a5dc1a80bde1b23d17.json,5990811e440d60480a4241bd4d03f211da0f6d0c6d2664a5dc1a80bde1b23d17,2026-08-03T13:47:42.490633+00:00,PRESERVED_OFFICIAL_FEED,LOCAL_ROW_VERIFIED_EXACT,
2026-08-02,823592,805999,A.J. Ewing,New York Mets,Miami Marlins,2026-08-02T17:40:00+00:00,2026-08-02T15:45:53.488523+00:00,114.10852461666667,42cc8ab6df88e7bec73eafe4f684cbb1,cleanroom_20260802T154517Z,1,2026-08-02 15:43:42.759837+00:00,7fcf9127-c016-45df-bdcc-47b3d8625c3e,134,-175,2026-08-02 15:44:05+00:00,b5241658-c7bb-443f-976f-4b44a82d51d1,/Users/jerrystrain/Projects/proppadia/backend/mlb/exports/cleanroom_v1/raw/THE_ODDS_API/2026-08-02/cleanroom_20260802T154517Z/event_42cc8ab6df88e7bec73eafe4f684cbb1.json,fada44aa979f09855e07cd8f4a5ad9b5606ecac46ba41efe0fc7f29ee078f11a,06c8d85dfee3e2c3fad947c5d62ea3f39c721442cd8fad9deeec4f57aad9fee2,SCHEDULE_COHORT_BASELINE,SAME_RUN_FIXED_WINDOW_CONFIRMED_ORDER_TWO_SIDED_EXACT_ID,FORMERLY_LINEUP_ADMITTED,1,LOCAL_ROW_VERIFIED_EXACT,805999,823592,2026-08-02,121,146,True,LF,0,5,5,0,0,0,0,0,0,statsapi,2026-08-03 12:42:12.988997+00:00,True,OFFICIAL_APPEARANCE_RESULT_RECOVERED,STARTED,1,5,5,0,0,0,0,0,0,backend/mlb/exports/cleanroom_v1/bol_tb15/schedule_cohorts/2026-08-02/outcome_sources/game_823592_5990811e440d60480a4241bd4d03f211da0f6d0c6d2664a5dc1a80bde1b23d17.json,5990811e440d60480a4241bd4d03f211da0f6d0c6d2664a5dc1a80bde1b23d17,2026-08-03T13:47:42.490633+00:00,PRESERVED_OFFICIAL_FEED,LOCAL_ROW_VERIFIED_EXACT,
2026-08-02,824163,592626,Joc Pederson,Texas Rangers,Houston Astros,2026-08-02T18:10:00+00:00,2026-08-02T15:45:53.488523+00:00,144.10852461666667,5df20c738d76a47684394acb9ea9814e,cleanroom_20260802T154517Z,1,2026-08-02 15:45:19.763973+00:00,36ad6328-6c76-4a1f-924c-be4665102b51,171,-227,2026-08-02 15:45:46+00:00,b5241658-c7bb-443f-976f-4b44a82d51d1,/Users/jerrystrain/Projects/proppadia/backend/mlb/exports/cleanroom_v1/raw/THE_ODDS_API/2026-08-02/cleanroom_20260802T154517Z/event_5df20c738d76a47684394acb9ea9814e.json,47636cbd7641a86f5303c326c4cc1d50c730280d0d30975736c50bf4a2fc8a89,7687b60d90cab51dcbbe1d3666abdd0a79ea58f5b7cbd287556c929fd095937c,SCHEDULE_COHORT_BASELINE,SAME_RUN_FIXED_WINDOW_CONFIRMED_ORDER_TWO_SIDED_EXACT_ID,FORMERLY_LINEUP_ADMITTED,1,LOCAL_ROW_VERIFIED_EXACT,592626,824163,2026-08-02,140,117,False,DH,0,3,3,0,0,0,0,0,0,statsapi,2026-08-03 12:42:12.988997+00:00,True,OFFICIAL_APPEARANCE_RESULT_RECOVERED,STARTED,1,3,3,0,0,0,0,0,0,backend/mlb/exports/cleanroom_v1/bol_tb15/schedule_cohorts/2026-08-02/outcome_sources/game_824163_946eb50cdf4de528f54b386cdfdbd0baaceef27d07241b67adb65684ad07d722.json,946eb50cdf4de528f54b386cdfdbd0baaceef27d07241b67adb65684ad07d722,2026-08-03T13:47:42.673841+00:00,PRESERVED_OFFICIAL_FEED,LOCAL_ROW_VERIFIED_EXACT,
2026-08-02,824163,607043,Brandon Nimmo,Texas Rangers,Houston Astros,2026-08-02T18:10:00+00:00,2026-08-02T15:45:53.488523+00:00,144.10852461666667,5df20c738d76a47684394acb9ea9814e,cleanroom_20260802T154517Z,4,2026-08-02 15:45:19.763973+00:00,36ad6328-6c76-4a1f-924c-be4665102b51,152,-200,2026-08-02 15:45:46+00:00,b5241658-c7bb-443f-976f-4b44a82d51d1,/Users/jerrystrain/Projects/proppadia/backend/mlb/exports/cleanroom_v1/raw/THE_ODDS_API/2026-08-02/cleanroom_20260802T154517Z/event_5df20c738d76a47684394acb9ea9814e.json,47636cbd7641a86f5303c326c4cc1d50c730280d0d30975736c50bf4a2fc8a89,7687b60d90cab51dcbbe1d3666abdd0a79ea58f5b7cbd287556c929fd095937c,SCHEDULE_COHORT_BASELINE,SAME_RUN_FIXED_WINDOW_CONFIRMED_ORDER_TWO_SIDED_EXACT_ID,FORMERLY_LINEUP_ADMITTED,1,LOCAL_ROW_VERIFIED_EXACT,607043,824163,2026-08-02,140,117,False,RF,0,4,3,2,1,0,0,1,5,statsapi,2026-08-03 12:42:12.988997+00:00,True,OFFICIAL_APPEARANCE_RESULT_RECOVERED,STARTED,4,4,3,2,1,0,0,1,5,backend/mlb/exports/cleanroom_v1/bol_tb15/schedule_cohorts/2026-08-02/outcome_sources/game_824163_946eb50cdf4de528f54b386cdfdbd0baaceef27d07241b67adb65684ad07d722.json,946eb50cdf4de528f54b386cdfdbd0baaceef27d07241b67adb65684ad07d722,2026-08-03T13:47:42.673841+00:00,PRESERVED_OFFICIAL_FEED,LOCAL_ROW_VERIFIED_EXACT,
2026-08-02,824163,608369,Corey Seager,Texas Rangers,Houston Astros,2026-08-02T18:10:00+00:00,2026-08-02T15:45:53.488523+00:00,144.10852461666667,5df20c738d76a47684394acb9ea9814e,cleanroom_20260802T154517Z,3,2026-08-02 15:45:19.763973+00:00,36ad6328-6c76-4a1f-924c-be4665102b51,144,-189,2026-08-02 15:45:46+00:00,b5241658-c7bb-443f-976f-4b44a82d51d1,/Users/jerrystrain/Projects/proppadia/backend/mlb/exports/cleanroom_v1/raw/THE_ODDS_API/2026-08-02/cleanroom_20260802T154517Z/event_5df20c738d76a47684394acb9ea9814e.json,47636cbd7641a86f5303c326c4cc1d50c730280d0d30975736c50bf4a2fc8a89,7687b60d90cab51dcbbe1d3666abdd0a79ea58f5b7cbd287556c929fd095937c,SCHEDULE_COHORT_BASELINE,SAME_RUN_FIXED_WINDOW_CONFIRMED_ORDER_TWO_SIDED_EXACT_ID,FORMERLY_LINEUP_ADMITTED,1,LOCAL_ROW_VERIFIED_EXACT,608369,824163,2026-08-02,140,117,False,SS,0,4,4,0,0,0,0,0,0,statsapi,2026-08-03 12:42:12.988997+00:00,True,OFFICIAL_APPEARANCE_RESULT_RECOVERED,STARTED,3,4,4,0,0,0,0,0,0,backend/mlb/exports/cleanroom_v1/bol_tb15/schedule_cohorts/2026-08-02/outcome_sources/game_824163_946eb50cdf4de528f54b386cdfdbd0baaceef27d07241b67adb65684ad07d722.json,946eb50cdf4de528f54b386cdfdbd0baaceef27d07241b67adb65684ad07d722,2026-08-03T13:47:42.673841+00:00,PRESERVED_OFFICIAL_FEED,LOCAL_ROW_VERIFIED_EXACT,
2026-08-02,824163,669394,Jake Burger,Texas Rangers,Houston Astros,2026-08-02T18:10:00+00:00,2026-08-02T15:45:53.488523+00:00,144.10852461666667,5df20c738d76a47684394acb9ea9814e,cleanroom_20260802T154517Z,5,2026-08-02 15:45:19.763973+00:00,36ad6328-6c76-4a1f-924c-be4665102b51,141,-185,2026-08-02 15:45:46+00:00,b5241658-c7bb-443f-976f-4b44a82d51d1,/Users/jerrystrain/Projects/proppadia/backend/mlb/exports/cleanroom_v1/raw/THE_ODDS_API/2026-08-02/cleanroom_20260802T154517Z/event_5df20c738d76a47684394acb9ea9814e.json,47636cbd7641a86f5303c326c4cc1d50c730280d0d30975736c50bf4a2fc8a89,7687b60d90cab51dcbbe1d3666abdd0a79ea58f5b7cbd287556c929fd095937c,SCHEDULE_COHORT_BASELINE,SAME_RUN_FIXED_WINDOW_CONFIRMED_ORDER_TWO_SIDED_EXACT_ID,FORMERLY_LINEUP_ADMITTED,1,LOCAL_ROW_VERIFIED_EXACT,669394,824163,2026-08-02,140,117,False,1B,0,4,4,2,2,0,0,0,2,statsapi,2026-08-03 12:42:12.988997+00:00,True,OFFICIAL_APPEARANCE_RESULT_RECOVERED,STARTED,5,4,4,2,2,0,0,0,2,backend/mlb/exports/cleanroom_v1/bol_tb15/schedule_cohorts/2026-08-02/outcome_sources/game_824163_946eb50cdf4de528f54b386cdfdbd0baaceef27d07241b67adb65684ad07d722.json,946eb50cdf4de528f54b386cdfdbd0baaceef27d07241b67adb65684ad07d722,2026-08-03T13:47:42.673841+00:00,PRESERVED_OFFICIAL_FEED,LOCAL_ROW_VERIFIED_EXACT,
2026-08-02,824163,677649,Ezequiel Duran,Texas Rangers,Houston Astros,2026-08-02T18:10:00+00:00,2026-08-02T15:45:53.488523+00:00,144.10852461666667,5df20c738d76a47684394acb9ea9814e,cleanroom_20260802T154517Z,7,2026-08-02 15:45:19.763973+00:00,36ad6328-6c76-4a1f-924c-be4665102b51,174,-233,2026-08-02 15:45:46+00:00,b5241658-c7bb-443f-976f-4b44a82d51d1,/Users/jerrystrain/Projects/proppadia/backend/mlb/exports/cleanroom_v1/raw/THE_ODDS_API/2026-08-02/cleanroom_20260802T154517Z/event_5df20c738d76a47684394acb9ea9814e.json,47636cbd7641a86f5303c326c4cc1d50c730280d0d30975736c50bf4a2fc8a89,7687b60d90cab51dcbbe1d3666abdd0a79ea58f5b7cbd287556c929fd095937c,SCHEDULE_COHORT_BASELINE,SAME_RUN_FIXED_WINDOW_CONFIRMED_ORDER_TWO_SIDED_EXACT_ID,FORMERLY_LINEUP_ADMITTED,1,LOCAL_ROW_VERIFIED_EXACT,677649,824163,2026-08-02,140,117,False,3B,0,4,4,1,1,0,0,0,1,statsapi,2026-08-03 12:42:12.988997+00:00,True,OFFICIAL_APPEARANCE_RESULT_RECOVERED,STARTED,7,4,4,1,1,0,0,0,1,backend/mlb/exports/cleanroom_v1/bol_tb15/schedule_cohorts/2026-08-02/outcome_sources/game_824163_946eb50cdf4de528f54b386cdfdbd0baaceef27d07241b67adb65684ad07d722.json,946eb50cdf4de528f54b386cdfdbd0baaceef27d07241b67adb65684ad07d722,2026-08-03T13:47:42.673841+00:00,PRESERVED_OFFICIAL_FEED,LOCAL_ROW_VERIFIED_EXACT,
2026-08-02,824163,694671,Wyatt Langford,Texas Rangers,Houston Astros,2026-08-02T18:10:00+00:00,2026-08-02T15:45:53.488523+00:00,144.10852461666667,5df20c738d76a47684394acb9ea9814e,cleanroom_20260802T154517Z,2,2026-08-02 15:45:19.763973+00:00,36ad6328-6c76-4a1f-924c-be4665102b51,122,-159,2026-08-02 15:45:46+00:00,b5241658-c7bb-443f-976f-4b44a82d51d1,/Users/jerrystrain/Projects/proppadia/backend/mlb/exports/cleanroom_v1/raw/THE_ODDS_API/2026-08-02/cleanroom_20260802T154517Z/event_5df20c738d76a47684394acb9ea9814e.json,47636cbd7641a86f5303c326c4cc1d50c730280d0d30975736c50bf4a2fc8a89,7687b60d90cab51dcbbe1d3666abdd0a79ea58f5b7cbd287556c929fd095937c,SCHEDULE_COHORT_BASELINE,SAME_RUN_FIXED_WINDOW_CONFIRMED_ORDER_TWO_SIDED_EXACT_ID,FORMERLY_LINEUP_ADMITTED,1,LOCAL_ROW_VERIFIED_EXACT,694671,824163,2026-08-02,140,117,False,LF,0,4,3,0,0,0,0,0,0,statsapi,2026-08-03 12:42:12.988997+00:00,True,OFFICIAL_APPEARANCE_RESULT_RECOVERED,STARTED,2,4,3,0,0,0,0,0,0,backend/mlb/exports/cleanroom_v1/bol_tb15/schedule_cohorts/2026-08-02/outcome_sources/game_824163_946eb50cdf4de528f54b386cdfdbd0baaceef27d07241b67adb65684ad07d722.json,946eb50cdf4de528f54b386cdfdbd0baaceef27d07241b67adb65684ad07d722,2026-08-03T13:47:42.673841+00:00,PRESERVED_OFFICIAL_FEED,LOCAL_ROW_VERIFIED_EXACT,
2026-08-02,824404,606466,Ketel Marte,Arizona Diamondbacks,Cleveland Guardians,2026-08-02T17:40:00+00:00,2026-08-02T15:45:53.488523+00:00,114.10852461666667,93093742f035808566b727b495407df8,cleanroom_20260802T154517Z,4,2026-08-02 15:43:42.774529+00:00,7fcf9127-c016-45df-bdcc-47b3d8625c3e,136,-179,2026-08-02 15:44:50+00:00,b5241658-c7bb-443f-976f-4b44a82d51d1,/Users/jerrystrain/Projects/proppadia/backend/mlb/exports/cleanroom_v1/raw/THE_ODDS_API/2026-08-02/cleanroom_20260802T154517Z/event_93093742f035808566b727b495407df8.json,49744c4c2b17b576701de203a984cdd19351b8aa7fd7c2a24f38ba17b44d2469,6fe5fd447f1bee09a27a4e0c7cc175fddba11d5d5cdc760bafe5d9087d11138e,SCHEDULE_COHORT_BASELINE,SAME_RUN_FIXED_WINDOW_CONFIRMED_ORDER_TWO_SIDED_EXACT_ID,FORMERLY_LINEUP_ADMITTED,1,LOCAL_ROW_VERIFIED_EXACT,606466,824404,2026-08-02,109,114,False,DH,0,4,4,0,0,0,0,0,0,statsapi,2026-08-03 12:42:12.988997+00:00,True,OFFICIAL_APPEARANCE_RESULT_RECOVERED,STARTED,4,4,4,0,0,0,0,0,0,backend/mlb/exports/cleanroom_v1/bol_tb15/schedule_cohorts/2026-08-02/outcome_sources/game_824404_a057921b09fdd88472849e49e44bd292f77ded9b9a9db97ff867265c45b8ba59.json,a057921b09fdd88472849e49e44bd292f77ded9b9a9db97ff867265c45b8ba59,2026-08-03T13:47:42.799675+00:00,PRESERVED_OFFICIAL_FEED,LOCAL_ROW_VERIFIED_EXACT,
2026-08-02,824404,608070,José Ramírez,Cleveland Guardians,Arizona Diamondbacks,2026-08-02T17:40:00+00:00,2026-08-02T15:45:53.488523+00:00,114.10852461666667,93093742f035808566b727b495407df8,cleanroom_20260802T154517Z,2,2026-08-02 15:43:42.774529+00:00,7fcf9127-c016-45df-bdcc-47b3d8625c3e,110,-143,2026-08-02 15:44:50+00:00,b5241658-c7bb-443f-976f-4b44a82d51d1,/Users/jerrystrain/Projects/proppadia/backend/mlb/exports/cleanroom_v1/raw/THE_ODDS_API/2026-08-02/cleanroom_20260802T154517Z/event_93093742f035808566b727b495407df8.json,49744c4c2b17b576701de203a984cdd19351b8aa7fd7c2a24f38ba17b44d2469,6fe5fd447f1bee09a27a4e0c7cc175fddba11d5d5cdc760bafe5d9087d11138e,SCHEDULE_COHORT_BASELINE,SAME_RUN_FIXED_WINDOW_CONFIRMED_ORDER_TWO_SIDED_EXACT_ID,FORMERLY_LINEUP_ADMITTED,1,LOCAL_ROW_VERIFIED_EXACT,608070,824404,2026-08-02,114,109,True,DH,0,4,4,1,1,0,0,0,1,statsapi,2026-08-03 12:42:12.988997+00:00,True,OFFICIAL_APPEARANCE_RESULT_RECOVERED,STARTED,2,4,4,1,1,0,0,0,1,backend/mlb/exports/cleanroom_v1/bol_tb15/schedule_cohorts/2026-08-02/outcome_sources/game_824404_a057921b09fdd88472849e49e44bd292f77ded9b9a9db97ff867265c45b8ba59.json,a057921b09fdd88472849e49e44bd292f77ded9b9a9db97ff867265c45b8ba59,2026-08-03T13:47:42.799675+00:00,PRESERVED_OFFICIAL_FEED,LOCAL_ROW_VERIFIED_EXACT,
2026-08-02,824404,672515,Gabriel Moreno,Arizona Diamondbacks,Cleveland Guardians,2026-08-02T17:40:00+00:00,2026-08-02T15:45:53.488523+00:00,114.10852461666667,93093742f035808566b727b495407df8,cleanroom_20260802T154517Z,3,2026-08-02 15:43:42.774529+00:00,7fcf9127-c016-45df-bdcc-47b3d8625c3e,164,-217,2026-08-02 15:44:50+00:00,b5241658-c7bb-443f-976f-4b44a82d51d1,/Users/jerrystrain/Projects/proppadia/backend/mlb/exports/cleanroom_v1/raw/THE_ODDS_API/2026-08-02/cleanroom_20260802T154517Z/event_93093742f035808566b727b495407df8.json,49744c4c2b17b576701de203a984cdd19351b8aa7fd7c2a24f38ba17b44d2469,6fe5fd447f1bee09a27a4e0c7cc175fddba11d5d5cdc760bafe5d9087d11138e,SCHEDULE_COHORT_BASELINE,SAME_RUN_FIXED_WINDOW_CONFIRMED_ORDER_TWO_SIDED_EXACT_ID,FORMERLY_LINEUP_ADMITTED,1,LOCAL_ROW_VERIFIED_EXACT,672515,824404,2026-08-02,109,114,False,C,0,4,4,0,0,0,0,0,0,statsapi,2026-08-03 12:42:12.988997+00:00,True,OFFICIAL_APPEARANCE_RESULT_RECOVERED,STARTED,3,4,4,0,0,0,0,0,0,backend/mlb/exports/cleanroom_v1/bol_tb15/schedule_cohorts/2026-08-02/outcome_sources/game_824404_a057921b09fdd88472849e49e44bd292f77ded9b9a9db97ff867265c45b8ba59.json,a057921b09fdd88472849e49e44bd292f77ded9b9a9db97ff867265c45b8ba59,2026-08-03T13:47:42.799675+00:00,PRESERVED_OFFICIAL_FEED,LOCAL_ROW_VERIFIED_EXACT,
2026-08-02,824404,672695,Geraldo Perdomo,Arizona Diamondbacks,Cleveland Guardians,2026-08-02T17:40:00+00:00,2026-08-02T15:45:53.488523+00:00,114.10852461666667,93093742f035808566b727b495407df8,cleanroom_20260802T154517Z,2,2026-08-02 15:43:42.774529+00:00,7fcf9127-c016-45df-bdcc-47b3d8625c3e,182,-244,2026-08-02 15:44:50+00:00,b5241658-c7bb-443f-976f-4b44a82d51d1,/Users/jerrystrain/Projects/proppadia/backend/mlb/exports/cleanroom_v1/raw/THE_ODDS_API/2026-08-02/cleanroom_20260802T154517Z/event_93093742f035808566b727b495407df8.json,49744c4c2b17b576701de203a984cdd19351b8aa7fd7c2a24f38ba17b44d2469,6fe5fd447f1bee09a27a4e0c7cc175fddba11d5d5cdc760bafe5d9087d11138e,SCHEDULE_COHORT_BASELINE,SAME_RUN_FIXED_WINDOW_CONFIRMED_ORDER_TWO_SIDED_EXACT_ID,FORMERLY_LINEUP_ADMITTED,1,LOCAL_ROW_VERIFIED_EXACT,672695,824404,2026-08-02,109,114,False,SS,0,4,3,1,1,0,0,0,1,statsapi,2026-08-03 12:42:12.988997+00:00,True,OFFICIAL_APPEARANCE_RESULT_RECOVERED,STARTED,2,4,3,1,1,0,0,0,1,backend/mlb/exports/cleanroom_v1/bol_tb15/schedule_cohorts/2026-08-02/outcome_sources/game_824404_a057921b09fdd88472849e49e44bd292f77ded9b9a9db97ff867265c45b8ba59.json,a057921b09fdd88472849e49e44bd292f77ded9b9a9db97ff867265c45b8ba59,2026-08-03T13:47:42.799675+00:00,PRESERVED_OFFICIAL_FEED,LOCAL_ROW_VERIFIED_EXACT,
2026-08-02,824404,677587,Brayan Rocchio,Cleveland Guardians,Arizona Diamondbacks,2026-08-02T17:40:00+00:00,2026-08-02T15:45:53.488523+00:00,114.10852461666667,93093742f035808566b727b495407df8,cleanroom_20260802T154517Z,6,2026-08-02 15:43:42.774529+00:00,7fcf9127-c016-45df-bdcc-47b3d8625c3e,155,-204,2026-08-02 15:44:50+00:00,b5241658-c7bb-443f-976f-4b44a82d51d1,/Users/jerrystrain/Projects/proppadia/backend/mlb/exports/cleanroom_v1/raw/THE_ODDS_API/2026-08-02/cleanroom_20260802T154517Z/event_93093742f035808566b727b495407df8.json,49744c4c2b17b576701de203a984cdd19351b8aa7fd7c2a24f38ba17b44d2469,6fe5fd447f1bee09a27a4e0c7cc175fddba11d5d5cdc760bafe5d9087d11138e,SCHEDULE_COHORT_BASELINE,SAME_RUN_FIXED_WINDOW_CONFIRMED_ORDER_TWO_SIDED_EXACT_ID,FORMERLY_LINEUP_ADMITTED,1,LOCAL_ROW_VERIFIED_EXACT,677587,824404,2026-08-02,114,109,True,SS,0,4,4,0,0,0,0,0,0,statsapi,2026-08-03 12:42:12.988997+00:00,True,OFFICIAL_APPEARANCE_RESULT_RECOVERED,STARTED,6,4,4,0,0,0,0,0,0,backend/mlb/exports/cleanroom_v1/bol_tb15/schedule_cohorts/2026-08-02/outcome_sources/game_824404_a057921b09fdd88472849e49e44bd292f77ded9b9a9db97ff867265c45b8ba59.json,a057921b09fdd88472849e49e44bd292f77ded9b9a9db97ff867265c45b8ba59,2026-08-03T13:47:42.799675+00:00,PRESERVED_OFFICIAL_FEED,LOCAL_ROW_VERIFIED_EXACT,
2026-08-02,824404,680757,Steven Kwan,Cleveland Guardians,Arizona Diamondbacks,2026-08-02T17:40:00+00:00,2026-08-02T15:45:53.488523+00:00,114.10852461666667,93093742f035808566b727b495407df8,cleanroom_20260802T154517Z,1,2026-08-02 15:43:42.774529+00:00,7fcf9127-c016-45df-bdcc-47b3d8625c3e,136,-179,2026-08-02 15:44:50+00:00,b5241658-c7bb-443f-976f-4b44a82d51d1,/Users/jerrystrain/Projects/proppadia/backend/mlb/exports/cleanroom_v1/raw/THE_ODDS_API/2026-08-02/cleanroom_20260802T154517Z/event_93093742f035808566b727b495407df8.json,49744c4c2b17b576701de203a984cdd19351b8aa7fd7c2a24f38ba17b44d2469,6fe5fd447f1bee09a27a4e0c7cc175fddba11d5d5cdc760bafe5d9087d11138e,SCHEDULE_COHORT_BASELINE,SAME_RUN_FIXED_WINDOW_CONFIRMED_ORDER_TWO_SIDED_EXACT_ID,FORMERLY_LINEUP_ADMITTED,1,LOCAL_ROW_VERIFIED_EXACT,680757,824404,2026-08-02,114,109,True,LF,0,4,2,1,1,0,0,0,1,statsapi,2026-08-03 12:42:12.988997+00:00,True,OFFICIAL_APPEARANCE_RESULT_RECOVERED,STARTED,1,4,2,1,1,0,0,0,1,backend/mlb/exports/cleanroom_v1/bol_tb15/schedule_cohorts/2026-08-02/outcome_sources/game_824404_a057921b09fdd88472849e49e44bd292f77ded9b9a9db97ff867265c45b8ba59.json,a057921b09fdd88472849e49e44bd292f77ded9b9a9db97ff867265c45b8ba59,2026-08-03T13:47:42.799675+00:00,PRESERVED_OFFICIAL_FEED,LOCAL_ROW_VERIFIED_EXACT,
2026-08-02,824404,682998,Corbin Carroll,Arizona Diamondbacks,Cleveland Guardians,2026-08-02T17:40:00+00:00,2026-08-02T15:45:53.488523+00:00,114.10852461666667,93093742f035808566b727b495407df8,cleanroom_20260802T154517Z,1,2026-08-02 15:43:42.774529+00:00,7fcf9127-c016-45df-bdcc-47b3d8625c3e,126,-164,2026-08-02 15:44:50+00:00,b5241658-c7bb-443f-976f-4b44a82d51d1,/Users/jerrystrain/Projects/proppadia/backend/mlb/exports/cleanroom_v1/raw/THE_ODDS_API/2026-08-02/cleanroom_20260802T154517Z/event_93093742f035808566b727b495407df8.json,49744c4c2b17b576701de203a984cdd19351b8aa7fd7c2a24f38ba17b44d2469,6fe5fd447f1bee09a27a4e0c7cc175fddba11d5d5cdc760bafe5d9087d11138e,SCHEDULE_COHORT_BASELINE,SAME_RUN_FIXED_WINDOW_CONFIRMED_ORDER_TWO_SIDED_EXACT_ID,FORMERLY_LINEUP_ADMITTED,1,LOCAL_ROW_VERIFIED_EXACT,682998,824404,2026-08-02,109,114,False,RF,0,4,3,0,0,0,0,0,0,statsapi,2026-08-03 12:42:12.988997+00:00,True,OFFICIAL_APPEARANCE_RESULT_RECOVERED,STARTED,1,4,3,0,0,0,0,0,0,backend/mlb/exports/cleanroom_v1/bol_tb15/schedule_cohorts/2026-08-02/outcome_sources/game_824404_a057921b09fdd88472849e49e44bd292f77ded9b9a9db97ff867265c45b8ba59.json,a057921b09fdd88472849e49e44bd292f77ded9b9a9db97ff867265c45b8ba59,2026-08-03T13:47:42.799675+00:00,PRESERVED_OFFICIAL_FEED,LOCAL_ROW_VERIFIED_EXACT,
2026-08-02,824404,683953,Travis Bazzana,Cleveland Guardians,Arizona Diamondbacks,2026-08-02T17:40:00+00:00,2026-08-02T15:45:53.488523+00:00,114.10852461666667,93093742f035808566b727b495407df8,cleanroom_20260802T154517Z,4,2026-08-02 15:43:42.774529+00:00,7fcf9127-c016-45df-bdcc-47b3d8625c3e,136,-179,2026-08-02 15:44:50+00:00,b5241658-c7bb-443f-976f-4b44a82d51d1,/Users/jerrystrain/Projects/proppadia/backend/mlb/exports/cleanroom_v1/raw/THE_ODDS_API/2026-08-02/cleanroom_20260802T154517Z/event_93093742f035808566b727b495407df8.json,49744c4c2b17b576701de203a984cdd19351b8aa7fd7c2a24f38ba17b44d2469,6fe5fd447f1bee09a27a4e0c7cc175fddba11d5d5cdc760bafe5d9087d11138e,SCHEDULE_COHORT_BASELINE,SAME_RUN_FIXED_WINDOW_CONFIRMED_ORDER_TWO_SIDED_EXACT_ID,FORMERLY_LINEUP_ADMITTED,1,LOCAL_ROW_VERIFIED_EXACT,683953,824404,2026-08-02,114,109,True,2B,0,4,2,1,1,0,0,0,1,statsapi,2026-08-03 12:42:12.988997+00:00,True,OFFICIAL_APPEARANCE_RESULT_RECOVERED,STARTED,4,4,2,1,1,0,0,0,1,backend/mlb/exports/cleanroom_v1/bol_tb15/schedule_cohorts/2026-08-02/outcome_sources/game_824404_a057921b09fdd88472849e49e44bd292f77ded9b9a9db97ff867265c45b8ba59.json,a057921b09fdd88472849e49e44bd292f77ded9b9a9db97ff867265c45b8ba59,2026-08-03T13:47:42.799675+00:00,PRESERVED_OFFICIAL_FEED,LOCAL_ROW_VERIFIED_EXACT,
2026-08-02,824404,700932,Kyle Manzardo,Cleveland Guardians,Arizona Diamondbacks,2026-08-02T17:40:00+00:00,2026-08-02T15:45:53.488523+00:00,114.10852461666667,93093742f035808566b727b495407df8,cleanroom_20260802T154517Z,5,2026-08-02 15:43:42.774529+00:00,7fcf9127-c016-45df-bdcc-47b3d8625c3e,158,-208,2026-08-02 15:44:50+00:00,b5241658-c7bb-443f-976f-4b44a82d51d1,/Users/jerrystrain/Projects/proppadia/backend/mlb/exports/cleanroom_v1/raw/THE_ODDS_API/2026-08-02/cleanroom_20260802T154517Z/event_93093742f035808566b727b495407df8.json,49744c4c2b17b576701de203a984cdd19351b8aa7fd7c2a24f38ba17b44d2469,6fe5fd447f1bee09a27a4e0c7cc175fddba11d5d5cdc760bafe5d9087d11138e,SCHEDULE_COHORT_BASELINE,SAME_RUN_FIXED_WINDOW_CONFIRMED_ORDER_TWO_SIDED_EXACT_ID,FORMERLY_LINEUP_ADMITTED,1,LOCAL_ROW_VERIFIED_EXACT,700932,824404,2026-08-02,114,109,True,1B,0,4,4,1,1,0,0,0,1,statsapi,2026-08-03 12:42:12.988997+00:00,True,OFFICIAL_APPEARANCE_RESULT_RECOVERED,STARTED,5,4,4,1,1,0,0,0,1,backend/mlb/exports/cleanroom_v1/bol_tb15/schedule_cohorts/2026-08-02/outcome_sources/game_824404_a057921b09fdd88472849e49e44bd292f77ded9b9a9db97ff867265c45b8ba59.json,a057921b09fdd88472849e49e44bd292f77ded9b9a9db97ff867265c45b8ba59,2026-08-03T13:47:42.799675+00:00,PRESERVED_OFFICIAL_FEED,LOCAL_ROW_VERIFIED_EXACT,
2026-08-02,824404,800050,Chase DeLauter,Cleveland Guardians,Arizona Diamondbacks,2026-08-02T17:40:00+00:00,2026-08-02T15:45:53.488523+00:00,114.10852461666667,93093742f035808566b727b495407df8,cleanroom_20260802T154517Z,3,2026-08-02 15:43:42.774529+00:00,7fcf9127-c016-45df-bdcc-47b3d8625c3e,126,-164,2026-08-02 15:44:50+00:00,b5241658-c7bb-443f-976f-4b44a82d51d1,/Users/jerrystrain/Projects/proppadia/backend/mlb/exports/cleanroom_v1/raw/THE_ODDS_API/2026-08-02/cleanroom_20260802T154517Z/event_93093742f035808566b727b495407df8.json,49744c4c2b17b576701de203a984cdd19351b8aa7fd7c2a24f38ba17b44d2469,6fe5fd447f1bee09a27a4e0c7cc175fddba11d5d5cdc760bafe5d9087d11138e,SCHEDULE_COHORT_BASELINE,SAME_RUN_FIXED_WINDOW_CONFIRMED_ORDER_TWO_SIDED_EXACT_ID,FORMERLY_LINEUP_ADMITTED,1,LOCAL_ROW_VERIFIED_EXACT,800050,824404,2026-08-02,114,109,True,RF,0,4,4,2,1,1,0,0,3,statsapi,2026-08-03 12:42:12.988997+00:00,True,OFFICIAL_APPEARANCE_RESULT_RECOVERED,STARTED,3,4,4,2,1,1,0,0,3,backend/mlb/exports/cleanroom_v1/bol_tb15/schedule_cohorts/2026-08-02/outcome_sources/game_824404_a057921b09fdd88472849e49e44bd292f77ded9b9a9db97ff867265c45b8ba59.json,a057921b09fdd88472849e49e44bd292f77ded9b9a9db97ff867265c45b8ba59,2026-08-03T13:47:42.799675+00:00,PRESERVED_OFFICIAL_FEED,LOCAL_ROW_VERIFIED_EXACT,
2026-08-02,824483,663886,Tyler Stephenson,Cincinnati Reds,Pittsburgh Pirates,2026-08-02T17:40:00+00:00,2026-08-02T15:45:53.488523+00:00,114.10852461666667,65c026b0a2fdad67a6ebb83ff414a011,cleanroom_20260802T154517Z,4,2026-08-02 15:45:19.536617+00:00,36ad6328-6c76-4a1f-924c-be4665102b51,146,-192,2026-08-02 15:45:34+00:00,b5241658-c7bb-443f-976f-4b44a82d51d1,/Users/jerrystrain/Projects/proppadia/backend/mlb/exports/cleanroom_v1/raw/THE_ODDS_API/2026-08-02/cleanroom_20260802T154517Z/event_65c026b0a2fdad67a6ebb83ff414a011.json,9d9f2c51a0f15dff9a5a38e18026d5bab8aa1b56f1bbd0a4e75749f0d29a990f,56658e2082af369f33cbbce5b048933be8bbc45ab4ba77e136636ee87ebaffff,SCHEDULE_COHORT_BASELINE,SAME_RUN_FIXED_WINDOW_CONFIRMED_ORDER_TWO_SIDED_EXACT_ID,FORMERLY_LINEUP_ADMITTED,1,LOCAL_ROW_VERIFIED_EXACT,663886,824483,2026-08-02,113,134,True,C,0,5,4,2,0,1,0,1,6,statsapi,2026-08-03 12:42:12.988997+00:00,True,OFFICIAL_APPEARANCE_RESULT_RECOVERED,STARTED,4,5,4,2,0,1,0,1,6,backend/mlb/exports/cleanroom_v1/bol_tb15/schedule_cohorts/2026-08-02/outcome_sources/game_824483_cf852e14e00a7f25c0101af22aa07d30e1f7de23130aef478f5cf65abf70d496.json,cf852e14e00a7f25c0101af22aa07d30e1f7de23130aef478f5cf65abf70d496,2026-08-03T13:47:42.919848+00:00,PRESERVED_OFFICIAL_FEED,LOCAL_ROW_VERIFIED_EXACT,
2026-08-02,824483,663968,Jake Mangum,Pittsburgh Pirates,Cincinnati Reds,2026-08-02T17:40:00+00:00,2026-08-02T15:45:53.488523+00:00,114.10852461666667,65c026b0a2fdad67a6ebb83ff414a011,cleanroom_20260802T154517Z,1,2026-08-02 15:45:19.536617+00:00,36ad6328-6c76-4a1f-924c-be4665102b51,132,-172,2026-08-02 15:45:34+00:00,b5241658-c7bb-443f-976f-4b44a82d51d1,/Users/jerrystrain/Projects/proppadia/backend/mlb/exports/cleanroom_v1/raw/THE_ODDS_API/2026-08-02/cleanroom_20260802T154517Z/event_65c026b0a2fdad67a6ebb83ff414a011.json,9d9f2c51a0f15dff9a5a38e18026d5bab8aa1b56f1bbd0a4e75749f0d29a990f,56658e2082af369f33cbbce5b048933be8bbc45ab4ba77e136636ee87ebaffff,SCHEDULE_COHORT_BASELINE,SAME_RUN_FIXED_WINDOW_CONFIRMED_ORDER_TWO_SIDED_EXACT_ID,FORMERLY_LINEUP_ADMITTED,1,LOCAL_ROW_VERIFIED_EXACT,663968,824483,2026-08-02,134,113,False,LF,0,4,2,0,0,0,0,0,0,statsapi,2026-08-03 12:42:12.988997+00:00,True,OFFICIAL_APPEARANCE_RESULT_RECOVERED,STARTED,1,4,2,0,0,0,0,0,0,backend/mlb/exports/cleanroom_v1/bol_tb15/schedule_cohorts/2026-08-02/outcome_sources/game_824483_cf852e14e00a7f25c0101af22aa07d30e1f7de23130aef478f5cf65abf70d496.json,cf852e14e00a7f25c0101af22aa07d30e1f7de23130aef478f5cf65abf70d496,2026-08-03T13:47:42.919848+00:00,PRESERVED_OFFICIAL_FEED,LOCAL_ROW_VERIFIED_EXACT,
2026-08-02,824483,663993,Nathaniel Lowe,Cincinnati Reds,Pittsburgh Pirates,2026-08-02T17:40:00+00:00,2026-08-02T15:45:53.488523+00:00,114.10852461666667,65c026b0a2fdad67a6ebb83ff414a011,cleanroom_20260802T154517Z,5,2026-08-02 15:45:19.536617+00:00,36ad6328-6c76-4a1f-924c-be4665102b51,146,-192,2026-08-02 15:45:34+00:00,b5241658-c7bb-443f-976f-4b44a82d51d1,/Users/jerrystrain/Projects/proppadia/backend/mlb/exports/cleanroom_v1/raw/THE_ODDS_API/2026-08-02/cleanroom_20260802T154517Z/event_65c026b0a2fdad67a6ebb83ff414a011.json,9d9f2c51a0f15dff9a5a38e18026d5bab8aa1b56f1bbd0a4e75749f0d29a990f,56658e2082af369f33cbbce5b048933be8bbc45ab4ba77e136636ee87ebaffff,SCHEDULE_COHORT_BASELINE,SAME_RUN_FIXED_WINDOW_CONFIRMED_ORDER_TWO_SIDED_EXACT_ID,FORMERLY_LINEUP_ADMITTED,1,LOCAL_ROW_VERIFIED_EXACT,663993,824483,2026-08-02,113,134,True,DH,0,5,4,3,1,2,0,0,5,statsapi,2026-08-03 12:42:12.988997+00:00,True,OFFICIAL_APPEARANCE_RESULT_RECOVERED,STARTED,5,5,4,3,1,2,0,0,5,backend/mlb/exports/cleanroom_v1/bol_tb15/schedule_cohorts/2026-08-02/outcome_sources/game_824483_cf852e14e00a7f25c0101af22aa07d30e1f7de23130aef478f5cf65abf70d496.json,cf852e14e00a7f25c0101af22aa07d30e1f7de23130aef478f5cf65abf70d496,2026-08-03T13:47:42.919848+00:00,PRESERVED_OFFICIAL_FEED,LOCAL_ROW_VERIFIED_EXACT,
2026-08-02,824483,664040,Brandon Lowe,Pittsburgh Pirates,Cincinnati Reds,2026-08-02T17:40:00+00:00,2026-08-02T15:45:53.488523+00:00,114.10852461666667,65c026b0a2fdad67a6ebb83ff414a011,cleanroom_20260802T154517Z,2,2026-08-02 15:45:19.536617+00:00,36ad6328-6c76-4a1f-924c-be4665102b51,118,-154,2026-08-02 15:45:34+00:00,b5241658-c7bb-443f-976f-4b44a82d51d1,/Users/jerrystrain/Projects/proppadia/backend/mlb/exports/cleanroom_v1/raw/THE_ODDS_API/2026-08-02/cleanroom_20260802T154517Z/event_65c026b0a2fdad67a6ebb83ff414a011.json,9d9f2c51a0f15dff9a5a38e18026d5bab8aa1b56f1bbd0a4e75749f0d29a990f,56658e2082af369f33cbbce5b048933be8bbc45ab4ba77e136636ee87ebaffff,SCHEDULE_COHORT_BASELINE,SAME_RUN_FIXED_WINDOW_CONFIRMED_ORDER_TWO_SIDED_EXACT_ID,FORMERLY_LINEUP_ADMITTED,1,LOCAL_ROW_VERIFIED_EXACT,664040,824483,2026-08-02,134,113,False,2B,0,3,3,0,0,0,0,0,0,statsapi,2026-08-03 12:42:12.988997+00:00,True,OFFICIAL_APPEARANCE_RESULT_RECOVERED,STARTED,2,3,3,0,0,0,0,0,0,backend/mlb/exports/cleanroom_v1/bol_tb15/schedule_cohorts/2026-08-02/outcome_sources/game_824483_cf852e14e00a7f25c0101af22aa07d30e1f7de23130aef478f5cf65abf70d496.json,cf852e14e00a7f25c0101af22aa07d30e1f7de23130aef478f5cf65abf70d496,2026-08-03T13:47:42.919848+00:00,PRESERVED_OFFICIAL_FEED,LOCAL_ROW_VERIFIED_EXACT,
2026-08-02,824483,668709,JJ Bleday,Cincinnati Reds,Pittsburgh Pirates,2026-08-02T17:40:00+00:00,2026-08-02T15:45:53.488523+00:00,114.10852461666667,65c026b0a2fdad67a6ebb83ff414a011,cleanroom_20260802T154517Z,3,2026-08-02 15:45:19.536617+00:00,36ad6328-6c76-4a1f-924c-be4665102b51,115,-149,2026-08-02 15:45:34+00:00,b5241658-c7bb-443f-976f-4b44a82d51d1,/Users/jerrystrain/Projects/proppadia/backend/mlb/exports/cleanroom_v1/raw/THE_ODDS_API/2026-08-02/cleanroom_20260802T154517Z/event_65c026b0a2fdad67a6ebb83ff414a011.json,9d9f2c51a0f15dff9a5a38e18026d5bab8aa1b56f1bbd0a4e75749f0d29a990f,56658e2082af369f33cbbce5b048933be8bbc45ab4ba77e136636ee87ebaffff,SCHEDULE_COHORT_BASELINE,SAME_RUN_FIXED_WINDOW_CONFIRMED_ORDER_TWO_SIDED_EXACT_ID,FORMERLY_LINEUP_ADMITTED,1,LOCAL_ROW_VERIFIED_EXACT,668709,824483,2026-08-02,113,134,True,LF,0,5,3,1,1,0,0,0,1,statsapi,2026-08-03 12:42:12.988997+00:00,True,OFFICIAL_APPEARANCE_RESULT_RECOVERED,STARTED,3,5,3,1,1,0,0,0,1,backend/mlb/exports/cleanroom_v1/bol_tb15/schedule_cohorts/2026-08-02/outcome_sources/game_824483_cf852e14e00a7f25c0101af22aa07d30e1f7de23130aef478f5cf65abf70d496.json,cf852e14e00a7f25c0101af22aa07d30e1f7de23130aef478f5cf65abf70d496,2026-08-03T13:47:42.919848+00:00,PRESERVED_OFFICIAL_FEED,LOCAL_ROW_VERIFIED_EXACT,
2026-08-02,824483,668804,Bryan Reynolds,Pittsburgh Pirates,Cincinnati Reds,2026-08-02T17:40:00+00:00,2026-08-02T15:45:53.488523+00:00,114.10852461666667,65c026b0a2fdad67a6ebb83ff414a011,cleanroom_20260802T154517Z,3,2026-08-02 15:45:19.536617+00:00,36ad6328-6c76-4a1f-924c-be4665102b51,132,-172,2026-08-02 15:45:34+00:00,b5241658-c7bb-443f-976f-4b44a82d51d1,/Users/jerrystrain/Projects/proppadia/backend/mlb/exports/cleanroom_v1/raw/THE_ODDS_API/2026-08-02/cleanroom_20260802T154517Z/event_65c026b0a2fdad67a6ebb83ff414a011.json,9d9f2c51a0f15dff9a5a38e18026d5bab8aa1b56f1bbd0a4e75749f0d29a990f,56658e2082af369f33cbbce5b048933be8bbc45ab4ba77e136636ee87ebaffff,SCHEDULE_COHORT_BASELINE,SAME_RUN_FIXED_WINDOW_CONFIRMED_ORDER_TWO_SIDED_EXACT_ID,FORMERLY_LINEUP_ADMITTED,1,LOCAL_ROW_VERIFIED_EXACT,668804,824483,2026-08-02,134,113,False,DH,0,4,3,1,1,0,0,0,1,statsapi,2026-08-03 12:42:12.988997+00:00,True,OFFICIAL_APPEARANCE_RESULT_RECOVERED,STARTED,3,4,3,1,1,0,0,0,1,backend/mlb/exports/cleanroom_v1/bol_tb15/schedule_cohorts/2026-08-02/outcome_sources/game_824483_cf852e14e00a7f25c0101af22aa07d30e1f7de23130aef478f5cf65abf70d496.json,cf852e14e00a7f25c0101af22aa07d30e1f7de23130aef478f5cf65abf70d496,2026-08-03T13:47:42.919848+00:00,PRESERVED_OFFICIAL_FEED,LOCAL_ROW_VERIFIED_EXACT,
2026-08-02,824483,682622,Noelvi Marte,Cincinnati Reds,Pittsburgh Pirates,2026-08-02T17:40:00+00:00,2026-08-02T15:45:53.488523+00:00,114.10852461666667,65c026b0a2fdad67a6ebb83ff414a011,cleanroom_20260802T154517Z,7,2026-08-02 15:45:19.536617+00:00,36ad6328-6c76-4a1f-924c-be4665102b51,178,-238,2026-08-02 15:45:34+00:00,b5241658-c7bb-443f-976f-4b44a82d51d1,/Users/jerrystrain/Projects/proppadia/backend/mlb/exports/cleanroom_v1/raw/THE_ODDS_API/2026-08-02/cleanroom_20260802T154517Z/event_65c026b0a2fdad67a6ebb83ff414a011.json,9d9f2c51a0f15dff9a5a38e18026d5bab8aa1b56f1bbd0a4e75749f0d29a990f,56658e2082af369f33cbbce5b048933be8bbc45ab4ba77e136636ee87ebaffff,SCHEDULE_COHORT_BASELINE,SAME_RUN_FIXED_WINDOW_CONFIRMED_ORDER_TWO_SIDED_EXACT_ID,FORMERLY_LINEUP_ADMITTED,1,LOCAL_ROW_VERIFIED_EXACT,682622,824483,2026-08-02,113,134,True,RF,0,4,3,0,0,0,0,0,0,statsapi,2026-08-03 12:42:12.988997+00:00,True,OFFICIAL_APPEARANCE_RESULT_RECOVERED,STARTED,7,4,3,0,0,0,0,0,0,backend/mlb/exports/cleanroom_v1/bol_tb15/schedule_cohorts/2026-08-02/outcome_sources/game_824483_cf852e14e00a7f25c0101af22aa07d30e1f7de23130aef478f5cf65abf70d496.json,cf852e14e00a7f25c0101af22aa07d30e1f7de23130aef478f5cf65abf70d496,2026-08-03T13:47:42.919848+00:00,PRESERVED_OFFICIAL_FEED,LOCAL_ROW_VERIFIED_EXACT,
2026-08-02,824483,682829,Elly De La Cruz,Cincinnati Reds,Pittsburgh Pirates,2026-08-02T17:40:00+00:00,2026-08-02T15:45:53.488523+00:00,114.10852461666667,65c026b0a2fdad67a6ebb83ff414a011,cleanroom_20260802T154517Z,1,2026-08-02 15:45:19.536617+00:00,36ad6328-6c76-4a1f-924c-be4665102b51,-106,-122,2026-08-02 15:45:34+00:00,b5241658-c7bb-443f-976f-4b44a82d51d1,/Users/jerrystrain/Projects/proppadia/backend/mlb/exports/cleanroom_v1/raw/THE_ODDS_API/2026-08-02/cleanroom_20260802T154517Z/event_65c026b0a2fdad67a6ebb83ff414a011.json,9d9f2c51a0f15dff9a5a38e18026d5bab8aa1b56f1bbd0a4e75749f0d29a990f,56658e2082af369f33cbbce5b048933be8bbc45ab4ba77e136636ee87ebaffff,SCHEDULE_COHORT_BASELINE,SAME_RUN_FIXED_WINDOW_CONFIRMED_ORDER_TWO_SIDED_EXACT_ID,FORMERLY_LINEUP_ADMITTED,1,LOCAL_ROW_VERIFIED_EXACT,682829,824483,2026-08-02,113,134,True,SS,0,5,4,1,1,0,0,0,1,statsapi,2026-08-03 12:42:12.988997+00:00,True,OFFICIAL_APPEARANCE_RESULT_RECOVERED,STARTED,1,5,4,1,1,0,0,0,1,backend/mlb/exports/cleanroom_v1/bol_tb15/schedule_cohorts/2026-08-02/outcome_sources/game_824483_cf852e14e00a7f25c0101af22aa07d30e1f7de23130aef478f5cf65abf70d496.json,cf852e14e00a7f25c0101af22aa07d30e1f7de23130aef478f5cf65abf70d496,2026-08-03T13:47:42.919848+00:00,PRESERVED_OFFICIAL_FEED,LOCAL_ROW_VERIFIED_EXACT,
2026-08-02,824483,682848,Endy Rodríguez,Pittsburgh Pirates,Cincinnati Reds,2026-08-02T17:40:00+00:00,2026-08-02T15:45:53.488523+00:00,114.10852461666667,65c026b0a2fdad67a6ebb83ff414a011,cleanroom_20260802T154517Z,7,2026-08-02 15:45:19.536617+00:00,36ad6328-6c76-4a1f-924c-be4665102b51,164,-217,2026-08-02 15:45:34+00:00,b5241658-c7bb-443f-976f-4b44a82d51d1,/Users/jerrystrain/Projects/proppadia/backend/mlb/exports/cleanroom_v1/raw/THE_ODDS_API/2026-08-02/cleanroom_20260802T154517Z/event_65c026b0a2fdad67a6ebb83ff414a011.json,9d9f2c51a0f15dff9a5a38e18026d5bab8aa1b56f1bbd0a4e75749f0d29a990f,56658e2082af369f33cbbce5b048933be8bbc45ab4ba77e136636ee87ebaffff,SCHEDULE_COHORT_BASELINE,SAME_RUN_FIXED_WINDOW_CONFIRMED_ORDER_TWO_SIDED_EXACT_ID,FORMERLY_LINEUP_ADMITTED,1,LOCAL_ROW_VERIFIED_EXACT,682848,824483,2026-08-02,134,113,False,C,0,4,4,0,0,0,0,0,0,statsapi,2026-08-03 12:42:12.988997+00:00,True,OFFICIAL_APPEARANCE_RESULT_RECOVERED,STARTED,7,4,4,0,0,0,0,0,0,backend/mlb/exports/cleanroom_v1/bol_tb15/schedule_cohorts/2026-08-02/outcome_sources/game_824483_cf852e14e00a7f25c0101af22aa07d30e1f7de23130aef478f5cf65abf70d496.json,cf852e14e00a7f25c0101af22aa07d30e1f7de23130aef478f5cf65abf70d496,2026-08-03T13:47:42.919848+00:00,PRESERVED_OFFICIAL_FEED,LOCAL_ROW_VERIFIED_EXACT,
2026-08-02,824483,693304,Nick Gonzales,Pittsburgh Pirates,Cincinnati Reds,2026-08-02T17:40:00+00:00,2026-08-02T15:45:53.488523+00:00,114.10852461666667,65c026b0a2fdad67a6ebb83ff414a011,cleanroom_20260802T154517Z,6,2026-08-02 15:45:19.536617+00:00,36ad6328-6c76-4a1f-924c-be4665102b51,155,-204,2026-08-02 15:45:34+00:00,b5241658-c7bb-443f-976f-4b44a82d51d1,/Users/jerrystrain/Projects/proppadia/backend/mlb/exports/cleanroom_v1/raw/THE_ODDS_API/2026-08-02/cleanroom_20260802T154517Z/event_65c026b0a2fdad67a6ebb83ff414a011.json,9d9f2c51a0f15dff9a5a38e18026d5bab8aa1b56f1bbd0a4e75749f0d29a990f,56658e2082af369f33cbbce5b048933be8bbc45ab4ba77e136636ee87ebaffff,SCHEDULE_COHORT_BASELINE,SAME_RUN_FIXED_WINDOW_CONFIRMED_ORDER_TWO_SIDED_EXACT_ID,FORMERLY_LINEUP_ADMITTED,1,LOCAL_ROW_VERIFIED_EXACT,693304,824483,2026-08-02,134,113,False,2B,0,4,4,0,0,0,0,0,0,statsapi,2026-08-03 12:42:12.988997+00:00,True,OFFICIAL_APPEARANCE_RESULT_RECOVERED,STARTED,6,4,4,0,0,0,0,0,0,backend/mlb/exports/cleanroom_v1/bol_tb15/schedule_cohorts/2026-08-02/outcome_sources/game_824483_cf852e14e00a7f25c0101af22aa07d30e1f7de23130aef478f5cf65abf70d496.json,cf852e14e00a7f25c0101af22aa07d30e1f7de23130aef478f5cf65abf70d496,2026-08-03T13:47:42.919848+00:00,PRESERVED_OFFICIAL_FEED,LOCAL_ROW_VERIFIED_EXACT,
2026-08-02,824483,699013,Esmerlyn Valdez,Pittsburgh Pirates,Cincinnati Reds,2026-08-02T17:40:00+00:00,2026-08-02T15:45:53.488523+00:00,114.10852461666667,65c026b0a2fdad67a6ebb83ff414a011,cleanroom_20260802T154517Z,4,2026-08-02 15:45:19.536617+00:00,36ad6328-6c76-4a1f-924c-be4665102b51,128,-167,2026-08-02 15:45:34+00:00,b5241658-c7bb-443f-976f-4b44a82d51d1,/Users/jerrystrain/Projects/proppadia/backend/mlb/exports/cleanroom_v1/raw/THE_ODDS_API/2026-08-02/cleanroom_20260802T154517Z/event_65c026b0a2fdad67a6ebb83ff414a011.json,9d9f2c51a0f15dff9a5a38e18026d5bab8aa1b56f1bbd0a4e75749f0d29a990f,56658e2082af369f33cbbce5b048933be8bbc45ab4ba77e136636ee87ebaffff,SCHEDULE_COHORT_BASELINE,SAME_RUN_FIXED_WINDOW_CONFIRMED_ORDER_TWO_SIDED_EXACT_ID,FORMERLY_LINEUP_ADMITTED,1,LOCAL_ROW_VERIFIED_EXACT,699013,824483,2026-08-02,134,113,False,RF,0,4,3,0,0,0,0,0,0,statsapi,2026-08-03 12:42:12.988997+00:00,True,OFFICIAL_APPEARANCE_RESULT_RECOVERED,STARTED,4,4,3,0,0,0,0,0,0,backend/mlb/exports/cleanroom_v1/bol_tb15/schedule_cohorts/2026-08-02/outcome_sources/game_824483_cf852e14e00a7f25c0101af22aa07d30e1f7de23130aef478f5cf65abf70d496.json,cf852e14e00a7f25c0101af22aa07d30e1f7de23130aef478f5cf65abf70d496,2026-08-03T13:47:42.919848+00:00,PRESERVED_OFFICIAL_FEED,LOCAL_ROW_VERIFIED_EXACT,
2026-08-02,824483,701398,Sal Stewart,Cincinnati Reds,Pittsburgh Pirates,2026-08-02T17:40:00+00:00,2026-08-02T15:45:53.488523+00:00,114.10852461666667,65c026b0a2fdad67a6ebb83ff414a011,cleanroom_20260802T154517Z,2,2026-08-02 15:45:19.536617+00:00,36ad6328-6c76-4a1f-924c-be4665102b51,115,-149,2026-08-02 15:45:34+00:00,b5241658-c7bb-443f-976f-4b44a82d51d1,/Users/jerrystrain/Projects/proppadia/backend/mlb/exports/cleanroom_v1/raw/THE_ODDS_API/2026-08-02/cleanroom_20260802T154517Z/event_65c026b0a2fdad67a6ebb83ff414a011.json,9d9f2c51a0f15dff9a5a38e18026d5bab8aa1b56f1bbd0a4e75749f0d29a990f,56658e2082af369f33cbbce5b048933be8bbc45ab4ba77e136636ee87ebaffff,SCHEDULE_COHORT_BASELINE,SAME_RUN_FIXED_WINDOW_CONFIRMED_ORDER_TWO_SIDED_EXACT_ID,FORMERLY_LINEUP_ADMITTED,1,LOCAL_ROW_VERIFIED_EXACT,701398,824483,2026-08-02,113,134,True,1B,0,5,5,1,0,0,0,1,4,statsapi,2026-08-03 12:42:12.988997+00:00,True,OFFICIAL_APPEARANCE_RESULT_RECOVERED,STARTED,2,5,5,1,0,0,0,1,4,backend/mlb/exports/cleanroom_v1/bol_tb15/schedule_cohorts/2026-08-02/outcome_sources/game_824483_cf852e14e00a7f25c0101af22aa07d30e1f7de23130aef478f5cf65abf70d496.json,cf852e14e00a7f25c0101af22aa07d30e1f7de23130aef478f5cf65abf70d496,2026-08-03T13:47:42.919848+00:00,PRESERVED_OFFICIAL_FEED,LOCAL_ROW_VERIFIED_EXACT,
2026-08-02,824648,663757,Trent Grisham,New York Yankees,Chicago Cubs,2026-08-02T18:20:00+00:00,2026-08-02T15:45:53.488523+00:00,154.10852461666667,7cae5f89359f34f8e1b03d1c46f2c3d6,cleanroom_20260802T154517Z,1,2026-08-02 15:43:42.769861+00:00,7fcf9127-c016-45df-bdcc-47b3d8625c3e,161,-213,2026-08-02 15:45:03+00:00,b5241658-c7bb-443f-976f-4b44a82d51d1,/Users/jerrystrain/Projects/proppadia/backend/mlb/exports/cleanroom_v1/raw/THE_ODDS_API/2026-08-02/cleanroom_20260802T154517Z/event_7cae5f89359f34f8e1b03d1c46f2c3d6.json,f0232977ebf7766eaf47cbd5e2e1c8c67b784f4616b5301afed0bac4d26c969b,49decbd30152ceb94c33fba9f370cd9b044402a5d362681d7ee0b165bc3559b6,SCHEDULE_COHORT_BASELINE,SAME_RUN_FIXED_WINDOW_CONFIRMED_ORDER_TWO_SIDED_EXACT_ID,FORMERLY_LINEUP_ADMITTED,1,LOCAL_ROW_VERIFIED_EXACT,663757,824648,2026-08-02,147,112,False,CF,0,4,4,0,0,0,0,0,0,statsapi,2026-08-03 12:42:12.988997+00:00,True,OFFICIAL_APPEARANCE_RESULT_RECOVERED,STARTED,1,4,4,0,0,0,0,0,0,backend/mlb/exports/cleanroom_v1/bol_tb15/schedule_cohorts/2026-08-02/outcome_sources/game_824648_571f09cd4306c6fa0e295576b3a35b3ccd561d02c6cdda786ce72ea1fd140d37.json,571f09cd4306c6fa0e295576b3a35b3ccd561d02c6cdda786ce72ea1fd140d37,2026-08-03T13:47:43.034988+00:00,PRESERVED_OFFICIAL_FEED,LOCAL_ROW_VERIFIED_EXACT,
2026-08-02,824648,665862,Jazz Chisholm Jr.,New York Yankees,Chicago Cubs,2026-08-02T18:20:00+00:00,2026-08-02T15:45:53.488523+00:00,154.10852461666667,7cae5f89359f34f8e1b03d1c46f2c3d6,cleanroom_20260802T154517Z,6,2026-08-02 15:43:42.769861+00:00,7fcf9127-c016-45df-bdcc-47b3d8625c3e,174,-233,2026-08-02 15:45:03+00:00,b5241658-c7bb-443f-976f-4b44a82d51d1,/Users/jerrystrain/Projects/proppadia/backend/mlb/exports/cleanroom_v1/raw/THE_ODDS_API/2026-08-02/cleanroom_20260802T154517Z/event_7cae5f89359f34f8e1b03d1c46f2c3d6.json,f0232977ebf7766eaf47cbd5e2e1c8c67b784f4616b5301afed0bac4d26c969b,49decbd30152ceb94c33fba9f370cd9b044402a5d362681d7ee0b165bc3559b6,SCHEDULE_COHORT_BASELINE,SAME_RUN_FIXED_WINDOW_CONFIRMED_ORDER_TWO_SIDED_EXACT_ID,FORMERLY_LINEUP_ADMITTED,1,LOCAL_ROW_VERIFIED_EXACT,665862,824648,2026-08-02,147,112,False,2B,0,4,4,0,0,0,0,0,0,statsapi,2026-08-03 12:42:12.988997+00:00,True,OFFICIAL_APPEARANCE_RESULT_RECOVERED,STARTED,6,4,4,0,0,0,0,0,0,backend/mlb/exports/cleanroom_v1/bol_tb15/schedule_cohorts/2026-08-02/outcome_sources/game_824648_571f09cd4306c6fa0e295576b3a35b3ccd561d02c6cdda786ce72ea1fd140d37.json,571f09cd4306c6fa0e295576b3a35b3ccd561d02c6cdda786ce72ea1fd140d37,2026-08-03T13:47:43.034988+00:00,PRESERVED_OFFICIAL_FEED,LOCAL_ROW_VERIFIED_EXACT,
2026-08-02,824648,691176,Jasson Domínguez,New York Yankees,Chicago Cubs,2026-08-02T18:20:00+00:00,2026-08-02T15:45:53.488523+00:00,154.10852461666667,7cae5f89359f34f8e1b03d1c46f2c3d6,cleanroom_20260802T154517Z,5,2026-08-02 15:43:42.769861+00:00,7fcf9127-c016-45df-bdcc-47b3d8625c3e,161,-213,2026-08-02 15:45:03+00:00,b5241658-c7bb-443f-976f-4b44a82d51d1,/Users/jerrystrain/Projects/proppadia/backend/mlb/exports/cleanroom_v1/raw/THE_ODDS_API/2026-08-02/cleanroom_20260802T154517Z/event_7cae5f89359f34f8e1b03d1c46f2c3d6.json,f0232977ebf7766eaf47cbd5e2e1c8c67b784f4616b5301afed0bac4d26c969b,49decbd30152ceb94c33fba9f370cd9b044402a5d362681d7ee0b165bc3559b6,SCHEDULE_COHORT_BASELINE,SAME_RUN_FIXED_WINDOW_CONFIRMED_ORDER_TWO_SIDED_EXACT_ID,FORMERLY_LINEUP_ADMITTED,1,LOCAL_ROW_VERIFIED_EXACT,691176,824648,2026-08-02,147,112,False,RF,0,4,4,1,1,0,0,0,1,statsapi,2026-08-03 12:42:12.988997+00:00,True,OFFICIAL_APPEARANCE_RESULT_RECOVERED,STARTED,5,4,4,1,1,0,0,0,1,backend/mlb/exports/cleanroom_v1/bol_tb15/schedule_cohorts/2026-08-02/outcome_sources/game_824648_571f09cd4306c6fa0e295576b3a35b3ccd561d02c6cdda786ce72ea1fd140d37.json,571f09cd4306c6fa0e295576b3a35b3ccd561d02c6cdda786ce72ea1fd140d37,2026-08-03T13:47:43.034988+00:00,PRESERVED_OFFICIAL_FEED,LOCAL_ROW_VERIFIED_EXACT,
2026-08-02,824648,700250,Ben Rice,New York Yankees,Chicago Cubs,2026-08-02T18:20:00+00:00,2026-08-02T15:45:53.488523+00:00,154.10852461666667,7cae5f89359f34f8e1b03d1c46f2c3d6,cleanroom_20260802T154517Z,2,2026-08-02 15:43:42.769861+00:00,7fcf9127-c016-45df-bdcc-47b3d8625c3e,134,-175,2026-08-02 15:45:03+00:00,b5241658-c7bb-443f-976f-4b44a82d51d1,/Users/jerrystrain/Projects/proppadia/backend/mlb/exports/cleanroom_v1/raw/THE_ODDS_API/2026-08-02/cleanroom_20260802T154517Z/event_7cae5f89359f34f8e1b03d1c46f2c3d6.json,f0232977ebf7766eaf47cbd5e2e1c8c67b784f4616b5301afed0bac4d26c969b,49decbd30152ceb94c33fba9f370cd9b044402a5d362681d7ee0b165bc3559b6,SCHEDULE_COHORT_BASELINE,SAME_RUN_FIXED_WINDOW_CONFIRMED_ORDER_TWO_SIDED_EXACT_ID,FORMERLY_LINEUP_ADMITTED,1,LOCAL_ROW_VERIFIED_EXACT,700250,824648,2026-08-02,147,112,False,1B,0,4,4,0,0,0,0,0,0,statsapi,2026-08-03 12:42:12.988997+00:00,True,OFFICIAL_APPEARANCE_RESULT_RECOVERED,STARTED,2,4,4,0,0,0,0,0,0,backend/mlb/exports/cleanroom_v1/bol_tb15/schedule_cohorts/2026-08-02/outcome_sources/game_824648_571f09cd4306c6fa0e295576b3a35b3ccd561d02c6cdda786ce72ea1fd140d37.json,571f09cd4306c6fa0e295576b3a35b3ccd561d02c6cdda786ce72ea1fd140d37,2026-08-03T13:47:43.034988+00:00,PRESERVED_OFFICIAL_FEED,LOCAL_ROW_VERIFIED_EXACT,
2026-08-02,824807,547180,Bryce Harper,Philadelphia Phillies,Baltimore Orioles,2026-08-02T17:35:00+00:00,2026-08-02T15:45:53.488523+00:00,109.10852461666667,0a83565a7c1b5059b188a176bf7ef21f,cleanroom_20260802T154517Z,3,2026-08-02 15:45:19.205901+00:00,36ad6328-6c76-4a1f-924c-be4665102b51,124,-161,2026-08-02 15:45:20+00:00,b5241658-c7bb-443f-976f-4b44a82d51d1,/Users/jerrystrain/Projects/proppadia/backend/mlb/exports/cleanroom_v1/raw/THE_ODDS_API/2026-08-02/cleanroom_20260802T154517Z/event_0a83565a7c1b5059b188a176bf7ef21f.json,1c935246aace80c2881318ec41d7166a4998fdf80a0d97e35c8610a8df06da24,734b983022961412e1c8f279ecc21f80e10cf27508f30ce1a203d1380d423aaa,SCHEDULE_COHORT_BASELINE,SAME_RUN_FIXED_WINDOW_CONFIRMED_ORDER_TWO_SIDED_EXACT_ID,FORMERLY_LINEUP_ADMITTED,0,LOCAL_ROW_MISSING,,,,,,,,,,,,,,,,,,,True,OFFICIAL_APPEARANCE_RESULT_RECOVERED,STARTED,3,4,3,1,0,0,0,1,4,backend/mlb/exports/cleanroom_v1/bol_tb15/schedule_cohorts/2026-08-02/outcome_sources/game_824807_2a44ea2187e7a1dfee280881268dabbf35012a0c562fa9a33f1107f758fffcfc.json,2a44ea2187e7a1dfee280881268dabbf35012a0c562fa9a33f1107f758fffcfc,2026-08-03T13:47:43.153198+00:00,PRESERVED_OFFICIAL_FEED,OFFICIAL_APPEARANCE_RESULT_RECOVERED,
2026-08-02,824807,592663,J.T. Realmuto,Philadelphia Phillies,Baltimore Orioles,2026-08-02T17:35:00+00:00,2026-08-02T15:45:53.488523+00:00,109.10852461666667,0a83565a7c1b5059b188a176bf7ef21f,cleanroom_20260802T154517Z,6,2026-08-02 15:45:19.205901+00:00,36ad6328-6c76-4a1f-924c-be4665102b51,144,-189,2026-08-02 15:45:20+00:00,b5241658-c7bb-443f-976f-4b44a82d51d1,/Users/jerrystrain/Projects/proppadia/backend/mlb/exports/cleanroom_v1/raw/THE_ODDS_API/2026-08-02/cleanroom_20260802T154517Z/event_0a83565a7c1b5059b188a176bf7ef21f.json,1c935246aace80c2881318ec41d7166a4998fdf80a0d97e35c8610a8df06da24,734b983022961412e1c8f279ecc21f80e10cf27508f30ce1a203d1380d423aaa,SCHEDULE_COHORT_BASELINE,SAME_RUN_FIXED_WINDOW_CONFIRMED_ORDER_TWO_SIDED_EXACT_ID,FORMERLY_LINEUP_ADMITTED,0,LOCAL_ROW_MISSING,,,,,,,,,,,,,,,,,,,True,OFFICIAL_APPEARANCE_RESULT_RECOVERED,STARTED,6,3,2,1,1,0,0,0,1,backend/mlb/exports/cleanroom_v1/bol_tb15/schedule_cohorts/2026-08-02/outcome_sources/game_824807_2a44ea2187e7a1dfee280881268dabbf35012a0c562fa9a33f1107f758fffcfc.json,2a44ea2187e7a1dfee280881268dabbf35012a0c562fa9a33f1107f758fffcfc,2026-08-03T13:47:43.153198+00:00,PRESERVED_OFFICIAL_FEED,OFFICIAL_APPEARANCE_RESULT_RECOVERED,
2026-08-02,824807,607208,Trea Turner,Philadelphia Phillies,Baltimore Orioles,2026-08-02T17:35:00+00:00,2026-08-02T15:45:53.488523+00:00,109.10852461666667,0a83565a7c1b5059b188a176bf7ef21f,cleanroom_20260802T154517Z,1,2026-08-02 15:45:19.205901+00:00,36ad6328-6c76-4a1f-924c-be4665102b51,115,-149,2026-08-02 15:45:20+00:00,b5241658-c7bb-443f-976f-4b44a82d51d1,/Users/jerrystrain/Projects/proppadia/backend/mlb/exports/cleanroom_v1/raw/THE_ODDS_API/2026-08-02/cleanroom_20260802T154517Z/event_0a83565a7c1b5059b188a176bf7ef21f.json,1c935246aace80c2881318ec41d7166a4998fdf80a0d97e35c8610a8df06da24,734b983022961412e1c8f279ecc21f80e10cf27508f30ce1a203d1380d423aaa,SCHEDULE_COHORT_BASELINE,SAME_RUN_FIXED_WINDOW_CONFIRMED_ORDER_TWO_SIDED_EXACT_ID,FORMERLY_LINEUP_ADMITTED,0,LOCAL_ROW_MISSING,,,,,,,,,,,,,,,,,,,True,OFFICIAL_APPEARANCE_RESULT_RECOVERED,STARTED,1,4,3,1,1,0,0,0,1,backend/mlb/exports/cleanroom_v1/bol_tb15/schedule_cohorts/2026-08-02/outcome_sources/game_824807_2a44ea2187e7a1dfee280881268dabbf35012a0c562fa9a33f1107f758fffcfc.json,2a44ea2187e7a1dfee280881268dabbf35012a0c562fa9a33f1107f758fffcfc,2026-08-03T13:47:43.153198+00:00,PRESERVED_OFFICIAL_FEED,OFFICIAL_APPEARANCE_RESULT_RECOVERED,
2026-08-02,824807,624413,Pete Alonso,Baltimore Orioles,Philadelphia Phillies,2026-08-02T17:35:00+00:00,2026-08-02T15:45:53.488523+00:00,109.10852461666667,0a83565a7c1b5059b188a176bf7ef21f,cleanroom_20260802T154517Z,2,2026-08-02 15:45:19.205901+00:00,36ad6328-6c76-4a1f-924c-be4665102b51,146,-192,2026-08-02 15:45:20+00:00,b5241658-c7bb-443f-976f-4b44a82d51d1,/Users/jerrystrain/Projects/proppadia/backend/mlb/exports/cleanroom_v1/raw/THE_ODDS_API/2026-08-02/cleanroom_20260802T154517Z/event_0a83565a7c1b5059b188a176bf7ef21f.json,1c935246aace80c2881318ec41d7166a4998fdf80a0d97e35c8610a8df06da24,734b983022961412e1c8f279ecc21f80e10cf27508f30ce1a203d1380d423aaa,SCHEDULE_COHORT_BASELINE,SAME_RUN_FIXED_WINDOW_CONFIRMED_ORDER_TWO_SIDED_EXACT_ID,FORMERLY_LINEUP_ADMITTED,0,LOCAL_ROW_MISSING,,,,,,,,,,,,,,,,,,,True,OFFICIAL_APPEARANCE_RESULT_RECOVERED,STARTED,2,2,2,1,1,0,0,0,1,backend/mlb/exports/cleanroom_v1/bol_tb15/schedule_cohorts/2026-08-02/outcome_sources/game_824807_2a44ea2187e7a1dfee280881268dabbf35012a0c562fa9a33f1107f758fffcfc.json,2a44ea2187e7a1dfee280881268dabbf35012a0c562fa9a33f1107f758fffcfc,2026-08-03T13:47:43.153198+00:00,PRESERVED_OFFICIAL_FEED,OFFICIAL_APPEARANCE_RESULT_RECOVERED,
2026-08-02,824807,656941,Kyle Schwarber,Philadelphia Phillies,Baltimore Orioles,2026-08-02T17:35:00+00:00,2026-08-02T15:45:53.488523+00:00,109.10852461666667,0a83565a7c1b5059b188a176bf7ef21f,cleanroom_20260802T154517Z,2,2026-08-02 15:45:19.205901+00:00,36ad6328-6c76-4a1f-924c-be4665102b51,122,-159,2026-08-02 15:45:20+00:00,b5241658-c7bb-443f-976f-4b44a82d51d1,/Users/jerrystrain/Projects/proppadia/backend/mlb/exports/cleanroom_v1/raw/THE_ODDS_API/2026-08-02/cleanroom_20260802T154517Z/event_0a83565a7c1b5059b188a176bf7ef21f.json,1c935246aace80c2881318ec41d7166a4998fdf80a0d97e35c8610a8df06da24,734b983022961412e1c8f279ecc21f80e10cf27508f30ce1a203d1380d423aaa,SCHEDULE_COHORT_BASELINE,SAME_RUN_FIXED_WINDOW_CONFIRMED_ORDER_TWO_SIDED_EXACT_ID,FORMERLY_LINEUP_ADMITTED,0,LOCAL_ROW_MISSING,,,,,,,,,,,,,,,,,,,True,OFFICIAL_APPEARANCE_RESULT_RECOVERED,STARTED,2,4,2,0,0,0,0,0,0,backend/mlb/exports/cleanroom_v1/bol_tb15/schedule_cohorts/2026-08-02/outcome_sources/game_824807_2a44ea2187e7a1dfee280881268dabbf35012a0c562fa9a33f1107f758fffcfc.json,2a44ea2187e7a1dfee280881268dabbf35012a0c562fa9a33f1107f758fffcfc,2026-08-03T13:47:43.153198+00:00,PRESERVED_OFFICIAL_FEED,OFFICIAL_APPEARANCE_RESULT_RECOVERED,
2026-08-02,824807,664761,Alec Bohm,Philadelphia Phillies,Baltimore Orioles,2026-08-02T17:35:00+00:00,2026-08-02T15:45:53.488523+00:00,109.10852461666667,0a83565a7c1b5059b188a176bf7ef21f,cleanroom_20260802T154517Z,4,2026-08-02 15:45:19.205901+00:00,36ad6328-6c76-4a1f-924c-be4665102b51,146,-192,2026-08-02 15:45:20+00:00,b5241658-c7bb-443f-976f-4b44a82d51d1,/Users/jerrystrain/Projects/proppadia/backend/mlb/exports/cleanroom_v1/raw/THE_ODDS_API/2026-08-02/cleanroom_20260802T154517Z/event_0a83565a7c1b5059b188a176bf7ef21f.json,1c935246aace80c2881318ec41d7166a4998fdf80a0d97e35c8610a8df06da24,734b983022961412e1c8f279ecc21f80e10cf27508f30ce1a203d1380d423aaa,SCHEDULE_COHORT_BASELINE,SAME_RUN_FIXED_WINDOW_CONFIRMED_ORDER_TWO_SIDED_EXACT_ID,FORMERLY_LINEUP_ADMITTED,0,LOCAL_ROW_MISSING,,,,,,,,,,,,,,,,,,,True,OFFICIAL_APPEARANCE_RESULT_RECOVERED,STARTED,4,4,4,2,2,0,0,0,2,backend/mlb/exports/cleanroom_v1/bol_tb15/schedule_cohorts/2026-08-02/outcome_sources/game_824807_2a44ea2187e7a1dfee280881268dabbf35012a0c562fa9a33f1107f758fffcfc.json,2a44ea2187e7a1dfee280881268dabbf35012a0c562fa9a33f1107f758fffcfc,2026-08-03T13:47:43.153198+00:00,PRESERVED_OFFICIAL_FEED,OFFICIAL_APPEARANCE_RESULT_RECOVERED,
2026-08-02,824807,669016,Brandon Marsh,Philadelphia Phillies,Baltimore Orioles,2026-08-02T17:35:00+00:00,2026-08-02T15:45:53.488523+00:00,109.10852461666667,0a83565a7c1b5059b188a176bf7ef21f,cleanroom_20260802T154517Z,5,2026-08-02 15:45:19.205901+00:00,36ad6328-6c76-4a1f-924c-be4665102b51,146,-192,2026-08-02 15:45:20+00:00,b5241658-c7bb-443f-976f-4b44a82d51d1,/Users/jerrystrain/Projects/proppadia/backend/mlb/exports/cleanroom_v1/raw/THE_ODDS_API/2026-08-02/cleanroom_20260802T154517Z/event_0a83565a7c1b5059b188a176bf7ef21f.json,1c935246aace80c2881318ec41d7166a4998fdf80a0d97e35c8610a8df06da24,734b983022961412e1c8f279ecc21f80e10cf27508f30ce1a203d1380d423aaa,SCHEDULE_COHORT_BASELINE,SAME_RUN_FIXED_WINDOW_CONFIRMED_ORDER_TWO_SIDED_EXACT_ID,FORMERLY_LINEUP_ADMITTED,0,LOCAL_ROW_MISSING,,,,,,,,,,,,,,,,,,,True,OFFICIAL_APPEARANCE_RESULT_RECOVERED,STARTED,5,3,3,1,1,0,0,0,1,backend/mlb/exports/cleanroom_v1/bol_tb15/schedule_cohorts/2026-08-02/outcome_sources/game_824807_2a44ea2187e7a1dfee280881268dabbf35012a0c562fa9a33f1107f758fffcfc.json,2a44ea2187e7a1dfee280881268dabbf35012a0c562fa9a33f1107f758fffcfc,2026-08-03T13:47:43.153198+00:00,PRESERVED_OFFICIAL_FEED,OFFICIAL_APPEARANCE_RESULT_RECOVERED,
2026-08-02,824807,681082,Bryson Stott,Philadelphia Phillies,Baltimore Orioles,2026-08-02T17:35:00+00:00,2026-08-02T15:45:53.488523+00:00,109.10852461666667,0a83565a7c1b5059b188a176bf7ef21f,cleanroom_20260802T154517Z,7,2026-08-02 15:45:19.205901+00:00,36ad6328-6c76-4a1f-924c-be4665102b51,161,-213,2026-08-02 15:45:20+00:00,b5241658-c7bb-443f-976f-4b44a82d51d1,/Users/jerrystrain/Projects/proppadia/backend/mlb/exports/cleanroom_v1/raw/THE_ODDS_API/2026-08-02/cleanroom_20260802T154517Z/event_0a83565a7c1b5059b188a176bf7ef21f.json,1c935246aace80c2881318ec41d7166a4998fdf80a0d97e35c8610a8df06da24,734b983022961412e1c8f279ecc21f80e10cf27508f30ce1a203d1380d423aaa,SCHEDULE_COHORT_BASELINE,SAME_RUN_FIXED_WINDOW_CONFIRMED_ORDER_TWO_SIDED_EXACT_ID,FORMERLY_LINEUP_ADMITTED,0,LOCAL_ROW_MISSING,,,,,,,,,,,,,,,,,,,True,OFFICIAL_APPEARANCE_RESULT_RECOVERED,STARTED,7,3,1,0,0,0,0,0,0,backend/mlb/exports/cleanroom_v1/bol_tb15/schedule_cohorts/2026-08-02/outcome_sources/game_824807_2a44ea2187e7a1dfee280881268dabbf35012a0c562fa9a33f1107f758fffcfc.json,2a44ea2187e7a1dfee280881268dabbf35012a0c562fa9a33f1107f758fffcfc,2026-08-03T13:47:43.153198+00:00,PRESERVED_OFFICIAL_FEED,OFFICIAL_APPEARANCE_RESULT_RECOVERED,
2026-08-02,824807,683002,Gunnar Henderson,Baltimore Orioles,Philadelphia Phillies,2026-08-02T17:35:00+00:00,2026-08-02T15:45:53.488523+00:00,109.10852461666667,0a83565a7c1b5059b188a176bf7ef21f,cleanroom_20260802T154517Z,3,2026-08-02 15:45:19.205901+00:00,36ad6328-6c76-4a1f-924c-be4665102b51,149,-196,2026-08-02 15:45:20+00:00,b5241658-c7bb-443f-976f-4b44a82d51d1,/Users/jerrystrain/Projects/proppadia/backend/mlb/exports/cleanroom_v1/raw/THE_ODDS_API/2026-08-02/cleanroom_20260802T154517Z/event_0a83565a7c1b5059b188a176bf7ef21f.json,1c935246aace80c2881318ec41d7166a4998fdf80a0d97e35c8610a8df06da24,734b983022961412e1c8f279ecc21f80e10cf27508f30ce1a203d1380d423aaa,SCHEDULE_COHORT_BASELINE,SAME_RUN_FIXED_WINDOW_CONFIRMED_ORDER_TWO_SIDED_EXACT_ID,FORMERLY_LINEUP_ADMITTED,0,LOCAL_ROW_MISSING,,,,,,,,,,,,,,,,,,,True,OFFICIAL_APPEARANCE_RESULT_RECOVERED,STARTED,3,2,2,0,0,0,0,0,0,backend/mlb/exports/cleanroom_v1/bol_tb15/schedule_cohorts/2026-08-02/outcome_sources/game_824807_2a44ea2187e7a1dfee280881268dabbf35012a0c562fa9a33f1107f758fffcfc.json,2a44ea2187e7a1dfee280881268dabbf35012a0c562fa9a33f1107f758fffcfc,2026-08-03T13:47:43.153198+00:00,PRESERVED_OFFICIAL_FEED,OFFICIAL_APPEARANCE_RESULT_RECOVERED,
2026-08-02,824891,621566,Matt Olson,Atlanta Braves,Washington Nationals,2026-08-02T17:35:00+00:00,2026-08-02T15:45:53.488523+00:00,109.10852461666667,279531c847530b5f8dc9fa88594748e6,cleanroom_20260802T154517Z,3,2026-08-02 15:45:19.298883+00:00,36ad6328-6c76-4a1f-924c-be4665102b51,134,-175,2026-08-02 15:45:41+00:00,b5241658-c7bb-443f-976f-4b44a82d51d1,/Users/jerrystrain/Projects/proppadia/backend/mlb/exports/cleanroom_v1/raw/THE_ODDS_API/2026-08-02/cleanroom_20260802T154517Z/event_279531c847530b5f8dc9fa88594748e6.json,764e46732743337c1847fe1340c2e4a545cf26ae91583e0574298ae55484f993,df25a4f47afe4c8a86981cfb5cdba06cd417616ab4966dc8fd01bddfe3a363f7,SCHEDULE_COHORT_BASELINE,SAME_RUN_FIXED_WINDOW_CONFIRMED_ORDER_TWO_SIDED_EXACT_ID,FORMERLY_LINEUP_ADMITTED,1,LOCAL_ROW_VERIFIED_EXACT,621566,824891,2026-08-02,144,120,True,1B,0,4,4,2,1,0,0,1,5,statsapi,2026-08-03 12:42:12.988997+00:00,True,OFFICIAL_APPEARANCE_RESULT_RECOVERED,STARTED,3,4,4,2,1,0,0,1,5,backend/mlb/exports/cleanroom_v1/bol_tb15/schedule_cohorts/2026-08-02/outcome_sources/game_824891_48a2b40602f579a951a58901b3d81be221c0e7969ab040af818ed22c3b3992cf.json,48a2b40602f579a951a58901b3d81be221c0e7969ab040af818ed22c3b3992cf,2026-08-03T13:47:43.270411+00:00,PRESERVED_OFFICIAL_FEED,LOCAL_ROW_VERIFIED_EXACT,
2026-08-02,824891,643289,Mauricio Dubón,Atlanta Braves,Washington Nationals,2026-08-02T17:35:00+00:00,2026-08-02T15:45:53.488523+00:00,109.10852461666667,279531c847530b5f8dc9fa88594748e6,cleanroom_20260802T154517Z,6,2026-08-02 15:45:19.298883+00:00,36ad6328-6c76-4a1f-924c-be4665102b51,164,-217,2026-08-02 15:45:41+00:00,b5241658-c7bb-443f-976f-4b44a82d51d1,/Users/jerrystrain/Projects/proppadia/backend/mlb/exports/cleanroom_v1/raw/THE_ODDS_API/2026-08-02/cleanroom_20260802T154517Z/event_279531c847530b5f8dc9fa88594748e6.json,764e46732743337c1847fe1340c2e4a545cf26ae91583e0574298ae55484f993,df25a4f47afe4c8a86981cfb5cdba06cd417616ab4966dc8fd01bddfe3a363f7,SCHEDULE_COHORT_BASELINE,SAME_RUN_FIXED_WINDOW_CONFIRMED_ORDER_TWO_SIDED_EXACT_ID,FORMERLY_LINEUP_ADMITTED,1,LOCAL_ROW_VERIFIED_EXACT,643289,824891,2026-08-02,144,120,True,LF,0,3,3,1,1,0,0,0,1,statsapi,2026-08-03 12:42:12.988997+00:00,True,OFFICIAL_APPEARANCE_RESULT_RECOVERED,STARTED,6,3,3,1,1,0,0,0,1,backend/mlb/exports/cleanroom_v1/bol_tb15/schedule_cohorts/2026-08-02/outcome_sources/game_824891_48a2b40602f579a951a58901b3d81be221c0e7969ab040af818ed22c3b3992cf.json,48a2b40602f579a951a58901b3d81be221c0e7969ab040af818ed22c3b3992cf,2026-08-03T13:47:43.270411+00:00,PRESERVED_OFFICIAL_FEED,LOCAL_ROW_VERIFIED_EXACT,
2026-08-02,824891,645277,Ozzie Albies,Atlanta Braves,Washington Nationals,2026-08-02T17:35:00+00:00,2026-08-02T15:45:53.488523+00:00,109.10852461666667,279531c847530b5f8dc9fa88594748e6,cleanroom_20260802T154517Z,5,2026-08-02 15:45:19.298883+00:00,36ad6328-6c76-4a1f-924c-be4665102b51,149,-196,2026-08-02 15:45:41+00:00,b5241658-c7bb-443f-976f-4b44a82d51d1,/Users/jerrystrain/Projects/proppadia/backend/mlb/exports/cleanroom_v1/raw/THE_ODDS_API/2026-08-02/cleanroom_20260802T154517Z/event_279531c847530b5f8dc9fa88594748e6.json,764e46732743337c1847fe1340c2e4a545cf26ae91583e0574298ae55484f993,df25a4f47afe4c8a86981cfb5cdba06cd417616ab4966dc8fd01bddfe3a363f7,SCHEDULE_COHORT_BASELINE,SAME_RUN_FIXED_WINDOW_CONFIRMED_ORDER_TWO_SIDED_EXACT_ID,FORMERLY_LINEUP_ADMITTED,1,LOCAL_ROW_VERIFIED_EXACT,645277,824891,2026-08-02,144,120,True,2B,0,3,3,1,1,0,0,0,1,statsapi,2026-08-03 12:42:12.988997+00:00,True,OFFICIAL_APPEARANCE_RESULT_RECOVERED,STARTED,5,3,3,1,1,0,0,0,1,backend/mlb/exports/cleanroom_v1/bol_tb15/schedule_cohorts/2026-08-02/outcome_sources/game_824891_48a2b40602f579a951a58901b3d81be221c0e7969ab040af818ed22c3b3992cf.json,48a2b40602f579a951a58901b3d81be221c0e7969ab040af818ed22c3b3992cf,2026-08-03T13:47:43.270411+00:00,PRESERVED_OFFICIAL_FEED,LOCAL_ROW_VERIFIED_EXACT,
2026-08-02,824891,660670,Ronald Acuña Jr.,Atlanta Braves,Washington Nationals,2026-08-02T17:35:00+00:00,2026-08-02T15:45:53.488523+00:00,109.10852461666667,279531c847530b5f8dc9fa88594748e6,cleanroom_20260802T154517Z,2,2026-08-02 15:45:19.298883+00:00,36ad6328-6c76-4a1f-924c-be4665102b51,136,-179,2026-08-02 15:45:41+00:00,b5241658-c7bb-443f-976f-4b44a82d51d1,/Users/jerrystrain/Projects/proppadia/backend/mlb/exports/cleanroom_v1/raw/THE_ODDS_API/2026-08-02/cleanroom_20260802T154517Z/event_279531c847530b5f8dc9fa88594748e6.json,764e46732743337c1847fe1340c2e4a545cf26ae91583e0574298ae55484f993,df25a4f47afe4c8a86981cfb5cdba06cd417616ab4966dc8fd01bddfe3a363f7,SCHEDULE_COHORT_BASELINE,SAME_RUN_FIXED_WINDOW_CONFIRMED_ORDER_TWO_SIDED_EXACT_ID,FORMERLY_LINEUP_ADMITTED,1,LOCAL_ROW_VERIFIED_EXACT,660670,824891,2026-08-02,144,120,True,DH,0,4,4,1,1,0,0,0,1,statsapi,2026-08-03 12:42:12.988997+00:00,True,OFFICIAL_APPEARANCE_RESULT_RECOVERED,STARTED,2,4,4,1,1,0,0,0,1,backend/mlb/exports/cleanroom_v1/bol_tb15/schedule_cohorts/2026-08-02/outcome_sources/game_824891_48a2b40602f579a951a58901b3d81be221c0e7969ab040af818ed22c3b3992cf.json,48a2b40602f579a951a58901b3d81be221c0e7969ab040af818ed22c3b3992cf,2026-08-03T13:47:43.270411+00:00,PRESERVED_OFFICIAL_FEED,LOCAL_ROW_VERIFIED_EXACT,
2026-08-02,824891,671277,Luis García Jr.,Washington Nationals,Atlanta Braves,2026-08-02T17:35:00+00:00,2026-08-02T15:45:53.488523+00:00,109.10852461666667,279531c847530b5f8dc9fa88594748e6,cleanroom_20260802T154517Z,2,2026-08-02 15:45:19.298883+00:00,36ad6328-6c76-4a1f-924c-be4665102b51,118,-154,2026-08-02 15:45:41+00:00,b5241658-c7bb-443f-976f-4b44a82d51d1,/Users/jerrystrain/Projects/proppadia/backend/mlb/exports/cleanroom_v1/raw/THE_ODDS_API/2026-08-02/cleanroom_20260802T154517Z/event_279531c847530b5f8dc9fa88594748e6.json,764e46732743337c1847fe1340c2e4a545cf26ae91583e0574298ae55484f993,df25a4f47afe4c8a86981cfb5cdba06cd417616ab4966dc8fd01bddfe3a363f7,SCHEDULE_COHORT_BASELINE,SAME_RUN_FIXED_WINDOW_CONFIRMED_ORDER_TWO_SIDED_EXACT_ID,FORMERLY_LINEUP_ADMITTED,0,LOCAL_ROW_MISSING,,,,,,,,,,,,,,,,,,,True,OFFICIAL_NONAPPEARANCE_SUPPORTED,DID_NOT_APPEAR,,0,0,0,0,0,0,0,0,backend/mlb/exports/cleanroom_v1/bol_tb15/schedule_cohorts/2026-08-02/outcome_sources/game_824891_48a2b40602f579a951a58901b3d81be221c0e7969ab040af818ed22c3b3992cf.json,48a2b40602f579a951a58901b3d81be221c0e7969ab040af818ed22c3b3992cf,2026-08-03T13:47:43.270411+00:00,PRESERVED_OFFICIAL_FEED,OFFICIAL_NONAPPEARANCE_SUPPORTED,
2026-08-02,824891,671739,Michael Harris II,Atlanta Braves,Washington Nationals,2026-08-02T17:35:00+00:00,2026-08-02T15:45:53.488523+00:00,109.10852461666667,279531c847530b5f8dc9fa88594748e6,cleanroom_20260802T154517Z,4,2026-08-02 15:45:19.298883+00:00,36ad6328-6c76-4a1f-924c-be4665102b51,118,-154,2026-08-02 15:45:41+00:00,b5241658-c7bb-443f-976f-4b44a82d51d1,/Users/jerrystrain/Projects/proppadia/backend/mlb/exports/cleanroom_v1/raw/THE_ODDS_API/2026-08-02/cleanroom_20260802T154517Z/event_279531c847530b5f8dc9fa88594748e6.json,764e46732743337c1847fe1340c2e4a545cf26ae91583e0574298ae55484f993,df25a4f47afe4c8a86981cfb5cdba06cd417616ab4966dc8fd01bddfe3a363f7,SCHEDULE_COHORT_BASELINE,SAME_RUN_FIXED_WINDOW_CONFIRMED_ORDER_TWO_SIDED_EXACT_ID,FORMERLY_LINEUP_ADMITTED,1,LOCAL_ROW_VERIFIED_EXACT,671739,824891,2026-08-02,144,120,True,CF,0,3,3,0,0,0,0,0,0,statsapi,2026-08-03 12:42:12.988997+00:00,True,OFFICIAL_APPEARANCE_RESULT_RECOVERED,STARTED,4,3,3,0,0,0,0,0,0,backend/mlb/exports/cleanroom_v1/bol_tb15/schedule_cohorts/2026-08-02/outcome_sources/game_824891_48a2b40602f579a951a58901b3d81be221c0e7969ab040af818ed22c3b3992cf.json,48a2b40602f579a951a58901b3d81be221c0e7969ab040af818ed22c3b3992cf,2026-08-03T13:47:43.270411+00:00,PRESERVED_OFFICIAL_FEED,LOCAL_ROW_VERIFIED_EXACT,
2026-08-02,824891,677588,José Tena,Washington Nationals,Atlanta Braves,2026-08-02T17:35:00+00:00,2026-08-02T15:45:53.488523+00:00,109.10852461666667,279531c847530b5f8dc9fa88594748e6,cleanroom_20260802T154517Z,3,2026-08-02 15:45:19.298883+00:00,36ad6328-6c76-4a1f-924c-be4665102b51,171,-227,2026-08-02 15:45:41+00:00,b5241658-c7bb-443f-976f-4b44a82d51d1,/Users/jerrystrain/Projects/proppadia/backend/mlb/exports/cleanroom_v1/raw/THE_ODDS_API/2026-08-02/cleanroom_20260802T154517Z/event_279531c847530b5f8dc9fa88594748e6.json,764e46732743337c1847fe1340c2e4a545cf26ae91583e0574298ae55484f993,df25a4f47afe4c8a86981cfb5cdba06cd417616ab4966dc8fd01bddfe3a363f7,SCHEDULE_COHORT_BASELINE,SAME_RUN_FIXED_WINDOW_CONFIRMED_ORDER_TWO_SIDED_EXACT_ID,FORMERLY_LINEUP_ADMITTED,1,LOCAL_ROW_VERIFIED_EXACT,677588,824891,2026-08-02,120,144,False,DH,0,4,3,0,0,0,0,0,0,statsapi,2026-08-03 12:42:12.988997+00:00,True,OFFICIAL_APPEARANCE_RESULT_RECOVERED,STARTED,6,4,3,0,0,0,0,0,0,backend/mlb/exports/cleanroom_v1/bol_tb15/schedule_cohorts/2026-08-02/outcome_sources/game_824891_48a2b40602f579a951a58901b3d81be221c0e7969ab040af818ed22c3b3992cf.json,48a2b40602f579a951a58901b3d81be221c0e7969ab040af818ed22c3b3992cf,2026-08-03T13:47:43.270411+00:00,PRESERVED_OFFICIAL_FEED,LOCAL_ROW_VERIFIED_EXACT,
2026-08-02,824891,682928,CJ Abrams,Washington Nationals,Atlanta Braves,2026-08-02T17:35:00+00:00,2026-08-02T15:45:53.488523+00:00,109.10852461666667,279531c847530b5f8dc9fa88594748e6,cleanroom_20260802T154517Z,4,2026-08-02 15:45:19.298883+00:00,36ad6328-6c76-4a1f-924c-be4665102b51,124,-161,2026-08-02 15:45:41+00:00,b5241658-c7bb-443f-976f-4b44a82d51d1,/Users/jerrystrain/Projects/proppadia/backend/mlb/exports/cleanroom_v1/raw/THE_ODDS_API/2026-08-02/cleanroom_20260802T154517Z/event_279531c847530b5f8dc9fa88594748e6.json,764e46732743337c1847fe1340c2e4a545cf26ae91583e0574298ae55484f993,df25a4f47afe4c8a86981cfb5cdba06cd417616ab4966dc8fd01bddfe3a363f7,SCHEDULE_COHORT_BASELINE,SAME_RUN_FIXED_WINDOW_CONFIRMED_ORDER_TWO_SIDED_EXACT_ID,FORMERLY_LINEUP_ADMITTED,1,LOCAL_ROW_VERIFIED_EXACT,682928,824891,2026-08-02,120,144,False,SS,0,4,4,0,0,0,0,0,0,statsapi,2026-08-03 12:42:12.988997+00:00,True,OFFICIAL_APPEARANCE_RESULT_RECOVERED,STARTED,4,4,4,0,0,0,0,0,0,backend/mlb/exports/cleanroom_v1/bol_tb15/schedule_cohorts/2026-08-02/outcome_sources/game_824891_48a2b40602f579a951a58901b3d81be221c0e7969ab040af818ed22c3b3992cf.json,48a2b40602f579a951a58901b3d81be221c0e7969ab040af818ed22c3b3992cf,2026-08-03T13:47:43.270411+00:00,PRESERVED_OFFICIAL_FEED,LOCAL_ROW_VERIFIED_EXACT,
2026-08-02,824891,686611,Dylan Crews,Washington Nationals,Atlanta Braves,2026-08-02T17:35:00+00:00,2026-08-02T15:45:53.488523+00:00,109.10852461666667,279531c847530b5f8dc9fa88594748e6,cleanroom_20260802T154517Z,5,2026-08-02 15:45:19.298883+00:00,36ad6328-6c76-4a1f-924c-be4665102b51,158,-208,2026-08-02 15:45:41+00:00,b5241658-c7bb-443f-976f-4b44a82d51d1,/Users/jerrystrain/Projects/proppadia/backend/mlb/exports/cleanroom_v1/raw/THE_ODDS_API/2026-08-02/cleanroom_20260802T154517Z/event_279531c847530b5f8dc9fa88594748e6.json,764e46732743337c1847fe1340c2e4a545cf26ae91583e0574298ae55484f993,df25a4f47afe4c8a86981cfb5cdba06cd417616ab4966dc8fd01bddfe3a363f7,SCHEDULE_COHORT_BASELINE,SAME_RUN_FIXED_WINDOW_CONFIRMED_ORDER_TWO_SIDED_EXACT_ID,FORMERLY_LINEUP_ADMITTED,1,LOCAL_ROW_VERIFIED_EXACT,686611,824891,2026-08-02,120,144,False,CF,0,4,3,0,0,0,0,0,0,statsapi,2026-08-03 12:42:12.988997+00:00,True,OFFICIAL_APPEARANCE_RESULT_RECOVERED,STARTED,3,4,3,0,0,0,0,0,0,backend/mlb/exports/cleanroom_v1/bol_tb15/schedule_cohorts/2026-08-02/outcome_sources/game_824891_48a2b40602f579a951a58901b3d81be221c0e7969ab040af818ed22c3b3992cf.json,48a2b40602f579a951a58901b3d81be221c0e7969ab040af818ed22c3b3992cf,2026-08-03T13:47:43.270411+00:00,PRESERVED_OFFICIAL_FEED,LOCAL_ROW_VERIFIED_EXACT,
2026-08-02,824891,686948,Drake Baldwin,Atlanta Braves,Washington Nationals,2026-08-02T17:35:00+00:00,2026-08-02T15:45:53.488523+00:00,109.10852461666667,279531c847530b5f8dc9fa88594748e6,cleanroom_20260802T154517Z,1,2026-08-02 15:45:19.298883+00:00,36ad6328-6c76-4a1f-924c-be4665102b51,126,-164,2026-08-02 15:45:41+00:00,b5241658-c7bb-443f-976f-4b44a82d51d1,/Users/jerrystrain/Projects/proppadia/backend/mlb/exports/cleanroom_v1/raw/THE_ODDS_API/2026-08-02/cleanroom_20260802T154517Z/event_279531c847530b5f8dc9fa88594748e6.json,764e46732743337c1847fe1340c2e4a545cf26ae91583e0574298ae55484f993,df25a4f47afe4c8a86981cfb5cdba06cd417616ab4966dc8fd01bddfe3a363f7,SCHEDULE_COHORT_BASELINE,SAME_RUN_FIXED_WINDOW_CONFIRMED_ORDER_TWO_SIDED_EXACT_ID,FORMERLY_LINEUP_ADMITTED,1,LOCAL_ROW_VERIFIED_EXACT,686948,824891,2026-08-02,144,120,True,C,0,4,3,0,0,0,0,0,0,statsapi,2026-08-03 12:42:12.988997+00:00,True,OFFICIAL_APPEARANCE_RESULT_RECOVERED,STARTED,1,4,3,0,0,0,0,0,0,backend/mlb/exports/cleanroom_v1/bol_tb15/schedule_cohorts/2026-08-02/outcome_sources/game_824891_48a2b40602f579a951a58901b3d81be221c0e7969ab040af818ed22c3b3992cf.json,48a2b40602f579a951a58901b3d81be221c0e7969ab040af818ed22c3b3992cf,2026-08-03T13:47:43.270411+00:00,PRESERVED_OFFICIAL_FEED,LOCAL_ROW_VERIFIED_EXACT,
2026-08-02,824891,695578,James Wood,Washington Nationals,Atlanta Braves,2026-08-02T17:35:00+00:00,2026-08-02T15:45:53.488523+00:00,109.10852461666667,279531c847530b5f8dc9fa88594748e6,cleanroom_20260802T154517Z,1,2026-08-02 15:45:19.298883+00:00,36ad6328-6c76-4a1f-924c-be4665102b51,128,-167,2026-08-02 15:45:41+00:00,b5241658-c7bb-443f-976f-4b44a82d51d1,/Users/jerrystrain/Projects/proppadia/backend/mlb/exports/cleanroom_v1/raw/THE_ODDS_API/2026-08-02/cleanroom_20260802T154517Z/event_279531c847530b5f8dc9fa88594748e6.json,764e46732743337c1847fe1340c2e4a545cf26ae91583e0574298ae55484f993,df25a4f47afe4c8a86981cfb5cdba06cd417616ab4966dc8fd01bddfe3a363f7,SCHEDULE_COHORT_BASELINE,SAME_RUN_FIXED_WINDOW_CONFIRMED_ORDER_TWO_SIDED_EXACT_ID,FORMERLY_LINEUP_ADMITTED,1,LOCAL_ROW_VERIFIED_EXACT,695578,824891,2026-08-02,120,144,False,RF,0,4,3,0,0,0,0,0,0,statsapi,2026-08-03 12:42:12.988997+00:00,True,OFFICIAL_APPEARANCE_RESULT_RECOVERED,STARTED,1,4,3,0,0,0,0,0,0,backend/mlb/exports/cleanroom_v1/bol_tb15/schedule_cohorts/2026-08-02/outcome_sources/game_824891_48a2b40602f579a951a58901b3d81be221c0e7969ab040af818ed22c3b3992cf.json,48a2b40602f579a951a58901b3d81be221c0e7969ab040af818ed22c3b3992cf,2026-08-03T13:47:43.270411+00:00,PRESERVED_OFFICIAL_FEED,LOCAL_ROW_VERIFIED_EXACT,
2026-08-02,824891,695734,Daylen Lile,Washington Nationals,Atlanta Braves,2026-08-02T17:35:00+00:00,2026-08-02T15:45:53.488523+00:00,109.10852461666667,279531c847530b5f8dc9fa88594748e6,cleanroom_20260802T154517Z,6,2026-08-02 15:45:19.298883+00:00,36ad6328-6c76-4a1f-924c-be4665102b51,134,-175,2026-08-02 15:45:41+00:00,b5241658-c7bb-443f-976f-4b44a82d51d1,/Users/jerrystrain/Projects/proppadia/backend/mlb/exports/cleanroom_v1/raw/THE_ODDS_API/2026-08-02/cleanroom_20260802T154517Z/event_279531c847530b5f8dc9fa88594748e6.json,764e46732743337c1847fe1340c2e4a545cf26ae91583e0574298ae55484f993,df25a4f47afe4c8a86981cfb5cdba06cd417616ab4966dc8fd01bddfe3a363f7,SCHEDULE_COHORT_BASELINE,SAME_RUN_FIXED_WINDOW_CONFIRMED_ORDER_TWO_SIDED_EXACT_ID,FORMERLY_LINEUP_ADMITTED,1,LOCAL_ROW_VERIFIED_EXACT,695734,824891,2026-08-02,120,144,False,LF,0,4,3,1,1,0,0,0,1,statsapi,2026-08-03 12:42:12.988997+00:00,True,OFFICIAL_APPEARANCE_RESULT_RECOVERED,STARTED,2,4,3,1,1,0,0,0,1,backend/mlb/exports/cleanroom_v1/bol_tb15/schedule_cohorts/2026-08-02/outcome_sources/game_824891_48a2b40602f579a951a58901b3d81be221c0e7969ab040af818ed22c3b3992cf.json,48a2b40602f579a951a58901b3d81be221c0e7969ab040af818ed22c3b3992cf,2026-08-03T13:47:43.270411+00:00,PRESERVED_OFFICIAL_FEED,LOCAL_ROW_VERIFIED_EXACT,
2026-08-02,822783,802139,JJ Wetherholt,,,,,,,,,,,109,-141,,,,,,,,FORMERLY_LINEUP_NOT_CONFIRMED,0,LOCAL_ROW_MISSING,,,,,,,,,,,,,,,,,,,True,OFFICIAL_NONAPPEARANCE_SUPPORTED,DID_NOT_APPEAR,,0,0,0,0,0,0,0,0,backend/mlb/exports/cleanroom_v1/bol_tb15/schedule_cohorts/2026-08-02/outcome_sources/game_822783_3d28f303484db711ad0f1b949c50dd69098dcee039338696fe9532b662cf9087.json,3d28f303484db711ad0f1b949c50dd69098dcee039338696fe9532b662cf9087,2026-08-03T13:47:42.240378+00:00,PRESERVED_OFFICIAL_FEED,OFFICIAL_NONAPPEARANCE_SUPPORTED,
2026-08-02,823996,592885,Christian Yelich,,,,,,,,,,,144,-189,,,,,,,,FORMERLY_LINEUP_NOT_CONFIRMED,0,LOCAL_ROW_MISSING,,,,,,,,,,,,,,,,,,,True,OFFICIAL_NONAPPEARANCE_SUPPORTED,DID_NOT_APPEAR,,0,0,0,0,0,0,0,0,artifacts/analysis/model_development/mlb_cleanroom_august2_normal_outcome_reconciliation/2026-08-03/official_sources/game_823996_66b7572a14be3c53fdb9f90fde555f8836e84f8c83f3acc768a4872dc45937e4.json,66b7572a14be3c53fdb9f90fde555f8836e84f8c83f3acc768a4872dc45937e4,2026-08-03T16:12:38.628142+00:00,FRESH_OFFICIAL_RECOVERY,OFFICIAL_NONAPPEARANCE_SUPPORTED,
2026-08-02,823996,641343,Jake Bauers,,,,,,,,,,,164,-217,,,,,,,,FORMERLY_LINEUP_NOT_CONFIRMED,1,LOCAL_ROW_VERIFIED_EXACT,641343,823996,2026-08-02,158,108,False,DH,0,4,3,1,1,0,0,0,1,statsapi,2026-08-03 12:42:12.988997+00:00,True,OFFICIAL_APPEARANCE_RESULT_RECOVERED,STARTED,5,4,3,1,1,0,0,0,1,artifacts/analysis/model_development/mlb_cleanroom_august2_normal_outcome_reconciliation/2026-08-03/official_sources/game_823996_66b7572a14be3c53fdb9f90fde555f8836e84f8c83f3acc768a4872dc45937e4.json,66b7572a14be3c53fdb9f90fde555f8836e84f8c83f3acc768a4872dc45937e4,2026-08-03T16:12:38.628142+00:00,FRESH_OFFICIAL_RECOVERY,LOCAL_ROW_VERIFIED_EXACT,
2026-08-02,823996,661388,William Contreras,,,,,,,,,,,128,-167,,,,,,,,FORMERLY_LINEUP_NOT_CONFIRMED,1,LOCAL_ROW_VERIFIED_EXACT,661388,823996,2026-08-02,158,108,False,C,0,4,3,0,0,0,0,0,0,statsapi,2026-08-03 12:42:12.988997+00:00,True,OFFICIAL_APPEARANCE_RESULT_RECOVERED,STARTED,4,4,3,0,0,0,0,0,0,artifacts/analysis/model_development/mlb_cleanroom_august2_normal_outcome_reconciliation/2026-08-03/official_sources/game_823996_66b7572a14be3c53fdb9f90fde555f8836e84f8c83f3acc768a4872dc45937e4.json,66b7572a14be3c53fdb9f90fde555f8836e84f8c83f3acc768a4872dc45937e4,2026-08-03T16:12:38.628142+00:00,FRESH_OFFICIAL_RECOVERY,LOCAL_ROW_VERIFIED_EXACT,
2026-08-02,823996,668930,Brice Turang,,,,,,,,,,,134,-175,,,,,,,,FORMERLY_LINEUP_NOT_CONFIRMED,1,LOCAL_ROW_VERIFIED_EXACT,668930,823996,2026-08-02,158,108,False,2B,0,4,4,1,1,0,0,0,1,statsapi,2026-08-03 12:42:12.988997+00:00,True,OFFICIAL_APPEARANCE_RESULT_RECOVERED,STARTED,1,4,4,1,1,0,0,0,1,artifacts/analysis/model_development/mlb_cleanroom_august2_normal_outcome_reconciliation/2026-08-03/official_sources/game_823996_66b7572a14be3c53fdb9f90fde555f8836e84f8c83f3acc768a4872dc45937e4.json,66b7572a14be3c53fdb9f90fde555f8836e84f8c83f3acc768a4872dc45937e4,2026-08-03T16:12:38.628142+00:00,FRESH_OFFICIAL_RECOVERY,LOCAL_ROW_VERIFIED_EXACT,
2026-08-02,823996,669003,Garrett Mitchell,,,,,,,,,,,161,-213,,,,,,,,FORMERLY_LINEUP_NOT_CONFIRMED,1,LOCAL_ROW_VERIFIED_EXACT,669003,823996,2026-08-02,158,108,False,CF,0,4,4,0,0,0,0,0,0,statsapi,2026-08-03 12:42:12.988997+00:00,True,OFFICIAL_APPEARANCE_RESULT_RECOVERED,STARTED,3,4,4,0,0,0,0,0,0,artifacts/analysis/model_development/mlb_cleanroom_august2_normal_outcome_reconciliation/2026-08-03/official_sources/game_823996_66b7572a14be3c53fdb9f90fde555f8836e84f8c83f3acc768a4872dc45937e4.json,66b7572a14be3c53fdb9f90fde555f8836e84f8c83f3acc768a4872dc45937e4,2026-08-03T16:12:38.628142+00:00,FRESH_OFFICIAL_RECOVERY,LOCAL_ROW_VERIFIED_EXACT,
2026-08-02,823996,683734,Andrew Vaughn,,,,,,,,,,,140,-185,,,,,,,,FORMERLY_LINEUP_NOT_CONFIRMED,1,LOCAL_ROW_VERIFIED_EXACT,683734,823996,2026-08-02,158,108,False,1B,0,4,4,0,0,0,0,0,0,statsapi,2026-08-03 12:42:12.988997+00:00,True,OFFICIAL_APPEARANCE_RESULT_RECOVERED,STARTED,6,4,4,0,0,0,0,0,0,artifacts/analysis/model_development/mlb_cleanroom_august2_normal_outcome_reconciliation/2026-08-03/official_sources/game_823996_66b7572a14be3c53fdb9f90fde555f8836e84f8c83f3acc768a4872dc45937e4.json,66b7572a14be3c53fdb9f90fde555f8836e84f8c83f3acc768a4872dc45937e4,2026-08-03T16:12:38.628142+00:00,FRESH_OFFICIAL_RECOVERY,LOCAL_ROW_VERIFIED_EXACT,
2026-08-02,823996,687263,Zach Neto,,,,,,,,,,,178,-238,,,,,,,,FORMERLY_LINEUP_NOT_CONFIRMED,1,LOCAL_ROW_VERIFIED_EXACT,687263,823996,2026-08-02,108,158,True,SS,0,4,4,1,1,0,0,0,1,statsapi,2026-08-03 12:42:12.988997+00:00,True,OFFICIAL_APPEARANCE_RESULT_RECOVERED,STARTED,1,4,4,1,1,0,0,0,1,artifacts/analysis/model_development/mlb_cleanroom_august2_normal_outcome_reconciliation/2026-08-03/official_sources/game_823996_66b7572a14be3c53fdb9f90fde555f8836e84f8c83f3acc768a4872dc45937e4.json,66b7572a14be3c53fdb9f90fde555f8836e84f8c83f3acc768a4872dc45937e4,2026-08-03T16:12:38.628142+00:00,FRESH_OFFICIAL_RECOVERY,LOCAL_ROW_VERIFIED_EXACT,
2026-08-02,823996,694192,Jackson Chourio,,,,,,,,,,,113,-147,,,,,,,,FORMERLY_LINEUP_NOT_CONFIRMED,1,LOCAL_ROW_VERIFIED_EXACT,694192,823996,2026-08-02,158,108,False,LF,0,4,3,2,2,0,0,0,2,statsapi,2026-08-03 12:42:12.988997+00:00,True,OFFICIAL_APPEARANCE_RESULT_RECOVERED,STARTED,2,4,3,2,2,0,0,0,2,artifacts/analysis/model_development/mlb_cleanroom_august2_normal_outcome_reconciliation/2026-08-03/official_sources/game_823996_66b7572a14be3c53fdb9f90fde555f8836e84f8c83f3acc768a4872dc45937e4.json,66b7572a14be3c53fdb9f90fde555f8836e84f8c83f3acc768a4872dc45937e4,2026-08-03T16:12:38.628142+00:00,FRESH_OFFICIAL_RECOVERY,LOCAL_ROW_VERIFIED_EXACT,
2026-08-02,824163,572233,Christian Walker,,,,,,,,,,,155,-204,,,,,,,,FORMERLY_LINEUP_NOT_CONFIRMED,1,LOCAL_ROW_VERIFIED_EXACT,572233,824163,2026-08-02,117,140,True,1B,0,5,4,1,0,1,0,0,2,statsapi,2026-08-03 12:42:12.988997+00:00,True,OFFICIAL_APPEARANCE_RESULT_RECOVERED,STARTED,4,5,4,1,0,1,0,0,2,backend/mlb/exports/cleanroom_v1/bol_tb15/schedule_cohorts/2026-08-02/outcome_sources/game_824163_946eb50cdf4de528f54b386cdfdbd0baaceef27d07241b67adb65684ad07d722.json,946eb50cdf4de528f54b386cdfdbd0baaceef27d07241b67adb65684ad07d722,2026-08-03T13:47:42.673841+00:00,PRESERVED_OFFICIAL_FEED,LOCAL_ROW_VERIFIED_EXACT,
2026-08-02,824163,665161,Jeremy Peña,,,,,,,,,,,106,-137,,,,,,,,FORMERLY_LINEUP_NOT_CONFIRMED,1,LOCAL_ROW_VERIFIED_EXACT,665161,824163,2026-08-02,117,140,True,DH,0,5,4,2,1,0,0,1,5,statsapi,2026-08-03 12:42:12.988997+00:00,True,OFFICIAL_APPEARANCE_RESULT_RECOVERED,STARTED,1,5,4,2,1,0,0,1,5,backend/mlb/exports/cleanroom_v1/bol_tb15/schedule_cohorts/2026-08-02/outcome_sources/game_824163_946eb50cdf4de528f54b386cdfdbd0baaceef27d07241b67adb65684ad07d722.json,946eb50cdf4de528f54b386cdfdbd0baaceef27d07241b67adb65684ad07d722,2026-08-03T13:47:42.673841+00:00,PRESERVED_OFFICIAL_FEED,LOCAL_ROW_VERIFIED_EXACT,
2026-08-02,824163,670541,Yordan Alvarez,,,,,,,,,,,-105,-123,,,,,,,,FORMERLY_LINEUP_NOT_CONFIRMED,1,LOCAL_ROW_VERIFIED_EXACT,670541,824163,2026-08-02,117,140,True,LF,0,5,5,4,1,3,0,0,7,statsapi,2026-08-03 12:42:12.988997+00:00,True,OFFICIAL_APPEARANCE_RESULT_RECOVERED,STARTED,2,5,5,4,1,3,0,0,7,backend/mlb/exports/cleanroom_v1/bol_tb15/schedule_cohorts/2026-08-02/outcome_sources/game_824163_946eb50cdf4de528f54b386cdfdbd0baaceef27d07241b67adb65684ad07d722.json,946eb50cdf4de528f54b386cdfdbd0baaceef27d07241b67adb65684ad07d722,2026-08-03T13:47:42.673841+00:00,PRESERVED_OFFICIAL_FEED,LOCAL_ROW_VERIFIED_EXACT,
2026-08-02,824163,670623,Isaac Paredes,,,,,,,,,,,141,-185,,,,,,,,FORMERLY_LINEUP_NOT_CONFIRMED,1,LOCAL_ROW_VERIFIED_EXACT,670623,824163,2026-08-02,117,140,True,3B,0,5,5,0,0,0,0,0,0,statsapi,2026-08-03 12:42:12.988997+00:00,True,OFFICIAL_APPEARANCE_RESULT_RECOVERED,STARTED,3,5,5,0,0,0,0,0,0,backend/mlb/exports/cleanroom_v1/bol_tb15/schedule_cohorts/2026-08-02/outcome_sources/game_824163_946eb50cdf4de528f54b386cdfdbd0baaceef27d07241b67adb65684ad07d722.json,946eb50cdf4de528f54b386cdfdbd0baaceef27d07241b67adb65684ad07d722,2026-08-03T13:47:42.673841+00:00,PRESERVED_OFFICIAL_FEED,LOCAL_ROW_VERIFIED_EXACT,
2026-08-02,824163,673237,Yainer Diaz,,,,,,,,,,,146,-192,,,,,,,,FORMERLY_LINEUP_NOT_CONFIRMED,1,LOCAL_ROW_VERIFIED_EXACT,673237,824163,2026-08-02,117,140,True,C,0,0,0,0,0,0,0,0,0,statsapi,2026-08-03 12:42:12.988997+00:00,True,OFFICIAL_ZERO_PA_APPEARANCE_RECOVERED,OTHER_SUBSTITUTE,,0,0,0,0,0,0,0,0,backend/mlb/exports/cleanroom_v1/bol_tb15/schedule_cohorts/2026-08-02/outcome_sources/game_824163_946eb50cdf4de528f54b386cdfdbd0baaceef27d07241b67adb65684ad07d722.json,946eb50cdf4de528f54b386cdfdbd0baaceef27d07241b67adb65684ad07d722,2026-08-03T13:47:42.673841+00:00,PRESERVED_OFFICIAL_FEED,LOCAL_ROW_VERIFIED_EXACT,
2026-08-02,824323,516782,Starling Marte,,,,,,,,,,,102,-132,,,,,,,,FORMERLY_LINEUP_NOT_CONFIRMED,1,LOCAL_ROW_VERIFIED_EXACT,516782,824323,2026-08-02,118,115,False,LF,0,4,4,1,1,0,0,0,1,statsapi,2026-08-03 12:42:12.988997+00:00,True,OFFICIAL_APPEARANCE_RESULT_RECOVERED,STARTED,5,4,4,1,1,0,0,0,1,artifacts/analysis/model_development/mlb_cleanroom_august2_normal_outcome_reconciliation/2026-08-03/official_sources/game_824323_8037757708f2f5c02c45ce9e849ac87b7194d8381bcb67006dfdd0d9ae297132.json,8037757708f2f5c02c45ce9e849ac87b7194d8381bcb67006dfdd0d9ae297132,2026-08-03T16:12:38.753824+00:00,FRESH_OFFICIAL_RECOVERY,LOCAL_ROW_VERIFIED_EXACT,
2026-08-02,824323,623205,Andrew Velazquez,,,,,,,,,,,174,-233,,,,,,,,FORMERLY_LINEUP_NOT_CONFIRMED,0,LOCAL_ROW_MISSING,,,,,,,,,,,,,,,,,,,True,OFFICIAL_NONAPPEARANCE_SUPPORTED,DID_NOT_APPEAR,,0,0,0,0,0,0,0,0,artifacts/analysis/model_development/mlb_cleanroom_august2_normal_outcome_reconciliation/2026-08-03/official_sources/game_824323_8037757708f2f5c02c45ce9e849ac87b7194d8381bcb67006dfdd0d9ae297132.json,8037757708f2f5c02c45ce9e849ac87b7194d8381bcb67006dfdd0d9ae297132,2026-08-03T16:12:38.753824+00:00,FRESH_OFFICIAL_RECOVERY,OFFICIAL_NONAPPEARANCE_SUPPORTED,
2026-08-02,824323,650489,Willi Castro,,,,,,,,,,,112,-145,,,,,,,,FORMERLY_LINEUP_NOT_CONFIRMED,1,LOCAL_ROW_VERIFIED_EXACT,650489,824323,2026-08-02,115,118,True,3B,0,4,3,1,1,0,0,0,1,statsapi,2026-08-03 12:42:12.988997+00:00,True,OFFICIAL_APPEARANCE_RESULT_RECOVERED,STARTED,5,4,3,1,1,0,0,0,1,artifacts/analysis/model_development/mlb_cleanroom_august2_normal_outcome_reconciliation/2026-08-03/official_sources/game_824323_8037757708f2f5c02c45ce9e849ac87b7194d8381bcb67006dfdd0d9ae297132.json,8037757708f2f5c02c45ce9e849ac87b7194d8381bcb67006dfdd0d9ae297132,2026-08-03T16:12:38.753824+00:00,FRESH_OFFICIAL_RECOVERY,LOCAL_ROW_VERIFIED_EXACT,
2026-08-02,824323,664983,Jake McCarthy,,,,,,,,,,,-130,101,,,,,,,,FORMERLY_LINEUP_NOT_CONFIRMED,1,LOCAL_ROW_VERIFIED_EXACT,664983,824323,2026-08-02,115,118,True,DH,0,5,5,1,0,0,0,1,4,statsapi,2026-08-03 12:42:12.988997+00:00,True,OFFICIAL_APPEARANCE_RESULT_RECOVERED,STARTED,1,5,5,1,0,0,0,1,4,artifacts/analysis/model_development/mlb_cleanroom_august2_normal_outcome_reconciliation/2026-08-03/official_sources/game_824323_8037757708f2f5c02c45ce9e849ac87b7194d8381bcb67006dfdd0d9ae297132.json,8037757708f2f5c02c45ce9e849ac87b7194d8381bcb67006dfdd0d9ae297132,2026-08-03T16:12:38.753824+00:00,FRESH_OFFICIAL_RECOVERY,LOCAL_ROW_VERIFIED_EXACT,
2026-08-02,824323,666160,Mickey Moniak,,,,,,,,,,,-139,107,,,,,,,,FORMERLY_LINEUP_NOT_CONFIRMED,1,LOCAL_ROW_VERIFIED_EXACT,666160,824323,2026-08-02,115,118,True,LF,0,5,4,0,0,0,0,0,0,statsapi,2026-08-03 12:42:12.988997+00:00,True,OFFICIAL_APPEARANCE_RESULT_RECOVERED,STARTED,2,5,4,0,0,0,0,0,0,artifacts/analysis/model_development/mlb_cleanroom_august2_normal_outcome_reconciliation/2026-08-03/official_sources/game_824323_8037757708f2f5c02c45ce9e849ac87b7194d8381bcb67006dfdd0d9ae297132.json,8037757708f2f5c02c45ce9e849ac87b7194d8381bcb67006dfdd0d9ae297132,2026-08-03T16:12:38.753824+00:00,FRESH_OFFICIAL_RECOVERY,LOCAL_ROW_VERIFIED_EXACT,
2026-08-02,824323,670231,John Rave,,,,,,,,,,,139,-182,,,,,,,,FORMERLY_LINEUP_NOT_CONFIRMED,1,LOCAL_ROW_VERIFIED_EXACT,670231,824323,2026-08-02,118,115,False,CF,0,4,4,1,1,0,0,0,1,statsapi,2026-08-03 12:42:12.988997+00:00,True,OFFICIAL_APPEARANCE_RESULT_RECOVERED,STARTED,6,4,4,1,1,0,0,0,1,artifacts/analysis/model_development/mlb_cleanroom_august2_normal_outcome_reconciliation/2026-08-03/official_sources/game_824323_8037757708f2f5c02c45ce9e849ac87b7194d8381bcb67006dfdd0d9ae297132.json,8037757708f2f5c02c45ce9e849ac87b7194d8381bcb67006dfdd0d9ae297132,2026-08-03T16:12:38.753824+00:00,FRESH_OFFICIAL_RECOVERY,LOCAL_ROW_VERIFIED_EXACT,
2026-08-02,824323,671289,Tyler Freeman,,,,,,,,,,,134,-175,,,,,,,,FORMERLY_LINEUP_NOT_CONFIRMED,0,LOCAL_ROW_MISSING,,,,,,,,,,,,,,,,,,,True,OFFICIAL_NONAPPEARANCE_SUPPORTED,DID_NOT_APPEAR,,0,0,0,0,0,0,0,0,artifacts/analysis/model_development/mlb_cleanroom_august2_normal_outcome_reconciliation/2026-08-03/official_sources/game_824323_8037757708f2f5c02c45ce9e849ac87b7194d8381bcb67006dfdd0d9ae297132.json,8037757708f2f5c02c45ce9e849ac87b7194d8381bcb67006dfdd0d9ae297132,2026-08-03T16:12:38.753824+00:00,FRESH_OFFICIAL_RECOVERY,OFFICIAL_NONAPPEARANCE_SUPPORTED,
2026-08-02,824323,678662,Ezequiel Tovar,,,,,,,,,,,132,-172,,,,,,,,FORMERLY_LINEUP_NOT_CONFIRMED,1,LOCAL_ROW_VERIFIED_EXACT,678662,824323,2026-08-02,115,118,True,SS,0,4,3,0,0,0,0,0,0,statsapi,2026-08-03 12:42:12.988997+00:00,True,OFFICIAL_APPEARANCE_RESULT_RECOVERED,STARTED,9,4,3,0,0,0,0,0,0,artifacts/analysis/model_development/mlb_cleanroom_august2_normal_outcome_reconciliation/2026-08-03/official_sources/game_824323_8037757708f2f5c02c45ce9e849ac87b7194d8381bcb67006dfdd0d9ae297132.json,8037757708f2f5c02c45ce9e849ac87b7194d8381bcb67006dfdd0d9ae297132,2026-08-03T16:12:38.753824+00:00,FRESH_OFFICIAL_RECOVERY,LOCAL_ROW_VERIFIED_EXACT,
2026-08-02,824323,679845,Nick Loftin,,,,,,,,,,,-112,-115,,,,,,,,FORMERLY_LINEUP_NOT_CONFIRMED,1,LOCAL_ROW_VERIFIED_EXACT,679845,824323,2026-08-02,118,115,False,2B,0,4,3,0,0,0,0,0,0,statsapi,2026-08-03 12:42:12.988997+00:00,True,OFFICIAL_APPEARANCE_RESULT_RECOVERED,STARTED,2,4,3,0,0,0,0,0,0,artifacts/analysis/model_development/mlb_cleanroom_august2_normal_outcome_reconciliation/2026-08-03/official_sources/game_824323_8037757708f2f5c02c45ce9e849ac87b7194d8381bcb67006dfdd0d9ae297132.json,8037757708f2f5c02c45ce9e849ac87b7194d8381bcb67006dfdd0d9ae297132,2026-08-03T16:12:38.753824+00:00,FRESH_OFFICIAL_RECOVERY,LOCAL_ROW_VERIFIED_EXACT,
2026-08-02,824323,681198,TJ Rumfield,,,,,,,,,,,-111,-116,,,,,,,,FORMERLY_LINEUP_NOT_CONFIRMED,1,LOCAL_ROW_VERIFIED_EXACT,681198,824323,2026-08-02,115,118,True,1B,0,4,4,1,0,1,0,0,2,statsapi,2026-08-03 12:42:12.988997+00:00,True,OFFICIAL_APPEARANCE_RESULT_RECOVERED,STARTED,4,4,4,1,0,1,0,0,2,artifacts/analysis/model_development/mlb_cleanroom_august2_normal_outcome_reconciliation/2026-08-03/official_sources/game_824323_8037757708f2f5c02c45ce9e849ac87b7194d8381bcb67006dfdd0d9ae297132.json,8037757708f2f5c02c45ce9e849ac87b7194d8381bcb67006dfdd0d9ae297132,2026-08-03T16:12:38.753824+00:00,FRESH_OFFICIAL_RECOVERY,LOCAL_ROW_VERIFIED_EXACT,
2026-08-02,824323,686475,Tyler Tolbert,,,,,,,,,,,126,-164,,,,,,,,FORMERLY_LINEUP_NOT_CONFIRMED,1,LOCAL_ROW_VERIFIED_EXACT,686475,824323,2026-08-02,118,115,False,SS,0,4,4,0,0,0,0,0,0,statsapi,2026-08-03 12:42:12.988997+00:00,True,OFFICIAL_APPEARANCE_RESULT_RECOVERED,STARTED,7,4,4,0,0,0,0,0,0,artifacts/analysis/model_development/mlb_cleanroom_august2_normal_outcome_reconciliation/2026-08-03/official_sources/game_824323_8037757708f2f5c02c45ce9e849ac87b7194d8381bcb67006dfdd0d9ae297132.json,8037757708f2f5c02c45ce9e849ac87b7194d8381bcb67006dfdd0d9ae297132,2026-08-03T16:12:38.753824+00:00,FRESH_OFFICIAL_RECOVERY,LOCAL_ROW_VERIFIED_EXACT,
2026-08-02,824323,686555,Isaac Collins,,,,,,,,,,,-102,-127,,,,,,,,FORMERLY_LINEUP_NOT_CONFIRMED,0,LOCAL_ROW_MISSING,,,,,,,,,,,,,,,,,,,True,OFFICIAL_NONAPPEARANCE_SUPPORTED,DID_NOT_APPEAR,,0,0,0,0,0,0,0,0,artifacts/analysis/model_development/mlb_cleanroom_august2_normal_outcome_reconciliation/2026-08-03/official_sources/game_824323_8037757708f2f5c02c45ce9e849ac87b7194d8381bcb67006dfdd0d9ae297132.json,8037757708f2f5c02c45ce9e849ac87b7194d8381bcb67006dfdd0d9ae297132,2026-08-03T16:12:38.753824+00:00,FRESH_OFFICIAL_RECOVERY,OFFICIAL_NONAPPEARANCE_SUPPORTED,
2026-08-02,824323,687859,Troy Johnston,,,,,,,,,,,126,-164,,,,,,,,FORMERLY_LINEUP_NOT_CONFIRMED,1,LOCAL_ROW_VERIFIED_EXACT,687859,824323,2026-08-02,115,118,True,RF,0,4,4,1,1,0,0,0,1,statsapi,2026-08-03 12:42:12.988997+00:00,True,OFFICIAL_APPEARANCE_RESULT_RECOVERED,STARTED,6,4,4,1,1,0,0,0,1,artifacts/analysis/model_development/mlb_cleanroom_august2_normal_outcome_reconciliation/2026-08-03/official_sources/game_824323_8037757708f2f5c02c45ce9e849ac87b7194d8381bcb67006dfdd0d9ae297132.json,8037757708f2f5c02c45ce9e849ac87b7194d8381bcb67006dfdd0d9ae297132,2026-08-03T16:12:38.753824+00:00,FRESH_OFFICIAL_RECOVERY,LOCAL_ROW_VERIFIED_EXACT,
2026-08-02,824323,691720,Kyle Karros,,,,,,,,,,,104,-135,,,,,,,,FORMERLY_LINEUP_NOT_CONFIRMED,0,LOCAL_ROW_MISSING,,,,,,,,,,,,,,,,,,,True,OFFICIAL_NONAPPEARANCE_SUPPORTED,DID_NOT_APPEAR,,0,0,0,0,0,0,0,0,artifacts/analysis/model_development/mlb_cleanroom_august2_normal_outcome_reconciliation/2026-08-03/official_sources/game_824323_8037757708f2f5c02c45ce9e849ac87b7194d8381bcb67006dfdd0d9ae297132.json,8037757708f2f5c02c45ce9e849ac87b7194d8381bcb67006dfdd0d9ae297132,2026-08-03T16:12:38.753824+00:00,FRESH_OFFICIAL_RECOVERY,OFFICIAL_NONAPPEARANCE_SUPPORTED,
2026-08-02,824323,694249,Cole Carrigg,,,,,,,,,,,-106,-122,,,,,,,,FORMERLY_LINEUP_NOT_CONFIRMED,1,LOCAL_ROW_VERIFIED_EXACT,694249,824323,2026-08-02,115,118,True,CF,0,4,4,3,2,1,0,0,4,statsapi,2026-08-03 12:42:12.988997+00:00,True,OFFICIAL_APPEARANCE_RESULT_RECOVERED,STARTED,3,4,4,3,2,1,0,0,4,artifacts/analysis/model_development/mlb_cleanroom_august2_normal_outcome_reconciliation/2026-08-03/official_sources/game_824323_8037757708f2f5c02c45ce9e849ac87b7194d8381bcb67006dfdd0d9ae297132.json,8037757708f2f5c02c45ce9e849ac87b7194d8381bcb67006dfdd0d9ae297132,2026-08-03T16:12:38.753824+00:00,FRESH_OFFICIAL_RECOVERY,LOCAL_ROW_VERIFIED_EXACT,
2026-08-02,824323,695600,Carter Jensen,,,,,,,,,,,-119,-109,,,,,,,,FORMERLY_LINEUP_NOT_CONFIRMED,1,LOCAL_ROW_VERIFIED_EXACT,695600,824323,2026-08-02,118,115,False,DH,0,4,4,0,0,0,0,0,0,statsapi,2026-08-03 12:42:12.988997+00:00,True,OFFICIAL_APPEARANCE_RESULT_RECOVERED,STARTED,1,4,4,0,0,0,0,0,0,artifacts/analysis/model_development/mlb_cleanroom_august2_normal_outcome_reconciliation/2026-08-03/official_sources/game_824323_8037757708f2f5c02c45ce9e849ac87b7194d8381bcb67006dfdd0d9ae297132.json,8037757708f2f5c02c45ce9e849ac87b7194d8381bcb67006dfdd0d9ae297132,2026-08-03T16:12:38.753824+00:00,FRESH_OFFICIAL_RECOVERY,LOCAL_ROW_VERIFIED_EXACT,
2026-08-02,824323,696100,Hunter Goodman,,,,,,,,,,,-127,-102,,,,,,,,FORMERLY_LINEUP_NOT_CONFIRMED,0,LOCAL_ROW_MISSING,,,,,,,,,,,,,,,,,,,True,OFFICIAL_NONAPPEARANCE_SUPPORTED,DID_NOT_APPEAR,,0,0,0,0,0,0,0,0,artifacts/analysis/model_development/mlb_cleanroom_august2_normal_outcome_reconciliation/2026-08-03/official_sources/game_824323_8037757708f2f5c02c45ce9e849ac87b7194d8381bcb67006dfdd0d9ae297132.json,8037757708f2f5c02c45ce9e849ac87b7194d8381bcb67006dfdd0d9ae297132,2026-08-03T16:12:38.753824+00:00,FRESH_OFFICIAL_RECOVERY,OFFICIAL_NONAPPEARANCE_SUPPORTED,
