slate_date,artifact,governing_run_tag,game_pk,player_mlb_id,market_timestamp_utc,classification,lineup_observed_at_utc,lineup_ingestion_run_id,failed_ingestion_referenced
2026-07-29,IMMUTABLE_SNAPSHOT,cleanroom_20260729T135332Z,822702,543807,2026-07-29 13:53:53+00:00,ORDER_NOT_CONFIRMED,,,False
2026-07-29,IMMUTABLE_SNAPSHOT,cleanroom_20260729T135332Z,822702,649966,2026-07-29 13:53:53+00:00,ORDER_NOT_CONFIRMED,,,False
2026-07-29,IMMUTABLE_SNAPSHOT,cleanroom_20260729T135332Z,822702,660688,2026-07-29 13:53:53+00:00,ORDER_NOT_CONFIRMED,,,False
2026-07-29,IMMUTABLE_SNAPSHOT,cleanroom_20260729T135332Z,822702,662139,2026-07-29 13:53:53+00:00,ORDER_NOT_CONFIRMED,,,False
2026-07-29,IMMUTABLE_SNAPSHOT,cleanroom_20260729T135332Z,822702,664770,2026-07-29 13:53:53+00:00,ORDER_NOT_CONFIRMED,,,False
2026-07-29,IMMUTABLE_SNAPSHOT,cleanroom_20260729T135332Z,822702,665926,2026-07-29 13:53:53+00:00,ORDER_NOT_CONFIRMED,,,False
2026-07-29,IMMUTABLE_SNAPSHOT,cleanroom_20260729T135332Z,822702,671277,2026-07-29 13:53:53+00:00,ORDER_NOT_CONFIRMED,,,False
2026-07-29,IMMUTABLE_SNAPSHOT,cleanroom_20260729T135332Z,822702,672386,2026-07-29 13:53:53+00:00,ORDER_NOT_CONFIRMED,,,False
2026-07-29,IMMUTABLE_SNAPSHOT,cleanroom_20260729T135332Z,822702,672960,2026-07-29 13:53:53+00:00,ORDER_NOT_CONFIRMED,,,False
2026-07-29,IMMUTABLE_SNAPSHOT,cleanroom_20260729T135332Z,822702,676391,2026-07-29 13:53:53+00:00,ORDER_NOT_CONFIRMED,,,False
2026-07-29,IMMUTABLE_SNAPSHOT,cleanroom_20260729T135332Z,822702,677588,2026-07-29 13:53:53+00:00,ORDER_NOT_CONFIRMED,,,False
2026-07-29,IMMUTABLE_SNAPSHOT,cleanroom_20260729T135332Z,822702,682818,2026-07-29 13:53:53+00:00,ORDER_NOT_CONFIRMED,,,False
2026-07-29,IMMUTABLE_SNAPSHOT,cleanroom_20260729T135332Z,822702,682928,2026-07-29 13:53:53+00:00,ORDER_NOT_CONFIRMED,,,False
2026-07-29,IMMUTABLE_SNAPSHOT,cleanroom_20260729T135332Z,822702,686611,2026-07-29 13:53:53+00:00,ORDER_NOT_CONFIRMED,,,False
2026-07-29,IMMUTABLE_SNAPSHOT,cleanroom_20260729T135332Z,822702,695578,2026-07-29 13:53:53+00:00,ORDER_NOT_CONFIRMED,,,False
2026-07-29,IMMUTABLE_SNAPSHOT,cleanroom_20260729T135332Z,822702,695734,2026-07-29 13:53:53+00:00,ORDER_NOT_CONFIRMED,,,False
2026-07-29,IMMUTABLE_SNAPSHOT,cleanroom_20260729T135332Z,822947,607043,2026-07-29 13:53:18+00:00,ORDER_NOT_CONFIRMED,,,False
2026-07-29,IMMUTABLE_SNAPSHOT,cleanroom_20260729T135332Z,822947,650490,2026-07-29 13:53:18+00:00,ORDER_NOT_CONFIRMED,,,False
2026-07-29,IMMUTABLE_SNAPSHOT,cleanroom_20260729T135332Z,822947,666018,2026-07-29 13:53:18+00:00,ORDER_NOT_CONFIRMED,,,False
2026-07-29,IMMUTABLE_SNAPSHOT,cleanroom_20260729T135332Z,822947,669394,2026-07-29 13:53:18+00:00,ORDER_NOT_CONFIRMED,,,False
2026-07-29,IMMUTABLE_SNAPSHOT,cleanroom_20260729T135332Z,822947,676356,2026-07-29 13:53:18+00:00,ORDER_NOT_CONFIRMED,,,False
2026-07-29,IMMUTABLE_SNAPSHOT,cleanroom_20260729T135332Z,822947,691406,2026-07-29 13:53:18+00:00,ORDER_NOT_CONFIRMED,,,False
2026-07-29,IMMUTABLE_SNAPSHOT,cleanroom_20260729T135332Z,822947,694671,2026-07-29 13:53:18+00:00,ORDER_NOT_CONFIRMED,,,False
2026-07-29,IMMUTABLE_SNAPSHOT,cleanroom_20260729T135332Z,822947,802415,2026-07-29 13:53:18+00:00,ORDER_NOT_CONFIRMED,,,False
2026-07-29,IMMUTABLE_SNAPSHOT,cleanroom_20260729T135332Z,823022,608324,2026-07-29 13:53:32+00:00,ORDER_NOT_CONFIRMED,,,False
2026-07-29,IMMUTABLE_SNAPSHOT,cleanroom_20260729T135332Z,823022,608348,2026-07-29 13:53:32+00:00,ORDER_NOT_CONFIRMED,,,False
2026-07-29,IMMUTABLE_SNAPSHOT,cleanroom_20260729T135332Z,823022,621020,2026-07-29 13:53:32+00:00,ORDER_NOT_CONFIRMED,,,False
2026-07-29,IMMUTABLE_SNAPSHOT,cleanroom_20260729T135332Z,823022,663538,2026-07-29 13:53:32+00:00,ORDER_NOT_CONFIRMED,,,False
2026-07-29,IMMUTABLE_SNAPSHOT,cleanroom_20260729T135332Z,823022,664023,2026-07-29 13:53:32+00:00,ORDER_NOT_CONFIRMED,,,False
2026-07-29,IMMUTABLE_SNAPSHOT,cleanroom_20260729T135332Z,823022,671056,2026-07-29 13:53:32+00:00,ORDER_NOT_CONFIRMED,,,False
2026-07-29,IMMUTABLE_SNAPSHOT,cleanroom_20260729T135332Z,823022,673548,2026-07-29 13:53:32+00:00,ORDER_NOT_CONFIRMED,,,False
2026-07-29,IMMUTABLE_SNAPSHOT,cleanroom_20260729T135332Z,823022,676369,2026-07-29 13:53:32+00:00,ORDER_NOT_CONFIRMED,,,False
2026-07-29,IMMUTABLE_SNAPSHOT,cleanroom_20260729T135332Z,823022,676475,2026-07-29 13:53:32+00:00,ORDER_NOT_CONFIRMED,,,False
2026-07-29,IMMUTABLE_SNAPSHOT,cleanroom_20260729T135332Z,823022,683737,2026-07-29 13:53:32+00:00,ORDER_NOT_CONFIRMED,,,False
2026-07-29,IMMUTABLE_SNAPSHOT,cleanroom_20260729T135332Z,823022,691023,2026-07-29 13:53:32+00:00,ORDER_NOT_CONFIRMED,,,False
2026-07-29,IMMUTABLE_SNAPSHOT,cleanroom_20260729T135332Z,823022,691026,2026-07-29 13:53:32+00:00,ORDER_NOT_CONFIRMED,,,False
2026-07-29,IMMUTABLE_SNAPSHOT,cleanroom_20260729T135332Z,823022,691718,2026-07-29 13:53:32+00:00,ORDER_NOT_CONFIRMED,,,False
2026-07-29,IMMUTABLE_SNAPSHOT,cleanroom_20260729T135332Z,823022,699393,2026-07-29 13:53:32+00:00,ORDER_NOT_CONFIRMED,,,False
2026-07-29,IMMUTABLE_SNAPSHOT,cleanroom_20260729T135332Z,823022,802139,2026-07-29 13:53:32+00:00,ORDER_NOT_CONFIRMED,,,False
2026-07-29,IMMUTABLE_SNAPSHOT,cleanroom_20260729T135332Z,823192,592885,2026-07-29 13:53:04+00:00,ORDER_NOT_CONFIRMED,,,False
2026-07-29,IMMUTABLE_SNAPSHOT,cleanroom_20260729T135332Z,823192,641343,2026-07-29 13:53:04+00:00,ORDER_NOT_CONFIRMED,,,False
2026-07-29,IMMUTABLE_SNAPSHOT,cleanroom_20260729T135332Z,823192,642715,2026-07-29 13:53:04+00:00,ORDER_NOT_CONFIRMED,,,False
2026-07-29,IMMUTABLE_SNAPSHOT,cleanroom_20260729T135332Z,823192,646240,2026-07-29 13:53:04+00:00,ORDER_NOT_CONFIRMED,,,False
2026-07-29,IMMUTABLE_SNAPSHOT,cleanroom_20260729T135332Z,823192,650333,2026-07-29 13:53:04+00:00,ORDER_NOT_CONFIRMED,,,False
2026-07-29,IMMUTABLE_SNAPSHOT,cleanroom_20260729T135332Z,823192,661388,2026-07-29 13:53:04+00:00,ORDER_NOT_CONFIRMED,,,False
2026-07-29,IMMUTABLE_SNAPSHOT,cleanroom_20260729T135332Z,823192,668930,2026-07-29 13:53:04+00:00,ORDER_NOT_CONFIRMED,,,False
2026-07-29,IMMUTABLE_SNAPSHOT,cleanroom_20260729T135332Z,823192,671218,2026-07-29 13:53:04+00:00,ORDER_NOT_CONFIRMED,,,False
2026-07-29,IMMUTABLE_SNAPSHOT,cleanroom_20260729T135332Z,823192,683734,2026-07-29 13:53:04+00:00,ORDER_NOT_CONFIRMED,,,False
2026-07-29,IMMUTABLE_SNAPSHOT,cleanroom_20260729T135332Z,823192,694192,2026-07-29 13:53:04+00:00,ORDER_NOT_CONFIRMED,,,False
2026-07-29,IMMUTABLE_SNAPSHOT,cleanroom_20260729T135332Z,823192,806198,2026-07-29 13:53:04+00:00,ORDER_NOT_CONFIRMED,,,False
2026-07-29,IMMUTABLE_SNAPSHOT,cleanroom_20260729T135332Z,823192,808982,2026-07-29 13:53:04+00:00,ORDER_NOT_CONFIRMED,,,False
2026-07-29,IMMUTABLE_SNAPSHOT,cleanroom_20260729T135332Z,823351,571448,2026-07-29 13:53:34+00:00,ORDER_NOT_CONFIRMED,,,False
2026-07-29,IMMUTABLE_SNAPSHOT,cleanroom_20260729T135332Z,823351,596146,2026-07-29 13:53:34+00:00,ORDER_NOT_CONFIRMED,,,False
2026-07-29,IMMUTABLE_SNAPSHOT,cleanroom_20260729T135332Z,823351,606466,2026-07-29 13:53:34+00:00,ORDER_NOT_CONFIRMED,,,False
2026-07-29,IMMUTABLE_SNAPSHOT,cleanroom_20260729T135332Z,823351,656811,2026-07-29 13:53:34+00:00,ORDER_NOT_CONFIRMED,,,False
2026-07-29,IMMUTABLE_SNAPSHOT,cleanroom_20260729T135332Z,823351,663968,2026-07-29 13:53:34+00:00,ORDER_NOT_CONFIRMED,,,False
2026-07-29,IMMUTABLE_SNAPSHOT,cleanroom_20260729T135332Z,823351,668804,2026-07-29 13:53:34+00:00,ORDER_NOT_CONFIRMED,,,False
2026-07-29,IMMUTABLE_SNAPSHOT,cleanroom_20260729T135332Z,823351,672515,2026-07-29 13:53:34+00:00,ORDER_NOT_CONFIRMED,,,False
2026-07-29,IMMUTABLE_SNAPSHOT,cleanroom_20260729T135332Z,823351,672695,2026-07-29 13:53:34+00:00,ORDER_NOT_CONFIRMED,,,False
2026-07-29,IMMUTABLE_SNAPSHOT,cleanroom_20260729T135332Z,823351,682998,2026-07-29 13:53:34+00:00,ORDER_NOT_CONFIRMED,,,False
2026-07-29,IMMUTABLE_SNAPSHOT,cleanroom_20260729T135332Z,823351,693304,2026-07-29 13:53:34+00:00,ORDER_NOT_CONFIRMED,,,False
2026-07-29,IMMUTABLE_SNAPSHOT,cleanroom_20260729T135332Z,823351,699013,2026-07-29 13:53:34+00:00,ORDER_NOT_CONFIRMED,,,False
2026-07-29,IMMUTABLE_SNAPSHOT,cleanroom_20260729T135332Z,823596,593871,2026-07-29 13:53:10+00:00,ORDER_NOT_CONFIRMED,,,False
2026-07-29,IMMUTABLE_SNAPSHOT,cleanroom_20260729T135332Z,823596,596019,2026-07-29 13:53:10+00:00,ORDER_NOT_CONFIRMED,,,False
2026-07-29,IMMUTABLE_SNAPSHOT,cleanroom_20260729T135332Z,823596,621566,2026-07-29 13:53:10+00:00,ORDER_NOT_CONFIRMED,,,False
2026-07-29,IMMUTABLE_SNAPSHOT,cleanroom_20260729T135332Z,823596,643289,2026-07-29 13:53:10+00:00,ORDER_NOT_CONFIRMED,,,False
2026-07-29,IMMUTABLE_SNAPSHOT,cleanroom_20260729T135332Z,823596,645277,2026-07-29 13:53:10+00:00,ORDER_NOT_CONFIRMED,,,False
2026-07-29,IMMUTABLE_SNAPSHOT,cleanroom_20260729T135332Z,823596,660670,2026-07-29 13:53:10+00:00,ORDER_NOT_CONFIRMED,,,False
2026-07-29,IMMUTABLE_SNAPSHOT,cleanroom_20260729T135332Z,823596,663586,2026-07-29 13:53:10+00:00,ORDER_NOT_CONFIRMED,,,False
2026-07-29,IMMUTABLE_SNAPSHOT,cleanroom_20260729T135332Z,823596,666182,2026-07-29 13:53:10+00:00,ORDER_NOT_CONFIRMED,,,False
2026-07-29,IMMUTABLE_SNAPSHOT,cleanroom_20260729T135332Z,823596,671739,2026-07-29 13:53:10+00:00,ORDER_NOT_CONFIRMED,,,False
2026-07-29,IMMUTABLE_SNAPSHOT,cleanroom_20260729T135332Z,823596,673357,2026-07-29 13:53:10+00:00,ORDER_NOT_CONFIRMED,,,False
2026-07-29,IMMUTABLE_SNAPSHOT,cleanroom_20260729T135332Z,823596,686948,2026-07-29 13:53:10+00:00,ORDER_NOT_CONFIRMED,,,False
2026-07-29,IMMUTABLE_SNAPSHOT,cleanroom_20260729T135332Z,823596,701807,2026-07-29 13:53:10+00:00,ORDER_NOT_CONFIRMED,,,False
2026-07-29,IMMUTABLE_SNAPSHOT,cleanroom_20260729T135332Z,823596,805999,2026-07-29 13:53:10+00:00,ORDER_NOT_CONFIRMED,,,False
2026-07-29,IMMUTABLE_SNAPSHOT,cleanroom_20260729T135332Z,823677,521692,2026-07-29 13:53:03+00:00,ORDER_NOT_CONFIRMED,,,False
2026-07-29,IMMUTABLE_SNAPSHOT,cleanroom_20260729T135332Z,823677,605137,2026-07-29 13:53:03+00:00,ORDER_NOT_CONFIRMED,,,False
2026-07-29,IMMUTABLE_SNAPSHOT,cleanroom_20260729T135332Z,823677,657041,2026-07-29 13:53:03+00:00,ORDER_NOT_CONFIRMED,,,False
2026-07-29,IMMUTABLE_SNAPSHOT,cleanroom_20260729T135332Z,823677,663616,2026-07-29 13:53:03+00:00,ORDER_NOT_CONFIRMED,,,False
2026-07-29,IMMUTABLE_SNAPSHOT,cleanroom_20260729T135332Z,823677,665019,2026-07-29 13:53:03+00:00,ORDER_NOT_CONFIRMED,,,False
2026-07-29,IMMUTABLE_SNAPSHOT,cleanroom_20260729T135332Z,823677,668904,2026-07-29 13:53:03+00:00,ORDER_NOT_CONFIRMED,,,False
2026-07-29,IMMUTABLE_SNAPSHOT,cleanroom_20260729T135332Z,823677,679845,2026-07-29 13:53:03+00:00,ORDER_NOT_CONFIRMED,,,False
2026-07-29,IMMUTABLE_SNAPSHOT,cleanroom_20260729T135332Z,823677,680777,2026-07-29 13:53:03+00:00,ORDER_NOT_CONFIRMED,,,False
2026-07-29,IMMUTABLE_SNAPSHOT,cleanroom_20260729T135332Z,823677,686469,2026-07-29 13:53:03+00:00,ORDER_NOT_CONFIRMED,,,False
2026-07-29,IMMUTABLE_SNAPSHOT,cleanroom_20260729T135332Z,823677,686681,2026-07-29 13:53:03+00:00,ORDER_NOT_CONFIRMED,,,False
2026-07-29,IMMUTABLE_SNAPSHOT,cleanroom_20260729T135332Z,823677,686797,2026-07-29 13:53:03+00:00,ORDER_NOT_CONFIRMED,,,False
2026-07-29,IMMUTABLE_SNAPSHOT,cleanroom_20260729T135332Z,823677,695506,2026-07-29 13:53:03+00:00,ORDER_NOT_CONFIRMED,,,False
2026-07-29,IMMUTABLE_SNAPSHOT,cleanroom_20260729T135332Z,823677,695600,2026-07-29 13:53:03+00:00,ORDER_NOT_CONFIRMED,,,False
2026-07-29,IMMUTABLE_SNAPSHOT,cleanroom_20260729T135332Z,823677,702176,2026-07-29 13:53:03+00:00,ORDER_NOT_CONFIRMED,,,False
2026-07-29,IMMUTABLE_SNAPSHOT,cleanroom_20260729T135332Z,823677,807712,2026-07-29 13:53:03+00:00,ORDER_NOT_CONFIRMED,,,False
2026-07-29,IMMUTABLE_SNAPSHOT,cleanroom_20260729T135332Z,823837,547180,2026-07-29 13:53:31+00:00,LINEUP_AFTER_GOVERNING_CAPTURE,2026-07-29T13:55:15.272528+00:00,8f78f23e-7d56-468b-8506-2f6e27d522e4,False
2026-07-29,IMMUTABLE_SNAPSHOT,cleanroom_20260729T135332Z,823837,592663,2026-07-29 13:53:31+00:00,LINEUP_AFTER_GOVERNING_CAPTURE,2026-07-29T13:55:15.272528+00:00,8f78f23e-7d56-468b-8506-2f6e27d522e4,False
2026-07-29,IMMUTABLE_SNAPSHOT,cleanroom_20260729T135332Z,823837,607208,2026-07-29 13:53:31+00:00,LINEUP_AFTER_GOVERNING_CAPTURE,2026-07-29T13:55:15.272528+00:00,8f78f23e-7d56-468b-8506-2f6e27d522e4,False
2026-07-29,IMMUTABLE_SNAPSHOT,cleanroom_20260729T135332Z,823837,624641,2026-07-29 13:53:31+00:00,LINEUP_AFTER_GOVERNING_CAPTURE,2026-07-29T13:55:15.272528+00:00,8f78f23e-7d56-468b-8506-2f6e27d522e4,False
2026-07-29,IMMUTABLE_SNAPSHOT,cleanroom_20260729T135332Z,823837,650559,2026-07-29 13:53:31+00:00,LINEUP_AFTER_GOVERNING_CAPTURE,2026-07-29T13:55:15.272528+00:00,8f78f23e-7d56-468b-8506-2f6e27d522e4,False
2026-07-29,IMMUTABLE_SNAPSHOT,cleanroom_20260729T135332Z,823837,656941,2026-07-29 13:53:31+00:00,ORDER_NOT_CONFIRMED,,,False
2026-07-29,IMMUTABLE_SNAPSHOT,cleanroom_20260729T135332Z,823837,664761,2026-07-29 13:53:31+00:00,LINEUP_AFTER_GOVERNING_CAPTURE,2026-07-29T13:55:15.272528+00:00,8f78f23e-7d56-468b-8506-2f6e27d522e4,False
2026-07-29,IMMUTABLE_SNAPSHOT,cleanroom_20260729T135332Z,823837,669016,2026-07-29 13:53:31+00:00,LINEUP_AFTER_GOVERNING_CAPTURE,2026-07-29T13:55:15.272528+00:00,8f78f23e-7d56-468b-8506-2f6e27d522e4,False
2026-07-29,IMMUTABLE_SNAPSHOT,cleanroom_20260729T135332Z,823837,669364,2026-07-29 13:53:31+00:00,LINEUP_AFTER_GOVERNING_CAPTURE,2026-07-29T13:55:15.272528+00:00,8f78f23e-7d56-468b-8506-2f6e27d522e4,False
2026-07-29,IMMUTABLE_SNAPSHOT,cleanroom_20260729T135332Z,823837,672640,2026-07-29 13:53:31+00:00,LINEUP_AFTER_GOVERNING_CAPTURE,2026-07-29T13:55:15.272528+00:00,8f78f23e-7d56-468b-8506-2f6e27d522e4,False
2026-07-29,IMMUTABLE_SNAPSHOT,cleanroom_20260729T135332Z,823837,681082,2026-07-29 13:53:31+00:00,LINEUP_AFTER_GOVERNING_CAPTURE,2026-07-29T13:55:15.272528+00:00,8f78f23e-7d56-468b-8506-2f6e27d522e4,False
2026-07-29,IMMUTABLE_SNAPSHOT,cleanroom_20260729T135332Z,823837,681715,2026-07-29 13:53:31+00:00,LINEUP_AFTER_GOVERNING_CAPTURE,2026-07-29T13:55:15.272528+00:00,8f78f23e-7d56-468b-8506-2f6e27d522e4,False
2026-07-29,IMMUTABLE_SNAPSHOT,cleanroom_20260729T135332Z,823837,687282,2026-07-29 13:53:31+00:00,ORDER_NOT_CONFIRMED,,,False
2026-07-29,IMMUTABLE_SNAPSHOT,cleanroom_20260729T135332Z,823837,691594,2026-07-29 13:53:31+00:00,LINEUP_AFTER_GOVERNING_CAPTURE,2026-07-29T13:55:15.272528+00:00,8f78f23e-7d56-468b-8506-2f6e27d522e4,False
2026-07-29,IMMUTABLE_SNAPSHOT,cleanroom_20260729T135332Z,823837,702222,2026-07-29 13:53:31+00:00,LINEUP_AFTER_GOVERNING_CAPTURE,2026-07-29T13:55:15.272528+00:00,8f78f23e-7d56-468b-8506-2f6e27d522e4,False
2026-07-29,IMMUTABLE_SNAPSHOT,cleanroom_20260729T135332Z,823924,518692,2026-07-29 13:53:09+00:00,ORDER_NOT_CONFIRMED,,,False
2026-07-29,IMMUTABLE_SNAPSHOT,cleanroom_20260729T135332Z,823924,571970,2026-07-29 13:53:09+00:00,ORDER_NOT_CONFIRMED,,,False
2026-07-29,IMMUTABLE_SNAPSHOT,cleanroom_20260729T135332Z,823924,605141,2026-07-29 13:53:09+00:00,ORDER_NOT_CONFIRMED,,,False
2026-07-29,IMMUTABLE_SNAPSHOT,cleanroom_20260729T135332Z,823924,606192,2026-07-29 13:53:09+00:00,ORDER_NOT_CONFIRMED,,,False
2026-07-29,IMMUTABLE_SNAPSHOT,cleanroom_20260729T135332Z,823924,647304,2026-07-29 13:53:09+00:00,ORDER_NOT_CONFIRMED,,,False
2026-07-29,IMMUTABLE_SNAPSHOT,cleanroom_20260729T135332Z,823924,660271,2026-07-29 13:53:09+00:00,ORDER_NOT_CONFIRMED,,,False
2026-07-29,IMMUTABLE_SNAPSHOT,cleanroom_20260729T135332Z,823924,663656,2026-07-29 13:53:09+00:00,ORDER_NOT_CONFIRMED,,,False
2026-07-29,IMMUTABLE_SNAPSHOT,cleanroom_20260729T135332Z,823924,663728,2026-07-29 13:53:09+00:00,ORDER_NOT_CONFIRMED,,,False
2026-07-29,IMMUTABLE_SNAPSHOT,cleanroom_20260729T135332Z,823924,668227,2026-07-29 13:53:09+00:00,ORDER_NOT_CONFIRMED,,,False
2026-07-29,IMMUTABLE_SNAPSHOT,cleanroom_20260729T135332Z,823924,669242,2026-07-29 13:53:09+00:00,ORDER_NOT_CONFIRMED,,,False
2026-07-29,IMMUTABLE_SNAPSHOT,cleanroom_20260729T135332Z,823924,670042,2026-07-29 13:53:09+00:00,ORDER_NOT_CONFIRMED,,,False
2026-07-29,IMMUTABLE_SNAPSHOT,cleanroom_20260729T135332Z,823924,677594,2026-07-29 13:53:09+00:00,ORDER_NOT_CONFIRMED,,,False
2026-07-29,IMMUTABLE_SNAPSHOT,cleanroom_20260729T135332Z,823924,681624,2026-07-29 13:53:09+00:00,ORDER_NOT_CONFIRMED,,,False
2026-07-29,IMMUTABLE_SNAPSHOT,cleanroom_20260729T135332Z,823924,686527,2026-07-29 13:53:09+00:00,ORDER_NOT_CONFIRMED,,,False
2026-07-29,IMMUTABLE_SNAPSHOT,cleanroom_20260729T135332Z,823924,687221,2026-07-29 13:53:09+00:00,ORDER_NOT_CONFIRMED,,,False
2026-07-29,IMMUTABLE_SNAPSHOT,cleanroom_20260729T135332Z,823924,702284,2026-07-29 13:53:09+00:00,ORDER_NOT_CONFIRMED,,,False
2026-07-29,IMMUTABLE_SNAPSHOT,cleanroom_20260729T135332Z,824002,514888,2026-07-29 13:53:40+00:00,ORDER_NOT_CONFIRMED,,,False
2026-07-29,IMMUTABLE_SNAPSHOT,cleanroom_20260729T135332Z,824002,545361,2026-07-29 13:53:40+00:00,ORDER_NOT_CONFIRMED,,,False
2026-07-29,IMMUTABLE_SNAPSHOT,cleanroom_20260729T135332Z,824002,572233,2026-07-29 13:53:40+00:00,ORDER_NOT_CONFIRMED,,,False
2026-07-29,IMMUTABLE_SNAPSHOT,cleanroom_20260729T135332Z,824002,624585,2026-07-29 13:53:40+00:00,ORDER_NOT_CONFIRMED,,,False
2026-07-29,IMMUTABLE_SNAPSHOT,cleanroom_20260729T135332Z,824002,665161,2026-07-29 13:53:40+00:00,ORDER_NOT_CONFIRMED,,,False
2026-07-29,IMMUTABLE_SNAPSHOT,cleanroom_20260729T135332Z,824002,666139,2026-07-29 13:53:40+00:00,ORDER_NOT_CONFIRMED,,,False
2026-07-29,IMMUTABLE_SNAPSHOT,cleanroom_20260729T135332Z,824002,666176,2026-07-29 13:53:40+00:00,ORDER_NOT_CONFIRMED,,,False
2026-07-29,IMMUTABLE_SNAPSHOT,cleanroom_20260729T135332Z,824002,670623,2026-07-29 13:53:40+00:00,ORDER_NOT_CONFIRMED,,,False
2026-07-29,IMMUTABLE_SNAPSHOT,cleanroom_20260729T135332Z,824002,673237,2026-07-29 13:53:40+00:00,ORDER_NOT_CONFIRMED,,,False
2026-07-29,IMMUTABLE_SNAPSHOT,cleanroom_20260729T135332Z,824002,687093,2026-07-29 13:53:40+00:00,ORDER_NOT_CONFIRMED,,,False
2026-07-29,IMMUTABLE_SNAPSHOT,cleanroom_20260729T135332Z,824002,687263,2026-07-29 13:53:40+00:00,ORDER_NOT_CONFIRMED,,,False
2026-07-29,IMMUTABLE_SNAPSHOT,cleanroom_20260729T135332Z,824002,694203,2026-07-29 13:53:40+00:00,ORDER_NOT_CONFIRMED,,,False
2026-07-29,IMMUTABLE_SNAPSHOT,cleanroom_20260729T135332Z,824002,694384,2026-07-29 13:53:40+00:00,ORDER_NOT_CONFIRMED,,,False
2026-07-29,IMMUTABLE_SNAPSHOT,cleanroom_20260729T135332Z,824002,701358,2026-07-29 13:53:40+00:00,ORDER_NOT_CONFIRMED,,,False
2026-07-29,IMMUTABLE_SNAPSHOT,cleanroom_20260729T135332Z,824002,828599,2026-07-29 13:53:40+00:00,ORDER_NOT_CONFIRMED,,,False
2026-07-29,IMMUTABLE_SNAPSHOT,cleanroom_20260729T135332Z,824242,595879,2026-07-29 13:53:20+00:00,ORDER_NOT_CONFIRMED,,,False
2026-07-29,IMMUTABLE_SNAPSHOT,cleanroom_20260729T135332Z,824242,621493,2026-07-29 13:53:20+00:00,ORDER_NOT_CONFIRMED,,,False
2026-07-29,IMMUTABLE_SNAPSHOT,cleanroom_20260729T135332Z,824242,624413,2026-07-29 13:53:20+00:00,ORDER_NOT_CONFIRMED,,,False
2026-07-29,IMMUTABLE_SNAPSHOT,cleanroom_20260729T135332Z,824242,641933,2026-07-29 13:53:20+00:00,ORDER_NOT_CONFIRMED,,,False
2026-07-29,IMMUTABLE_SNAPSHOT,cleanroom_20260729T135332Z,824242,650402,2026-07-29 13:53:20+00:00,ORDER_NOT_CONFIRMED,,,False
2026-07-29,IMMUTABLE_SNAPSHOT,cleanroom_20260729T135332Z,824242,663837,2026-07-29 13:53:20+00:00,ORDER_NOT_CONFIRMED,,,False
2026-07-29,IMMUTABLE_SNAPSHOT,cleanroom_20260729T135332Z,824242,679529,2026-07-29 13:53:20+00:00,ORDER_NOT_CONFIRMED,,,False
2026-07-29,IMMUTABLE_SNAPSHOT,cleanroom_20260729T135332Z,824242,682985,2026-07-29 13:53:20+00:00,ORDER_NOT_CONFIRMED,,,False
2026-07-29,IMMUTABLE_SNAPSHOT,cleanroom_20260729T135332Z,824242,683002,2026-07-29 13:53:20+00:00,ORDER_NOT_CONFIRMED,,,False
2026-07-29,IMMUTABLE_SNAPSHOT,cleanroom_20260729T135332Z,824242,693307,2026-07-29 13:53:20+00:00,ORDER_NOT_CONFIRMED,,,False
2026-07-29,IMMUTABLE_SNAPSHOT,cleanroom_20260729T135332Z,824242,701678,2026-07-29 13:53:20+00:00,ORDER_NOT_CONFIRMED,,,False
2026-07-29,IMMUTABLE_SNAPSHOT,cleanroom_20260729T135332Z,824242,805808,2026-07-29 13:53:20+00:00,ORDER_NOT_CONFIRMED,,,False
2026-07-29,IMMUTABLE_SNAPSHOT,cleanroom_20260729T135332Z,824487,553993,2026-07-29 13:52:55+00:00,ORDER_NOT_CONFIRMED,,,False
2026-07-29,IMMUTABLE_SNAPSHOT,cleanroom_20260729T135332Z,824487,608070,2026-07-29 13:52:55+00:00,ORDER_NOT_CONFIRMED,,,False
2026-07-29,IMMUTABLE_SNAPSHOT,cleanroom_20260729T135332Z,824487,668709,2026-07-29 13:52:55+00:00,ORDER_NOT_CONFIRMED,,,False
2026-07-29,IMMUTABLE_SNAPSHOT,cleanroom_20260729T135332Z,824487,672275,2026-07-29 13:52:55+00:00,ORDER_NOT_CONFIRMED,,,False
2026-07-29,IMMUTABLE_SNAPSHOT,cleanroom_20260729T135332Z,824487,677587,2026-07-29 13:52:55+00:00,ORDER_NOT_CONFIRMED,,,False
2026-07-29,IMMUTABLE_SNAPSHOT,cleanroom_20260729T135332Z,824487,680757,2026-07-29 13:52:55+00:00,ORDER_NOT_CONFIRMED,,,False
2026-07-29,IMMUTABLE_SNAPSHOT,cleanroom_20260729T135332Z,824487,682657,2026-07-29 13:52:55+00:00,ORDER_NOT_CONFIRMED,,,False
2026-07-29,IMMUTABLE_SNAPSHOT,cleanroom_20260729T135332Z,824487,682829,2026-07-29 13:52:55+00:00,ORDER_NOT_CONFIRMED,,,False
2026-07-29,IMMUTABLE_SNAPSHOT,cleanroom_20260729T135332Z,824487,683953,2026-07-29 13:52:55+00:00,ORDER_NOT_CONFIRMED,,,False
2026-07-29,IMMUTABLE_SNAPSHOT,cleanroom_20260729T135332Z,824487,690984,2026-07-29 13:52:55+00:00,ORDER_NOT_CONFIRMED,,,False
2026-07-29,IMMUTABLE_SNAPSHOT,cleanroom_20260729T135332Z,824487,700932,2026-07-29 13:52:55+00:00,ORDER_NOT_CONFIRMED,,,False
2026-07-29,IMMUTABLE_SNAPSHOT,cleanroom_20260729T135332Z,824487,701398,2026-07-29 13:52:55+00:00,ORDER_NOT_CONFIRMED,,,False
2026-07-29,IMMUTABLE_SNAPSHOT,cleanroom_20260729T135332Z,824487,800050,2026-07-29 13:52:55+00:00,ORDER_NOT_CONFIRMED,,,False
2026-07-29,IMMUTABLE_SNAPSHOT,cleanroom_20260729T135332Z,824567,502671,2026-07-29 13:53:46+00:00,ORDER_NOT_CONFIRMED,,,False
2026-07-29,IMMUTABLE_SNAPSHOT,cleanroom_20260729T135332Z,824567,641857,2026-07-29 13:53:46+00:00,ORDER_NOT_CONFIRMED,,,False
2026-07-29,IMMUTABLE_SNAPSHOT,cleanroom_20260729T135332Z,824567,663757,2026-07-29 13:53:46+00:00,ORDER_NOT_CONFIRMED,,,False
2026-07-29,IMMUTABLE_SNAPSHOT,cleanroom_20260729T135332Z,824567,665862,2026-07-29 13:53:46+00:00,ORDER_NOT_CONFIRMED,,,False
2026-07-29,IMMUTABLE_SNAPSHOT,cleanroom_20260729T135332Z,824567,678246,2026-07-29 13:53:46+00:00,ORDER_NOT_CONFIRMED,,,False
2026-07-29,IMMUTABLE_SNAPSHOT,cleanroom_20260729T135332Z,824567,691176,2026-07-29 13:53:46+00:00,ORDER_NOT_CONFIRMED,,,False
2026-07-29,IMMUTABLE_SNAPSHOT,cleanroom_20260729T135332Z,824567,695657,2026-07-29 13:53:46+00:00,ORDER_NOT_CONFIRMED,,,False
2026-07-29,IMMUTABLE_SNAPSHOT,cleanroom_20260729T135332Z,824567,700250,2026-07-29 13:53:46+00:00,ORDER_NOT_CONFIRMED,,,False
2026-07-29,IMMUTABLE_SNAPSHOT,cleanroom_20260729T135332Z,824567,803011,2026-07-29 13:53:46+00:00,ORDER_NOT_CONFIRMED,,,False
2026-07-29,IMMUTABLE_SNAPSHOT,cleanroom_20260729T135332Z,824567,808959,2026-07-29 13:53:46+00:00,ORDER_NOT_CONFIRMED,,,False
2026-07-29,IMMUTABLE_SNAPSHOT,cleanroom_20260729T135332Z,824973,575929,2026-07-29 13:53:53+00:00,ORDER_NOT_CONFIRMED,,,False
2026-07-29,IMMUTABLE_SNAPSHOT,cleanroom_20260729T135332Z,824973,641680,2026-07-29 13:53:53+00:00,ORDER_NOT_CONFIRMED,,,False
2026-07-29,IMMUTABLE_SNAPSHOT,cleanroom_20260729T135332Z,824973,643446,2026-07-29 13:53:53+00:00,ORDER_NOT_CONFIRMED,,,False
2026-07-29,IMMUTABLE_SNAPSHOT,cleanroom_20260729T135332Z,824973,655316,2026-07-29 13:53:53+00:00,ORDER_NOT_CONFIRMED,,,False
2026-07-29,IMMUTABLE_SNAPSHOT,cleanroom_20260729T135332Z,824973,663853,2026-07-29 13:53:53+00:00,ORDER_NOT_CONFIRMED,,,False
2026-07-29,IMMUTABLE_SNAPSHOT,cleanroom_20260729T135332Z,824973,665966,2026-07-29 13:53:53+00:00,ORDER_NOT_CONFIRMED,,,False
2026-07-29,IMMUTABLE_SNAPSHOT,cleanroom_20260729T135332Z,824973,677800,2026-07-29 13:53:53+00:00,ORDER_NOT_CONFIRMED,,,False
2026-07-29,IMMUTABLE_SNAPSHOT,cleanroom_20260729T135332Z,824973,678882,2026-07-29 13:53:53+00:00,ORDER_NOT_CONFIRMED,,,False
2026-07-29,IMMUTABLE_SNAPSHOT,cleanroom_20260729T135332Z,824973,680776,2026-07-29 13:53:53+00:00,ORDER_NOT_CONFIRMED,,,False
2026-07-29,IMMUTABLE_SNAPSHOT,cleanroom_20260729T135332Z,824973,687515,2026-07-29 13:53:53+00:00,ORDER_NOT_CONFIRMED,,,False
2026-07-29,IMMUTABLE_SNAPSHOT,cleanroom_20260729T135332Z,824973,691016,2026-07-29 13:53:53+00:00,ORDER_NOT_CONFIRMED,,,False
2026-07-29,IMMUTABLE_SNAPSHOT,cleanroom_20260729T135332Z,824973,695720,2026-07-29 13:53:53+00:00,ORDER_NOT_CONFIRMED,,,False
2026-07-29,IMMUTABLE_SNAPSHOT,cleanroom_20260729T135332Z,824973,701762,2026-07-29 13:53:53+00:00,ORDER_NOT_CONFIRMED,,,False
2026-07-29,IMMUTABLE_SNAPSHOT,cleanroom_20260729T135332Z,824973,702332,2026-07-29 13:53:53+00:00,ORDER_NOT_CONFIRMED,,,False
2026-07-29,IMMUTABLE_SNAPSHOT,cleanroom_20260729T135332Z,824973,703607,2026-07-29 13:53:53+00:00,ORDER_NOT_CONFIRMED,,,False
2026-07-29,IMMUTABLE_SNAPSHOT,cleanroom_20260729T135332Z,824973,805779,2026-07-29 13:53:53+00:00,ORDER_NOT_CONFIRMED,,,False
2026-07-29,IMMUTABLE_SNAPSHOT,cleanroom_20260729T152813Z,822702,543807,2026-07-29 15:28:42+00:00,LINEUP_AFTER_GOVERNING_CAPTURE,2026-07-29T15:29:57.392972+00:00,90ba5857-b595-4d29-b734-5e629275a9bc,False
2026-07-29,IMMUTABLE_SNAPSHOT,cleanroom_20260729T152813Z,822702,662139,2026-07-29 15:28:42+00:00,LINEUP_AFTER_GOVERNING_CAPTURE,2026-07-29T15:29:57.392972+00:00,90ba5857-b595-4d29-b734-5e629275a9bc,False
2026-07-29,IMMUTABLE_SNAPSHOT,cleanroom_20260729T152813Z,822702,664770,2026-07-29 15:28:42+00:00,LINEUP_AFTER_GOVERNING_CAPTURE,2026-07-29T15:29:57.392972+00:00,90ba5857-b595-4d29-b734-5e629275a9bc,False
2026-07-29,IMMUTABLE_SNAPSHOT,cleanroom_20260729T152813Z,822702,665926,2026-07-29 15:28:42+00:00,LINEUP_AFTER_GOVERNING_CAPTURE,2026-07-29T15:29:57.392972+00:00,90ba5857-b595-4d29-b734-5e629275a9bc,False
2026-07-29,IMMUTABLE_SNAPSHOT,cleanroom_20260729T152813Z,822702,671277,2026-07-29 15:28:42+00:00,LINEUP_AFTER_GOVERNING_CAPTURE,2026-07-29T15:29:57.392972+00:00,90ba5857-b595-4d29-b734-5e629275a9bc,False
2026-07-29,IMMUTABLE_SNAPSHOT,cleanroom_20260729T152813Z,822702,672386,2026-07-29 15:28:42+00:00,LINEUP_AFTER_GOVERNING_CAPTURE,2026-07-29T15:29:57.392972+00:00,90ba5857-b595-4d29-b734-5e629275a9bc,False
2026-07-29,IMMUTABLE_SNAPSHOT,cleanroom_20260729T152813Z,822702,672960,2026-07-29 15:28:42+00:00,LINEUP_AFTER_GOVERNING_CAPTURE,2026-07-29T15:29:57.392972+00:00,90ba5857-b595-4d29-b734-5e629275a9bc,False
2026-07-29,IMMUTABLE_SNAPSHOT,cleanroom_20260729T152813Z,822702,676391,2026-07-29 15:28:42+00:00,LINEUP_AFTER_GOVERNING_CAPTURE,2026-07-29T15:29:57.392972+00:00,90ba5857-b595-4d29-b734-5e629275a9bc,False
2026-07-29,IMMUTABLE_SNAPSHOT,cleanroom_20260729T152813Z,822702,676914,2026-07-29 15:28:42+00:00,LINEUP_AFTER_GOVERNING_CAPTURE,2026-07-29T15:29:57.392972+00:00,90ba5857-b595-4d29-b734-5e629275a9bc,False
2026-07-29,IMMUTABLE_SNAPSHOT,cleanroom_20260729T152813Z,822702,682818,2026-07-29 15:28:42+00:00,LINEUP_AFTER_GOVERNING_CAPTURE,2026-07-29T15:29:57.392972+00:00,90ba5857-b595-4d29-b734-5e629275a9bc,False
2026-07-29,IMMUTABLE_SNAPSHOT,cleanroom_20260729T152813Z,822702,682928,2026-07-29 15:28:42+00:00,LINEUP_AFTER_GOVERNING_CAPTURE,2026-07-29T15:29:57.392972+00:00,90ba5857-b595-4d29-b734-5e629275a9bc,False
2026-07-29,IMMUTABLE_SNAPSHOT,cleanroom_20260729T152813Z,822702,691781,2026-07-29 15:28:42+00:00,LINEUP_AFTER_GOVERNING_CAPTURE,2026-07-29T15:29:57.392972+00:00,90ba5857-b595-4d29-b734-5e629275a9bc,False
2026-07-29,IMMUTABLE_SNAPSHOT,cleanroom_20260729T152813Z,822702,695578,2026-07-29 15:28:42+00:00,LINEUP_AFTER_GOVERNING_CAPTURE,2026-07-29T15:29:57.392972+00:00,90ba5857-b595-4d29-b734-5e629275a9bc,False
2026-07-29,IMMUTABLE_SNAPSHOT,cleanroom_20260729T152813Z,822702,695734,2026-07-29 15:28:42+00:00,LINEUP_AFTER_GOVERNING_CAPTURE,2026-07-29T15:29:57.392972+00:00,90ba5857-b595-4d29-b734-5e629275a9bc,False
2026-07-29,IMMUTABLE_SNAPSHOT,cleanroom_20260729T152813Z,822947,607043,2026-07-29 15:28:27+00:00,ORDER_NOT_CONFIRMED,,,False
2026-07-29,IMMUTABLE_SNAPSHOT,cleanroom_20260729T152813Z,822947,650490,2026-07-29 15:28:27+00:00,ORDER_NOT_CONFIRMED,,,False
2026-07-29,IMMUTABLE_SNAPSHOT,cleanroom_20260729T152813Z,822947,666018,2026-07-29 15:28:27+00:00,ORDER_NOT_CONFIRMED,,,False
2026-07-29,IMMUTABLE_SNAPSHOT,cleanroom_20260729T152813Z,822947,669394,2026-07-29 15:28:27+00:00,ORDER_NOT_CONFIRMED,,,False
2026-07-29,IMMUTABLE_SNAPSHOT,cleanroom_20260729T152813Z,822947,676356,2026-07-29 15:28:27+00:00,ORDER_NOT_CONFIRMED,,,False
2026-07-29,IMMUTABLE_SNAPSHOT,cleanroom_20260729T152813Z,822947,677649,2026-07-29 15:28:27+00:00,ORDER_NOT_CONFIRMED,,,False
2026-07-29,IMMUTABLE_SNAPSHOT,cleanroom_20260729T152813Z,822947,691406,2026-07-29 15:28:27+00:00,ORDER_NOT_CONFIRMED,,,False
2026-07-29,IMMUTABLE_SNAPSHOT,cleanroom_20260729T152813Z,822947,694671,2026-07-29 15:28:27+00:00,ORDER_NOT_CONFIRMED,,,False
2026-07-29,IMMUTABLE_SNAPSHOT,cleanroom_20260729T152813Z,822947,802415,2026-07-29 15:28:27+00:00,ORDER_NOT_CONFIRMED,,,False
2026-07-29,IMMUTABLE_SNAPSHOT,cleanroom_20260729T152813Z,823022,608324,2026-07-29 15:25:39+00:00,ORDER_NOT_CONFIRMED,,,False
2026-07-29,IMMUTABLE_SNAPSHOT,cleanroom_20260729T152813Z,823022,621020,2026-07-29 15:25:39+00:00,ORDER_NOT_CONFIRMED,,,False
2026-07-29,IMMUTABLE_SNAPSHOT,cleanroom_20260729T152813Z,823022,663538,2026-07-29 15:25:39+00:00,ORDER_NOT_CONFIRMED,,,False
2026-07-29,IMMUTABLE_SNAPSHOT,cleanroom_20260729T152813Z,823022,664023,2026-07-29 15:25:39+00:00,ORDER_NOT_CONFIRMED,,,False
2026-07-29,IMMUTABLE_SNAPSHOT,cleanroom_20260729T152813Z,823022,671056,2026-07-29 15:25:39+00:00,ORDER_NOT_CONFIRMED,,,False
2026-07-29,IMMUTABLE_SNAPSHOT,cleanroom_20260729T152813Z,823022,673548,2026-07-29 15:25:39+00:00,ORDER_NOT_CONFIRMED,,,False
2026-07-29,IMMUTABLE_SNAPSHOT,cleanroom_20260729T152813Z,823022,676369,2026-07-29 15:25:39+00:00,ORDER_NOT_CONFIRMED,,,False
2026-07-29,IMMUTABLE_SNAPSHOT,cleanroom_20260729T152813Z,823022,676475,2026-07-29 15:25:39+00:00,ORDER_NOT_CONFIRMED,,,False
2026-07-29,IMMUTABLE_SNAPSHOT,cleanroom_20260729T152813Z,823022,683737,2026-07-29 15:25:39+00:00,ORDER_NOT_CONFIRMED,,,False
2026-07-29,IMMUTABLE_SNAPSHOT,cleanroom_20260729T152813Z,823022,691023,2026-07-29 15:25:39+00:00,ORDER_NOT_CONFIRMED,,,False
2026-07-29,IMMUTABLE_SNAPSHOT,cleanroom_20260729T152813Z,823022,691026,2026-07-29 15:25:39+00:00,ORDER_NOT_CONFIRMED,,,False
2026-07-29,IMMUTABLE_SNAPSHOT,cleanroom_20260729T152813Z,823022,691718,2026-07-29 15:25:39+00:00,ORDER_NOT_CONFIRMED,,,False
2026-07-29,IMMUTABLE_SNAPSHOT,cleanroom_20260729T152813Z,823022,699393,2026-07-29 15:25:39+00:00,ORDER_NOT_CONFIRMED,,,False
2026-07-29,IMMUTABLE_SNAPSHOT,cleanroom_20260729T152813Z,823022,802139,2026-07-29 15:25:39+00:00,ORDER_NOT_CONFIRMED,,,False
2026-07-29,IMMUTABLE_SNAPSHOT,cleanroom_20260729T152813Z,823192,592885,2026-07-29 15:28:34+00:00,ORDER_NOT_CONFIRMED,,,False
2026-07-29,IMMUTABLE_SNAPSHOT,cleanroom_20260729T152813Z,823192,641343,2026-07-29 15:28:34+00:00,ORDER_NOT_CONFIRMED,,,False
2026-07-29,IMMUTABLE_SNAPSHOT,cleanroom_20260729T152813Z,823192,642715,2026-07-29 15:28:34+00:00,ORDER_NOT_CONFIRMED,,,False
2026-07-29,IMMUTABLE_SNAPSHOT,cleanroom_20260729T152813Z,823192,646240,2026-07-29 15:28:34+00:00,ORDER_NOT_CONFIRMED,,,False
2026-07-29,IMMUTABLE_SNAPSHOT,cleanroom_20260729T152813Z,823192,650333,2026-07-29 15:28:34+00:00,ORDER_NOT_CONFIRMED,,,False
2026-07-29,IMMUTABLE_SNAPSHOT,cleanroom_20260729T152813Z,823192,661388,2026-07-29 15:28:34+00:00,ORDER_NOT_CONFIRMED,,,False
2026-07-29,IMMUTABLE_SNAPSHOT,cleanroom_20260729T152813Z,823192,668930,2026-07-29 15:28:34+00:00,ORDER_NOT_CONFIRMED,,,False
2026-07-29,IMMUTABLE_SNAPSHOT,cleanroom_20260729T152813Z,823192,671218,2026-07-29 15:28:34+00:00,ORDER_NOT_CONFIRMED,,,False
2026-07-29,IMMUTABLE_SNAPSHOT,cleanroom_20260729T152813Z,823192,683734,2026-07-29 15:28:34+00:00,ORDER_NOT_CONFIRMED,,,False
2026-07-29,IMMUTABLE_SNAPSHOT,cleanroom_20260729T152813Z,823192,694192,2026-07-29 15:28:34+00:00,ORDER_NOT_CONFIRMED,,,False
2026-07-29,IMMUTABLE_SNAPSHOT,cleanroom_20260729T152813Z,823192,806198,2026-07-29 15:28:34+00:00,ORDER_NOT_CONFIRMED,,,False
2026-07-29,IMMUTABLE_SNAPSHOT,cleanroom_20260729T152813Z,823192,808982,2026-07-29 15:28:34+00:00,ORDER_NOT_CONFIRMED,,,False
2026-07-29,IMMUTABLE_SNAPSHOT,cleanroom_20260729T152813Z,823273,592518,2026-07-29 15:27:40+00:00,ORDER_NOT_CONFIRMED,,,False
2026-07-29,IMMUTABLE_SNAPSHOT,cleanroom_20260729T152813Z,823273,593428,2026-07-29 15:27:40+00:00,ORDER_NOT_CONFIRMED,,,False
2026-07-29,IMMUTABLE_SNAPSHOT,cleanroom_20260729T152813Z,823273,630105,2026-07-29 15:27:40+00:00,ORDER_NOT_CONFIRMED,,,False
2026-07-29,IMMUTABLE_SNAPSHOT,cleanroom_20260729T152813Z,823273,657757,2026-07-29 15:27:40+00:00,ORDER_NOT_CONFIRMED,,,False
2026-07-29,IMMUTABLE_SNAPSHOT,cleanroom_20260729T152813Z,823273,664034,2026-07-29 15:27:40+00:00,ORDER_NOT_CONFIRMED,,,False
2026-07-29,IMMUTABLE_SNAPSHOT,cleanroom_20260729T152813Z,823273,664983,2026-07-29 15:27:40+00:00,ORDER_NOT_CONFIRMED,,,False
2026-07-29,IMMUTABLE_SNAPSHOT,cleanroom_20260729T152813Z,823273,665487,2026-07-29 15:27:40+00:00,ORDER_NOT_CONFIRMED,,,False
2026-07-29,IMMUTABLE_SNAPSHOT,cleanroom_20260729T152813Z,823273,666160,2026-07-29 15:27:40+00:00,ORDER_NOT_CONFIRMED,,,False
2026-07-29,IMMUTABLE_SNAPSHOT,cleanroom_20260729T152813Z,823273,681198,2026-07-29 15:27:40+00:00,ORDER_NOT_CONFIRMED,,,False
2026-07-29,IMMUTABLE_SNAPSHOT,cleanroom_20260729T152813Z,823273,696100,2026-07-29 15:27:40+00:00,ORDER_NOT_CONFIRMED,,,False
2026-07-29,IMMUTABLE_SNAPSHOT,cleanroom_20260729T152813Z,823273,701538,2026-07-29 15:27:40+00:00,ORDER_NOT_CONFIRMED,,,False
2026-07-29,IMMUTABLE_SNAPSHOT,cleanroom_20260729T152813Z,823351,545121,2026-07-29 15:26:35+00:00,LINEUP_AFTER_GOVERNING_CAPTURE,2026-07-29T15:29:57.415832+00:00,90ba5857-b595-4d29-b734-5e629275a9bc,False
2026-07-29,IMMUTABLE_SNAPSHOT,cleanroom_20260729T152813Z,823351,571448,2026-07-29 15:26:35+00:00,LINEUP_AFTER_GOVERNING_CAPTURE,2026-07-29T15:29:57.415832+00:00,90ba5857-b595-4d29-b734-5e629275a9bc,False
2026-07-29,IMMUTABLE_SNAPSHOT,cleanroom_20260729T152813Z,823351,596146,2026-07-29 15:26:35+00:00,LINEUP_AFTER_GOVERNING_CAPTURE,2026-07-29T15:29:57.415832+00:00,90ba5857-b595-4d29-b734-5e629275a9bc,False
2026-07-29,IMMUTABLE_SNAPSHOT,cleanroom_20260729T152813Z,823351,606466,2026-07-29 15:26:35+00:00,LINEUP_AFTER_GOVERNING_CAPTURE,2026-07-29T15:29:57.415832+00:00,90ba5857-b595-4d29-b734-5e629275a9bc,False
2026-07-29,IMMUTABLE_SNAPSHOT,cleanroom_20260729T152813Z,823351,656811,2026-07-29 15:26:35+00:00,LINEUP_AFTER_GOVERNING_CAPTURE,2026-07-29T15:29:57.415832+00:00,90ba5857-b595-4d29-b734-5e629275a9bc,False
2026-07-29,IMMUTABLE_SNAPSHOT,cleanroom_20260729T152813Z,823351,663968,2026-07-29 15:26:35+00:00,ORDER_NOT_CONFIRMED,,,False
2026-07-29,IMMUTABLE_SNAPSHOT,cleanroom_20260729T152813Z,823351,664040,2026-07-29 15:26:35+00:00,LINEUP_AFTER_GOVERNING_CAPTURE,2026-07-29T15:29:57.415832+00:00,90ba5857-b595-4d29-b734-5e629275a9bc,False
2026-07-29,IMMUTABLE_SNAPSHOT,cleanroom_20260729T152813Z,823351,668804,2026-07-29 15:26:35+00:00,LINEUP_AFTER_GOVERNING_CAPTURE,2026-07-29T15:29:57.415832+00:00,90ba5857-b595-4d29-b734-5e629275a9bc,False
2026-07-29,IMMUTABLE_SNAPSHOT,cleanroom_20260729T152813Z,823351,672515,2026-07-29 15:26:35+00:00,LINEUP_AFTER_GOVERNING_CAPTURE,2026-07-29T15:29:57.415832+00:00,90ba5857-b595-4d29-b734-5e629275a9bc,False
2026-07-29,IMMUTABLE_SNAPSHOT,cleanroom_20260729T152813Z,823351,672695,2026-07-29 15:26:35+00:00,LINEUP_AFTER_GOVERNING_CAPTURE,2026-07-29T15:29:57.415832+00:00,90ba5857-b595-4d29-b734-5e629275a9bc,False
2026-07-29,IMMUTABLE_SNAPSHOT,cleanroom_20260729T152813Z,823351,682998,2026-07-29 15:26:35+00:00,LINEUP_AFTER_GOVERNING_CAPTURE,2026-07-29T15:29:57.415832+00:00,90ba5857-b595-4d29-b734-5e629275a9bc,False
2026-07-29,IMMUTABLE_SNAPSHOT,cleanroom_20260729T152813Z,823351,693304,2026-07-29 15:26:35+00:00,LINEUP_AFTER_GOVERNING_CAPTURE,2026-07-29T15:29:57.415832+00:00,90ba5857-b595-4d29-b734-5e629275a9bc,False
2026-07-29,IMMUTABLE_SNAPSHOT,cleanroom_20260729T152813Z,823351,699013,2026-07-29 15:26:35+00:00,LINEUP_AFTER_GOVERNING_CAPTURE,2026-07-29T15:29:57.415832+00:00,90ba5857-b595-4d29-b734-5e629275a9bc,False
2026-07-29,IMMUTABLE_SNAPSHOT,cleanroom_20260729T152813Z,823596,596019,2026-07-29 15:27:52+00:00,LINEUP_AFTER_GOVERNING_CAPTURE,2026-07-29T15:29:57.398428+00:00,90ba5857-b595-4d29-b734-5e629275a9bc,False
2026-07-29,IMMUTABLE_SNAPSHOT,cleanroom_20260729T152813Z,823596,621566,2026-07-29 15:27:52+00:00,LINEUP_AFTER_GOVERNING_CAPTURE,2026-07-29T15:29:57.398428+00:00,90ba5857-b595-4d29-b734-5e629275a9bc,False
2026-07-29,IMMUTABLE_SNAPSHOT,cleanroom_20260729T152813Z,823596,642201,2026-07-29 15:27:52+00:00,LINEUP_AFTER_GOVERNING_CAPTURE,2026-07-29T15:29:57.398428+00:00,90ba5857-b595-4d29-b734-5e629275a9bc,False
2026-07-29,IMMUTABLE_SNAPSHOT,cleanroom_20260729T152813Z,823596,643289,2026-07-29 15:27:52+00:00,LINEUP_AFTER_GOVERNING_CAPTURE,2026-07-29T15:29:57.398428+00:00,90ba5857-b595-4d29-b734-5e629275a9bc,False
2026-07-29,IMMUTABLE_SNAPSHOT,cleanroom_20260729T152813Z,823596,645277,2026-07-29 15:27:52+00:00,LINEUP_AFTER_GOVERNING_CAPTURE,2026-07-29T15:29:57.398428+00:00,90ba5857-b595-4d29-b734-5e629275a9bc,False
2026-07-29,IMMUTABLE_SNAPSHOT,cleanroom_20260729T152813Z,823596,660670,2026-07-29 15:27:52+00:00,LINEUP_AFTER_GOVERNING_CAPTURE,2026-07-29T15:29:57.398428+00:00,90ba5857-b595-4d29-b734-5e629275a9bc,False
2026-07-29,IMMUTABLE_SNAPSHOT,cleanroom_20260729T152813Z,823596,663586,2026-07-29 15:27:52+00:00,LINEUP_AFTER_GOVERNING_CAPTURE,2026-07-29T15:29:57.398428+00:00,90ba5857-b595-4d29-b734-5e629275a9bc,False
2026-07-29,IMMUTABLE_SNAPSHOT,cleanroom_20260729T152813Z,823596,666182,2026-07-29 15:27:52+00:00,LINEUP_AFTER_GOVERNING_CAPTURE,2026-07-29T15:29:57.398428+00:00,90ba5857-b595-4d29-b734-5e629275a9bc,False
2026-07-29,IMMUTABLE_SNAPSHOT,cleanroom_20260729T152813Z,823596,671739,2026-07-29 15:27:52+00:00,LINEUP_AFTER_GOVERNING_CAPTURE,2026-07-29T15:29:57.398428+00:00,90ba5857-b595-4d29-b734-5e629275a9bc,False
2026-07-29,IMMUTABLE_SNAPSHOT,cleanroom_20260729T152813Z,823596,673357,2026-07-29 15:27:52+00:00,ORDER_NOT_CONFIRMED,,,False
2026-07-29,IMMUTABLE_SNAPSHOT,cleanroom_20260729T152813Z,823596,676724,2026-07-29 15:27:52+00:00,LINEUP_AFTER_GOVERNING_CAPTURE,2026-07-29T15:29:57.398428+00:00,90ba5857-b595-4d29-b734-5e629275a9bc,False
2026-07-29,IMMUTABLE_SNAPSHOT,cleanroom_20260729T152813Z,823596,682626,2026-07-29 15:27:52+00:00,LINEUP_AFTER_GOVERNING_CAPTURE,2026-07-29T15:29:57.398428+00:00,90ba5857-b595-4d29-b734-5e629275a9bc,False
2026-07-29,IMMUTABLE_SNAPSHOT,cleanroom_20260729T152813Z,823596,686948,2026-07-29 15:27:52+00:00,LINEUP_AFTER_GOVERNING_CAPTURE,2026-07-29T15:29:57.398428+00:00,90ba5857-b595-4d29-b734-5e629275a9bc,False
2026-07-29,IMMUTABLE_SNAPSHOT,cleanroom_20260729T152813Z,823596,701807,2026-07-29 15:27:52+00:00,LINEUP_AFTER_GOVERNING_CAPTURE,2026-07-29T15:29:57.398428+00:00,90ba5857-b595-4d29-b734-5e629275a9bc,False
2026-07-29,IMMUTABLE_SNAPSHOT,cleanroom_20260729T152813Z,823596,805999,2026-07-29 15:27:52+00:00,LINEUP_AFTER_GOVERNING_CAPTURE,2026-07-29T15:29:57.398428+00:00,90ba5857-b595-4d29-b734-5e629275a9bc,False
2026-07-29,IMMUTABLE_SNAPSHOT,cleanroom_20260729T152813Z,823677,521692,2026-07-29 15:26:06+00:00,ORDER_NOT_CONFIRMED,,,False
2026-07-29,IMMUTABLE_SNAPSHOT,cleanroom_20260729T152813Z,823677,605137,2026-07-29 15:26:06+00:00,ORDER_NOT_CONFIRMED,,,False
2026-07-29,IMMUTABLE_SNAPSHOT,cleanroom_20260729T152813Z,823677,657041,2026-07-29 15:26:06+00:00,ORDER_NOT_CONFIRMED,,,False
2026-07-29,IMMUTABLE_SNAPSHOT,cleanroom_20260729T152813Z,823677,663616,2026-07-29 15:26:06+00:00,ORDER_NOT_CONFIRMED,,,False
2026-07-29,IMMUTABLE_SNAPSHOT,cleanroom_20260729T152813Z,823677,665019,2026-07-29 15:26:06+00:00,ORDER_NOT_CONFIRMED,,,False
2026-07-29,IMMUTABLE_SNAPSHOT,cleanroom_20260729T152813Z,823677,668904,2026-07-29 15:26:06+00:00,ORDER_NOT_CONFIRMED,,,False
2026-07-29,IMMUTABLE_SNAPSHOT,cleanroom_20260729T152813Z,823677,680777,2026-07-29 15:26:06+00:00,ORDER_NOT_CONFIRMED,,,False
2026-07-29,IMMUTABLE_SNAPSHOT,cleanroom_20260729T152813Z,823677,686469,2026-07-29 15:26:06+00:00,ORDER_NOT_CONFIRMED,,,False
2026-07-29,IMMUTABLE_SNAPSHOT,cleanroom_20260729T152813Z,823677,686681,2026-07-29 15:26:06+00:00,ORDER_NOT_CONFIRMED,,,False
2026-07-29,IMMUTABLE_SNAPSHOT,cleanroom_20260729T152813Z,823677,686797,2026-07-29 15:26:06+00:00,ORDER_NOT_CONFIRMED,,,False
2026-07-29,IMMUTABLE_SNAPSHOT,cleanroom_20260729T152813Z,823677,695506,2026-07-29 15:26:06+00:00,ORDER_NOT_CONFIRMED,,,False
2026-07-29,IMMUTABLE_SNAPSHOT,cleanroom_20260729T152813Z,823677,695600,2026-07-29 15:26:06+00:00,ORDER_NOT_CONFIRMED,,,False
2026-07-29,IMMUTABLE_SNAPSHOT,cleanroom_20260729T152813Z,823677,702176,2026-07-29 15:26:06+00:00,ORDER_NOT_CONFIRMED,,,False
2026-07-29,IMMUTABLE_SNAPSHOT,cleanroom_20260729T152813Z,823677,807712,2026-07-29 15:26:06+00:00,ORDER_NOT_CONFIRMED,,,False
2026-07-29,IMMUTABLE_SNAPSHOT,cleanroom_20260729T152813Z,823837,547180,2026-07-29 15:25:54+00:00,LINEUP_AFTER_GOVERNING_CAPTURE,2026-07-29T15:29:57.405369+00:00,90ba5857-b595-4d29-b734-5e629275a9bc,False
2026-07-29,IMMUTABLE_SNAPSHOT,cleanroom_20260729T152813Z,823837,592663,2026-07-29 15:25:54+00:00,LINEUP_AFTER_GOVERNING_CAPTURE,2026-07-29T15:29:57.405369+00:00,90ba5857-b595-4d29-b734-5e629275a9bc,False
2026-07-29,IMMUTABLE_SNAPSHOT,cleanroom_20260729T152813Z,823837,607208,2026-07-29 15:25:54+00:00,LINEUP_AFTER_GOVERNING_CAPTURE,2026-07-29T15:29:57.405369+00:00,90ba5857-b595-4d29-b734-5e629275a9bc,False
2026-07-29,IMMUTABLE_SNAPSHOT,cleanroom_20260729T152813Z,823837,650559,2026-07-29 15:25:54+00:00,LINEUP_AFTER_GOVERNING_CAPTURE,2026-07-29T15:29:57.405369+00:00,90ba5857-b595-4d29-b734-5e629275a9bc,False
2026-07-29,IMMUTABLE_SNAPSHOT,cleanroom_20260729T152813Z,823837,656941,2026-07-29 15:25:54+00:00,ORDER_NOT_CONFIRMED,,,False
2026-07-29,IMMUTABLE_SNAPSHOT,cleanroom_20260729T152813Z,823837,664761,2026-07-29 15:25:54+00:00,LINEUP_AFTER_GOVERNING_CAPTURE,2026-07-29T15:29:57.405369+00:00,90ba5857-b595-4d29-b734-5e629275a9bc,False
2026-07-29,IMMUTABLE_SNAPSHOT,cleanroom_20260729T152813Z,823837,669016,2026-07-29 15:25:54+00:00,LINEUP_AFTER_GOVERNING_CAPTURE,2026-07-29T15:29:57.405369+00:00,90ba5857-b595-4d29-b734-5e629275a9bc,False
2026-07-29,IMMUTABLE_SNAPSHOT,cleanroom_20260729T152813Z,823837,669364,2026-07-29 15:25:54+00:00,LINEUP_AFTER_GOVERNING_CAPTURE,2026-07-29T15:29:57.405369+00:00,90ba5857-b595-4d29-b734-5e629275a9bc,False
2026-07-29,IMMUTABLE_SNAPSHOT,cleanroom_20260729T152813Z,823837,672640,2026-07-29 15:25:54+00:00,LINEUP_AFTER_GOVERNING_CAPTURE,2026-07-29T15:29:57.405369+00:00,90ba5857-b595-4d29-b734-5e629275a9bc,False
2026-07-29,IMMUTABLE_SNAPSHOT,cleanroom_20260729T152813Z,823837,681082,2026-07-29 15:25:54+00:00,LINEUP_AFTER_GOVERNING_CAPTURE,2026-07-29T15:29:57.405369+00:00,90ba5857-b595-4d29-b734-5e629275a9bc,False
2026-07-29,IMMUTABLE_SNAPSHOT,cleanroom_20260729T152813Z,823837,681715,2026-07-29 15:25:54+00:00,LINEUP_AFTER_GOVERNING_CAPTURE,2026-07-29T15:29:57.405369+00:00,90ba5857-b595-4d29-b734-5e629275a9bc,False
2026-07-29,IMMUTABLE_SNAPSHOT,cleanroom_20260729T152813Z,823837,687282,2026-07-29 15:25:54+00:00,ORDER_NOT_CONFIRMED,,,False
2026-07-29,IMMUTABLE_SNAPSHOT,cleanroom_20260729T152813Z,823837,691594,2026-07-29 15:25:54+00:00,LINEUP_AFTER_GOVERNING_CAPTURE,2026-07-29T15:29:57.405369+00:00,90ba5857-b595-4d29-b734-5e629275a9bc,False
2026-07-29,IMMUTABLE_SNAPSHOT,cleanroom_20260729T152813Z,823837,702222,2026-07-29 15:25:54+00:00,LINEUP_AFTER_GOVERNING_CAPTURE,2026-07-29T15:29:57.405369+00:00,90ba5857-b595-4d29-b734-5e629275a9bc,False
2026-07-29,IMMUTABLE_SNAPSHOT,cleanroom_20260729T152813Z,823924,518692,2026-07-29 15:28:44+00:00,ORDER_NOT_CONFIRMED,,,False
2026-07-29,IMMUTABLE_SNAPSHOT,cleanroom_20260729T152813Z,823924,571970,2026-07-29 15:28:44+00:00,ORDER_NOT_CONFIRMED,,,False
2026-07-29,IMMUTABLE_SNAPSHOT,cleanroom_20260729T152813Z,823924,605141,2026-07-29 15:28:44+00:00,ORDER_NOT_CONFIRMED,,,False
2026-07-29,IMMUTABLE_SNAPSHOT,cleanroom_20260729T152813Z,823924,606192,2026-07-29 15:28:44+00:00,ORDER_NOT_CONFIRMED,,,False
2026-07-29,IMMUTABLE_SNAPSHOT,cleanroom_20260729T152813Z,823924,647304,2026-07-29 15:28:44+00:00,ORDER_NOT_CONFIRMED,,,False
2026-07-29,IMMUTABLE_SNAPSHOT,cleanroom_20260729T152813Z,823924,660271,2026-07-29 15:28:44+00:00,ORDER_NOT_CONFIRMED,,,False
2026-07-29,IMMUTABLE_SNAPSHOT,cleanroom_20260729T152813Z,823924,663656,2026-07-29 15:28:44+00:00,ORDER_NOT_CONFIRMED,,,False
2026-07-29,IMMUTABLE_SNAPSHOT,cleanroom_20260729T152813Z,823924,663728,2026-07-29 15:28:44+00:00,ORDER_NOT_CONFIRMED,,,False
2026-07-29,IMMUTABLE_SNAPSHOT,cleanroom_20260729T152813Z,823924,668227,2026-07-29 15:28:44+00:00,ORDER_NOT_CONFIRMED,,,False
2026-07-29,IMMUTABLE_SNAPSHOT,cleanroom_20260729T152813Z,823924,669242,2026-07-29 15:28:44+00:00,ORDER_NOT_CONFIRMED,,,False
2026-07-29,IMMUTABLE_SNAPSHOT,cleanroom_20260729T152813Z,823924,670042,2026-07-29 15:28:44+00:00,ORDER_NOT_CONFIRMED,,,False
2026-07-29,IMMUTABLE_SNAPSHOT,cleanroom_20260729T152813Z,823924,677594,2026-07-29 15:28:44+00:00,ORDER_NOT_CONFIRMED,,,False
2026-07-29,IMMUTABLE_SNAPSHOT,cleanroom_20260729T152813Z,823924,681624,2026-07-29 15:28:44+00:00,ORDER_NOT_CONFIRMED,,,False
2026-07-29,IMMUTABLE_SNAPSHOT,cleanroom_20260729T152813Z,823924,686527,2026-07-29 15:28:44+00:00,ORDER_NOT_CONFIRMED,,,False
2026-07-29,IMMUTABLE_SNAPSHOT,cleanroom_20260729T152813Z,823924,687221,2026-07-29 15:28:44+00:00,ORDER_NOT_CONFIRMED,,,False
2026-07-29,IMMUTABLE_SNAPSHOT,cleanroom_20260729T152813Z,823924,702284,2026-07-29 15:28:44+00:00,ORDER_NOT_CONFIRMED,,,False
2026-07-29,IMMUTABLE_SNAPSHOT,cleanroom_20260729T152813Z,824002,514888,2026-07-29 15:27:49+00:00,ORDER_NOT_CONFIRMED,,,False
2026-07-29,IMMUTABLE_SNAPSHOT,cleanroom_20260729T152813Z,824002,545361,2026-07-29 15:27:49+00:00,ORDER_NOT_CONFIRMED,,,False
2026-07-29,IMMUTABLE_SNAPSHOT,cleanroom_20260729T152813Z,824002,572233,2026-07-29 15:27:49+00:00,ORDER_NOT_CONFIRMED,,,False
2026-07-29,IMMUTABLE_SNAPSHOT,cleanroom_20260729T152813Z,824002,624585,2026-07-29 15:27:49+00:00,ORDER_NOT_CONFIRMED,,,False
2026-07-29,IMMUTABLE_SNAPSHOT,cleanroom_20260729T152813Z,824002,665161,2026-07-29 15:27:49+00:00,ORDER_NOT_CONFIRMED,,,False
2026-07-29,IMMUTABLE_SNAPSHOT,cleanroom_20260729T152813Z,824002,666139,2026-07-29 15:27:49+00:00,ORDER_NOT_CONFIRMED,,,False
2026-07-29,IMMUTABLE_SNAPSHOT,cleanroom_20260729T152813Z,824002,666176,2026-07-29 15:27:49+00:00,ORDER_NOT_CONFIRMED,,,False
2026-07-29,IMMUTABLE_SNAPSHOT,cleanroom_20260729T152813Z,824002,670623,2026-07-29 15:27:49+00:00,ORDER_NOT_CONFIRMED,,,False
2026-07-29,IMMUTABLE_SNAPSHOT,cleanroom_20260729T152813Z,824002,673237,2026-07-29 15:27:49+00:00,ORDER_NOT_CONFIRMED,,,False
2026-07-29,IMMUTABLE_SNAPSHOT,cleanroom_20260729T152813Z,824002,687093,2026-07-29 15:27:49+00:00,ORDER_NOT_CONFIRMED,,,False
2026-07-29,IMMUTABLE_SNAPSHOT,cleanroom_20260729T152813Z,824002,687263,2026-07-29 15:27:49+00:00,ORDER_NOT_CONFIRMED,,,False
2026-07-29,IMMUTABLE_SNAPSHOT,cleanroom_20260729T152813Z,824002,694203,2026-07-29 15:27:49+00:00,ORDER_NOT_CONFIRMED,,,False
2026-07-29,IMMUTABLE_SNAPSHOT,cleanroom_20260729T152813Z,824002,694384,2026-07-29 15:27:49+00:00,ORDER_NOT_CONFIRMED,,,False
2026-07-29,IMMUTABLE_SNAPSHOT,cleanroom_20260729T152813Z,824002,701358,2026-07-29 15:27:49+00:00,ORDER_NOT_CONFIRMED,,,False
2026-07-29,IMMUTABLE_SNAPSHOT,cleanroom_20260729T152813Z,824002,828599,2026-07-29 15:27:49+00:00,ORDER_NOT_CONFIRMED,,,False
2026-07-29,IMMUTABLE_SNAPSHOT,cleanroom_20260729T152813Z,824242,621493,2026-07-29 15:25:42+00:00,LINEUP_AFTER_GOVERNING_CAPTURE,2026-07-29T15:29:57.396610+00:00,90ba5857-b595-4d29-b734-5e629275a9bc,False
2026-07-29,IMMUTABLE_SNAPSHOT,cleanroom_20260729T152813Z,824242,624413,2026-07-29 15:25:42+00:00,LINEUP_AFTER_GOVERNING_CAPTURE,2026-07-29T15:29:57.396610+00:00,90ba5857-b595-4d29-b734-5e629275a9bc,False
2026-07-29,IMMUTABLE_SNAPSHOT,cleanroom_20260729T152813Z,824242,641933,2026-07-29 15:25:42+00:00,LINEUP_AFTER_GOVERNING_CAPTURE,2026-07-29T15:29:57.396610+00:00,90ba5857-b595-4d29-b734-5e629275a9bc,False
2026-07-29,IMMUTABLE_SNAPSHOT,cleanroom_20260729T152813Z,824242,650402,2026-07-29 15:25:42+00:00,LINEUP_AFTER_GOVERNING_CAPTURE,2026-07-29T15:29:57.396610+00:00,90ba5857-b595-4d29-b734-5e629275a9bc,False
2026-07-29,IMMUTABLE_SNAPSHOT,cleanroom_20260729T152813Z,824242,663837,2026-07-29 15:25:42+00:00,LINEUP_AFTER_GOVERNING_CAPTURE,2026-07-29T15:29:57.396610+00:00,90ba5857-b595-4d29-b734-5e629275a9bc,False
2026-07-29,IMMUTABLE_SNAPSHOT,cleanroom_20260729T152813Z,824242,679529,2026-07-29 15:25:42+00:00,LINEUP_AFTER_GOVERNING_CAPTURE,2026-07-29T15:29:57.396610+00:00,90ba5857-b595-4d29-b734-5e629275a9bc,False
2026-07-29,IMMUTABLE_SNAPSHOT,cleanroom_20260729T152813Z,824242,680664,2026-07-29 15:25:42+00:00,LINEUP_AFTER_GOVERNING_CAPTURE,2026-07-29T15:29:57.396610+00:00,90ba5857-b595-4d29-b734-5e629275a9bc,False
2026-07-29,IMMUTABLE_SNAPSHOT,cleanroom_20260729T152813Z,824242,682985,2026-07-29 15:25:42+00:00,LINEUP_AFTER_GOVERNING_CAPTURE,2026-07-29T15:29:57.396610+00:00,90ba5857-b595-4d29-b734-5e629275a9bc,False
2026-07-29,IMMUTABLE_SNAPSHOT,cleanroom_20260729T152813Z,824242,683002,2026-07-29 15:25:42+00:00,LINEUP_AFTER_GOVERNING_CAPTURE,2026-07-29T15:29:57.396610+00:00,90ba5857-b595-4d29-b734-5e629275a9bc,False
2026-07-29,IMMUTABLE_SNAPSHOT,cleanroom_20260729T152813Z,824242,687952,2026-07-29 15:25:42+00:00,LINEUP_AFTER_GOVERNING_CAPTURE,2026-07-29T15:29:57.396610+00:00,90ba5857-b595-4d29-b734-5e629275a9bc,False
2026-07-29,IMMUTABLE_SNAPSHOT,cleanroom_20260729T152813Z,824242,693307,2026-07-29 15:25:42+00:00,LINEUP_AFTER_GOVERNING_CAPTURE,2026-07-29T15:29:57.396610+00:00,90ba5857-b595-4d29-b734-5e629275a9bc,False
2026-07-29,IMMUTABLE_SNAPSHOT,cleanroom_20260729T152813Z,824242,701678,2026-07-29 15:25:42+00:00,LINEUP_AFTER_GOVERNING_CAPTURE,2026-07-29T15:29:57.396610+00:00,90ba5857-b595-4d29-b734-5e629275a9bc,False
2026-07-29,IMMUTABLE_SNAPSHOT,cleanroom_20260729T152813Z,824242,805808,2026-07-29 15:25:42+00:00,LINEUP_AFTER_GOVERNING_CAPTURE,2026-07-29T15:29:57.396610+00:00,90ba5857-b595-4d29-b734-5e629275a9bc,False
2026-07-29,IMMUTABLE_SNAPSHOT,cleanroom_20260729T152813Z,824487,608070,2026-07-29 15:25:54+00:00,ORDER_NOT_CONFIRMED,,,False
2026-07-29,IMMUTABLE_SNAPSHOT,cleanroom_20260729T152813Z,824487,668709,2026-07-29 15:25:54+00:00,ORDER_NOT_CONFIRMED,,,False
2026-07-29,IMMUTABLE_SNAPSHOT,cleanroom_20260729T152813Z,824487,672275,2026-07-29 15:25:54+00:00,ORDER_NOT_CONFIRMED,,,False
2026-07-29,IMMUTABLE_SNAPSHOT,cleanroom_20260729T152813Z,824487,677587,2026-07-29 15:25:54+00:00,ORDER_NOT_CONFIRMED,,,False
2026-07-29,IMMUTABLE_SNAPSHOT,cleanroom_20260729T152813Z,824487,680757,2026-07-29 15:25:54+00:00,ORDER_NOT_CONFIRMED,,,False
2026-07-29,IMMUTABLE_SNAPSHOT,cleanroom_20260729T152813Z,824487,682657,2026-07-29 15:25:54+00:00,ORDER_NOT_CONFIRMED,,,False
2026-07-29,IMMUTABLE_SNAPSHOT,cleanroom_20260729T152813Z,824487,682829,2026-07-29 15:25:54+00:00,ORDER_NOT_CONFIRMED,,,False
2026-07-29,IMMUTABLE_SNAPSHOT,cleanroom_20260729T152813Z,824487,683953,2026-07-29 15:25:54+00:00,ORDER_NOT_CONFIRMED,,,False
2026-07-29,IMMUTABLE_SNAPSHOT,cleanroom_20260729T152813Z,824487,700932,2026-07-29 15:25:54+00:00,ORDER_NOT_CONFIRMED,,,False
2026-07-29,IMMUTABLE_SNAPSHOT,cleanroom_20260729T152813Z,824487,701398,2026-07-29 15:25:54+00:00,ORDER_NOT_CONFIRMED,,,False
2026-07-29,IMMUTABLE_SNAPSHOT,cleanroom_20260729T152813Z,824487,800050,2026-07-29 15:25:54+00:00,ORDER_NOT_CONFIRMED,,,False
2026-07-29,IMMUTABLE_SNAPSHOT,cleanroom_20260729T152813Z,824567,502671,2026-07-29 15:28:31+00:00,ORDER_NOT_CONFIRMED,,,False
2026-07-29,IMMUTABLE_SNAPSHOT,cleanroom_20260729T152813Z,824567,663757,2026-07-29 15:28:31+00:00,ORDER_NOT_CONFIRMED,,,False
2026-07-29,IMMUTABLE_SNAPSHOT,cleanroom_20260729T152813Z,824567,665862,2026-07-29 15:28:31+00:00,ORDER_NOT_CONFIRMED,,,False
2026-07-29,IMMUTABLE_SNAPSHOT,cleanroom_20260729T152813Z,824567,678246,2026-07-29 15:28:31+00:00,ORDER_NOT_CONFIRMED,,,False
2026-07-29,IMMUTABLE_SNAPSHOT,cleanroom_20260729T152813Z,824567,691176,2026-07-29 15:28:31+00:00,ORDER_NOT_CONFIRMED,,,False
2026-07-29,IMMUTABLE_SNAPSHOT,cleanroom_20260729T152813Z,824567,695657,2026-07-29 15:28:31+00:00,ORDER_NOT_CONFIRMED,,,False
2026-07-29,IMMUTABLE_SNAPSHOT,cleanroom_20260729T152813Z,824567,700250,2026-07-29 15:28:31+00:00,ORDER_NOT_CONFIRMED,,,False
2026-07-29,IMMUTABLE_SNAPSHOT,cleanroom_20260729T152813Z,824567,803011,2026-07-29 15:28:31+00:00,ORDER_NOT_CONFIRMED,,,False
2026-07-29,IMMUTABLE_SNAPSHOT,cleanroom_20260729T152813Z,824567,808959,2026-07-29 15:28:31+00:00,ORDER_NOT_CONFIRMED,,,False
2026-07-29,IMMUTABLE_SNAPSHOT,cleanroom_20260729T152813Z,824973,575929,2026-07-29 15:25:11+00:00,ORDER_NOT_CONFIRMED,,,False
2026-07-29,IMMUTABLE_SNAPSHOT,cleanroom_20260729T152813Z,824973,641680,2026-07-29 15:25:11+00:00,ORDER_NOT_CONFIRMED,,,False
2026-07-29,IMMUTABLE_SNAPSHOT,cleanroom_20260729T152813Z,824973,643446,2026-07-29 15:25:11+00:00,ORDER_NOT_CONFIRMED,,,False
2026-07-29,IMMUTABLE_SNAPSHOT,cleanroom_20260729T152813Z,824973,655316,2026-07-29 15:25:11+00:00,ORDER_NOT_CONFIRMED,,,False
2026-07-29,IMMUTABLE_SNAPSHOT,cleanroom_20260729T152813Z,824973,663853,2026-07-29 15:25:11+00:00,ORDER_NOT_CONFIRMED,,,False
2026-07-29,IMMUTABLE_SNAPSHOT,cleanroom_20260729T152813Z,824973,665966,2026-07-29 15:25:11+00:00,ORDER_NOT_CONFIRMED,,,False
2026-07-29,IMMUTABLE_SNAPSHOT,cleanroom_20260729T152813Z,824973,677800,2026-07-29 15:25:11+00:00,ORDER_NOT_CONFIRMED,,,False
2026-07-29,IMMUTABLE_SNAPSHOT,cleanroom_20260729T152813Z,824973,678882,2026-07-29 15:25:11+00:00,ORDER_NOT_CONFIRMED,,,False
2026-07-29,IMMUTABLE_SNAPSHOT,cleanroom_20260729T152813Z,824973,680776,2026-07-29 15:25:11+00:00,ORDER_NOT_CONFIRMED,,,False
2026-07-29,IMMUTABLE_SNAPSHOT,cleanroom_20260729T152813Z,824973,687515,2026-07-29 15:25:11+00:00,ORDER_NOT_CONFIRMED,,,False
2026-07-29,IMMUTABLE_SNAPSHOT,cleanroom_20260729T152813Z,824973,691016,2026-07-29 15:25:11+00:00,ORDER_NOT_CONFIRMED,,,False
2026-07-29,IMMUTABLE_SNAPSHOT,cleanroom_20260729T152813Z,824973,695720,2026-07-29 15:25:11+00:00,ORDER_NOT_CONFIRMED,,,False
2026-07-29,IMMUTABLE_SNAPSHOT,cleanroom_20260729T152813Z,824973,701762,2026-07-29 15:25:11+00:00,ORDER_NOT_CONFIRMED,,,False
2026-07-29,IMMUTABLE_SNAPSHOT,cleanroom_20260729T152813Z,824973,702332,2026-07-29 15:25:11+00:00,ORDER_NOT_CONFIRMED,,,False
2026-07-29,IMMUTABLE_SNAPSHOT,cleanroom_20260729T152813Z,824973,703607,2026-07-29 15:25:11+00:00,ORDER_NOT_CONFIRMED,,,False
2026-07-29,IMMUTABLE_SNAPSHOT,cleanroom_20260729T152813Z,824973,805779,2026-07-29 15:25:11+00:00,ORDER_NOT_CONFIRMED,,,False
2026-07-29,IMMUTABLE_SNAPSHOT,cleanroom_20260729T153807Z,822702,543807,2026-07-29 15:29:54+00:00,LINEUP_AFTER_GOVERNING_CAPTURE,2026-07-29T15:38:43.629773+00:00,d87c3fef-9f12-40d8-8a09-dfdc9e1cf855,False
2026-07-29,IMMUTABLE_SNAPSHOT,cleanroom_20260729T153807Z,822702,662139,2026-07-29 15:29:54+00:00,LINEUP_AFTER_GOVERNING_CAPTURE,2026-07-29T15:38:43.629773+00:00,d87c3fef-9f12-40d8-8a09-dfdc9e1cf855,False
2026-07-29,IMMUTABLE_SNAPSHOT,cleanroom_20260729T153807Z,822702,664770,2026-07-29 15:29:54+00:00,LINEUP_AFTER_GOVERNING_CAPTURE,2026-07-29T15:38:43.629773+00:00,d87c3fef-9f12-40d8-8a09-dfdc9e1cf855,False
2026-07-29,IMMUTABLE_SNAPSHOT,cleanroom_20260729T153807Z,822702,665926,2026-07-29 15:29:54+00:00,LINEUP_AFTER_GOVERNING_CAPTURE,2026-07-29T15:38:43.629773+00:00,d87c3fef-9f12-40d8-8a09-dfdc9e1cf855,False
2026-07-29,IMMUTABLE_SNAPSHOT,cleanroom_20260729T153807Z,822702,671277,2026-07-29 15:29:54+00:00,LINEUP_AFTER_GOVERNING_CAPTURE,2026-07-29T15:38:43.629773+00:00,d87c3fef-9f12-40d8-8a09-dfdc9e1cf855,False
2026-07-29,IMMUTABLE_SNAPSHOT,cleanroom_20260729T153807Z,822702,672386,2026-07-29 15:29:54+00:00,LINEUP_AFTER_GOVERNING_CAPTURE,2026-07-29T15:38:43.629773+00:00,d87c3fef-9f12-40d8-8a09-dfdc9e1cf855,False
2026-07-29,IMMUTABLE_SNAPSHOT,cleanroom_20260729T153807Z,822702,672960,2026-07-29 15:29:54+00:00,LINEUP_AFTER_GOVERNING_CAPTURE,2026-07-29T15:38:43.629773+00:00,d87c3fef-9f12-40d8-8a09-dfdc9e1cf855,False
2026-07-29,IMMUTABLE_SNAPSHOT,cleanroom_20260729T153807Z,822702,676391,2026-07-29 15:29:54+00:00,LINEUP_AFTER_GOVERNING_CAPTURE,2026-07-29T15:38:43.629773+00:00,d87c3fef-9f12-40d8-8a09-dfdc9e1cf855,False
2026-07-29,IMMUTABLE_SNAPSHOT,cleanroom_20260729T153807Z,822702,676914,2026-07-29 15:29:54+00:00,LINEUP_AFTER_GOVERNING_CAPTURE,2026-07-29T15:38:43.629773+00:00,d87c3fef-9f12-40d8-8a09-dfdc9e1cf855,False
2026-07-29,IMMUTABLE_SNAPSHOT,cleanroom_20260729T153807Z,822702,682818,2026-07-29 15:29:54+00:00,LINEUP_AFTER_GOVERNING_CAPTURE,2026-07-29T15:38:43.629773+00:00,d87c3fef-9f12-40d8-8a09-dfdc9e1cf855,False
2026-07-29,IMMUTABLE_SNAPSHOT,cleanroom_20260729T153807Z,822702,682928,2026-07-29 15:29:54+00:00,LINEUP_AFTER_GOVERNING_CAPTURE,2026-07-29T15:38:43.629773+00:00,d87c3fef-9f12-40d8-8a09-dfdc9e1cf855,False
2026-07-29,IMMUTABLE_SNAPSHOT,cleanroom_20260729T153807Z,822702,691781,2026-07-29 15:29:54+00:00,LINEUP_AFTER_GOVERNING_CAPTURE,2026-07-29T15:38:43.629773+00:00,d87c3fef-9f12-40d8-8a09-dfdc9e1cf855,False
2026-07-29,IMMUTABLE_SNAPSHOT,cleanroom_20260729T153807Z,822702,695578,2026-07-29 15:29:54+00:00,LINEUP_AFTER_GOVERNING_CAPTURE,2026-07-29T15:38:43.629773+00:00,d87c3fef-9f12-40d8-8a09-dfdc9e1cf855,False
2026-07-29,IMMUTABLE_SNAPSHOT,cleanroom_20260729T153807Z,822702,695734,2026-07-29 15:29:54+00:00,LINEUP_AFTER_GOVERNING_CAPTURE,2026-07-29T15:38:43.629773+00:00,d87c3fef-9f12-40d8-8a09-dfdc9e1cf855,False
2026-07-29,IMMUTABLE_SNAPSHOT,cleanroom_20260729T153807Z,822947,607043,2026-07-29 15:35:24+00:00,ORDER_NOT_CONFIRMED,,,False
2026-07-29,IMMUTABLE_SNAPSHOT,cleanroom_20260729T153807Z,822947,650490,2026-07-29 15:35:24+00:00,ORDER_NOT_CONFIRMED,,,False
2026-07-29,IMMUTABLE_SNAPSHOT,cleanroom_20260729T153807Z,822947,666018,2026-07-29 15:35:24+00:00,ORDER_NOT_CONFIRMED,,,False
2026-07-29,IMMUTABLE_SNAPSHOT,cleanroom_20260729T153807Z,822947,669394,2026-07-29 15:35:24+00:00,ORDER_NOT_CONFIRMED,,,False
2026-07-29,IMMUTABLE_SNAPSHOT,cleanroom_20260729T153807Z,822947,676356,2026-07-29 15:35:24+00:00,ORDER_NOT_CONFIRMED,,,False
2026-07-29,IMMUTABLE_SNAPSHOT,cleanroom_20260729T153807Z,822947,677649,2026-07-29 15:35:24+00:00,ORDER_NOT_CONFIRMED,,,False
2026-07-29,IMMUTABLE_SNAPSHOT,cleanroom_20260729T153807Z,822947,691406,2026-07-29 15:35:24+00:00,ORDER_NOT_CONFIRMED,,,False
2026-07-29,IMMUTABLE_SNAPSHOT,cleanroom_20260729T153807Z,822947,694671,2026-07-29 15:35:24+00:00,ORDER_NOT_CONFIRMED,,,False
2026-07-29,IMMUTABLE_SNAPSHOT,cleanroom_20260729T153807Z,822947,802415,2026-07-29 15:35:24+00:00,ORDER_NOT_CONFIRMED,,,False
2026-07-29,IMMUTABLE_SNAPSHOT,cleanroom_20260729T153807Z,823022,608324,2026-07-29 15:25:39+00:00,ORDER_NOT_CONFIRMED,,,False
2026-07-29,IMMUTABLE_SNAPSHOT,cleanroom_20260729T153807Z,823022,621020,2026-07-29 15:25:39+00:00,ORDER_NOT_CONFIRMED,,,False
2026-07-29,IMMUTABLE_SNAPSHOT,cleanroom_20260729T153807Z,823022,663538,2026-07-29 15:25:39+00:00,ORDER_NOT_CONFIRMED,,,False
2026-07-29,IMMUTABLE_SNAPSHOT,cleanroom_20260729T153807Z,823022,664023,2026-07-29 15:25:39+00:00,ORDER_NOT_CONFIRMED,,,False
2026-07-29,IMMUTABLE_SNAPSHOT,cleanroom_20260729T153807Z,823022,671056,2026-07-29 15:25:39+00:00,ORDER_NOT_CONFIRMED,,,False
2026-07-29,IMMUTABLE_SNAPSHOT,cleanroom_20260729T153807Z,823022,673548,2026-07-29 15:25:39+00:00,ORDER_NOT_CONFIRMED,,,False
2026-07-29,IMMUTABLE_SNAPSHOT,cleanroom_20260729T153807Z,823022,676369,2026-07-29 15:25:39+00:00,ORDER_NOT_CONFIRMED,,,False
2026-07-29,IMMUTABLE_SNAPSHOT,cleanroom_20260729T153807Z,823022,676475,2026-07-29 15:25:39+00:00,ORDER_NOT_CONFIRMED,,,False
2026-07-29,IMMUTABLE_SNAPSHOT,cleanroom_20260729T153807Z,823022,683737,2026-07-29 15:25:39+00:00,ORDER_NOT_CONFIRMED,,,False
2026-07-29,IMMUTABLE_SNAPSHOT,cleanroom_20260729T153807Z,823022,691023,2026-07-29 15:25:39+00:00,ORDER_NOT_CONFIRMED,,,False
2026-07-29,IMMUTABLE_SNAPSHOT,cleanroom_20260729T153807Z,823022,691026,2026-07-29 15:25:39+00:00,ORDER_NOT_CONFIRMED,,,False
2026-07-29,IMMUTABLE_SNAPSHOT,cleanroom_20260729T153807Z,823022,691718,2026-07-29 15:25:39+00:00,ORDER_NOT_CONFIRMED,,,False
2026-07-29,IMMUTABLE_SNAPSHOT,cleanroom_20260729T153807Z,823022,699393,2026-07-29 15:25:39+00:00,ORDER_NOT_CONFIRMED,,,False
2026-07-29,IMMUTABLE_SNAPSHOT,cleanroom_20260729T153807Z,823022,802139,2026-07-29 15:25:39+00:00,ORDER_NOT_CONFIRMED,,,False
2026-07-29,IMMUTABLE_SNAPSHOT,cleanroom_20260729T153807Z,823192,592885,2026-07-29 15:29:49+00:00,ORDER_NOT_CONFIRMED,,,False
2026-07-29,IMMUTABLE_SNAPSHOT,cleanroom_20260729T153807Z,823192,641343,2026-07-29 15:29:49+00:00,ORDER_NOT_CONFIRMED,,,False
2026-07-29,IMMUTABLE_SNAPSHOT,cleanroom_20260729T153807Z,823192,642715,2026-07-29 15:29:49+00:00,ORDER_NOT_CONFIRMED,,,False
2026-07-29,IMMUTABLE_SNAPSHOT,cleanroom_20260729T153807Z,823192,646240,2026-07-29 15:29:49+00:00,ORDER_NOT_CONFIRMED,,,False
2026-07-29,IMMUTABLE_SNAPSHOT,cleanroom_20260729T153807Z,823192,650333,2026-07-29 15:29:49+00:00,ORDER_NOT_CONFIRMED,,,False
2026-07-29,IMMUTABLE_SNAPSHOT,cleanroom_20260729T153807Z,823192,661388,2026-07-29 15:29:49+00:00,ORDER_NOT_CONFIRMED,,,False
2026-07-29,IMMUTABLE_SNAPSHOT,cleanroom_20260729T153807Z,823192,668930,2026-07-29 15:29:49+00:00,ORDER_NOT_CONFIRMED,,,False
2026-07-29,IMMUTABLE_SNAPSHOT,cleanroom_20260729T153807Z,823192,671218,2026-07-29 15:29:49+00:00,ORDER_NOT_CONFIRMED,,,False
2026-07-29,IMMUTABLE_SNAPSHOT,cleanroom_20260729T153807Z,823192,683734,2026-07-29 15:29:49+00:00,ORDER_NOT_CONFIRMED,,,False
2026-07-29,IMMUTABLE_SNAPSHOT,cleanroom_20260729T153807Z,823192,694192,2026-07-29 15:29:49+00:00,ORDER_NOT_CONFIRMED,,,False
2026-07-29,IMMUTABLE_SNAPSHOT,cleanroom_20260729T153807Z,823192,806198,2026-07-29 15:29:49+00:00,ORDER_NOT_CONFIRMED,,,False
2026-07-29,IMMUTABLE_SNAPSHOT,cleanroom_20260729T153807Z,823192,808982,2026-07-29 15:29:49+00:00,ORDER_NOT_CONFIRMED,,,False
2026-07-29,IMMUTABLE_SNAPSHOT,cleanroom_20260729T153807Z,823273,592518,2026-07-29 15:37:56+00:00,ORDER_NOT_CONFIRMED,,,False
2026-07-29,IMMUTABLE_SNAPSHOT,cleanroom_20260729T153807Z,823273,593428,2026-07-29 15:37:56+00:00,ORDER_NOT_CONFIRMED,,,False
2026-07-29,IMMUTABLE_SNAPSHOT,cleanroom_20260729T153807Z,823273,630105,2026-07-29 15:37:56+00:00,ORDER_NOT_CONFIRMED,,,False
2026-07-29,IMMUTABLE_SNAPSHOT,cleanroom_20260729T153807Z,823273,657757,2026-07-29 15:37:56+00:00,ORDER_NOT_CONFIRMED,,,False
2026-07-29,IMMUTABLE_SNAPSHOT,cleanroom_20260729T153807Z,823273,664034,2026-07-29 15:37:56+00:00,ORDER_NOT_CONFIRMED,,,False
2026-07-29,IMMUTABLE_SNAPSHOT,cleanroom_20260729T153807Z,823273,664983,2026-07-29 15:37:56+00:00,ORDER_NOT_CONFIRMED,,,False
2026-07-29,IMMUTABLE_SNAPSHOT,cleanroom_20260729T153807Z,823273,665487,2026-07-29 15:37:56+00:00,ORDER_NOT_CONFIRMED,,,False
2026-07-29,IMMUTABLE_SNAPSHOT,cleanroom_20260729T153807Z,823273,666160,2026-07-29 15:37:56+00:00,ORDER_NOT_CONFIRMED,,,False
2026-07-29,IMMUTABLE_SNAPSHOT,cleanroom_20260729T153807Z,823273,681198,2026-07-29 15:37:56+00:00,ORDER_NOT_CONFIRMED,,,False
2026-07-29,IMMUTABLE_SNAPSHOT,cleanroom_20260729T153807Z,823273,696100,2026-07-29 15:37:56+00:00,ORDER_NOT_CONFIRMED,,,False
2026-07-29,IMMUTABLE_SNAPSHOT,cleanroom_20260729T153807Z,823273,701538,2026-07-29 15:37:56+00:00,ORDER_NOT_CONFIRMED,,,False
2026-07-29,IMMUTABLE_SNAPSHOT,cleanroom_20260729T153807Z,823351,545121,2026-07-29 15:26:35+00:00,LINEUP_AFTER_GOVERNING_CAPTURE,2026-07-29T15:38:43.650089+00:00,d87c3fef-9f12-40d8-8a09-dfdc9e1cf855,False
2026-07-29,IMMUTABLE_SNAPSHOT,cleanroom_20260729T153807Z,823351,571448,2026-07-29 15:26:35+00:00,LINEUP_AFTER_GOVERNING_CAPTURE,2026-07-29T15:38:43.650089+00:00,d87c3fef-9f12-40d8-8a09-dfdc9e1cf855,False
2026-07-29,IMMUTABLE_SNAPSHOT,cleanroom_20260729T153807Z,823351,596146,2026-07-29 15:26:35+00:00,LINEUP_AFTER_GOVERNING_CAPTURE,2026-07-29T15:38:43.650089+00:00,d87c3fef-9f12-40d8-8a09-dfdc9e1cf855,False
2026-07-29,IMMUTABLE_SNAPSHOT,cleanroom_20260729T153807Z,823351,606466,2026-07-29 15:26:35+00:00,LINEUP_AFTER_GOVERNING_CAPTURE,2026-07-29T15:38:43.650089+00:00,d87c3fef-9f12-40d8-8a09-dfdc9e1cf855,False
2026-07-29,IMMUTABLE_SNAPSHOT,cleanroom_20260729T153807Z,823351,656811,2026-07-29 15:26:35+00:00,LINEUP_AFTER_GOVERNING_CAPTURE,2026-07-29T15:38:43.650089+00:00,d87c3fef-9f12-40d8-8a09-dfdc9e1cf855,False
2026-07-29,IMMUTABLE_SNAPSHOT,cleanroom_20260729T153807Z,823351,663968,2026-07-29 15:26:35+00:00,ORDER_NOT_CONFIRMED,,,False
2026-07-29,IMMUTABLE_SNAPSHOT,cleanroom_20260729T153807Z,823351,664040,2026-07-29 15:26:35+00:00,LINEUP_AFTER_GOVERNING_CAPTURE,2026-07-29T15:38:43.650089+00:00,d87c3fef-9f12-40d8-8a09-dfdc9e1cf855,False
2026-07-29,IMMUTABLE_SNAPSHOT,cleanroom_20260729T153807Z,823351,668804,2026-07-29 15:26:35+00:00,LINEUP_AFTER_GOVERNING_CAPTURE,2026-07-29T15:38:43.650089+00:00,d87c3fef-9f12-40d8-8a09-dfdc9e1cf855,False
2026-07-29,IMMUTABLE_SNAPSHOT,cleanroom_20260729T153807Z,823351,672515,2026-07-29 15:26:35+00:00,LINEUP_AFTER_GOVERNING_CAPTURE,2026-07-29T15:38:43.650089+00:00,d87c3fef-9f12-40d8-8a09-dfdc9e1cf855,False
2026-07-29,IMMUTABLE_SNAPSHOT,cleanroom_20260729T153807Z,823351,672695,2026-07-29 15:26:35+00:00,LINEUP_AFTER_GOVERNING_CAPTURE,2026-07-29T15:38:43.650089+00:00,d87c3fef-9f12-40d8-8a09-dfdc9e1cf855,False
2026-07-29,IMMUTABLE_SNAPSHOT,cleanroom_20260729T153807Z,823351,682998,2026-07-29 15:26:35+00:00,LINEUP_AFTER_GOVERNING_CAPTURE,2026-07-29T15:38:43.650089+00:00,d87c3fef-9f12-40d8-8a09-dfdc9e1cf855,False
2026-07-29,IMMUTABLE_SNAPSHOT,cleanroom_20260729T153807Z,823351,693304,2026-07-29 15:26:35+00:00,LINEUP_AFTER_GOVERNING_CAPTURE,2026-07-29T15:38:43.650089+00:00,d87c3fef-9f12-40d8-8a09-dfdc9e1cf855,False
2026-07-29,IMMUTABLE_SNAPSHOT,cleanroom_20260729T153807Z,823351,699013,2026-07-29 15:26:35+00:00,LINEUP_AFTER_GOVERNING_CAPTURE,2026-07-29T15:38:43.650089+00:00,d87c3fef-9f12-40d8-8a09-dfdc9e1cf855,False
2026-07-29,IMMUTABLE_SNAPSHOT,cleanroom_20260729T153807Z,823596,596019,2026-07-29 15:37:55+00:00,LINEUP_AFTER_GOVERNING_CAPTURE,2026-07-29T15:38:43.634700+00:00,d87c3fef-9f12-40d8-8a09-dfdc9e1cf855,False
2026-07-29,IMMUTABLE_SNAPSHOT,cleanroom_20260729T153807Z,823596,621566,2026-07-29 15:37:55+00:00,LINEUP_AFTER_GOVERNING_CAPTURE,2026-07-29T15:38:43.634700+00:00,d87c3fef-9f12-40d8-8a09-dfdc9e1cf855,False
2026-07-29,IMMUTABLE_SNAPSHOT,cleanroom_20260729T153807Z,823596,642201,2026-07-29 15:37:55+00:00,LINEUP_AFTER_GOVERNING_CAPTURE,2026-07-29T15:38:43.634700+00:00,d87c3fef-9f12-40d8-8a09-dfdc9e1cf855,False
2026-07-29,IMMUTABLE_SNAPSHOT,cleanroom_20260729T153807Z,823596,643289,2026-07-29 15:37:55+00:00,LINEUP_AFTER_GOVERNING_CAPTURE,2026-07-29T15:38:43.634700+00:00,d87c3fef-9f12-40d8-8a09-dfdc9e1cf855,False
2026-07-29,IMMUTABLE_SNAPSHOT,cleanroom_20260729T153807Z,823596,645277,2026-07-29 15:37:55+00:00,LINEUP_AFTER_GOVERNING_CAPTURE,2026-07-29T15:38:43.634700+00:00,d87c3fef-9f12-40d8-8a09-dfdc9e1cf855,False
2026-07-29,IMMUTABLE_SNAPSHOT,cleanroom_20260729T153807Z,823596,660670,2026-07-29 15:37:55+00:00,LINEUP_AFTER_GOVERNING_CAPTURE,2026-07-29T15:38:43.634700+00:00,d87c3fef-9f12-40d8-8a09-dfdc9e1cf855,False
2026-07-29,IMMUTABLE_SNAPSHOT,cleanroom_20260729T153807Z,823596,663586,2026-07-29 15:37:55+00:00,LINEUP_AFTER_GOVERNING_CAPTURE,2026-07-29T15:38:43.634700+00:00,d87c3fef-9f12-40d8-8a09-dfdc9e1cf855,False
2026-07-29,IMMUTABLE_SNAPSHOT,cleanroom_20260729T153807Z,823596,666182,2026-07-29 15:37:55+00:00,LINEUP_AFTER_GOVERNING_CAPTURE,2026-07-29T15:38:43.634700+00:00,d87c3fef-9f12-40d8-8a09-dfdc9e1cf855,False
2026-07-29,IMMUTABLE_SNAPSHOT,cleanroom_20260729T153807Z,823596,671739,2026-07-29 15:37:55+00:00,LINEUP_AFTER_GOVERNING_CAPTURE,2026-07-29T15:38:43.634700+00:00,d87c3fef-9f12-40d8-8a09-dfdc9e1cf855,False
2026-07-29,IMMUTABLE_SNAPSHOT,cleanroom_20260729T153807Z,823596,673357,2026-07-29 15:37:55+00:00,ORDER_NOT_CONFIRMED,,,False
2026-07-29,IMMUTABLE_SNAPSHOT,cleanroom_20260729T153807Z,823596,676724,2026-07-29 15:37:55+00:00,LINEUP_AFTER_GOVERNING_CAPTURE,2026-07-29T15:38:43.634700+00:00,d87c3fef-9f12-40d8-8a09-dfdc9e1cf855,False
2026-07-29,IMMUTABLE_SNAPSHOT,cleanroom_20260729T153807Z,823596,682626,2026-07-29 15:37:55+00:00,LINEUP_AFTER_GOVERNING_CAPTURE,2026-07-29T15:38:43.634700+00:00,d87c3fef-9f12-40d8-8a09-dfdc9e1cf855,False
2026-07-29,IMMUTABLE_SNAPSHOT,cleanroom_20260729T153807Z,823596,686948,2026-07-29 15:37:55+00:00,LINEUP_AFTER_GOVERNING_CAPTURE,2026-07-29T15:38:43.634700+00:00,d87c3fef-9f12-40d8-8a09-dfdc9e1cf855,False
2026-07-29,IMMUTABLE_SNAPSHOT,cleanroom_20260729T153807Z,823596,701807,2026-07-29 15:37:55+00:00,LINEUP_AFTER_GOVERNING_CAPTURE,2026-07-29T15:38:43.634700+00:00,d87c3fef-9f12-40d8-8a09-dfdc9e1cf855,False
2026-07-29,IMMUTABLE_SNAPSHOT,cleanroom_20260729T153807Z,823596,805999,2026-07-29 15:37:55+00:00,LINEUP_AFTER_GOVERNING_CAPTURE,2026-07-29T15:38:43.634700+00:00,d87c3fef-9f12-40d8-8a09-dfdc9e1cf855,False
2026-07-29,IMMUTABLE_SNAPSHOT,cleanroom_20260729T153807Z,823677,521692,2026-07-29 15:26:06+00:00,ORDER_NOT_CONFIRMED,,,False
2026-07-29,IMMUTABLE_SNAPSHOT,cleanroom_20260729T153807Z,823677,605137,2026-07-29 15:26:06+00:00,ORDER_NOT_CONFIRMED,,,False
2026-07-29,IMMUTABLE_SNAPSHOT,cleanroom_20260729T153807Z,823677,657041,2026-07-29 15:26:06+00:00,ORDER_NOT_CONFIRMED,,,False
2026-07-29,IMMUTABLE_SNAPSHOT,cleanroom_20260729T153807Z,823677,663616,2026-07-29 15:26:06+00:00,ORDER_NOT_CONFIRMED,,,False
2026-07-29,IMMUTABLE_SNAPSHOT,cleanroom_20260729T153807Z,823677,665019,2026-07-29 15:26:06+00:00,ORDER_NOT_CONFIRMED,,,False
2026-07-29,IMMUTABLE_SNAPSHOT,cleanroom_20260729T153807Z,823677,668904,2026-07-29 15:26:06+00:00,ORDER_NOT_CONFIRMED,,,False
2026-07-29,IMMUTABLE_SNAPSHOT,cleanroom_20260729T153807Z,823677,680777,2026-07-29 15:26:06+00:00,ORDER_NOT_CONFIRMED,,,False
2026-07-29,IMMUTABLE_SNAPSHOT,cleanroom_20260729T153807Z,823677,686469,2026-07-29 15:26:06+00:00,ORDER_NOT_CONFIRMED,,,False
2026-07-29,IMMUTABLE_SNAPSHOT,cleanroom_20260729T153807Z,823677,686681,2026-07-29 15:26:06+00:00,ORDER_NOT_CONFIRMED,,,False
2026-07-29,IMMUTABLE_SNAPSHOT,cleanroom_20260729T153807Z,823677,686797,2026-07-29 15:26:06+00:00,ORDER_NOT_CONFIRMED,,,False
2026-07-29,IMMUTABLE_SNAPSHOT,cleanroom_20260729T153807Z,823677,695506,2026-07-29 15:26:06+00:00,ORDER_NOT_CONFIRMED,,,False
2026-07-29,IMMUTABLE_SNAPSHOT,cleanroom_20260729T153807Z,823677,695600,2026-07-29 15:26:06+00:00,ORDER_NOT_CONFIRMED,,,False
2026-07-29,IMMUTABLE_SNAPSHOT,cleanroom_20260729T153807Z,823677,702176,2026-07-29 15:26:06+00:00,ORDER_NOT_CONFIRMED,,,False
2026-07-29,IMMUTABLE_SNAPSHOT,cleanroom_20260729T153807Z,823677,807712,2026-07-29 15:26:06+00:00,ORDER_NOT_CONFIRMED,,,False
2026-07-29,IMMUTABLE_SNAPSHOT,cleanroom_20260729T153807Z,823837,547180,2026-07-29 15:25:54+00:00,LINEUP_AFTER_GOVERNING_CAPTURE,2026-07-29T15:38:43.641099+00:00,d87c3fef-9f12-40d8-8a09-dfdc9e1cf855,False
2026-07-29,IMMUTABLE_SNAPSHOT,cleanroom_20260729T153807Z,823837,592663,2026-07-29 15:25:54+00:00,LINEUP_AFTER_GOVERNING_CAPTURE,2026-07-29T15:38:43.641099+00:00,d87c3fef-9f12-40d8-8a09-dfdc9e1cf855,False
2026-07-29,IMMUTABLE_SNAPSHOT,cleanroom_20260729T153807Z,823837,607208,2026-07-29 15:25:54+00:00,LINEUP_AFTER_GOVERNING_CAPTURE,2026-07-29T15:38:43.641099+00:00,d87c3fef-9f12-40d8-8a09-dfdc9e1cf855,False
2026-07-29,IMMUTABLE_SNAPSHOT,cleanroom_20260729T153807Z,823837,650559,2026-07-29 15:25:54+00:00,LINEUP_AFTER_GOVERNING_CAPTURE,2026-07-29T15:38:43.641099+00:00,d87c3fef-9f12-40d8-8a09-dfdc9e1cf855,False
2026-07-29,IMMUTABLE_SNAPSHOT,cleanroom_20260729T153807Z,823837,656941,2026-07-29 15:25:54+00:00,ORDER_NOT_CONFIRMED,,,False
2026-07-29,IMMUTABLE_SNAPSHOT,cleanroom_20260729T153807Z,823837,664761,2026-07-29 15:25:54+00:00,LINEUP_AFTER_GOVERNING_CAPTURE,2026-07-29T15:38:43.641099+00:00,d87c3fef-9f12-40d8-8a09-dfdc9e1cf855,False
2026-07-29,IMMUTABLE_SNAPSHOT,cleanroom_20260729T153807Z,823837,669016,2026-07-29 15:25:54+00:00,LINEUP_AFTER_GOVERNING_CAPTURE,2026-07-29T15:38:43.641099+00:00,d87c3fef-9f12-40d8-8a09-dfdc9e1cf855,False
2026-07-29,IMMUTABLE_SNAPSHOT,cleanroom_20260729T153807Z,823837,669364,2026-07-29 15:25:54+00:00,LINEUP_AFTER_GOVERNING_CAPTURE,2026-07-29T15:38:43.641099+00:00,d87c3fef-9f12-40d8-8a09-dfdc9e1cf855,False
2026-07-29,IMMUTABLE_SNAPSHOT,cleanroom_20260729T153807Z,823837,672640,2026-07-29 15:25:54+00:00,LINEUP_AFTER_GOVERNING_CAPTURE,2026-07-29T15:38:43.641099+00:00,d87c3fef-9f12-40d8-8a09-dfdc9e1cf855,False
2026-07-29,IMMUTABLE_SNAPSHOT,cleanroom_20260729T153807Z,823837,681082,2026-07-29 15:25:54+00:00,LINEUP_AFTER_GOVERNING_CAPTURE,2026-07-29T15:38:43.641099+00:00,d87c3fef-9f12-40d8-8a09-dfdc9e1cf855,False
2026-07-29,IMMUTABLE_SNAPSHOT,cleanroom_20260729T153807Z,823837,681715,2026-07-29 15:25:54+00:00,LINEUP_AFTER_GOVERNING_CAPTURE,2026-07-29T15:38:43.641099+00:00,d87c3fef-9f12-40d8-8a09-dfdc9e1cf855,False
2026-07-29,IMMUTABLE_SNAPSHOT,cleanroom_20260729T153807Z,823837,687282,2026-07-29 15:25:54+00:00,ORDER_NOT_CONFIRMED,,,False
2026-07-29,IMMUTABLE_SNAPSHOT,cleanroom_20260729T153807Z,823837,691594,2026-07-29 15:25:54+00:00,LINEUP_AFTER_GOVERNING_CAPTURE,2026-07-29T15:38:43.641099+00:00,d87c3fef-9f12-40d8-8a09-dfdc9e1cf855,False
2026-07-29,IMMUTABLE_SNAPSHOT,cleanroom_20260729T153807Z,823837,702222,2026-07-29 15:25:54+00:00,LINEUP_AFTER_GOVERNING_CAPTURE,2026-07-29T15:38:43.641099+00:00,d87c3fef-9f12-40d8-8a09-dfdc9e1cf855,False
2026-07-29,IMMUTABLE_SNAPSHOT,cleanroom_20260729T153807Z,823924,518692,2026-07-29 15:38:40+00:00,ORDER_NOT_CONFIRMED,,,False
2026-07-29,IMMUTABLE_SNAPSHOT,cleanroom_20260729T153807Z,823924,571970,2026-07-29 15:38:40+00:00,ORDER_NOT_CONFIRMED,,,False
2026-07-29,IMMUTABLE_SNAPSHOT,cleanroom_20260729T153807Z,823924,605141,2026-07-29 15:38:40+00:00,ORDER_NOT_CONFIRMED,,,False
2026-07-29,IMMUTABLE_SNAPSHOT,cleanroom_20260729T153807Z,823924,606192,2026-07-29 15:38:40+00:00,ORDER_NOT_CONFIRMED,,,False
2026-07-29,IMMUTABLE_SNAPSHOT,cleanroom_20260729T153807Z,823924,647304,2026-07-29 15:38:40+00:00,ORDER_NOT_CONFIRMED,,,False
2026-07-29,IMMUTABLE_SNAPSHOT,cleanroom_20260729T153807Z,823924,660271,2026-07-29 15:38:40+00:00,ORDER_NOT_CONFIRMED,,,False
2026-07-29,IMMUTABLE_SNAPSHOT,cleanroom_20260729T153807Z,823924,663656,2026-07-29 15:38:40+00:00,ORDER_NOT_CONFIRMED,,,False
2026-07-29,IMMUTABLE_SNAPSHOT,cleanroom_20260729T153807Z,823924,663728,2026-07-29 15:38:40+00:00,ORDER_NOT_CONFIRMED,,,False
2026-07-29,IMMUTABLE_SNAPSHOT,cleanroom_20260729T153807Z,823924,668227,2026-07-29 15:38:40+00:00,ORDER_NOT_CONFIRMED,,,False
2026-07-29,IMMUTABLE_SNAPSHOT,cleanroom_20260729T153807Z,823924,669242,2026-07-29 15:38:40+00:00,ORDER_NOT_CONFIRMED,,,False
2026-07-29,IMMUTABLE_SNAPSHOT,cleanroom_20260729T153807Z,823924,670042,2026-07-29 15:38:40+00:00,ORDER_NOT_CONFIRMED,,,False
2026-07-29,IMMUTABLE_SNAPSHOT,cleanroom_20260729T153807Z,823924,677594,2026-07-29 15:38:40+00:00,ORDER_NOT_CONFIRMED,,,False
2026-07-29,IMMUTABLE_SNAPSHOT,cleanroom_20260729T153807Z,823924,681624,2026-07-29 15:38:40+00:00,ORDER_NOT_CONFIRMED,,,False
2026-07-29,IMMUTABLE_SNAPSHOT,cleanroom_20260729T153807Z,823924,686527,2026-07-29 15:38:40+00:00,ORDER_NOT_CONFIRMED,,,False
2026-07-29,IMMUTABLE_SNAPSHOT,cleanroom_20260729T153807Z,823924,687221,2026-07-29 15:38:40+00:00,ORDER_NOT_CONFIRMED,,,False
2026-07-29,IMMUTABLE_SNAPSHOT,cleanroom_20260729T153807Z,823924,702284,2026-07-29 15:38:40+00:00,ORDER_NOT_CONFIRMED,,,False
2026-07-29,IMMUTABLE_SNAPSHOT,cleanroom_20260729T153807Z,824002,514888,2026-07-29 15:33:34+00:00,ORDER_NOT_CONFIRMED,,,False
2026-07-29,IMMUTABLE_SNAPSHOT,cleanroom_20260729T153807Z,824002,545361,2026-07-29 15:33:34+00:00,ORDER_NOT_CONFIRMED,,,False
2026-07-29,IMMUTABLE_SNAPSHOT,cleanroom_20260729T153807Z,824002,572233,2026-07-29 15:33:34+00:00,ORDER_NOT_CONFIRMED,,,False
2026-07-29,IMMUTABLE_SNAPSHOT,cleanroom_20260729T153807Z,824002,624585,2026-07-29 15:33:34+00:00,ORDER_NOT_CONFIRMED,,,False
2026-07-29,IMMUTABLE_SNAPSHOT,cleanroom_20260729T153807Z,824002,665161,2026-07-29 15:33:34+00:00,ORDER_NOT_CONFIRMED,,,False
2026-07-29,IMMUTABLE_SNAPSHOT,cleanroom_20260729T153807Z,824002,666139,2026-07-29 15:33:34+00:00,ORDER_NOT_CONFIRMED,,,False
2026-07-29,IMMUTABLE_SNAPSHOT,cleanroom_20260729T153807Z,824002,666176,2026-07-29 15:33:34+00:00,ORDER_NOT_CONFIRMED,,,False
2026-07-29,IMMUTABLE_SNAPSHOT,cleanroom_20260729T153807Z,824002,670623,2026-07-29 15:33:34+00:00,ORDER_NOT_CONFIRMED,,,False
2026-07-29,IMMUTABLE_SNAPSHOT,cleanroom_20260729T153807Z,824002,673237,2026-07-29 15:33:34+00:00,ORDER_NOT_CONFIRMED,,,False
2026-07-29,IMMUTABLE_SNAPSHOT,cleanroom_20260729T153807Z,824002,687093,2026-07-29 15:33:34+00:00,ORDER_NOT_CONFIRMED,,,False
2026-07-29,IMMUTABLE_SNAPSHOT,cleanroom_20260729T153807Z,824002,687263,2026-07-29 15:33:34+00:00,ORDER_NOT_CONFIRMED,,,False
2026-07-29,IMMUTABLE_SNAPSHOT,cleanroom_20260729T153807Z,824002,694203,2026-07-29 15:33:34+00:00,ORDER_NOT_CONFIRMED,,,False
2026-07-29,IMMUTABLE_SNAPSHOT,cleanroom_20260729T153807Z,824002,694384,2026-07-29 15:33:34+00:00,ORDER_NOT_CONFIRMED,,,False
2026-07-29,IMMUTABLE_SNAPSHOT,cleanroom_20260729T153807Z,824002,701358,2026-07-29 15:33:34+00:00,ORDER_NOT_CONFIRMED,,,False
2026-07-29,IMMUTABLE_SNAPSHOT,cleanroom_20260729T153807Z,824002,828599,2026-07-29 15:33:34+00:00,ORDER_NOT_CONFIRMED,,,False
2026-07-29,IMMUTABLE_SNAPSHOT,cleanroom_20260729T153807Z,824242,621493,2026-07-29 15:25:42+00:00,LINEUP_AFTER_GOVERNING_CAPTURE,2026-07-29T15:38:43.632917+00:00,d87c3fef-9f12-40d8-8a09-dfdc9e1cf855,False
2026-07-29,IMMUTABLE_SNAPSHOT,cleanroom_20260729T153807Z,824242,624413,2026-07-29 15:25:42+00:00,LINEUP_AFTER_GOVERNING_CAPTURE,2026-07-29T15:38:43.632917+00:00,d87c3fef-9f12-40d8-8a09-dfdc9e1cf855,False
2026-07-29,IMMUTABLE_SNAPSHOT,cleanroom_20260729T153807Z,824242,641933,2026-07-29 15:25:42+00:00,LINEUP_AFTER_GOVERNING_CAPTURE,2026-07-29T15:38:43.632917+00:00,d87c3fef-9f12-40d8-8a09-dfdc9e1cf855,False
2026-07-29,IMMUTABLE_SNAPSHOT,cleanroom_20260729T153807Z,824242,650402,2026-07-29 15:25:42+00:00,LINEUP_AFTER_GOVERNING_CAPTURE,2026-07-29T15:38:43.632917+00:00,d87c3fef-9f12-40d8-8a09-dfdc9e1cf855,False
2026-07-29,IMMUTABLE_SNAPSHOT,cleanroom_20260729T153807Z,824242,663837,2026-07-29 15:25:42+00:00,LINEUP_AFTER_GOVERNING_CAPTURE,2026-07-29T15:38:43.632917+00:00,d87c3fef-9f12-40d8-8a09-dfdc9e1cf855,False
2026-07-29,IMMUTABLE_SNAPSHOT,cleanroom_20260729T153807Z,824242,679529,2026-07-29 15:25:42+00:00,LINEUP_AFTER_GOVERNING_CAPTURE,2026-07-29T15:38:43.632917+00:00,d87c3fef-9f12-40d8-8a09-dfdc9e1cf855,False
2026-07-29,IMMUTABLE_SNAPSHOT,cleanroom_20260729T153807Z,824242,680664,2026-07-29 15:25:42+00:00,LINEUP_AFTER_GOVERNING_CAPTURE,2026-07-29T15:38:43.632917+00:00,d87c3fef-9f12-40d8-8a09-dfdc9e1cf855,False
2026-07-29,IMMUTABLE_SNAPSHOT,cleanroom_20260729T153807Z,824242,682985,2026-07-29 15:25:42+00:00,LINEUP_AFTER_GOVERNING_CAPTURE,2026-07-29T15:38:43.632917+00:00,d87c3fef-9f12-40d8-8a09-dfdc9e1cf855,False
2026-07-29,IMMUTABLE_SNAPSHOT,cleanroom_20260729T153807Z,824242,683002,2026-07-29 15:25:42+00:00,LINEUP_AFTER_GOVERNING_CAPTURE,2026-07-29T15:38:43.632917+00:00,d87c3fef-9f12-40d8-8a09-dfdc9e1cf855,False
2026-07-29,IMMUTABLE_SNAPSHOT,cleanroom_20260729T153807Z,824242,687952,2026-07-29 15:25:42+00:00,LINEUP_AFTER_GOVERNING_CAPTURE,2026-07-29T15:38:43.632917+00:00,d87c3fef-9f12-40d8-8a09-dfdc9e1cf855,False
2026-07-29,IMMUTABLE_SNAPSHOT,cleanroom_20260729T153807Z,824242,693307,2026-07-29 15:25:42+00:00,LINEUP_AFTER_GOVERNING_CAPTURE,2026-07-29T15:38:43.632917+00:00,d87c3fef-9f12-40d8-8a09-dfdc9e1cf855,False
2026-07-29,IMMUTABLE_SNAPSHOT,cleanroom_20260729T153807Z,824242,701678,2026-07-29 15:25:42+00:00,LINEUP_AFTER_GOVERNING_CAPTURE,2026-07-29T15:38:43.632917+00:00,d87c3fef-9f12-40d8-8a09-dfdc9e1cf855,False
2026-07-29,IMMUTABLE_SNAPSHOT,cleanroom_20260729T153807Z,824242,805808,2026-07-29 15:25:42+00:00,LINEUP_AFTER_GOVERNING_CAPTURE,2026-07-29T15:38:43.632917+00:00,d87c3fef-9f12-40d8-8a09-dfdc9e1cf855,False
2026-07-29,IMMUTABLE_SNAPSHOT,cleanroom_20260729T153807Z,824487,608070,2026-07-29 15:25:54+00:00,ORDER_NOT_CONFIRMED,,,False
2026-07-29,IMMUTABLE_SNAPSHOT,cleanroom_20260729T153807Z,824487,668709,2026-07-29 15:25:54+00:00,ORDER_NOT_CONFIRMED,,,False
2026-07-29,IMMUTABLE_SNAPSHOT,cleanroom_20260729T153807Z,824487,672275,2026-07-29 15:25:54+00:00,ORDER_NOT_CONFIRMED,,,False
2026-07-29,IMMUTABLE_SNAPSHOT,cleanroom_20260729T153807Z,824487,677587,2026-07-29 15:25:54+00:00,ORDER_NOT_CONFIRMED,,,False
2026-07-29,IMMUTABLE_SNAPSHOT,cleanroom_20260729T153807Z,824487,680757,2026-07-29 15:25:54+00:00,ORDER_NOT_CONFIRMED,,,False
2026-07-29,IMMUTABLE_SNAPSHOT,cleanroom_20260729T153807Z,824487,682657,2026-07-29 15:25:54+00:00,ORDER_NOT_CONFIRMED,,,False
2026-07-29,IMMUTABLE_SNAPSHOT,cleanroom_20260729T153807Z,824487,682829,2026-07-29 15:25:54+00:00,ORDER_NOT_CONFIRMED,,,False
2026-07-29,IMMUTABLE_SNAPSHOT,cleanroom_20260729T153807Z,824487,683953,2026-07-29 15:25:54+00:00,ORDER_NOT_CONFIRMED,,,False
2026-07-29,IMMUTABLE_SNAPSHOT,cleanroom_20260729T153807Z,824487,700932,2026-07-29 15:25:54+00:00,ORDER_NOT_CONFIRMED,,,False
2026-07-29,IMMUTABLE_SNAPSHOT,cleanroom_20260729T153807Z,824487,701398,2026-07-29 15:25:54+00:00,ORDER_NOT_CONFIRMED,,,False
2026-07-29,IMMUTABLE_SNAPSHOT,cleanroom_20260729T153807Z,824487,800050,2026-07-29 15:25:54+00:00,ORDER_NOT_CONFIRMED,,,False
2026-07-29,IMMUTABLE_SNAPSHOT,cleanroom_20260729T153807Z,824567,502671,2026-07-29 15:30:43+00:00,ORDER_NOT_CONFIRMED,,,False
2026-07-29,IMMUTABLE_SNAPSHOT,cleanroom_20260729T153807Z,824567,663757,2026-07-29 15:30:43+00:00,ORDER_NOT_CONFIRMED,,,False
2026-07-29,IMMUTABLE_SNAPSHOT,cleanroom_20260729T153807Z,824567,665862,2026-07-29 15:30:43+00:00,ORDER_NOT_CONFIRMED,,,False
2026-07-29,IMMUTABLE_SNAPSHOT,cleanroom_20260729T153807Z,824567,678246,2026-07-29 15:30:43+00:00,ORDER_NOT_CONFIRMED,,,False
2026-07-29,IMMUTABLE_SNAPSHOT,cleanroom_20260729T153807Z,824567,691176,2026-07-29 15:30:43+00:00,ORDER_NOT_CONFIRMED,,,False
2026-07-29,IMMUTABLE_SNAPSHOT,cleanroom_20260729T153807Z,824567,695657,2026-07-29 15:30:43+00:00,ORDER_NOT_CONFIRMED,,,False
2026-07-29,IMMUTABLE_SNAPSHOT,cleanroom_20260729T153807Z,824567,700250,2026-07-29 15:30:43+00:00,ORDER_NOT_CONFIRMED,,,False
2026-07-29,IMMUTABLE_SNAPSHOT,cleanroom_20260729T153807Z,824567,803011,2026-07-29 15:30:43+00:00,ORDER_NOT_CONFIRMED,,,False
2026-07-29,IMMUTABLE_SNAPSHOT,cleanroom_20260729T153807Z,824567,808959,2026-07-29 15:30:43+00:00,ORDER_NOT_CONFIRMED,,,False
2026-07-29,IMMUTABLE_SNAPSHOT,cleanroom_20260729T153807Z,824973,575929,2026-07-29 15:25:11+00:00,ORDER_NOT_CONFIRMED,,,False
2026-07-29,IMMUTABLE_SNAPSHOT,cleanroom_20260729T153807Z,824973,641680,2026-07-29 15:25:11+00:00,ORDER_NOT_CONFIRMED,,,False
2026-07-29,IMMUTABLE_SNAPSHOT,cleanroom_20260729T153807Z,824973,643446,2026-07-29 15:25:11+00:00,ORDER_NOT_CONFIRMED,,,False
2026-07-29,IMMUTABLE_SNAPSHOT,cleanroom_20260729T153807Z,824973,655316,2026-07-29 15:25:11+00:00,ORDER_NOT_CONFIRMED,,,False
2026-07-29,IMMUTABLE_SNAPSHOT,cleanroom_20260729T153807Z,824973,663853,2026-07-29 15:25:11+00:00,ORDER_NOT_CONFIRMED,,,False
2026-07-29,IMMUTABLE_SNAPSHOT,cleanroom_20260729T153807Z,824973,665966,2026-07-29 15:25:11+00:00,ORDER_NOT_CONFIRMED,,,False
2026-07-29,IMMUTABLE_SNAPSHOT,cleanroom_20260729T153807Z,824973,677800,2026-07-29 15:25:11+00:00,ORDER_NOT_CONFIRMED,,,False
2026-07-29,IMMUTABLE_SNAPSHOT,cleanroom_20260729T153807Z,824973,678882,2026-07-29 15:25:11+00:00,ORDER_NOT_CONFIRMED,,,False
2026-07-29,IMMUTABLE_SNAPSHOT,cleanroom_20260729T153807Z,824973,680776,2026-07-29 15:25:11+00:00,ORDER_NOT_CONFIRMED,,,False
2026-07-29,IMMUTABLE_SNAPSHOT,cleanroom_20260729T153807Z,824973,687515,2026-07-29 15:25:11+00:00,ORDER_NOT_CONFIRMED,,,False
2026-07-29,IMMUTABLE_SNAPSHOT,cleanroom_20260729T153807Z,824973,691016,2026-07-29 15:25:11+00:00,ORDER_NOT_CONFIRMED,,,False
2026-07-29,IMMUTABLE_SNAPSHOT,cleanroom_20260729T153807Z,824973,695720,2026-07-29 15:25:11+00:00,ORDER_NOT_CONFIRMED,,,False
2026-07-29,IMMUTABLE_SNAPSHOT,cleanroom_20260729T153807Z,824973,701762,2026-07-29 15:25:11+00:00,ORDER_NOT_CONFIRMED,,,False
2026-07-29,IMMUTABLE_SNAPSHOT,cleanroom_20260729T153807Z,824973,702332,2026-07-29 15:25:11+00:00,ORDER_NOT_CONFIRMED,,,False
2026-07-29,IMMUTABLE_SNAPSHOT,cleanroom_20260729T153807Z,824973,703607,2026-07-29 15:25:11+00:00,ORDER_NOT_CONFIRMED,,,False
2026-07-29,IMMUTABLE_SNAPSHOT,cleanroom_20260729T153807Z,824973,805779,2026-07-29 15:25:11+00:00,ORDER_NOT_CONFIRMED,,,False
2026-07-29,IMMUTABLE_SNAPSHOT,cleanroom_20260729T155216Z,822702,543807,2026-07-29 15:52:12+00:00,LINEUP_AFTER_GOVERNING_CAPTURE,2026-07-29T15:52:54.793377+00:00,c91c57bd-33d5-4f33-8f29-c98a4c2a2e57,False
2026-07-29,IMMUTABLE_SNAPSHOT,cleanroom_20260729T155216Z,822702,662139,2026-07-29 15:52:12+00:00,LINEUP_AFTER_GOVERNING_CAPTURE,2026-07-29T15:52:54.793377+00:00,c91c57bd-33d5-4f33-8f29-c98a4c2a2e57,False
2026-07-29,IMMUTABLE_SNAPSHOT,cleanroom_20260729T155216Z,822702,664770,2026-07-29 15:52:12+00:00,LINEUP_AFTER_GOVERNING_CAPTURE,2026-07-29T15:52:54.793377+00:00,c91c57bd-33d5-4f33-8f29-c98a4c2a2e57,False
2026-07-29,IMMUTABLE_SNAPSHOT,cleanroom_20260729T155216Z,822702,665926,2026-07-29 15:52:12+00:00,LINEUP_AFTER_GOVERNING_CAPTURE,2026-07-29T15:52:54.793377+00:00,c91c57bd-33d5-4f33-8f29-c98a4c2a2e57,False
2026-07-29,IMMUTABLE_SNAPSHOT,cleanroom_20260729T155216Z,822702,671277,2026-07-29 15:52:12+00:00,LINEUP_AFTER_GOVERNING_CAPTURE,2026-07-29T15:52:54.793377+00:00,c91c57bd-33d5-4f33-8f29-c98a4c2a2e57,False
2026-07-29,IMMUTABLE_SNAPSHOT,cleanroom_20260729T155216Z,822702,672386,2026-07-29 15:52:12+00:00,LINEUP_AFTER_GOVERNING_CAPTURE,2026-07-29T15:52:54.793377+00:00,c91c57bd-33d5-4f33-8f29-c98a4c2a2e57,False
2026-07-29,IMMUTABLE_SNAPSHOT,cleanroom_20260729T155216Z,822702,672960,2026-07-29 15:52:12+00:00,LINEUP_AFTER_GOVERNING_CAPTURE,2026-07-29T15:52:54.793377+00:00,c91c57bd-33d5-4f33-8f29-c98a4c2a2e57,False
2026-07-29,IMMUTABLE_SNAPSHOT,cleanroom_20260729T155216Z,822702,676391,2026-07-29 15:52:12+00:00,LINEUP_AFTER_GOVERNING_CAPTURE,2026-07-29T15:52:54.793377+00:00,c91c57bd-33d5-4f33-8f29-c98a4c2a2e57,False
2026-07-29,IMMUTABLE_SNAPSHOT,cleanroom_20260729T155216Z,822702,676914,2026-07-29 15:52:12+00:00,LINEUP_AFTER_GOVERNING_CAPTURE,2026-07-29T15:52:54.793377+00:00,c91c57bd-33d5-4f33-8f29-c98a4c2a2e57,False
2026-07-29,IMMUTABLE_SNAPSHOT,cleanroom_20260729T155216Z,822702,682818,2026-07-29 15:52:12+00:00,LINEUP_AFTER_GOVERNING_CAPTURE,2026-07-29T15:52:54.793377+00:00,c91c57bd-33d5-4f33-8f29-c98a4c2a2e57,False
2026-07-29,IMMUTABLE_SNAPSHOT,cleanroom_20260729T155216Z,822702,682928,2026-07-29 15:52:12+00:00,LINEUP_AFTER_GOVERNING_CAPTURE,2026-07-29T15:52:54.793377+00:00,c91c57bd-33d5-4f33-8f29-c98a4c2a2e57,False
2026-07-29,IMMUTABLE_SNAPSHOT,cleanroom_20260729T155216Z,822702,691781,2026-07-29 15:52:12+00:00,LINEUP_AFTER_GOVERNING_CAPTURE,2026-07-29T15:52:54.793377+00:00,c91c57bd-33d5-4f33-8f29-c98a4c2a2e57,False
2026-07-29,IMMUTABLE_SNAPSHOT,cleanroom_20260729T155216Z,822702,695578,2026-07-29 15:52:12+00:00,LINEUP_AFTER_GOVERNING_CAPTURE,2026-07-29T15:52:54.793377+00:00,c91c57bd-33d5-4f33-8f29-c98a4c2a2e57,False
2026-07-29,IMMUTABLE_SNAPSHOT,cleanroom_20260729T155216Z,822702,695734,2026-07-29 15:52:12+00:00,LINEUP_AFTER_GOVERNING_CAPTURE,2026-07-29T15:52:54.793377+00:00,c91c57bd-33d5-4f33-8f29-c98a4c2a2e57,False
2026-07-29,IMMUTABLE_SNAPSHOT,cleanroom_20260729T155216Z,822947,607043,2026-07-29 15:51:56+00:00,ORDER_NOT_CONFIRMED,,,False
2026-07-29,IMMUTABLE_SNAPSHOT,cleanroom_20260729T155216Z,822947,650490,2026-07-29 15:51:56+00:00,ORDER_NOT_CONFIRMED,,,False
2026-07-29,IMMUTABLE_SNAPSHOT,cleanroom_20260729T155216Z,822947,666018,2026-07-29 15:51:56+00:00,ORDER_NOT_CONFIRMED,,,False
2026-07-29,IMMUTABLE_SNAPSHOT,cleanroom_20260729T155216Z,822947,668723,2026-07-29 15:51:56+00:00,ORDER_NOT_CONFIRMED,,,False
2026-07-29,IMMUTABLE_SNAPSHOT,cleanroom_20260729T155216Z,822947,669394,2026-07-29 15:51:56+00:00,ORDER_NOT_CONFIRMED,,,False
2026-07-29,IMMUTABLE_SNAPSHOT,cleanroom_20260729T155216Z,822947,676356,2026-07-29 15:51:56+00:00,ORDER_NOT_CONFIRMED,,,False
2026-07-29,IMMUTABLE_SNAPSHOT,cleanroom_20260729T155216Z,822947,677649,2026-07-29 15:51:56+00:00,ORDER_NOT_CONFIRMED,,,False
2026-07-29,IMMUTABLE_SNAPSHOT,cleanroom_20260729T155216Z,822947,691406,2026-07-29 15:51:56+00:00,ORDER_NOT_CONFIRMED,,,False
2026-07-29,IMMUTABLE_SNAPSHOT,cleanroom_20260729T155216Z,822947,694671,2026-07-29 15:51:56+00:00,ORDER_NOT_CONFIRMED,,,False
2026-07-29,IMMUTABLE_SNAPSHOT,cleanroom_20260729T155216Z,822947,802415,2026-07-29 15:51:56+00:00,ORDER_NOT_CONFIRMED,,,False
2026-07-29,IMMUTABLE_SNAPSHOT,cleanroom_20260729T155216Z,823022,608324,2026-07-29 15:52:45+00:00,ORDER_NOT_CONFIRMED,,,False
2026-07-29,IMMUTABLE_SNAPSHOT,cleanroom_20260729T155216Z,823022,621020,2026-07-29 15:52:45+00:00,ORDER_NOT_CONFIRMED,,,False
2026-07-29,IMMUTABLE_SNAPSHOT,cleanroom_20260729T155216Z,823022,663538,2026-07-29 15:52:45+00:00,ORDER_NOT_CONFIRMED,,,False
2026-07-29,IMMUTABLE_SNAPSHOT,cleanroom_20260729T155216Z,823022,664023,2026-07-29 15:52:45+00:00,ORDER_NOT_CONFIRMED,,,False
2026-07-29,IMMUTABLE_SNAPSHOT,cleanroom_20260729T155216Z,823022,671056,2026-07-29 15:52:45+00:00,ORDER_NOT_CONFIRMED,,,False
2026-07-29,IMMUTABLE_SNAPSHOT,cleanroom_20260729T155216Z,823022,673548,2026-07-29 15:52:45+00:00,ORDER_NOT_CONFIRMED,,,False
2026-07-29,IMMUTABLE_SNAPSHOT,cleanroom_20260729T155216Z,823022,676369,2026-07-29 15:52:45+00:00,ORDER_NOT_CONFIRMED,,,False
2026-07-29,IMMUTABLE_SNAPSHOT,cleanroom_20260729T155216Z,823022,676475,2026-07-29 15:52:45+00:00,ORDER_NOT_CONFIRMED,,,False
2026-07-29,IMMUTABLE_SNAPSHOT,cleanroom_20260729T155216Z,823022,683737,2026-07-29 15:52:45+00:00,ORDER_NOT_CONFIRMED,,,False
2026-07-29,IMMUTABLE_SNAPSHOT,cleanroom_20260729T155216Z,823022,691023,2026-07-29 15:52:45+00:00,ORDER_NOT_CONFIRMED,,,False
2026-07-29,IMMUTABLE_SNAPSHOT,cleanroom_20260729T155216Z,823022,691026,2026-07-29 15:52:45+00:00,ORDER_NOT_CONFIRMED,,,False
2026-07-29,IMMUTABLE_SNAPSHOT,cleanroom_20260729T155216Z,823022,691718,2026-07-29 15:52:45+00:00,ORDER_NOT_CONFIRMED,,,False
2026-07-29,IMMUTABLE_SNAPSHOT,cleanroom_20260729T155216Z,823022,699393,2026-07-29 15:52:45+00:00,ORDER_NOT_CONFIRMED,,,False
2026-07-29,IMMUTABLE_SNAPSHOT,cleanroom_20260729T155216Z,823022,802139,2026-07-29 15:52:45+00:00,ORDER_NOT_CONFIRMED,,,False
2026-07-29,IMMUTABLE_SNAPSHOT,cleanroom_20260729T155216Z,823192,592885,2026-07-29 15:52:18+00:00,ORDER_NOT_CONFIRMED,,,False
2026-07-29,IMMUTABLE_SNAPSHOT,cleanroom_20260729T155216Z,823192,641343,2026-07-29 15:52:18+00:00,ORDER_NOT_CONFIRMED,,,False
2026-07-29,IMMUTABLE_SNAPSHOT,cleanroom_20260729T155216Z,823192,642715,2026-07-29 15:52:18+00:00,ORDER_NOT_CONFIRMED,,,False
2026-07-29,IMMUTABLE_SNAPSHOT,cleanroom_20260729T155216Z,823192,646240,2026-07-29 15:52:18+00:00,ORDER_NOT_CONFIRMED,,,False
2026-07-29,IMMUTABLE_SNAPSHOT,cleanroom_20260729T155216Z,823192,650333,2026-07-29 15:52:18+00:00,ORDER_NOT_CONFIRMED,,,False
2026-07-29,IMMUTABLE_SNAPSHOT,cleanroom_20260729T155216Z,823192,661388,2026-07-29 15:52:18+00:00,ORDER_NOT_CONFIRMED,,,False
2026-07-29,IMMUTABLE_SNAPSHOT,cleanroom_20260729T155216Z,823192,668930,2026-07-29 15:52:18+00:00,ORDER_NOT_CONFIRMED,,,False
2026-07-29,IMMUTABLE_SNAPSHOT,cleanroom_20260729T155216Z,823192,671218,2026-07-29 15:52:18+00:00,ORDER_NOT_CONFIRMED,,,False
2026-07-29,IMMUTABLE_SNAPSHOT,cleanroom_20260729T155216Z,823192,683734,2026-07-29 15:52:18+00:00,ORDER_NOT_CONFIRMED,,,False
2026-07-29,IMMUTABLE_SNAPSHOT,cleanroom_20260729T155216Z,823192,694192,2026-07-29 15:52:18+00:00,ORDER_NOT_CONFIRMED,,,False
2026-07-29,IMMUTABLE_SNAPSHOT,cleanroom_20260729T155216Z,823192,806198,2026-07-29 15:52:18+00:00,ORDER_NOT_CONFIRMED,,,False
2026-07-29,IMMUTABLE_SNAPSHOT,cleanroom_20260729T155216Z,823192,808982,2026-07-29 15:52:18+00:00,ORDER_NOT_CONFIRMED,,,False
2026-07-29,IMMUTABLE_SNAPSHOT,cleanroom_20260729T155216Z,823273,592518,2026-07-29 15:51:59+00:00,ORDER_NOT_CONFIRMED,,,False
2026-07-29,IMMUTABLE_SNAPSHOT,cleanroom_20260729T155216Z,823273,593428,2026-07-29 15:51:59+00:00,ORDER_NOT_CONFIRMED,,,False
2026-07-29,IMMUTABLE_SNAPSHOT,cleanroom_20260729T155216Z,823273,630105,2026-07-29 15:51:59+00:00,ORDER_NOT_CONFIRMED,,,False
2026-07-29,IMMUTABLE_SNAPSHOT,cleanroom_20260729T155216Z,823273,657757,2026-07-29 15:51:59+00:00,ORDER_NOT_CONFIRMED,,,False
2026-07-29,IMMUTABLE_SNAPSHOT,cleanroom_20260729T155216Z,823273,664034,2026-07-29 15:51:59+00:00,ORDER_NOT_CONFIRMED,,,False
2026-07-29,IMMUTABLE_SNAPSHOT,cleanroom_20260729T155216Z,823273,664983,2026-07-29 15:51:59+00:00,ORDER_NOT_CONFIRMED,,,False
2026-07-29,IMMUTABLE_SNAPSHOT,cleanroom_20260729T155216Z,823273,665487,2026-07-29 15:51:59+00:00,ORDER_NOT_CONFIRMED,,,False
2026-07-29,IMMUTABLE_SNAPSHOT,cleanroom_20260729T155216Z,823273,666160,2026-07-29 15:51:59+00:00,ORDER_NOT_CONFIRMED,,,False
2026-07-29,IMMUTABLE_SNAPSHOT,cleanroom_20260729T155216Z,823273,681198,2026-07-29 15:51:59+00:00,ORDER_NOT_CONFIRMED,,,False
2026-07-29,IMMUTABLE_SNAPSHOT,cleanroom_20260729T155216Z,823273,696100,2026-07-29 15:51:59+00:00,ORDER_NOT_CONFIRMED,,,False
2026-07-29,IMMUTABLE_SNAPSHOT,cleanroom_20260729T155216Z,823273,701538,2026-07-29 15:51:59+00:00,ORDER_NOT_CONFIRMED,,,False
2026-07-29,IMMUTABLE_SNAPSHOT,cleanroom_20260729T155216Z,823351,545121,2026-07-29 15:52:13+00:00,LINEUP_AFTER_GOVERNING_CAPTURE,2026-07-29T15:52:54.813239+00:00,c91c57bd-33d5-4f33-8f29-c98a4c2a2e57,False
2026-07-29,IMMUTABLE_SNAPSHOT,cleanroom_20260729T155216Z,823351,571448,2026-07-29 15:52:13+00:00,LINEUP_AFTER_GOVERNING_CAPTURE,2026-07-29T15:52:54.813239+00:00,c91c57bd-33d5-4f33-8f29-c98a4c2a2e57,False
2026-07-29,IMMUTABLE_SNAPSHOT,cleanroom_20260729T155216Z,823351,596146,2026-07-29 15:52:13+00:00,LINEUP_AFTER_GOVERNING_CAPTURE,2026-07-29T15:52:54.813239+00:00,c91c57bd-33d5-4f33-8f29-c98a4c2a2e57,False
2026-07-29,IMMUTABLE_SNAPSHOT,cleanroom_20260729T155216Z,823351,606466,2026-07-29 15:52:13+00:00,LINEUP_AFTER_GOVERNING_CAPTURE,2026-07-29T15:52:54.813239+00:00,c91c57bd-33d5-4f33-8f29-c98a4c2a2e57,False
2026-07-29,IMMUTABLE_SNAPSHOT,cleanroom_20260729T155216Z,823351,656811,2026-07-29 15:52:13+00:00,LINEUP_AFTER_GOVERNING_CAPTURE,2026-07-29T15:52:54.813239+00:00,c91c57bd-33d5-4f33-8f29-c98a4c2a2e57,False
2026-07-29,IMMUTABLE_SNAPSHOT,cleanroom_20260729T155216Z,823351,663968,2026-07-29 15:52:13+00:00,ORDER_NOT_CONFIRMED,,,False
2026-07-29,IMMUTABLE_SNAPSHOT,cleanroom_20260729T155216Z,823351,664040,2026-07-29 15:52:13+00:00,LINEUP_AFTER_GOVERNING_CAPTURE,2026-07-29T15:52:54.813239+00:00,c91c57bd-33d5-4f33-8f29-c98a4c2a2e57,False
2026-07-29,IMMUTABLE_SNAPSHOT,cleanroom_20260729T155216Z,823351,668804,2026-07-29 15:52:13+00:00,LINEUP_AFTER_GOVERNING_CAPTURE,2026-07-29T15:52:54.813239+00:00,c91c57bd-33d5-4f33-8f29-c98a4c2a2e57,False
2026-07-29,IMMUTABLE_SNAPSHOT,cleanroom_20260729T155216Z,823351,672515,2026-07-29 15:52:13+00:00,LINEUP_AFTER_GOVERNING_CAPTURE,2026-07-29T15:52:54.813239+00:00,c91c57bd-33d5-4f33-8f29-c98a4c2a2e57,False
2026-07-29,IMMUTABLE_SNAPSHOT,cleanroom_20260729T155216Z,823351,672695,2026-07-29 15:52:13+00:00,LINEUP_AFTER_GOVERNING_CAPTURE,2026-07-29T15:52:54.813239+00:00,c91c57bd-33d5-4f33-8f29-c98a4c2a2e57,False
2026-07-29,IMMUTABLE_SNAPSHOT,cleanroom_20260729T155216Z,823351,682998,2026-07-29 15:52:13+00:00,LINEUP_AFTER_GOVERNING_CAPTURE,2026-07-29T15:52:54.813239+00:00,c91c57bd-33d5-4f33-8f29-c98a4c2a2e57,False
2026-07-29,IMMUTABLE_SNAPSHOT,cleanroom_20260729T155216Z,823351,693304,2026-07-29 15:52:13+00:00,LINEUP_AFTER_GOVERNING_CAPTURE,2026-07-29T15:52:54.813239+00:00,c91c57bd-33d5-4f33-8f29-c98a4c2a2e57,False
2026-07-29,IMMUTABLE_SNAPSHOT,cleanroom_20260729T155216Z,823351,699013,2026-07-29 15:52:13+00:00,LINEUP_AFTER_GOVERNING_CAPTURE,2026-07-29T15:52:54.813239+00:00,c91c57bd-33d5-4f33-8f29-c98a4c2a2e57,False
2026-07-29,IMMUTABLE_SNAPSHOT,cleanroom_20260729T155216Z,823596,596019,2026-07-29 15:52:47+00:00,LINEUP_AFTER_GOVERNING_CAPTURE,2026-07-29T15:52:54.798286+00:00,c91c57bd-33d5-4f33-8f29-c98a4c2a2e57,False
2026-07-29,IMMUTABLE_SNAPSHOT,cleanroom_20260729T155216Z,823596,621566,2026-07-29 15:52:47+00:00,LINEUP_AFTER_GOVERNING_CAPTURE,2026-07-29T15:52:54.798286+00:00,c91c57bd-33d5-4f33-8f29-c98a4c2a2e57,False
2026-07-29,IMMUTABLE_SNAPSHOT,cleanroom_20260729T155216Z,823596,642201,2026-07-29 15:52:47+00:00,LINEUP_AFTER_GOVERNING_CAPTURE,2026-07-29T15:52:54.798286+00:00,c91c57bd-33d5-4f33-8f29-c98a4c2a2e57,False
2026-07-29,IMMUTABLE_SNAPSHOT,cleanroom_20260729T155216Z,823596,643289,2026-07-29 15:52:47+00:00,LINEUP_AFTER_GOVERNING_CAPTURE,2026-07-29T15:52:54.798286+00:00,c91c57bd-33d5-4f33-8f29-c98a4c2a2e57,False
2026-07-29,IMMUTABLE_SNAPSHOT,cleanroom_20260729T155216Z,823596,645277,2026-07-29 15:52:47+00:00,LINEUP_AFTER_GOVERNING_CAPTURE,2026-07-29T15:52:54.798286+00:00,c91c57bd-33d5-4f33-8f29-c98a4c2a2e57,False
2026-07-29,IMMUTABLE_SNAPSHOT,cleanroom_20260729T155216Z,823596,660670,2026-07-29 15:52:47+00:00,LINEUP_AFTER_GOVERNING_CAPTURE,2026-07-29T15:52:54.798286+00:00,c91c57bd-33d5-4f33-8f29-c98a4c2a2e57,False
2026-07-29,IMMUTABLE_SNAPSHOT,cleanroom_20260729T155216Z,823596,663586,2026-07-29 15:52:47+00:00,LINEUP_AFTER_GOVERNING_CAPTURE,2026-07-29T15:52:54.798286+00:00,c91c57bd-33d5-4f33-8f29-c98a4c2a2e57,False
2026-07-29,IMMUTABLE_SNAPSHOT,cleanroom_20260729T155216Z,823596,666182,2026-07-29 15:52:47+00:00,LINEUP_AFTER_GOVERNING_CAPTURE,2026-07-29T15:52:54.798286+00:00,c91c57bd-33d5-4f33-8f29-c98a4c2a2e57,False
2026-07-29,IMMUTABLE_SNAPSHOT,cleanroom_20260729T155216Z,823596,671739,2026-07-29 15:52:47+00:00,LINEUP_AFTER_GOVERNING_CAPTURE,2026-07-29T15:52:54.798286+00:00,c91c57bd-33d5-4f33-8f29-c98a4c2a2e57,False
2026-07-29,IMMUTABLE_SNAPSHOT,cleanroom_20260729T155216Z,823596,673357,2026-07-29 15:52:47+00:00,ORDER_NOT_CONFIRMED,,,False
2026-07-29,IMMUTABLE_SNAPSHOT,cleanroom_20260729T155216Z,823596,682626,2026-07-29 15:52:47+00:00,LINEUP_AFTER_GOVERNING_CAPTURE,2026-07-29T15:52:54.798286+00:00,c91c57bd-33d5-4f33-8f29-c98a4c2a2e57,False
2026-07-29,IMMUTABLE_SNAPSHOT,cleanroom_20260729T155216Z,823596,686948,2026-07-29 15:52:47+00:00,LINEUP_AFTER_GOVERNING_CAPTURE,2026-07-29T15:52:54.798286+00:00,c91c57bd-33d5-4f33-8f29-c98a4c2a2e57,False
2026-07-29,IMMUTABLE_SNAPSHOT,cleanroom_20260729T155216Z,823596,701807,2026-07-29 15:52:47+00:00,LINEUP_AFTER_GOVERNING_CAPTURE,2026-07-29T15:52:54.798286+00:00,c91c57bd-33d5-4f33-8f29-c98a4c2a2e57,False
2026-07-29,IMMUTABLE_SNAPSHOT,cleanroom_20260729T155216Z,823596,805999,2026-07-29 15:52:47+00:00,LINEUP_AFTER_GOVERNING_CAPTURE,2026-07-29T15:52:54.798286+00:00,c91c57bd-33d5-4f33-8f29-c98a4c2a2e57,False
2026-07-29,IMMUTABLE_SNAPSHOT,cleanroom_20260729T155216Z,823677,521692,2026-07-29 15:52:19+00:00,ORDER_NOT_CONFIRMED,,,False
2026-07-29,IMMUTABLE_SNAPSHOT,cleanroom_20260729T155216Z,823677,605137,2026-07-29 15:52:19+00:00,ORDER_NOT_CONFIRMED,,,False
2026-07-29,IMMUTABLE_SNAPSHOT,cleanroom_20260729T155216Z,823677,657041,2026-07-29 15:52:19+00:00,ORDER_NOT_CONFIRMED,,,False
2026-07-29,IMMUTABLE_SNAPSHOT,cleanroom_20260729T155216Z,823677,663616,2026-07-29 15:52:19+00:00,ORDER_NOT_CONFIRMED,,,False
2026-07-29,IMMUTABLE_SNAPSHOT,cleanroom_20260729T155216Z,823677,665019,2026-07-29 15:52:19+00:00,ORDER_NOT_CONFIRMED,,,False
2026-07-29,IMMUTABLE_SNAPSHOT,cleanroom_20260729T155216Z,823677,668904,2026-07-29 15:52:19+00:00,ORDER_NOT_CONFIRMED,,,False
2026-07-29,IMMUTABLE_SNAPSHOT,cleanroom_20260729T155216Z,823677,680777,2026-07-29 15:52:19+00:00,ORDER_NOT_CONFIRMED,,,False
2026-07-29,IMMUTABLE_SNAPSHOT,cleanroom_20260729T155216Z,823677,686469,2026-07-29 15:52:19+00:00,ORDER_NOT_CONFIRMED,,,False
2026-07-29,IMMUTABLE_SNAPSHOT,cleanroom_20260729T155216Z,823677,686681,2026-07-29 15:52:19+00:00,ORDER_NOT_CONFIRMED,,,False
2026-07-29,IMMUTABLE_SNAPSHOT,cleanroom_20260729T155216Z,823677,686797,2026-07-29 15:52:19+00:00,ORDER_NOT_CONFIRMED,,,False
2026-07-29,IMMUTABLE_SNAPSHOT,cleanroom_20260729T155216Z,823677,695506,2026-07-29 15:52:19+00:00,ORDER_NOT_CONFIRMED,,,False
2026-07-29,IMMUTABLE_SNAPSHOT,cleanroom_20260729T155216Z,823677,695600,2026-07-29 15:52:19+00:00,ORDER_NOT_CONFIRMED,,,False
2026-07-29,IMMUTABLE_SNAPSHOT,cleanroom_20260729T155216Z,823677,702176,2026-07-29 15:52:19+00:00,ORDER_NOT_CONFIRMED,,,False
2026-07-29,IMMUTABLE_SNAPSHOT,cleanroom_20260729T155216Z,823677,807712,2026-07-29 15:52:19+00:00,ORDER_NOT_CONFIRMED,,,False
2026-07-29,IMMUTABLE_SNAPSHOT,cleanroom_20260729T155216Z,823837,547180,2026-07-29 15:51:27+00:00,LINEUP_AFTER_GOVERNING_CAPTURE,2026-07-29T15:52:54.804476+00:00,c91c57bd-33d5-4f33-8f29-c98a4c2a2e57,False
2026-07-29,IMMUTABLE_SNAPSHOT,cleanroom_20260729T155216Z,823837,592663,2026-07-29 15:51:27+00:00,LINEUP_AFTER_GOVERNING_CAPTURE,2026-07-29T15:52:54.804476+00:00,c91c57bd-33d5-4f33-8f29-c98a4c2a2e57,False
2026-07-29,IMMUTABLE_SNAPSHOT,cleanroom_20260729T155216Z,823837,607208,2026-07-29 15:51:27+00:00,LINEUP_AFTER_GOVERNING_CAPTURE,2026-07-29T15:52:54.804476+00:00,c91c57bd-33d5-4f33-8f29-c98a4c2a2e57,False
2026-07-29,IMMUTABLE_SNAPSHOT,cleanroom_20260729T155216Z,823837,650559,2026-07-29 15:51:27+00:00,LINEUP_AFTER_GOVERNING_CAPTURE,2026-07-29T15:52:54.804476+00:00,c91c57bd-33d5-4f33-8f29-c98a4c2a2e57,False
2026-07-29,IMMUTABLE_SNAPSHOT,cleanroom_20260729T155216Z,823837,656941,2026-07-29 15:51:27+00:00,ORDER_NOT_CONFIRMED,,,False
2026-07-29,IMMUTABLE_SNAPSHOT,cleanroom_20260729T155216Z,823837,664761,2026-07-29 15:51:27+00:00,LINEUP_AFTER_GOVERNING_CAPTURE,2026-07-29T15:52:54.804476+00:00,c91c57bd-33d5-4f33-8f29-c98a4c2a2e57,False
2026-07-29,IMMUTABLE_SNAPSHOT,cleanroom_20260729T155216Z,823837,669016,2026-07-29 15:51:27+00:00,LINEUP_AFTER_GOVERNING_CAPTURE,2026-07-29T15:52:54.804476+00:00,c91c57bd-33d5-4f33-8f29-c98a4c2a2e57,False
2026-07-29,IMMUTABLE_SNAPSHOT,cleanroom_20260729T155216Z,823837,669364,2026-07-29 15:51:27+00:00,LINEUP_AFTER_GOVERNING_CAPTURE,2026-07-29T15:52:54.804476+00:00,c91c57bd-33d5-4f33-8f29-c98a4c2a2e57,False
2026-07-29,IMMUTABLE_SNAPSHOT,cleanroom_20260729T155216Z,823837,672640,2026-07-29 15:51:27+00:00,LINEUP_AFTER_GOVERNING_CAPTURE,2026-07-29T15:52:54.804476+00:00,c91c57bd-33d5-4f33-8f29-c98a4c2a2e57,False
2026-07-29,IMMUTABLE_SNAPSHOT,cleanroom_20260729T155216Z,823837,681082,2026-07-29 15:51:27+00:00,LINEUP_AFTER_GOVERNING_CAPTURE,2026-07-29T15:52:54.804476+00:00,c91c57bd-33d5-4f33-8f29-c98a4c2a2e57,False
2026-07-29,IMMUTABLE_SNAPSHOT,cleanroom_20260729T155216Z,823837,681715,2026-07-29 15:51:27+00:00,LINEUP_AFTER_GOVERNING_CAPTURE,2026-07-29T15:52:54.804476+00:00,c91c57bd-33d5-4f33-8f29-c98a4c2a2e57,False
2026-07-29,IMMUTABLE_SNAPSHOT,cleanroom_20260729T155216Z,823837,687282,2026-07-29 15:51:27+00:00,ORDER_NOT_CONFIRMED,,,False
2026-07-29,IMMUTABLE_SNAPSHOT,cleanroom_20260729T155216Z,823837,691594,2026-07-29 15:51:27+00:00,LINEUP_AFTER_GOVERNING_CAPTURE,2026-07-29T15:52:54.804476+00:00,c91c57bd-33d5-4f33-8f29-c98a4c2a2e57,False
2026-07-29,IMMUTABLE_SNAPSHOT,cleanroom_20260729T155216Z,823837,702222,2026-07-29 15:51:27+00:00,LINEUP_AFTER_GOVERNING_CAPTURE,2026-07-29T15:52:54.804476+00:00,c91c57bd-33d5-4f33-8f29-c98a4c2a2e57,False
2026-07-29,IMMUTABLE_SNAPSHOT,cleanroom_20260729T155216Z,823924,518692,2026-07-29 15:52:34+00:00,ORDER_NOT_CONFIRMED,,,False
2026-07-29,IMMUTABLE_SNAPSHOT,cleanroom_20260729T155216Z,823924,571970,2026-07-29 15:52:34+00:00,ORDER_NOT_CONFIRMED,,,False
2026-07-29,IMMUTABLE_SNAPSHOT,cleanroom_20260729T155216Z,823924,605141,2026-07-29 15:52:34+00:00,ORDER_NOT_CONFIRMED,,,False
2026-07-29,IMMUTABLE_SNAPSHOT,cleanroom_20260729T155216Z,823924,606192,2026-07-29 15:52:34+00:00,ORDER_NOT_CONFIRMED,,,False
2026-07-29,IMMUTABLE_SNAPSHOT,cleanroom_20260729T155216Z,823924,647304,2026-07-29 15:52:34+00:00,ORDER_NOT_CONFIRMED,,,False
2026-07-29,IMMUTABLE_SNAPSHOT,cleanroom_20260729T155216Z,823924,660271,2026-07-29 15:52:34+00:00,ORDER_NOT_CONFIRMED,,,False
2026-07-29,IMMUTABLE_SNAPSHOT,cleanroom_20260729T155216Z,823924,663656,2026-07-29 15:52:34+00:00,ORDER_NOT_CONFIRMED,,,False
2026-07-29,IMMUTABLE_SNAPSHOT,cleanroom_20260729T155216Z,823924,663728,2026-07-29 15:52:34+00:00,ORDER_NOT_CONFIRMED,,,False
2026-07-29,IMMUTABLE_SNAPSHOT,cleanroom_20260729T155216Z,823924,668227,2026-07-29 15:52:34+00:00,ORDER_NOT_CONFIRMED,,,False
2026-07-29,IMMUTABLE_SNAPSHOT,cleanroom_20260729T155216Z,823924,669242,2026-07-29 15:52:34+00:00,ORDER_NOT_CONFIRMED,,,False
2026-07-29,IMMUTABLE_SNAPSHOT,cleanroom_20260729T155216Z,823924,670042,2026-07-29 15:52:34+00:00,ORDER_NOT_CONFIRMED,,,False
2026-07-29,IMMUTABLE_SNAPSHOT,cleanroom_20260729T155216Z,823924,677594,2026-07-29 15:52:34+00:00,ORDER_NOT_CONFIRMED,,,False
2026-07-29,IMMUTABLE_SNAPSHOT,cleanroom_20260729T155216Z,823924,681624,2026-07-29 15:52:34+00:00,ORDER_NOT_CONFIRMED,,,False
2026-07-29,IMMUTABLE_SNAPSHOT,cleanroom_20260729T155216Z,823924,686527,2026-07-29 15:52:34+00:00,ORDER_NOT_CONFIRMED,,,False
2026-07-29,IMMUTABLE_SNAPSHOT,cleanroom_20260729T155216Z,823924,687221,2026-07-29 15:52:34+00:00,ORDER_NOT_CONFIRMED,,,False
2026-07-29,IMMUTABLE_SNAPSHOT,cleanroom_20260729T155216Z,823924,702284,2026-07-29 15:52:34+00:00,ORDER_NOT_CONFIRMED,,,False
2026-07-29,IMMUTABLE_SNAPSHOT,cleanroom_20260729T155216Z,824002,514888,2026-07-29 15:51:58+00:00,ORDER_NOT_CONFIRMED,,,False
2026-07-29,IMMUTABLE_SNAPSHOT,cleanroom_20260729T155216Z,824002,545361,2026-07-29 15:51:58+00:00,ORDER_NOT_CONFIRMED,,,False
2026-07-29,IMMUTABLE_SNAPSHOT,cleanroom_20260729T155216Z,824002,572233,2026-07-29 15:51:58+00:00,ORDER_NOT_CONFIRMED,,,False
2026-07-29,IMMUTABLE_SNAPSHOT,cleanroom_20260729T155216Z,824002,624585,2026-07-29 15:51:58+00:00,ORDER_NOT_CONFIRMED,,,False
2026-07-29,IMMUTABLE_SNAPSHOT,cleanroom_20260729T155216Z,824002,665161,2026-07-29 15:51:58+00:00,ORDER_NOT_CONFIRMED,,,False
2026-07-29,IMMUTABLE_SNAPSHOT,cleanroom_20260729T155216Z,824002,666139,2026-07-29 15:51:58+00:00,ORDER_NOT_CONFIRMED,,,False
2026-07-29,IMMUTABLE_SNAPSHOT,cleanroom_20260729T155216Z,824002,666176,2026-07-29 15:51:58+00:00,ORDER_NOT_CONFIRMED,,,False
2026-07-29,IMMUTABLE_SNAPSHOT,cleanroom_20260729T155216Z,824002,670623,2026-07-29 15:51:58+00:00,ORDER_NOT_CONFIRMED,,,False
2026-07-29,IMMUTABLE_SNAPSHOT,cleanroom_20260729T155216Z,824002,673237,2026-07-29 15:51:58+00:00,ORDER_NOT_CONFIRMED,,,False
2026-07-29,IMMUTABLE_SNAPSHOT,cleanroom_20260729T155216Z,824002,687093,2026-07-29 15:51:58+00:00,ORDER_NOT_CONFIRMED,,,False
2026-07-29,IMMUTABLE_SNAPSHOT,cleanroom_20260729T155216Z,824002,687263,2026-07-29 15:51:58+00:00,ORDER_NOT_CONFIRMED,,,False
2026-07-29,IMMUTABLE_SNAPSHOT,cleanroom_20260729T155216Z,824002,694203,2026-07-29 15:51:58+00:00,ORDER_NOT_CONFIRMED,,,False
2026-07-29,IMMUTABLE_SNAPSHOT,cleanroom_20260729T155216Z,824002,694384,2026-07-29 15:51:58+00:00,ORDER_NOT_CONFIRMED,,,False
2026-07-29,IMMUTABLE_SNAPSHOT,cleanroom_20260729T155216Z,824002,701358,2026-07-29 15:51:58+00:00,ORDER_NOT_CONFIRMED,,,False
2026-07-29,IMMUTABLE_SNAPSHOT,cleanroom_20260729T155216Z,824002,828599,2026-07-29 15:51:58+00:00,ORDER_NOT_CONFIRMED,,,False
2026-07-29,IMMUTABLE_SNAPSHOT,cleanroom_20260729T155216Z,824242,621493,2026-07-29 15:52:44+00:00,LINEUP_AFTER_GOVERNING_CAPTURE,2026-07-29T15:52:54.796513+00:00,c91c57bd-33d5-4f33-8f29-c98a4c2a2e57,False
2026-07-29,IMMUTABLE_SNAPSHOT,cleanroom_20260729T155216Z,824242,624413,2026-07-29 15:52:44+00:00,LINEUP_AFTER_GOVERNING_CAPTURE,2026-07-29T15:52:54.796513+00:00,c91c57bd-33d5-4f33-8f29-c98a4c2a2e57,False
2026-07-29,IMMUTABLE_SNAPSHOT,cleanroom_20260729T155216Z,824242,641933,2026-07-29 15:52:44+00:00,LINEUP_AFTER_GOVERNING_CAPTURE,2026-07-29T15:52:54.796513+00:00,c91c57bd-33d5-4f33-8f29-c98a4c2a2e57,False
2026-07-29,IMMUTABLE_SNAPSHOT,cleanroom_20260729T155216Z,824242,650402,2026-07-29 15:52:44+00:00,LINEUP_AFTER_GOVERNING_CAPTURE,2026-07-29T15:52:54.796513+00:00,c91c57bd-33d5-4f33-8f29-c98a4c2a2e57,False
2026-07-29,IMMUTABLE_SNAPSHOT,cleanroom_20260729T155216Z,824242,663837,2026-07-29 15:52:44+00:00,LINEUP_AFTER_GOVERNING_CAPTURE,2026-07-29T15:52:54.796513+00:00,c91c57bd-33d5-4f33-8f29-c98a4c2a2e57,False
2026-07-29,IMMUTABLE_SNAPSHOT,cleanroom_20260729T155216Z,824242,679529,2026-07-29 15:52:44+00:00,LINEUP_AFTER_GOVERNING_CAPTURE,2026-07-29T15:52:54.796513+00:00,c91c57bd-33d5-4f33-8f29-c98a4c2a2e57,False
2026-07-29,IMMUTABLE_SNAPSHOT,cleanroom_20260729T155216Z,824242,680664,2026-07-29 15:52:44+00:00,LINEUP_AFTER_GOVERNING_CAPTURE,2026-07-29T15:52:54.796513+00:00,c91c57bd-33d5-4f33-8f29-c98a4c2a2e57,False
2026-07-29,IMMUTABLE_SNAPSHOT,cleanroom_20260729T155216Z,824242,682985,2026-07-29 15:52:44+00:00,LINEUP_AFTER_GOVERNING_CAPTURE,2026-07-29T15:52:54.796513+00:00,c91c57bd-33d5-4f33-8f29-c98a4c2a2e57,False
2026-07-29,IMMUTABLE_SNAPSHOT,cleanroom_20260729T155216Z,824242,683002,2026-07-29 15:52:44+00:00,LINEUP_AFTER_GOVERNING_CAPTURE,2026-07-29T15:52:54.796513+00:00,c91c57bd-33d5-4f33-8f29-c98a4c2a2e57,False
2026-07-29,IMMUTABLE_SNAPSHOT,cleanroom_20260729T155216Z,824242,687952,2026-07-29 15:52:44+00:00,LINEUP_AFTER_GOVERNING_CAPTURE,2026-07-29T15:52:54.796513+00:00,c91c57bd-33d5-4f33-8f29-c98a4c2a2e57,False
2026-07-29,IMMUTABLE_SNAPSHOT,cleanroom_20260729T155216Z,824242,693307,2026-07-29 15:52:44+00:00,LINEUP_AFTER_GOVERNING_CAPTURE,2026-07-29T15:52:54.796513+00:00,c91c57bd-33d5-4f33-8f29-c98a4c2a2e57,False
2026-07-29,IMMUTABLE_SNAPSHOT,cleanroom_20260729T155216Z,824242,701678,2026-07-29 15:52:44+00:00,LINEUP_AFTER_GOVERNING_CAPTURE,2026-07-29T15:52:54.796513+00:00,c91c57bd-33d5-4f33-8f29-c98a4c2a2e57,False
2026-07-29,IMMUTABLE_SNAPSHOT,cleanroom_20260729T155216Z,824242,805808,2026-07-29 15:52:44+00:00,LINEUP_AFTER_GOVERNING_CAPTURE,2026-07-29T15:52:54.796513+00:00,c91c57bd-33d5-4f33-8f29-c98a4c2a2e57,False
2026-07-29,IMMUTABLE_SNAPSHOT,cleanroom_20260729T155216Z,824487,553993,2026-07-29 15:52:30+00:00,ORDER_NOT_CONFIRMED,,,False
2026-07-29,IMMUTABLE_SNAPSHOT,cleanroom_20260729T155216Z,824487,608070,2026-07-29 15:52:30+00:00,ORDER_NOT_CONFIRMED,,,False
2026-07-29,IMMUTABLE_SNAPSHOT,cleanroom_20260729T155216Z,824487,668709,2026-07-29 15:52:30+00:00,ORDER_NOT_CONFIRMED,,,False
2026-07-29,IMMUTABLE_SNAPSHOT,cleanroom_20260729T155216Z,824487,672275,2026-07-29 15:52:30+00:00,ORDER_NOT_CONFIRMED,,,False
2026-07-29,IMMUTABLE_SNAPSHOT,cleanroom_20260729T155216Z,824487,677587,2026-07-29 15:52:30+00:00,ORDER_NOT_CONFIRMED,,,False
2026-07-29,IMMUTABLE_SNAPSHOT,cleanroom_20260729T155216Z,824487,680757,2026-07-29 15:52:30+00:00,ORDER_NOT_CONFIRMED,,,False
2026-07-29,IMMUTABLE_SNAPSHOT,cleanroom_20260729T155216Z,824487,682657,2026-07-29 15:52:30+00:00,ORDER_NOT_CONFIRMED,,,False
2026-07-29,IMMUTABLE_SNAPSHOT,cleanroom_20260729T155216Z,824487,682829,2026-07-29 15:52:30+00:00,ORDER_NOT_CONFIRMED,,,False
2026-07-29,IMMUTABLE_SNAPSHOT,cleanroom_20260729T155216Z,824487,683953,2026-07-29 15:52:30+00:00,ORDER_NOT_CONFIRMED,,,False
2026-07-29,IMMUTABLE_SNAPSHOT,cleanroom_20260729T155216Z,824487,700932,2026-07-29 15:52:30+00:00,ORDER_NOT_CONFIRMED,,,False
2026-07-29,IMMUTABLE_SNAPSHOT,cleanroom_20260729T155216Z,824487,701398,2026-07-29 15:52:30+00:00,ORDER_NOT_CONFIRMED,,,False
2026-07-29,IMMUTABLE_SNAPSHOT,cleanroom_20260729T155216Z,824487,800050,2026-07-29 15:52:30+00:00,ORDER_NOT_CONFIRMED,,,False
2026-07-29,IMMUTABLE_SNAPSHOT,cleanroom_20260729T155216Z,824567,502671,2026-07-29 15:52:26+00:00,ORDER_NOT_CONFIRMED,,,False
2026-07-29,IMMUTABLE_SNAPSHOT,cleanroom_20260729T155216Z,824567,663757,2026-07-29 15:52:26+00:00,ORDER_NOT_CONFIRMED,,,False
2026-07-29,IMMUTABLE_SNAPSHOT,cleanroom_20260729T155216Z,824567,665862,2026-07-29 15:52:26+00:00,ORDER_NOT_CONFIRMED,,,False
2026-07-29,IMMUTABLE_SNAPSHOT,cleanroom_20260729T155216Z,824567,678246,2026-07-29 15:52:26+00:00,ORDER_NOT_CONFIRMED,,,False
2026-07-29,IMMUTABLE_SNAPSHOT,cleanroom_20260729T155216Z,824567,691176,2026-07-29 15:52:26+00:00,ORDER_NOT_CONFIRMED,,,False
2026-07-29,IMMUTABLE_SNAPSHOT,cleanroom_20260729T155216Z,824567,695657,2026-07-29 15:52:26+00:00,ORDER_NOT_CONFIRMED,,,False
2026-07-29,IMMUTABLE_SNAPSHOT,cleanroom_20260729T155216Z,824567,700250,2026-07-29 15:52:26+00:00,ORDER_NOT_CONFIRMED,,,False
2026-07-29,IMMUTABLE_SNAPSHOT,cleanroom_20260729T155216Z,824567,803011,2026-07-29 15:52:26+00:00,ORDER_NOT_CONFIRMED,,,False
2026-07-29,IMMUTABLE_SNAPSHOT,cleanroom_20260729T155216Z,824567,808959,2026-07-29 15:52:26+00:00,ORDER_NOT_CONFIRMED,,,False
2026-07-29,IMMUTABLE_SNAPSHOT,cleanroom_20260729T155216Z,824973,575929,2026-07-29 15:52:29+00:00,ORDER_NOT_CONFIRMED,,,False
2026-07-29,IMMUTABLE_SNAPSHOT,cleanroom_20260729T155216Z,824973,641680,2026-07-29 15:52:29+00:00,ORDER_NOT_CONFIRMED,,,False
2026-07-29,IMMUTABLE_SNAPSHOT,cleanroom_20260729T155216Z,824973,643446,2026-07-29 15:52:29+00:00,ORDER_NOT_CONFIRMED,,,False
2026-07-29,IMMUTABLE_SNAPSHOT,cleanroom_20260729T155216Z,824973,655316,2026-07-29 15:52:29+00:00,ORDER_NOT_CONFIRMED,,,False
2026-07-29,IMMUTABLE_SNAPSHOT,cleanroom_20260729T155216Z,824973,663853,2026-07-29 15:52:29+00:00,ORDER_NOT_CONFIRMED,,,False
2026-07-29,IMMUTABLE_SNAPSHOT,cleanroom_20260729T155216Z,824973,665966,2026-07-29 15:52:29+00:00,ORDER_NOT_CONFIRMED,,,False
2026-07-29,IMMUTABLE_SNAPSHOT,cleanroom_20260729T155216Z,824973,677800,2026-07-29 15:52:29+00:00,ORDER_NOT_CONFIRMED,,,False
2026-07-29,IMMUTABLE_SNAPSHOT,cleanroom_20260729T155216Z,824973,678882,2026-07-29 15:52:29+00:00,ORDER_NOT_CONFIRMED,,,False
2026-07-29,IMMUTABLE_SNAPSHOT,cleanroom_20260729T155216Z,824973,680776,2026-07-29 15:52:29+00:00,ORDER_NOT_CONFIRMED,,,False
2026-07-29,IMMUTABLE_SNAPSHOT,cleanroom_20260729T155216Z,824973,687515,2026-07-29 15:52:29+00:00,ORDER_NOT_CONFIRMED,,,False
2026-07-29,IMMUTABLE_SNAPSHOT,cleanroom_20260729T155216Z,824973,691016,2026-07-29 15:52:29+00:00,ORDER_NOT_CONFIRMED,,,False
2026-07-29,IMMUTABLE_SNAPSHOT,cleanroom_20260729T155216Z,824973,695720,2026-07-29 15:52:29+00:00,ORDER_NOT_CONFIRMED,,,False
2026-07-29,IMMUTABLE_SNAPSHOT,cleanroom_20260729T155216Z,824973,701762,2026-07-29 15:52:29+00:00,ORDER_NOT_CONFIRMED,,,False
2026-07-29,IMMUTABLE_SNAPSHOT,cleanroom_20260729T155216Z,824973,702332,2026-07-29 15:52:29+00:00,ORDER_NOT_CONFIRMED,,,False
2026-07-29,IMMUTABLE_SNAPSHOT,cleanroom_20260729T155216Z,824973,703607,2026-07-29 15:52:29+00:00,ORDER_NOT_CONFIRMED,,,False
2026-07-29,IMMUTABLE_SNAPSHOT,cleanroom_20260729T155216Z,824973,805779,2026-07-29 15:52:29+00:00,ORDER_NOT_CONFIRMED,,,False
2026-07-29,IMMUTABLE_SNAPSHOT,cleanroom_20260729T162627Z,822702,543807,2026-07-29 16:25:51+00:00,LINEUP_AFTER_GOVERNING_CAPTURE,2026-07-29T16:27:03.758723+00:00,9b5c5ca6-650f-4dd7-945a-0459567bbb69,False
2026-07-29,IMMUTABLE_SNAPSHOT,cleanroom_20260729T162627Z,822702,662139,2026-07-29 16:25:51+00:00,LINEUP_AFTER_GOVERNING_CAPTURE,2026-07-29T16:27:03.758723+00:00,9b5c5ca6-650f-4dd7-945a-0459567bbb69,False
2026-07-29,IMMUTABLE_SNAPSHOT,cleanroom_20260729T162627Z,822702,664770,2026-07-29 16:25:51+00:00,LINEUP_AFTER_GOVERNING_CAPTURE,2026-07-29T16:27:03.758723+00:00,9b5c5ca6-650f-4dd7-945a-0459567bbb69,False
2026-07-29,IMMUTABLE_SNAPSHOT,cleanroom_20260729T162627Z,822702,665926,2026-07-29 16:25:51+00:00,LINEUP_AFTER_GOVERNING_CAPTURE,2026-07-29T16:27:03.758723+00:00,9b5c5ca6-650f-4dd7-945a-0459567bbb69,False
2026-07-29,IMMUTABLE_SNAPSHOT,cleanroom_20260729T162627Z,822702,671277,2026-07-29 16:25:51+00:00,LINEUP_AFTER_GOVERNING_CAPTURE,2026-07-29T16:27:03.758723+00:00,9b5c5ca6-650f-4dd7-945a-0459567bbb69,False
2026-07-29,IMMUTABLE_SNAPSHOT,cleanroom_20260729T162627Z,822702,672386,2026-07-29 16:25:51+00:00,LINEUP_AFTER_GOVERNING_CAPTURE,2026-07-29T16:27:03.758723+00:00,9b5c5ca6-650f-4dd7-945a-0459567bbb69,False
2026-07-29,IMMUTABLE_SNAPSHOT,cleanroom_20260729T162627Z,822702,672960,2026-07-29 16:25:51+00:00,LINEUP_AFTER_GOVERNING_CAPTURE,2026-07-29T16:27:03.758723+00:00,9b5c5ca6-650f-4dd7-945a-0459567bbb69,False
2026-07-29,IMMUTABLE_SNAPSHOT,cleanroom_20260729T162627Z,822702,676391,2026-07-29 16:25:51+00:00,LINEUP_AFTER_GOVERNING_CAPTURE,2026-07-29T16:27:03.758723+00:00,9b5c5ca6-650f-4dd7-945a-0459567bbb69,False
2026-07-29,IMMUTABLE_SNAPSHOT,cleanroom_20260729T162627Z,822702,676914,2026-07-29 16:25:51+00:00,LINEUP_AFTER_GOVERNING_CAPTURE,2026-07-29T16:27:03.758723+00:00,9b5c5ca6-650f-4dd7-945a-0459567bbb69,False
2026-07-29,IMMUTABLE_SNAPSHOT,cleanroom_20260729T162627Z,822702,682818,2026-07-29 16:25:51+00:00,LINEUP_AFTER_GOVERNING_CAPTURE,2026-07-29T16:27:03.758723+00:00,9b5c5ca6-650f-4dd7-945a-0459567bbb69,False
2026-07-29,IMMUTABLE_SNAPSHOT,cleanroom_20260729T162627Z,822702,682928,2026-07-29 16:25:51+00:00,LINEUP_AFTER_GOVERNING_CAPTURE,2026-07-29T16:27:03.758723+00:00,9b5c5ca6-650f-4dd7-945a-0459567bbb69,False
2026-07-29,IMMUTABLE_SNAPSHOT,cleanroom_20260729T162627Z,822702,691781,2026-07-29 16:25:51+00:00,LINEUP_AFTER_GOVERNING_CAPTURE,2026-07-29T16:27:03.758723+00:00,9b5c5ca6-650f-4dd7-945a-0459567bbb69,False
2026-07-29,IMMUTABLE_SNAPSHOT,cleanroom_20260729T162627Z,822702,695578,2026-07-29 16:25:51+00:00,LINEUP_AFTER_GOVERNING_CAPTURE,2026-07-29T16:27:03.758723+00:00,9b5c5ca6-650f-4dd7-945a-0459567bbb69,False
2026-07-29,IMMUTABLE_SNAPSHOT,cleanroom_20260729T162627Z,822702,695734,2026-07-29 16:25:51+00:00,LINEUP_AFTER_GOVERNING_CAPTURE,2026-07-29T16:27:03.758723+00:00,9b5c5ca6-650f-4dd7-945a-0459567bbb69,False
2026-07-29,IMMUTABLE_SNAPSHOT,cleanroom_20260729T162627Z,822947,607043,2026-07-29 16:25:56+00:00,ORDER_NOT_CONFIRMED,,,False
2026-07-29,IMMUTABLE_SNAPSHOT,cleanroom_20260729T162627Z,822947,650490,2026-07-29 16:25:56+00:00,ORDER_NOT_CONFIRMED,,,False
2026-07-29,IMMUTABLE_SNAPSHOT,cleanroom_20260729T162627Z,822947,666018,2026-07-29 16:25:56+00:00,ORDER_NOT_CONFIRMED,,,False
2026-07-29,IMMUTABLE_SNAPSHOT,cleanroom_20260729T162627Z,822947,668723,2026-07-29 16:25:56+00:00,ORDER_NOT_CONFIRMED,,,False
2026-07-29,IMMUTABLE_SNAPSHOT,cleanroom_20260729T162627Z,822947,669394,2026-07-29 16:25:56+00:00,ORDER_NOT_CONFIRMED,,,False
2026-07-29,IMMUTABLE_SNAPSHOT,cleanroom_20260729T162627Z,822947,676356,2026-07-29 16:25:56+00:00,ORDER_NOT_CONFIRMED,,,False
2026-07-29,IMMUTABLE_SNAPSHOT,cleanroom_20260729T162627Z,822947,677649,2026-07-29 16:25:56+00:00,ORDER_NOT_CONFIRMED,,,False
2026-07-29,IMMUTABLE_SNAPSHOT,cleanroom_20260729T162627Z,822947,691406,2026-07-29 16:25:56+00:00,ORDER_NOT_CONFIRMED,,,False
2026-07-29,IMMUTABLE_SNAPSHOT,cleanroom_20260729T162627Z,822947,694671,2026-07-29 16:25:56+00:00,ORDER_NOT_CONFIRMED,,,False
2026-07-29,IMMUTABLE_SNAPSHOT,cleanroom_20260729T162627Z,822947,802415,2026-07-29 16:25:56+00:00,ORDER_NOT_CONFIRMED,,,False
2026-07-29,IMMUTABLE_SNAPSHOT,cleanroom_20260729T162627Z,823022,608324,2026-07-29 16:25:51+00:00,ORDER_NOT_CONFIRMED,,,False
2026-07-29,IMMUTABLE_SNAPSHOT,cleanroom_20260729T162627Z,823022,621020,2026-07-29 16:25:51+00:00,ORDER_NOT_CONFIRMED,,,False
2026-07-29,IMMUTABLE_SNAPSHOT,cleanroom_20260729T162627Z,823022,663538,2026-07-29 16:25:51+00:00,ORDER_NOT_CONFIRMED,,,False
2026-07-29,IMMUTABLE_SNAPSHOT,cleanroom_20260729T162627Z,823022,664023,2026-07-29 16:25:51+00:00,ORDER_NOT_CONFIRMED,,,False
2026-07-29,IMMUTABLE_SNAPSHOT,cleanroom_20260729T162627Z,823022,671056,2026-07-29 16:25:51+00:00,ORDER_NOT_CONFIRMED,,,False
2026-07-29,IMMUTABLE_SNAPSHOT,cleanroom_20260729T162627Z,823022,673548,2026-07-29 16:25:51+00:00,ORDER_NOT_CONFIRMED,,,False
2026-07-29,IMMUTABLE_SNAPSHOT,cleanroom_20260729T162627Z,823022,676369,2026-07-29 16:25:51+00:00,ORDER_NOT_CONFIRMED,,,False
2026-07-29,IMMUTABLE_SNAPSHOT,cleanroom_20260729T162627Z,823022,676475,2026-07-29 16:25:51+00:00,ORDER_NOT_CONFIRMED,,,False
2026-07-29,IMMUTABLE_SNAPSHOT,cleanroom_20260729T162627Z,823022,683737,2026-07-29 16:25:51+00:00,ORDER_NOT_CONFIRMED,,,False
2026-07-29,IMMUTABLE_SNAPSHOT,cleanroom_20260729T162627Z,823022,691023,2026-07-29 16:25:51+00:00,ORDER_NOT_CONFIRMED,,,False
2026-07-29,IMMUTABLE_SNAPSHOT,cleanroom_20260729T162627Z,823022,691026,2026-07-29 16:25:51+00:00,ORDER_NOT_CONFIRMED,,,False
2026-07-29,IMMUTABLE_SNAPSHOT,cleanroom_20260729T162627Z,823022,691718,2026-07-29 16:25:51+00:00,ORDER_NOT_CONFIRMED,,,False
2026-07-29,IMMUTABLE_SNAPSHOT,cleanroom_20260729T162627Z,823022,699393,2026-07-29 16:25:51+00:00,ORDER_NOT_CONFIRMED,,,False
2026-07-29,IMMUTABLE_SNAPSHOT,cleanroom_20260729T162627Z,823022,802139,2026-07-29 16:25:51+00:00,ORDER_NOT_CONFIRMED,,,False
2026-07-29,IMMUTABLE_SNAPSHOT,cleanroom_20260729T162627Z,823192,592885,2026-07-29 16:24:37+00:00,ORDER_NOT_CONFIRMED,,,False
2026-07-29,IMMUTABLE_SNAPSHOT,cleanroom_20260729T162627Z,823192,641343,2026-07-29 16:24:37+00:00,ORDER_NOT_CONFIRMED,,,False
2026-07-29,IMMUTABLE_SNAPSHOT,cleanroom_20260729T162627Z,823192,642715,2026-07-29 16:24:37+00:00,ORDER_NOT_CONFIRMED,,,False
2026-07-29,IMMUTABLE_SNAPSHOT,cleanroom_20260729T162627Z,823192,646240,2026-07-29 16:24:37+00:00,ORDER_NOT_CONFIRMED,,,False
2026-07-29,IMMUTABLE_SNAPSHOT,cleanroom_20260729T162627Z,823192,650333,2026-07-29 16:24:37+00:00,ORDER_NOT_CONFIRMED,,,False
2026-07-29,IMMUTABLE_SNAPSHOT,cleanroom_20260729T162627Z,823192,661388,2026-07-29 16:24:37+00:00,ORDER_NOT_CONFIRMED,,,False
2026-07-29,IMMUTABLE_SNAPSHOT,cleanroom_20260729T162627Z,823192,668930,2026-07-29 16:24:37+00:00,ORDER_NOT_CONFIRMED,,,False
2026-07-29,IMMUTABLE_SNAPSHOT,cleanroom_20260729T162627Z,823192,671218,2026-07-29 16:24:37+00:00,ORDER_NOT_CONFIRMED,,,False
2026-07-29,IMMUTABLE_SNAPSHOT,cleanroom_20260729T162627Z,823192,683734,2026-07-29 16:24:37+00:00,ORDER_NOT_CONFIRMED,,,False
2026-07-29,IMMUTABLE_SNAPSHOT,cleanroom_20260729T162627Z,823192,694192,2026-07-29 16:24:37+00:00,ORDER_NOT_CONFIRMED,,,False
2026-07-29,IMMUTABLE_SNAPSHOT,cleanroom_20260729T162627Z,823192,806198,2026-07-29 16:24:37+00:00,ORDER_NOT_CONFIRMED,,,False
2026-07-29,IMMUTABLE_SNAPSHOT,cleanroom_20260729T162627Z,823192,808982,2026-07-29 16:24:37+00:00,ORDER_NOT_CONFIRMED,,,False
2026-07-29,IMMUTABLE_SNAPSHOT,cleanroom_20260729T162627Z,823273,592518,2026-07-29 16:23:53+00:00,ORDER_NOT_CONFIRMED,,,False
2026-07-29,IMMUTABLE_SNAPSHOT,cleanroom_20260729T162627Z,823273,593428,2026-07-29 16:23:53+00:00,ORDER_NOT_CONFIRMED,,,False
2026-07-29,IMMUTABLE_SNAPSHOT,cleanroom_20260729T162627Z,823273,630105,2026-07-29 16:23:53+00:00,ORDER_NOT_CONFIRMED,,,False
2026-07-29,IMMUTABLE_SNAPSHOT,cleanroom_20260729T162627Z,823273,657757,2026-07-29 16:23:53+00:00,ORDER_NOT_CONFIRMED,,,False
2026-07-29,IMMUTABLE_SNAPSHOT,cleanroom_20260729T162627Z,823273,664034,2026-07-29 16:23:53+00:00,ORDER_NOT_CONFIRMED,,,False
2026-07-29,IMMUTABLE_SNAPSHOT,cleanroom_20260729T162627Z,823273,664983,2026-07-29 16:23:53+00:00,ORDER_NOT_CONFIRMED,,,False
2026-07-29,IMMUTABLE_SNAPSHOT,cleanroom_20260729T162627Z,823273,665487,2026-07-29 16:23:53+00:00,ORDER_NOT_CONFIRMED,,,False
2026-07-29,IMMUTABLE_SNAPSHOT,cleanroom_20260729T162627Z,823273,666160,2026-07-29 16:23:53+00:00,ORDER_NOT_CONFIRMED,,,False
2026-07-29,IMMUTABLE_SNAPSHOT,cleanroom_20260729T162627Z,823273,681198,2026-07-29 16:23:53+00:00,ORDER_NOT_CONFIRMED,,,False
2026-07-29,IMMUTABLE_SNAPSHOT,cleanroom_20260729T162627Z,823273,696100,2026-07-29 16:23:53+00:00,ORDER_NOT_CONFIRMED,,,False
2026-07-29,IMMUTABLE_SNAPSHOT,cleanroom_20260729T162627Z,823273,701538,2026-07-29 16:23:53+00:00,ORDER_NOT_CONFIRMED,,,False
2026-07-29,IMMUTABLE_SNAPSHOT,cleanroom_20260729T162627Z,823351,545121,2026-07-29 16:26:25+00:00,LINEUP_AFTER_GOVERNING_CAPTURE,2026-07-29T16:27:03.778247+00:00,9b5c5ca6-650f-4dd7-945a-0459567bbb69,False
2026-07-29,IMMUTABLE_SNAPSHOT,cleanroom_20260729T162627Z,823351,571448,2026-07-29 16:26:25+00:00,LINEUP_AFTER_GOVERNING_CAPTURE,2026-07-29T16:27:03.778247+00:00,9b5c5ca6-650f-4dd7-945a-0459567bbb69,False
2026-07-29,IMMUTABLE_SNAPSHOT,cleanroom_20260729T162627Z,823351,596146,2026-07-29 16:26:25+00:00,LINEUP_AFTER_GOVERNING_CAPTURE,2026-07-29T16:27:03.778247+00:00,9b5c5ca6-650f-4dd7-945a-0459567bbb69,False
2026-07-29,IMMUTABLE_SNAPSHOT,cleanroom_20260729T162627Z,823351,606466,2026-07-29 16:26:25+00:00,LINEUP_AFTER_GOVERNING_CAPTURE,2026-07-29T16:27:03.778247+00:00,9b5c5ca6-650f-4dd7-945a-0459567bbb69,False
2026-07-29,IMMUTABLE_SNAPSHOT,cleanroom_20260729T162627Z,823351,656811,2026-07-29 16:26:25+00:00,LINEUP_AFTER_GOVERNING_CAPTURE,2026-07-29T16:27:03.778247+00:00,9b5c5ca6-650f-4dd7-945a-0459567bbb69,False
2026-07-29,IMMUTABLE_SNAPSHOT,cleanroom_20260729T162627Z,823351,663968,2026-07-29 16:26:25+00:00,ORDER_NOT_CONFIRMED,,,False
2026-07-29,IMMUTABLE_SNAPSHOT,cleanroom_20260729T162627Z,823351,664040,2026-07-29 16:26:25+00:00,LINEUP_AFTER_GOVERNING_CAPTURE,2026-07-29T16:27:03.778247+00:00,9b5c5ca6-650f-4dd7-945a-0459567bbb69,False
2026-07-29,IMMUTABLE_SNAPSHOT,cleanroom_20260729T162627Z,823351,668804,2026-07-29 16:26:25+00:00,LINEUP_AFTER_GOVERNING_CAPTURE,2026-07-29T16:27:03.778247+00:00,9b5c5ca6-650f-4dd7-945a-0459567bbb69,False
2026-07-29,IMMUTABLE_SNAPSHOT,cleanroom_20260729T162627Z,823351,672515,2026-07-29 16:26:25+00:00,LINEUP_AFTER_GOVERNING_CAPTURE,2026-07-29T16:27:03.778247+00:00,9b5c5ca6-650f-4dd7-945a-0459567bbb69,False
2026-07-29,IMMUTABLE_SNAPSHOT,cleanroom_20260729T162627Z,823351,672695,2026-07-29 16:26:25+00:00,LINEUP_AFTER_GOVERNING_CAPTURE,2026-07-29T16:27:03.778247+00:00,9b5c5ca6-650f-4dd7-945a-0459567bbb69,False
2026-07-29,IMMUTABLE_SNAPSHOT,cleanroom_20260729T162627Z,823351,682998,2026-07-29 16:26:25+00:00,LINEUP_AFTER_GOVERNING_CAPTURE,2026-07-29T16:27:03.778247+00:00,9b5c5ca6-650f-4dd7-945a-0459567bbb69,False
2026-07-29,IMMUTABLE_SNAPSHOT,cleanroom_20260729T162627Z,823351,693304,2026-07-29 16:26:25+00:00,LINEUP_AFTER_GOVERNING_CAPTURE,2026-07-29T16:27:03.778247+00:00,9b5c5ca6-650f-4dd7-945a-0459567bbb69,False
2026-07-29,IMMUTABLE_SNAPSHOT,cleanroom_20260729T162627Z,823351,699013,2026-07-29 16:26:25+00:00,LINEUP_AFTER_GOVERNING_CAPTURE,2026-07-29T16:27:03.778247+00:00,9b5c5ca6-650f-4dd7-945a-0459567bbb69,False
2026-07-29,IMMUTABLE_SNAPSHOT,cleanroom_20260729T162627Z,823596,596019,2026-07-29 16:26:49+00:00,LINEUP_AFTER_GOVERNING_CAPTURE,2026-07-29T16:27:03.763623+00:00,9b5c5ca6-650f-4dd7-945a-0459567bbb69,False
2026-07-29,IMMUTABLE_SNAPSHOT,cleanroom_20260729T162627Z,823596,621566,2026-07-29 16:26:49+00:00,LINEUP_AFTER_GOVERNING_CAPTURE,2026-07-29T16:27:03.763623+00:00,9b5c5ca6-650f-4dd7-945a-0459567bbb69,False
2026-07-29,IMMUTABLE_SNAPSHOT,cleanroom_20260729T162627Z,823596,642201,2026-07-29 16:26:49+00:00,LINEUP_AFTER_GOVERNING_CAPTURE,2026-07-29T16:27:03.763623+00:00,9b5c5ca6-650f-4dd7-945a-0459567bbb69,False
2026-07-29,IMMUTABLE_SNAPSHOT,cleanroom_20260729T162627Z,823596,643289,2026-07-29 16:26:49+00:00,LINEUP_AFTER_GOVERNING_CAPTURE,2026-07-29T16:27:03.763623+00:00,9b5c5ca6-650f-4dd7-945a-0459567bbb69,False
2026-07-29,IMMUTABLE_SNAPSHOT,cleanroom_20260729T162627Z,823596,645277,2026-07-29 16:26:49+00:00,LINEUP_AFTER_GOVERNING_CAPTURE,2026-07-29T16:27:03.763623+00:00,9b5c5ca6-650f-4dd7-945a-0459567bbb69,False
2026-07-29,IMMUTABLE_SNAPSHOT,cleanroom_20260729T162627Z,823596,660670,2026-07-29 16:26:49+00:00,LINEUP_AFTER_GOVERNING_CAPTURE,2026-07-29T16:27:03.763623+00:00,9b5c5ca6-650f-4dd7-945a-0459567bbb69,False
2026-07-29,IMMUTABLE_SNAPSHOT,cleanroom_20260729T162627Z,823596,666182,2026-07-29 16:26:49+00:00,LINEUP_AFTER_GOVERNING_CAPTURE,2026-07-29T16:27:03.763623+00:00,9b5c5ca6-650f-4dd7-945a-0459567bbb69,False
2026-07-29,IMMUTABLE_SNAPSHOT,cleanroom_20260729T162627Z,823596,671739,2026-07-29 16:26:49+00:00,LINEUP_AFTER_GOVERNING_CAPTURE,2026-07-29T16:27:03.763623+00:00,9b5c5ca6-650f-4dd7-945a-0459567bbb69,False
2026-07-29,IMMUTABLE_SNAPSHOT,cleanroom_20260729T162627Z,823596,673357,2026-07-29 16:26:49+00:00,ORDER_NOT_CONFIRMED,,,False
2026-07-29,IMMUTABLE_SNAPSHOT,cleanroom_20260729T162627Z,823596,682626,2026-07-29 16:26:49+00:00,LINEUP_AFTER_GOVERNING_CAPTURE,2026-07-29T16:27:03.763623+00:00,9b5c5ca6-650f-4dd7-945a-0459567bbb69,False
2026-07-29,IMMUTABLE_SNAPSHOT,cleanroom_20260729T162627Z,823596,686948,2026-07-29 16:26:49+00:00,LINEUP_AFTER_GOVERNING_CAPTURE,2026-07-29T16:27:03.763623+00:00,9b5c5ca6-650f-4dd7-945a-0459567bbb69,False
2026-07-29,IMMUTABLE_SNAPSHOT,cleanroom_20260729T162627Z,823596,701807,2026-07-29 16:26:49+00:00,LINEUP_AFTER_GOVERNING_CAPTURE,2026-07-29T16:27:03.763623+00:00,9b5c5ca6-650f-4dd7-945a-0459567bbb69,False
2026-07-29,IMMUTABLE_SNAPSHOT,cleanroom_20260729T162627Z,823596,805999,2026-07-29 16:26:49+00:00,LINEUP_AFTER_GOVERNING_CAPTURE,2026-07-29T16:27:03.763623+00:00,9b5c5ca6-650f-4dd7-945a-0459567bbb69,False
2026-07-29,IMMUTABLE_SNAPSHOT,cleanroom_20260729T162627Z,823677,521692,2026-07-29 16:26:12+00:00,ORDER_NOT_CONFIRMED,,,False
2026-07-29,IMMUTABLE_SNAPSHOT,cleanroom_20260729T162627Z,823677,605137,2026-07-29 16:26:12+00:00,ORDER_NOT_CONFIRMED,,,False
2026-07-29,IMMUTABLE_SNAPSHOT,cleanroom_20260729T162627Z,823677,657041,2026-07-29 16:26:12+00:00,ORDER_NOT_CONFIRMED,,,False
2026-07-29,IMMUTABLE_SNAPSHOT,cleanroom_20260729T162627Z,823677,663616,2026-07-29 16:26:12+00:00,ORDER_NOT_CONFIRMED,,,False
2026-07-29,IMMUTABLE_SNAPSHOT,cleanroom_20260729T162627Z,823677,665019,2026-07-29 16:26:12+00:00,ORDER_NOT_CONFIRMED,,,False
2026-07-29,IMMUTABLE_SNAPSHOT,cleanroom_20260729T162627Z,823677,668904,2026-07-29 16:26:12+00:00,ORDER_NOT_CONFIRMED,,,False
2026-07-29,IMMUTABLE_SNAPSHOT,cleanroom_20260729T162627Z,823677,680777,2026-07-29 16:26:12+00:00,ORDER_NOT_CONFIRMED,,,False
2026-07-29,IMMUTABLE_SNAPSHOT,cleanroom_20260729T162627Z,823677,686469,2026-07-29 16:26:12+00:00,ORDER_NOT_CONFIRMED,,,False
2026-07-29,IMMUTABLE_SNAPSHOT,cleanroom_20260729T162627Z,823677,686681,2026-07-29 16:26:12+00:00,ORDER_NOT_CONFIRMED,,,False
2026-07-29,IMMUTABLE_SNAPSHOT,cleanroom_20260729T162627Z,823677,686797,2026-07-29 16:26:12+00:00,ORDER_NOT_CONFIRMED,,,False
2026-07-29,IMMUTABLE_SNAPSHOT,cleanroom_20260729T162627Z,823677,695506,2026-07-29 16:26:12+00:00,ORDER_NOT_CONFIRMED,,,False
2026-07-29,IMMUTABLE_SNAPSHOT,cleanroom_20260729T162627Z,823677,695600,2026-07-29 16:26:12+00:00,ORDER_NOT_CONFIRMED,,,False
2026-07-29,IMMUTABLE_SNAPSHOT,cleanroom_20260729T162627Z,823677,807712,2026-07-29 16:26:12+00:00,ORDER_NOT_CONFIRMED,,,False
2026-07-29,IMMUTABLE_SNAPSHOT,cleanroom_20260729T162627Z,823924,518692,2026-07-29 16:26:43+00:00,ORDER_NOT_CONFIRMED,,,False
2026-07-29,IMMUTABLE_SNAPSHOT,cleanroom_20260729T162627Z,823924,571970,2026-07-29 16:26:43+00:00,ORDER_NOT_CONFIRMED,,,False
2026-07-29,IMMUTABLE_SNAPSHOT,cleanroom_20260729T162627Z,823924,605141,2026-07-29 16:26:43+00:00,ORDER_NOT_CONFIRMED,,,False
2026-07-29,IMMUTABLE_SNAPSHOT,cleanroom_20260729T162627Z,823924,606192,2026-07-29 16:26:43+00:00,ORDER_NOT_CONFIRMED,,,False
2026-07-29,IMMUTABLE_SNAPSHOT,cleanroom_20260729T162627Z,823924,647304,2026-07-29 16:26:43+00:00,ORDER_NOT_CONFIRMED,,,False
2026-07-29,IMMUTABLE_SNAPSHOT,cleanroom_20260729T162627Z,823924,660271,2026-07-29 16:26:43+00:00,ORDER_NOT_CONFIRMED,,,False
2026-07-29,IMMUTABLE_SNAPSHOT,cleanroom_20260729T162627Z,823924,663656,2026-07-29 16:26:43+00:00,ORDER_NOT_CONFIRMED,,,False
2026-07-29,IMMUTABLE_SNAPSHOT,cleanroom_20260729T162627Z,823924,663728,2026-07-29 16:26:43+00:00,ORDER_NOT_CONFIRMED,,,False
2026-07-29,IMMUTABLE_SNAPSHOT,cleanroom_20260729T162627Z,823924,668227,2026-07-29 16:26:43+00:00,ORDER_NOT_CONFIRMED,,,False
2026-07-29,IMMUTABLE_SNAPSHOT,cleanroom_20260729T162627Z,823924,669242,2026-07-29 16:26:43+00:00,ORDER_NOT_CONFIRMED,,,False
2026-07-29,IMMUTABLE_SNAPSHOT,cleanroom_20260729T162627Z,823924,670042,2026-07-29 16:26:43+00:00,ORDER_NOT_CONFIRMED,,,False
2026-07-29,IMMUTABLE_SNAPSHOT,cleanroom_20260729T162627Z,823924,677594,2026-07-29 16:26:43+00:00,ORDER_NOT_CONFIRMED,,,False
2026-07-29,IMMUTABLE_SNAPSHOT,cleanroom_20260729T162627Z,823924,681624,2026-07-29 16:26:43+00:00,ORDER_NOT_CONFIRMED,,,False
2026-07-29,IMMUTABLE_SNAPSHOT,cleanroom_20260729T162627Z,823924,686527,2026-07-29 16:26:43+00:00,ORDER_NOT_CONFIRMED,,,False
2026-07-29,IMMUTABLE_SNAPSHOT,cleanroom_20260729T162627Z,823924,687221,2026-07-29 16:26:43+00:00,ORDER_NOT_CONFIRMED,,,False
2026-07-29,IMMUTABLE_SNAPSHOT,cleanroom_20260729T162627Z,823924,702284,2026-07-29 16:26:43+00:00,ORDER_NOT_CONFIRMED,,,False
2026-07-29,IMMUTABLE_SNAPSHOT,cleanroom_20260729T162627Z,824002,514888,2026-07-29 16:26:46+00:00,ORDER_NOT_CONFIRMED,,,False
2026-07-29,IMMUTABLE_SNAPSHOT,cleanroom_20260729T162627Z,824002,545361,2026-07-29 16:26:46+00:00,ORDER_NOT_CONFIRMED,,,False
2026-07-29,IMMUTABLE_SNAPSHOT,cleanroom_20260729T162627Z,824002,572233,2026-07-29 16:26:46+00:00,ORDER_NOT_CONFIRMED,,,False
2026-07-29,IMMUTABLE_SNAPSHOT,cleanroom_20260729T162627Z,824002,624585,2026-07-29 16:26:46+00:00,ORDER_NOT_CONFIRMED,,,False
2026-07-29,IMMUTABLE_SNAPSHOT,cleanroom_20260729T162627Z,824002,665161,2026-07-29 16:26:46+00:00,ORDER_NOT_CONFIRMED,,,False
2026-07-29,IMMUTABLE_SNAPSHOT,cleanroom_20260729T162627Z,824002,666139,2026-07-29 16:26:46+00:00,ORDER_NOT_CONFIRMED,,,False
2026-07-29,IMMUTABLE_SNAPSHOT,cleanroom_20260729T162627Z,824002,666176,2026-07-29 16:26:46+00:00,ORDER_NOT_CONFIRMED,,,False
2026-07-29,IMMUTABLE_SNAPSHOT,cleanroom_20260729T162627Z,824002,670623,2026-07-29 16:26:46+00:00,ORDER_NOT_CONFIRMED,,,False
2026-07-29,IMMUTABLE_SNAPSHOT,cleanroom_20260729T162627Z,824002,673237,2026-07-29 16:26:46+00:00,ORDER_NOT_CONFIRMED,,,False
2026-07-29,IMMUTABLE_SNAPSHOT,cleanroom_20260729T162627Z,824002,687093,2026-07-29 16:26:46+00:00,ORDER_NOT_CONFIRMED,,,False
2026-07-29,IMMUTABLE_SNAPSHOT,cleanroom_20260729T162627Z,824002,687263,2026-07-29 16:26:46+00:00,ORDER_NOT_CONFIRMED,,,False
2026-07-29,IMMUTABLE_SNAPSHOT,cleanroom_20260729T162627Z,824002,694203,2026-07-29 16:26:46+00:00,ORDER_NOT_CONFIRMED,,,False
2026-07-29,IMMUTABLE_SNAPSHOT,cleanroom_20260729T162627Z,824002,694384,2026-07-29 16:26:46+00:00,ORDER_NOT_CONFIRMED,,,False
2026-07-29,IMMUTABLE_SNAPSHOT,cleanroom_20260729T162627Z,824002,701358,2026-07-29 16:26:46+00:00,ORDER_NOT_CONFIRMED,,,False
2026-07-29,IMMUTABLE_SNAPSHOT,cleanroom_20260729T162627Z,824002,828599,2026-07-29 16:26:46+00:00,ORDER_NOT_CONFIRMED,,,False
2026-07-29,IMMUTABLE_SNAPSHOT,cleanroom_20260729T162627Z,824242,621493,2026-07-29 16:25:59+00:00,LINEUP_AFTER_GOVERNING_CAPTURE,2026-07-29T16:27:03.761852+00:00,9b5c5ca6-650f-4dd7-945a-0459567bbb69,False
2026-07-29,IMMUTABLE_SNAPSHOT,cleanroom_20260729T162627Z,824242,624413,2026-07-29 16:25:59+00:00,LINEUP_AFTER_GOVERNING_CAPTURE,2026-07-29T16:27:03.761852+00:00,9b5c5ca6-650f-4dd7-945a-0459567bbb69,False
2026-07-29,IMMUTABLE_SNAPSHOT,cleanroom_20260729T162627Z,824242,641933,2026-07-29 16:25:59+00:00,LINEUP_AFTER_GOVERNING_CAPTURE,2026-07-29T16:27:03.761852+00:00,9b5c5ca6-650f-4dd7-945a-0459567bbb69,False
2026-07-29,IMMUTABLE_SNAPSHOT,cleanroom_20260729T162627Z,824242,650402,2026-07-29 16:25:59+00:00,LINEUP_AFTER_GOVERNING_CAPTURE,2026-07-29T16:27:03.761852+00:00,9b5c5ca6-650f-4dd7-945a-0459567bbb69,False
2026-07-29,IMMUTABLE_SNAPSHOT,cleanroom_20260729T162627Z,824242,663837,2026-07-29 16:25:59+00:00,LINEUP_AFTER_GOVERNING_CAPTURE,2026-07-29T16:27:03.761852+00:00,9b5c5ca6-650f-4dd7-945a-0459567bbb69,False
2026-07-29,IMMUTABLE_SNAPSHOT,cleanroom_20260729T162627Z,824242,679529,2026-07-29 16:25:59+00:00,LINEUP_AFTER_GOVERNING_CAPTURE,2026-07-29T16:27:03.761852+00:00,9b5c5ca6-650f-4dd7-945a-0459567bbb69,False
2026-07-29,IMMUTABLE_SNAPSHOT,cleanroom_20260729T162627Z,824242,680664,2026-07-29 16:25:59+00:00,LINEUP_AFTER_GOVERNING_CAPTURE,2026-07-29T16:27:03.761852+00:00,9b5c5ca6-650f-4dd7-945a-0459567bbb69,False
2026-07-29,IMMUTABLE_SNAPSHOT,cleanroom_20260729T162627Z,824242,682985,2026-07-29 16:25:59+00:00,LINEUP_AFTER_GOVERNING_CAPTURE,2026-07-29T16:27:03.761852+00:00,9b5c5ca6-650f-4dd7-945a-0459567bbb69,False
2026-07-29,IMMUTABLE_SNAPSHOT,cleanroom_20260729T162627Z,824242,683002,2026-07-29 16:25:59+00:00,LINEUP_AFTER_GOVERNING_CAPTURE,2026-07-29T16:27:03.761852+00:00,9b5c5ca6-650f-4dd7-945a-0459567bbb69,False
2026-07-29,IMMUTABLE_SNAPSHOT,cleanroom_20260729T162627Z,824242,687952,2026-07-29 16:25:59+00:00,LINEUP_AFTER_GOVERNING_CAPTURE,2026-07-29T16:27:03.761852+00:00,9b5c5ca6-650f-4dd7-945a-0459567bbb69,False
2026-07-29,IMMUTABLE_SNAPSHOT,cleanroom_20260729T162627Z,824242,693307,2026-07-29 16:25:59+00:00,LINEUP_AFTER_GOVERNING_CAPTURE,2026-07-29T16:27:03.761852+00:00,9b5c5ca6-650f-4dd7-945a-0459567bbb69,False
2026-07-29,IMMUTABLE_SNAPSHOT,cleanroom_20260729T162627Z,824242,701678,2026-07-29 16:25:59+00:00,LINEUP_AFTER_GOVERNING_CAPTURE,2026-07-29T16:27:03.761852+00:00,9b5c5ca6-650f-4dd7-945a-0459567bbb69,False
2026-07-29,IMMUTABLE_SNAPSHOT,cleanroom_20260729T162627Z,824242,805808,2026-07-29 16:25:59+00:00,LINEUP_AFTER_GOVERNING_CAPTURE,2026-07-29T16:27:03.761852+00:00,9b5c5ca6-650f-4dd7-945a-0459567bbb69,False
2026-07-29,IMMUTABLE_SNAPSHOT,cleanroom_20260729T162627Z,824487,553993,2026-07-29 16:25:58+00:00,ORDER_NOT_CONFIRMED,,,False
2026-07-29,IMMUTABLE_SNAPSHOT,cleanroom_20260729T162627Z,824487,608070,2026-07-29 16:25:58+00:00,ORDER_NOT_CONFIRMED,,,False
2026-07-29,IMMUTABLE_SNAPSHOT,cleanroom_20260729T162627Z,824487,668709,2026-07-29 16:25:58+00:00,ORDER_NOT_CONFIRMED,,,False
2026-07-29,IMMUTABLE_SNAPSHOT,cleanroom_20260729T162627Z,824487,672275,2026-07-29 16:25:58+00:00,ORDER_NOT_CONFIRMED,,,False
2026-07-29,IMMUTABLE_SNAPSHOT,cleanroom_20260729T162627Z,824487,677587,2026-07-29 16:25:58+00:00,ORDER_NOT_CONFIRMED,,,False
2026-07-29,IMMUTABLE_SNAPSHOT,cleanroom_20260729T162627Z,824487,680757,2026-07-29 16:25:58+00:00,ORDER_NOT_CONFIRMED,,,False
2026-07-29,IMMUTABLE_SNAPSHOT,cleanroom_20260729T162627Z,824487,682657,2026-07-29 16:25:58+00:00,ORDER_NOT_CONFIRMED,,,False
2026-07-29,IMMUTABLE_SNAPSHOT,cleanroom_20260729T162627Z,824487,682829,2026-07-29 16:25:58+00:00,ORDER_NOT_CONFIRMED,,,False
2026-07-29,IMMUTABLE_SNAPSHOT,cleanroom_20260729T162627Z,824487,683953,2026-07-29 16:25:58+00:00,ORDER_NOT_CONFIRMED,,,False
2026-07-29,IMMUTABLE_SNAPSHOT,cleanroom_20260729T162627Z,824487,700932,2026-07-29 16:25:58+00:00,ORDER_NOT_CONFIRMED,,,False
2026-07-29,IMMUTABLE_SNAPSHOT,cleanroom_20260729T162627Z,824487,701398,2026-07-29 16:25:58+00:00,ORDER_NOT_CONFIRMED,,,False
2026-07-29,IMMUTABLE_SNAPSHOT,cleanroom_20260729T162627Z,824487,800050,2026-07-29 16:25:58+00:00,ORDER_NOT_CONFIRMED,,,False
2026-07-29,IMMUTABLE_SNAPSHOT,cleanroom_20260729T162627Z,824567,502671,2026-07-29 16:26:55+00:00,ORDER_NOT_CONFIRMED,,,False
2026-07-29,IMMUTABLE_SNAPSHOT,cleanroom_20260729T162627Z,824567,663757,2026-07-29 16:26:55+00:00,ORDER_NOT_CONFIRMED,,,False
2026-07-29,IMMUTABLE_SNAPSHOT,cleanroom_20260729T162627Z,824567,665862,2026-07-29 16:26:55+00:00,ORDER_NOT_CONFIRMED,,,False
2026-07-29,IMMUTABLE_SNAPSHOT,cleanroom_20260729T162627Z,824567,678246,2026-07-29 16:26:55+00:00,ORDER_NOT_CONFIRMED,,,False
2026-07-29,IMMUTABLE_SNAPSHOT,cleanroom_20260729T162627Z,824567,691176,2026-07-29 16:26:55+00:00,ORDER_NOT_CONFIRMED,,,False
2026-07-29,IMMUTABLE_SNAPSHOT,cleanroom_20260729T162627Z,824567,695657,2026-07-29 16:26:55+00:00,ORDER_NOT_CONFIRMED,,,False
2026-07-29,IMMUTABLE_SNAPSHOT,cleanroom_20260729T162627Z,824567,700250,2026-07-29 16:26:55+00:00,ORDER_NOT_CONFIRMED,,,False
2026-07-29,IMMUTABLE_SNAPSHOT,cleanroom_20260729T162627Z,824567,803011,2026-07-29 16:26:55+00:00,ORDER_NOT_CONFIRMED,,,False
2026-07-29,IMMUTABLE_SNAPSHOT,cleanroom_20260729T162627Z,824567,808959,2026-07-29 16:26:55+00:00,ORDER_NOT_CONFIRMED,,,False
2026-07-29,IMMUTABLE_SNAPSHOT,cleanroom_20260729T162627Z,824973,575929,2026-07-29 16:26:31+00:00,ORDER_NOT_CONFIRMED,,,False
2026-07-29,IMMUTABLE_SNAPSHOT,cleanroom_20260729T162627Z,824973,641680,2026-07-29 16:26:31+00:00,ORDER_NOT_CONFIRMED,,,False
2026-07-29,IMMUTABLE_SNAPSHOT,cleanroom_20260729T162627Z,824973,643446,2026-07-29 16:26:31+00:00,ORDER_NOT_CONFIRMED,,,False
2026-07-29,IMMUTABLE_SNAPSHOT,cleanroom_20260729T162627Z,824973,655316,2026-07-29 16:26:31+00:00,ORDER_NOT_CONFIRMED,,,False
2026-07-29,IMMUTABLE_SNAPSHOT,cleanroom_20260729T162627Z,824973,663853,2026-07-29 16:26:31+00:00,ORDER_NOT_CONFIRMED,,,False
2026-07-29,IMMUTABLE_SNAPSHOT,cleanroom_20260729T162627Z,824973,665966,2026-07-29 16:26:31+00:00,ORDER_NOT_CONFIRMED,,,False
2026-07-29,IMMUTABLE_SNAPSHOT,cleanroom_20260729T162627Z,824973,677800,2026-07-29 16:26:31+00:00,ORDER_NOT_CONFIRMED,,,False
2026-07-29,IMMUTABLE_SNAPSHOT,cleanroom_20260729T162627Z,824973,678882,2026-07-29 16:26:31+00:00,ORDER_NOT_CONFIRMED,,,False
2026-07-29,IMMUTABLE_SNAPSHOT,cleanroom_20260729T162627Z,824973,680776,2026-07-29 16:26:31+00:00,ORDER_NOT_CONFIRMED,,,False
2026-07-29,IMMUTABLE_SNAPSHOT,cleanroom_20260729T162627Z,824973,687515,2026-07-29 16:26:31+00:00,ORDER_NOT_CONFIRMED,,,False
2026-07-29,IMMUTABLE_SNAPSHOT,cleanroom_20260729T162627Z,824973,691016,2026-07-29 16:26:31+00:00,ORDER_NOT_CONFIRMED,,,False
2026-07-29,IMMUTABLE_SNAPSHOT,cleanroom_20260729T162627Z,824973,695720,2026-07-29 16:26:31+00:00,ORDER_NOT_CONFIRMED,,,False
2026-07-29,IMMUTABLE_SNAPSHOT,cleanroom_20260729T162627Z,824973,701762,2026-07-29 16:26:31+00:00,ORDER_NOT_CONFIRMED,,,False
2026-07-29,IMMUTABLE_SNAPSHOT,cleanroom_20260729T162627Z,824973,702332,2026-07-29 16:26:31+00:00,ORDER_NOT_CONFIRMED,,,False
2026-07-29,IMMUTABLE_SNAPSHOT,cleanroom_20260729T162627Z,824973,703607,2026-07-29 16:26:31+00:00,ORDER_NOT_CONFIRMED,,,False
2026-07-29,IMMUTABLE_SNAPSHOT,cleanroom_20260729T162627Z,824973,805779,2026-07-29 16:26:31+00:00,ORDER_NOT_CONFIRMED,,,False
2026-07-29,IMMUTABLE_SNAPSHOT,cleanroom_20260729T175530Z,822947,607043,2026-07-29 17:55:52+00:00,ORDER_NOT_CONFIRMED,,,False
2026-07-29,IMMUTABLE_SNAPSHOT,cleanroom_20260729T175530Z,822947,650490,2026-07-29 17:55:52+00:00,ORDER_NOT_CONFIRMED,,,False
2026-07-29,IMMUTABLE_SNAPSHOT,cleanroom_20260729T175530Z,822947,666018,2026-07-29 17:55:52+00:00,ORDER_NOT_CONFIRMED,,,False
2026-07-29,IMMUTABLE_SNAPSHOT,cleanroom_20260729T175530Z,822947,668723,2026-07-29 17:55:52+00:00,ORDER_NOT_CONFIRMED,,,False
2026-07-29,IMMUTABLE_SNAPSHOT,cleanroom_20260729T175530Z,822947,669394,2026-07-29 17:55:52+00:00,ORDER_NOT_CONFIRMED,,,False
2026-07-29,IMMUTABLE_SNAPSHOT,cleanroom_20260729T175530Z,822947,676356,2026-07-29 17:55:52+00:00,ORDER_NOT_CONFIRMED,,,False
2026-07-29,IMMUTABLE_SNAPSHOT,cleanroom_20260729T175530Z,822947,677649,2026-07-29 17:55:52+00:00,ORDER_NOT_CONFIRMED,,,False
2026-07-29,IMMUTABLE_SNAPSHOT,cleanroom_20260729T175530Z,822947,691406,2026-07-29 17:55:52+00:00,ORDER_NOT_CONFIRMED,,,False
2026-07-29,IMMUTABLE_SNAPSHOT,cleanroom_20260729T175530Z,822947,694671,2026-07-29 17:55:52+00:00,ORDER_NOT_CONFIRMED,,,False
2026-07-29,IMMUTABLE_SNAPSHOT,cleanroom_20260729T175530Z,822947,802415,2026-07-29 17:55:52+00:00,ORDER_NOT_CONFIRMED,,,False
2026-07-29,IMMUTABLE_SNAPSHOT,cleanroom_20260729T175530Z,823022,608324,2026-07-29 17:55:37+00:00,ORDER_NOT_CONFIRMED,,,False
2026-07-29,IMMUTABLE_SNAPSHOT,cleanroom_20260729T175530Z,823022,621020,2026-07-29 17:55:37+00:00,ORDER_NOT_CONFIRMED,,,False
2026-07-29,IMMUTABLE_SNAPSHOT,cleanroom_20260729T175530Z,823022,663538,2026-07-29 17:55:37+00:00,ORDER_NOT_CONFIRMED,,,False
2026-07-29,IMMUTABLE_SNAPSHOT,cleanroom_20260729T175530Z,823022,664023,2026-07-29 17:55:37+00:00,ORDER_NOT_CONFIRMED,,,False
2026-07-29,IMMUTABLE_SNAPSHOT,cleanroom_20260729T175530Z,823022,671056,2026-07-29 17:55:37+00:00,ORDER_NOT_CONFIRMED,,,False
2026-07-29,IMMUTABLE_SNAPSHOT,cleanroom_20260729T175530Z,823022,673548,2026-07-29 17:55:37+00:00,ORDER_NOT_CONFIRMED,,,False
2026-07-29,IMMUTABLE_SNAPSHOT,cleanroom_20260729T175530Z,823022,676369,2026-07-29 17:55:37+00:00,ORDER_NOT_CONFIRMED,,,False
2026-07-29,IMMUTABLE_SNAPSHOT,cleanroom_20260729T175530Z,823022,676475,2026-07-29 17:55:37+00:00,ORDER_NOT_CONFIRMED,,,False
2026-07-29,IMMUTABLE_SNAPSHOT,cleanroom_20260729T175530Z,823022,683737,2026-07-29 17:55:37+00:00,ORDER_NOT_CONFIRMED,,,False
2026-07-29,IMMUTABLE_SNAPSHOT,cleanroom_20260729T175530Z,823022,691023,2026-07-29 17:55:37+00:00,ORDER_NOT_CONFIRMED,,,False
2026-07-29,IMMUTABLE_SNAPSHOT,cleanroom_20260729T175530Z,823022,691026,2026-07-29 17:55:37+00:00,ORDER_NOT_CONFIRMED,,,False
2026-07-29,IMMUTABLE_SNAPSHOT,cleanroom_20260729T175530Z,823022,691718,2026-07-29 17:55:37+00:00,ORDER_NOT_CONFIRMED,,,False
2026-07-29,IMMUTABLE_SNAPSHOT,cleanroom_20260729T175530Z,823022,699393,2026-07-29 17:55:37+00:00,ORDER_NOT_CONFIRMED,,,False
2026-07-29,IMMUTABLE_SNAPSHOT,cleanroom_20260729T175530Z,823022,802139,2026-07-29 17:55:37+00:00,ORDER_NOT_CONFIRMED,,,False
2026-07-29,IMMUTABLE_SNAPSHOT,cleanroom_20260729T175530Z,823192,592885,2026-07-29 17:55:01+00:00,LINEUP_AFTER_GOVERNING_CAPTURE,2026-07-29T17:56:08.064022+00:00,0aba2735-b17a-4a2c-9369-de01207c1be3,False
2026-07-29,IMMUTABLE_SNAPSHOT,cleanroom_20260729T175530Z,823192,641343,2026-07-29 17:55:01+00:00,LINEUP_AFTER_GOVERNING_CAPTURE,2026-07-29T17:56:08.064022+00:00,0aba2735-b17a-4a2c-9369-de01207c1be3,False
2026-07-29,IMMUTABLE_SNAPSHOT,cleanroom_20260729T175530Z,823192,646240,2026-07-29 17:55:01+00:00,LINEUP_AFTER_GOVERNING_CAPTURE,2026-07-29T17:56:08.064022+00:00,0aba2735-b17a-4a2c-9369-de01207c1be3,False
2026-07-29,IMMUTABLE_SNAPSHOT,cleanroom_20260729T175530Z,823192,650333,2026-07-29 17:55:01+00:00,LINEUP_AFTER_GOVERNING_CAPTURE,2026-07-29T17:56:08.064022+00:00,0aba2735-b17a-4a2c-9369-de01207c1be3,False
2026-07-29,IMMUTABLE_SNAPSHOT,cleanroom_20260729T175530Z,823192,668930,2026-07-29 17:55:01+00:00,LINEUP_AFTER_GOVERNING_CAPTURE,2026-07-29T17:56:08.064022+00:00,0aba2735-b17a-4a2c-9369-de01207c1be3,False
2026-07-29,IMMUTABLE_SNAPSHOT,cleanroom_20260729T175530Z,823192,669003,2026-07-29 17:55:01+00:00,LINEUP_AFTER_GOVERNING_CAPTURE,2026-07-29T17:56:08.064022+00:00,0aba2735-b17a-4a2c-9369-de01207c1be3,False
2026-07-29,IMMUTABLE_SNAPSHOT,cleanroom_20260729T175530Z,823192,671218,2026-07-29 17:55:01+00:00,LINEUP_AFTER_GOVERNING_CAPTURE,2026-07-29T17:56:08.064022+00:00,0aba2735-b17a-4a2c-9369-de01207c1be3,False
2026-07-29,IMMUTABLE_SNAPSHOT,cleanroom_20260729T175530Z,823192,694192,2026-07-29 17:55:01+00:00,LINEUP_AFTER_GOVERNING_CAPTURE,2026-07-29T17:56:08.064022+00:00,0aba2735-b17a-4a2c-9369-de01207c1be3,False
2026-07-29,IMMUTABLE_SNAPSHOT,cleanroom_20260729T175530Z,823192,805811,2026-07-29 17:55:01+00:00,LINEUP_AFTER_GOVERNING_CAPTURE,2026-07-29T17:56:08.064022+00:00,0aba2735-b17a-4a2c-9369-de01207c1be3,False
2026-07-29,IMMUTABLE_SNAPSHOT,cleanroom_20260729T175530Z,823192,808982,2026-07-29 17:55:01+00:00,LINEUP_AFTER_GOVERNING_CAPTURE,2026-07-29T17:56:08.064022+00:00,0aba2735-b17a-4a2c-9369-de01207c1be3,False
2026-07-29,IMMUTABLE_SNAPSHOT,cleanroom_20260729T175530Z,823273,592518,2026-07-29 17:55:36+00:00,LINEUP_AFTER_GOVERNING_CAPTURE,2026-07-29T17:56:08.071998+00:00,0aba2735-b17a-4a2c-9369-de01207c1be3,False
2026-07-29,IMMUTABLE_SNAPSHOT,cleanroom_20260729T175530Z,823273,593428,2026-07-29 17:55:36+00:00,LINEUP_AFTER_GOVERNING_CAPTURE,2026-07-29T17:56:08.071998+00:00,0aba2735-b17a-4a2c-9369-de01207c1be3,False
2026-07-29,IMMUTABLE_SNAPSHOT,cleanroom_20260729T175530Z,823273,630105,2026-07-29 17:55:36+00:00,LINEUP_AFTER_GOVERNING_CAPTURE,2026-07-29T17:56:08.071998+00:00,0aba2735-b17a-4a2c-9369-de01207c1be3,False
2026-07-29,IMMUTABLE_SNAPSHOT,cleanroom_20260729T175530Z,823273,650859,2026-07-29 17:55:36+00:00,LINEUP_AFTER_GOVERNING_CAPTURE,2026-07-29T17:56:08.071998+00:00,0aba2735-b17a-4a2c-9369-de01207c1be3,False
2026-07-29,IMMUTABLE_SNAPSHOT,cleanroom_20260729T175530Z,823273,657757,2026-07-29 17:55:36+00:00,LINEUP_AFTER_GOVERNING_CAPTURE,2026-07-29T17:56:08.071998+00:00,0aba2735-b17a-4a2c-9369-de01207c1be3,False
2026-07-29,IMMUTABLE_SNAPSHOT,cleanroom_20260729T175530Z,823273,664034,2026-07-29 17:55:36+00:00,LINEUP_AFTER_GOVERNING_CAPTURE,2026-07-29T17:56:08.071998+00:00,0aba2735-b17a-4a2c-9369-de01207c1be3,False
2026-07-29,IMMUTABLE_SNAPSHOT,cleanroom_20260729T175530Z,823273,664983,2026-07-29 17:55:36+00:00,ORDER_NOT_CONFIRMED,,,False
2026-07-29,IMMUTABLE_SNAPSHOT,cleanroom_20260729T175530Z,823273,665487,2026-07-29 17:55:36+00:00,LINEUP_AFTER_GOVERNING_CAPTURE,2026-07-29T17:56:08.071998+00:00,0aba2735-b17a-4a2c-9369-de01207c1be3,False
2026-07-29,IMMUTABLE_SNAPSHOT,cleanroom_20260729T175530Z,823273,666160,2026-07-29 17:55:36+00:00,ORDER_NOT_CONFIRMED,,,False
2026-07-29,IMMUTABLE_SNAPSHOT,cleanroom_20260729T175530Z,823273,681198,2026-07-29 17:55:36+00:00,ORDER_NOT_CONFIRMED,,,False
2026-07-29,IMMUTABLE_SNAPSHOT,cleanroom_20260729T175530Z,823273,694249,2026-07-29 17:55:36+00:00,ORDER_NOT_CONFIRMED,,,False
2026-07-29,IMMUTABLE_SNAPSHOT,cleanroom_20260729T175530Z,823273,696100,2026-07-29 17:55:36+00:00,ORDER_NOT_CONFIRMED,,,False
2026-07-29,IMMUTABLE_SNAPSHOT,cleanroom_20260729T175530Z,823273,701538,2026-07-29 17:55:36+00:00,LINEUP_AFTER_GOVERNING_CAPTURE,2026-07-29T17:56:08.071998+00:00,0aba2735-b17a-4a2c-9369-de01207c1be3,False
2026-07-29,IMMUTABLE_SNAPSHOT,cleanroom_20260729T175530Z,823677,521692,2026-07-29 17:55:22+00:00,ORDER_NOT_CONFIRMED,,,False
2026-07-29,IMMUTABLE_SNAPSHOT,cleanroom_20260729T175530Z,823677,605137,2026-07-29 17:55:22+00:00,ORDER_NOT_CONFIRMED,,,False
2026-07-29,IMMUTABLE_SNAPSHOT,cleanroom_20260729T175530Z,823677,657041,2026-07-29 17:55:22+00:00,ORDER_NOT_CONFIRMED,,,False
2026-07-29,IMMUTABLE_SNAPSHOT,cleanroom_20260729T175530Z,823677,663616,2026-07-29 17:55:22+00:00,ORDER_NOT_CONFIRMED,,,False
2026-07-29,IMMUTABLE_SNAPSHOT,cleanroom_20260729T175530Z,823677,665019,2026-07-29 17:55:22+00:00,ORDER_NOT_CONFIRMED,,,False
2026-07-29,IMMUTABLE_SNAPSHOT,cleanroom_20260729T175530Z,823677,668904,2026-07-29 17:55:22+00:00,ORDER_NOT_CONFIRMED,,,False
2026-07-29,IMMUTABLE_SNAPSHOT,cleanroom_20260729T175530Z,823677,679845,2026-07-29 17:55:22+00:00,ORDER_NOT_CONFIRMED,,,False
2026-07-29,IMMUTABLE_SNAPSHOT,cleanroom_20260729T175530Z,823677,680777,2026-07-29 17:55:22+00:00,ORDER_NOT_CONFIRMED,,,False
2026-07-29,IMMUTABLE_SNAPSHOT,cleanroom_20260729T175530Z,823677,686469,2026-07-29 17:55:22+00:00,ORDER_NOT_CONFIRMED,,,False
2026-07-29,IMMUTABLE_SNAPSHOT,cleanroom_20260729T175530Z,823677,686681,2026-07-29 17:55:22+00:00,ORDER_NOT_CONFIRMED,,,False
2026-07-29,IMMUTABLE_SNAPSHOT,cleanroom_20260729T175530Z,823677,686797,2026-07-29 17:55:22+00:00,ORDER_NOT_CONFIRMED,,,False
2026-07-29,IMMUTABLE_SNAPSHOT,cleanroom_20260729T175530Z,823677,695506,2026-07-29 17:55:22+00:00,ORDER_NOT_CONFIRMED,,,False
2026-07-29,IMMUTABLE_SNAPSHOT,cleanroom_20260729T175530Z,823677,695600,2026-07-29 17:55:22+00:00,ORDER_NOT_CONFIRMED,,,False
2026-07-29,IMMUTABLE_SNAPSHOT,cleanroom_20260729T175530Z,823677,807712,2026-07-29 17:55:22+00:00,ORDER_NOT_CONFIRMED,,,False
2026-07-29,IMMUTABLE_SNAPSHOT,cleanroom_20260729T175530Z,823924,518692,2026-07-29 17:55:15+00:00,ORDER_NOT_CONFIRMED,,,False
2026-07-29,IMMUTABLE_SNAPSHOT,cleanroom_20260729T175530Z,823924,571970,2026-07-29 17:55:15+00:00,ORDER_NOT_CONFIRMED,,,False
2026-07-29,IMMUTABLE_SNAPSHOT,cleanroom_20260729T175530Z,823924,605141,2026-07-29 17:55:15+00:00,ORDER_NOT_CONFIRMED,,,False
2026-07-29,IMMUTABLE_SNAPSHOT,cleanroom_20260729T175530Z,823924,606192,2026-07-29 17:55:15+00:00,ORDER_NOT_CONFIRMED,,,False
2026-07-29,IMMUTABLE_SNAPSHOT,cleanroom_20260729T175530Z,823924,647304,2026-07-29 17:55:15+00:00,ORDER_NOT_CONFIRMED,,,False
2026-07-29,IMMUTABLE_SNAPSHOT,cleanroom_20260729T175530Z,823924,660271,2026-07-29 17:55:15+00:00,ORDER_NOT_CONFIRMED,,,False
2026-07-29,IMMUTABLE_SNAPSHOT,cleanroom_20260729T175530Z,823924,663656,2026-07-29 17:55:15+00:00,ORDER_NOT_CONFIRMED,,,False
2026-07-29,IMMUTABLE_SNAPSHOT,cleanroom_20260729T175530Z,823924,663728,2026-07-29 17:55:15+00:00,ORDER_NOT_CONFIRMED,,,False
2026-07-29,IMMUTABLE_SNAPSHOT,cleanroom_20260729T175530Z,823924,668227,2026-07-29 17:55:15+00:00,ORDER_NOT_CONFIRMED,,,False
2026-07-29,IMMUTABLE_SNAPSHOT,cleanroom_20260729T175530Z,823924,669242,2026-07-29 17:55:15+00:00,ORDER_NOT_CONFIRMED,,,False
2026-07-29,IMMUTABLE_SNAPSHOT,cleanroom_20260729T175530Z,823924,670042,2026-07-29 17:55:15+00:00,ORDER_NOT_CONFIRMED,,,False
2026-07-29,IMMUTABLE_SNAPSHOT,cleanroom_20260729T175530Z,823924,677594,2026-07-29 17:55:15+00:00,ORDER_NOT_CONFIRMED,,,False
2026-07-29,IMMUTABLE_SNAPSHOT,cleanroom_20260729T175530Z,823924,681624,2026-07-29 17:55:15+00:00,ORDER_NOT_CONFIRMED,,,False
2026-07-29,IMMUTABLE_SNAPSHOT,cleanroom_20260729T175530Z,823924,686527,2026-07-29 17:55:15+00:00,ORDER_NOT_CONFIRMED,,,False
2026-07-29,IMMUTABLE_SNAPSHOT,cleanroom_20260729T175530Z,823924,687221,2026-07-29 17:55:15+00:00,ORDER_NOT_CONFIRMED,,,False
2026-07-29,IMMUTABLE_SNAPSHOT,cleanroom_20260729T175530Z,823924,702284,2026-07-29 17:55:15+00:00,ORDER_NOT_CONFIRMED,,,False
2026-07-29,IMMUTABLE_SNAPSHOT,cleanroom_20260729T175530Z,824002,514888,2026-07-29 17:55:00+00:00,ORDER_NOT_CONFIRMED,,,False
2026-07-29,IMMUTABLE_SNAPSHOT,cleanroom_20260729T175530Z,824002,545361,2026-07-29 17:55:00+00:00,ORDER_NOT_CONFIRMED,,,False
2026-07-29,IMMUTABLE_SNAPSHOT,cleanroom_20260729T175530Z,824002,572233,2026-07-29 17:55:00+00:00,ORDER_NOT_CONFIRMED,,,False
2026-07-29,IMMUTABLE_SNAPSHOT,cleanroom_20260729T175530Z,824002,624585,2026-07-29 17:55:00+00:00,ORDER_NOT_CONFIRMED,,,False
2026-07-29,IMMUTABLE_SNAPSHOT,cleanroom_20260729T175530Z,824002,665161,2026-07-29 17:55:00+00:00,ORDER_NOT_CONFIRMED,,,False
2026-07-29,IMMUTABLE_SNAPSHOT,cleanroom_20260729T175530Z,824002,666139,2026-07-29 17:55:00+00:00,ORDER_NOT_CONFIRMED,,,False
2026-07-29,IMMUTABLE_SNAPSHOT,cleanroom_20260729T175530Z,824002,666176,2026-07-29 17:55:00+00:00,ORDER_NOT_CONFIRMED,,,False
2026-07-29,IMMUTABLE_SNAPSHOT,cleanroom_20260729T175530Z,824002,670623,2026-07-29 17:55:00+00:00,ORDER_NOT_CONFIRMED,,,False
2026-07-29,IMMUTABLE_SNAPSHOT,cleanroom_20260729T175530Z,824002,673237,2026-07-29 17:55:00+00:00,ORDER_NOT_CONFIRMED,,,False
2026-07-29,IMMUTABLE_SNAPSHOT,cleanroom_20260729T175530Z,824002,687093,2026-07-29 17:55:00+00:00,ORDER_NOT_CONFIRMED,,,False
2026-07-29,IMMUTABLE_SNAPSHOT,cleanroom_20260729T175530Z,824002,687263,2026-07-29 17:55:00+00:00,ORDER_NOT_CONFIRMED,,,False
2026-07-29,IMMUTABLE_SNAPSHOT,cleanroom_20260729T175530Z,824002,694203,2026-07-29 17:55:00+00:00,ORDER_NOT_CONFIRMED,,,False
2026-07-29,IMMUTABLE_SNAPSHOT,cleanroom_20260729T175530Z,824002,694384,2026-07-29 17:55:00+00:00,ORDER_NOT_CONFIRMED,,,False
2026-07-29,IMMUTABLE_SNAPSHOT,cleanroom_20260729T175530Z,824002,701358,2026-07-29 17:55:00+00:00,ORDER_NOT_CONFIRMED,,,False
2026-07-29,IMMUTABLE_SNAPSHOT,cleanroom_20260729T175530Z,824002,828599,2026-07-29 17:55:00+00:00,ORDER_NOT_CONFIRMED,,,False
2026-07-29,IMMUTABLE_SNAPSHOT,cleanroom_20260729T175530Z,824487,553993,2026-07-29 17:55:21+00:00,ORDER_NOT_CONFIRMED,,,False
2026-07-29,IMMUTABLE_SNAPSHOT,cleanroom_20260729T175530Z,824487,608070,2026-07-29 17:55:21+00:00,ORDER_NOT_CONFIRMED,,,False
2026-07-29,IMMUTABLE_SNAPSHOT,cleanroom_20260729T175530Z,824487,668709,2026-07-29 17:55:21+00:00,ORDER_NOT_CONFIRMED,,,False
2026-07-29,IMMUTABLE_SNAPSHOT,cleanroom_20260729T175530Z,824487,672275,2026-07-29 17:55:21+00:00,ORDER_NOT_CONFIRMED,,,False
2026-07-29,IMMUTABLE_SNAPSHOT,cleanroom_20260729T175530Z,824487,677587,2026-07-29 17:55:21+00:00,ORDER_NOT_CONFIRMED,,,False
2026-07-29,IMMUTABLE_SNAPSHOT,cleanroom_20260729T175530Z,824487,680757,2026-07-29 17:55:21+00:00,ORDER_NOT_CONFIRMED,,,False
2026-07-29,IMMUTABLE_SNAPSHOT,cleanroom_20260729T175530Z,824487,682657,2026-07-29 17:55:21+00:00,ORDER_NOT_CONFIRMED,,,False
2026-07-29,IMMUTABLE_SNAPSHOT,cleanroom_20260729T175530Z,824487,682829,2026-07-29 17:55:21+00:00,ORDER_NOT_CONFIRMED,,,False
2026-07-29,IMMUTABLE_SNAPSHOT,cleanroom_20260729T175530Z,824487,683953,2026-07-29 17:55:21+00:00,ORDER_NOT_CONFIRMED,,,False
2026-07-29,IMMUTABLE_SNAPSHOT,cleanroom_20260729T175530Z,824487,700932,2026-07-29 17:55:21+00:00,ORDER_NOT_CONFIRMED,,,False
2026-07-29,IMMUTABLE_SNAPSHOT,cleanroom_20260729T175530Z,824487,701398,2026-07-29 17:55:21+00:00,ORDER_NOT_CONFIRMED,,,False
2026-07-29,IMMUTABLE_SNAPSHOT,cleanroom_20260729T175530Z,824487,800050,2026-07-29 17:55:21+00:00,ORDER_NOT_CONFIRMED,,,False
2026-07-29,IMMUTABLE_SNAPSHOT,cleanroom_20260729T175530Z,824567,502671,2026-07-29 17:54:17+00:00,ORDER_NOT_CONFIRMED,,,False
2026-07-29,IMMUTABLE_SNAPSHOT,cleanroom_20260729T175530Z,824567,663757,2026-07-29 17:54:17+00:00,ORDER_NOT_CONFIRMED,,,False
2026-07-29,IMMUTABLE_SNAPSHOT,cleanroom_20260729T175530Z,824567,665862,2026-07-29 17:54:17+00:00,ORDER_NOT_CONFIRMED,,,False
2026-07-29,IMMUTABLE_SNAPSHOT,cleanroom_20260729T175530Z,824567,678246,2026-07-29 17:54:17+00:00,ORDER_NOT_CONFIRMED,,,False
2026-07-29,IMMUTABLE_SNAPSHOT,cleanroom_20260729T175530Z,824567,691176,2026-07-29 17:54:17+00:00,ORDER_NOT_CONFIRMED,,,False
2026-07-29,IMMUTABLE_SNAPSHOT,cleanroom_20260729T175530Z,824567,695657,2026-07-29 17:54:17+00:00,ORDER_NOT_CONFIRMED,,,False
2026-07-29,IMMUTABLE_SNAPSHOT,cleanroom_20260729T175530Z,824567,700250,2026-07-29 17:54:17+00:00,ORDER_NOT_CONFIRMED,,,False
2026-07-29,IMMUTABLE_SNAPSHOT,cleanroom_20260729T175530Z,824567,803011,2026-07-29 17:54:17+00:00,ORDER_NOT_CONFIRMED,,,False
2026-07-29,IMMUTABLE_SNAPSHOT,cleanroom_20260729T175530Z,824567,808959,2026-07-29 17:54:17+00:00,ORDER_NOT_CONFIRMED,,,False
2026-07-29,IMMUTABLE_SNAPSHOT,cleanroom_20260729T175530Z,824973,575929,2026-07-29 17:55:03+00:00,ORDER_NOT_CONFIRMED,,,False
2026-07-29,IMMUTABLE_SNAPSHOT,cleanroom_20260729T175530Z,824973,641680,2026-07-29 17:55:03+00:00,ORDER_NOT_CONFIRMED,,,False
2026-07-29,IMMUTABLE_SNAPSHOT,cleanroom_20260729T175530Z,824973,643446,2026-07-29 17:55:03+00:00,ORDER_NOT_CONFIRMED,,,False
2026-07-29,IMMUTABLE_SNAPSHOT,cleanroom_20260729T175530Z,824973,655316,2026-07-29 17:55:03+00:00,ORDER_NOT_CONFIRMED,,,False
2026-07-29,IMMUTABLE_SNAPSHOT,cleanroom_20260729T175530Z,824973,663853,2026-07-29 17:55:03+00:00,ORDER_NOT_CONFIRMED,,,False
2026-07-29,IMMUTABLE_SNAPSHOT,cleanroom_20260729T175530Z,824973,665966,2026-07-29 17:55:03+00:00,ORDER_NOT_CONFIRMED,,,False
2026-07-29,IMMUTABLE_SNAPSHOT,cleanroom_20260729T175530Z,824973,677800,2026-07-29 17:55:03+00:00,ORDER_NOT_CONFIRMED,,,False
2026-07-29,IMMUTABLE_SNAPSHOT,cleanroom_20260729T175530Z,824973,678882,2026-07-29 17:55:03+00:00,ORDER_NOT_CONFIRMED,,,False
2026-07-29,IMMUTABLE_SNAPSHOT,cleanroom_20260729T175530Z,824973,680776,2026-07-29 17:55:03+00:00,ORDER_NOT_CONFIRMED,,,False
2026-07-29,IMMUTABLE_SNAPSHOT,cleanroom_20260729T175530Z,824973,687515,2026-07-29 17:55:03+00:00,ORDER_NOT_CONFIRMED,,,False
2026-07-29,IMMUTABLE_SNAPSHOT,cleanroom_20260729T175530Z,824973,691016,2026-07-29 17:55:03+00:00,ORDER_NOT_CONFIRMED,,,False
2026-07-29,IMMUTABLE_SNAPSHOT,cleanroom_20260729T175530Z,824973,695720,2026-07-29 17:55:03+00:00,ORDER_NOT_CONFIRMED,,,False
2026-07-29,IMMUTABLE_SNAPSHOT,cleanroom_20260729T175530Z,824973,701762,2026-07-29 17:55:03+00:00,ORDER_NOT_CONFIRMED,,,False
2026-07-29,IMMUTABLE_SNAPSHOT,cleanroom_20260729T175530Z,824973,702332,2026-07-29 17:55:03+00:00,ORDER_NOT_CONFIRMED,,,False
2026-07-29,IMMUTABLE_SNAPSHOT,cleanroom_20260729T175530Z,824973,703607,2026-07-29 17:55:03+00:00,ORDER_NOT_CONFIRMED,,,False
2026-07-29,IMMUTABLE_SNAPSHOT,cleanroom_20260729T175530Z,824973,805779,2026-07-29 17:55:03+00:00,ORDER_NOT_CONFIRMED,,,False
2026-07-29,IMMUTABLE_SNAPSHOT,cleanroom_20260729T194916Z,822947,607043,2026-07-29 19:49:18+00:00,LINEUP_AFTER_GOVERNING_CAPTURE,2026-07-29T19:49:55.465586+00:00,e8b3abc7-ae2b-4571-a977-3b96b6db0d08,False
2026-07-29,IMMUTABLE_SNAPSHOT,cleanroom_20260729T194916Z,822947,650490,2026-07-29 19:49:18+00:00,LINEUP_AFTER_GOVERNING_CAPTURE,2026-07-29T19:49:55.465586+00:00,e8b3abc7-ae2b-4571-a977-3b96b6db0d08,False
2026-07-29,IMMUTABLE_SNAPSHOT,cleanroom_20260729T194916Z,822947,666018,2026-07-29 19:49:18+00:00,LINEUP_AFTER_GOVERNING_CAPTURE,2026-07-29T19:49:55.465586+00:00,e8b3abc7-ae2b-4571-a977-3b96b6db0d08,False
2026-07-29,IMMUTABLE_SNAPSHOT,cleanroom_20260729T194916Z,822947,669394,2026-07-29 19:49:18+00:00,LINEUP_AFTER_GOVERNING_CAPTURE,2026-07-29T19:49:55.465586+00:00,e8b3abc7-ae2b-4571-a977-3b96b6db0d08,False
2026-07-29,IMMUTABLE_SNAPSHOT,cleanroom_20260729T194916Z,822947,676356,2026-07-29 19:49:18+00:00,LINEUP_AFTER_GOVERNING_CAPTURE,2026-07-29T19:49:55.465586+00:00,e8b3abc7-ae2b-4571-a977-3b96b6db0d08,False
2026-07-29,IMMUTABLE_SNAPSHOT,cleanroom_20260729T194916Z,822947,677649,2026-07-29 19:49:18+00:00,LINEUP_AFTER_GOVERNING_CAPTURE,2026-07-29T19:49:55.465586+00:00,e8b3abc7-ae2b-4571-a977-3b96b6db0d08,False
2026-07-29,IMMUTABLE_SNAPSHOT,cleanroom_20260729T194916Z,822947,691406,2026-07-29 19:49:18+00:00,LINEUP_AFTER_GOVERNING_CAPTURE,2026-07-29T19:49:55.465586+00:00,e8b3abc7-ae2b-4571-a977-3b96b6db0d08,False
2026-07-29,IMMUTABLE_SNAPSHOT,cleanroom_20260729T194916Z,822947,694671,2026-07-29 19:49:18+00:00,LINEUP_AFTER_GOVERNING_CAPTURE,2026-07-29T19:49:55.465586+00:00,e8b3abc7-ae2b-4571-a977-3b96b6db0d08,False
2026-07-29,IMMUTABLE_SNAPSHOT,cleanroom_20260729T194916Z,822947,802415,2026-07-29 19:49:18+00:00,LINEUP_AFTER_GOVERNING_CAPTURE,2026-07-29T19:49:55.465586+00:00,e8b3abc7-ae2b-4571-a977-3b96b6db0d08,False
2026-07-29,IMMUTABLE_SNAPSHOT,cleanroom_20260729T194916Z,823022,608324,2026-07-29 19:49:38+00:00,ORDER_NOT_CONFIRMED,,,False
2026-07-29,IMMUTABLE_SNAPSHOT,cleanroom_20260729T194916Z,823022,621020,2026-07-29 19:49:38+00:00,ORDER_NOT_CONFIRMED,,,False
2026-07-29,IMMUTABLE_SNAPSHOT,cleanroom_20260729T194916Z,823022,663538,2026-07-29 19:49:38+00:00,ORDER_NOT_CONFIRMED,,,False
2026-07-29,IMMUTABLE_SNAPSHOT,cleanroom_20260729T194916Z,823022,664023,2026-07-29 19:49:38+00:00,ORDER_NOT_CONFIRMED,,,False
2026-07-29,IMMUTABLE_SNAPSHOT,cleanroom_20260729T194916Z,823022,671056,2026-07-29 19:49:38+00:00,ORDER_NOT_CONFIRMED,,,False
2026-07-29,IMMUTABLE_SNAPSHOT,cleanroom_20260729T194916Z,823022,673548,2026-07-29 19:49:38+00:00,ORDER_NOT_CONFIRMED,,,False
2026-07-29,IMMUTABLE_SNAPSHOT,cleanroom_20260729T194916Z,823022,676369,2026-07-29 19:49:38+00:00,ORDER_NOT_CONFIRMED,,,False
2026-07-29,IMMUTABLE_SNAPSHOT,cleanroom_20260729T194916Z,823022,676475,2026-07-29 19:49:38+00:00,ORDER_NOT_CONFIRMED,,,False
2026-07-29,IMMUTABLE_SNAPSHOT,cleanroom_20260729T194916Z,823022,683737,2026-07-29 19:49:38+00:00,ORDER_NOT_CONFIRMED,,,False
2026-07-29,IMMUTABLE_SNAPSHOT,cleanroom_20260729T194916Z,823022,691023,2026-07-29 19:49:38+00:00,ORDER_NOT_CONFIRMED,,,False
2026-07-29,IMMUTABLE_SNAPSHOT,cleanroom_20260729T194916Z,823022,691026,2026-07-29 19:49:38+00:00,ORDER_NOT_CONFIRMED,,,False
2026-07-29,IMMUTABLE_SNAPSHOT,cleanroom_20260729T194916Z,823022,691718,2026-07-29 19:49:38+00:00,ORDER_NOT_CONFIRMED,,,False
2026-07-29,IMMUTABLE_SNAPSHOT,cleanroom_20260729T194916Z,823022,699393,2026-07-29 19:49:38+00:00,ORDER_NOT_CONFIRMED,,,False
2026-07-29,IMMUTABLE_SNAPSHOT,cleanroom_20260729T194916Z,823022,802139,2026-07-29 19:49:38+00:00,ORDER_NOT_CONFIRMED,,,False
2026-07-29,IMMUTABLE_SNAPSHOT,cleanroom_20260729T194916Z,823192,592885,2026-07-29 19:45:14+00:00,LINEUP_POST_FIRST_PITCH,2026-07-29T19:49:55.459195+00:00,e8b3abc7-ae2b-4571-a977-3b96b6db0d08,False
2026-07-29,IMMUTABLE_SNAPSHOT,cleanroom_20260729T194916Z,823192,641343,2026-07-29 19:45:14+00:00,LINEUP_POST_FIRST_PITCH,2026-07-29T19:49:55.459195+00:00,e8b3abc7-ae2b-4571-a977-3b96b6db0d08,False
2026-07-29,IMMUTABLE_SNAPSHOT,cleanroom_20260729T194916Z,823192,646240,2026-07-29 19:45:14+00:00,LINEUP_POST_FIRST_PITCH,2026-07-29T19:49:55.459195+00:00,e8b3abc7-ae2b-4571-a977-3b96b6db0d08,False
2026-07-29,IMMUTABLE_SNAPSHOT,cleanroom_20260729T194916Z,823192,650333,2026-07-29 19:45:14+00:00,LINEUP_POST_FIRST_PITCH,2026-07-29T19:49:55.459195+00:00,e8b3abc7-ae2b-4571-a977-3b96b6db0d08,False
2026-07-29,IMMUTABLE_SNAPSHOT,cleanroom_20260729T194916Z,823192,668930,2026-07-29 19:45:14+00:00,LINEUP_POST_FIRST_PITCH,2026-07-29T19:49:55.459195+00:00,e8b3abc7-ae2b-4571-a977-3b96b6db0d08,False
2026-07-29,IMMUTABLE_SNAPSHOT,cleanroom_20260729T194916Z,823192,671218,2026-07-29 19:45:14+00:00,LINEUP_POST_FIRST_PITCH,2026-07-29T19:49:55.459195+00:00,e8b3abc7-ae2b-4571-a977-3b96b6db0d08,False
2026-07-29,IMMUTABLE_SNAPSHOT,cleanroom_20260729T194916Z,823192,694192,2026-07-29 19:45:14+00:00,LINEUP_POST_FIRST_PITCH,2026-07-29T19:49:55.459195+00:00,e8b3abc7-ae2b-4571-a977-3b96b6db0d08,False
2026-07-29,IMMUTABLE_SNAPSHOT,cleanroom_20260729T194916Z,823192,805811,2026-07-29 19:45:14+00:00,LINEUP_POST_FIRST_PITCH,2026-07-29T19:49:55.459195+00:00,e8b3abc7-ae2b-4571-a977-3b96b6db0d08,False
2026-07-29,IMMUTABLE_SNAPSHOT,cleanroom_20260729T194916Z,823192,808982,2026-07-29 19:45:14+00:00,LINEUP_POST_FIRST_PITCH,2026-07-29T19:49:55.459195+00:00,e8b3abc7-ae2b-4571-a977-3b96b6db0d08,False
2026-07-29,IMMUTABLE_SNAPSHOT,cleanroom_20260729T194916Z,823273,592518,2026-07-29 19:49:37+00:00,LINEUP_AFTER_GOVERNING_CAPTURE,2026-07-29T19:49:55.467309+00:00,e8b3abc7-ae2b-4571-a977-3b96b6db0d08,False
2026-07-29,IMMUTABLE_SNAPSHOT,cleanroom_20260729T194916Z,823273,593428,2026-07-29 19:49:37+00:00,LINEUP_AFTER_GOVERNING_CAPTURE,2026-07-29T19:49:55.467309+00:00,e8b3abc7-ae2b-4571-a977-3b96b6db0d08,False
2026-07-29,IMMUTABLE_SNAPSHOT,cleanroom_20260729T194916Z,823273,630105,2026-07-29 19:49:37+00:00,LINEUP_AFTER_GOVERNING_CAPTURE,2026-07-29T19:49:55.467309+00:00,e8b3abc7-ae2b-4571-a977-3b96b6db0d08,False
2026-07-29,IMMUTABLE_SNAPSHOT,cleanroom_20260729T194916Z,823273,650859,2026-07-29 19:49:37+00:00,LINEUP_AFTER_GOVERNING_CAPTURE,2026-07-29T19:49:55.467309+00:00,e8b3abc7-ae2b-4571-a977-3b96b6db0d08,False
2026-07-29,IMMUTABLE_SNAPSHOT,cleanroom_20260729T194916Z,823273,657757,2026-07-29 19:49:37+00:00,LINEUP_AFTER_GOVERNING_CAPTURE,2026-07-29T19:49:55.467309+00:00,e8b3abc7-ae2b-4571-a977-3b96b6db0d08,False
2026-07-29,IMMUTABLE_SNAPSHOT,cleanroom_20260729T194916Z,823273,664034,2026-07-29 19:49:37+00:00,LINEUP_AFTER_GOVERNING_CAPTURE,2026-07-29T19:49:55.467309+00:00,e8b3abc7-ae2b-4571-a977-3b96b6db0d08,False
2026-07-29,IMMUTABLE_SNAPSHOT,cleanroom_20260729T194916Z,823273,664983,2026-07-29 19:49:37+00:00,LINEUP_AFTER_GOVERNING_CAPTURE,2026-07-29T19:49:55.467309+00:00,e8b3abc7-ae2b-4571-a977-3b96b6db0d08,False
2026-07-29,IMMUTABLE_SNAPSHOT,cleanroom_20260729T194916Z,823273,665487,2026-07-29 19:49:37+00:00,LINEUP_AFTER_GOVERNING_CAPTURE,2026-07-29T19:49:55.467309+00:00,e8b3abc7-ae2b-4571-a977-3b96b6db0d08,False
2026-07-29,IMMUTABLE_SNAPSHOT,cleanroom_20260729T194916Z,823273,666160,2026-07-29 19:49:37+00:00,LINEUP_AFTER_GOVERNING_CAPTURE,2026-07-29T19:49:55.467309+00:00,e8b3abc7-ae2b-4571-a977-3b96b6db0d08,False
2026-07-29,IMMUTABLE_SNAPSHOT,cleanroom_20260729T194916Z,823273,681198,2026-07-29 19:49:37+00:00,LINEUP_AFTER_GOVERNING_CAPTURE,2026-07-29T19:49:55.467309+00:00,e8b3abc7-ae2b-4571-a977-3b96b6db0d08,False
2026-07-29,IMMUTABLE_SNAPSHOT,cleanroom_20260729T194916Z,823273,694249,2026-07-29 19:49:37+00:00,LINEUP_AFTER_GOVERNING_CAPTURE,2026-07-29T19:49:55.467309+00:00,e8b3abc7-ae2b-4571-a977-3b96b6db0d08,False
2026-07-29,IMMUTABLE_SNAPSHOT,cleanroom_20260729T194916Z,823273,696100,2026-07-29 19:49:37+00:00,LINEUP_AFTER_GOVERNING_CAPTURE,2026-07-29T19:49:55.467309+00:00,e8b3abc7-ae2b-4571-a977-3b96b6db0d08,False
2026-07-29,IMMUTABLE_SNAPSHOT,cleanroom_20260729T194916Z,823273,701538,2026-07-29 19:49:37+00:00,LINEUP_AFTER_GOVERNING_CAPTURE,2026-07-29T19:49:55.467309+00:00,e8b3abc7-ae2b-4571-a977-3b96b6db0d08,False
2026-07-29,IMMUTABLE_SNAPSHOT,cleanroom_20260729T194916Z,823677,521692,2026-07-29 19:49:07+00:00,ORDER_NOT_CONFIRMED,,,False
2026-07-29,IMMUTABLE_SNAPSHOT,cleanroom_20260729T194916Z,823677,605137,2026-07-29 19:49:07+00:00,ORDER_NOT_CONFIRMED,,,False
2026-07-29,IMMUTABLE_SNAPSHOT,cleanroom_20260729T194916Z,823677,657041,2026-07-29 19:49:07+00:00,ORDER_NOT_CONFIRMED,,,False
2026-07-29,IMMUTABLE_SNAPSHOT,cleanroom_20260729T194916Z,823677,663616,2026-07-29 19:49:07+00:00,ORDER_NOT_CONFIRMED,,,False
2026-07-29,IMMUTABLE_SNAPSHOT,cleanroom_20260729T194916Z,823677,665019,2026-07-29 19:49:07+00:00,ORDER_NOT_CONFIRMED,,,False
2026-07-29,IMMUTABLE_SNAPSHOT,cleanroom_20260729T194916Z,823677,668904,2026-07-29 19:49:07+00:00,ORDER_NOT_CONFIRMED,,,False
2026-07-29,IMMUTABLE_SNAPSHOT,cleanroom_20260729T194916Z,823677,680777,2026-07-29 19:49:07+00:00,ORDER_NOT_CONFIRMED,,,False
2026-07-29,IMMUTABLE_SNAPSHOT,cleanroom_20260729T194916Z,823677,686469,2026-07-29 19:49:07+00:00,ORDER_NOT_CONFIRMED,,,False
2026-07-29,IMMUTABLE_SNAPSHOT,cleanroom_20260729T194916Z,823677,686681,2026-07-29 19:49:07+00:00,ORDER_NOT_CONFIRMED,,,False
2026-07-29,IMMUTABLE_SNAPSHOT,cleanroom_20260729T194916Z,823677,686797,2026-07-29 19:49:07+00:00,ORDER_NOT_CONFIRMED,,,False
2026-07-29,IMMUTABLE_SNAPSHOT,cleanroom_20260729T194916Z,823677,695506,2026-07-29 19:49:07+00:00,ORDER_NOT_CONFIRMED,,,False
2026-07-29,IMMUTABLE_SNAPSHOT,cleanroom_20260729T194916Z,823677,695600,2026-07-29 19:49:07+00:00,ORDER_NOT_CONFIRMED,,,False
2026-07-29,IMMUTABLE_SNAPSHOT,cleanroom_20260729T194916Z,823677,807712,2026-07-29 19:49:07+00:00,ORDER_NOT_CONFIRMED,,,False
2026-07-29,IMMUTABLE_SNAPSHOT,cleanroom_20260729T194916Z,823924,518692,2026-07-29 19:49:50+00:00,ORDER_NOT_CONFIRMED,,,False
2026-07-29,IMMUTABLE_SNAPSHOT,cleanroom_20260729T194916Z,823924,571970,2026-07-29 19:49:50+00:00,ORDER_NOT_CONFIRMED,,,False
2026-07-29,IMMUTABLE_SNAPSHOT,cleanroom_20260729T194916Z,823924,605141,2026-07-29 19:49:50+00:00,ORDER_NOT_CONFIRMED,,,False
2026-07-29,IMMUTABLE_SNAPSHOT,cleanroom_20260729T194916Z,823924,606192,2026-07-29 19:49:50+00:00,ORDER_NOT_CONFIRMED,,,False
2026-07-29,IMMUTABLE_SNAPSHOT,cleanroom_20260729T194916Z,823924,647304,2026-07-29 19:49:50+00:00,ORDER_NOT_CONFIRMED,,,False
2026-07-29,IMMUTABLE_SNAPSHOT,cleanroom_20260729T194916Z,823924,660271,2026-07-29 19:49:50+00:00,ORDER_NOT_CONFIRMED,,,False
2026-07-29,IMMUTABLE_SNAPSHOT,cleanroom_20260729T194916Z,823924,663656,2026-07-29 19:49:50+00:00,ORDER_NOT_CONFIRMED,,,False
2026-07-29,IMMUTABLE_SNAPSHOT,cleanroom_20260729T194916Z,823924,663728,2026-07-29 19:49:50+00:00,ORDER_NOT_CONFIRMED,,,False
2026-07-29,IMMUTABLE_SNAPSHOT,cleanroom_20260729T194916Z,823924,668227,2026-07-29 19:49:50+00:00,ORDER_NOT_CONFIRMED,,,False
2026-07-29,IMMUTABLE_SNAPSHOT,cleanroom_20260729T194916Z,823924,669242,2026-07-29 19:49:50+00:00,ORDER_NOT_CONFIRMED,,,False
2026-07-29,IMMUTABLE_SNAPSHOT,cleanroom_20260729T194916Z,823924,670042,2026-07-29 19:49:50+00:00,ORDER_NOT_CONFIRMED,,,False
2026-07-29,IMMUTABLE_SNAPSHOT,cleanroom_20260729T194916Z,823924,677594,2026-07-29 19:49:50+00:00,ORDER_NOT_CONFIRMED,,,False
2026-07-29,IMMUTABLE_SNAPSHOT,cleanroom_20260729T194916Z,823924,681624,2026-07-29 19:49:50+00:00,ORDER_NOT_CONFIRMED,,,False
2026-07-29,IMMUTABLE_SNAPSHOT,cleanroom_20260729T194916Z,823924,686527,2026-07-29 19:49:50+00:00,ORDER_NOT_CONFIRMED,,,False
2026-07-29,IMMUTABLE_SNAPSHOT,cleanroom_20260729T194916Z,823924,687221,2026-07-29 19:49:50+00:00,ORDER_NOT_CONFIRMED,,,False
2026-07-29,IMMUTABLE_SNAPSHOT,cleanroom_20260729T194916Z,823924,702284,2026-07-29 19:49:50+00:00,ORDER_NOT_CONFIRMED,,,False
2026-07-29,IMMUTABLE_SNAPSHOT,cleanroom_20260729T194916Z,824002,514888,2026-07-29 19:49:44+00:00,ORDER_NOT_CONFIRMED,,,False
2026-07-29,IMMUTABLE_SNAPSHOT,cleanroom_20260729T194916Z,824002,545361,2026-07-29 19:49:44+00:00,ORDER_NOT_CONFIRMED,,,False
2026-07-29,IMMUTABLE_SNAPSHOT,cleanroom_20260729T194916Z,824002,572233,2026-07-29 19:49:44+00:00,ORDER_NOT_CONFIRMED,,,False
2026-07-29,IMMUTABLE_SNAPSHOT,cleanroom_20260729T194916Z,824002,624585,2026-07-29 19:49:44+00:00,ORDER_NOT_CONFIRMED,,,False
2026-07-29,IMMUTABLE_SNAPSHOT,cleanroom_20260729T194916Z,824002,665161,2026-07-29 19:49:44+00:00,ORDER_NOT_CONFIRMED,,,False
2026-07-29,IMMUTABLE_SNAPSHOT,cleanroom_20260729T194916Z,824002,666139,2026-07-29 19:49:44+00:00,ORDER_NOT_CONFIRMED,,,False
2026-07-29,IMMUTABLE_SNAPSHOT,cleanroom_20260729T194916Z,824002,666176,2026-07-29 19:49:44+00:00,ORDER_NOT_CONFIRMED,,,False
2026-07-29,IMMUTABLE_SNAPSHOT,cleanroom_20260729T194916Z,824002,670541,2026-07-29 19:49:44+00:00,ORDER_NOT_CONFIRMED,,,False
2026-07-29,IMMUTABLE_SNAPSHOT,cleanroom_20260729T194916Z,824002,670623,2026-07-29 19:49:44+00:00,ORDER_NOT_CONFIRMED,,,False
2026-07-29,IMMUTABLE_SNAPSHOT,cleanroom_20260729T194916Z,824002,673237,2026-07-29 19:49:44+00:00,ORDER_NOT_CONFIRMED,,,False
2026-07-29,IMMUTABLE_SNAPSHOT,cleanroom_20260729T194916Z,824002,687093,2026-07-29 19:49:44+00:00,ORDER_NOT_CONFIRMED,,,False
2026-07-29,IMMUTABLE_SNAPSHOT,cleanroom_20260729T194916Z,824002,687263,2026-07-29 19:49:44+00:00,ORDER_NOT_CONFIRMED,,,False
2026-07-29,IMMUTABLE_SNAPSHOT,cleanroom_20260729T194916Z,824002,694203,2026-07-29 19:49:44+00:00,ORDER_NOT_CONFIRMED,,,False
2026-07-29,IMMUTABLE_SNAPSHOT,cleanroom_20260729T194916Z,824002,694384,2026-07-29 19:49:44+00:00,ORDER_NOT_CONFIRMED,,,False
2026-07-29,IMMUTABLE_SNAPSHOT,cleanroom_20260729T194916Z,824002,701358,2026-07-29 19:49:44+00:00,ORDER_NOT_CONFIRMED,,,False
2026-07-29,IMMUTABLE_SNAPSHOT,cleanroom_20260729T194916Z,824002,828599,2026-07-29 19:49:44+00:00,ORDER_NOT_CONFIRMED,,,False
2026-07-29,IMMUTABLE_SNAPSHOT,cleanroom_20260729T194916Z,824487,553993,2026-07-29 19:48:57+00:00,LINEUP_AFTER_GOVERNING_CAPTURE,2026-07-29T19:49:55.463824+00:00,e8b3abc7-ae2b-4571-a977-3b96b6db0d08,False
2026-07-29,IMMUTABLE_SNAPSHOT,cleanroom_20260729T194916Z,824487,608070,2026-07-29 19:48:57+00:00,ORDER_NOT_CONFIRMED,,,False
2026-07-29,IMMUTABLE_SNAPSHOT,cleanroom_20260729T194916Z,824487,663886,2026-07-29 19:48:57+00:00,LINEUP_AFTER_GOVERNING_CAPTURE,2026-07-29T19:49:55.463824+00:00,e8b3abc7-ae2b-4571-a977-3b96b6db0d08,False
2026-07-29,IMMUTABLE_SNAPSHOT,cleanroom_20260729T194916Z,824487,672275,2026-07-29 19:48:57+00:00,ORDER_NOT_CONFIRMED,,,False
2026-07-29,IMMUTABLE_SNAPSHOT,cleanroom_20260729T194916Z,824487,677587,2026-07-29 19:48:57+00:00,ORDER_NOT_CONFIRMED,,,False
2026-07-29,IMMUTABLE_SNAPSHOT,cleanroom_20260729T194916Z,824487,680757,2026-07-29 19:48:57+00:00,ORDER_NOT_CONFIRMED,,,False
2026-07-29,IMMUTABLE_SNAPSHOT,cleanroom_20260729T194916Z,824487,682657,2026-07-29 19:48:57+00:00,ORDER_NOT_CONFIRMED,,,False
2026-07-29,IMMUTABLE_SNAPSHOT,cleanroom_20260729T194916Z,824487,682829,2026-07-29 19:48:57+00:00,LINEUP_AFTER_GOVERNING_CAPTURE,2026-07-29T19:49:55.463824+00:00,e8b3abc7-ae2b-4571-a977-3b96b6db0d08,False
2026-07-29,IMMUTABLE_SNAPSHOT,cleanroom_20260729T194916Z,824487,683953,2026-07-29 19:48:57+00:00,ORDER_NOT_CONFIRMED,,,False
2026-07-29,IMMUTABLE_SNAPSHOT,cleanroom_20260729T194916Z,824487,700932,2026-07-29 19:48:57+00:00,ORDER_NOT_CONFIRMED,,,False
2026-07-29,IMMUTABLE_SNAPSHOT,cleanroom_20260729T194916Z,824487,701398,2026-07-29 19:48:57+00:00,LINEUP_AFTER_GOVERNING_CAPTURE,2026-07-29T19:49:55.463824+00:00,e8b3abc7-ae2b-4571-a977-3b96b6db0d08,False
2026-07-29,IMMUTABLE_SNAPSHOT,cleanroom_20260729T194916Z,824487,800050,2026-07-29 19:48:57+00:00,ORDER_NOT_CONFIRMED,,,False
2026-07-29,IMMUTABLE_SNAPSHOT,cleanroom_20260729T194916Z,824567,502671,2026-07-29 19:49:37+00:00,ORDER_NOT_CONFIRMED,,,False
2026-07-29,IMMUTABLE_SNAPSHOT,cleanroom_20260729T194916Z,824567,663757,2026-07-29 19:49:37+00:00,ORDER_NOT_CONFIRMED,,,False
2026-07-29,IMMUTABLE_SNAPSHOT,cleanroom_20260729T194916Z,824567,665862,2026-07-29 19:49:37+00:00,ORDER_NOT_CONFIRMED,,,False
2026-07-29,IMMUTABLE_SNAPSHOT,cleanroom_20260729T194916Z,824567,678246,2026-07-29 19:49:37+00:00,LINEUP_AFTER_GOVERNING_CAPTURE,2026-07-29T19:49:55.452418+00:00,e8b3abc7-ae2b-4571-a977-3b96b6db0d08,False
2026-07-29,IMMUTABLE_SNAPSHOT,cleanroom_20260729T194916Z,824567,691176,2026-07-29 19:49:37+00:00,ORDER_NOT_CONFIRMED,,,False
2026-07-29,IMMUTABLE_SNAPSHOT,cleanroom_20260729T194916Z,824567,695657,2026-07-29 19:49:37+00:00,LINEUP_AFTER_GOVERNING_CAPTURE,2026-07-29T19:49:55.452418+00:00,e8b3abc7-ae2b-4571-a977-3b96b6db0d08,False
2026-07-29,IMMUTABLE_SNAPSHOT,cleanroom_20260729T194916Z,824567,700250,2026-07-29 19:49:37+00:00,ORDER_NOT_CONFIRMED,,,False
2026-07-29,IMMUTABLE_SNAPSHOT,cleanroom_20260729T194916Z,824567,803011,2026-07-29 19:49:37+00:00,LINEUP_AFTER_GOVERNING_CAPTURE,2026-07-29T19:49:55.452418+00:00,e8b3abc7-ae2b-4571-a977-3b96b6db0d08,False
2026-07-29,IMMUTABLE_SNAPSHOT,cleanroom_20260729T194916Z,824567,808959,2026-07-29 19:49:37+00:00,LINEUP_AFTER_GOVERNING_CAPTURE,2026-07-29T19:49:55.452418+00:00,e8b3abc7-ae2b-4571-a977-3b96b6db0d08,False
2026-07-29,IMMUTABLE_SNAPSHOT,cleanroom_20260729T194916Z,824973,575929,2026-07-29 19:49:38+00:00,ORDER_NOT_CONFIRMED,,,False
2026-07-29,IMMUTABLE_SNAPSHOT,cleanroom_20260729T194916Z,824973,641680,2026-07-29 19:49:38+00:00,ORDER_NOT_CONFIRMED,,,False
2026-07-29,IMMUTABLE_SNAPSHOT,cleanroom_20260729T194916Z,824973,643446,2026-07-29 19:49:38+00:00,ORDER_NOT_CONFIRMED,,,False
2026-07-29,IMMUTABLE_SNAPSHOT,cleanroom_20260729T194916Z,824973,655316,2026-07-29 19:49:38+00:00,ORDER_NOT_CONFIRMED,,,False
2026-07-29,IMMUTABLE_SNAPSHOT,cleanroom_20260729T194916Z,824973,663853,2026-07-29 19:49:38+00:00,ORDER_NOT_CONFIRMED,,,False
2026-07-29,IMMUTABLE_SNAPSHOT,cleanroom_20260729T194916Z,824973,665966,2026-07-29 19:49:38+00:00,ORDER_NOT_CONFIRMED,,,False
2026-07-29,IMMUTABLE_SNAPSHOT,cleanroom_20260729T194916Z,824973,677800,2026-07-29 19:49:38+00:00,ORDER_NOT_CONFIRMED,,,False
2026-07-29,IMMUTABLE_SNAPSHOT,cleanroom_20260729T194916Z,824973,678882,2026-07-29 19:49:38+00:00,ORDER_NOT_CONFIRMED,,,False
2026-07-29,IMMUTABLE_SNAPSHOT,cleanroom_20260729T194916Z,824973,680776,2026-07-29 19:49:38+00:00,ORDER_NOT_CONFIRMED,,,False
2026-07-29,IMMUTABLE_SNAPSHOT,cleanroom_20260729T194916Z,824973,687515,2026-07-29 19:49:38+00:00,ORDER_NOT_CONFIRMED,,,False
2026-07-29,IMMUTABLE_SNAPSHOT,cleanroom_20260729T194916Z,824973,691016,2026-07-29 19:49:38+00:00,ORDER_NOT_CONFIRMED,,,False
2026-07-29,IMMUTABLE_SNAPSHOT,cleanroom_20260729T194916Z,824973,695720,2026-07-29 19:49:38+00:00,ORDER_NOT_CONFIRMED,,,False
2026-07-29,IMMUTABLE_SNAPSHOT,cleanroom_20260729T194916Z,824973,701762,2026-07-29 19:49:38+00:00,ORDER_NOT_CONFIRMED,,,False
2026-07-29,IMMUTABLE_SNAPSHOT,cleanroom_20260729T194916Z,824973,702332,2026-07-29 19:49:38+00:00,ORDER_NOT_CONFIRMED,,,False
2026-07-29,IMMUTABLE_SNAPSHOT,cleanroom_20260729T194916Z,824973,703607,2026-07-29 19:49:38+00:00,ORDER_NOT_CONFIRMED,,,False
2026-07-29,IMMUTABLE_SNAPSHOT,cleanroom_20260729T194916Z,824973,805779,2026-07-29 19:49:38+00:00,ORDER_NOT_CONFIRMED,,,False
2026-07-29,IMMUTABLE_SNAPSHOT,cleanroom_20260729T230547Z,823022,608324,2026-07-29 23:05:38+00:00,LINEUP_AFTER_GOVERNING_CAPTURE,2026-07-29T23:06:32.800830+00:00,0849425c-1587-4426-afce-e05e5ed7de6f,False
2026-07-29,IMMUTABLE_SNAPSHOT,cleanroom_20260729T230547Z,823022,608348,2026-07-29 23:05:38+00:00,ORDER_NOT_CONFIRMED,,,False
2026-07-29,IMMUTABLE_SNAPSHOT,cleanroom_20260729T230547Z,823022,621020,2026-07-29 23:05:38+00:00,LINEUP_AFTER_GOVERNING_CAPTURE,2026-07-29T23:06:32.800830+00:00,0849425c-1587-4426-afce-e05e5ed7de6f,False
2026-07-29,IMMUTABLE_SNAPSHOT,cleanroom_20260729T230547Z,823022,664023,2026-07-29 23:05:38+00:00,LINEUP_AFTER_GOVERNING_CAPTURE,2026-07-29T23:06:32.800830+00:00,0849425c-1587-4426-afce-e05e5ed7de6f,False
2026-07-29,IMMUTABLE_SNAPSHOT,cleanroom_20260729T230547Z,823022,665877,2026-07-29 23:05:38+00:00,LINEUP_AFTER_GOVERNING_CAPTURE,2026-07-29T23:06:32.800830+00:00,0849425c-1587-4426-afce-e05e5ed7de6f,False
2026-07-29,IMMUTABLE_SNAPSHOT,cleanroom_20260729T230547Z,823022,671056,2026-07-29 23:05:38+00:00,LINEUP_AFTER_GOVERNING_CAPTURE,2026-07-29T23:06:32.800830+00:00,0849425c-1587-4426-afce-e05e5ed7de6f,False
2026-07-29,IMMUTABLE_SNAPSHOT,cleanroom_20260729T230547Z,823022,673548,2026-07-29 23:05:38+00:00,LINEUP_AFTER_GOVERNING_CAPTURE,2026-07-29T23:06:32.800830+00:00,0849425c-1587-4426-afce-e05e5ed7de6f,False
2026-07-29,IMMUTABLE_SNAPSHOT,cleanroom_20260729T230547Z,823022,676475,2026-07-29 23:05:38+00:00,LINEUP_AFTER_GOVERNING_CAPTURE,2026-07-29T23:06:32.800830+00:00,0849425c-1587-4426-afce-e05e5ed7de6f,False
2026-07-29,IMMUTABLE_SNAPSHOT,cleanroom_20260729T230547Z,823022,683737,2026-07-29 23:05:38+00:00,LINEUP_AFTER_GOVERNING_CAPTURE,2026-07-29T23:06:32.800830+00:00,0849425c-1587-4426-afce-e05e5ed7de6f,False
2026-07-29,IMMUTABLE_SNAPSHOT,cleanroom_20260729T230547Z,823022,691023,2026-07-29 23:05:38+00:00,LINEUP_AFTER_GOVERNING_CAPTURE,2026-07-29T23:06:32.800830+00:00,0849425c-1587-4426-afce-e05e5ed7de6f,False
2026-07-29,IMMUTABLE_SNAPSHOT,cleanroom_20260729T230547Z,823022,691026,2026-07-29 23:05:38+00:00,LINEUP_AFTER_GOVERNING_CAPTURE,2026-07-29T23:06:32.800830+00:00,0849425c-1587-4426-afce-e05e5ed7de6f,False
2026-07-29,IMMUTABLE_SNAPSHOT,cleanroom_20260729T230547Z,823022,691458,2026-07-29 23:05:38+00:00,LINEUP_AFTER_GOVERNING_CAPTURE,2026-07-29T23:06:32.800830+00:00,0849425c-1587-4426-afce-e05e5ed7de6f,False
2026-07-29,IMMUTABLE_SNAPSHOT,cleanroom_20260729T230547Z,823022,691718,2026-07-29 23:05:38+00:00,LINEUP_AFTER_GOVERNING_CAPTURE,2026-07-29T23:06:32.800830+00:00,0849425c-1587-4426-afce-e05e5ed7de6f,False
2026-07-29,IMMUTABLE_SNAPSHOT,cleanroom_20260729T230547Z,823022,699393,2026-07-29 23:05:38+00:00,LINEUP_AFTER_GOVERNING_CAPTURE,2026-07-29T23:06:32.800830+00:00,0849425c-1587-4426-afce-e05e5ed7de6f,False
2026-07-29,IMMUTABLE_SNAPSHOT,cleanroom_20260729T230547Z,823022,802139,2026-07-29 23:05:38+00:00,LINEUP_AFTER_GOVERNING_CAPTURE,2026-07-29T23:06:32.800830+00:00,0849425c-1587-4426-afce-e05e5ed7de6f,False
2026-07-29,IMMUTABLE_SNAPSHOT,cleanroom_20260729T230547Z,823598,596019,2026-07-29 23:05:49+00:00,LINEUP_AFTER_GOVERNING_CAPTURE,2026-07-29T23:06:32.799010+00:00,0849425c-1587-4426-afce-e05e5ed7de6f,False
2026-07-29,IMMUTABLE_SNAPSHOT,cleanroom_20260729T230547Z,823598,621566,2026-07-29 23:05:49+00:00,LINEUP_AFTER_GOVERNING_CAPTURE,2026-07-29T23:06:32.799010+00:00,0849425c-1587-4426-afce-e05e5ed7de6f,False
2026-07-29,IMMUTABLE_SNAPSHOT,cleanroom_20260729T230547Z,823598,645277,2026-07-29 23:05:49+00:00,LINEUP_AFTER_GOVERNING_CAPTURE,2026-07-29T23:06:32.799010+00:00,0849425c-1587-4426-afce-e05e5ed7de6f,False
2026-07-29,IMMUTABLE_SNAPSHOT,cleanroom_20260729T230547Z,823598,660670,2026-07-29 23:05:49+00:00,LINEUP_AFTER_GOVERNING_CAPTURE,2026-07-29T23:06:32.799010+00:00,0849425c-1587-4426-afce-e05e5ed7de6f,False
2026-07-29,IMMUTABLE_SNAPSHOT,cleanroom_20260729T230547Z,823598,666182,2026-07-29 23:05:49+00:00,LINEUP_AFTER_GOVERNING_CAPTURE,2026-07-29T23:06:32.799010+00:00,0849425c-1587-4426-afce-e05e5ed7de6f,False
2026-07-29,IMMUTABLE_SNAPSHOT,cleanroom_20260729T230547Z,823598,671739,2026-07-29 23:05:49+00:00,LINEUP_AFTER_GOVERNING_CAPTURE,2026-07-29T23:06:32.799010+00:00,0849425c-1587-4426-afce-e05e5ed7de6f,False
2026-07-29,IMMUTABLE_SNAPSHOT,cleanroom_20260729T230547Z,823598,673357,2026-07-29 23:05:49+00:00,LINEUP_AFTER_GOVERNING_CAPTURE,2026-07-29T23:06:32.799010+00:00,0849425c-1587-4426-afce-e05e5ed7de6f,False
2026-07-29,IMMUTABLE_SNAPSHOT,cleanroom_20260729T230547Z,823598,686948,2026-07-29 23:05:49+00:00,LINEUP_AFTER_GOVERNING_CAPTURE,2026-07-29T23:06:32.799010+00:00,0849425c-1587-4426-afce-e05e5ed7de6f,False
2026-07-29,IMMUTABLE_SNAPSHOT,cleanroom_20260729T230547Z,823677,521692,2026-07-29 23:06:25+00:00,LINEUP_AFTER_GOVERNING_CAPTURE,2026-07-29T23:06:32.793079+00:00,0849425c-1587-4426-afce-e05e5ed7de6f,False
2026-07-29,IMMUTABLE_SNAPSHOT,cleanroom_20260729T230547Z,823677,605137,2026-07-29 23:06:25+00:00,LINEUP_AFTER_GOVERNING_CAPTURE,2026-07-29T23:06:32.793079+00:00,0849425c-1587-4426-afce-e05e5ed7de6f,False
2026-07-29,IMMUTABLE_SNAPSHOT,cleanroom_20260729T230547Z,823677,605170,2026-07-29 23:06:25+00:00,LINEUP_AFTER_GOVERNING_CAPTURE,2026-07-29T23:06:32.793079+00:00,0849425c-1587-4426-afce-e05e5ed7de6f,False
2026-07-29,IMMUTABLE_SNAPSHOT,cleanroom_20260729T230547Z,823677,657041,2026-07-29 23:06:25+00:00,LINEUP_AFTER_GOVERNING_CAPTURE,2026-07-29T23:06:32.793079+00:00,0849425c-1587-4426-afce-e05e5ed7de6f,False
2026-07-29,IMMUTABLE_SNAPSHOT,cleanroom_20260729T230547Z,823677,663616,2026-07-29 23:06:25+00:00,LINEUP_AFTER_GOVERNING_CAPTURE,2026-07-29T23:06:32.793079+00:00,0849425c-1587-4426-afce-e05e5ed7de6f,False
2026-07-29,IMMUTABLE_SNAPSHOT,cleanroom_20260729T230547Z,823677,665019,2026-07-29 23:06:25+00:00,LINEUP_AFTER_GOVERNING_CAPTURE,2026-07-29T23:06:32.793079+00:00,0849425c-1587-4426-afce-e05e5ed7de6f,False
2026-07-29,IMMUTABLE_SNAPSHOT,cleanroom_20260729T230547Z,823677,668904,2026-07-29 23:06:25+00:00,LINEUP_AFTER_GOVERNING_CAPTURE,2026-07-29T23:06:32.793079+00:00,0849425c-1587-4426-afce-e05e5ed7de6f,False
2026-07-29,IMMUTABLE_SNAPSHOT,cleanroom_20260729T230547Z,823677,680777,2026-07-29 23:06:25+00:00,ORDER_NOT_CONFIRMED,,,False
2026-07-29,IMMUTABLE_SNAPSHOT,cleanroom_20260729T230547Z,823677,686681,2026-07-29 23:06:25+00:00,LINEUP_AFTER_GOVERNING_CAPTURE,2026-07-29T23:06:32.793079+00:00,0849425c-1587-4426-afce-e05e5ed7de6f,False
2026-07-29,IMMUTABLE_SNAPSHOT,cleanroom_20260729T230547Z,823677,686797,2026-07-29 23:06:25+00:00,LINEUP_AFTER_GOVERNING_CAPTURE,2026-07-29T23:06:32.793079+00:00,0849425c-1587-4426-afce-e05e5ed7de6f,False
2026-07-29,IMMUTABLE_SNAPSHOT,cleanroom_20260729T230547Z,823677,695506,2026-07-29 23:06:25+00:00,LINEUP_AFTER_GOVERNING_CAPTURE,2026-07-29T23:06:32.793079+00:00,0849425c-1587-4426-afce-e05e5ed7de6f,False
2026-07-29,IMMUTABLE_SNAPSHOT,cleanroom_20260729T230547Z,823677,695600,2026-07-29 23:06:25+00:00,LINEUP_AFTER_GOVERNING_CAPTURE,2026-07-29T23:06:32.793079+00:00,0849425c-1587-4426-afce-e05e5ed7de6f,False
2026-07-29,IMMUTABLE_SNAPSHOT,cleanroom_20260729T230547Z,823677,702176,2026-07-29 23:06:25+00:00,LINEUP_AFTER_GOVERNING_CAPTURE,2026-07-29T23:06:32.793079+00:00,0849425c-1587-4426-afce-e05e5ed7de6f,False
2026-07-29,IMMUTABLE_SNAPSHOT,cleanroom_20260729T230547Z,823677,807712,2026-07-29 23:06:25+00:00,LINEUP_AFTER_GOVERNING_CAPTURE,2026-07-29T23:06:32.793079+00:00,0849425c-1587-4426-afce-e05e5ed7de6f,False
2026-07-29,IMMUTABLE_SNAPSHOT,cleanroom_20260729T230547Z,823924,518692,2026-07-29 23:05:39+00:00,LINEUP_AFTER_GOVERNING_CAPTURE,2026-07-29T23:06:32.796793+00:00,0849425c-1587-4426-afce-e05e5ed7de6f,False
2026-07-29,IMMUTABLE_SNAPSHOT,cleanroom_20260729T230547Z,823924,571970,2026-07-29 23:05:39+00:00,LINEUP_AFTER_GOVERNING_CAPTURE,2026-07-29T23:06:32.796793+00:00,0849425c-1587-4426-afce-e05e5ed7de6f,False
2026-07-29,IMMUTABLE_SNAPSHOT,cleanroom_20260729T230547Z,823924,605141,2026-07-29 23:05:39+00:00,LINEUP_AFTER_GOVERNING_CAPTURE,2026-07-29T23:06:32.796793+00:00,0849425c-1587-4426-afce-e05e5ed7de6f,False
2026-07-29,IMMUTABLE_SNAPSHOT,cleanroom_20260729T230547Z,823924,606192,2026-07-29 23:05:39+00:00,LINEUP_AFTER_GOVERNING_CAPTURE,2026-07-29T23:06:32.796793+00:00,0849425c-1587-4426-afce-e05e5ed7de6f,False
2026-07-29,IMMUTABLE_SNAPSHOT,cleanroom_20260729T230547Z,823924,647304,2026-07-29 23:05:39+00:00,LINEUP_AFTER_GOVERNING_CAPTURE,2026-07-29T23:06:32.796793+00:00,0849425c-1587-4426-afce-e05e5ed7de6f,False
2026-07-29,IMMUTABLE_SNAPSHOT,cleanroom_20260729T230547Z,823924,660271,2026-07-29 23:05:39+00:00,LINEUP_AFTER_GOVERNING_CAPTURE,2026-07-29T23:06:32.796793+00:00,0849425c-1587-4426-afce-e05e5ed7de6f,False
2026-07-29,IMMUTABLE_SNAPSHOT,cleanroom_20260729T230547Z,823924,663656,2026-07-29 23:05:39+00:00,LINEUP_AFTER_GOVERNING_CAPTURE,2026-07-29T23:06:32.796793+00:00,0849425c-1587-4426-afce-e05e5ed7de6f,False
2026-07-29,IMMUTABLE_SNAPSHOT,cleanroom_20260729T230547Z,823924,663728,2026-07-29 23:05:39+00:00,LINEUP_AFTER_GOVERNING_CAPTURE,2026-07-29T23:06:32.796793+00:00,0849425c-1587-4426-afce-e05e5ed7de6f,False
2026-07-29,IMMUTABLE_SNAPSHOT,cleanroom_20260729T230547Z,823924,668227,2026-07-29 23:05:39+00:00,LINEUP_AFTER_GOVERNING_CAPTURE,2026-07-29T23:06:32.796793+00:00,0849425c-1587-4426-afce-e05e5ed7de6f,False
2026-07-29,IMMUTABLE_SNAPSHOT,cleanroom_20260729T230547Z,823924,669242,2026-07-29 23:05:39+00:00,LINEUP_AFTER_GOVERNING_CAPTURE,2026-07-29T23:06:32.796793+00:00,0849425c-1587-4426-afce-e05e5ed7de6f,False
2026-07-29,IMMUTABLE_SNAPSHOT,cleanroom_20260729T230547Z,823924,670042,2026-07-29 23:05:39+00:00,ORDER_NOT_CONFIRMED,,,False
2026-07-29,IMMUTABLE_SNAPSHOT,cleanroom_20260729T230547Z,823924,677594,2026-07-29 23:05:39+00:00,LINEUP_AFTER_GOVERNING_CAPTURE,2026-07-29T23:06:32.796793+00:00,0849425c-1587-4426-afce-e05e5ed7de6f,False
2026-07-29,IMMUTABLE_SNAPSHOT,cleanroom_20260729T230547Z,823924,681624,2026-07-29 23:05:39+00:00,LINEUP_AFTER_GOVERNING_CAPTURE,2026-07-29T23:06:32.796793+00:00,0849425c-1587-4426-afce-e05e5ed7de6f,False
2026-07-29,IMMUTABLE_SNAPSHOT,cleanroom_20260729T230547Z,823924,686527,2026-07-29 23:05:39+00:00,LINEUP_AFTER_GOVERNING_CAPTURE,2026-07-29T23:06:32.796793+00:00,0849425c-1587-4426-afce-e05e5ed7de6f,False
2026-07-29,IMMUTABLE_SNAPSHOT,cleanroom_20260729T230547Z,823924,687221,2026-07-29 23:05:39+00:00,LINEUP_AFTER_GOVERNING_CAPTURE,2026-07-29T23:06:32.796793+00:00,0849425c-1587-4426-afce-e05e5ed7de6f,False
2026-07-29,IMMUTABLE_SNAPSHOT,cleanroom_20260729T230547Z,823924,702284,2026-07-29 23:05:39+00:00,LINEUP_AFTER_GOVERNING_CAPTURE,2026-07-29T23:06:32.796793+00:00,0849425c-1587-4426-afce-e05e5ed7de6f,False
2026-07-29,IMMUTABLE_SNAPSHOT,cleanroom_20260729T230547Z,824002,514888,2026-07-29 23:05:54+00:00,LINEUP_AFTER_GOVERNING_CAPTURE,2026-07-29T23:06:32.791284+00:00,0849425c-1587-4426-afce-e05e5ed7de6f,False
2026-07-29,IMMUTABLE_SNAPSHOT,cleanroom_20260729T230547Z,824002,545361,2026-07-29 23:05:54+00:00,LINEUP_AFTER_GOVERNING_CAPTURE,2026-07-29T23:06:32.791284+00:00,0849425c-1587-4426-afce-e05e5ed7de6f,False
2026-07-29,IMMUTABLE_SNAPSHOT,cleanroom_20260729T230547Z,824002,572233,2026-07-29 23:05:54+00:00,LINEUP_AFTER_GOVERNING_CAPTURE,2026-07-29T23:06:32.791284+00:00,0849425c-1587-4426-afce-e05e5ed7de6f,False
2026-07-29,IMMUTABLE_SNAPSHOT,cleanroom_20260729T230547Z,824002,665161,2026-07-29 23:05:54+00:00,LINEUP_AFTER_GOVERNING_CAPTURE,2026-07-29T23:06:32.791284+00:00,0849425c-1587-4426-afce-e05e5ed7de6f,False
2026-07-29,IMMUTABLE_SNAPSHOT,cleanroom_20260729T230547Z,824002,666176,2026-07-29 23:05:54+00:00,LINEUP_AFTER_GOVERNING_CAPTURE,2026-07-29T23:06:32.791284+00:00,0849425c-1587-4426-afce-e05e5ed7de6f,False
2026-07-29,IMMUTABLE_SNAPSHOT,cleanroom_20260729T230547Z,824002,670541,2026-07-29 23:05:54+00:00,LINEUP_AFTER_GOVERNING_CAPTURE,2026-07-29T23:06:32.791284+00:00,0849425c-1587-4426-afce-e05e5ed7de6f,False
2026-07-29,IMMUTABLE_SNAPSHOT,cleanroom_20260729T230547Z,824002,670623,2026-07-29 23:05:54+00:00,LINEUP_AFTER_GOVERNING_CAPTURE,2026-07-29T23:06:32.791284+00:00,0849425c-1587-4426-afce-e05e5ed7de6f,False
2026-07-29,IMMUTABLE_SNAPSHOT,cleanroom_20260729T230547Z,824002,673237,2026-07-29 23:05:54+00:00,LINEUP_AFTER_GOVERNING_CAPTURE,2026-07-29T23:06:32.791284+00:00,0849425c-1587-4426-afce-e05e5ed7de6f,False
2026-07-29,IMMUTABLE_SNAPSHOT,cleanroom_20260729T230547Z,824002,687093,2026-07-29 23:05:54+00:00,LINEUP_AFTER_GOVERNING_CAPTURE,2026-07-29T23:06:32.791284+00:00,0849425c-1587-4426-afce-e05e5ed7de6f,False
2026-07-29,IMMUTABLE_SNAPSHOT,cleanroom_20260729T230547Z,824002,687263,2026-07-29 23:05:54+00:00,LINEUP_AFTER_GOVERNING_CAPTURE,2026-07-29T23:06:32.791284+00:00,0849425c-1587-4426-afce-e05e5ed7de6f,False
2026-07-29,IMMUTABLE_SNAPSHOT,cleanroom_20260729T230547Z,824002,694203,2026-07-29 23:05:54+00:00,LINEUP_AFTER_GOVERNING_CAPTURE,2026-07-29T23:06:32.791284+00:00,0849425c-1587-4426-afce-e05e5ed7de6f,False
2026-07-29,IMMUTABLE_SNAPSHOT,cleanroom_20260729T230547Z,824002,694384,2026-07-29 23:05:54+00:00,LINEUP_AFTER_GOVERNING_CAPTURE,2026-07-29T23:06:32.791284+00:00,0849425c-1587-4426-afce-e05e5ed7de6f,False
2026-07-29,IMMUTABLE_SNAPSHOT,cleanroom_20260729T230547Z,824002,701358,2026-07-29 23:05:54+00:00,LINEUP_AFTER_GOVERNING_CAPTURE,2026-07-29T23:06:32.791284+00:00,0849425c-1587-4426-afce-e05e5ed7de6f,False
2026-07-29,IMMUTABLE_SNAPSHOT,cleanroom_20260729T230547Z,824002,828599,2026-07-29 23:05:54+00:00,LINEUP_AFTER_GOVERNING_CAPTURE,2026-07-29T23:06:32.791284+00:00,0849425c-1587-4426-afce-e05e5ed7de6f,False
2026-07-29,IMMUTABLE_SNAPSHOT,cleanroom_20260729T230547Z,824487,553993,2026-07-29 23:05:41+00:00,LINEUP_AFTER_GOVERNING_CAPTURE,2026-07-29T23:06:32.802593+00:00,0849425c-1587-4426-afce-e05e5ed7de6f,False
2026-07-29,IMMUTABLE_SNAPSHOT,cleanroom_20260729T230547Z,824487,608070,2026-07-29 23:05:41+00:00,LINEUP_AFTER_GOVERNING_CAPTURE,2026-07-29T23:06:32.802593+00:00,0849425c-1587-4426-afce-e05e5ed7de6f,False
2026-07-29,IMMUTABLE_SNAPSHOT,cleanroom_20260729T230547Z,824487,672275,2026-07-29 23:05:41+00:00,LINEUP_AFTER_GOVERNING_CAPTURE,2026-07-29T23:06:32.802593+00:00,0849425c-1587-4426-afce-e05e5ed7de6f,False
2026-07-29,IMMUTABLE_SNAPSHOT,cleanroom_20260729T230547Z,824487,672356,2026-07-29 23:05:41+00:00,LINEUP_AFTER_GOVERNING_CAPTURE,2026-07-29T23:06:32.802593+00:00,0849425c-1587-4426-afce-e05e5ed7de6f,False
2026-07-29,IMMUTABLE_SNAPSHOT,cleanroom_20260729T230547Z,824487,677587,2026-07-29 23:05:41+00:00,LINEUP_AFTER_GOVERNING_CAPTURE,2026-07-29T23:06:32.802593+00:00,0849425c-1587-4426-afce-e05e5ed7de6f,False
2026-07-29,IMMUTABLE_SNAPSHOT,cleanroom_20260729T230547Z,824487,680757,2026-07-29 23:05:41+00:00,LINEUP_AFTER_GOVERNING_CAPTURE,2026-07-29T23:06:32.802593+00:00,0849425c-1587-4426-afce-e05e5ed7de6f,False
2026-07-29,IMMUTABLE_SNAPSHOT,cleanroom_20260729T230547Z,824487,682657,2026-07-29 23:05:41+00:00,ORDER_NOT_CONFIRMED,,,False
2026-07-29,IMMUTABLE_SNAPSHOT,cleanroom_20260729T230547Z,824487,682829,2026-07-29 23:05:41+00:00,LINEUP_AFTER_GOVERNING_CAPTURE,2026-07-29T23:06:32.802593+00:00,0849425c-1587-4426-afce-e05e5ed7de6f,False
2026-07-29,IMMUTABLE_SNAPSHOT,cleanroom_20260729T230547Z,824487,683953,2026-07-29 23:05:41+00:00,LINEUP_AFTER_GOVERNING_CAPTURE,2026-07-29T23:06:32.802593+00:00,0849425c-1587-4426-afce-e05e5ed7de6f,False
2026-07-29,IMMUTABLE_SNAPSHOT,cleanroom_20260729T230547Z,824487,700932,2026-07-29 23:05:41+00:00,LINEUP_AFTER_GOVERNING_CAPTURE,2026-07-29T23:06:32.802593+00:00,0849425c-1587-4426-afce-e05e5ed7de6f,False
2026-07-29,IMMUTABLE_SNAPSHOT,cleanroom_20260729T230547Z,824487,701398,2026-07-29 23:05:41+00:00,LINEUP_AFTER_GOVERNING_CAPTURE,2026-07-29T23:06:32.802593+00:00,0849425c-1587-4426-afce-e05e5ed7de6f,False
2026-07-29,IMMUTABLE_SNAPSHOT,cleanroom_20260729T230547Z,824487,800050,2026-07-29 23:05:41+00:00,LINEUP_AFTER_GOVERNING_CAPTURE,2026-07-29T23:06:32.802593+00:00,0849425c-1587-4426-afce-e05e5ed7de6f,False
2026-07-29,IMMUTABLE_SNAPSHOT,cleanroom_20260729T230547Z,824567,502671,2026-07-29 23:05:40+00:00,LINEUP_AFTER_GOVERNING_CAPTURE,2026-07-29T23:06:32.789474+00:00,0849425c-1587-4426-afce-e05e5ed7de6f,False
2026-07-29,IMMUTABLE_SNAPSHOT,cleanroom_20260729T230547Z,824567,663757,2026-07-29 23:05:40+00:00,LINEUP_AFTER_GOVERNING_CAPTURE,2026-07-29T23:06:32.789474+00:00,0849425c-1587-4426-afce-e05e5ed7de6f,False
2026-07-29,IMMUTABLE_SNAPSHOT,cleanroom_20260729T230547Z,824567,665862,2026-07-29 23:05:40+00:00,LINEUP_AFTER_GOVERNING_CAPTURE,2026-07-29T23:06:32.789474+00:00,0849425c-1587-4426-afce-e05e5ed7de6f,False
2026-07-29,IMMUTABLE_SNAPSHOT,cleanroom_20260729T230547Z,824567,678246,2026-07-29 23:05:40+00:00,LINEUP_AFTER_GOVERNING_CAPTURE,2026-07-29T23:06:32.789474+00:00,0849425c-1587-4426-afce-e05e5ed7de6f,False
2026-07-29,IMMUTABLE_SNAPSHOT,cleanroom_20260729T230547Z,824567,682987,2026-07-29 23:05:40+00:00,LINEUP_AFTER_GOVERNING_CAPTURE,2026-07-29T23:06:32.789474+00:00,0849425c-1587-4426-afce-e05e5ed7de6f,False
2026-07-29,IMMUTABLE_SNAPSHOT,cleanroom_20260729T230547Z,824567,691176,2026-07-29 23:05:40+00:00,LINEUP_AFTER_GOVERNING_CAPTURE,2026-07-29T23:06:32.789474+00:00,0849425c-1587-4426-afce-e05e5ed7de6f,False
2026-07-29,IMMUTABLE_SNAPSHOT,cleanroom_20260729T230547Z,824567,695657,2026-07-29 23:05:40+00:00,LINEUP_AFTER_GOVERNING_CAPTURE,2026-07-29T23:06:32.789474+00:00,0849425c-1587-4426-afce-e05e5ed7de6f,False
2026-07-29,IMMUTABLE_SNAPSHOT,cleanroom_20260729T230547Z,824567,700250,2026-07-29 23:05:40+00:00,LINEUP_AFTER_GOVERNING_CAPTURE,2026-07-29T23:06:32.789474+00:00,0849425c-1587-4426-afce-e05e5ed7de6f,False
2026-07-29,IMMUTABLE_SNAPSHOT,cleanroom_20260729T230547Z,824567,803011,2026-07-29 23:05:40+00:00,LINEUP_AFTER_GOVERNING_CAPTURE,2026-07-29T23:06:32.789474+00:00,0849425c-1587-4426-afce-e05e5ed7de6f,False
2026-07-29,IMMUTABLE_SNAPSHOT,cleanroom_20260729T230547Z,824567,808959,2026-07-29 23:05:40+00:00,LINEUP_AFTER_GOVERNING_CAPTURE,2026-07-29T23:06:32.789474+00:00,0849425c-1587-4426-afce-e05e5ed7de6f,False
2026-07-29,IMMUTABLE_SNAPSHOT,cleanroom_20260729T230547Z,824973,575929,2026-07-29 23:06:28+00:00,LINEUP_AFTER_GOVERNING_CAPTURE,2026-07-29T23:06:32.794993+00:00,0849425c-1587-4426-afce-e05e5ed7de6f,False
2026-07-29,IMMUTABLE_SNAPSHOT,cleanroom_20260729T230547Z,824973,641680,2026-07-29 23:06:28+00:00,LINEUP_AFTER_GOVERNING_CAPTURE,2026-07-29T23:06:32.794993+00:00,0849425c-1587-4426-afce-e05e5ed7de6f,False
2026-07-29,IMMUTABLE_SNAPSHOT,cleanroom_20260729T230547Z,824973,643446,2026-07-29 23:06:28+00:00,ORDER_NOT_CONFIRMED,,,False
2026-07-29,IMMUTABLE_SNAPSHOT,cleanroom_20260729T230547Z,824973,655316,2026-07-29 23:06:28+00:00,LINEUP_AFTER_GOVERNING_CAPTURE,2026-07-29T23:06:32.794993+00:00,0849425c-1587-4426-afce-e05e5ed7de6f,False
2026-07-29,IMMUTABLE_SNAPSHOT,cleanroom_20260729T230547Z,824973,657136,2026-07-29 23:06:28+00:00,LINEUP_AFTER_GOVERNING_CAPTURE,2026-07-29T23:06:32.794993+00:00,0849425c-1587-4426-afce-e05e5ed7de6f,False
2026-07-29,IMMUTABLE_SNAPSHOT,cleanroom_20260729T230547Z,824973,663853,2026-07-29 23:06:28+00:00,LINEUP_AFTER_GOVERNING_CAPTURE,2026-07-29T23:06:32.794993+00:00,0849425c-1587-4426-afce-e05e5ed7de6f,False
2026-07-29,IMMUTABLE_SNAPSHOT,cleanroom_20260729T230547Z,824973,665966,2026-07-29 23:06:28+00:00,ORDER_NOT_CONFIRMED,,,False
2026-07-29,IMMUTABLE_SNAPSHOT,cleanroom_20260729T230547Z,824973,677800,2026-07-29 23:06:28+00:00,LINEUP_AFTER_GOVERNING_CAPTURE,2026-07-29T23:06:32.794993+00:00,0849425c-1587-4426-afce-e05e5ed7de6f,False
2026-07-29,IMMUTABLE_SNAPSHOT,cleanroom_20260729T230547Z,824973,678882,2026-07-29 23:06:28+00:00,LINEUP_AFTER_GOVERNING_CAPTURE,2026-07-29T23:06:32.794993+00:00,0849425c-1587-4426-afce-e05e5ed7de6f,False
2026-07-29,IMMUTABLE_SNAPSHOT,cleanroom_20260729T230547Z,824973,680776,2026-07-29 23:06:28+00:00,ORDER_NOT_CONFIRMED,,,False
2026-07-29,IMMUTABLE_SNAPSHOT,cleanroom_20260729T230547Z,824973,686765,2026-07-29 23:06:28+00:00,LINEUP_AFTER_GOVERNING_CAPTURE,2026-07-29T23:06:32.794993+00:00,0849425c-1587-4426-afce-e05e5ed7de6f,False
2026-07-29,IMMUTABLE_SNAPSHOT,cleanroom_20260729T230547Z,824973,687515,2026-07-29 23:06:28+00:00,LINEUP_AFTER_GOVERNING_CAPTURE,2026-07-29T23:06:32.794993+00:00,0849425c-1587-4426-afce-e05e5ed7de6f,False
2026-07-29,IMMUTABLE_SNAPSHOT,cleanroom_20260729T230547Z,824973,691016,2026-07-29 23:06:28+00:00,LINEUP_AFTER_GOVERNING_CAPTURE,2026-07-29T23:06:32.794993+00:00,0849425c-1587-4426-afce-e05e5ed7de6f,False
2026-07-29,IMMUTABLE_SNAPSHOT,cleanroom_20260729T230547Z,824973,695720,2026-07-29 23:06:28+00:00,LINEUP_AFTER_GOVERNING_CAPTURE,2026-07-29T23:06:32.794993+00:00,0849425c-1587-4426-afce-e05e5ed7de6f,False
2026-07-29,IMMUTABLE_SNAPSHOT,cleanroom_20260729T230547Z,824973,701762,2026-07-29 23:06:28+00:00,LINEUP_AFTER_GOVERNING_CAPTURE,2026-07-29T23:06:32.794993+00:00,0849425c-1587-4426-afce-e05e5ed7de6f,False
2026-07-29,IMMUTABLE_SNAPSHOT,cleanroom_20260729T230547Z,824973,702332,2026-07-29 23:06:28+00:00,LINEUP_AFTER_GOVERNING_CAPTURE,2026-07-29T23:06:32.794993+00:00,0849425c-1587-4426-afce-e05e5ed7de6f,False
2026-07-29,IMMUTABLE_SNAPSHOT,cleanroom_20260729T230547Z,824973,703607,2026-07-29 23:06:28+00:00,LINEUP_AFTER_GOVERNING_CAPTURE,2026-07-29T23:06:32.794993+00:00,0849425c-1587-4426-afce-e05e5ed7de6f,False
2026-07-29,IMMUTABLE_SNAPSHOT,cleanroom_20260729T230547Z,824973,805779,2026-07-29 23:06:28+00:00,LINEUP_AFTER_GOVERNING_CAPTURE,2026-07-29T23:06:32.794993+00:00,0849425c-1587-4426-afce-e05e5ed7de6f,False
2026-07-29,IMMUTABLE_SNAPSHOT,cleanroom_20260729T233728Z,823022,608324,2026-07-29 23:37:30+00:00,LINEUP_AFTER_GOVERNING_CAPTURE,2026-07-29T23:38:11.190897+00:00,05825407-7ca5-4418-9a38-f2ec4286e7d0,False
2026-07-29,IMMUTABLE_SNAPSHOT,cleanroom_20260729T233728Z,823022,608348,2026-07-29 23:37:30+00:00,ORDER_NOT_CONFIRMED,,,False
2026-07-29,IMMUTABLE_SNAPSHOT,cleanroom_20260729T233728Z,823022,621020,2026-07-29 23:37:30+00:00,LINEUP_AFTER_GOVERNING_CAPTURE,2026-07-29T23:38:11.190897+00:00,05825407-7ca5-4418-9a38-f2ec4286e7d0,False
2026-07-29,IMMUTABLE_SNAPSHOT,cleanroom_20260729T233728Z,823022,664023,2026-07-29 23:37:30+00:00,LINEUP_AFTER_GOVERNING_CAPTURE,2026-07-29T23:38:11.190897+00:00,05825407-7ca5-4418-9a38-f2ec4286e7d0,False
2026-07-29,IMMUTABLE_SNAPSHOT,cleanroom_20260729T233728Z,823022,671056,2026-07-29 23:37:30+00:00,LINEUP_AFTER_GOVERNING_CAPTURE,2026-07-29T23:38:11.190897+00:00,05825407-7ca5-4418-9a38-f2ec4286e7d0,False
2026-07-29,IMMUTABLE_SNAPSHOT,cleanroom_20260729T233728Z,823022,673548,2026-07-29 23:37:30+00:00,LINEUP_AFTER_GOVERNING_CAPTURE,2026-07-29T23:38:11.190897+00:00,05825407-7ca5-4418-9a38-f2ec4286e7d0,False
2026-07-29,IMMUTABLE_SNAPSHOT,cleanroom_20260729T233728Z,823022,676475,2026-07-29 23:37:30+00:00,LINEUP_AFTER_GOVERNING_CAPTURE,2026-07-29T23:38:11.190897+00:00,05825407-7ca5-4418-9a38-f2ec4286e7d0,False
2026-07-29,IMMUTABLE_SNAPSHOT,cleanroom_20260729T233728Z,823022,683737,2026-07-29 23:37:30+00:00,LINEUP_AFTER_GOVERNING_CAPTURE,2026-07-29T23:38:11.190897+00:00,05825407-7ca5-4418-9a38-f2ec4286e7d0,False
2026-07-29,IMMUTABLE_SNAPSHOT,cleanroom_20260729T233728Z,823022,691023,2026-07-29 23:37:30+00:00,LINEUP_AFTER_GOVERNING_CAPTURE,2026-07-29T23:38:11.190897+00:00,05825407-7ca5-4418-9a38-f2ec4286e7d0,False
2026-07-29,IMMUTABLE_SNAPSHOT,cleanroom_20260729T233728Z,823022,691026,2026-07-29 23:37:30+00:00,LINEUP_AFTER_GOVERNING_CAPTURE,2026-07-29T23:38:11.190897+00:00,05825407-7ca5-4418-9a38-f2ec4286e7d0,False
2026-07-29,IMMUTABLE_SNAPSHOT,cleanroom_20260729T233728Z,823022,691458,2026-07-29 23:37:30+00:00,LINEUP_AFTER_GOVERNING_CAPTURE,2026-07-29T23:38:11.190897+00:00,05825407-7ca5-4418-9a38-f2ec4286e7d0,False
2026-07-29,IMMUTABLE_SNAPSHOT,cleanroom_20260729T233728Z,823022,691718,2026-07-29 23:37:30+00:00,LINEUP_AFTER_GOVERNING_CAPTURE,2026-07-29T23:38:11.190897+00:00,05825407-7ca5-4418-9a38-f2ec4286e7d0,False
2026-07-29,IMMUTABLE_SNAPSHOT,cleanroom_20260729T233728Z,823022,699393,2026-07-29 23:37:30+00:00,LINEUP_AFTER_GOVERNING_CAPTURE,2026-07-29T23:38:11.190897+00:00,05825407-7ca5-4418-9a38-f2ec4286e7d0,False
2026-07-29,IMMUTABLE_SNAPSHOT,cleanroom_20260729T233728Z,823022,802139,2026-07-29 23:37:30+00:00,LINEUP_AFTER_GOVERNING_CAPTURE,2026-07-29T23:38:11.190897+00:00,05825407-7ca5-4418-9a38-f2ec4286e7d0,False
2026-07-29,IMMUTABLE_SNAPSHOT,cleanroom_20260729T233728Z,823677,521692,2026-07-29 23:37:09+00:00,LINEUP_AFTER_GOVERNING_CAPTURE,2026-07-29T23:38:11.185022+00:00,05825407-7ca5-4418-9a38-f2ec4286e7d0,False
2026-07-29,IMMUTABLE_SNAPSHOT,cleanroom_20260729T233728Z,823677,605137,2026-07-29 23:37:09+00:00,LINEUP_AFTER_GOVERNING_CAPTURE,2026-07-29T23:38:11.185022+00:00,05825407-7ca5-4418-9a38-f2ec4286e7d0,False
2026-07-29,IMMUTABLE_SNAPSHOT,cleanroom_20260729T233728Z,823677,605170,2026-07-29 23:37:09+00:00,LINEUP_AFTER_GOVERNING_CAPTURE,2026-07-29T23:38:11.185022+00:00,05825407-7ca5-4418-9a38-f2ec4286e7d0,False
2026-07-29,IMMUTABLE_SNAPSHOT,cleanroom_20260729T233728Z,823677,657041,2026-07-29 23:37:09+00:00,LINEUP_AFTER_GOVERNING_CAPTURE,2026-07-29T23:38:11.185022+00:00,05825407-7ca5-4418-9a38-f2ec4286e7d0,False
2026-07-29,IMMUTABLE_SNAPSHOT,cleanroom_20260729T233728Z,823677,663616,2026-07-29 23:37:09+00:00,LINEUP_AFTER_GOVERNING_CAPTURE,2026-07-29T23:38:11.185022+00:00,05825407-7ca5-4418-9a38-f2ec4286e7d0,False
2026-07-29,IMMUTABLE_SNAPSHOT,cleanroom_20260729T233728Z,823677,665019,2026-07-29 23:37:09+00:00,LINEUP_AFTER_GOVERNING_CAPTURE,2026-07-29T23:38:11.185022+00:00,05825407-7ca5-4418-9a38-f2ec4286e7d0,False
2026-07-29,IMMUTABLE_SNAPSHOT,cleanroom_20260729T233728Z,823677,668904,2026-07-29 23:37:09+00:00,LINEUP_AFTER_GOVERNING_CAPTURE,2026-07-29T23:38:11.185022+00:00,05825407-7ca5-4418-9a38-f2ec4286e7d0,False
2026-07-29,IMMUTABLE_SNAPSHOT,cleanroom_20260729T233728Z,823677,680777,2026-07-29 23:37:09+00:00,ORDER_NOT_CONFIRMED,,,False
2026-07-29,IMMUTABLE_SNAPSHOT,cleanroom_20260729T233728Z,823677,686681,2026-07-29 23:37:09+00:00,LINEUP_AFTER_GOVERNING_CAPTURE,2026-07-29T23:38:11.185022+00:00,05825407-7ca5-4418-9a38-f2ec4286e7d0,False
2026-07-29,IMMUTABLE_SNAPSHOT,cleanroom_20260729T233728Z,823677,686797,2026-07-29 23:37:09+00:00,LINEUP_AFTER_GOVERNING_CAPTURE,2026-07-29T23:38:11.185022+00:00,05825407-7ca5-4418-9a38-f2ec4286e7d0,False
2026-07-29,IMMUTABLE_SNAPSHOT,cleanroom_20260729T233728Z,823677,695506,2026-07-29 23:37:09+00:00,LINEUP_AFTER_GOVERNING_CAPTURE,2026-07-29T23:38:11.185022+00:00,05825407-7ca5-4418-9a38-f2ec4286e7d0,False
2026-07-29,IMMUTABLE_SNAPSHOT,cleanroom_20260729T233728Z,823677,695600,2026-07-29 23:37:09+00:00,LINEUP_AFTER_GOVERNING_CAPTURE,2026-07-29T23:38:11.185022+00:00,05825407-7ca5-4418-9a38-f2ec4286e7d0,False
2026-07-29,IMMUTABLE_SNAPSHOT,cleanroom_20260729T233728Z,823677,702176,2026-07-29 23:37:09+00:00,LINEUP_AFTER_GOVERNING_CAPTURE,2026-07-29T23:38:11.185022+00:00,05825407-7ca5-4418-9a38-f2ec4286e7d0,False
2026-07-29,IMMUTABLE_SNAPSHOT,cleanroom_20260729T233728Z,823677,807712,2026-07-29 23:37:09+00:00,LINEUP_AFTER_GOVERNING_CAPTURE,2026-07-29T23:38:11.185022+00:00,05825407-7ca5-4418-9a38-f2ec4286e7d0,False
2026-07-29,IMMUTABLE_SNAPSHOT,cleanroom_20260729T233728Z,823924,518692,2026-07-29 23:36:55+00:00,LINEUP_AFTER_GOVERNING_CAPTURE,2026-07-29T23:38:11.188545+00:00,05825407-7ca5-4418-9a38-f2ec4286e7d0,False
2026-07-29,IMMUTABLE_SNAPSHOT,cleanroom_20260729T233728Z,823924,571970,2026-07-29 23:36:55+00:00,LINEUP_AFTER_GOVERNING_CAPTURE,2026-07-29T23:38:11.188545+00:00,05825407-7ca5-4418-9a38-f2ec4286e7d0,False
2026-07-29,IMMUTABLE_SNAPSHOT,cleanroom_20260729T233728Z,823924,605141,2026-07-29 23:36:55+00:00,LINEUP_AFTER_GOVERNING_CAPTURE,2026-07-29T23:38:11.188545+00:00,05825407-7ca5-4418-9a38-f2ec4286e7d0,False
2026-07-29,IMMUTABLE_SNAPSHOT,cleanroom_20260729T233728Z,823924,606192,2026-07-29 23:36:55+00:00,LINEUP_AFTER_GOVERNING_CAPTURE,2026-07-29T23:38:11.188545+00:00,05825407-7ca5-4418-9a38-f2ec4286e7d0,False
2026-07-29,IMMUTABLE_SNAPSHOT,cleanroom_20260729T233728Z,823924,608701,2026-07-29 23:36:55+00:00,LINEUP_AFTER_GOVERNING_CAPTURE,2026-07-29T23:38:11.188545+00:00,05825407-7ca5-4418-9a38-f2ec4286e7d0,False
2026-07-29,IMMUTABLE_SNAPSHOT,cleanroom_20260729T233728Z,823924,647304,2026-07-29 23:36:55+00:00,LINEUP_AFTER_GOVERNING_CAPTURE,2026-07-29T23:38:11.188545+00:00,05825407-7ca5-4418-9a38-f2ec4286e7d0,False
2026-07-29,IMMUTABLE_SNAPSHOT,cleanroom_20260729T233728Z,823924,660271,2026-07-29 23:36:55+00:00,LINEUP_AFTER_GOVERNING_CAPTURE,2026-07-29T23:38:11.188545+00:00,05825407-7ca5-4418-9a38-f2ec4286e7d0,False
2026-07-29,IMMUTABLE_SNAPSHOT,cleanroom_20260729T233728Z,823924,663656,2026-07-29 23:36:55+00:00,LINEUP_AFTER_GOVERNING_CAPTURE,2026-07-29T23:38:11.188545+00:00,05825407-7ca5-4418-9a38-f2ec4286e7d0,False
2026-07-29,IMMUTABLE_SNAPSHOT,cleanroom_20260729T233728Z,823924,663728,2026-07-29 23:36:55+00:00,LINEUP_AFTER_GOVERNING_CAPTURE,2026-07-29T23:38:11.188545+00:00,05825407-7ca5-4418-9a38-f2ec4286e7d0,False
2026-07-29,IMMUTABLE_SNAPSHOT,cleanroom_20260729T233728Z,823924,668227,2026-07-29 23:36:55+00:00,LINEUP_AFTER_GOVERNING_CAPTURE,2026-07-29T23:38:11.188545+00:00,05825407-7ca5-4418-9a38-f2ec4286e7d0,False
2026-07-29,IMMUTABLE_SNAPSHOT,cleanroom_20260729T233728Z,823924,669242,2026-07-29 23:36:55+00:00,LINEUP_AFTER_GOVERNING_CAPTURE,2026-07-29T23:38:11.188545+00:00,05825407-7ca5-4418-9a38-f2ec4286e7d0,False
2026-07-29,IMMUTABLE_SNAPSHOT,cleanroom_20260729T233728Z,823924,670042,2026-07-29 23:36:55+00:00,ORDER_NOT_CONFIRMED,,,False
2026-07-29,IMMUTABLE_SNAPSHOT,cleanroom_20260729T233728Z,823924,677594,2026-07-29 23:36:55+00:00,LINEUP_AFTER_GOVERNING_CAPTURE,2026-07-29T23:38:11.188545+00:00,05825407-7ca5-4418-9a38-f2ec4286e7d0,False
2026-07-29,IMMUTABLE_SNAPSHOT,cleanroom_20260729T233728Z,823924,681624,2026-07-29 23:36:55+00:00,LINEUP_AFTER_GOVERNING_CAPTURE,2026-07-29T23:38:11.188545+00:00,05825407-7ca5-4418-9a38-f2ec4286e7d0,False
2026-07-29,IMMUTABLE_SNAPSHOT,cleanroom_20260729T233728Z,823924,686527,2026-07-29 23:36:55+00:00,LINEUP_AFTER_GOVERNING_CAPTURE,2026-07-29T23:38:11.188545+00:00,05825407-7ca5-4418-9a38-f2ec4286e7d0,False
2026-07-29,IMMUTABLE_SNAPSHOT,cleanroom_20260729T233728Z,823924,687221,2026-07-29 23:36:55+00:00,LINEUP_AFTER_GOVERNING_CAPTURE,2026-07-29T23:38:11.188545+00:00,05825407-7ca5-4418-9a38-f2ec4286e7d0,False
2026-07-29,IMMUTABLE_SNAPSHOT,cleanroom_20260729T233728Z,823924,702284,2026-07-29 23:36:55+00:00,LINEUP_AFTER_GOVERNING_CAPTURE,2026-07-29T23:38:11.188545+00:00,05825407-7ca5-4418-9a38-f2ec4286e7d0,False
2026-07-29,IMMUTABLE_SNAPSHOT,cleanroom_20260729T233728Z,824002,514888,2026-07-29 23:37:32+00:00,LINEUP_AFTER_GOVERNING_CAPTURE,2026-07-29T23:38:11.183304+00:00,05825407-7ca5-4418-9a38-f2ec4286e7d0,False
2026-07-29,IMMUTABLE_SNAPSHOT,cleanroom_20260729T233728Z,824002,545361,2026-07-29 23:37:32+00:00,LINEUP_AFTER_GOVERNING_CAPTURE,2026-07-29T23:38:11.183304+00:00,05825407-7ca5-4418-9a38-f2ec4286e7d0,False
2026-07-29,IMMUTABLE_SNAPSHOT,cleanroom_20260729T233728Z,824002,572233,2026-07-29 23:37:32+00:00,LINEUP_AFTER_GOVERNING_CAPTURE,2026-07-29T23:38:11.183304+00:00,05825407-7ca5-4418-9a38-f2ec4286e7d0,False
2026-07-29,IMMUTABLE_SNAPSHOT,cleanroom_20260729T233728Z,824002,665161,2026-07-29 23:37:32+00:00,LINEUP_AFTER_GOVERNING_CAPTURE,2026-07-29T23:38:11.183304+00:00,05825407-7ca5-4418-9a38-f2ec4286e7d0,False
2026-07-29,IMMUTABLE_SNAPSHOT,cleanroom_20260729T233728Z,824002,666176,2026-07-29 23:37:32+00:00,LINEUP_AFTER_GOVERNING_CAPTURE,2026-07-29T23:38:11.183304+00:00,05825407-7ca5-4418-9a38-f2ec4286e7d0,False
2026-07-29,IMMUTABLE_SNAPSHOT,cleanroom_20260729T233728Z,824002,666211,2026-07-29 23:37:32+00:00,LINEUP_AFTER_GOVERNING_CAPTURE,2026-07-29T23:38:11.183304+00:00,05825407-7ca5-4418-9a38-f2ec4286e7d0,False
2026-07-29,IMMUTABLE_SNAPSHOT,cleanroom_20260729T233728Z,824002,670541,2026-07-29 23:37:32+00:00,LINEUP_AFTER_GOVERNING_CAPTURE,2026-07-29T23:38:11.183304+00:00,05825407-7ca5-4418-9a38-f2ec4286e7d0,False
2026-07-29,IMMUTABLE_SNAPSHOT,cleanroom_20260729T233728Z,824002,670623,2026-07-29 23:37:32+00:00,LINEUP_AFTER_GOVERNING_CAPTURE,2026-07-29T23:38:11.183304+00:00,05825407-7ca5-4418-9a38-f2ec4286e7d0,False
2026-07-29,IMMUTABLE_SNAPSHOT,cleanroom_20260729T233728Z,824002,673237,2026-07-29 23:37:32+00:00,LINEUP_AFTER_GOVERNING_CAPTURE,2026-07-29T23:38:11.183304+00:00,05825407-7ca5-4418-9a38-f2ec4286e7d0,False
2026-07-29,IMMUTABLE_SNAPSHOT,cleanroom_20260729T233728Z,824002,687093,2026-07-29 23:37:32+00:00,LINEUP_AFTER_GOVERNING_CAPTURE,2026-07-29T23:38:11.183304+00:00,05825407-7ca5-4418-9a38-f2ec4286e7d0,False
2026-07-29,IMMUTABLE_SNAPSHOT,cleanroom_20260729T233728Z,824002,687263,2026-07-29 23:37:32+00:00,LINEUP_AFTER_GOVERNING_CAPTURE,2026-07-29T23:38:11.183304+00:00,05825407-7ca5-4418-9a38-f2ec4286e7d0,False
2026-07-29,IMMUTABLE_SNAPSHOT,cleanroom_20260729T233728Z,824002,694203,2026-07-29 23:37:32+00:00,LINEUP_AFTER_GOVERNING_CAPTURE,2026-07-29T23:38:11.183304+00:00,05825407-7ca5-4418-9a38-f2ec4286e7d0,False
2026-07-29,IMMUTABLE_SNAPSHOT,cleanroom_20260729T233728Z,824002,694384,2026-07-29 23:37:32+00:00,LINEUP_AFTER_GOVERNING_CAPTURE,2026-07-29T23:38:11.183304+00:00,05825407-7ca5-4418-9a38-f2ec4286e7d0,False
2026-07-29,IMMUTABLE_SNAPSHOT,cleanroom_20260729T233728Z,824002,701358,2026-07-29 23:37:32+00:00,LINEUP_AFTER_GOVERNING_CAPTURE,2026-07-29T23:38:11.183304+00:00,05825407-7ca5-4418-9a38-f2ec4286e7d0,False
2026-07-29,IMMUTABLE_SNAPSHOT,cleanroom_20260729T233728Z,824002,828599,2026-07-29 23:37:32+00:00,LINEUP_AFTER_GOVERNING_CAPTURE,2026-07-29T23:38:11.183304+00:00,05825407-7ca5-4418-9a38-f2ec4286e7d0,False
2026-07-29,IMMUTABLE_SNAPSHOT,cleanroom_20260729T233728Z,824567,502671,2026-07-29 23:37:41+00:00,LINEUP_AFTER_GOVERNING_CAPTURE,2026-07-29T23:38:11.181415+00:00,05825407-7ca5-4418-9a38-f2ec4286e7d0,False
2026-07-29,IMMUTABLE_SNAPSHOT,cleanroom_20260729T233728Z,824567,663757,2026-07-29 23:37:41+00:00,LINEUP_AFTER_GOVERNING_CAPTURE,2026-07-29T23:38:11.181415+00:00,05825407-7ca5-4418-9a38-f2ec4286e7d0,False
2026-07-29,IMMUTABLE_SNAPSHOT,cleanroom_20260729T233728Z,824567,665862,2026-07-29 23:37:41+00:00,LINEUP_AFTER_GOVERNING_CAPTURE,2026-07-29T23:38:11.181415+00:00,05825407-7ca5-4418-9a38-f2ec4286e7d0,False
2026-07-29,IMMUTABLE_SNAPSHOT,cleanroom_20260729T233728Z,824567,678246,2026-07-29 23:37:41+00:00,LINEUP_AFTER_GOVERNING_CAPTURE,2026-07-29T23:38:11.181415+00:00,05825407-7ca5-4418-9a38-f2ec4286e7d0,False
2026-07-29,IMMUTABLE_SNAPSHOT,cleanroom_20260729T233728Z,824567,682987,2026-07-29 23:37:41+00:00,LINEUP_AFTER_GOVERNING_CAPTURE,2026-07-29T23:38:11.181415+00:00,05825407-7ca5-4418-9a38-f2ec4286e7d0,False
2026-07-29,IMMUTABLE_SNAPSHOT,cleanroom_20260729T233728Z,824567,691176,2026-07-29 23:37:41+00:00,LINEUP_AFTER_GOVERNING_CAPTURE,2026-07-29T23:38:11.181415+00:00,05825407-7ca5-4418-9a38-f2ec4286e7d0,False
2026-07-29,IMMUTABLE_SNAPSHOT,cleanroom_20260729T233728Z,824567,695657,2026-07-29 23:37:41+00:00,LINEUP_AFTER_GOVERNING_CAPTURE,2026-07-29T23:38:11.181415+00:00,05825407-7ca5-4418-9a38-f2ec4286e7d0,False
2026-07-29,IMMUTABLE_SNAPSHOT,cleanroom_20260729T233728Z,824567,700250,2026-07-29 23:37:41+00:00,LINEUP_AFTER_GOVERNING_CAPTURE,2026-07-29T23:38:11.181415+00:00,05825407-7ca5-4418-9a38-f2ec4286e7d0,False
2026-07-29,IMMUTABLE_SNAPSHOT,cleanroom_20260729T233728Z,824567,803011,2026-07-29 23:37:41+00:00,LINEUP_AFTER_GOVERNING_CAPTURE,2026-07-29T23:38:11.181415+00:00,05825407-7ca5-4418-9a38-f2ec4286e7d0,False
2026-07-29,IMMUTABLE_SNAPSHOT,cleanroom_20260729T233728Z,824567,808959,2026-07-29 23:37:41+00:00,LINEUP_AFTER_GOVERNING_CAPTURE,2026-07-29T23:38:11.181415+00:00,05825407-7ca5-4418-9a38-f2ec4286e7d0,False
2026-07-29,IMMUTABLE_SNAPSHOT,cleanroom_20260729T233728Z,824973,575929,2026-07-29 23:38:06+00:00,LINEUP_AFTER_GOVERNING_CAPTURE,2026-07-29T23:38:11.186803+00:00,05825407-7ca5-4418-9a38-f2ec4286e7d0,False
2026-07-29,IMMUTABLE_SNAPSHOT,cleanroom_20260729T233728Z,824973,641680,2026-07-29 23:38:06+00:00,LINEUP_AFTER_GOVERNING_CAPTURE,2026-07-29T23:38:11.186803+00:00,05825407-7ca5-4418-9a38-f2ec4286e7d0,False
2026-07-29,IMMUTABLE_SNAPSHOT,cleanroom_20260729T233728Z,824973,643446,2026-07-29 23:38:06+00:00,ORDER_NOT_CONFIRMED,,,False
2026-07-29,IMMUTABLE_SNAPSHOT,cleanroom_20260729T233728Z,824973,655316,2026-07-29 23:38:06+00:00,LINEUP_AFTER_GOVERNING_CAPTURE,2026-07-29T23:38:11.186803+00:00,05825407-7ca5-4418-9a38-f2ec4286e7d0,False
2026-07-29,IMMUTABLE_SNAPSHOT,cleanroom_20260729T233728Z,824973,657136,2026-07-29 23:38:06+00:00,LINEUP_AFTER_GOVERNING_CAPTURE,2026-07-29T23:38:11.186803+00:00,05825407-7ca5-4418-9a38-f2ec4286e7d0,False
2026-07-29,IMMUTABLE_SNAPSHOT,cleanroom_20260729T233728Z,824973,663853,2026-07-29 23:38:06+00:00,LINEUP_AFTER_GOVERNING_CAPTURE,2026-07-29T23:38:11.186803+00:00,05825407-7ca5-4418-9a38-f2ec4286e7d0,False
2026-07-29,IMMUTABLE_SNAPSHOT,cleanroom_20260729T233728Z,824973,665966,2026-07-29 23:38:06+00:00,ORDER_NOT_CONFIRMED,,,False
2026-07-29,IMMUTABLE_SNAPSHOT,cleanroom_20260729T233728Z,824973,677800,2026-07-29 23:38:06+00:00,LINEUP_AFTER_GOVERNING_CAPTURE,2026-07-29T23:38:11.186803+00:00,05825407-7ca5-4418-9a38-f2ec4286e7d0,False
2026-07-29,IMMUTABLE_SNAPSHOT,cleanroom_20260729T233728Z,824973,678882,2026-07-29 23:38:06+00:00,LINEUP_AFTER_GOVERNING_CAPTURE,2026-07-29T23:38:11.186803+00:00,05825407-7ca5-4418-9a38-f2ec4286e7d0,False
2026-07-29,IMMUTABLE_SNAPSHOT,cleanroom_20260729T233728Z,824973,680776,2026-07-29 23:38:06+00:00,ORDER_NOT_CONFIRMED,,,False
2026-07-29,IMMUTABLE_SNAPSHOT,cleanroom_20260729T233728Z,824973,686765,2026-07-29 23:38:06+00:00,LINEUP_AFTER_GOVERNING_CAPTURE,2026-07-29T23:38:11.186803+00:00,05825407-7ca5-4418-9a38-f2ec4286e7d0,False
2026-07-29,IMMUTABLE_SNAPSHOT,cleanroom_20260729T233728Z,824973,687515,2026-07-29 23:38:06+00:00,LINEUP_AFTER_GOVERNING_CAPTURE,2026-07-29T23:38:11.186803+00:00,05825407-7ca5-4418-9a38-f2ec4286e7d0,False
2026-07-29,IMMUTABLE_SNAPSHOT,cleanroom_20260729T233728Z,824973,691016,2026-07-29 23:38:06+00:00,LINEUP_AFTER_GOVERNING_CAPTURE,2026-07-29T23:38:11.186803+00:00,05825407-7ca5-4418-9a38-f2ec4286e7d0,False
2026-07-29,IMMUTABLE_SNAPSHOT,cleanroom_20260729T233728Z,824973,695720,2026-07-29 23:38:06+00:00,LINEUP_AFTER_GOVERNING_CAPTURE,2026-07-29T23:38:11.186803+00:00,05825407-7ca5-4418-9a38-f2ec4286e7d0,False
2026-07-29,IMMUTABLE_SNAPSHOT,cleanroom_20260729T233728Z,824973,701762,2026-07-29 23:38:06+00:00,LINEUP_AFTER_GOVERNING_CAPTURE,2026-07-29T23:38:11.186803+00:00,05825407-7ca5-4418-9a38-f2ec4286e7d0,False
2026-07-29,IMMUTABLE_SNAPSHOT,cleanroom_20260729T233728Z,824973,702332,2026-07-29 23:38:06+00:00,LINEUP_AFTER_GOVERNING_CAPTURE,2026-07-29T23:38:11.186803+00:00,05825407-7ca5-4418-9a38-f2ec4286e7d0,False
2026-07-29,IMMUTABLE_SNAPSHOT,cleanroom_20260729T233728Z,824973,703607,2026-07-29 23:38:06+00:00,LINEUP_AFTER_GOVERNING_CAPTURE,2026-07-29T23:38:11.186803+00:00,05825407-7ca5-4418-9a38-f2ec4286e7d0,False
2026-07-29,IMMUTABLE_SNAPSHOT,cleanroom_20260729T233728Z,824973,805779,2026-07-29 23:38:06+00:00,LINEUP_AFTER_GOVERNING_CAPTURE,2026-07-29T23:38:11.186803+00:00,05825407-7ca5-4418-9a38-f2ec4286e7d0,False
2026-07-29,IMMUTABLE_SNAPSHOT,cleanroom_20260730T004808Z,823924,518692,2026-07-30 00:49:10+00:00,LINEUP_AFTER_GOVERNING_CAPTURE,2026-07-30T00:49:17.595610+00:00,5ecab76e-29e3-4528-a049-a68a14b81600,False
2026-07-29,IMMUTABLE_SNAPSHOT,cleanroom_20260730T004808Z,823924,571970,2026-07-30 00:49:10+00:00,LINEUP_AFTER_GOVERNING_CAPTURE,2026-07-30T00:49:17.595610+00:00,5ecab76e-29e3-4528-a049-a68a14b81600,False
2026-07-29,IMMUTABLE_SNAPSHOT,cleanroom_20260730T004808Z,823924,605141,2026-07-30 00:49:10+00:00,LINEUP_AFTER_GOVERNING_CAPTURE,2026-07-30T00:49:17.595610+00:00,5ecab76e-29e3-4528-a049-a68a14b81600,False
2026-07-29,IMMUTABLE_SNAPSHOT,cleanroom_20260730T004808Z,823924,606192,2026-07-30 00:49:10+00:00,LINEUP_AFTER_GOVERNING_CAPTURE,2026-07-30T00:49:17.595610+00:00,5ecab76e-29e3-4528-a049-a68a14b81600,False
2026-07-29,IMMUTABLE_SNAPSHOT,cleanroom_20260730T004808Z,823924,608701,2026-07-30 00:49:10+00:00,LINEUP_AFTER_GOVERNING_CAPTURE,2026-07-30T00:49:17.595610+00:00,5ecab76e-29e3-4528-a049-a68a14b81600,False
2026-07-29,IMMUTABLE_SNAPSHOT,cleanroom_20260730T004808Z,823924,647304,2026-07-30 00:49:10+00:00,LINEUP_AFTER_GOVERNING_CAPTURE,2026-07-30T00:49:17.595610+00:00,5ecab76e-29e3-4528-a049-a68a14b81600,False
2026-07-29,IMMUTABLE_SNAPSHOT,cleanroom_20260730T004808Z,823924,660271,2026-07-30 00:49:10+00:00,LINEUP_AFTER_GOVERNING_CAPTURE,2026-07-30T00:49:17.595610+00:00,5ecab76e-29e3-4528-a049-a68a14b81600,False
2026-07-29,IMMUTABLE_SNAPSHOT,cleanroom_20260730T004808Z,823924,663656,2026-07-30 00:49:10+00:00,LINEUP_AFTER_GOVERNING_CAPTURE,2026-07-30T00:49:17.595610+00:00,5ecab76e-29e3-4528-a049-a68a14b81600,False
2026-07-29,IMMUTABLE_SNAPSHOT,cleanroom_20260730T004808Z,823924,663728,2026-07-30 00:49:10+00:00,LINEUP_AFTER_GOVERNING_CAPTURE,2026-07-30T00:49:17.595610+00:00,5ecab76e-29e3-4528-a049-a68a14b81600,False
2026-07-29,IMMUTABLE_SNAPSHOT,cleanroom_20260730T004808Z,823924,668227,2026-07-30 00:49:10+00:00,LINEUP_AFTER_GOVERNING_CAPTURE,2026-07-30T00:49:17.595610+00:00,5ecab76e-29e3-4528-a049-a68a14b81600,False
2026-07-29,IMMUTABLE_SNAPSHOT,cleanroom_20260730T004808Z,823924,669242,2026-07-30 00:49:10+00:00,LINEUP_AFTER_GOVERNING_CAPTURE,2026-07-30T00:49:17.595610+00:00,5ecab76e-29e3-4528-a049-a68a14b81600,False
2026-07-29,IMMUTABLE_SNAPSHOT,cleanroom_20260730T004808Z,823924,670042,2026-07-30 00:49:10+00:00,ORDER_NOT_CONFIRMED,,,False
2026-07-29,IMMUTABLE_SNAPSHOT,cleanroom_20260730T004808Z,823924,677594,2026-07-30 00:49:10+00:00,LINEUP_AFTER_GOVERNING_CAPTURE,2026-07-30T00:49:17.595610+00:00,5ecab76e-29e3-4528-a049-a68a14b81600,False
2026-07-29,IMMUTABLE_SNAPSHOT,cleanroom_20260730T004808Z,823924,681624,2026-07-30 00:49:10+00:00,LINEUP_AFTER_GOVERNING_CAPTURE,2026-07-30T00:49:17.595610+00:00,5ecab76e-29e3-4528-a049-a68a14b81600,False
2026-07-29,IMMUTABLE_SNAPSHOT,cleanroom_20260730T004808Z,823924,686527,2026-07-30 00:49:10+00:00,LINEUP_AFTER_GOVERNING_CAPTURE,2026-07-30T00:49:17.595610+00:00,5ecab76e-29e3-4528-a049-a68a14b81600,False
2026-07-29,IMMUTABLE_SNAPSHOT,cleanroom_20260730T004808Z,823924,687221,2026-07-30 00:49:10+00:00,LINEUP_AFTER_GOVERNING_CAPTURE,2026-07-30T00:49:17.595610+00:00,5ecab76e-29e3-4528-a049-a68a14b81600,False
2026-07-29,IMMUTABLE_SNAPSHOT,cleanroom_20260730T004808Z,823924,702284,2026-07-30 00:49:10+00:00,LINEUP_AFTER_GOVERNING_CAPTURE,2026-07-30T00:49:17.595610+00:00,5ecab76e-29e3-4528-a049-a68a14b81600,False
2026-07-29,IMMUTABLE_SNAPSHOT,cleanroom_20260730T004808Z,824002,514888,2026-07-30 00:47:57+00:00,LINEUP_AFTER_GOVERNING_CAPTURE,2026-07-30T00:49:17.592069+00:00,5ecab76e-29e3-4528-a049-a68a14b81600,False
2026-07-29,IMMUTABLE_SNAPSHOT,cleanroom_20260730T004808Z,824002,545361,2026-07-30 00:47:57+00:00,LINEUP_AFTER_GOVERNING_CAPTURE,2026-07-30T00:49:17.592069+00:00,5ecab76e-29e3-4528-a049-a68a14b81600,False
2026-07-29,IMMUTABLE_SNAPSHOT,cleanroom_20260730T004808Z,824002,572233,2026-07-30 00:47:57+00:00,LINEUP_AFTER_GOVERNING_CAPTURE,2026-07-30T00:49:17.592069+00:00,5ecab76e-29e3-4528-a049-a68a14b81600,False
2026-07-29,IMMUTABLE_SNAPSHOT,cleanroom_20260730T004808Z,824002,665161,2026-07-30 00:47:57+00:00,LINEUP_AFTER_GOVERNING_CAPTURE,2026-07-30T00:49:17.592069+00:00,5ecab76e-29e3-4528-a049-a68a14b81600,False
2026-07-29,IMMUTABLE_SNAPSHOT,cleanroom_20260730T004808Z,824002,666176,2026-07-30 00:47:57+00:00,LINEUP_AFTER_GOVERNING_CAPTURE,2026-07-30T00:49:17.592069+00:00,5ecab76e-29e3-4528-a049-a68a14b81600,False
2026-07-29,IMMUTABLE_SNAPSHOT,cleanroom_20260730T004808Z,824002,666211,2026-07-30 00:47:57+00:00,LINEUP_AFTER_GOVERNING_CAPTURE,2026-07-30T00:49:17.592069+00:00,5ecab76e-29e3-4528-a049-a68a14b81600,False
2026-07-29,IMMUTABLE_SNAPSHOT,cleanroom_20260730T004808Z,824002,670541,2026-07-30 00:47:57+00:00,LINEUP_AFTER_GOVERNING_CAPTURE,2026-07-30T00:49:17.592069+00:00,5ecab76e-29e3-4528-a049-a68a14b81600,False
2026-07-29,IMMUTABLE_SNAPSHOT,cleanroom_20260730T004808Z,824002,670623,2026-07-30 00:47:57+00:00,LINEUP_AFTER_GOVERNING_CAPTURE,2026-07-30T00:49:17.592069+00:00,5ecab76e-29e3-4528-a049-a68a14b81600,False
2026-07-29,IMMUTABLE_SNAPSHOT,cleanroom_20260730T004808Z,824002,673237,2026-07-30 00:47:57+00:00,LINEUP_AFTER_GOVERNING_CAPTURE,2026-07-30T00:49:17.592069+00:00,5ecab76e-29e3-4528-a049-a68a14b81600,False
2026-07-29,IMMUTABLE_SNAPSHOT,cleanroom_20260730T004808Z,824002,687093,2026-07-30 00:47:57+00:00,LINEUP_AFTER_GOVERNING_CAPTURE,2026-07-30T00:49:17.592069+00:00,5ecab76e-29e3-4528-a049-a68a14b81600,False
2026-07-29,IMMUTABLE_SNAPSHOT,cleanroom_20260730T004808Z,824002,687263,2026-07-30 00:47:57+00:00,LINEUP_AFTER_GOVERNING_CAPTURE,2026-07-30T00:49:17.592069+00:00,5ecab76e-29e3-4528-a049-a68a14b81600,False
2026-07-29,IMMUTABLE_SNAPSHOT,cleanroom_20260730T004808Z,824002,694203,2026-07-30 00:47:57+00:00,LINEUP_AFTER_GOVERNING_CAPTURE,2026-07-30T00:49:17.592069+00:00,5ecab76e-29e3-4528-a049-a68a14b81600,False
2026-07-29,IMMUTABLE_SNAPSHOT,cleanroom_20260730T004808Z,824002,694384,2026-07-30 00:47:57+00:00,LINEUP_AFTER_GOVERNING_CAPTURE,2026-07-30T00:49:17.592069+00:00,5ecab76e-29e3-4528-a049-a68a14b81600,False
2026-07-29,IMMUTABLE_SNAPSHOT,cleanroom_20260730T004808Z,824002,701358,2026-07-30 00:47:57+00:00,LINEUP_AFTER_GOVERNING_CAPTURE,2026-07-30T00:49:17.592069+00:00,5ecab76e-29e3-4528-a049-a68a14b81600,False
2026-07-29,IMMUTABLE_SNAPSHOT,cleanroom_20260730T004808Z,824002,828599,2026-07-30 00:47:57+00:00,LINEUP_AFTER_GOVERNING_CAPTURE,2026-07-30T00:49:17.592069+00:00,5ecab76e-29e3-4528-a049-a68a14b81600,False
2026-07-29,IMMUTABLE_SNAPSHOT,cleanroom_20260730T004808Z,824973,575929,2026-07-30 00:48:22+00:00,LINEUP_AFTER_GOVERNING_CAPTURE,2026-07-30T00:49:17.593899+00:00,5ecab76e-29e3-4528-a049-a68a14b81600,False
2026-07-29,IMMUTABLE_SNAPSHOT,cleanroom_20260730T004808Z,824973,641680,2026-07-30 00:48:22+00:00,LINEUP_AFTER_GOVERNING_CAPTURE,2026-07-30T00:49:17.593899+00:00,5ecab76e-29e3-4528-a049-a68a14b81600,False
2026-07-29,IMMUTABLE_SNAPSHOT,cleanroom_20260730T004808Z,824973,643446,2026-07-30 00:48:22+00:00,ORDER_NOT_CONFIRMED,,,False
2026-07-29,IMMUTABLE_SNAPSHOT,cleanroom_20260730T004808Z,824973,655316,2026-07-30 00:48:22+00:00,LINEUP_AFTER_GOVERNING_CAPTURE,2026-07-30T00:49:17.593899+00:00,5ecab76e-29e3-4528-a049-a68a14b81600,False
2026-07-29,IMMUTABLE_SNAPSHOT,cleanroom_20260730T004808Z,824973,657136,2026-07-30 00:48:22+00:00,LINEUP_AFTER_GOVERNING_CAPTURE,2026-07-30T00:49:17.593899+00:00,5ecab76e-29e3-4528-a049-a68a14b81600,False
2026-07-29,IMMUTABLE_SNAPSHOT,cleanroom_20260730T004808Z,824973,663853,2026-07-30 00:48:22+00:00,LINEUP_AFTER_GOVERNING_CAPTURE,2026-07-30T00:49:17.593899+00:00,5ecab76e-29e3-4528-a049-a68a14b81600,False
2026-07-29,IMMUTABLE_SNAPSHOT,cleanroom_20260730T004808Z,824973,665966,2026-07-30 00:48:22+00:00,ORDER_NOT_CONFIRMED,,,False
2026-07-29,IMMUTABLE_SNAPSHOT,cleanroom_20260730T004808Z,824973,677800,2026-07-30 00:48:22+00:00,LINEUP_AFTER_GOVERNING_CAPTURE,2026-07-30T00:49:17.593899+00:00,5ecab76e-29e3-4528-a049-a68a14b81600,False
2026-07-29,IMMUTABLE_SNAPSHOT,cleanroom_20260730T004808Z,824973,678882,2026-07-30 00:48:22+00:00,LINEUP_AFTER_GOVERNING_CAPTURE,2026-07-30T00:49:17.593899+00:00,5ecab76e-29e3-4528-a049-a68a14b81600,False
2026-07-29,IMMUTABLE_SNAPSHOT,cleanroom_20260730T004808Z,824973,680776,2026-07-30 00:48:22+00:00,ORDER_NOT_CONFIRMED,,,False
2026-07-29,IMMUTABLE_SNAPSHOT,cleanroom_20260730T004808Z,824973,686765,2026-07-30 00:48:22+00:00,LINEUP_AFTER_GOVERNING_CAPTURE,2026-07-30T00:49:17.593899+00:00,5ecab76e-29e3-4528-a049-a68a14b81600,False
2026-07-29,IMMUTABLE_SNAPSHOT,cleanroom_20260730T004808Z,824973,687515,2026-07-30 00:48:22+00:00,LINEUP_AFTER_GOVERNING_CAPTURE,2026-07-30T00:49:17.593899+00:00,5ecab76e-29e3-4528-a049-a68a14b81600,False
2026-07-29,IMMUTABLE_SNAPSHOT,cleanroom_20260730T004808Z,824973,691016,2026-07-30 00:48:22+00:00,LINEUP_AFTER_GOVERNING_CAPTURE,2026-07-30T00:49:17.593899+00:00,5ecab76e-29e3-4528-a049-a68a14b81600,False
2026-07-29,IMMUTABLE_SNAPSHOT,cleanroom_20260730T004808Z,824973,695720,2026-07-30 00:48:22+00:00,LINEUP_AFTER_GOVERNING_CAPTURE,2026-07-30T00:49:17.593899+00:00,5ecab76e-29e3-4528-a049-a68a14b81600,False
2026-07-29,IMMUTABLE_SNAPSHOT,cleanroom_20260730T004808Z,824973,701762,2026-07-30 00:48:22+00:00,LINEUP_AFTER_GOVERNING_CAPTURE,2026-07-30T00:49:17.593899+00:00,5ecab76e-29e3-4528-a049-a68a14b81600,False
2026-07-29,IMMUTABLE_SNAPSHOT,cleanroom_20260730T004808Z,824973,702332,2026-07-30 00:48:22+00:00,LINEUP_AFTER_GOVERNING_CAPTURE,2026-07-30T00:49:17.593899+00:00,5ecab76e-29e3-4528-a049-a68a14b81600,False
2026-07-29,IMMUTABLE_SNAPSHOT,cleanroom_20260730T004808Z,824973,703607,2026-07-30 00:48:22+00:00,LINEUP_AFTER_GOVERNING_CAPTURE,2026-07-30T00:49:17.593899+00:00,5ecab76e-29e3-4528-a049-a68a14b81600,False
2026-07-29,IMMUTABLE_SNAPSHOT,cleanroom_20260730T004808Z,824973,805779,2026-07-30 00:48:22+00:00,LINEUP_AFTER_GOVERNING_CAPTURE,2026-07-30T00:49:17.593899+00:00,5ecab76e-29e3-4528-a049-a68a14b81600,False
2026-07-29,IMMUTABLE_SNAPSHOT,cleanroom_20260730T011042Z,823924,518692,2026-07-30 01:10:54+00:00,LINEUP_AFTER_GOVERNING_CAPTURE,2026-07-30T01:11:51.051557+00:00,aaa8c7b1-e766-4164-bbd5-8da8d18a659b,False
2026-07-29,IMMUTABLE_SNAPSHOT,cleanroom_20260730T011042Z,823924,571970,2026-07-30 01:10:54+00:00,LINEUP_AFTER_GOVERNING_CAPTURE,2026-07-30T01:11:51.051557+00:00,aaa8c7b1-e766-4164-bbd5-8da8d18a659b,False
2026-07-29,IMMUTABLE_SNAPSHOT,cleanroom_20260730T011042Z,823924,605141,2026-07-30 01:10:54+00:00,LINEUP_AFTER_GOVERNING_CAPTURE,2026-07-30T01:11:51.051557+00:00,aaa8c7b1-e766-4164-bbd5-8da8d18a659b,False
2026-07-29,IMMUTABLE_SNAPSHOT,cleanroom_20260730T011042Z,823924,606192,2026-07-30 01:10:54+00:00,LINEUP_AFTER_GOVERNING_CAPTURE,2026-07-30T01:11:51.051557+00:00,aaa8c7b1-e766-4164-bbd5-8da8d18a659b,False
2026-07-29,IMMUTABLE_SNAPSHOT,cleanroom_20260730T011042Z,823924,608701,2026-07-30 01:10:54+00:00,LINEUP_AFTER_GOVERNING_CAPTURE,2026-07-30T01:11:51.051557+00:00,aaa8c7b1-e766-4164-bbd5-8da8d18a659b,False
2026-07-29,IMMUTABLE_SNAPSHOT,cleanroom_20260730T011042Z,823924,647304,2026-07-30 01:10:54+00:00,LINEUP_AFTER_GOVERNING_CAPTURE,2026-07-30T01:11:51.051557+00:00,aaa8c7b1-e766-4164-bbd5-8da8d18a659b,False
2026-07-29,IMMUTABLE_SNAPSHOT,cleanroom_20260730T011042Z,823924,660271,2026-07-30 01:10:54+00:00,LINEUP_AFTER_GOVERNING_CAPTURE,2026-07-30T01:11:51.051557+00:00,aaa8c7b1-e766-4164-bbd5-8da8d18a659b,False
2026-07-29,IMMUTABLE_SNAPSHOT,cleanroom_20260730T011042Z,823924,663656,2026-07-30 01:10:54+00:00,LINEUP_AFTER_GOVERNING_CAPTURE,2026-07-30T01:11:51.051557+00:00,aaa8c7b1-e766-4164-bbd5-8da8d18a659b,False
2026-07-29,IMMUTABLE_SNAPSHOT,cleanroom_20260730T011042Z,823924,663728,2026-07-30 01:10:54+00:00,LINEUP_AFTER_GOVERNING_CAPTURE,2026-07-30T01:11:51.051557+00:00,aaa8c7b1-e766-4164-bbd5-8da8d18a659b,False
2026-07-29,IMMUTABLE_SNAPSHOT,cleanroom_20260730T011042Z,823924,668227,2026-07-30 01:10:54+00:00,LINEUP_AFTER_GOVERNING_CAPTURE,2026-07-30T01:11:51.051557+00:00,aaa8c7b1-e766-4164-bbd5-8da8d18a659b,False
2026-07-29,IMMUTABLE_SNAPSHOT,cleanroom_20260730T011042Z,823924,669242,2026-07-30 01:10:54+00:00,LINEUP_AFTER_GOVERNING_CAPTURE,2026-07-30T01:11:51.051557+00:00,aaa8c7b1-e766-4164-bbd5-8da8d18a659b,False
2026-07-29,IMMUTABLE_SNAPSHOT,cleanroom_20260730T011042Z,823924,670042,2026-07-30 01:10:54+00:00,ORDER_NOT_CONFIRMED,,,False
2026-07-29,IMMUTABLE_SNAPSHOT,cleanroom_20260730T011042Z,823924,677594,2026-07-30 01:10:54+00:00,LINEUP_AFTER_GOVERNING_CAPTURE,2026-07-30T01:11:51.051557+00:00,aaa8c7b1-e766-4164-bbd5-8da8d18a659b,False
2026-07-29,IMMUTABLE_SNAPSHOT,cleanroom_20260730T011042Z,823924,681624,2026-07-30 01:10:54+00:00,LINEUP_AFTER_GOVERNING_CAPTURE,2026-07-30T01:11:51.051557+00:00,aaa8c7b1-e766-4164-bbd5-8da8d18a659b,False
2026-07-29,IMMUTABLE_SNAPSHOT,cleanroom_20260730T011042Z,823924,686527,2026-07-30 01:10:54+00:00,LINEUP_AFTER_GOVERNING_CAPTURE,2026-07-30T01:11:51.051557+00:00,aaa8c7b1-e766-4164-bbd5-8da8d18a659b,False
2026-07-29,IMMUTABLE_SNAPSHOT,cleanroom_20260730T011042Z,823924,687221,2026-07-30 01:10:54+00:00,LINEUP_AFTER_GOVERNING_CAPTURE,2026-07-30T01:11:51.051557+00:00,aaa8c7b1-e766-4164-bbd5-8da8d18a659b,False
2026-07-29,IMMUTABLE_SNAPSHOT,cleanroom_20260730T011042Z,823924,702284,2026-07-30 01:10:54+00:00,LINEUP_AFTER_GOVERNING_CAPTURE,2026-07-30T01:11:51.051557+00:00,aaa8c7b1-e766-4164-bbd5-8da8d18a659b,False
2026-07-29,IMMUTABLE_SNAPSHOT,cleanroom_20260730T011042Z,824002,514888,2026-07-30 01:11:17+00:00,LINEUP_AFTER_GOVERNING_CAPTURE,2026-07-30T01:11:51.047997+00:00,aaa8c7b1-e766-4164-bbd5-8da8d18a659b,False
2026-07-29,IMMUTABLE_SNAPSHOT,cleanroom_20260730T011042Z,824002,545361,2026-07-30 01:11:17+00:00,LINEUP_AFTER_GOVERNING_CAPTURE,2026-07-30T01:11:51.047997+00:00,aaa8c7b1-e766-4164-bbd5-8da8d18a659b,False
2026-07-29,IMMUTABLE_SNAPSHOT,cleanroom_20260730T011042Z,824002,572233,2026-07-30 01:11:17+00:00,LINEUP_AFTER_GOVERNING_CAPTURE,2026-07-30T01:11:51.047997+00:00,aaa8c7b1-e766-4164-bbd5-8da8d18a659b,False
2026-07-29,IMMUTABLE_SNAPSHOT,cleanroom_20260730T011042Z,824002,665161,2026-07-30 01:11:17+00:00,LINEUP_AFTER_GOVERNING_CAPTURE,2026-07-30T01:11:51.047997+00:00,aaa8c7b1-e766-4164-bbd5-8da8d18a659b,False
2026-07-29,IMMUTABLE_SNAPSHOT,cleanroom_20260730T011042Z,824002,666176,2026-07-30 01:11:17+00:00,LINEUP_AFTER_GOVERNING_CAPTURE,2026-07-30T01:11:51.047997+00:00,aaa8c7b1-e766-4164-bbd5-8da8d18a659b,False
2026-07-29,IMMUTABLE_SNAPSHOT,cleanroom_20260730T011042Z,824002,666211,2026-07-30 01:11:17+00:00,LINEUP_AFTER_GOVERNING_CAPTURE,2026-07-30T01:11:51.047997+00:00,aaa8c7b1-e766-4164-bbd5-8da8d18a659b,False
2026-07-29,IMMUTABLE_SNAPSHOT,cleanroom_20260730T011042Z,824002,670541,2026-07-30 01:11:17+00:00,LINEUP_AFTER_GOVERNING_CAPTURE,2026-07-30T01:11:51.047997+00:00,aaa8c7b1-e766-4164-bbd5-8da8d18a659b,False
2026-07-29,IMMUTABLE_SNAPSHOT,cleanroom_20260730T011042Z,824002,670623,2026-07-30 01:11:17+00:00,LINEUP_AFTER_GOVERNING_CAPTURE,2026-07-30T01:11:51.047997+00:00,aaa8c7b1-e766-4164-bbd5-8da8d18a659b,False
2026-07-29,IMMUTABLE_SNAPSHOT,cleanroom_20260730T011042Z,824002,673237,2026-07-30 01:11:17+00:00,LINEUP_AFTER_GOVERNING_CAPTURE,2026-07-30T01:11:51.047997+00:00,aaa8c7b1-e766-4164-bbd5-8da8d18a659b,False
2026-07-29,IMMUTABLE_SNAPSHOT,cleanroom_20260730T011042Z,824002,687093,2026-07-30 01:11:17+00:00,LINEUP_AFTER_GOVERNING_CAPTURE,2026-07-30T01:11:51.047997+00:00,aaa8c7b1-e766-4164-bbd5-8da8d18a659b,False
2026-07-29,IMMUTABLE_SNAPSHOT,cleanroom_20260730T011042Z,824002,687263,2026-07-30 01:11:17+00:00,LINEUP_AFTER_GOVERNING_CAPTURE,2026-07-30T01:11:51.047997+00:00,aaa8c7b1-e766-4164-bbd5-8da8d18a659b,False
2026-07-29,IMMUTABLE_SNAPSHOT,cleanroom_20260730T011042Z,824002,694203,2026-07-30 01:11:17+00:00,LINEUP_AFTER_GOVERNING_CAPTURE,2026-07-30T01:11:51.047997+00:00,aaa8c7b1-e766-4164-bbd5-8da8d18a659b,False
2026-07-29,IMMUTABLE_SNAPSHOT,cleanroom_20260730T011042Z,824002,694384,2026-07-30 01:11:17+00:00,LINEUP_AFTER_GOVERNING_CAPTURE,2026-07-30T01:11:51.047997+00:00,aaa8c7b1-e766-4164-bbd5-8da8d18a659b,False
2026-07-29,IMMUTABLE_SNAPSHOT,cleanroom_20260730T011042Z,824002,701358,2026-07-30 01:11:17+00:00,LINEUP_AFTER_GOVERNING_CAPTURE,2026-07-30T01:11:51.047997+00:00,aaa8c7b1-e766-4164-bbd5-8da8d18a659b,False
2026-07-29,IMMUTABLE_SNAPSHOT,cleanroom_20260730T011042Z,824002,828599,2026-07-30 01:11:17+00:00,LINEUP_AFTER_GOVERNING_CAPTURE,2026-07-30T01:11:51.047997+00:00,aaa8c7b1-e766-4164-bbd5-8da8d18a659b,False
2026-07-29,IMMUTABLE_SNAPSHOT,cleanroom_20260730T011042Z,824973,575929,2026-07-30 01:11:16+00:00,LINEUP_AFTER_GOVERNING_CAPTURE,2026-07-30T01:11:51.049826+00:00,aaa8c7b1-e766-4164-bbd5-8da8d18a659b,False
2026-07-29,IMMUTABLE_SNAPSHOT,cleanroom_20260730T011042Z,824973,641680,2026-07-30 01:11:16+00:00,LINEUP_AFTER_GOVERNING_CAPTURE,2026-07-30T01:11:51.049826+00:00,aaa8c7b1-e766-4164-bbd5-8da8d18a659b,False
2026-07-29,IMMUTABLE_SNAPSHOT,cleanroom_20260730T011042Z,824973,643446,2026-07-30 01:11:16+00:00,ORDER_NOT_CONFIRMED,,,False
2026-07-29,IMMUTABLE_SNAPSHOT,cleanroom_20260730T011042Z,824973,655316,2026-07-30 01:11:16+00:00,LINEUP_AFTER_GOVERNING_CAPTURE,2026-07-30T01:11:51.049826+00:00,aaa8c7b1-e766-4164-bbd5-8da8d18a659b,False
2026-07-29,IMMUTABLE_SNAPSHOT,cleanroom_20260730T011042Z,824973,657136,2026-07-30 01:11:16+00:00,LINEUP_AFTER_GOVERNING_CAPTURE,2026-07-30T01:11:51.049826+00:00,aaa8c7b1-e766-4164-bbd5-8da8d18a659b,False
2026-07-29,IMMUTABLE_SNAPSHOT,cleanroom_20260730T011042Z,824973,663853,2026-07-30 01:11:16+00:00,LINEUP_AFTER_GOVERNING_CAPTURE,2026-07-30T01:11:51.049826+00:00,aaa8c7b1-e766-4164-bbd5-8da8d18a659b,False
2026-07-29,IMMUTABLE_SNAPSHOT,cleanroom_20260730T011042Z,824973,665966,2026-07-30 01:11:16+00:00,ORDER_NOT_CONFIRMED,,,False
2026-07-29,IMMUTABLE_SNAPSHOT,cleanroom_20260730T011042Z,824973,677800,2026-07-30 01:11:16+00:00,LINEUP_AFTER_GOVERNING_CAPTURE,2026-07-30T01:11:51.049826+00:00,aaa8c7b1-e766-4164-bbd5-8da8d18a659b,False
2026-07-29,IMMUTABLE_SNAPSHOT,cleanroom_20260730T011042Z,824973,678882,2026-07-30 01:11:16+00:00,LINEUP_AFTER_GOVERNING_CAPTURE,2026-07-30T01:11:51.049826+00:00,aaa8c7b1-e766-4164-bbd5-8da8d18a659b,False
2026-07-29,IMMUTABLE_SNAPSHOT,cleanroom_20260730T011042Z,824973,680776,2026-07-30 01:11:16+00:00,ORDER_NOT_CONFIRMED,,,False
2026-07-29,IMMUTABLE_SNAPSHOT,cleanroom_20260730T011042Z,824973,686765,2026-07-30 01:11:16+00:00,LINEUP_AFTER_GOVERNING_CAPTURE,2026-07-30T01:11:51.049826+00:00,aaa8c7b1-e766-4164-bbd5-8da8d18a659b,False
2026-07-29,IMMUTABLE_SNAPSHOT,cleanroom_20260730T011042Z,824973,687515,2026-07-30 01:11:16+00:00,LINEUP_AFTER_GOVERNING_CAPTURE,2026-07-30T01:11:51.049826+00:00,aaa8c7b1-e766-4164-bbd5-8da8d18a659b,False
2026-07-29,IMMUTABLE_SNAPSHOT,cleanroom_20260730T011042Z,824973,691016,2026-07-30 01:11:16+00:00,LINEUP_AFTER_GOVERNING_CAPTURE,2026-07-30T01:11:51.049826+00:00,aaa8c7b1-e766-4164-bbd5-8da8d18a659b,False
2026-07-29,IMMUTABLE_SNAPSHOT,cleanroom_20260730T011042Z,824973,695720,2026-07-30 01:11:16+00:00,LINEUP_AFTER_GOVERNING_CAPTURE,2026-07-30T01:11:51.049826+00:00,aaa8c7b1-e766-4164-bbd5-8da8d18a659b,False
2026-07-29,IMMUTABLE_SNAPSHOT,cleanroom_20260730T011042Z,824973,701762,2026-07-30 01:11:16+00:00,LINEUP_AFTER_GOVERNING_CAPTURE,2026-07-30T01:11:51.049826+00:00,aaa8c7b1-e766-4164-bbd5-8da8d18a659b,False
2026-07-29,IMMUTABLE_SNAPSHOT,cleanroom_20260730T011042Z,824973,702332,2026-07-30 01:11:16+00:00,LINEUP_AFTER_GOVERNING_CAPTURE,2026-07-30T01:11:51.049826+00:00,aaa8c7b1-e766-4164-bbd5-8da8d18a659b,False
2026-07-29,IMMUTABLE_SNAPSHOT,cleanroom_20260730T011042Z,824973,703607,2026-07-30 01:11:16+00:00,LINEUP_AFTER_GOVERNING_CAPTURE,2026-07-30T01:11:51.049826+00:00,aaa8c7b1-e766-4164-bbd5-8da8d18a659b,False
2026-07-29,IMMUTABLE_SNAPSHOT,cleanroom_20260730T011042Z,824973,805779,2026-07-30 01:11:16+00:00,LINEUP_AFTER_GOVERNING_CAPTURE,2026-07-30T01:11:51.049826+00:00,aaa8c7b1-e766-4164-bbd5-8da8d18a659b,False
2026-07-29,FINAL_PREGAME_POPULATION,cleanroom_20260729T162627Z,822702,543807,2026-07-29T16:25:51+00:00,LINEUP_AFTER_GOVERNING_CAPTURE,2026-07-29T16:27:03.758723+00:00,9b5c5ca6-650f-4dd7-945a-0459567bbb69,False
2026-07-29,FINAL_PREGAME_POPULATION,cleanroom_20260729T135332Z,822702,649966,2026-07-29T13:53:53+00:00,ORDER_NOT_CONFIRMED,,,False
2026-07-29,FINAL_PREGAME_POPULATION,cleanroom_20260729T135332Z,822702,660688,2026-07-29T13:53:53+00:00,ORDER_NOT_CONFIRMED,,,False
2026-07-29,FINAL_PREGAME_POPULATION,cleanroom_20260729T162627Z,822702,662139,2026-07-29T16:25:51+00:00,LINEUP_AFTER_GOVERNING_CAPTURE,2026-07-29T16:27:03.758723+00:00,9b5c5ca6-650f-4dd7-945a-0459567bbb69,False
2026-07-29,FINAL_PREGAME_POPULATION,cleanroom_20260729T162627Z,822702,664770,2026-07-29T16:25:51+00:00,LINEUP_AFTER_GOVERNING_CAPTURE,2026-07-29T16:27:03.758723+00:00,9b5c5ca6-650f-4dd7-945a-0459567bbb69,False
2026-07-29,FINAL_PREGAME_POPULATION,cleanroom_20260729T162627Z,822702,665926,2026-07-29T16:25:51+00:00,LINEUP_AFTER_GOVERNING_CAPTURE,2026-07-29T16:27:03.758723+00:00,9b5c5ca6-650f-4dd7-945a-0459567bbb69,False
2026-07-29,FINAL_PREGAME_POPULATION,cleanroom_20260729T162627Z,822702,671277,2026-07-29T16:25:51+00:00,LINEUP_AFTER_GOVERNING_CAPTURE,2026-07-29T16:27:03.758723+00:00,9b5c5ca6-650f-4dd7-945a-0459567bbb69,False
2026-07-29,FINAL_PREGAME_POPULATION,cleanroom_20260729T162627Z,822702,672386,2026-07-29T16:25:51+00:00,LINEUP_AFTER_GOVERNING_CAPTURE,2026-07-29T16:27:03.758723+00:00,9b5c5ca6-650f-4dd7-945a-0459567bbb69,False
2026-07-29,FINAL_PREGAME_POPULATION,cleanroom_20260729T162627Z,822702,672960,2026-07-29T16:25:51+00:00,LINEUP_AFTER_GOVERNING_CAPTURE,2026-07-29T16:27:03.758723+00:00,9b5c5ca6-650f-4dd7-945a-0459567bbb69,False
2026-07-29,FINAL_PREGAME_POPULATION,cleanroom_20260729T162627Z,822702,676391,2026-07-29T16:25:51+00:00,LINEUP_AFTER_GOVERNING_CAPTURE,2026-07-29T16:27:03.758723+00:00,9b5c5ca6-650f-4dd7-945a-0459567bbb69,False
2026-07-29,FINAL_PREGAME_POPULATION,cleanroom_20260729T162627Z,822702,676914,2026-07-29T16:25:51+00:00,LINEUP_AFTER_GOVERNING_CAPTURE,2026-07-29T16:27:03.758723+00:00,9b5c5ca6-650f-4dd7-945a-0459567bbb69,False
2026-07-29,FINAL_PREGAME_POPULATION,cleanroom_20260729T135332Z,822702,677588,2026-07-29T13:53:53+00:00,ORDER_NOT_CONFIRMED,,,False
2026-07-29,FINAL_PREGAME_POPULATION,cleanroom_20260729T162627Z,822702,682818,2026-07-29T16:25:51+00:00,LINEUP_AFTER_GOVERNING_CAPTURE,2026-07-29T16:27:03.758723+00:00,9b5c5ca6-650f-4dd7-945a-0459567bbb69,False
2026-07-29,FINAL_PREGAME_POPULATION,cleanroom_20260729T162627Z,822702,682928,2026-07-29T16:25:51+00:00,LINEUP_AFTER_GOVERNING_CAPTURE,2026-07-29T16:27:03.758723+00:00,9b5c5ca6-650f-4dd7-945a-0459567bbb69,False
2026-07-29,FINAL_PREGAME_POPULATION,cleanroom_20260729T135332Z,822702,686611,2026-07-29T13:53:53+00:00,ORDER_NOT_CONFIRMED,,,False
2026-07-29,FINAL_PREGAME_POPULATION,cleanroom_20260729T162627Z,822702,691781,2026-07-29T16:25:51+00:00,LINEUP_AFTER_GOVERNING_CAPTURE,2026-07-29T16:27:03.758723+00:00,9b5c5ca6-650f-4dd7-945a-0459567bbb69,False
2026-07-29,FINAL_PREGAME_POPULATION,cleanroom_20260729T162627Z,822702,695578,2026-07-29T16:25:51+00:00,LINEUP_AFTER_GOVERNING_CAPTURE,2026-07-29T16:27:03.758723+00:00,9b5c5ca6-650f-4dd7-945a-0459567bbb69,False
2026-07-29,FINAL_PREGAME_POPULATION,cleanroom_20260729T162627Z,822702,695734,2026-07-29T16:25:51+00:00,LINEUP_AFTER_GOVERNING_CAPTURE,2026-07-29T16:27:03.758723+00:00,9b5c5ca6-650f-4dd7-945a-0459567bbb69,False
2026-07-29,FINAL_PREGAME_POPULATION,cleanroom_20260729T194916Z,822947,607043,2026-07-29T19:49:18+00:00,LINEUP_AFTER_GOVERNING_CAPTURE,2026-07-29T19:49:55.465586+00:00,e8b3abc7-ae2b-4571-a977-3b96b6db0d08,False
2026-07-29,FINAL_PREGAME_POPULATION,cleanroom_20260729T194916Z,822947,650490,2026-07-29T19:49:18+00:00,LINEUP_AFTER_GOVERNING_CAPTURE,2026-07-29T19:49:55.465586+00:00,e8b3abc7-ae2b-4571-a977-3b96b6db0d08,False
2026-07-29,FINAL_PREGAME_POPULATION,cleanroom_20260729T194916Z,822947,666018,2026-07-29T19:49:18+00:00,LINEUP_AFTER_GOVERNING_CAPTURE,2026-07-29T19:49:55.465586+00:00,e8b3abc7-ae2b-4571-a977-3b96b6db0d08,False
2026-07-29,FINAL_PREGAME_POPULATION,cleanroom_20260729T175530Z,822947,668723,2026-07-29T17:55:52+00:00,ORDER_NOT_CONFIRMED,,,False
2026-07-29,FINAL_PREGAME_POPULATION,cleanroom_20260729T194916Z,822947,669394,2026-07-29T19:49:18+00:00,LINEUP_AFTER_GOVERNING_CAPTURE,2026-07-29T19:49:55.465586+00:00,e8b3abc7-ae2b-4571-a977-3b96b6db0d08,False
2026-07-29,FINAL_PREGAME_POPULATION,cleanroom_20260729T194916Z,822947,676356,2026-07-29T19:49:18+00:00,LINEUP_AFTER_GOVERNING_CAPTURE,2026-07-29T19:49:55.465586+00:00,e8b3abc7-ae2b-4571-a977-3b96b6db0d08,False
2026-07-29,FINAL_PREGAME_POPULATION,cleanroom_20260729T194916Z,822947,677649,2026-07-29T19:49:18+00:00,LINEUP_AFTER_GOVERNING_CAPTURE,2026-07-29T19:49:55.465586+00:00,e8b3abc7-ae2b-4571-a977-3b96b6db0d08,False
2026-07-29,FINAL_PREGAME_POPULATION,cleanroom_20260729T194916Z,822947,691406,2026-07-29T19:49:18+00:00,LINEUP_AFTER_GOVERNING_CAPTURE,2026-07-29T19:49:55.465586+00:00,e8b3abc7-ae2b-4571-a977-3b96b6db0d08,False
2026-07-29,FINAL_PREGAME_POPULATION,cleanroom_20260729T194916Z,822947,694671,2026-07-29T19:49:18+00:00,LINEUP_AFTER_GOVERNING_CAPTURE,2026-07-29T19:49:55.465586+00:00,e8b3abc7-ae2b-4571-a977-3b96b6db0d08,False
2026-07-29,FINAL_PREGAME_POPULATION,cleanroom_20260729T194916Z,822947,802415,2026-07-29T19:49:18+00:00,LINEUP_AFTER_GOVERNING_CAPTURE,2026-07-29T19:49:55.465586+00:00,e8b3abc7-ae2b-4571-a977-3b96b6db0d08,False
2026-07-29,FINAL_PREGAME_POPULATION,cleanroom_20260729T233728Z,823022,608324,2026-07-29T23:37:30+00:00,LINEUP_AFTER_GOVERNING_CAPTURE,2026-07-29T23:38:11.190897+00:00,05825407-7ca5-4418-9a38-f2ec4286e7d0,False
2026-07-29,FINAL_PREGAME_POPULATION,cleanroom_20260729T233728Z,823022,608348,2026-07-29T23:37:30+00:00,ORDER_NOT_CONFIRMED,,,False
2026-07-29,FINAL_PREGAME_POPULATION,cleanroom_20260729T233728Z,823022,621020,2026-07-29T23:37:30+00:00,LINEUP_AFTER_GOVERNING_CAPTURE,2026-07-29T23:38:11.190897+00:00,05825407-7ca5-4418-9a38-f2ec4286e7d0,False
2026-07-29,FINAL_PREGAME_POPULATION,cleanroom_20260729T194916Z,823022,663538,2026-07-29T19:49:38+00:00,ORDER_NOT_CONFIRMED,,,False
2026-07-29,FINAL_PREGAME_POPULATION,cleanroom_20260729T233728Z,823022,664023,2026-07-29T23:37:30+00:00,LINEUP_AFTER_GOVERNING_CAPTURE,2026-07-29T23:38:11.190897+00:00,05825407-7ca5-4418-9a38-f2ec4286e7d0,False
2026-07-29,FINAL_PREGAME_POPULATION,cleanroom_20260729T230547Z,823022,665877,2026-07-29T23:05:38+00:00,LINEUP_AFTER_GOVERNING_CAPTURE,2026-07-29T23:06:32.800830+00:00,0849425c-1587-4426-afce-e05e5ed7de6f,False
2026-07-29,FINAL_PREGAME_POPULATION,cleanroom_20260729T233728Z,823022,671056,2026-07-29T23:37:30+00:00,LINEUP_AFTER_GOVERNING_CAPTURE,2026-07-29T23:38:11.190897+00:00,05825407-7ca5-4418-9a38-f2ec4286e7d0,False
2026-07-29,FINAL_PREGAME_POPULATION,cleanroom_20260729T233728Z,823022,673548,2026-07-29T23:37:30+00:00,LINEUP_AFTER_GOVERNING_CAPTURE,2026-07-29T23:38:11.190897+00:00,05825407-7ca5-4418-9a38-f2ec4286e7d0,False
2026-07-29,FINAL_PREGAME_POPULATION,cleanroom_20260729T194916Z,823022,676369,2026-07-29T19:49:38+00:00,ORDER_NOT_CONFIRMED,,,False
2026-07-29,FINAL_PREGAME_POPULATION,cleanroom_20260729T233728Z,823022,676475,2026-07-29T23:37:30+00:00,LINEUP_AFTER_GOVERNING_CAPTURE,2026-07-29T23:38:11.190897+00:00,05825407-7ca5-4418-9a38-f2ec4286e7d0,False
2026-07-29,FINAL_PREGAME_POPULATION,cleanroom_20260729T233728Z,823022,683737,2026-07-29T23:37:30+00:00,LINEUP_AFTER_GOVERNING_CAPTURE,2026-07-29T23:38:11.190897+00:00,05825407-7ca5-4418-9a38-f2ec4286e7d0,False
2026-07-29,FINAL_PREGAME_POPULATION,cleanroom_20260729T233728Z,823022,691023,2026-07-29T23:37:30+00:00,LINEUP_AFTER_GOVERNING_CAPTURE,2026-07-29T23:38:11.190897+00:00,05825407-7ca5-4418-9a38-f2ec4286e7d0,False
2026-07-29,FINAL_PREGAME_POPULATION,cleanroom_20260729T233728Z,823022,691026,2026-07-29T23:37:30+00:00,LINEUP_AFTER_GOVERNING_CAPTURE,2026-07-29T23:38:11.190897+00:00,05825407-7ca5-4418-9a38-f2ec4286e7d0,False
2026-07-29,FINAL_PREGAME_POPULATION,cleanroom_20260729T233728Z,823022,691458,2026-07-29T23:37:30+00:00,LINEUP_AFTER_GOVERNING_CAPTURE,2026-07-29T23:38:11.190897+00:00,05825407-7ca5-4418-9a38-f2ec4286e7d0,False
2026-07-29,FINAL_PREGAME_POPULATION,cleanroom_20260729T233728Z,823022,691718,2026-07-29T23:37:30+00:00,LINEUP_AFTER_GOVERNING_CAPTURE,2026-07-29T23:38:11.190897+00:00,05825407-7ca5-4418-9a38-f2ec4286e7d0,False
2026-07-29,FINAL_PREGAME_POPULATION,cleanroom_20260729T233728Z,823022,699393,2026-07-29T23:37:30+00:00,LINEUP_AFTER_GOVERNING_CAPTURE,2026-07-29T23:38:11.190897+00:00,05825407-7ca5-4418-9a38-f2ec4286e7d0,False
2026-07-29,FINAL_PREGAME_POPULATION,cleanroom_20260729T233728Z,823022,802139,2026-07-29T23:37:30+00:00,LINEUP_AFTER_GOVERNING_CAPTURE,2026-07-29T23:38:11.190897+00:00,05825407-7ca5-4418-9a38-f2ec4286e7d0,False
2026-07-29,FINAL_PREGAME_POPULATION,cleanroom_20260729T175530Z,823192,592885,2026-07-29T17:55:01+00:00,LINEUP_AFTER_GOVERNING_CAPTURE,2026-07-29T17:56:08.064022+00:00,0aba2735-b17a-4a2c-9369-de01207c1be3,False
2026-07-29,FINAL_PREGAME_POPULATION,cleanroom_20260729T175530Z,823192,641343,2026-07-29T17:55:01+00:00,LINEUP_AFTER_GOVERNING_CAPTURE,2026-07-29T17:56:08.064022+00:00,0aba2735-b17a-4a2c-9369-de01207c1be3,False
2026-07-29,FINAL_PREGAME_POPULATION,cleanroom_20260729T162627Z,823192,642715,2026-07-29T16:24:37+00:00,ORDER_NOT_CONFIRMED,,,False
2026-07-29,FINAL_PREGAME_POPULATION,cleanroom_20260729T175530Z,823192,646240,2026-07-29T17:55:01+00:00,LINEUP_AFTER_GOVERNING_CAPTURE,2026-07-29T17:56:08.064022+00:00,0aba2735-b17a-4a2c-9369-de01207c1be3,False
2026-07-29,FINAL_PREGAME_POPULATION,cleanroom_20260729T175530Z,823192,650333,2026-07-29T17:55:01+00:00,LINEUP_AFTER_GOVERNING_CAPTURE,2026-07-29T17:56:08.064022+00:00,0aba2735-b17a-4a2c-9369-de01207c1be3,False
2026-07-29,FINAL_PREGAME_POPULATION,cleanroom_20260729T162627Z,823192,661388,2026-07-29T16:24:37+00:00,ORDER_NOT_CONFIRMED,,,False
2026-07-29,FINAL_PREGAME_POPULATION,cleanroom_20260729T175530Z,823192,668930,2026-07-29T17:55:01+00:00,LINEUP_AFTER_GOVERNING_CAPTURE,2026-07-29T17:56:08.064022+00:00,0aba2735-b17a-4a2c-9369-de01207c1be3,False
2026-07-29,FINAL_PREGAME_POPULATION,cleanroom_20260729T175530Z,823192,669003,2026-07-29T17:55:01+00:00,LINEUP_AFTER_GOVERNING_CAPTURE,2026-07-29T17:56:08.064022+00:00,0aba2735-b17a-4a2c-9369-de01207c1be3,False
2026-07-29,FINAL_PREGAME_POPULATION,cleanroom_20260729T175530Z,823192,671218,2026-07-29T17:55:01+00:00,LINEUP_AFTER_GOVERNING_CAPTURE,2026-07-29T17:56:08.064022+00:00,0aba2735-b17a-4a2c-9369-de01207c1be3,False
2026-07-29,FINAL_PREGAME_POPULATION,cleanroom_20260729T162627Z,823192,683734,2026-07-29T16:24:37+00:00,ORDER_NOT_CONFIRMED,,,False
2026-07-29,FINAL_PREGAME_POPULATION,cleanroom_20260729T175530Z,823192,694192,2026-07-29T17:55:01+00:00,LINEUP_AFTER_GOVERNING_CAPTURE,2026-07-29T17:56:08.064022+00:00,0aba2735-b17a-4a2c-9369-de01207c1be3,False
2026-07-29,FINAL_PREGAME_POPULATION,cleanroom_20260729T175530Z,823192,805811,2026-07-29T17:55:01+00:00,LINEUP_AFTER_GOVERNING_CAPTURE,2026-07-29T17:56:08.064022+00:00,0aba2735-b17a-4a2c-9369-de01207c1be3,False
2026-07-29,FINAL_PREGAME_POPULATION,cleanroom_20260729T162627Z,823192,806198,2026-07-29T16:24:37+00:00,ORDER_NOT_CONFIRMED,,,False
2026-07-29,FINAL_PREGAME_POPULATION,cleanroom_20260729T175530Z,823192,808982,2026-07-29T17:55:01+00:00,LINEUP_AFTER_GOVERNING_CAPTURE,2026-07-29T17:56:08.064022+00:00,0aba2735-b17a-4a2c-9369-de01207c1be3,False
2026-07-29,FINAL_PREGAME_POPULATION,cleanroom_20260729T194916Z,823273,592518,2026-07-29T19:49:37+00:00,LINEUP_AFTER_GOVERNING_CAPTURE,2026-07-29T19:49:55.467309+00:00,e8b3abc7-ae2b-4571-a977-3b96b6db0d08,False
2026-07-29,FINAL_PREGAME_POPULATION,cleanroom_20260729T194916Z,823273,593428,2026-07-29T19:49:37+00:00,LINEUP_AFTER_GOVERNING_CAPTURE,2026-07-29T19:49:55.467309+00:00,e8b3abc7-ae2b-4571-a977-3b96b6db0d08,False
2026-07-29,FINAL_PREGAME_POPULATION,cleanroom_20260729T194916Z,823273,630105,2026-07-29T19:49:37+00:00,LINEUP_AFTER_GOVERNING_CAPTURE,2026-07-29T19:49:55.467309+00:00,e8b3abc7-ae2b-4571-a977-3b96b6db0d08,False
2026-07-29,FINAL_PREGAME_POPULATION,cleanroom_20260729T194916Z,823273,650859,2026-07-29T19:49:37+00:00,LINEUP_AFTER_GOVERNING_CAPTURE,2026-07-29T19:49:55.467309+00:00,e8b3abc7-ae2b-4571-a977-3b96b6db0d08,False
2026-07-29,FINAL_PREGAME_POPULATION,cleanroom_20260729T194916Z,823273,657757,2026-07-29T19:49:37+00:00,LINEUP_AFTER_GOVERNING_CAPTURE,2026-07-29T19:49:55.467309+00:00,e8b3abc7-ae2b-4571-a977-3b96b6db0d08,False
2026-07-29,FINAL_PREGAME_POPULATION,cleanroom_20260729T194916Z,823273,664034,2026-07-29T19:49:37+00:00,LINEUP_AFTER_GOVERNING_CAPTURE,2026-07-29T19:49:55.467309+00:00,e8b3abc7-ae2b-4571-a977-3b96b6db0d08,False
2026-07-29,FINAL_PREGAME_POPULATION,cleanroom_20260729T194916Z,823273,664983,2026-07-29T19:49:37+00:00,LINEUP_AFTER_GOVERNING_CAPTURE,2026-07-29T19:49:55.467309+00:00,e8b3abc7-ae2b-4571-a977-3b96b6db0d08,False
2026-07-29,FINAL_PREGAME_POPULATION,cleanroom_20260729T194916Z,823273,665487,2026-07-29T19:49:37+00:00,LINEUP_AFTER_GOVERNING_CAPTURE,2026-07-29T19:49:55.467309+00:00,e8b3abc7-ae2b-4571-a977-3b96b6db0d08,False
2026-07-29,FINAL_PREGAME_POPULATION,cleanroom_20260729T194916Z,823273,666160,2026-07-29T19:49:37+00:00,LINEUP_AFTER_GOVERNING_CAPTURE,2026-07-29T19:49:55.467309+00:00,e8b3abc7-ae2b-4571-a977-3b96b6db0d08,False
2026-07-29,FINAL_PREGAME_POPULATION,cleanroom_20260729T194916Z,823273,681198,2026-07-29T19:49:37+00:00,LINEUP_AFTER_GOVERNING_CAPTURE,2026-07-29T19:49:55.467309+00:00,e8b3abc7-ae2b-4571-a977-3b96b6db0d08,False
2026-07-29,FINAL_PREGAME_POPULATION,cleanroom_20260729T194916Z,823273,694249,2026-07-29T19:49:37+00:00,LINEUP_AFTER_GOVERNING_CAPTURE,2026-07-29T19:49:55.467309+00:00,e8b3abc7-ae2b-4571-a977-3b96b6db0d08,False
2026-07-29,FINAL_PREGAME_POPULATION,cleanroom_20260729T194916Z,823273,696100,2026-07-29T19:49:37+00:00,LINEUP_AFTER_GOVERNING_CAPTURE,2026-07-29T19:49:55.467309+00:00,e8b3abc7-ae2b-4571-a977-3b96b6db0d08,False
2026-07-29,FINAL_PREGAME_POPULATION,cleanroom_20260729T194916Z,823273,701538,2026-07-29T19:49:37+00:00,LINEUP_AFTER_GOVERNING_CAPTURE,2026-07-29T19:49:55.467309+00:00,e8b3abc7-ae2b-4571-a977-3b96b6db0d08,False
2026-07-29,FINAL_PREGAME_POPULATION,cleanroom_20260729T162627Z,823351,545121,2026-07-29T16:26:25+00:00,LINEUP_AFTER_GOVERNING_CAPTURE,2026-07-29T16:27:03.778247+00:00,9b5c5ca6-650f-4dd7-945a-0459567bbb69,False
2026-07-29,FINAL_PREGAME_POPULATION,cleanroom_20260729T162627Z,823351,571448,2026-07-29T16:26:25+00:00,LINEUP_AFTER_GOVERNING_CAPTURE,2026-07-29T16:27:03.778247+00:00,9b5c5ca6-650f-4dd7-945a-0459567bbb69,False
2026-07-29,FINAL_PREGAME_POPULATION,cleanroom_20260729T162627Z,823351,596146,2026-07-29T16:26:25+00:00,LINEUP_AFTER_GOVERNING_CAPTURE,2026-07-29T16:27:03.778247+00:00,9b5c5ca6-650f-4dd7-945a-0459567bbb69,False
2026-07-29,FINAL_PREGAME_POPULATION,cleanroom_20260729T162627Z,823351,606466,2026-07-29T16:26:25+00:00,LINEUP_AFTER_GOVERNING_CAPTURE,2026-07-29T16:27:03.778247+00:00,9b5c5ca6-650f-4dd7-945a-0459567bbb69,False
2026-07-29,FINAL_PREGAME_POPULATION,cleanroom_20260729T162627Z,823351,656811,2026-07-29T16:26:25+00:00,LINEUP_AFTER_GOVERNING_CAPTURE,2026-07-29T16:27:03.778247+00:00,9b5c5ca6-650f-4dd7-945a-0459567bbb69,False
2026-07-29,FINAL_PREGAME_POPULATION,cleanroom_20260729T162627Z,823351,663968,2026-07-29T16:26:25+00:00,ORDER_NOT_CONFIRMED,,,False
2026-07-29,FINAL_PREGAME_POPULATION,cleanroom_20260729T162627Z,823351,664040,2026-07-29T16:26:25+00:00,LINEUP_AFTER_GOVERNING_CAPTURE,2026-07-29T16:27:03.778247+00:00,9b5c5ca6-650f-4dd7-945a-0459567bbb69,False
2026-07-29,FINAL_PREGAME_POPULATION,cleanroom_20260729T162627Z,823351,668804,2026-07-29T16:26:25+00:00,LINEUP_AFTER_GOVERNING_CAPTURE,2026-07-29T16:27:03.778247+00:00,9b5c5ca6-650f-4dd7-945a-0459567bbb69,False
2026-07-29,FINAL_PREGAME_POPULATION,cleanroom_20260729T162627Z,823351,672515,2026-07-29T16:26:25+00:00,LINEUP_AFTER_GOVERNING_CAPTURE,2026-07-29T16:27:03.778247+00:00,9b5c5ca6-650f-4dd7-945a-0459567bbb69,False
2026-07-29,FINAL_PREGAME_POPULATION,cleanroom_20260729T162627Z,823351,672695,2026-07-29T16:26:25+00:00,LINEUP_AFTER_GOVERNING_CAPTURE,2026-07-29T16:27:03.778247+00:00,9b5c5ca6-650f-4dd7-945a-0459567bbb69,False
2026-07-29,FINAL_PREGAME_POPULATION,cleanroom_20260729T162627Z,823351,682998,2026-07-29T16:26:25+00:00,LINEUP_AFTER_GOVERNING_CAPTURE,2026-07-29T16:27:03.778247+00:00,9b5c5ca6-650f-4dd7-945a-0459567bbb69,False
2026-07-29,FINAL_PREGAME_POPULATION,cleanroom_20260729T162627Z,823351,693304,2026-07-29T16:26:25+00:00,LINEUP_AFTER_GOVERNING_CAPTURE,2026-07-29T16:27:03.778247+00:00,9b5c5ca6-650f-4dd7-945a-0459567bbb69,False
2026-07-29,FINAL_PREGAME_POPULATION,cleanroom_20260729T162627Z,823351,699013,2026-07-29T16:26:25+00:00,LINEUP_AFTER_GOVERNING_CAPTURE,2026-07-29T16:27:03.778247+00:00,9b5c5ca6-650f-4dd7-945a-0459567bbb69,False
2026-07-29,FINAL_PREGAME_POPULATION,cleanroom_20260729T135332Z,823596,593871,2026-07-29T13:53:10+00:00,ORDER_NOT_CONFIRMED,,,False
2026-07-29,FINAL_PREGAME_POPULATION,cleanroom_20260729T162627Z,823596,596019,2026-07-29T16:26:49+00:00,LINEUP_AFTER_GOVERNING_CAPTURE,2026-07-29T16:27:03.763623+00:00,9b5c5ca6-650f-4dd7-945a-0459567bbb69,False
2026-07-29,FINAL_PREGAME_POPULATION,cleanroom_20260729T162627Z,823596,621566,2026-07-29T16:26:49+00:00,LINEUP_AFTER_GOVERNING_CAPTURE,2026-07-29T16:27:03.763623+00:00,9b5c5ca6-650f-4dd7-945a-0459567bbb69,False
2026-07-29,FINAL_PREGAME_POPULATION,cleanroom_20260729T162627Z,823596,642201,2026-07-29T16:26:49+00:00,LINEUP_AFTER_GOVERNING_CAPTURE,2026-07-29T16:27:03.763623+00:00,9b5c5ca6-650f-4dd7-945a-0459567bbb69,False
2026-07-29,FINAL_PREGAME_POPULATION,cleanroom_20260729T162627Z,823596,643289,2026-07-29T16:26:49+00:00,LINEUP_AFTER_GOVERNING_CAPTURE,2026-07-29T16:27:03.763623+00:00,9b5c5ca6-650f-4dd7-945a-0459567bbb69,False
2026-07-29,FINAL_PREGAME_POPULATION,cleanroom_20260729T162627Z,823596,645277,2026-07-29T16:26:49+00:00,LINEUP_AFTER_GOVERNING_CAPTURE,2026-07-29T16:27:03.763623+00:00,9b5c5ca6-650f-4dd7-945a-0459567bbb69,False
2026-07-29,FINAL_PREGAME_POPULATION,cleanroom_20260729T162627Z,823596,660670,2026-07-29T16:26:49+00:00,LINEUP_AFTER_GOVERNING_CAPTURE,2026-07-29T16:27:03.763623+00:00,9b5c5ca6-650f-4dd7-945a-0459567bbb69,False
2026-07-29,FINAL_PREGAME_POPULATION,cleanroom_20260729T155216Z,823596,663586,2026-07-29T15:52:47+00:00,LINEUP_AFTER_GOVERNING_CAPTURE,2026-07-29T15:52:54.798286+00:00,c91c57bd-33d5-4f33-8f29-c98a4c2a2e57,False
2026-07-29,FINAL_PREGAME_POPULATION,cleanroom_20260729T162627Z,823596,666182,2026-07-29T16:26:49+00:00,LINEUP_AFTER_GOVERNING_CAPTURE,2026-07-29T16:27:03.763623+00:00,9b5c5ca6-650f-4dd7-945a-0459567bbb69,False
2026-07-29,FINAL_PREGAME_POPULATION,cleanroom_20260729T162627Z,823596,671739,2026-07-29T16:26:49+00:00,LINEUP_AFTER_GOVERNING_CAPTURE,2026-07-29T16:27:03.763623+00:00,9b5c5ca6-650f-4dd7-945a-0459567bbb69,False
2026-07-29,FINAL_PREGAME_POPULATION,cleanroom_20260729T162627Z,823596,673357,2026-07-29T16:26:49+00:00,ORDER_NOT_CONFIRMED,,,False
2026-07-29,FINAL_PREGAME_POPULATION,cleanroom_20260729T153807Z,823596,676724,2026-07-29T15:37:55+00:00,LINEUP_AFTER_GOVERNING_CAPTURE,2026-07-29T15:38:43.634700+00:00,d87c3fef-9f12-40d8-8a09-dfdc9e1cf855,False
2026-07-29,FINAL_PREGAME_POPULATION,cleanroom_20260729T162627Z,823596,682626,2026-07-29T16:26:49+00:00,LINEUP_AFTER_GOVERNING_CAPTURE,2026-07-29T16:27:03.763623+00:00,9b5c5ca6-650f-4dd7-945a-0459567bbb69,False
2026-07-29,FINAL_PREGAME_POPULATION,cleanroom_20260729T162627Z,823596,686948,2026-07-29T16:26:49+00:00,LINEUP_AFTER_GOVERNING_CAPTURE,2026-07-29T16:27:03.763623+00:00,9b5c5ca6-650f-4dd7-945a-0459567bbb69,False
2026-07-29,FINAL_PREGAME_POPULATION,cleanroom_20260729T162627Z,823596,701807,2026-07-29T16:26:49+00:00,LINEUP_AFTER_GOVERNING_CAPTURE,2026-07-29T16:27:03.763623+00:00,9b5c5ca6-650f-4dd7-945a-0459567bbb69,False
2026-07-29,FINAL_PREGAME_POPULATION,cleanroom_20260729T162627Z,823596,805999,2026-07-29T16:26:49+00:00,LINEUP_AFTER_GOVERNING_CAPTURE,2026-07-29T16:27:03.763623+00:00,9b5c5ca6-650f-4dd7-945a-0459567bbb69,False
2026-07-29,FINAL_PREGAME_POPULATION,cleanroom_20260729T230547Z,823598,596019,2026-07-29T23:05:49+00:00,LINEUP_AFTER_GOVERNING_CAPTURE,2026-07-29T23:06:32.799010+00:00,0849425c-1587-4426-afce-e05e5ed7de6f,False
2026-07-29,FINAL_PREGAME_POPULATION,cleanroom_20260729T230547Z,823598,621566,2026-07-29T23:05:49+00:00,LINEUP_AFTER_GOVERNING_CAPTURE,2026-07-29T23:06:32.799010+00:00,0849425c-1587-4426-afce-e05e5ed7de6f,False
2026-07-29,FINAL_PREGAME_POPULATION,cleanroom_20260729T230547Z,823598,645277,2026-07-29T23:05:49+00:00,LINEUP_AFTER_GOVERNING_CAPTURE,2026-07-29T23:06:32.799010+00:00,0849425c-1587-4426-afce-e05e5ed7de6f,False
2026-07-29,FINAL_PREGAME_POPULATION,cleanroom_20260729T230547Z,823598,660670,2026-07-29T23:05:49+00:00,LINEUP_AFTER_GOVERNING_CAPTURE,2026-07-29T23:06:32.799010+00:00,0849425c-1587-4426-afce-e05e5ed7de6f,False
2026-07-29,FINAL_PREGAME_POPULATION,cleanroom_20260729T230547Z,823598,666182,2026-07-29T23:05:49+00:00,LINEUP_AFTER_GOVERNING_CAPTURE,2026-07-29T23:06:32.799010+00:00,0849425c-1587-4426-afce-e05e5ed7de6f,False
2026-07-29,FINAL_PREGAME_POPULATION,cleanroom_20260729T230547Z,823598,671739,2026-07-29T23:05:49+00:00,LINEUP_AFTER_GOVERNING_CAPTURE,2026-07-29T23:06:32.799010+00:00,0849425c-1587-4426-afce-e05e5ed7de6f,False
2026-07-29,FINAL_PREGAME_POPULATION,cleanroom_20260729T230547Z,823598,673357,2026-07-29T23:05:49+00:00,LINEUP_AFTER_GOVERNING_CAPTURE,2026-07-29T23:06:32.799010+00:00,0849425c-1587-4426-afce-e05e5ed7de6f,False
2026-07-29,FINAL_PREGAME_POPULATION,cleanroom_20260729T230547Z,823598,686948,2026-07-29T23:05:49+00:00,LINEUP_AFTER_GOVERNING_CAPTURE,2026-07-29T23:06:32.799010+00:00,0849425c-1587-4426-afce-e05e5ed7de6f,False
2026-07-29,FINAL_PREGAME_POPULATION,cleanroom_20260729T233728Z,823677,521692,2026-07-29T23:37:09+00:00,LINEUP_AFTER_GOVERNING_CAPTURE,2026-07-29T23:38:11.185022+00:00,05825407-7ca5-4418-9a38-f2ec4286e7d0,False
2026-07-29,FINAL_PREGAME_POPULATION,cleanroom_20260729T233728Z,823677,605137,2026-07-29T23:37:09+00:00,LINEUP_AFTER_GOVERNING_CAPTURE,2026-07-29T23:38:11.185022+00:00,05825407-7ca5-4418-9a38-f2ec4286e7d0,False
2026-07-29,FINAL_PREGAME_POPULATION,cleanroom_20260729T233728Z,823677,605170,2026-07-29T23:37:09+00:00,LINEUP_AFTER_GOVERNING_CAPTURE,2026-07-29T23:38:11.185022+00:00,05825407-7ca5-4418-9a38-f2ec4286e7d0,False
2026-07-29,FINAL_PREGAME_POPULATION,cleanroom_20260729T233728Z,823677,657041,2026-07-29T23:37:09+00:00,LINEUP_AFTER_GOVERNING_CAPTURE,2026-07-29T23:38:11.185022+00:00,05825407-7ca5-4418-9a38-f2ec4286e7d0,False
2026-07-29,FINAL_PREGAME_POPULATION,cleanroom_20260729T233728Z,823677,663616,2026-07-29T23:37:09+00:00,LINEUP_AFTER_GOVERNING_CAPTURE,2026-07-29T23:38:11.185022+00:00,05825407-7ca5-4418-9a38-f2ec4286e7d0,False
2026-07-29,FINAL_PREGAME_POPULATION,cleanroom_20260729T233728Z,823677,665019,2026-07-29T23:37:09+00:00,LINEUP_AFTER_GOVERNING_CAPTURE,2026-07-29T23:38:11.185022+00:00,05825407-7ca5-4418-9a38-f2ec4286e7d0,False
2026-07-29,FINAL_PREGAME_POPULATION,cleanroom_20260729T233728Z,823677,668904,2026-07-29T23:37:09+00:00,LINEUP_AFTER_GOVERNING_CAPTURE,2026-07-29T23:38:11.185022+00:00,05825407-7ca5-4418-9a38-f2ec4286e7d0,False
2026-07-29,FINAL_PREGAME_POPULATION,cleanroom_20260729T175530Z,823677,679845,2026-07-29T17:55:22+00:00,ORDER_NOT_CONFIRMED,,,False
2026-07-29,FINAL_PREGAME_POPULATION,cleanroom_20260729T233728Z,823677,680777,2026-07-29T23:37:09+00:00,ORDER_NOT_CONFIRMED,,,False
2026-07-29,FINAL_PREGAME_POPULATION,cleanroom_20260729T194916Z,823677,686469,2026-07-29T19:49:07+00:00,ORDER_NOT_CONFIRMED,,,False
2026-07-29,FINAL_PREGAME_POPULATION,cleanroom_20260729T233728Z,823677,686681,2026-07-29T23:37:09+00:00,LINEUP_AFTER_GOVERNING_CAPTURE,2026-07-29T23:38:11.185022+00:00,05825407-7ca5-4418-9a38-f2ec4286e7d0,False
2026-07-29,FINAL_PREGAME_POPULATION,cleanroom_20260729T233728Z,823677,686797,2026-07-29T23:37:09+00:00,LINEUP_AFTER_GOVERNING_CAPTURE,2026-07-29T23:38:11.185022+00:00,05825407-7ca5-4418-9a38-f2ec4286e7d0,False
2026-07-29,FINAL_PREGAME_POPULATION,cleanroom_20260729T233728Z,823677,695506,2026-07-29T23:37:09+00:00,LINEUP_AFTER_GOVERNING_CAPTURE,2026-07-29T23:38:11.185022+00:00,05825407-7ca5-4418-9a38-f2ec4286e7d0,False
2026-07-29,FINAL_PREGAME_POPULATION,cleanroom_20260729T233728Z,823677,695600,2026-07-29T23:37:09+00:00,LINEUP_AFTER_GOVERNING_CAPTURE,2026-07-29T23:38:11.185022+00:00,05825407-7ca5-4418-9a38-f2ec4286e7d0,False
2026-07-29,FINAL_PREGAME_POPULATION,cleanroom_20260729T233728Z,823677,702176,2026-07-29T23:37:09+00:00,LINEUP_AFTER_GOVERNING_CAPTURE,2026-07-29T23:38:11.185022+00:00,05825407-7ca5-4418-9a38-f2ec4286e7d0,False
2026-07-29,FINAL_PREGAME_POPULATION,cleanroom_20260729T233728Z,823677,807712,2026-07-29T23:37:09+00:00,LINEUP_AFTER_GOVERNING_CAPTURE,2026-07-29T23:38:11.185022+00:00,05825407-7ca5-4418-9a38-f2ec4286e7d0,False
2026-07-29,FINAL_PREGAME_POPULATION,cleanroom_20260729T155216Z,823837,547180,2026-07-29T15:51:27+00:00,LINEUP_AFTER_GOVERNING_CAPTURE,2026-07-29T15:52:54.804476+00:00,c91c57bd-33d5-4f33-8f29-c98a4c2a2e57,False
2026-07-29,FINAL_PREGAME_POPULATION,cleanroom_20260729T155216Z,823837,592663,2026-07-29T15:51:27+00:00,LINEUP_AFTER_GOVERNING_CAPTURE,2026-07-29T15:52:54.804476+00:00,c91c57bd-33d5-4f33-8f29-c98a4c2a2e57,False
2026-07-29,FINAL_PREGAME_POPULATION,cleanroom_20260729T155216Z,823837,607208,2026-07-29T15:51:27+00:00,LINEUP_AFTER_GOVERNING_CAPTURE,2026-07-29T15:52:54.804476+00:00,c91c57bd-33d5-4f33-8f29-c98a4c2a2e57,False
2026-07-29,FINAL_PREGAME_POPULATION,cleanroom_20260729T135332Z,823837,624641,2026-07-29T13:53:31+00:00,LINEUP_AFTER_GOVERNING_CAPTURE,2026-07-29T13:55:15.272528+00:00,8f78f23e-7d56-468b-8506-2f6e27d522e4,False
2026-07-29,FINAL_PREGAME_POPULATION,cleanroom_20260729T155216Z,823837,650559,2026-07-29T15:51:27+00:00,LINEUP_AFTER_GOVERNING_CAPTURE,2026-07-29T15:52:54.804476+00:00,c91c57bd-33d5-4f33-8f29-c98a4c2a2e57,False
2026-07-29,FINAL_PREGAME_POPULATION,cleanroom_20260729T155216Z,823837,656941,2026-07-29T15:51:27+00:00,ORDER_NOT_CONFIRMED,,,False
2026-07-29,FINAL_PREGAME_POPULATION,cleanroom_20260729T155216Z,823837,664761,2026-07-29T15:51:27+00:00,LINEUP_AFTER_GOVERNING_CAPTURE,2026-07-29T15:52:54.804476+00:00,c91c57bd-33d5-4f33-8f29-c98a4c2a2e57,False
2026-07-29,FINAL_PREGAME_POPULATION,cleanroom_20260729T155216Z,823837,669016,2026-07-29T15:51:27+00:00,LINEUP_AFTER_GOVERNING_CAPTURE,2026-07-29T15:52:54.804476+00:00,c91c57bd-33d5-4f33-8f29-c98a4c2a2e57,False
2026-07-29,FINAL_PREGAME_POPULATION,cleanroom_20260729T155216Z,823837,669364,2026-07-29T15:51:27+00:00,LINEUP_AFTER_GOVERNING_CAPTURE,2026-07-29T15:52:54.804476+00:00,c91c57bd-33d5-4f33-8f29-c98a4c2a2e57,False
2026-07-29,FINAL_PREGAME_POPULATION,cleanroom_20260729T155216Z,823837,672640,2026-07-29T15:51:27+00:00,LINEUP_AFTER_GOVERNING_CAPTURE,2026-07-29T15:52:54.804476+00:00,c91c57bd-33d5-4f33-8f29-c98a4c2a2e57,False
2026-07-29,FINAL_PREGAME_POPULATION,cleanroom_20260729T155216Z,823837,681082,2026-07-29T15:51:27+00:00,LINEUP_AFTER_GOVERNING_CAPTURE,2026-07-29T15:52:54.804476+00:00,c91c57bd-33d5-4f33-8f29-c98a4c2a2e57,False
2026-07-29,FINAL_PREGAME_POPULATION,cleanroom_20260729T155216Z,823837,681715,2026-07-29T15:51:27+00:00,LINEUP_AFTER_GOVERNING_CAPTURE,2026-07-29T15:52:54.804476+00:00,c91c57bd-33d5-4f33-8f29-c98a4c2a2e57,False
2026-07-29,FINAL_PREGAME_POPULATION,cleanroom_20260729T155216Z,823837,687282,2026-07-29T15:51:27+00:00,ORDER_NOT_CONFIRMED,,,False
2026-07-29,FINAL_PREGAME_POPULATION,cleanroom_20260729T155216Z,823837,691594,2026-07-29T15:51:27+00:00,LINEUP_AFTER_GOVERNING_CAPTURE,2026-07-29T15:52:54.804476+00:00,c91c57bd-33d5-4f33-8f29-c98a4c2a2e57,False
2026-07-29,FINAL_PREGAME_POPULATION,cleanroom_20260729T155216Z,823837,702222,2026-07-29T15:51:27+00:00,LINEUP_AFTER_GOVERNING_CAPTURE,2026-07-29T15:52:54.804476+00:00,c91c57bd-33d5-4f33-8f29-c98a4c2a2e57,False
2026-07-29,FINAL_PREGAME_POPULATION,cleanroom_20260730T011042Z,823924,518692,2026-07-30T01:10:54+00:00,LINEUP_AFTER_GOVERNING_CAPTURE,2026-07-30T01:11:51.051557+00:00,aaa8c7b1-e766-4164-bbd5-8da8d18a659b,False
2026-07-29,FINAL_PREGAME_POPULATION,cleanroom_20260730T011042Z,823924,571970,2026-07-30T01:10:54+00:00,LINEUP_AFTER_GOVERNING_CAPTURE,2026-07-30T01:11:51.051557+00:00,aaa8c7b1-e766-4164-bbd5-8da8d18a659b,False
2026-07-29,FINAL_PREGAME_POPULATION,cleanroom_20260730T011042Z,823924,605141,2026-07-30T01:10:54+00:00,LINEUP_AFTER_GOVERNING_CAPTURE,2026-07-30T01:11:51.051557+00:00,aaa8c7b1-e766-4164-bbd5-8da8d18a659b,False
2026-07-29,FINAL_PREGAME_POPULATION,cleanroom_20260730T011042Z,823924,606192,2026-07-30T01:10:54+00:00,LINEUP_AFTER_GOVERNING_CAPTURE,2026-07-30T01:11:51.051557+00:00,aaa8c7b1-e766-4164-bbd5-8da8d18a659b,False
2026-07-29,FINAL_PREGAME_POPULATION,cleanroom_20260730T011042Z,823924,608701,2026-07-30T01:10:54+00:00,LINEUP_AFTER_GOVERNING_CAPTURE,2026-07-30T01:11:51.051557+00:00,aaa8c7b1-e766-4164-bbd5-8da8d18a659b,False
2026-07-29,FINAL_PREGAME_POPULATION,cleanroom_20260730T011042Z,823924,647304,2026-07-30T01:10:54+00:00,LINEUP_AFTER_GOVERNING_CAPTURE,2026-07-30T01:11:51.051557+00:00,aaa8c7b1-e766-4164-bbd5-8da8d18a659b,False
2026-07-29,FINAL_PREGAME_POPULATION,cleanroom_20260730T011042Z,823924,660271,2026-07-30T01:10:54+00:00,LINEUP_AFTER_GOVERNING_CAPTURE,2026-07-30T01:11:51.051557+00:00,aaa8c7b1-e766-4164-bbd5-8da8d18a659b,False
2026-07-29,FINAL_PREGAME_POPULATION,cleanroom_20260730T011042Z,823924,663656,2026-07-30T01:10:54+00:00,LINEUP_AFTER_GOVERNING_CAPTURE,2026-07-30T01:11:51.051557+00:00,aaa8c7b1-e766-4164-bbd5-8da8d18a659b,False
2026-07-29,FINAL_PREGAME_POPULATION,cleanroom_20260730T011042Z,823924,663728,2026-07-30T01:10:54+00:00,LINEUP_AFTER_GOVERNING_CAPTURE,2026-07-30T01:11:51.051557+00:00,aaa8c7b1-e766-4164-bbd5-8da8d18a659b,False
2026-07-29,FINAL_PREGAME_POPULATION,cleanroom_20260730T011042Z,823924,668227,2026-07-30T01:10:54+00:00,LINEUP_AFTER_GOVERNING_CAPTURE,2026-07-30T01:11:51.051557+00:00,aaa8c7b1-e766-4164-bbd5-8da8d18a659b,False
2026-07-29,FINAL_PREGAME_POPULATION,cleanroom_20260730T011042Z,823924,669242,2026-07-30T01:10:54+00:00,LINEUP_AFTER_GOVERNING_CAPTURE,2026-07-30T01:11:51.051557+00:00,aaa8c7b1-e766-4164-bbd5-8da8d18a659b,False
2026-07-29,FINAL_PREGAME_POPULATION,cleanroom_20260730T011042Z,823924,670042,2026-07-30T01:10:54+00:00,ORDER_NOT_CONFIRMED,,,False
2026-07-29,FINAL_PREGAME_POPULATION,cleanroom_20260730T011042Z,823924,677594,2026-07-30T01:10:54+00:00,LINEUP_AFTER_GOVERNING_CAPTURE,2026-07-30T01:11:51.051557+00:00,aaa8c7b1-e766-4164-bbd5-8da8d18a659b,False
2026-07-29,FINAL_PREGAME_POPULATION,cleanroom_20260730T011042Z,823924,681624,2026-07-30T01:10:54+00:00,LINEUP_AFTER_GOVERNING_CAPTURE,2026-07-30T01:11:51.051557+00:00,aaa8c7b1-e766-4164-bbd5-8da8d18a659b,False
2026-07-29,FINAL_PREGAME_POPULATION,cleanroom_20260730T011042Z,823924,686527,2026-07-30T01:10:54+00:00,LINEUP_AFTER_GOVERNING_CAPTURE,2026-07-30T01:11:51.051557+00:00,aaa8c7b1-e766-4164-bbd5-8da8d18a659b,False
2026-07-29,FINAL_PREGAME_POPULATION,cleanroom_20260730T011042Z,823924,687221,2026-07-30T01:10:54+00:00,LINEUP_AFTER_GOVERNING_CAPTURE,2026-07-30T01:11:51.051557+00:00,aaa8c7b1-e766-4164-bbd5-8da8d18a659b,False
2026-07-29,FINAL_PREGAME_POPULATION,cleanroom_20260730T011042Z,823924,702284,2026-07-30T01:10:54+00:00,LINEUP_AFTER_GOVERNING_CAPTURE,2026-07-30T01:11:51.051557+00:00,aaa8c7b1-e766-4164-bbd5-8da8d18a659b,False
2026-07-29,FINAL_PREGAME_POPULATION,cleanroom_20260730T011042Z,824002,514888,2026-07-30T01:11:17+00:00,LINEUP_AFTER_GOVERNING_CAPTURE,2026-07-30T01:11:51.047997+00:00,aaa8c7b1-e766-4164-bbd5-8da8d18a659b,False
2026-07-29,FINAL_PREGAME_POPULATION,cleanroom_20260730T011042Z,824002,545361,2026-07-30T01:11:17+00:00,LINEUP_AFTER_GOVERNING_CAPTURE,2026-07-30T01:11:51.047997+00:00,aaa8c7b1-e766-4164-bbd5-8da8d18a659b,False
2026-07-29,FINAL_PREGAME_POPULATION,cleanroom_20260730T011042Z,824002,572233,2026-07-30T01:11:17+00:00,LINEUP_AFTER_GOVERNING_CAPTURE,2026-07-30T01:11:51.047997+00:00,aaa8c7b1-e766-4164-bbd5-8da8d18a659b,False
2026-07-29,FINAL_PREGAME_POPULATION,cleanroom_20260729T194916Z,824002,624585,2026-07-29T19:49:44+00:00,ORDER_NOT_CONFIRMED,,,False
2026-07-29,FINAL_PREGAME_POPULATION,cleanroom_20260730T011042Z,824002,665161,2026-07-30T01:11:17+00:00,LINEUP_AFTER_GOVERNING_CAPTURE,2026-07-30T01:11:51.047997+00:00,aaa8c7b1-e766-4164-bbd5-8da8d18a659b,False
2026-07-29,FINAL_PREGAME_POPULATION,cleanroom_20260729T194916Z,824002,666139,2026-07-29T19:49:44+00:00,ORDER_NOT_CONFIRMED,,,False
2026-07-29,FINAL_PREGAME_POPULATION,cleanroom_20260730T011042Z,824002,666176,2026-07-30T01:11:17+00:00,LINEUP_AFTER_GOVERNING_CAPTURE,2026-07-30T01:11:51.047997+00:00,aaa8c7b1-e766-4164-bbd5-8da8d18a659b,False
2026-07-29,FINAL_PREGAME_POPULATION,cleanroom_20260730T011042Z,824002,666211,2026-07-30T01:11:17+00:00,LINEUP_AFTER_GOVERNING_CAPTURE,2026-07-30T01:11:51.047997+00:00,aaa8c7b1-e766-4164-bbd5-8da8d18a659b,False
2026-07-29,FINAL_PREGAME_POPULATION,cleanroom_20260730T011042Z,824002,670541,2026-07-30T01:11:17+00:00,LINEUP_AFTER_GOVERNING_CAPTURE,2026-07-30T01:11:51.047997+00:00,aaa8c7b1-e766-4164-bbd5-8da8d18a659b,False
2026-07-29,FINAL_PREGAME_POPULATION,cleanroom_20260730T011042Z,824002,670623,2026-07-30T01:11:17+00:00,LINEUP_AFTER_GOVERNING_CAPTURE,2026-07-30T01:11:51.047997+00:00,aaa8c7b1-e766-4164-bbd5-8da8d18a659b,False
2026-07-29,FINAL_PREGAME_POPULATION,cleanroom_20260730T011042Z,824002,673237,2026-07-30T01:11:17+00:00,LINEUP_AFTER_GOVERNING_CAPTURE,2026-07-30T01:11:51.047997+00:00,aaa8c7b1-e766-4164-bbd5-8da8d18a659b,False
2026-07-29,FINAL_PREGAME_POPULATION,cleanroom_20260730T011042Z,824002,687093,2026-07-30T01:11:17+00:00,LINEUP_AFTER_GOVERNING_CAPTURE,2026-07-30T01:11:51.047997+00:00,aaa8c7b1-e766-4164-bbd5-8da8d18a659b,False
2026-07-29,FINAL_PREGAME_POPULATION,cleanroom_20260730T011042Z,824002,687263,2026-07-30T01:11:17+00:00,LINEUP_AFTER_GOVERNING_CAPTURE,2026-07-30T01:11:51.047997+00:00,aaa8c7b1-e766-4164-bbd5-8da8d18a659b,False
2026-07-29,FINAL_PREGAME_POPULATION,cleanroom_20260730T011042Z,824002,694203,2026-07-30T01:11:17+00:00,LINEUP_AFTER_GOVERNING_CAPTURE,2026-07-30T01:11:51.047997+00:00,aaa8c7b1-e766-4164-bbd5-8da8d18a659b,False
2026-07-29,FINAL_PREGAME_POPULATION,cleanroom_20260730T011042Z,824002,694384,2026-07-30T01:11:17+00:00,LINEUP_AFTER_GOVERNING_CAPTURE,2026-07-30T01:11:51.047997+00:00,aaa8c7b1-e766-4164-bbd5-8da8d18a659b,False
2026-07-29,FINAL_PREGAME_POPULATION,cleanroom_20260730T011042Z,824002,701358,2026-07-30T01:11:17+00:00,LINEUP_AFTER_GOVERNING_CAPTURE,2026-07-30T01:11:51.047997+00:00,aaa8c7b1-e766-4164-bbd5-8da8d18a659b,False
2026-07-29,FINAL_PREGAME_POPULATION,cleanroom_20260730T011042Z,824002,828599,2026-07-30T01:11:17+00:00,LINEUP_AFTER_GOVERNING_CAPTURE,2026-07-30T01:11:51.047997+00:00,aaa8c7b1-e766-4164-bbd5-8da8d18a659b,False
2026-07-29,FINAL_PREGAME_POPULATION,cleanroom_20260729T135332Z,824242,595879,2026-07-29T13:53:20+00:00,ORDER_NOT_CONFIRMED,,,False
2026-07-29,FINAL_PREGAME_POPULATION,cleanroom_20260729T162627Z,824242,621493,2026-07-29T16:25:59+00:00,LINEUP_AFTER_GOVERNING_CAPTURE,2026-07-29T16:27:03.761852+00:00,9b5c5ca6-650f-4dd7-945a-0459567bbb69,False
2026-07-29,FINAL_PREGAME_POPULATION,cleanroom_20260729T162627Z,824242,624413,2026-07-29T16:25:59+00:00,LINEUP_AFTER_GOVERNING_CAPTURE,2026-07-29T16:27:03.761852+00:00,9b5c5ca6-650f-4dd7-945a-0459567bbb69,False
2026-07-29,FINAL_PREGAME_POPULATION,cleanroom_20260729T162627Z,824242,641933,2026-07-29T16:25:59+00:00,LINEUP_AFTER_GOVERNING_CAPTURE,2026-07-29T16:27:03.761852+00:00,9b5c5ca6-650f-4dd7-945a-0459567bbb69,False
2026-07-29,FINAL_PREGAME_POPULATION,cleanroom_20260729T162627Z,824242,650402,2026-07-29T16:25:59+00:00,LINEUP_AFTER_GOVERNING_CAPTURE,2026-07-29T16:27:03.761852+00:00,9b5c5ca6-650f-4dd7-945a-0459567bbb69,False
2026-07-29,FINAL_PREGAME_POPULATION,cleanroom_20260729T162627Z,824242,663837,2026-07-29T16:25:59+00:00,LINEUP_AFTER_GOVERNING_CAPTURE,2026-07-29T16:27:03.761852+00:00,9b5c5ca6-650f-4dd7-945a-0459567bbb69,False
2026-07-29,FINAL_PREGAME_POPULATION,cleanroom_20260729T162627Z,824242,679529,2026-07-29T16:25:59+00:00,LINEUP_AFTER_GOVERNING_CAPTURE,2026-07-29T16:27:03.761852+00:00,9b5c5ca6-650f-4dd7-945a-0459567bbb69,False
2026-07-29,FINAL_PREGAME_POPULATION,cleanroom_20260729T162627Z,824242,680664,2026-07-29T16:25:59+00:00,LINEUP_AFTER_GOVERNING_CAPTURE,2026-07-29T16:27:03.761852+00:00,9b5c5ca6-650f-4dd7-945a-0459567bbb69,False
2026-07-29,FINAL_PREGAME_POPULATION,cleanroom_20260729T162627Z,824242,682985,2026-07-29T16:25:59+00:00,LINEUP_AFTER_GOVERNING_CAPTURE,2026-07-29T16:27:03.761852+00:00,9b5c5ca6-650f-4dd7-945a-0459567bbb69,False
2026-07-29,FINAL_PREGAME_POPULATION,cleanroom_20260729T162627Z,824242,683002,2026-07-29T16:25:59+00:00,LINEUP_AFTER_GOVERNING_CAPTURE,2026-07-29T16:27:03.761852+00:00,9b5c5ca6-650f-4dd7-945a-0459567bbb69,False
2026-07-29,FINAL_PREGAME_POPULATION,cleanroom_20260729T162627Z,824242,687952,2026-07-29T16:25:59+00:00,LINEUP_AFTER_GOVERNING_CAPTURE,2026-07-29T16:27:03.761852+00:00,9b5c5ca6-650f-4dd7-945a-0459567bbb69,False
2026-07-29,FINAL_PREGAME_POPULATION,cleanroom_20260729T162627Z,824242,693307,2026-07-29T16:25:59+00:00,LINEUP_AFTER_GOVERNING_CAPTURE,2026-07-29T16:27:03.761852+00:00,9b5c5ca6-650f-4dd7-945a-0459567bbb69,False
2026-07-29,FINAL_PREGAME_POPULATION,cleanroom_20260729T162627Z,824242,701678,2026-07-29T16:25:59+00:00,LINEUP_AFTER_GOVERNING_CAPTURE,2026-07-29T16:27:03.761852+00:00,9b5c5ca6-650f-4dd7-945a-0459567bbb69,False
2026-07-29,FINAL_PREGAME_POPULATION,cleanroom_20260729T162627Z,824242,805808,2026-07-29T16:25:59+00:00,LINEUP_AFTER_GOVERNING_CAPTURE,2026-07-29T16:27:03.761852+00:00,9b5c5ca6-650f-4dd7-945a-0459567bbb69,False
2026-07-29,FINAL_PREGAME_POPULATION,cleanroom_20260729T230547Z,824487,553993,2026-07-29T23:05:41+00:00,LINEUP_AFTER_GOVERNING_CAPTURE,2026-07-29T23:06:32.802593+00:00,0849425c-1587-4426-afce-e05e5ed7de6f,False
2026-07-29,FINAL_PREGAME_POPULATION,cleanroom_20260729T230547Z,824487,608070,2026-07-29T23:05:41+00:00,LINEUP_AFTER_GOVERNING_CAPTURE,2026-07-29T23:06:32.802593+00:00,0849425c-1587-4426-afce-e05e5ed7de6f,False
2026-07-29,FINAL_PREGAME_POPULATION,cleanroom_20260729T194916Z,824487,663886,2026-07-29T19:48:57+00:00,LINEUP_AFTER_GOVERNING_CAPTURE,2026-07-29T19:49:55.463824+00:00,e8b3abc7-ae2b-4571-a977-3b96b6db0d08,False
2026-07-29,FINAL_PREGAME_POPULATION,cleanroom_20260729T175530Z,824487,668709,2026-07-29T17:55:21+00:00,ORDER_NOT_CONFIRMED,,,False
2026-07-29,FINAL_PREGAME_POPULATION,cleanroom_20260729T230547Z,824487,672275,2026-07-29T23:05:41+00:00,LINEUP_AFTER_GOVERNING_CAPTURE,2026-07-29T23:06:32.802593+00:00,0849425c-1587-4426-afce-e05e5ed7de6f,False
2026-07-29,FINAL_PREGAME_POPULATION,cleanroom_20260729T230547Z,824487,672356,2026-07-29T23:05:41+00:00,LINEUP_AFTER_GOVERNING_CAPTURE,2026-07-29T23:06:32.802593+00:00,0849425c-1587-4426-afce-e05e5ed7de6f,False
2026-07-29,FINAL_PREGAME_POPULATION,cleanroom_20260729T230547Z,824487,677587,2026-07-29T23:05:41+00:00,LINEUP_AFTER_GOVERNING_CAPTURE,2026-07-29T23:06:32.802593+00:00,0849425c-1587-4426-afce-e05e5ed7de6f,False
2026-07-29,FINAL_PREGAME_POPULATION,cleanroom_20260729T230547Z,824487,680757,2026-07-29T23:05:41+00:00,LINEUP_AFTER_GOVERNING_CAPTURE,2026-07-29T23:06:32.802593+00:00,0849425c-1587-4426-afce-e05e5ed7de6f,False
2026-07-29,FINAL_PREGAME_POPULATION,cleanroom_20260729T230547Z,824487,682657,2026-07-29T23:05:41+00:00,ORDER_NOT_CONFIRMED,,,False
2026-07-29,FINAL_PREGAME_POPULATION,cleanroom_20260729T230547Z,824487,682829,2026-07-29T23:05:41+00:00,LINEUP_AFTER_GOVERNING_CAPTURE,2026-07-29T23:06:32.802593+00:00,0849425c-1587-4426-afce-e05e5ed7de6f,False
2026-07-29,FINAL_PREGAME_POPULATION,cleanroom_20260729T230547Z,824487,683953,2026-07-29T23:05:41+00:00,LINEUP_AFTER_GOVERNING_CAPTURE,2026-07-29T23:06:32.802593+00:00,0849425c-1587-4426-afce-e05e5ed7de6f,False
2026-07-29,FINAL_PREGAME_POPULATION,cleanroom_20260729T135332Z,824487,690984,2026-07-29T13:52:55+00:00,ORDER_NOT_CONFIRMED,,,False
2026-07-29,FINAL_PREGAME_POPULATION,cleanroom_20260729T230547Z,824487,700932,2026-07-29T23:05:41+00:00,LINEUP_AFTER_GOVERNING_CAPTURE,2026-07-29T23:06:32.802593+00:00,0849425c-1587-4426-afce-e05e5ed7de6f,False
2026-07-29,FINAL_PREGAME_POPULATION,cleanroom_20260729T230547Z,824487,701398,2026-07-29T23:05:41+00:00,LINEUP_AFTER_GOVERNING_CAPTURE,2026-07-29T23:06:32.802593+00:00,0849425c-1587-4426-afce-e05e5ed7de6f,False
2026-07-29,FINAL_PREGAME_POPULATION,cleanroom_20260729T230547Z,824487,800050,2026-07-29T23:05:41+00:00,LINEUP_AFTER_GOVERNING_CAPTURE,2026-07-29T23:06:32.802593+00:00,0849425c-1587-4426-afce-e05e5ed7de6f,False
2026-07-29,FINAL_PREGAME_POPULATION,cleanroom_20260729T233728Z,824567,502671,2026-07-29T23:37:41+00:00,LINEUP_AFTER_GOVERNING_CAPTURE,2026-07-29T23:38:11.181415+00:00,05825407-7ca5-4418-9a38-f2ec4286e7d0,False
2026-07-29,FINAL_PREGAME_POPULATION,cleanroom_20260729T135332Z,824567,641857,2026-07-29T13:53:46+00:00,ORDER_NOT_CONFIRMED,,,False
2026-07-29,FINAL_PREGAME_POPULATION,cleanroom_20260729T233728Z,824567,663757,2026-07-29T23:37:41+00:00,LINEUP_AFTER_GOVERNING_CAPTURE,2026-07-29T23:38:11.181415+00:00,05825407-7ca5-4418-9a38-f2ec4286e7d0,False
2026-07-29,FINAL_PREGAME_POPULATION,cleanroom_20260729T233728Z,824567,665862,2026-07-29T23:37:41+00:00,LINEUP_AFTER_GOVERNING_CAPTURE,2026-07-29T23:38:11.181415+00:00,05825407-7ca5-4418-9a38-f2ec4286e7d0,False
2026-07-29,FINAL_PREGAME_POPULATION,cleanroom_20260729T233728Z,824567,678246,2026-07-29T23:37:41+00:00,LINEUP_AFTER_GOVERNING_CAPTURE,2026-07-29T23:38:11.181415+00:00,05825407-7ca5-4418-9a38-f2ec4286e7d0,False
2026-07-29,FINAL_PREGAME_POPULATION,cleanroom_20260729T233728Z,824567,682987,2026-07-29T23:37:41+00:00,LINEUP_AFTER_GOVERNING_CAPTURE,2026-07-29T23:38:11.181415+00:00,05825407-7ca5-4418-9a38-f2ec4286e7d0,False
2026-07-29,FINAL_PREGAME_POPULATION,cleanroom_20260729T233728Z,824567,691176,2026-07-29T23:37:41+00:00,LINEUP_AFTER_GOVERNING_CAPTURE,2026-07-29T23:38:11.181415+00:00,05825407-7ca5-4418-9a38-f2ec4286e7d0,False
2026-07-29,FINAL_PREGAME_POPULATION,cleanroom_20260729T233728Z,824567,695657,2026-07-29T23:37:41+00:00,LINEUP_AFTER_GOVERNING_CAPTURE,2026-07-29T23:38:11.181415+00:00,05825407-7ca5-4418-9a38-f2ec4286e7d0,False
2026-07-29,FINAL_PREGAME_POPULATION,cleanroom_20260729T233728Z,824567,700250,2026-07-29T23:37:41+00:00,LINEUP_AFTER_GOVERNING_CAPTURE,2026-07-29T23:38:11.181415+00:00,05825407-7ca5-4418-9a38-f2ec4286e7d0,False
2026-07-29,FINAL_PREGAME_POPULATION,cleanroom_20260729T233728Z,824567,803011,2026-07-29T23:37:41+00:00,LINEUP_AFTER_GOVERNING_CAPTURE,2026-07-29T23:38:11.181415+00:00,05825407-7ca5-4418-9a38-f2ec4286e7d0,False
2026-07-29,FINAL_PREGAME_POPULATION,cleanroom_20260729T233728Z,824567,808959,2026-07-29T23:37:41+00:00,LINEUP_AFTER_GOVERNING_CAPTURE,2026-07-29T23:38:11.181415+00:00,05825407-7ca5-4418-9a38-f2ec4286e7d0,False
2026-07-29,FINAL_PREGAME_POPULATION,cleanroom_20260730T011042Z,824973,575929,2026-07-30T01:11:16+00:00,LINEUP_AFTER_GOVERNING_CAPTURE,2026-07-30T01:11:51.049826+00:00,aaa8c7b1-e766-4164-bbd5-8da8d18a659b,False
2026-07-29,FINAL_PREGAME_POPULATION,cleanroom_20260730T011042Z,824973,641680,2026-07-30T01:11:16+00:00,LINEUP_AFTER_GOVERNING_CAPTURE,2026-07-30T01:11:51.049826+00:00,aaa8c7b1-e766-4164-bbd5-8da8d18a659b,False
2026-07-29,FINAL_PREGAME_POPULATION,cleanroom_20260730T011042Z,824973,643446,2026-07-30T01:11:16+00:00,ORDER_NOT_CONFIRMED,,,False
2026-07-29,FINAL_PREGAME_POPULATION,cleanroom_20260730T011042Z,824973,655316,2026-07-30T01:11:16+00:00,LINEUP_AFTER_GOVERNING_CAPTURE,2026-07-30T01:11:51.049826+00:00,aaa8c7b1-e766-4164-bbd5-8da8d18a659b,False
2026-07-29,FINAL_PREGAME_POPULATION,cleanroom_20260730T011042Z,824973,657136,2026-07-30T01:11:16+00:00,LINEUP_AFTER_GOVERNING_CAPTURE,2026-07-30T01:11:51.049826+00:00,aaa8c7b1-e766-4164-bbd5-8da8d18a659b,False
2026-07-29,FINAL_PREGAME_POPULATION,cleanroom_20260730T011042Z,824973,663853,2026-07-30T01:11:16+00:00,LINEUP_AFTER_GOVERNING_CAPTURE,2026-07-30T01:11:51.049826+00:00,aaa8c7b1-e766-4164-bbd5-8da8d18a659b,False
2026-07-29,FINAL_PREGAME_POPULATION,cleanroom_20260730T011042Z,824973,665966,2026-07-30T01:11:16+00:00,ORDER_NOT_CONFIRMED,,,False
2026-07-29,FINAL_PREGAME_POPULATION,cleanroom_20260730T011042Z,824973,677800,2026-07-30T01:11:16+00:00,LINEUP_AFTER_GOVERNING_CAPTURE,2026-07-30T01:11:51.049826+00:00,aaa8c7b1-e766-4164-bbd5-8da8d18a659b,False
2026-07-29,FINAL_PREGAME_POPULATION,cleanroom_20260730T011042Z,824973,678882,2026-07-30T01:11:16+00:00,LINEUP_AFTER_GOVERNING_CAPTURE,2026-07-30T01:11:51.049826+00:00,aaa8c7b1-e766-4164-bbd5-8da8d18a659b,False
2026-07-29,FINAL_PREGAME_POPULATION,cleanroom_20260730T011042Z,824973,680776,2026-07-30T01:11:16+00:00,ORDER_NOT_CONFIRMED,,,False
2026-07-29,FINAL_PREGAME_POPULATION,cleanroom_20260730T011042Z,824973,686765,2026-07-30T01:11:16+00:00,LINEUP_AFTER_GOVERNING_CAPTURE,2026-07-30T01:11:51.049826+00:00,aaa8c7b1-e766-4164-bbd5-8da8d18a659b,False
2026-07-29,FINAL_PREGAME_POPULATION,cleanroom_20260730T011042Z,824973,687515,2026-07-30T01:11:16+00:00,LINEUP_AFTER_GOVERNING_CAPTURE,2026-07-30T01:11:51.049826+00:00,aaa8c7b1-e766-4164-bbd5-8da8d18a659b,False
2026-07-29,FINAL_PREGAME_POPULATION,cleanroom_20260730T011042Z,824973,691016,2026-07-30T01:11:16+00:00,LINEUP_AFTER_GOVERNING_CAPTURE,2026-07-30T01:11:51.049826+00:00,aaa8c7b1-e766-4164-bbd5-8da8d18a659b,False
2026-07-29,FINAL_PREGAME_POPULATION,cleanroom_20260730T011042Z,824973,695720,2026-07-30T01:11:16+00:00,LINEUP_AFTER_GOVERNING_CAPTURE,2026-07-30T01:11:51.049826+00:00,aaa8c7b1-e766-4164-bbd5-8da8d18a659b,False
2026-07-29,FINAL_PREGAME_POPULATION,cleanroom_20260730T011042Z,824973,701762,2026-07-30T01:11:16+00:00,LINEUP_AFTER_GOVERNING_CAPTURE,2026-07-30T01:11:51.049826+00:00,aaa8c7b1-e766-4164-bbd5-8da8d18a659b,False
2026-07-29,FINAL_PREGAME_POPULATION,cleanroom_20260730T011042Z,824973,702332,2026-07-30T01:11:16+00:00,LINEUP_AFTER_GOVERNING_CAPTURE,2026-07-30T01:11:51.049826+00:00,aaa8c7b1-e766-4164-bbd5-8da8d18a659b,False
2026-07-29,FINAL_PREGAME_POPULATION,cleanroom_20260730T011042Z,824973,703607,2026-07-30T01:11:16+00:00,LINEUP_AFTER_GOVERNING_CAPTURE,2026-07-30T01:11:51.049826+00:00,aaa8c7b1-e766-4164-bbd5-8da8d18a659b,False
2026-07-29,FINAL_PREGAME_POPULATION,cleanroom_20260730T011042Z,824973,805779,2026-07-30T01:11:16+00:00,LINEUP_AFTER_GOVERNING_CAPTURE,2026-07-30T01:11:51.049826+00:00,aaa8c7b1-e766-4164-bbd5-8da8d18a659b,False
2026-07-30,IMMUTABLE_SNAPSHOT,cleanroom_20260730T151828Z,822946,607043,2026-07-30 15:18:09+00:00,LINEUP_AFTER_GOVERNING_CAPTURE,2026-07-30T15:19:03.087975+00:00,2d4f8728-be75-4020-999b-9483fa17e926,False
2026-07-30,IMMUTABLE_SNAPSHOT,cleanroom_20260730T151828Z,822946,650490,2026-07-30 15:18:09+00:00,LINEUP_AFTER_GOVERNING_CAPTURE,2026-07-30T15:19:03.087975+00:00,2d4f8728-be75-4020-999b-9483fa17e926,False
2026-07-30,IMMUTABLE_SNAPSHOT,cleanroom_20260730T151828Z,822946,656775,2026-07-30 15:18:09+00:00,LINEUP_AFTER_GOVERNING_CAPTURE,2026-07-30T15:19:03.087975+00:00,2d4f8728-be75-4020-999b-9483fa17e926,False
2026-07-30,IMMUTABLE_SNAPSHOT,cleanroom_20260730T151828Z,822946,666018,2026-07-30 15:18:09+00:00,LINEUP_AFTER_GOVERNING_CAPTURE,2026-07-30T15:19:03.087975+00:00,2d4f8728-be75-4020-999b-9483fa17e926,False
2026-07-30,IMMUTABLE_SNAPSHOT,cleanroom_20260730T151828Z,822946,669394,2026-07-30 15:18:09+00:00,LINEUP_AFTER_GOVERNING_CAPTURE,2026-07-30T15:19:03.087975+00:00,2d4f8728-be75-4020-999b-9483fa17e926,False
2026-07-30,IMMUTABLE_SNAPSHOT,cleanroom_20260730T151828Z,822946,676356,2026-07-30 15:18:09+00:00,LINEUP_AFTER_GOVERNING_CAPTURE,2026-07-30T15:19:03.087975+00:00,2d4f8728-be75-4020-999b-9483fa17e926,False
2026-07-30,IMMUTABLE_SNAPSHOT,cleanroom_20260730T151828Z,822946,677649,2026-07-30 15:18:09+00:00,LINEUP_AFTER_GOVERNING_CAPTURE,2026-07-30T15:19:03.087975+00:00,2d4f8728-be75-4020-999b-9483fa17e926,False
2026-07-30,IMMUTABLE_SNAPSHOT,cleanroom_20260730T151828Z,822946,683748,2026-07-30 15:18:09+00:00,LINEUP_AFTER_GOVERNING_CAPTURE,2026-07-30T15:19:03.087975+00:00,2d4f8728-be75-4020-999b-9483fa17e926,False
2026-07-30,IMMUTABLE_SNAPSHOT,cleanroom_20260730T151828Z,822946,691406,2026-07-30 15:18:09+00:00,LINEUP_AFTER_GOVERNING_CAPTURE,2026-07-30T15:19:03.087975+00:00,2d4f8728-be75-4020-999b-9483fa17e926,False
2026-07-30,IMMUTABLE_SNAPSHOT,cleanroom_20260730T151828Z,822946,694671,2026-07-30 15:18:09+00:00,LINEUP_AFTER_GOVERNING_CAPTURE,2026-07-30T15:19:03.087975+00:00,2d4f8728-be75-4020-999b-9483fa17e926,False
2026-07-30,IMMUTABLE_SNAPSHOT,cleanroom_20260730T151828Z,822946,802415,2026-07-30 15:18:09+00:00,ORDER_NOT_CONFIRMED,,,False
2026-07-30,IMMUTABLE_SNAPSHOT,cleanroom_20260730T151828Z,822946,810938,2026-07-30 15:18:09+00:00,LINEUP_AFTER_GOVERNING_CAPTURE,2026-07-30T15:19:03.087975+00:00,2d4f8728-be75-4020-999b-9483fa17e926,False
2026-07-30,IMMUTABLE_SNAPSHOT,cleanroom_20260730T151828Z,823023,608324,2026-07-30 15:16:44+00:00,ORDER_NOT_CONFIRMED,,,False
2026-07-30,IMMUTABLE_SNAPSHOT,cleanroom_20260730T151828Z,823023,663457,2026-07-30 15:16:44+00:00,ORDER_NOT_CONFIRMED,,,False
2026-07-30,IMMUTABLE_SNAPSHOT,cleanroom_20260730T151828Z,823023,663538,2026-07-30 15:16:44+00:00,ORDER_NOT_CONFIRMED,,,False
2026-07-30,IMMUTABLE_SNAPSHOT,cleanroom_20260730T151828Z,823023,664023,2026-07-30 15:16:44+00:00,ORDER_NOT_CONFIRMED,,,False
2026-07-30,IMMUTABLE_SNAPSHOT,cleanroom_20260730T151828Z,823023,671056,2026-07-30 15:16:44+00:00,ORDER_NOT_CONFIRMED,,,False
2026-07-30,IMMUTABLE_SNAPSHOT,cleanroom_20260730T151828Z,823023,673548,2026-07-30 15:16:44+00:00,ORDER_NOT_CONFIRMED,,,False
2026-07-30,IMMUTABLE_SNAPSHOT,cleanroom_20260730T151828Z,823023,676475,2026-07-30 15:16:44+00:00,ORDER_NOT_CONFIRMED,,,False
2026-07-30,IMMUTABLE_SNAPSHOT,cleanroom_20260730T151828Z,823023,683737,2026-07-30 15:16:44+00:00,ORDER_NOT_CONFIRMED,,,False
2026-07-30,IMMUTABLE_SNAPSHOT,cleanroom_20260730T151828Z,823023,691023,2026-07-30 15:16:44+00:00,ORDER_NOT_CONFIRMED,,,False
2026-07-30,IMMUTABLE_SNAPSHOT,cleanroom_20260730T151828Z,823023,691026,2026-07-30 15:16:44+00:00,ORDER_NOT_CONFIRMED,,,False
2026-07-30,IMMUTABLE_SNAPSHOT,cleanroom_20260730T151828Z,823023,691458,2026-07-30 15:16:44+00:00,ORDER_NOT_CONFIRMED,,,False
2026-07-30,IMMUTABLE_SNAPSHOT,cleanroom_20260730T151828Z,823023,691718,2026-07-30 15:16:44+00:00,ORDER_NOT_CONFIRMED,,,False
2026-07-30,IMMUTABLE_SNAPSHOT,cleanroom_20260730T151828Z,823023,699393,2026-07-30 15:16:44+00:00,ORDER_NOT_CONFIRMED,,,False
2026-07-30,IMMUTABLE_SNAPSHOT,cleanroom_20260730T151828Z,823023,701675,2026-07-30 15:16:44+00:00,ORDER_NOT_CONFIRMED,,,False
2026-07-30,IMMUTABLE_SNAPSHOT,cleanroom_20260730T151828Z,823023,802139,2026-07-30 15:16:44+00:00,ORDER_NOT_CONFIRMED,,,False
2026-07-30,IMMUTABLE_SNAPSHOT,cleanroom_20260730T151828Z,823271,592518,2026-07-30 15:18:53+00:00,ORDER_NOT_CONFIRMED,,,False
2026-07-30,IMMUTABLE_SNAPSHOT,cleanroom_20260730T151828Z,823271,593428,2026-07-30 15:18:53+00:00,ORDER_NOT_CONFIRMED,,,False
2026-07-30,IMMUTABLE_SNAPSHOT,cleanroom_20260730T151828Z,823271,642715,2026-07-30 15:18:53+00:00,ORDER_NOT_CONFIRMED,,,False
2026-07-30,IMMUTABLE_SNAPSHOT,cleanroom_20260730T151828Z,823271,646240,2026-07-30 15:18:53+00:00,ORDER_NOT_CONFIRMED,,,False
2026-07-30,IMMUTABLE_SNAPSHOT,cleanroom_20260730T151828Z,823271,650333,2026-07-30 15:18:53+00:00,ORDER_NOT_CONFIRMED,,,False
2026-07-30,IMMUTABLE_SNAPSHOT,cleanroom_20260730T151828Z,823271,650859,2026-07-30 15:18:53+00:00,ORDER_NOT_CONFIRMED,,,False
2026-07-30,IMMUTABLE_SNAPSHOT,cleanroom_20260730T151828Z,823271,664034,2026-07-30 15:18:53+00:00,ORDER_NOT_CONFIRMED,,,False
2026-07-30,IMMUTABLE_SNAPSHOT,cleanroom_20260730T151828Z,823271,665487,2026-07-30 15:18:53+00:00,ORDER_NOT_CONFIRMED,,,False
2026-07-30,IMMUTABLE_SNAPSHOT,cleanroom_20260730T151828Z,823271,671218,2026-07-30 15:18:53+00:00,ORDER_NOT_CONFIRMED,,,False
2026-07-30,IMMUTABLE_SNAPSHOT,cleanroom_20260730T151828Z,823271,701538,2026-07-30 15:18:53+00:00,ORDER_NOT_CONFIRMED,,,False
2026-07-30,IMMUTABLE_SNAPSHOT,cleanroom_20260730T151828Z,823271,805811,2026-07-30 15:18:53+00:00,ORDER_NOT_CONFIRMED,,,False
2026-07-30,IMMUTABLE_SNAPSHOT,cleanroom_20260730T151828Z,823271,808982,2026-07-30 15:18:53+00:00,ORDER_NOT_CONFIRMED,,,False
2026-07-30,IMMUTABLE_SNAPSHOT,cleanroom_20260730T151828Z,823595,596019,2026-07-30 15:18:18+00:00,ORDER_NOT_CONFIRMED,,,False
2026-07-30,IMMUTABLE_SNAPSHOT,cleanroom_20260730T151828Z,823595,666182,2026-07-30 15:18:18+00:00,ORDER_NOT_CONFIRMED,,,False
2026-07-30,IMMUTABLE_SNAPSHOT,cleanroom_20260730T151828Z,823595,669065,2026-07-30 15:18:18+00:00,ORDER_NOT_CONFIRMED,,,False
2026-07-30,IMMUTABLE_SNAPSHOT,cleanroom_20260730T151828Z,823595,672640,2026-07-30 15:18:18+00:00,ORDER_NOT_CONFIRMED,,,False
2026-07-30,IMMUTABLE_SNAPSHOT,cleanroom_20260730T151828Z,823595,681715,2026-07-30 15:18:18+00:00,ORDER_NOT_CONFIRMED,,,False
2026-07-30,IMMUTABLE_SNAPSHOT,cleanroom_20260730T151828Z,823674,521692,2026-07-30 15:18:40+00:00,LINEUP_AFTER_GOVERNING_CAPTURE,2026-07-30T15:19:03.081771+00:00,2d4f8728-be75-4020-999b-9483fa17e926,False
2026-07-30,IMMUTABLE_SNAPSHOT,cleanroom_20260730T151828Z,823674,605137,2026-07-30 15:18:40+00:00,LINEUP_AFTER_GOVERNING_CAPTURE,2026-07-30T15:19:03.081771+00:00,2d4f8728-be75-4020-999b-9483fa17e926,False
2026-07-30,IMMUTABLE_SNAPSHOT,cleanroom_20260730T151828Z,823674,605170,2026-07-30 15:18:40+00:00,ORDER_NOT_CONFIRMED,,,False
2026-07-30,IMMUTABLE_SNAPSHOT,cleanroom_20260730T151828Z,823674,657041,2026-07-30 15:18:40+00:00,ORDER_NOT_CONFIRMED,,,False
2026-07-30,IMMUTABLE_SNAPSHOT,cleanroom_20260730T151828Z,823674,665019,2026-07-30 15:18:40+00:00,LINEUP_AFTER_GOVERNING_CAPTURE,2026-07-30T15:19:03.081771+00:00,2d4f8728-be75-4020-999b-9483fa17e926,False
2026-07-30,IMMUTABLE_SNAPSHOT,cleanroom_20260730T151828Z,823674,668885,2026-07-30 15:18:40+00:00,LINEUP_AFTER_GOVERNING_CAPTURE,2026-07-30T15:19:03.081771+00:00,2d4f8728-be75-4020-999b-9483fa17e926,False
2026-07-30,IMMUTABLE_SNAPSHOT,cleanroom_20260730T151828Z,823674,668904,2026-07-30 15:18:40+00:00,LINEUP_AFTER_GOVERNING_CAPTURE,2026-07-30T15:19:03.081771+00:00,2d4f8728-be75-4020-999b-9483fa17e926,False
2026-07-30,IMMUTABLE_SNAPSHOT,cleanroom_20260730T151828Z,823674,670231,2026-07-30 15:18:40+00:00,LINEUP_AFTER_GOVERNING_CAPTURE,2026-07-30T15:19:03.081771+00:00,2d4f8728-be75-4020-999b-9483fa17e926,False
2026-07-30,IMMUTABLE_SNAPSHOT,cleanroom_20260730T151828Z,823674,679845,2026-07-30 15:18:40+00:00,LINEUP_AFTER_GOVERNING_CAPTURE,2026-07-30T15:19:03.081771+00:00,2d4f8728-be75-4020-999b-9483fa17e926,False
2026-07-30,IMMUTABLE_SNAPSHOT,cleanroom_20260730T151828Z,823674,680777,2026-07-30 15:18:40+00:00,LINEUP_AFTER_GOVERNING_CAPTURE,2026-07-30T15:19:03.081771+00:00,2d4f8728-be75-4020-999b-9483fa17e926,False
2026-07-30,IMMUTABLE_SNAPSHOT,cleanroom_20260730T151828Z,823674,686681,2026-07-30 15:18:40+00:00,LINEUP_AFTER_GOVERNING_CAPTURE,2026-07-30T15:19:03.081771+00:00,2d4f8728-be75-4020-999b-9483fa17e926,False
2026-07-30,IMMUTABLE_SNAPSHOT,cleanroom_20260730T151828Z,823674,686797,2026-07-30 15:18:40+00:00,LINEUP_AFTER_GOVERNING_CAPTURE,2026-07-30T15:19:03.081771+00:00,2d4f8728-be75-4020-999b-9483fa17e926,False
2026-07-30,IMMUTABLE_SNAPSHOT,cleanroom_20260730T151828Z,823674,695506,2026-07-30 15:18:40+00:00,LINEUP_AFTER_GOVERNING_CAPTURE,2026-07-30T15:19:03.081771+00:00,2d4f8728-be75-4020-999b-9483fa17e926,False
2026-07-30,IMMUTABLE_SNAPSHOT,cleanroom_20260730T151828Z,823674,695600,2026-07-30 15:18:40+00:00,LINEUP_AFTER_GOVERNING_CAPTURE,2026-07-30T15:19:03.081771+00:00,2d4f8728-be75-4020-999b-9483fa17e926,False
2026-07-30,IMMUTABLE_SNAPSHOT,cleanroom_20260730T151828Z,823674,807712,2026-07-30 15:18:40+00:00,LINEUP_AFTER_GOVERNING_CAPTURE,2026-07-30T15:19:03.081771+00:00,2d4f8728-be75-4020-999b-9483fa17e926,False
2026-07-30,IMMUTABLE_SNAPSHOT,cleanroom_20260730T151828Z,823921,518692,2026-07-30 15:18:35+00:00,ORDER_NOT_CONFIRMED,,,False
2026-07-30,IMMUTABLE_SNAPSHOT,cleanroom_20260730T151828Z,823921,571970,2026-07-30 15:18:35+00:00,ORDER_NOT_CONFIRMED,,,False
2026-07-30,IMMUTABLE_SNAPSHOT,cleanroom_20260730T151828Z,823921,605141,2026-07-30 15:18:35+00:00,ORDER_NOT_CONFIRMED,,,False
2026-07-30,IMMUTABLE_SNAPSHOT,cleanroom_20260730T151828Z,823921,606192,2026-07-30 15:18:35+00:00,ORDER_NOT_CONFIRMED,,,False
2026-07-30,IMMUTABLE_SNAPSHOT,cleanroom_20260730T151828Z,823921,647304,2026-07-30 15:18:35+00:00,ORDER_NOT_CONFIRMED,,,False
2026-07-30,IMMUTABLE_SNAPSHOT,cleanroom_20260730T151828Z,823921,660271,2026-07-30 15:18:35+00:00,ORDER_NOT_CONFIRMED,,,False
2026-07-30,IMMUTABLE_SNAPSHOT,cleanroom_20260730T151828Z,823921,663656,2026-07-30 15:18:35+00:00,ORDER_NOT_CONFIRMED,,,False
2026-07-30,IMMUTABLE_SNAPSHOT,cleanroom_20260730T151828Z,823921,663728,2026-07-30 15:18:35+00:00,ORDER_NOT_CONFIRMED,,,False
2026-07-30,IMMUTABLE_SNAPSHOT,cleanroom_20260730T151828Z,823921,668227,2026-07-30 15:18:35+00:00,ORDER_NOT_CONFIRMED,,,False
2026-07-30,IMMUTABLE_SNAPSHOT,cleanroom_20260730T151828Z,823921,669242,2026-07-30 15:18:35+00:00,ORDER_NOT_CONFIRMED,,,False
2026-07-30,IMMUTABLE_SNAPSHOT,cleanroom_20260730T151828Z,823921,677594,2026-07-30 15:18:35+00:00,ORDER_NOT_CONFIRMED,,,False
2026-07-30,IMMUTABLE_SNAPSHOT,cleanroom_20260730T151828Z,823921,681624,2026-07-30 15:18:35+00:00,ORDER_NOT_CONFIRMED,,,False
2026-07-30,IMMUTABLE_SNAPSHOT,cleanroom_20260730T151828Z,823921,686527,2026-07-30 15:18:35+00:00,ORDER_NOT_CONFIRMED,,,False
2026-07-30,IMMUTABLE_SNAPSHOT,cleanroom_20260730T151828Z,823921,687221,2026-07-30 15:18:35+00:00,ORDER_NOT_CONFIRMED,,,False
2026-07-30,IMMUTABLE_SNAPSHOT,cleanroom_20260730T151828Z,823921,702284,2026-07-30 15:18:35+00:00,ORDER_NOT_CONFIRMED,,,False
2026-07-30,IMMUTABLE_SNAPSHOT,cleanroom_20260730T151828Z,824488,553993,2026-07-30 15:18:43+00:00,ORDER_NOT_CONFIRMED,,,False
2026-07-30,IMMUTABLE_SNAPSHOT,cleanroom_20260730T151828Z,824488,656811,2026-07-30 15:18:43+00:00,ORDER_NOT_CONFIRMED,,,False
2026-07-30,IMMUTABLE_SNAPSHOT,cleanroom_20260730T151828Z,824488,663886,2026-07-30 15:18:43+00:00,ORDER_NOT_CONFIRMED,,,False
2026-07-30,IMMUTABLE_SNAPSHOT,cleanroom_20260730T151828Z,824488,663968,2026-07-30 15:18:43+00:00,ORDER_NOT_CONFIRMED,,,False
2026-07-30,IMMUTABLE_SNAPSHOT,cleanroom_20260730T151828Z,824488,663993,2026-07-30 15:18:43+00:00,ORDER_NOT_CONFIRMED,,,False
2026-07-30,IMMUTABLE_SNAPSHOT,cleanroom_20260730T151828Z,824488,664040,2026-07-30 15:18:43+00:00,ORDER_NOT_CONFIRMED,,,False
2026-07-30,IMMUTABLE_SNAPSHOT,cleanroom_20260730T151828Z,824488,668709,2026-07-30 15:18:43+00:00,ORDER_NOT_CONFIRMED,,,False
2026-07-30,IMMUTABLE_SNAPSHOT,cleanroom_20260730T151828Z,824488,668804,2026-07-30 15:18:43+00:00,ORDER_NOT_CONFIRMED,,,False
2026-07-30,IMMUTABLE_SNAPSHOT,cleanroom_20260730T151828Z,824488,682622,2026-07-30 15:18:43+00:00,ORDER_NOT_CONFIRMED,,,False
2026-07-30,IMMUTABLE_SNAPSHOT,cleanroom_20260730T151828Z,824488,682829,2026-07-30 15:18:43+00:00,ORDER_NOT_CONFIRMED,,,False
2026-07-30,IMMUTABLE_SNAPSHOT,cleanroom_20260730T151828Z,824488,682848,2026-07-30 15:18:43+00:00,ORDER_NOT_CONFIRMED,,,False
2026-07-30,IMMUTABLE_SNAPSHOT,cleanroom_20260730T151828Z,824488,693304,2026-07-30 15:18:43+00:00,ORDER_NOT_CONFIRMED,,,False
2026-07-30,IMMUTABLE_SNAPSHOT,cleanroom_20260730T151828Z,824488,699013,2026-07-30 15:18:43+00:00,ORDER_NOT_CONFIRMED,,,False
2026-07-30,IMMUTABLE_SNAPSHOT,cleanroom_20260730T151828Z,824488,701398,2026-07-30 15:18:43+00:00,ORDER_NOT_CONFIRMED,,,False
2026-07-30,IMMUTABLE_SNAPSHOT,cleanroom_20260730T151828Z,824568,502671,2026-07-30 15:18:41+00:00,LINEUP_AFTER_GOVERNING_CAPTURE,2026-07-30T15:19:03.089909+00:00,2d4f8728-be75-4020-999b-9483fa17e926,False
2026-07-30,IMMUTABLE_SNAPSHOT,cleanroom_20260730T151828Z,824568,545341,2026-07-30 15:18:41+00:00,LINEUP_AFTER_GOVERNING_CAPTURE,2026-07-30T15:19:03.089909+00:00,2d4f8728-be75-4020-999b-9483fa17e926,False
2026-07-30,IMMUTABLE_SNAPSHOT,cleanroom_20260730T151828Z,824568,663757,2026-07-30 15:18:41+00:00,LINEUP_AFTER_GOVERNING_CAPTURE,2026-07-30T15:19:03.089909+00:00,2d4f8728-be75-4020-999b-9483fa17e926,False
2026-07-30,IMMUTABLE_SNAPSHOT,cleanroom_20260730T151828Z,824568,678246,2026-07-30 15:18:41+00:00,LINEUP_AFTER_GOVERNING_CAPTURE,2026-07-30T15:19:03.089909+00:00,2d4f8728-be75-4020-999b-9483fa17e926,False
2026-07-30,IMMUTABLE_SNAPSHOT,cleanroom_20260730T151828Z,824568,691176,2026-07-30 15:18:41+00:00,LINEUP_AFTER_GOVERNING_CAPTURE,2026-07-30T15:19:03.089909+00:00,2d4f8728-be75-4020-999b-9483fa17e926,False
2026-07-30,IMMUTABLE_SNAPSHOT,cleanroom_20260730T151828Z,824568,695657,2026-07-30 15:18:41+00:00,LINEUP_AFTER_GOVERNING_CAPTURE,2026-07-30T15:19:03.089909+00:00,2d4f8728-be75-4020-999b-9483fa17e926,False
2026-07-30,IMMUTABLE_SNAPSHOT,cleanroom_20260730T151828Z,824568,700250,2026-07-30 15:18:41+00:00,LINEUP_AFTER_GOVERNING_CAPTURE,2026-07-30T15:19:03.089909+00:00,2d4f8728-be75-4020-999b-9483fa17e926,False
2026-07-30,IMMUTABLE_SNAPSHOT,cleanroom_20260730T151828Z,824568,805367,2026-07-30 15:18:41+00:00,LINEUP_AFTER_GOVERNING_CAPTURE,2026-07-30T15:19:03.089909+00:00,2d4f8728-be75-4020-999b-9483fa17e926,False
2026-07-30,IMMUTABLE_SNAPSHOT,cleanroom_20260730T151828Z,824568,808959,2026-07-30 15:18:41+00:00,LINEUP_AFTER_GOVERNING_CAPTURE,2026-07-30T15:19:03.089909+00:00,2d4f8728-be75-4020-999b-9483fa17e926,False
2026-07-30,IMMUTABLE_SNAPSHOT,cleanroom_20260730T151828Z,824894,621566,2026-07-30 15:17:58+00:00,ORDER_NOT_CONFIRMED,,,False
2026-07-30,IMMUTABLE_SNAPSHOT,cleanroom_20260730T151828Z,824894,643289,2026-07-30 15:17:58+00:00,ORDER_NOT_CONFIRMED,,,False
2026-07-30,IMMUTABLE_SNAPSHOT,cleanroom_20260730T151828Z,824894,645277,2026-07-30 15:17:58+00:00,ORDER_NOT_CONFIRMED,,,False
2026-07-30,IMMUTABLE_SNAPSHOT,cleanroom_20260730T151828Z,824894,660670,2026-07-30 15:17:58+00:00,ORDER_NOT_CONFIRMED,,,False
2026-07-30,IMMUTABLE_SNAPSHOT,cleanroom_20260730T151828Z,824894,660688,2026-07-30 15:17:58+00:00,ORDER_NOT_CONFIRMED,,,False
2026-07-30,IMMUTABLE_SNAPSHOT,cleanroom_20260730T151828Z,824894,663586,2026-07-30 15:17:58+00:00,ORDER_NOT_CONFIRMED,,,False
2026-07-30,IMMUTABLE_SNAPSHOT,cleanroom_20260730T151828Z,824894,671277,2026-07-30 15:17:58+00:00,ORDER_NOT_CONFIRMED,,,False
2026-07-30,IMMUTABLE_SNAPSHOT,cleanroom_20260730T151828Z,824894,671739,2026-07-30 15:17:58+00:00,ORDER_NOT_CONFIRMED,,,False
2026-07-30,IMMUTABLE_SNAPSHOT,cleanroom_20260730T151828Z,824894,682928,2026-07-30 15:17:58+00:00,ORDER_NOT_CONFIRMED,,,False
2026-07-30,IMMUTABLE_SNAPSHOT,cleanroom_20260730T151828Z,824894,686611,2026-07-30 15:17:58+00:00,ORDER_NOT_CONFIRMED,,,False
2026-07-30,IMMUTABLE_SNAPSHOT,cleanroom_20260730T151828Z,824894,686948,2026-07-30 15:17:58+00:00,ORDER_NOT_CONFIRMED,,,False
2026-07-30,IMMUTABLE_SNAPSHOT,cleanroom_20260730T151828Z,824894,695578,2026-07-30 15:17:58+00:00,ORDER_NOT_CONFIRMED,,,False
2026-07-30,IMMUTABLE_SNAPSHOT,cleanroom_20260730T151828Z,824894,695734,2026-07-30 15:17:58+00:00,ORDER_NOT_CONFIRMED,,,False
2026-07-30,IMMUTABLE_SNAPSHOT,cleanroom_20260730T151828Z,824974,575929,2026-07-30 15:18:32+00:00,ORDER_NOT_CONFIRMED,,,False
2026-07-30,IMMUTABLE_SNAPSHOT,cleanroom_20260730T151828Z,824974,622268,2026-07-30 15:18:32+00:00,ORDER_NOT_CONFIRMED,,,False
2026-07-30,IMMUTABLE_SNAPSHOT,cleanroom_20260730T151828Z,824974,641680,2026-07-30 15:18:32+00:00,ORDER_NOT_CONFIRMED,,,False
2026-07-30,IMMUTABLE_SNAPSHOT,cleanroom_20260730T151828Z,824974,643446,2026-07-30 15:18:32+00:00,ORDER_NOT_CONFIRMED,,,False
2026-07-30,IMMUTABLE_SNAPSHOT,cleanroom_20260730T151828Z,824974,655316,2026-07-30 15:18:32+00:00,ORDER_NOT_CONFIRMED,,,False
2026-07-30,IMMUTABLE_SNAPSHOT,cleanroom_20260730T151828Z,824974,657136,2026-07-30 15:18:32+00:00,ORDER_NOT_CONFIRMED,,,False
2026-07-30,IMMUTABLE_SNAPSHOT,cleanroom_20260730T151828Z,824974,666126,2026-07-30 15:18:32+00:00,ORDER_NOT_CONFIRMED,,,False
2026-07-30,IMMUTABLE_SNAPSHOT,cleanroom_20260730T151828Z,824974,677800,2026-07-30 15:18:32+00:00,ORDER_NOT_CONFIRMED,,,False
2026-07-30,IMMUTABLE_SNAPSHOT,cleanroom_20260730T151828Z,824974,678011,2026-07-30 15:18:32+00:00,ORDER_NOT_CONFIRMED,,,False
2026-07-30,IMMUTABLE_SNAPSHOT,cleanroom_20260730T151828Z,824974,678882,2026-07-30 15:18:32+00:00,ORDER_NOT_CONFIRMED,,,False
2026-07-30,IMMUTABLE_SNAPSHOT,cleanroom_20260730T151828Z,824974,680776,2026-07-30 15:18:32+00:00,ORDER_NOT_CONFIRMED,,,False
2026-07-30,IMMUTABLE_SNAPSHOT,cleanroom_20260730T151828Z,824974,691016,2026-07-30 15:18:32+00:00,ORDER_NOT_CONFIRMED,,,False
2026-07-30,IMMUTABLE_SNAPSHOT,cleanroom_20260730T151828Z,824974,695720,2026-07-30 15:18:32+00:00,ORDER_NOT_CONFIRMED,,,False
2026-07-30,IMMUTABLE_SNAPSHOT,cleanroom_20260730T151828Z,824974,702332,2026-07-30 15:18:32+00:00,ORDER_NOT_CONFIRMED,,,False
2026-07-30,IMMUTABLE_SNAPSHOT,cleanroom_20260730T151828Z,824974,805779,2026-07-30 15:18:32+00:00,ORDER_NOT_CONFIRMED,,,False
2026-07-30,IMMUTABLE_SNAPSHOT,cleanroom_20260730T151828Z,824974,807799,2026-07-30 15:18:32+00:00,ORDER_NOT_CONFIRMED,,,False
2026-07-30,IMMUTABLE_SNAPSHOT,cleanroom_20260730T152503Z,822946,607043,2026-07-30 15:25:09+00:00,LINEUP_AFTER_GOVERNING_CAPTURE,2026-07-30T15:25:37.558402+00:00,c86651b0-cb9f-4be8-9c4f-baf05b69d614,False
2026-07-30,IMMUTABLE_SNAPSHOT,cleanroom_20260730T152503Z,822946,650490,2026-07-30 15:25:09+00:00,LINEUP_AFTER_GOVERNING_CAPTURE,2026-07-30T15:25:37.558402+00:00,c86651b0-cb9f-4be8-9c4f-baf05b69d614,False
2026-07-30,IMMUTABLE_SNAPSHOT,cleanroom_20260730T152503Z,822946,656775,2026-07-30 15:25:09+00:00,LINEUP_AFTER_GOVERNING_CAPTURE,2026-07-30T15:25:37.558402+00:00,c86651b0-cb9f-4be8-9c4f-baf05b69d614,False
2026-07-30,IMMUTABLE_SNAPSHOT,cleanroom_20260730T152503Z,822946,666018,2026-07-30 15:25:09+00:00,LINEUP_AFTER_GOVERNING_CAPTURE,2026-07-30T15:25:37.558402+00:00,c86651b0-cb9f-4be8-9c4f-baf05b69d614,False
2026-07-30,IMMUTABLE_SNAPSHOT,cleanroom_20260730T152503Z,822946,669394,2026-07-30 15:25:09+00:00,LINEUP_AFTER_GOVERNING_CAPTURE,2026-07-30T15:25:37.558402+00:00,c86651b0-cb9f-4be8-9c4f-baf05b69d614,False
2026-07-30,IMMUTABLE_SNAPSHOT,cleanroom_20260730T152503Z,822946,676356,2026-07-30 15:25:09+00:00,LINEUP_AFTER_GOVERNING_CAPTURE,2026-07-30T15:25:37.558402+00:00,c86651b0-cb9f-4be8-9c4f-baf05b69d614,False
2026-07-30,IMMUTABLE_SNAPSHOT,cleanroom_20260730T152503Z,822946,677649,2026-07-30 15:25:09+00:00,LINEUP_AFTER_GOVERNING_CAPTURE,2026-07-30T15:25:37.558402+00:00,c86651b0-cb9f-4be8-9c4f-baf05b69d614,False
2026-07-30,IMMUTABLE_SNAPSHOT,cleanroom_20260730T152503Z,822946,683748,2026-07-30 15:25:09+00:00,LINEUP_AFTER_GOVERNING_CAPTURE,2026-07-30T15:25:37.558402+00:00,c86651b0-cb9f-4be8-9c4f-baf05b69d614,False
2026-07-30,IMMUTABLE_SNAPSHOT,cleanroom_20260730T152503Z,822946,691406,2026-07-30 15:25:09+00:00,LINEUP_AFTER_GOVERNING_CAPTURE,2026-07-30T15:25:37.558402+00:00,c86651b0-cb9f-4be8-9c4f-baf05b69d614,False
2026-07-30,IMMUTABLE_SNAPSHOT,cleanroom_20260730T152503Z,822946,694671,2026-07-30 15:25:09+00:00,LINEUP_AFTER_GOVERNING_CAPTURE,2026-07-30T15:25:37.558402+00:00,c86651b0-cb9f-4be8-9c4f-baf05b69d614,False
2026-07-30,IMMUTABLE_SNAPSHOT,cleanroom_20260730T152503Z,822946,802415,2026-07-30 15:25:09+00:00,ORDER_NOT_CONFIRMED,,,False
2026-07-30,IMMUTABLE_SNAPSHOT,cleanroom_20260730T152503Z,822946,810938,2026-07-30 15:25:09+00:00,LINEUP_AFTER_GOVERNING_CAPTURE,2026-07-30T15:25:37.558402+00:00,c86651b0-cb9f-4be8-9c4f-baf05b69d614,False
2026-07-30,IMMUTABLE_SNAPSHOT,cleanroom_20260730T152503Z,823023,608324,2026-07-30 15:24:50+00:00,ORDER_NOT_CONFIRMED,,,False
2026-07-30,IMMUTABLE_SNAPSHOT,cleanroom_20260730T152503Z,823023,663457,2026-07-30 15:24:50+00:00,ORDER_NOT_CONFIRMED,,,False
2026-07-30,IMMUTABLE_SNAPSHOT,cleanroom_20260730T152503Z,823023,663538,2026-07-30 15:24:50+00:00,ORDER_NOT_CONFIRMED,,,False
2026-07-30,IMMUTABLE_SNAPSHOT,cleanroom_20260730T152503Z,823023,664023,2026-07-30 15:24:50+00:00,ORDER_NOT_CONFIRMED,,,False
2026-07-30,IMMUTABLE_SNAPSHOT,cleanroom_20260730T152503Z,823023,671056,2026-07-30 15:24:50+00:00,ORDER_NOT_CONFIRMED,,,False
2026-07-30,IMMUTABLE_SNAPSHOT,cleanroom_20260730T152503Z,823023,673548,2026-07-30 15:24:50+00:00,ORDER_NOT_CONFIRMED,,,False
2026-07-30,IMMUTABLE_SNAPSHOT,cleanroom_20260730T152503Z,823023,676475,2026-07-30 15:24:50+00:00,ORDER_NOT_CONFIRMED,,,False
2026-07-30,IMMUTABLE_SNAPSHOT,cleanroom_20260730T152503Z,823023,683737,2026-07-30 15:24:50+00:00,ORDER_NOT_CONFIRMED,,,False
2026-07-30,IMMUTABLE_SNAPSHOT,cleanroom_20260730T152503Z,823023,691023,2026-07-30 15:24:50+00:00,ORDER_NOT_CONFIRMED,,,False
2026-07-30,IMMUTABLE_SNAPSHOT,cleanroom_20260730T152503Z,823023,691026,2026-07-30 15:24:50+00:00,ORDER_NOT_CONFIRMED,,,False
2026-07-30,IMMUTABLE_SNAPSHOT,cleanroom_20260730T152503Z,823023,691458,2026-07-30 15:24:50+00:00,ORDER_NOT_CONFIRMED,,,False
2026-07-30,IMMUTABLE_SNAPSHOT,cleanroom_20260730T152503Z,823023,691718,2026-07-30 15:24:50+00:00,ORDER_NOT_CONFIRMED,,,False
2026-07-30,IMMUTABLE_SNAPSHOT,cleanroom_20260730T152503Z,823023,699393,2026-07-30 15:24:50+00:00,ORDER_NOT_CONFIRMED,,,False
2026-07-30,IMMUTABLE_SNAPSHOT,cleanroom_20260730T152503Z,823023,701675,2026-07-30 15:24:50+00:00,ORDER_NOT_CONFIRMED,,,False
2026-07-30,IMMUTABLE_SNAPSHOT,cleanroom_20260730T152503Z,823023,802139,2026-07-30 15:24:50+00:00,ORDER_NOT_CONFIRMED,,,False
2026-07-30,IMMUTABLE_SNAPSHOT,cleanroom_20260730T152503Z,823271,592518,2026-07-30 15:24:42+00:00,ORDER_NOT_CONFIRMED,,,False
2026-07-30,IMMUTABLE_SNAPSHOT,cleanroom_20260730T152503Z,823271,593428,2026-07-30 15:24:42+00:00,ORDER_NOT_CONFIRMED,,,False
2026-07-30,IMMUTABLE_SNAPSHOT,cleanroom_20260730T152503Z,823271,642715,2026-07-30 15:24:42+00:00,ORDER_NOT_CONFIRMED,,,False
2026-07-30,IMMUTABLE_SNAPSHOT,cleanroom_20260730T152503Z,823271,646240,2026-07-30 15:24:42+00:00,ORDER_NOT_CONFIRMED,,,False
2026-07-30,IMMUTABLE_SNAPSHOT,cleanroom_20260730T152503Z,823271,650333,2026-07-30 15:24:42+00:00,ORDER_NOT_CONFIRMED,,,False
2026-07-30,IMMUTABLE_SNAPSHOT,cleanroom_20260730T152503Z,823271,650859,2026-07-30 15:24:42+00:00,ORDER_NOT_CONFIRMED,,,False
2026-07-30,IMMUTABLE_SNAPSHOT,cleanroom_20260730T152503Z,823271,664034,2026-07-30 15:24:42+00:00,ORDER_NOT_CONFIRMED,,,False
2026-07-30,IMMUTABLE_SNAPSHOT,cleanroom_20260730T152503Z,823271,665487,2026-07-30 15:24:42+00:00,ORDER_NOT_CONFIRMED,,,False
2026-07-30,IMMUTABLE_SNAPSHOT,cleanroom_20260730T152503Z,823271,671218,2026-07-30 15:24:42+00:00,ORDER_NOT_CONFIRMED,,,False
2026-07-30,IMMUTABLE_SNAPSHOT,cleanroom_20260730T152503Z,823271,701538,2026-07-30 15:24:42+00:00,ORDER_NOT_CONFIRMED,,,False
2026-07-30,IMMUTABLE_SNAPSHOT,cleanroom_20260730T152503Z,823271,805811,2026-07-30 15:24:42+00:00,ORDER_NOT_CONFIRMED,,,False
2026-07-30,IMMUTABLE_SNAPSHOT,cleanroom_20260730T152503Z,823271,808982,2026-07-30 15:24:42+00:00,ORDER_NOT_CONFIRMED,,,False
2026-07-30,IMMUTABLE_SNAPSHOT,cleanroom_20260730T152503Z,823595,596019,2026-07-30 15:25:15+00:00,ORDER_NOT_CONFIRMED,,,False
2026-07-30,IMMUTABLE_SNAPSHOT,cleanroom_20260730T152503Z,823595,666182,2026-07-30 15:25:15+00:00,ORDER_NOT_CONFIRMED,,,False
2026-07-30,IMMUTABLE_SNAPSHOT,cleanroom_20260730T152503Z,823595,669065,2026-07-30 15:25:15+00:00,ORDER_NOT_CONFIRMED,,,False
2026-07-30,IMMUTABLE_SNAPSHOT,cleanroom_20260730T152503Z,823595,672640,2026-07-30 15:25:15+00:00,ORDER_NOT_CONFIRMED,,,False
2026-07-30,IMMUTABLE_SNAPSHOT,cleanroom_20260730T152503Z,823595,681715,2026-07-30 15:25:15+00:00,ORDER_NOT_CONFIRMED,,,False
2026-07-30,IMMUTABLE_SNAPSHOT,cleanroom_20260730T152503Z,823674,521692,2026-07-30 15:25:29+00:00,LINEUP_AFTER_GOVERNING_CAPTURE,2026-07-30T15:25:37.552159+00:00,c86651b0-cb9f-4be8-9c4f-baf05b69d614,False
2026-07-30,IMMUTABLE_SNAPSHOT,cleanroom_20260730T152503Z,823674,605137,2026-07-30 15:25:29+00:00,LINEUP_AFTER_GOVERNING_CAPTURE,2026-07-30T15:25:37.552159+00:00,c86651b0-cb9f-4be8-9c4f-baf05b69d614,False
2026-07-30,IMMUTABLE_SNAPSHOT,cleanroom_20260730T152503Z,823674,605170,2026-07-30 15:25:29+00:00,ORDER_NOT_CONFIRMED,,,False
2026-07-30,IMMUTABLE_SNAPSHOT,cleanroom_20260730T152503Z,823674,657041,2026-07-30 15:25:29+00:00,ORDER_NOT_CONFIRMED,,,False
2026-07-30,IMMUTABLE_SNAPSHOT,cleanroom_20260730T152503Z,823674,665019,2026-07-30 15:25:29+00:00,LINEUP_AFTER_GOVERNING_CAPTURE,2026-07-30T15:25:37.552159+00:00,c86651b0-cb9f-4be8-9c4f-baf05b69d614,False
2026-07-30,IMMUTABLE_SNAPSHOT,cleanroom_20260730T152503Z,823674,668885,2026-07-30 15:25:29+00:00,LINEUP_AFTER_GOVERNING_CAPTURE,2026-07-30T15:25:37.552159+00:00,c86651b0-cb9f-4be8-9c4f-baf05b69d614,False
2026-07-30,IMMUTABLE_SNAPSHOT,cleanroom_20260730T152503Z,823674,668904,2026-07-30 15:25:29+00:00,LINEUP_AFTER_GOVERNING_CAPTURE,2026-07-30T15:25:37.552159+00:00,c86651b0-cb9f-4be8-9c4f-baf05b69d614,False
2026-07-30,IMMUTABLE_SNAPSHOT,cleanroom_20260730T152503Z,823674,670231,2026-07-30 15:25:29+00:00,LINEUP_AFTER_GOVERNING_CAPTURE,2026-07-30T15:25:37.552159+00:00,c86651b0-cb9f-4be8-9c4f-baf05b69d614,False
2026-07-30,IMMUTABLE_SNAPSHOT,cleanroom_20260730T152503Z,823674,679845,2026-07-30 15:25:29+00:00,LINEUP_AFTER_GOVERNING_CAPTURE,2026-07-30T15:25:37.552159+00:00,c86651b0-cb9f-4be8-9c4f-baf05b69d614,False
2026-07-30,IMMUTABLE_SNAPSHOT,cleanroom_20260730T152503Z,823674,680777,2026-07-30 15:25:29+00:00,LINEUP_AFTER_GOVERNING_CAPTURE,2026-07-30T15:25:37.552159+00:00,c86651b0-cb9f-4be8-9c4f-baf05b69d614,False
2026-07-30,IMMUTABLE_SNAPSHOT,cleanroom_20260730T152503Z,823674,686555,2026-07-30 15:25:29+00:00,LINEUP_AFTER_GOVERNING_CAPTURE,2026-07-30T15:25:37.552159+00:00,c86651b0-cb9f-4be8-9c4f-baf05b69d614,False
2026-07-30,IMMUTABLE_SNAPSHOT,cleanroom_20260730T152503Z,823674,686681,2026-07-30 15:25:29+00:00,LINEUP_AFTER_GOVERNING_CAPTURE,2026-07-30T15:25:37.552159+00:00,c86651b0-cb9f-4be8-9c4f-baf05b69d614,False
2026-07-30,IMMUTABLE_SNAPSHOT,cleanroom_20260730T152503Z,823674,686797,2026-07-30 15:25:29+00:00,LINEUP_AFTER_GOVERNING_CAPTURE,2026-07-30T15:25:37.552159+00:00,c86651b0-cb9f-4be8-9c4f-baf05b69d614,False
2026-07-30,IMMUTABLE_SNAPSHOT,cleanroom_20260730T152503Z,823674,695506,2026-07-30 15:25:29+00:00,LINEUP_AFTER_GOVERNING_CAPTURE,2026-07-30T15:25:37.552159+00:00,c86651b0-cb9f-4be8-9c4f-baf05b69d614,False
2026-07-30,IMMUTABLE_SNAPSHOT,cleanroom_20260730T152503Z,823674,695600,2026-07-30 15:25:29+00:00,LINEUP_AFTER_GOVERNING_CAPTURE,2026-07-30T15:25:37.552159+00:00,c86651b0-cb9f-4be8-9c4f-baf05b69d614,False
2026-07-30,IMMUTABLE_SNAPSHOT,cleanroom_20260730T152503Z,823674,807712,2026-07-30 15:25:29+00:00,LINEUP_AFTER_GOVERNING_CAPTURE,2026-07-30T15:25:37.552159+00:00,c86651b0-cb9f-4be8-9c4f-baf05b69d614,False
2026-07-30,IMMUTABLE_SNAPSHOT,cleanroom_20260730T152503Z,823921,518692,2026-07-30 15:25:19+00:00,ORDER_NOT_CONFIRMED,,,False
2026-07-30,IMMUTABLE_SNAPSHOT,cleanroom_20260730T152503Z,823921,571970,2026-07-30 15:25:19+00:00,ORDER_NOT_CONFIRMED,,,False
2026-07-30,IMMUTABLE_SNAPSHOT,cleanroom_20260730T152503Z,823921,605141,2026-07-30 15:25:19+00:00,ORDER_NOT_CONFIRMED,,,False
2026-07-30,IMMUTABLE_SNAPSHOT,cleanroom_20260730T152503Z,823921,606192,2026-07-30 15:25:19+00:00,ORDER_NOT_CONFIRMED,,,False
2026-07-30,IMMUTABLE_SNAPSHOT,cleanroom_20260730T152503Z,823921,647304,2026-07-30 15:25:19+00:00,ORDER_NOT_CONFIRMED,,,False
2026-07-30,IMMUTABLE_SNAPSHOT,cleanroom_20260730T152503Z,823921,660271,2026-07-30 15:25:19+00:00,ORDER_NOT_CONFIRMED,,,False
2026-07-30,IMMUTABLE_SNAPSHOT,cleanroom_20260730T152503Z,823921,663656,2026-07-30 15:25:19+00:00,ORDER_NOT_CONFIRMED,,,False
2026-07-30,IMMUTABLE_SNAPSHOT,cleanroom_20260730T152503Z,823921,663728,2026-07-30 15:25:19+00:00,ORDER_NOT_CONFIRMED,,,False
2026-07-30,IMMUTABLE_SNAPSHOT,cleanroom_20260730T152503Z,823921,668227,2026-07-30 15:25:19+00:00,ORDER_NOT_CONFIRMED,,,False
2026-07-30,IMMUTABLE_SNAPSHOT,cleanroom_20260730T152503Z,823921,669242,2026-07-30 15:25:19+00:00,ORDER_NOT_CONFIRMED,,,False
2026-07-30,IMMUTABLE_SNAPSHOT,cleanroom_20260730T152503Z,823921,677594,2026-07-30 15:25:19+00:00,ORDER_NOT_CONFIRMED,,,False
2026-07-30,IMMUTABLE_SNAPSHOT,cleanroom_20260730T152503Z,823921,681624,2026-07-30 15:25:19+00:00,ORDER_NOT_CONFIRMED,,,False
2026-07-30,IMMUTABLE_SNAPSHOT,cleanroom_20260730T152503Z,823921,686527,2026-07-30 15:25:19+00:00,ORDER_NOT_CONFIRMED,,,False
2026-07-30,IMMUTABLE_SNAPSHOT,cleanroom_20260730T152503Z,823921,687221,2026-07-30 15:25:19+00:00,ORDER_NOT_CONFIRMED,,,False
2026-07-30,IMMUTABLE_SNAPSHOT,cleanroom_20260730T152503Z,823921,702284,2026-07-30 15:25:19+00:00,ORDER_NOT_CONFIRMED,,,False
2026-07-30,IMMUTABLE_SNAPSHOT,cleanroom_20260730T152503Z,824488,553993,2026-07-30 15:24:41+00:00,ORDER_NOT_CONFIRMED,,,False
2026-07-30,IMMUTABLE_SNAPSHOT,cleanroom_20260730T152503Z,824488,656811,2026-07-30 15:24:41+00:00,ORDER_NOT_CONFIRMED,,,False
2026-07-30,IMMUTABLE_SNAPSHOT,cleanroom_20260730T152503Z,824488,663886,2026-07-30 15:24:41+00:00,ORDER_NOT_CONFIRMED,,,False
2026-07-30,IMMUTABLE_SNAPSHOT,cleanroom_20260730T152503Z,824488,663968,2026-07-30 15:24:41+00:00,ORDER_NOT_CONFIRMED,,,False
2026-07-30,IMMUTABLE_SNAPSHOT,cleanroom_20260730T152503Z,824488,663993,2026-07-30 15:24:41+00:00,ORDER_NOT_CONFIRMED,,,False
2026-07-30,IMMUTABLE_SNAPSHOT,cleanroom_20260730T152503Z,824488,664040,2026-07-30 15:24:41+00:00,ORDER_NOT_CONFIRMED,,,False
2026-07-30,IMMUTABLE_SNAPSHOT,cleanroom_20260730T152503Z,824488,668709,2026-07-30 15:24:41+00:00,ORDER_NOT_CONFIRMED,,,False
2026-07-30,IMMUTABLE_SNAPSHOT,cleanroom_20260730T152503Z,824488,668804,2026-07-30 15:24:41+00:00,ORDER_NOT_CONFIRMED,,,False
2026-07-30,IMMUTABLE_SNAPSHOT,cleanroom_20260730T152503Z,824488,682622,2026-07-30 15:24:41+00:00,ORDER_NOT_CONFIRMED,,,False
2026-07-30,IMMUTABLE_SNAPSHOT,cleanroom_20260730T152503Z,824488,682829,2026-07-30 15:24:41+00:00,ORDER_NOT_CONFIRMED,,,False
2026-07-30,IMMUTABLE_SNAPSHOT,cleanroom_20260730T152503Z,824488,682848,2026-07-30 15:24:41+00:00,ORDER_NOT_CONFIRMED,,,False
2026-07-30,IMMUTABLE_SNAPSHOT,cleanroom_20260730T152503Z,824488,693304,2026-07-30 15:24:41+00:00,ORDER_NOT_CONFIRMED,,,False
2026-07-30,IMMUTABLE_SNAPSHOT,cleanroom_20260730T152503Z,824488,699013,2026-07-30 15:24:41+00:00,ORDER_NOT_CONFIRMED,,,False
2026-07-30,IMMUTABLE_SNAPSHOT,cleanroom_20260730T152503Z,824488,701398,2026-07-30 15:24:41+00:00,ORDER_NOT_CONFIRMED,,,False
2026-07-30,IMMUTABLE_SNAPSHOT,cleanroom_20260730T152503Z,824568,502671,2026-07-30 15:25:26+00:00,LINEUP_AFTER_GOVERNING_CAPTURE,2026-07-30T15:25:37.560270+00:00,c86651b0-cb9f-4be8-9c4f-baf05b69d614,False
2026-07-30,IMMUTABLE_SNAPSHOT,cleanroom_20260730T152503Z,824568,545341,2026-07-30 15:25:26+00:00,LINEUP_AFTER_GOVERNING_CAPTURE,2026-07-30T15:25:37.560270+00:00,c86651b0-cb9f-4be8-9c4f-baf05b69d614,False
2026-07-30,IMMUTABLE_SNAPSHOT,cleanroom_20260730T152503Z,824568,663757,2026-07-30 15:25:26+00:00,LINEUP_AFTER_GOVERNING_CAPTURE,2026-07-30T15:25:37.560270+00:00,c86651b0-cb9f-4be8-9c4f-baf05b69d614,False
2026-07-30,IMMUTABLE_SNAPSHOT,cleanroom_20260730T152503Z,824568,678246,2026-07-30 15:25:26+00:00,LINEUP_AFTER_GOVERNING_CAPTURE,2026-07-30T15:25:37.560270+00:00,c86651b0-cb9f-4be8-9c4f-baf05b69d614,False
2026-07-30,IMMUTABLE_SNAPSHOT,cleanroom_20260730T152503Z,824568,691176,2026-07-30 15:25:26+00:00,LINEUP_AFTER_GOVERNING_CAPTURE,2026-07-30T15:25:37.560270+00:00,c86651b0-cb9f-4be8-9c4f-baf05b69d614,False
2026-07-30,IMMUTABLE_SNAPSHOT,cleanroom_20260730T152503Z,824568,695657,2026-07-30 15:25:26+00:00,LINEUP_AFTER_GOVERNING_CAPTURE,2026-07-30T15:25:37.560270+00:00,c86651b0-cb9f-4be8-9c4f-baf05b69d614,False
2026-07-30,IMMUTABLE_SNAPSHOT,cleanroom_20260730T152503Z,824568,700250,2026-07-30 15:25:26+00:00,LINEUP_AFTER_GOVERNING_CAPTURE,2026-07-30T15:25:37.560270+00:00,c86651b0-cb9f-4be8-9c4f-baf05b69d614,False
2026-07-30,IMMUTABLE_SNAPSHOT,cleanroom_20260730T152503Z,824568,805367,2026-07-30 15:25:26+00:00,LINEUP_AFTER_GOVERNING_CAPTURE,2026-07-30T15:25:37.560270+00:00,c86651b0-cb9f-4be8-9c4f-baf05b69d614,False
2026-07-30,IMMUTABLE_SNAPSHOT,cleanroom_20260730T152503Z,824568,808959,2026-07-30 15:25:26+00:00,LINEUP_AFTER_GOVERNING_CAPTURE,2026-07-30T15:25:37.560270+00:00,c86651b0-cb9f-4be8-9c4f-baf05b69d614,False
2026-07-30,IMMUTABLE_SNAPSHOT,cleanroom_20260730T152503Z,824894,621566,2026-07-30 15:24:40+00:00,ORDER_NOT_CONFIRMED,,,False
2026-07-30,IMMUTABLE_SNAPSHOT,cleanroom_20260730T152503Z,824894,643289,2026-07-30 15:24:40+00:00,ORDER_NOT_CONFIRMED,,,False
2026-07-30,IMMUTABLE_SNAPSHOT,cleanroom_20260730T152503Z,824894,645277,2026-07-30 15:24:40+00:00,ORDER_NOT_CONFIRMED,,,False
2026-07-30,IMMUTABLE_SNAPSHOT,cleanroom_20260730T152503Z,824894,660670,2026-07-30 15:24:40+00:00,ORDER_NOT_CONFIRMED,,,False
2026-07-30,IMMUTABLE_SNAPSHOT,cleanroom_20260730T152503Z,824894,660688,2026-07-30 15:24:40+00:00,ORDER_NOT_CONFIRMED,,,False
2026-07-30,IMMUTABLE_SNAPSHOT,cleanroom_20260730T152503Z,824894,663586,2026-07-30 15:24:40+00:00,ORDER_NOT_CONFIRMED,,,False
2026-07-30,IMMUTABLE_SNAPSHOT,cleanroom_20260730T152503Z,824894,671277,2026-07-30 15:24:40+00:00,ORDER_NOT_CONFIRMED,,,False
2026-07-30,IMMUTABLE_SNAPSHOT,cleanroom_20260730T152503Z,824894,671739,2026-07-30 15:24:40+00:00,ORDER_NOT_CONFIRMED,,,False
2026-07-30,IMMUTABLE_SNAPSHOT,cleanroom_20260730T152503Z,824894,682928,2026-07-30 15:24:40+00:00,ORDER_NOT_CONFIRMED,,,False
2026-07-30,IMMUTABLE_SNAPSHOT,cleanroom_20260730T152503Z,824894,686611,2026-07-30 15:24:40+00:00,ORDER_NOT_CONFIRMED,,,False
2026-07-30,IMMUTABLE_SNAPSHOT,cleanroom_20260730T152503Z,824894,686948,2026-07-30 15:24:40+00:00,ORDER_NOT_CONFIRMED,,,False
2026-07-30,IMMUTABLE_SNAPSHOT,cleanroom_20260730T152503Z,824894,695578,2026-07-30 15:24:40+00:00,ORDER_NOT_CONFIRMED,,,False
2026-07-30,IMMUTABLE_SNAPSHOT,cleanroom_20260730T152503Z,824894,695734,2026-07-30 15:24:40+00:00,ORDER_NOT_CONFIRMED,,,False
2026-07-30,IMMUTABLE_SNAPSHOT,cleanroom_20260730T152503Z,824974,575929,2026-07-30 15:25:10+00:00,ORDER_NOT_CONFIRMED,,,False
2026-07-30,IMMUTABLE_SNAPSHOT,cleanroom_20260730T152503Z,824974,622268,2026-07-30 15:25:10+00:00,ORDER_NOT_CONFIRMED,,,False
2026-07-30,IMMUTABLE_SNAPSHOT,cleanroom_20260730T152503Z,824974,641680,2026-07-30 15:25:10+00:00,ORDER_NOT_CONFIRMED,,,False
2026-07-30,IMMUTABLE_SNAPSHOT,cleanroom_20260730T152503Z,824974,643446,2026-07-30 15:25:10+00:00,ORDER_NOT_CONFIRMED,,,False
2026-07-30,IMMUTABLE_SNAPSHOT,cleanroom_20260730T152503Z,824974,655316,2026-07-30 15:25:10+00:00,ORDER_NOT_CONFIRMED,,,False
2026-07-30,IMMUTABLE_SNAPSHOT,cleanroom_20260730T152503Z,824974,657136,2026-07-30 15:25:10+00:00,ORDER_NOT_CONFIRMED,,,False
2026-07-30,IMMUTABLE_SNAPSHOT,cleanroom_20260730T152503Z,824974,666126,2026-07-30 15:25:10+00:00,ORDER_NOT_CONFIRMED,,,False
2026-07-30,IMMUTABLE_SNAPSHOT,cleanroom_20260730T152503Z,824974,677800,2026-07-30 15:25:10+00:00,ORDER_NOT_CONFIRMED,,,False
2026-07-30,IMMUTABLE_SNAPSHOT,cleanroom_20260730T152503Z,824974,678011,2026-07-30 15:25:10+00:00,ORDER_NOT_CONFIRMED,,,False
2026-07-30,IMMUTABLE_SNAPSHOT,cleanroom_20260730T152503Z,824974,678882,2026-07-30 15:25:10+00:00,ORDER_NOT_CONFIRMED,,,False
2026-07-30,IMMUTABLE_SNAPSHOT,cleanroom_20260730T152503Z,824974,680776,2026-07-30 15:25:10+00:00,ORDER_NOT_CONFIRMED,,,False
2026-07-30,IMMUTABLE_SNAPSHOT,cleanroom_20260730T152503Z,824974,691016,2026-07-30 15:25:10+00:00,ORDER_NOT_CONFIRMED,,,False
2026-07-30,IMMUTABLE_SNAPSHOT,cleanroom_20260730T152503Z,824974,695720,2026-07-30 15:25:10+00:00,ORDER_NOT_CONFIRMED,,,False
2026-07-30,IMMUTABLE_SNAPSHOT,cleanroom_20260730T152503Z,824974,702332,2026-07-30 15:25:10+00:00,ORDER_NOT_CONFIRMED,,,False
2026-07-30,IMMUTABLE_SNAPSHOT,cleanroom_20260730T152503Z,824974,805779,2026-07-30 15:25:10+00:00,ORDER_NOT_CONFIRMED,,,False
2026-07-30,IMMUTABLE_SNAPSHOT,cleanroom_20260730T152503Z,824974,807799,2026-07-30 15:25:10+00:00,ORDER_NOT_CONFIRMED,,,False
2026-07-30,IMMUTABLE_SNAPSHOT,cleanroom_20260730T152752Z,822946,607043,2026-07-30 15:27:29+00:00,LINEUP_AFTER_GOVERNING_CAPTURE,2026-07-30T15:28:26.342152+00:00,e3f67e37-f44e-4e87-94d2-83897e5e5bd5,False
2026-07-30,IMMUTABLE_SNAPSHOT,cleanroom_20260730T152752Z,822946,650490,2026-07-30 15:27:29+00:00,LINEUP_AFTER_GOVERNING_CAPTURE,2026-07-30T15:28:26.342152+00:00,e3f67e37-f44e-4e87-94d2-83897e5e5bd5,False
2026-07-30,IMMUTABLE_SNAPSHOT,cleanroom_20260730T152752Z,822946,656775,2026-07-30 15:27:29+00:00,LINEUP_AFTER_GOVERNING_CAPTURE,2026-07-30T15:28:26.342152+00:00,e3f67e37-f44e-4e87-94d2-83897e5e5bd5,False
2026-07-30,IMMUTABLE_SNAPSHOT,cleanroom_20260730T152752Z,822946,666018,2026-07-30 15:27:29+00:00,LINEUP_AFTER_GOVERNING_CAPTURE,2026-07-30T15:28:26.342152+00:00,e3f67e37-f44e-4e87-94d2-83897e5e5bd5,False
2026-07-30,IMMUTABLE_SNAPSHOT,cleanroom_20260730T152752Z,822946,669394,2026-07-30 15:27:29+00:00,LINEUP_AFTER_GOVERNING_CAPTURE,2026-07-30T15:28:26.342152+00:00,e3f67e37-f44e-4e87-94d2-83897e5e5bd5,False
2026-07-30,IMMUTABLE_SNAPSHOT,cleanroom_20260730T152752Z,822946,676356,2026-07-30 15:27:29+00:00,LINEUP_AFTER_GOVERNING_CAPTURE,2026-07-30T15:28:26.342152+00:00,e3f67e37-f44e-4e87-94d2-83897e5e5bd5,False
2026-07-30,IMMUTABLE_SNAPSHOT,cleanroom_20260730T152752Z,822946,677649,2026-07-30 15:27:29+00:00,LINEUP_AFTER_GOVERNING_CAPTURE,2026-07-30T15:28:26.342152+00:00,e3f67e37-f44e-4e87-94d2-83897e5e5bd5,False
2026-07-30,IMMUTABLE_SNAPSHOT,cleanroom_20260730T152752Z,822946,683748,2026-07-30 15:27:29+00:00,LINEUP_AFTER_GOVERNING_CAPTURE,2026-07-30T15:28:26.342152+00:00,e3f67e37-f44e-4e87-94d2-83897e5e5bd5,False
2026-07-30,IMMUTABLE_SNAPSHOT,cleanroom_20260730T152752Z,822946,691406,2026-07-30 15:27:29+00:00,LINEUP_AFTER_GOVERNING_CAPTURE,2026-07-30T15:28:26.342152+00:00,e3f67e37-f44e-4e87-94d2-83897e5e5bd5,False
2026-07-30,IMMUTABLE_SNAPSHOT,cleanroom_20260730T152752Z,822946,694671,2026-07-30 15:27:29+00:00,LINEUP_AFTER_GOVERNING_CAPTURE,2026-07-30T15:28:26.342152+00:00,e3f67e37-f44e-4e87-94d2-83897e5e5bd5,False
2026-07-30,IMMUTABLE_SNAPSHOT,cleanroom_20260730T152752Z,822946,802415,2026-07-30 15:27:29+00:00,ORDER_NOT_CONFIRMED,,,False
2026-07-30,IMMUTABLE_SNAPSHOT,cleanroom_20260730T152752Z,822946,810938,2026-07-30 15:27:29+00:00,LINEUP_AFTER_GOVERNING_CAPTURE,2026-07-30T15:28:26.342152+00:00,e3f67e37-f44e-4e87-94d2-83897e5e5bd5,False
2026-07-30,IMMUTABLE_SNAPSHOT,cleanroom_20260730T152752Z,823023,608324,2026-07-30 15:28:20+00:00,ORDER_NOT_CONFIRMED,,,False
2026-07-30,IMMUTABLE_SNAPSHOT,cleanroom_20260730T152752Z,823023,663457,2026-07-30 15:28:20+00:00,ORDER_NOT_CONFIRMED,,,False
2026-07-30,IMMUTABLE_SNAPSHOT,cleanroom_20260730T152752Z,823023,663538,2026-07-30 15:28:20+00:00,ORDER_NOT_CONFIRMED,,,False
2026-07-30,IMMUTABLE_SNAPSHOT,cleanroom_20260730T152752Z,823023,664023,2026-07-30 15:28:20+00:00,ORDER_NOT_CONFIRMED,,,False
2026-07-30,IMMUTABLE_SNAPSHOT,cleanroom_20260730T152752Z,823023,671056,2026-07-30 15:28:20+00:00,ORDER_NOT_CONFIRMED,,,False
2026-07-30,IMMUTABLE_SNAPSHOT,cleanroom_20260730T152752Z,823023,673548,2026-07-30 15:28:20+00:00,ORDER_NOT_CONFIRMED,,,False
2026-07-30,IMMUTABLE_SNAPSHOT,cleanroom_20260730T152752Z,823023,676475,2026-07-30 15:28:20+00:00,ORDER_NOT_CONFIRMED,,,False
2026-07-30,IMMUTABLE_SNAPSHOT,cleanroom_20260730T152752Z,823023,683737,2026-07-30 15:28:20+00:00,ORDER_NOT_CONFIRMED,,,False
2026-07-30,IMMUTABLE_SNAPSHOT,cleanroom_20260730T152752Z,823023,691023,2026-07-30 15:28:20+00:00,ORDER_NOT_CONFIRMED,,,False
2026-07-30,IMMUTABLE_SNAPSHOT,cleanroom_20260730T152752Z,823023,691026,2026-07-30 15:28:20+00:00,ORDER_NOT_CONFIRMED,,,False
2026-07-30,IMMUTABLE_SNAPSHOT,cleanroom_20260730T152752Z,823023,691458,2026-07-30 15:28:20+00:00,ORDER_NOT_CONFIRMED,,,False
2026-07-30,IMMUTABLE_SNAPSHOT,cleanroom_20260730T152752Z,823023,691718,2026-07-30 15:28:20+00:00,ORDER_NOT_CONFIRMED,,,False
2026-07-30,IMMUTABLE_SNAPSHOT,cleanroom_20260730T152752Z,823023,699393,2026-07-30 15:28:20+00:00,ORDER_NOT_CONFIRMED,,,False
2026-07-30,IMMUTABLE_SNAPSHOT,cleanroom_20260730T152752Z,823023,701675,2026-07-30 15:28:20+00:00,ORDER_NOT_CONFIRMED,,,False
2026-07-30,IMMUTABLE_SNAPSHOT,cleanroom_20260730T152752Z,823023,802139,2026-07-30 15:28:20+00:00,ORDER_NOT_CONFIRMED,,,False
2026-07-30,IMMUTABLE_SNAPSHOT,cleanroom_20260730T152752Z,823271,592518,2026-07-30 15:28:17+00:00,ORDER_NOT_CONFIRMED,,,False
2026-07-30,IMMUTABLE_SNAPSHOT,cleanroom_20260730T152752Z,823271,593428,2026-07-30 15:28:17+00:00,ORDER_NOT_CONFIRMED,,,False
2026-07-30,IMMUTABLE_SNAPSHOT,cleanroom_20260730T152752Z,823271,642715,2026-07-30 15:28:17+00:00,ORDER_NOT_CONFIRMED,,,False
2026-07-30,IMMUTABLE_SNAPSHOT,cleanroom_20260730T152752Z,823271,646240,2026-07-30 15:28:17+00:00,ORDER_NOT_CONFIRMED,,,False
2026-07-30,IMMUTABLE_SNAPSHOT,cleanroom_20260730T152752Z,823271,650333,2026-07-30 15:28:17+00:00,ORDER_NOT_CONFIRMED,,,False
2026-07-30,IMMUTABLE_SNAPSHOT,cleanroom_20260730T152752Z,823271,650859,2026-07-30 15:28:17+00:00,ORDER_NOT_CONFIRMED,,,False
2026-07-30,IMMUTABLE_SNAPSHOT,cleanroom_20260730T152752Z,823271,664034,2026-07-30 15:28:17+00:00,ORDER_NOT_CONFIRMED,,,False
2026-07-30,IMMUTABLE_SNAPSHOT,cleanroom_20260730T152752Z,823271,665487,2026-07-30 15:28:17+00:00,ORDER_NOT_CONFIRMED,,,False
2026-07-30,IMMUTABLE_SNAPSHOT,cleanroom_20260730T152752Z,823271,671218,2026-07-30 15:28:17+00:00,ORDER_NOT_CONFIRMED,,,False
2026-07-30,IMMUTABLE_SNAPSHOT,cleanroom_20260730T152752Z,823271,701538,2026-07-30 15:28:17+00:00,ORDER_NOT_CONFIRMED,,,False
2026-07-30,IMMUTABLE_SNAPSHOT,cleanroom_20260730T152752Z,823271,805811,2026-07-30 15:28:17+00:00,ORDER_NOT_CONFIRMED,,,False
2026-07-30,IMMUTABLE_SNAPSHOT,cleanroom_20260730T152752Z,823271,808982,2026-07-30 15:28:17+00:00,ORDER_NOT_CONFIRMED,,,False
2026-07-30,IMMUTABLE_SNAPSHOT,cleanroom_20260730T152752Z,823595,596019,2026-07-30 15:27:26+00:00,ORDER_NOT_CONFIRMED,,,False
2026-07-30,IMMUTABLE_SNAPSHOT,cleanroom_20260730T152752Z,823595,666182,2026-07-30 15:27:26+00:00,ORDER_NOT_CONFIRMED,,,False
2026-07-30,IMMUTABLE_SNAPSHOT,cleanroom_20260730T152752Z,823595,669065,2026-07-30 15:27:26+00:00,ORDER_NOT_CONFIRMED,,,False
2026-07-30,IMMUTABLE_SNAPSHOT,cleanroom_20260730T152752Z,823595,672640,2026-07-30 15:27:26+00:00,ORDER_NOT_CONFIRMED,,,False
2026-07-30,IMMUTABLE_SNAPSHOT,cleanroom_20260730T152752Z,823595,681715,2026-07-30 15:27:26+00:00,ORDER_NOT_CONFIRMED,,,False
2026-07-30,IMMUTABLE_SNAPSHOT,cleanroom_20260730T152752Z,823674,521692,2026-07-30 15:27:45+00:00,LINEUP_AFTER_GOVERNING_CAPTURE,2026-07-30T15:28:26.336161+00:00,e3f67e37-f44e-4e87-94d2-83897e5e5bd5,False
2026-07-30,IMMUTABLE_SNAPSHOT,cleanroom_20260730T152752Z,823674,605137,2026-07-30 15:27:45+00:00,LINEUP_AFTER_GOVERNING_CAPTURE,2026-07-30T15:28:26.336161+00:00,e3f67e37-f44e-4e87-94d2-83897e5e5bd5,False
2026-07-30,IMMUTABLE_SNAPSHOT,cleanroom_20260730T152752Z,823674,665019,2026-07-30 15:27:45+00:00,LINEUP_AFTER_GOVERNING_CAPTURE,2026-07-30T15:28:26.336161+00:00,e3f67e37-f44e-4e87-94d2-83897e5e5bd5,False
2026-07-30,IMMUTABLE_SNAPSHOT,cleanroom_20260730T152752Z,823674,668885,2026-07-30 15:27:45+00:00,LINEUP_AFTER_GOVERNING_CAPTURE,2026-07-30T15:28:26.336161+00:00,e3f67e37-f44e-4e87-94d2-83897e5e5bd5,False
2026-07-30,IMMUTABLE_SNAPSHOT,cleanroom_20260730T152752Z,823674,668904,2026-07-30 15:27:45+00:00,LINEUP_AFTER_GOVERNING_CAPTURE,2026-07-30T15:28:26.336161+00:00,e3f67e37-f44e-4e87-94d2-83897e5e5bd5,False
2026-07-30,IMMUTABLE_SNAPSHOT,cleanroom_20260730T152752Z,823674,670231,2026-07-30 15:27:45+00:00,LINEUP_AFTER_GOVERNING_CAPTURE,2026-07-30T15:28:26.336161+00:00,e3f67e37-f44e-4e87-94d2-83897e5e5bd5,False
2026-07-30,IMMUTABLE_SNAPSHOT,cleanroom_20260730T152752Z,823674,679845,2026-07-30 15:27:45+00:00,LINEUP_AFTER_GOVERNING_CAPTURE,2026-07-30T15:28:26.336161+00:00,e3f67e37-f44e-4e87-94d2-83897e5e5bd5,False
2026-07-30,IMMUTABLE_SNAPSHOT,cleanroom_20260730T152752Z,823674,680777,2026-07-30 15:27:45+00:00,LINEUP_AFTER_GOVERNING_CAPTURE,2026-07-30T15:28:26.336161+00:00,e3f67e37-f44e-4e87-94d2-83897e5e5bd5,False
2026-07-30,IMMUTABLE_SNAPSHOT,cleanroom_20260730T152752Z,823674,686555,2026-07-30 15:27:45+00:00,LINEUP_AFTER_GOVERNING_CAPTURE,2026-07-30T15:28:26.336161+00:00,e3f67e37-f44e-4e87-94d2-83897e5e5bd5,False
2026-07-30,IMMUTABLE_SNAPSHOT,cleanroom_20260730T152752Z,823674,686681,2026-07-30 15:27:45+00:00,LINEUP_AFTER_GOVERNING_CAPTURE,2026-07-30T15:28:26.336161+00:00,e3f67e37-f44e-4e87-94d2-83897e5e5bd5,False
2026-07-30,IMMUTABLE_SNAPSHOT,cleanroom_20260730T152752Z,823674,686797,2026-07-30 15:27:45+00:00,LINEUP_AFTER_GOVERNING_CAPTURE,2026-07-30T15:28:26.336161+00:00,e3f67e37-f44e-4e87-94d2-83897e5e5bd5,False
2026-07-30,IMMUTABLE_SNAPSHOT,cleanroom_20260730T152752Z,823674,695506,2026-07-30 15:27:45+00:00,LINEUP_AFTER_GOVERNING_CAPTURE,2026-07-30T15:28:26.336161+00:00,e3f67e37-f44e-4e87-94d2-83897e5e5bd5,False
2026-07-30,IMMUTABLE_SNAPSHOT,cleanroom_20260730T152752Z,823674,695600,2026-07-30 15:27:45+00:00,LINEUP_AFTER_GOVERNING_CAPTURE,2026-07-30T15:28:26.336161+00:00,e3f67e37-f44e-4e87-94d2-83897e5e5bd5,False
2026-07-30,IMMUTABLE_SNAPSHOT,cleanroom_20260730T152752Z,823674,807712,2026-07-30 15:27:45+00:00,LINEUP_AFTER_GOVERNING_CAPTURE,2026-07-30T15:28:26.336161+00:00,e3f67e37-f44e-4e87-94d2-83897e5e5bd5,False
2026-07-30,IMMUTABLE_SNAPSHOT,cleanroom_20260730T152752Z,823921,518692,2026-07-30 15:27:41+00:00,ORDER_NOT_CONFIRMED,,,False
2026-07-30,IMMUTABLE_SNAPSHOT,cleanroom_20260730T152752Z,823921,571970,2026-07-30 15:27:41+00:00,ORDER_NOT_CONFIRMED,,,False
2026-07-30,IMMUTABLE_SNAPSHOT,cleanroom_20260730T152752Z,823921,605141,2026-07-30 15:27:41+00:00,ORDER_NOT_CONFIRMED,,,False
2026-07-30,IMMUTABLE_SNAPSHOT,cleanroom_20260730T152752Z,823921,606192,2026-07-30 15:27:41+00:00,ORDER_NOT_CONFIRMED,,,False
2026-07-30,IMMUTABLE_SNAPSHOT,cleanroom_20260730T152752Z,823921,647304,2026-07-30 15:27:41+00:00,ORDER_NOT_CONFIRMED,,,False
2026-07-30,IMMUTABLE_SNAPSHOT,cleanroom_20260730T152752Z,823921,660271,2026-07-30 15:27:41+00:00,ORDER_NOT_CONFIRMED,,,False
2026-07-30,IMMUTABLE_SNAPSHOT,cleanroom_20260730T152752Z,823921,663656,2026-07-30 15:27:41+00:00,ORDER_NOT_CONFIRMED,,,False
2026-07-30,IMMUTABLE_SNAPSHOT,cleanroom_20260730T152752Z,823921,663728,2026-07-30 15:27:41+00:00,ORDER_NOT_CONFIRMED,,,False
2026-07-30,IMMUTABLE_SNAPSHOT,cleanroom_20260730T152752Z,823921,668227,2026-07-30 15:27:41+00:00,ORDER_NOT_CONFIRMED,,,False
2026-07-30,IMMUTABLE_SNAPSHOT,cleanroom_20260730T152752Z,823921,669242,2026-07-30 15:27:41+00:00,ORDER_NOT_CONFIRMED,,,False
2026-07-30,IMMUTABLE_SNAPSHOT,cleanroom_20260730T152752Z,823921,677594,2026-07-30 15:27:41+00:00,ORDER_NOT_CONFIRMED,,,False
2026-07-30,IMMUTABLE_SNAPSHOT,cleanroom_20260730T152752Z,823921,681624,2026-07-30 15:27:41+00:00,ORDER_NOT_CONFIRMED,,,False
2026-07-30,IMMUTABLE_SNAPSHOT,cleanroom_20260730T152752Z,823921,686527,2026-07-30 15:27:41+00:00,ORDER_NOT_CONFIRMED,,,False
2026-07-30,IMMUTABLE_SNAPSHOT,cleanroom_20260730T152752Z,823921,687221,2026-07-30 15:27:41+00:00,ORDER_NOT_CONFIRMED,,,False
2026-07-30,IMMUTABLE_SNAPSHOT,cleanroom_20260730T152752Z,823921,702284,2026-07-30 15:27:41+00:00,ORDER_NOT_CONFIRMED,,,False
2026-07-30,IMMUTABLE_SNAPSHOT,cleanroom_20260730T152752Z,824488,553993,2026-07-30 15:28:00+00:00,ORDER_NOT_CONFIRMED,,,False
2026-07-30,IMMUTABLE_SNAPSHOT,cleanroom_20260730T152752Z,824488,656811,2026-07-30 15:28:00+00:00,ORDER_NOT_CONFIRMED,,,False
2026-07-30,IMMUTABLE_SNAPSHOT,cleanroom_20260730T152752Z,824488,663886,2026-07-30 15:28:00+00:00,ORDER_NOT_CONFIRMED,,,False
2026-07-30,IMMUTABLE_SNAPSHOT,cleanroom_20260730T152752Z,824488,663968,2026-07-30 15:28:00+00:00,ORDER_NOT_CONFIRMED,,,False
2026-07-30,IMMUTABLE_SNAPSHOT,cleanroom_20260730T152752Z,824488,663993,2026-07-30 15:28:00+00:00,ORDER_NOT_CONFIRMED,,,False
2026-07-30,IMMUTABLE_SNAPSHOT,cleanroom_20260730T152752Z,824488,664040,2026-07-30 15:28:00+00:00,ORDER_NOT_CONFIRMED,,,False
2026-07-30,IMMUTABLE_SNAPSHOT,cleanroom_20260730T152752Z,824488,668709,2026-07-30 15:28:00+00:00,ORDER_NOT_CONFIRMED,,,False
2026-07-30,IMMUTABLE_SNAPSHOT,cleanroom_20260730T152752Z,824488,668804,2026-07-30 15:28:00+00:00,ORDER_NOT_CONFIRMED,,,False
2026-07-30,IMMUTABLE_SNAPSHOT,cleanroom_20260730T152752Z,824488,682622,2026-07-30 15:28:00+00:00,ORDER_NOT_CONFIRMED,,,False
2026-07-30,IMMUTABLE_SNAPSHOT,cleanroom_20260730T152752Z,824488,682829,2026-07-30 15:28:00+00:00,ORDER_NOT_CONFIRMED,,,False
2026-07-30,IMMUTABLE_SNAPSHOT,cleanroom_20260730T152752Z,824488,682848,2026-07-30 15:28:00+00:00,ORDER_NOT_CONFIRMED,,,False
2026-07-30,IMMUTABLE_SNAPSHOT,cleanroom_20260730T152752Z,824488,693304,2026-07-30 15:28:00+00:00,ORDER_NOT_CONFIRMED,,,False
2026-07-30,IMMUTABLE_SNAPSHOT,cleanroom_20260730T152752Z,824488,699013,2026-07-30 15:28:00+00:00,ORDER_NOT_CONFIRMED,,,False
2026-07-30,IMMUTABLE_SNAPSHOT,cleanroom_20260730T152752Z,824488,701398,2026-07-30 15:28:00+00:00,ORDER_NOT_CONFIRMED,,,False
2026-07-30,IMMUTABLE_SNAPSHOT,cleanroom_20260730T152752Z,824568,502671,2026-07-30 15:27:37+00:00,LINEUP_AFTER_GOVERNING_CAPTURE,2026-07-30T15:28:26.343897+00:00,e3f67e37-f44e-4e87-94d2-83897e5e5bd5,False
2026-07-30,IMMUTABLE_SNAPSHOT,cleanroom_20260730T152752Z,824568,545341,2026-07-30 15:27:37+00:00,LINEUP_AFTER_GOVERNING_CAPTURE,2026-07-30T15:28:26.343897+00:00,e3f67e37-f44e-4e87-94d2-83897e5e5bd5,False
2026-07-30,IMMUTABLE_SNAPSHOT,cleanroom_20260730T152752Z,824568,663757,2026-07-30 15:27:37+00:00,LINEUP_AFTER_GOVERNING_CAPTURE,2026-07-30T15:28:26.343897+00:00,e3f67e37-f44e-4e87-94d2-83897e5e5bd5,False
2026-07-30,IMMUTABLE_SNAPSHOT,cleanroom_20260730T152752Z,824568,678246,2026-07-30 15:27:37+00:00,LINEUP_AFTER_GOVERNING_CAPTURE,2026-07-30T15:28:26.343897+00:00,e3f67e37-f44e-4e87-94d2-83897e5e5bd5,False
2026-07-30,IMMUTABLE_SNAPSHOT,cleanroom_20260730T152752Z,824568,691176,2026-07-30 15:27:37+00:00,LINEUP_AFTER_GOVERNING_CAPTURE,2026-07-30T15:28:26.343897+00:00,e3f67e37-f44e-4e87-94d2-83897e5e5bd5,False
2026-07-30,IMMUTABLE_SNAPSHOT,cleanroom_20260730T152752Z,824568,695657,2026-07-30 15:27:37+00:00,LINEUP_AFTER_GOVERNING_CAPTURE,2026-07-30T15:28:26.343897+00:00,e3f67e37-f44e-4e87-94d2-83897e5e5bd5,False
2026-07-30,IMMUTABLE_SNAPSHOT,cleanroom_20260730T152752Z,824568,700250,2026-07-30 15:27:37+00:00,LINEUP_AFTER_GOVERNING_CAPTURE,2026-07-30T15:28:26.343897+00:00,e3f67e37-f44e-4e87-94d2-83897e5e5bd5,False
2026-07-30,IMMUTABLE_SNAPSHOT,cleanroom_20260730T152752Z,824568,805367,2026-07-30 15:27:37+00:00,LINEUP_AFTER_GOVERNING_CAPTURE,2026-07-30T15:28:26.343897+00:00,e3f67e37-f44e-4e87-94d2-83897e5e5bd5,False
2026-07-30,IMMUTABLE_SNAPSHOT,cleanroom_20260730T152752Z,824568,808959,2026-07-30 15:27:37+00:00,LINEUP_AFTER_GOVERNING_CAPTURE,2026-07-30T15:28:26.343897+00:00,e3f67e37-f44e-4e87-94d2-83897e5e5bd5,False
2026-07-30,IMMUTABLE_SNAPSHOT,cleanroom_20260730T152752Z,824894,621566,2026-07-30 15:28:07+00:00,ORDER_NOT_CONFIRMED,,,False
2026-07-30,IMMUTABLE_SNAPSHOT,cleanroom_20260730T152752Z,824894,643289,2026-07-30 15:28:07+00:00,ORDER_NOT_CONFIRMED,,,False
2026-07-30,IMMUTABLE_SNAPSHOT,cleanroom_20260730T152752Z,824894,645277,2026-07-30 15:28:07+00:00,ORDER_NOT_CONFIRMED,,,False
2026-07-30,IMMUTABLE_SNAPSHOT,cleanroom_20260730T152752Z,824894,660670,2026-07-30 15:28:07+00:00,ORDER_NOT_CONFIRMED,,,False
2026-07-30,IMMUTABLE_SNAPSHOT,cleanroom_20260730T152752Z,824894,660688,2026-07-30 15:28:07+00:00,ORDER_NOT_CONFIRMED,,,False
2026-07-30,IMMUTABLE_SNAPSHOT,cleanroom_20260730T152752Z,824894,663586,2026-07-30 15:28:07+00:00,ORDER_NOT_CONFIRMED,,,False
2026-07-30,IMMUTABLE_SNAPSHOT,cleanroom_20260730T152752Z,824894,671277,2026-07-30 15:28:07+00:00,ORDER_NOT_CONFIRMED,,,False
2026-07-30,IMMUTABLE_SNAPSHOT,cleanroom_20260730T152752Z,824894,671739,2026-07-30 15:28:07+00:00,ORDER_NOT_CONFIRMED,,,False
2026-07-30,IMMUTABLE_SNAPSHOT,cleanroom_20260730T152752Z,824894,682928,2026-07-30 15:28:07+00:00,ORDER_NOT_CONFIRMED,,,False
2026-07-30,IMMUTABLE_SNAPSHOT,cleanroom_20260730T152752Z,824894,686611,2026-07-30 15:28:07+00:00,ORDER_NOT_CONFIRMED,,,False
2026-07-30,IMMUTABLE_SNAPSHOT,cleanroom_20260730T152752Z,824894,686948,2026-07-30 15:28:07+00:00,ORDER_NOT_CONFIRMED,,,False
2026-07-30,IMMUTABLE_SNAPSHOT,cleanroom_20260730T152752Z,824894,695578,2026-07-30 15:28:07+00:00,ORDER_NOT_CONFIRMED,,,False
2026-07-30,IMMUTABLE_SNAPSHOT,cleanroom_20260730T152752Z,824894,695734,2026-07-30 15:28:07+00:00,ORDER_NOT_CONFIRMED,,,False
2026-07-30,IMMUTABLE_SNAPSHOT,cleanroom_20260730T152752Z,824974,575929,2026-07-30 15:27:23+00:00,ORDER_NOT_CONFIRMED,,,False
2026-07-30,IMMUTABLE_SNAPSHOT,cleanroom_20260730T152752Z,824974,622268,2026-07-30 15:27:23+00:00,ORDER_NOT_CONFIRMED,,,False
2026-07-30,IMMUTABLE_SNAPSHOT,cleanroom_20260730T152752Z,824974,641680,2026-07-30 15:27:23+00:00,ORDER_NOT_CONFIRMED,,,False
2026-07-30,IMMUTABLE_SNAPSHOT,cleanroom_20260730T152752Z,824974,643446,2026-07-30 15:27:23+00:00,ORDER_NOT_CONFIRMED,,,False
2026-07-30,IMMUTABLE_SNAPSHOT,cleanroom_20260730T152752Z,824974,655316,2026-07-30 15:27:23+00:00,ORDER_NOT_CONFIRMED,,,False
2026-07-30,IMMUTABLE_SNAPSHOT,cleanroom_20260730T152752Z,824974,657136,2026-07-30 15:27:23+00:00,ORDER_NOT_CONFIRMED,,,False
2026-07-30,IMMUTABLE_SNAPSHOT,cleanroom_20260730T152752Z,824974,666126,2026-07-30 15:27:23+00:00,ORDER_NOT_CONFIRMED,,,False
2026-07-30,IMMUTABLE_SNAPSHOT,cleanroom_20260730T152752Z,824974,677800,2026-07-30 15:27:23+00:00,ORDER_NOT_CONFIRMED,,,False
2026-07-30,IMMUTABLE_SNAPSHOT,cleanroom_20260730T152752Z,824974,678011,2026-07-30 15:27:23+00:00,ORDER_NOT_CONFIRMED,,,False
2026-07-30,IMMUTABLE_SNAPSHOT,cleanroom_20260730T152752Z,824974,678882,2026-07-30 15:27:23+00:00,ORDER_NOT_CONFIRMED,,,False
2026-07-30,IMMUTABLE_SNAPSHOT,cleanroom_20260730T152752Z,824974,680776,2026-07-30 15:27:23+00:00,ORDER_NOT_CONFIRMED,,,False
2026-07-30,IMMUTABLE_SNAPSHOT,cleanroom_20260730T152752Z,824974,691016,2026-07-30 15:27:23+00:00,ORDER_NOT_CONFIRMED,,,False
2026-07-30,IMMUTABLE_SNAPSHOT,cleanroom_20260730T152752Z,824974,695720,2026-07-30 15:27:23+00:00,ORDER_NOT_CONFIRMED,,,False
2026-07-30,IMMUTABLE_SNAPSHOT,cleanroom_20260730T152752Z,824974,702332,2026-07-30 15:27:23+00:00,ORDER_NOT_CONFIRMED,,,False
2026-07-30,IMMUTABLE_SNAPSHOT,cleanroom_20260730T152752Z,824974,805779,2026-07-30 15:27:23+00:00,ORDER_NOT_CONFIRMED,,,False
2026-07-30,IMMUTABLE_SNAPSHOT,cleanroom_20260730T152752Z,824974,807799,2026-07-30 15:27:23+00:00,ORDER_NOT_CONFIRMED,,,False
2026-07-30,IMMUTABLE_SNAPSHOT,cleanroom_20260731T004346Z,823271,592518,2026-07-31 00:44:00+00:00,LINEUP_AFTER_GOVERNING_CAPTURE,2026-07-31T00:44:25.829718+00:00,0af955e7-588c-410c-9304-79136123675c,False
2026-07-30,IMMUTABLE_SNAPSHOT,cleanroom_20260731T004346Z,823271,593428,2026-07-31 00:44:00+00:00,LINEUP_AFTER_GOVERNING_CAPTURE,2026-07-31T00:44:25.829718+00:00,0af955e7-588c-410c-9304-79136123675c,False
2026-07-30,IMMUTABLE_SNAPSHOT,cleanroom_20260731T004346Z,823271,642715,2026-07-31 00:44:00+00:00,LINEUP_AFTER_GOVERNING_CAPTURE,2026-07-31T00:44:25.829718+00:00,0af955e7-588c-410c-9304-79136123675c,False
2026-07-30,IMMUTABLE_SNAPSHOT,cleanroom_20260731T004346Z,823271,646240,2026-07-31 00:44:00+00:00,LINEUP_AFTER_GOVERNING_CAPTURE,2026-07-31T00:44:25.829718+00:00,0af955e7-588c-410c-9304-79136123675c,False
2026-07-30,IMMUTABLE_SNAPSHOT,cleanroom_20260731T004346Z,823271,650333,2026-07-31 00:44:00+00:00,LINEUP_AFTER_GOVERNING_CAPTURE,2026-07-31T00:44:25.829718+00:00,0af955e7-588c-410c-9304-79136123675c,False
2026-07-30,IMMUTABLE_SNAPSHOT,cleanroom_20260731T004346Z,823271,650859,2026-07-31 00:44:00+00:00,LINEUP_AFTER_GOVERNING_CAPTURE,2026-07-31T00:44:25.829718+00:00,0af955e7-588c-410c-9304-79136123675c,False
2026-07-30,IMMUTABLE_SNAPSHOT,cleanroom_20260731T004346Z,823271,664034,2026-07-31 00:44:00+00:00,LINEUP_AFTER_GOVERNING_CAPTURE,2026-07-31T00:44:25.829718+00:00,0af955e7-588c-410c-9304-79136123675c,False
2026-07-30,IMMUTABLE_SNAPSHOT,cleanroom_20260731T004346Z,823271,665487,2026-07-31 00:44:00+00:00,LINEUP_AFTER_GOVERNING_CAPTURE,2026-07-31T00:44:25.829718+00:00,0af955e7-588c-410c-9304-79136123675c,False
2026-07-30,IMMUTABLE_SNAPSHOT,cleanroom_20260731T004346Z,823271,671218,2026-07-31 00:44:00+00:00,LINEUP_AFTER_GOVERNING_CAPTURE,2026-07-31T00:44:25.829718+00:00,0af955e7-588c-410c-9304-79136123675c,False
2026-07-30,IMMUTABLE_SNAPSHOT,cleanroom_20260731T004346Z,823271,701538,2026-07-31 00:44:00+00:00,LINEUP_AFTER_GOVERNING_CAPTURE,2026-07-31T00:44:25.829718+00:00,0af955e7-588c-410c-9304-79136123675c,False
2026-07-30,IMMUTABLE_SNAPSHOT,cleanroom_20260731T004346Z,823271,805811,2026-07-31 00:44:00+00:00,LINEUP_AFTER_GOVERNING_CAPTURE,2026-07-31T00:44:25.829718+00:00,0af955e7-588c-410c-9304-79136123675c,False
2026-07-30,IMMUTABLE_SNAPSHOT,cleanroom_20260731T004346Z,823271,808982,2026-07-31 00:44:00+00:00,LINEUP_AFTER_GOVERNING_CAPTURE,2026-07-31T00:44:25.829718+00:00,0af955e7-588c-410c-9304-79136123675c,False
2026-07-30,IMMUTABLE_SNAPSHOT,cleanroom_20260731T004346Z,823921,518692,2026-07-31 00:43:24+00:00,LINEUP_AFTER_GOVERNING_CAPTURE,2026-07-31T00:44:25.827951+00:00,0af955e7-588c-410c-9304-79136123675c,False
2026-07-30,IMMUTABLE_SNAPSHOT,cleanroom_20260731T004346Z,823921,571970,2026-07-31 00:43:24+00:00,LINEUP_AFTER_GOVERNING_CAPTURE,2026-07-31T00:44:25.827951+00:00,0af955e7-588c-410c-9304-79136123675c,False
2026-07-30,IMMUTABLE_SNAPSHOT,cleanroom_20260731T004346Z,823921,605141,2026-07-31 00:43:24+00:00,LINEUP_AFTER_GOVERNING_CAPTURE,2026-07-31T00:44:25.827951+00:00,0af955e7-588c-410c-9304-79136123675c,False
2026-07-30,IMMUTABLE_SNAPSHOT,cleanroom_20260731T004346Z,823921,606192,2026-07-31 00:43:24+00:00,LINEUP_AFTER_GOVERNING_CAPTURE,2026-07-31T00:44:25.827951+00:00,0af955e7-588c-410c-9304-79136123675c,False
2026-07-30,IMMUTABLE_SNAPSHOT,cleanroom_20260731T004346Z,823921,647304,2026-07-31 00:43:24+00:00,LINEUP_AFTER_GOVERNING_CAPTURE,2026-07-31T00:44:25.827951+00:00,0af955e7-588c-410c-9304-79136123675c,False
2026-07-30,IMMUTABLE_SNAPSHOT,cleanroom_20260731T004346Z,823921,663656,2026-07-31 00:43:24+00:00,LINEUP_AFTER_GOVERNING_CAPTURE,2026-07-31T00:44:25.827951+00:00,0af955e7-588c-410c-9304-79136123675c,False
2026-07-30,IMMUTABLE_SNAPSHOT,cleanroom_20260731T004346Z,823921,663728,2026-07-31 00:43:24+00:00,LINEUP_AFTER_GOVERNING_CAPTURE,2026-07-31T00:44:25.827951+00:00,0af955e7-588c-410c-9304-79136123675c,False
2026-07-30,IMMUTABLE_SNAPSHOT,cleanroom_20260731T004346Z,823921,668227,2026-07-31 00:43:24+00:00,LINEUP_AFTER_GOVERNING_CAPTURE,2026-07-31T00:44:25.827951+00:00,0af955e7-588c-410c-9304-79136123675c,False
2026-07-30,IMMUTABLE_SNAPSHOT,cleanroom_20260731T004346Z,823921,669242,2026-07-31 00:43:24+00:00,LINEUP_AFTER_GOVERNING_CAPTURE,2026-07-31T00:44:25.827951+00:00,0af955e7-588c-410c-9304-79136123675c,False
2026-07-30,IMMUTABLE_SNAPSHOT,cleanroom_20260731T004346Z,823921,677594,2026-07-31 00:43:24+00:00,LINEUP_AFTER_GOVERNING_CAPTURE,2026-07-31T00:44:25.827951+00:00,0af955e7-588c-410c-9304-79136123675c,False
2026-07-30,IMMUTABLE_SNAPSHOT,cleanroom_20260731T004346Z,823921,681624,2026-07-31 00:43:24+00:00,LINEUP_AFTER_GOVERNING_CAPTURE,2026-07-31T00:44:25.827951+00:00,0af955e7-588c-410c-9304-79136123675c,False
2026-07-30,IMMUTABLE_SNAPSHOT,cleanroom_20260731T004346Z,823921,686527,2026-07-31 00:43:24+00:00,LINEUP_AFTER_GOVERNING_CAPTURE,2026-07-31T00:44:25.827951+00:00,0af955e7-588c-410c-9304-79136123675c,False
2026-07-30,IMMUTABLE_SNAPSHOT,cleanroom_20260731T004346Z,823921,687221,2026-07-31 00:43:24+00:00,LINEUP_AFTER_GOVERNING_CAPTURE,2026-07-31T00:44:25.827951+00:00,0af955e7-588c-410c-9304-79136123675c,False
2026-07-30,IMMUTABLE_SNAPSHOT,cleanroom_20260731T004346Z,823921,702284,2026-07-31 00:43:24+00:00,LINEUP_AFTER_GOVERNING_CAPTURE,2026-07-31T00:44:25.827951+00:00,0af955e7-588c-410c-9304-79136123675c,False
2026-07-30,IMMUTABLE_SNAPSHOT,cleanroom_20260731T004346Z,824974,575929,2026-07-31 00:43:51+00:00,LINEUP_AFTER_GOVERNING_CAPTURE,2026-07-31T00:44:25.831537+00:00,0af955e7-588c-410c-9304-79136123675c,False
2026-07-30,IMMUTABLE_SNAPSHOT,cleanroom_20260731T004346Z,824974,641680,2026-07-31 00:43:51+00:00,LINEUP_AFTER_GOVERNING_CAPTURE,2026-07-31T00:44:25.831537+00:00,0af955e7-588c-410c-9304-79136123675c,False
2026-07-30,IMMUTABLE_SNAPSHOT,cleanroom_20260731T004346Z,824974,655316,2026-07-31 00:43:51+00:00,LINEUP_AFTER_GOVERNING_CAPTURE,2026-07-31T00:44:25.831537+00:00,0af955e7-588c-410c-9304-79136123675c,False
2026-07-30,IMMUTABLE_SNAPSHOT,cleanroom_20260731T004346Z,824974,657136,2026-07-31 00:43:51+00:00,LINEUP_AFTER_GOVERNING_CAPTURE,2026-07-31T00:44:25.831537+00:00,0af955e7-588c-410c-9304-79136123675c,False
2026-07-30,IMMUTABLE_SNAPSHOT,cleanroom_20260731T004346Z,824974,666126,2026-07-31 00:43:51+00:00,LINEUP_AFTER_GOVERNING_CAPTURE,2026-07-31T00:44:25.831537+00:00,0af955e7-588c-410c-9304-79136123675c,False
2026-07-30,IMMUTABLE_SNAPSHOT,cleanroom_20260731T004346Z,824974,671732,2026-07-31 00:43:51+00:00,LINEUP_AFTER_GOVERNING_CAPTURE,2026-07-31T00:44:25.831537+00:00,0af955e7-588c-410c-9304-79136123675c,False
2026-07-30,IMMUTABLE_SNAPSHOT,cleanroom_20260731T004346Z,824974,677800,2026-07-31 00:43:51+00:00,LINEUP_AFTER_GOVERNING_CAPTURE,2026-07-31T00:44:25.831537+00:00,0af955e7-588c-410c-9304-79136123675c,False
2026-07-30,IMMUTABLE_SNAPSHOT,cleanroom_20260731T004346Z,824974,678011,2026-07-31 00:43:51+00:00,LINEUP_AFTER_GOVERNING_CAPTURE,2026-07-31T00:44:25.831537+00:00,0af955e7-588c-410c-9304-79136123675c,False
2026-07-30,IMMUTABLE_SNAPSHOT,cleanroom_20260731T004346Z,824974,678882,2026-07-31 00:43:51+00:00,LINEUP_AFTER_GOVERNING_CAPTURE,2026-07-31T00:44:25.831537+00:00,0af955e7-588c-410c-9304-79136123675c,False
2026-07-30,IMMUTABLE_SNAPSHOT,cleanroom_20260731T004346Z,824974,680776,2026-07-31 00:43:51+00:00,LINEUP_AFTER_GOVERNING_CAPTURE,2026-07-31T00:44:25.831537+00:00,0af955e7-588c-410c-9304-79136123675c,False
2026-07-30,IMMUTABLE_SNAPSHOT,cleanroom_20260731T004346Z,824974,691016,2026-07-31 00:43:51+00:00,LINEUP_AFTER_GOVERNING_CAPTURE,2026-07-31T00:44:25.831537+00:00,0af955e7-588c-410c-9304-79136123675c,False
2026-07-30,IMMUTABLE_SNAPSHOT,cleanroom_20260731T004346Z,824974,695720,2026-07-31 00:43:51+00:00,LINEUP_AFTER_GOVERNING_CAPTURE,2026-07-31T00:44:25.831537+00:00,0af955e7-588c-410c-9304-79136123675c,False
2026-07-30,IMMUTABLE_SNAPSHOT,cleanroom_20260731T004346Z,824974,701762,2026-07-31 00:43:51+00:00,LINEUP_AFTER_GOVERNING_CAPTURE,2026-07-31T00:44:25.831537+00:00,0af955e7-588c-410c-9304-79136123675c,False
2026-07-30,IMMUTABLE_SNAPSHOT,cleanroom_20260731T004346Z,824974,702332,2026-07-31 00:43:51+00:00,LINEUP_AFTER_GOVERNING_CAPTURE,2026-07-31T00:44:25.831537+00:00,0af955e7-588c-410c-9304-79136123675c,False
2026-07-30,IMMUTABLE_SNAPSHOT,cleanroom_20260731T004346Z,824974,805779,2026-07-31 00:43:51+00:00,LINEUP_AFTER_GOVERNING_CAPTURE,2026-07-31T00:44:25.831537+00:00,0af955e7-588c-410c-9304-79136123675c,False
2026-07-30,IMMUTABLE_SNAPSHOT,cleanroom_20260731T004346Z,824974,807799,2026-07-31 00:43:51+00:00,LINEUP_AFTER_GOVERNING_CAPTURE,2026-07-31T00:44:25.831537+00:00,0af955e7-588c-410c-9304-79136123675c,False
2026-07-30,FROZEN_UNDER_HYPOTHESES,cleanroom_20260730T152752Z,822946,607043,2026-07-30T15:27:29+00:00,LINEUP_AFTER_GOVERNING_CAPTURE,2026-07-30T15:28:26.342152+00:00,e3f67e37-f44e-4e87-94d2-83897e5e5bd5,False
2026-07-30,FROZEN_UNDER_HYPOTHESES,cleanroom_20260730T152752Z,822946,650490,2026-07-30T15:27:29+00:00,LINEUP_AFTER_GOVERNING_CAPTURE,2026-07-30T15:28:26.342152+00:00,e3f67e37-f44e-4e87-94d2-83897e5e5bd5,False
2026-07-30,FROZEN_UNDER_HYPOTHESES,cleanroom_20260730T152752Z,822946,656775,2026-07-30T15:27:29+00:00,LINEUP_AFTER_GOVERNING_CAPTURE,2026-07-30T15:28:26.342152+00:00,e3f67e37-f44e-4e87-94d2-83897e5e5bd5,False
2026-07-30,FROZEN_UNDER_HYPOTHESES,cleanroom_20260730T152752Z,822946,666018,2026-07-30T15:27:29+00:00,LINEUP_AFTER_GOVERNING_CAPTURE,2026-07-30T15:28:26.342152+00:00,e3f67e37-f44e-4e87-94d2-83897e5e5bd5,False
2026-07-30,FROZEN_UNDER_HYPOTHESES,cleanroom_20260730T152752Z,822946,669394,2026-07-30T15:27:29+00:00,LINEUP_AFTER_GOVERNING_CAPTURE,2026-07-30T15:28:26.342152+00:00,e3f67e37-f44e-4e87-94d2-83897e5e5bd5,False
2026-07-30,FROZEN_UNDER_HYPOTHESES,cleanroom_20260730T152752Z,822946,676356,2026-07-30T15:27:29+00:00,LINEUP_AFTER_GOVERNING_CAPTURE,2026-07-30T15:28:26.342152+00:00,e3f67e37-f44e-4e87-94d2-83897e5e5bd5,False
2026-07-30,FROZEN_UNDER_HYPOTHESES,cleanroom_20260730T152752Z,822946,677649,2026-07-30T15:27:29+00:00,LINEUP_AFTER_GOVERNING_CAPTURE,2026-07-30T15:28:26.342152+00:00,e3f67e37-f44e-4e87-94d2-83897e5e5bd5,False
2026-07-30,FROZEN_UNDER_HYPOTHESES,cleanroom_20260730T152752Z,822946,683748,2026-07-30T15:27:29+00:00,LINEUP_AFTER_GOVERNING_CAPTURE,2026-07-30T15:28:26.342152+00:00,e3f67e37-f44e-4e87-94d2-83897e5e5bd5,False
2026-07-30,FROZEN_UNDER_HYPOTHESES,cleanroom_20260730T152752Z,822946,691406,2026-07-30T15:27:29+00:00,LINEUP_AFTER_GOVERNING_CAPTURE,2026-07-30T15:28:26.342152+00:00,e3f67e37-f44e-4e87-94d2-83897e5e5bd5,False
2026-07-30,FROZEN_UNDER_HYPOTHESES,cleanroom_20260730T152752Z,822946,694671,2026-07-30T15:27:29+00:00,LINEUP_AFTER_GOVERNING_CAPTURE,2026-07-30T15:28:26.342152+00:00,e3f67e37-f44e-4e87-94d2-83897e5e5bd5,False
2026-07-30,FROZEN_UNDER_HYPOTHESES,cleanroom_20260730T152752Z,822946,802415,2026-07-30T15:27:29+00:00,ORDER_NOT_CONFIRMED,,,False
2026-07-30,FROZEN_UNDER_HYPOTHESES,cleanroom_20260730T152752Z,822946,810938,2026-07-30T15:27:29+00:00,LINEUP_AFTER_GOVERNING_CAPTURE,2026-07-30T15:28:26.342152+00:00,e3f67e37-f44e-4e87-94d2-83897e5e5bd5,False
2026-07-30,FROZEN_UNDER_HYPOTHESES,cleanroom_20260730T152752Z,823023,608324,2026-07-30T15:28:20+00:00,ORDER_NOT_CONFIRMED,,,False
2026-07-30,FROZEN_UNDER_HYPOTHESES,cleanroom_20260730T152752Z,823023,663457,2026-07-30T15:28:20+00:00,ORDER_NOT_CONFIRMED,,,False
2026-07-30,FROZEN_UNDER_HYPOTHESES,cleanroom_20260730T152752Z,823023,663538,2026-07-30T15:28:20+00:00,ORDER_NOT_CONFIRMED,,,False
2026-07-30,FROZEN_UNDER_HYPOTHESES,cleanroom_20260730T152752Z,823023,664023,2026-07-30T15:28:20+00:00,ORDER_NOT_CONFIRMED,,,False
2026-07-30,FROZEN_UNDER_HYPOTHESES,cleanroom_20260730T152752Z,823023,671056,2026-07-30T15:28:20+00:00,ORDER_NOT_CONFIRMED,,,False
2026-07-30,FROZEN_UNDER_HYPOTHESES,cleanroom_20260730T152752Z,823023,673548,2026-07-30T15:28:20+00:00,ORDER_NOT_CONFIRMED,,,False
2026-07-30,FROZEN_UNDER_HYPOTHESES,cleanroom_20260730T152752Z,823023,676475,2026-07-30T15:28:20+00:00,ORDER_NOT_CONFIRMED,,,False
2026-07-30,FROZEN_UNDER_HYPOTHESES,cleanroom_20260730T152752Z,823023,683737,2026-07-30T15:28:20+00:00,ORDER_NOT_CONFIRMED,,,False
2026-07-30,FROZEN_UNDER_HYPOTHESES,cleanroom_20260730T152752Z,823023,691023,2026-07-30T15:28:20+00:00,ORDER_NOT_CONFIRMED,,,False
2026-07-30,FROZEN_UNDER_HYPOTHESES,cleanroom_20260730T152752Z,823023,691026,2026-07-30T15:28:20+00:00,ORDER_NOT_CONFIRMED,,,False
2026-07-30,FROZEN_UNDER_HYPOTHESES,cleanroom_20260730T152752Z,823023,691458,2026-07-30T15:28:20+00:00,ORDER_NOT_CONFIRMED,,,False
2026-07-30,FROZEN_UNDER_HYPOTHESES,cleanroom_20260730T152752Z,823023,691718,2026-07-30T15:28:20+00:00,ORDER_NOT_CONFIRMED,,,False
2026-07-30,FROZEN_UNDER_HYPOTHESES,cleanroom_20260730T152752Z,823023,699393,2026-07-30T15:28:20+00:00,ORDER_NOT_CONFIRMED,,,False
2026-07-30,FROZEN_UNDER_HYPOTHESES,cleanroom_20260730T152752Z,823023,701675,2026-07-30T15:28:20+00:00,ORDER_NOT_CONFIRMED,,,False
2026-07-30,FROZEN_UNDER_HYPOTHESES,cleanroom_20260730T152752Z,823023,802139,2026-07-30T15:28:20+00:00,ORDER_NOT_CONFIRMED,,,False
2026-07-30,FROZEN_UNDER_HYPOTHESES,cleanroom_20260731T004346Z,823271,592518,2026-07-31T00:44:00+00:00,LINEUP_AFTER_GOVERNING_CAPTURE,2026-07-31T00:44:25.829718+00:00,0af955e7-588c-410c-9304-79136123675c,False
2026-07-30,FROZEN_UNDER_HYPOTHESES,cleanroom_20260731T004346Z,823271,593428,2026-07-31T00:44:00+00:00,LINEUP_AFTER_GOVERNING_CAPTURE,2026-07-31T00:44:25.829718+00:00,0af955e7-588c-410c-9304-79136123675c,False
2026-07-30,FROZEN_UNDER_HYPOTHESES,cleanroom_20260731T004346Z,823271,642715,2026-07-31T00:44:00+00:00,LINEUP_AFTER_GOVERNING_CAPTURE,2026-07-31T00:44:25.829718+00:00,0af955e7-588c-410c-9304-79136123675c,False
2026-07-30,FROZEN_UNDER_HYPOTHESES,cleanroom_20260731T004346Z,823271,646240,2026-07-31T00:44:00+00:00,LINEUP_AFTER_GOVERNING_CAPTURE,2026-07-31T00:44:25.829718+00:00,0af955e7-588c-410c-9304-79136123675c,False
2026-07-30,FROZEN_UNDER_HYPOTHESES,cleanroom_20260731T004346Z,823271,650333,2026-07-31T00:44:00+00:00,LINEUP_AFTER_GOVERNING_CAPTURE,2026-07-31T00:44:25.829718+00:00,0af955e7-588c-410c-9304-79136123675c,False
2026-07-30,FROZEN_UNDER_HYPOTHESES,cleanroom_20260731T004346Z,823271,650859,2026-07-31T00:44:00+00:00,LINEUP_AFTER_GOVERNING_CAPTURE,2026-07-31T00:44:25.829718+00:00,0af955e7-588c-410c-9304-79136123675c,False
2026-07-30,FROZEN_UNDER_HYPOTHESES,cleanroom_20260731T004346Z,823271,664034,2026-07-31T00:44:00+00:00,LINEUP_AFTER_GOVERNING_CAPTURE,2026-07-31T00:44:25.829718+00:00,0af955e7-588c-410c-9304-79136123675c,False
2026-07-30,FROZEN_UNDER_HYPOTHESES,cleanroom_20260731T004346Z,823271,665487,2026-07-31T00:44:00+00:00,LINEUP_AFTER_GOVERNING_CAPTURE,2026-07-31T00:44:25.829718+00:00,0af955e7-588c-410c-9304-79136123675c,False
2026-07-30,FROZEN_UNDER_HYPOTHESES,cleanroom_20260731T004346Z,823271,671218,2026-07-31T00:44:00+00:00,LINEUP_AFTER_GOVERNING_CAPTURE,2026-07-31T00:44:25.829718+00:00,0af955e7-588c-410c-9304-79136123675c,False
2026-07-30,FROZEN_UNDER_HYPOTHESES,cleanroom_20260731T004346Z,823271,701538,2026-07-31T00:44:00+00:00,LINEUP_AFTER_GOVERNING_CAPTURE,2026-07-31T00:44:25.829718+00:00,0af955e7-588c-410c-9304-79136123675c,False
2026-07-30,FROZEN_UNDER_HYPOTHESES,cleanroom_20260731T004346Z,823271,805811,2026-07-31T00:44:00+00:00,LINEUP_AFTER_GOVERNING_CAPTURE,2026-07-31T00:44:25.829718+00:00,0af955e7-588c-410c-9304-79136123675c,False
2026-07-30,FROZEN_UNDER_HYPOTHESES,cleanroom_20260731T004346Z,823271,808982,2026-07-31T00:44:00+00:00,LINEUP_AFTER_GOVERNING_CAPTURE,2026-07-31T00:44:25.829718+00:00,0af955e7-588c-410c-9304-79136123675c,False
2026-07-30,FROZEN_UNDER_HYPOTHESES,cleanroom_20260730T152752Z,823595,596019,2026-07-30T15:27:26+00:00,ORDER_NOT_CONFIRMED,,,False
2026-07-30,FROZEN_UNDER_HYPOTHESES,cleanroom_20260730T152752Z,823595,666182,2026-07-30T15:27:26+00:00,ORDER_NOT_CONFIRMED,,,False
2026-07-30,FROZEN_UNDER_HYPOTHESES,cleanroom_20260730T152752Z,823595,669065,2026-07-30T15:27:26+00:00,ORDER_NOT_CONFIRMED,,,False
2026-07-30,FROZEN_UNDER_HYPOTHESES,cleanroom_20260730T152752Z,823595,672640,2026-07-30T15:27:26+00:00,ORDER_NOT_CONFIRMED,,,False
2026-07-30,FROZEN_UNDER_HYPOTHESES,cleanroom_20260730T152752Z,823595,681715,2026-07-30T15:27:26+00:00,ORDER_NOT_CONFIRMED,,,False
2026-07-30,FROZEN_UNDER_HYPOTHESES,cleanroom_20260730T152752Z,823674,521692,2026-07-30T15:27:45+00:00,LINEUP_AFTER_GOVERNING_CAPTURE,2026-07-30T15:28:26.336161+00:00,e3f67e37-f44e-4e87-94d2-83897e5e5bd5,False
2026-07-30,FROZEN_UNDER_HYPOTHESES,cleanroom_20260730T152752Z,823674,605137,2026-07-30T15:27:45+00:00,LINEUP_AFTER_GOVERNING_CAPTURE,2026-07-30T15:28:26.336161+00:00,e3f67e37-f44e-4e87-94d2-83897e5e5bd5,False
2026-07-30,FROZEN_UNDER_HYPOTHESES,cleanroom_20260730T152503Z,823674,605170,2026-07-30T15:25:29+00:00,ORDER_NOT_CONFIRMED,,,False
2026-07-30,FROZEN_UNDER_HYPOTHESES,cleanroom_20260730T152503Z,823674,657041,2026-07-30T15:25:29+00:00,ORDER_NOT_CONFIRMED,,,False
2026-07-30,FROZEN_UNDER_HYPOTHESES,cleanroom_20260730T152752Z,823674,665019,2026-07-30T15:27:45+00:00,LINEUP_AFTER_GOVERNING_CAPTURE,2026-07-30T15:28:26.336161+00:00,e3f67e37-f44e-4e87-94d2-83897e5e5bd5,False
2026-07-30,FROZEN_UNDER_HYPOTHESES,cleanroom_20260730T152752Z,823674,668885,2026-07-30T15:27:45+00:00,LINEUP_AFTER_GOVERNING_CAPTURE,2026-07-30T15:28:26.336161+00:00,e3f67e37-f44e-4e87-94d2-83897e5e5bd5,False
2026-07-30,FROZEN_UNDER_HYPOTHESES,cleanroom_20260730T152752Z,823674,668904,2026-07-30T15:27:45+00:00,LINEUP_AFTER_GOVERNING_CAPTURE,2026-07-30T15:28:26.336161+00:00,e3f67e37-f44e-4e87-94d2-83897e5e5bd5,False
2026-07-30,FROZEN_UNDER_HYPOTHESES,cleanroom_20260730T152752Z,823674,670231,2026-07-30T15:27:45+00:00,LINEUP_AFTER_GOVERNING_CAPTURE,2026-07-30T15:28:26.336161+00:00,e3f67e37-f44e-4e87-94d2-83897e5e5bd5,False
2026-07-30,FROZEN_UNDER_HYPOTHESES,cleanroom_20260730T152752Z,823674,679845,2026-07-30T15:27:45+00:00,LINEUP_AFTER_GOVERNING_CAPTURE,2026-07-30T15:28:26.336161+00:00,e3f67e37-f44e-4e87-94d2-83897e5e5bd5,False
2026-07-30,FROZEN_UNDER_HYPOTHESES,cleanroom_20260730T152752Z,823674,680777,2026-07-30T15:27:45+00:00,LINEUP_AFTER_GOVERNING_CAPTURE,2026-07-30T15:28:26.336161+00:00,e3f67e37-f44e-4e87-94d2-83897e5e5bd5,False
2026-07-30,FROZEN_UNDER_HYPOTHESES,cleanroom_20260730T152752Z,823674,686555,2026-07-30T15:27:45+00:00,LINEUP_AFTER_GOVERNING_CAPTURE,2026-07-30T15:28:26.336161+00:00,e3f67e37-f44e-4e87-94d2-83897e5e5bd5,False
2026-07-30,FROZEN_UNDER_HYPOTHESES,cleanroom_20260730T152752Z,823674,686681,2026-07-30T15:27:45+00:00,LINEUP_AFTER_GOVERNING_CAPTURE,2026-07-30T15:28:26.336161+00:00,e3f67e37-f44e-4e87-94d2-83897e5e5bd5,False
2026-07-30,FROZEN_UNDER_HYPOTHESES,cleanroom_20260730T152752Z,823674,686797,2026-07-30T15:27:45+00:00,LINEUP_AFTER_GOVERNING_CAPTURE,2026-07-30T15:28:26.336161+00:00,e3f67e37-f44e-4e87-94d2-83897e5e5bd5,False
2026-07-30,FROZEN_UNDER_HYPOTHESES,cleanroom_20260730T152752Z,823674,695506,2026-07-30T15:27:45+00:00,LINEUP_AFTER_GOVERNING_CAPTURE,2026-07-30T15:28:26.336161+00:00,e3f67e37-f44e-4e87-94d2-83897e5e5bd5,False
2026-07-30,FROZEN_UNDER_HYPOTHESES,cleanroom_20260730T152752Z,823674,695600,2026-07-30T15:27:45+00:00,LINEUP_AFTER_GOVERNING_CAPTURE,2026-07-30T15:28:26.336161+00:00,e3f67e37-f44e-4e87-94d2-83897e5e5bd5,False
2026-07-30,FROZEN_UNDER_HYPOTHESES,cleanroom_20260730T152752Z,823674,807712,2026-07-30T15:27:45+00:00,LINEUP_AFTER_GOVERNING_CAPTURE,2026-07-30T15:28:26.336161+00:00,e3f67e37-f44e-4e87-94d2-83897e5e5bd5,False
2026-07-30,FROZEN_UNDER_HYPOTHESES,cleanroom_20260731T004346Z,823921,518692,2026-07-31T00:43:24+00:00,LINEUP_AFTER_GOVERNING_CAPTURE,2026-07-31T00:44:25.827951+00:00,0af955e7-588c-410c-9304-79136123675c,False
2026-07-30,FROZEN_UNDER_HYPOTHESES,cleanroom_20260731T004346Z,823921,571970,2026-07-31T00:43:24+00:00,LINEUP_AFTER_GOVERNING_CAPTURE,2026-07-31T00:44:25.827951+00:00,0af955e7-588c-410c-9304-79136123675c,False
2026-07-30,FROZEN_UNDER_HYPOTHESES,cleanroom_20260731T004346Z,823921,605141,2026-07-31T00:43:24+00:00,LINEUP_AFTER_GOVERNING_CAPTURE,2026-07-31T00:44:25.827951+00:00,0af955e7-588c-410c-9304-79136123675c,False
2026-07-30,FROZEN_UNDER_HYPOTHESES,cleanroom_20260731T004346Z,823921,606192,2026-07-31T00:43:24+00:00,LINEUP_AFTER_GOVERNING_CAPTURE,2026-07-31T00:44:25.827951+00:00,0af955e7-588c-410c-9304-79136123675c,False
2026-07-30,FROZEN_UNDER_HYPOTHESES,cleanroom_20260731T004346Z,823921,647304,2026-07-31T00:43:24+00:00,LINEUP_AFTER_GOVERNING_CAPTURE,2026-07-31T00:44:25.827951+00:00,0af955e7-588c-410c-9304-79136123675c,False
2026-07-30,FROZEN_UNDER_HYPOTHESES,cleanroom_20260730T152752Z,823921,660271,2026-07-30T15:27:41+00:00,ORDER_NOT_CONFIRMED,,,False
2026-07-30,FROZEN_UNDER_HYPOTHESES,cleanroom_20260731T004346Z,823921,663656,2026-07-31T00:43:24+00:00,LINEUP_AFTER_GOVERNING_CAPTURE,2026-07-31T00:44:25.827951+00:00,0af955e7-588c-410c-9304-79136123675c,False
2026-07-30,FROZEN_UNDER_HYPOTHESES,cleanroom_20260731T004346Z,823921,663728,2026-07-31T00:43:24+00:00,LINEUP_AFTER_GOVERNING_CAPTURE,2026-07-31T00:44:25.827951+00:00,0af955e7-588c-410c-9304-79136123675c,False
2026-07-30,FROZEN_UNDER_HYPOTHESES,cleanroom_20260731T004346Z,823921,668227,2026-07-31T00:43:24+00:00,LINEUP_AFTER_GOVERNING_CAPTURE,2026-07-31T00:44:25.827951+00:00,0af955e7-588c-410c-9304-79136123675c,False
2026-07-30,FROZEN_UNDER_HYPOTHESES,cleanroom_20260731T004346Z,823921,669242,2026-07-31T00:43:24+00:00,LINEUP_AFTER_GOVERNING_CAPTURE,2026-07-31T00:44:25.827951+00:00,0af955e7-588c-410c-9304-79136123675c,False
2026-07-30,FROZEN_UNDER_HYPOTHESES,cleanroom_20260731T004346Z,823921,677594,2026-07-31T00:43:24+00:00,LINEUP_AFTER_GOVERNING_CAPTURE,2026-07-31T00:44:25.827951+00:00,0af955e7-588c-410c-9304-79136123675c,False
2026-07-30,FROZEN_UNDER_HYPOTHESES,cleanroom_20260731T004346Z,823921,681624,2026-07-31T00:43:24+00:00,LINEUP_AFTER_GOVERNING_CAPTURE,2026-07-31T00:44:25.827951+00:00,0af955e7-588c-410c-9304-79136123675c,False
2026-07-30,FROZEN_UNDER_HYPOTHESES,cleanroom_20260731T004346Z,823921,686527,2026-07-31T00:43:24+00:00,LINEUP_AFTER_GOVERNING_CAPTURE,2026-07-31T00:44:25.827951+00:00,0af955e7-588c-410c-9304-79136123675c,False
2026-07-30,FROZEN_UNDER_HYPOTHESES,cleanroom_20260731T004346Z,823921,687221,2026-07-31T00:43:24+00:00,LINEUP_AFTER_GOVERNING_CAPTURE,2026-07-31T00:44:25.827951+00:00,0af955e7-588c-410c-9304-79136123675c,False
2026-07-30,FROZEN_UNDER_HYPOTHESES,cleanroom_20260731T004346Z,823921,702284,2026-07-31T00:43:24+00:00,LINEUP_AFTER_GOVERNING_CAPTURE,2026-07-31T00:44:25.827951+00:00,0af955e7-588c-410c-9304-79136123675c,False
2026-07-30,FROZEN_UNDER_HYPOTHESES,cleanroom_20260730T152752Z,824488,553993,2026-07-30T15:28:00+00:00,ORDER_NOT_CONFIRMED,,,False
2026-07-30,FROZEN_UNDER_HYPOTHESES,cleanroom_20260730T152752Z,824488,656811,2026-07-30T15:28:00+00:00,ORDER_NOT_CONFIRMED,,,False
2026-07-30,FROZEN_UNDER_HYPOTHESES,cleanroom_20260730T152752Z,824488,663886,2026-07-30T15:28:00+00:00,ORDER_NOT_CONFIRMED,,,False
2026-07-30,FROZEN_UNDER_HYPOTHESES,cleanroom_20260730T152752Z,824488,663968,2026-07-30T15:28:00+00:00,ORDER_NOT_CONFIRMED,,,False
2026-07-30,FROZEN_UNDER_HYPOTHESES,cleanroom_20260730T152752Z,824488,663993,2026-07-30T15:28:00+00:00,ORDER_NOT_CONFIRMED,,,False
2026-07-30,FROZEN_UNDER_HYPOTHESES,cleanroom_20260730T152752Z,824488,664040,2026-07-30T15:28:00+00:00,ORDER_NOT_CONFIRMED,,,False
2026-07-30,FROZEN_UNDER_HYPOTHESES,cleanroom_20260730T152752Z,824488,668709,2026-07-30T15:28:00+00:00,ORDER_NOT_CONFIRMED,,,False
2026-07-30,FROZEN_UNDER_HYPOTHESES,cleanroom_20260730T152752Z,824488,668804,2026-07-30T15:28:00+00:00,ORDER_NOT_CONFIRMED,,,False
2026-07-30,FROZEN_UNDER_HYPOTHESES,cleanroom_20260730T152752Z,824488,682622,2026-07-30T15:28:00+00:00,ORDER_NOT_CONFIRMED,,,False
2026-07-30,FROZEN_UNDER_HYPOTHESES,cleanroom_20260730T152752Z,824488,682829,2026-07-30T15:28:00+00:00,ORDER_NOT_CONFIRMED,,,False
2026-07-30,FROZEN_UNDER_HYPOTHESES,cleanroom_20260730T152752Z,824488,682848,2026-07-30T15:28:00+00:00,ORDER_NOT_CONFIRMED,,,False
2026-07-30,FROZEN_UNDER_HYPOTHESES,cleanroom_20260730T152752Z,824488,693304,2026-07-30T15:28:00+00:00,ORDER_NOT_CONFIRMED,,,False
2026-07-30,FROZEN_UNDER_HYPOTHESES,cleanroom_20260730T152752Z,824488,699013,2026-07-30T15:28:00+00:00,ORDER_NOT_CONFIRMED,,,False
2026-07-30,FROZEN_UNDER_HYPOTHESES,cleanroom_20260730T152752Z,824488,701398,2026-07-30T15:28:00+00:00,ORDER_NOT_CONFIRMED,,,False
2026-07-30,FROZEN_UNDER_HYPOTHESES,cleanroom_20260730T152752Z,824568,502671,2026-07-30T15:27:37+00:00,LINEUP_AFTER_GOVERNING_CAPTURE,2026-07-30T15:28:26.343897+00:00,e3f67e37-f44e-4e87-94d2-83897e5e5bd5,False
2026-07-30,FROZEN_UNDER_HYPOTHESES,cleanroom_20260730T152752Z,824568,545341,2026-07-30T15:27:37+00:00,LINEUP_AFTER_GOVERNING_CAPTURE,2026-07-30T15:28:26.343897+00:00,e3f67e37-f44e-4e87-94d2-83897e5e5bd5,False
2026-07-30,FROZEN_UNDER_HYPOTHESES,cleanroom_20260730T152752Z,824568,663757,2026-07-30T15:27:37+00:00,LINEUP_AFTER_GOVERNING_CAPTURE,2026-07-30T15:28:26.343897+00:00,e3f67e37-f44e-4e87-94d2-83897e5e5bd5,False
2026-07-30,FROZEN_UNDER_HYPOTHESES,cleanroom_20260730T152752Z,824568,678246,2026-07-30T15:27:37+00:00,LINEUP_AFTER_GOVERNING_CAPTURE,2026-07-30T15:28:26.343897+00:00,e3f67e37-f44e-4e87-94d2-83897e5e5bd5,False
2026-07-30,FROZEN_UNDER_HYPOTHESES,cleanroom_20260730T152752Z,824568,691176,2026-07-30T15:27:37+00:00,LINEUP_AFTER_GOVERNING_CAPTURE,2026-07-30T15:28:26.343897+00:00,e3f67e37-f44e-4e87-94d2-83897e5e5bd5,False
2026-07-30,FROZEN_UNDER_HYPOTHESES,cleanroom_20260730T152752Z,824568,695657,2026-07-30T15:27:37+00:00,LINEUP_AFTER_GOVERNING_CAPTURE,2026-07-30T15:28:26.343897+00:00,e3f67e37-f44e-4e87-94d2-83897e5e5bd5,False
2026-07-30,FROZEN_UNDER_HYPOTHESES,cleanroom_20260730T152752Z,824568,700250,2026-07-30T15:27:37+00:00,LINEUP_AFTER_GOVERNING_CAPTURE,2026-07-30T15:28:26.343897+00:00,e3f67e37-f44e-4e87-94d2-83897e5e5bd5,False
2026-07-30,FROZEN_UNDER_HYPOTHESES,cleanroom_20260730T152752Z,824568,805367,2026-07-30T15:27:37+00:00,LINEUP_AFTER_GOVERNING_CAPTURE,2026-07-30T15:28:26.343897+00:00,e3f67e37-f44e-4e87-94d2-83897e5e5bd5,False
2026-07-30,FROZEN_UNDER_HYPOTHESES,cleanroom_20260730T152752Z,824568,808959,2026-07-30T15:27:37+00:00,LINEUP_AFTER_GOVERNING_CAPTURE,2026-07-30T15:28:26.343897+00:00,e3f67e37-f44e-4e87-94d2-83897e5e5bd5,False
2026-07-30,FROZEN_UNDER_HYPOTHESES,cleanroom_20260730T152752Z,824894,621566,2026-07-30T15:28:07+00:00,ORDER_NOT_CONFIRMED,,,False
2026-07-30,FROZEN_UNDER_HYPOTHESES,cleanroom_20260730T152752Z,824894,643289,2026-07-30T15:28:07+00:00,ORDER_NOT_CONFIRMED,,,False
2026-07-30,FROZEN_UNDER_HYPOTHESES,cleanroom_20260730T152752Z,824894,645277,2026-07-30T15:28:07+00:00,ORDER_NOT_CONFIRMED,,,False
2026-07-30,FROZEN_UNDER_HYPOTHESES,cleanroom_20260730T152752Z,824894,660670,2026-07-30T15:28:07+00:00,ORDER_NOT_CONFIRMED,,,False
2026-07-30,FROZEN_UNDER_HYPOTHESES,cleanroom_20260730T152752Z,824894,660688,2026-07-30T15:28:07+00:00,ORDER_NOT_CONFIRMED,,,False
2026-07-30,FROZEN_UNDER_HYPOTHESES,cleanroom_20260730T152752Z,824894,663586,2026-07-30T15:28:07+00:00,ORDER_NOT_CONFIRMED,,,False
2026-07-30,FROZEN_UNDER_HYPOTHESES,cleanroom_20260730T152752Z,824894,671277,2026-07-30T15:28:07+00:00,ORDER_NOT_CONFIRMED,,,False
2026-07-30,FROZEN_UNDER_HYPOTHESES,cleanroom_20260730T152752Z,824894,671739,2026-07-30T15:28:07+00:00,ORDER_NOT_CONFIRMED,,,False
2026-07-30,FROZEN_UNDER_HYPOTHESES,cleanroom_20260730T152752Z,824894,682928,2026-07-30T15:28:07+00:00,ORDER_NOT_CONFIRMED,,,False
2026-07-30,FROZEN_UNDER_HYPOTHESES,cleanroom_20260730T152752Z,824894,686611,2026-07-30T15:28:07+00:00,ORDER_NOT_CONFIRMED,,,False
2026-07-30,FROZEN_UNDER_HYPOTHESES,cleanroom_20260730T152752Z,824894,686948,2026-07-30T15:28:07+00:00,ORDER_NOT_CONFIRMED,,,False
2026-07-30,FROZEN_UNDER_HYPOTHESES,cleanroom_20260730T152752Z,824894,695578,2026-07-30T15:28:07+00:00,ORDER_NOT_CONFIRMED,,,False
2026-07-30,FROZEN_UNDER_HYPOTHESES,cleanroom_20260730T152752Z,824894,695734,2026-07-30T15:28:07+00:00,ORDER_NOT_CONFIRMED,,,False
2026-07-30,FROZEN_UNDER_HYPOTHESES,cleanroom_20260731T004346Z,824974,575929,2026-07-31T00:43:51+00:00,LINEUP_AFTER_GOVERNING_CAPTURE,2026-07-31T00:44:25.831537+00:00,0af955e7-588c-410c-9304-79136123675c,False
2026-07-30,FROZEN_UNDER_HYPOTHESES,cleanroom_20260730T152752Z,824974,622268,2026-07-30T15:27:23+00:00,ORDER_NOT_CONFIRMED,,,False
2026-07-30,FROZEN_UNDER_HYPOTHESES,cleanroom_20260731T004346Z,824974,641680,2026-07-31T00:43:51+00:00,LINEUP_AFTER_GOVERNING_CAPTURE,2026-07-31T00:44:25.831537+00:00,0af955e7-588c-410c-9304-79136123675c,False
2026-07-30,FROZEN_UNDER_HYPOTHESES,cleanroom_20260730T152752Z,824974,643446,2026-07-30T15:27:23+00:00,ORDER_NOT_CONFIRMED,,,False
2026-07-30,FROZEN_UNDER_HYPOTHESES,cleanroom_20260731T004346Z,824974,655316,2026-07-31T00:43:51+00:00,LINEUP_AFTER_GOVERNING_CAPTURE,2026-07-31T00:44:25.831537+00:00,0af955e7-588c-410c-9304-79136123675c,False
2026-07-30,FROZEN_UNDER_HYPOTHESES,cleanroom_20260731T004346Z,824974,657136,2026-07-31T00:43:51+00:00,LINEUP_AFTER_GOVERNING_CAPTURE,2026-07-31T00:44:25.831537+00:00,0af955e7-588c-410c-9304-79136123675c,False
2026-07-30,FROZEN_UNDER_HYPOTHESES,cleanroom_20260731T004346Z,824974,666126,2026-07-31T00:43:51+00:00,LINEUP_AFTER_GOVERNING_CAPTURE,2026-07-31T00:44:25.831537+00:00,0af955e7-588c-410c-9304-79136123675c,False
2026-07-30,FROZEN_UNDER_HYPOTHESES,cleanroom_20260731T004346Z,824974,671732,2026-07-31T00:43:51+00:00,LINEUP_AFTER_GOVERNING_CAPTURE,2026-07-31T00:44:25.831537+00:00,0af955e7-588c-410c-9304-79136123675c,False
2026-07-30,FROZEN_UNDER_HYPOTHESES,cleanroom_20260731T004346Z,824974,677800,2026-07-31T00:43:51+00:00,LINEUP_AFTER_GOVERNING_CAPTURE,2026-07-31T00:44:25.831537+00:00,0af955e7-588c-410c-9304-79136123675c,False
2026-07-30,FROZEN_UNDER_HYPOTHESES,cleanroom_20260731T004346Z,824974,678011,2026-07-31T00:43:51+00:00,LINEUP_AFTER_GOVERNING_CAPTURE,2026-07-31T00:44:25.831537+00:00,0af955e7-588c-410c-9304-79136123675c,False
2026-07-30,FROZEN_UNDER_HYPOTHESES,cleanroom_20260731T004346Z,824974,678882,2026-07-31T00:43:51+00:00,LINEUP_AFTER_GOVERNING_CAPTURE,2026-07-31T00:44:25.831537+00:00,0af955e7-588c-410c-9304-79136123675c,False
2026-07-30,FROZEN_UNDER_HYPOTHESES,cleanroom_20260731T004346Z,824974,680776,2026-07-31T00:43:51+00:00,LINEUP_AFTER_GOVERNING_CAPTURE,2026-07-31T00:44:25.831537+00:00,0af955e7-588c-410c-9304-79136123675c,False
2026-07-30,FROZEN_UNDER_HYPOTHESES,cleanroom_20260731T004346Z,824974,691016,2026-07-31T00:43:51+00:00,LINEUP_AFTER_GOVERNING_CAPTURE,2026-07-31T00:44:25.831537+00:00,0af955e7-588c-410c-9304-79136123675c,False
2026-07-30,FROZEN_UNDER_HYPOTHESES,cleanroom_20260731T004346Z,824974,695720,2026-07-31T00:43:51+00:00,LINEUP_AFTER_GOVERNING_CAPTURE,2026-07-31T00:44:25.831537+00:00,0af955e7-588c-410c-9304-79136123675c,False
2026-07-30,FROZEN_UNDER_HYPOTHESES,cleanroom_20260731T004346Z,824974,701762,2026-07-31T00:43:51+00:00,LINEUP_AFTER_GOVERNING_CAPTURE,2026-07-31T00:44:25.831537+00:00,0af955e7-588c-410c-9304-79136123675c,False
2026-07-30,FROZEN_UNDER_HYPOTHESES,cleanroom_20260731T004346Z,824974,702332,2026-07-31T00:43:51+00:00,LINEUP_AFTER_GOVERNING_CAPTURE,2026-07-31T00:44:25.831537+00:00,0af955e7-588c-410c-9304-79136123675c,False
2026-07-30,FROZEN_UNDER_HYPOTHESES,cleanroom_20260731T004346Z,824974,805779,2026-07-31T00:43:51+00:00,LINEUP_AFTER_GOVERNING_CAPTURE,2026-07-31T00:44:25.831537+00:00,0af955e7-588c-410c-9304-79136123675c,False
2026-07-30,FROZEN_UNDER_HYPOTHESES,cleanroom_20260731T004346Z,824974,807799,2026-07-31T00:43:51+00:00,LINEUP_AFTER_GOVERNING_CAPTURE,2026-07-31T00:44:25.831537+00:00,0af955e7-588c-410c-9304-79136123675c,False
2026-07-31,IMMUTABLE_SNAPSHOT,cleanroom_20260731T170312Z,822782,543807,2026-07-31 17:03:37+00:00,ORDER_NOT_CONFIRMED,,,False
2026-07-31,IMMUTABLE_SNAPSHOT,cleanroom_20260731T170312Z,822782,662139,2026-07-31 17:03:37+00:00,ORDER_NOT_CONFIRMED,,,False
2026-07-31,IMMUTABLE_SNAPSHOT,cleanroom_20260731T170312Z,822782,664770,2026-07-31 17:03:37+00:00,ORDER_NOT_CONFIRMED,,,False
2026-07-31,IMMUTABLE_SNAPSHOT,cleanroom_20260731T170312Z,822782,665489,2026-07-31 17:03:37+00:00,ORDER_NOT_CONFIRMED,,,False
2026-07-31,IMMUTABLE_SNAPSHOT,cleanroom_20260731T170312Z,822782,672386,2026-07-31 17:03:37+00:00,ORDER_NOT_CONFIRMED,,,False
2026-07-31,IMMUTABLE_SNAPSHOT,cleanroom_20260731T170312Z,822782,672960,2026-07-31 17:03:37+00:00,ORDER_NOT_CONFIRMED,,,False
2026-07-31,IMMUTABLE_SNAPSHOT,cleanroom_20260731T170312Z,822782,676391,2026-07-31 17:03:37+00:00,ORDER_NOT_CONFIRMED,,,False
2026-07-31,IMMUTABLE_SNAPSHOT,cleanroom_20260731T170312Z,822782,676475,2026-07-31 17:03:37+00:00,ORDER_NOT_CONFIRMED,,,False
2026-07-31,IMMUTABLE_SNAPSHOT,cleanroom_20260731T170312Z,822782,682818,2026-07-31 17:03:37+00:00,ORDER_NOT_CONFIRMED,,,False
2026-07-31,IMMUTABLE_SNAPSHOT,cleanroom_20260731T170312Z,822782,691023,2026-07-31 17:03:37+00:00,ORDER_NOT_CONFIRMED,,,False
2026-07-31,IMMUTABLE_SNAPSHOT,cleanroom_20260731T170312Z,822945,643217,2026-07-31 17:03:35+00:00,ORDER_NOT_CONFIRMED,,,False
2026-07-31,IMMUTABLE_SNAPSHOT,cleanroom_20260731T170312Z,822945,650490,2026-07-31 17:03:35+00:00,ORDER_NOT_CONFIRMED,,,False
2026-07-31,IMMUTABLE_SNAPSHOT,cleanroom_20260731T170312Z,822945,656775,2026-07-31 17:03:35+00:00,ORDER_NOT_CONFIRMED,,,False
2026-07-31,IMMUTABLE_SNAPSHOT,cleanroom_20260731T170312Z,822945,666018,2026-07-31 17:03:35+00:00,ORDER_NOT_CONFIRMED,,,False
2026-07-31,IMMUTABLE_SNAPSHOT,cleanroom_20260731T170312Z,822945,678246,2026-07-31 17:03:35+00:00,ORDER_NOT_CONFIRMED,,,False
2026-07-31,IMMUTABLE_SNAPSHOT,cleanroom_20260731T170312Z,822945,683748,2026-07-31 17:03:35+00:00,ORDER_NOT_CONFIRMED,,,False
2026-07-31,IMMUTABLE_SNAPSHOT,cleanroom_20260731T170312Z,822945,691406,2026-07-31 17:03:35+00:00,ORDER_NOT_CONFIRMED,,,False
2026-07-31,IMMUTABLE_SNAPSHOT,cleanroom_20260731T170312Z,822945,695657,2026-07-31 17:03:35+00:00,ORDER_NOT_CONFIRMED,,,False
2026-07-31,IMMUTABLE_SNAPSHOT,cleanroom_20260731T170312Z,822945,695731,2026-07-31 17:03:35+00:00,ORDER_NOT_CONFIRMED,,,False
2026-07-31,IMMUTABLE_SNAPSHOT,cleanroom_20260731T170312Z,822945,802415,2026-07-31 17:03:35+00:00,ORDER_NOT_CONFIRMED,,,False
2026-07-31,IMMUTABLE_SNAPSHOT,cleanroom_20260731T170312Z,822945,803011,2026-07-31 17:03:35+00:00,ORDER_NOT_CONFIRMED,,,False
2026-07-31,IMMUTABLE_SNAPSHOT,cleanroom_20260731T170312Z,822945,808959,2026-07-31 17:03:35+00:00,ORDER_NOT_CONFIRMED,,,False
2026-07-31,IMMUTABLE_SNAPSHOT,cleanroom_20260731T170312Z,823111,605137,2026-07-31 17:03:00+00:00,ORDER_NOT_CONFIRMED,,,False
2026-07-31,IMMUTABLE_SNAPSHOT,cleanroom_20260731T170312Z,823111,647304,2026-07-31 17:03:00+00:00,ORDER_NOT_CONFIRMED,,,False
2026-07-31,IMMUTABLE_SNAPSHOT,cleanroom_20260731T170312Z,823111,663616,2026-07-31 17:03:00+00:00,ORDER_NOT_CONFIRMED,,,False
2026-07-31,IMMUTABLE_SNAPSHOT,cleanroom_20260731T170312Z,823111,663728,2026-07-31 17:03:00+00:00,ORDER_NOT_CONFIRMED,,,False
2026-07-31,IMMUTABLE_SNAPSHOT,cleanroom_20260731T170312Z,823111,665019,2026-07-31 17:03:00+00:00,ORDER_NOT_CONFIRMED,,,False
2026-07-31,IMMUTABLE_SNAPSHOT,cleanroom_20260731T170312Z,823111,668227,2026-07-31 17:03:00+00:00,ORDER_NOT_CONFIRMED,,,False
2026-07-31,IMMUTABLE_SNAPSHOT,cleanroom_20260731T170312Z,823111,668904,2026-07-31 17:03:00+00:00,ORDER_NOT_CONFIRMED,,,False
2026-07-31,IMMUTABLE_SNAPSHOT,cleanroom_20260731T170312Z,823111,670042,2026-07-31 17:03:00+00:00,ORDER_NOT_CONFIRMED,,,False
2026-07-31,IMMUTABLE_SNAPSHOT,cleanroom_20260731T170312Z,823111,677594,2026-07-31 17:03:00+00:00,ORDER_NOT_CONFIRMED,,,False
2026-07-31,IMMUTABLE_SNAPSHOT,cleanroom_20260731T170312Z,823111,680777,2026-07-31 17:03:00+00:00,ORDER_NOT_CONFIRMED,,,False
2026-07-31,IMMUTABLE_SNAPSHOT,cleanroom_20260731T170312Z,823111,686527,2026-07-31 17:03:00+00:00,ORDER_NOT_CONFIRMED,,,False
2026-07-31,IMMUTABLE_SNAPSHOT,cleanroom_20260731T170312Z,823111,686797,2026-07-31 17:03:00+00:00,ORDER_NOT_CONFIRMED,,,False
2026-07-31,IMMUTABLE_SNAPSHOT,cleanroom_20260731T170312Z,823111,702284,2026-07-31 17:03:00+00:00,ORDER_NOT_CONFIRMED,,,False
2026-07-31,IMMUTABLE_SNAPSHOT,cleanroom_20260731T170312Z,823272,592518,2026-07-31 17:03:22+00:00,ORDER_NOT_CONFIRMED,,,False
2026-07-31,IMMUTABLE_SNAPSHOT,cleanroom_20260731T170312Z,823272,593428,2026-07-31 17:03:22+00:00,ORDER_NOT_CONFIRMED,,,False
2026-07-31,IMMUTABLE_SNAPSHOT,cleanroom_20260731T170312Z,823272,642715,2026-07-31 17:03:22+00:00,ORDER_NOT_CONFIRMED,,,False
2026-07-31,IMMUTABLE_SNAPSHOT,cleanroom_20260731T170312Z,823272,646240,2026-07-31 17:03:22+00:00,ORDER_NOT_CONFIRMED,,,False
2026-07-31,IMMUTABLE_SNAPSHOT,cleanroom_20260731T170312Z,823272,650333,2026-07-31 17:03:22+00:00,ORDER_NOT_CONFIRMED,,,False
2026-07-31,IMMUTABLE_SNAPSHOT,cleanroom_20260731T170312Z,823272,650859,2026-07-31 17:03:22+00:00,ORDER_NOT_CONFIRMED,,,False
2026-07-31,IMMUTABLE_SNAPSHOT,cleanroom_20260731T170312Z,823272,664034,2026-07-31 17:03:22+00:00,ORDER_NOT_CONFIRMED,,,False
2026-07-31,IMMUTABLE_SNAPSHOT,cleanroom_20260731T170312Z,823272,665487,2026-07-31 17:03:22+00:00,ORDER_NOT_CONFIRMED,,,False
2026-07-31,IMMUTABLE_SNAPSHOT,cleanroom_20260731T170312Z,823272,671218,2026-07-31 17:03:22+00:00,ORDER_NOT_CONFIRMED,,,False
2026-07-31,IMMUTABLE_SNAPSHOT,cleanroom_20260731T170312Z,823272,701538,2026-07-31 17:03:22+00:00,ORDER_NOT_CONFIRMED,,,False
2026-07-31,IMMUTABLE_SNAPSHOT,cleanroom_20260731T170312Z,823272,805811,2026-07-31 17:03:22+00:00,ORDER_NOT_CONFIRMED,,,False
2026-07-31,IMMUTABLE_SNAPSHOT,cleanroom_20260731T170312Z,823272,808982,2026-07-31 17:03:22+00:00,ORDER_NOT_CONFIRMED,,,False
2026-07-31,IMMUTABLE_SNAPSHOT,cleanroom_20260731T170312Z,823593,593871,2026-07-31 17:03:14+00:00,ORDER_NOT_CONFIRMED,,,False
2026-07-31,IMMUTABLE_SNAPSHOT,cleanroom_20260731T170312Z,823593,596019,2026-07-31 17:03:14+00:00,ORDER_NOT_CONFIRMED,,,False
2026-07-31,IMMUTABLE_SNAPSHOT,cleanroom_20260731T170312Z,823593,666182,2026-07-31 17:03:14+00:00,ORDER_NOT_CONFIRMED,,,False
2026-07-31,IMMUTABLE_SNAPSHOT,cleanroom_20260731T170312Z,823593,669065,2026-07-31 17:03:14+00:00,ORDER_NOT_CONFIRMED,,,False
2026-07-31,IMMUTABLE_SNAPSHOT,cleanroom_20260731T170312Z,823593,669364,2026-07-31 17:03:14+00:00,ORDER_NOT_CONFIRMED,,,False
2026-07-31,IMMUTABLE_SNAPSHOT,cleanroom_20260731T170312Z,823593,672640,2026-07-31 17:03:14+00:00,ORDER_NOT_CONFIRMED,,,False
2026-07-31,IMMUTABLE_SNAPSHOT,cleanroom_20260731T170312Z,823593,673357,2026-07-31 17:03:14+00:00,ORDER_NOT_CONFIRMED,,,False
2026-07-31,IMMUTABLE_SNAPSHOT,cleanroom_20260731T170312Z,823593,676724,2026-07-31 17:03:14+00:00,ORDER_NOT_CONFIRMED,,,False
2026-07-31,IMMUTABLE_SNAPSHOT,cleanroom_20260731T170312Z,823593,681715,2026-07-31 17:03:14+00:00,ORDER_NOT_CONFIRMED,,,False
2026-07-31,IMMUTABLE_SNAPSHOT,cleanroom_20260731T170312Z,823593,682626,2026-07-31 17:03:14+00:00,ORDER_NOT_CONFIRMED,,,False
2026-07-31,IMMUTABLE_SNAPSHOT,cleanroom_20260731T170312Z,823593,689414,2026-07-31 17:03:14+00:00,ORDER_NOT_CONFIRMED,,,False
2026-07-31,IMMUTABLE_SNAPSHOT,cleanroom_20260731T170312Z,823593,701807,2026-07-31 17:03:14+00:00,ORDER_NOT_CONFIRMED,,,False
2026-07-31,IMMUTABLE_SNAPSHOT,cleanroom_20260731T170312Z,823593,805999,2026-07-31 17:03:14+00:00,ORDER_NOT_CONFIRMED,,,False
2026-07-31,IMMUTABLE_SNAPSHOT,cleanroom_20260731T170312Z,823922,518692,2026-07-31 17:02:59+00:00,ORDER_NOT_CONFIRMED,,,False
2026-07-31,IMMUTABLE_SNAPSHOT,cleanroom_20260731T170312Z,823922,575929,2026-07-31 17:02:59+00:00,ORDER_NOT_CONFIRMED,,,False
2026-07-31,IMMUTABLE_SNAPSHOT,cleanroom_20260731T170312Z,823922,605141,2026-07-31 17:02:59+00:00,ORDER_NOT_CONFIRMED,,,False
2026-07-31,IMMUTABLE_SNAPSHOT,cleanroom_20260731T170312Z,823922,660271,2026-07-31 17:02:59+00:00,ORDER_NOT_CONFIRMED,,,False
2026-07-31,IMMUTABLE_SNAPSHOT,cleanroom_20260731T170312Z,823922,663656,2026-07-31 17:02:59+00:00,ORDER_NOT_CONFIRMED,,,False
2026-07-31,IMMUTABLE_SNAPSHOT,cleanroom_20260731T170312Z,823922,669242,2026-07-31 17:02:59+00:00,ORDER_NOT_CONFIRMED,,,False
2026-07-31,IMMUTABLE_SNAPSHOT,cleanroom_20260731T170312Z,823922,677800,2026-07-31 17:02:59+00:00,ORDER_NOT_CONFIRMED,,,False
2026-07-31,IMMUTABLE_SNAPSHOT,cleanroom_20260731T170312Z,823922,678011,2026-07-31 17:02:59+00:00,ORDER_NOT_CONFIRMED,,,False
2026-07-31,IMMUTABLE_SNAPSHOT,cleanroom_20260731T170312Z,823922,678882,2026-07-31 17:02:59+00:00,ORDER_NOT_CONFIRMED,,,False
2026-07-31,IMMUTABLE_SNAPSHOT,cleanroom_20260731T170312Z,823922,681624,2026-07-31 17:02:59+00:00,ORDER_NOT_CONFIRMED,,,False
2026-07-31,IMMUTABLE_SNAPSHOT,cleanroom_20260731T170312Z,823922,807799,2026-07-31 17:02:59+00:00,ORDER_NOT_CONFIRMED,,,False
2026-07-31,IMMUTABLE_SNAPSHOT,cleanroom_20260731T170312Z,823999,545361,2026-07-31 17:02:46+00:00,ORDER_NOT_CONFIRMED,,,False
2026-07-31,IMMUTABLE_SNAPSHOT,cleanroom_20260731T170312Z,823999,592885,2026-07-31 17:02:46+00:00,ORDER_NOT_CONFIRMED,,,False
2026-07-31,IMMUTABLE_SNAPSHOT,cleanroom_20260731T170312Z,823999,624585,2026-07-31 17:02:46+00:00,ORDER_NOT_CONFIRMED,,,False
2026-07-31,IMMUTABLE_SNAPSHOT,cleanroom_20260731T170312Z,823999,641343,2026-07-31 17:02:46+00:00,ORDER_NOT_CONFIRMED,,,False
2026-07-31,IMMUTABLE_SNAPSHOT,cleanroom_20260731T170312Z,823999,661388,2026-07-31 17:02:46+00:00,ORDER_NOT_CONFIRMED,,,False
2026-07-31,IMMUTABLE_SNAPSHOT,cleanroom_20260731T170312Z,823999,666176,2026-07-31 17:02:46+00:00,ORDER_NOT_CONFIRMED,,,False
2026-07-31,IMMUTABLE_SNAPSHOT,cleanroom_20260731T170312Z,823999,668930,2026-07-31 17:02:46+00:00,ORDER_NOT_CONFIRMED,,,False
2026-07-31,IMMUTABLE_SNAPSHOT,cleanroom_20260731T170312Z,823999,669003,2026-07-31 17:02:46+00:00,ORDER_NOT_CONFIRMED,,,False
2026-07-31,IMMUTABLE_SNAPSHOT,cleanroom_20260731T170312Z,823999,683734,2026-07-31 17:02:46+00:00,ORDER_NOT_CONFIRMED,,,False
2026-07-31,IMMUTABLE_SNAPSHOT,cleanroom_20260731T170312Z,823999,687093,2026-07-31 17:02:46+00:00,ORDER_NOT_CONFIRMED,,,False
2026-07-31,IMMUTABLE_SNAPSHOT,cleanroom_20260731T170312Z,823999,687263,2026-07-31 17:02:46+00:00,ORDER_NOT_CONFIRMED,,,False
2026-07-31,IMMUTABLE_SNAPSHOT,cleanroom_20260731T170312Z,823999,694192,2026-07-31 17:02:46+00:00,ORDER_NOT_CONFIRMED,,,False
2026-07-31,IMMUTABLE_SNAPSHOT,cleanroom_20260731T170312Z,823999,694384,2026-07-31 17:02:46+00:00,ORDER_NOT_CONFIRMED,,,False
2026-07-31,IMMUTABLE_SNAPSHOT,cleanroom_20260731T170312Z,823999,806198,2026-07-31 17:02:46+00:00,ORDER_NOT_CONFIRMED,,,False
2026-07-31,IMMUTABLE_SNAPSHOT,cleanroom_20260731T170312Z,824164,572233,2026-07-31 17:03:00+00:00,ORDER_NOT_CONFIRMED,,,False
2026-07-31,IMMUTABLE_SNAPSHOT,cleanroom_20260731T170312Z,824164,592626,2026-07-31 17:03:00+00:00,ORDER_NOT_CONFIRMED,,,False
2026-07-31,IMMUTABLE_SNAPSHOT,cleanroom_20260731T170312Z,824164,607043,2026-07-31 17:03:00+00:00,ORDER_NOT_CONFIRMED,,,False
2026-07-31,IMMUTABLE_SNAPSHOT,cleanroom_20260731T170312Z,824164,665161,2026-07-31 17:03:00+00:00,ORDER_NOT_CONFIRMED,,,False
2026-07-31,IMMUTABLE_SNAPSHOT,cleanroom_20260731T170312Z,824164,670541,2026-07-31 17:03:00+00:00,ORDER_NOT_CONFIRMED,,,False
2026-07-31,IMMUTABLE_SNAPSHOT,cleanroom_20260731T170312Z,824164,670623,2026-07-31 17:03:00+00:00,ORDER_NOT_CONFIRMED,,,False
2026-07-31,IMMUTABLE_SNAPSHOT,cleanroom_20260731T170312Z,824164,673237,2026-07-31 17:03:00+00:00,ORDER_NOT_CONFIRMED,,,False
2026-07-31,IMMUTABLE_SNAPSHOT,cleanroom_20260731T170312Z,824164,694671,2026-07-31 17:03:00+00:00,ORDER_NOT_CONFIRMED,,,False
2026-07-31,IMMUTABLE_SNAPSHOT,cleanroom_20260731T170312Z,824325,521692,2026-07-31 17:03:17+00:00,ORDER_NOT_CONFIRMED,,,False
2026-07-31,IMMUTABLE_SNAPSHOT,cleanroom_20260731T170312Z,824325,650489,2026-07-31 17:03:17+00:00,ORDER_NOT_CONFIRMED,,,False
2026-07-31,IMMUTABLE_SNAPSHOT,cleanroom_20260731T170312Z,824325,657041,2026-07-31 17:03:17+00:00,ORDER_NOT_CONFIRMED,,,False
2026-07-31,IMMUTABLE_SNAPSHOT,cleanroom_20260731T170312Z,824325,664983,2026-07-31 17:03:17+00:00,ORDER_NOT_CONFIRMED,,,False
2026-07-31,IMMUTABLE_SNAPSHOT,cleanroom_20260731T170312Z,824325,666160,2026-07-31 17:03:17+00:00,ORDER_NOT_CONFIRMED,,,False
2026-07-31,IMMUTABLE_SNAPSHOT,cleanroom_20260731T170312Z,824325,668942,2026-07-31 17:03:17+00:00,ORDER_NOT_CONFIRMED,,,False
2026-07-31,IMMUTABLE_SNAPSHOT,cleanroom_20260731T170312Z,824325,678662,2026-07-31 17:03:17+00:00,ORDER_NOT_CONFIRMED,,,False
2026-07-31,IMMUTABLE_SNAPSHOT,cleanroom_20260731T170312Z,824325,679845,2026-07-31 17:03:17+00:00,ORDER_NOT_CONFIRMED,,,False
2026-07-31,IMMUTABLE_SNAPSHOT,cleanroom_20260731T170312Z,824325,681198,2026-07-31 17:03:17+00:00,ORDER_NOT_CONFIRMED,,,False
2026-07-31,IMMUTABLE_SNAPSHOT,cleanroom_20260731T170312Z,824325,686475,2026-07-31 17:03:17+00:00,ORDER_NOT_CONFIRMED,,,False
2026-07-31,IMMUTABLE_SNAPSHOT,cleanroom_20260731T170312Z,824325,686555,2026-07-31 17:03:17+00:00,ORDER_NOT_CONFIRMED,,,False
2026-07-31,IMMUTABLE_SNAPSHOT,cleanroom_20260731T170312Z,824325,686681,2026-07-31 17:03:17+00:00,ORDER_NOT_CONFIRMED,,,False
2026-07-31,IMMUTABLE_SNAPSHOT,cleanroom_20260731T170312Z,824325,687859,2026-07-31 17:03:17+00:00,ORDER_NOT_CONFIRMED,,,False
2026-07-31,IMMUTABLE_SNAPSHOT,cleanroom_20260731T170312Z,824325,691720,2026-07-31 17:03:17+00:00,ORDER_NOT_CONFIRMED,,,False
2026-07-31,IMMUTABLE_SNAPSHOT,cleanroom_20260731T170312Z,824325,694249,2026-07-31 17:03:17+00:00,ORDER_NOT_CONFIRMED,,,False
2026-07-31,IMMUTABLE_SNAPSHOT,cleanroom_20260731T170312Z,824325,695506,2026-07-31 17:03:17+00:00,ORDER_NOT_CONFIRMED,,,False
2026-07-31,IMMUTABLE_SNAPSHOT,cleanroom_20260731T170312Z,824325,695600,2026-07-31 17:03:17+00:00,ORDER_NOT_CONFIRMED,,,False
2026-07-31,IMMUTABLE_SNAPSHOT,cleanroom_20260731T170312Z,824325,696100,2026-07-31 17:03:17+00:00,ORDER_NOT_CONFIRMED,,,False
2026-07-31,IMMUTABLE_SNAPSHOT,cleanroom_20260731T170312Z,824407,571448,2026-07-31 17:03:39+00:00,ORDER_NOT_CONFIRMED,,,False
2026-07-31,IMMUTABLE_SNAPSHOT,cleanroom_20260731T170312Z,824407,596146,2026-07-31 17:03:39+00:00,ORDER_NOT_CONFIRMED,,,False
2026-07-31,IMMUTABLE_SNAPSHOT,cleanroom_20260731T170312Z,824407,606466,2026-07-31 17:03:39+00:00,ORDER_NOT_CONFIRMED,,,False
2026-07-31,IMMUTABLE_SNAPSHOT,cleanroom_20260731T170312Z,824407,608070,2026-07-31 17:03:39+00:00,ORDER_NOT_CONFIRMED,,,False
2026-07-31,IMMUTABLE_SNAPSHOT,cleanroom_20260731T170312Z,824407,656555,2026-07-31 17:03:39+00:00,ORDER_NOT_CONFIRMED,,,False
2026-07-31,IMMUTABLE_SNAPSHOT,cleanroom_20260731T170312Z,824407,672515,2026-07-31 17:03:39+00:00,ORDER_NOT_CONFIRMED,,,False
2026-07-31,IMMUTABLE_SNAPSHOT,cleanroom_20260731T170312Z,824407,672695,2026-07-31 17:03:39+00:00,ORDER_NOT_CONFIRMED,,,False
2026-07-31,IMMUTABLE_SNAPSHOT,cleanroom_20260731T170312Z,824407,677587,2026-07-31 17:03:39+00:00,ORDER_NOT_CONFIRMED,,,False
2026-07-31,IMMUTABLE_SNAPSHOT,cleanroom_20260731T170312Z,824407,682657,2026-07-31 17:03:39+00:00,ORDER_NOT_CONFIRMED,,,False
2026-07-31,IMMUTABLE_SNAPSHOT,cleanroom_20260731T170312Z,824407,682998,2026-07-31 17:03:39+00:00,ORDER_NOT_CONFIRMED,,,False
2026-07-31,IMMUTABLE_SNAPSHOT,cleanroom_20260731T170312Z,824407,683953,2026-07-31 17:03:39+00:00,ORDER_NOT_CONFIRMED,,,False
2026-07-31,IMMUTABLE_SNAPSHOT,cleanroom_20260731T170312Z,824407,800050,2026-07-31 17:03:39+00:00,ORDER_NOT_CONFIRMED,,,False
2026-07-31,IMMUTABLE_SNAPSHOT,cleanroom_20260731T170312Z,824486,656811,2026-07-31 17:03:16+00:00,ORDER_NOT_CONFIRMED,,,False
2026-07-31,IMMUTABLE_SNAPSHOT,cleanroom_20260731T170312Z,824486,663968,2026-07-31 17:03:16+00:00,ORDER_NOT_CONFIRMED,,,False
2026-07-31,IMMUTABLE_SNAPSHOT,cleanroom_20260731T170312Z,824486,663993,2026-07-31 17:03:16+00:00,ORDER_NOT_CONFIRMED,,,False
2026-07-31,IMMUTABLE_SNAPSHOT,cleanroom_20260731T170312Z,824486,664040,2026-07-31 17:03:16+00:00,ORDER_NOT_CONFIRMED,,,False
2026-07-31,IMMUTABLE_SNAPSHOT,cleanroom_20260731T170312Z,824486,668709,2026-07-31 17:03:16+00:00,ORDER_NOT_CONFIRMED,,,False
2026-07-31,IMMUTABLE_SNAPSHOT,cleanroom_20260731T170312Z,824486,668804,2026-07-31 17:03:16+00:00,ORDER_NOT_CONFIRMED,,,False
2026-07-31,IMMUTABLE_SNAPSHOT,cleanroom_20260731T170312Z,824486,680779,2026-07-31 17:03:16+00:00,ORDER_NOT_CONFIRMED,,,False
2026-07-31,IMMUTABLE_SNAPSHOT,cleanroom_20260731T170312Z,824486,682829,2026-07-31 17:03:16+00:00,ORDER_NOT_CONFIRMED,,,False
2026-07-31,IMMUTABLE_SNAPSHOT,cleanroom_20260731T170312Z,824486,693304,2026-07-31 17:03:16+00:00,ORDER_NOT_CONFIRMED,,,False
2026-07-31,IMMUTABLE_SNAPSHOT,cleanroom_20260731T170312Z,824486,699013,2026-07-31 17:03:16+00:00,ORDER_NOT_CONFIRMED,,,False
2026-07-31,IMMUTABLE_SNAPSHOT,cleanroom_20260731T170312Z,824486,701398,2026-07-31 17:03:16+00:00,ORDER_NOT_CONFIRMED,,,False
2026-07-31,IMMUTABLE_SNAPSHOT,cleanroom_20260731T170312Z,824651,502671,2026-07-31 17:03:14+00:00,LINEUP_AFTER_GOVERNING_CAPTURE,2026-07-31T17:03:44.717065+00:00,a8368c5a-36cb-41c3-8784-a78dd6d52ac4,False
2026-07-31,IMMUTABLE_SNAPSHOT,cleanroom_20260731T170312Z,824651,608324,2026-07-31 17:03:14+00:00,LINEUP_AFTER_GOVERNING_CAPTURE,2026-07-31T17:03:44.717065+00:00,a8368c5a-36cb-41c3-8784-a78dd6d52ac4,False
2026-07-31,IMMUTABLE_SNAPSHOT,cleanroom_20260731T170312Z,824651,621020,2026-07-31 17:03:14+00:00,LINEUP_AFTER_GOVERNING_CAPTURE,2026-07-31T17:03:44.717065+00:00,a8368c5a-36cb-41c3-8784-a78dd6d52ac4,False
2026-07-31,IMMUTABLE_SNAPSHOT,cleanroom_20260731T170312Z,824651,624424,2026-07-31 17:03:14+00:00,LINEUP_AFTER_GOVERNING_CAPTURE,2026-07-31T17:03:44.717065+00:00,a8368c5a-36cb-41c3-8784-a78dd6d52ac4,False
2026-07-31,IMMUTABLE_SNAPSHOT,cleanroom_20260731T170312Z,824651,642708,2026-07-31 17:03:14+00:00,LINEUP_AFTER_GOVERNING_CAPTURE,2026-07-31T17:03:44.717065+00:00,a8368c5a-36cb-41c3-8784-a78dd6d52ac4,False
2026-07-31,IMMUTABLE_SNAPSHOT,cleanroom_20260731T170312Z,824651,663538,2026-07-31 17:03:14+00:00,LINEUP_AFTER_GOVERNING_CAPTURE,2026-07-31T17:03:44.717065+00:00,a8368c5a-36cb-41c3-8784-a78dd6d52ac4,False
2026-07-31,IMMUTABLE_SNAPSHOT,cleanroom_20260731T170312Z,824651,663757,2026-07-31 17:03:14+00:00,LINEUP_AFTER_GOVERNING_CAPTURE,2026-07-31T17:03:44.717065+00:00,a8368c5a-36cb-41c3-8784-a78dd6d52ac4,False
2026-07-31,IMMUTABLE_SNAPSHOT,cleanroom_20260731T170312Z,824651,664023,2026-07-31 17:03:14+00:00,LINEUP_AFTER_GOVERNING_CAPTURE,2026-07-31T17:03:44.717065+00:00,a8368c5a-36cb-41c3-8784-a78dd6d52ac4,False
2026-07-31,IMMUTABLE_SNAPSHOT,cleanroom_20260731T170312Z,824651,682987,2026-07-31 17:03:14+00:00,LINEUP_AFTER_GOVERNING_CAPTURE,2026-07-31T17:03:44.717065+00:00,a8368c5a-36cb-41c3-8784-a78dd6d52ac4,False
2026-07-31,IMMUTABLE_SNAPSHOT,cleanroom_20260731T170312Z,824651,683011,2026-07-31 17:03:14+00:00,LINEUP_AFTER_GOVERNING_CAPTURE,2026-07-31T17:03:44.717065+00:00,a8368c5a-36cb-41c3-8784-a78dd6d52ac4,False
2026-07-31,IMMUTABLE_SNAPSHOT,cleanroom_20260731T170312Z,824651,683737,2026-07-31 17:03:14+00:00,LINEUP_AFTER_GOVERNING_CAPTURE,2026-07-31T17:03:44.717065+00:00,a8368c5a-36cb-41c3-8784-a78dd6d52ac4,False
2026-07-31,IMMUTABLE_SNAPSHOT,cleanroom_20260731T170312Z,824651,691176,2026-07-31 17:03:14+00:00,LINEUP_AFTER_GOVERNING_CAPTURE,2026-07-31T17:03:44.717065+00:00,a8368c5a-36cb-41c3-8784-a78dd6d52ac4,False
2026-07-31,IMMUTABLE_SNAPSHOT,cleanroom_20260731T170312Z,824651,691718,2026-07-31 17:03:14+00:00,LINEUP_AFTER_GOVERNING_CAPTURE,2026-07-31T17:03:44.717065+00:00,a8368c5a-36cb-41c3-8784-a78dd6d52ac4,False
2026-07-31,IMMUTABLE_SNAPSHOT,cleanroom_20260731T170312Z,824651,699393,2026-07-31 17:03:14+00:00,LINEUP_AFTER_GOVERNING_CAPTURE,2026-07-31T17:03:44.717065+00:00,a8368c5a-36cb-41c3-8784-a78dd6d52ac4,False
2026-07-31,IMMUTABLE_SNAPSHOT,cleanroom_20260731T170312Z,824651,700250,2026-07-31 17:03:14+00:00,LINEUP_AFTER_GOVERNING_CAPTURE,2026-07-31T17:03:44.717065+00:00,a8368c5a-36cb-41c3-8784-a78dd6d52ac4,False
2026-07-31,IMMUTABLE_SNAPSHOT,cleanroom_20260731T170312Z,824809,547180,2026-07-31 17:03:10+00:00,ORDER_NOT_CONFIRMED,,,False
2026-07-31,IMMUTABLE_SNAPSHOT,cleanroom_20260731T170312Z,824809,592663,2026-07-31 17:03:10+00:00,ORDER_NOT_CONFIRMED,,,False
2026-07-31,IMMUTABLE_SNAPSHOT,cleanroom_20260731T170312Z,824809,607208,2026-07-31 17:03:10+00:00,ORDER_NOT_CONFIRMED,,,False
2026-07-31,IMMUTABLE_SNAPSHOT,cleanroom_20260731T170312Z,824809,621493,2026-07-31 17:03:10+00:00,ORDER_NOT_CONFIRMED,,,False
2026-07-31,IMMUTABLE_SNAPSHOT,cleanroom_20260731T170312Z,824809,624413,2026-07-31 17:03:10+00:00,ORDER_NOT_CONFIRMED,,,False
2026-07-31,IMMUTABLE_SNAPSHOT,cleanroom_20260731T170312Z,824809,656941,2026-07-31 17:03:10+00:00,ORDER_NOT_CONFIRMED,,,False
2026-07-31,IMMUTABLE_SNAPSHOT,cleanroom_20260731T170312Z,824809,664761,2026-07-31 17:03:10+00:00,ORDER_NOT_CONFIRMED,,,False
2026-07-31,IMMUTABLE_SNAPSHOT,cleanroom_20260731T170312Z,824809,665750,2026-07-31 17:03:10+00:00,ORDER_NOT_CONFIRMED,,,False
2026-07-31,IMMUTABLE_SNAPSHOT,cleanroom_20260731T170312Z,824809,669016,2026-07-31 17:03:10+00:00,ORDER_NOT_CONFIRMED,,,False
2026-07-31,IMMUTABLE_SNAPSHOT,cleanroom_20260731T170312Z,824809,681082,2026-07-31 17:03:10+00:00,ORDER_NOT_CONFIRMED,,,False
2026-07-31,IMMUTABLE_SNAPSHOT,cleanroom_20260731T170312Z,824809,683002,2026-07-31 17:03:10+00:00,ORDER_NOT_CONFIRMED,,,False
2026-07-31,IMMUTABLE_SNAPSHOT,cleanroom_20260731T170312Z,824809,687637,2026-07-31 17:03:10+00:00,ORDER_NOT_CONFIRMED,,,False
2026-07-31,IMMUTABLE_SNAPSHOT,cleanroom_20260731T170312Z,824809,687952,2026-07-31 17:03:10+00:00,ORDER_NOT_CONFIRMED,,,False
2026-07-31,IMMUTABLE_SNAPSHOT,cleanroom_20260731T170312Z,824892,621566,2026-07-31 17:02:33+00:00,ORDER_NOT_CONFIRMED,,,False
2026-07-31,IMMUTABLE_SNAPSHOT,cleanroom_20260731T170312Z,824892,643289,2026-07-31 17:02:33+00:00,ORDER_NOT_CONFIRMED,,,False
2026-07-31,IMMUTABLE_SNAPSHOT,cleanroom_20260731T170312Z,824892,645277,2026-07-31 17:02:33+00:00,ORDER_NOT_CONFIRMED,,,False
2026-07-31,IMMUTABLE_SNAPSHOT,cleanroom_20260731T170312Z,824892,660670,2026-07-31 17:02:33+00:00,ORDER_NOT_CONFIRMED,,,False
2026-07-31,IMMUTABLE_SNAPSHOT,cleanroom_20260731T170312Z,824892,660688,2026-07-31 17:02:33+00:00,ORDER_NOT_CONFIRMED,,,False
2026-07-31,IMMUTABLE_SNAPSHOT,cleanroom_20260731T170312Z,824892,663586,2026-07-31 17:02:33+00:00,ORDER_NOT_CONFIRMED,,,False
2026-07-31,IMMUTABLE_SNAPSHOT,cleanroom_20260731T170312Z,824892,671277,2026-07-31 17:02:33+00:00,ORDER_NOT_CONFIRMED,,,False
2026-07-31,IMMUTABLE_SNAPSHOT,cleanroom_20260731T170312Z,824892,671739,2026-07-31 17:02:33+00:00,ORDER_NOT_CONFIRMED,,,False
2026-07-31,IMMUTABLE_SNAPSHOT,cleanroom_20260731T170312Z,824892,682928,2026-07-31 17:02:33+00:00,ORDER_NOT_CONFIRMED,,,False
2026-07-31,IMMUTABLE_SNAPSHOT,cleanroom_20260731T170312Z,824892,686611,2026-07-31 17:02:33+00:00,ORDER_NOT_CONFIRMED,,,False
2026-07-31,IMMUTABLE_SNAPSHOT,cleanroom_20260731T170312Z,824892,686948,2026-07-31 17:02:33+00:00,ORDER_NOT_CONFIRMED,,,False
2026-07-31,IMMUTABLE_SNAPSHOT,cleanroom_20260731T170312Z,824892,695578,2026-07-31 17:02:33+00:00,ORDER_NOT_CONFIRMED,,,False
2026-07-31,IMMUTABLE_SNAPSHOT,cleanroom_20260731T170312Z,824892,695734,2026-07-31 17:02:33+00:00,ORDER_NOT_CONFIRMED,,,False
2026-07-31,IMMUTABLE_SNAPSHOT,cleanroom_20260731T170312Z,824975,595879,2026-07-31 17:01:43+00:00,ORDER_NOT_CONFIRMED,,,False
2026-07-31,IMMUTABLE_SNAPSHOT,cleanroom_20260731T170312Z,824975,650402,2026-07-31 17:01:43+00:00,ORDER_NOT_CONFIRMED,,,False
2026-07-31,IMMUTABLE_SNAPSHOT,cleanroom_20260731T170312Z,824975,663837,2026-07-31 17:01:43+00:00,ORDER_NOT_CONFIRMED,,,False
2026-07-31,IMMUTABLE_SNAPSHOT,cleanroom_20260731T170312Z,824975,679529,2026-07-31 17:01:43+00:00,ORDER_NOT_CONFIRMED,,,False
2026-07-31,IMMUTABLE_SNAPSHOT,cleanroom_20260731T170312Z,824975,682985,2026-07-31 17:01:43+00:00,ORDER_NOT_CONFIRMED,,,False
2026-07-31,IMMUTABLE_SNAPSHOT,cleanroom_20260731T170312Z,824975,691016,2026-07-31 17:01:43+00:00,ORDER_NOT_CONFIRMED,,,False
2026-07-31,IMMUTABLE_SNAPSHOT,cleanroom_20260731T170312Z,824975,693307,2026-07-31 17:01:43+00:00,ORDER_NOT_CONFIRMED,,,False
2026-07-31,IMMUTABLE_SNAPSHOT,cleanroom_20260731T170312Z,824975,695720,2026-07-31 17:01:43+00:00,ORDER_NOT_CONFIRMED,,,False
2026-07-31,IMMUTABLE_SNAPSHOT,cleanroom_20260731T170312Z,824975,701678,2026-07-31 17:01:43+00:00,ORDER_NOT_CONFIRMED,,,False
2026-07-31,IMMUTABLE_SNAPSHOT,cleanroom_20260731T170312Z,824975,701762,2026-07-31 17:01:43+00:00,ORDER_NOT_CONFIRMED,,,False
2026-07-31,IMMUTABLE_SNAPSHOT,cleanroom_20260731T170312Z,824975,805779,2026-07-31 17:01:43+00:00,ORDER_NOT_CONFIRMED,,,False
2026-07-31,IMMUTABLE_SNAPSHOT,cleanroom_20260731T170312Z,824975,805808,2026-07-31 17:01:43+00:00,ORDER_NOT_CONFIRMED,,,False
2026-07-31,IMMUTABLE_SNAPSHOT,cleanroom_20260731T170940Z,822782,543807,2026-07-31 17:09:30+00:00,ORDER_NOT_CONFIRMED,,,False
2026-07-31,IMMUTABLE_SNAPSHOT,cleanroom_20260731T170940Z,822782,662139,2026-07-31 17:09:30+00:00,ORDER_NOT_CONFIRMED,,,False
2026-07-31,IMMUTABLE_SNAPSHOT,cleanroom_20260731T170940Z,822782,664770,2026-07-31 17:09:30+00:00,ORDER_NOT_CONFIRMED,,,False
2026-07-31,IMMUTABLE_SNAPSHOT,cleanroom_20260731T170940Z,822782,665489,2026-07-31 17:09:30+00:00,ORDER_NOT_CONFIRMED,,,False
2026-07-31,IMMUTABLE_SNAPSHOT,cleanroom_20260731T170940Z,822782,672386,2026-07-31 17:09:30+00:00,ORDER_NOT_CONFIRMED,,,False
2026-07-31,IMMUTABLE_SNAPSHOT,cleanroom_20260731T170940Z,822782,672960,2026-07-31 17:09:30+00:00,ORDER_NOT_CONFIRMED,,,False
2026-07-31,IMMUTABLE_SNAPSHOT,cleanroom_20260731T170940Z,822782,676391,2026-07-31 17:09:30+00:00,ORDER_NOT_CONFIRMED,,,False
2026-07-31,IMMUTABLE_SNAPSHOT,cleanroom_20260731T170940Z,822782,676475,2026-07-31 17:09:30+00:00,ORDER_NOT_CONFIRMED,,,False
2026-07-31,IMMUTABLE_SNAPSHOT,cleanroom_20260731T170940Z,822782,682818,2026-07-31 17:09:30+00:00,ORDER_NOT_CONFIRMED,,,False
2026-07-31,IMMUTABLE_SNAPSHOT,cleanroom_20260731T170940Z,822782,691023,2026-07-31 17:09:30+00:00,ORDER_NOT_CONFIRMED,,,False
2026-07-31,IMMUTABLE_SNAPSHOT,cleanroom_20260731T170940Z,822945,643217,2026-07-31 17:09:12+00:00,ORDER_NOT_CONFIRMED,,,False
2026-07-31,IMMUTABLE_SNAPSHOT,cleanroom_20260731T170940Z,822945,650490,2026-07-31 17:09:12+00:00,ORDER_NOT_CONFIRMED,,,False
2026-07-31,IMMUTABLE_SNAPSHOT,cleanroom_20260731T170940Z,822945,656775,2026-07-31 17:09:12+00:00,ORDER_NOT_CONFIRMED,,,False
2026-07-31,IMMUTABLE_SNAPSHOT,cleanroom_20260731T170940Z,822945,666018,2026-07-31 17:09:12+00:00,ORDER_NOT_CONFIRMED,,,False
2026-07-31,IMMUTABLE_SNAPSHOT,cleanroom_20260731T170940Z,822945,678246,2026-07-31 17:09:12+00:00,ORDER_NOT_CONFIRMED,,,False
2026-07-31,IMMUTABLE_SNAPSHOT,cleanroom_20260731T170940Z,822945,683748,2026-07-31 17:09:12+00:00,ORDER_NOT_CONFIRMED,,,False
2026-07-31,IMMUTABLE_SNAPSHOT,cleanroom_20260731T170940Z,822945,691406,2026-07-31 17:09:12+00:00,ORDER_NOT_CONFIRMED,,,False
2026-07-31,IMMUTABLE_SNAPSHOT,cleanroom_20260731T170940Z,822945,695657,2026-07-31 17:09:12+00:00,ORDER_NOT_CONFIRMED,,,False
2026-07-31,IMMUTABLE_SNAPSHOT,cleanroom_20260731T170940Z,822945,695731,2026-07-31 17:09:12+00:00,ORDER_NOT_CONFIRMED,,,False
2026-07-31,IMMUTABLE_SNAPSHOT,cleanroom_20260731T170940Z,822945,802415,2026-07-31 17:09:12+00:00,ORDER_NOT_CONFIRMED,,,False
2026-07-31,IMMUTABLE_SNAPSHOT,cleanroom_20260731T170940Z,822945,803011,2026-07-31 17:09:12+00:00,ORDER_NOT_CONFIRMED,,,False
2026-07-31,IMMUTABLE_SNAPSHOT,cleanroom_20260731T170940Z,822945,808959,2026-07-31 17:09:12+00:00,ORDER_NOT_CONFIRMED,,,False
2026-07-31,IMMUTABLE_SNAPSHOT,cleanroom_20260731T170940Z,823111,605137,2026-07-31 17:09:04+00:00,ORDER_NOT_CONFIRMED,,,False
2026-07-31,IMMUTABLE_SNAPSHOT,cleanroom_20260731T170940Z,823111,647304,2026-07-31 17:09:04+00:00,ORDER_NOT_CONFIRMED,,,False
2026-07-31,IMMUTABLE_SNAPSHOT,cleanroom_20260731T170940Z,823111,663616,2026-07-31 17:09:04+00:00,ORDER_NOT_CONFIRMED,,,False
2026-07-31,IMMUTABLE_SNAPSHOT,cleanroom_20260731T170940Z,823111,663728,2026-07-31 17:09:04+00:00,ORDER_NOT_CONFIRMED,,,False
2026-07-31,IMMUTABLE_SNAPSHOT,cleanroom_20260731T170940Z,823111,665019,2026-07-31 17:09:04+00:00,ORDER_NOT_CONFIRMED,,,False
2026-07-31,IMMUTABLE_SNAPSHOT,cleanroom_20260731T170940Z,823111,668227,2026-07-31 17:09:04+00:00,ORDER_NOT_CONFIRMED,,,False
2026-07-31,IMMUTABLE_SNAPSHOT,cleanroom_20260731T170940Z,823111,668904,2026-07-31 17:09:04+00:00,ORDER_NOT_CONFIRMED,,,False
2026-07-31,IMMUTABLE_SNAPSHOT,cleanroom_20260731T170940Z,823111,670042,2026-07-31 17:09:04+00:00,ORDER_NOT_CONFIRMED,,,False
2026-07-31,IMMUTABLE_SNAPSHOT,cleanroom_20260731T170940Z,823111,677594,2026-07-31 17:09:04+00:00,ORDER_NOT_CONFIRMED,,,False
2026-07-31,IMMUTABLE_SNAPSHOT,cleanroom_20260731T170940Z,823111,680777,2026-07-31 17:09:04+00:00,ORDER_NOT_CONFIRMED,,,False
2026-07-31,IMMUTABLE_SNAPSHOT,cleanroom_20260731T170940Z,823111,686527,2026-07-31 17:09:04+00:00,ORDER_NOT_CONFIRMED,,,False
2026-07-31,IMMUTABLE_SNAPSHOT,cleanroom_20260731T170940Z,823111,686797,2026-07-31 17:09:04+00:00,ORDER_NOT_CONFIRMED,,,False
2026-07-31,IMMUTABLE_SNAPSHOT,cleanroom_20260731T170940Z,823111,702284,2026-07-31 17:09:04+00:00,ORDER_NOT_CONFIRMED,,,False
2026-07-31,IMMUTABLE_SNAPSHOT,cleanroom_20260731T170940Z,823272,592518,2026-07-31 17:09:02+00:00,ORDER_NOT_CONFIRMED,,,False
2026-07-31,IMMUTABLE_SNAPSHOT,cleanroom_20260731T170940Z,823272,593428,2026-07-31 17:09:02+00:00,ORDER_NOT_CONFIRMED,,,False
2026-07-31,IMMUTABLE_SNAPSHOT,cleanroom_20260731T170940Z,823272,642715,2026-07-31 17:09:02+00:00,ORDER_NOT_CONFIRMED,,,False
2026-07-31,IMMUTABLE_SNAPSHOT,cleanroom_20260731T170940Z,823272,646240,2026-07-31 17:09:02+00:00,ORDER_NOT_CONFIRMED,,,False
2026-07-31,IMMUTABLE_SNAPSHOT,cleanroom_20260731T170940Z,823272,650333,2026-07-31 17:09:02+00:00,ORDER_NOT_CONFIRMED,,,False
2026-07-31,IMMUTABLE_SNAPSHOT,cleanroom_20260731T170940Z,823272,650859,2026-07-31 17:09:02+00:00,ORDER_NOT_CONFIRMED,,,False
2026-07-31,IMMUTABLE_SNAPSHOT,cleanroom_20260731T170940Z,823272,664034,2026-07-31 17:09:02+00:00,ORDER_NOT_CONFIRMED,,,False
2026-07-31,IMMUTABLE_SNAPSHOT,cleanroom_20260731T170940Z,823272,665487,2026-07-31 17:09:02+00:00,ORDER_NOT_CONFIRMED,,,False
2026-07-31,IMMUTABLE_SNAPSHOT,cleanroom_20260731T170940Z,823272,671218,2026-07-31 17:09:02+00:00,ORDER_NOT_CONFIRMED,,,False
2026-07-31,IMMUTABLE_SNAPSHOT,cleanroom_20260731T170940Z,823272,701538,2026-07-31 17:09:02+00:00,ORDER_NOT_CONFIRMED,,,False
2026-07-31,IMMUTABLE_SNAPSHOT,cleanroom_20260731T170940Z,823272,805811,2026-07-31 17:09:02+00:00,ORDER_NOT_CONFIRMED,,,False
2026-07-31,IMMUTABLE_SNAPSHOT,cleanroom_20260731T170940Z,823272,808982,2026-07-31 17:09:02+00:00,ORDER_NOT_CONFIRMED,,,False
2026-07-31,IMMUTABLE_SNAPSHOT,cleanroom_20260731T170940Z,823593,593871,2026-07-31 17:09:59+00:00,ORDER_NOT_CONFIRMED,,,False
2026-07-31,IMMUTABLE_SNAPSHOT,cleanroom_20260731T170940Z,823593,596019,2026-07-31 17:09:59+00:00,ORDER_NOT_CONFIRMED,,,False
2026-07-31,IMMUTABLE_SNAPSHOT,cleanroom_20260731T170940Z,823593,666182,2026-07-31 17:09:59+00:00,ORDER_NOT_CONFIRMED,,,False
2026-07-31,IMMUTABLE_SNAPSHOT,cleanroom_20260731T170940Z,823593,669065,2026-07-31 17:09:59+00:00,ORDER_NOT_CONFIRMED,,,False
2026-07-31,IMMUTABLE_SNAPSHOT,cleanroom_20260731T170940Z,823593,669364,2026-07-31 17:09:59+00:00,ORDER_NOT_CONFIRMED,,,False
2026-07-31,IMMUTABLE_SNAPSHOT,cleanroom_20260731T170940Z,823593,672640,2026-07-31 17:09:59+00:00,ORDER_NOT_CONFIRMED,,,False
2026-07-31,IMMUTABLE_SNAPSHOT,cleanroom_20260731T170940Z,823593,673357,2026-07-31 17:09:59+00:00,ORDER_NOT_CONFIRMED,,,False
2026-07-31,IMMUTABLE_SNAPSHOT,cleanroom_20260731T170940Z,823593,676724,2026-07-31 17:09:59+00:00,ORDER_NOT_CONFIRMED,,,False
2026-07-31,IMMUTABLE_SNAPSHOT,cleanroom_20260731T170940Z,823593,681715,2026-07-31 17:09:59+00:00,ORDER_NOT_CONFIRMED,,,False
2026-07-31,IMMUTABLE_SNAPSHOT,cleanroom_20260731T170940Z,823593,682626,2026-07-31 17:09:59+00:00,ORDER_NOT_CONFIRMED,,,False
2026-07-31,IMMUTABLE_SNAPSHOT,cleanroom_20260731T170940Z,823593,689414,2026-07-31 17:09:59+00:00,ORDER_NOT_CONFIRMED,,,False
2026-07-31,IMMUTABLE_SNAPSHOT,cleanroom_20260731T170940Z,823593,701807,2026-07-31 17:09:59+00:00,ORDER_NOT_CONFIRMED,,,False
2026-07-31,IMMUTABLE_SNAPSHOT,cleanroom_20260731T170940Z,823593,805999,2026-07-31 17:09:59+00:00,ORDER_NOT_CONFIRMED,,,False
2026-07-31,IMMUTABLE_SNAPSHOT,cleanroom_20260731T170940Z,823922,518692,2026-07-31 17:09:51+00:00,ORDER_NOT_CONFIRMED,,,False
2026-07-31,IMMUTABLE_SNAPSHOT,cleanroom_20260731T170940Z,823922,575929,2026-07-31 17:09:51+00:00,ORDER_NOT_CONFIRMED,,,False
2026-07-31,IMMUTABLE_SNAPSHOT,cleanroom_20260731T170940Z,823922,605141,2026-07-31 17:09:51+00:00,ORDER_NOT_CONFIRMED,,,False
2026-07-31,IMMUTABLE_SNAPSHOT,cleanroom_20260731T170940Z,823922,660271,2026-07-31 17:09:51+00:00,ORDER_NOT_CONFIRMED,,,False
2026-07-31,IMMUTABLE_SNAPSHOT,cleanroom_20260731T170940Z,823922,663656,2026-07-31 17:09:51+00:00,ORDER_NOT_CONFIRMED,,,False
2026-07-31,IMMUTABLE_SNAPSHOT,cleanroom_20260731T170940Z,823922,669242,2026-07-31 17:09:51+00:00,ORDER_NOT_CONFIRMED,,,False
2026-07-31,IMMUTABLE_SNAPSHOT,cleanroom_20260731T170940Z,823922,677800,2026-07-31 17:09:51+00:00,ORDER_NOT_CONFIRMED,,,False
2026-07-31,IMMUTABLE_SNAPSHOT,cleanroom_20260731T170940Z,823922,678011,2026-07-31 17:09:51+00:00,ORDER_NOT_CONFIRMED,,,False
2026-07-31,IMMUTABLE_SNAPSHOT,cleanroom_20260731T170940Z,823922,678882,2026-07-31 17:09:51+00:00,ORDER_NOT_CONFIRMED,,,False
2026-07-31,IMMUTABLE_SNAPSHOT,cleanroom_20260731T170940Z,823922,681624,2026-07-31 17:09:51+00:00,ORDER_NOT_CONFIRMED,,,False
2026-07-31,IMMUTABLE_SNAPSHOT,cleanroom_20260731T170940Z,823922,807799,2026-07-31 17:09:51+00:00,ORDER_NOT_CONFIRMED,,,False
2026-07-31,IMMUTABLE_SNAPSHOT,cleanroom_20260731T170940Z,823999,545361,2026-07-31 17:09:42+00:00,ORDER_NOT_CONFIRMED,,,False
2026-07-31,IMMUTABLE_SNAPSHOT,cleanroom_20260731T170940Z,823999,592885,2026-07-31 17:09:42+00:00,ORDER_NOT_CONFIRMED,,,False
2026-07-31,IMMUTABLE_SNAPSHOT,cleanroom_20260731T170940Z,823999,624585,2026-07-31 17:09:42+00:00,ORDER_NOT_CONFIRMED,,,False
2026-07-31,IMMUTABLE_SNAPSHOT,cleanroom_20260731T170940Z,823999,641343,2026-07-31 17:09:42+00:00,ORDER_NOT_CONFIRMED,,,False
2026-07-31,IMMUTABLE_SNAPSHOT,cleanroom_20260731T170940Z,823999,661388,2026-07-31 17:09:42+00:00,ORDER_NOT_CONFIRMED,,,False
2026-07-31,IMMUTABLE_SNAPSHOT,cleanroom_20260731T170940Z,823999,666176,2026-07-31 17:09:42+00:00,ORDER_NOT_CONFIRMED,,,False
2026-07-31,IMMUTABLE_SNAPSHOT,cleanroom_20260731T170940Z,823999,668930,2026-07-31 17:09:42+00:00,ORDER_NOT_CONFIRMED,,,False
2026-07-31,IMMUTABLE_SNAPSHOT,cleanroom_20260731T170940Z,823999,669003,2026-07-31 17:09:42+00:00,ORDER_NOT_CONFIRMED,,,False
2026-07-31,IMMUTABLE_SNAPSHOT,cleanroom_20260731T170940Z,823999,683734,2026-07-31 17:09:42+00:00,ORDER_NOT_CONFIRMED,,,False
2026-07-31,IMMUTABLE_SNAPSHOT,cleanroom_20260731T170940Z,823999,687093,2026-07-31 17:09:42+00:00,ORDER_NOT_CONFIRMED,,,False
2026-07-31,IMMUTABLE_SNAPSHOT,cleanroom_20260731T170940Z,823999,687263,2026-07-31 17:09:42+00:00,ORDER_NOT_CONFIRMED,,,False
2026-07-31,IMMUTABLE_SNAPSHOT,cleanroom_20260731T170940Z,823999,694192,2026-07-31 17:09:42+00:00,ORDER_NOT_CONFIRMED,,,False
2026-07-31,IMMUTABLE_SNAPSHOT,cleanroom_20260731T170940Z,823999,694384,2026-07-31 17:09:42+00:00,ORDER_NOT_CONFIRMED,,,False
2026-07-31,IMMUTABLE_SNAPSHOT,cleanroom_20260731T170940Z,823999,806198,2026-07-31 17:09:42+00:00,ORDER_NOT_CONFIRMED,,,False
2026-07-31,IMMUTABLE_SNAPSHOT,cleanroom_20260731T170940Z,824164,572233,2026-07-31 17:09:52+00:00,ORDER_NOT_CONFIRMED,,,False
2026-07-31,IMMUTABLE_SNAPSHOT,cleanroom_20260731T170940Z,824164,592626,2026-07-31 17:09:52+00:00,ORDER_NOT_CONFIRMED,,,False
2026-07-31,IMMUTABLE_SNAPSHOT,cleanroom_20260731T170940Z,824164,607043,2026-07-31 17:09:52+00:00,ORDER_NOT_CONFIRMED,,,False
2026-07-31,IMMUTABLE_SNAPSHOT,cleanroom_20260731T170940Z,824164,665161,2026-07-31 17:09:52+00:00,ORDER_NOT_CONFIRMED,,,False
2026-07-31,IMMUTABLE_SNAPSHOT,cleanroom_20260731T170940Z,824164,670541,2026-07-31 17:09:52+00:00,ORDER_NOT_CONFIRMED,,,False
2026-07-31,IMMUTABLE_SNAPSHOT,cleanroom_20260731T170940Z,824164,670623,2026-07-31 17:09:52+00:00,ORDER_NOT_CONFIRMED,,,False
2026-07-31,IMMUTABLE_SNAPSHOT,cleanroom_20260731T170940Z,824164,673237,2026-07-31 17:09:52+00:00,ORDER_NOT_CONFIRMED,,,False
2026-07-31,IMMUTABLE_SNAPSHOT,cleanroom_20260731T170940Z,824164,694671,2026-07-31 17:09:52+00:00,ORDER_NOT_CONFIRMED,,,False
2026-07-31,IMMUTABLE_SNAPSHOT,cleanroom_20260731T170940Z,824325,521692,2026-07-31 17:09:00+00:00,ORDER_NOT_CONFIRMED,,,False
2026-07-31,IMMUTABLE_SNAPSHOT,cleanroom_20260731T170940Z,824325,650489,2026-07-31 17:09:00+00:00,ORDER_NOT_CONFIRMED,,,False
2026-07-31,IMMUTABLE_SNAPSHOT,cleanroom_20260731T170940Z,824325,657041,2026-07-31 17:09:00+00:00,ORDER_NOT_CONFIRMED,,,False
2026-07-31,IMMUTABLE_SNAPSHOT,cleanroom_20260731T170940Z,824325,664983,2026-07-31 17:09:00+00:00,ORDER_NOT_CONFIRMED,,,False
2026-07-31,IMMUTABLE_SNAPSHOT,cleanroom_20260731T170940Z,824325,666160,2026-07-31 17:09:00+00:00,ORDER_NOT_CONFIRMED,,,False
2026-07-31,IMMUTABLE_SNAPSHOT,cleanroom_20260731T170940Z,824325,668942,2026-07-31 17:09:00+00:00,ORDER_NOT_CONFIRMED,,,False
2026-07-31,IMMUTABLE_SNAPSHOT,cleanroom_20260731T170940Z,824325,678662,2026-07-31 17:09:00+00:00,ORDER_NOT_CONFIRMED,,,False
2026-07-31,IMMUTABLE_SNAPSHOT,cleanroom_20260731T170940Z,824325,679845,2026-07-31 17:09:00+00:00,ORDER_NOT_CONFIRMED,,,False
2026-07-31,IMMUTABLE_SNAPSHOT,cleanroom_20260731T170940Z,824325,681198,2026-07-31 17:09:00+00:00,ORDER_NOT_CONFIRMED,,,False
2026-07-31,IMMUTABLE_SNAPSHOT,cleanroom_20260731T170940Z,824325,686475,2026-07-31 17:09:00+00:00,ORDER_NOT_CONFIRMED,,,False
2026-07-31,IMMUTABLE_SNAPSHOT,cleanroom_20260731T170940Z,824325,686555,2026-07-31 17:09:00+00:00,ORDER_NOT_CONFIRMED,,,False
2026-07-31,IMMUTABLE_SNAPSHOT,cleanroom_20260731T170940Z,824325,686681,2026-07-31 17:09:00+00:00,ORDER_NOT_CONFIRMED,,,False
2026-07-31,IMMUTABLE_SNAPSHOT,cleanroom_20260731T170940Z,824325,687859,2026-07-31 17:09:00+00:00,ORDER_NOT_CONFIRMED,,,False
2026-07-31,IMMUTABLE_SNAPSHOT,cleanroom_20260731T170940Z,824325,691720,2026-07-31 17:09:00+00:00,ORDER_NOT_CONFIRMED,,,False
2026-07-31,IMMUTABLE_SNAPSHOT,cleanroom_20260731T170940Z,824325,694249,2026-07-31 17:09:00+00:00,ORDER_NOT_CONFIRMED,,,False
2026-07-31,IMMUTABLE_SNAPSHOT,cleanroom_20260731T170940Z,824325,695506,2026-07-31 17:09:00+00:00,ORDER_NOT_CONFIRMED,,,False
2026-07-31,IMMUTABLE_SNAPSHOT,cleanroom_20260731T170940Z,824325,695600,2026-07-31 17:09:00+00:00,ORDER_NOT_CONFIRMED,,,False
2026-07-31,IMMUTABLE_SNAPSHOT,cleanroom_20260731T170940Z,824325,696100,2026-07-31 17:09:00+00:00,ORDER_NOT_CONFIRMED,,,False
2026-07-31,IMMUTABLE_SNAPSHOT,cleanroom_20260731T170940Z,824407,571448,2026-07-31 17:09:28+00:00,ORDER_NOT_CONFIRMED,,,False
2026-07-31,IMMUTABLE_SNAPSHOT,cleanroom_20260731T170940Z,824407,596146,2026-07-31 17:09:28+00:00,ORDER_NOT_CONFIRMED,,,False
2026-07-31,IMMUTABLE_SNAPSHOT,cleanroom_20260731T170940Z,824407,606466,2026-07-31 17:09:28+00:00,ORDER_NOT_CONFIRMED,,,False
2026-07-31,IMMUTABLE_SNAPSHOT,cleanroom_20260731T170940Z,824407,608070,2026-07-31 17:09:28+00:00,ORDER_NOT_CONFIRMED,,,False
2026-07-31,IMMUTABLE_SNAPSHOT,cleanroom_20260731T170940Z,824407,656555,2026-07-31 17:09:28+00:00,ORDER_NOT_CONFIRMED,,,False
2026-07-31,IMMUTABLE_SNAPSHOT,cleanroom_20260731T170940Z,824407,672515,2026-07-31 17:09:28+00:00,ORDER_NOT_CONFIRMED,,,False
2026-07-31,IMMUTABLE_SNAPSHOT,cleanroom_20260731T170940Z,824407,672695,2026-07-31 17:09:28+00:00,ORDER_NOT_CONFIRMED,,,False
2026-07-31,IMMUTABLE_SNAPSHOT,cleanroom_20260731T170940Z,824407,677587,2026-07-31 17:09:28+00:00,ORDER_NOT_CONFIRMED,,,False
2026-07-31,IMMUTABLE_SNAPSHOT,cleanroom_20260731T170940Z,824407,682657,2026-07-31 17:09:28+00:00,ORDER_NOT_CONFIRMED,,,False
2026-07-31,IMMUTABLE_SNAPSHOT,cleanroom_20260731T170940Z,824407,682998,2026-07-31 17:09:28+00:00,ORDER_NOT_CONFIRMED,,,False
2026-07-31,IMMUTABLE_SNAPSHOT,cleanroom_20260731T170940Z,824407,683953,2026-07-31 17:09:28+00:00,ORDER_NOT_CONFIRMED,,,False
2026-07-31,IMMUTABLE_SNAPSHOT,cleanroom_20260731T170940Z,824407,800050,2026-07-31 17:09:28+00:00,ORDER_NOT_CONFIRMED,,,False
2026-07-31,IMMUTABLE_SNAPSHOT,cleanroom_20260731T170940Z,824486,656811,2026-07-31 17:08:59+00:00,ORDER_NOT_CONFIRMED,,,False
2026-07-31,IMMUTABLE_SNAPSHOT,cleanroom_20260731T170940Z,824486,663968,2026-07-31 17:08:59+00:00,ORDER_NOT_CONFIRMED,,,False
2026-07-31,IMMUTABLE_SNAPSHOT,cleanroom_20260731T170940Z,824486,663993,2026-07-31 17:08:59+00:00,ORDER_NOT_CONFIRMED,,,False
2026-07-31,IMMUTABLE_SNAPSHOT,cleanroom_20260731T170940Z,824486,664040,2026-07-31 17:08:59+00:00,ORDER_NOT_CONFIRMED,,,False
2026-07-31,IMMUTABLE_SNAPSHOT,cleanroom_20260731T170940Z,824486,668709,2026-07-31 17:08:59+00:00,ORDER_NOT_CONFIRMED,,,False
2026-07-31,IMMUTABLE_SNAPSHOT,cleanroom_20260731T170940Z,824486,668804,2026-07-31 17:08:59+00:00,ORDER_NOT_CONFIRMED,,,False
2026-07-31,IMMUTABLE_SNAPSHOT,cleanroom_20260731T170940Z,824486,680779,2026-07-31 17:08:59+00:00,ORDER_NOT_CONFIRMED,,,False
2026-07-31,IMMUTABLE_SNAPSHOT,cleanroom_20260731T170940Z,824486,682829,2026-07-31 17:08:59+00:00,ORDER_NOT_CONFIRMED,,,False
2026-07-31,IMMUTABLE_SNAPSHOT,cleanroom_20260731T170940Z,824486,693304,2026-07-31 17:08:59+00:00,ORDER_NOT_CONFIRMED,,,False
2026-07-31,IMMUTABLE_SNAPSHOT,cleanroom_20260731T170940Z,824486,699013,2026-07-31 17:08:59+00:00,ORDER_NOT_CONFIRMED,,,False
2026-07-31,IMMUTABLE_SNAPSHOT,cleanroom_20260731T170940Z,824486,701398,2026-07-31 17:08:59+00:00,ORDER_NOT_CONFIRMED,,,False
2026-07-31,IMMUTABLE_SNAPSHOT,cleanroom_20260731T170940Z,824651,502671,2026-07-31 17:09:03+00:00,LINEUP_AFTER_GOVERNING_CAPTURE,2026-07-31T17:10:11.983019+00:00,8bc3ff99-57c9-440e-a991-9fad4ebdd822,False
2026-07-31,IMMUTABLE_SNAPSHOT,cleanroom_20260731T170940Z,824651,608324,2026-07-31 17:09:03+00:00,LINEUP_AFTER_GOVERNING_CAPTURE,2026-07-31T17:10:11.983019+00:00,8bc3ff99-57c9-440e-a991-9fad4ebdd822,False
2026-07-31,IMMUTABLE_SNAPSHOT,cleanroom_20260731T170940Z,824651,621020,2026-07-31 17:09:03+00:00,LINEUP_AFTER_GOVERNING_CAPTURE,2026-07-31T17:10:11.983019+00:00,8bc3ff99-57c9-440e-a991-9fad4ebdd822,False
2026-07-31,IMMUTABLE_SNAPSHOT,cleanroom_20260731T170940Z,824651,624424,2026-07-31 17:09:03+00:00,LINEUP_AFTER_GOVERNING_CAPTURE,2026-07-31T17:10:11.983019+00:00,8bc3ff99-57c9-440e-a991-9fad4ebdd822,False
2026-07-31,IMMUTABLE_SNAPSHOT,cleanroom_20260731T170940Z,824651,642708,2026-07-31 17:09:03+00:00,LINEUP_AFTER_GOVERNING_CAPTURE,2026-07-31T17:10:11.983019+00:00,8bc3ff99-57c9-440e-a991-9fad4ebdd822,False
2026-07-31,IMMUTABLE_SNAPSHOT,cleanroom_20260731T170940Z,824651,663538,2026-07-31 17:09:03+00:00,LINEUP_AFTER_GOVERNING_CAPTURE,2026-07-31T17:10:11.983019+00:00,8bc3ff99-57c9-440e-a991-9fad4ebdd822,False
2026-07-31,IMMUTABLE_SNAPSHOT,cleanroom_20260731T170940Z,824651,663757,2026-07-31 17:09:03+00:00,LINEUP_AFTER_GOVERNING_CAPTURE,2026-07-31T17:10:11.983019+00:00,8bc3ff99-57c9-440e-a991-9fad4ebdd822,False
2026-07-31,IMMUTABLE_SNAPSHOT,cleanroom_20260731T170940Z,824651,664023,2026-07-31 17:09:03+00:00,LINEUP_AFTER_GOVERNING_CAPTURE,2026-07-31T17:10:11.983019+00:00,8bc3ff99-57c9-440e-a991-9fad4ebdd822,False
2026-07-31,IMMUTABLE_SNAPSHOT,cleanroom_20260731T170940Z,824651,682987,2026-07-31 17:09:03+00:00,LINEUP_AFTER_GOVERNING_CAPTURE,2026-07-31T17:10:11.983019+00:00,8bc3ff99-57c9-440e-a991-9fad4ebdd822,False
2026-07-31,IMMUTABLE_SNAPSHOT,cleanroom_20260731T170940Z,824651,683011,2026-07-31 17:09:03+00:00,LINEUP_AFTER_GOVERNING_CAPTURE,2026-07-31T17:10:11.983019+00:00,8bc3ff99-57c9-440e-a991-9fad4ebdd822,False
2026-07-31,IMMUTABLE_SNAPSHOT,cleanroom_20260731T170940Z,824651,683737,2026-07-31 17:09:03+00:00,LINEUP_AFTER_GOVERNING_CAPTURE,2026-07-31T17:10:11.983019+00:00,8bc3ff99-57c9-440e-a991-9fad4ebdd822,False
2026-07-31,IMMUTABLE_SNAPSHOT,cleanroom_20260731T170940Z,824651,691176,2026-07-31 17:09:03+00:00,LINEUP_AFTER_GOVERNING_CAPTURE,2026-07-31T17:10:11.983019+00:00,8bc3ff99-57c9-440e-a991-9fad4ebdd822,False
2026-07-31,IMMUTABLE_SNAPSHOT,cleanroom_20260731T170940Z,824651,691718,2026-07-31 17:09:03+00:00,LINEUP_AFTER_GOVERNING_CAPTURE,2026-07-31T17:10:11.983019+00:00,8bc3ff99-57c9-440e-a991-9fad4ebdd822,False
2026-07-31,IMMUTABLE_SNAPSHOT,cleanroom_20260731T170940Z,824651,699393,2026-07-31 17:09:03+00:00,LINEUP_AFTER_GOVERNING_CAPTURE,2026-07-31T17:10:11.983019+00:00,8bc3ff99-57c9-440e-a991-9fad4ebdd822,False
2026-07-31,IMMUTABLE_SNAPSHOT,cleanroom_20260731T170940Z,824651,700250,2026-07-31 17:09:03+00:00,LINEUP_AFTER_GOVERNING_CAPTURE,2026-07-31T17:10:11.983019+00:00,8bc3ff99-57c9-440e-a991-9fad4ebdd822,False
2026-07-31,IMMUTABLE_SNAPSHOT,cleanroom_20260731T170940Z,824809,547180,2026-07-31 17:09:06+00:00,ORDER_NOT_CONFIRMED,,,False
2026-07-31,IMMUTABLE_SNAPSHOT,cleanroom_20260731T170940Z,824809,592663,2026-07-31 17:09:06+00:00,ORDER_NOT_CONFIRMED,,,False
2026-07-31,IMMUTABLE_SNAPSHOT,cleanroom_20260731T170940Z,824809,607208,2026-07-31 17:09:06+00:00,ORDER_NOT_CONFIRMED,,,False
2026-07-31,IMMUTABLE_SNAPSHOT,cleanroom_20260731T170940Z,824809,621493,2026-07-31 17:09:06+00:00,ORDER_NOT_CONFIRMED,,,False
2026-07-31,IMMUTABLE_SNAPSHOT,cleanroom_20260731T170940Z,824809,624413,2026-07-31 17:09:06+00:00,ORDER_NOT_CONFIRMED,,,False
2026-07-31,IMMUTABLE_SNAPSHOT,cleanroom_20260731T170940Z,824809,656941,2026-07-31 17:09:06+00:00,ORDER_NOT_CONFIRMED,,,False
2026-07-31,IMMUTABLE_SNAPSHOT,cleanroom_20260731T170940Z,824809,664761,2026-07-31 17:09:06+00:00,ORDER_NOT_CONFIRMED,,,False
2026-07-31,IMMUTABLE_SNAPSHOT,cleanroom_20260731T170940Z,824809,665750,2026-07-31 17:09:06+00:00,ORDER_NOT_CONFIRMED,,,False
2026-07-31,IMMUTABLE_SNAPSHOT,cleanroom_20260731T170940Z,824809,669016,2026-07-31 17:09:06+00:00,ORDER_NOT_CONFIRMED,,,False
2026-07-31,IMMUTABLE_SNAPSHOT,cleanroom_20260731T170940Z,824809,681082,2026-07-31 17:09:06+00:00,ORDER_NOT_CONFIRMED,,,False
2026-07-31,IMMUTABLE_SNAPSHOT,cleanroom_20260731T170940Z,824809,683002,2026-07-31 17:09:06+00:00,ORDER_NOT_CONFIRMED,,,False
2026-07-31,IMMUTABLE_SNAPSHOT,cleanroom_20260731T170940Z,824809,687637,2026-07-31 17:09:06+00:00,ORDER_NOT_CONFIRMED,,,False
2026-07-31,IMMUTABLE_SNAPSHOT,cleanroom_20260731T170940Z,824809,687952,2026-07-31 17:09:06+00:00,ORDER_NOT_CONFIRMED,,,False
2026-07-31,IMMUTABLE_SNAPSHOT,cleanroom_20260731T170940Z,824892,621566,2026-07-31 17:09:26+00:00,ORDER_NOT_CONFIRMED,,,False
2026-07-31,IMMUTABLE_SNAPSHOT,cleanroom_20260731T170940Z,824892,643289,2026-07-31 17:09:26+00:00,ORDER_NOT_CONFIRMED,,,False
2026-07-31,IMMUTABLE_SNAPSHOT,cleanroom_20260731T170940Z,824892,645277,2026-07-31 17:09:26+00:00,ORDER_NOT_CONFIRMED,,,False
2026-07-31,IMMUTABLE_SNAPSHOT,cleanroom_20260731T170940Z,824892,660670,2026-07-31 17:09:26+00:00,ORDER_NOT_CONFIRMED,,,False
2026-07-31,IMMUTABLE_SNAPSHOT,cleanroom_20260731T170940Z,824892,660688,2026-07-31 17:09:26+00:00,ORDER_NOT_CONFIRMED,,,False
2026-07-31,IMMUTABLE_SNAPSHOT,cleanroom_20260731T170940Z,824892,663586,2026-07-31 17:09:26+00:00,ORDER_NOT_CONFIRMED,,,False
2026-07-31,IMMUTABLE_SNAPSHOT,cleanroom_20260731T170940Z,824892,671277,2026-07-31 17:09:26+00:00,ORDER_NOT_CONFIRMED,,,False
2026-07-31,IMMUTABLE_SNAPSHOT,cleanroom_20260731T170940Z,824892,671739,2026-07-31 17:09:26+00:00,ORDER_NOT_CONFIRMED,,,False
2026-07-31,IMMUTABLE_SNAPSHOT,cleanroom_20260731T170940Z,824892,682928,2026-07-31 17:09:26+00:00,ORDER_NOT_CONFIRMED,,,False
2026-07-31,IMMUTABLE_SNAPSHOT,cleanroom_20260731T170940Z,824892,686611,2026-07-31 17:09:26+00:00,ORDER_NOT_CONFIRMED,,,False
2026-07-31,IMMUTABLE_SNAPSHOT,cleanroom_20260731T170940Z,824892,686948,2026-07-31 17:09:26+00:00,ORDER_NOT_CONFIRMED,,,False
2026-07-31,IMMUTABLE_SNAPSHOT,cleanroom_20260731T170940Z,824892,695578,2026-07-31 17:09:26+00:00,ORDER_NOT_CONFIRMED,,,False
2026-07-31,IMMUTABLE_SNAPSHOT,cleanroom_20260731T170940Z,824892,695734,2026-07-31 17:09:26+00:00,ORDER_NOT_CONFIRMED,,,False
2026-07-31,IMMUTABLE_SNAPSHOT,cleanroom_20260731T170940Z,824975,595879,2026-07-31 17:09:50+00:00,ORDER_NOT_CONFIRMED,,,False
2026-07-31,IMMUTABLE_SNAPSHOT,cleanroom_20260731T170940Z,824975,650402,2026-07-31 17:09:50+00:00,ORDER_NOT_CONFIRMED,,,False
2026-07-31,IMMUTABLE_SNAPSHOT,cleanroom_20260731T170940Z,824975,663837,2026-07-31 17:09:50+00:00,ORDER_NOT_CONFIRMED,,,False
2026-07-31,IMMUTABLE_SNAPSHOT,cleanroom_20260731T170940Z,824975,679529,2026-07-31 17:09:50+00:00,ORDER_NOT_CONFIRMED,,,False
2026-07-31,IMMUTABLE_SNAPSHOT,cleanroom_20260731T170940Z,824975,682985,2026-07-31 17:09:50+00:00,ORDER_NOT_CONFIRMED,,,False
2026-07-31,IMMUTABLE_SNAPSHOT,cleanroom_20260731T170940Z,824975,691016,2026-07-31 17:09:50+00:00,ORDER_NOT_CONFIRMED,,,False
2026-07-31,IMMUTABLE_SNAPSHOT,cleanroom_20260731T170940Z,824975,693307,2026-07-31 17:09:50+00:00,ORDER_NOT_CONFIRMED,,,False
2026-07-31,IMMUTABLE_SNAPSHOT,cleanroom_20260731T170940Z,824975,695720,2026-07-31 17:09:50+00:00,ORDER_NOT_CONFIRMED,,,False
2026-07-31,IMMUTABLE_SNAPSHOT,cleanroom_20260731T170940Z,824975,701678,2026-07-31 17:09:50+00:00,ORDER_NOT_CONFIRMED,,,False
2026-07-31,IMMUTABLE_SNAPSHOT,cleanroom_20260731T170940Z,824975,701762,2026-07-31 17:09:50+00:00,ORDER_NOT_CONFIRMED,,,False
2026-07-31,IMMUTABLE_SNAPSHOT,cleanroom_20260731T170940Z,824975,805779,2026-07-31 17:09:50+00:00,ORDER_NOT_CONFIRMED,,,False
2026-07-31,IMMUTABLE_SNAPSHOT,cleanroom_20260731T170940Z,824975,805808,2026-07-31 17:09:50+00:00,ORDER_NOT_CONFIRMED,,,False
2026-07-31,IMMUTABLE_SNAPSHOT,cleanroom_20260731T171253Z,822782,543807,2026-07-31 17:13:08+00:00,ORDER_NOT_CONFIRMED,,,False
2026-07-31,IMMUTABLE_SNAPSHOT,cleanroom_20260731T171253Z,822782,662139,2026-07-31 17:13:08+00:00,ORDER_NOT_CONFIRMED,,,False
2026-07-31,IMMUTABLE_SNAPSHOT,cleanroom_20260731T171253Z,822782,664770,2026-07-31 17:13:08+00:00,ORDER_NOT_CONFIRMED,,,False
2026-07-31,IMMUTABLE_SNAPSHOT,cleanroom_20260731T171253Z,822782,665489,2026-07-31 17:13:08+00:00,ORDER_NOT_CONFIRMED,,,False
2026-07-31,IMMUTABLE_SNAPSHOT,cleanroom_20260731T171253Z,822782,672386,2026-07-31 17:13:08+00:00,ORDER_NOT_CONFIRMED,,,False
2026-07-31,IMMUTABLE_SNAPSHOT,cleanroom_20260731T171253Z,822782,672960,2026-07-31 17:13:08+00:00,ORDER_NOT_CONFIRMED,,,False
2026-07-31,IMMUTABLE_SNAPSHOT,cleanroom_20260731T171253Z,822782,676391,2026-07-31 17:13:08+00:00,ORDER_NOT_CONFIRMED,,,False
2026-07-31,IMMUTABLE_SNAPSHOT,cleanroom_20260731T171253Z,822782,676475,2026-07-31 17:13:08+00:00,ORDER_NOT_CONFIRMED,,,False
2026-07-31,IMMUTABLE_SNAPSHOT,cleanroom_20260731T171253Z,822782,682818,2026-07-31 17:13:08+00:00,ORDER_NOT_CONFIRMED,,,False
2026-07-31,IMMUTABLE_SNAPSHOT,cleanroom_20260731T171253Z,822782,691023,2026-07-31 17:13:08+00:00,ORDER_NOT_CONFIRMED,,,False
2026-07-31,IMMUTABLE_SNAPSHOT,cleanroom_20260731T171253Z,822945,643217,2026-07-31 17:12:33+00:00,ORDER_NOT_CONFIRMED,,,False
2026-07-31,IMMUTABLE_SNAPSHOT,cleanroom_20260731T171253Z,822945,650490,2026-07-31 17:12:33+00:00,ORDER_NOT_CONFIRMED,,,False
2026-07-31,IMMUTABLE_SNAPSHOT,cleanroom_20260731T171253Z,822945,656775,2026-07-31 17:12:33+00:00,ORDER_NOT_CONFIRMED,,,False
2026-07-31,IMMUTABLE_SNAPSHOT,cleanroom_20260731T171253Z,822945,666018,2026-07-31 17:12:33+00:00,ORDER_NOT_CONFIRMED,,,False
2026-07-31,IMMUTABLE_SNAPSHOT,cleanroom_20260731T171253Z,822945,678246,2026-07-31 17:12:33+00:00,ORDER_NOT_CONFIRMED,,,False
2026-07-31,IMMUTABLE_SNAPSHOT,cleanroom_20260731T171253Z,822945,683748,2026-07-31 17:12:33+00:00,ORDER_NOT_CONFIRMED,,,False
2026-07-31,IMMUTABLE_SNAPSHOT,cleanroom_20260731T171253Z,822945,691406,2026-07-31 17:12:33+00:00,ORDER_NOT_CONFIRMED,,,False
2026-07-31,IMMUTABLE_SNAPSHOT,cleanroom_20260731T171253Z,822945,695657,2026-07-31 17:12:33+00:00,ORDER_NOT_CONFIRMED,,,False
2026-07-31,IMMUTABLE_SNAPSHOT,cleanroom_20260731T171253Z,822945,695731,2026-07-31 17:12:33+00:00,ORDER_NOT_CONFIRMED,,,False
2026-07-31,IMMUTABLE_SNAPSHOT,cleanroom_20260731T171253Z,822945,802415,2026-07-31 17:12:33+00:00,ORDER_NOT_CONFIRMED,,,False
2026-07-31,IMMUTABLE_SNAPSHOT,cleanroom_20260731T171253Z,822945,803011,2026-07-31 17:12:33+00:00,ORDER_NOT_CONFIRMED,,,False
2026-07-31,IMMUTABLE_SNAPSHOT,cleanroom_20260731T171253Z,822945,808959,2026-07-31 17:12:33+00:00,ORDER_NOT_CONFIRMED,,,False
2026-07-31,IMMUTABLE_SNAPSHOT,cleanroom_20260731T171253Z,823111,605137,2026-07-31 17:12:36+00:00,ORDER_NOT_CONFIRMED,,,False
2026-07-31,IMMUTABLE_SNAPSHOT,cleanroom_20260731T171253Z,823111,647304,2026-07-31 17:12:36+00:00,ORDER_NOT_CONFIRMED,,,False
2026-07-31,IMMUTABLE_SNAPSHOT,cleanroom_20260731T171253Z,823111,663616,2026-07-31 17:12:36+00:00,ORDER_NOT_CONFIRMED,,,False
2026-07-31,IMMUTABLE_SNAPSHOT,cleanroom_20260731T171253Z,823111,663728,2026-07-31 17:12:36+00:00,ORDER_NOT_CONFIRMED,,,False
2026-07-31,IMMUTABLE_SNAPSHOT,cleanroom_20260731T171253Z,823111,665019,2026-07-31 17:12:36+00:00,ORDER_NOT_CONFIRMED,,,False
2026-07-31,IMMUTABLE_SNAPSHOT,cleanroom_20260731T171253Z,823111,668227,2026-07-31 17:12:36+00:00,ORDER_NOT_CONFIRMED,,,False
2026-07-31,IMMUTABLE_SNAPSHOT,cleanroom_20260731T171253Z,823111,668904,2026-07-31 17:12:36+00:00,ORDER_NOT_CONFIRMED,,,False
2026-07-31,IMMUTABLE_SNAPSHOT,cleanroom_20260731T171253Z,823111,670042,2026-07-31 17:12:36+00:00,ORDER_NOT_CONFIRMED,,,False
2026-07-31,IMMUTABLE_SNAPSHOT,cleanroom_20260731T171253Z,823111,677594,2026-07-31 17:12:36+00:00,ORDER_NOT_CONFIRMED,,,False
2026-07-31,IMMUTABLE_SNAPSHOT,cleanroom_20260731T171253Z,823111,680777,2026-07-31 17:12:36+00:00,ORDER_NOT_CONFIRMED,,,False
2026-07-31,IMMUTABLE_SNAPSHOT,cleanroom_20260731T171253Z,823111,686527,2026-07-31 17:12:36+00:00,ORDER_NOT_CONFIRMED,,,False
2026-07-31,IMMUTABLE_SNAPSHOT,cleanroom_20260731T171253Z,823111,686797,2026-07-31 17:12:36+00:00,ORDER_NOT_CONFIRMED,,,False
2026-07-31,IMMUTABLE_SNAPSHOT,cleanroom_20260731T171253Z,823111,702284,2026-07-31 17:12:36+00:00,ORDER_NOT_CONFIRMED,,,False
2026-07-31,IMMUTABLE_SNAPSHOT,cleanroom_20260731T171253Z,823272,592518,2026-07-31 17:12:31+00:00,ORDER_NOT_CONFIRMED,,,False
2026-07-31,IMMUTABLE_SNAPSHOT,cleanroom_20260731T171253Z,823272,593428,2026-07-31 17:12:31+00:00,ORDER_NOT_CONFIRMED,,,False
2026-07-31,IMMUTABLE_SNAPSHOT,cleanroom_20260731T171253Z,823272,642715,2026-07-31 17:12:31+00:00,ORDER_NOT_CONFIRMED,,,False
2026-07-31,IMMUTABLE_SNAPSHOT,cleanroom_20260731T171253Z,823272,646240,2026-07-31 17:12:31+00:00,ORDER_NOT_CONFIRMED,,,False
2026-07-31,IMMUTABLE_SNAPSHOT,cleanroom_20260731T171253Z,823272,650333,2026-07-31 17:12:31+00:00,ORDER_NOT_CONFIRMED,,,False
2026-07-31,IMMUTABLE_SNAPSHOT,cleanroom_20260731T171253Z,823272,650859,2026-07-31 17:12:31+00:00,ORDER_NOT_CONFIRMED,,,False
2026-07-31,IMMUTABLE_SNAPSHOT,cleanroom_20260731T171253Z,823272,664034,2026-07-31 17:12:31+00:00,ORDER_NOT_CONFIRMED,,,False
2026-07-31,IMMUTABLE_SNAPSHOT,cleanroom_20260731T171253Z,823272,665487,2026-07-31 17:12:31+00:00,ORDER_NOT_CONFIRMED,,,False
2026-07-31,IMMUTABLE_SNAPSHOT,cleanroom_20260731T171253Z,823272,671218,2026-07-31 17:12:31+00:00,ORDER_NOT_CONFIRMED,,,False
2026-07-31,IMMUTABLE_SNAPSHOT,cleanroom_20260731T171253Z,823272,701538,2026-07-31 17:12:31+00:00,ORDER_NOT_CONFIRMED,,,False
2026-07-31,IMMUTABLE_SNAPSHOT,cleanroom_20260731T171253Z,823272,805811,2026-07-31 17:12:31+00:00,ORDER_NOT_CONFIRMED,,,False
2026-07-31,IMMUTABLE_SNAPSHOT,cleanroom_20260731T171253Z,823272,808982,2026-07-31 17:12:31+00:00,ORDER_NOT_CONFIRMED,,,False
2026-07-31,IMMUTABLE_SNAPSHOT,cleanroom_20260731T171253Z,823593,593871,2026-07-31 17:13:18+00:00,ORDER_NOT_CONFIRMED,,,False
2026-07-31,IMMUTABLE_SNAPSHOT,cleanroom_20260731T171253Z,823593,596019,2026-07-31 17:13:18+00:00,ORDER_NOT_CONFIRMED,,,False
2026-07-31,IMMUTABLE_SNAPSHOT,cleanroom_20260731T171253Z,823593,666182,2026-07-31 17:13:18+00:00,ORDER_NOT_CONFIRMED,,,False
2026-07-31,IMMUTABLE_SNAPSHOT,cleanroom_20260731T171253Z,823593,669065,2026-07-31 17:13:18+00:00,ORDER_NOT_CONFIRMED,,,False
2026-07-31,IMMUTABLE_SNAPSHOT,cleanroom_20260731T171253Z,823593,669364,2026-07-31 17:13:18+00:00,ORDER_NOT_CONFIRMED,,,False
2026-07-31,IMMUTABLE_SNAPSHOT,cleanroom_20260731T171253Z,823593,672640,2026-07-31 17:13:18+00:00,ORDER_NOT_CONFIRMED,,,False
2026-07-31,IMMUTABLE_SNAPSHOT,cleanroom_20260731T171253Z,823593,673357,2026-07-31 17:13:18+00:00,ORDER_NOT_CONFIRMED,,,False
2026-07-31,IMMUTABLE_SNAPSHOT,cleanroom_20260731T171253Z,823593,676724,2026-07-31 17:13:18+00:00,ORDER_NOT_CONFIRMED,,,False
2026-07-31,IMMUTABLE_SNAPSHOT,cleanroom_20260731T171253Z,823593,681715,2026-07-31 17:13:18+00:00,ORDER_NOT_CONFIRMED,,,False
2026-07-31,IMMUTABLE_SNAPSHOT,cleanroom_20260731T171253Z,823593,682626,2026-07-31 17:13:18+00:00,ORDER_NOT_CONFIRMED,,,False
2026-07-31,IMMUTABLE_SNAPSHOT,cleanroom_20260731T171253Z,823593,689414,2026-07-31 17:13:18+00:00,ORDER_NOT_CONFIRMED,,,False
2026-07-31,IMMUTABLE_SNAPSHOT,cleanroom_20260731T171253Z,823593,701807,2026-07-31 17:13:18+00:00,ORDER_NOT_CONFIRMED,,,False
2026-07-31,IMMUTABLE_SNAPSHOT,cleanroom_20260731T171253Z,823593,805999,2026-07-31 17:13:18+00:00,ORDER_NOT_CONFIRMED,,,False
2026-07-31,IMMUTABLE_SNAPSHOT,cleanroom_20260731T171253Z,823922,518692,2026-07-31 17:13:10+00:00,ORDER_NOT_CONFIRMED,,,False
2026-07-31,IMMUTABLE_SNAPSHOT,cleanroom_20260731T171253Z,823922,575929,2026-07-31 17:13:10+00:00,ORDER_NOT_CONFIRMED,,,False
2026-07-31,IMMUTABLE_SNAPSHOT,cleanroom_20260731T171253Z,823922,605141,2026-07-31 17:13:10+00:00,ORDER_NOT_CONFIRMED,,,False
2026-07-31,IMMUTABLE_SNAPSHOT,cleanroom_20260731T171253Z,823922,660271,2026-07-31 17:13:10+00:00,ORDER_NOT_CONFIRMED,,,False
2026-07-31,IMMUTABLE_SNAPSHOT,cleanroom_20260731T171253Z,823922,663656,2026-07-31 17:13:10+00:00,ORDER_NOT_CONFIRMED,,,False
2026-07-31,IMMUTABLE_SNAPSHOT,cleanroom_20260731T171253Z,823922,669242,2026-07-31 17:13:10+00:00,ORDER_NOT_CONFIRMED,,,False
2026-07-31,IMMUTABLE_SNAPSHOT,cleanroom_20260731T171253Z,823922,677800,2026-07-31 17:13:10+00:00,ORDER_NOT_CONFIRMED,,,False
2026-07-31,IMMUTABLE_SNAPSHOT,cleanroom_20260731T171253Z,823922,678011,2026-07-31 17:13:10+00:00,ORDER_NOT_CONFIRMED,,,False
2026-07-31,IMMUTABLE_SNAPSHOT,cleanroom_20260731T171253Z,823922,678882,2026-07-31 17:13:10+00:00,ORDER_NOT_CONFIRMED,,,False
2026-07-31,IMMUTABLE_SNAPSHOT,cleanroom_20260731T171253Z,823922,681624,2026-07-31 17:13:10+00:00,ORDER_NOT_CONFIRMED,,,False
2026-07-31,IMMUTABLE_SNAPSHOT,cleanroom_20260731T171253Z,823922,807799,2026-07-31 17:13:10+00:00,ORDER_NOT_CONFIRMED,,,False
2026-07-31,IMMUTABLE_SNAPSHOT,cleanroom_20260731T171253Z,823999,545361,2026-07-31 17:13:16+00:00,ORDER_NOT_CONFIRMED,,,False
2026-07-31,IMMUTABLE_SNAPSHOT,cleanroom_20260731T171253Z,823999,592885,2026-07-31 17:13:16+00:00,ORDER_NOT_CONFIRMED,,,False
2026-07-31,IMMUTABLE_SNAPSHOT,cleanroom_20260731T171253Z,823999,624585,2026-07-31 17:13:16+00:00,ORDER_NOT_CONFIRMED,,,False
2026-07-31,IMMUTABLE_SNAPSHOT,cleanroom_20260731T171253Z,823999,641343,2026-07-31 17:13:16+00:00,ORDER_NOT_CONFIRMED,,,False
2026-07-31,IMMUTABLE_SNAPSHOT,cleanroom_20260731T171253Z,823999,661388,2026-07-31 17:13:16+00:00,ORDER_NOT_CONFIRMED,,,False
2026-07-31,IMMUTABLE_SNAPSHOT,cleanroom_20260731T171253Z,823999,666176,2026-07-31 17:13:16+00:00,ORDER_NOT_CONFIRMED,,,False
2026-07-31,IMMUTABLE_SNAPSHOT,cleanroom_20260731T171253Z,823999,668930,2026-07-31 17:13:16+00:00,ORDER_NOT_CONFIRMED,,,False
2026-07-31,IMMUTABLE_SNAPSHOT,cleanroom_20260731T171253Z,823999,669003,2026-07-31 17:13:16+00:00,ORDER_NOT_CONFIRMED,,,False
2026-07-31,IMMUTABLE_SNAPSHOT,cleanroom_20260731T171253Z,823999,683734,2026-07-31 17:13:16+00:00,ORDER_NOT_CONFIRMED,,,False
2026-07-31,IMMUTABLE_SNAPSHOT,cleanroom_20260731T171253Z,823999,687093,2026-07-31 17:13:16+00:00,ORDER_NOT_CONFIRMED,,,False
2026-07-31,IMMUTABLE_SNAPSHOT,cleanroom_20260731T171253Z,823999,687263,2026-07-31 17:13:16+00:00,ORDER_NOT_CONFIRMED,,,False
2026-07-31,IMMUTABLE_SNAPSHOT,cleanroom_20260731T171253Z,823999,694192,2026-07-31 17:13:16+00:00,ORDER_NOT_CONFIRMED,,,False
2026-07-31,IMMUTABLE_SNAPSHOT,cleanroom_20260731T171253Z,823999,694384,2026-07-31 17:13:16+00:00,ORDER_NOT_CONFIRMED,,,False
2026-07-31,IMMUTABLE_SNAPSHOT,cleanroom_20260731T171253Z,823999,806198,2026-07-31 17:13:16+00:00,ORDER_NOT_CONFIRMED,,,False
2026-07-31,IMMUTABLE_SNAPSHOT,cleanroom_20260731T171253Z,824164,572233,2026-07-31 17:13:07+00:00,ORDER_NOT_CONFIRMED,,,False
2026-07-31,IMMUTABLE_SNAPSHOT,cleanroom_20260731T171253Z,824164,592626,2026-07-31 17:13:07+00:00,ORDER_NOT_CONFIRMED,,,False
2026-07-31,IMMUTABLE_SNAPSHOT,cleanroom_20260731T171253Z,824164,607043,2026-07-31 17:13:07+00:00,ORDER_NOT_CONFIRMED,,,False
2026-07-31,IMMUTABLE_SNAPSHOT,cleanroom_20260731T171253Z,824164,665161,2026-07-31 17:13:07+00:00,ORDER_NOT_CONFIRMED,,,False
2026-07-31,IMMUTABLE_SNAPSHOT,cleanroom_20260731T171253Z,824164,670541,2026-07-31 17:13:07+00:00,ORDER_NOT_CONFIRMED,,,False
2026-07-31,IMMUTABLE_SNAPSHOT,cleanroom_20260731T171253Z,824164,670623,2026-07-31 17:13:07+00:00,ORDER_NOT_CONFIRMED,,,False
2026-07-31,IMMUTABLE_SNAPSHOT,cleanroom_20260731T171253Z,824164,673237,2026-07-31 17:13:07+00:00,ORDER_NOT_CONFIRMED,,,False
2026-07-31,IMMUTABLE_SNAPSHOT,cleanroom_20260731T171253Z,824164,694671,2026-07-31 17:13:07+00:00,ORDER_NOT_CONFIRMED,,,False
2026-07-31,IMMUTABLE_SNAPSHOT,cleanroom_20260731T171253Z,824325,521692,2026-07-31 17:12:20+00:00,ORDER_NOT_CONFIRMED,,,False
2026-07-31,IMMUTABLE_SNAPSHOT,cleanroom_20260731T171253Z,824325,650489,2026-07-31 17:12:20+00:00,ORDER_NOT_CONFIRMED,,,False
2026-07-31,IMMUTABLE_SNAPSHOT,cleanroom_20260731T171253Z,824325,657041,2026-07-31 17:12:20+00:00,ORDER_NOT_CONFIRMED,,,False
2026-07-31,IMMUTABLE_SNAPSHOT,cleanroom_20260731T171253Z,824325,664983,2026-07-31 17:12:20+00:00,ORDER_NOT_CONFIRMED,,,False
2026-07-31,IMMUTABLE_SNAPSHOT,cleanroom_20260731T171253Z,824325,666160,2026-07-31 17:12:20+00:00,ORDER_NOT_CONFIRMED,,,False
2026-07-31,IMMUTABLE_SNAPSHOT,cleanroom_20260731T171253Z,824325,668942,2026-07-31 17:12:20+00:00,ORDER_NOT_CONFIRMED,,,False
2026-07-31,IMMUTABLE_SNAPSHOT,cleanroom_20260731T171253Z,824325,678662,2026-07-31 17:12:20+00:00,ORDER_NOT_CONFIRMED,,,False
2026-07-31,IMMUTABLE_SNAPSHOT,cleanroom_20260731T171253Z,824325,679845,2026-07-31 17:12:20+00:00,ORDER_NOT_CONFIRMED,,,False
2026-07-31,IMMUTABLE_SNAPSHOT,cleanroom_20260731T171253Z,824325,681198,2026-07-31 17:12:20+00:00,ORDER_NOT_CONFIRMED,,,False
2026-07-31,IMMUTABLE_SNAPSHOT,cleanroom_20260731T171253Z,824325,686475,2026-07-31 17:12:20+00:00,ORDER_NOT_CONFIRMED,,,False
2026-07-31,IMMUTABLE_SNAPSHOT,cleanroom_20260731T171253Z,824325,686555,2026-07-31 17:12:20+00:00,ORDER_NOT_CONFIRMED,,,False
2026-07-31,IMMUTABLE_SNAPSHOT,cleanroom_20260731T171253Z,824325,686681,2026-07-31 17:12:20+00:00,ORDER_NOT_CONFIRMED,,,False
2026-07-31,IMMUTABLE_SNAPSHOT,cleanroom_20260731T171253Z,824325,687859,2026-07-31 17:12:20+00:00,ORDER_NOT_CONFIRMED,,,False
2026-07-31,IMMUTABLE_SNAPSHOT,cleanroom_20260731T171253Z,824325,691720,2026-07-31 17:12:20+00:00,ORDER_NOT_CONFIRMED,,,False
2026-07-31,IMMUTABLE_SNAPSHOT,cleanroom_20260731T171253Z,824325,694249,2026-07-31 17:12:20+00:00,ORDER_NOT_CONFIRMED,,,False
2026-07-31,IMMUTABLE_SNAPSHOT,cleanroom_20260731T171253Z,824325,695506,2026-07-31 17:12:20+00:00,ORDER_NOT_CONFIRMED,,,False
2026-07-31,IMMUTABLE_SNAPSHOT,cleanroom_20260731T171253Z,824325,695600,2026-07-31 17:12:20+00:00,ORDER_NOT_CONFIRMED,,,False
2026-07-31,IMMUTABLE_SNAPSHOT,cleanroom_20260731T171253Z,824325,696100,2026-07-31 17:12:20+00:00,ORDER_NOT_CONFIRMED,,,False
2026-07-31,IMMUTABLE_SNAPSHOT,cleanroom_20260731T171253Z,824407,571448,2026-07-31 17:13:00+00:00,ORDER_NOT_CONFIRMED,,,False
2026-07-31,IMMUTABLE_SNAPSHOT,cleanroom_20260731T171253Z,824407,596146,2026-07-31 17:13:00+00:00,ORDER_NOT_CONFIRMED,,,False
2026-07-31,IMMUTABLE_SNAPSHOT,cleanroom_20260731T171253Z,824407,606466,2026-07-31 17:13:00+00:00,ORDER_NOT_CONFIRMED,,,False
2026-07-31,IMMUTABLE_SNAPSHOT,cleanroom_20260731T171253Z,824407,608070,2026-07-31 17:13:00+00:00,ORDER_NOT_CONFIRMED,,,False
2026-07-31,IMMUTABLE_SNAPSHOT,cleanroom_20260731T171253Z,824407,656555,2026-07-31 17:13:00+00:00,ORDER_NOT_CONFIRMED,,,False
2026-07-31,IMMUTABLE_SNAPSHOT,cleanroom_20260731T171253Z,824407,672515,2026-07-31 17:13:00+00:00,ORDER_NOT_CONFIRMED,,,False
2026-07-31,IMMUTABLE_SNAPSHOT,cleanroom_20260731T171253Z,824407,672695,2026-07-31 17:13:00+00:00,ORDER_NOT_CONFIRMED,,,False
2026-07-31,IMMUTABLE_SNAPSHOT,cleanroom_20260731T171253Z,824407,677587,2026-07-31 17:13:00+00:00,ORDER_NOT_CONFIRMED,,,False
2026-07-31,IMMUTABLE_SNAPSHOT,cleanroom_20260731T171253Z,824407,682657,2026-07-31 17:13:00+00:00,ORDER_NOT_CONFIRMED,,,False
2026-07-31,IMMUTABLE_SNAPSHOT,cleanroom_20260731T171253Z,824407,682998,2026-07-31 17:13:00+00:00,ORDER_NOT_CONFIRMED,,,False
2026-07-31,IMMUTABLE_SNAPSHOT,cleanroom_20260731T171253Z,824407,683953,2026-07-31 17:13:00+00:00,ORDER_NOT_CONFIRMED,,,False
2026-07-31,IMMUTABLE_SNAPSHOT,cleanroom_20260731T171253Z,824407,800050,2026-07-31 17:13:00+00:00,ORDER_NOT_CONFIRMED,,,False
2026-07-31,IMMUTABLE_SNAPSHOT,cleanroom_20260731T171253Z,824486,656811,2026-07-31 17:12:21+00:00,ORDER_NOT_CONFIRMED,,,False
2026-07-31,IMMUTABLE_SNAPSHOT,cleanroom_20260731T171253Z,824486,663968,2026-07-31 17:12:21+00:00,ORDER_NOT_CONFIRMED,,,False
2026-07-31,IMMUTABLE_SNAPSHOT,cleanroom_20260731T171253Z,824486,663993,2026-07-31 17:12:21+00:00,ORDER_NOT_CONFIRMED,,,False
2026-07-31,IMMUTABLE_SNAPSHOT,cleanroom_20260731T171253Z,824486,664040,2026-07-31 17:12:21+00:00,ORDER_NOT_CONFIRMED,,,False
2026-07-31,IMMUTABLE_SNAPSHOT,cleanroom_20260731T171253Z,824486,668709,2026-07-31 17:12:21+00:00,ORDER_NOT_CONFIRMED,,,False
2026-07-31,IMMUTABLE_SNAPSHOT,cleanroom_20260731T171253Z,824486,668804,2026-07-31 17:12:21+00:00,ORDER_NOT_CONFIRMED,,,False
2026-07-31,IMMUTABLE_SNAPSHOT,cleanroom_20260731T171253Z,824486,680779,2026-07-31 17:12:21+00:00,ORDER_NOT_CONFIRMED,,,False
2026-07-31,IMMUTABLE_SNAPSHOT,cleanroom_20260731T171253Z,824486,682829,2026-07-31 17:12:21+00:00,ORDER_NOT_CONFIRMED,,,False
2026-07-31,IMMUTABLE_SNAPSHOT,cleanroom_20260731T171253Z,824486,693304,2026-07-31 17:12:21+00:00,ORDER_NOT_CONFIRMED,,,False
2026-07-31,IMMUTABLE_SNAPSHOT,cleanroom_20260731T171253Z,824486,699013,2026-07-31 17:12:21+00:00,ORDER_NOT_CONFIRMED,,,False
2026-07-31,IMMUTABLE_SNAPSHOT,cleanroom_20260731T171253Z,824486,701398,2026-07-31 17:12:21+00:00,ORDER_NOT_CONFIRMED,,,False
2026-07-31,IMMUTABLE_SNAPSHOT,cleanroom_20260731T171253Z,824651,502671,2026-07-31 17:12:22+00:00,LINEUP_AFTER_GOVERNING_CAPTURE,2026-07-31T17:13:26.904633+00:00,9b84ef8f-14b8-45d7-90aa-2434f584b2cd,False
2026-07-31,IMMUTABLE_SNAPSHOT,cleanroom_20260731T171253Z,824651,608324,2026-07-31 17:12:22+00:00,LINEUP_AFTER_GOVERNING_CAPTURE,2026-07-31T17:13:26.904633+00:00,9b84ef8f-14b8-45d7-90aa-2434f584b2cd,False
2026-07-31,IMMUTABLE_SNAPSHOT,cleanroom_20260731T171253Z,824651,621020,2026-07-31 17:12:22+00:00,LINEUP_AFTER_GOVERNING_CAPTURE,2026-07-31T17:13:26.904633+00:00,9b84ef8f-14b8-45d7-90aa-2434f584b2cd,False
2026-07-31,IMMUTABLE_SNAPSHOT,cleanroom_20260731T171253Z,824651,624424,2026-07-31 17:12:22+00:00,LINEUP_AFTER_GOVERNING_CAPTURE,2026-07-31T17:13:26.904633+00:00,9b84ef8f-14b8-45d7-90aa-2434f584b2cd,False
2026-07-31,IMMUTABLE_SNAPSHOT,cleanroom_20260731T171253Z,824651,642708,2026-07-31 17:12:22+00:00,LINEUP_AFTER_GOVERNING_CAPTURE,2026-07-31T17:13:26.904633+00:00,9b84ef8f-14b8-45d7-90aa-2434f584b2cd,False
2026-07-31,IMMUTABLE_SNAPSHOT,cleanroom_20260731T171253Z,824651,663538,2026-07-31 17:12:22+00:00,LINEUP_AFTER_GOVERNING_CAPTURE,2026-07-31T17:13:26.904633+00:00,9b84ef8f-14b8-45d7-90aa-2434f584b2cd,False
2026-07-31,IMMUTABLE_SNAPSHOT,cleanroom_20260731T171253Z,824651,663757,2026-07-31 17:12:22+00:00,LINEUP_AFTER_GOVERNING_CAPTURE,2026-07-31T17:13:26.904633+00:00,9b84ef8f-14b8-45d7-90aa-2434f584b2cd,False
2026-07-31,IMMUTABLE_SNAPSHOT,cleanroom_20260731T171253Z,824651,664023,2026-07-31 17:12:22+00:00,LINEUP_AFTER_GOVERNING_CAPTURE,2026-07-31T17:13:26.904633+00:00,9b84ef8f-14b8-45d7-90aa-2434f584b2cd,False
2026-07-31,IMMUTABLE_SNAPSHOT,cleanroom_20260731T171253Z,824651,682987,2026-07-31 17:12:22+00:00,LINEUP_AFTER_GOVERNING_CAPTURE,2026-07-31T17:13:26.904633+00:00,9b84ef8f-14b8-45d7-90aa-2434f584b2cd,False
2026-07-31,IMMUTABLE_SNAPSHOT,cleanroom_20260731T171253Z,824651,683011,2026-07-31 17:12:22+00:00,LINEUP_AFTER_GOVERNING_CAPTURE,2026-07-31T17:13:26.904633+00:00,9b84ef8f-14b8-45d7-90aa-2434f584b2cd,False
2026-07-31,IMMUTABLE_SNAPSHOT,cleanroom_20260731T171253Z,824651,683737,2026-07-31 17:12:22+00:00,LINEUP_AFTER_GOVERNING_CAPTURE,2026-07-31T17:13:26.904633+00:00,9b84ef8f-14b8-45d7-90aa-2434f584b2cd,False
2026-07-31,IMMUTABLE_SNAPSHOT,cleanroom_20260731T171253Z,824651,691176,2026-07-31 17:12:22+00:00,LINEUP_AFTER_GOVERNING_CAPTURE,2026-07-31T17:13:26.904633+00:00,9b84ef8f-14b8-45d7-90aa-2434f584b2cd,False
2026-07-31,IMMUTABLE_SNAPSHOT,cleanroom_20260731T171253Z,824651,691718,2026-07-31 17:12:22+00:00,LINEUP_AFTER_GOVERNING_CAPTURE,2026-07-31T17:13:26.904633+00:00,9b84ef8f-14b8-45d7-90aa-2434f584b2cd,False
2026-07-31,IMMUTABLE_SNAPSHOT,cleanroom_20260731T171253Z,824651,699393,2026-07-31 17:12:22+00:00,LINEUP_AFTER_GOVERNING_CAPTURE,2026-07-31T17:13:26.904633+00:00,9b84ef8f-14b8-45d7-90aa-2434f584b2cd,False
2026-07-31,IMMUTABLE_SNAPSHOT,cleanroom_20260731T171253Z,824651,700250,2026-07-31 17:12:22+00:00,LINEUP_AFTER_GOVERNING_CAPTURE,2026-07-31T17:13:26.904633+00:00,9b84ef8f-14b8-45d7-90aa-2434f584b2cd,False
2026-07-31,IMMUTABLE_SNAPSHOT,cleanroom_20260731T171253Z,824809,547180,2026-07-31 17:12:44+00:00,ORDER_NOT_CONFIRMED,,,False
2026-07-31,IMMUTABLE_SNAPSHOT,cleanroom_20260731T171253Z,824809,592663,2026-07-31 17:12:44+00:00,ORDER_NOT_CONFIRMED,,,False
2026-07-31,IMMUTABLE_SNAPSHOT,cleanroom_20260731T171253Z,824809,607208,2026-07-31 17:12:44+00:00,ORDER_NOT_CONFIRMED,,,False
2026-07-31,IMMUTABLE_SNAPSHOT,cleanroom_20260731T171253Z,824809,621493,2026-07-31 17:12:44+00:00,ORDER_NOT_CONFIRMED,,,False
2026-07-31,IMMUTABLE_SNAPSHOT,cleanroom_20260731T171253Z,824809,624413,2026-07-31 17:12:44+00:00,ORDER_NOT_CONFIRMED,,,False
2026-07-31,IMMUTABLE_SNAPSHOT,cleanroom_20260731T171253Z,824809,656941,2026-07-31 17:12:44+00:00,ORDER_NOT_CONFIRMED,,,False
2026-07-31,IMMUTABLE_SNAPSHOT,cleanroom_20260731T171253Z,824809,664761,2026-07-31 17:12:44+00:00,ORDER_NOT_CONFIRMED,,,False
2026-07-31,IMMUTABLE_SNAPSHOT,cleanroom_20260731T171253Z,824809,665750,2026-07-31 17:12:44+00:00,ORDER_NOT_CONFIRMED,,,False
2026-07-31,IMMUTABLE_SNAPSHOT,cleanroom_20260731T171253Z,824809,669016,2026-07-31 17:12:44+00:00,ORDER_NOT_CONFIRMED,,,False
2026-07-31,IMMUTABLE_SNAPSHOT,cleanroom_20260731T171253Z,824809,681082,2026-07-31 17:12:44+00:00,ORDER_NOT_CONFIRMED,,,False
2026-07-31,IMMUTABLE_SNAPSHOT,cleanroom_20260731T171253Z,824809,683002,2026-07-31 17:12:44+00:00,ORDER_NOT_CONFIRMED,,,False
2026-07-31,IMMUTABLE_SNAPSHOT,cleanroom_20260731T171253Z,824809,687637,2026-07-31 17:12:44+00:00,ORDER_NOT_CONFIRMED,,,False
2026-07-31,IMMUTABLE_SNAPSHOT,cleanroom_20260731T171253Z,824809,687952,2026-07-31 17:12:44+00:00,ORDER_NOT_CONFIRMED,,,False
2026-07-31,IMMUTABLE_SNAPSHOT,cleanroom_20260731T171253Z,824892,621566,2026-07-31 17:12:50+00:00,ORDER_NOT_CONFIRMED,,,False
2026-07-31,IMMUTABLE_SNAPSHOT,cleanroom_20260731T171253Z,824892,643289,2026-07-31 17:12:50+00:00,ORDER_NOT_CONFIRMED,,,False
2026-07-31,IMMUTABLE_SNAPSHOT,cleanroom_20260731T171253Z,824892,645277,2026-07-31 17:12:50+00:00,ORDER_NOT_CONFIRMED,,,False
2026-07-31,IMMUTABLE_SNAPSHOT,cleanroom_20260731T171253Z,824892,660670,2026-07-31 17:12:50+00:00,ORDER_NOT_CONFIRMED,,,False
2026-07-31,IMMUTABLE_SNAPSHOT,cleanroom_20260731T171253Z,824892,660688,2026-07-31 17:12:50+00:00,ORDER_NOT_CONFIRMED,,,False
2026-07-31,IMMUTABLE_SNAPSHOT,cleanroom_20260731T171253Z,824892,663586,2026-07-31 17:12:50+00:00,ORDER_NOT_CONFIRMED,,,False
2026-07-31,IMMUTABLE_SNAPSHOT,cleanroom_20260731T171253Z,824892,671277,2026-07-31 17:12:50+00:00,ORDER_NOT_CONFIRMED,,,False
2026-07-31,IMMUTABLE_SNAPSHOT,cleanroom_20260731T171253Z,824892,671739,2026-07-31 17:12:50+00:00,ORDER_NOT_CONFIRMED,,,False
2026-07-31,IMMUTABLE_SNAPSHOT,cleanroom_20260731T171253Z,824892,682928,2026-07-31 17:12:50+00:00,ORDER_NOT_CONFIRMED,,,False
2026-07-31,IMMUTABLE_SNAPSHOT,cleanroom_20260731T171253Z,824892,686611,2026-07-31 17:12:50+00:00,ORDER_NOT_CONFIRMED,,,False
2026-07-31,IMMUTABLE_SNAPSHOT,cleanroom_20260731T171253Z,824892,686948,2026-07-31 17:12:50+00:00,ORDER_NOT_CONFIRMED,,,False
2026-07-31,IMMUTABLE_SNAPSHOT,cleanroom_20260731T171253Z,824892,695578,2026-07-31 17:12:50+00:00,ORDER_NOT_CONFIRMED,,,False
2026-07-31,IMMUTABLE_SNAPSHOT,cleanroom_20260731T171253Z,824892,695734,2026-07-31 17:12:50+00:00,ORDER_NOT_CONFIRMED,,,False
2026-07-31,IMMUTABLE_SNAPSHOT,cleanroom_20260731T171253Z,824975,595879,2026-07-31 17:13:20+00:00,ORDER_NOT_CONFIRMED,,,False
2026-07-31,IMMUTABLE_SNAPSHOT,cleanroom_20260731T171253Z,824975,650402,2026-07-31 17:13:20+00:00,ORDER_NOT_CONFIRMED,,,False
2026-07-31,IMMUTABLE_SNAPSHOT,cleanroom_20260731T171253Z,824975,663837,2026-07-31 17:13:20+00:00,ORDER_NOT_CONFIRMED,,,False
2026-07-31,IMMUTABLE_SNAPSHOT,cleanroom_20260731T171253Z,824975,679529,2026-07-31 17:13:20+00:00,ORDER_NOT_CONFIRMED,,,False
2026-07-31,IMMUTABLE_SNAPSHOT,cleanroom_20260731T171253Z,824975,682985,2026-07-31 17:13:20+00:00,ORDER_NOT_CONFIRMED,,,False
2026-07-31,IMMUTABLE_SNAPSHOT,cleanroom_20260731T171253Z,824975,691016,2026-07-31 17:13:20+00:00,ORDER_NOT_CONFIRMED,,,False
2026-07-31,IMMUTABLE_SNAPSHOT,cleanroom_20260731T171253Z,824975,693307,2026-07-31 17:13:20+00:00,ORDER_NOT_CONFIRMED,,,False
2026-07-31,IMMUTABLE_SNAPSHOT,cleanroom_20260731T171253Z,824975,695720,2026-07-31 17:13:20+00:00,ORDER_NOT_CONFIRMED,,,False
2026-07-31,IMMUTABLE_SNAPSHOT,cleanroom_20260731T171253Z,824975,701678,2026-07-31 17:13:20+00:00,ORDER_NOT_CONFIRMED,,,False
2026-07-31,IMMUTABLE_SNAPSHOT,cleanroom_20260731T171253Z,824975,701762,2026-07-31 17:13:20+00:00,ORDER_NOT_CONFIRMED,,,False
2026-07-31,IMMUTABLE_SNAPSHOT,cleanroom_20260731T171253Z,824975,805779,2026-07-31 17:13:20+00:00,ORDER_NOT_CONFIRMED,,,False
2026-07-31,IMMUTABLE_SNAPSHOT,cleanroom_20260731T171253Z,824975,805808,2026-07-31 17:13:20+00:00,ORDER_NOT_CONFIRMED,,,False
2026-07-31,IMMUTABLE_SNAPSHOT,cleanroom_20260731T223757Z,822782,543807,2026-07-31 22:38:16+00:00,LINEUP_AFTER_GOVERNING_CAPTURE,2026-07-31T22:38:35.023708+00:00,81952410-d4b6-4c9a-b31e-fd8553888cd1,False
2026-07-31,IMMUTABLE_SNAPSHOT,cleanroom_20260731T223757Z,822782,662139,2026-07-31 22:38:16+00:00,LINEUP_AFTER_GOVERNING_CAPTURE,2026-07-31T22:38:35.023708+00:00,81952410-d4b6-4c9a-b31e-fd8553888cd1,False
2026-07-31,IMMUTABLE_SNAPSHOT,cleanroom_20260731T223757Z,822782,664770,2026-07-31 22:38:16+00:00,LINEUP_AFTER_GOVERNING_CAPTURE,2026-07-31T22:38:35.023708+00:00,81952410-d4b6-4c9a-b31e-fd8553888cd1,False
2026-07-31,IMMUTABLE_SNAPSHOT,cleanroom_20260731T223757Z,822782,665489,2026-07-31 22:38:16+00:00,LINEUP_AFTER_GOVERNING_CAPTURE,2026-07-31T22:38:35.023708+00:00,81952410-d4b6-4c9a-b31e-fd8553888cd1,False
2026-07-31,IMMUTABLE_SNAPSHOT,cleanroom_20260731T223757Z,822782,672960,2026-07-31 22:38:16+00:00,LINEUP_AFTER_GOVERNING_CAPTURE,2026-07-31T22:38:35.023708+00:00,81952410-d4b6-4c9a-b31e-fd8553888cd1,False
2026-07-31,IMMUTABLE_SNAPSHOT,cleanroom_20260731T223757Z,822782,676391,2026-07-31 22:38:16+00:00,LINEUP_AFTER_GOVERNING_CAPTURE,2026-07-31T22:38:35.023708+00:00,81952410-d4b6-4c9a-b31e-fd8553888cd1,False
2026-07-31,IMMUTABLE_SNAPSHOT,cleanroom_20260731T223757Z,822782,676475,2026-07-31 22:38:16+00:00,LINEUP_AFTER_GOVERNING_CAPTURE,2026-07-31T22:38:35.023708+00:00,81952410-d4b6-4c9a-b31e-fd8553888cd1,False
2026-07-31,IMMUTABLE_SNAPSHOT,cleanroom_20260731T223757Z,822782,678218,2026-07-31 22:38:16+00:00,LINEUP_AFTER_GOVERNING_CAPTURE,2026-07-31T22:38:35.023708+00:00,81952410-d4b6-4c9a-b31e-fd8553888cd1,False
2026-07-31,IMMUTABLE_SNAPSHOT,cleanroom_20260731T223757Z,822782,691023,2026-07-31 22:38:16+00:00,LINEUP_AFTER_GOVERNING_CAPTURE,2026-07-31T22:38:35.023708+00:00,81952410-d4b6-4c9a-b31e-fd8553888cd1,False
2026-07-31,IMMUTABLE_SNAPSHOT,cleanroom_20260731T223757Z,822945,643217,2026-07-31 22:37:38+00:00,LINEUP_AFTER_GOVERNING_CAPTURE,2026-07-31T22:38:35.016696+00:00,81952410-d4b6-4c9a-b31e-fd8553888cd1,False
2026-07-31,IMMUTABLE_SNAPSHOT,cleanroom_20260731T223757Z,822945,650490,2026-07-31 22:37:38+00:00,LINEUP_AFTER_GOVERNING_CAPTURE,2026-07-31T22:38:35.016696+00:00,81952410-d4b6-4c9a-b31e-fd8553888cd1,False
2026-07-31,IMMUTABLE_SNAPSHOT,cleanroom_20260731T223757Z,822945,656775,2026-07-31 22:37:38+00:00,LINEUP_AFTER_GOVERNING_CAPTURE,2026-07-31T22:38:35.016696+00:00,81952410-d4b6-4c9a-b31e-fd8553888cd1,False
2026-07-31,IMMUTABLE_SNAPSHOT,cleanroom_20260731T223757Z,822945,666018,2026-07-31 22:37:38+00:00,LINEUP_AFTER_GOVERNING_CAPTURE,2026-07-31T22:38:35.016696+00:00,81952410-d4b6-4c9a-b31e-fd8553888cd1,False
2026-07-31,IMMUTABLE_SNAPSHOT,cleanroom_20260731T223757Z,822945,678246,2026-07-31 22:37:38+00:00,LINEUP_AFTER_GOVERNING_CAPTURE,2026-07-31T22:38:35.016696+00:00,81952410-d4b6-4c9a-b31e-fd8553888cd1,False
2026-07-31,IMMUTABLE_SNAPSHOT,cleanroom_20260731T223757Z,822945,683748,2026-07-31 22:37:38+00:00,LINEUP_AFTER_GOVERNING_CAPTURE,2026-07-31T22:38:35.016696+00:00,81952410-d4b6-4c9a-b31e-fd8553888cd1,False
2026-07-31,IMMUTABLE_SNAPSHOT,cleanroom_20260731T223757Z,822945,691406,2026-07-31 22:37:38+00:00,LINEUP_AFTER_GOVERNING_CAPTURE,2026-07-31T22:38:35.016696+00:00,81952410-d4b6-4c9a-b31e-fd8553888cd1,False
2026-07-31,IMMUTABLE_SNAPSHOT,cleanroom_20260731T223757Z,822945,695657,2026-07-31 22:37:38+00:00,LINEUP_AFTER_GOVERNING_CAPTURE,2026-07-31T22:38:35.016696+00:00,81952410-d4b6-4c9a-b31e-fd8553888cd1,False
2026-07-31,IMMUTABLE_SNAPSHOT,cleanroom_20260731T223757Z,822945,695731,2026-07-31 22:37:38+00:00,LINEUP_AFTER_GOVERNING_CAPTURE,2026-07-31T22:38:35.016696+00:00,81952410-d4b6-4c9a-b31e-fd8553888cd1,False
2026-07-31,IMMUTABLE_SNAPSHOT,cleanroom_20260731T223757Z,822945,802415,2026-07-31 22:37:38+00:00,LINEUP_AFTER_GOVERNING_CAPTURE,2026-07-31T22:38:35.016696+00:00,81952410-d4b6-4c9a-b31e-fd8553888cd1,False
2026-07-31,IMMUTABLE_SNAPSHOT,cleanroom_20260731T223757Z,822945,803011,2026-07-31 22:37:38+00:00,LINEUP_AFTER_GOVERNING_CAPTURE,2026-07-31T22:38:35.016696+00:00,81952410-d4b6-4c9a-b31e-fd8553888cd1,False
2026-07-31,IMMUTABLE_SNAPSHOT,cleanroom_20260731T223757Z,822945,808959,2026-07-31 22:37:38+00:00,LINEUP_AFTER_GOVERNING_CAPTURE,2026-07-31T22:38:35.016696+00:00,81952410-d4b6-4c9a-b31e-fd8553888cd1,False
2026-07-31,IMMUTABLE_SNAPSHOT,cleanroom_20260731T223757Z,823111,605137,2026-07-31 22:37:38+00:00,LINEUP_AFTER_GOVERNING_CAPTURE,2026-07-31T22:38:35.006107+00:00,81952410-d4b6-4c9a-b31e-fd8553888cd1,False
2026-07-31,IMMUTABLE_SNAPSHOT,cleanroom_20260731T223757Z,823111,647304,2026-07-31 22:37:38+00:00,LINEUP_AFTER_GOVERNING_CAPTURE,2026-07-31T22:38:35.006107+00:00,81952410-d4b6-4c9a-b31e-fd8553888cd1,False
2026-07-31,IMMUTABLE_SNAPSHOT,cleanroom_20260731T223757Z,823111,663616,2026-07-31 22:37:38+00:00,LINEUP_AFTER_GOVERNING_CAPTURE,2026-07-31T22:38:35.006107+00:00,81952410-d4b6-4c9a-b31e-fd8553888cd1,False
2026-07-31,IMMUTABLE_SNAPSHOT,cleanroom_20260731T223757Z,823111,663728,2026-07-31 22:37:38+00:00,LINEUP_AFTER_GOVERNING_CAPTURE,2026-07-31T22:38:35.006107+00:00,81952410-d4b6-4c9a-b31e-fd8553888cd1,False
2026-07-31,IMMUTABLE_SNAPSHOT,cleanroom_20260731T223757Z,823111,665019,2026-07-31 22:37:38+00:00,LINEUP_AFTER_GOVERNING_CAPTURE,2026-07-31T22:38:35.006107+00:00,81952410-d4b6-4c9a-b31e-fd8553888cd1,False
2026-07-31,IMMUTABLE_SNAPSHOT,cleanroom_20260731T223757Z,823111,668227,2026-07-31 22:37:38+00:00,LINEUP_AFTER_GOVERNING_CAPTURE,2026-07-31T22:38:35.006107+00:00,81952410-d4b6-4c9a-b31e-fd8553888cd1,False
2026-07-31,IMMUTABLE_SNAPSHOT,cleanroom_20260731T223757Z,823111,668904,2026-07-31 22:37:38+00:00,LINEUP_AFTER_GOVERNING_CAPTURE,2026-07-31T22:38:35.006107+00:00,81952410-d4b6-4c9a-b31e-fd8553888cd1,False
2026-07-31,IMMUTABLE_SNAPSHOT,cleanroom_20260731T223757Z,823111,670042,2026-07-31 22:37:38+00:00,ORDER_NOT_CONFIRMED,,,False
2026-07-31,IMMUTABLE_SNAPSHOT,cleanroom_20260731T223757Z,823111,677594,2026-07-31 22:37:38+00:00,LINEUP_AFTER_GOVERNING_CAPTURE,2026-07-31T22:38:35.006107+00:00,81952410-d4b6-4c9a-b31e-fd8553888cd1,False
2026-07-31,IMMUTABLE_SNAPSHOT,cleanroom_20260731T223757Z,823111,680777,2026-07-31 22:37:38+00:00,LINEUP_AFTER_GOVERNING_CAPTURE,2026-07-31T22:38:35.006107+00:00,81952410-d4b6-4c9a-b31e-fd8553888cd1,False
2026-07-31,IMMUTABLE_SNAPSHOT,cleanroom_20260731T223757Z,823111,686527,2026-07-31 22:37:38+00:00,LINEUP_AFTER_GOVERNING_CAPTURE,2026-07-31T22:38:35.006107+00:00,81952410-d4b6-4c9a-b31e-fd8553888cd1,False
2026-07-31,IMMUTABLE_SNAPSHOT,cleanroom_20260731T223757Z,823111,702284,2026-07-31 22:37:38+00:00,LINEUP_AFTER_GOVERNING_CAPTURE,2026-07-31T22:38:35.006107+00:00,81952410-d4b6-4c9a-b31e-fd8553888cd1,False
2026-07-31,IMMUTABLE_SNAPSHOT,cleanroom_20260731T223757Z,823272,592518,2026-07-31 22:37:52+00:00,LINEUP_AFTER_GOVERNING_CAPTURE,2026-07-31T22:38:35.027161+00:00,81952410-d4b6-4c9a-b31e-fd8553888cd1,False
2026-07-31,IMMUTABLE_SNAPSHOT,cleanroom_20260731T223757Z,823272,593428,2026-07-31 22:37:52+00:00,LINEUP_AFTER_GOVERNING_CAPTURE,2026-07-31T22:38:35.027161+00:00,81952410-d4b6-4c9a-b31e-fd8553888cd1,False
2026-07-31,IMMUTABLE_SNAPSHOT,cleanroom_20260731T223757Z,823272,642715,2026-07-31 22:37:52+00:00,LINEUP_AFTER_GOVERNING_CAPTURE,2026-07-31T22:38:35.027161+00:00,81952410-d4b6-4c9a-b31e-fd8553888cd1,False
2026-07-31,IMMUTABLE_SNAPSHOT,cleanroom_20260731T223757Z,823272,646240,2026-07-31 22:37:52+00:00,LINEUP_AFTER_GOVERNING_CAPTURE,2026-07-31T22:38:35.027161+00:00,81952410-d4b6-4c9a-b31e-fd8553888cd1,False
2026-07-31,IMMUTABLE_SNAPSHOT,cleanroom_20260731T223757Z,823272,650333,2026-07-31 22:37:52+00:00,LINEUP_AFTER_GOVERNING_CAPTURE,2026-07-31T22:38:35.027161+00:00,81952410-d4b6-4c9a-b31e-fd8553888cd1,False
2026-07-31,IMMUTABLE_SNAPSHOT,cleanroom_20260731T223757Z,823272,650859,2026-07-31 22:37:52+00:00,LINEUP_AFTER_GOVERNING_CAPTURE,2026-07-31T22:38:35.027161+00:00,81952410-d4b6-4c9a-b31e-fd8553888cd1,False
2026-07-31,IMMUTABLE_SNAPSHOT,cleanroom_20260731T223757Z,823272,664034,2026-07-31 22:37:52+00:00,LINEUP_AFTER_GOVERNING_CAPTURE,2026-07-31T22:38:35.027161+00:00,81952410-d4b6-4c9a-b31e-fd8553888cd1,False
2026-07-31,IMMUTABLE_SNAPSHOT,cleanroom_20260731T223757Z,823272,665487,2026-07-31 22:37:52+00:00,LINEUP_AFTER_GOVERNING_CAPTURE,2026-07-31T22:38:35.027161+00:00,81952410-d4b6-4c9a-b31e-fd8553888cd1,False
2026-07-31,IMMUTABLE_SNAPSHOT,cleanroom_20260731T223757Z,823272,671218,2026-07-31 22:37:52+00:00,LINEUP_AFTER_GOVERNING_CAPTURE,2026-07-31T22:38:35.027161+00:00,81952410-d4b6-4c9a-b31e-fd8553888cd1,False
2026-07-31,IMMUTABLE_SNAPSHOT,cleanroom_20260731T223757Z,823272,701538,2026-07-31 22:37:52+00:00,LINEUP_AFTER_GOVERNING_CAPTURE,2026-07-31T22:38:35.027161+00:00,81952410-d4b6-4c9a-b31e-fd8553888cd1,False
2026-07-31,IMMUTABLE_SNAPSHOT,cleanroom_20260731T223757Z,823272,805811,2026-07-31 22:37:52+00:00,LINEUP_AFTER_GOVERNING_CAPTURE,2026-07-31T22:38:35.027161+00:00,81952410-d4b6-4c9a-b31e-fd8553888cd1,False
2026-07-31,IMMUTABLE_SNAPSHOT,cleanroom_20260731T223757Z,823272,808982,2026-07-31 22:37:52+00:00,LINEUP_AFTER_GOVERNING_CAPTURE,2026-07-31T22:38:35.027161+00:00,81952410-d4b6-4c9a-b31e-fd8553888cd1,False
2026-07-31,IMMUTABLE_SNAPSHOT,cleanroom_20260731T223757Z,823593,593871,2026-07-31 22:37:21+00:00,LINEUP_AFTER_GOVERNING_CAPTURE,2026-07-31T22:38:35.011142+00:00,81952410-d4b6-4c9a-b31e-fd8553888cd1,False
2026-07-31,IMMUTABLE_SNAPSHOT,cleanroom_20260731T223757Z,823593,596019,2026-07-31 22:37:21+00:00,LINEUP_AFTER_GOVERNING_CAPTURE,2026-07-31T22:38:35.011142+00:00,81952410-d4b6-4c9a-b31e-fd8553888cd1,False
2026-07-31,IMMUTABLE_SNAPSHOT,cleanroom_20260731T223757Z,823593,666182,2026-07-31 22:37:21+00:00,LINEUP_AFTER_GOVERNING_CAPTURE,2026-07-31T22:38:35.011142+00:00,81952410-d4b6-4c9a-b31e-fd8553888cd1,False
2026-07-31,IMMUTABLE_SNAPSHOT,cleanroom_20260731T223757Z,823593,669065,2026-07-31 22:37:21+00:00,LINEUP_AFTER_GOVERNING_CAPTURE,2026-07-31T22:38:35.011142+00:00,81952410-d4b6-4c9a-b31e-fd8553888cd1,False
2026-07-31,IMMUTABLE_SNAPSHOT,cleanroom_20260731T223757Z,823593,669364,2026-07-31 22:37:21+00:00,LINEUP_AFTER_GOVERNING_CAPTURE,2026-07-31T22:38:35.011142+00:00,81952410-d4b6-4c9a-b31e-fd8553888cd1,False
2026-07-31,IMMUTABLE_SNAPSHOT,cleanroom_20260731T223757Z,823593,672640,2026-07-31 22:37:21+00:00,LINEUP_AFTER_GOVERNING_CAPTURE,2026-07-31T22:38:35.011142+00:00,81952410-d4b6-4c9a-b31e-fd8553888cd1,False
2026-07-31,IMMUTABLE_SNAPSHOT,cleanroom_20260731T223757Z,823593,673357,2026-07-31 22:37:21+00:00,LINEUP_AFTER_GOVERNING_CAPTURE,2026-07-31T22:38:35.011142+00:00,81952410-d4b6-4c9a-b31e-fd8553888cd1,False
2026-07-31,IMMUTABLE_SNAPSHOT,cleanroom_20260731T223757Z,823593,676724,2026-07-31 22:37:21+00:00,LINEUP_AFTER_GOVERNING_CAPTURE,2026-07-31T22:38:35.011142+00:00,81952410-d4b6-4c9a-b31e-fd8553888cd1,False
2026-07-31,IMMUTABLE_SNAPSHOT,cleanroom_20260731T223757Z,823593,681715,2026-07-31 22:37:21+00:00,LINEUP_AFTER_GOVERNING_CAPTURE,2026-07-31T22:38:35.011142+00:00,81952410-d4b6-4c9a-b31e-fd8553888cd1,False
2026-07-31,IMMUTABLE_SNAPSHOT,cleanroom_20260731T223757Z,823593,682626,2026-07-31 22:37:21+00:00,LINEUP_AFTER_GOVERNING_CAPTURE,2026-07-31T22:38:35.011142+00:00,81952410-d4b6-4c9a-b31e-fd8553888cd1,False
2026-07-31,IMMUTABLE_SNAPSHOT,cleanroom_20260731T223757Z,823593,689414,2026-07-31 22:37:21+00:00,LINEUP_AFTER_GOVERNING_CAPTURE,2026-07-31T22:38:35.011142+00:00,81952410-d4b6-4c9a-b31e-fd8553888cd1,False
2026-07-31,IMMUTABLE_SNAPSHOT,cleanroom_20260731T223757Z,823593,701807,2026-07-31 22:37:21+00:00,LINEUP_AFTER_GOVERNING_CAPTURE,2026-07-31T22:38:35.011142+00:00,81952410-d4b6-4c9a-b31e-fd8553888cd1,False
2026-07-31,IMMUTABLE_SNAPSHOT,cleanroom_20260731T223757Z,823593,805999,2026-07-31 22:37:21+00:00,LINEUP_AFTER_GOVERNING_CAPTURE,2026-07-31T22:38:35.011142+00:00,81952410-d4b6-4c9a-b31e-fd8553888cd1,False
2026-07-31,IMMUTABLE_SNAPSHOT,cleanroom_20260731T223757Z,823922,500743,2026-07-31 22:37:29+00:00,LINEUP_AFTER_GOVERNING_CAPTURE,2026-07-31T22:38:35.012735+00:00,81952410-d4b6-4c9a-b31e-fd8553888cd1,False
2026-07-31,IMMUTABLE_SNAPSHOT,cleanroom_20260731T223757Z,823922,518692,2026-07-31 22:37:29+00:00,LINEUP_AFTER_GOVERNING_CAPTURE,2026-07-31T22:38:35.012735+00:00,81952410-d4b6-4c9a-b31e-fd8553888cd1,False
2026-07-31,IMMUTABLE_SNAPSHOT,cleanroom_20260731T223757Z,823922,575929,2026-07-31 22:37:29+00:00,ORDER_NOT_CONFIRMED,,,False
2026-07-31,IMMUTABLE_SNAPSHOT,cleanroom_20260731T223757Z,823922,605141,2026-07-31 22:37:29+00:00,LINEUP_AFTER_GOVERNING_CAPTURE,2026-07-31T22:38:35.012735+00:00,81952410-d4b6-4c9a-b31e-fd8553888cd1,False
2026-07-31,IMMUTABLE_SNAPSHOT,cleanroom_20260731T223757Z,823922,660271,2026-07-31 22:37:29+00:00,LINEUP_AFTER_GOVERNING_CAPTURE,2026-07-31T22:38:35.012735+00:00,81952410-d4b6-4c9a-b31e-fd8553888cd1,False
2026-07-31,IMMUTABLE_SNAPSHOT,cleanroom_20260731T223757Z,823922,663656,2026-07-31 22:37:29+00:00,LINEUP_AFTER_GOVERNING_CAPTURE,2026-07-31T22:38:35.012735+00:00,81952410-d4b6-4c9a-b31e-fd8553888cd1,False
2026-07-31,IMMUTABLE_SNAPSHOT,cleanroom_20260731T223757Z,823922,669242,2026-07-31 22:37:29+00:00,ORDER_NOT_CONFIRMED,,,False
2026-07-31,IMMUTABLE_SNAPSHOT,cleanroom_20260731T223757Z,823922,677800,2026-07-31 22:37:29+00:00,ORDER_NOT_CONFIRMED,,,False
2026-07-31,IMMUTABLE_SNAPSHOT,cleanroom_20260731T223757Z,823922,678882,2026-07-31 22:37:29+00:00,ORDER_NOT_CONFIRMED,,,False
2026-07-31,IMMUTABLE_SNAPSHOT,cleanroom_20260731T223757Z,823922,681624,2026-07-31 22:37:29+00:00,LINEUP_AFTER_GOVERNING_CAPTURE,2026-07-31T22:38:35.012735+00:00,81952410-d4b6-4c9a-b31e-fd8553888cd1,False
2026-07-31,IMMUTABLE_SNAPSHOT,cleanroom_20260731T223757Z,823922,807799,2026-07-31 22:37:29+00:00,ORDER_NOT_CONFIRMED,,,False
2026-07-31,IMMUTABLE_SNAPSHOT,cleanroom_20260731T223757Z,823999,545361,2026-07-31 22:37:31+00:00,LINEUP_AFTER_GOVERNING_CAPTURE,2026-07-31T22:38:35.020192+00:00,81952410-d4b6-4c9a-b31e-fd8553888cd1,False
2026-07-31,IMMUTABLE_SNAPSHOT,cleanroom_20260731T223757Z,823999,592885,2026-07-31 22:37:31+00:00,LINEUP_AFTER_GOVERNING_CAPTURE,2026-07-31T22:38:35.020192+00:00,81952410-d4b6-4c9a-b31e-fd8553888cd1,False
2026-07-31,IMMUTABLE_SNAPSHOT,cleanroom_20260731T223757Z,823999,624585,2026-07-31 22:37:31+00:00,LINEUP_AFTER_GOVERNING_CAPTURE,2026-07-31T22:38:35.020192+00:00,81952410-d4b6-4c9a-b31e-fd8553888cd1,False
2026-07-31,IMMUTABLE_SNAPSHOT,cleanroom_20260731T223757Z,823999,641343,2026-07-31 22:37:31+00:00,LINEUP_AFTER_GOVERNING_CAPTURE,2026-07-31T22:38:35.020192+00:00,81952410-d4b6-4c9a-b31e-fd8553888cd1,False
2026-07-31,IMMUTABLE_SNAPSHOT,cleanroom_20260731T223757Z,823999,661388,2026-07-31 22:37:31+00:00,LINEUP_AFTER_GOVERNING_CAPTURE,2026-07-31T22:38:35.020192+00:00,81952410-d4b6-4c9a-b31e-fd8553888cd1,False
2026-07-31,IMMUTABLE_SNAPSHOT,cleanroom_20260731T223757Z,823999,666176,2026-07-31 22:37:31+00:00,LINEUP_AFTER_GOVERNING_CAPTURE,2026-07-31T22:38:35.020192+00:00,81952410-d4b6-4c9a-b31e-fd8553888cd1,False
2026-07-31,IMMUTABLE_SNAPSHOT,cleanroom_20260731T223757Z,823999,668930,2026-07-31 22:37:31+00:00,LINEUP_AFTER_GOVERNING_CAPTURE,2026-07-31T22:38:35.020192+00:00,81952410-d4b6-4c9a-b31e-fd8553888cd1,False
2026-07-31,IMMUTABLE_SNAPSHOT,cleanroom_20260731T223757Z,823999,669003,2026-07-31 22:37:31+00:00,LINEUP_AFTER_GOVERNING_CAPTURE,2026-07-31T22:38:35.020192+00:00,81952410-d4b6-4c9a-b31e-fd8553888cd1,False
2026-07-31,IMMUTABLE_SNAPSHOT,cleanroom_20260731T223757Z,823999,683734,2026-07-31 22:37:31+00:00,ORDER_NOT_CONFIRMED,,,False
2026-07-31,IMMUTABLE_SNAPSHOT,cleanroom_20260731T223757Z,823999,687093,2026-07-31 22:37:31+00:00,LINEUP_AFTER_GOVERNING_CAPTURE,2026-07-31T22:38:35.020192+00:00,81952410-d4b6-4c9a-b31e-fd8553888cd1,False
2026-07-31,IMMUTABLE_SNAPSHOT,cleanroom_20260731T223757Z,823999,687263,2026-07-31 22:37:31+00:00,LINEUP_AFTER_GOVERNING_CAPTURE,2026-07-31T22:38:35.020192+00:00,81952410-d4b6-4c9a-b31e-fd8553888cd1,False
2026-07-31,IMMUTABLE_SNAPSHOT,cleanroom_20260731T223757Z,823999,694192,2026-07-31 22:37:31+00:00,LINEUP_AFTER_GOVERNING_CAPTURE,2026-07-31T22:38:35.020192+00:00,81952410-d4b6-4c9a-b31e-fd8553888cd1,False
2026-07-31,IMMUTABLE_SNAPSHOT,cleanroom_20260731T223757Z,823999,694384,2026-07-31 22:37:31+00:00,LINEUP_AFTER_GOVERNING_CAPTURE,2026-07-31T22:38:35.020192+00:00,81952410-d4b6-4c9a-b31e-fd8553888cd1,False
2026-07-31,IMMUTABLE_SNAPSHOT,cleanroom_20260731T223757Z,823999,800325,2026-07-31 22:37:31+00:00,LINEUP_AFTER_GOVERNING_CAPTURE,2026-07-31T22:38:35.020192+00:00,81952410-d4b6-4c9a-b31e-fd8553888cd1,False
2026-07-31,IMMUTABLE_SNAPSHOT,cleanroom_20260731T223757Z,823999,806198,2026-07-31 22:37:31+00:00,LINEUP_AFTER_GOVERNING_CAPTURE,2026-07-31T22:38:35.020192+00:00,81952410-d4b6-4c9a-b31e-fd8553888cd1,False
2026-07-31,IMMUTABLE_SNAPSHOT,cleanroom_20260731T223757Z,824164,514888,2026-07-31 22:38:28+00:00,LINEUP_AFTER_GOVERNING_CAPTURE,2026-07-31T22:38:35.014883+00:00,81952410-d4b6-4c9a-b31e-fd8553888cd1,False
2026-07-31,IMMUTABLE_SNAPSHOT,cleanroom_20260731T223757Z,824164,572233,2026-07-31 22:38:28+00:00,LINEUP_AFTER_GOVERNING_CAPTURE,2026-07-31T22:38:35.014883+00:00,81952410-d4b6-4c9a-b31e-fd8553888cd1,False
2026-07-31,IMMUTABLE_SNAPSHOT,cleanroom_20260731T223757Z,824164,592626,2026-07-31 22:38:28+00:00,LINEUP_AFTER_GOVERNING_CAPTURE,2026-07-31T22:38:35.014883+00:00,81952410-d4b6-4c9a-b31e-fd8553888cd1,False
2026-07-31,IMMUTABLE_SNAPSHOT,cleanroom_20260731T223757Z,824164,607043,2026-07-31 22:38:28+00:00,LINEUP_AFTER_GOVERNING_CAPTURE,2026-07-31T22:38:35.014883+00:00,81952410-d4b6-4c9a-b31e-fd8553888cd1,False
2026-07-31,IMMUTABLE_SNAPSHOT,cleanroom_20260731T223757Z,824164,608369,2026-07-31 22:38:28+00:00,LINEUP_AFTER_GOVERNING_CAPTURE,2026-07-31T22:38:35.014883+00:00,81952410-d4b6-4c9a-b31e-fd8553888cd1,False
2026-07-31,IMMUTABLE_SNAPSHOT,cleanroom_20260731T223757Z,824164,665161,2026-07-31 22:38:28+00:00,LINEUP_AFTER_GOVERNING_CAPTURE,2026-07-31T22:38:35.014883+00:00,81952410-d4b6-4c9a-b31e-fd8553888cd1,False
2026-07-31,IMMUTABLE_SNAPSHOT,cleanroom_20260731T223757Z,824164,670541,2026-07-31 22:38:28+00:00,LINEUP_AFTER_GOVERNING_CAPTURE,2026-07-31T22:38:35.014883+00:00,81952410-d4b6-4c9a-b31e-fd8553888cd1,False
2026-07-31,IMMUTABLE_SNAPSHOT,cleanroom_20260731T223757Z,824164,670623,2026-07-31 22:38:28+00:00,LINEUP_AFTER_GOVERNING_CAPTURE,2026-07-31T22:38:35.014883+00:00,81952410-d4b6-4c9a-b31e-fd8553888cd1,False
2026-07-31,IMMUTABLE_SNAPSHOT,cleanroom_20260731T223757Z,824164,694671,2026-07-31 22:38:28+00:00,LINEUP_AFTER_GOVERNING_CAPTURE,2026-07-31T22:38:35.014883+00:00,81952410-d4b6-4c9a-b31e-fd8553888cd1,False
2026-07-31,IMMUTABLE_SNAPSHOT,cleanroom_20260731T223757Z,824325,521692,2026-07-31 22:37:53+00:00,LINEUP_AFTER_GOVERNING_CAPTURE,2026-07-31T22:38:35.009444+00:00,81952410-d4b6-4c9a-b31e-fd8553888cd1,False
2026-07-31,IMMUTABLE_SNAPSHOT,cleanroom_20260731T223757Z,824325,657041,2026-07-31 22:37:53+00:00,LINEUP_AFTER_GOVERNING_CAPTURE,2026-07-31T22:38:35.009444+00:00,81952410-d4b6-4c9a-b31e-fd8553888cd1,False
2026-07-31,IMMUTABLE_SNAPSHOT,cleanroom_20260731T223757Z,824325,664983,2026-07-31 22:37:53+00:00,LINEUP_AFTER_GOVERNING_CAPTURE,2026-07-31T22:38:35.009444+00:00,81952410-d4b6-4c9a-b31e-fd8553888cd1,False
2026-07-31,IMMUTABLE_SNAPSHOT,cleanroom_20260731T223757Z,824325,666160,2026-07-31 22:37:53+00:00,LINEUP_AFTER_GOVERNING_CAPTURE,2026-07-31T22:38:35.009444+00:00,81952410-d4b6-4c9a-b31e-fd8553888cd1,False
2026-07-31,IMMUTABLE_SNAPSHOT,cleanroom_20260731T223757Z,824325,668942,2026-07-31 22:37:53+00:00,LINEUP_AFTER_GOVERNING_CAPTURE,2026-07-31T22:38:35.009444+00:00,81952410-d4b6-4c9a-b31e-fd8553888cd1,False
2026-07-31,IMMUTABLE_SNAPSHOT,cleanroom_20260731T223757Z,824325,670231,2026-07-31 22:37:53+00:00,LINEUP_AFTER_GOVERNING_CAPTURE,2026-07-31T22:38:35.009444+00:00,81952410-d4b6-4c9a-b31e-fd8553888cd1,False
2026-07-31,IMMUTABLE_SNAPSHOT,cleanroom_20260731T223757Z,824325,671289,2026-07-31 22:37:53+00:00,LINEUP_AFTER_GOVERNING_CAPTURE,2026-07-31T22:38:35.009444+00:00,81952410-d4b6-4c9a-b31e-fd8553888cd1,False
2026-07-31,IMMUTABLE_SNAPSHOT,cleanroom_20260731T223757Z,824325,678662,2026-07-31 22:37:53+00:00,LINEUP_AFTER_GOVERNING_CAPTURE,2026-07-31T22:38:35.009444+00:00,81952410-d4b6-4c9a-b31e-fd8553888cd1,False
2026-07-31,IMMUTABLE_SNAPSHOT,cleanroom_20260731T223757Z,824325,681198,2026-07-31 22:37:53+00:00,LINEUP_AFTER_GOVERNING_CAPTURE,2026-07-31T22:38:35.009444+00:00,81952410-d4b6-4c9a-b31e-fd8553888cd1,False
2026-07-31,IMMUTABLE_SNAPSHOT,cleanroom_20260731T223757Z,824325,686555,2026-07-31 22:37:53+00:00,LINEUP_AFTER_GOVERNING_CAPTURE,2026-07-31T22:38:35.009444+00:00,81952410-d4b6-4c9a-b31e-fd8553888cd1,False
2026-07-31,IMMUTABLE_SNAPSHOT,cleanroom_20260731T223757Z,824325,686681,2026-07-31 22:37:53+00:00,LINEUP_AFTER_GOVERNING_CAPTURE,2026-07-31T22:38:35.009444+00:00,81952410-d4b6-4c9a-b31e-fd8553888cd1,False
2026-07-31,IMMUTABLE_SNAPSHOT,cleanroom_20260731T223757Z,824325,687859,2026-07-31 22:37:53+00:00,LINEUP_AFTER_GOVERNING_CAPTURE,2026-07-31T22:38:35.009444+00:00,81952410-d4b6-4c9a-b31e-fd8553888cd1,False
2026-07-31,IMMUTABLE_SNAPSHOT,cleanroom_20260731T223757Z,824325,691720,2026-07-31 22:37:53+00:00,LINEUP_AFTER_GOVERNING_CAPTURE,2026-07-31T22:38:35.009444+00:00,81952410-d4b6-4c9a-b31e-fd8553888cd1,False
2026-07-31,IMMUTABLE_SNAPSHOT,cleanroom_20260731T223757Z,824325,695506,2026-07-31 22:37:53+00:00,LINEUP_AFTER_GOVERNING_CAPTURE,2026-07-31T22:38:35.009444+00:00,81952410-d4b6-4c9a-b31e-fd8553888cd1,False
2026-07-31,IMMUTABLE_SNAPSHOT,cleanroom_20260731T223757Z,824325,695600,2026-07-31 22:37:53+00:00,LINEUP_AFTER_GOVERNING_CAPTURE,2026-07-31T22:38:35.009444+00:00,81952410-d4b6-4c9a-b31e-fd8553888cd1,False
2026-07-31,IMMUTABLE_SNAPSHOT,cleanroom_20260731T223757Z,824325,696100,2026-07-31 22:37:53+00:00,LINEUP_AFTER_GOVERNING_CAPTURE,2026-07-31T22:38:35.009444+00:00,81952410-d4b6-4c9a-b31e-fd8553888cd1,False
2026-07-31,IMMUTABLE_SNAPSHOT,cleanroom_20260731T223757Z,824407,571448,2026-07-31 22:38:07+00:00,LINEUP_AFTER_GOVERNING_CAPTURE,2026-07-31T22:38:35.018415+00:00,81952410-d4b6-4c9a-b31e-fd8553888cd1,False
2026-07-31,IMMUTABLE_SNAPSHOT,cleanroom_20260731T223757Z,824407,596146,2026-07-31 22:38:07+00:00,LINEUP_AFTER_GOVERNING_CAPTURE,2026-07-31T22:38:35.018415+00:00,81952410-d4b6-4c9a-b31e-fd8553888cd1,False
2026-07-31,IMMUTABLE_SNAPSHOT,cleanroom_20260731T223757Z,824407,606466,2026-07-31 22:38:07+00:00,LINEUP_AFTER_GOVERNING_CAPTURE,2026-07-31T22:38:35.018415+00:00,81952410-d4b6-4c9a-b31e-fd8553888cd1,False
2026-07-31,IMMUTABLE_SNAPSHOT,cleanroom_20260731T223757Z,824407,608070,2026-07-31 22:38:07+00:00,LINEUP_AFTER_GOVERNING_CAPTURE,2026-07-31T22:38:35.018415+00:00,81952410-d4b6-4c9a-b31e-fd8553888cd1,False
2026-07-31,IMMUTABLE_SNAPSHOT,cleanroom_20260731T223757Z,824407,656555,2026-07-31 22:38:07+00:00,LINEUP_AFTER_GOVERNING_CAPTURE,2026-07-31T22:38:35.018415+00:00,81952410-d4b6-4c9a-b31e-fd8553888cd1,False
2026-07-31,IMMUTABLE_SNAPSHOT,cleanroom_20260731T223757Z,824407,672515,2026-07-31 22:38:07+00:00,LINEUP_AFTER_GOVERNING_CAPTURE,2026-07-31T22:38:35.018415+00:00,81952410-d4b6-4c9a-b31e-fd8553888cd1,False
2026-07-31,IMMUTABLE_SNAPSHOT,cleanroom_20260731T223757Z,824407,672695,2026-07-31 22:38:07+00:00,LINEUP_AFTER_GOVERNING_CAPTURE,2026-07-31T22:38:35.018415+00:00,81952410-d4b6-4c9a-b31e-fd8553888cd1,False
2026-07-31,IMMUTABLE_SNAPSHOT,cleanroom_20260731T223757Z,824407,677587,2026-07-31 22:38:07+00:00,LINEUP_AFTER_GOVERNING_CAPTURE,2026-07-31T22:38:35.018415+00:00,81952410-d4b6-4c9a-b31e-fd8553888cd1,False
2026-07-31,IMMUTABLE_SNAPSHOT,cleanroom_20260731T223757Z,824407,682657,2026-07-31 22:38:07+00:00,LINEUP_AFTER_GOVERNING_CAPTURE,2026-07-31T22:38:35.018415+00:00,81952410-d4b6-4c9a-b31e-fd8553888cd1,False
2026-07-31,IMMUTABLE_SNAPSHOT,cleanroom_20260731T223757Z,824407,682998,2026-07-31 22:38:07+00:00,LINEUP_AFTER_GOVERNING_CAPTURE,2026-07-31T22:38:35.018415+00:00,81952410-d4b6-4c9a-b31e-fd8553888cd1,False
2026-07-31,IMMUTABLE_SNAPSHOT,cleanroom_20260731T223757Z,824407,800050,2026-07-31 22:38:07+00:00,LINEUP_AFTER_GOVERNING_CAPTURE,2026-07-31T22:38:35.018415+00:00,81952410-d4b6-4c9a-b31e-fd8553888cd1,False
2026-07-31,IMMUTABLE_SNAPSHOT,cleanroom_20260731T223757Z,824809,547180,2026-07-31 22:38:15+00:00,LINEUP_AFTER_GOVERNING_CAPTURE,2026-07-31T22:38:35.021949+00:00,81952410-d4b6-4c9a-b31e-fd8553888cd1,False
2026-07-31,IMMUTABLE_SNAPSHOT,cleanroom_20260731T223757Z,824809,592663,2026-07-31 22:38:15+00:00,LINEUP_AFTER_GOVERNING_CAPTURE,2026-07-31T22:38:35.021949+00:00,81952410-d4b6-4c9a-b31e-fd8553888cd1,False
2026-07-31,IMMUTABLE_SNAPSHOT,cleanroom_20260731T223757Z,824809,607208,2026-07-31 22:38:15+00:00,LINEUP_AFTER_GOVERNING_CAPTURE,2026-07-31T22:38:35.021949+00:00,81952410-d4b6-4c9a-b31e-fd8553888cd1,False
2026-07-31,IMMUTABLE_SNAPSHOT,cleanroom_20260731T223757Z,824809,621493,2026-07-31 22:38:15+00:00,LINEUP_AFTER_GOVERNING_CAPTURE,2026-07-31T22:38:35.021949+00:00,81952410-d4b6-4c9a-b31e-fd8553888cd1,False
2026-07-31,IMMUTABLE_SNAPSHOT,cleanroom_20260731T223757Z,824809,624413,2026-07-31 22:38:15+00:00,LINEUP_AFTER_GOVERNING_CAPTURE,2026-07-31T22:38:35.021949+00:00,81952410-d4b6-4c9a-b31e-fd8553888cd1,False
2026-07-31,IMMUTABLE_SNAPSHOT,cleanroom_20260731T223757Z,824809,650968,2026-07-31 22:38:15+00:00,LINEUP_AFTER_GOVERNING_CAPTURE,2026-07-31T22:38:35.021949+00:00,81952410-d4b6-4c9a-b31e-fd8553888cd1,False
2026-07-31,IMMUTABLE_SNAPSHOT,cleanroom_20260731T223757Z,824809,656941,2026-07-31 22:38:15+00:00,LINEUP_AFTER_GOVERNING_CAPTURE,2026-07-31T22:38:35.021949+00:00,81952410-d4b6-4c9a-b31e-fd8553888cd1,False
2026-07-31,IMMUTABLE_SNAPSHOT,cleanroom_20260731T223757Z,824809,664761,2026-07-31 22:38:15+00:00,LINEUP_AFTER_GOVERNING_CAPTURE,2026-07-31T22:38:35.021949+00:00,81952410-d4b6-4c9a-b31e-fd8553888cd1,False
2026-07-31,IMMUTABLE_SNAPSHOT,cleanroom_20260731T223757Z,824809,665750,2026-07-31 22:38:15+00:00,LINEUP_AFTER_GOVERNING_CAPTURE,2026-07-31T22:38:35.021949+00:00,81952410-d4b6-4c9a-b31e-fd8553888cd1,False
2026-07-31,IMMUTABLE_SNAPSHOT,cleanroom_20260731T223757Z,824809,669016,2026-07-31 22:38:15+00:00,LINEUP_AFTER_GOVERNING_CAPTURE,2026-07-31T22:38:35.021949+00:00,81952410-d4b6-4c9a-b31e-fd8553888cd1,False
2026-07-31,IMMUTABLE_SNAPSHOT,cleanroom_20260731T223757Z,824809,681082,2026-07-31 22:38:15+00:00,LINEUP_AFTER_GOVERNING_CAPTURE,2026-07-31T22:38:35.021949+00:00,81952410-d4b6-4c9a-b31e-fd8553888cd1,False
2026-07-31,IMMUTABLE_SNAPSHOT,cleanroom_20260731T223757Z,824809,683002,2026-07-31 22:38:15+00:00,LINEUP_AFTER_GOVERNING_CAPTURE,2026-07-31T22:38:35.021949+00:00,81952410-d4b6-4c9a-b31e-fd8553888cd1,False
2026-07-31,IMMUTABLE_SNAPSHOT,cleanroom_20260731T223757Z,824809,687637,2026-07-31 22:38:15+00:00,LINEUP_AFTER_GOVERNING_CAPTURE,2026-07-31T22:38:35.021949+00:00,81952410-d4b6-4c9a-b31e-fd8553888cd1,False
2026-07-31,IMMUTABLE_SNAPSHOT,cleanroom_20260731T223757Z,824892,621566,2026-07-31 22:38:01+00:00,LINEUP_AFTER_GOVERNING_CAPTURE,2026-07-31T22:38:35.025433+00:00,81952410-d4b6-4c9a-b31e-fd8553888cd1,False
2026-07-31,IMMUTABLE_SNAPSHOT,cleanroom_20260731T223757Z,824892,643289,2026-07-31 22:38:01+00:00,LINEUP_AFTER_GOVERNING_CAPTURE,2026-07-31T22:38:35.025433+00:00,81952410-d4b6-4c9a-b31e-fd8553888cd1,False
2026-07-31,IMMUTABLE_SNAPSHOT,cleanroom_20260731T223757Z,824892,645277,2026-07-31 22:38:01+00:00,LINEUP_AFTER_GOVERNING_CAPTURE,2026-07-31T22:38:35.025433+00:00,81952410-d4b6-4c9a-b31e-fd8553888cd1,False
2026-07-31,IMMUTABLE_SNAPSHOT,cleanroom_20260731T223757Z,824892,660670,2026-07-31 22:38:01+00:00,LINEUP_AFTER_GOVERNING_CAPTURE,2026-07-31T22:38:35.025433+00:00,81952410-d4b6-4c9a-b31e-fd8553888cd1,False
2026-07-31,IMMUTABLE_SNAPSHOT,cleanroom_20260731T223757Z,824892,663586,2026-07-31 22:38:01+00:00,LINEUP_AFTER_GOVERNING_CAPTURE,2026-07-31T22:38:35.025433+00:00,81952410-d4b6-4c9a-b31e-fd8553888cd1,False
2026-07-31,IMMUTABLE_SNAPSHOT,cleanroom_20260731T223757Z,824892,671277,2026-07-31 22:38:01+00:00,LINEUP_AFTER_GOVERNING_CAPTURE,2026-07-31T22:38:35.025433+00:00,81952410-d4b6-4c9a-b31e-fd8553888cd1,False
2026-07-31,IMMUTABLE_SNAPSHOT,cleanroom_20260731T223757Z,824892,671739,2026-07-31 22:38:01+00:00,LINEUP_AFTER_GOVERNING_CAPTURE,2026-07-31T22:38:35.025433+00:00,81952410-d4b6-4c9a-b31e-fd8553888cd1,False
2026-07-31,IMMUTABLE_SNAPSHOT,cleanroom_20260731T223757Z,824892,682928,2026-07-31 22:38:01+00:00,LINEUP_AFTER_GOVERNING_CAPTURE,2026-07-31T22:38:35.025433+00:00,81952410-d4b6-4c9a-b31e-fd8553888cd1,False
2026-07-31,IMMUTABLE_SNAPSHOT,cleanroom_20260731T223757Z,824892,686611,2026-07-31 22:38:01+00:00,LINEUP_AFTER_GOVERNING_CAPTURE,2026-07-31T22:38:35.025433+00:00,81952410-d4b6-4c9a-b31e-fd8553888cd1,False
2026-07-31,IMMUTABLE_SNAPSHOT,cleanroom_20260731T223757Z,824892,686948,2026-07-31 22:38:01+00:00,LINEUP_AFTER_GOVERNING_CAPTURE,2026-07-31T22:38:35.025433+00:00,81952410-d4b6-4c9a-b31e-fd8553888cd1,False
2026-07-31,IMMUTABLE_SNAPSHOT,cleanroom_20260731T223757Z,824892,691781,2026-07-31 22:38:01+00:00,LINEUP_AFTER_GOVERNING_CAPTURE,2026-07-31T22:38:35.025433+00:00,81952410-d4b6-4c9a-b31e-fd8553888cd1,False
2026-07-31,IMMUTABLE_SNAPSHOT,cleanroom_20260731T223757Z,824892,695578,2026-07-31 22:38:01+00:00,LINEUP_AFTER_GOVERNING_CAPTURE,2026-07-31T22:38:35.025433+00:00,81952410-d4b6-4c9a-b31e-fd8553888cd1,False
2026-07-31,IMMUTABLE_SNAPSHOT,cleanroom_20260731T223757Z,824892,695734,2026-07-31 22:38:01+00:00,LINEUP_AFTER_GOVERNING_CAPTURE,2026-07-31T22:38:35.025433+00:00,81952410-d4b6-4c9a-b31e-fd8553888cd1,False
2026-07-31,IMMUTABLE_SNAPSHOT,cleanroom_20260731T223757Z,824975,595879,2026-07-31 22:38:07+00:00,LINEUP_AFTER_GOVERNING_CAPTURE,2026-07-31T22:38:35.008002+00:00,81952410-d4b6-4c9a-b31e-fd8553888cd1,False
2026-07-31,IMMUTABLE_SNAPSHOT,cleanroom_20260731T223757Z,824975,622268,2026-07-31 22:38:07+00:00,ORDER_NOT_CONFIRMED,,,False
2026-07-31,IMMUTABLE_SNAPSHOT,cleanroom_20260731T223757Z,824975,641680,2026-07-31 22:38:07+00:00,LINEUP_AFTER_GOVERNING_CAPTURE,2026-07-31T22:38:35.008002+00:00,81952410-d4b6-4c9a-b31e-fd8553888cd1,False
2026-07-31,IMMUTABLE_SNAPSHOT,cleanroom_20260731T223757Z,824975,643446,2026-07-31 22:38:07+00:00,LINEUP_AFTER_GOVERNING_CAPTURE,2026-07-31T22:38:35.008002+00:00,81952410-d4b6-4c9a-b31e-fd8553888cd1,False
2026-07-31,IMMUTABLE_SNAPSHOT,cleanroom_20260731T223757Z,824975,650402,2026-07-31 22:38:07+00:00,LINEUP_AFTER_GOVERNING_CAPTURE,2026-07-31T22:38:35.008002+00:00,81952410-d4b6-4c9a-b31e-fd8553888cd1,False
2026-07-31,IMMUTABLE_SNAPSHOT,cleanroom_20260731T223757Z,824975,671732,2026-07-31 22:38:07+00:00,LINEUP_AFTER_GOVERNING_CAPTURE,2026-07-31T22:38:35.008002+00:00,81952410-d4b6-4c9a-b31e-fd8553888cd1,False
2026-07-31,IMMUTABLE_SNAPSHOT,cleanroom_20260731T223757Z,824975,679529,2026-07-31 22:38:07+00:00,LINEUP_AFTER_GOVERNING_CAPTURE,2026-07-31T22:38:35.008002+00:00,81952410-d4b6-4c9a-b31e-fd8553888cd1,False
2026-07-31,IMMUTABLE_SNAPSHOT,cleanroom_20260731T223757Z,824975,680664,2026-07-31 22:38:07+00:00,ORDER_NOT_CONFIRMED,,,False
2026-07-31,IMMUTABLE_SNAPSHOT,cleanroom_20260731T223757Z,824975,682985,2026-07-31 22:38:07+00:00,LINEUP_AFTER_GOVERNING_CAPTURE,2026-07-31T22:38:35.008002+00:00,81952410-d4b6-4c9a-b31e-fd8553888cd1,False
2026-07-31,IMMUTABLE_SNAPSHOT,cleanroom_20260731T223757Z,824975,691016,2026-07-31 22:38:07+00:00,LINEUP_AFTER_GOVERNING_CAPTURE,2026-07-31T22:38:35.008002+00:00,81952410-d4b6-4c9a-b31e-fd8553888cd1,False
2026-07-31,IMMUTABLE_SNAPSHOT,cleanroom_20260731T223757Z,824975,693307,2026-07-31 22:38:07+00:00,LINEUP_AFTER_GOVERNING_CAPTURE,2026-07-31T22:38:35.008002+00:00,81952410-d4b6-4c9a-b31e-fd8553888cd1,False
2026-07-31,IMMUTABLE_SNAPSHOT,cleanroom_20260731T223757Z,824975,695720,2026-07-31 22:38:07+00:00,LINEUP_AFTER_GOVERNING_CAPTURE,2026-07-31T22:38:35.008002+00:00,81952410-d4b6-4c9a-b31e-fd8553888cd1,False
2026-07-31,IMMUTABLE_SNAPSHOT,cleanroom_20260731T223757Z,824975,701162,2026-07-31 22:38:07+00:00,LINEUP_AFTER_GOVERNING_CAPTURE,2026-07-31T22:38:35.008002+00:00,81952410-d4b6-4c9a-b31e-fd8553888cd1,False
2026-07-31,IMMUTABLE_SNAPSHOT,cleanroom_20260731T223757Z,824975,701678,2026-07-31 22:38:07+00:00,LINEUP_AFTER_GOVERNING_CAPTURE,2026-07-31T22:38:35.008002+00:00,81952410-d4b6-4c9a-b31e-fd8553888cd1,False
2026-07-31,IMMUTABLE_SNAPSHOT,cleanroom_20260731T223757Z,824975,701762,2026-07-31 22:38:07+00:00,LINEUP_AFTER_GOVERNING_CAPTURE,2026-07-31T22:38:35.008002+00:00,81952410-d4b6-4c9a-b31e-fd8553888cd1,False
2026-07-31,IMMUTABLE_SNAPSHOT,cleanroom_20260731T223757Z,824975,703607,2026-07-31 22:38:07+00:00,LINEUP_AFTER_GOVERNING_CAPTURE,2026-07-31T22:38:35.008002+00:00,81952410-d4b6-4c9a-b31e-fd8553888cd1,False
2026-07-31,IMMUTABLE_SNAPSHOT,cleanroom_20260731T223757Z,824975,805779,2026-07-31 22:38:07+00:00,LINEUP_AFTER_GOVERNING_CAPTURE,2026-07-31T22:38:35.008002+00:00,81952410-d4b6-4c9a-b31e-fd8553888cd1,False
2026-07-31,IMMUTABLE_SNAPSHOT,cleanroom_20260731T223757Z,824975,805808,2026-07-31 22:38:07+00:00,LINEUP_AFTER_GOVERNING_CAPTURE,2026-07-31T22:38:35.008002+00:00,81952410-d4b6-4c9a-b31e-fd8553888cd1,False
2026-07-31,IMMUTABLE_SNAPSHOT,cleanroom_20260801T001530Z,823111,605137,2026-08-01 00:15:43+00:00,LINEUP_AFTER_GOVERNING_CAPTURE,2026-08-01T00:16:06.301258+00:00,30dba003-d131-42c1-8fef-d5e01a5c98d0,False
2026-07-31,IMMUTABLE_SNAPSHOT,cleanroom_20260801T001530Z,823111,647304,2026-08-01 00:15:43+00:00,LINEUP_AFTER_GOVERNING_CAPTURE,2026-08-01T00:16:06.301258+00:00,30dba003-d131-42c1-8fef-d5e01a5c98d0,False
2026-07-31,IMMUTABLE_SNAPSHOT,cleanroom_20260801T001530Z,823111,663616,2026-08-01 00:15:43+00:00,LINEUP_AFTER_GOVERNING_CAPTURE,2026-08-01T00:16:06.301258+00:00,30dba003-d131-42c1-8fef-d5e01a5c98d0,False
2026-07-31,IMMUTABLE_SNAPSHOT,cleanroom_20260801T001530Z,823111,663728,2026-08-01 00:15:43+00:00,LINEUP_AFTER_GOVERNING_CAPTURE,2026-08-01T00:16:06.301258+00:00,30dba003-d131-42c1-8fef-d5e01a5c98d0,False
2026-07-31,IMMUTABLE_SNAPSHOT,cleanroom_20260801T001530Z,823111,665019,2026-08-01 00:15:43+00:00,LINEUP_AFTER_GOVERNING_CAPTURE,2026-08-01T00:16:06.301258+00:00,30dba003-d131-42c1-8fef-d5e01a5c98d0,False
2026-07-31,IMMUTABLE_SNAPSHOT,cleanroom_20260801T001530Z,823111,668227,2026-08-01 00:15:43+00:00,LINEUP_AFTER_GOVERNING_CAPTURE,2026-08-01T00:16:06.301258+00:00,30dba003-d131-42c1-8fef-d5e01a5c98d0,False
2026-07-31,IMMUTABLE_SNAPSHOT,cleanroom_20260801T001530Z,823111,668904,2026-08-01 00:15:43+00:00,LINEUP_AFTER_GOVERNING_CAPTURE,2026-08-01T00:16:06.301258+00:00,30dba003-d131-42c1-8fef-d5e01a5c98d0,False
2026-07-31,IMMUTABLE_SNAPSHOT,cleanroom_20260801T001530Z,823111,670042,2026-08-01 00:15:43+00:00,ORDER_NOT_CONFIRMED,,,False
2026-07-31,IMMUTABLE_SNAPSHOT,cleanroom_20260801T001530Z,823111,677594,2026-08-01 00:15:43+00:00,LINEUP_AFTER_GOVERNING_CAPTURE,2026-08-01T00:16:06.301258+00:00,30dba003-d131-42c1-8fef-d5e01a5c98d0,False
2026-07-31,IMMUTABLE_SNAPSHOT,cleanroom_20260801T001530Z,823111,680777,2026-08-01 00:15:43+00:00,LINEUP_AFTER_GOVERNING_CAPTURE,2026-08-01T00:16:06.301258+00:00,30dba003-d131-42c1-8fef-d5e01a5c98d0,False
2026-07-31,IMMUTABLE_SNAPSHOT,cleanroom_20260801T001530Z,823111,686527,2026-08-01 00:15:43+00:00,LINEUP_AFTER_GOVERNING_CAPTURE,2026-08-01T00:16:06.301258+00:00,30dba003-d131-42c1-8fef-d5e01a5c98d0,False
2026-07-31,IMMUTABLE_SNAPSHOT,cleanroom_20260801T001530Z,823111,702284,2026-08-01 00:15:43+00:00,LINEUP_AFTER_GOVERNING_CAPTURE,2026-08-01T00:16:06.301258+00:00,30dba003-d131-42c1-8fef-d5e01a5c98d0,False
2026-07-31,IMMUTABLE_SNAPSHOT,cleanroom_20260801T001530Z,823272,592518,2026-08-01 00:14:54+00:00,LINEUP_AFTER_GOVERNING_CAPTURE,2026-08-01T00:16:06.312144+00:00,30dba003-d131-42c1-8fef-d5e01a5c98d0,False
2026-07-31,IMMUTABLE_SNAPSHOT,cleanroom_20260801T001530Z,823272,593428,2026-08-01 00:14:54+00:00,LINEUP_AFTER_GOVERNING_CAPTURE,2026-08-01T00:16:06.312144+00:00,30dba003-d131-42c1-8fef-d5e01a5c98d0,False
2026-07-31,IMMUTABLE_SNAPSHOT,cleanroom_20260801T001530Z,823272,642715,2026-08-01 00:14:54+00:00,LINEUP_AFTER_GOVERNING_CAPTURE,2026-08-01T00:16:06.312144+00:00,30dba003-d131-42c1-8fef-d5e01a5c98d0,False
2026-07-31,IMMUTABLE_SNAPSHOT,cleanroom_20260801T001530Z,823272,646240,2026-08-01 00:14:54+00:00,LINEUP_AFTER_GOVERNING_CAPTURE,2026-08-01T00:16:06.312144+00:00,30dba003-d131-42c1-8fef-d5e01a5c98d0,False
2026-07-31,IMMUTABLE_SNAPSHOT,cleanroom_20260801T001530Z,823272,650333,2026-08-01 00:14:54+00:00,LINEUP_AFTER_GOVERNING_CAPTURE,2026-08-01T00:16:06.312144+00:00,30dba003-d131-42c1-8fef-d5e01a5c98d0,False
2026-07-31,IMMUTABLE_SNAPSHOT,cleanroom_20260801T001530Z,823272,650859,2026-08-01 00:14:54+00:00,LINEUP_AFTER_GOVERNING_CAPTURE,2026-08-01T00:16:06.312144+00:00,30dba003-d131-42c1-8fef-d5e01a5c98d0,False
2026-07-31,IMMUTABLE_SNAPSHOT,cleanroom_20260801T001530Z,823272,664034,2026-08-01 00:14:54+00:00,LINEUP_AFTER_GOVERNING_CAPTURE,2026-08-01T00:16:06.312144+00:00,30dba003-d131-42c1-8fef-d5e01a5c98d0,False
2026-07-31,IMMUTABLE_SNAPSHOT,cleanroom_20260801T001530Z,823272,665487,2026-08-01 00:14:54+00:00,LINEUP_AFTER_GOVERNING_CAPTURE,2026-08-01T00:16:06.312144+00:00,30dba003-d131-42c1-8fef-d5e01a5c98d0,False
2026-07-31,IMMUTABLE_SNAPSHOT,cleanroom_20260801T001530Z,823272,671218,2026-08-01 00:14:54+00:00,LINEUP_AFTER_GOVERNING_CAPTURE,2026-08-01T00:16:06.312144+00:00,30dba003-d131-42c1-8fef-d5e01a5c98d0,False
2026-07-31,IMMUTABLE_SNAPSHOT,cleanroom_20260801T001530Z,823272,701538,2026-08-01 00:14:54+00:00,LINEUP_AFTER_GOVERNING_CAPTURE,2026-08-01T00:16:06.312144+00:00,30dba003-d131-42c1-8fef-d5e01a5c98d0,False
2026-07-31,IMMUTABLE_SNAPSHOT,cleanroom_20260801T001530Z,823272,805811,2026-08-01 00:14:54+00:00,LINEUP_AFTER_GOVERNING_CAPTURE,2026-08-01T00:16:06.312144+00:00,30dba003-d131-42c1-8fef-d5e01a5c98d0,False
2026-07-31,IMMUTABLE_SNAPSHOT,cleanroom_20260801T001530Z,823272,808982,2026-08-01 00:14:54+00:00,LINEUP_AFTER_GOVERNING_CAPTURE,2026-08-01T00:16:06.312144+00:00,30dba003-d131-42c1-8fef-d5e01a5c98d0,False
2026-07-31,IMMUTABLE_SNAPSHOT,cleanroom_20260801T001530Z,823922,518692,2026-08-01 00:15:55+00:00,LINEUP_AFTER_GOVERNING_CAPTURE,2026-08-01T00:16:06.306309+00:00,30dba003-d131-42c1-8fef-d5e01a5c98d0,False
2026-07-31,IMMUTABLE_SNAPSHOT,cleanroom_20260801T001530Z,823922,571771,2026-08-01 00:15:55+00:00,LINEUP_AFTER_GOVERNING_CAPTURE,2026-08-01T00:16:06.306309+00:00,30dba003-d131-42c1-8fef-d5e01a5c98d0,False
2026-07-31,IMMUTABLE_SNAPSHOT,cleanroom_20260801T001530Z,823922,575929,2026-08-01 00:15:55+00:00,LINEUP_AFTER_GOVERNING_CAPTURE,2026-08-01T00:16:06.306309+00:00,30dba003-d131-42c1-8fef-d5e01a5c98d0,False
2026-07-31,IMMUTABLE_SNAPSHOT,cleanroom_20260801T001530Z,823922,605141,2026-08-01 00:15:55+00:00,LINEUP_AFTER_GOVERNING_CAPTURE,2026-08-01T00:16:06.306309+00:00,30dba003-d131-42c1-8fef-d5e01a5c98d0,False
2026-07-31,IMMUTABLE_SNAPSHOT,cleanroom_20260801T001530Z,823922,660271,2026-08-01 00:15:55+00:00,LINEUP_AFTER_GOVERNING_CAPTURE,2026-08-01T00:16:06.306309+00:00,30dba003-d131-42c1-8fef-d5e01a5c98d0,False
2026-07-31,IMMUTABLE_SNAPSHOT,cleanroom_20260801T001530Z,823922,663656,2026-08-01 00:15:55+00:00,LINEUP_AFTER_GOVERNING_CAPTURE,2026-08-01T00:16:06.306309+00:00,30dba003-d131-42c1-8fef-d5e01a5c98d0,False
2026-07-31,IMMUTABLE_SNAPSHOT,cleanroom_20260801T001530Z,823922,669242,2026-08-01 00:15:55+00:00,ORDER_NOT_CONFIRMED,,,False
2026-07-31,IMMUTABLE_SNAPSHOT,cleanroom_20260801T001530Z,823922,677800,2026-08-01 00:15:55+00:00,LINEUP_AFTER_GOVERNING_CAPTURE,2026-08-01T00:16:06.306309+00:00,30dba003-d131-42c1-8fef-d5e01a5c98d0,False
2026-07-31,IMMUTABLE_SNAPSHOT,cleanroom_20260801T001530Z,823922,678882,2026-08-01 00:15:55+00:00,LINEUP_AFTER_GOVERNING_CAPTURE,2026-08-01T00:16:06.306309+00:00,30dba003-d131-42c1-8fef-d5e01a5c98d0,False
2026-07-31,IMMUTABLE_SNAPSHOT,cleanroom_20260801T001530Z,823922,681624,2026-08-01 00:15:55+00:00,LINEUP_AFTER_GOVERNING_CAPTURE,2026-08-01T00:16:06.306309+00:00,30dba003-d131-42c1-8fef-d5e01a5c98d0,False
2026-07-31,IMMUTABLE_SNAPSHOT,cleanroom_20260801T001530Z,823922,686765,2026-08-01 00:15:55+00:00,LINEUP_AFTER_GOVERNING_CAPTURE,2026-08-01T00:16:06.306309+00:00,30dba003-d131-42c1-8fef-d5e01a5c98d0,False
2026-07-31,IMMUTABLE_SNAPSHOT,cleanroom_20260801T001530Z,823922,807799,2026-08-01 00:15:55+00:00,LINEUP_AFTER_GOVERNING_CAPTURE,2026-08-01T00:16:06.306309+00:00,30dba003-d131-42c1-8fef-d5e01a5c98d0,False
2026-07-31,IMMUTABLE_SNAPSHOT,cleanroom_20260801T001530Z,823999,545361,2026-08-01 00:15:59+00:00,LINEUP_AFTER_GOVERNING_CAPTURE,2026-08-01T00:16:06.310357+00:00,30dba003-d131-42c1-8fef-d5e01a5c98d0,False
2026-07-31,IMMUTABLE_SNAPSHOT,cleanroom_20260801T001530Z,823999,592885,2026-08-01 00:15:59+00:00,LINEUP_AFTER_GOVERNING_CAPTURE,2026-08-01T00:16:06.310357+00:00,30dba003-d131-42c1-8fef-d5e01a5c98d0,False
2026-07-31,IMMUTABLE_SNAPSHOT,cleanroom_20260801T001530Z,823999,624585,2026-08-01 00:15:59+00:00,LINEUP_AFTER_GOVERNING_CAPTURE,2026-08-01T00:16:06.310357+00:00,30dba003-d131-42c1-8fef-d5e01a5c98d0,False
2026-07-31,IMMUTABLE_SNAPSHOT,cleanroom_20260801T001530Z,823999,641343,2026-08-01 00:15:59+00:00,LINEUP_AFTER_GOVERNING_CAPTURE,2026-08-01T00:16:06.310357+00:00,30dba003-d131-42c1-8fef-d5e01a5c98d0,False
2026-07-31,IMMUTABLE_SNAPSHOT,cleanroom_20260801T001530Z,823999,661388,2026-08-01 00:15:59+00:00,LINEUP_AFTER_GOVERNING_CAPTURE,2026-08-01T00:16:06.310357+00:00,30dba003-d131-42c1-8fef-d5e01a5c98d0,False
2026-07-31,IMMUTABLE_SNAPSHOT,cleanroom_20260801T001530Z,823999,666176,2026-08-01 00:15:59+00:00,LINEUP_AFTER_GOVERNING_CAPTURE,2026-08-01T00:16:06.310357+00:00,30dba003-d131-42c1-8fef-d5e01a5c98d0,False
2026-07-31,IMMUTABLE_SNAPSHOT,cleanroom_20260801T001530Z,823999,668930,2026-08-01 00:15:59+00:00,LINEUP_AFTER_GOVERNING_CAPTURE,2026-08-01T00:16:06.310357+00:00,30dba003-d131-42c1-8fef-d5e01a5c98d0,False
2026-07-31,IMMUTABLE_SNAPSHOT,cleanroom_20260801T001530Z,823999,669003,2026-08-01 00:15:59+00:00,LINEUP_AFTER_GOVERNING_CAPTURE,2026-08-01T00:16:06.310357+00:00,30dba003-d131-42c1-8fef-d5e01a5c98d0,False
2026-07-31,IMMUTABLE_SNAPSHOT,cleanroom_20260801T001530Z,823999,683734,2026-08-01 00:15:59+00:00,ORDER_NOT_CONFIRMED,,,False
2026-07-31,IMMUTABLE_SNAPSHOT,cleanroom_20260801T001530Z,823999,687263,2026-08-01 00:15:59+00:00,LINEUP_AFTER_GOVERNING_CAPTURE,2026-08-01T00:16:06.310357+00:00,30dba003-d131-42c1-8fef-d5e01a5c98d0,False
2026-07-31,IMMUTABLE_SNAPSHOT,cleanroom_20260801T001530Z,823999,694192,2026-08-01 00:15:59+00:00,LINEUP_AFTER_GOVERNING_CAPTURE,2026-08-01T00:16:06.310357+00:00,30dba003-d131-42c1-8fef-d5e01a5c98d0,False
2026-07-31,IMMUTABLE_SNAPSHOT,cleanroom_20260801T001530Z,823999,694384,2026-08-01 00:15:59+00:00,LINEUP_AFTER_GOVERNING_CAPTURE,2026-08-01T00:16:06.310357+00:00,30dba003-d131-42c1-8fef-d5e01a5c98d0,False
2026-07-31,IMMUTABLE_SNAPSHOT,cleanroom_20260801T001530Z,823999,800325,2026-08-01 00:15:59+00:00,LINEUP_AFTER_GOVERNING_CAPTURE,2026-08-01T00:16:06.310357+00:00,30dba003-d131-42c1-8fef-d5e01a5c98d0,False
2026-07-31,IMMUTABLE_SNAPSHOT,cleanroom_20260801T001530Z,823999,806198,2026-08-01 00:15:59+00:00,LINEUP_AFTER_GOVERNING_CAPTURE,2026-08-01T00:16:06.310357+00:00,30dba003-d131-42c1-8fef-d5e01a5c98d0,False
2026-07-31,IMMUTABLE_SNAPSHOT,cleanroom_20260801T001530Z,824164,514888,2026-08-01 00:13:58+00:00,LINEUP_POST_FIRST_PITCH,2026-08-01T00:16:06.308085+00:00,30dba003-d131-42c1-8fef-d5e01a5c98d0,False
2026-07-31,IMMUTABLE_SNAPSHOT,cleanroom_20260801T001530Z,824164,572233,2026-08-01 00:13:58+00:00,LINEUP_POST_FIRST_PITCH,2026-08-01T00:16:06.308085+00:00,30dba003-d131-42c1-8fef-d5e01a5c98d0,False
2026-07-31,IMMUTABLE_SNAPSHOT,cleanroom_20260801T001530Z,824164,592626,2026-08-01 00:13:58+00:00,LINEUP_POST_FIRST_PITCH,2026-08-01T00:16:06.308085+00:00,30dba003-d131-42c1-8fef-d5e01a5c98d0,False
2026-07-31,IMMUTABLE_SNAPSHOT,cleanroom_20260801T001530Z,824164,607043,2026-08-01 00:13:58+00:00,LINEUP_POST_FIRST_PITCH,2026-08-01T00:16:06.308085+00:00,30dba003-d131-42c1-8fef-d5e01a5c98d0,False
2026-07-31,IMMUTABLE_SNAPSHOT,cleanroom_20260801T001530Z,824164,608369,2026-08-01 00:13:58+00:00,LINEUP_POST_FIRST_PITCH,2026-08-01T00:16:06.308085+00:00,30dba003-d131-42c1-8fef-d5e01a5c98d0,False
2026-07-31,IMMUTABLE_SNAPSHOT,cleanroom_20260801T001530Z,824164,665161,2026-08-01 00:13:58+00:00,LINEUP_POST_FIRST_PITCH,2026-08-01T00:16:06.308085+00:00,30dba003-d131-42c1-8fef-d5e01a5c98d0,False
2026-07-31,IMMUTABLE_SNAPSHOT,cleanroom_20260801T001530Z,824164,670541,2026-08-01 00:13:58+00:00,LINEUP_POST_FIRST_PITCH,2026-08-01T00:16:06.308085+00:00,30dba003-d131-42c1-8fef-d5e01a5c98d0,False
2026-07-31,IMMUTABLE_SNAPSHOT,cleanroom_20260801T001530Z,824164,670623,2026-08-01 00:13:58+00:00,LINEUP_POST_FIRST_PITCH,2026-08-01T00:16:06.308085+00:00,30dba003-d131-42c1-8fef-d5e01a5c98d0,False
2026-07-31,IMMUTABLE_SNAPSHOT,cleanroom_20260801T001530Z,824164,694671,2026-08-01 00:13:58+00:00,LINEUP_POST_FIRST_PITCH,2026-08-01T00:16:06.308085+00:00,30dba003-d131-42c1-8fef-d5e01a5c98d0,False
2026-07-31,IMMUTABLE_SNAPSHOT,cleanroom_20260801T001530Z,824325,521692,2026-08-01 00:15:46+00:00,LINEUP_AFTER_GOVERNING_CAPTURE,2026-08-01T00:16:06.304595+00:00,30dba003-d131-42c1-8fef-d5e01a5c98d0,False
2026-07-31,IMMUTABLE_SNAPSHOT,cleanroom_20260801T001530Z,824325,657041,2026-08-01 00:15:46+00:00,LINEUP_AFTER_GOVERNING_CAPTURE,2026-08-01T00:16:06.304595+00:00,30dba003-d131-42c1-8fef-d5e01a5c98d0,False
2026-07-31,IMMUTABLE_SNAPSHOT,cleanroom_20260801T001530Z,824325,664983,2026-08-01 00:15:46+00:00,LINEUP_AFTER_GOVERNING_CAPTURE,2026-08-01T00:16:06.304595+00:00,30dba003-d131-42c1-8fef-d5e01a5c98d0,False
2026-07-31,IMMUTABLE_SNAPSHOT,cleanroom_20260801T001530Z,824325,666160,2026-08-01 00:15:46+00:00,LINEUP_AFTER_GOVERNING_CAPTURE,2026-08-01T00:16:06.304595+00:00,30dba003-d131-42c1-8fef-d5e01a5c98d0,False
2026-07-31,IMMUTABLE_SNAPSHOT,cleanroom_20260801T001530Z,824325,668942,2026-08-01 00:15:46+00:00,LINEUP_AFTER_GOVERNING_CAPTURE,2026-08-01T00:16:06.304595+00:00,30dba003-d131-42c1-8fef-d5e01a5c98d0,False
2026-07-31,IMMUTABLE_SNAPSHOT,cleanroom_20260801T001530Z,824325,670231,2026-08-01 00:15:46+00:00,LINEUP_AFTER_GOVERNING_CAPTURE,2026-08-01T00:16:06.304595+00:00,30dba003-d131-42c1-8fef-d5e01a5c98d0,False
2026-07-31,IMMUTABLE_SNAPSHOT,cleanroom_20260801T001530Z,824325,671289,2026-08-01 00:15:46+00:00,LINEUP_AFTER_GOVERNING_CAPTURE,2026-08-01T00:16:06.304595+00:00,30dba003-d131-42c1-8fef-d5e01a5c98d0,False
2026-07-31,IMMUTABLE_SNAPSHOT,cleanroom_20260801T001530Z,824325,678662,2026-08-01 00:15:46+00:00,LINEUP_AFTER_GOVERNING_CAPTURE,2026-08-01T00:16:06.304595+00:00,30dba003-d131-42c1-8fef-d5e01a5c98d0,False
2026-07-31,IMMUTABLE_SNAPSHOT,cleanroom_20260801T001530Z,824325,681198,2026-08-01 00:15:46+00:00,LINEUP_AFTER_GOVERNING_CAPTURE,2026-08-01T00:16:06.304595+00:00,30dba003-d131-42c1-8fef-d5e01a5c98d0,False
2026-07-31,IMMUTABLE_SNAPSHOT,cleanroom_20260801T001530Z,824325,686555,2026-08-01 00:15:46+00:00,LINEUP_AFTER_GOVERNING_CAPTURE,2026-08-01T00:16:06.304595+00:00,30dba003-d131-42c1-8fef-d5e01a5c98d0,False
2026-07-31,IMMUTABLE_SNAPSHOT,cleanroom_20260801T001530Z,824325,686668,2026-08-01 00:15:46+00:00,LINEUP_AFTER_GOVERNING_CAPTURE,2026-08-01T00:16:06.304595+00:00,30dba003-d131-42c1-8fef-d5e01a5c98d0,False
2026-07-31,IMMUTABLE_SNAPSHOT,cleanroom_20260801T001530Z,824325,686681,2026-08-01 00:15:46+00:00,LINEUP_AFTER_GOVERNING_CAPTURE,2026-08-01T00:16:06.304595+00:00,30dba003-d131-42c1-8fef-d5e01a5c98d0,False
2026-07-31,IMMUTABLE_SNAPSHOT,cleanroom_20260801T001530Z,824325,687859,2026-08-01 00:15:46+00:00,LINEUP_AFTER_GOVERNING_CAPTURE,2026-08-01T00:16:06.304595+00:00,30dba003-d131-42c1-8fef-d5e01a5c98d0,False
2026-07-31,IMMUTABLE_SNAPSHOT,cleanroom_20260801T001530Z,824325,691720,2026-08-01 00:15:46+00:00,LINEUP_AFTER_GOVERNING_CAPTURE,2026-08-01T00:16:06.304595+00:00,30dba003-d131-42c1-8fef-d5e01a5c98d0,False
2026-07-31,IMMUTABLE_SNAPSHOT,cleanroom_20260801T001530Z,824325,695506,2026-08-01 00:15:46+00:00,LINEUP_AFTER_GOVERNING_CAPTURE,2026-08-01T00:16:06.304595+00:00,30dba003-d131-42c1-8fef-d5e01a5c98d0,False
2026-07-31,IMMUTABLE_SNAPSHOT,cleanroom_20260801T001530Z,824325,695600,2026-08-01 00:15:46+00:00,LINEUP_AFTER_GOVERNING_CAPTURE,2026-08-01T00:16:06.304595+00:00,30dba003-d131-42c1-8fef-d5e01a5c98d0,False
2026-07-31,IMMUTABLE_SNAPSHOT,cleanroom_20260801T001530Z,824325,696100,2026-08-01 00:15:46+00:00,LINEUP_AFTER_GOVERNING_CAPTURE,2026-08-01T00:16:06.304595+00:00,30dba003-d131-42c1-8fef-d5e01a5c98d0,False
2026-07-31,IMMUTABLE_SNAPSHOT,cleanroom_20260801T001530Z,824975,595879,2026-08-01 00:15:45+00:00,LINEUP_AFTER_GOVERNING_CAPTURE,2026-08-01T00:16:06.303143+00:00,30dba003-d131-42c1-8fef-d5e01a5c98d0,False
2026-07-31,IMMUTABLE_SNAPSHOT,cleanroom_20260801T001530Z,824975,641680,2026-08-01 00:15:45+00:00,LINEUP_AFTER_GOVERNING_CAPTURE,2026-08-01T00:16:06.303143+00:00,30dba003-d131-42c1-8fef-d5e01a5c98d0,False
2026-07-31,IMMUTABLE_SNAPSHOT,cleanroom_20260801T001530Z,824975,643446,2026-08-01 00:15:45+00:00,LINEUP_AFTER_GOVERNING_CAPTURE,2026-08-01T00:16:06.303143+00:00,30dba003-d131-42c1-8fef-d5e01a5c98d0,False
2026-07-31,IMMUTABLE_SNAPSHOT,cleanroom_20260801T001530Z,824975,650402,2026-08-01 00:15:45+00:00,LINEUP_AFTER_GOVERNING_CAPTURE,2026-08-01T00:16:06.303143+00:00,30dba003-d131-42c1-8fef-d5e01a5c98d0,False
2026-07-31,IMMUTABLE_SNAPSHOT,cleanroom_20260801T001530Z,824975,671732,2026-08-01 00:15:45+00:00,LINEUP_AFTER_GOVERNING_CAPTURE,2026-08-01T00:16:06.303143+00:00,30dba003-d131-42c1-8fef-d5e01a5c98d0,False
2026-07-31,IMMUTABLE_SNAPSHOT,cleanroom_20260801T001530Z,824975,679529,2026-08-01 00:15:45+00:00,LINEUP_AFTER_GOVERNING_CAPTURE,2026-08-01T00:16:06.303143+00:00,30dba003-d131-42c1-8fef-d5e01a5c98d0,False
2026-07-31,IMMUTABLE_SNAPSHOT,cleanroom_20260801T001530Z,824975,680664,2026-08-01 00:15:45+00:00,ORDER_NOT_CONFIRMED,,,False
2026-07-31,IMMUTABLE_SNAPSHOT,cleanroom_20260801T001530Z,824975,682985,2026-08-01 00:15:45+00:00,LINEUP_AFTER_GOVERNING_CAPTURE,2026-08-01T00:16:06.303143+00:00,30dba003-d131-42c1-8fef-d5e01a5c98d0,False
2026-07-31,IMMUTABLE_SNAPSHOT,cleanroom_20260801T001530Z,824975,691016,2026-08-01 00:15:45+00:00,LINEUP_AFTER_GOVERNING_CAPTURE,2026-08-01T00:16:06.303143+00:00,30dba003-d131-42c1-8fef-d5e01a5c98d0,False
2026-07-31,IMMUTABLE_SNAPSHOT,cleanroom_20260801T001530Z,824975,693307,2026-08-01 00:15:45+00:00,LINEUP_AFTER_GOVERNING_CAPTURE,2026-08-01T00:16:06.303143+00:00,30dba003-d131-42c1-8fef-d5e01a5c98d0,False
2026-07-31,IMMUTABLE_SNAPSHOT,cleanroom_20260801T001530Z,824975,695720,2026-08-01 00:15:45+00:00,LINEUP_AFTER_GOVERNING_CAPTURE,2026-08-01T00:16:06.303143+00:00,30dba003-d131-42c1-8fef-d5e01a5c98d0,False
2026-07-31,IMMUTABLE_SNAPSHOT,cleanroom_20260801T001530Z,824975,701162,2026-08-01 00:15:45+00:00,LINEUP_AFTER_GOVERNING_CAPTURE,2026-08-01T00:16:06.303143+00:00,30dba003-d131-42c1-8fef-d5e01a5c98d0,False
2026-07-31,IMMUTABLE_SNAPSHOT,cleanroom_20260801T001530Z,824975,701678,2026-08-01 00:15:45+00:00,LINEUP_AFTER_GOVERNING_CAPTURE,2026-08-01T00:16:06.303143+00:00,30dba003-d131-42c1-8fef-d5e01a5c98d0,False
2026-07-31,IMMUTABLE_SNAPSHOT,cleanroom_20260801T001530Z,824975,701762,2026-08-01 00:15:45+00:00,LINEUP_AFTER_GOVERNING_CAPTURE,2026-08-01T00:16:06.303143+00:00,30dba003-d131-42c1-8fef-d5e01a5c98d0,False
2026-07-31,IMMUTABLE_SNAPSHOT,cleanroom_20260801T001530Z,824975,703607,2026-08-01 00:15:45+00:00,LINEUP_AFTER_GOVERNING_CAPTURE,2026-08-01T00:16:06.303143+00:00,30dba003-d131-42c1-8fef-d5e01a5c98d0,False
2026-07-31,IMMUTABLE_SNAPSHOT,cleanroom_20260801T001530Z,824975,805779,2026-08-01 00:15:45+00:00,LINEUP_AFTER_GOVERNING_CAPTURE,2026-08-01T00:16:06.303143+00:00,30dba003-d131-42c1-8fef-d5e01a5c98d0,False
2026-07-31,IMMUTABLE_SNAPSHOT,cleanroom_20260801T001530Z,824975,805808,2026-08-01 00:15:45+00:00,LINEUP_AFTER_GOVERNING_CAPTURE,2026-08-01T00:16:06.303143+00:00,30dba003-d131-42c1-8fef-d5e01a5c98d0,False
2026-07-31,IMMUTABLE_SNAPSHOT,cleanroom_20260801T002315Z,823111,605137,2026-08-01 00:23:33+00:00,LINEUP_AFTER_GOVERNING_CAPTURE,2026-08-01T00:23:49.950202+00:00,028eec97-b219-4bf9-aa0f-9e476fccb0ca,False
2026-07-31,IMMUTABLE_SNAPSHOT,cleanroom_20260801T002315Z,823111,647304,2026-08-01 00:23:33+00:00,LINEUP_AFTER_GOVERNING_CAPTURE,2026-08-01T00:23:49.950202+00:00,028eec97-b219-4bf9-aa0f-9e476fccb0ca,False
2026-07-31,IMMUTABLE_SNAPSHOT,cleanroom_20260801T002315Z,823111,663616,2026-08-01 00:23:33+00:00,LINEUP_AFTER_GOVERNING_CAPTURE,2026-08-01T00:23:49.950202+00:00,028eec97-b219-4bf9-aa0f-9e476fccb0ca,False
2026-07-31,IMMUTABLE_SNAPSHOT,cleanroom_20260801T002315Z,823111,663728,2026-08-01 00:23:33+00:00,LINEUP_AFTER_GOVERNING_CAPTURE,2026-08-01T00:23:49.950202+00:00,028eec97-b219-4bf9-aa0f-9e476fccb0ca,False
2026-07-31,IMMUTABLE_SNAPSHOT,cleanroom_20260801T002315Z,823111,665019,2026-08-01 00:23:33+00:00,LINEUP_AFTER_GOVERNING_CAPTURE,2026-08-01T00:23:49.950202+00:00,028eec97-b219-4bf9-aa0f-9e476fccb0ca,False
2026-07-31,IMMUTABLE_SNAPSHOT,cleanroom_20260801T002315Z,823111,668227,2026-08-01 00:23:33+00:00,LINEUP_AFTER_GOVERNING_CAPTURE,2026-08-01T00:23:49.950202+00:00,028eec97-b219-4bf9-aa0f-9e476fccb0ca,False
2026-07-31,IMMUTABLE_SNAPSHOT,cleanroom_20260801T002315Z,823111,668904,2026-08-01 00:23:33+00:00,LINEUP_AFTER_GOVERNING_CAPTURE,2026-08-01T00:23:49.950202+00:00,028eec97-b219-4bf9-aa0f-9e476fccb0ca,False
2026-07-31,IMMUTABLE_SNAPSHOT,cleanroom_20260801T002315Z,823111,670042,2026-08-01 00:23:33+00:00,ORDER_NOT_CONFIRMED,,,False
2026-07-31,IMMUTABLE_SNAPSHOT,cleanroom_20260801T002315Z,823111,677594,2026-08-01 00:23:33+00:00,LINEUP_AFTER_GOVERNING_CAPTURE,2026-08-01T00:23:49.950202+00:00,028eec97-b219-4bf9-aa0f-9e476fccb0ca,False
2026-07-31,IMMUTABLE_SNAPSHOT,cleanroom_20260801T002315Z,823111,680777,2026-08-01 00:23:33+00:00,LINEUP_AFTER_GOVERNING_CAPTURE,2026-08-01T00:23:49.950202+00:00,028eec97-b219-4bf9-aa0f-9e476fccb0ca,False
2026-07-31,IMMUTABLE_SNAPSHOT,cleanroom_20260801T002315Z,823111,686527,2026-08-01 00:23:33+00:00,LINEUP_AFTER_GOVERNING_CAPTURE,2026-08-01T00:23:49.950202+00:00,028eec97-b219-4bf9-aa0f-9e476fccb0ca,False
2026-07-31,IMMUTABLE_SNAPSHOT,cleanroom_20260801T002315Z,823111,702284,2026-08-01 00:23:33+00:00,LINEUP_AFTER_GOVERNING_CAPTURE,2026-08-01T00:23:49.950202+00:00,028eec97-b219-4bf9-aa0f-9e476fccb0ca,False
2026-07-31,IMMUTABLE_SNAPSHOT,cleanroom_20260801T002315Z,823272,592518,2026-08-01 00:22:54+00:00,LINEUP_AFTER_GOVERNING_CAPTURE,2026-08-01T00:23:49.960162+00:00,028eec97-b219-4bf9-aa0f-9e476fccb0ca,False
2026-07-31,IMMUTABLE_SNAPSHOT,cleanroom_20260801T002315Z,823272,593428,2026-08-01 00:22:54+00:00,LINEUP_AFTER_GOVERNING_CAPTURE,2026-08-01T00:23:49.960162+00:00,028eec97-b219-4bf9-aa0f-9e476fccb0ca,False
2026-07-31,IMMUTABLE_SNAPSHOT,cleanroom_20260801T002315Z,823272,642715,2026-08-01 00:22:54+00:00,LINEUP_AFTER_GOVERNING_CAPTURE,2026-08-01T00:23:49.960162+00:00,028eec97-b219-4bf9-aa0f-9e476fccb0ca,False
2026-07-31,IMMUTABLE_SNAPSHOT,cleanroom_20260801T002315Z,823272,646240,2026-08-01 00:22:54+00:00,LINEUP_AFTER_GOVERNING_CAPTURE,2026-08-01T00:23:49.960162+00:00,028eec97-b219-4bf9-aa0f-9e476fccb0ca,False
2026-07-31,IMMUTABLE_SNAPSHOT,cleanroom_20260801T002315Z,823272,650333,2026-08-01 00:22:54+00:00,LINEUP_AFTER_GOVERNING_CAPTURE,2026-08-01T00:23:49.960162+00:00,028eec97-b219-4bf9-aa0f-9e476fccb0ca,False
2026-07-31,IMMUTABLE_SNAPSHOT,cleanroom_20260801T002315Z,823272,650859,2026-08-01 00:22:54+00:00,LINEUP_AFTER_GOVERNING_CAPTURE,2026-08-01T00:23:49.960162+00:00,028eec97-b219-4bf9-aa0f-9e476fccb0ca,False
2026-07-31,IMMUTABLE_SNAPSHOT,cleanroom_20260801T002315Z,823272,664034,2026-08-01 00:22:54+00:00,LINEUP_AFTER_GOVERNING_CAPTURE,2026-08-01T00:23:49.960162+00:00,028eec97-b219-4bf9-aa0f-9e476fccb0ca,False
2026-07-31,IMMUTABLE_SNAPSHOT,cleanroom_20260801T002315Z,823272,665487,2026-08-01 00:22:54+00:00,LINEUP_AFTER_GOVERNING_CAPTURE,2026-08-01T00:23:49.960162+00:00,028eec97-b219-4bf9-aa0f-9e476fccb0ca,False
2026-07-31,IMMUTABLE_SNAPSHOT,cleanroom_20260801T002315Z,823272,671218,2026-08-01 00:22:54+00:00,LINEUP_AFTER_GOVERNING_CAPTURE,2026-08-01T00:23:49.960162+00:00,028eec97-b219-4bf9-aa0f-9e476fccb0ca,False
2026-07-31,IMMUTABLE_SNAPSHOT,cleanroom_20260801T002315Z,823272,701538,2026-08-01 00:22:54+00:00,LINEUP_AFTER_GOVERNING_CAPTURE,2026-08-01T00:23:49.960162+00:00,028eec97-b219-4bf9-aa0f-9e476fccb0ca,False
2026-07-31,IMMUTABLE_SNAPSHOT,cleanroom_20260801T002315Z,823272,805811,2026-08-01 00:22:54+00:00,LINEUP_AFTER_GOVERNING_CAPTURE,2026-08-01T00:23:49.960162+00:00,028eec97-b219-4bf9-aa0f-9e476fccb0ca,False
2026-07-31,IMMUTABLE_SNAPSHOT,cleanroom_20260801T002315Z,823272,808982,2026-08-01 00:22:54+00:00,LINEUP_AFTER_GOVERNING_CAPTURE,2026-08-01T00:23:49.960162+00:00,028eec97-b219-4bf9-aa0f-9e476fccb0ca,False
2026-07-31,IMMUTABLE_SNAPSHOT,cleanroom_20260801T002315Z,823922,518692,2026-08-01 00:22:55+00:00,LINEUP_AFTER_GOVERNING_CAPTURE,2026-08-01T00:23:49.953912+00:00,028eec97-b219-4bf9-aa0f-9e476fccb0ca,False
2026-07-31,IMMUTABLE_SNAPSHOT,cleanroom_20260801T002315Z,823922,571771,2026-08-01 00:22:55+00:00,LINEUP_AFTER_GOVERNING_CAPTURE,2026-08-01T00:23:49.953912+00:00,028eec97-b219-4bf9-aa0f-9e476fccb0ca,False
2026-07-31,IMMUTABLE_SNAPSHOT,cleanroom_20260801T002315Z,823922,575929,2026-08-01 00:22:55+00:00,LINEUP_AFTER_GOVERNING_CAPTURE,2026-08-01T00:23:49.953912+00:00,028eec97-b219-4bf9-aa0f-9e476fccb0ca,False
2026-07-31,IMMUTABLE_SNAPSHOT,cleanroom_20260801T002315Z,823922,605141,2026-08-01 00:22:55+00:00,LINEUP_AFTER_GOVERNING_CAPTURE,2026-08-01T00:23:49.953912+00:00,028eec97-b219-4bf9-aa0f-9e476fccb0ca,False
2026-07-31,IMMUTABLE_SNAPSHOT,cleanroom_20260801T002315Z,823922,660271,2026-08-01 00:22:55+00:00,LINEUP_AFTER_GOVERNING_CAPTURE,2026-08-01T00:23:49.953912+00:00,028eec97-b219-4bf9-aa0f-9e476fccb0ca,False
2026-07-31,IMMUTABLE_SNAPSHOT,cleanroom_20260801T002315Z,823922,663656,2026-08-01 00:22:55+00:00,LINEUP_AFTER_GOVERNING_CAPTURE,2026-08-01T00:23:49.953912+00:00,028eec97-b219-4bf9-aa0f-9e476fccb0ca,False
2026-07-31,IMMUTABLE_SNAPSHOT,cleanroom_20260801T002315Z,823922,669242,2026-08-01 00:22:55+00:00,ORDER_NOT_CONFIRMED,,,False
2026-07-31,IMMUTABLE_SNAPSHOT,cleanroom_20260801T002315Z,823922,677800,2026-08-01 00:22:55+00:00,LINEUP_AFTER_GOVERNING_CAPTURE,2026-08-01T00:23:49.953912+00:00,028eec97-b219-4bf9-aa0f-9e476fccb0ca,False
2026-07-31,IMMUTABLE_SNAPSHOT,cleanroom_20260801T002315Z,823922,678882,2026-08-01 00:22:55+00:00,LINEUP_AFTER_GOVERNING_CAPTURE,2026-08-01T00:23:49.953912+00:00,028eec97-b219-4bf9-aa0f-9e476fccb0ca,False
2026-07-31,IMMUTABLE_SNAPSHOT,cleanroom_20260801T002315Z,823922,681624,2026-08-01 00:22:55+00:00,LINEUP_AFTER_GOVERNING_CAPTURE,2026-08-01T00:23:49.953912+00:00,028eec97-b219-4bf9-aa0f-9e476fccb0ca,False
2026-07-31,IMMUTABLE_SNAPSHOT,cleanroom_20260801T002315Z,823922,686765,2026-08-01 00:22:55+00:00,LINEUP_AFTER_GOVERNING_CAPTURE,2026-08-01T00:23:49.953912+00:00,028eec97-b219-4bf9-aa0f-9e476fccb0ca,False
2026-07-31,IMMUTABLE_SNAPSHOT,cleanroom_20260801T002315Z,823922,807799,2026-08-01 00:22:55+00:00,LINEUP_AFTER_GOVERNING_CAPTURE,2026-08-01T00:23:49.953912+00:00,028eec97-b219-4bf9-aa0f-9e476fccb0ca,False
2026-07-31,IMMUTABLE_SNAPSHOT,cleanroom_20260801T002315Z,823999,545361,2026-08-01 00:23:02+00:00,LINEUP_AFTER_GOVERNING_CAPTURE,2026-08-01T00:23:49.958398+00:00,028eec97-b219-4bf9-aa0f-9e476fccb0ca,False
2026-07-31,IMMUTABLE_SNAPSHOT,cleanroom_20260801T002315Z,823999,592885,2026-08-01 00:23:02+00:00,LINEUP_AFTER_GOVERNING_CAPTURE,2026-08-01T00:23:49.958398+00:00,028eec97-b219-4bf9-aa0f-9e476fccb0ca,False
2026-07-31,IMMUTABLE_SNAPSHOT,cleanroom_20260801T002315Z,823999,624585,2026-08-01 00:23:02+00:00,LINEUP_AFTER_GOVERNING_CAPTURE,2026-08-01T00:23:49.958398+00:00,028eec97-b219-4bf9-aa0f-9e476fccb0ca,False
2026-07-31,IMMUTABLE_SNAPSHOT,cleanroom_20260801T002315Z,823999,641343,2026-08-01 00:23:02+00:00,LINEUP_AFTER_GOVERNING_CAPTURE,2026-08-01T00:23:49.958398+00:00,028eec97-b219-4bf9-aa0f-9e476fccb0ca,False
2026-07-31,IMMUTABLE_SNAPSHOT,cleanroom_20260801T002315Z,823999,661388,2026-08-01 00:23:02+00:00,LINEUP_AFTER_GOVERNING_CAPTURE,2026-08-01T00:23:49.958398+00:00,028eec97-b219-4bf9-aa0f-9e476fccb0ca,False
2026-07-31,IMMUTABLE_SNAPSHOT,cleanroom_20260801T002315Z,823999,666176,2026-08-01 00:23:02+00:00,LINEUP_AFTER_GOVERNING_CAPTURE,2026-08-01T00:23:49.958398+00:00,028eec97-b219-4bf9-aa0f-9e476fccb0ca,False
2026-07-31,IMMUTABLE_SNAPSHOT,cleanroom_20260801T002315Z,823999,668930,2026-08-01 00:23:02+00:00,LINEUP_AFTER_GOVERNING_CAPTURE,2026-08-01T00:23:49.958398+00:00,028eec97-b219-4bf9-aa0f-9e476fccb0ca,False
2026-07-31,IMMUTABLE_SNAPSHOT,cleanroom_20260801T002315Z,823999,669003,2026-08-01 00:23:02+00:00,LINEUP_AFTER_GOVERNING_CAPTURE,2026-08-01T00:23:49.958398+00:00,028eec97-b219-4bf9-aa0f-9e476fccb0ca,False
2026-07-31,IMMUTABLE_SNAPSHOT,cleanroom_20260801T002315Z,823999,683734,2026-08-01 00:23:02+00:00,ORDER_NOT_CONFIRMED,,,False
2026-07-31,IMMUTABLE_SNAPSHOT,cleanroom_20260801T002315Z,823999,687263,2026-08-01 00:23:02+00:00,LINEUP_AFTER_GOVERNING_CAPTURE,2026-08-01T00:23:49.958398+00:00,028eec97-b219-4bf9-aa0f-9e476fccb0ca,False
2026-07-31,IMMUTABLE_SNAPSHOT,cleanroom_20260801T002315Z,823999,694192,2026-08-01 00:23:02+00:00,LINEUP_AFTER_GOVERNING_CAPTURE,2026-08-01T00:23:49.958398+00:00,028eec97-b219-4bf9-aa0f-9e476fccb0ca,False
2026-07-31,IMMUTABLE_SNAPSHOT,cleanroom_20260801T002315Z,823999,694384,2026-08-01 00:23:02+00:00,LINEUP_AFTER_GOVERNING_CAPTURE,2026-08-01T00:23:49.958398+00:00,028eec97-b219-4bf9-aa0f-9e476fccb0ca,False
2026-07-31,IMMUTABLE_SNAPSHOT,cleanroom_20260801T002315Z,823999,800325,2026-08-01 00:23:02+00:00,LINEUP_AFTER_GOVERNING_CAPTURE,2026-08-01T00:23:49.958398+00:00,028eec97-b219-4bf9-aa0f-9e476fccb0ca,False
2026-07-31,IMMUTABLE_SNAPSHOT,cleanroom_20260801T002315Z,823999,806198,2026-08-01 00:23:02+00:00,LINEUP_AFTER_GOVERNING_CAPTURE,2026-08-01T00:23:49.958398+00:00,028eec97-b219-4bf9-aa0f-9e476fccb0ca,False
2026-07-31,IMMUTABLE_SNAPSHOT,cleanroom_20260801T002315Z,824164,514888,2026-08-01 00:13:58+00:00,LINEUP_POST_FIRST_PITCH,2026-08-01T00:23:49.956087+00:00,028eec97-b219-4bf9-aa0f-9e476fccb0ca,False
2026-07-31,IMMUTABLE_SNAPSHOT,cleanroom_20260801T002315Z,824164,572233,2026-08-01 00:13:58+00:00,LINEUP_POST_FIRST_PITCH,2026-08-01T00:23:49.956087+00:00,028eec97-b219-4bf9-aa0f-9e476fccb0ca,False
2026-07-31,IMMUTABLE_SNAPSHOT,cleanroom_20260801T002315Z,824164,592626,2026-08-01 00:13:58+00:00,LINEUP_POST_FIRST_PITCH,2026-08-01T00:23:49.956087+00:00,028eec97-b219-4bf9-aa0f-9e476fccb0ca,False
2026-07-31,IMMUTABLE_SNAPSHOT,cleanroom_20260801T002315Z,824164,607043,2026-08-01 00:13:58+00:00,LINEUP_POST_FIRST_PITCH,2026-08-01T00:23:49.956087+00:00,028eec97-b219-4bf9-aa0f-9e476fccb0ca,False
2026-07-31,IMMUTABLE_SNAPSHOT,cleanroom_20260801T002315Z,824164,608369,2026-08-01 00:13:58+00:00,LINEUP_POST_FIRST_PITCH,2026-08-01T00:23:49.956087+00:00,028eec97-b219-4bf9-aa0f-9e476fccb0ca,False
2026-07-31,IMMUTABLE_SNAPSHOT,cleanroom_20260801T002315Z,824164,665161,2026-08-01 00:13:58+00:00,LINEUP_POST_FIRST_PITCH,2026-08-01T00:23:49.956087+00:00,028eec97-b219-4bf9-aa0f-9e476fccb0ca,False
2026-07-31,IMMUTABLE_SNAPSHOT,cleanroom_20260801T002315Z,824164,670541,2026-08-01 00:13:58+00:00,LINEUP_POST_FIRST_PITCH,2026-08-01T00:23:49.956087+00:00,028eec97-b219-4bf9-aa0f-9e476fccb0ca,False
2026-07-31,IMMUTABLE_SNAPSHOT,cleanroom_20260801T002315Z,824164,670623,2026-08-01 00:13:58+00:00,LINEUP_POST_FIRST_PITCH,2026-08-01T00:23:49.956087+00:00,028eec97-b219-4bf9-aa0f-9e476fccb0ca,False
2026-07-31,IMMUTABLE_SNAPSHOT,cleanroom_20260801T002315Z,824164,694671,2026-08-01 00:13:58+00:00,LINEUP_POST_FIRST_PITCH,2026-08-01T00:23:49.956087+00:00,028eec97-b219-4bf9-aa0f-9e476fccb0ca,False
2026-07-31,IMMUTABLE_SNAPSHOT,cleanroom_20260801T002315Z,824975,595879,2026-08-01 00:23:47+00:00,LINEUP_AFTER_GOVERNING_CAPTURE,2026-08-01T00:23:49.952168+00:00,028eec97-b219-4bf9-aa0f-9e476fccb0ca,False
2026-07-31,IMMUTABLE_SNAPSHOT,cleanroom_20260801T002315Z,824975,641680,2026-08-01 00:23:47+00:00,LINEUP_AFTER_GOVERNING_CAPTURE,2026-08-01T00:23:49.952168+00:00,028eec97-b219-4bf9-aa0f-9e476fccb0ca,False
2026-07-31,IMMUTABLE_SNAPSHOT,cleanroom_20260801T002315Z,824975,643446,2026-08-01 00:23:47+00:00,LINEUP_AFTER_GOVERNING_CAPTURE,2026-08-01T00:23:49.952168+00:00,028eec97-b219-4bf9-aa0f-9e476fccb0ca,False
2026-07-31,IMMUTABLE_SNAPSHOT,cleanroom_20260801T002315Z,824975,650402,2026-08-01 00:23:47+00:00,LINEUP_AFTER_GOVERNING_CAPTURE,2026-08-01T00:23:49.952168+00:00,028eec97-b219-4bf9-aa0f-9e476fccb0ca,False
2026-07-31,IMMUTABLE_SNAPSHOT,cleanroom_20260801T002315Z,824975,671732,2026-08-01 00:23:47+00:00,LINEUP_AFTER_GOVERNING_CAPTURE,2026-08-01T00:23:49.952168+00:00,028eec97-b219-4bf9-aa0f-9e476fccb0ca,False
2026-07-31,IMMUTABLE_SNAPSHOT,cleanroom_20260801T002315Z,824975,679529,2026-08-01 00:23:47+00:00,LINEUP_AFTER_GOVERNING_CAPTURE,2026-08-01T00:23:49.952168+00:00,028eec97-b219-4bf9-aa0f-9e476fccb0ca,False
2026-07-31,IMMUTABLE_SNAPSHOT,cleanroom_20260801T002315Z,824975,680664,2026-08-01 00:23:47+00:00,ORDER_NOT_CONFIRMED,,,False
2026-07-31,IMMUTABLE_SNAPSHOT,cleanroom_20260801T002315Z,824975,682985,2026-08-01 00:23:47+00:00,LINEUP_AFTER_GOVERNING_CAPTURE,2026-08-01T00:23:49.952168+00:00,028eec97-b219-4bf9-aa0f-9e476fccb0ca,False
2026-07-31,IMMUTABLE_SNAPSHOT,cleanroom_20260801T002315Z,824975,691016,2026-08-01 00:23:47+00:00,LINEUP_AFTER_GOVERNING_CAPTURE,2026-08-01T00:23:49.952168+00:00,028eec97-b219-4bf9-aa0f-9e476fccb0ca,False
2026-07-31,IMMUTABLE_SNAPSHOT,cleanroom_20260801T002315Z,824975,693307,2026-08-01 00:23:47+00:00,LINEUP_AFTER_GOVERNING_CAPTURE,2026-08-01T00:23:49.952168+00:00,028eec97-b219-4bf9-aa0f-9e476fccb0ca,False
2026-07-31,IMMUTABLE_SNAPSHOT,cleanroom_20260801T002315Z,824975,695720,2026-08-01 00:23:47+00:00,LINEUP_AFTER_GOVERNING_CAPTURE,2026-08-01T00:23:49.952168+00:00,028eec97-b219-4bf9-aa0f-9e476fccb0ca,False
2026-07-31,IMMUTABLE_SNAPSHOT,cleanroom_20260801T002315Z,824975,701162,2026-08-01 00:23:47+00:00,LINEUP_AFTER_GOVERNING_CAPTURE,2026-08-01T00:23:49.952168+00:00,028eec97-b219-4bf9-aa0f-9e476fccb0ca,False
2026-07-31,IMMUTABLE_SNAPSHOT,cleanroom_20260801T002315Z,824975,701678,2026-08-01 00:23:47+00:00,LINEUP_AFTER_GOVERNING_CAPTURE,2026-08-01T00:23:49.952168+00:00,028eec97-b219-4bf9-aa0f-9e476fccb0ca,False
2026-07-31,IMMUTABLE_SNAPSHOT,cleanroom_20260801T002315Z,824975,701762,2026-08-01 00:23:47+00:00,LINEUP_AFTER_GOVERNING_CAPTURE,2026-08-01T00:23:49.952168+00:00,028eec97-b219-4bf9-aa0f-9e476fccb0ca,False
2026-07-31,IMMUTABLE_SNAPSHOT,cleanroom_20260801T002315Z,824975,703607,2026-08-01 00:23:47+00:00,LINEUP_AFTER_GOVERNING_CAPTURE,2026-08-01T00:23:49.952168+00:00,028eec97-b219-4bf9-aa0f-9e476fccb0ca,False
2026-07-31,IMMUTABLE_SNAPSHOT,cleanroom_20260801T002315Z,824975,805779,2026-08-01 00:23:47+00:00,LINEUP_AFTER_GOVERNING_CAPTURE,2026-08-01T00:23:49.952168+00:00,028eec97-b219-4bf9-aa0f-9e476fccb0ca,False
2026-07-31,IMMUTABLE_SNAPSHOT,cleanroom_20260801T002315Z,824975,805808,2026-08-01 00:23:47+00:00,LINEUP_AFTER_GOVERNING_CAPTURE,2026-08-01T00:23:49.952168+00:00,028eec97-b219-4bf9-aa0f-9e476fccb0ca,False
2026-07-31,IMMUTABLE_SNAPSHOT,cleanroom_20260801T004509Z,823111,605137,2026-08-01 00:45:36+00:00,LINEUP_VALID_PREGAME,2026-08-01T00:45:12.948431+00:00,029add3b-5f3b-424a-836a-b9599c5968ad,False
2026-07-31,IMMUTABLE_SNAPSHOT,cleanroom_20260801T004509Z,823111,647304,2026-08-01 00:45:36+00:00,LINEUP_VALID_PREGAME,2026-08-01T00:45:12.948431+00:00,029add3b-5f3b-424a-836a-b9599c5968ad,False
2026-07-31,IMMUTABLE_SNAPSHOT,cleanroom_20260801T004509Z,823111,663616,2026-08-01 00:45:36+00:00,LINEUP_VALID_PREGAME,2026-08-01T00:45:12.948431+00:00,029add3b-5f3b-424a-836a-b9599c5968ad,False
2026-07-31,IMMUTABLE_SNAPSHOT,cleanroom_20260801T004509Z,823111,663728,2026-08-01 00:45:36+00:00,LINEUP_VALID_PREGAME,2026-08-01T00:45:12.948431+00:00,029add3b-5f3b-424a-836a-b9599c5968ad,False
2026-07-31,IMMUTABLE_SNAPSHOT,cleanroom_20260801T004509Z,823111,665019,2026-08-01 00:45:36+00:00,LINEUP_VALID_PREGAME,2026-08-01T00:45:12.948431+00:00,029add3b-5f3b-424a-836a-b9599c5968ad,False
2026-07-31,IMMUTABLE_SNAPSHOT,cleanroom_20260801T004509Z,823111,668227,2026-08-01 00:45:36+00:00,LINEUP_VALID_PREGAME,2026-08-01T00:45:12.948431+00:00,029add3b-5f3b-424a-836a-b9599c5968ad,False
2026-07-31,IMMUTABLE_SNAPSHOT,cleanroom_20260801T004509Z,823111,668904,2026-08-01 00:45:36+00:00,LINEUP_VALID_PREGAME,2026-08-01T00:45:12.948431+00:00,029add3b-5f3b-424a-836a-b9599c5968ad,False
2026-07-31,IMMUTABLE_SNAPSHOT,cleanroom_20260801T004509Z,823111,670042,2026-08-01 00:45:36+00:00,ORDER_NOT_CONFIRMED,,,False
2026-07-31,IMMUTABLE_SNAPSHOT,cleanroom_20260801T004509Z,823111,677594,2026-08-01 00:45:36+00:00,LINEUP_VALID_PREGAME,2026-08-01T00:45:12.948431+00:00,029add3b-5f3b-424a-836a-b9599c5968ad,False
2026-07-31,IMMUTABLE_SNAPSHOT,cleanroom_20260801T004509Z,823111,680777,2026-08-01 00:45:36+00:00,LINEUP_VALID_PREGAME,2026-08-01T00:45:12.948431+00:00,029add3b-5f3b-424a-836a-b9599c5968ad,False
2026-07-31,IMMUTABLE_SNAPSHOT,cleanroom_20260801T004509Z,823111,686527,2026-08-01 00:45:36+00:00,LINEUP_VALID_PREGAME,2026-08-01T00:45:12.948431+00:00,029add3b-5f3b-424a-836a-b9599c5968ad,False
2026-07-31,IMMUTABLE_SNAPSHOT,cleanroom_20260801T004509Z,823111,702284,2026-08-01 00:45:36+00:00,LINEUP_VALID_PREGAME,2026-08-01T00:45:12.948431+00:00,029add3b-5f3b-424a-836a-b9599c5968ad,False
2026-07-31,IMMUTABLE_SNAPSHOT,cleanroom_20260801T004509Z,823272,592518,2026-08-01 00:45:15+00:00,LINEUP_VALID_PREGAME,2026-08-01T00:45:12.792057+00:00,029add3b-5f3b-424a-836a-b9599c5968ad,False
2026-07-31,IMMUTABLE_SNAPSHOT,cleanroom_20260801T004509Z,823272,593428,2026-08-01 00:45:15+00:00,LINEUP_VALID_PREGAME,2026-08-01T00:45:12.792057+00:00,029add3b-5f3b-424a-836a-b9599c5968ad,False
2026-07-31,IMMUTABLE_SNAPSHOT,cleanroom_20260801T004509Z,823272,642715,2026-08-01 00:45:15+00:00,LINEUP_VALID_PREGAME,2026-08-01T00:45:12.792057+00:00,029add3b-5f3b-424a-836a-b9599c5968ad,False
2026-07-31,IMMUTABLE_SNAPSHOT,cleanroom_20260801T004509Z,823272,646240,2026-08-01 00:45:15+00:00,LINEUP_VALID_PREGAME,2026-08-01T00:45:12.792057+00:00,029add3b-5f3b-424a-836a-b9599c5968ad,False
2026-07-31,IMMUTABLE_SNAPSHOT,cleanroom_20260801T004509Z,823272,650333,2026-08-01 00:45:15+00:00,LINEUP_VALID_PREGAME,2026-08-01T00:45:12.792057+00:00,029add3b-5f3b-424a-836a-b9599c5968ad,False
2026-07-31,IMMUTABLE_SNAPSHOT,cleanroom_20260801T004509Z,823272,650859,2026-08-01 00:45:15+00:00,LINEUP_VALID_PREGAME,2026-08-01T00:45:12.792057+00:00,029add3b-5f3b-424a-836a-b9599c5968ad,False
2026-07-31,IMMUTABLE_SNAPSHOT,cleanroom_20260801T004509Z,823272,664034,2026-08-01 00:45:15+00:00,LINEUP_VALID_PREGAME,2026-08-01T00:45:12.792057+00:00,029add3b-5f3b-424a-836a-b9599c5968ad,False
2026-07-31,IMMUTABLE_SNAPSHOT,cleanroom_20260801T004509Z,823272,665487,2026-08-01 00:45:15+00:00,LINEUP_VALID_PREGAME,2026-08-01T00:45:12.792057+00:00,029add3b-5f3b-424a-836a-b9599c5968ad,False
2026-07-31,IMMUTABLE_SNAPSHOT,cleanroom_20260801T004509Z,823272,671218,2026-08-01 00:45:15+00:00,LINEUP_VALID_PREGAME,2026-08-01T00:45:12.792057+00:00,029add3b-5f3b-424a-836a-b9599c5968ad,False
2026-07-31,IMMUTABLE_SNAPSHOT,cleanroom_20260801T004509Z,823272,701538,2026-08-01 00:45:15+00:00,LINEUP_VALID_PREGAME,2026-08-01T00:45:12.792057+00:00,029add3b-5f3b-424a-836a-b9599c5968ad,False
2026-07-31,IMMUTABLE_SNAPSHOT,cleanroom_20260801T004509Z,823272,805811,2026-08-01 00:45:15+00:00,LINEUP_VALID_PREGAME,2026-08-01T00:45:12.792057+00:00,029add3b-5f3b-424a-836a-b9599c5968ad,False
2026-07-31,IMMUTABLE_SNAPSHOT,cleanroom_20260801T004509Z,823272,808982,2026-08-01 00:45:15+00:00,LINEUP_VALID_PREGAME,2026-08-01T00:45:12.792057+00:00,029add3b-5f3b-424a-836a-b9599c5968ad,False
2026-07-31,IMMUTABLE_SNAPSHOT,cleanroom_20260801T004509Z,823922,518692,2026-08-01 00:44:43+00:00,LINEUP_VALID_PREGAME,2026-08-01T00:23:49.953912+00:00,028eec97-b219-4bf9-aa0f-9e476fccb0ca,False
2026-07-31,IMMUTABLE_SNAPSHOT,cleanroom_20260801T004509Z,823922,571771,2026-08-01 00:44:43+00:00,LINEUP_VALID_PREGAME,2026-08-01T00:23:49.953912+00:00,028eec97-b219-4bf9-aa0f-9e476fccb0ca,False
2026-07-31,IMMUTABLE_SNAPSHOT,cleanroom_20260801T004509Z,823922,575929,2026-08-01 00:44:43+00:00,LINEUP_VALID_PREGAME,2026-08-01T00:23:49.953912+00:00,028eec97-b219-4bf9-aa0f-9e476fccb0ca,False
2026-07-31,IMMUTABLE_SNAPSHOT,cleanroom_20260801T004509Z,823922,605141,2026-08-01 00:44:43+00:00,LINEUP_VALID_PREGAME,2026-08-01T00:23:49.953912+00:00,028eec97-b219-4bf9-aa0f-9e476fccb0ca,False
2026-07-31,IMMUTABLE_SNAPSHOT,cleanroom_20260801T004509Z,823922,660271,2026-08-01 00:44:43+00:00,LINEUP_VALID_PREGAME,2026-08-01T00:23:49.953912+00:00,028eec97-b219-4bf9-aa0f-9e476fccb0ca,False
2026-07-31,IMMUTABLE_SNAPSHOT,cleanroom_20260801T004509Z,823922,663656,2026-08-01 00:44:43+00:00,LINEUP_VALID_PREGAME,2026-08-01T00:23:49.953912+00:00,028eec97-b219-4bf9-aa0f-9e476fccb0ca,False
2026-07-31,IMMUTABLE_SNAPSHOT,cleanroom_20260801T004509Z,823922,669242,2026-08-01 00:44:43+00:00,ORDER_NOT_CONFIRMED,,,False
2026-07-31,IMMUTABLE_SNAPSHOT,cleanroom_20260801T004509Z,823922,677800,2026-08-01 00:44:43+00:00,LINEUP_VALID_PREGAME,2026-08-01T00:23:49.953912+00:00,028eec97-b219-4bf9-aa0f-9e476fccb0ca,False
2026-07-31,IMMUTABLE_SNAPSHOT,cleanroom_20260801T004509Z,823922,678882,2026-08-01 00:44:43+00:00,LINEUP_VALID_PREGAME,2026-08-01T00:23:49.953912+00:00,028eec97-b219-4bf9-aa0f-9e476fccb0ca,False
2026-07-31,IMMUTABLE_SNAPSHOT,cleanroom_20260801T004509Z,823922,681624,2026-08-01 00:44:43+00:00,LINEUP_VALID_PREGAME,2026-08-01T00:23:49.953912+00:00,028eec97-b219-4bf9-aa0f-9e476fccb0ca,False
2026-07-31,IMMUTABLE_SNAPSHOT,cleanroom_20260801T004509Z,823922,686765,2026-08-01 00:44:43+00:00,LINEUP_VALID_PREGAME,2026-08-01T00:23:49.953912+00:00,028eec97-b219-4bf9-aa0f-9e476fccb0ca,False
2026-07-31,IMMUTABLE_SNAPSHOT,cleanroom_20260801T004509Z,823922,807799,2026-08-01 00:44:43+00:00,LINEUP_VALID_PREGAME,2026-08-01T00:23:49.953912+00:00,028eec97-b219-4bf9-aa0f-9e476fccb0ca,False
2026-07-31,IMMUTABLE_SNAPSHOT,cleanroom_20260801T004509Z,823999,545361,2026-08-01 00:44:53+00:00,LINEUP_VALID_PREGAME,2026-08-01T00:23:49.958398+00:00,028eec97-b219-4bf9-aa0f-9e476fccb0ca,False
2026-07-31,IMMUTABLE_SNAPSHOT,cleanroom_20260801T004509Z,823999,592885,2026-08-01 00:44:53+00:00,LINEUP_VALID_PREGAME,2026-08-01T00:23:49.958398+00:00,028eec97-b219-4bf9-aa0f-9e476fccb0ca,False
2026-07-31,IMMUTABLE_SNAPSHOT,cleanroom_20260801T004509Z,823999,624585,2026-08-01 00:44:53+00:00,LINEUP_VALID_PREGAME,2026-08-01T00:23:49.958398+00:00,028eec97-b219-4bf9-aa0f-9e476fccb0ca,False
2026-07-31,IMMUTABLE_SNAPSHOT,cleanroom_20260801T004509Z,823999,641343,2026-08-01 00:44:53+00:00,LINEUP_VALID_PREGAME,2026-08-01T00:23:49.958398+00:00,028eec97-b219-4bf9-aa0f-9e476fccb0ca,False
2026-07-31,IMMUTABLE_SNAPSHOT,cleanroom_20260801T004509Z,823999,661388,2026-08-01 00:44:53+00:00,LINEUP_VALID_PREGAME,2026-08-01T00:23:49.958398+00:00,028eec97-b219-4bf9-aa0f-9e476fccb0ca,False
2026-07-31,IMMUTABLE_SNAPSHOT,cleanroom_20260801T004509Z,823999,666176,2026-08-01 00:44:53+00:00,LINEUP_VALID_PREGAME,2026-08-01T00:23:49.958398+00:00,028eec97-b219-4bf9-aa0f-9e476fccb0ca,False
2026-07-31,IMMUTABLE_SNAPSHOT,cleanroom_20260801T004509Z,823999,668930,2026-08-01 00:44:53+00:00,LINEUP_VALID_PREGAME,2026-08-01T00:23:49.958398+00:00,028eec97-b219-4bf9-aa0f-9e476fccb0ca,False
2026-07-31,IMMUTABLE_SNAPSHOT,cleanroom_20260801T004509Z,823999,669003,2026-08-01 00:44:53+00:00,LINEUP_VALID_PREGAME,2026-08-01T00:23:49.958398+00:00,028eec97-b219-4bf9-aa0f-9e476fccb0ca,False
2026-07-31,IMMUTABLE_SNAPSHOT,cleanroom_20260801T004509Z,823999,683734,2026-08-01 00:44:53+00:00,ORDER_NOT_CONFIRMED,,,False
2026-07-31,IMMUTABLE_SNAPSHOT,cleanroom_20260801T004509Z,823999,687263,2026-08-01 00:44:53+00:00,LINEUP_VALID_PREGAME,2026-08-01T00:23:49.958398+00:00,028eec97-b219-4bf9-aa0f-9e476fccb0ca,False
2026-07-31,IMMUTABLE_SNAPSHOT,cleanroom_20260801T004509Z,823999,694192,2026-08-01 00:44:53+00:00,LINEUP_VALID_PREGAME,2026-08-01T00:23:49.958398+00:00,028eec97-b219-4bf9-aa0f-9e476fccb0ca,False
2026-07-31,IMMUTABLE_SNAPSHOT,cleanroom_20260801T004509Z,823999,694384,2026-08-01 00:44:53+00:00,LINEUP_VALID_PREGAME,2026-08-01T00:23:49.958398+00:00,028eec97-b219-4bf9-aa0f-9e476fccb0ca,False
2026-07-31,IMMUTABLE_SNAPSHOT,cleanroom_20260801T004509Z,823999,800325,2026-08-01 00:44:53+00:00,LINEUP_VALID_PREGAME,2026-08-01T00:23:49.958398+00:00,028eec97-b219-4bf9-aa0f-9e476fccb0ca,False
2026-07-31,IMMUTABLE_SNAPSHOT,cleanroom_20260801T004509Z,823999,806198,2026-08-01 00:44:53+00:00,LINEUP_VALID_PREGAME,2026-08-01T00:23:49.958398+00:00,028eec97-b219-4bf9-aa0f-9e476fccb0ca,False
2026-07-31,IMMUTABLE_SNAPSHOT,cleanroom_20260801T004509Z,824975,595879,2026-08-01 00:45:38+00:00,LINEUP_VALID_PREGAME,2026-08-01T00:45:12.710404+00:00,029add3b-5f3b-424a-836a-b9599c5968ad,False
2026-07-31,IMMUTABLE_SNAPSHOT,cleanroom_20260801T004509Z,824975,641680,2026-08-01 00:45:38+00:00,LINEUP_VALID_PREGAME,2026-08-01T00:45:12.710404+00:00,029add3b-5f3b-424a-836a-b9599c5968ad,False
2026-07-31,IMMUTABLE_SNAPSHOT,cleanroom_20260801T004509Z,824975,643446,2026-08-01 00:45:38+00:00,LINEUP_VALID_PREGAME,2026-08-01T00:45:12.710404+00:00,029add3b-5f3b-424a-836a-b9599c5968ad,False
2026-07-31,IMMUTABLE_SNAPSHOT,cleanroom_20260801T004509Z,824975,650402,2026-08-01 00:45:38+00:00,LINEUP_VALID_PREGAME,2026-08-01T00:45:12.710404+00:00,029add3b-5f3b-424a-836a-b9599c5968ad,False
2026-07-31,IMMUTABLE_SNAPSHOT,cleanroom_20260801T004509Z,824975,671732,2026-08-01 00:45:38+00:00,LINEUP_VALID_PREGAME,2026-08-01T00:45:12.710404+00:00,029add3b-5f3b-424a-836a-b9599c5968ad,False
2026-07-31,IMMUTABLE_SNAPSHOT,cleanroom_20260801T004509Z,824975,679529,2026-08-01 00:45:38+00:00,LINEUP_VALID_PREGAME,2026-08-01T00:45:12.710404+00:00,029add3b-5f3b-424a-836a-b9599c5968ad,False
2026-07-31,IMMUTABLE_SNAPSHOT,cleanroom_20260801T004509Z,824975,680664,2026-08-01 00:45:38+00:00,ORDER_NOT_CONFIRMED,,,False
2026-07-31,IMMUTABLE_SNAPSHOT,cleanroom_20260801T004509Z,824975,682985,2026-08-01 00:45:38+00:00,LINEUP_VALID_PREGAME,2026-08-01T00:45:12.710404+00:00,029add3b-5f3b-424a-836a-b9599c5968ad,False
2026-07-31,IMMUTABLE_SNAPSHOT,cleanroom_20260801T004509Z,824975,691016,2026-08-01 00:45:38+00:00,LINEUP_VALID_PREGAME,2026-08-01T00:45:12.710404+00:00,029add3b-5f3b-424a-836a-b9599c5968ad,False
2026-07-31,IMMUTABLE_SNAPSHOT,cleanroom_20260801T004509Z,824975,693307,2026-08-01 00:45:38+00:00,LINEUP_VALID_PREGAME,2026-08-01T00:45:12.710404+00:00,029add3b-5f3b-424a-836a-b9599c5968ad,False
2026-07-31,IMMUTABLE_SNAPSHOT,cleanroom_20260801T004509Z,824975,695720,2026-08-01 00:45:38+00:00,LINEUP_VALID_PREGAME,2026-08-01T00:45:12.710404+00:00,029add3b-5f3b-424a-836a-b9599c5968ad,False
2026-07-31,IMMUTABLE_SNAPSHOT,cleanroom_20260801T004509Z,824975,701162,2026-08-01 00:45:38+00:00,LINEUP_VALID_PREGAME,2026-08-01T00:45:12.710404+00:00,029add3b-5f3b-424a-836a-b9599c5968ad,False
2026-07-31,IMMUTABLE_SNAPSHOT,cleanroom_20260801T004509Z,824975,701678,2026-08-01 00:45:38+00:00,LINEUP_VALID_PREGAME,2026-08-01T00:45:12.710404+00:00,029add3b-5f3b-424a-836a-b9599c5968ad,False
2026-07-31,IMMUTABLE_SNAPSHOT,cleanroom_20260801T004509Z,824975,701762,2026-08-01 00:45:38+00:00,LINEUP_VALID_PREGAME,2026-08-01T00:45:12.710404+00:00,029add3b-5f3b-424a-836a-b9599c5968ad,False
2026-07-31,IMMUTABLE_SNAPSHOT,cleanroom_20260801T004509Z,824975,703607,2026-08-01 00:45:38+00:00,LINEUP_VALID_PREGAME,2026-08-01T00:45:12.710404+00:00,029add3b-5f3b-424a-836a-b9599c5968ad,False
2026-07-31,IMMUTABLE_SNAPSHOT,cleanroom_20260801T004509Z,824975,805779,2026-08-01 00:45:38+00:00,LINEUP_VALID_PREGAME,2026-08-01T00:45:12.710404+00:00,029add3b-5f3b-424a-836a-b9599c5968ad,False
2026-07-31,IMMUTABLE_SNAPSHOT,cleanroom_20260801T004509Z,824975,805808,2026-08-01 00:45:38+00:00,LINEUP_VALID_PREGAME,2026-08-01T00:45:12.710404+00:00,029add3b-5f3b-424a-836a-b9599c5968ad,False
