{
  "prop": "goalie_saves",
  "family": "poisson",
  "params": {
    "alpha": 0.1
  },
  "feature_hash": "b75496b7b034abd61ccbd97d064284b38ab195d7c1e4ad6bd3f8d5b9572300f8",
  "feature_key": "goalie_saves",
  "eval_lines": [
    24.5,
    28.5
  ],
  "holdout_days": 14,
  "metrics_holdout": {
    "24.5": {
      "brier": 0.2512870764576272,
      "log_loss": 0.6959593542834269,
      "auc": 0.5918367346938775
    },
    "28.5": {
      "brier": 0.3099307463237357,
      "log_loss": 0.8619817455320603,
      "auc": 0.4791666666666667
    }
  },
  "metrics_holdout_calibrated": {},
  "artifact_files": [
    "MODEL_ARTIFACT.json"
  ]
}