batch,schema,object_name,object_type,future_action,reason
3,auth,audit_log_entries,TABLE,REQUIRES_BLOCKER_RESOLUTION,Supabase platform object outside MLB source boundary
3,auth,custom_oauth_providers,TABLE,REQUIRES_BLOCKER_RESOLUTION,Supabase platform object outside MLB source boundary
3,auth,flow_state,TABLE,REQUIRES_BLOCKER_RESOLUTION,Supabase platform object outside MLB source boundary
3,auth,identities,TABLE,REQUIRES_BLOCKER_RESOLUTION,Supabase platform object outside MLB source boundary
3,auth,instances,TABLE,REQUIRES_BLOCKER_RESOLUTION,Supabase platform object outside MLB source boundary
3,auth,mfa_amr_claims,TABLE,REQUIRES_BLOCKER_RESOLUTION,Supabase platform object outside MLB source boundary
3,auth,mfa_challenges,TABLE,REQUIRES_BLOCKER_RESOLUTION,Supabase platform object outside MLB source boundary
3,auth,mfa_factors,TABLE,REQUIRES_BLOCKER_RESOLUTION,Supabase platform object outside MLB source boundary
3,auth,oauth_authorizations,TABLE,REQUIRES_BLOCKER_RESOLUTION,Supabase platform object outside MLB source boundary
3,auth,oauth_client_states,TABLE,REQUIRES_BLOCKER_RESOLUTION,Supabase platform object outside MLB source boundary
3,auth,oauth_clients,TABLE,REQUIRES_BLOCKER_RESOLUTION,Supabase platform object outside MLB source boundary
3,auth,oauth_consents,TABLE,REQUIRES_BLOCKER_RESOLUTION,Supabase platform object outside MLB source boundary
3,auth,one_time_tokens,TABLE,REQUIRES_BLOCKER_RESOLUTION,Supabase platform object outside MLB source boundary
3,auth,refresh_tokens,TABLE,REQUIRES_BLOCKER_RESOLUTION,Supabase platform object outside MLB source boundary
3,auth,refresh_tokens_id_seq,SEQUENCE,REQUIRES_BLOCKER_RESOLUTION,Supabase platform object outside MLB source boundary
3,auth,saml_providers,TABLE,REQUIRES_BLOCKER_RESOLUTION,Supabase platform object outside MLB source boundary
3,auth,saml_relay_states,TABLE,REQUIRES_BLOCKER_RESOLUTION,Supabase platform object outside MLB source boundary
3,auth,schema_migrations,TABLE,REQUIRES_BLOCKER_RESOLUTION,Supabase platform object outside MLB source boundary
3,auth,sessions,TABLE,REQUIRES_BLOCKER_RESOLUTION,Supabase platform object outside MLB source boundary
3,auth,sso_domains,TABLE,REQUIRES_BLOCKER_RESOLUTION,Supabase platform object outside MLB source boundary
3,auth,sso_providers,TABLE,REQUIRES_BLOCKER_RESOLUTION,Supabase platform object outside MLB source boundary
3,auth,users,TABLE,REQUIRES_BLOCKER_RESOLUTION,Supabase platform object outside MLB source boundary
3,auth,webauthn_challenges,TABLE,REQUIRES_BLOCKER_RESOLUTION,Supabase platform object outside MLB source boundary
3,auth,webauthn_credentials,TABLE,REQUIRES_BLOCKER_RESOLUTION,Supabase platform object outside MLB source boundary
3,cron,job,TABLE,REQUIRES_BLOCKER_RESOLUTION,Supabase platform object outside MLB source boundary
3,cron,job_run_details,TABLE,REQUIRES_BLOCKER_RESOLUTION,Supabase platform object outside MLB source boundary
3,cron,jobid_seq,SEQUENCE,REQUIRES_BLOCKER_RESOLUTION,Supabase platform object outside MLB source boundary
3,cron,runid_seq,SEQUENCE,REQUIRES_BLOCKER_RESOLUTION,Supabase platform object outside MLB source boundary
3,extensions,pg_stat_statements,VIEW,REQUIRES_BLOCKER_RESOLUTION,Supabase platform object outside MLB source boundary
3,extensions,pg_stat_statements_info,VIEW,REQUIRES_BLOCKER_RESOLUTION,Supabase platform object outside MLB source boundary
2,mlb,bvp_stats,TABLE,RETAIN_FORENSIC_ONLY,derived/model/research population; excluded from clean room
2,mlb,model_training_props,TABLE,RETAIN_FORENSIC_ONLY,derived/model/research population; excluded from clean room
2,mlb,pitcher_game_v4_base,VIEW,RETAIN_FORENSIC_ONLY,derived/model/research population; excluded from clean room
2,mlb,pitcher_game_v4_features_1,VIEW,RETAIN_FORENSIC_ONLY,derived/model/research population; excluded from clean room
2,mlb,pitcher_game_v4_features_2,VIEW,RETAIN_FORENSIC_ONLY,derived/model/research population; excluded from clean room
2,mlb,pitcher_game_v4_features_2_clean,VIEW,RETAIN_FORENSIC_ONLY,derived/model/research population; excluded from clean room
2,mlb,pitcher_game_v4_features_3,VIEW,RETAIN_FORENSIC_ONLY,derived/model/research population; excluded from clean room
2,mlb,pitcher_game_v4_features_4,VIEW,RETAIN_FORENSIC_ONLY,derived/model/research population; excluded from clean room
2,mlb,pitcher_game_v4_features_5,VIEW,RETAIN_FORENSIC_ONLY,derived/model/research population; excluded from clean room
2,mlb,pitcher_game_v4_features_6,VIEW,RETAIN_FORENSIC_ONLY,derived/model/research population; excluded from clean room
2,mlb,pitcher_game_v4_features_7,VIEW,RETAIN_FORENSIC_ONLY,derived/model/research population; excluded from clean room
2,mlb,pitcher_game_v4_features_8,VIEW,RETAIN_FORENSIC_ONLY,derived/model/research population; excluded from clean room
2,mlb,player_derived_stats,TABLE,RETAIN_FORENSIC_ONLY,derived/model/research population; excluded from clean room
3,mlb,player_ids,TABLE,REQUIRES_BLOCKER_RESOLUTION,MLB purpose or temporal lineage not established in bounded pass
3,mlb,player_profiles_cache,TABLE,REQUIRES_BLOCKER_RESOLUTION,MLB purpose or temporal lineage not established in bounded pass
3,mlb,player_props,TABLE,RETAIN_OPERATIONAL,referenced by current MLB daily/market workflow
2,mlb,player_streak_history,TABLE,RETAIN_FORENSIC_ONLY,derived/model/research population; excluded from clean room
2,mlb,player_streak_profiles,TABLE,RETAIN_FORENSIC_ONLY,derived/model/research population; excluded from clean room
3,mlb,player_team_by_game,TABLE,REQUIRES_BLOCKER_RESOLUTION,MLB purpose or temporal lineage not established in bounded pass
2,mlb,prop_features_precomputed,TABLE,RETAIN_FORENSIC_ONLY,derived/model/research population; excluded from clean room
2,mlb,today_market_snapshot,MATERIALIZED_VIEW,RETAIN_FORENSIC_ONLY,derived/model/research population; excluded from clean room
2,mlb,today_market_timing_signal,MATERIALIZED_VIEW,RETAIN_FORENSIC_ONLY,derived/model/research population; excluded from clean room
3,mlb,today_odds_book_rows,TABLE,RETAIN_OPERATIONAL,referenced by current MLB daily/market workflow
2,mlb,today_player_context,MATERIALIZED_VIEW,RETAIN_FORENSIC_ONLY,derived/model/research population; excluded from clean room
3,mlb,today_slate_rows,TABLE,RETAIN_OPERATIONAL,referenced by current MLB daily/market workflow
3,mlb,today_wide_rows,TABLE,RETAIN_OPERATIONAL,referenced by current MLB daily/market workflow
2,mlb,today_workspace_mlb,MATERIALIZED_VIEW,RETAIN_FORENSIC_ONLY,derived/model/research population; excluded from clean room
3,nhl,_points_stage,TABLE,REQUIRES_BLOCKER_RESOLUTION,non-MLB object outside bounded source certification
3,nhl,backfill_progress,TABLE,REQUIRES_BLOCKER_RESOLUTION,non-MLB object outside bounded source certification
3,nhl,blocked_shot_events,TABLE,REQUIRES_BLOCKER_RESOLUTION,non-MLB object outside bounded source certification
3,nhl,data_quality_audit,TABLE,REQUIRES_BLOCKER_RESOLUTION,non-MLB object outside bounded source certification
3,nhl,eval_sog_daily,TABLE,REQUIRES_BLOCKER_RESOLUTION,non-MLB object outside bounded source certification
3,nhl,game_manpower_segments,TABLE,REQUIRES_BLOCKER_RESOLUTION,non-MLB object outside bounded source certification
3,nhl,games,TABLE,REQUIRES_BLOCKER_RESOLUTION,non-MLB object outside bounded source certification
3,nhl,games_season_audit,TABLE,REQUIRES_BLOCKER_RESOLUTION,non-MLB object outside bounded source certification
3,nhl,games_season_audit_audit_id_seq,SEQUENCE,REQUIRES_BLOCKER_RESOLUTION,non-MLB object outside bounded source certification
3,nhl,games_write_audit,TABLE,REQUIRES_BLOCKER_RESOLUTION,non-MLB object outside bounded source certification
3,nhl,games_write_audit_audit_id_seq,SEQUENCE,REQUIRES_BLOCKER_RESOLUTION,non-MLB object outside bounded source certification
3,nhl,goalie_game_logs_raw,TABLE,REQUIRES_BLOCKER_RESOLUTION,non-MLB object outside bounded source certification
3,nhl,goalie_roll_feats_m,MATERIALIZED_VIEW,REQUIRES_BLOCKER_RESOLUTION,non-MLB object outside bounded source certification
3,nhl,goalie_rolling_agg,TABLE,REQUIRES_BLOCKER_RESOLUTION,non-MLB object outside bounded source certification
3,nhl,goalies2023_stage,TABLE,REQUIRES_BLOCKER_RESOLUTION,non-MLB object outside bounded source certification
3,nhl,goalies2023_stage_raw,TABLE,REQUIRES_BLOCKER_RESOLUTION,non-MLB object outside bounded source certification
3,nhl,goalies_szn_sit,TABLE,REQUIRES_BLOCKER_RESOLUTION,non-MLB object outside bounded source certification
3,nhl,import_goalie_logs_stage,TABLE,REQUIRES_BLOCKER_RESOLUTION,non-MLB object outside bounded source certification
3,nhl,import_player_external_ids_stage,TABLE,REQUIRES_BLOCKER_RESOLUTION,non-MLB object outside bounded source certification
3,nhl,import_players_stage,TABLE,REQUIRES_BLOCKER_RESOLUTION,non-MLB object outside bounded source certification
3,nhl,import_skater_logs_stage,TABLE,REQUIRES_BLOCKER_RESOLUTION,non-MLB object outside bounded source certification
3,nhl,import_skater_points_stage,TABLE,REQUIRES_BLOCKER_RESOLUTION,non-MLB object outside bounded source certification
3,nhl,keep_games_filter,TABLE,REQUIRES_BLOCKER_RESOLUTION,non-MLB object outside bounded source certification
3,nhl,lines_szn_sit_denali,TABLE,REQUIRES_BLOCKER_RESOLUTION,non-MLB object outside bounded source certification
3,nhl,pairing_features_store_v2,TABLE,REQUIRES_BLOCKER_RESOLUTION,non-MLB object outside bounded source certification
3,nhl,pairing_features_v2,VIEW,REQUIRES_BLOCKER_RESOLUTION,non-MLB object outside bounded source certification
3,nhl,player_external_ids,TABLE,REQUIRES_BLOCKER_RESOLUTION,non-MLB object outside bounded source certification
3,nhl,player_game_2023_roll,TABLE,REQUIRES_BLOCKER_RESOLUTION,non-MLB object outside bounded source certification
3,nhl,player_game_2023_summary,TABLE,REQUIRES_BLOCKER_RESOLUTION,non-MLB object outside bounded source certification
3,nhl,player_game_2024_roll,TABLE,REQUIRES_BLOCKER_RESOLUTION,non-MLB object outside bounded source certification
3,nhl,player_game_2024_summary,TABLE,REQUIRES_BLOCKER_RESOLUTION,non-MLB object outside bounded source certification
3,nhl,player_game_shots_2023,TABLE,REQUIRES_BLOCKER_RESOLUTION,non-MLB object outside bounded source certification
3,nhl,player_shot_history_denali,VIEW,REQUIRES_BLOCKER_RESOLUTION,non-MLB object outside bounded source certification
3,nhl,player_shot_phoenix_denali,VIEW,REQUIRES_BLOCKER_RESOLUTION,non-MLB object outside bounded source certification
3,nhl,player_sog_denali_base,VIEW,REQUIRES_BLOCKER_RESOLUTION,non-MLB object outside bounded source certification
3,nhl,players,TABLE,REQUIRES_BLOCKER_RESOLUTION,non-MLB object outside bounded source certification
3,nhl,points_training_frame_phoenix,VIEW,REQUIRES_BLOCKER_RESOLUTION,non-MLB object outside bounded source certification
3,nhl,pp_roles_slate,TABLE,REQUIRES_BLOCKER_RESOLUTION,non-MLB object outside bounded source certification
3,nhl,predictions,TABLE,REQUIRES_BLOCKER_RESOLUTION,non-MLB object outside bounded source certification
3,nhl,predictions_prediction_id_seq,SEQUENCE,REQUIRES_BLOCKER_RESOLUTION,non-MLB object outside bounded source certification
3,nhl,roster_names,TABLE,REQUIRES_BLOCKER_RESOLUTION,non-MLB object outside bounded source certification
3,nhl,roster_status,TABLE,REQUIRES_BLOCKER_RESOLUTION,non-MLB object outside bounded source certification
3,nhl,shift_teammate_overlap_features_game,VIEW,REQUIRES_BLOCKER_RESOLUTION,non-MLB object outside bounded source certification
3,nhl,shift_teammate_overlap_features_rolling_d10,VIEW,REQUIRES_BLOCKER_RESOLUTION,non-MLB object outside bounded source certification
3,nhl,shift_teammate_overlap_features_rolling_d20,VIEW,REQUIRES_BLOCKER_RESOLUTION,non-MLB object outside bounded source certification
3,nhl,shift_teammate_overlap_game,TABLE,REQUIRES_BLOCKER_RESOLUTION,non-MLB object outside bounded source certification
3,nhl,shift_teammate_overlap_game_recent_v2,TABLE,REQUIRES_BLOCKER_RESOLUTION,non-MLB object outside bounded source certification
3,nhl,shift_teammate_overlap_game_v2,VIEW,REQUIRES_BLOCKER_RESOLUTION,non-MLB object outside bounded source certification
3,nhl,shiftcharts_pairings_game,TABLE,REQUIRES_BLOCKER_RESOLUTION,non-MLB object outside bounded source certification
3,nhl,shiftcharts_raw,TABLE,REQUIRES_BLOCKER_RESOLUTION,non-MLB object outside bounded source certification
3,nhl,shiftcharts_shifts,TABLE,REQUIRES_BLOCKER_RESOLUTION,non-MLB object outside bounded source certification
3,nhl,shiftcharts_shifts_clean_v2,VIEW,REQUIRES_BLOCKER_RESOLUTION,non-MLB object outside bounded source certification
3,nhl,shiftcharts_shifts_clean_v3,VIEW,REQUIRES_BLOCKER_RESOLUTION,non-MLB object outside bounded source certification
3,nhl,shot_on_goal_events,TABLE,REQUIRES_BLOCKER_RESOLUTION,non-MLB object outside bounded source certification
3,nhl,shot_stats_denali,TABLE,REQUIRES_BLOCKER_RESOLUTION,non-MLB object outside bounded source certification
3,nhl,shots_all,TABLE,REQUIRES_BLOCKER_RESOLUTION,non-MLB object outside bounded source certification
3,nhl,shots_stage_2023,TABLE,REQUIRES_BLOCKER_RESOLUTION,non-MLB object outside bounded source certification
3,nhl,shots_stage_2024,TABLE,REQUIRES_BLOCKER_RESOLUTION,non-MLB object outside bounded source certification
3,nhl,skater_game_logs_raw,TABLE,REQUIRES_BLOCKER_RESOLUTION,non-MLB object outside bounded source certification
3,nhl,skater_game_special_teams_exposure,TABLE,REQUIRES_BLOCKER_RESOLUTION,non-MLB object outside bounded source certification
3,nhl,skater_points_raw,TABLE,REQUIRES_BLOCKER_RESOLUTION,non-MLB object outside bounded source certification
3,nhl,skater_roll_windows_v1,VIEW,REQUIRES_BLOCKER_RESOLUTION,non-MLB object outside bounded source certification
3,nhl,skater_rolling_agg,TABLE,REQUIRES_BLOCKER_RESOLUTION,non-MLB object outside bounded source certification
3,nhl,skater_rolling_v3,VIEW,REQUIRES_BLOCKER_RESOLUTION,non-MLB object outside bounded source certification
3,nhl,skater_shot_game_totals,VIEW,REQUIRES_BLOCKER_RESOLUTION,non-MLB object outside bounded source certification
3,nhl,skater_special_teams_szn_to_date,VIEW,REQUIRES_BLOCKER_RESOLUTION,non-MLB object outside bounded source certification
3,nhl,skaters2023_stage,TABLE,REQUIRES_BLOCKER_RESOLUTION,non-MLB object outside bounded source certification
3,nhl,skaters2023_stage_raw,TABLE,REQUIRES_BLOCKER_RESOLUTION,non-MLB object outside bounded source certification
3,nhl,skaters_szn_sit,TABLE,REQUIRES_BLOCKER_RESOLUTION,non-MLB object outside bounded source certification
3,nhl,skaters_szn_sit_denali,TABLE,REQUIRES_BLOCKER_RESOLUTION,non-MLB object outside bounded source certification
3,nhl,skaters_szn_sit_stage,TABLE,REQUIRES_BLOCKER_RESOLUTION,non-MLB object outside bounded source certification
3,nhl,sog_denali_rollups_mv,MATERIALIZED_VIEW,REQUIRES_BLOCKER_RESOLUTION,non-MLB object outside bounded source certification
3,nhl,sog_denali_rollups_v,VIEW,REQUIRES_BLOCKER_RESOLUTION,non-MLB object outside bounded source certification
3,nhl,sog_training_frame_phoenix,VIEW,REQUIRES_BLOCKER_RESOLUTION,non-MLB object outside bounded source certification
3,nhl,team_context_rolling,TABLE,REQUIRES_BLOCKER_RESOLUTION,non-MLB object outside bounded source certification
3,nhl,team_external_ids,TABLE,REQUIRES_BLOCKER_RESOLUTION,non-MLB object outside bounded source certification
3,nhl,team_game_2023_roll,TABLE,REQUIRES_BLOCKER_RESOLUTION,non-MLB object outside bounded source certification
3,nhl,team_game_2023_summary,TABLE,REQUIRES_BLOCKER_RESOLUTION,non-MLB object outside bounded source certification
3,nhl,team_game_2024_roll,TABLE,REQUIRES_BLOCKER_RESOLUTION,non-MLB object outside bounded source certification
3,nhl,team_game_2024_summary,TABLE,REQUIRES_BLOCKER_RESOLUTION,non-MLB object outside bounded source certification
3,nhl,team_game_sit,TABLE,REQUIRES_BLOCKER_RESOLUTION,non-MLB object outside bounded source certification
3,nhl,team_pp_toi_totals_by_date_team,MATERIALIZED_VIEW,REQUIRES_BLOCKER_RESOLUTION,non-MLB object outside bounded source certification
3,nhl,team_roll10_m,MATERIALIZED_VIEW,REQUIRES_BLOCKER_RESOLUTION,non-MLB object outside bounded source certification
3,nhl,team_shot_history_denali,VIEW,REQUIRES_BLOCKER_RESOLUTION,non-MLB object outside bounded source certification
3,nhl,teams,TABLE,REQUIRES_BLOCKER_RESOLUTION,non-MLB object outside bounded source certification
3,nhl,teams_game_sit,TABLE,REQUIRES_BLOCKER_RESOLUTION,non-MLB object outside bounded source certification
3,nhl,teams_szn_sit_denali,TABLE,REQUIRES_BLOCKER_RESOLUTION,non-MLB object outside bounded source certification
3,nhl,tf_skater_attempts_roll10,MATERIALIZED_VIEW,REQUIRES_BLOCKER_RESOLUTION,non-MLB object outside bounded source certification
3,nhl,tf_team_roll10,TABLE,REQUIRES_BLOCKER_RESOLUTION,non-MLB object outside bounded source certification
3,nhl,training_features_goalie_saves_v2,TABLE,REQUIRES_BLOCKER_RESOLUTION,non-MLB object outside bounded source certification
3,nhl,training_features_goalie_saves_v2_ready,MATERIALIZED_VIEW,REQUIRES_BLOCKER_RESOLUTION,non-MLB object outside bounded source certification
3,nhl,training_features_nhl_saves_enr_filt,MATERIALIZED_VIEW,REQUIRES_BLOCKER_RESOLUTION,non-MLB object outside bounded source certification
3,nhl,training_features_nhl_saves_enriched,MATERIALIZED_VIEW,REQUIRES_BLOCKER_RESOLUTION,non-MLB object outside bounded source certification
3,nhl,training_features_nhl_sog_enriched,MATERIALIZED_VIEW,REQUIRES_BLOCKER_RESOLUTION,non-MLB object outside bounded source certification
3,nhl,training_features_nhl_sog_enriched_pregame,MATERIALIZED_VIEW,REQUIRES_BLOCKER_RESOLUTION,non-MLB object outside bounded source certification
3,nhl,training_features_nhl_sog_enriched_pregame_v2,TABLE,REQUIRES_BLOCKER_RESOLUTION,non-MLB object outside bounded source certification
3,nhl,training_features_nhl_sog_enriched_pregame_v2_denali_cols,VIEW,REQUIRES_BLOCKER_RESOLUTION,non-MLB object outside bounded source certification
3,nhl,training_features_nhl_sog_enriched_pregame_v2_mt,MATERIALIZED_VIEW,REQUIRES_BLOCKER_RESOLUTION,non-MLB object outside bounded source certification
3,nhl,training_features_shots,TABLE,REQUIRES_BLOCKER_RESOLUTION,non-MLB object outside bounded source certification
3,nhl,training_features_shots_2023,TABLE,REQUIRES_BLOCKER_RESOLUTION,non-MLB object outside bounded source certification
3,nhl,training_features_shots_2024,TABLE,REQUIRES_BLOCKER_RESOLUTION,non-MLB object outside bounded source certification
3,nhl,training_features_shots_v,VIEW,REQUIRES_BLOCKER_RESOLUTION,non-MLB object outside bounded source certification
3,nhl,training_features_sog_denali,TABLE,REQUIRES_BLOCKER_RESOLUTION,non-MLB object outside bounded source certification
3,nhl,training_features_sog_denali_export,VIEW,REQUIRES_BLOCKER_RESOLUTION,non-MLB object outside bounded source certification
3,nhl,training_features_sog_player_game,TABLE,REQUIRES_BLOCKER_RESOLUTION,non-MLB object outside bounded source certification
3,nhl,training_features_sog_player_game_v2,VIEW,REQUIRES_BLOCKER_RESOLUTION,non-MLB object outside bounded source certification
3,nhl,user_props,TABLE,REQUIRES_BLOCKER_RESOLUTION,non-MLB object outside bounded source certification
3,nhl,v_dqa_goalie_ready_coverage,VIEW,REQUIRES_BLOCKER_RESOLUTION,non-MLB object outside bounded source certification
3,nhl,v_dqa_sog_ready_coverage,VIEW,REQUIRES_BLOCKER_RESOLUTION,non-MLB object outside bounded source certification
3,nhl,v_goalie_game_logs_played,VIEW,REQUIRES_BLOCKER_RESOLUTION,non-MLB object outside bounded source certification
3,nhl,v_site_sog_eval_publish,VIEW,REQUIRES_BLOCKER_RESOLUTION,non-MLB object outside bounded source certification
3,nhl,v_site_sog_predictions_publish,VIEW,REQUIRES_BLOCKER_RESOLUTION,non-MLB object outside bounded source certification
3,nhl,v_skater_game_logs_played,VIEW,REQUIRES_BLOCKER_RESOLUTION,non-MLB object outside bounded source certification
3,nhl,v_skater_logs_clean,VIEW,REQUIRES_BLOCKER_RESOLUTION,non-MLB object outside bounded source certification
3,nhl,v_skater_rolling_agg,VIEW,REQUIRES_BLOCKER_RESOLUTION,non-MLB object outside bounded source certification
3,nhl,v_slate_saves_features,VIEW,REQUIRES_BLOCKER_RESOLUTION,non-MLB object outside bounded source certification
3,nhl,v_slate_sog_features,VIEW,REQUIRES_BLOCKER_RESOLUTION,non-MLB object outside bounded source certification
3,nhl,v_sog_denali_rollups_per_game,VIEW,REQUIRES_BLOCKER_RESOLUTION,non-MLB object outside bounded source certification
3,public,mlb_team_map,TABLE,REQUIRES_BLOCKER_RESOLUTION,non-MLB object outside bounded source certification
3,public,opp_starter_per_game,TABLE,REQUIRES_BLOCKER_RESOLUTION,non-MLB object outside bounded source certification
3,realtime,messages,PARTITIONED_TABLE,REQUIRES_BLOCKER_RESOLUTION,Supabase platform object outside MLB source boundary
3,realtime,messages_2026_02_21,TABLE,REQUIRES_BLOCKER_RESOLUTION,Supabase platform object outside MLB source boundary
3,realtime,messages_2026_02_22,TABLE,REQUIRES_BLOCKER_RESOLUTION,Supabase platform object outside MLB source boundary
3,realtime,messages_2026_02_23,TABLE,REQUIRES_BLOCKER_RESOLUTION,Supabase platform object outside MLB source boundary
3,realtime,messages_2026_02_24,TABLE,REQUIRES_BLOCKER_RESOLUTION,Supabase platform object outside MLB source boundary
3,realtime,messages_2026_02_25,TABLE,REQUIRES_BLOCKER_RESOLUTION,Supabase platform object outside MLB source boundary
3,realtime,messages_2026_02_26,TABLE,REQUIRES_BLOCKER_RESOLUTION,Supabase platform object outside MLB source boundary
3,realtime,messages_2026_02_27,TABLE,REQUIRES_BLOCKER_RESOLUTION,Supabase platform object outside MLB source boundary
3,realtime,schema_migrations,TABLE,REQUIRES_BLOCKER_RESOLUTION,Supabase platform object outside MLB source boundary
3,realtime,subscription,TABLE,REQUIRES_BLOCKER_RESOLUTION,Supabase platform object outside MLB source boundary
3,realtime,subscription_id_seq,SEQUENCE,REQUIRES_BLOCKER_RESOLUTION,Supabase platform object outside MLB source boundary
3,storage,buckets,TABLE,REQUIRES_BLOCKER_RESOLUTION,Supabase platform object outside MLB source boundary
3,storage,buckets_analytics,TABLE,REQUIRES_BLOCKER_RESOLUTION,Supabase platform object outside MLB source boundary
3,storage,buckets_vectors,TABLE,REQUIRES_BLOCKER_RESOLUTION,Supabase platform object outside MLB source boundary
3,storage,migrations,TABLE,REQUIRES_BLOCKER_RESOLUTION,Supabase platform object outside MLB source boundary
3,storage,objects,TABLE,REQUIRES_BLOCKER_RESOLUTION,Supabase platform object outside MLB source boundary
3,storage,s3_multipart_uploads,TABLE,REQUIRES_BLOCKER_RESOLUTION,Supabase platform object outside MLB source boundary
3,storage,s3_multipart_uploads_parts,TABLE,REQUIRES_BLOCKER_RESOLUTION,Supabase platform object outside MLB source boundary
3,storage,vector_indexes,TABLE,REQUIRES_BLOCKER_RESOLUTION,Supabase platform object outside MLB source boundary
3,vault,decrypted_secrets,VIEW,REQUIRES_BLOCKER_RESOLUTION,Supabase platform object outside MLB source boundary
3,vault,secrets,TABLE,REQUIRES_BLOCKER_RESOLUTION,Supabase platform object outside MLB source boundary
3,auth,email(),FUNCTION,REQUIRES_BLOCKER_RESOLUTION,function lineage and write behavior not certified for MLB clean room
3,auth,jwt(),FUNCTION,REQUIRES_BLOCKER_RESOLUTION,function lineage and write behavior not certified for MLB clean room
3,auth,role(),FUNCTION,REQUIRES_BLOCKER_RESOLUTION,function lineage and write behavior not certified for MLB clean room
3,auth,uid(),FUNCTION,REQUIRES_BLOCKER_RESOLUTION,function lineage and write behavior not certified for MLB clean room
3,cron,"alter_job(job_id bigint, schedule text, command text, database text, username text, active boolean)",FUNCTION,REQUIRES_BLOCKER_RESOLUTION,function lineage and write behavior not certified for MLB clean room
3,cron,job_cache_invalidate(),FUNCTION,REQUIRES_BLOCKER_RESOLUTION,function lineage and write behavior not certified for MLB clean room
3,cron,"schedule(job_name text, schedule text, command text)",FUNCTION,REQUIRES_BLOCKER_RESOLUTION,function lineage and write behavior not certified for MLB clean room
3,cron,"schedule(schedule text, command text)",FUNCTION,REQUIRES_BLOCKER_RESOLUTION,function lineage and write behavior not certified for MLB clean room
3,cron,"schedule_in_database(job_name text, schedule text, command text, database text, username text, active boolean)",FUNCTION,REQUIRES_BLOCKER_RESOLUTION,function lineage and write behavior not certified for MLB clean room
3,cron,unschedule(job_id bigint),FUNCTION,REQUIRES_BLOCKER_RESOLUTION,function lineage and write behavior not certified for MLB clean room
3,cron,unschedule(job_name text),FUNCTION,REQUIRES_BLOCKER_RESOLUTION,function lineage and write behavior not certified for MLB clean room
3,extensions,"algorithm_sign(signables text, secret text, algorithm text)",FUNCTION,REQUIRES_BLOCKER_RESOLUTION,function lineage and write behavior not certified for MLB clean room
3,extensions,armor(bytea),FUNCTION,REQUIRES_BLOCKER_RESOLUTION,function lineage and write behavior not certified for MLB clean room
3,extensions,"armor(bytea, text[], text[])",FUNCTION,REQUIRES_BLOCKER_RESOLUTION,function lineage and write behavior not certified for MLB clean room
3,extensions,"crypt(text, text)",FUNCTION,REQUIRES_BLOCKER_RESOLUTION,function lineage and write behavior not certified for MLB clean room
3,extensions,dearmor(text),FUNCTION,REQUIRES_BLOCKER_RESOLUTION,function lineage and write behavior not certified for MLB clean room
3,extensions,"decrypt(bytea, bytea, text)",FUNCTION,REQUIRES_BLOCKER_RESOLUTION,function lineage and write behavior not certified for MLB clean room
3,extensions,"decrypt_iv(bytea, bytea, bytea, text)",FUNCTION,REQUIRES_BLOCKER_RESOLUTION,function lineage and write behavior not certified for MLB clean room
3,extensions,"digest(bytea, text)",FUNCTION,REQUIRES_BLOCKER_RESOLUTION,function lineage and write behavior not certified for MLB clean room
3,extensions,"digest(text, text)",FUNCTION,REQUIRES_BLOCKER_RESOLUTION,function lineage and write behavior not certified for MLB clean room
3,extensions,"encrypt(bytea, bytea, text)",FUNCTION,REQUIRES_BLOCKER_RESOLUTION,function lineage and write behavior not certified for MLB clean room
3,extensions,"encrypt_iv(bytea, bytea, bytea, text)",FUNCTION,REQUIRES_BLOCKER_RESOLUTION,function lineage and write behavior not certified for MLB clean room
3,extensions,gen_random_bytes(integer),FUNCTION,REQUIRES_BLOCKER_RESOLUTION,function lineage and write behavior not certified for MLB clean room
3,extensions,gen_random_uuid(),FUNCTION,REQUIRES_BLOCKER_RESOLUTION,function lineage and write behavior not certified for MLB clean room
3,extensions,gen_salt(text),FUNCTION,REQUIRES_BLOCKER_RESOLUTION,function lineage and write behavior not certified for MLB clean room
3,extensions,"gen_salt(text, integer)",FUNCTION,REQUIRES_BLOCKER_RESOLUTION,function lineage and write behavior not certified for MLB clean room
3,extensions,grant_pg_cron_access(),FUNCTION,REQUIRES_BLOCKER_RESOLUTION,function lineage and write behavior not certified for MLB clean room
3,extensions,grant_pg_graphql_access(),FUNCTION,REQUIRES_BLOCKER_RESOLUTION,function lineage and write behavior not certified for MLB clean room
3,extensions,grant_pg_net_access(),FUNCTION,REQUIRES_BLOCKER_RESOLUTION,function lineage and write behavior not certified for MLB clean room
3,extensions,"hmac(bytea, bytea, text)",FUNCTION,REQUIRES_BLOCKER_RESOLUTION,function lineage and write behavior not certified for MLB clean room
3,extensions,"hmac(text, text, text)",FUNCTION,REQUIRES_BLOCKER_RESOLUTION,function lineage and write behavior not certified for MLB clean room
3,extensions,"pg_stat_statements(showtext boolean, OUT userid oid, OUT dbid oid, OUT toplevel boolean, OUT queryid bigint, OUT query text, OUT plans bigint, OUT total_plan_time double precision, OUT min_plan_time double precision, OUT max_plan_time double precision, OUT mean_plan_time double precision, OUT stddev_plan_time double precision, OUT calls bigint, OUT total_exec_time double precision, OUT min_exec_time double precision, OUT max_exec_time double precision, OUT mean_exec_time double precision, OUT stddev_exec_time double precision, OUT rows bigint, OUT shared_blks_hit bigint, OUT shared_blks_read bigint, OUT shared_blks_dirtied bigint, OUT shared_blks_written bigint, OUT local_blks_hit bigint, OUT local_blks_read bigint, OUT local_blks_dirtied bigint, OUT local_blks_written bigint, OUT temp_blks_read bigint, OUT temp_blks_written bigint, OUT blk_read_time double precision, OUT blk_write_time double precision, OUT temp_blk_read_time double precision, OUT temp_blk_write_time double precision, OUT wal_records bigint, OUT wal_fpi bigint, OUT wal_bytes numeric, OUT jit_functions bigint, OUT jit_generation_time double precision, OUT jit_inlining_count bigint, OUT jit_inlining_time double precision, OUT jit_optimization_count bigint, OUT jit_optimization_time double precision, OUT jit_emission_count bigint, OUT jit_emission_time double precision)",FUNCTION,REQUIRES_BLOCKER_RESOLUTION,function lineage and write behavior not certified for MLB clean room
3,extensions,"pg_stat_statements_info(OUT dealloc bigint, OUT stats_reset timestamp with time zone)",FUNCTION,REQUIRES_BLOCKER_RESOLUTION,function lineage and write behavior not certified for MLB clean room
3,extensions,"pg_stat_statements_reset(userid oid, dbid oid, queryid bigint)",FUNCTION,REQUIRES_BLOCKER_RESOLUTION,function lineage and write behavior not certified for MLB clean room
3,extensions,"pgp_armor_headers(text, OUT key text, OUT value text)",FUNCTION,REQUIRES_BLOCKER_RESOLUTION,function lineage and write behavior not certified for MLB clean room
3,extensions,pgp_key_id(bytea),FUNCTION,REQUIRES_BLOCKER_RESOLUTION,function lineage and write behavior not certified for MLB clean room
3,extensions,"pgp_pub_decrypt(bytea, bytea)",FUNCTION,REQUIRES_BLOCKER_RESOLUTION,function lineage and write behavior not certified for MLB clean room
3,extensions,"pgp_pub_decrypt(bytea, bytea, text)",FUNCTION,REQUIRES_BLOCKER_RESOLUTION,function lineage and write behavior not certified for MLB clean room
3,extensions,"pgp_pub_decrypt(bytea, bytea, text, text)",FUNCTION,REQUIRES_BLOCKER_RESOLUTION,function lineage and write behavior not certified for MLB clean room
3,extensions,"pgp_pub_decrypt_bytea(bytea, bytea)",FUNCTION,REQUIRES_BLOCKER_RESOLUTION,function lineage and write behavior not certified for MLB clean room
3,extensions,"pgp_pub_decrypt_bytea(bytea, bytea, text)",FUNCTION,REQUIRES_BLOCKER_RESOLUTION,function lineage and write behavior not certified for MLB clean room
3,extensions,"pgp_pub_decrypt_bytea(bytea, bytea, text, text)",FUNCTION,REQUIRES_BLOCKER_RESOLUTION,function lineage and write behavior not certified for MLB clean room
3,extensions,"pgp_pub_encrypt(text, bytea)",FUNCTION,REQUIRES_BLOCKER_RESOLUTION,function lineage and write behavior not certified for MLB clean room
3,extensions,"pgp_pub_encrypt(text, bytea, text)",FUNCTION,REQUIRES_BLOCKER_RESOLUTION,function lineage and write behavior not certified for MLB clean room
3,extensions,"pgp_pub_encrypt_bytea(bytea, bytea)",FUNCTION,REQUIRES_BLOCKER_RESOLUTION,function lineage and write behavior not certified for MLB clean room
3,extensions,"pgp_pub_encrypt_bytea(bytea, bytea, text)",FUNCTION,REQUIRES_BLOCKER_RESOLUTION,function lineage and write behavior not certified for MLB clean room
3,extensions,"pgp_sym_decrypt(bytea, text)",FUNCTION,REQUIRES_BLOCKER_RESOLUTION,function lineage and write behavior not certified for MLB clean room
3,extensions,"pgp_sym_decrypt(bytea, text, text)",FUNCTION,REQUIRES_BLOCKER_RESOLUTION,function lineage and write behavior not certified for MLB clean room
3,extensions,"pgp_sym_decrypt_bytea(bytea, text)",FUNCTION,REQUIRES_BLOCKER_RESOLUTION,function lineage and write behavior not certified for MLB clean room
3,extensions,"pgp_sym_decrypt_bytea(bytea, text, text)",FUNCTION,REQUIRES_BLOCKER_RESOLUTION,function lineage and write behavior not certified for MLB clean room
3,extensions,"pgp_sym_encrypt(text, text)",FUNCTION,REQUIRES_BLOCKER_RESOLUTION,function lineage and write behavior not certified for MLB clean room
3,extensions,"pgp_sym_encrypt(text, text, text)",FUNCTION,REQUIRES_BLOCKER_RESOLUTION,function lineage and write behavior not certified for MLB clean room
3,extensions,"pgp_sym_encrypt_bytea(bytea, text)",FUNCTION,REQUIRES_BLOCKER_RESOLUTION,function lineage and write behavior not certified for MLB clean room
3,extensions,"pgp_sym_encrypt_bytea(bytea, text, text)",FUNCTION,REQUIRES_BLOCKER_RESOLUTION,function lineage and write behavior not certified for MLB clean room
3,extensions,pgrst_ddl_watch(),FUNCTION,REQUIRES_BLOCKER_RESOLUTION,function lineage and write behavior not certified for MLB clean room
3,extensions,pgrst_drop_watch(),FUNCTION,REQUIRES_BLOCKER_RESOLUTION,function lineage and write behavior not certified for MLB clean room
3,extensions,set_graphql_placeholder(),FUNCTION,REQUIRES_BLOCKER_RESOLUTION,function lineage and write behavior not certified for MLB clean room
3,extensions,"sign(payload json, secret text, algorithm text)",FUNCTION,REQUIRES_BLOCKER_RESOLUTION,function lineage and write behavior not certified for MLB clean room
3,extensions,try_cast_double(inp text),FUNCTION,REQUIRES_BLOCKER_RESOLUTION,function lineage and write behavior not certified for MLB clean room
3,extensions,url_decode(data text),FUNCTION,REQUIRES_BLOCKER_RESOLUTION,function lineage and write behavior not certified for MLB clean room
3,extensions,url_encode(data bytea),FUNCTION,REQUIRES_BLOCKER_RESOLUTION,function lineage and write behavior not certified for MLB clean room
3,extensions,uuid_generate_v1(),FUNCTION,REQUIRES_BLOCKER_RESOLUTION,function lineage and write behavior not certified for MLB clean room
3,extensions,uuid_generate_v1mc(),FUNCTION,REQUIRES_BLOCKER_RESOLUTION,function lineage and write behavior not certified for MLB clean room
3,extensions,"uuid_generate_v3(namespace uuid, name text)",FUNCTION,REQUIRES_BLOCKER_RESOLUTION,function lineage and write behavior not certified for MLB clean room
3,extensions,uuid_generate_v4(),FUNCTION,REQUIRES_BLOCKER_RESOLUTION,function lineage and write behavior not certified for MLB clean room
3,extensions,"uuid_generate_v5(namespace uuid, name text)",FUNCTION,REQUIRES_BLOCKER_RESOLUTION,function lineage and write behavior not certified for MLB clean room
3,extensions,uuid_nil(),FUNCTION,REQUIRES_BLOCKER_RESOLUTION,function lineage and write behavior not certified for MLB clean room
3,extensions,uuid_ns_dns(),FUNCTION,REQUIRES_BLOCKER_RESOLUTION,function lineage and write behavior not certified for MLB clean room
3,extensions,uuid_ns_oid(),FUNCTION,REQUIRES_BLOCKER_RESOLUTION,function lineage and write behavior not certified for MLB clean room
3,extensions,uuid_ns_url(),FUNCTION,REQUIRES_BLOCKER_RESOLUTION,function lineage and write behavior not certified for MLB clean room
3,extensions,uuid_ns_x500(),FUNCTION,REQUIRES_BLOCKER_RESOLUTION,function lineage and write behavior not certified for MLB clean room
3,extensions,"verify(token text, secret text, algorithm text)",FUNCTION,REQUIRES_BLOCKER_RESOLUTION,function lineage and write behavior not certified for MLB clean room
3,graphql_public,"graphql(""operationName"" text, query text, variables jsonb, extensions jsonb)",FUNCTION,REQUIRES_BLOCKER_RESOLUTION,function lineage and write behavior not certified for MLB clean room
3,nhl,_safe_bigint(t text),FUNCTION,REQUIRES_BLOCKER_RESOLUTION,function lineage and write behavior not certified for MLB clean room
3,nhl,_safe_bool(t text),FUNCTION,REQUIRES_BLOCKER_RESOLUTION,function lineage and write behavior not certified for MLB clean room
3,nhl,_safe_int(t text),FUNCTION,REQUIRES_BLOCKER_RESOLUTION,function lineage and write behavior not certified for MLB clean room
3,nhl,_safe_num(t text),FUNCTION,REQUIRES_BLOCKER_RESOLUTION,function lineage and write behavior not certified for MLB clean room
3,nhl,audit_games_season_write(),FUNCTION,REQUIRES_BLOCKER_RESOLUTION,function lineage and write behavior not certified for MLB clean room
3,nhl,audit_games_write(),FUNCTION,REQUIRES_BLOCKER_RESOLUTION,function lineage and write behavior not certified for MLB clean room
3,nhl,"canonical_game_id(p_season integer, p_short_id integer)",FUNCTION,REQUIRES_BLOCKER_RESOLUTION,function lineage and write behavior not certified for MLB clean room
3,nhl,"load_points_predictions_from_stage(p_model_family text, p_model_params jsonb, p_feature_hash text, p_model_version text)",FUNCTION,REQUIRES_BLOCKER_RESOLUTION,function lineage and write behavior not certified for MLB clean room
3,nhl,"load_saves_predictions_from_stage(p_model_family text, p_model_params jsonb, p_feature_hash text, p_model_version text)",FUNCTION,REQUIRES_BLOCKER_RESOLUTION,function lineage and write behavior not certified for MLB clean room
3,nhl,"load_sog_predictions_from_stage(p_model_family text, p_model_params jsonb, p_feature_hash text, p_model_version text)",FUNCTION,REQUIRES_BLOCKER_RESOLUTION,function lineage and write behavior not certified for MLB clean room
3,nhl,log_games_season_change(),FUNCTION,REQUIRES_BLOCKER_RESOLUTION,function lineage and write behavior not certified for MLB clean room
3,nhl,set_updated_at(),FUNCTION,REQUIRES_BLOCKER_RESOLUTION,function lineage and write behavior not certified for MLB clean room
3,public,batch_update_training_props(rows jsonb),FUNCTION,REQUIRES_BLOCKER_RESOLUTION,function lineage and write behavior not certified for MLB clean room
3,public,bulk_update_training_rows(updates jsonb),FUNCTION,REQUIRES_BLOCKER_RESOLUTION,function lineage and write behavior not certified for MLB clean room
3,public,execute_raw_sql(sql text),FUNCTION,REQUIRES_BLOCKER_RESOLUTION,function lineage and write behavior not certified for MLB clean room
3,public,"fetch_bvp_game_ids(offset_value integer, batch_size integer)",FUNCTION,REQUIRES_BLOCKER_RESOLUTION,function lineage and write behavior not certified for MLB clean room
3,public,get_daily_prop_accuracy(target_date date),FUNCTION,REQUIRES_BLOCKER_RESOLUTION,function lineage and write behavior not certified for MLB clean room
3,public,get_model_accuracy_metrics(),FUNCTION,REQUIRES_BLOCKER_RESOLUTION,function lineage and write behavior not certified for MLB clean room
3,public,norm_player_ids_team_text(),FUNCTION,REQUIRES_BLOCKER_RESOLUTION,function lineage and write behavior not certified for MLB clean room
3,public,norm_team_ids_mtp(),FUNCTION,REQUIRES_BLOCKER_RESOLUTION,function lineage and write behavior not certified for MLB clean room
3,public,norm_team_ids_ps(),FUNCTION,REQUIRES_BLOCKER_RESOLUTION,function lineage and write behavior not certified for MLB clean room
3,public,"resolve_team_context(p_player_id bigint, p_game_id bigint)",FUNCTION,REQUIRES_BLOCKER_RESOLUTION,function lineage and write behavior not certified for MLB clean room
3,public,set_is_starter(),FUNCTION,REQUIRES_BLOCKER_RESOLUTION,function lineage and write behavior not certified for MLB clean room
3,public,update_timestamp(),FUNCTION,REQUIRES_BLOCKER_RESOLUTION,function lineage and write behavior not certified for MLB clean room
3,realtime,"apply_rls(wal jsonb, max_record_bytes integer)",FUNCTION,REQUIRES_BLOCKER_RESOLUTION,function lineage and write behavior not certified for MLB clean room
3,realtime,"broadcast_changes(topic_name text, event_name text, operation text, table_name text, table_schema text, new record, old record, level text)",FUNCTION,REQUIRES_BLOCKER_RESOLUTION,function lineage and write behavior not certified for MLB clean room
3,realtime,"build_prepared_statement_sql(prepared_statement_name text, entity regclass, columns realtime.wal_column[])",FUNCTION,REQUIRES_BLOCKER_RESOLUTION,function lineage and write behavior not certified for MLB clean room
3,realtime,"cast(val text, type_ regtype)",FUNCTION,REQUIRES_BLOCKER_RESOLUTION,function lineage and write behavior not certified for MLB clean room
3,realtime,"check_equality_op(op realtime.equality_op, type_ regtype, val_1 text, val_2 text)",FUNCTION,REQUIRES_BLOCKER_RESOLUTION,function lineage and write behavior not certified for MLB clean room
3,realtime,"is_visible_through_filters(columns realtime.wal_column[], filters realtime.user_defined_filter[])",FUNCTION,REQUIRES_BLOCKER_RESOLUTION,function lineage and write behavior not certified for MLB clean room
3,realtime,"list_changes(publication name, slot_name name, max_changes integer, max_record_bytes integer)",FUNCTION,REQUIRES_BLOCKER_RESOLUTION,function lineage and write behavior not certified for MLB clean room
3,realtime,quote_wal2json(entity regclass),FUNCTION,REQUIRES_BLOCKER_RESOLUTION,function lineage and write behavior not certified for MLB clean room
3,realtime,"send(payload jsonb, event text, topic text, private boolean)",FUNCTION,REQUIRES_BLOCKER_RESOLUTION,function lineage and write behavior not certified for MLB clean room
3,realtime,subscription_check_filters(),FUNCTION,REQUIRES_BLOCKER_RESOLUTION,function lineage and write behavior not certified for MLB clean room
3,realtime,to_regrole(role_name text),FUNCTION,REQUIRES_BLOCKER_RESOLUTION,function lineage and write behavior not certified for MLB clean room
3,realtime,topic(),FUNCTION,REQUIRES_BLOCKER_RESOLUTION,function lineage and write behavior not certified for MLB clean room
3,storage,allow_any_operation(expected_operations text[]),FUNCTION,REQUIRES_BLOCKER_RESOLUTION,function lineage and write behavior not certified for MLB clean room
3,storage,allow_only_operation(expected_operation text),FUNCTION,REQUIRES_BLOCKER_RESOLUTION,function lineage and write behavior not certified for MLB clean room
3,storage,"can_insert_object(bucketid text, name text, owner uuid, metadata jsonb)",FUNCTION,REQUIRES_BLOCKER_RESOLUTION,function lineage and write behavior not certified for MLB clean room
3,storage,enforce_bucket_name_length(),FUNCTION,REQUIRES_BLOCKER_RESOLUTION,function lineage and write behavior not certified for MLB clean room
3,storage,extension(name text),FUNCTION,REQUIRES_BLOCKER_RESOLUTION,function lineage and write behavior not certified for MLB clean room
3,storage,filename(name text),FUNCTION,REQUIRES_BLOCKER_RESOLUTION,function lineage and write behavior not certified for MLB clean room
3,storage,foldername(name text),FUNCTION,REQUIRES_BLOCKER_RESOLUTION,function lineage and write behavior not certified for MLB clean room
3,storage,"get_common_prefix(p_key text, p_prefix text, p_delimiter text)",FUNCTION,REQUIRES_BLOCKER_RESOLUTION,function lineage and write behavior not certified for MLB clean room
3,storage,get_size_by_bucket(),FUNCTION,REQUIRES_BLOCKER_RESOLUTION,function lineage and write behavior not certified for MLB clean room
3,storage,"list_multipart_uploads_with_delimiter(bucket_id text, prefix_param text, delimiter_param text, max_keys integer, next_key_token text, next_upload_token text)",FUNCTION,REQUIRES_BLOCKER_RESOLUTION,function lineage and write behavior not certified for MLB clean room
3,storage,"list_objects_with_delimiter(_bucket_id text, prefix_param text, delimiter_param text, max_keys integer, start_after text, next_token text, sort_order text)",FUNCTION,REQUIRES_BLOCKER_RESOLUTION,function lineage and write behavior not certified for MLB clean room
3,storage,operation(),FUNCTION,REQUIRES_BLOCKER_RESOLUTION,function lineage and write behavior not certified for MLB clean room
3,storage,protect_delete(),FUNCTION,REQUIRES_BLOCKER_RESOLUTION,function lineage and write behavior not certified for MLB clean room
3,storage,"search(prefix text, bucketname text, limits integer, levels integer, offsets integer, search text, sortcolumn text, sortorder text)",FUNCTION,REQUIRES_BLOCKER_RESOLUTION,function lineage and write behavior not certified for MLB clean room
3,storage,"search_by_timestamp(p_prefix text, p_bucket_id text, p_limit integer, p_level integer, p_start_after text, p_sort_order text, p_sort_column text, p_sort_column_after text)",FUNCTION,REQUIRES_BLOCKER_RESOLUTION,function lineage and write behavior not certified for MLB clean room
3,storage,"search_v2(prefix text, bucket_name text, limits integer, levels integer, start_after text, sort_order text, sort_column text, sort_column_after text)",FUNCTION,REQUIRES_BLOCKER_RESOLUTION,function lineage and write behavior not certified for MLB clean room
3,storage,update_updated_at_column(),FUNCTION,REQUIRES_BLOCKER_RESOLUTION,function lineage and write behavior not certified for MLB clean room
3,vault,"_crypto_aead_det_decrypt(message bytea, additional bytea, key_id bigint, context bytea, nonce bytea)",FUNCTION,REQUIRES_BLOCKER_RESOLUTION,function lineage and write behavior not certified for MLB clean room
3,vault,"_crypto_aead_det_encrypt(message bytea, additional bytea, key_id bigint, context bytea, nonce bytea)",FUNCTION,REQUIRES_BLOCKER_RESOLUTION,function lineage and write behavior not certified for MLB clean room
3,vault,_crypto_aead_det_noncegen(),FUNCTION,REQUIRES_BLOCKER_RESOLUTION,function lineage and write behavior not certified for MLB clean room
3,vault,"create_secret(new_secret text, new_name text, new_description text, new_key_id uuid)",FUNCTION,REQUIRES_BLOCKER_RESOLUTION,function lineage and write behavior not certified for MLB clean room
3,vault,"update_secret(secret_id uuid, new_secret text, new_name text, new_description text, new_key_id uuid)",FUNCTION,REQUIRES_BLOCKER_RESOLUTION,function lineage and write behavior not certified for MLB clean room
3,cron,job.cron_job_policy,RLS_POLICY,REQUIRES_BLOCKER_RESOLUTION,policy outside source-data boundary
3,cron,job_run_details.cron_job_run_details_policy,RLS_POLICY,REQUIRES_BLOCKER_RESOLUTION,policy outside source-data boundary
3,mlb,model_training_props.Allow anon insert,RLS_POLICY,REQUIRES_BLOCKER_RESOLUTION,policy outside source-data boundary
3,mlb,model_training_props.Allow anon select,RLS_POLICY,REQUIRES_BLOCKER_RESOLUTION,policy outside source-data boundary
3,mlb,model_training_props.Allow upsert for anon key,RLS_POLICY,REQUIRES_BLOCKER_RESOLUTION,policy outside source-data boundary
3,mlb,model_training_props.Enable read access for all users,RLS_POLICY,REQUIRES_BLOCKER_RESOLUTION,policy outside source-data boundary
3,auth,audit_log_entries.audit_log_entries_pkey,INDEX,REQUIRES_BLOCKER_RESOLUTION,supports parent relation; not itself source data
3,auth,audit_log_entries.audit_logs_instance_id_idx,INDEX,REQUIRES_BLOCKER_RESOLUTION,supports parent relation; not itself source data
3,auth,custom_oauth_providers.custom_oauth_providers_created_at_idx,INDEX,REQUIRES_BLOCKER_RESOLUTION,supports parent relation; not itself source data
3,auth,custom_oauth_providers.custom_oauth_providers_enabled_idx,INDEX,REQUIRES_BLOCKER_RESOLUTION,supports parent relation; not itself source data
3,auth,custom_oauth_providers.custom_oauth_providers_identifier_idx,INDEX,REQUIRES_BLOCKER_RESOLUTION,supports parent relation; not itself source data
3,auth,custom_oauth_providers.custom_oauth_providers_identifier_key,INDEX,REQUIRES_BLOCKER_RESOLUTION,supports parent relation; not itself source data
3,auth,custom_oauth_providers.custom_oauth_providers_pkey,INDEX,REQUIRES_BLOCKER_RESOLUTION,supports parent relation; not itself source data
3,auth,custom_oauth_providers.custom_oauth_providers_provider_type_idx,INDEX,REQUIRES_BLOCKER_RESOLUTION,supports parent relation; not itself source data
3,auth,flow_state.flow_state_created_at_idx,INDEX,REQUIRES_BLOCKER_RESOLUTION,supports parent relation; not itself source data
3,auth,flow_state.flow_state_pkey,INDEX,REQUIRES_BLOCKER_RESOLUTION,supports parent relation; not itself source data
3,auth,flow_state.idx_auth_code,INDEX,REQUIRES_BLOCKER_RESOLUTION,supports parent relation; not itself source data
3,auth,flow_state.idx_user_id_auth_method,INDEX,REQUIRES_BLOCKER_RESOLUTION,supports parent relation; not itself source data
3,auth,identities.identities_email_idx,INDEX,REQUIRES_BLOCKER_RESOLUTION,supports parent relation; not itself source data
3,auth,identities.identities_pkey,INDEX,REQUIRES_BLOCKER_RESOLUTION,supports parent relation; not itself source data
3,auth,identities.identities_provider_id_provider_unique,INDEX,REQUIRES_BLOCKER_RESOLUTION,supports parent relation; not itself source data
3,auth,identities.identities_user_id_idx,INDEX,REQUIRES_BLOCKER_RESOLUTION,supports parent relation; not itself source data
3,auth,instances.instances_pkey,INDEX,REQUIRES_BLOCKER_RESOLUTION,supports parent relation; not itself source data
3,auth,mfa_amr_claims.amr_id_pk,INDEX,REQUIRES_BLOCKER_RESOLUTION,supports parent relation; not itself source data
3,auth,mfa_amr_claims.mfa_amr_claims_session_id_authentication_method_pkey,INDEX,REQUIRES_BLOCKER_RESOLUTION,supports parent relation; not itself source data
3,auth,mfa_challenges.mfa_challenge_created_at_idx,INDEX,REQUIRES_BLOCKER_RESOLUTION,supports parent relation; not itself source data
3,auth,mfa_challenges.mfa_challenges_pkey,INDEX,REQUIRES_BLOCKER_RESOLUTION,supports parent relation; not itself source data
3,auth,mfa_factors.factor_id_created_at_idx,INDEX,REQUIRES_BLOCKER_RESOLUTION,supports parent relation; not itself source data
3,auth,mfa_factors.mfa_factors_last_challenged_at_key,INDEX,REQUIRES_BLOCKER_RESOLUTION,supports parent relation; not itself source data
3,auth,mfa_factors.mfa_factors_pkey,INDEX,REQUIRES_BLOCKER_RESOLUTION,supports parent relation; not itself source data
3,auth,mfa_factors.mfa_factors_user_friendly_name_unique,INDEX,REQUIRES_BLOCKER_RESOLUTION,supports parent relation; not itself source data
3,auth,mfa_factors.mfa_factors_user_id_idx,INDEX,REQUIRES_BLOCKER_RESOLUTION,supports parent relation; not itself source data
3,auth,mfa_factors.unique_phone_factor_per_user,INDEX,REQUIRES_BLOCKER_RESOLUTION,supports parent relation; not itself source data
3,auth,oauth_authorizations.oauth_auth_pending_exp_idx,INDEX,REQUIRES_BLOCKER_RESOLUTION,supports parent relation; not itself source data
3,auth,oauth_authorizations.oauth_authorizations_authorization_code_key,INDEX,REQUIRES_BLOCKER_RESOLUTION,supports parent relation; not itself source data
3,auth,oauth_authorizations.oauth_authorizations_authorization_id_key,INDEX,REQUIRES_BLOCKER_RESOLUTION,supports parent relation; not itself source data
3,auth,oauth_authorizations.oauth_authorizations_pkey,INDEX,REQUIRES_BLOCKER_RESOLUTION,supports parent relation; not itself source data
3,auth,oauth_client_states.idx_oauth_client_states_created_at,INDEX,REQUIRES_BLOCKER_RESOLUTION,supports parent relation; not itself source data
3,auth,oauth_client_states.oauth_client_states_pkey,INDEX,REQUIRES_BLOCKER_RESOLUTION,supports parent relation; not itself source data
3,auth,oauth_clients.oauth_clients_deleted_at_idx,INDEX,REQUIRES_BLOCKER_RESOLUTION,supports parent relation; not itself source data
3,auth,oauth_clients.oauth_clients_pkey,INDEX,REQUIRES_BLOCKER_RESOLUTION,supports parent relation; not itself source data
3,auth,oauth_consents.oauth_consents_active_client_idx,INDEX,REQUIRES_BLOCKER_RESOLUTION,supports parent relation; not itself source data
3,auth,oauth_consents.oauth_consents_active_user_client_idx,INDEX,REQUIRES_BLOCKER_RESOLUTION,supports parent relation; not itself source data
3,auth,oauth_consents.oauth_consents_pkey,INDEX,REQUIRES_BLOCKER_RESOLUTION,supports parent relation; not itself source data
3,auth,oauth_consents.oauth_consents_user_client_unique,INDEX,REQUIRES_BLOCKER_RESOLUTION,supports parent relation; not itself source data
3,auth,oauth_consents.oauth_consents_user_order_idx,INDEX,REQUIRES_BLOCKER_RESOLUTION,supports parent relation; not itself source data
3,auth,one_time_tokens.one_time_tokens_pkey,INDEX,REQUIRES_BLOCKER_RESOLUTION,supports parent relation; not itself source data
3,auth,one_time_tokens.one_time_tokens_relates_to_hash_idx,INDEX,REQUIRES_BLOCKER_RESOLUTION,supports parent relation; not itself source data
3,auth,one_time_tokens.one_time_tokens_token_hash_hash_idx,INDEX,REQUIRES_BLOCKER_RESOLUTION,supports parent relation; not itself source data
3,auth,one_time_tokens.one_time_tokens_user_id_token_type_key,INDEX,REQUIRES_BLOCKER_RESOLUTION,supports parent relation; not itself source data
3,auth,refresh_tokens.refresh_tokens_instance_id_idx,INDEX,REQUIRES_BLOCKER_RESOLUTION,supports parent relation; not itself source data
3,auth,refresh_tokens.refresh_tokens_instance_id_user_id_idx,INDEX,REQUIRES_BLOCKER_RESOLUTION,supports parent relation; not itself source data
3,auth,refresh_tokens.refresh_tokens_parent_idx,INDEX,REQUIRES_BLOCKER_RESOLUTION,supports parent relation; not itself source data
3,auth,refresh_tokens.refresh_tokens_pkey,INDEX,REQUIRES_BLOCKER_RESOLUTION,supports parent relation; not itself source data
3,auth,refresh_tokens.refresh_tokens_session_id_revoked_idx,INDEX,REQUIRES_BLOCKER_RESOLUTION,supports parent relation; not itself source data
3,auth,refresh_tokens.refresh_tokens_token_unique,INDEX,REQUIRES_BLOCKER_RESOLUTION,supports parent relation; not itself source data
3,auth,refresh_tokens.refresh_tokens_updated_at_idx,INDEX,REQUIRES_BLOCKER_RESOLUTION,supports parent relation; not itself source data
3,auth,saml_providers.saml_providers_entity_id_key,INDEX,REQUIRES_BLOCKER_RESOLUTION,supports parent relation; not itself source data
3,auth,saml_providers.saml_providers_pkey,INDEX,REQUIRES_BLOCKER_RESOLUTION,supports parent relation; not itself source data
3,auth,saml_providers.saml_providers_sso_provider_id_idx,INDEX,REQUIRES_BLOCKER_RESOLUTION,supports parent relation; not itself source data
3,auth,saml_relay_states.saml_relay_states_created_at_idx,INDEX,REQUIRES_BLOCKER_RESOLUTION,supports parent relation; not itself source data
3,auth,saml_relay_states.saml_relay_states_for_email_idx,INDEX,REQUIRES_BLOCKER_RESOLUTION,supports parent relation; not itself source data
3,auth,saml_relay_states.saml_relay_states_pkey,INDEX,REQUIRES_BLOCKER_RESOLUTION,supports parent relation; not itself source data
3,auth,saml_relay_states.saml_relay_states_sso_provider_id_idx,INDEX,REQUIRES_BLOCKER_RESOLUTION,supports parent relation; not itself source data
3,auth,schema_migrations.schema_migrations_pkey,INDEX,REQUIRES_BLOCKER_RESOLUTION,supports parent relation; not itself source data
3,auth,sessions.sessions_not_after_idx,INDEX,REQUIRES_BLOCKER_RESOLUTION,supports parent relation; not itself source data
3,auth,sessions.sessions_oauth_client_id_idx,INDEX,REQUIRES_BLOCKER_RESOLUTION,supports parent relation; not itself source data
3,auth,sessions.sessions_pkey,INDEX,REQUIRES_BLOCKER_RESOLUTION,supports parent relation; not itself source data
3,auth,sessions.sessions_user_id_idx,INDEX,REQUIRES_BLOCKER_RESOLUTION,supports parent relation; not itself source data
3,auth,sessions.user_id_created_at_idx,INDEX,REQUIRES_BLOCKER_RESOLUTION,supports parent relation; not itself source data
3,auth,sso_domains.sso_domains_domain_idx,INDEX,REQUIRES_BLOCKER_RESOLUTION,supports parent relation; not itself source data
3,auth,sso_domains.sso_domains_pkey,INDEX,REQUIRES_BLOCKER_RESOLUTION,supports parent relation; not itself source data
3,auth,sso_domains.sso_domains_sso_provider_id_idx,INDEX,REQUIRES_BLOCKER_RESOLUTION,supports parent relation; not itself source data
3,auth,sso_providers.sso_providers_pkey,INDEX,REQUIRES_BLOCKER_RESOLUTION,supports parent relation; not itself source data
3,auth,sso_providers.sso_providers_resource_id_idx,INDEX,REQUIRES_BLOCKER_RESOLUTION,supports parent relation; not itself source data
3,auth,sso_providers.sso_providers_resource_id_pattern_idx,INDEX,REQUIRES_BLOCKER_RESOLUTION,supports parent relation; not itself source data
3,auth,users.confirmation_token_idx,INDEX,REQUIRES_BLOCKER_RESOLUTION,supports parent relation; not itself source data
3,auth,users.email_change_token_current_idx,INDEX,REQUIRES_BLOCKER_RESOLUTION,supports parent relation; not itself source data
3,auth,users.email_change_token_new_idx,INDEX,REQUIRES_BLOCKER_RESOLUTION,supports parent relation; not itself source data
3,auth,users.reauthentication_token_idx,INDEX,REQUIRES_BLOCKER_RESOLUTION,supports parent relation; not itself source data
3,auth,users.recovery_token_idx,INDEX,REQUIRES_BLOCKER_RESOLUTION,supports parent relation; not itself source data
3,auth,users.users_email_partial_key,INDEX,REQUIRES_BLOCKER_RESOLUTION,supports parent relation; not itself source data
3,auth,users.users_instance_id_email_idx,INDEX,REQUIRES_BLOCKER_RESOLUTION,supports parent relation; not itself source data
3,auth,users.users_instance_id_idx,INDEX,REQUIRES_BLOCKER_RESOLUTION,supports parent relation; not itself source data
3,auth,users.users_is_anonymous_idx,INDEX,REQUIRES_BLOCKER_RESOLUTION,supports parent relation; not itself source data
3,auth,users.users_phone_key,INDEX,REQUIRES_BLOCKER_RESOLUTION,supports parent relation; not itself source data
3,auth,users.users_pkey,INDEX,REQUIRES_BLOCKER_RESOLUTION,supports parent relation; not itself source data
3,auth,webauthn_challenges.webauthn_challenges_expires_at_idx,INDEX,REQUIRES_BLOCKER_RESOLUTION,supports parent relation; not itself source data
3,auth,webauthn_challenges.webauthn_challenges_pkey,INDEX,REQUIRES_BLOCKER_RESOLUTION,supports parent relation; not itself source data
3,auth,webauthn_challenges.webauthn_challenges_user_id_idx,INDEX,REQUIRES_BLOCKER_RESOLUTION,supports parent relation; not itself source data
3,auth,webauthn_credentials.webauthn_credentials_credential_id_key,INDEX,REQUIRES_BLOCKER_RESOLUTION,supports parent relation; not itself source data
3,auth,webauthn_credentials.webauthn_credentials_pkey,INDEX,REQUIRES_BLOCKER_RESOLUTION,supports parent relation; not itself source data
3,auth,webauthn_credentials.webauthn_credentials_user_id_idx,INDEX,REQUIRES_BLOCKER_RESOLUTION,supports parent relation; not itself source data
3,cron,job.job_pkey,INDEX,REQUIRES_BLOCKER_RESOLUTION,supports parent relation; not itself source data
3,cron,job.jobname_username_uniq,INDEX,REQUIRES_BLOCKER_RESOLUTION,supports parent relation; not itself source data
3,cron,job_run_details.job_run_details_pkey,INDEX,REQUIRES_BLOCKER_RESOLUTION,supports parent relation; not itself source data
2,mlb,bvp_stats.bvp_stats_game_batter_pitcher_idx,INDEX,REQUIRES_BLOCKER_RESOLUTION,supports parent relation; not itself source data
2,mlb,bvp_stats.bvp_stats_game_batter_pitcher_uniq,INDEX,REQUIRES_BLOCKER_RESOLUTION,supports parent relation; not itself source data
2,mlb,bvp_stats.bvp_stats_pkey,INDEX,REQUIRES_BLOCKER_RESOLUTION,supports parent relation; not itself source data
2,mlb,bvp_stats.idx_bvp_stats_batter_pitcher,INDEX,REQUIRES_BLOCKER_RESOLUTION,supports parent relation; not itself source data
2,mlb,bvp_stats.idx_bvp_stats_game_batter_pitcher,INDEX,REQUIRES_BLOCKER_RESOLUTION,supports parent relation; not itself source data
2,mlb,bvp_stats.idx_bvp_stats_pitcher_game,INDEX,REQUIRES_BLOCKER_RESOLUTION,supports parent relation; not itself source data
3,mlb,game_info.game_info_game_id_key,INDEX,RETAIN_OPERATIONAL,supports parent relation; not itself source data
3,mlb,game_info.game_info_pkey,INDEX,RETAIN_OPERATIONAL,supports parent relation; not itself source data
3,mlb,game_info.idx_game_info_away_team,INDEX,RETAIN_OPERATIONAL,supports parent relation; not itself source data
3,mlb,game_info.idx_game_info_game_date,INDEX,RETAIN_OPERATIONAL,supports parent relation; not itself source data
3,mlb,game_info.idx_game_info_home_team,INDEX,RETAIN_OPERATIONAL,supports parent relation; not itself source data
2,mlb,model_training_props.idx_line_diff,INDEX,REQUIRES_BLOCKER_RESOLUTION,supports parent relation; not itself source data
2,mlb,model_training_props.idx_model_training_prediction_filter,INDEX,REQUIRES_BLOCKER_RESOLUTION,supports parent relation; not itself source data
2,mlb,model_training_props.idx_model_training_props_game_date_player_id,INDEX,REQUIRES_BLOCKER_RESOLUTION,supports parent relation; not itself source data
2,mlb,model_training_props.idx_model_training_props_outcome,INDEX,REQUIRES_BLOCKER_RESOLUTION,supports parent relation; not itself source data
2,mlb,model_training_props.idx_model_training_props_predicted_outcome,INDEX,REQUIRES_BLOCKER_RESOLUTION,supports parent relation; not itself source data
2,mlb,model_training_props.idx_model_training_props_prop_type,INDEX,REQUIRES_BLOCKER_RESOLUTION,supports parent relation; not itself source data
2,mlb,model_training_props.idx_mtp_lookup,INDEX,REQUIRES_BLOCKER_RESOLUTION,supports parent relation; not itself source data
2,mlb,model_training_props.idx_mtp_pid_gid,INDEX,REQUIRES_BLOCKER_RESOLUTION,supports parent relation; not itself source data
2,mlb,model_training_props.idx_mtp_profile_player_date_mlb_api,INDEX,REQUIRES_BLOCKER_RESOLUTION,supports parent relation; not itself source data
2,mlb,model_training_props.idx_mtp_profile_player_prop_date_mlb_api,INDEX,REQUIRES_BLOCKER_RESOLUTION,supports parent relation; not itself source data
2,mlb,model_training_props.idx_mtp_prop_date,INDEX,REQUIRES_BLOCKER_RESOLUTION,supports parent relation; not itself source data
2,mlb,model_training_props.idx_mtp_type_date_labeled,INDEX,REQUIRES_BLOCKER_RESOLUTION,supports parent relation; not itself source data
2,mlb,model_training_props.idx_predicted_outcome_incomplete,INDEX,REQUIRES_BLOCKER_RESOLUTION,supports parent relation; not itself source data
2,mlb,model_training_props.idx_prop_type_outcome,INDEX,REQUIRES_BLOCKER_RESOLUTION,supports parent relation; not itself source data
2,mlb,model_training_props.model_training_props_game_player_idx,INDEX,REQUIRES_BLOCKER_RESOLUTION,supports parent relation; not itself source data
2,mlb,model_training_props.model_training_props_gpp_idx,INDEX,REQUIRES_BLOCKER_RESOLUTION,supports parent relation; not itself source data
2,mlb,model_training_props.model_training_props_pkey,INDEX,REQUIRES_BLOCKER_RESOLUTION,supports parent relation; not itself source data
2,mlb,model_training_props.model_training_props_player_id_idx,INDEX,REQUIRES_BLOCKER_RESOLUTION,supports parent relation; not itself source data
2,mlb,model_training_props.model_training_props_unique_src_idx,INDEX,REQUIRES_BLOCKER_RESOLUTION,supports parent relation; not itself source data
2,mlb,model_training_props.mtp_ix_player_game_null,INDEX,REQUIRES_BLOCKER_RESOLUTION,supports parent relation; not itself source data
2,mlb,model_training_props.mtp_ix_team_id,INDEX,REQUIRES_BLOCKER_RESOLUTION,supports parent relation; not itself source data
2,mlb,model_training_props.mtp_ix_team_norm_null,INDEX,REQUIRES_BLOCKER_RESOLUTION,supports parent relation; not itself source data
2,mlb,model_training_props.unique_player_game_prop,INDEX,REQUIRES_BLOCKER_RESOLUTION,supports parent relation; not itself source data
2,mlb,player_derived_stats.idx_pds_pid_gid,INDEX,REQUIRES_BLOCKER_RESOLUTION,supports parent relation; not itself source data
2,mlb,player_derived_stats.player_derived_stats_game_player_idx,INDEX,REQUIRES_BLOCKER_RESOLUTION,supports parent relation; not itself source data
2,mlb,player_derived_stats.player_derived_stats_game_player_uniq,INDEX,REQUIRES_BLOCKER_RESOLUTION,supports parent relation; not itself source data
2,mlb,player_derived_stats.player_derived_stats_pkey,INDEX,REQUIRES_BLOCKER_RESOLUTION,supports parent relation; not itself source data
2,mlb,player_derived_stats.player_derived_stats_player_id_game_id_key,INDEX,REQUIRES_BLOCKER_RESOLUTION,supports parent relation; not itself source data
2,mlb,player_derived_stats.player_derived_stats_unique_key,INDEX,REQUIRES_BLOCKER_RESOLUTION,supports parent relation; not itself source data
2,mlb,player_derived_stats.player_game_unique,INDEX,REQUIRES_BLOCKER_RESOLUTION,supports parent relation; not itself source data
3,mlb,player_ids.player_ids_pkey,INDEX,REQUIRES_BLOCKER_RESOLUTION,supports parent relation; not itself source data
3,mlb,player_ids.player_ids_player_id_key,INDEX,REQUIRES_BLOCKER_RESOLUTION,supports parent relation; not itself source data
3,mlb,player_ids.player_ids_player_id_unique,INDEX,REQUIRES_BLOCKER_RESOLUTION,supports parent relation; not itself source data
3,mlb,player_ids.player_ids_unique_player_team_real,INDEX,REQUIRES_BLOCKER_RESOLUTION,supports parent relation; not itself source data
3,mlb,player_ids.unique_player_team,INDEX,REQUIRES_BLOCKER_RESOLUTION,supports parent relation; not itself source data
3,mlb,player_profiles_cache.player_profiles_cache_pkey,INDEX,REQUIRES_BLOCKER_RESOLUTION,supports parent relation; not itself source data
3,mlb,player_profiles_cache.player_profiles_cache_player_id_idx,INDEX,REQUIRES_BLOCKER_RESOLUTION,supports parent relation; not itself source data
3,mlb,player_props.player_props_game_id_idx,INDEX,RETAIN_OPERATIONAL,supports parent relation; not itself source data
3,mlb,player_props.player_props_pkey,INDEX,RETAIN_OPERATIONAL,supports parent relation; not itself source data
3,mlb,player_props.player_props_player_id_idx,INDEX,RETAIN_OPERATIONAL,supports parent relation; not itself source data
3,mlb,player_props.uq_player_props_by_src_value,INDEX,RETAIN_OPERATIONAL,supports parent relation; not itself source data
3,mlb,player_stats.idx_player_stats_bat_order,INDEX,RETAIN_OPERATIONAL,supports parent relation; not itself source data
3,mlb,player_stats.idx_ps_pid_gdate_pos,INDEX,RETAIN_OPERATIONAL,supports parent relation; not itself source data
3,mlb,player_stats.idx_ps_player_date,INDEX,RETAIN_OPERATIONAL,supports parent relation; not itself source data
3,mlb,player_stats.player_stats_game_player_idx,INDEX,RETAIN_OPERATIONAL,supports parent relation; not itself source data
3,mlb,player_stats.player_stats_game_player_uniq,INDEX,RETAIN_OPERATIONAL,supports parent relation; not itself source data
3,mlb,player_stats.player_stats_pkey,INDEX,RETAIN_OPERATIONAL,supports parent relation; not itself source data
3,mlb,player_stats.player_stats_player_id_idx,INDEX,RETAIN_OPERATIONAL,supports parent relation; not itself source data
3,mlb,player_stats.player_stats_starter_candidates_idx,INDEX,RETAIN_OPERATIONAL,supports parent relation; not itself source data
3,mlb,player_stats.ps_ix_player_game,INDEX,RETAIN_OPERATIONAL,supports parent relation; not itself source data
2,mlb,player_streak_history.idx_psh_pid_gdate,INDEX,REQUIRES_BLOCKER_RESOLUTION,supports parent relation; not itself source data
2,mlb,player_streak_history.idx_psh_pid_gid_prop,INDEX,REQUIRES_BLOCKER_RESOLUTION,supports parent relation; not itself source data
2,mlb,player_streak_history.player_streak_history_pkey,INDEX,REQUIRES_BLOCKER_RESOLUTION,supports parent relation; not itself source data
2,mlb,player_streak_profiles.player_streak_profiles_pkey,INDEX,REQUIRES_BLOCKER_RESOLUTION,supports parent relation; not itself source data
2,mlb,player_streak_profiles.player_streak_profiles_player_id_prop_type_idx,INDEX,REQUIRES_BLOCKER_RESOLUTION,supports parent relation; not itself source data
2,mlb,player_streak_profiles.unique_player_prop_source,INDEX,REQUIRES_BLOCKER_RESOLUTION,supports parent relation; not itself source data
2,mlb,player_streak_profiles.unique_player_prop_streak,INDEX,REQUIRES_BLOCKER_RESOLUTION,supports parent relation; not itself source data
3,mlb,player_team_by_game.player_team_by_game_pkey,INDEX,REQUIRES_BLOCKER_RESOLUTION,supports parent relation; not itself source data
2,mlb,prop_features_precomputed.idx_pfp_by_game,INDEX,REQUIRES_BLOCKER_RESOLUTION,supports parent relation; not itself source data
2,mlb,prop_features_precomputed.idx_pfp_by_player_date,INDEX,REQUIRES_BLOCKER_RESOLUTION,supports parent relation; not itself source data
2,mlb,prop_features_precomputed.prop_features_precomputed_pkey,INDEX,REQUIRES_BLOCKER_RESOLUTION,supports parent relation; not itself source data
2,mlb,today_market_snapshot.idx_today_market_snapshot_key,INDEX,REQUIRES_BLOCKER_RESOLUTION,supports parent relation; not itself source data
2,mlb,today_market_timing_signal.idx_today_market_timing_signal_key,INDEX,REQUIRES_BLOCKER_RESOLUTION,supports parent relation; not itself source data
3,mlb,today_odds_book_rows.idx_today_odds_book,INDEX,RETAIN_OPERATIONAL,supports parent relation; not itself source data
3,mlb,today_odds_book_rows.idx_today_odds_key,INDEX,RETAIN_OPERATIONAL,supports parent relation; not itself source data
2,mlb,today_player_context.idx_today_player_context_key,INDEX,REQUIRES_BLOCKER_RESOLUTION,supports parent relation; not itself source data
3,mlb,today_slate_rows.idx_today_slate_key,INDEX,RETAIN_OPERATIONAL,supports parent relation; not itself source data
3,mlb,today_wide_rows.idx_today_wide_key,INDEX,RETAIN_OPERATIONAL,supports parent relation; not itself source data
2,mlb,today_workspace_mlb.idx_today_workspace_mlb_key,INDEX,REQUIRES_BLOCKER_RESOLUTION,supports parent relation; not itself source data
3,nhl,backfill_progress.backfill_progress_pkey,INDEX,REQUIRES_BLOCKER_RESOLUTION,supports parent relation; not itself source data
3,nhl,blocked_shot_events.blocked_shot_events_pkey,INDEX,REQUIRES_BLOCKER_RESOLUTION,supports parent relation; not itself source data
3,nhl,blocked_shot_events.idx_nhl_blocked_shot_events_blocking_team,INDEX,REQUIRES_BLOCKER_RESOLUTION,supports parent relation; not itself source data
3,nhl,blocked_shot_events.idx_nhl_blocked_shot_events_game_date,INDEX,REQUIRES_BLOCKER_RESOLUTION,supports parent relation; not itself source data
3,nhl,blocked_shot_events.idx_nhl_blocked_shot_events_shooter_pos,INDEX,REQUIRES_BLOCKER_RESOLUTION,supports parent relation; not itself source data
3,nhl,blocked_shot_events.idx_nhl_blocked_shot_events_shooting_team,INDEX,REQUIRES_BLOCKER_RESOLUTION,supports parent relation; not itself source data
3,nhl,data_quality_audit.data_quality_audit_pkey,INDEX,REQUIRES_BLOCKER_RESOLUTION,supports parent relation; not itself source data
3,nhl,eval_sog_daily.eval_sog_daily_game_date_idx,INDEX,REQUIRES_BLOCKER_RESOLUTION,supports parent relation; not itself source data
3,nhl,eval_sog_daily.eval_sog_daily_pkey,INDEX,REQUIRES_BLOCKER_RESOLUTION,supports parent relation; not itself source data
3,nhl,eval_sog_daily.eval_sog_daily_segment_idx,INDEX,REQUIRES_BLOCKER_RESOLUTION,supports parent relation; not itself source data
3,nhl,game_manpower_segments.game_manpower_segments_pkey,INDEX,REQUIRES_BLOCKER_RESOLUTION,supports parent relation; not itself source data
3,nhl,game_manpower_segments.ix_game_manpower_segments_game,INDEX,REQUIRES_BLOCKER_RESOLUTION,supports parent relation; not itself source data
3,nhl,game_manpower_segments.ix_game_manpower_segments_team,INDEX,REQUIRES_BLOCKER_RESOLUTION,supports parent relation; not itself source data
3,nhl,games.games_pkey,INDEX,REQUIRES_BLOCKER_RESOLUTION,supports parent relation; not itself source data
3,nhl,games.games_unique_short,INDEX,REQUIRES_BLOCKER_RESOLUTION,supports parent relation; not itself source data
3,nhl,games.idx_games_game_id_date,INDEX,REQUIRES_BLOCKER_RESOLUTION,supports parent relation; not itself source data
3,nhl,games.idx_games_season_short,INDEX,REQUIRES_BLOCKER_RESOLUTION,supports parent relation; not itself source data
3,nhl,games.idx_games_teams_date,INDEX,REQUIRES_BLOCKER_RESOLUTION,supports parent relation; not itself source data
3,nhl,games_season_audit.games_season_audit_pkey,INDEX,REQUIRES_BLOCKER_RESOLUTION,supports parent relation; not itself source data
3,nhl,games_write_audit.games_write_audit_pkey,INDEX,REQUIRES_BLOCKER_RESOLUTION,supports parent relation; not itself source data
3,nhl,goalie_game_logs_raw.goalie_game_logs_raw_pkey,INDEX,REQUIRES_BLOCKER_RESOLUTION,supports parent relation; not itself source data
3,nhl,goalie_game_logs_raw.goalie_logs_game_idx,INDEX,REQUIRES_BLOCKER_RESOLUTION,supports parent relation; not itself source data
3,nhl,goalie_game_logs_raw.goalie_logs_opp_idx,INDEX,REQUIRES_BLOCKER_RESOLUTION,supports parent relation; not itself source data
3,nhl,goalie_game_logs_raw.goalie_logs_team_idx,INDEX,REQUIRES_BLOCKER_RESOLUTION,supports parent relation; not itself source data
3,nhl,goalie_game_logs_raw.idx_goalie_raw_game_id,INDEX,REQUIRES_BLOCKER_RESOLUTION,supports parent relation; not itself source data
3,nhl,goalie_game_logs_raw.idx_goalie_raw_player_date,INDEX,REQUIRES_BLOCKER_RESOLUTION,supports parent relation; not itself source data
3,nhl,goalie_game_logs_raw.idx_goalie_raw_team_date,INDEX,REQUIRES_BLOCKER_RESOLUTION,supports parent relation; not itself source data
3,nhl,goalie_roll_feats_m.goalie_roll_feats_m_uniq,INDEX,REQUIRES_BLOCKER_RESOLUTION,supports parent relation; not itself source data
3,nhl,goalie_rolling_agg.goalie_roll_idx,INDEX,REQUIRES_BLOCKER_RESOLUTION,supports parent relation; not itself source data
3,nhl,goalie_rolling_agg.goalie_rolling_agg_pkey,INDEX,REQUIRES_BLOCKER_RESOLUTION,supports parent relation; not itself source data
3,nhl,goalies2023_stage.ix_goalies2023_stage_player_season,INDEX,REQUIRES_BLOCKER_RESOLUTION,supports parent relation; not itself source data
3,nhl,goalies_szn_sit.gss_player_idx,INDEX,REQUIRES_BLOCKER_RESOLUTION,supports parent relation; not itself source data
3,nhl,goalies_szn_sit.gss_player_sit_idx,INDEX,REQUIRES_BLOCKER_RESOLUTION,supports parent relation; not itself source data
3,nhl,goalies_szn_sit.gss_sit_idx,INDEX,REQUIRES_BLOCKER_RESOLUTION,supports parent relation; not itself source data
3,nhl,goalies_szn_sit.gss_team_idx,INDEX,REQUIRES_BLOCKER_RESOLUTION,supports parent relation; not itself source data
3,nhl,import_goalie_logs_stage.uq_import_goalie_logs_stage_player_game,INDEX,REQUIRES_BLOCKER_RESOLUTION,supports parent relation; not itself source data
3,nhl,import_skater_logs_stage.ux_import_skater_logs_stage_player_game,INDEX,REQUIRES_BLOCKER_RESOLUTION,supports parent relation; not itself source data
3,nhl,import_skater_points_stage.import_skater_points_stage_game_idx,INDEX,REQUIRES_BLOCKER_RESOLUTION,supports parent relation; not itself source data
3,nhl,import_skater_points_stage.import_skater_points_stage_pid_idx,INDEX,REQUIRES_BLOCKER_RESOLUTION,supports parent relation; not itself source data
3,nhl,keep_games_filter.keep_games_filter_pkey,INDEX,REQUIRES_BLOCKER_RESOLUTION,supports parent relation; not itself source data
3,nhl,pairing_features_store_v2.idx_pairing_store_v2_game_team,INDEX,REQUIRES_BLOCKER_RESOLUTION,supports parent relation; not itself source data
3,nhl,pairing_features_store_v2.idx_pairing_store_v2_player,INDEX,REQUIRES_BLOCKER_RESOLUTION,supports parent relation; not itself source data
3,nhl,pairing_features_store_v2.pairing_features_store_v2_pkey,INDEX,REQUIRES_BLOCKER_RESOLUTION,supports parent relation; not itself source data
3,nhl,player_external_ids.ix_player_external_ids_provider,INDEX,REQUIRES_BLOCKER_RESOLUTION,supports parent relation; not itself source data
3,nhl,player_external_ids.player_external_ids_pkey,INDEX,REQUIRES_BLOCKER_RESOLUTION,supports parent relation; not itself source data
3,nhl,player_external_ids.player_external_ids_provider_provider_player_id_key,INDEX,REQUIRES_BLOCKER_RESOLUTION,supports parent relation; not itself source data
3,nhl,player_external_ids.uq_player_external_ids_player_provider,INDEX,REQUIRES_BLOCKER_RESOLUTION,supports parent relation; not itself source data
3,nhl,player_external_ids.ux_player_external_ids_provider_key,INDEX,REQUIRES_BLOCKER_RESOLUTION,supports parent relation; not itself source data
3,nhl,players.players_pkey,INDEX,REQUIRES_BLOCKER_RESOLUTION,supports parent relation; not itself source data
3,nhl,pp_roles_slate.pk_pp_roles_slate,INDEX,REQUIRES_BLOCKER_RESOLUTION,supports parent relation; not itself source data
3,nhl,predictions.idx_predictions_created,INDEX,REQUIRES_BLOCKER_RESOLUTION,supports parent relation; not itself source data
3,nhl,predictions.idx_predictions_lookup,INDEX,REQUIRES_BLOCKER_RESOLUTION,supports parent relation; not itself source data
3,nhl,predictions.predictions_pkey,INDEX,REQUIRES_BLOCKER_RESOLUTION,supports parent relation; not itself source data
3,nhl,predictions.uq_nhl_predictions_player_game_prop_line,INDEX,REQUIRES_BLOCKER_RESOLUTION,supports parent relation; not itself source data
3,nhl,predictions.uq_pred,INDEX,REQUIRES_BLOCKER_RESOLUTION,supports parent relation; not itself source data
3,nhl,predictions.ux_predictions_unique,INDEX,REQUIRES_BLOCKER_RESOLUTION,supports parent relation; not itself source data
3,nhl,roster_names.roster_names_pkey,INDEX,REQUIRES_BLOCKER_RESOLUTION,supports parent relation; not itself source data
3,nhl,roster_status.roster_status_latest_idx,INDEX,REQUIRES_BLOCKER_RESOLUTION,supports parent relation; not itself source data
3,nhl,roster_status.roster_status_pkey,INDEX,REQUIRES_BLOCKER_RESOLUTION,supports parent relation; not itself source data
3,nhl,roster_status.roster_status_uk,INDEX,REQUIRES_BLOCKER_RESOLUTION,supports parent relation; not itself source data
3,nhl,roster_status.roster_status_unique,INDEX,REQUIRES_BLOCKER_RESOLUTION,supports parent relation; not itself source data
3,nhl,shift_teammate_overlap_game.idx_shift_teammate_overlap_game_game,INDEX,REQUIRES_BLOCKER_RESOLUTION,supports parent relation; not itself source data
3,nhl,shift_teammate_overlap_game.idx_shift_teammate_overlap_game_player,INDEX,REQUIRES_BLOCKER_RESOLUTION,supports parent relation; not itself source data
3,nhl,shift_teammate_overlap_game.shift_teammate_overlap_game_pkey,INDEX,REQUIRES_BLOCKER_RESOLUTION,supports parent relation; not itself source data
3,nhl,shift_teammate_overlap_game_recent_v2.idx_overlap_recent_v2_game_player,INDEX,REQUIRES_BLOCKER_RESOLUTION,supports parent relation; not itself source data
3,nhl,shift_teammate_overlap_game_recent_v2.idx_overlap_recent_v2_game_team_player,INDEX,REQUIRES_BLOCKER_RESOLUTION,supports parent relation; not itself source data
3,nhl,shift_teammate_overlap_game_recent_v2.shift_teammate_overlap_game_recent_v2_pkey,INDEX,REQUIRES_BLOCKER_RESOLUTION,supports parent relation; not itself source data
3,nhl,shiftcharts_pairings_game.idx_shiftcharts_pairings_game_team,INDEX,REQUIRES_BLOCKER_RESOLUTION,supports parent relation; not itself source data
3,nhl,shiftcharts_pairings_game.shiftcharts_pairings_game_pkey,INDEX,REQUIRES_BLOCKER_RESOLUTION,supports parent relation; not itself source data
3,nhl,shiftcharts_raw.idx_shiftcharts_raw_game,INDEX,REQUIRES_BLOCKER_RESOLUTION,supports parent relation; not itself source data
3,nhl,shiftcharts_raw.idx_shiftcharts_raw_game_period,INDEX,REQUIRES_BLOCKER_RESOLUTION,supports parent relation; not itself source data
3,nhl,shiftcharts_raw.idx_shiftcharts_raw_game_team,INDEX,REQUIRES_BLOCKER_RESOLUTION,supports parent relation; not itself source data
3,nhl,shiftcharts_raw.idx_shiftcharts_raw_json_gin,INDEX,REQUIRES_BLOCKER_RESOLUTION,supports parent relation; not itself source data
3,nhl,shiftcharts_raw.idx_shiftcharts_raw_player,INDEX,REQUIRES_BLOCKER_RESOLUTION,supports parent relation; not itself source data
3,nhl,shiftcharts_raw.idx_shiftcharts_raw_player_game,INDEX,REQUIRES_BLOCKER_RESOLUTION,supports parent relation; not itself source data
3,nhl,shiftcharts_raw.shiftcharts_raw_pk,INDEX,REQUIRES_BLOCKER_RESOLUTION,supports parent relation; not itself source data
3,nhl,shiftcharts_raw.shiftcharts_raw_shift_id_uniq,INDEX,REQUIRES_BLOCKER_RESOLUTION,supports parent relation; not itself source data
3,nhl,shiftcharts_shifts.idx_shiftcharts_shifts_game_player,INDEX,REQUIRES_BLOCKER_RESOLUTION,supports parent relation; not itself source data
3,nhl,shiftcharts_shifts.idx_shiftcharts_shifts_game_team,INDEX,REQUIRES_BLOCKER_RESOLUTION,supports parent relation; not itself source data
3,nhl,shiftcharts_shifts.shiftcharts_shifts_pkey,INDEX,REQUIRES_BLOCKER_RESOLUTION,supports parent relation; not itself source data
3,nhl,shot_on_goal_events.idx_nhl_sog_events_abs_sec,INDEX,REQUIRES_BLOCKER_RESOLUTION,supports parent relation; not itself source data
3,nhl,shot_on_goal_events.idx_nhl_sog_events_defending_team,INDEX,REQUIRES_BLOCKER_RESOLUTION,supports parent relation; not itself source data
3,nhl,shot_on_goal_events.idx_nhl_sog_events_game_date,INDEX,REQUIRES_BLOCKER_RESOLUTION,supports parent relation; not itself source data
3,nhl,shot_on_goal_events.idx_nhl_sog_events_shooter_pos,INDEX,REQUIRES_BLOCKER_RESOLUTION,supports parent relation; not itself source data
3,nhl,shot_on_goal_events.idx_nhl_sog_events_shooting_team,INDEX,REQUIRES_BLOCKER_RESOLUTION,supports parent relation; not itself source data
3,nhl,shot_on_goal_events.shot_on_goal_events_pkey,INDEX,REQUIRES_BLOCKER_RESOLUTION,supports parent relation; not itself source data
3,nhl,shot_stats_denali.idx_shot_stats_denali_game,INDEX,REQUIRES_BLOCKER_RESOLUTION,supports parent relation; not itself source data
3,nhl,shot_stats_denali.idx_shot_stats_denali_season_player,INDEX,REQUIRES_BLOCKER_RESOLUTION,supports parent relation; not itself source data
3,nhl,shot_stats_denali.shot_stats_denali_pkey,INDEX,REQUIRES_BLOCKER_RESOLUTION,supports parent relation; not itself source data
3,nhl,shots_all.idx_shots_all_game_id,INDEX,REQUIRES_BLOCKER_RESOLUTION,supports parent relation; not itself source data
3,nhl,shots_all.idx_shots_all_season,INDEX,REQUIRES_BLOCKER_RESOLUTION,supports parent relation; not itself source data
3,nhl,shots_all.idx_shots_all_shooter,INDEX,REQUIRES_BLOCKER_RESOLUTION,supports parent relation; not itself source data
3,nhl,skater_game_logs_raw.idx_skater_game_logs_raw_player_date_game,INDEX,REQUIRES_BLOCKER_RESOLUTION,supports parent relation; not itself source data
3,nhl,skater_game_logs_raw.idx_skater_logs_player_game,INDEX,REQUIRES_BLOCKER_RESOLUTION,supports parent relation; not itself source data
3,nhl,skater_game_logs_raw.idx_skater_raw_game_id,INDEX,REQUIRES_BLOCKER_RESOLUTION,supports parent relation; not itself source data
3,nhl,skater_game_logs_raw.idx_skater_raw_player_date,INDEX,REQUIRES_BLOCKER_RESOLUTION,supports parent relation; not itself source data
3,nhl,skater_game_logs_raw.idx_skater_raw_team_date,INDEX,REQUIRES_BLOCKER_RESOLUTION,supports parent relation; not itself source data
3,nhl,skater_game_logs_raw.sk_logs_game_player_idx,INDEX,REQUIRES_BLOCKER_RESOLUTION,supports parent relation; not itself source data
3,nhl,skater_game_logs_raw.skater_game_logs_raw_pkey,INDEX,REQUIRES_BLOCKER_RESOLUTION,supports parent relation; not itself source data
3,nhl,skater_game_logs_raw.skater_logs_game_idx,INDEX,REQUIRES_BLOCKER_RESOLUTION,supports parent relation; not itself source data
3,nhl,skater_game_logs_raw.skater_logs_opp_idx,INDEX,REQUIRES_BLOCKER_RESOLUTION,supports parent relation; not itself source data
3,nhl,skater_game_logs_raw.skater_logs_team_idx,INDEX,REQUIRES_BLOCKER_RESOLUTION,supports parent relation; not itself source data
3,nhl,skater_game_logs_raw.skglr_player_date_idx,INDEX,REQUIRES_BLOCKER_RESOLUTION,supports parent relation; not itself source data
3,nhl,skater_game_logs_raw.skglr_team_date_idx,INDEX,REQUIRES_BLOCKER_RESOLUTION,supports parent relation; not itself source data
3,nhl,skater_game_logs_raw.sklr_offenders_by_game_idx,INDEX,REQUIRES_BLOCKER_RESOLUTION,supports parent relation; not itself source data
3,nhl,skater_game_special_teams_exposure.ix_st_expo_game_team,INDEX,REQUIRES_BLOCKER_RESOLUTION,supports parent relation; not itself source data
3,nhl,skater_game_special_teams_exposure.skater_game_special_teams_exposure_pkey,INDEX,REQUIRES_BLOCKER_RESOLUTION,supports parent relation; not itself source data
3,nhl,skater_points_raw.skater_points_raw_date_idx,INDEX,REQUIRES_BLOCKER_RESOLUTION,supports parent relation; not itself source data
3,nhl,skater_points_raw.skater_points_raw_game_idx,INDEX,REQUIRES_BLOCKER_RESOLUTION,supports parent relation; not itself source data
3,nhl,skater_points_raw.skater_points_raw_pid_idx,INDEX,REQUIRES_BLOCKER_RESOLUTION,supports parent relation; not itself source data
3,nhl,skater_points_raw.skater_points_raw_pk,INDEX,REQUIRES_BLOCKER_RESOLUTION,supports parent relation; not itself source data
3,nhl,skater_points_raw.skater_points_raw_uniq,INDEX,REQUIRES_BLOCKER_RESOLUTION,supports parent relation; not itself source data
3,nhl,skater_points_raw.spr_game_team_idx,INDEX,REQUIRES_BLOCKER_RESOLUTION,supports parent relation; not itself source data
3,nhl,skater_points_raw.tf_points_enriched_game_date_idx,INDEX,REQUIRES_BLOCKER_RESOLUTION,supports parent relation; not itself source data
3,nhl,skater_points_raw.tf_points_enriched_player_idx,INDEX,REQUIRES_BLOCKER_RESOLUTION,supports parent relation; not itself source data
3,nhl,skater_rolling_agg.idx_skater_rolling_agg_player_game,INDEX,REQUIRES_BLOCKER_RESOLUTION,supports parent relation; not itself source data
3,nhl,skater_rolling_agg.skater_roll_idx,INDEX,REQUIRES_BLOCKER_RESOLUTION,supports parent relation; not itself source data
3,nhl,skater_rolling_agg.skater_rolling_agg_pkey,INDEX,REQUIRES_BLOCKER_RESOLUTION,supports parent relation; not itself source data
3,nhl,skaters2023_stage.ix_skaters2023_stage_player_season,INDEX,REQUIRES_BLOCKER_RESOLUTION,supports parent relation; not itself source data
3,nhl,skaters_szn_sit.skaters_szn_sit_player_season_sit_idx,INDEX,REQUIRES_BLOCKER_RESOLUTION,supports parent relation; not itself source data
3,nhl,skaters_szn_sit.skaters_szn_sit_team_season_sit_idx,INDEX,REQUIRES_BLOCKER_RESOLUTION,supports parent relation; not itself source data
3,nhl,team_context_rolling.team_context_rolling_pkey,INDEX,REQUIRES_BLOCKER_RESOLUTION,supports parent relation; not itself source data
3,nhl,team_external_ids.team_external_ids_pkey,INDEX,REQUIRES_BLOCKER_RESOLUTION,supports parent relation; not itself source data
3,nhl,team_external_ids.team_external_ids_provider_provider_team_id_key,INDEX,REQUIRES_BLOCKER_RESOLUTION,supports parent relation; not itself source data
3,nhl,team_game_sit.idx_team_game_sit_date,INDEX,REQUIRES_BLOCKER_RESOLUTION,supports parent relation; not itself source data
3,nhl,team_game_sit.idx_team_game_sit_team,INDEX,REQUIRES_BLOCKER_RESOLUTION,supports parent relation; not itself source data
3,nhl,team_game_sit.team_game_sit_pkey,INDEX,REQUIRES_BLOCKER_RESOLUTION,supports parent relation; not itself source data
3,nhl,team_pp_toi_totals_by_date_team.uq_team_pp_toi_totals_by_date_team,INDEX,REQUIRES_BLOCKER_RESOLUTION,supports parent relation; not itself source data
3,nhl,team_roll10_m.team_roll10_m_uniq,INDEX,REQUIRES_BLOCKER_RESOLUTION,supports parent relation; not itself source data
3,nhl,teams.teams_abbr_key,INDEX,REQUIRES_BLOCKER_RESOLUTION,supports parent relation; not itself source data
3,nhl,teams.teams_pkey,INDEX,REQUIRES_BLOCKER_RESOLUTION,supports parent relation; not itself source data
3,nhl,teams_game_sit.tgs_date_idx,INDEX,REQUIRES_BLOCKER_RESOLUTION,supports parent relation; not itself source data
3,nhl,teams_game_sit.tgs_game_idx,INDEX,REQUIRES_BLOCKER_RESOLUTION,supports parent relation; not itself source data
3,nhl,teams_game_sit.tgs_opp_idx,INDEX,REQUIRES_BLOCKER_RESOLUTION,supports parent relation; not itself source data
3,nhl,teams_game_sit.tgs_team_idx,INDEX,REQUIRES_BLOCKER_RESOLUTION,supports parent relation; not itself source data
3,nhl,teams_game_sit.tgs_team_sit_idx,INDEX,REQUIRES_BLOCKER_RESOLUTION,supports parent relation; not itself source data
3,nhl,tf_skater_attempts_roll10.uq_tf_skater_attempts_roll10,INDEX,REQUIRES_BLOCKER_RESOLUTION,supports parent relation; not itself source data
3,nhl,tf_team_roll10.idx_tf_team_roll10_game_team_opp,INDEX,REQUIRES_BLOCKER_RESOLUTION,supports parent relation; not itself source data
3,nhl,tf_team_roll10.idx_tf_team_roll10_team_game,INDEX,REQUIRES_BLOCKER_RESOLUTION,supports parent relation; not itself source data
3,nhl,tf_team_roll10.tf_team_roll10_team_date_unique,INDEX,REQUIRES_BLOCKER_RESOLUTION,supports parent relation; not itself source data
3,nhl,tf_team_roll10.tf_team_roll10_team_id_game_id_idx,INDEX,REQUIRES_BLOCKER_RESOLUTION,supports parent relation; not itself source data
3,nhl,training_features_goalie_saves_v2.idx_training_goalie_game_team_opp,INDEX,REQUIRES_BLOCKER_RESOLUTION,supports parent relation; not itself source data
3,nhl,training_features_goalie_saves_v2.training_features_goalie_saves_v2_pk,INDEX,REQUIRES_BLOCKER_RESOLUTION,supports parent relation; not itself source data
3,nhl,training_features_goalie_saves_v2.uq_training_features_goalie_saves_v2_player_game,INDEX,REQUIRES_BLOCKER_RESOLUTION,supports parent relation; not itself source data
3,nhl,training_features_goalie_saves_v2_ready.idx_saves_ready_date_game,INDEX,REQUIRES_BLOCKER_RESOLUTION,supports parent relation; not itself source data
3,nhl,training_features_goalie_saves_v2_ready.idx_saves_ready_date_player,INDEX,REQUIRES_BLOCKER_RESOLUTION,supports parent relation; not itself source data
3,nhl,training_features_goalie_saves_v2_ready.uq_saves_ready_player_game,INDEX,REQUIRES_BLOCKER_RESOLUTION,supports parent relation; not itself source data
3,nhl,training_features_nhl_saves_enr_filt.ux_saves_enr_filt,INDEX,REQUIRES_BLOCKER_RESOLUTION,supports parent relation; not itself source data
3,nhl,training_features_nhl_saves_enriched.idx_feat_saves_goalie_date,INDEX,REQUIRES_BLOCKER_RESOLUTION,supports parent relation; not itself source data
3,nhl,training_features_nhl_saves_enriched.ux_saves_enr,INDEX,REQUIRES_BLOCKER_RESOLUTION,supports parent relation; not itself source data
3,nhl,training_features_nhl_sog_enriched_pregame.idx_sog_pregame_date,INDEX,REQUIRES_BLOCKER_RESOLUTION,supports parent relation; not itself source data
3,nhl,training_features_nhl_sog_enriched_pregame.idx_sog_pregame_player_date,INDEX,REQUIRES_BLOCKER_RESOLUTION,supports parent relation; not itself source data
3,nhl,training_features_nhl_sog_enriched_pregame.ux_sog_pregame_player_game,INDEX,REQUIRES_BLOCKER_RESOLUTION,supports parent relation; not itself source data
3,nhl,training_features_nhl_sog_enriched_pregame_v2.idx_sog_enriched_v2_player,INDEX,REQUIRES_BLOCKER_RESOLUTION,supports parent relation; not itself source data
3,nhl,training_features_nhl_sog_enriched_pregame_v2.idx_sog_enriched_v2_season_game,INDEX,REQUIRES_BLOCKER_RESOLUTION,supports parent relation; not itself source data
3,nhl,training_features_nhl_sog_enriched_pregame_v2.idx_sog_enriched_v2_team,INDEX,REQUIRES_BLOCKER_RESOLUTION,supports parent relation; not itself source data
3,nhl,training_features_nhl_sog_enriched_pregame_v2.uq_sog_pregame_player_game,INDEX,REQUIRES_BLOCKER_RESOLUTION,supports parent relation; not itself source data
3,nhl,training_features_nhl_sog_enriched_pregame_v2_mt.ux_sog_pregame_v2_player_game,INDEX,REQUIRES_BLOCKER_RESOLUTION,supports parent relation; not itself source data
3,nhl,training_features_shots.idx_tf_shots_season,INDEX,REQUIRES_BLOCKER_RESOLUTION,supports parent relation; not itself source data
3,nhl,training_features_sog_denali.idx_training_features_sog_denali_player_date_game,INDEX,REQUIRES_BLOCKER_RESOLUTION,supports parent relation; not itself source data
3,nhl,training_features_sog_denali.uq_training_features_sog_denali_player_game,INDEX,REQUIRES_BLOCKER_RESOLUTION,supports parent relation; not itself source data
3,nhl,user_props.nhl_user_props_lookup_idx,INDEX,REQUIRES_BLOCKER_RESOLUTION,supports parent relation; not itself source data
3,nhl,user_props.nhl_user_props_unique_prop_idx,INDEX,REQUIRES_BLOCKER_RESOLUTION,supports parent relation; not itself source data
3,nhl,user_props.user_props_pkey,INDEX,REQUIRES_BLOCKER_RESOLUTION,supports parent relation; not itself source data
3,public,mlb_team_map.mlb_team_map_pkey,INDEX,REQUIRES_BLOCKER_RESOLUTION,supports parent relation; not itself source data
3,public,opp_starter_per_game.opp_starter_per_game_pkey,INDEX,REQUIRES_BLOCKER_RESOLUTION,supports parent relation; not itself source data
3,realtime,messages.messages_inserted_at_topic_index,INDEX,REQUIRES_BLOCKER_RESOLUTION,supports parent relation; not itself source data
3,realtime,messages.messages_pkey,INDEX,REQUIRES_BLOCKER_RESOLUTION,supports parent relation; not itself source data
3,realtime,messages_2026_02_21.messages_2026_02_21_inserted_at_topic_idx,INDEX,REQUIRES_BLOCKER_RESOLUTION,supports parent relation; not itself source data
3,realtime,messages_2026_02_21.messages_2026_02_21_pkey,INDEX,REQUIRES_BLOCKER_RESOLUTION,supports parent relation; not itself source data
3,realtime,messages_2026_02_22.messages_2026_02_22_inserted_at_topic_idx,INDEX,REQUIRES_BLOCKER_RESOLUTION,supports parent relation; not itself source data
3,realtime,messages_2026_02_22.messages_2026_02_22_pkey,INDEX,REQUIRES_BLOCKER_RESOLUTION,supports parent relation; not itself source data
3,realtime,messages_2026_02_23.messages_2026_02_23_inserted_at_topic_idx,INDEX,REQUIRES_BLOCKER_RESOLUTION,supports parent relation; not itself source data
3,realtime,messages_2026_02_23.messages_2026_02_23_pkey,INDEX,REQUIRES_BLOCKER_RESOLUTION,supports parent relation; not itself source data
3,realtime,messages_2026_02_24.messages_2026_02_24_inserted_at_topic_idx,INDEX,REQUIRES_BLOCKER_RESOLUTION,supports parent relation; not itself source data
3,realtime,messages_2026_02_24.messages_2026_02_24_pkey,INDEX,REQUIRES_BLOCKER_RESOLUTION,supports parent relation; not itself source data
3,realtime,messages_2026_02_25.messages_2026_02_25_inserted_at_topic_idx,INDEX,REQUIRES_BLOCKER_RESOLUTION,supports parent relation; not itself source data
3,realtime,messages_2026_02_25.messages_2026_02_25_pkey,INDEX,REQUIRES_BLOCKER_RESOLUTION,supports parent relation; not itself source data
3,realtime,messages_2026_02_26.messages_2026_02_26_inserted_at_topic_idx,INDEX,REQUIRES_BLOCKER_RESOLUTION,supports parent relation; not itself source data
3,realtime,messages_2026_02_26.messages_2026_02_26_pkey,INDEX,REQUIRES_BLOCKER_RESOLUTION,supports parent relation; not itself source data
3,realtime,messages_2026_02_27.messages_2026_02_27_inserted_at_topic_idx,INDEX,REQUIRES_BLOCKER_RESOLUTION,supports parent relation; not itself source data
3,realtime,messages_2026_02_27.messages_2026_02_27_pkey,INDEX,REQUIRES_BLOCKER_RESOLUTION,supports parent relation; not itself source data
3,realtime,schema_migrations.schema_migrations_pkey,INDEX,REQUIRES_BLOCKER_RESOLUTION,supports parent relation; not itself source data
3,realtime,subscription.ix_realtime_subscription_entity,INDEX,REQUIRES_BLOCKER_RESOLUTION,supports parent relation; not itself source data
3,realtime,subscription.pk_subscription,INDEX,REQUIRES_BLOCKER_RESOLUTION,supports parent relation; not itself source data
3,realtime,subscription.subscription_subscription_id_entity_filters_action_filter_key,INDEX,REQUIRES_BLOCKER_RESOLUTION,supports parent relation; not itself source data
3,storage,buckets.bname,INDEX,REQUIRES_BLOCKER_RESOLUTION,supports parent relation; not itself source data
3,storage,buckets.buckets_pkey,INDEX,REQUIRES_BLOCKER_RESOLUTION,supports parent relation; not itself source data
3,storage,buckets_analytics.buckets_analytics_pkey,INDEX,REQUIRES_BLOCKER_RESOLUTION,supports parent relation; not itself source data
3,storage,buckets_analytics.buckets_analytics_unique_name_idx,INDEX,REQUIRES_BLOCKER_RESOLUTION,supports parent relation; not itself source data
3,storage,buckets_vectors.buckets_vectors_pkey,INDEX,REQUIRES_BLOCKER_RESOLUTION,supports parent relation; not itself source data
3,storage,migrations.migrations_name_key,INDEX,REQUIRES_BLOCKER_RESOLUTION,supports parent relation; not itself source data
3,storage,migrations.migrations_pkey,INDEX,REQUIRES_BLOCKER_RESOLUTION,supports parent relation; not itself source data
3,storage,objects.bucketid_objname,INDEX,REQUIRES_BLOCKER_RESOLUTION,supports parent relation; not itself source data
3,storage,objects.idx_objects_bucket_id_name,INDEX,REQUIRES_BLOCKER_RESOLUTION,supports parent relation; not itself source data
3,storage,objects.idx_objects_bucket_id_name_lower,INDEX,REQUIRES_BLOCKER_RESOLUTION,supports parent relation; not itself source data
3,storage,objects.name_prefix_search,INDEX,REQUIRES_BLOCKER_RESOLUTION,supports parent relation; not itself source data
3,storage,objects.objects_pkey,INDEX,REQUIRES_BLOCKER_RESOLUTION,supports parent relation; not itself source data
3,storage,s3_multipart_uploads.idx_multipart_uploads_list,INDEX,REQUIRES_BLOCKER_RESOLUTION,supports parent relation; not itself source data
3,storage,s3_multipart_uploads.s3_multipart_uploads_pkey,INDEX,REQUIRES_BLOCKER_RESOLUTION,supports parent relation; not itself source data
3,storage,s3_multipart_uploads_parts.s3_multipart_uploads_parts_pkey,INDEX,REQUIRES_BLOCKER_RESOLUTION,supports parent relation; not itself source data
3,storage,vector_indexes.vector_indexes_name_bucket_id_idx,INDEX,REQUIRES_BLOCKER_RESOLUTION,supports parent relation; not itself source data
3,storage,vector_indexes.vector_indexes_pkey,INDEX,REQUIRES_BLOCKER_RESOLUTION,supports parent relation; not itself source data
3,vault,secrets.secrets_name_idx,INDEX,REQUIRES_BLOCKER_RESOLUTION,supports parent relation; not itself source data
3,vault,secrets.secrets_pkey,INDEX,REQUIRES_BLOCKER_RESOLUTION,supports parent relation; not itself source data
3,auth,audit_log_entries.audit_log_entries_pkey,PRIMARY_KEY,REQUIRES_BLOCKER_RESOLUTION,supports parent relation; not itself source data
3,auth,custom_oauth_providers.custom_oauth_providers_authorization_url_https,CHECK_CONSTRAINT,REQUIRES_BLOCKER_RESOLUTION,supports parent relation; not itself source data
3,auth,custom_oauth_providers.custom_oauth_providers_authorization_url_length,CHECK_CONSTRAINT,REQUIRES_BLOCKER_RESOLUTION,supports parent relation; not itself source data
3,auth,custom_oauth_providers.custom_oauth_providers_client_id_length,CHECK_CONSTRAINT,REQUIRES_BLOCKER_RESOLUTION,supports parent relation; not itself source data
3,auth,custom_oauth_providers.custom_oauth_providers_discovery_url_length,CHECK_CONSTRAINT,REQUIRES_BLOCKER_RESOLUTION,supports parent relation; not itself source data
3,auth,custom_oauth_providers.custom_oauth_providers_identifier_format,CHECK_CONSTRAINT,REQUIRES_BLOCKER_RESOLUTION,supports parent relation; not itself source data
3,auth,custom_oauth_providers.custom_oauth_providers_identifier_key,UNIQUE_CONSTRAINT,REQUIRES_BLOCKER_RESOLUTION,supports parent relation; not itself source data
3,auth,custom_oauth_providers.custom_oauth_providers_issuer_length,CHECK_CONSTRAINT,REQUIRES_BLOCKER_RESOLUTION,supports parent relation; not itself source data
3,auth,custom_oauth_providers.custom_oauth_providers_jwks_uri_https,CHECK_CONSTRAINT,REQUIRES_BLOCKER_RESOLUTION,supports parent relation; not itself source data
3,auth,custom_oauth_providers.custom_oauth_providers_jwks_uri_length,CHECK_CONSTRAINT,REQUIRES_BLOCKER_RESOLUTION,supports parent relation; not itself source data
3,auth,custom_oauth_providers.custom_oauth_providers_name_length,CHECK_CONSTRAINT,REQUIRES_BLOCKER_RESOLUTION,supports parent relation; not itself source data
3,auth,custom_oauth_providers.custom_oauth_providers_oauth2_requires_endpoints,CHECK_CONSTRAINT,REQUIRES_BLOCKER_RESOLUTION,supports parent relation; not itself source data
3,auth,custom_oauth_providers.custom_oauth_providers_oidc_discovery_url_https,CHECK_CONSTRAINT,REQUIRES_BLOCKER_RESOLUTION,supports parent relation; not itself source data
3,auth,custom_oauth_providers.custom_oauth_providers_oidc_issuer_https,CHECK_CONSTRAINT,REQUIRES_BLOCKER_RESOLUTION,supports parent relation; not itself source data
3,auth,custom_oauth_providers.custom_oauth_providers_oidc_requires_issuer,CHECK_CONSTRAINT,REQUIRES_BLOCKER_RESOLUTION,supports parent relation; not itself source data
3,auth,custom_oauth_providers.custom_oauth_providers_pkey,PRIMARY_KEY,REQUIRES_BLOCKER_RESOLUTION,supports parent relation; not itself source data
3,auth,custom_oauth_providers.custom_oauth_providers_provider_type_check,CHECK_CONSTRAINT,REQUIRES_BLOCKER_RESOLUTION,supports parent relation; not itself source data
3,auth,custom_oauth_providers.custom_oauth_providers_token_url_https,CHECK_CONSTRAINT,REQUIRES_BLOCKER_RESOLUTION,supports parent relation; not itself source data
3,auth,custom_oauth_providers.custom_oauth_providers_token_url_length,CHECK_CONSTRAINT,REQUIRES_BLOCKER_RESOLUTION,supports parent relation; not itself source data
3,auth,custom_oauth_providers.custom_oauth_providers_userinfo_url_https,CHECK_CONSTRAINT,REQUIRES_BLOCKER_RESOLUTION,supports parent relation; not itself source data
3,auth,custom_oauth_providers.custom_oauth_providers_userinfo_url_length,CHECK_CONSTRAINT,REQUIRES_BLOCKER_RESOLUTION,supports parent relation; not itself source data
3,auth,flow_state.flow_state_pkey,PRIMARY_KEY,REQUIRES_BLOCKER_RESOLUTION,supports parent relation; not itself source data
3,auth,identities.identities_pkey,PRIMARY_KEY,REQUIRES_BLOCKER_RESOLUTION,supports parent relation; not itself source data
3,auth,identities.identities_provider_id_provider_unique,UNIQUE_CONSTRAINT,REQUIRES_BLOCKER_RESOLUTION,supports parent relation; not itself source data
3,auth,identities.identities_user_id_fkey,FOREIGN_KEY,REQUIRES_BLOCKER_RESOLUTION,supports parent relation; not itself source data
3,auth,instances.instances_pkey,PRIMARY_KEY,REQUIRES_BLOCKER_RESOLUTION,supports parent relation; not itself source data
3,auth,mfa_amr_claims.amr_id_pk,PRIMARY_KEY,REQUIRES_BLOCKER_RESOLUTION,supports parent relation; not itself source data
3,auth,mfa_amr_claims.mfa_amr_claims_session_id_authentication_method_pkey,UNIQUE_CONSTRAINT,REQUIRES_BLOCKER_RESOLUTION,supports parent relation; not itself source data
3,auth,mfa_amr_claims.mfa_amr_claims_session_id_fkey,FOREIGN_KEY,REQUIRES_BLOCKER_RESOLUTION,supports parent relation; not itself source data
3,auth,mfa_challenges.mfa_challenges_auth_factor_id_fkey,FOREIGN_KEY,REQUIRES_BLOCKER_RESOLUTION,supports parent relation; not itself source data
3,auth,mfa_challenges.mfa_challenges_pkey,PRIMARY_KEY,REQUIRES_BLOCKER_RESOLUTION,supports parent relation; not itself source data
3,auth,mfa_factors.mfa_factors_last_challenged_at_key,UNIQUE_CONSTRAINT,REQUIRES_BLOCKER_RESOLUTION,supports parent relation; not itself source data
3,auth,mfa_factors.mfa_factors_pkey,PRIMARY_KEY,REQUIRES_BLOCKER_RESOLUTION,supports parent relation; not itself source data
3,auth,mfa_factors.mfa_factors_user_id_fkey,FOREIGN_KEY,REQUIRES_BLOCKER_RESOLUTION,supports parent relation; not itself source data
3,auth,oauth_authorizations.oauth_authorizations_authorization_code_key,UNIQUE_CONSTRAINT,REQUIRES_BLOCKER_RESOLUTION,supports parent relation; not itself source data
3,auth,oauth_authorizations.oauth_authorizations_authorization_code_length,CHECK_CONSTRAINT,REQUIRES_BLOCKER_RESOLUTION,supports parent relation; not itself source data
3,auth,oauth_authorizations.oauth_authorizations_authorization_id_key,UNIQUE_CONSTRAINT,REQUIRES_BLOCKER_RESOLUTION,supports parent relation; not itself source data
3,auth,oauth_authorizations.oauth_authorizations_client_id_fkey,FOREIGN_KEY,REQUIRES_BLOCKER_RESOLUTION,supports parent relation; not itself source data
3,auth,oauth_authorizations.oauth_authorizations_code_challenge_length,CHECK_CONSTRAINT,REQUIRES_BLOCKER_RESOLUTION,supports parent relation; not itself source data
3,auth,oauth_authorizations.oauth_authorizations_expires_at_future,CHECK_CONSTRAINT,REQUIRES_BLOCKER_RESOLUTION,supports parent relation; not itself source data
3,auth,oauth_authorizations.oauth_authorizations_nonce_length,CHECK_CONSTRAINT,REQUIRES_BLOCKER_RESOLUTION,supports parent relation; not itself source data
3,auth,oauth_authorizations.oauth_authorizations_pkey,PRIMARY_KEY,REQUIRES_BLOCKER_RESOLUTION,supports parent relation; not itself source data
3,auth,oauth_authorizations.oauth_authorizations_redirect_uri_length,CHECK_CONSTRAINT,REQUIRES_BLOCKER_RESOLUTION,supports parent relation; not itself source data
3,auth,oauth_authorizations.oauth_authorizations_resource_length,CHECK_CONSTRAINT,REQUIRES_BLOCKER_RESOLUTION,supports parent relation; not itself source data
3,auth,oauth_authorizations.oauth_authorizations_scope_length,CHECK_CONSTRAINT,REQUIRES_BLOCKER_RESOLUTION,supports parent relation; not itself source data
3,auth,oauth_authorizations.oauth_authorizations_state_length,CHECK_CONSTRAINT,REQUIRES_BLOCKER_RESOLUTION,supports parent relation; not itself source data
3,auth,oauth_authorizations.oauth_authorizations_user_id_fkey,FOREIGN_KEY,REQUIRES_BLOCKER_RESOLUTION,supports parent relation; not itself source data
3,auth,oauth_client_states.oauth_client_states_pkey,PRIMARY_KEY,REQUIRES_BLOCKER_RESOLUTION,supports parent relation; not itself source data
3,auth,oauth_clients.oauth_clients_client_name_length,CHECK_CONSTRAINT,REQUIRES_BLOCKER_RESOLUTION,supports parent relation; not itself source data
3,auth,oauth_clients.oauth_clients_client_uri_length,CHECK_CONSTRAINT,REQUIRES_BLOCKER_RESOLUTION,supports parent relation; not itself source data
3,auth,oauth_clients.oauth_clients_logo_uri_length,CHECK_CONSTRAINT,REQUIRES_BLOCKER_RESOLUTION,supports parent relation; not itself source data
3,auth,oauth_clients.oauth_clients_pkey,PRIMARY_KEY,REQUIRES_BLOCKER_RESOLUTION,supports parent relation; not itself source data
3,auth,oauth_clients.oauth_clients_token_endpoint_auth_method_check,CHECK_CONSTRAINT,REQUIRES_BLOCKER_RESOLUTION,supports parent relation; not itself source data
3,auth,oauth_consents.oauth_consents_client_id_fkey,FOREIGN_KEY,REQUIRES_BLOCKER_RESOLUTION,supports parent relation; not itself source data
3,auth,oauth_consents.oauth_consents_pkey,PRIMARY_KEY,REQUIRES_BLOCKER_RESOLUTION,supports parent relation; not itself source data
3,auth,oauth_consents.oauth_consents_revoked_after_granted,CHECK_CONSTRAINT,REQUIRES_BLOCKER_RESOLUTION,supports parent relation; not itself source data
3,auth,oauth_consents.oauth_consents_scopes_length,CHECK_CONSTRAINT,REQUIRES_BLOCKER_RESOLUTION,supports parent relation; not itself source data
3,auth,oauth_consents.oauth_consents_scopes_not_empty,CHECK_CONSTRAINT,REQUIRES_BLOCKER_RESOLUTION,supports parent relation; not itself source data
3,auth,oauth_consents.oauth_consents_user_client_unique,UNIQUE_CONSTRAINT,REQUIRES_BLOCKER_RESOLUTION,supports parent relation; not itself source data
3,auth,oauth_consents.oauth_consents_user_id_fkey,FOREIGN_KEY,REQUIRES_BLOCKER_RESOLUTION,supports parent relation; not itself source data
3,auth,one_time_tokens.one_time_tokens_pkey,PRIMARY_KEY,REQUIRES_BLOCKER_RESOLUTION,supports parent relation; not itself source data
3,auth,one_time_tokens.one_time_tokens_token_hash_check,CHECK_CONSTRAINT,REQUIRES_BLOCKER_RESOLUTION,supports parent relation; not itself source data
3,auth,one_time_tokens.one_time_tokens_user_id_fkey,FOREIGN_KEY,REQUIRES_BLOCKER_RESOLUTION,supports parent relation; not itself source data
3,auth,refresh_tokens.refresh_tokens_pkey,PRIMARY_KEY,REQUIRES_BLOCKER_RESOLUTION,supports parent relation; not itself source data
3,auth,refresh_tokens.refresh_tokens_session_id_fkey,FOREIGN_KEY,REQUIRES_BLOCKER_RESOLUTION,supports parent relation; not itself source data
3,auth,refresh_tokens.refresh_tokens_token_unique,UNIQUE_CONSTRAINT,REQUIRES_BLOCKER_RESOLUTION,supports parent relation; not itself source data
3,auth,saml_providers.entity_id not empty,CHECK_CONSTRAINT,REQUIRES_BLOCKER_RESOLUTION,supports parent relation; not itself source data
3,auth,saml_providers.metadata_url not empty,CHECK_CONSTRAINT,REQUIRES_BLOCKER_RESOLUTION,supports parent relation; not itself source data
3,auth,saml_providers.metadata_xml not empty,CHECK_CONSTRAINT,REQUIRES_BLOCKER_RESOLUTION,supports parent relation; not itself source data
3,auth,saml_providers.saml_providers_entity_id_key,UNIQUE_CONSTRAINT,REQUIRES_BLOCKER_RESOLUTION,supports parent relation; not itself source data
3,auth,saml_providers.saml_providers_pkey,PRIMARY_KEY,REQUIRES_BLOCKER_RESOLUTION,supports parent relation; not itself source data
3,auth,saml_providers.saml_providers_sso_provider_id_fkey,FOREIGN_KEY,REQUIRES_BLOCKER_RESOLUTION,supports parent relation; not itself source data
3,auth,saml_relay_states.request_id not empty,CHECK_CONSTRAINT,REQUIRES_BLOCKER_RESOLUTION,supports parent relation; not itself source data
3,auth,saml_relay_states.saml_relay_states_flow_state_id_fkey,FOREIGN_KEY,REQUIRES_BLOCKER_RESOLUTION,supports parent relation; not itself source data
3,auth,saml_relay_states.saml_relay_states_pkey,PRIMARY_KEY,REQUIRES_BLOCKER_RESOLUTION,supports parent relation; not itself source data
3,auth,saml_relay_states.saml_relay_states_sso_provider_id_fkey,FOREIGN_KEY,REQUIRES_BLOCKER_RESOLUTION,supports parent relation; not itself source data
3,auth,schema_migrations.schema_migrations_pkey,PRIMARY_KEY,REQUIRES_BLOCKER_RESOLUTION,supports parent relation; not itself source data
3,auth,sessions.sessions_oauth_client_id_fkey,FOREIGN_KEY,REQUIRES_BLOCKER_RESOLUTION,supports parent relation; not itself source data
3,auth,sessions.sessions_pkey,PRIMARY_KEY,REQUIRES_BLOCKER_RESOLUTION,supports parent relation; not itself source data
3,auth,sessions.sessions_scopes_length,CHECK_CONSTRAINT,REQUIRES_BLOCKER_RESOLUTION,supports parent relation; not itself source data
3,auth,sessions.sessions_user_id_fkey,FOREIGN_KEY,REQUIRES_BLOCKER_RESOLUTION,supports parent relation; not itself source data
3,auth,sso_domains.domain not empty,CHECK_CONSTRAINT,REQUIRES_BLOCKER_RESOLUTION,supports parent relation; not itself source data
3,auth,sso_domains.sso_domains_pkey,PRIMARY_KEY,REQUIRES_BLOCKER_RESOLUTION,supports parent relation; not itself source data
3,auth,sso_domains.sso_domains_sso_provider_id_fkey,FOREIGN_KEY,REQUIRES_BLOCKER_RESOLUTION,supports parent relation; not itself source data
3,auth,sso_providers.resource_id not empty,CHECK_CONSTRAINT,REQUIRES_BLOCKER_RESOLUTION,supports parent relation; not itself source data
3,auth,sso_providers.sso_providers_pkey,PRIMARY_KEY,REQUIRES_BLOCKER_RESOLUTION,supports parent relation; not itself source data
3,auth,users.users_email_change_confirm_status_check,CHECK_CONSTRAINT,REQUIRES_BLOCKER_RESOLUTION,supports parent relation; not itself source data
3,auth,users.users_phone_key,UNIQUE_CONSTRAINT,REQUIRES_BLOCKER_RESOLUTION,supports parent relation; not itself source data
3,auth,users.users_pkey,PRIMARY_KEY,REQUIRES_BLOCKER_RESOLUTION,supports parent relation; not itself source data
3,auth,webauthn_challenges.webauthn_challenges_challenge_type_check,CHECK_CONSTRAINT,REQUIRES_BLOCKER_RESOLUTION,supports parent relation; not itself source data
3,auth,webauthn_challenges.webauthn_challenges_pkey,PRIMARY_KEY,REQUIRES_BLOCKER_RESOLUTION,supports parent relation; not itself source data
3,auth,webauthn_challenges.webauthn_challenges_user_id_fkey,FOREIGN_KEY,REQUIRES_BLOCKER_RESOLUTION,supports parent relation; not itself source data
3,auth,webauthn_credentials.webauthn_credentials_pkey,PRIMARY_KEY,REQUIRES_BLOCKER_RESOLUTION,supports parent relation; not itself source data
3,auth,webauthn_credentials.webauthn_credentials_user_id_fkey,FOREIGN_KEY,REQUIRES_BLOCKER_RESOLUTION,supports parent relation; not itself source data
3,cron,job.job_pkey,PRIMARY_KEY,REQUIRES_BLOCKER_RESOLUTION,supports parent relation; not itself source data
3,cron,job.jobname_username_uniq,UNIQUE_CONSTRAINT,REQUIRES_BLOCKER_RESOLUTION,supports parent relation; not itself source data
3,cron,job_run_details.job_run_details_pkey,PRIMARY_KEY,REQUIRES_BLOCKER_RESOLUTION,supports parent relation; not itself source data
2,mlb,bvp_stats.bvp_stats_batter_id_fkey,FOREIGN_KEY,REQUIRES_BLOCKER_RESOLUTION,supports parent relation; not itself source data
2,mlb,bvp_stats.bvp_stats_batter_id_pos,CHECK_CONSTRAINT,REQUIRES_BLOCKER_RESOLUTION,supports parent relation; not itself source data
2,mlb,bvp_stats.bvp_stats_game_id_fkey,FOREIGN_KEY,REQUIRES_BLOCKER_RESOLUTION,supports parent relation; not itself source data
2,mlb,bvp_stats.bvp_stats_game_id_pos,CHECK_CONSTRAINT,REQUIRES_BLOCKER_RESOLUTION,supports parent relation; not itself source data
2,mlb,bvp_stats.bvp_stats_pitcher_id_fkey,FOREIGN_KEY,REQUIRES_BLOCKER_RESOLUTION,supports parent relation; not itself source data
2,mlb,bvp_stats.bvp_stats_pitcher_id_pos,CHECK_CONSTRAINT,REQUIRES_BLOCKER_RESOLUTION,supports parent relation; not itself source data
2,mlb,bvp_stats.bvp_stats_pkey,PRIMARY_KEY,REQUIRES_BLOCKER_RESOLUTION,supports parent relation; not itself source data
3,mlb,game_info.game_info_game_id_key,UNIQUE_CONSTRAINT,RETAIN_OPERATIONAL,supports parent relation; not itself source data
3,mlb,game_info.game_info_pkey,PRIMARY_KEY,RETAIN_OPERATIONAL,supports parent relation; not itself source data
2,mlb,model_training_props.model_training_props_game_id_fkey,FOREIGN_KEY,REQUIRES_BLOCKER_RESOLUTION,supports parent relation; not itself source data
2,mlb,model_training_props.model_training_props_game_id_pos,CHECK_CONSTRAINT,REQUIRES_BLOCKER_RESOLUTION,supports parent relation; not itself source data
2,mlb,model_training_props.model_training_props_pkey,PRIMARY_KEY,REQUIRES_BLOCKER_RESOLUTION,supports parent relation; not itself source data
2,mlb,model_training_props.model_training_props_player_id_fkey,FOREIGN_KEY,REQUIRES_BLOCKER_RESOLUTION,supports parent relation; not itself source data
2,mlb,model_training_props.model_training_props_player_id_pos,CHECK_CONSTRAINT,REQUIRES_BLOCKER_RESOLUTION,supports parent relation; not itself source data
2,mlb,model_training_props.mtp_team_text_no_leagues,CHECK_CONSTRAINT,REQUIRES_BLOCKER_RESOLUTION,supports parent relation; not itself source data
2,mlb,model_training_props.mtp_team_text_numeric,CHECK_CONSTRAINT,REQUIRES_BLOCKER_RESOLUTION,supports parent relation; not itself source data
2,mlb,model_training_props.unique_player_game_prop,UNIQUE_CONSTRAINT,REQUIRES_BLOCKER_RESOLUTION,supports parent relation; not itself source data
2,mlb,player_derived_stats.player_derived_stats_game_id_fkey,FOREIGN_KEY,REQUIRES_BLOCKER_RESOLUTION,supports parent relation; not itself source data
2,mlb,player_derived_stats.player_derived_stats_game_id_pos,CHECK_CONSTRAINT,REQUIRES_BLOCKER_RESOLUTION,supports parent relation; not itself source data
2,mlb,player_derived_stats.player_derived_stats_pkey,PRIMARY_KEY,REQUIRES_BLOCKER_RESOLUTION,supports parent relation; not itself source data
2,mlb,player_derived_stats.player_derived_stats_player_id_fkey,FOREIGN_KEY,REQUIRES_BLOCKER_RESOLUTION,supports parent relation; not itself source data
2,mlb,player_derived_stats.player_derived_stats_player_id_game_id_key,UNIQUE_CONSTRAINT,REQUIRES_BLOCKER_RESOLUTION,supports parent relation; not itself source data
2,mlb,player_derived_stats.player_derived_stats_player_id_pos,CHECK_CONSTRAINT,REQUIRES_BLOCKER_RESOLUTION,supports parent relation; not itself source data
2,mlb,player_derived_stats.player_derived_stats_unique_key,UNIQUE_CONSTRAINT,REQUIRES_BLOCKER_RESOLUTION,supports parent relation; not itself source data
2,mlb,player_derived_stats.player_game_unique,UNIQUE_CONSTRAINT,REQUIRES_BLOCKER_RESOLUTION,supports parent relation; not itself source data
3,mlb,player_ids.player_ids_no_unknown_real,CHECK_CONSTRAINT,REQUIRES_BLOCKER_RESOLUTION,supports parent relation; not itself source data
3,mlb,player_ids.player_ids_pkey,PRIMARY_KEY,REQUIRES_BLOCKER_RESOLUTION,supports parent relation; not itself source data
3,mlb,player_ids.player_ids_player_id_key,UNIQUE_CONSTRAINT,REQUIRES_BLOCKER_RESOLUTION,supports parent relation; not itself source data
3,mlb,player_ids.player_ids_player_id_unique,UNIQUE_CONSTRAINT,REQUIRES_BLOCKER_RESOLUTION,supports parent relation; not itself source data
3,mlb,player_ids.player_ids_player_name_not_blank,CHECK_CONSTRAINT,REQUIRES_BLOCKER_RESOLUTION,supports parent relation; not itself source data
3,mlb,player_profiles_cache.player_profiles_cache_pkey,PRIMARY_KEY,REQUIRES_BLOCKER_RESOLUTION,supports parent relation; not itself source data
3,mlb,player_profiles_cache.player_profiles_cache_player_id_fkey,FOREIGN_KEY,REQUIRES_BLOCKER_RESOLUTION,supports parent relation; not itself source data
3,mlb,player_profiles_cache.player_profiles_cache_player_id_pos,CHECK_CONSTRAINT,REQUIRES_BLOCKER_RESOLUTION,supports parent relation; not itself source data
3,mlb,player_props.player_props_game_id_fkey,FOREIGN_KEY,RETAIN_OPERATIONAL,supports parent relation; not itself source data
3,mlb,player_props.player_props_game_id_pos,CHECK_CONSTRAINT,RETAIN_OPERATIONAL,supports parent relation; not itself source data
3,mlb,player_props.player_props_pkey,PRIMARY_KEY,RETAIN_OPERATIONAL,supports parent relation; not itself source data
3,mlb,player_props.player_props_player_id_fkey,FOREIGN_KEY,RETAIN_OPERATIONAL,supports parent relation; not itself source data
3,mlb,player_props.player_props_player_id_pos,CHECK_CONSTRAINT,RETAIN_OPERATIONAL,supports parent relation; not itself source data
3,mlb,player_props.status_check,CHECK_CONSTRAINT,RETAIN_OPERATIONAL,supports parent relation; not itself source data
3,mlb,player_props.uq_player_props_by_src_value,UNIQUE_CONSTRAINT,RETAIN_OPERATIONAL,supports parent relation; not itself source data
3,mlb,player_stats.player_stats_game_id_fkey,FOREIGN_KEY,RETAIN_OPERATIONAL,supports parent relation; not itself source data
3,mlb,player_stats.player_stats_game_id_pos,CHECK_CONSTRAINT,RETAIN_OPERATIONAL,supports parent relation; not itself source data
3,mlb,player_stats.player_stats_pkey,PRIMARY_KEY,RETAIN_OPERATIONAL,supports parent relation; not itself source data
3,mlb,player_stats.player_stats_player_id_fkey,FOREIGN_KEY,RETAIN_OPERATIONAL,supports parent relation; not itself source data
3,mlb,player_stats.player_stats_player_id_pos,CHECK_CONSTRAINT,RETAIN_OPERATIONAL,supports parent relation; not itself source data
2,mlb,player_streak_history.player_streak_history_pkey,PRIMARY_KEY,REQUIRES_BLOCKER_RESOLUTION,supports parent relation; not itself source data
2,mlb,player_streak_history.psh_streak_type_check,CHECK_CONSTRAINT,REQUIRES_BLOCKER_RESOLUTION,supports parent relation; not itself source data
2,mlb,player_streak_profiles.player_streak_profiles_pkey,PRIMARY_KEY,REQUIRES_BLOCKER_RESOLUTION,supports parent relation; not itself source data
2,mlb,player_streak_profiles.player_streak_profiles_streak_type_check,CHECK_CONSTRAINT,REQUIRES_BLOCKER_RESOLUTION,supports parent relation; not itself source data
2,mlb,player_streak_profiles.unique_player_prop_source,UNIQUE_CONSTRAINT,REQUIRES_BLOCKER_RESOLUTION,supports parent relation; not itself source data
3,mlb,player_team_by_game.player_team_by_game_pkey,PRIMARY_KEY,REQUIRES_BLOCKER_RESOLUTION,supports parent relation; not itself source data
2,mlb,prop_features_precomputed.prop_features_precomputed_pkey,PRIMARY_KEY,REQUIRES_BLOCKER_RESOLUTION,supports parent relation; not itself source data
3,nhl,backfill_progress.backfill_progress_pkey,PRIMARY_KEY,REQUIRES_BLOCKER_RESOLUTION,supports parent relation; not itself source data
3,nhl,blocked_shot_events.blocked_shot_events_game_id_fkey,FOREIGN_KEY,REQUIRES_BLOCKER_RESOLUTION,supports parent relation; not itself source data
3,nhl,blocked_shot_events.blocked_shot_events_pkey,PRIMARY_KEY,REQUIRES_BLOCKER_RESOLUTION,supports parent relation; not itself source data
3,nhl,data_quality_audit.data_quality_audit_level_check,CHECK_CONSTRAINT,REQUIRES_BLOCKER_RESOLUTION,supports parent relation; not itself source data
3,nhl,data_quality_audit.data_quality_audit_pkey,PRIMARY_KEY,REQUIRES_BLOCKER_RESOLUTION,supports parent relation; not itself source data
3,nhl,eval_sog_daily.eval_sog_daily_pkey,PRIMARY_KEY,REQUIRES_BLOCKER_RESOLUTION,supports parent relation; not itself source data
3,nhl,game_manpower_segments.game_manpower_segments_pkey,PRIMARY_KEY,REQUIRES_BLOCKER_RESOLUTION,supports parent relation; not itself source data
3,nhl,games.games_away_team_fk,FOREIGN_KEY,REQUIRES_BLOCKER_RESOLUTION,supports parent relation; not itself source data
3,nhl,games.games_canonical_id_chk,CHECK_CONSTRAINT,REQUIRES_BLOCKER_RESOLUTION,supports parent relation; not itself source data
3,nhl,games.games_game_type_chk,CHECK_CONSTRAINT,REQUIRES_BLOCKER_RESOLUTION,supports parent relation; not itself source data
3,nhl,games.games_home_team_fk,FOREIGN_KEY,REQUIRES_BLOCKER_RESOLUTION,supports parent relation; not itself source data
3,nhl,games.games_pkey,PRIMARY_KEY,REQUIRES_BLOCKER_RESOLUTION,supports parent relation; not itself source data
3,nhl,games.games_season_start_year_chk,CHECK_CONSTRAINT,REQUIRES_BLOCKER_RESOLUTION,supports parent relation; not itself source data
3,nhl,games.games_short_consistency_chk,CHECK_CONSTRAINT,REQUIRES_BLOCKER_RESOLUTION,supports parent relation; not itself source data
3,nhl,games.games_unique_short,UNIQUE_CONSTRAINT,REQUIRES_BLOCKER_RESOLUTION,supports parent relation; not itself source data
3,nhl,games_season_audit.games_season_audit_pkey,PRIMARY_KEY,REQUIRES_BLOCKER_RESOLUTION,supports parent relation; not itself source data
3,nhl,games_write_audit.games_write_audit_pkey,PRIMARY_KEY,REQUIRES_BLOCKER_RESOLUTION,supports parent relation; not itself source data
3,nhl,goalie_game_logs_raw.goalie_game_logs_raw_goals_allowed_check,CHECK_CONSTRAINT,REQUIRES_BLOCKER_RESOLUTION,supports parent relation; not itself source data
3,nhl,goalie_game_logs_raw.goalie_game_logs_raw_opponent_id_fkey,FOREIGN_KEY,REQUIRES_BLOCKER_RESOLUTION,supports parent relation; not itself source data
3,nhl,goalie_game_logs_raw.goalie_game_logs_raw_pkey,PRIMARY_KEY,REQUIRES_BLOCKER_RESOLUTION,supports parent relation; not itself source data
3,nhl,goalie_game_logs_raw.goalie_game_logs_raw_player_id_fkey,FOREIGN_KEY,REQUIRES_BLOCKER_RESOLUTION,supports parent relation; not itself source data
3,nhl,goalie_game_logs_raw.goalie_game_logs_raw_saves_check,CHECK_CONSTRAINT,REQUIRES_BLOCKER_RESOLUTION,supports parent relation; not itself source data
3,nhl,goalie_game_logs_raw.goalie_game_logs_raw_shots_faced_check,CHECK_CONSTRAINT,REQUIRES_BLOCKER_RESOLUTION,supports parent relation; not itself source data
3,nhl,goalie_game_logs_raw.goalie_game_logs_raw_team_id_fkey,FOREIGN_KEY,REQUIRES_BLOCKER_RESOLUTION,supports parent relation; not itself source data
3,nhl,goalie_game_logs_raw.goalie_game_logs_raw_toi_minutes_check,CHECK_CONSTRAINT,REQUIRES_BLOCKER_RESOLUTION,supports parent relation; not itself source data
3,nhl,goalie_rolling_agg.goalie_rolling_agg_pkey,PRIMARY_KEY,REQUIRES_BLOCKER_RESOLUTION,supports parent relation; not itself source data
3,nhl,goalie_rolling_agg.goalie_rolling_agg_player_id_fkey,FOREIGN_KEY,REQUIRES_BLOCKER_RESOLUTION,supports parent relation; not itself source data
3,nhl,keep_games_filter.keep_games_filter_pkey,PRIMARY_KEY,REQUIRES_BLOCKER_RESOLUTION,supports parent relation; not itself source data
3,nhl,pairing_features_store_v2.pairing_features_store_v2_pkey,PRIMARY_KEY,REQUIRES_BLOCKER_RESOLUTION,supports parent relation; not itself source data
3,nhl,player_external_ids.player_external_ids_pkey,PRIMARY_KEY,REQUIRES_BLOCKER_RESOLUTION,supports parent relation; not itself source data
3,nhl,player_external_ids.player_external_ids_player_id_fkey,FOREIGN_KEY,REQUIRES_BLOCKER_RESOLUTION,supports parent relation; not itself source data
3,nhl,player_external_ids.player_external_ids_provider_provider_player_id_key,UNIQUE_CONSTRAINT,REQUIRES_BLOCKER_RESOLUTION,supports parent relation; not itself source data
3,nhl,player_external_ids.uq_player_external_ids_player_provider,UNIQUE_CONSTRAINT,REQUIRES_BLOCKER_RESOLUTION,supports parent relation; not itself source data
3,nhl,players.players_current_team_id_fkey,FOREIGN_KEY,REQUIRES_BLOCKER_RESOLUTION,supports parent relation; not itself source data
3,nhl,players.players_no_placeholder_fullname,CHECK_CONSTRAINT,REQUIRES_BLOCKER_RESOLUTION,supports parent relation; not itself source data
3,nhl,players.players_pkey,PRIMARY_KEY,REQUIRES_BLOCKER_RESOLUTION,supports parent relation; not itself source data
3,nhl,players.players_position_check,CHECK_CONSTRAINT,REQUIRES_BLOCKER_RESOLUTION,supports parent relation; not itself source data
3,nhl,players.players_shoots_catches_check,CHECK_CONSTRAINT,REQUIRES_BLOCKER_RESOLUTION,supports parent relation; not itself source data
3,nhl,pp_roles_slate.pk_pp_roles_slate,PRIMARY_KEY,REQUIRES_BLOCKER_RESOLUTION,supports parent relation; not itself source data
3,nhl,predictions.predictions_pkey,PRIMARY_KEY,REQUIRES_BLOCKER_RESOLUTION,supports parent relation; not itself source data
3,nhl,predictions.uq_pred,UNIQUE_CONSTRAINT,REQUIRES_BLOCKER_RESOLUTION,supports parent relation; not itself source data
3,nhl,roster_names.roster_names_pkey,PRIMARY_KEY,REQUIRES_BLOCKER_RESOLUTION,supports parent relation; not itself source data
3,nhl,roster_status.roster_status_pkey,PRIMARY_KEY,REQUIRES_BLOCKER_RESOLUTION,supports parent relation; not itself source data
3,nhl,roster_status.roster_status_player_id_fkey,FOREIGN_KEY,REQUIRES_BLOCKER_RESOLUTION,supports parent relation; not itself source data
3,nhl,roster_status.roster_status_team_id_fkey,FOREIGN_KEY,REQUIRES_BLOCKER_RESOLUTION,supports parent relation; not itself source data
3,nhl,roster_status.roster_status_unique,UNIQUE_CONSTRAINT,REQUIRES_BLOCKER_RESOLUTION,supports parent relation; not itself source data
3,nhl,shift_teammate_overlap_game.shift_teammate_overlap_game_pkey,PRIMARY_KEY,REQUIRES_BLOCKER_RESOLUTION,supports parent relation; not itself source data
3,nhl,shift_teammate_overlap_game_recent_v2.shift_teammate_overlap_game_recent_v2_pkey,PRIMARY_KEY,REQUIRES_BLOCKER_RESOLUTION,supports parent relation; not itself source data
3,nhl,shiftcharts_pairings_game.shiftcharts_pairings_game_pkey,PRIMARY_KEY,REQUIRES_BLOCKER_RESOLUTION,supports parent relation; not itself source data
3,nhl,shiftcharts_raw.shiftcharts_raw_duration_nonneg_chk,CHECK_CONSTRAINT,REQUIRES_BLOCKER_RESOLUTION,supports parent relation; not itself source data
3,nhl,shiftcharts_raw.shiftcharts_raw_pk,PRIMARY_KEY,REQUIRES_BLOCKER_RESOLUTION,supports parent relation; not itself source data
3,nhl,shiftcharts_raw.shiftcharts_raw_shift_id_uniq,UNIQUE_CONSTRAINT,REQUIRES_BLOCKER_RESOLUTION,supports parent relation; not itself source data
3,nhl,shiftcharts_raw.shiftcharts_raw_time_order_chk,CHECK_CONSTRAINT,REQUIRES_BLOCKER_RESOLUTION,supports parent relation; not itself source data
3,nhl,shiftcharts_shifts.shiftcharts_shifts_pkey,PRIMARY_KEY,REQUIRES_BLOCKER_RESOLUTION,supports parent relation; not itself source data
3,nhl,shot_on_goal_events.shot_on_goal_events_game_id_fkey,FOREIGN_KEY,REQUIRES_BLOCKER_RESOLUTION,supports parent relation; not itself source data
3,nhl,shot_on_goal_events.shot_on_goal_events_pkey,PRIMARY_KEY,REQUIRES_BLOCKER_RESOLUTION,supports parent relation; not itself source data
3,nhl,shot_stats_denali.shot_stats_denali_pkey,PRIMARY_KEY,REQUIRES_BLOCKER_RESOLUTION,supports parent relation; not itself source data
3,nhl,skater_game_logs_raw.skater_game_logs_raw_blocks_check,CHECK_CONSTRAINT,REQUIRES_BLOCKER_RESOLUTION,supports parent relation; not itself source data
3,nhl,skater_game_logs_raw.skater_game_logs_raw_hits_check,CHECK_CONSTRAINT,REQUIRES_BLOCKER_RESOLUTION,supports parent relation; not itself source data
3,nhl,skater_game_logs_raw.skater_game_logs_raw_opponent_id_fkey,FOREIGN_KEY,REQUIRES_BLOCKER_RESOLUTION,supports parent relation; not itself source data
3,nhl,skater_game_logs_raw.skater_game_logs_raw_penalties_check,CHECK_CONSTRAINT,REQUIRES_BLOCKER_RESOLUTION,supports parent relation; not itself source data
3,nhl,skater_game_logs_raw.skater_game_logs_raw_pkey,PRIMARY_KEY,REQUIRES_BLOCKER_RESOLUTION,supports parent relation; not itself source data
3,nhl,skater_game_logs_raw.skater_game_logs_raw_player_id_fkey,FOREIGN_KEY,REQUIRES_BLOCKER_RESOLUTION,supports parent relation; not itself source data
3,nhl,skater_game_logs_raw.skater_game_logs_raw_pp_toi_minutes_check,CHECK_CONSTRAINT,REQUIRES_BLOCKER_RESOLUTION,supports parent relation; not itself source data
3,nhl,skater_game_logs_raw.skater_game_logs_raw_shot_attempts_check,CHECK_CONSTRAINT,REQUIRES_BLOCKER_RESOLUTION,supports parent relation; not itself source data
3,nhl,skater_game_logs_raw.skater_game_logs_raw_shots_on_goal_check,CHECK_CONSTRAINT,REQUIRES_BLOCKER_RESOLUTION,supports parent relation; not itself source data
3,nhl,skater_game_logs_raw.skater_game_logs_raw_team_id_fkey,FOREIGN_KEY,REQUIRES_BLOCKER_RESOLUTION,supports parent relation; not itself source data
3,nhl,skater_game_logs_raw.skater_game_logs_raw_toi_minutes_check,CHECK_CONSTRAINT,REQUIRES_BLOCKER_RESOLUTION,supports parent relation; not itself source data
3,nhl,skater_game_special_teams_exposure.skater_game_special_teams_exposure_pkey,PRIMARY_KEY,REQUIRES_BLOCKER_RESOLUTION,supports parent relation; not itself source data
3,nhl,skater_points_raw.skater_points_points_chk,CHECK_CONSTRAINT,REQUIRES_BLOCKER_RESOLUTION,supports parent relation; not itself source data
3,nhl,skater_points_raw.skater_points_raw_pk,PRIMARY_KEY,REQUIRES_BLOCKER_RESOLUTION,supports parent relation; not itself source data
3,nhl,skater_rolling_agg.skater_rolling_agg_pkey,PRIMARY_KEY,REQUIRES_BLOCKER_RESOLUTION,supports parent relation; not itself source data
3,nhl,skater_rolling_agg.skater_rolling_agg_player_id_fkey,FOREIGN_KEY,REQUIRES_BLOCKER_RESOLUTION,supports parent relation; not itself source data
3,nhl,team_context_rolling.team_context_rolling_pkey,PRIMARY_KEY,REQUIRES_BLOCKER_RESOLUTION,supports parent relation; not itself source data
3,nhl,team_context_rolling.team_context_rolling_team_id_fkey,FOREIGN_KEY,REQUIRES_BLOCKER_RESOLUTION,supports parent relation; not itself source data
3,nhl,team_external_ids.team_external_ids_pkey,PRIMARY_KEY,REQUIRES_BLOCKER_RESOLUTION,supports parent relation; not itself source data
3,nhl,team_external_ids.team_external_ids_provider_provider_team_id_key,UNIQUE_CONSTRAINT,REQUIRES_BLOCKER_RESOLUTION,supports parent relation; not itself source data
3,nhl,team_external_ids.team_external_ids_team_id_fkey,FOREIGN_KEY,REQUIRES_BLOCKER_RESOLUTION,supports parent relation; not itself source data
3,nhl,team_game_sit.team_game_sit_pkey,PRIMARY_KEY,REQUIRES_BLOCKER_RESOLUTION,supports parent relation; not itself source data
3,nhl,teams.teams_abbr_key,UNIQUE_CONSTRAINT,REQUIRES_BLOCKER_RESOLUTION,supports parent relation; not itself source data
3,nhl,teams.teams_pkey,PRIMARY_KEY,REQUIRES_BLOCKER_RESOLUTION,supports parent relation; not itself source data
3,nhl,tf_team_roll10.tf_team_roll10_team_date_unique,UNIQUE_CONSTRAINT,REQUIRES_BLOCKER_RESOLUTION,supports parent relation; not itself source data
3,nhl,training_features_goalie_saves_v2.training_features_goalie_saves_v2_pk,PRIMARY_KEY,REQUIRES_BLOCKER_RESOLUTION,supports parent relation; not itself source data
3,nhl,training_features_nhl_sog_enriched_pregame_v2.sog_pregame_v2_season_start_year_chk,CHECK_CONSTRAINT,REQUIRES_BLOCKER_RESOLUTION,supports parent relation; not itself source data
3,nhl,user_props.nhl_user_props_over_under_check,CHECK_CONSTRAINT,REQUIRES_BLOCKER_RESOLUTION,supports parent relation; not itself source data
3,nhl,user_props.nhl_user_props_prop_type_check,CHECK_CONSTRAINT,REQUIRES_BLOCKER_RESOLUTION,supports parent relation; not itself source data
3,nhl,user_props.user_props_opponent_id_fkey,FOREIGN_KEY,REQUIRES_BLOCKER_RESOLUTION,supports parent relation; not itself source data
3,nhl,user_props.user_props_pkey,PRIMARY_KEY,REQUIRES_BLOCKER_RESOLUTION,supports parent relation; not itself source data
3,nhl,user_props.user_props_player_id_fkey,FOREIGN_KEY,REQUIRES_BLOCKER_RESOLUTION,supports parent relation; not itself source data
3,nhl,user_props.user_props_team_id_fkey,FOREIGN_KEY,REQUIRES_BLOCKER_RESOLUTION,supports parent relation; not itself source data
3,public,mlb_team_map.mlb_team_map_pkey,PRIMARY_KEY,REQUIRES_BLOCKER_RESOLUTION,supports parent relation; not itself source data
3,public,opp_starter_per_game.opp_starter_per_game_pkey,PRIMARY_KEY,REQUIRES_BLOCKER_RESOLUTION,supports parent relation; not itself source data
3,realtime,messages.messages_pkey,PRIMARY_KEY,REQUIRES_BLOCKER_RESOLUTION,supports parent relation; not itself source data
3,realtime,messages_2026_02_21.messages_2026_02_21_pkey,PRIMARY_KEY,REQUIRES_BLOCKER_RESOLUTION,supports parent relation; not itself source data
3,realtime,messages_2026_02_22.messages_2026_02_22_pkey,PRIMARY_KEY,REQUIRES_BLOCKER_RESOLUTION,supports parent relation; not itself source data
3,realtime,messages_2026_02_23.messages_2026_02_23_pkey,PRIMARY_KEY,REQUIRES_BLOCKER_RESOLUTION,supports parent relation; not itself source data
3,realtime,messages_2026_02_24.messages_2026_02_24_pkey,PRIMARY_KEY,REQUIRES_BLOCKER_RESOLUTION,supports parent relation; not itself source data
3,realtime,messages_2026_02_25.messages_2026_02_25_pkey,PRIMARY_KEY,REQUIRES_BLOCKER_RESOLUTION,supports parent relation; not itself source data
3,realtime,messages_2026_02_26.messages_2026_02_26_pkey,PRIMARY_KEY,REQUIRES_BLOCKER_RESOLUTION,supports parent relation; not itself source data
3,realtime,messages_2026_02_27.messages_2026_02_27_pkey,PRIMARY_KEY,REQUIRES_BLOCKER_RESOLUTION,supports parent relation; not itself source data
3,realtime,schema_migrations.schema_migrations_pkey,PRIMARY_KEY,REQUIRES_BLOCKER_RESOLUTION,supports parent relation; not itself source data
3,realtime,subscription.pk_subscription,PRIMARY_KEY,REQUIRES_BLOCKER_RESOLUTION,supports parent relation; not itself source data
3,realtime,subscription.subscription_action_filter_check,CHECK_CONSTRAINT,REQUIRES_BLOCKER_RESOLUTION,supports parent relation; not itself source data
3,storage,buckets.buckets_pkey,PRIMARY_KEY,REQUIRES_BLOCKER_RESOLUTION,supports parent relation; not itself source data
3,storage,buckets_analytics.buckets_analytics_pkey,PRIMARY_KEY,REQUIRES_BLOCKER_RESOLUTION,supports parent relation; not itself source data
3,storage,buckets_vectors.buckets_vectors_pkey,PRIMARY_KEY,REQUIRES_BLOCKER_RESOLUTION,supports parent relation; not itself source data
3,storage,migrations.migrations_name_key,UNIQUE_CONSTRAINT,REQUIRES_BLOCKER_RESOLUTION,supports parent relation; not itself source data
3,storage,migrations.migrations_pkey,PRIMARY_KEY,REQUIRES_BLOCKER_RESOLUTION,supports parent relation; not itself source data
3,storage,objects.objects_bucketId_fkey,FOREIGN_KEY,REQUIRES_BLOCKER_RESOLUTION,supports parent relation; not itself source data
3,storage,objects.objects_pkey,PRIMARY_KEY,REQUIRES_BLOCKER_RESOLUTION,supports parent relation; not itself source data
3,storage,s3_multipart_uploads.s3_multipart_uploads_bucket_id_fkey,FOREIGN_KEY,REQUIRES_BLOCKER_RESOLUTION,supports parent relation; not itself source data
3,storage,s3_multipart_uploads.s3_multipart_uploads_pkey,PRIMARY_KEY,REQUIRES_BLOCKER_RESOLUTION,supports parent relation; not itself source data
3,storage,s3_multipart_uploads_parts.s3_multipart_uploads_parts_bucket_id_fkey,FOREIGN_KEY,REQUIRES_BLOCKER_RESOLUTION,supports parent relation; not itself source data
3,storage,s3_multipart_uploads_parts.s3_multipart_uploads_parts_pkey,PRIMARY_KEY,REQUIRES_BLOCKER_RESOLUTION,supports parent relation; not itself source data
3,storage,s3_multipart_uploads_parts.s3_multipart_uploads_parts_upload_id_fkey,FOREIGN_KEY,REQUIRES_BLOCKER_RESOLUTION,supports parent relation; not itself source data
3,storage,vector_indexes.vector_indexes_bucket_id_fkey,FOREIGN_KEY,REQUIRES_BLOCKER_RESOLUTION,supports parent relation; not itself source data
3,storage,vector_indexes.vector_indexes_pkey,PRIMARY_KEY,REQUIRES_BLOCKER_RESOLUTION,supports parent relation; not itself source data
3,vault,secrets.secrets_pkey,PRIMARY_KEY,REQUIRES_BLOCKER_RESOLUTION,supports parent relation; not itself source data
3,auth,auth,SCHEMA,REQUIRES_BLOCKER_RESOLUTION,namespace itself is not source data
3,cron,cron,SCHEMA,REQUIRES_BLOCKER_RESOLUTION,namespace itself is not source data
3,extensions,extensions,SCHEMA,REQUIRES_BLOCKER_RESOLUTION,namespace itself is not source data
3,graphql,graphql,SCHEMA,REQUIRES_BLOCKER_RESOLUTION,namespace itself is not source data
3,graphql_public,graphql_public,SCHEMA,REQUIRES_BLOCKER_RESOLUTION,namespace itself is not source data
3,mlb,mlb,SCHEMA,REQUIRES_BLOCKER_RESOLUTION,namespace itself is not source data
3,nhl,nhl,SCHEMA,REQUIRES_BLOCKER_RESOLUTION,namespace itself is not source data
3,public,public,SCHEMA,REQUIRES_BLOCKER_RESOLUTION,namespace itself is not source data
3,realtime,realtime,SCHEMA,REQUIRES_BLOCKER_RESOLUTION,namespace itself is not source data
3,storage,storage,SCHEMA,REQUIRES_BLOCKER_RESOLUTION,namespace itself is not source data
3,vault,vault,SCHEMA,REQUIRES_BLOCKER_RESOLUTION,namespace itself is not source data
3,extension,pg_cron,EXTENSION,REQUIRES_BLOCKER_RESOLUTION,platform/runtime metadata excluded from MLB source clean room
3,extension,pg_stat_statements,EXTENSION,REQUIRES_BLOCKER_RESOLUTION,platform/runtime metadata excluded from MLB source clean room
3,extension,pgcrypto,EXTENSION,REQUIRES_BLOCKER_RESOLUTION,platform/runtime metadata excluded from MLB source clean room
3,extension,pgjwt,EXTENSION,REQUIRES_BLOCKER_RESOLUTION,platform/runtime metadata excluded from MLB source clean room
3,extension,plpgsql,EXTENSION,REQUIRES_BLOCKER_RESOLUTION,platform/runtime metadata excluded from MLB source clean room
3,extension,supabase_vault,EXTENSION,REQUIRES_BLOCKER_RESOLUTION,platform/runtime metadata excluded from MLB source clean room
3,extension,uuid-ossp,EXTENSION,REQUIRES_BLOCKER_RESOLUTION,platform/runtime metadata excluded from MLB source clean room
3,cron,1,CRON_JOB,REQUIRES_BLOCKER_RESOLUTION,platform/runtime metadata excluded from MLB source clean room
3,cron,2,CRON_JOB,REQUIRES_BLOCKER_RESOLUTION,platform/runtime metadata excluded from MLB source clean room
3,cron,3,CRON_JOB,REQUIRES_BLOCKER_RESOLUTION,platform/runtime metadata excluded from MLB source clean room
3,cron,4,CRON_JOB,REQUIRES_BLOCKER_RESOLUTION,platform/runtime metadata excluded from MLB source clean room
3,cron,5,CRON_JOB,REQUIRES_BLOCKER_RESOLUTION,platform/runtime metadata excluded from MLB source clean room
3,cron,6,CRON_JOB,REQUIRES_BLOCKER_RESOLUTION,platform/runtime metadata excluded from MLB source clean room
3,cron,7,CRON_JOB,REQUIRES_BLOCKER_RESOLUTION,platform/runtime metadata excluded from MLB source clean room
3,cron,8,CRON_JOB,REQUIRES_BLOCKER_RESOLUTION,platform/runtime metadata excluded from MLB source clean room
3,cron,9,CRON_JOB,REQUIRES_BLOCKER_RESOLUTION,platform/runtime metadata excluded from MLB source clean room
3,cron,10,CRON_JOB,REQUIRES_BLOCKER_RESOLUTION,platform/runtime metadata excluded from MLB source clean room
3,storage,models,STORAGE_BUCKET,REQUIRES_BLOCKER_RESOLUTION,platform/runtime metadata excluded from MLB source clean room
3,storage,nhl_stats_data,STORAGE_BUCKET,REQUIRES_BLOCKER_RESOLUTION,platform/runtime metadata excluded from MLB source clean room
3,role,anon,ROLE,REQUIRES_BLOCKER_RESOLUTION,platform/runtime metadata excluded from MLB source clean room
3,role,authenticated,ROLE,REQUIRES_BLOCKER_RESOLUTION,platform/runtime metadata excluded from MLB source clean room
3,role,authenticator,ROLE,REQUIRES_BLOCKER_RESOLUTION,platform/runtime metadata excluded from MLB source clean room
3,role,dashboard_user,ROLE,REQUIRES_BLOCKER_RESOLUTION,platform/runtime metadata excluded from MLB source clean room
3,role,pgbouncer,ROLE,REQUIRES_BLOCKER_RESOLUTION,platform/runtime metadata excluded from MLB source clean room
3,role,postgres,ROLE,REQUIRES_BLOCKER_RESOLUTION,platform/runtime metadata excluded from MLB source clean room
3,role,service_role,ROLE,REQUIRES_BLOCKER_RESOLUTION,platform/runtime metadata excluded from MLB source clean room
3,role,supabase_admin,ROLE,REQUIRES_BLOCKER_RESOLUTION,platform/runtime metadata excluded from MLB source clean room
3,role,supabase_auth_admin,ROLE,REQUIRES_BLOCKER_RESOLUTION,platform/runtime metadata excluded from MLB source clean room
3,role,supabase_privileged_role,ROLE,REQUIRES_BLOCKER_RESOLUTION,platform/runtime metadata excluded from MLB source clean room
3,role,supabase_read_only_user,ROLE,REQUIRES_BLOCKER_RESOLUTION,platform/runtime metadata excluded from MLB source clean room
3,role,supabase_realtime_admin,ROLE,REQUIRES_BLOCKER_RESOLUTION,platform/runtime metadata excluded from MLB source clean room
3,role,supabase_replication_admin,ROLE,REQUIRES_BLOCKER_RESOLUTION,platform/runtime metadata excluded from MLB source clean room
3,role,supabase_storage_admin,ROLE,REQUIRES_BLOCKER_RESOLUTION,platform/runtime metadata excluded from MLB source clean room
3,trigger,cron,TRIGGER,REQUIRES_BLOCKER_RESOLUTION,platform/runtime metadata excluded from MLB source clean room
3,trigger,mlb,TRIGGER,REQUIRES_BLOCKER_RESOLUTION,platform/runtime metadata excluded from MLB source clean room
3,trigger,mlb,TRIGGER,REQUIRES_BLOCKER_RESOLUTION,platform/runtime metadata excluded from MLB source clean room
3,trigger,mlb,TRIGGER,REQUIRES_BLOCKER_RESOLUTION,platform/runtime metadata excluded from MLB source clean room
3,trigger,mlb,TRIGGER,REQUIRES_BLOCKER_RESOLUTION,platform/runtime metadata excluded from MLB source clean room
3,trigger,mlb,TRIGGER,REQUIRES_BLOCKER_RESOLUTION,platform/runtime metadata excluded from MLB source clean room
3,trigger,nhl,TRIGGER,REQUIRES_BLOCKER_RESOLUTION,platform/runtime metadata excluded from MLB source clean room
3,trigger,nhl,TRIGGER,REQUIRES_BLOCKER_RESOLUTION,platform/runtime metadata excluded from MLB source clean room
3,trigger,nhl,TRIGGER,REQUIRES_BLOCKER_RESOLUTION,platform/runtime metadata excluded from MLB source clean room
3,trigger,nhl,TRIGGER,REQUIRES_BLOCKER_RESOLUTION,platform/runtime metadata excluded from MLB source clean room
3,trigger,nhl,TRIGGER,REQUIRES_BLOCKER_RESOLUTION,platform/runtime metadata excluded from MLB source clean room
3,trigger,realtime,TRIGGER,REQUIRES_BLOCKER_RESOLUTION,platform/runtime metadata excluded from MLB source clean room
3,trigger,storage,TRIGGER,REQUIRES_BLOCKER_RESOLUTION,platform/runtime metadata excluded from MLB source clean room
3,trigger,storage,TRIGGER,REQUIRES_BLOCKER_RESOLUTION,platform/runtime metadata excluded from MLB source clean room
3,trigger,storage,TRIGGER,REQUIRES_BLOCKER_RESOLUTION,platform/runtime metadata excluded from MLB source clean room
3,trigger,storage,TRIGGER,REQUIRES_BLOCKER_RESOLUTION,platform/runtime metadata excluded from MLB source clean room
